nohup: ignoring input
[11:51:25] 
[11:51:25] ################################################################
[11:51:25]   PHASE 0: ПОДГОТОВКА
[11:51:25] ################################################################
[11:51:25] 📦 Backing up production models...
[11:51:25]    Backed up results_catboost_prod
[11:51:25]    Backed up results_mlp_prod
[11:51:25]    ✅ Backup complete: results/mega_comparison/prod_backup/
[11:51:25]   ⏱️  Phase took 0m 0s
[11:51:25] 
[11:51:25] ################################################################
[11:51:25]   PHASE 1: ОБУЧЕНИЕ МОДЕЛЕЙ
[11:51:25] ################################################################
[11:51:25] 
[11:51:25] ━━━━━━━━━━━━━━━━━━━━━━━━━━━━━━━━━━━━━━━━━━━━━━━━━━━━━━━━━━━━
[11:51:25]   WINDOW A: train_end=2024-04-30
[11:51:25] ━━━━━━━━━━━━━━━━━━━━━━━━━━━━━━━━━━━━━━━━━━━━━━━━━━━━━━━━━━━━
[11:51:25] 🧠 Training: WinA_train2024H1 / v6_base
[11:51:25]    train_end=2024-04-30  val_end=2024-06-24
[11:51:25]    flags: --no-news
======================================================================
  CRYPTO ALPHA MODEL v6
  12h Target + Optimized Holding Period + Walk-Forward
======================================================================

📊 Loading data...
   Shape: (2565321, 107), Symbols: 50
   🎯 Adding targets...
   🌐 Adding cross-asset features...
   🔰 Adding advanced regime features...
   🕐 Adding 12h-specific features...
   ✅ Added ~10 features for 12h holding period
   📅 Adding calendar features...
   ✅ Added 9 calendar features
   🏛️ Adding macro features...
      Macro raw: 9 cols, derived: 29, total new: 38
   📰 Adding sentiment features... (news_mode=none)
      FNG: 2018-02-01 → 2026-03-11, mean=48.3
      Funding: 96,393 non-zero rows (3.8%)
      LS ratio: 0 non-missing rows
      Synthetic positioning features...
      ⏭️  Skipping news features (news_mode=none)
   ✅ Sentiment features added: 175 → 200 total
   📊 Adding derivatives features (Binance Futures)...
      Loaded metrics: 1,800,870 rows, 50 symbols, 2021-12-01 → 2026-03-12
      OI: 1,785,559 rows (69.6%), 9 features
      Taker: 1,648,976 rows (64.3%), 6 features
      Top L/S: 1,433,710 rows (55.9%), 5 features
      Global L/S: 3 features
      Binance funding: 2,239,209 rows (87.3%)
      Funding surprise: computed from OKX funding data
      Market-wide aggregates: 4 features
      Basis/Premium: 448,115 rows (17.5%), 6 features
      ⚠️  No liquidation data (run download_binance_futures.py)
      DVOL: 13 features (BTC range: 2021-04-01 → 2026-03-15)
   ✅ Derivatives features: +48 features
   Features: 248
   📐 Cross-sectional rank normalization...
   ✅ Ranked 167 CS features, preserved 81 unranked
   Final shape: (2564721, 267)
   Date range: 2017-09-16 09:00:00+00:00 → 2026-03-07 03:00:00+00:00

🔴 PRODUCTION MODE — max training data, models go to live trading
   Train: start → 2024-04-30
   Val:   2024-05-08 → 2024-06-24
   Test:  (none — live trading)

======================================================================
  ROLLING WALK-FORWARD (1 windows)
======================================================================

──────────────────────────────────────────────────────────────────────
  Window 1/1: PROD (max data)
  Train: → 2024-04-30
  Val:   2024-05-08 → 2024-06-24
  Test:  2024-06-24 → 2026-12-31
──────────────────────────────────────────────────────────────────────
   Train: 1,780,779 | Val: 56,400 | Test: 717,942
Training until validation scores don't improve for 100 rounds
[200]	valid_0's l2: 0.082434
[400]	valid_0's l2: 0.0823111
[600]	valid_0's l2: 0.082254
[800]	valid_0's l2: 0.0821903
[1000]	valid_0's l2: 0.0821709
Early stopping, best iteration is:
[975]	valid_0's l2: 0.0821634
   🔪 Feature selection: 248 → 197

   🌱 Multi-seed ensemble (5 seeds)...
      Seed 42 (1/5)... Training until validation scores don't improve for 100 rounds
[200]	valid_0's l2: 0.0824431
[400]	valid_0's l2: 0.0823342
[600]	valid_0's l2: 0.0822698
[800]	valid_0's l2: 0.0822322
[1000]	valid_0's l2: 0.0822272
[1200]	valid_0's l2: 0.0822062
Early stopping, best iteration is:
[1118]	valid_0's l2: 0.0821986
iters=1118
      Seed 123 (2/5)... Training until validation scores don't improve for 100 rounds
[200]	valid_0's l2: 0.0824097
[400]	valid_0's l2: 0.0822906
[600]	valid_0's l2: 0.0822503
[800]	valid_0's l2: 0.0821927
[1000]	valid_0's l2: 0.0821708
[1200]	valid_0's l2: 0.0821498
[1400]	valid_0's l2: 0.0821256
Early stopping, best iteration is:
[1354]	valid_0's l2: 0.0821222
iters=1354
      Seed 456 (3/5)... Training until validation scores don't improve for 100 rounds
[200]	valid_0's l2: 0.0824387
[400]	valid_0's l2: 0.0823446
[600]	valid_0's l2: 0.0823038
[800]	valid_0's l2: 0.0822756
[1000]	valid_0's l2: 0.0822612
Early stopping, best iteration is:
[931]	valid_0's l2: 0.0822491
iters=931
      Seed 789 (4/5)... Training until validation scores don't improve for 100 rounds
[200]	valid_0's l2: 0.0824406
[400]	valid_0's l2: 0.0823386
[600]	valid_0's l2: 0.0822659
[800]	valid_0's l2: 0.0822244
[1000]	valid_0's l2: 0.0822115
[1200]	valid_0's l2: 0.0821934
[1400]	valid_0's l2: 0.0821851
Early stopping, best iteration is:
[1354]	valid_0's l2: 0.0821755
iters=1354
      Seed 2024 (5/5)... Training until validation scores don't improve for 100 rounds
[200]	valid_0's l2: 0.0824237
[400]	valid_0's l2: 0.0823158
[600]	valid_0's l2: 0.0822448
[800]	valid_0's l2: 0.082202
[1000]	valid_0's l2: 0.0821799
[1200]	valid_0's l2: 0.0821523
Early stopping, best iteration is:
[1183]	valid_0's l2: 0.0821422
iters=1183
   💾 Saved 5 models + feature names

   📈 Window 1 Results:
      IC                             0.0142
      Rank_IC                        0.0265
      ICIR                           0.3043
      Rank_ICIR                      0.4847
      LS_Sharpe_raw                  3.49
      LS_Sharpe_net                  2.15
      LS_Ann_Return_net_%            83.2
      LS_MaxDD_net_%                 -95.7
      LS_Total_net_%                 514470404.7
      LS_VolTarget_Sharpe            2.72
      LS_VolTarget_MaxDD_%           -96.9
      LS_VolTarget_Total_%           149344148380118.2
      LS_DDStop_Sharpe               3.58
      LS_DDStop_MaxDD_%              -24.9
      LS_DDStop_Total_%              235574218.7
      LO5_Sharpe                     0.48
      LO10_Sharpe                    0.15
      N_periods                      14908
      Cost_per_period_bps            3.5

======================================================================
  AGGREGATE RESULTS (1 windows)
======================================================================

   📈 Combined Results (all windows):
      Periods: 14908
      LS Net:       Sharpe=2.15, MaxDD=-95.7%, Total=514470404.7%
      LS VolTarget: Sharpe=2.72, MaxDD=-96.9%, Total=149344148380118.2%
      LS DDStop:    Sharpe=3.58, MaxDD=-24.9%, Total=235574218.7%

🏆 Top 30 Features (last window):
      btc_vol_24h                              670
      vix_close_chg_1d                         597
      close_ma720_ratio                        573
      oi_value_usd                             549
      close_ma336_ratio                        530
      spx_close_chg_1d                         522
   📰 btc_beta_168h                            514
      ret_sharpe_168h                          506
      gk_vol_168h                              486
      breadth_pct_positive                     485
   📰 funding_rate_binance                     468
      vol_12h_cs_rank                          428
      spx_close_chg_20d                        419
   📰 btc_beta_48h                             401
      ret_std_168h                             395
      dxy_close                                387
   📰 fng_ma30                                 368
      vol_trend_12_48                          368
      real_rate_chg_5d                         365
      ret_sharpe_24h                           360
   📰 fng_momentum                             352
      gold_close                               343
      atr_48                                   339
      vix_close                                330
      global_ls_ratio                          322
      gk_vol_48h                               312
      vix_close_chg_20d                        310
      macd_signal                              304
      gold_close_chg_5d                        301
      yield_curve_10y2y_chg_20d                301

   📰 Sentiment features in top 30: 5/30

======================================================================
  FINAL SUMMARY v6 (12h target)
======================================================================
   Rank IC (avg):            +0.0265
   Rank ICIR (avg):          +0.4847
   LS Sharpe net (avg):      +2.15
   LS MaxDD net (avg):       -95.7%
   LS VolTarget Sharpe:      +2.72
   LS VolTarget MaxDD:       -96.9%
   LS DDStop Sharpe:         +3.58
   LS DDStop MaxDD:          -24.9%
   Cost model:               0.03% taker + 0.01% slip + 0.005%/8h funding
======================================================================
🟡 DECENT — Signal exists, risk partially controlled.
   → Consider tighter DD stop or reduce position sizing.

✅ Results saved to results/mega_comparison/models/WinA_train2024H1/v6_base/
[12:02:42]    ✅ Done: v6_base (677s)
[12:02:42] 🧠 Training: WinA_train2024H1 / v6_with_news
[12:02:42]    train_end=2024-04-30  val_end=2024-06-24
[12:02:42]    flags: --news-mode all
======================================================================
  CRYPTO ALPHA MODEL v6
  12h Target + Optimized Holding Period + Walk-Forward
======================================================================

📊 Loading data...
   Shape: (2565321, 107), Symbols: 50
   🎯 Adding targets...
   🌐 Adding cross-asset features...
   🔰 Adding advanced regime features...
   🕐 Adding 12h-specific features...
   ✅ Added ~10 features for 12h holding period
   📅 Adding calendar features...
   ✅ Added 9 calendar features
   🏛️ Adding macro features...
      Macro raw: 9 cols, derived: 29, total new: 38
   📰 Adding sentiment features... (news_mode=all)
      FNG: 2018-02-01 → 2026-03-11, mean=48.3
      Funding: 96,393 non-zero rows (3.8%)
      LS ratio: 0 non-missing rows
      Synthetic positioning features...
      Loading news features (mode=all)...
      + coin-level news: 8 features
      + market-level news: 7 features
      📊 Coverage: 2,228,238/2,565,321 rows (86.9%)
      📰 Events: 1,100,564/2,228,238 covered rows (49.4%) have news
      🕳️  Holes: 337,083 rows = NaN (not 0!)
   ✅ Sentiment features added: 175 → 212 total
   📊 Adding derivatives features (Binance Futures)...
      Loaded metrics: 1,800,870 rows, 50 symbols, 2021-12-01 → 2026-03-12
      OI: 1,785,559 rows (69.6%), 9 features
      Taker: 1,648,976 rows (64.3%), 6 features
      Top L/S: 1,433,710 rows (55.9%), 5 features
      Global L/S: 3 features
      Binance funding: 2,239,209 rows (87.3%)
      Funding surprise: computed from OKX funding data
      Market-wide aggregates: 4 features
      Basis/Premium: 448,115 rows (17.5%), 6 features
      ⚠️  No liquidation data (run download_binance_futures.py)
      DVOL: 13 features (BTC range: 2021-04-01 → 2026-03-15)
   ✅ Derivatives features: +48 features
   Features: 260
   📐 Cross-sectional rank normalization...
   ✅ Ranked 172 CS features, preserved 88 unranked
   Final shape: (2564721, 279)
   Date range: 2017-09-16 09:00:00+00:00 → 2026-03-07 03:00:00+00:00

🔴 PRODUCTION MODE — max training data, models go to live trading
   Train: start → 2024-04-30
   Val:   2024-05-08 → 2024-06-24
   Test:  (none — live trading)

======================================================================
  ROLLING WALK-FORWARD (1 windows)
======================================================================

──────────────────────────────────────────────────────────────────────
  Window 1/1: PROD (max data)
  Train: → 2024-04-30
  Val:   2024-05-08 → 2024-06-24
  Test:  2024-06-24 → 2026-12-31
──────────────────────────────────────────────────────────────────────
   Train: 1,780,779 | Val: 56,400 | Test: 717,942
Training until validation scores don't improve for 100 rounds
[200]	valid_0's l2: 0.0824418
[400]	valid_0's l2: 0.0823438
[600]	valid_0's l2: 0.0822936
[800]	valid_0's l2: 0.0822408
Early stopping, best iteration is:
[859]	valid_0's l2: 0.0822248
   🔪 Feature selection: 260 → 208

   🌱 Multi-seed ensemble (5 seeds)...
      Seed 42 (1/5)... Training until validation scores don't improve for 100 rounds
[200]	valid_0's l2: 0.0824218
[400]	valid_0's l2: 0.0823045
[600]	valid_0's l2: 0.0822465
[800]	valid_0's l2: 0.0822271
[1000]	valid_0's l2: 0.0822231
Early stopping, best iteration is:
[908]	valid_0's l2: 0.0822155
iters=908
      Seed 123 (2/5)... Training until validation scores don't improve for 100 rounds
[200]	valid_0's l2: 0.0824297
[400]	valid_0's l2: 0.0823356
[600]	valid_0's l2: 0.0822667
[800]	valid_0's l2: 0.0822339
Early stopping, best iteration is:
[784]	valid_0's l2: 0.0822314
iters=784
      Seed 456 (3/5)... Training until validation scores don't improve for 100 rounds
[200]	valid_0's l2: 0.0824186
[400]	valid_0's l2: 0.0823194
[600]	valid_0's l2: 0.0822716
[800]	valid_0's l2: 0.0822119
[1000]	valid_0's l2: 0.0822095
Early stopping, best iteration is:
[966]	valid_0's l2: 0.0821956
iters=966
      Seed 789 (4/5)... Training until validation scores don't improve for 100 rounds
[200]	valid_0's l2: 0.0824366
[400]	valid_0's l2: 0.0823381
[600]	valid_0's l2: 0.0822858
[800]	valid_0's l2: 0.0822595
[1000]	valid_0's l2: 0.0822208
[1200]	valid_0's l2: 0.0822079
Early stopping, best iteration is:
[1208]	valid_0's l2: 0.0822028
iters=1208
      Seed 2024 (5/5)... Training until validation scores don't improve for 100 rounds
[200]	valid_0's l2: 0.0824457
[400]	valid_0's l2: 0.0823343
[600]	valid_0's l2: 0.0822749
[800]	valid_0's l2: 0.082238
[1000]	valid_0's l2: 0.0822222
Early stopping, best iteration is:
[1049]	valid_0's l2: 0.082203
iters=1049
   💾 Saved 5 models + feature names

   📈 Window 1 Results:
      IC                             0.0113
      Rank_IC                        0.0243
      ICIR                           0.299
      Rank_ICIR                      0.4816
      LS_Sharpe_raw                  3.39
      LS_Sharpe_net                  2.04
      LS_Ann_Return_net_%            78.9
      LS_MaxDD_net_%                 -95.5
      LS_Total_net_%                 214850470.4
      LS_VolTarget_Sharpe            2.61
      LS_VolTarget_MaxDD_%           -97.0
      LS_VolTarget_Total_%           47016190356198.3
      LS_DDStop_Sharpe               3.46
      LS_DDStop_MaxDD_%              -25.0
      LS_DDStop_Total_%              263647555.2
      LO5_Sharpe                     0.41
      LO10_Sharpe                    0.12
      N_periods                      14908
      Cost_per_period_bps            3.5

======================================================================
  AGGREGATE RESULTS (1 windows)
======================================================================

   📈 Combined Results (all windows):
      Periods: 14908
      LS Net:       Sharpe=2.04, MaxDD=-95.5%, Total=214850470.4%
      LS VolTarget: Sharpe=2.61, MaxDD=-97.0%, Total=47016190356198.3%
      LS DDStop:    Sharpe=3.46, MaxDD=-25.0%, Total=263647555.2%

🏆 Top 30 Features (last window):
      btc_vol_24h                              588
      vix_close_chg_1d                         548
      close_ma720_ratio                        473
      close_ma336_ratio                        450
      spx_close_chg_1d                         442
   📰 funding_rate_binance                     428
      gk_vol_168h                              427
      ret_sharpe_168h                          422
      oi_value_usd                             420
      breadth_pct_positive                     415
   📰 btc_beta_168h                            401
   📰 btc_beta_48h                             372
      vol_12h_cs_rank                          368
      news_count_7d                            354
      spx_close_chg_20d                        351
      ret_sharpe_24h                           335
      ret_std_168h                             324
      vol_trend_12_48                          322
      gk_vol_48h                               319
   📰 fng_ma30                                 310
      real_rate_chg_5d                         291
      gold_close                               285
      yield_curve_10y2y_chg_20d                275
      macd_signal                              275
      vix_close                                275
   📰 fng_momentum                             270
      dxy_close                                270
      news_count_24h                           266
      global_ls_ratio                          265
      vol_price_corr_48h                       263

   📰 Sentiment features in top 30: 5/30

======================================================================
  FINAL SUMMARY v6 (12h target)
======================================================================
   Rank IC (avg):            +0.0243
   Rank ICIR (avg):          +0.4816
   LS Sharpe net (avg):      +2.04
   LS MaxDD net (avg):       -95.5%
   LS VolTarget Sharpe:      +2.61
   LS VolTarget MaxDD:       -97.0%
   LS DDStop Sharpe:         +3.46
   LS DDStop MaxDD:          -25.0%
   Cost model:               0.03% taker + 0.01% slip + 0.005%/8h funding
======================================================================
🟡 DECENT — Signal exists, risk partially controlled.
   → Consider tighter DD stop or reduce position sizing.

✅ Results saved to results/mega_comparison/models/WinA_train2024H1/v6_with_news/
[12:13:26]    ✅ Done: v6_with_news (644s)
[12:13:26] 🧠 Training: WinA_train2024H1 / v6_no_deriv
[12:13:26]    train_end=2024-04-30  val_end=2024-06-24
[12:13:26]    flags: --no-news --no-derivatives
======================================================================
  CRYPTO ALPHA MODEL v6
  12h Target + Optimized Holding Period + Walk-Forward
======================================================================

📊 Loading data...
   Shape: (2565321, 107), Symbols: 50
   🎯 Adding targets...
   🌐 Adding cross-asset features...
   🔰 Adding advanced regime features...
   🕐 Adding 12h-specific features...
   ✅ Added ~10 features for 12h holding period
   📅 Adding calendar features...
   ✅ Added 9 calendar features
   🏛️ Adding macro features...
      Macro raw: 9 cols, derived: 29, total new: 38
   📰 Adding sentiment features... (news_mode=none)
      FNG: 2018-02-01 → 2026-03-11, mean=48.3
      Funding: 96,393 non-zero rows (3.8%)
      LS ratio: 0 non-missing rows
      Synthetic positioning features...
      ⏭️  Skipping news features (news_mode=none)
   ✅ Sentiment features added: 175 → 200 total
   ⏭️  Skipping derivatives features (--no-derivatives)
   Features: 200
   📐 Cross-sectional rank normalization...
   ✅ Ranked 132 CS features, preserved 68 unranked
   Final shape: (2564721, 219)
   Date range: 2017-09-16 09:00:00+00:00 → 2026-03-07 03:00:00+00:00

🔴 PRODUCTION MODE — max training data, models go to live trading
   Train: start → 2024-04-30
   Val:   2024-05-08 → 2024-06-24
   Test:  (none — live trading)

======================================================================
  ROLLING WALK-FORWARD (1 windows)
======================================================================

──────────────────────────────────────────────────────────────────────
  Window 1/1: PROD (max data)
  Train: → 2024-04-30
  Val:   2024-05-08 → 2024-06-24
  Test:  2024-06-24 → 2026-12-31
──────────────────────────────────────────────────────────────────────
   Train: 1,780,779 | Val: 56,400 | Test: 717,942
Training until validation scores don't improve for 100 rounds
[200]	valid_0's l2: 0.0824681
[400]	valid_0's l2: 0.0823714
[600]	valid_0's l2: 0.0823337
Early stopping, best iteration is:
[685]	valid_0's l2: 0.0823151
   🔪 Feature selection: 200 → 160

   🌱 Multi-seed ensemble (5 seeds)...
      Seed 42 (1/5)... Training until validation scores don't improve for 100 rounds
[200]	valid_0's l2: 0.0824844
[400]	valid_0's l2: 0.0823746
[600]	valid_0's l2: 0.0823688
Early stopping, best iteration is:
[526]	valid_0's l2: 0.082349
iters=526
      Seed 123 (2/5)... Training until validation scores don't improve for 100 rounds
[200]	valid_0's l2: 0.0824726
[400]	valid_0's l2: 0.0823769
[600]	valid_0's l2: 0.0823194
Early stopping, best iteration is:
[628]	valid_0's l2: 0.0823148
iters=628
      Seed 456 (3/5)... Training until validation scores don't improve for 100 rounds
[200]	valid_0's l2: 0.0824669
[400]	valid_0's l2: 0.0823563
[600]	valid_0's l2: 0.0823215
Early stopping, best iteration is:
[673]	valid_0's l2: 0.0823131
iters=673
      Seed 789 (4/5)... Training until validation scores don't improve for 100 rounds
[200]	valid_0's l2: 0.0824638
[400]	valid_0's l2: 0.0823517
[600]	valid_0's l2: 0.0822998
[800]	valid_0's l2: 0.0822652
Early stopping, best iteration is:
[792]	valid_0's l2: 0.0822605
iters=792
      Seed 2024 (5/5)... Training until validation scores don't improve for 100 rounds
[200]	valid_0's l2: 0.0824791
[400]	valid_0's l2: 0.0823976
[600]	valid_0's l2: 0.082359
[800]	valid_0's l2: 0.0823475
Early stopping, best iteration is:
[732]	valid_0's l2: 0.0823365
iters=732
   💾 Saved 5 models + feature names

   📈 Window 1 Results:
      IC                             0.01
      Rank_IC                        0.024
      ICIR                           0.2897
      Rank_ICIR                      0.4589
      LS_Sharpe_raw                  2.99
      LS_Sharpe_net                  1.65
      LS_Ann_Return_net_%            63.6
      LS_MaxDD_net_%                 -93.9
      LS_Total_net_%                 9347100.3
      LS_VolTarget_Sharpe            2.16
      LS_VolTarget_MaxDD_%           -96.7
      LS_VolTarget_Total_%           285375216686.8
      LS_DDStop_Sharpe               2.88
      LS_DDStop_MaxDD_%              -25.0
      LS_DDStop_Total_%              7570357.9
      LO5_Sharpe                     0.26
      LO10_Sharpe                    0.05
      N_periods                      14908
      Cost_per_period_bps            3.5

======================================================================
  AGGREGATE RESULTS (1 windows)
======================================================================

   📈 Combined Results (all windows):
      Periods: 14908
      LS Net:       Sharpe=1.65, MaxDD=-93.9%, Total=9347100.3%
      LS VolTarget: Sharpe=2.16, MaxDD=-96.7%, Total=285375216686.8%
      LS DDStop:    Sharpe=2.88, MaxDD=-25.0%, Total=7570357.9%

🏆 Top 30 Features (last window):
      btc_vol_24h                              517
      close_ma720_ratio                        449
      vix_close_chg_1d                         439
      ret_sharpe_168h                          431
      breadth_pct_positive                     429
      close_ma336_ratio                        404
      spx_close_chg_1d                         390
      ret_sharpe_24h                           346
      gk_vol_168h                              339
      vol_12h_cs_rank                          322
      vol_trend_12_48                          296
   📰 btc_beta_168h                            296
      spx_close_chg_20d                        278
      ret_std_168h                             277
      dxy_close                                277
      gold_close                               271
   📰 btc_beta_48h                             270
      real_rate_chg_5d                         268
      vol_price_corr_48h                       264
      close_ma6_ratio                          257
   📰 fng_ma30                                 243
      yield_curve_10y2y_chg_20d                240
      yield_curve_10y2y                        240
      vix_close                                234
      atr_48                                   233
   📰 fng_momentum                             230
      gk_vol_48h                               227
      close_ma12_ratio                         221
      cci_48                                   219
      yield_10y_close                          215

   📰 Sentiment features in top 30: 4/30

======================================================================
  FINAL SUMMARY v6 (12h target)
======================================================================
   Rank IC (avg):            +0.0240
   Rank ICIR (avg):          +0.4589
   LS Sharpe net (avg):      +1.65
   LS MaxDD net (avg):       -93.9%
   LS VolTarget Sharpe:      +2.16
   LS VolTarget MaxDD:       -96.7%
   LS DDStop Sharpe:         +2.88
   LS DDStop MaxDD:          -25.0%
   Cost model:               0.03% taker + 0.01% slip + 0.005%/8h funding
======================================================================
🟡 DECENT — Signal exists, risk partially controlled.
   → Consider tighter DD stop or reduce position sizing.

✅ Results saved to results/mega_comparison/models/WinA_train2024H1/v6_no_deriv/
[12:19:58]    ✅ Done: v6_no_deriv (392s)
[12:19:58] 🧠 Training: WinA_train2024H1 / v7_base
[12:19:58]    train_end=2024-04-30  val_end=2024-06-24
[12:19:58]    flags: --no-news
======================================================================
  CRYPTO ALPHA MODEL v7
  12h Blended Target + Enhanced Features + Walk-Forward
======================================================================

📊 Loading data...
   Shape: (2565321, 107), Symbols: 50
   🎯 Adding targets...
   🌐 Adding cross-asset features...
   🔰 Adding advanced regime features...
   🕐 Adding 12h-specific features (v7 enhanced)...
   ✅ Added ~18 features for 12h holding period (v7)
   📅 Adding calendar features...
   ✅ Added 9 calendar features
   🏛️ Adding macro features...
      Macro raw: 9 cols, derived: 29, total new: 38
   📰 Adding sentiment features...
      FNG: 2018-02-01 → 2026-03-11, mean=48.3
      Funding: 96,393 non-zero rows (3.8%)
      LS ratio: 0 non-missing rows
      Synthetic positioning features...
   ✅ Sentiment features added: 182 → 207 total
   📊 Adding derivatives features (Binance Futures)...
      Loaded metrics: 1,800,870 rows, 50 symbols, 2021-12-01 → 2026-03-12
      OI: 1,785,559 rows (69.6%), 9 features
      Taker: 1,648,976 rows (64.3%), 6 features
      Top L/S: 1,433,710 rows (55.9%), 5 features
      Global L/S: 3 features
      Binance funding: 2,239,209 rows (87.3%)
      Funding surprise: computed from OKX funding data
      Market-wide aggregates: 4 features
      Basis/Premium: 448,115 rows (17.5%), 6 features
      ⚠️  No liquidation data (run download_binance_futures.py)
      DVOL: 13 features (BTC range: 2021-04-01 → 2026-03-15)
   ✅ Derivatives features: +48 features
   Features: 255
   📐 Cross-sectional rank normalization...
   ✅ Ranked 174 CS features, preserved 81 unranked
   Final shape: (2564121, 275)
   Date range: 2017-09-16 09:00:00+00:00 → 2026-03-06 15:00:00+00:00

🔴 PRODUCTION MODE — max training data, models go to live trading
   Train: start → 2024-04-30
   Val:   2024-05-08 → 2024-06-24
   Test:  (none — live trading)

======================================================================
  ROLLING WALK-FORWARD (1 windows)
======================================================================

──────────────────────────────────────────────────────────────────────
  Window 1/1: PROD (max data)
  Train: → 2024-04-30
  Val:   2024-05-08 → 2024-06-24
  Test:  2024-06-24 → 2026-12-31
──────────────────────────────────────────────────────────────────────
   Train: 1,780,779 | Val: 56,400 | Test: 717,342
Training until validation scores don't improve for 100 rounds
[200]	valid_0's l2: 0.0822897
[400]	valid_0's l2: 0.0821508
[600]	valid_0's l2: 0.0820793
[800]	valid_0's l2: 0.0820477
[1000]	valid_0's l2: 0.0820316
[1200]	valid_0's l2: 0.0819885
[1400]	valid_0's l2: 0.0819829
Early stopping, best iteration is:
[1300]	valid_0's l2: 0.0819647
   🔪 Feature selection: 255 → 204

   🌱 Multi-seed ensemble (5 seeds)...
      Seed 42 (1/5)... Training until validation scores don't improve for 100 rounds
[200]	valid_0's l2: 0.0823282
[400]	valid_0's l2: 0.0822056
[600]	valid_0's l2: 0.0821421
[800]	valid_0's l2: 0.0820428
[1000]	valid_0's l2: 0.0820226
Early stopping, best iteration is:
[904]	valid_0's l2: 0.0820168
iters=904
      Seed 123 (2/5)... Training until validation scores don't improve for 100 rounds
[200]	valid_0's l2: 0.0822695
[400]	valid_0's l2: 0.0821359
[600]	valid_0's l2: 0.0820256
[800]	valid_0's l2: 0.0819889
[1000]	valid_0's l2: 0.0819497
Early stopping, best iteration is:
[992]	valid_0's l2: 0.0819461
iters=992
      Seed 456 (3/5)... Training until validation scores don't improve for 100 rounds
[200]	valid_0's l2: 0.0823005
[400]	valid_0's l2: 0.0821949
[600]	valid_0's l2: 0.0821104
[800]	valid_0's l2: 0.0820293
[1000]	valid_0's l2: 0.0820069
Early stopping, best iteration is:
[999]	valid_0's l2: 0.0820066
iters=999
      Seed 789 (4/5)... Training until validation scores don't improve for 100 rounds
[200]	valid_0's l2: 0.0823228
[400]	valid_0's l2: 0.0821749
[600]	valid_0's l2: 0.0820971
[800]	valid_0's l2: 0.0820389
[1000]	valid_0's l2: 0.0820145
Early stopping, best iteration is:
[914]	valid_0's l2: 0.0820104
iters=914
      Seed 2024 (5/5)... Training until validation scores don't improve for 100 rounds
[200]	valid_0's l2: 0.0823231
[400]	valid_0's l2: 0.082166
[600]	valid_0's l2: 0.0820975
[800]	valid_0's l2: 0.0820479
Early stopping, best iteration is:
[888]	valid_0's l2: 0.0820133
iters=888
   💾 Saved 5 models + feature names

   📈 Window 1 Results:
      IC                             0.0135
      Rank_IC                        0.0259
      ICIR                           0.3085
      Rank_ICIR                      0.4899
      LS_Sharpe_raw                  3.49
      LS_Sharpe_net                  2.12
      LS_Ann_Return_net_%            80.1
      LS_MaxDD_net_%                 -96.2
      LS_Total_net_%                 288325728.8
      LS_VolTarget_Sharpe            2.58
      LS_VolTarget_MaxDD_%           -97.5
      LS_VolTarget_Total_%           28866636127207.1
      LS_DDStop_Sharpe               3.6
      LS_DDStop_MaxDD_%              -24.8
      LS_DDStop_Total_%              335837656.8
      LO5_Sharpe                     0.4
      LO10_Sharpe                    0.13
      N_periods                      14896
      Cost_per_period_bps            3.5

======================================================================
  AGGREGATE RESULTS (1 windows)
======================================================================

   📈 Combined Results (all windows):
      Periods: 14896
      LS Net:       Sharpe=2.12, MaxDD=-96.2%, Total=288325728.8%
      LS VolTarget: Sharpe=2.58, MaxDD=-97.5%, Total=28866636127207.1%
      LS DDStop:    Sharpe=3.60, MaxDD=-24.8%, Total=335837656.8%

🏆 Top 30 Features (last window):
      btc_vol_24h                              565
      close_ma720_ratio                        466
      close_ma336_ratio                        465
      vix_close_chg_1d                         453
      ret_sharpe_168h                          428
      gk_vol_168h                              415
      oi_value_usd                             411
   📰 btc_beta_168h                            389
   📰 funding_rate_binance                     378
      breadth_pct_positive                     351
      vol_12h_cs_rank                          324
      spx_close_chg_1d                         316
      spx_close_chg_20d                        310
      global_ls_ratio                          306
      ret_std_168h                             301
   📰 fng_momentum                             290
      vix_close                                272
      real_rate_chg_5d                         271
   📰 fng_ma30                                 265
   📰 btc_beta_48h                             264
      breakeven_10y                            264
      gk_vol_48h                               259
      macd_signal                              257
      dxy_close                                257
      ret_sharpe_24h                           253
      atr_48                                   251
      cci_48                                   251
      gold_close                               246
      vix_close_chg_20d                        245
      vol_price_corr_48h                       242

   📰 Sentiment features in top 30: 5/30

======================================================================
  FINAL SUMMARY v7 (12h blended target)
======================================================================
   Rank IC (avg):            +0.0259
   Rank ICIR (avg):          +0.4899
   LS Sharpe net (avg):      +2.12
   LS MaxDD net (avg):       -96.2%
   LS VolTarget Sharpe:      +2.58
   LS VolTarget MaxDD:       -97.5%
   LS DDStop Sharpe:         +3.60
   LS DDStop MaxDD:          -24.8%
   Cost model:               0.03% taker + 0.01% slip + 0.005%/8h funding
======================================================================
🟡 DECENT — Signal exists, risk partially controlled.
   → Consider tighter DD stop or reduce position sizing.

✅ Results saved to results/mega_comparison/models/WinA_train2024H1/v7_base/
[12:30:35]    ✅ Done: v7_base (637s)
[12:30:35] 🧠 Training: WinA_train2024H1 / v7_with_news
[12:30:35]    train_end=2024-04-30  val_end=2024-06-24
[12:30:35]    flags: --news-mode all
======================================================================
  CRYPTO ALPHA MODEL v7
  12h Blended Target + Enhanced Features + Walk-Forward
======================================================================

📊 Loading data...
   Shape: (2565321, 107), Symbols: 50
   🎯 Adding targets...
   🌐 Adding cross-asset features...
   🔰 Adding advanced regime features...
   🕐 Adding 12h-specific features (v7 enhanced)...
   ✅ Added ~18 features for 12h holding period (v7)
   📅 Adding calendar features...
   ✅ Added 9 calendar features
   🏛️ Adding macro features...
      Macro raw: 9 cols, derived: 29, total new: 38
   📰 Adding sentiment features... (news_mode=all)
      FNG: 2018-02-01 → 2026-03-11, mean=48.3
      Funding: 96,393 non-zero rows (3.8%)
      LS ratio: 0 non-missing rows
      Synthetic positioning features...
      Loading news features (mode=all)...
      + coin-level news: 8 features
      + market-level news: 7 features
      📊 Coverage: 2,228,238/2,565,321 rows (86.9%)
      📰 Events: 1,100,564/2,228,238 covered rows (49.4%) have news
      🕳️  Holes: 337,083 rows = NaN (not 0!)
   ✅ Sentiment features added: 183 → 219 total
   📰 v7+news: used v6 sentiment function (mode=all)
   📊 Adding derivatives features (Binance Futures)...
      Loaded metrics: 1,800,870 rows, 50 symbols, 2021-12-01 → 2026-03-12
      OI: 1,785,559 rows (69.6%), 9 features
      Taker: 1,648,976 rows (64.3%), 6 features
      Top L/S: 1,433,710 rows (55.9%), 5 features
      Global L/S: 3 features
      Binance funding: 2,239,209 rows (87.3%)
      Funding surprise: computed from OKX funding data
      Market-wide aggregates: 4 features
      Basis/Premium: 448,115 rows (17.5%), 6 features
      ⚠️  No liquidation data (run download_binance_futures.py)
      DVOL: 13 features (BTC range: 2021-04-01 → 2026-03-15)
   ✅ Derivatives features: +48 features
   Features: 267
   📐 Cross-sectional rank normalization...
   ✅ Ranked 186 CS features, preserved 81 unranked
   Final shape: (2564121, 287)
   Date range: 2017-09-16 09:00:00+00:00 → 2026-03-06 15:00:00+00:00

🔴 PRODUCTION MODE — max training data, models go to live trading
   Train: start → 2024-04-30
   Val:   2024-05-08 → 2024-06-24
   Test:  (none — live trading)

======================================================================
  ROLLING WALK-FORWARD (1 windows)
======================================================================

──────────────────────────────────────────────────────────────────────
  Window 1/1: PROD (max data)
  Train: → 2024-04-30
  Val:   2024-05-08 → 2024-06-24
  Test:  2024-06-24 → 2026-12-31
──────────────────────────────────────────────────────────────────────
   Train: 1,780,779 | Val: 56,400 | Test: 717,342
Training until validation scores don't improve for 100 rounds
[200]	valid_0's l2: 0.0823138
[400]	valid_0's l2: 0.0821656
[600]	valid_0's l2: 0.0820812
[800]	valid_0's l2: 0.0820152
Early stopping, best iteration is:
[832]	valid_0's l2: 0.0820026
   🔪 Feature selection: 267 → 211

   🌱 Multi-seed ensemble (5 seeds)...
      Seed 42 (1/5)... Training until validation scores don't improve for 100 rounds
[200]	valid_0's l2: 0.0823179
[400]	valid_0's l2: 0.0821564
[600]	valid_0's l2: 0.0820447
[800]	valid_0's l2: 0.0819927
[1000]	valid_0's l2: 0.0819634
[1200]	valid_0's l2: 0.0819156
Early stopping, best iteration is:
[1220]	valid_0's l2: 0.0819107
iters=1220
      Seed 123 (2/5)... Training until validation scores don't improve for 100 rounds
[200]	valid_0's l2: 0.0822888
[400]	valid_0's l2: 0.0821588
[600]	valid_0's l2: 0.0820664
Early stopping, best iteration is:
[607]	valid_0's l2: 0.0820626
iters=607
      Seed 456 (3/5)... Training until validation scores don't improve for 100 rounds
[200]	valid_0's l2: 0.0823039
[400]	valid_0's l2: 0.0821904
[600]	valid_0's l2: 0.0821506
[800]	valid_0's l2: 0.0821084
[1000]	valid_0's l2: 0.0820547
[1200]	valid_0's l2: 0.0820314
Early stopping, best iteration is:
[1260]	valid_0's l2: 0.0820164
iters=1260
      Seed 789 (4/5)... Training until validation scores don't improve for 100 rounds
[200]	valid_0's l2: 0.0823231
[400]	valid_0's l2: 0.0821833
[600]	valid_0's l2: 0.0821103
Early stopping, best iteration is:
[601]	valid_0's l2: 0.0821093
iters=601
      Seed 2024 (5/5)... Training until validation scores don't improve for 100 rounds
[200]	valid_0's l2: 0.0823128
[400]	valid_0's l2: 0.0821746
[600]	valid_0's l2: 0.0821122
[800]	valid_0's l2: 0.0820786
Early stopping, best iteration is:
[852]	valid_0's l2: 0.0820677
iters=852
   💾 Saved 5 models + feature names

   📈 Window 1 Results:
      IC                             0.0115
      Rank_IC                        0.0243
      ICIR                           0.3031
      Rank_ICIR                      0.4891
      LS_Sharpe_raw                  3.33
      LS_Sharpe_net                  1.98
      LS_Ann_Return_net_%            75.9
      LS_MaxDD_net_%                 -96.5
      LS_Total_net_%                 116908278.7
      LS_VolTarget_Sharpe            2.48
      LS_VolTarget_MaxDD_%           -97.7
      LS_VolTarget_Total_%           9952131371907.0
      LS_DDStop_Sharpe               3.47
      LS_DDStop_MaxDD_%              -25.0
      LS_DDStop_Total_%              150808964.0
      LO5_Sharpe                     0.45
      LO10_Sharpe                    0.11
      N_periods                      14896
      Cost_per_period_bps            3.5

======================================================================
  AGGREGATE RESULTS (1 windows)
======================================================================

   📈 Combined Results (all windows):
      Periods: 14896
      LS Net:       Sharpe=1.98, MaxDD=-96.5%, Total=116908278.7%
      LS VolTarget: Sharpe=2.48, MaxDD=-97.7%, Total=9952131371907.0%
      LS DDStop:    Sharpe=3.47, MaxDD=-25.0%, Total=150808964.0%

🏆 Top 30 Features (last window):
      btc_vol_24h                              514
      close_ma720_ratio                        434
      ret_sharpe_168h                          422
      close_ma336_ratio                        412
      oi_value_usd                             388
      vix_close_chg_1d                         386
      gk_vol_168h                              375
   📰 btc_beta_168h                            358
   📰 funding_rate_binance                     353
      breadth_pct_positive                     333
      spx_close_chg_1d                         322
      spx_close_chg_20d                        314
      vol_12h_cs_rank                          312
      news_count_7d                            294
      ret_std_168h                             264
      cci_48                                   258
      vix_close                                258
      global_ls_ratio                          254
      ret_sharpe_24h                           254
      macd_signal                              253
      close_ma12_ratio                         249
      gk_vol_48h                               249
   📰 btc_beta_48h                             247
      real_rate_chg_5d                         244
   📰 fng_ma30                                 239
      yield_curve_10y2y_chg_20d                233
   📰 fng_momentum                             231
   📰 fng_ma7                                  230
      dxy_close                                223
      close_ma6_ratio                          217

   📰 Sentiment features in top 30: 6/30

======================================================================
  FINAL SUMMARY v7 (12h blended target)
======================================================================
   Rank IC (avg):            +0.0243
   Rank ICIR (avg):          +0.4891
   LS Sharpe net (avg):      +1.98
   LS MaxDD net (avg):       -96.5%
   LS VolTarget Sharpe:      +2.48
   LS VolTarget MaxDD:       -97.7%
   LS DDStop Sharpe:         +3.47
   LS DDStop MaxDD:          -25.0%
   Cost model:               0.03% taker + 0.01% slip + 0.005%/8h funding
======================================================================
🟡 DECENT — Signal exists, risk partially controlled.
   → Consider tighter DD stop or reduce position sizing.

✅ Results saved to results/mega_comparison/models/WinA_train2024H1/v7_with_news/
[12:40:48]    ✅ Done: v7_with_news (613s)
[12:40:48] 🧠 Training: WinA_train2024H1 / v7_no_deriv
[12:40:48]    train_end=2024-04-30  val_end=2024-06-24
[12:40:48]    flags: --no-news --no-derivatives
======================================================================
  CRYPTO ALPHA MODEL v7
  12h Blended Target + Enhanced Features + Walk-Forward
======================================================================

📊 Loading data...
   Shape: (2565321, 107), Symbols: 50
   🎯 Adding targets...
   🌐 Adding cross-asset features...
   🔰 Adding advanced regime features...
   🕐 Adding 12h-specific features (v7 enhanced)...
   ✅ Added ~18 features for 12h holding period (v7)
   📅 Adding calendar features...
   ✅ Added 9 calendar features
   🏛️ Adding macro features...
      Macro raw: 9 cols, derived: 29, total new: 38
   📰 Adding sentiment features...
      FNG: 2018-02-01 → 2026-03-11, mean=48.3
      Funding: 96,393 non-zero rows (3.8%)
      LS ratio: 0 non-missing rows
      Synthetic positioning features...
   ✅ Sentiment features added: 182 → 207 total
   ⏭️  Skipping derivatives features (--no-derivatives)
   Features: 207
   📐 Cross-sectional rank normalization...
   ✅ Ranked 139 CS features, preserved 68 unranked
   Final shape: (2564121, 227)
   Date range: 2017-09-16 09:00:00+00:00 → 2026-03-06 15:00:00+00:00

🔴 PRODUCTION MODE — max training data, models go to live trading
   Train: start → 2024-04-30
   Val:   2024-05-08 → 2024-06-24
   Test:  (none — live trading)

======================================================================
  ROLLING WALK-FORWARD (1 windows)
======================================================================

──────────────────────────────────────────────────────────────────────
  Window 1/1: PROD (max data)
  Train: → 2024-04-30
  Val:   2024-05-08 → 2024-06-24
  Test:  2024-06-24 → 2026-12-31
──────────────────────────────────────────────────────────────────────
   Train: 1,780,779 | Val: 56,400 | Test: 717,342
Training until validation scores don't improve for 100 rounds
[200]	valid_0's l2: 0.0823699
[400]	valid_0's l2: 0.0822514
[600]	valid_0's l2: 0.082235
Early stopping, best iteration is:
[561]	valid_0's l2: 0.0822204
   🔪 Feature selection: 207 → 165

   🌱 Multi-seed ensemble (5 seeds)...
      Seed 42 (1/5)... Training until validation scores don't improve for 100 rounds
[200]	valid_0's l2: 0.0823837
[400]	valid_0's l2: 0.0822802
[600]	valid_0's l2: 0.0822215
[800]	valid_0's l2: 0.082178
Early stopping, best iteration is:
[812]	valid_0's l2: 0.0821726
iters=812
      Seed 123 (2/5)... Training until validation scores don't improve for 100 rounds
[200]	valid_0's l2: 0.0823741
[400]	valid_0's l2: 0.0822875
[600]	valid_0's l2: 0.0822672
Early stopping, best iteration is:
[562]	valid_0's l2: 0.0822584
iters=562
      Seed 456 (3/5)... Training until validation scores don't improve for 100 rounds
[200]	valid_0's l2: 0.0823777
[400]	valid_0's l2: 0.0822531
[600]	valid_0's l2: 0.08218
[800]	valid_0's l2: 0.0821702
Early stopping, best iteration is:
[845]	valid_0's l2: 0.0821659
iters=845
      Seed 789 (4/5)... Training until validation scores don't improve for 100 rounds
[200]	valid_0's l2: 0.0823893
[400]	valid_0's l2: 0.0822669
[600]	valid_0's l2: 0.0822282
Early stopping, best iteration is:
[687]	valid_0's l2: 0.0822099
iters=687
      Seed 2024 (5/5)... Training until validation scores don't improve for 100 rounds
[200]	valid_0's l2: 0.0823964
[400]	valid_0's l2: 0.0822863
[600]	valid_0's l2: 0.0822164
[800]	valid_0's l2: 0.0822022
Early stopping, best iteration is:
[771]	valid_0's l2: 0.0821973
iters=771
   💾 Saved 5 models + feature names

   📈 Window 1 Results:
      IC                             0.0097
      Rank_IC                        0.0237
      ICIR                           0.297
      Rank_ICIR                      0.4672
      LS_Sharpe_raw                  3.04
      LS_Sharpe_net                  1.69
      LS_Ann_Return_net_%            64.6
      LS_MaxDD_net_%                 -93.5
      LS_Total_net_%                 11805830.1
      LS_VolTarget_Sharpe            2.26
      LS_VolTarget_MaxDD_%           -98.8
      LS_VolTarget_Total_%           893639840586.3
      LS_DDStop_Sharpe               2.99
      LS_DDStop_MaxDD_%              -25.0
      LS_DDStop_Total_%              14060685.8
      LO5_Sharpe                     0.27
      LO10_Sharpe                    0.07
      N_periods                      14896
      Cost_per_period_bps            3.5

======================================================================
  AGGREGATE RESULTS (1 windows)
======================================================================

   📈 Combined Results (all windows):
      Periods: 14896
      LS Net:       Sharpe=1.69, MaxDD=-93.5%, Total=11805830.1%
      LS VolTarget: Sharpe=2.26, MaxDD=-98.8%, Total=893639840586.3%
      LS DDStop:    Sharpe=2.99, MaxDD=-25.0%, Total=14060685.8%

🏆 Top 30 Features (last window):
      btc_vol_24h                              632
      close_ma720_ratio                        482
      close_ma336_ratio                        477
      ret_sharpe_168h                          470
      vix_close_chg_1d                         414
      breadth_pct_positive                     410
      gk_vol_168h                              410
   📰 btc_beta_168h                            366
      spx_close_chg_1d                         364
      vol_12h_cs_rank                          355
      real_rate_chg_5d                         351
      spx_close_chg_20d                        322
      ret_sharpe_24h                           298
      ret_std_168h                             296
   📰 fng_momentum                             295
      macd_signal                              282
      gold_close                               281
   📰 fng_ma7                                  272
   📰 btc_beta_48h                             264
      vix_close                                261
      spx_close_chg_5d                         261
      dxy_close                                261
   📰 fng_ma30                                 259
      yield_curve_10y2y_chg_20d                258
      yield_curve_10y2y                        257
      gk_vol_48h                               253
      close_ma6_ratio                          247
      cci_48                                   247
      gold_close_chg_5d                        247
      spx_close                                245

   📰 Sentiment features in top 30: 5/30

======================================================================
  FINAL SUMMARY v7 (12h blended target)
======================================================================
   Rank IC (avg):            +0.0237
   Rank ICIR (avg):          +0.4672
   LS Sharpe net (avg):      +1.69
   LS MaxDD net (avg):       -93.5%
   LS VolTarget Sharpe:      +2.26
   LS VolTarget MaxDD:       -98.8%
   LS DDStop Sharpe:         +2.99
   LS DDStop MaxDD:          -25.0%
   Cost model:               0.03% taker + 0.01% slip + 0.005%/8h funding
======================================================================
🟡 DECENT — Signal exists, risk partially controlled.
   → Consider tighter DD stop or reduce position sizing.

✅ Results saved to results/mega_comparison/models/WinA_train2024H1/v7_no_deriv/
[12:47:39]    ✅ Done: v7_no_deriv (411s)
[12:47:39] 🧠 Training: WinA_train2024H1 / catboost_with_news
[12:47:39]    train_end=2024-04-30  val_end=2024-06-24
[12:47:39]    flags: --news-mode all
======================================================================
  CATBOOST CRYPTO ALPHA MODEL
  12h Target + Ordered Boosting + Walk-Forward
======================================================================

📊 Loading data...
   Shape: (2565321, 107), Symbols: 50
   🎯 Adding targets...
   🌐 Adding cross-asset features...
   🔰 Adding advanced regime features...
   🕐 Adding 12h-specific features...
   ✅ Added ~10 features for 12h holding period
   📅 Adding calendar features...
   ✅ Added 9 calendar features
   🏛️ Adding macro features...
      Macro raw: 9 cols, derived: 29, total new: 38
   📰 Adding sentiment features... (news_mode=all)
      FNG: 2018-02-01 → 2026-03-11, mean=48.3
      Funding: 96,393 non-zero rows (3.8%)
      LS ratio: 0 non-missing rows
      Synthetic positioning features...
      Loading news features (mode=all)...
      + coin-level news: 8 features
      + market-level news: 7 features
      📊 Coverage: 2,228,238/2,565,321 rows (86.9%)
      📰 Events: 1,100,564/2,228,238 covered rows (49.4%) have news
      🕳️  Holes: 337,083 rows = NaN (not 0!)
   ✅ Sentiment features added: 175 → 212 total
   📊 Adding derivatives features (Binance Futures)...
      Loaded metrics: 1,800,870 rows, 50 symbols, 2021-12-01 → 2026-03-12
      OI: 1,785,559 rows (69.6%), 9 features
      Taker: 1,648,976 rows (64.3%), 6 features
      Top L/S: 1,433,710 rows (55.9%), 5 features
      Global L/S: 3 features
      Binance funding: 2,239,209 rows (87.3%)
      Funding surprise: computed from OKX funding data
      Market-wide aggregates: 4 features
      Basis/Premium: 448,115 rows (17.5%), 6 features
      ⚠️  No liquidation data (run download_binance_futures.py)
      DVOL: 13 features (BTC range: 2021-04-01 → 2026-03-15)
   ✅ Derivatives features: +48 features
   Features: 260
   📐 Cross-sectional rank normalization...
   ✅ Ranked 172 CS features, preserved 88 unranked
   Final shape: (2564721, 279)
   Date range: 2017-09-16 09:00:00+00:00 → 2026-03-07 03:00:00+00:00

🔴 PRODUCTION MODE — max training data, models go to live trading
   Train: start → 2024-04-30
   Val:   2024-05-08 → 2024-06-24
   Test:  (none — live trading)

======================================================================
  ROLLING WALK-FORWARD (1 windows)
======================================================================

──────────────────────────────────────────────────────────────────────
  Window 1/1: PROD (max data)
  Train: → 2024-04-30
  Val:   2024-05-08 → 2024-06-24
  Test:  2024-06-24 → 2026-12-31
──────────────────────────────────────────────────────────────────────
   Train: 1,780,779 | Val: 56,400 | Test: 717,942
0:	learn: 0.2888854	test: 0.2886618	best: 0.2886618 (0)	total: 13.4ms	remaining: 1m 6s
200:	learn: 0.2866377	test: 0.2873750	best: 0.2873750 (200)	total: 1.48s	remaining: 35.3s
400:	learn: 0.2859226	test: 0.2871312	best: 0.2871302 (397)	total: 2.94s	remaining: 33.7s
600:	learn: 0.2853459	test: 0.2869577	best: 0.2869553 (591)	total: 4.42s	remaining: 32.3s
800:	learn: 0.2848426	test: 0.2868460	best: 0.2868460 (800)	total: 5.89s	remaining: 30.9s
1000:	learn: 0.2843759	test: 0.2867485	best: 0.2867413 (992)	total: 7.37s	remaining: 29.4s
1200:	learn: 0.2839315	test: 0.2866928	best: 0.2866928 (1200)	total: 8.82s	remaining: 27.9s
1400:	learn: 0.2835087	test: 0.2866682	best: 0.2866670 (1381)	total: 10.3s	remaining: 26.4s
1600:	learn: 0.2830879	test: 0.2866401	best: 0.2866363 (1595)	total: 11.7s	remaining: 24.8s
1800:	learn: 0.2826851	test: 0.2866036	best: 0.2866009 (1770)	total: 13.1s	remaining: 23.3s
bestTest = 0.2866008823
bestIteration = 1770
Shrink model to first 1771 iterations.
   🔪 Feature selection: 260 → 208

   🌱 CatBoost multi-seed ensemble (5 seeds)...
      Seed 42 (1/5)... 0:	learn: 0.2888851	test: 0.2886634	best: 0.2886634 (0)	total: 6.56ms	remaining: 32.8s
200:	learn: 0.2866344	test: 0.2873615	best: 0.2873615 (200)	total: 1.28s	remaining: 30.5s
400:	learn: 0.2859259	test: 0.2870903	best: 0.2870903 (400)	total: 2.57s	remaining: 29.5s
600:	learn: 0.2853469	test: 0.2869168	best: 0.2869168 (600)	total: 3.84s	remaining: 28.1s
800:	learn: 0.2848416	test: 0.2867941	best: 0.2867937 (799)	total: 5.11s	remaining: 26.8s
1000:	learn: 0.2843694	test: 0.2867598	best: 0.2867506 (933)	total: 6.39s	remaining: 25.5s
1200:	learn: 0.2839288	test: 0.2867176	best: 0.2867089 (1165)	total: 7.65s	remaining: 24.2s
1400:	learn: 0.2834889	test: 0.2866958	best: 0.2866889 (1368)	total: 8.91s	remaining: 22.9s
1600:	learn: 0.2830774	test: 0.2866883	best: 0.2866803 (1523)	total: 10.1s	remaining: 21.5s
bestTest = 0.2866802715
bestIteration = 1523
Shrink model to first 1524 iterations.
iters=1523
      Seed 123 (2/5)... 0:	learn: 0.2888854	test: 0.2886644	best: 0.2886644 (0)	total: 6.65ms	remaining: 33.2s
200:	learn: 0.2866437	test: 0.2873854	best: 0.2873854 (200)	total: 1.28s	remaining: 30.6s
400:	learn: 0.2859232	test: 0.2871020	best: 0.2871020 (400)	total: 2.55s	remaining: 29.3s
600:	learn: 0.2853512	test: 0.2869494	best: 0.2869494 (600)	total: 3.83s	remaining: 28s
800:	learn: 0.2848387	test: 0.2868365	best: 0.2868363 (799)	total: 5.11s	remaining: 26.8s
1000:	learn: 0.2843629	test: 0.2867866	best: 0.2867808 (984)	total: 6.36s	remaining: 25.4s
bestTest = 0.2867807563
bestIteration = 984
Shrink model to first 985 iterations.
iters=984
      Seed 456 (3/5)... 0:	learn: 0.2888855	test: 0.2886650	best: 0.2886650 (0)	total: 6.72ms	remaining: 33.6s
200:	learn: 0.2866396	test: 0.2873701	best: 0.2873701 (200)	total: 1.28s	remaining: 30.5s
400:	learn: 0.2859243	test: 0.2871306	best: 0.2871255 (391)	total: 2.54s	remaining: 29.2s
600:	learn: 0.2853337	test: 0.2869363	best: 0.2869363 (600)	total: 3.83s	remaining: 28s
800:	learn: 0.2848298	test: 0.2868150	best: 0.2868150 (800)	total: 5.11s	remaining: 26.8s
1000:	learn: 0.2843658	test: 0.2867270	best: 0.2867173 (982)	total: 6.39s	remaining: 25.5s
1200:	learn: 0.2839192	test: 0.2866987	best: 0.2866975 (1191)	total: 7.66s	remaining: 24.2s
1400:	learn: 0.2834837	test: 0.2866821	best: 0.2866540 (1319)	total: 8.91s	remaining: 22.9s
bestTest = 0.2866540122
bestIteration = 1319
Shrink model to first 1320 iterations.
iters=1319
      Seed 789 (4/5)... 0:	learn: 0.2888850	test: 0.2886606	best: 0.2886606 (0)	total: 6.99ms	remaining: 34.9s
200:	learn: 0.2866470	test: 0.2873864	best: 0.2873864 (200)	total: 1.28s	remaining: 30.6s
400:	learn: 0.2859324	test: 0.2871458	best: 0.2871455 (399)	total: 2.56s	remaining: 29.4s
600:	learn: 0.2853514	test: 0.2869324	best: 0.2869303 (599)	total: 3.84s	remaining: 28.1s
800:	learn: 0.2848346	test: 0.2867709	best: 0.2867707 (799)	total: 5.11s	remaining: 26.8s
1000:	learn: 0.2843693	test: 0.2867356	best: 0.2867165 (939)	total: 6.4s	remaining: 25.6s
bestTest = 0.286716508
bestIteration = 939
Shrink model to first 940 iterations.
iters=939
      Seed 2024 (5/5)... 0:	learn: 0.2888849	test: 0.2886604	best: 0.2886604 (0)	total: 6.7ms	remaining: 33.5s
200:	learn: 0.2866349	test: 0.2873673	best: 0.2873673 (200)	total: 1.28s	remaining: 30.6s
400:	learn: 0.2859216	test: 0.2871469	best: 0.2871468 (399)	total: 2.55s	remaining: 29.2s
600:	learn: 0.2853473	test: 0.2869679	best: 0.2869659 (599)	total: 3.81s	remaining: 27.9s
800:	learn: 0.2848331	test: 0.2868605	best: 0.2868579 (758)	total: 5.08s	remaining: 26.6s
1000:	learn: 0.2843548	test: 0.2868301	best: 0.2868078 (940)	total: 6.35s	remaining: 25.4s
bestTest = 0.2868077586
bestIteration = 940
Shrink model to first 941 iterations.
iters=940
   💾 Saved 5 CatBoost models + feature names

   📈 Window 1 Results:
      IC                             0.0144
      Rank_IC                        0.0284
      ICIR                           0.3136
      Rank_ICIR                      0.4827
      LS_Sharpe_raw                  3.56
      LS_Sharpe_net                  2.25
      LS_Ann_Return_net_%            88.6
      LS_MaxDD_net_%                 -93.0
      LS_Total_net_%                 1436168217.6
      LS_VolTarget_Sharpe            2.79
      LS_VolTarget_MaxDD_%           -96.4
      LS_VolTarget_Total_%           467771407992847.6
      LS_DDStop_Sharpe               3.69
      LS_DDStop_MaxDD_%              -25.0
      LS_DDStop_Total_%              1675849837.1
      LO5_Sharpe                     0.52
      LO10_Sharpe                    0.21
      N_periods                      14908
      Cost_per_period_bps            3.5

======================================================================
  AGGREGATE RESULTS (1 windows)
======================================================================

   📈 Combined Results (all windows):
      Periods: 14908
      LS Net:       Sharpe=2.25, MaxDD=-93.0%, Total=1436168217.6%
      LS VolTarget: Sharpe=2.79, MaxDD=-96.4%, Total=467771407992847.6%
      LS DDStop:    Sharpe=3.69, MaxDD=-25.0%, Total=1675849837.1%

🏆 Top 30 Features (CatBoost, last window):
      gk_vol_168h                              3.3
      close_ma6_ratio                          3.1
      btc_vol_24h                              3.0
      vix_close_chg_1d                         2.8
      breadth_pct_positive                     2.8
      close_ma336_ratio                        2.5
      gk_vol_24h                               2.4
      close_ma12_ratio                         2.3
      close_ma720_ratio                        1.9
      gk_vol_48h                               1.9
      vol_trend_12_48                          1.8
   📰 funding_rate_binance                     1.7
      vol_price_corr_48h                       1.6
      ret_std_168h                             1.6
      ret_sharpe_168h                          1.6
      regime_breadth_bullish                   1.6
   📰 btc_beta_168h                            1.4
      spx_close_chg_20d                        1.3
      oi_value_usd                             1.3
   📰 funding_surprise                         1.3
      spx_close_chg_1d                         1.2
      ret_std_48h                              1.2
      atr_48                                   1.2
   📰 btc_beta_48h                             1.2
      news_count_7d                            1.1
   📰 market_funding_std                       1.1
      vol_12h_cs_rank                          1.1
      mom_accel_12h                            1.1
      vol_price_corr_24h                       1.0
   📰 reversal_24v168                          1.0

   📰 Sentiment features in top 30: 6/30

======================================================================
  FINAL SUMMARY — CatBoost (12h target)
======================================================================
   Rank IC (avg):            +0.0284
   Rank ICIR (avg):          +0.4827
   LS Sharpe net (avg):      +2.25
   LS MaxDD net (avg):       -93.0%
   LS VolTarget Sharpe:      +2.79
   LS DDStop Sharpe:         +3.69
   Cost model:               0.03% taker + 0.01% slip + 0.005%/8h funding
======================================================================
🟡 DECENT — CatBoost adds diversity, useful as ensemble member.

✅ Results saved to results/mega_comparison/models/WinA_train2024H1/catboost_with_news/
   Models: cb_model_seed_*.cbm
   Run ensemble: python run_fast_sim.py --ensemble --leverage 3 --rebal 24 --edge-boost
[12:51:54]    ✅ Done: catboost_with_news (255s)
[12:51:54] 🧠 Training: WinA_train2024H1 / catboost_no_news
[12:51:54]    train_end=2024-04-30  val_end=2024-06-24
[12:51:54]    flags: --no-news
======================================================================
  CATBOOST CRYPTO ALPHA MODEL
  12h Target + Ordered Boosting + Walk-Forward
======================================================================

📊 Loading data...
   Shape: (2565321, 107), Symbols: 50
   🎯 Adding targets...
   🌐 Adding cross-asset features...
   🔰 Adding advanced regime features...
   🕐 Adding 12h-specific features...
   ✅ Added ~10 features for 12h holding period
   📅 Adding calendar features...
   ✅ Added 9 calendar features
   🏛️ Adding macro features...
      Macro raw: 9 cols, derived: 29, total new: 38
   📰 Adding sentiment features... (news_mode=none)
      FNG: 2018-02-01 → 2026-03-11, mean=48.3
      Funding: 96,393 non-zero rows (3.8%)
      LS ratio: 0 non-missing rows
      Synthetic positioning features...
      ⏭️  Skipping news features (news_mode=none)
   ✅ Sentiment features added: 175 → 200 total
   📊 Adding derivatives features (Binance Futures)...
      Loaded metrics: 1,800,870 rows, 50 symbols, 2021-12-01 → 2026-03-12
      OI: 1,785,559 rows (69.6%), 9 features
      Taker: 1,648,976 rows (64.3%), 6 features
      Top L/S: 1,433,710 rows (55.9%), 5 features
      Global L/S: 3 features
      Binance funding: 2,239,209 rows (87.3%)
      Funding surprise: computed from OKX funding data
      Market-wide aggregates: 4 features
      Basis/Premium: 448,115 rows (17.5%), 6 features
      ⚠️  No liquidation data (run download_binance_futures.py)
      DVOL: 13 features (BTC range: 2021-04-01 → 2026-03-15)
   ✅ Derivatives features: +48 features
   Features: 248
   📐 Cross-sectional rank normalization...
   ✅ Ranked 167 CS features, preserved 81 unranked
   Final shape: (2564721, 267)
   Date range: 2017-09-16 09:00:00+00:00 → 2026-03-07 03:00:00+00:00

🔴 PRODUCTION MODE — max training data, models go to live trading
   Train: start → 2024-04-30
   Val:   2024-05-08 → 2024-06-24
   Test:  (none — live trading)

======================================================================
  ROLLING WALK-FORWARD (1 windows)
======================================================================

──────────────────────────────────────────────────────────────────────
  Window 1/1: PROD (max data)
  Train: → 2024-04-30
  Val:   2024-05-08 → 2024-06-24
  Test:  2024-06-24 → 2026-12-31
──────────────────────────────────────────────────────────────────────
   Train: 1,780,779 | Val: 56,400 | Test: 717,942
0:	learn: 0.2888854	test: 0.2886618	best: 0.2886618 (0)	total: 13.8ms	remaining: 1m 8s
200:	learn: 0.2866370	test: 0.2873651	best: 0.2873644 (199)	total: 1.47s	remaining: 35s
400:	learn: 0.2859272	test: 0.2871107	best: 0.2871105 (399)	total: 2.93s	remaining: 33.6s
600:	learn: 0.2853527	test: 0.2869208	best: 0.2869177 (589)	total: 4.39s	remaining: 32.2s
800:	learn: 0.2848526	test: 0.2867960	best: 0.2867935 (788)	total: 5.87s	remaining: 30.8s
1000:	learn: 0.2843797	test: 0.2867311	best: 0.2867235 (983)	total: 7.34s	remaining: 29.3s
1200:	learn: 0.2839451	test: 0.2867006	best: 0.2866950 (1164)	total: 8.79s	remaining: 27.8s
1400:	learn: 0.2835257	test: 0.2866637	best: 0.2866493 (1348)	total: 10.2s	remaining: 26.3s
bestTest = 0.2866492705
bestIteration = 1348
Shrink model to first 1349 iterations.
   🔪 Feature selection: 248 → 198

   🌱 CatBoost multi-seed ensemble (5 seeds)...
      Seed 42 (1/5)... 0:	learn: 0.2888855	test: 0.2886650	best: 0.2886650 (0)	total: 6.73ms	remaining: 33.7s
200:	learn: 0.2866357	test: 0.2873567	best: 0.2873567 (200)	total: 1.28s	remaining: 30.5s
400:	learn: 0.2859249	test: 0.2870871	best: 0.2870869 (399)	total: 2.54s	remaining: 29.1s
600:	learn: 0.2853443	test: 0.2868590	best: 0.2868588 (599)	total: 3.82s	remaining: 28s
800:	learn: 0.2848395	test: 0.2867362	best: 0.2867362 (800)	total: 5.1s	remaining: 26.7s
1000:	learn: 0.2843688	test: 0.2866954	best: 0.2866874 (972)	total: 6.35s	remaining: 25.4s
bestTest = 0.286679592
bestIteration = 1028
Shrink model to first 1029 iterations.
iters=1028
      Seed 123 (2/5)... 0:	learn: 0.2888854	test: 0.2886644	best: 0.2886644 (0)	total: 6.71ms	remaining: 33.5s
200:	learn: 0.2866433	test: 0.2873925	best: 0.2873925 (200)	total: 1.28s	remaining: 30.5s
400:	learn: 0.2859234	test: 0.2871329	best: 0.2871329 (400)	total: 2.55s	remaining: 29.2s
600:	learn: 0.2853529	test: 0.2869815	best: 0.2869815 (600)	total: 3.82s	remaining: 28s
800:	learn: 0.2848505	test: 0.2868500	best: 0.2868488 (795)	total: 5.09s	remaining: 26.7s
1000:	learn: 0.2843843	test: 0.2867482	best: 0.2867472 (994)	total: 6.38s	remaining: 25.5s
1200:	learn: 0.2839486	test: 0.2866919	best: 0.2866919 (1200)	total: 7.65s	remaining: 24.2s
bestTest = 0.2866748658
bestIteration = 1277
Shrink model to first 1278 iterations.
iters=1277
      Seed 456 (3/5)... 0:	learn: 0.2888855	test: 0.2886650	best: 0.2886650 (0)	total: 6.61ms	remaining: 33s
200:	learn: 0.2866420	test: 0.2873608	best: 0.2873608 (200)	total: 1.25s	remaining: 29.9s
400:	learn: 0.2859251	test: 0.2870830	best: 0.2870798 (398)	total: 2.52s	remaining: 28.9s
600:	learn: 0.2853584	test: 0.2868953	best: 0.2868949 (592)	total: 3.78s	remaining: 27.7s
800:	learn: 0.2848564	test: 0.2867693	best: 0.2867684 (799)	total: 5.04s	remaining: 26.4s
1000:	learn: 0.2843961	test: 0.2866989	best: 0.2866983 (999)	total: 6.3s	remaining: 25.2s
1200:	learn: 0.2839612	test: 0.2866374	best: 0.2866342 (1188)	total: 7.55s	remaining: 23.9s
1400:	learn: 0.2835338	test: 0.2865746	best: 0.2865735 (1392)	total: 8.81s	remaining: 22.6s
1600:	learn: 0.2831083	test: 0.2865301	best: 0.2865183 (1589)	total: 10.1s	remaining: 21.3s
bestTest = 0.2865183136
bestIteration = 1589
Shrink model to first 1590 iterations.
iters=1589
      Seed 789 (4/5)... 0:	learn: 0.2888855	test: 0.2886653	best: 0.2886653 (0)	total: 6.78ms	remaining: 33.9s
200:	learn: 0.2866486	test: 0.2873565	best: 0.2873565 (200)	total: 1.28s	remaining: 30.6s
400:	learn: 0.2859278	test: 0.2871198	best: 0.2871198 (400)	total: 2.56s	remaining: 29.4s
600:	learn: 0.2853632	test: 0.2869600	best: 0.2869600 (600)	total: 3.83s	remaining: 28.1s
800:	learn: 0.2848444	test: 0.2868314	best: 0.2868285 (799)	total: 5.1s	remaining: 26.7s
1000:	learn: 0.2843842	test: 0.2867484	best: 0.2867413 (969)	total: 6.37s	remaining: 25.4s
1200:	learn: 0.2839409	test: 0.2867143	best: 0.2867106 (1157)	total: 7.63s	remaining: 24.1s
1400:	learn: 0.2835212	test: 0.2866957	best: 0.2866858 (1374)	total: 8.88s	remaining: 22.8s
1600:	learn: 0.2830937	test: 0.2866721	best: 0.2866679 (1501)	total: 10.1s	remaining: 21.5s
bestTest = 0.28666795
bestIteration = 1501
Shrink model to first 1502 iterations.
iters=1501
      Seed 2024 (5/5)... 0:	learn: 0.2888849	test: 0.2886604	best: 0.2886604 (0)	total: 6.72ms	remaining: 33.6s
200:	learn: 0.2866380	test: 0.2873359	best: 0.2873359 (200)	total: 1.27s	remaining: 30.3s
400:	learn: 0.2859220	test: 0.2871239	best: 0.2871226 (398)	total: 2.54s	remaining: 29.1s
600:	learn: 0.2853524	test: 0.2869078	best: 0.2869078 (600)	total: 3.82s	remaining: 28s
800:	learn: 0.2848454	test: 0.2868054	best: 0.2868022 (768)	total: 5.09s	remaining: 26.7s
1000:	learn: 0.2843731	test: 0.2866777	best: 0.2866777 (1000)	total: 6.36s	remaining: 25.4s
bestTest = 0.2866409043
bestIteration = 1067
Shrink model to first 1068 iterations.
iters=1067
   💾 Saved 5 CatBoost models + feature names

   📈 Window 1 Results:
      IC                             0.0157
      Rank_IC                        0.0295
      ICIR                           0.3185
      Rank_ICIR                      0.4866
      LS_Sharpe_raw                  3.69
      LS_Sharpe_net                  2.37
      LS_Ann_Return_net_%            93.2
      LS_MaxDD_net_%                 -91.9
      LS_Total_net_%                 3709511903.5
      LS_VolTarget_Sharpe            2.9
      LS_VolTarget_MaxDD_%           -96.6
      LS_VolTarget_Total_%           1594896537673813.0
      LS_DDStop_Sharpe               3.8
      LS_DDStop_MaxDD_%              -25.0
      LS_DDStop_Total_%              6014663196.1
      LO5_Sharpe                     0.47
      LO10_Sharpe                    0.23
      N_periods                      14908
      Cost_per_period_bps            3.5

======================================================================
  AGGREGATE RESULTS (1 windows)
======================================================================

   📈 Combined Results (all windows):
      Periods: 14908
      LS Net:       Sharpe=2.37, MaxDD=-91.9%, Total=3709511903.5%
      LS VolTarget: Sharpe=2.90, MaxDD=-96.6%, Total=1594896537673813.0%
      LS DDStop:    Sharpe=3.80, MaxDD=-25.0%, Total=6014663196.1%

🏆 Top 30 Features (CatBoost, last window):
      gk_vol_168h                              3.3
      btc_vol_24h                              3.2
      close_ma6_ratio                          2.7
      vix_close_chg_1d                         2.7
      breadth_pct_positive                     2.6
      close_ma720_ratio                        2.3
      close_ma336_ratio                        2.3
      close_ma12_ratio                         2.2
      gk_vol_24h                               2.1
      gk_vol_48h                               1.9
      ret_sharpe_168h                          1.9
      ret_std_168h                             1.8
   📰 funding_rate_binance                     1.8
      vol_trend_12_48                          1.7
      vol_price_corr_48h                       1.6
   📰 btc_beta_168h                            1.6
      oi_value_usd                             1.5
      regime_breadth_bullish                   1.4
      spx_close_chg_1d                         1.4
      spx_close_chg_20d                        1.4
   📰 market_funding_std                       1.3
      ret_std_48h                              1.3
   📰 btc_beta_48h                             1.3
      vol_12h_cs_rank                          1.2
      atr_48                                   1.2
      mom_accel_12h                            1.0
   📰 funding_surprise                         1.0
   📰 reversal_24v168                          1.0
      vol_price_corr_24h                       1.0
      agg_taker_imbalance                      0.9

   📰 Sentiment features in top 30: 6/30

======================================================================
  FINAL SUMMARY — CatBoost (12h target)
======================================================================
   Rank IC (avg):            +0.0295
   Rank ICIR (avg):          +0.4866
   LS Sharpe net (avg):      +2.37
   LS MaxDD net (avg):       -91.9%
   LS VolTarget Sharpe:      +2.90
   LS DDStop Sharpe:         +3.80
   Cost model:               0.03% taker + 0.01% slip + 0.005%/8h funding
======================================================================
🟡 DECENT — CatBoost adds diversity, useful as ensemble member.

✅ Results saved to results/mega_comparison/models/WinA_train2024H1/catboost_no_news/
   Models: cb_model_seed_*.cbm
   Run ensemble: python run_fast_sim.py --ensemble --leverage 3 --rebal 24 --edge-boost
[12:56:07]    ✅ Done: catboost_no_news (253s)
[12:56:07] 🧠 Training: WinA_train2024H1 / catboost_market_news
[12:56:07]    train_end=2024-04-30  val_end=2024-06-24
[12:56:07]    flags: --news-mode market-only
======================================================================
  CATBOOST CRYPTO ALPHA MODEL
  12h Target + Ordered Boosting + Walk-Forward
======================================================================

📊 Loading data...
   Shape: (2565321, 107), Symbols: 50
   🎯 Adding targets...
   🌐 Adding cross-asset features...
   🔰 Adding advanced regime features...
   🕐 Adding 12h-specific features...
   ✅ Added ~10 features for 12h holding period
   📅 Adding calendar features...
   ✅ Added 9 calendar features
   🏛️ Adding macro features...
      Macro raw: 9 cols, derived: 29, total new: 38
   📰 Adding sentiment features... (news_mode=market-only)
      FNG: 2018-02-01 → 2026-03-11, mean=48.3
      Funding: 96,393 non-zero rows (3.8%)
      LS ratio: 0 non-missing rows
      Synthetic positioning features...
      Loading news features (mode=market-only)...
      + market-level news: 7 features
      📊 Coverage: 2,228,238/2,565,321 rows (86.9%)
      📰 Events: 1,986,990/2,228,238 covered rows (89.2%) have news
      🕳️  Holes: 337,083 rows = NaN (not 0!)
   ✅ Sentiment features added: 175 → 204 total
   📊 Adding derivatives features (Binance Futures)...
      Loaded metrics: 1,800,870 rows, 50 symbols, 2021-12-01 → 2026-03-12
      OI: 1,785,559 rows (69.6%), 9 features
      Taker: 1,648,976 rows (64.3%), 6 features
      Top L/S: 1,433,710 rows (55.9%), 5 features
      Global L/S: 3 features
      Binance funding: 2,239,209 rows (87.3%)
      Funding surprise: computed from OKX funding data
      Market-wide aggregates: 4 features
      Basis/Premium: 448,115 rows (17.5%), 6 features
      ⚠️  No liquidation data (run download_binance_futures.py)
      DVOL: 13 features (BTC range: 2021-04-01 → 2026-03-15)
   ✅ Derivatives features: +48 features
   Features: 252
   📐 Cross-sectional rank normalization...
   ✅ Ranked 167 CS features, preserved 85 unranked
   Final shape: (2564721, 271)
   Date range: 2017-09-16 09:00:00+00:00 → 2026-03-07 03:00:00+00:00

🔴 PRODUCTION MODE — max training data, models go to live trading
   Train: start → 2024-04-30
   Val:   2024-05-08 → 2024-06-24
   Test:  (none — live trading)

======================================================================
  ROLLING WALK-FORWARD (1 windows)
======================================================================

──────────────────────────────────────────────────────────────────────
  Window 1/1: PROD (max data)
  Train: → 2024-04-30
  Val:   2024-05-08 → 2024-06-24
  Test:  2024-06-24 → 2026-12-31
──────────────────────────────────────────────────────────────────────
   Train: 1,780,779 | Val: 56,400 | Test: 717,942
0:	learn: 0.2888854	test: 0.2886618	best: 0.2886618 (0)	total: 14.3ms	remaining: 1m 11s
200:	learn: 0.2866444	test: 0.2873689	best: 0.2873689 (200)	total: 1.48s	remaining: 35.3s
400:	learn: 0.2859381	test: 0.2871249	best: 0.2871249 (400)	total: 2.94s	remaining: 33.8s
600:	learn: 0.2853676	test: 0.2869652	best: 0.2869631 (594)	total: 4.43s	remaining: 32.4s
800:	learn: 0.2848598	test: 0.2868226	best: 0.2868226 (800)	total: 5.91s	remaining: 31s
1000:	learn: 0.2843918	test: 0.2867492	best: 0.2867353 (939)	total: 7.37s	remaining: 29.5s
1200:	learn: 0.2839555	test: 0.2866741	best: 0.2866722 (1195)	total: 8.83s	remaining: 27.9s
1400:	learn: 0.2835345	test: 0.2866315	best: 0.2866254 (1348)	total: 10.3s	remaining: 26.4s
bestTest = 0.2866253945
bestIteration = 1348
Shrink model to first 1349 iterations.
   🔪 Feature selection: 252 → 201

   🌱 CatBoost multi-seed ensemble (5 seeds)...
      Seed 42 (1/5)... 0:	learn: 0.2888854	test: 0.2886630	best: 0.2886630 (0)	total: 6.61ms	remaining: 33.1s
200:	learn: 0.2866482	test: 0.2873644	best: 0.2873644 (200)	total: 1.27s	remaining: 30.4s
400:	learn: 0.2859381	test: 0.2871291	best: 0.2871291 (400)	total: 2.56s	remaining: 29.3s
600:	learn: 0.2853678	test: 0.2869206	best: 0.2869206 (600)	total: 3.82s	remaining: 28s
800:	learn: 0.2848612	test: 0.2867952	best: 0.2867931 (793)	total: 5.09s	remaining: 26.7s
1000:	learn: 0.2843915	test: 0.2867465	best: 0.2867399 (994)	total: 6.37s	remaining: 25.4s
1200:	learn: 0.2839482	test: 0.2866975	best: 0.2866957 (1193)	total: 7.62s	remaining: 24.1s
1400:	learn: 0.2835216	test: 0.2866274	best: 0.2866269 (1398)	total: 8.89s	remaining: 22.8s
bestTest = 0.286623401
bestIteration = 1403
Shrink model to first 1404 iterations.
iters=1403
      Seed 123 (2/5)... 0:	learn: 0.2888854	test: 0.2886644	best: 0.2886644 (0)	total: 6.65ms	remaining: 33.3s
200:	learn: 0.2866378	test: 0.2873840	best: 0.2873840 (200)	total: 1.28s	remaining: 30.6s
400:	learn: 0.2859262	test: 0.2871315	best: 0.2871315 (400)	total: 2.56s	remaining: 29.3s
600:	learn: 0.2853588	test: 0.2869646	best: 0.2869642 (599)	total: 3.84s	remaining: 28.1s
800:	learn: 0.2848552	test: 0.2868955	best: 0.2868923 (797)	total: 5.11s	remaining: 26.8s
1000:	learn: 0.2843826	test: 0.2868056	best: 0.2868056 (1000)	total: 6.38s	remaining: 25.5s
1200:	learn: 0.2839440	test: 0.2867691	best: 0.2867633 (1179)	total: 7.64s	remaining: 24.2s
1400:	learn: 0.2835069	test: 0.2867393	best: 0.2867343 (1395)	total: 8.89s	remaining: 22.8s
bestTest = 0.2867174139
bestIteration = 1480
Shrink model to first 1481 iterations.
iters=1480
      Seed 456 (3/5)... 0:	learn: 0.2888855	test: 0.2886650	best: 0.2886650 (0)	total: 6.67ms	remaining: 33.3s
200:	learn: 0.2866335	test: 0.2873730	best: 0.2873730 (200)	total: 1.28s	remaining: 30.6s
400:	learn: 0.2859279	test: 0.2871326	best: 0.2871318 (399)	total: 2.55s	remaining: 29.3s
600:	learn: 0.2853582	test: 0.2869106	best: 0.2869074 (595)	total: 3.82s	remaining: 28s
800:	learn: 0.2848525	test: 0.2867735	best: 0.2867733 (799)	total: 5.11s	remaining: 26.8s
1000:	learn: 0.2843883	test: 0.2867005	best: 0.2866965 (932)	total: 6.39s	remaining: 25.5s
1200:	learn: 0.2839460	test: 0.2866523	best: 0.2866397 (1186)	total: 7.66s	remaining: 24.2s
1400:	learn: 0.2835126	test: 0.2865717	best: 0.2865709 (1398)	total: 8.94s	remaining: 23s
bestTest = 0.2865365635
bestIteration = 1485
Shrink model to first 1486 iterations.
iters=1485
      Seed 789 (4/5)... 0:	learn: 0.2888850	test: 0.2886605	best: 0.2886605 (0)	total: 6.82ms	remaining: 34.1s
200:	learn: 0.2866465	test: 0.2873742	best: 0.2873733 (198)	total: 1.28s	remaining: 30.5s
400:	learn: 0.2859213	test: 0.2870897	best: 0.2870897 (400)	total: 2.55s	remaining: 29.2s
600:	learn: 0.2853510	test: 0.2869347	best: 0.2869316 (593)	total: 3.81s	remaining: 27.9s
800:	learn: 0.2848374	test: 0.2868143	best: 0.2868133 (799)	total: 5.08s	remaining: 26.6s
1000:	learn: 0.2843763	test: 0.2866853	best: 0.2866846 (999)	total: 6.35s	remaining: 25.4s
1200:	learn: 0.2839385	test: 0.2866370	best: 0.2866345 (1157)	total: 7.62s	remaining: 24.1s
1400:	learn: 0.2835056	test: 0.2866067	best: 0.2866067 (1400)	total: 8.88s	remaining: 22.8s
bestTest = 0.2865902793
bestIteration = 1434
Shrink model to first 1435 iterations.
iters=1434
      Seed 2024 (5/5)... 0:	learn: 0.2888849	test: 0.2886604	best: 0.2886604 (0)	total: 6.71ms	remaining: 33.6s
200:	learn: 0.2866363	test: 0.2873483	best: 0.2873483 (200)	total: 1.26s	remaining: 30.2s
400:	learn: 0.2859218	test: 0.2871191	best: 0.2871188 (399)	total: 2.53s	remaining: 29.1s
600:	learn: 0.2853611	test: 0.2869501	best: 0.2869501 (600)	total: 3.81s	remaining: 27.9s
800:	learn: 0.2848521	test: 0.2867845	best: 0.2867845 (800)	total: 5.08s	remaining: 26.6s
bestTest = 0.2867354398
bestIteration = 868
Shrink model to first 869 iterations.
iters=868
   💾 Saved 5 CatBoost models + feature names

   📈 Window 1 Results:
      IC                             0.0164
      Rank_IC                        0.0304
      ICIR                           0.3166
      Rank_ICIR                      0.49
      LS_Sharpe_raw                  3.66
      LS_Sharpe_net                  2.35
      LS_Ann_Return_net_%            92.8
      LS_MaxDD_net_%                 -92.5
      LS_Total_net_%                 3398619252.2
      LS_VolTarget_Sharpe            2.85
      LS_VolTarget_MaxDD_%           -97.0
      LS_VolTarget_Total_%           1014361292424601.5
      LS_DDStop_Sharpe               3.75
      LS_DDStop_MaxDD_%              -25.0
      LS_DDStop_Total_%              3450794750.4
      LO5_Sharpe                     0.51
      LO10_Sharpe                    0.24
      N_periods                      14908
      Cost_per_period_bps            3.5

======================================================================
  AGGREGATE RESULTS (1 windows)
======================================================================

   📈 Combined Results (all windows):
      Periods: 14908
      LS Net:       Sharpe=2.35, MaxDD=-92.5%, Total=3398619252.2%
      LS VolTarget: Sharpe=2.85, MaxDD=-97.0%, Total=1014361292424601.5%
      LS DDStop:    Sharpe=3.75, MaxDD=-25.0%, Total=3450794750.4%

🏆 Top 30 Features (CatBoost, last window):
      gk_vol_168h                              3.6
      btc_vol_24h                              3.5
      close_ma6_ratio                          3.2
      breadth_pct_positive                     2.8
      vix_close_chg_1d                         2.8
      close_ma12_ratio                         2.6
      close_ma336_ratio                        2.3
      gk_vol_24h                               2.2
      close_ma720_ratio                        2.2
      gk_vol_48h                               2.1
      vol_trend_12_48                          1.8
      vol_price_corr_48h                       1.8
      ret_sharpe_168h                          1.8
   📰 funding_rate_binance                     1.8
      regime_breadth_bullish                   1.8
      ret_std_168h                             1.6
      oi_value_usd                             1.5
   📰 market_dispersion                        1.5
   📰 btc_beta_168h                            1.4
      spx_close_chg_20d                        1.3
      ret_std_48h                              1.3
   📰 market_funding_std                       1.2
      atr_48                                   1.2
      mom_accel_12h                            1.2
      spx_close_chg_1d                         1.2
   📰 funding_vs_market                        1.1
   📰 btc_beta_48h                             1.0
   📰 reversal_24v168                          1.0
      vol_price_corr_24h                       1.0
   📰 cross_coin_dispersion                    1.0

   📰 Sentiment features in top 30: 8/30

======================================================================
  FINAL SUMMARY — CatBoost (12h target)
======================================================================
   Rank IC (avg):            +0.0304
   Rank ICIR (avg):          +0.4900
   LS Sharpe net (avg):      +2.35
   LS MaxDD net (avg):       -92.5%
   LS VolTarget Sharpe:      +2.85
   LS DDStop Sharpe:         +3.75
   Cost model:               0.03% taker + 0.01% slip + 0.005%/8h funding
======================================================================
🟡 DECENT — CatBoost adds diversity, useful as ensemble member.

✅ Results saved to results/mega_comparison/models/WinA_train2024H1/catboost_market_news/
   Models: cb_model_seed_*.cbm
   Run ensemble: python run_fast_sim.py --ensemble --leverage 3 --rebal 24 --edge-boost
[13:00:21]    ✅ Done: catboost_market_news (254s)
[13:00:21] 🧠 Training: WinA_train2024H1 / catboost_no_deriv
[13:00:21]    train_end=2024-04-30  val_end=2024-06-24
[13:00:21]    flags: --no-news --no-derivatives
======================================================================
  CATBOOST CRYPTO ALPHA MODEL
  12h Target + Ordered Boosting + Walk-Forward
======================================================================

📊 Loading data...
   Shape: (2565321, 107), Symbols: 50
   🎯 Adding targets...
   🌐 Adding cross-asset features...
   🔰 Adding advanced regime features...
   🕐 Adding 12h-specific features...
   ✅ Added ~10 features for 12h holding period
   📅 Adding calendar features...
   ✅ Added 9 calendar features
   🏛️ Adding macro features...
      Macro raw: 9 cols, derived: 29, total new: 38
   📰 Adding sentiment features... (news_mode=none)
      FNG: 2018-02-01 → 2026-03-11, mean=48.3
      Funding: 96,393 non-zero rows (3.8%)
      LS ratio: 0 non-missing rows
      Synthetic positioning features...
      ⏭️  Skipping news features (news_mode=none)
   ✅ Sentiment features added: 175 → 200 total
   ⏭️  Skipping derivatives features (--no-derivatives)
   Features: 200
   📐 Cross-sectional rank normalization...
   ✅ Ranked 132 CS features, preserved 68 unranked
   Final shape: (2564721, 219)
   Date range: 2017-09-16 09:00:00+00:00 → 2026-03-07 03:00:00+00:00

🔴 PRODUCTION MODE — max training data, models go to live trading
   Train: start → 2024-04-30
   Val:   2024-05-08 → 2024-06-24
   Test:  (none — live trading)

======================================================================
  ROLLING WALK-FORWARD (1 windows)
======================================================================

──────────────────────────────────────────────────────────────────────
  Window 1/1: PROD (max data)
  Train: → 2024-04-30
  Val:   2024-05-08 → 2024-06-24
  Test:  2024-06-24 → 2026-12-31
──────────────────────────────────────────────────────────────────────
   Train: 1,780,779 | Val: 56,400 | Test: 717,942
0:	learn: 0.2888853	test: 0.2886620	best: 0.2886620 (0)	total: 13ms	remaining: 1m 5s
200:	learn: 0.2866597	test: 0.2874365	best: 0.2874365 (200)	total: 1.25s	remaining: 29.9s
400:	learn: 0.2859606	test: 0.2872046	best: 0.2872035 (398)	total: 2.5s	remaining: 28.7s
600:	learn: 0.2854254	test: 0.2870977	best: 0.2870946 (599)	total: 3.76s	remaining: 27.5s
800:	learn: 0.2849393	test: 0.2869916	best: 0.2869911 (799)	total: 5s	remaining: 26.2s
bestTest = 0.2869503803
bestIteration = 877
Shrink model to first 878 iterations.
   🔪 Feature selection: 200 → 160

   🌱 CatBoost multi-seed ensemble (5 seeds)...
      Seed 42 (1/5)... 0:	learn: 0.2888856	test: 0.2886651	best: 0.2886651 (0)	total: 5.91ms	remaining: 29.5s
200:	learn: 0.2866661	test: 0.2874125	best: 0.2874125 (200)	total: 1.1s	remaining: 26.2s
400:	learn: 0.2859568	test: 0.2871901	best: 0.2871897 (399)	total: 2.19s	remaining: 25.2s
600:	learn: 0.2854215	test: 0.2870706	best: 0.2870683 (597)	total: 3.3s	remaining: 24.2s
bestTest = 0.287058039
bestIteration = 627
Shrink model to first 628 iterations.
iters=627
      Seed 123 (2/5)... 0:	learn: 0.2888850	test: 0.2886619	best: 0.2886619 (0)	total: 5.97ms	remaining: 29.9s
200:	learn: 0.2866640	test: 0.2874268	best: 0.2874268 (200)	total: 1.1s	remaining: 26.3s
400:	learn: 0.2859586	test: 0.2872334	best: 0.2872334 (400)	total: 2.21s	remaining: 25.3s
600:	learn: 0.2854104	test: 0.2870843	best: 0.2870811 (596)	total: 3.32s	remaining: 24.3s
800:	learn: 0.2849364	test: 0.2869611	best: 0.2869608 (787)	total: 4.42s	remaining: 23.1s
1000:	learn: 0.2844818	test: 0.2868890	best: 0.2868890 (1000)	total: 5.51s	remaining: 22s
1200:	learn: 0.2840580	test: 0.2868541	best: 0.2868516 (1192)	total: 6.61s	remaining: 20.9s
1400:	learn: 0.2836493	test: 0.2868364	best: 0.2868342 (1396)	total: 7.7s	remaining: 19.8s
bestTest = 0.286822851
bestIteration = 1475
Shrink model to first 1476 iterations.
iters=1475
      Seed 456 (3/5)... 0:	learn: 0.2888856	test: 0.2886650	best: 0.2886650 (0)	total: 5.97ms	remaining: 29.8s
200:	learn: 0.2866629	test: 0.2874273	best: 0.2874273 (200)	total: 1.1s	remaining: 26.2s
400:	learn: 0.2859689	test: 0.2872235	best: 0.2872235 (400)	total: 2.19s	remaining: 25.1s
600:	learn: 0.2854221	test: 0.2870722	best: 0.2870720 (596)	total: 3.3s	remaining: 24.2s
800:	learn: 0.2849379	test: 0.2869806	best: 0.2869688 (768)	total: 4.4s	remaining: 23.1s
1000:	learn: 0.2845014	test: 0.2869178	best: 0.2869071 (978)	total: 5.49s	remaining: 21.9s
bestTest = 0.2869070973
bestIteration = 978
Shrink model to first 979 iterations.
iters=978
      Seed 789 (4/5)... 0:	learn: 0.2888856	test: 0.2886650	best: 0.2886650 (0)	total: 6.11ms	remaining: 30.5s
200:	learn: 0.2866693	test: 0.2874161	best: 0.2874161 (200)	total: 1.1s	remaining: 26.2s
400:	learn: 0.2859653	test: 0.2872032	best: 0.2872016 (398)	total: 2.19s	remaining: 25.2s
600:	learn: 0.2854142	test: 0.2870815	best: 0.2870770 (591)	total: 3.29s	remaining: 24.1s
800:	learn: 0.2849353	test: 0.2869823	best: 0.2869804 (792)	total: 4.39s	remaining: 23s
1000:	learn: 0.2844923	test: 0.2869352	best: 0.2869340 (998)	total: 5.49s	remaining: 21.9s
1200:	learn: 0.2840683	test: 0.2869092	best: 0.2869067 (1196)	total: 6.59s	remaining: 20.8s
bestTest = 0.2869067201
bestIteration = 1196
Shrink model to first 1197 iterations.
iters=1196
      Seed 2024 (5/5)... 0:	learn: 0.2888854	test: 0.2886640	best: 0.2886640 (0)	total: 5.76ms	remaining: 28.8s
200:	learn: 0.2866578	test: 0.2874159	best: 0.2874159 (200)	total: 1.09s	remaining: 26.1s
400:	learn: 0.2859655	test: 0.2871924	best: 0.2871897 (387)	total: 2.18s	remaining: 25s
600:	learn: 0.2854284	test: 0.2870668	best: 0.2870668 (600)	total: 3.29s	remaining: 24.1s
800:	learn: 0.2849546	test: 0.2870017	best: 0.2869971 (787)	total: 4.38s	remaining: 23s
1000:	learn: 0.2844956	test: 0.2869625	best: 0.2869593 (987)	total: 5.48s	remaining: 21.9s
bestTest = 0.2869592805
bestIteration = 987
Shrink model to first 988 iterations.
iters=987
   💾 Saved 5 CatBoost models + feature names

   📈 Window 1 Results:
      IC                             0.0132
      Rank_IC                        0.0275
      ICIR                           0.3048
      Rank_ICIR                      0.4668
      LS_Sharpe_raw                  3.04
      LS_Sharpe_net                  1.73
      LS_Ann_Return_net_%            68.6
      LS_MaxDD_net_%                 -93.6
      LS_Total_net_%                 24109012.5
      LS_VolTarget_Sharpe            2.3
      LS_VolTarget_MaxDD_%           -97.1
      LS_VolTarget_Total_%           1730480712725.6
      LS_DDStop_Sharpe               3.16
      LS_DDStop_MaxDD_%              -25.0
      LS_DDStop_Total_%              16278085.5
      LO5_Sharpe                     0.34
      LO10_Sharpe                    0.11
      N_periods                      14908
      Cost_per_period_bps            3.5

======================================================================
  AGGREGATE RESULTS (1 windows)
======================================================================

   📈 Combined Results (all windows):
      Periods: 14908
      LS Net:       Sharpe=1.73, MaxDD=-93.6%, Total=24109012.5%
      LS VolTarget: Sharpe=2.30, MaxDD=-97.1%, Total=1730480712725.6%
      LS DDStop:    Sharpe=3.16, MaxDD=-25.0%, Total=16278085.5%

🏆 Top 30 Features (CatBoost, last window):
      btc_vol_24h                              3.6
      gk_vol_168h                              3.4
      close_ma6_ratio                          3.1
      breadth_pct_positive                     3.0
      vix_close_chg_1d                         2.7
      close_ma720_ratio                        2.6
      ret_sharpe_168h                          2.5
      close_ma336_ratio                        2.4
      close_ma12_ratio                         2.4
      gk_vol_24h                               2.3
      gk_vol_48h                               2.1
      ret_std_168h                             1.9
      vol_trend_12_48                          1.8
      atr_48                                   1.7
   📰 long_short_ratio                         1.7
   📰 btc_beta_168h                            1.7
      vol_price_corr_48h                       1.6
   📰 market_funding_std                       1.6
      spx_close_chg_1d                         1.6
      vol_12h_cs_rank                          1.6
      regime_breadth_bullish                   1.6
      ret_std_48h                              1.4
      spx_close_chg_20d                        1.4
   📰 funding_vs_market                        1.4
   📰 btc_beta_48h                             1.2
   📰 market_dispersion                        1.2
      vol_price_corr_24h                       1.2
   📰 reversal_24v168                          1.1
      mom_accel_12h                            1.0
      ret_sharpe_24h                           1.0

   📰 Sentiment features in top 30: 7/30

======================================================================
  FINAL SUMMARY — CatBoost (12h target)
======================================================================
   Rank IC (avg):            +0.0275
   Rank ICIR (avg):          +0.4668
   LS Sharpe net (avg):      +1.73
   LS MaxDD net (avg):       -93.6%
   LS VolTarget Sharpe:      +2.30
   LS DDStop Sharpe:         +3.16
   Cost model:               0.03% taker + 0.01% slip + 0.005%/8h funding
======================================================================
🟡 DECENT — CatBoost adds diversity, useful as ensemble member.

✅ Results saved to results/mega_comparison/models/WinA_train2024H1/catboost_no_deriv/
   Models: cb_model_seed_*.cbm
   Run ensemble: python run_fast_sim.py --ensemble --leverage 3 --rebal 24 --edge-boost
[13:03:20]    ✅ Done: catboost_no_deriv (179s)
[13:03:20] 🧠 Training: WinA_train2024H1 / catboost_news_no_deriv
[13:03:20]    train_end=2024-04-30  val_end=2024-06-24
[13:03:20]    flags: --news-mode all --no-derivatives
======================================================================
  CATBOOST CRYPTO ALPHA MODEL
  12h Target + Ordered Boosting + Walk-Forward
======================================================================

📊 Loading data...
   Shape: (2565321, 107), Symbols: 50
   🎯 Adding targets...
   🌐 Adding cross-asset features...
   🔰 Adding advanced regime features...
   🕐 Adding 12h-specific features...
   ✅ Added ~10 features for 12h holding period
   📅 Adding calendar features...
   ✅ Added 9 calendar features
   🏛️ Adding macro features...
      Macro raw: 9 cols, derived: 29, total new: 38
   📰 Adding sentiment features... (news_mode=all)
      FNG: 2018-02-01 → 2026-03-11, mean=48.3
      Funding: 96,393 non-zero rows (3.8%)
      LS ratio: 0 non-missing rows
      Synthetic positioning features...
      Loading news features (mode=all)...
      + coin-level news: 8 features
      + market-level news: 7 features
      📊 Coverage: 2,228,238/2,565,321 rows (86.9%)
      📰 Events: 1,100,564/2,228,238 covered rows (49.4%) have news
      🕳️  Holes: 337,083 rows = NaN (not 0!)
   ✅ Sentiment features added: 175 → 212 total
   ⏭️  Skipping derivatives features (--no-derivatives)
   Features: 212
   📐 Cross-sectional rank normalization...
   ✅ Ranked 137 CS features, preserved 75 unranked
   Final shape: (2564721, 231)
   Date range: 2017-09-16 09:00:00+00:00 → 2026-03-07 03:00:00+00:00

🔴 PRODUCTION MODE — max training data, models go to live trading
   Train: start → 2024-04-30
   Val:   2024-05-08 → 2024-06-24
   Test:  (none — live trading)

======================================================================
  ROLLING WALK-FORWARD (1 windows)
======================================================================

──────────────────────────────────────────────────────────────────────
  Window 1/1: PROD (max data)
  Train: → 2024-04-30
  Val:   2024-05-08 → 2024-06-24
  Test:  2024-06-24 → 2026-12-31
──────────────────────────────────────────────────────────────────────
   Train: 1,780,779 | Val: 56,400 | Test: 717,942
0:	learn: 0.2888853	test: 0.2886620	best: 0.2886620 (0)	total: 13ms	remaining: 1m 4s
200:	learn: 0.2866523	test: 0.2874353	best: 0.2874353 (200)	total: 1.26s	remaining: 30.1s
400:	learn: 0.2859476	test: 0.2872139	best: 0.2872139 (400)	total: 2.51s	remaining: 28.7s
600:	learn: 0.2854056	test: 0.2870761	best: 0.2870761 (600)	total: 3.76s	remaining: 27.5s
800:	learn: 0.2849154	test: 0.2869840	best: 0.2869833 (799)	total: 5.02s	remaining: 26.3s
1000:	learn: 0.2844721	test: 0.2869654	best: 0.2869654 (1000)	total: 6.26s	remaining: 25s
bestTest = 0.2869591598
bestIteration = 1028
Shrink model to first 1029 iterations.
   🔪 Feature selection: 212 → 169

   🌱 CatBoost multi-seed ensemble (5 seeds)...
      Seed 42 (1/5)... 0:	learn: 0.2888860	test: 0.2886649	best: 0.2886649 (0)	total: 6.15ms	remaining: 30.8s
200:	learn: 0.2866476	test: 0.2874377	best: 0.2874377 (200)	total: 1.11s	remaining: 26.6s
400:	learn: 0.2859481	test: 0.2872172	best: 0.2872172 (400)	total: 2.23s	remaining: 25.6s
600:	learn: 0.2853977	test: 0.2870647	best: 0.2870594 (597)	total: 3.35s	remaining: 24.5s
800:	learn: 0.2849084	test: 0.2870263	best: 0.2870185 (770)	total: 4.46s	remaining: 23.4s
bestTest = 0.2870134601
bestIteration = 810
Shrink model to first 811 iterations.
iters=810
      Seed 123 (2/5)... 0:	learn: 0.2888849	test: 0.2886603	best: 0.2886603 (0)	total: 5.99ms	remaining: 29.9s
200:	learn: 0.2866462	test: 0.2874351	best: 0.2874343 (199)	total: 1.11s	remaining: 26.6s
400:	learn: 0.2859402	test: 0.2872059	best: 0.2872004 (377)	total: 2.23s	remaining: 25.5s
600:	learn: 0.2853999	test: 0.2870923	best: 0.2870917 (599)	total: 3.35s	remaining: 24.5s
800:	learn: 0.2849025	test: 0.2870041	best: 0.2870014 (786)	total: 4.47s	remaining: 23.4s
1000:	learn: 0.2844578	test: 0.2869632	best: 0.2869355 (955)	total: 5.58s	remaining: 22.3s
bestTest = 0.2869355058
bestIteration = 955
Shrink model to first 956 iterations.
iters=955
      Seed 456 (3/5)... 0:	learn: 0.2888861	test: 0.2886651	best: 0.2886651 (0)	total: 5.76ms	remaining: 28.8s
200:	learn: 0.2866516	test: 0.2874371	best: 0.2874371 (200)	total: 1.11s	remaining: 26.5s
400:	learn: 0.2859465	test: 0.2872181	best: 0.2872171 (399)	total: 2.22s	remaining: 25.5s
600:	learn: 0.2853927	test: 0.2870885	best: 0.2870883 (599)	total: 3.34s	remaining: 24.5s
800:	learn: 0.2848995	test: 0.2870017	best: 0.2870004 (782)	total: 4.45s	remaining: 23.3s
1000:	learn: 0.2844420	test: 0.2869616	best: 0.2869516 (913)	total: 5.56s	remaining: 22.2s
bestTest = 0.2869516022
bestIteration = 913
Shrink model to first 914 iterations.
iters=913
      Seed 789 (4/5)... 0:	learn: 0.2888854	test: 0.2886636	best: 0.2886636 (0)	total: 6.14ms	remaining: 30.7s
200:	learn: 0.2866504	test: 0.2874384	best: 0.2874384 (200)	total: 1.11s	remaining: 26.6s
400:	learn: 0.2859456	test: 0.2871955	best: 0.2871955 (400)	total: 2.23s	remaining: 25.5s
600:	learn: 0.2854020	test: 0.2870848	best: 0.2870801 (594)	total: 3.34s	remaining: 24.5s
800:	learn: 0.2849140	test: 0.2869796	best: 0.2869759 (791)	total: 4.46s	remaining: 23.4s
1000:	learn: 0.2844674	test: 0.2869411	best: 0.2869406 (962)	total: 5.56s	remaining: 22.2s
bestTest = 0.2869317494
bestIteration = 1015
Shrink model to first 1016 iterations.
iters=1015
      Seed 2024 (5/5)... 0:	learn: 0.2888851	test: 0.2886631	best: 0.2886631 (0)	total: 5.89ms	remaining: 29.5s
200:	learn: 0.2866506	test: 0.2874362	best: 0.2874362 (200)	total: 1.11s	remaining: 26.5s
400:	learn: 0.2859461	test: 0.2872262	best: 0.2872262 (400)	total: 2.23s	remaining: 25.5s
600:	learn: 0.2854052	test: 0.2871435	best: 0.2871354 (564)	total: 3.35s	remaining: 24.5s
800:	learn: 0.2849177	test: 0.2870881	best: 0.2870867 (794)	total: 4.47s	remaining: 23.4s
1000:	learn: 0.2844719	test: 0.2870270	best: 0.2870270 (1000)	total: 5.58s	remaining: 22.3s
bestTest = 0.287008287
bestIteration = 1034
Shrink model to first 1035 iterations.
iters=1034
   💾 Saved 5 CatBoost models + feature names

   📈 Window 1 Results:
      IC                             0.0134
      Rank_IC                        0.0279
      ICIR                           0.3062
      Rank_ICIR                      0.472
      LS_Sharpe_raw                  3.11
      LS_Sharpe_net                  1.8
      LS_Ann_Return_net_%            71.5
      LS_MaxDD_net_%                 -94.1
      LS_Total_net_%                 43669768.0
      LS_VolTarget_Sharpe            2.34
      LS_VolTarget_MaxDD_%           -96.7
      LS_VolTarget_Total_%           2698044370241.3
      LS_DDStop_Sharpe               3.3
      LS_DDStop_MaxDD_%              -24.9
      LS_DDStop_Total_%              41719788.6
      LO5_Sharpe                     0.35
      LO10_Sharpe                    0.11
      N_periods                      14908
      Cost_per_period_bps            3.5

======================================================================
  AGGREGATE RESULTS (1 windows)
======================================================================

   📈 Combined Results (all windows):
      Periods: 14908
      LS Net:       Sharpe=1.80, MaxDD=-94.1%, Total=43669768.0%
      LS VolTarget: Sharpe=2.34, MaxDD=-96.7%, Total=2698044370241.3%
      LS DDStop:    Sharpe=3.30, MaxDD=-24.9%, Total=41719788.6%

🏆 Top 30 Features (CatBoost, last window):
      gk_vol_168h                              3.0
      close_ma6_ratio                          3.0
      btc_vol_24h                              3.0
      breadth_pct_positive                     2.9
      vix_close_chg_1d                         2.6
      close_ma720_ratio                        2.5
      ret_sharpe_168h                          2.4
      close_ma336_ratio                        2.3
      gk_vol_24h                               2.3
      close_ma12_ratio                         2.2
      gk_vol_48h                               2.0
      news_count_7d                            2.0
      ret_std_168h                             1.9
      vol_trend_12_48                          1.8
      vol_12h_cs_rank                          1.8
      vol_price_corr_48h                       1.7
      spx_close_chg_1d                         1.6
   📰 btc_beta_168h                            1.6
      spx_close_chg_20d                        1.6
   📰 market_funding_std                       1.5
      regime_breadth_bullish                   1.5
   📰 market_dispersion                        1.3
   📰 btc_beta_48h                             1.3
      ret_std_48h                              1.3
      atr_48                                   1.2
      news_count_24h                           1.2
   📰 funding_rate                             1.2
   📰 funding_vs_market                        1.1
      vol_price_corr_24h                       1.1
      ret_sharpe_24h                           1.1

   📰 Sentiment features in top 30: 6/30

======================================================================
  FINAL SUMMARY — CatBoost (12h target)
======================================================================
   Rank IC (avg):            +0.0279
   Rank ICIR (avg):          +0.4720
   LS Sharpe net (avg):      +1.80
   LS MaxDD net (avg):       -94.1%
   LS VolTarget Sharpe:      +2.34
   LS DDStop Sharpe:         +3.30
   Cost model:               0.03% taker + 0.01% slip + 0.005%/8h funding
======================================================================
🟡 DECENT — CatBoost adds diversity, useful as ensemble member.

✅ Results saved to results/mega_comparison/models/WinA_train2024H1/catboost_news_no_deriv/
   Models: cb_model_seed_*.cbm
   Run ensemble: python run_fast_sim.py --ensemble --leverage 3 --rebal 24 --edge-boost
[13:06:20]    ✅ Done: catboost_news_no_deriv (180s)
[13:06:20] 🧠 Training: WinA_train2024H1 / catboost_huber
[13:06:20]    train_end=2024-04-30  val_end=2024-06-24
[13:06:20]    flags: --no-news --huber --huber-delta 1.0
======================================================================
  CATBOOST CRYPTO ALPHA MODEL
  12h Target + Ordered Boosting + Walk-Forward
======================================================================

📊 Loading data...
   Shape: (2565321, 107), Symbols: 50
   🎯 Adding targets...
   🌐 Adding cross-asset features...
   🔰 Adding advanced regime features...
   🕐 Adding 12h-specific features...
   ✅ Added ~10 features for 12h holding period
   📅 Adding calendar features...
   ✅ Added 9 calendar features
   🏛️ Adding macro features...
      Macro raw: 9 cols, derived: 29, total new: 38
   📰 Adding sentiment features... (news_mode=none)
      FNG: 2018-02-01 → 2026-03-11, mean=48.3
      Funding: 96,393 non-zero rows (3.8%)
      LS ratio: 0 non-missing rows
      Synthetic positioning features...
      ⏭️  Skipping news features (news_mode=none)
   ✅ Sentiment features added: 175 → 200 total
   📊 Adding derivatives features (Binance Futures)...
      Loaded metrics: 1,800,870 rows, 50 symbols, 2021-12-01 → 2026-03-12
      OI: 1,785,559 rows (69.6%), 9 features
      Taker: 1,648,976 rows (64.3%), 6 features
      Top L/S: 1,433,710 rows (55.9%), 5 features
      Global L/S: 3 features
      Binance funding: 2,239,209 rows (87.3%)
      Funding surprise: computed from OKX funding data
      Market-wide aggregates: 4 features
      Basis/Premium: 448,115 rows (17.5%), 6 features
      ⚠️  No liquidation data (run download_binance_futures.py)
      DVOL: 13 features (BTC range: 2021-04-01 → 2026-03-15)
   ✅ Derivatives features: +48 features
   Features: 248
   📐 Cross-sectional rank normalization...
   ✅ Ranked 167 CS features, preserved 81 unranked
   Final shape: (2564721, 267)
   Date range: 2017-09-16 09:00:00+00:00 → 2026-03-07 03:00:00+00:00

🔴 PRODUCTION MODE — max training data, models go to live trading
   Train: start → 2024-04-30
   Val:   2024-05-08 → 2024-06-24
   Test:  (none — live trading)

======================================================================
  ROLLING WALK-FORWARD (1 windows)
======================================================================

──────────────────────────────────────────────────────────────────────
  Window 1/1: PROD (max data)
  Train: → 2024-04-30
  Val:   2024-05-08 → 2024-06-24
  Test:  2024-06-24 → 2026-12-31
──────────────────────────────────────────────────────────────────────
   Train: 1,780,779 | Val: 56,400 | Test: 717,942
   🛡️  Huber loss enabled (delta=1.0)
0:	learn: 0.5868040	test: 0.5814034	best: 0.5814034 (0)	total: 14.1ms	remaining: 1m 10s
200:	learn: 0.2951417	test: 0.2949385	best: 0.2949385 (200)	total: 1.49s	remaining: 35.7s
400:	learn: 0.2864338	test: 0.2874334	best: 0.2874334 (400)	total: 2.98s	remaining: 34.2s
600:	learn: 0.2856455	test: 0.2871433	best: 0.2871433 (600)	total: 4.48s	remaining: 32.8s
800:	learn: 0.2850913	test: 0.2870125	best: 0.2870046 (785)	total: 5.97s	remaining: 31.3s
1000:	learn: 0.2846103	test: 0.2869054	best: 0.2869054 (1000)	total: 7.45s	remaining: 29.8s
1200:	learn: 0.2841595	test: 0.2868151	best: 0.2868131 (1196)	total: 8.93s	remaining: 28.3s
bestTest = 0.2867948539
bestIteration = 1222
Shrink model to first 1223 iterations.
   🔪 Feature selection: 248 → 198

   🌱 CatBoost multi-seed ensemble (5 seeds)...
      Seed 42 (1/5)... 0:	learn: 0.5868305	test: 0.5813653	best: 0.5813653 (0)	total: 5.68ms	remaining: 28.4s
200:	learn: 0.2951320	test: 0.2949354	best: 0.2949354 (200)	total: 1.19s	remaining: 28.4s
400:	learn: 0.2864238	test: 0.2873681	best: 0.2873681 (400)	total: 2.4s	remaining: 27.6s
600:	learn: 0.2856384	test: 0.2870672	best: 0.2870672 (600)	total: 3.63s	remaining: 26.6s
800:	learn: 0.2850877	test: 0.2869105	best: 0.2869099 (799)	total: 4.85s	remaining: 25.4s
1000:	learn: 0.2845989	test: 0.2867773	best: 0.2867743 (992)	total: 6.05s	remaining: 24.2s
1200:	learn: 0.2841400	test: 0.2866922	best: 0.2866829 (1170)	total: 7.26s	remaining: 23s
1400:	learn: 0.2837020	test: 0.2866338	best: 0.2866256 (1309)	total: 8.47s	remaining: 21.8s
bestTest = 0.2866255909
bestIteration = 1309
Shrink model to first 1310 iterations.
iters=1309
      Seed 123 (2/5)... 0:	learn: 0.5868020	test: 0.5813793	best: 0.5813793 (0)	total: 6.71ms	remaining: 33.5s
200:	learn: 0.2951071	test: 0.2948745	best: 0.2948745 (200)	total: 1.18s	remaining: 28.2s
400:	learn: 0.2864060	test: 0.2873952	best: 0.2873952 (400)	total: 2.38s	remaining: 27.3s
600:	learn: 0.2856275	test: 0.2871105	best: 0.2871105 (600)	total: 3.61s	remaining: 26.4s
800:	learn: 0.2850659	test: 0.2869537	best: 0.2869488 (795)	total: 4.83s	remaining: 25.3s
1000:	learn: 0.2845822	test: 0.2868393	best: 0.2868393 (1000)	total: 6.05s	remaining: 24.2s
bestTest = 0.2868338227
bestIteration = 1022
Shrink model to first 1023 iterations.
iters=1022
      Seed 456 (3/5)... 0:	learn: 0.5868000	test: 0.5814061	best: 0.5814061 (0)	total: 6.29ms	remaining: 31.5s
200:	learn: 0.2951235	test: 0.2950003	best: 0.2950003 (200)	total: 1.19s	remaining: 28.5s
400:	learn: 0.2864191	test: 0.2873636	best: 0.2873636 (400)	total: 2.41s	remaining: 27.6s
600:	learn: 0.2856353	test: 0.2871185	best: 0.2871182 (599)	total: 3.63s	remaining: 26.5s
800:	learn: 0.2850773	test: 0.2869605	best: 0.2869605 (800)	total: 4.84s	remaining: 25.4s
1000:	learn: 0.2845918	test: 0.2868243	best: 0.2868242 (996)	total: 6.06s	remaining: 24.2s
1200:	learn: 0.2841298	test: 0.2867465	best: 0.2867465 (1200)	total: 7.27s	remaining: 23s
1400:	learn: 0.2836860	test: 0.2866716	best: 0.2866642 (1380)	total: 8.49s	remaining: 21.8s
bestTest = 0.2866642353
bestIteration = 1380
Shrink model to first 1381 iterations.
iters=1380
      Seed 789 (4/5)... 0:	learn: 0.5867990	test: 0.5813993	best: 0.5813993 (0)	total: 6.52ms	remaining: 32.6s
200:	learn: 0.2951229	test: 0.2948795	best: 0.2948795 (200)	total: 1.2s	remaining: 28.7s
400:	learn: 0.2864208	test: 0.2874134	best: 0.2874134 (400)	total: 2.41s	remaining: 27.6s
600:	learn: 0.2856335	test: 0.2871090	best: 0.2871090 (600)	total: 3.63s	remaining: 26.6s
800:	learn: 0.2850700	test: 0.2869106	best: 0.2869106 (800)	total: 4.85s	remaining: 25.4s
1000:	learn: 0.2845882	test: 0.2867976	best: 0.2867967 (997)	total: 6.07s	remaining: 24.2s
1200:	learn: 0.2841300	test: 0.2867158	best: 0.2867158 (1200)	total: 7.28s	remaining: 23s
1400:	learn: 0.2836945	test: 0.2866455	best: 0.2866420 (1380)	total: 8.49s	remaining: 21.8s
1600:	learn: 0.2832723	test: 0.2865887	best: 0.2865878 (1599)	total: 9.69s	remaining: 20.6s
bestTest = 0.2865701748
bestIteration = 1641
Shrink model to first 1642 iterations.
iters=1641
      Seed 2024 (5/5)... 0:	learn: 0.5868286	test: 0.5813729	best: 0.5813729 (0)	total: 6.38ms	remaining: 31.9s
200:	learn: 0.2951435	test: 0.2949488	best: 0.2949488 (200)	total: 1.18s	remaining: 28.2s
400:	learn: 0.2864219	test: 0.2873651	best: 0.2873651 (400)	total: 2.4s	remaining: 27.5s
600:	learn: 0.2856331	test: 0.2870825	best: 0.2870809 (594)	total: 3.61s	remaining: 26.4s
800:	learn: 0.2850816	test: 0.2869209	best: 0.2869204 (799)	total: 4.82s	remaining: 25.3s
1000:	learn: 0.2845893	test: 0.2867596	best: 0.2867596 (1000)	total: 6.03s	remaining: 24.1s
1200:	learn: 0.2841427	test: 0.2867213	best: 0.2867120 (1112)	total: 7.25s	remaining: 22.9s
bestTest = 0.2867119636
bestIteration = 1112
Shrink model to first 1113 iterations.
iters=1112
   💾 Saved 5 CatBoost models + feature names

   📈 Window 1 Results:
      IC                             0.016
      Rank_IC                        0.0308
      ICIR                           0.3192
      Rank_ICIR                      0.4894
      LS_Sharpe_raw                  3.56
      LS_Sharpe_net                  2.25
      LS_Ann_Return_net_%            89.2
      LS_MaxDD_net_%                 -92.9
      LS_Total_net_%                 1611210604.5
      LS_VolTarget_Sharpe            2.81
      LS_VolTarget_MaxDD_%           -97.0
      LS_VolTarget_Total_%           651066733539214.1
      LS_DDStop_Sharpe               3.58
      LS_DDStop_MaxDD_%              -25.0
      LS_DDStop_Total_%              673677770.7
      LO5_Sharpe                     0.48
      LO10_Sharpe                    0.21
      N_periods                      14908
      Cost_per_period_bps            3.5

======================================================================
  AGGREGATE RESULTS (1 windows)
======================================================================

   📈 Combined Results (all windows):
      Periods: 14908
      LS Net:       Sharpe=2.25, MaxDD=-92.9%, Total=1611210604.5%
      LS VolTarget: Sharpe=2.81, MaxDD=-97.0%, Total=651066733539214.1%
      LS DDStop:    Sharpe=3.58, MaxDD=-25.0%, Total=673677770.7%

🏆 Top 30 Features (CatBoost, last window):
      btc_vol_24h                              3.1
      gk_vol_168h                              2.8
      atr_48                                   2.3
      close_ma720_ratio                        2.3
      vix_close_chg_1d                         2.2
      ret_std_168h                             2.0
   📰 btc_beta_168h                            1.7
      close_ma336_ratio                        1.7
      gk_vol_48h                               1.7
      vol_trend_12_48                          1.7
      close_ma6_ratio                          1.6
      vol_price_corr_48h                       1.6
      ret_sharpe_168h                          1.5
   📰 funding_rate_binance                     1.5
      spx_close_chg_1d                         1.5
      regime_breadth_bullish                   1.5
      gk_vol_24h                               1.5
      oi_value_usd                             1.4
      close_ma12_ratio                         1.4
      breadth_pct_positive                     1.4
      atr_24                                   1.2
      spx_close_chg_20d                        1.2
   📰 btc_beta_48h                             1.1
      atr_14                                   1.1
      vol_12h_cs_rank                          1.1
      close_ma24_ratio                         1.1
      ret_std_48h                              1.1
      mom_accel_12h                            1.0
      ret_2h                                   0.9
      vol_price_corr_24h                       0.9

   📰 Sentiment features in top 30: 3/30

======================================================================
  FINAL SUMMARY — CatBoost (12h target)
======================================================================
   Rank IC (avg):            +0.0308
   Rank ICIR (avg):          +0.4894
   LS Sharpe net (avg):      +2.25
   LS MaxDD net (avg):       -92.9%
   LS VolTarget Sharpe:      +2.81
   LS DDStop Sharpe:         +3.58
   Cost model:               0.03% taker + 0.01% slip + 0.005%/8h funding
======================================================================
🟡 DECENT — CatBoost adds diversity, useful as ensemble member.

✅ Results saved to results/mega_comparison/models/WinA_train2024H1/catboost_huber/
   Models: cb_model_seed_*.cbm
   Run ensemble: python run_fast_sim.py --ensemble --leverage 3 --rebal 24 --edge-boost
[13:10:31]    ✅ Done: catboost_huber (251s)
[13:10:31] 🧠 Training: WinA_train2024H1 / catboost_huber_no_deriv
[13:10:31]    train_end=2024-04-30  val_end=2024-06-24
[13:10:31]    flags: --no-news --no-derivatives --huber --huber-delta 1.0
======================================================================
  CATBOOST CRYPTO ALPHA MODEL
  12h Target + Ordered Boosting + Walk-Forward
======================================================================

📊 Loading data...
   Shape: (2565321, 107), Symbols: 50
   🎯 Adding targets...
   🌐 Adding cross-asset features...
   🔰 Adding advanced regime features...
   🕐 Adding 12h-specific features...
   ✅ Added ~10 features for 12h holding period
   📅 Adding calendar features...
   ✅ Added 9 calendar features
   🏛️ Adding macro features...
      Macro raw: 9 cols, derived: 29, total new: 38
   📰 Adding sentiment features... (news_mode=none)
      FNG: 2018-02-01 → 2026-03-11, mean=48.3
      Funding: 96,393 non-zero rows (3.8%)
      LS ratio: 0 non-missing rows
      Synthetic positioning features...
      ⏭️  Skipping news features (news_mode=none)
   ✅ Sentiment features added: 175 → 200 total
   ⏭️  Skipping derivatives features (--no-derivatives)
   Features: 200
   📐 Cross-sectional rank normalization...
   ✅ Ranked 132 CS features, preserved 68 unranked
   Final shape: (2564721, 219)
   Date range: 2017-09-16 09:00:00+00:00 → 2026-03-07 03:00:00+00:00

🔴 PRODUCTION MODE — max training data, models go to live trading
   Train: start → 2024-04-30
   Val:   2024-05-08 → 2024-06-24
   Test:  (none — live trading)

======================================================================
  ROLLING WALK-FORWARD (1 windows)
======================================================================

──────────────────────────────────────────────────────────────────────
  Window 1/1: PROD (max data)
  Train: → 2024-04-30
  Val:   2024-05-08 → 2024-06-24
  Test:  2024-06-24 → 2026-12-31
──────────────────────────────────────────────────────────────────────
   Train: 1,780,779 | Val: 56,400 | Test: 717,942
   🛡️  Huber loss enabled (delta=1.0)
0:	learn: 0.5868045	test: 0.5814035	best: 0.5814035 (0)	total: 12.9ms	remaining: 1m 4s
200:	learn: 0.2951415	test: 0.2948910	best: 0.2948910 (200)	total: 1.29s	remaining: 30.7s
400:	learn: 0.2864294	test: 0.2874266	best: 0.2874266 (400)	total: 2.55s	remaining: 29.3s
600:	learn: 0.2856716	test: 0.2871552	best: 0.2871541 (599)	total: 3.83s	remaining: 28s
800:	learn: 0.2851420	test: 0.2870587	best: 0.2870471 (768)	total: 5.09s	remaining: 26.7s
1000:	learn: 0.2846831	test: 0.2870111	best: 0.2870111 (1000)	total: 6.35s	remaining: 25.4s
1200:	learn: 0.2842491	test: 0.2869853	best: 0.2869805 (1188)	total: 7.61s	remaining: 24.1s
1400:	learn: 0.2838442	test: 0.2869472	best: 0.2869462 (1334)	total: 8.86s	remaining: 22.8s
1600:	learn: 0.2834347	test: 0.2869445	best: 0.2869312 (1546)	total: 10.1s	remaining: 21.5s
bestTest = 0.286931161
bestIteration = 1546
Shrink model to first 1547 iterations.
   🔪 Feature selection: 200 → 160

   🌱 CatBoost multi-seed ensemble (5 seeds)...
      Seed 42 (1/5)... 0:	learn: 0.5868046	test: 0.5813985	best: 0.5813985 (0)	total: 5.67ms	remaining: 28.4s
200:	learn: 0.2951303	test: 0.2948528	best: 0.2948528 (200)	total: 1.12s	remaining: 26.7s
400:	learn: 0.2864136	test: 0.2873903	best: 0.2873903 (400)	total: 2.25s	remaining: 25.8s
600:	learn: 0.2856461	test: 0.2871666	best: 0.2871620 (576)	total: 3.39s	remaining: 24.8s
800:	learn: 0.2851256	test: 0.2870876	best: 0.2870876 (800)	total: 4.52s	remaining: 23.7s
1000:	learn: 0.2846638	test: 0.2870221	best: 0.2870163 (988)	total: 5.65s	remaining: 22.6s
1200:	learn: 0.2842484	test: 0.2870077	best: 0.2870009 (1143)	total: 6.78s	remaining: 21.4s
bestTest = 0.2870009116
bestIteration = 1143
Shrink model to first 1144 iterations.
iters=1143
      Seed 123 (2/5)... 0:	learn: 0.5868084	test: 0.5813980	best: 0.5813980 (0)	total: 6.08ms	remaining: 30.4s
200:	learn: 0.2951350	test: 0.2949496	best: 0.2949496 (200)	total: 1.11s	remaining: 26.5s
400:	learn: 0.2864295	test: 0.2874751	best: 0.2874751 (400)	total: 2.24s	remaining: 25.7s
600:	learn: 0.2856837	test: 0.2872034	best: 0.2872034 (600)	total: 3.38s	remaining: 24.7s
800:	learn: 0.2851572	test: 0.2870911	best: 0.2870911 (800)	total: 4.51s	remaining: 23.6s
1000:	learn: 0.2846960	test: 0.2869977	best: 0.2869977 (1000)	total: 5.64s	remaining: 22.5s
1200:	learn: 0.2842549	test: 0.2869660	best: 0.2869562 (1179)	total: 6.76s	remaining: 21.4s
bestTest = 0.2869561881
bestIteration = 1179
Shrink model to first 1180 iterations.
iters=1179
      Seed 456 (3/5)... 0:	learn: 0.5868058	test: 0.5813967	best: 0.5813967 (0)	total: 5.94ms	remaining: 29.7s
200:	learn: 0.2951260	test: 0.2949339	best: 0.2949339 (200)	total: 1.11s	remaining: 26.4s
400:	learn: 0.2864358	test: 0.2874106	best: 0.2874106 (400)	total: 2.23s	remaining: 25.6s
600:	learn: 0.2856706	test: 0.2871474	best: 0.2871471 (598)	total: 3.37s	remaining: 24.6s
800:	learn: 0.2851507	test: 0.2870309	best: 0.2870309 (800)	total: 4.5s	remaining: 23.6s
1000:	learn: 0.2846870	test: 0.2869852	best: 0.2869852 (1000)	total: 5.63s	remaining: 22.5s
1200:	learn: 0.2842659	test: 0.2869505	best: 0.2869369 (1131)	total: 6.75s	remaining: 21.4s
bestTest = 0.2869368636
bestIteration = 1131
Shrink model to first 1132 iterations.
iters=1131
      Seed 789 (4/5)... 0:	learn: 0.5868132	test: 0.5813965	best: 0.5813965 (0)	total: 6.38ms	remaining: 31.9s
200:	learn: 0.2951085	test: 0.2949355	best: 0.2949355 (200)	total: 1.12s	remaining: 26.8s
400:	learn: 0.2864133	test: 0.2874176	best: 0.2874176 (400)	total: 2.24s	remaining: 25.6s
600:	learn: 0.2856683	test: 0.2871405	best: 0.2871405 (600)	total: 3.36s	remaining: 24.6s
800:	learn: 0.2851586	test: 0.2870482	best: 0.2870482 (800)	total: 4.5s	remaining: 23.6s
1000:	learn: 0.2846933	test: 0.2869702	best: 0.2869689 (991)	total: 5.62s	remaining: 22.4s
bestTest = 0.2869416458
bestIteration = 1090
Shrink model to first 1091 iterations.
iters=1090
      Seed 2024 (5/5)... 0:	learn: 0.5868286	test: 0.5813638	best: 0.5813638 (0)	total: 6.17ms	remaining: 30.8s
200:	learn: 0.2951067	test: 0.2948887	best: 0.2948887 (200)	total: 1.11s	remaining: 26.5s
400:	learn: 0.2864163	test: 0.2874324	best: 0.2874324 (400)	total: 2.24s	remaining: 25.7s
600:	learn: 0.2856442	test: 0.2871747	best: 0.2871747 (600)	total: 3.37s	remaining: 24.7s
800:	learn: 0.2851363	test: 0.2870918	best: 0.2870888 (760)	total: 4.5s	remaining: 23.6s
1000:	learn: 0.2846812	test: 0.2870448	best: 0.2870405 (990)	total: 5.62s	remaining: 22.4s
bestTest = 0.2870363688
bestIteration = 1086
Shrink model to first 1087 iterations.
iters=1086
   💾 Saved 5 CatBoost models + feature names

   📈 Window 1 Results:
      IC                             0.0145
      Rank_IC                        0.0295
      ICIR                           0.316
      Rank_ICIR                      0.4764
      LS_Sharpe_raw                  3.1
      LS_Sharpe_net                  1.8
      LS_Ann_Return_net_%            72.1
      LS_MaxDD_net_%                 -93.1
      LS_Total_net_%                 47821675.2
      LS_VolTarget_Sharpe            2.41
      LS_VolTarget_MaxDD_%           -97.6
      LS_VolTarget_Total_%           6642140110569.2
      LS_DDStop_Sharpe               3.26
      LS_DDStop_MaxDD_%              -24.8
      LS_DDStop_Total_%              75491753.1
      LO5_Sharpe                     0.37
      LO10_Sharpe                    0.12
      N_periods                      14908
      Cost_per_period_bps            3.5

======================================================================
  AGGREGATE RESULTS (1 windows)
======================================================================

   📈 Combined Results (all windows):
      Periods: 14908
      LS Net:       Sharpe=1.80, MaxDD=-93.1%, Total=47821675.2%
      LS VolTarget: Sharpe=2.41, MaxDD=-97.6%, Total=6642140110569.2%
      LS DDStop:    Sharpe=3.26, MaxDD=-24.8%, Total=75491753.1%

🏆 Top 30 Features (CatBoost, last window):
      btc_vol_24h                              3.3
      gk_vol_168h                              3.3
      close_ma720_ratio                        2.6
      vix_close_chg_1d                         2.4
      atr_48                                   2.3
      ret_sharpe_168h                          2.2
      gk_vol_24h                               2.2
      ret_std_168h                             2.0
      close_ma336_ratio                        1.9
      vol_trend_12_48                          1.8
      gk_vol_48h                               1.7
      close_ma6_ratio                          1.7
      close_ma12_ratio                         1.7
      spx_close_chg_1d                         1.6
      breadth_pct_positive                     1.6
      vol_price_corr_48h                       1.6
   📰 btc_beta_168h                            1.6
      regime_breadth_bullish                   1.6
      vol_12h_cs_rank                          1.5
      spx_close_chg_20d                        1.4
      atr_24                                   1.3
      ret_std_48h                              1.3
   📰 market_funding_std                       1.2
   📰 btc_beta_48h                             1.2
   📰 funding_vs_market                        1.1
      vol_price_corr_24h                       1.1
      ret_sharpe_24h                           1.1
      ret_2h                                   1.0
      close_ma24_ratio                         1.0
      cci_48                                   1.0

   📰 Sentiment features in top 30: 4/30

======================================================================
  FINAL SUMMARY — CatBoost (12h target)
======================================================================
   Rank IC (avg):            +0.0295
   Rank ICIR (avg):          +0.4764
   LS Sharpe net (avg):      +1.80
   LS MaxDD net (avg):       -93.1%
   LS VolTarget Sharpe:      +2.41
   LS DDStop Sharpe:         +3.26
   Cost model:               0.03% taker + 0.01% slip + 0.005%/8h funding
======================================================================
🟡 DECENT — CatBoost adds diversity, useful as ensemble member.

✅ Results saved to results/mega_comparison/models/WinA_train2024H1/catboost_huber_no_deriv/
   Models: cb_model_seed_*.cbm
   Run ensemble: python run_fast_sim.py --ensemble --leverage 3 --rebal 24 --edge-boost
[13:13:37]    ✅ Done: catboost_huber_no_deriv (186s)
[13:13:37] 🧠 Training: WinA_train2024H1 / xgboost_with_news
[13:13:37]    train_end=2024-04-30  val_end=2024-06-24
[13:13:37]    flags: --news-mode all
======================================================================
  XGBOOST + NEWS INTERACTIONS — CRYPTO ALPHA MODEL
  12h Target + Level-wise Trees + News × Price Interactions
======================================================================

📊 Loading data...
   Shape: (2565321, 107), Symbols: 50
   🎯 Adding targets...
   🌐 Adding cross-asset features...
   🔰 Adding advanced regime features...
   🕐 Adding 12h-specific features...
   ✅ Added ~10 features for 12h holding period
   📅 Adding calendar features...
   ✅ Added 9 calendar features
   🏛️ Adding macro features...
      Macro raw: 9 cols, derived: 29, total new: 38
   📰 Adding sentiment features... (news_mode=all)
      FNG: 2018-02-01 → 2026-03-11, mean=48.3
      Funding: 96,393 non-zero rows (3.8%)
      LS ratio: 0 non-missing rows
      Synthetic positioning features...
      Loading news features (mode=all)...
      + coin-level news: 8 features
      + market-level news: 7 features
      📊 Coverage: 2,228,238/2,565,321 rows (86.9%)
      📰 Events: 1,100,564/2,228,238 covered rows (49.4%) have news
      🕳️  Holes: 337,083 rows = NaN (not 0!)
   ✅ Sentiment features added: 175 → 212 total
   📊 Adding derivatives features (Binance Futures)...
      Loaded metrics: 1,800,870 rows, 50 symbols, 2021-12-01 → 2026-03-12
      OI: 1,785,559 rows (69.6%), 9 features
      Taker: 1,648,976 rows (64.3%), 6 features
      Top L/S: 1,433,710 rows (55.9%), 5 features
      Global L/S: 3 features
      Binance funding: 2,239,209 rows (87.3%)
      Funding surprise: computed from OKX funding data
      Market-wide aggregates: 4 features
      Basis/Premium: 448,115 rows (17.5%), 6 features
      ⚠️  No liquidation data (run download_binance_futures.py)
      DVOL: 13 features (BTC range: 2021-04-01 → 2026-03-15)
   ✅ Derivatives features: +48 features
   🧬 Adding news interaction features...
   ✅ Added 23 news interaction features
   Features: 283 (23 news interactions)
   📐 Cross-sectional rank normalization...
   ✅ Ranked 195 CS features, preserved 88 unranked
   Final shape: (2564721, 302)
   Date range: 2017-09-16 09:00:00+00:00 → 2026-03-07 03:00:00+00:00

🔴 PRODUCTION MODE — max training data, models go to live trading
   Train: start → 2024-04-30
   Val:   2024-05-08 → 2024-06-24
   Test:  (none — live trading)

======================================================================
  ROLLING WALK-FORWARD (1 windows)
======================================================================

──────────────────────────────────────────────────────────────────────
  Window 1/1: PROD (max data)
  Train: → 2024-04-30
  Val:   2024-05-08 → 2024-06-24
  Test:  2024-06-24 → 2026-12-31
──────────────────────────────────────────────────────────────────────
   Train: 1,780,779 | Val: 56,400 | Test: 717,942
[0]	validation_0-rmse:0.28866
[200]	validation_0-rmse:0.28706
[400]	validation_0-rmse:0.28689
[600]	validation_0-rmse:0.28683
[800]	validation_0-rmse:0.28674
[1000]	validation_0-rmse:0.28673
[1109]	validation_0-rmse:0.28675
   🔪 Feature selection: 283 → 231
      (including 21 news interaction features)

   🌱 XGBoost multi-seed ensemble (5 seeds)...
      Seed 42 (1/5)... [0]	validation_0-rmse:0.28866
[200]	validation_0-rmse:0.28706
[400]	validation_0-rmse:0.28689
[600]	validation_0-rmse:0.28674
[800]	validation_0-rmse:0.28668
[875]	validation_0-rmse:0.28667
iters=775
      Seed 123 (2/5)... [0]	validation_0-rmse:0.28866
[200]	validation_0-rmse:0.28705
[400]	validation_0-rmse:0.28689
[600]	validation_0-rmse:0.28680
[800]	validation_0-rmse:0.28675
[1000]	validation_0-rmse:0.28673
[1008]	validation_0-rmse:0.28673
iters=908
      Seed 456 (3/5)... [0]	validation_0-rmse:0.28866
[200]	validation_0-rmse:0.28703
[400]	validation_0-rmse:0.28685
[600]	validation_0-rmse:0.28673
[800]	validation_0-rmse:0.28659
[1000]	validation_0-rmse:0.28656
[1200]	validation_0-rmse:0.28653
[1353]	validation_0-rmse:0.28653
iters=1253
      Seed 789 (4/5)... [0]	validation_0-rmse:0.28866
[200]	validation_0-rmse:0.28707
[400]	validation_0-rmse:0.28693
[600]	validation_0-rmse:0.28679
[800]	validation_0-rmse:0.28674
[843]	validation_0-rmse:0.28673
iters=743
      Seed 2024 (5/5)... [0]	validation_0-rmse:0.28866
[200]	validation_0-rmse:0.28705
[400]	validation_0-rmse:0.28687
[600]	validation_0-rmse:0.28675
[800]	validation_0-rmse:0.28671
[804]	validation_0-rmse:0.28671
iters=704
   💾 Saved 5 XGBoost models + feature names

   📈 Window 1 Results:
      IC                             0.013
      Rank_IC                        0.0272
      ICIR                           0.309
      Rank_ICIR                      0.4955
      LS_Sharpe_raw                  3.62
      LS_Sharpe_net                  2.27
      LS_Ann_Return_net_%            87.2
      LS_MaxDD_net_%                 -94.7
      LS_Total_net_%                 1169660317.3
      LS_VolTarget_Sharpe            2.76
      LS_VolTarget_MaxDD_%           -96.5
      LS_VolTarget_Total_%           270753507490771.0
      LS_DDStop_Sharpe               3.68
      LS_DDStop_MaxDD_%              -25.0
      LS_DDStop_Total_%              973813855.1
      LO5_Sharpe                     0.44
      LO10_Sharpe                    0.18
      N_periods                      14908
      Cost_per_period_bps            3.5

======================================================================
  AGGREGATE RESULTS (1 windows)
======================================================================

   📈 Combined Results (all windows):
      Periods: 14908
      LS Net:       Sharpe=2.27, MaxDD=-94.7%, Total=1169660317.3%
      LS VolTarget: Sharpe=2.76, MaxDD=-96.5%, Total=270753507490771.0%
      LS DDStop:    Sharpe=3.68, MaxDD=-25.0%, Total=973813855.1%

🏆 Top 30 Features (XGBoost, last window):
   🧬 nx_high_vol_positive                     0.0329
   🧬 nx_high_vol_negative                     0.0314
      btc_ret_1h                               0.0223
   📰 funding_rate                             0.0197
   📰 market_dispersion                        0.0193
      gk_vol_24h                               0.0166
      eth_ret_12h                              0.0151
      close_ma6_ratio                          0.0139
      btc_ret_24h                              0.0136
   🧬 nx_high_volume                           0.0132
      eth_ret_4h                               0.0129
      eth_ret_1h                               0.0123
      btc_ret_12h                              0.0121
      close_ma12_ratio                         0.0114
      btc_ret_4h                               0.0113
      ret_std_48h                              0.0105
   🧬 nx_is_burst                              0.0102
   📰 market_funding_std                       0.0090
      ret_2h                                   0.0088
   🧬 nx_burst_ratio                           0.0080
      low_close_ratio                          0.0077
      close_open_ratio                         0.0072
   📰 vol_surge_24h                            0.0071
      vol_ma24_ratio                           0.0070
      gk_vol_48h                               0.0068
      regime_breadth_bullish                   0.0068
      breadth_pct_positive                     0.0066
      eth_ret_24h                              0.0064
      vol_price_corr_48h                       0.0059
      eth_btc_ret_24h                          0.0059

   🧬 News interaction features in top 30: 5/30
   📰 All news-related features in top 30: 5/30

======================================================================
  FINAL SUMMARY — XGBoost + News Interactions (12h target)
======================================================================
   Rank IC (avg):            +0.0272
   Rank ICIR (avg):          +0.4955
   LS Sharpe net (avg):      +2.27
   LS MaxDD net (avg):       -94.7%
   LS DDStop Sharpe:         +3.68
   LS DDStop MaxDD:          -25.0%
   Cost model:               0.03% taker + 0.01% slip + 0.005%/8h funding
======================================================================
🟢 STRONG — XGBoost news model adds alpha. Ready for ensemble.

✅ Results saved to results/mega_comparison/models/WinA_train2024H1/xgboost_with_news/
   Models: xgb_model_seed_*.json
   Run ensemble: python run_fast_sim.py --ensemble --edge-boost --days 365
[13:18:17]    ✅ Done: xgboost_with_news (280s)
[13:18:17] 🧠 Training: WinA_train2024H1 / xgboost_no_news
[13:18:17]    train_end=2024-04-30  val_end=2024-06-24
[13:18:17]    flags: --no-news
======================================================================
  XGBOOST + NEWS INTERACTIONS — CRYPTO ALPHA MODEL
  12h Target + Level-wise Trees + News × Price Interactions
======================================================================

📊 Loading data...
   Shape: (2565321, 107), Symbols: 50
   🎯 Adding targets...
   🌐 Adding cross-asset features...
   🔰 Adding advanced regime features...
   🕐 Adding 12h-specific features...
   ✅ Added ~10 features for 12h holding period
   📅 Adding calendar features...
   ✅ Added 9 calendar features
   🏛️ Adding macro features...
      Macro raw: 9 cols, derived: 29, total new: 38
   📰 Adding sentiment features... (news_mode=none)
      FNG: 2018-02-01 → 2026-03-11, mean=48.3
      Funding: 96,393 non-zero rows (3.8%)
      LS ratio: 0 non-missing rows
      Synthetic positioning features...
      ⏭️  Skipping news features (news_mode=none)
   ✅ Sentiment features added: 175 → 200 total
   📊 Adding derivatives features (Binance Futures)...
      Loaded metrics: 1,800,870 rows, 50 symbols, 2021-12-01 → 2026-03-12
      OI: 1,785,559 rows (69.6%), 9 features
      Taker: 1,648,976 rows (64.3%), 6 features
      Top L/S: 1,433,710 rows (55.9%), 5 features
      Global L/S: 3 features
      Binance funding: 2,239,209 rows (87.3%)
      Funding surprise: computed from OKX funding data
      Market-wide aggregates: 4 features
      Basis/Premium: 448,115 rows (17.5%), 6 features
      ⚠️  No liquidation data (run download_binance_futures.py)
      DVOL: 13 features (BTC range: 2021-04-01 → 2026-03-15)
   ✅ Derivatives features: +48 features
   ⏭️  Skipping news interaction features (news_mode=none)
   Features: 248 (0 news interactions)
   📐 Cross-sectional rank normalization...
   ✅ Ranked 167 CS features, preserved 81 unranked
   Final shape: (2564721, 267)
   Date range: 2017-09-16 09:00:00+00:00 → 2026-03-07 03:00:00+00:00

🔴 PRODUCTION MODE — max training data, models go to live trading
   Train: start → 2024-04-30
   Val:   2024-05-08 → 2024-06-24
   Test:  (none — live trading)

======================================================================
  ROLLING WALK-FORWARD (1 windows)
======================================================================

──────────────────────────────────────────────────────────────────────
  Window 1/1: PROD (max data)
  Train: → 2024-04-30
  Val:   2024-05-08 → 2024-06-24
  Test:  2024-06-24 → 2026-12-31
──────────────────────────────────────────────────────────────────────
   Train: 1,780,779 | Val: 56,400 | Test: 717,942
[0]	validation_0-rmse:0.28866
[200]	validation_0-rmse:0.28705
[400]	validation_0-rmse:0.28685
[600]	validation_0-rmse:0.28671
[680]	validation_0-rmse:0.28673
   🔪 Feature selection: 248 → 198
      (including 0 news interaction features)

   🌱 XGBoost multi-seed ensemble (5 seeds)...
      Seed 42 (1/5)... [0]	validation_0-rmse:0.28866
[200]	validation_0-rmse:0.28703
[400]	validation_0-rmse:0.28686
[600]	validation_0-rmse:0.28674
[796]	validation_0-rmse:0.28671
iters=696
      Seed 123 (2/5)... [0]	validation_0-rmse:0.28866
[200]	validation_0-rmse:0.28706
[400]	validation_0-rmse:0.28682
[600]	validation_0-rmse:0.28670
[800]	validation_0-rmse:0.28664
[885]	validation_0-rmse:0.28666
iters=785
      Seed 456 (3/5)... [0]	validation_0-rmse:0.28866
[200]	validation_0-rmse:0.28706
[400]	validation_0-rmse:0.28688
[600]	validation_0-rmse:0.28676
[800]	validation_0-rmse:0.28674
[842]	validation_0-rmse:0.28674
iters=742
      Seed 789 (4/5)... [0]	validation_0-rmse:0.28865
[200]	validation_0-rmse:0.28706
[400]	validation_0-rmse:0.28684
[600]	validation_0-rmse:0.28674
[800]	validation_0-rmse:0.28668
[988]	validation_0-rmse:0.28666
iters=888
      Seed 2024 (5/5)... [0]	validation_0-rmse:0.28866
[200]	validation_0-rmse:0.28703
[400]	validation_0-rmse:0.28683
[600]	validation_0-rmse:0.28676
[800]	validation_0-rmse:0.28673
[802]	validation_0-rmse:0.28673
iters=702
   💾 Saved 5 XGBoost models + feature names

   📈 Window 1 Results:
      IC                             0.0131
      Rank_IC                        0.027
      ICIR                           0.3034
      Rank_ICIR                      0.4912
      LS_Sharpe_raw                  3.55
      LS_Sharpe_net                  2.2
      LS_Ann_Return_net_%            84.6
      LS_MaxDD_net_%                 -94.5
      LS_Total_net_%                 696974696.2
      LS_VolTarget_Sharpe            2.73
      LS_VolTarget_MaxDD_%           -96.0
      LS_VolTarget_Total_%           179567274092168.0
      LS_DDStop_Sharpe               3.63
      LS_DDStop_MaxDD_%              -25.0
      LS_DDStop_Total_%              981318677.6
      LO5_Sharpe                     0.45
      LO10_Sharpe                    0.15
      N_periods                      14908
      Cost_per_period_bps            3.5

======================================================================
  AGGREGATE RESULTS (1 windows)
======================================================================

   📈 Combined Results (all windows):
      Periods: 14908
      LS Net:       Sharpe=2.20, MaxDD=-94.5%, Total=696974696.2%
      LS VolTarget: Sharpe=2.73, MaxDD=-96.0%, Total=179567274092168.0%
      LS DDStop:    Sharpe=3.63, MaxDD=-25.0%, Total=981318677.6%

🏆 Top 30 Features (XGBoost, last window):
   📰 funding_rate                             0.0342
   📰 funding_vs_market                        0.0296
      btc_ret_1h                               0.0257
   📰 market_dispersion                        0.0235
   📰 market_funding_std                       0.0212
      gk_vol_24h                               0.0175
      eth_ret_4h                               0.0173
      eth_ret_12h                              0.0168
      close_ma6_ratio                          0.0163
      btc_ret_24h                              0.0152
      eth_ret_1h                               0.0139
      close_ma12_ratio                         0.0131
      btc_ret_12h                              0.0130
      btc_ret_4h                               0.0128
      ret_std_48h                              0.0120
      ret_2h                                   0.0105
      regime_breadth_bullish                   0.0089
      close_open_ratio                         0.0087
      low_close_ratio                          0.0086
      eth_ret_24h                              0.0083
      gk_vol_48h                               0.0083
      breadth_pct_positive                     0.0075
   📰 vol_surge_24h                            0.0074
      vol_ma24_ratio                           0.0070
      vol_price_corr_48h                       0.0069
      vol_ma72_ratio                           0.0069
      ret_1h                                   0.0066
      atr_14                                   0.0060
      eth_btc_ret_24h                          0.0060
      btc_ret_48h                              0.0059

   🧬 News interaction features in top 30: 0/30
   📰 All news-related features in top 30: 0/30

======================================================================
  FINAL SUMMARY — XGBoost + News Interactions (12h target)
======================================================================
   Rank IC (avg):            +0.0270
   Rank ICIR (avg):          +0.4912
   LS Sharpe net (avg):      +2.20
   LS MaxDD net (avg):       -94.5%
   LS DDStop Sharpe:         +3.63
   LS DDStop MaxDD:          -25.0%
   Cost model:               0.03% taker + 0.01% slip + 0.005%/8h funding
======================================================================
🟢 STRONG — XGBoost news model adds alpha. Ready for ensemble.

✅ Results saved to results/mega_comparison/models/WinA_train2024H1/xgboost_no_news/
   Models: xgb_model_seed_*.json
   Run ensemble: python run_fast_sim.py --ensemble --edge-boost --days 365
[13:22:33]    ✅ Done: xgboost_no_news (256s)
[13:22:33] 🧠 Training: WinA_train2024H1 / xgboost_no_deriv
[13:22:33]    train_end=2024-04-30  val_end=2024-06-24
[13:22:33]    flags: --no-news --no-derivatives
======================================================================
  XGBOOST + NEWS INTERACTIONS — CRYPTO ALPHA MODEL
  12h Target + Level-wise Trees + News × Price Interactions
======================================================================

📊 Loading data...
   Shape: (2565321, 107), Symbols: 50
   🎯 Adding targets...
   🌐 Adding cross-asset features...
   🔰 Adding advanced regime features...
   🕐 Adding 12h-specific features...
   ✅ Added ~10 features for 12h holding period
   📅 Adding calendar features...
   ✅ Added 9 calendar features
   🏛️ Adding macro features...
      Macro raw: 9 cols, derived: 29, total new: 38
   📰 Adding sentiment features... (news_mode=none)
      FNG: 2018-02-01 → 2026-03-11, mean=48.3
      Funding: 96,393 non-zero rows (3.8%)
      LS ratio: 0 non-missing rows
      Synthetic positioning features...
      ⏭️  Skipping news features (news_mode=none)
   ✅ Sentiment features added: 175 → 200 total
   ⏭️  Skipping derivatives features (--no-derivatives)
   ⏭️  Skipping news interaction features (news_mode=none)
   Features: 200 (0 news interactions)
   📐 Cross-sectional rank normalization...
   ✅ Ranked 132 CS features, preserved 68 unranked
   Final shape: (2564721, 219)
   Date range: 2017-09-16 09:00:00+00:00 → 2026-03-07 03:00:00+00:00

🔴 PRODUCTION MODE — max training data, models go to live trading
   Train: start → 2024-04-30
   Val:   2024-05-08 → 2024-06-24
   Test:  (none — live trading)

======================================================================
  ROLLING WALK-FORWARD (1 windows)
======================================================================

──────────────────────────────────────────────────────────────────────
  Window 1/1: PROD (max data)
  Train: → 2024-04-30
  Val:   2024-05-08 → 2024-06-24
  Test:  2024-06-24 → 2026-12-31
──────────────────────────────────────────────────────────────────────
   Train: 1,780,779 | Val: 56,400 | Test: 717,942
[0]	validation_0-rmse:0.28866
[200]	validation_0-rmse:0.28711
[400]	validation_0-rmse:0.28695
[537]	validation_0-rmse:0.28693
   🔪 Feature selection: 200 → 160
      (including 0 news interaction features)

   🌱 XGBoost multi-seed ensemble (5 seeds)...
      Seed 42 (1/5)... [0]	validation_0-rmse:0.28866
[200]	validation_0-rmse:0.28713
[400]	validation_0-rmse:0.28696
[579]	validation_0-rmse:0.28695
iters=479
      Seed 123 (2/5)... [0]	validation_0-rmse:0.28866
[200]	validation_0-rmse:0.28715
[400]	validation_0-rmse:0.28696
[600]	validation_0-rmse:0.28695
[623]	validation_0-rmse:0.28694
iters=523
      Seed 456 (3/5)... [0]	validation_0-rmse:0.28866
[200]	validation_0-rmse:0.28720
[400]	validation_0-rmse:0.28698
[600]	validation_0-rmse:0.28690
[791]	validation_0-rmse:0.28688
iters=691
      Seed 789 (4/5)... [0]	validation_0-rmse:0.28866
[200]	validation_0-rmse:0.28715
[400]	validation_0-rmse:0.28694
[600]	validation_0-rmse:0.28685
[732]	validation_0-rmse:0.28685
iters=632
      Seed 2024 (5/5)... [0]	validation_0-rmse:0.28866
[200]	validation_0-rmse:0.28714
[400]	validation_0-rmse:0.28699
[600]	validation_0-rmse:0.28696
[648]	validation_0-rmse:0.28695
iters=548
   💾 Saved 5 XGBoost models + feature names

   📈 Window 1 Results:
      IC                             0.0113
      Rank_IC                        0.026
      ICIR                           0.3008
      Rank_ICIR                      0.4777
      LS_Sharpe_raw                  3.08
      LS_Sharpe_net                  1.74
      LS_Ann_Return_net_%            67.6
      LS_MaxDD_net_%                 -94.0
      LS_Total_net_%                 20771204.2
      LS_VolTarget_Sharpe            2.29
      LS_VolTarget_MaxDD_%           -96.7
      LS_VolTarget_Total_%           1264605806265.2
      LS_DDStop_Sharpe               3.03
      LS_DDStop_MaxDD_%              -25.0
      LS_DDStop_Total_%              24556464.5
      LO5_Sharpe                     0.39
      LO10_Sharpe                    0.1
      N_periods                      14908
      Cost_per_period_bps            3.5

======================================================================
  AGGREGATE RESULTS (1 windows)
======================================================================

   📈 Combined Results (all windows):
      Periods: 14908
      LS Net:       Sharpe=1.74, MaxDD=-94.0%, Total=20771204.2%
      LS VolTarget: Sharpe=2.29, MaxDD=-96.7%, Total=1264605806265.2%
      LS DDStop:    Sharpe=3.03, MaxDD=-25.0%, Total=24556464.5%

🏆 Top 30 Features (XGBoost, last window):
   📰 market_funding_std                       0.0375
   📰 market_dispersion                        0.0278
   📰 funding_rate                             0.0250
      btc_ret_1h                               0.0231
      gk_vol_24h                               0.0228
      eth_ret_12h                              0.0209
      close_ma6_ratio                          0.0197
      eth_ret_1h                               0.0174
      close_ma12_ratio                         0.0162
      ret_std_48h                              0.0159
      eth_ret_4h                               0.0152
      btc_ret_4h                               0.0142
      btc_ret_12h                              0.0140
      btc_ret_24h                              0.0138
      regime_breadth_bullish                   0.0125
      ret_2h                                   0.0124
      eth_ret_24h                              0.0109
      low_close_ratio                          0.0103
      atr_14                                   0.0103
      gk_vol_48h                               0.0101
      close_open_ratio                         0.0100
      vol_ma48_ratio                           0.0094
   📰 vol_surge_24h                            0.0091
      breadth_pct_positive                     0.0088
      vol_ma24_ratio                           0.0086
      vol_price_corr_48h                       0.0084
      atr_24                                   0.0079
      ret_std_168h                             0.0073
      ret_1h                                   0.0070
      gk_vol_168h                              0.0070

   🧬 News interaction features in top 30: 0/30
   📰 All news-related features in top 30: 0/30

======================================================================
  FINAL SUMMARY — XGBoost + News Interactions (12h target)
======================================================================
   Rank IC (avg):            +0.0260
   Rank ICIR (avg):          +0.4777
   LS Sharpe net (avg):      +1.74
   LS MaxDD net (avg):       -94.0%
   LS DDStop Sharpe:         +3.03
   LS DDStop MaxDD:          -25.0%
   Cost model:               0.03% taker + 0.01% slip + 0.005%/8h funding
======================================================================
🟢 STRONG — XGBoost news model adds alpha. Ready for ensemble.

✅ Results saved to results/mega_comparison/models/WinA_train2024H1/xgboost_no_deriv/
   Models: xgb_model_seed_*.json
   Run ensemble: python run_fast_sim.py --ensemble --edge-boost --days 365
[13:25:39]    ✅ Done: xgboost_no_deriv (186s)
[13:25:39] 
[13:25:39] ━━━━━━━━━━━━━━━━━━━━━━━━━━━━━━━━━━━━━━━━━━━━━━━━━━━━━━━━━━━━
[13:25:39]   WINDOW B: train_end=2024-10-31
[13:25:39] ━━━━━━━━━━━━━━━━━━━━━━━━━━━━━━━━━━━━━━━━━━━━━━━━━━━━━━━━━━━━
[13:25:39] 🧠 Training: WinB_train2024 / v6_base
[13:25:39]    train_end=2024-10-31  val_end=2024-12-24
[13:25:39]    flags: --no-news
======================================================================
  CRYPTO ALPHA MODEL v6
  12h Target + Optimized Holding Period + Walk-Forward
======================================================================

📊 Loading data...
   Shape: (2565321, 107), Symbols: 50
   🎯 Adding targets...
   🌐 Adding cross-asset features...
   🔰 Adding advanced regime features...
   🕐 Adding 12h-specific features...
   ✅ Added ~10 features for 12h holding period
   📅 Adding calendar features...
   ✅ Added 9 calendar features
   🏛️ Adding macro features...
      Macro raw: 9 cols, derived: 29, total new: 38
   📰 Adding sentiment features... (news_mode=none)
      FNG: 2018-02-01 → 2026-03-11, mean=48.3
      Funding: 96,393 non-zero rows (3.8%)
      LS ratio: 0 non-missing rows
      Synthetic positioning features...
      ⏭️  Skipping news features (news_mode=none)
   ✅ Sentiment features added: 175 → 200 total
   📊 Adding derivatives features (Binance Futures)...
      Loaded metrics: 1,800,870 rows, 50 symbols, 2021-12-01 → 2026-03-12
      OI: 1,785,559 rows (69.6%), 9 features
      Taker: 1,648,976 rows (64.3%), 6 features
      Top L/S: 1,433,710 rows (55.9%), 5 features
      Global L/S: 3 features
      Binance funding: 2,239,209 rows (87.3%)
      Funding surprise: computed from OKX funding data
      Market-wide aggregates: 4 features
      Basis/Premium: 448,115 rows (17.5%), 6 features
      ⚠️  No liquidation data (run download_binance_futures.py)
      DVOL: 13 features (BTC range: 2021-04-01 → 2026-03-15)
   ✅ Derivatives features: +48 features
   Features: 248
   📐 Cross-sectional rank normalization...
   ✅ Ranked 167 CS features, preserved 81 unranked
   Final shape: (2564721, 267)
   Date range: 2017-09-16 09:00:00+00:00 → 2026-03-07 03:00:00+00:00

🔴 PRODUCTION MODE — max training data, models go to live trading
   Train: start → 2024-10-31
   Val:   2024-11-08 → 2024-12-24
   Test:  (none — live trading)

======================================================================
  ROLLING WALK-FORWARD (1 windows)
======================================================================

──────────────────────────────────────────────────────────────────────
  Window 1/1: PROD (max data)
  Train: → 2024-10-31
  Val:   2024-11-08 → 2024-12-24
  Test:  2024-12-24 → 2026-12-31
──────────────────────────────────────────────────────────────────────
   Train: 2,000,342 | Val: 54,096 | Test: 500,875
Training until validation scores don't improve for 100 rounds
[200]	valid_0's l2: 0.0823783
[400]	valid_0's l2: 0.0821266
[600]	valid_0's l2: 0.0819658
[800]	valid_0's l2: 0.0818554
[1000]	valid_0's l2: 0.0817694
[1200]	valid_0's l2: 0.0816976
[1400]	valid_0's l2: 0.0816389
[1600]	valid_0's l2: 0.0816034
[1800]	valid_0's l2: 0.0815545
[2000]	valid_0's l2: 0.0815327
[2200]	valid_0's l2: 0.0815188
Early stopping, best iteration is:
[2106]	valid_0's l2: 0.0815101
   🔪 Feature selection: 248 → 197

   🌱 Multi-seed ensemble (5 seeds)...
      Seed 42 (1/5)... Training until validation scores don't improve for 100 rounds
[200]	valid_0's l2: 0.0823339
[400]	valid_0's l2: 0.0821035
[600]	valid_0's l2: 0.0819464
[800]	valid_0's l2: 0.0818313
[1000]	valid_0's l2: 0.0817523
[1200]	valid_0's l2: 0.0816922
[1400]	valid_0's l2: 0.0816594
[1600]	valid_0's l2: 0.0816297
Early stopping, best iteration is:
[1671]	valid_0's l2: 0.081612
iters=1671
      Seed 123 (2/5)... Training until validation scores don't improve for 100 rounds
[200]	valid_0's l2: 0.0823611
[400]	valid_0's l2: 0.0821306
[600]	valid_0's l2: 0.0819754
[800]	valid_0's l2: 0.081853
[1000]	valid_0's l2: 0.0817817
[1200]	valid_0's l2: 0.0817181
[1400]	valid_0's l2: 0.0816732
[1600]	valid_0's l2: 0.0816445
[1800]	valid_0's l2: 0.0816342
Early stopping, best iteration is:
[1712]	valid_0's l2: 0.0816254
iters=1712
      Seed 456 (3/5)... Training until validation scores don't improve for 100 rounds
[200]	valid_0's l2: 0.0823492
[400]	valid_0's l2: 0.0821084
[600]	valid_0's l2: 0.0819572
[800]	valid_0's l2: 0.0818435
[1000]	valid_0's l2: 0.0817525
[1200]	valid_0's l2: 0.081685
[1400]	valid_0's l2: 0.0816397
[1600]	valid_0's l2: 0.0816032
[1800]	valid_0's l2: 0.0815717
[2000]	valid_0's l2: 0.0815204
[2200]	valid_0's l2: 0.0815095
[2400]	valid_0's l2: 0.0814995
[2600]	valid_0's l2: 0.0814771
[2800]	valid_0's l2: 0.0814715
Early stopping, best iteration is:
[2772]	valid_0's l2: 0.0814572
iters=2772
      Seed 789 (4/5)... Training until validation scores don't improve for 100 rounds
[200]	valid_0's l2: 0.0823743
[400]	valid_0's l2: 0.0821442
[600]	valid_0's l2: 0.0819666
[800]	valid_0's l2: 0.0818483
[1000]	valid_0's l2: 0.0817529
[1200]	valid_0's l2: 0.0816903
[1400]	valid_0's l2: 0.0816411
[1600]	valid_0's l2: 0.0816005
Early stopping, best iteration is:
[1616]	valid_0's l2: 0.0815955
iters=1616
      Seed 2024 (5/5)... Training until validation scores don't improve for 100 rounds
[200]	valid_0's l2: 0.0823719
[400]	valid_0's l2: 0.0821281
[600]	valid_0's l2: 0.081983
[800]	valid_0's l2: 0.0818504
[1000]	valid_0's l2: 0.0817757
[1200]	valid_0's l2: 0.0817134
[1400]	valid_0's l2: 0.0816388
[1600]	valid_0's l2: 0.081609
Early stopping, best iteration is:
[1617]	valid_0's l2: 0.0816041
iters=1617
   💾 Saved 5 models + feature names

   📈 Window 1 Results:
      IC                             0.0166
      Rank_IC                        0.0266
      ICIR                           0.2984
      Rank_ICIR                      0.4788
      LS_Sharpe_raw                  3.41
      LS_Sharpe_net                  2.05
      LS_Ann_Return_net_%            78.2
      LS_MaxDD_net_%                 -94.7
      LS_Total_net_%                 2712513.2
      LS_VolTarget_Sharpe            2.71
      LS_VolTarget_MaxDD_%           -96.4
      LS_VolTarget_Total_%           46488945024.7
      LS_DDStop_Sharpe               3.6
      LS_DDStop_MaxDD_%              -25.0
      LS_DDStop_Total_%              1889236.4
      LO5_Sharpe                     -0.39
      LO10_Sharpe                    -0.65
      N_periods                      10516
      Cost_per_period_bps            3.5

======================================================================
  AGGREGATE RESULTS (1 windows)
======================================================================

   📈 Combined Results (all windows):
      Periods: 10516
      LS Net:       Sharpe=2.05, MaxDD=-94.7%, Total=2712513.2%
      LS VolTarget: Sharpe=2.71, MaxDD=-96.4%, Total=46488945024.7%
      LS DDStop:    Sharpe=3.60, MaxDD=-25.0%, Total=1889236.4%

🏆 Top 30 Features (last window):
      btc_vol_24h                              823
      oi_value_usd                             798
   📰 btc_beta_168h                            790
      vix_close_chg_1d                         776
      close_ma720_ratio                        773
      close_ma336_ratio                        731
      spx_close_chg_1d                         642
      gk_vol_168h                              636
      vol_12h_cs_rank                          614
   📰 fng_momentum                             579
   📰 funding_rate_binance                     579
      dxy_close                                572
      ret_sharpe_168h                          565
      spx_close_chg_20d                        551
      real_rate_chg_5d                         511
      breadth_pct_positive                     494
      vix_close_chg_20d                        485
   📰 fng_ma30                                 481
      ret_std_168h                             481
      ret_sharpe_24h                           454
      atr_48                                   447
   📰 fng_ma7                                  447
   📰 btc_beta_48h                             446
      macd_signal                              443
      global_ls_ratio                          439
      dxy_close_chg_20d                        435
      yield_curve_10y2y_chg_5d                 425
      yield_curve_10y2y_chg_20d                423
      vix_close                                415
      spx_close_chg_5d                         411

   📰 Sentiment features in top 30: 6/30

======================================================================
  FINAL SUMMARY v6 (12h target)
======================================================================
   Rank IC (avg):            +0.0266
   Rank ICIR (avg):          +0.4788
   LS Sharpe net (avg):      +2.05
   LS MaxDD net (avg):       -94.7%
   LS VolTarget Sharpe:      +2.71
   LS VolTarget MaxDD:       -96.4%
   LS DDStop Sharpe:         +3.60
   LS DDStop MaxDD:          -25.0%
   Cost model:               0.03% taker + 0.01% slip + 0.005%/8h funding
======================================================================
🟡 DECENT — Signal exists, risk partially controlled.
   → Consider tighter DD stop or reduce position sizing.

✅ Results saved to results/mega_comparison/models/WinB_train2024/v6_base/
[13:42:20]    ✅ Done: v6_base (1001s)
[13:42:20] 🧠 Training: WinB_train2024 / v6_with_news
[13:42:20]    train_end=2024-10-31  val_end=2024-12-24
[13:42:20]    flags: --news-mode all
======================================================================
  CRYPTO ALPHA MODEL v6
  12h Target + Optimized Holding Period + Walk-Forward
======================================================================

📊 Loading data...
   Shape: (2565321, 107), Symbols: 50
   🎯 Adding targets...
   🌐 Adding cross-asset features...
   🔰 Adding advanced regime features...
   🕐 Adding 12h-specific features...
   ✅ Added ~10 features for 12h holding period
   📅 Adding calendar features...
   ✅ Added 9 calendar features
   🏛️ Adding macro features...
      Macro raw: 9 cols, derived: 29, total new: 38
   📰 Adding sentiment features... (news_mode=all)
      FNG: 2018-02-01 → 2026-03-11, mean=48.3
      Funding: 96,393 non-zero rows (3.8%)
      LS ratio: 0 non-missing rows
      Synthetic positioning features...
      Loading news features (mode=all)...
      + coin-level news: 8 features
      + market-level news: 7 features
      📊 Coverage: 2,228,238/2,565,321 rows (86.9%)
      📰 Events: 1,100,564/2,228,238 covered rows (49.4%) have news
      🕳️  Holes: 337,083 rows = NaN (not 0!)
   ✅ Sentiment features added: 175 → 212 total
   📊 Adding derivatives features (Binance Futures)...
      Loaded metrics: 1,800,870 rows, 50 symbols, 2021-12-01 → 2026-03-12
      OI: 1,785,559 rows (69.6%), 9 features
      Taker: 1,648,976 rows (64.3%), 6 features
      Top L/S: 1,433,710 rows (55.9%), 5 features
      Global L/S: 3 features
      Binance funding: 2,239,209 rows (87.3%)
      Funding surprise: computed from OKX funding data
      Market-wide aggregates: 4 features
      Basis/Premium: 448,115 rows (17.5%), 6 features
      ⚠️  No liquidation data (run download_binance_futures.py)
      DVOL: 13 features (BTC range: 2021-04-01 → 2026-03-15)
   ✅ Derivatives features: +48 features
   Features: 260
   📐 Cross-sectional rank normalization...
   ✅ Ranked 172 CS features, preserved 88 unranked
   Final shape: (2564721, 279)
   Date range: 2017-09-16 09:00:00+00:00 → 2026-03-07 03:00:00+00:00

🔴 PRODUCTION MODE — max training data, models go to live trading
   Train: start → 2024-10-31
   Val:   2024-11-08 → 2024-12-24
   Test:  (none — live trading)

======================================================================
  ROLLING WALK-FORWARD (1 windows)
======================================================================

──────────────────────────────────────────────────────────────────────
  Window 1/1: PROD (max data)
  Train: → 2024-10-31
  Val:   2024-11-08 → 2024-12-24
  Test:  2024-12-24 → 2026-12-31
──────────────────────────────────────────────────────────────────────
   Train: 2,000,342 | Val: 54,096 | Test: 500,875
Training until validation scores don't improve for 100 rounds
[200]	valid_0's l2: 0.08235
[400]	valid_0's l2: 0.0821118
[600]	valid_0's l2: 0.0819642
[800]	valid_0's l2: 0.0818321
[1000]	valid_0's l2: 0.0817566
[1200]	valid_0's l2: 0.0816949
[1400]	valid_0's l2: 0.0816303
[1600]	valid_0's l2: 0.0816125
[1800]	valid_0's l2: 0.0815857
[2000]	valid_0's l2: 0.0815425
[2200]	valid_0's l2: 0.0815202
Early stopping, best iteration is:
[2193]	valid_0's l2: 0.0815154
   🔪 Feature selection: 260 → 208

   🌱 Multi-seed ensemble (5 seeds)...
      Seed 42 (1/5)... Training until validation scores don't improve for 100 rounds
[200]	valid_0's l2: 0.0823701
[400]	valid_0's l2: 0.0821546
[600]	valid_0's l2: 0.0819909
[800]	valid_0's l2: 0.0818841
[1000]	valid_0's l2: 0.081808
[1200]	valid_0's l2: 0.0817439
[1400]	valid_0's l2: 0.0816968
[1600]	valid_0's l2: 0.0816596
[1800]	valid_0's l2: 0.0816199
[2000]	valid_0's l2: 0.0815814
[2200]	valid_0's l2: 0.0815645
[2400]	valid_0's l2: 0.0815373
[2600]	valid_0's l2: 0.0815276
Early stopping, best iteration is:
[2601]	valid_0's l2: 0.0815254
iters=2601
      Seed 123 (2/5)... Training until validation scores don't improve for 100 rounds
[200]	valid_0's l2: 0.0823413
[400]	valid_0's l2: 0.0820769
[600]	valid_0's l2: 0.0819178
[800]	valid_0's l2: 0.081805
[1000]	valid_0's l2: 0.0817201
[1200]	valid_0's l2: 0.0816427
[1400]	valid_0's l2: 0.0815793
[1600]	valid_0's l2: 0.0815419
[1800]	valid_0's l2: 0.0815334
Early stopping, best iteration is:
[1713]	valid_0's l2: 0.0815277
iters=1713
      Seed 456 (3/5)... Training until validation scores don't improve for 100 rounds
[200]	valid_0's l2: 0.0823487
[400]	valid_0's l2: 0.0821095
[600]	valid_0's l2: 0.0819831
[800]	valid_0's l2: 0.0818579
[1000]	valid_0's l2: 0.0817453
[1200]	valid_0's l2: 0.0816703
[1400]	valid_0's l2: 0.0816288
[1600]	valid_0's l2: 0.0815893
[1800]	valid_0's l2: 0.0815595
[2000]	valid_0's l2: 0.0815353
[2200]	valid_0's l2: 0.0815192
Early stopping, best iteration is:
[2144]	valid_0's l2: 0.0815086
iters=2144
      Seed 789 (4/5)... Training until validation scores don't improve for 100 rounds
[200]	valid_0's l2: 0.0823639
[400]	valid_0's l2: 0.0821022
[600]	valid_0's l2: 0.081947
[800]	valid_0's l2: 0.0818154
[1000]	valid_0's l2: 0.0817395
[1200]	valid_0's l2: 0.0816578
[1400]	valid_0's l2: 0.0815853
[1600]	valid_0's l2: 0.0815594
[1800]	valid_0's l2: 0.081509
[2000]	valid_0's l2: 0.0814881
Early stopping, best iteration is:
[1918]	valid_0's l2: 0.0814763
iters=1918
      Seed 2024 (5/5)... Training until validation scores don't improve for 100 rounds
[200]	valid_0's l2: 0.0823602
[400]	valid_0's l2: 0.0821092
[600]	valid_0's l2: 0.0819532
[800]	valid_0's l2: 0.0818285
[1000]	valid_0's l2: 0.0817361
[1200]	valid_0's l2: 0.0816972
[1400]	valid_0's l2: 0.0816521
[1600]	valid_0's l2: 0.0816169
Early stopping, best iteration is:
[1562]	valid_0's l2: 0.0816111
iters=1562
   💾 Saved 5 models + feature names

   📈 Window 1 Results:
      IC                             0.0163
      Rank_IC                        0.0263
      ICIR                           0.2997
      Rank_ICIR                      0.4824
      LS_Sharpe_raw                  3.24
      LS_Sharpe_net                  1.89
      LS_Ann_Return_net_%            72.3
      LS_MaxDD_net_%                 -96.9
      LS_Total_net_%                 1142862.5
      LS_VolTarget_Sharpe            2.47
      LS_VolTarget_MaxDD_%           -97.7
      LS_VolTarget_Total_%           6797095253.5
      LS_DDStop_Sharpe               3.75
      LS_DDStop_MaxDD_%              -25.0
      LS_DDStop_Total_%              1527318.3
      LO5_Sharpe                     -0.4
      LO10_Sharpe                    -0.64
      N_periods                      10516
      Cost_per_period_bps            3.5

======================================================================
  AGGREGATE RESULTS (1 windows)
======================================================================

   📈 Combined Results (all windows):
      Periods: 10516
      LS Net:       Sharpe=1.89, MaxDD=-96.9%, Total=1142862.5%
      LS VolTarget: Sharpe=2.47, MaxDD=-97.7%, Total=6797095253.5%
      LS DDStop:    Sharpe=3.75, MaxDD=-25.0%, Total=1527318.3%

🏆 Top 30 Features (last window):
      vix_close_chg_1d                         843
      btc_vol_24h                              721
      close_ma720_ratio                        712
   📰 btc_beta_168h                            697
      close_ma336_ratio                        684
      oi_value_usd                             652
      gk_vol_168h                              590
      spx_close_chg_1d                         575
      vol_12h_cs_rank                          559
   📰 funding_rate_binance                     551
      news_count_7d                            545
      dxy_close                                535
      breadth_pct_positive                     510
      ret_sharpe_168h                          507
      ret_std_168h                             495
   📰 fng_momentum                             491
      spx_close_chg_20d                        464
   📰 btc_beta_48h                             439
      real_rate_chg_5d                         438
   📰 fng_ma30                                 436
      yield_curve_10y2y_chg_5d                 432
      atr_48                                   426
      global_ls_ratio                          409
      vix_close                                408
      vix_close_chg_20d                        406
   📰 fng_ma7                                  402
      ret_sharpe_24h                           401
      macd_signal                              393
      dxy_close_chg_20d                        387
      yield_curve_10y2y_chg_20d                384

   📰 Sentiment features in top 30: 6/30

======================================================================
  FINAL SUMMARY v6 (12h target)
======================================================================
   Rank IC (avg):            +0.0263
   Rank ICIR (avg):          +0.4824
   LS Sharpe net (avg):      +1.89
   LS MaxDD net (avg):       -96.9%
   LS VolTarget Sharpe:      +2.47
   LS VolTarget MaxDD:       -97.7%
   LS DDStop Sharpe:         +3.75
   LS DDStop MaxDD:          -25.0%
   Cost model:               0.03% taker + 0.01% slip + 0.005%/8h funding
======================================================================
🟡 DECENT — Signal exists, risk partially controlled.
   → Consider tighter DD stop or reduce position sizing.

✅ Results saved to results/mega_comparison/models/WinB_train2024/v6_with_news/
[13:59:47]    ✅ Done: v6_with_news (1047s)
[13:59:47] 🧠 Training: WinB_train2024 / v6_no_deriv
[13:59:47]    train_end=2024-10-31  val_end=2024-12-24
[13:59:47]    flags: --no-news --no-derivatives
======================================================================
  CRYPTO ALPHA MODEL v6
  12h Target + Optimized Holding Period + Walk-Forward
======================================================================

📊 Loading data...
   Shape: (2565321, 107), Symbols: 50
   🎯 Adding targets...
   🌐 Adding cross-asset features...
   🔰 Adding advanced regime features...
   🕐 Adding 12h-specific features...
   ✅ Added ~10 features for 12h holding period
   📅 Adding calendar features...
   ✅ Added 9 calendar features
   🏛️ Adding macro features...
      Macro raw: 9 cols, derived: 29, total new: 38
   📰 Adding sentiment features... (news_mode=none)
      FNG: 2018-02-01 → 2026-03-11, mean=48.3
      Funding: 96,393 non-zero rows (3.8%)
      LS ratio: 0 non-missing rows
      Synthetic positioning features...
      ⏭️  Skipping news features (news_mode=none)
   ✅ Sentiment features added: 175 → 200 total
   ⏭️  Skipping derivatives features (--no-derivatives)
   Features: 200
   📐 Cross-sectional rank normalization...
   ✅ Ranked 132 CS features, preserved 68 unranked
   Final shape: (2564721, 219)
   Date range: 2017-09-16 09:00:00+00:00 → 2026-03-07 03:00:00+00:00

🔴 PRODUCTION MODE — max training data, models go to live trading
   Train: start → 2024-10-31
   Val:   2024-11-08 → 2024-12-24
   Test:  (none — live trading)

======================================================================
  ROLLING WALK-FORWARD (1 windows)
======================================================================

──────────────────────────────────────────────────────────────────────
  Window 1/1: PROD (max data)
  Train: → 2024-10-31
  Val:   2024-11-08 → 2024-12-24
  Test:  2024-12-24 → 2026-12-31
──────────────────────────────────────────────────────────────────────
   Train: 2,000,342 | Val: 54,096 | Test: 500,875
Training until validation scores don't improve for 100 rounds
[200]	valid_0's l2: 0.0823689
[400]	valid_0's l2: 0.0821835
[600]	valid_0's l2: 0.0820761
[800]	valid_0's l2: 0.0819725
[1000]	valid_0's l2: 0.0819412
[1200]	valid_0's l2: 0.0819
[1400]	valid_0's l2: 0.0818892
[1600]	valid_0's l2: 0.0818801
Early stopping, best iteration is:
[1568]	valid_0's l2: 0.0818677
   🔪 Feature selection: 200 → 160

   🌱 Multi-seed ensemble (5 seeds)...
      Seed 42 (1/5)... Training until validation scores don't improve for 100 rounds
[200]	valid_0's l2: 0.0823811
[400]	valid_0's l2: 0.0822025
[600]	valid_0's l2: 0.0821106
[800]	valid_0's l2: 0.0820302
[1000]	valid_0's l2: 0.0819885
[1200]	valid_0's l2: 0.0819611
Early stopping, best iteration is:
[1108]	valid_0's l2: 0.0819596
iters=1108
      Seed 123 (2/5)... Training until validation scores don't improve for 100 rounds
[200]	valid_0's l2: 0.0823729
[400]	valid_0's l2: 0.082197
[600]	valid_0's l2: 0.0820889
[800]	valid_0's l2: 0.0820503
[1000]	valid_0's l2: 0.08199
[1200]	valid_0's l2: 0.0819657
[1400]	valid_0's l2: 0.0819367
Early stopping, best iteration is:
[1392]	valid_0's l2: 0.0819321
iters=1392
      Seed 456 (3/5)... Training until validation scores don't improve for 100 rounds
[200]	valid_0's l2: 0.0823762
[400]	valid_0's l2: 0.0821936
[600]	valid_0's l2: 0.0820906
[800]	valid_0's l2: 0.0820191
[1000]	valid_0's l2: 0.0819676
[1200]	valid_0's l2: 0.0819385
Early stopping, best iteration is:
[1166]	valid_0's l2: 0.081936
iters=1166
      Seed 789 (4/5)... Training until validation scores don't improve for 100 rounds
[200]	valid_0's l2: 0.0823641
[400]	valid_0's l2: 0.0821671
[600]	valid_0's l2: 0.0820948
[800]	valid_0's l2: 0.0820282
[1000]	valid_0's l2: 0.081964
[1200]	valid_0's l2: 0.0819406
Early stopping, best iteration is:
[1175]	valid_0's l2: 0.081933
iters=1175
      Seed 2024 (5/5)... Training until validation scores don't improve for 100 rounds
[200]	valid_0's l2: 0.0823544
[400]	valid_0's l2: 0.0821813
[600]	valid_0's l2: 0.0820924
[800]	valid_0's l2: 0.0820162
Early stopping, best iteration is:
[879]	valid_0's l2: 0.081989
iters=879
   💾 Saved 5 models + feature names

   📈 Window 1 Results:
      IC                             0.0148
      Rank_IC                        0.0248
      ICIR                           0.3152
      Rank_ICIR                      0.4848
      LS_Sharpe_raw                  3.21
      LS_Sharpe_net                  1.85
      LS_Ann_Return_net_%            71.0
      LS_MaxDD_net_%                 -94.6
      LS_Total_net_%                 951283.1
      LS_VolTarget_Sharpe            2.56
      LS_VolTarget_MaxDD_%           -96.3
      LS_VolTarget_Total_%           11143973311.9
      LS_DDStop_Sharpe               3.19
      LS_DDStop_MaxDD_%              -25.0
      LS_DDStop_Total_%              471366.0
      LO5_Sharpe                     -0.59
      LO10_Sharpe                    -0.73
      N_periods                      10516
      Cost_per_period_bps            3.5

======================================================================
  AGGREGATE RESULTS (1 windows)
======================================================================

   📈 Combined Results (all windows):
      Periods: 10516
      LS Net:       Sharpe=1.85, MaxDD=-94.6%, Total=951283.1%
      LS VolTarget: Sharpe=2.56, MaxDD=-96.3%, Total=11143973311.9%
      LS DDStop:    Sharpe=3.19, MaxDD=-25.0%, Total=471366.0%

🏆 Top 30 Features (last window):
      btc_vol_24h                              608
      vix_close_chg_1d                         559
      close_ma720_ratio                        536
      close_ma336_ratio                        513
   📰 btc_beta_168h                            465
      breadth_pct_positive                     437
      spx_close_chg_1d                         421
      ret_sharpe_168h                          420
      dxy_close                                407
      vol_12h_cs_rank                          398
   📰 fng_momentum                             396
      gk_vol_168h                              389
      ret_sharpe_24h                           382
      atr_48                                   317
      macd_signal                              316
      gold_close                               309
      spx_close_chg_20d                        307
      ret_std_168h                             300
      yield_curve_10y2y_chg_5d                 297
   📰 btc_beta_48h                             293
      real_rate_chg_5d                         291
   📰 fng_ma7                                  275
      vix_close_chg_20d                        274
      vol_trend_12_48                          273
      close_ma12_ratio                         272
   📰 fng_ma30                                 271
      close_ma6_ratio                          266
      dxy_close_chg_20d                        257
      vix_close                                257
      spx_close                                255

   📰 Sentiment features in top 30: 5/30

======================================================================
  FINAL SUMMARY v6 (12h target)
======================================================================
   Rank IC (avg):            +0.0248
   Rank ICIR (avg):          +0.4848
   LS Sharpe net (avg):      +1.85
   LS MaxDD net (avg):       -94.6%
   LS VolTarget Sharpe:      +2.56
   LS VolTarget MaxDD:       -96.3%
   LS DDStop Sharpe:         +3.19
   LS DDStop MaxDD:          -25.0%
   Cost model:               0.03% taker + 0.01% slip + 0.005%/8h funding
======================================================================
🟡 DECENT — Signal exists, risk partially controlled.
   → Consider tighter DD stop or reduce position sizing.

✅ Results saved to results/mega_comparison/models/WinB_train2024/v6_no_deriv/
[14:09:29]    ✅ Done: v6_no_deriv (582s)
[14:09:29] 🧠 Training: WinB_train2024 / v7_base
[14:09:29]    train_end=2024-10-31  val_end=2024-12-24
[14:09:29]    flags: --no-news
======================================================================
  CRYPTO ALPHA MODEL v7
  12h Blended Target + Enhanced Features + Walk-Forward
======================================================================

📊 Loading data...
   Shape: (2565321, 107), Symbols: 50
   🎯 Adding targets...
   🌐 Adding cross-asset features...
   🔰 Adding advanced regime features...
   🕐 Adding 12h-specific features (v7 enhanced)...
   ✅ Added ~18 features for 12h holding period (v7)
   📅 Adding calendar features...
   ✅ Added 9 calendar features
   🏛️ Adding macro features...
      Macro raw: 9 cols, derived: 29, total new: 38
   📰 Adding sentiment features...
      FNG: 2018-02-01 → 2026-03-11, mean=48.3
      Funding: 96,393 non-zero rows (3.8%)
      LS ratio: 0 non-missing rows
      Synthetic positioning features...
   ✅ Sentiment features added: 182 → 207 total
   📊 Adding derivatives features (Binance Futures)...
      Loaded metrics: 1,800,870 rows, 50 symbols, 2021-12-01 → 2026-03-12
      OI: 1,785,559 rows (69.6%), 9 features
      Taker: 1,648,976 rows (64.3%), 6 features
      Top L/S: 1,433,710 rows (55.9%), 5 features
      Global L/S: 3 features
      Binance funding: 2,239,209 rows (87.3%)
      Funding surprise: computed from OKX funding data
      Market-wide aggregates: 4 features
      Basis/Premium: 448,115 rows (17.5%), 6 features
      ⚠️  No liquidation data (run download_binance_futures.py)
      DVOL: 13 features (BTC range: 2021-04-01 → 2026-03-15)
   ✅ Derivatives features: +48 features
   Features: 255
   📐 Cross-sectional rank normalization...
   ✅ Ranked 174 CS features, preserved 81 unranked
   Final shape: (2564121, 275)
   Date range: 2017-09-16 09:00:00+00:00 → 2026-03-06 15:00:00+00:00

🔴 PRODUCTION MODE — max training data, models go to live trading
   Train: start → 2024-10-31
   Val:   2024-11-08 → 2024-12-24
   Test:  (none — live trading)

======================================================================
  ROLLING WALK-FORWARD (1 windows)
======================================================================

──────────────────────────────────────────────────────────────────────
  Window 1/1: PROD (max data)
  Train: → 2024-10-31
  Val:   2024-11-08 → 2024-12-24
  Test:  2024-12-24 → 2026-12-31
──────────────────────────────────────────────────────────────────────
   Train: 2,000,330 | Val: 54,096 | Test: 500,287
Training until validation scores don't improve for 100 rounds
[200]	valid_0's l2: 0.0823434
[400]	valid_0's l2: 0.0820771
[600]	valid_0's l2: 0.0818994
[800]	valid_0's l2: 0.0817453
[1000]	valid_0's l2: 0.0816468
[1200]	valid_0's l2: 0.0815383
[1400]	valid_0's l2: 0.0814708
[1600]	valid_0's l2: 0.0814271
[1800]	valid_0's l2: 0.0813925
Early stopping, best iteration is:
[1716]	valid_0's l2: 0.0813851
   🔪 Feature selection: 255 → 202

   🌱 Multi-seed ensemble (5 seeds)...
      Seed 42 (1/5)... Training until validation scores don't improve for 100 rounds
[200]	valid_0's l2: 0.0823347
[400]	valid_0's l2: 0.0820702
[600]	valid_0's l2: 0.0818522
[800]	valid_0's l2: 0.0817426
[1000]	valid_0's l2: 0.081637
[1200]	valid_0's l2: 0.0815723
[1400]	valid_0's l2: 0.0815308
[1600]	valid_0's l2: 0.0814877
[1800]	valid_0's l2: 0.0814424
Early stopping, best iteration is:
[1736]	valid_0's l2: 0.0814332
iters=1736
      Seed 123 (2/5)... Training until validation scores don't improve for 100 rounds
[200]	valid_0's l2: 0.0823405
[400]	valid_0's l2: 0.0820999
[600]	valid_0's l2: 0.0819239
[800]	valid_0's l2: 0.0817831
[1000]	valid_0's l2: 0.0816824
[1200]	valid_0's l2: 0.0815733
[1400]	valid_0's l2: 0.0815345
[1600]	valid_0's l2: 0.0814712
[1800]	valid_0's l2: 0.0814306
[2000]	valid_0's l2: 0.0813835
[2200]	valid_0's l2: 0.0813769
Early stopping, best iteration is:
[2165]	valid_0's l2: 0.0813658
iters=2165
      Seed 456 (3/5)... Training until validation scores don't improve for 100 rounds
[200]	valid_0's l2: 0.0823863
[400]	valid_0's l2: 0.0820742
[600]	valid_0's l2: 0.0819445
[800]	valid_0's l2: 0.0818009
[1000]	valid_0's l2: 0.0817088
[1200]	valid_0's l2: 0.0816216
[1400]	valid_0's l2: 0.0815625
[1600]	valid_0's l2: 0.0815168
[1800]	valid_0's l2: 0.0814617
[2000]	valid_0's l2: 0.0814183
[2200]	valid_0's l2: 0.0814011
[2400]	valid_0's l2: 0.0813809
Early stopping, best iteration is:
[2307]	valid_0's l2: 0.0813704
iters=2307
      Seed 789 (4/5)... Training until validation scores don't improve for 100 rounds
[200]	valid_0's l2: 0.0823245
[400]	valid_0's l2: 0.082049
[600]	valid_0's l2: 0.0818746
[800]	valid_0's l2: 0.0817276
[1000]	valid_0's l2: 0.081613
[1200]	valid_0's l2: 0.0815663
[1400]	valid_0's l2: 0.0815066
[1600]	valid_0's l2: 0.0814708
[1800]	valid_0's l2: 0.0814317
[2000]	valid_0's l2: 0.0814076
Early stopping, best iteration is:
[1913]	valid_0's l2: 0.0813935
iters=1913
      Seed 2024 (5/5)... Training until validation scores don't improve for 100 rounds
[200]	valid_0's l2: 0.0823549
[400]	valid_0's l2: 0.082083
[600]	valid_0's l2: 0.0819122
[800]	valid_0's l2: 0.0817902
[1000]	valid_0's l2: 0.0816771
[1200]	valid_0's l2: 0.0816066
[1400]	valid_0's l2: 0.081532
[1600]	valid_0's l2: 0.0814762
[1800]	valid_0's l2: 0.0814482
[2000]	valid_0's l2: 0.0814371
[2200]	valid_0's l2: 0.0813973
[2400]	valid_0's l2: 0.0813938
Early stopping, best iteration is:
[2306]	valid_0's l2: 0.0813762
iters=2306
   💾 Saved 5 models + feature names

   📈 Window 1 Results:
      IC                             0.0177
      Rank_IC                        0.0267
      ICIR                           0.3044
      Rank_ICIR                      0.48
      LS_Sharpe_raw                  3.25
      LS_Sharpe_net                  1.88
      LS_Ann_Return_net_%            71.0
      LS_MaxDD_net_%                 -95.9
      LS_Total_net_%                 972614.7
      LS_VolTarget_Sharpe            2.51
      LS_VolTarget_MaxDD_%           -97.1
      LS_VolTarget_Total_%           8187008631.1
      LS_DDStop_Sharpe               3.8
      LS_DDStop_MaxDD_%              -25.0
      LS_DDStop_Total_%              1411240.4
      LO5_Sharpe                     -0.45
      LO10_Sharpe                    -0.67
      N_periods                      10504
      Cost_per_period_bps            3.5

======================================================================
  AGGREGATE RESULTS (1 windows)
======================================================================

   📈 Combined Results (all windows):
      Periods: 10504
      LS Net:       Sharpe=1.88, MaxDD=-95.9%, Total=972614.7%
      LS VolTarget: Sharpe=2.51, MaxDD=-97.1%, Total=8187008631.1%
      LS DDStop:    Sharpe=3.80, MaxDD=-25.0%, Total=1411240.4%

🏆 Top 30 Features (last window):
   📰 btc_beta_168h                            1268
      btc_vol_24h                              1105
      oi_value_usd                             1092
      close_ma720_ratio                        1063
      close_ma336_ratio                        1051
      vix_close_chg_1d                         1024
      gk_vol_168h                              995
      vol_12h_cs_rank                          882
      real_rate_chg_5d                         872
   📰 fng_momentum                             863
      dxy_close                                840
      spx_close_chg_1d                         816
      ret_sharpe_168h                          807
      ret_std_168h                             787
      vix_close_chg_20d                        776
      yield_curve_10y2y_chg_5d                 769
      breakeven_10y_chg_20d                    768
      spx_close_chg_20d                        753
   📰 fng_ma30                                 742
      dxy_close_chg_20d                        721
   📰 fng_ma7                                  701
      gold_close_chg_5d                        694
   📰 funding_rate_binance                     693
      atr_48                                   691
      hy_spread_chg_5d                         677
      yield_curve_10y2y_chg_20d                677
      dxy_close_chg_5d                         670
      vix_close_chg_5d                         666
      spx_close_chg_5d                         651
      breakeven_10y                            644

   📰 Sentiment features in top 30: 5/30

======================================================================
  FINAL SUMMARY v7 (12h blended target)
======================================================================
   Rank IC (avg):            +0.0267
   Rank ICIR (avg):          +0.4800
   LS Sharpe net (avg):      +1.88
   LS MaxDD net (avg):       -95.9%
   LS VolTarget Sharpe:      +2.51
   LS VolTarget MaxDD:       -97.1%
   LS DDStop Sharpe:         +3.80
   LS DDStop MaxDD:          -25.0%
   Cost model:               0.03% taker + 0.01% slip + 0.005%/8h funding
======================================================================
🟡 DECENT — Signal exists, risk partially controlled.
   → Consider tighter DD stop or reduce position sizing.

✅ Results saved to results/mega_comparison/models/WinB_train2024/v7_base/
[14:27:09]    ✅ Done: v7_base (1060s)
[14:27:09] 🧠 Training: WinB_train2024 / v7_with_news
[14:27:09]    train_end=2024-10-31  val_end=2024-12-24
[14:27:09]    flags: --news-mode all
======================================================================
  CRYPTO ALPHA MODEL v7
  12h Blended Target + Enhanced Features + Walk-Forward
======================================================================

📊 Loading data...
   Shape: (2565321, 107), Symbols: 50
   🎯 Adding targets...
   🌐 Adding cross-asset features...
   🔰 Adding advanced regime features...
   🕐 Adding 12h-specific features (v7 enhanced)...
   ✅ Added ~18 features for 12h holding period (v7)
   📅 Adding calendar features...
   ✅ Added 9 calendar features
   🏛️ Adding macro features...
      Macro raw: 9 cols, derived: 29, total new: 38
   📰 Adding sentiment features... (news_mode=all)
      FNG: 2018-02-01 → 2026-03-11, mean=48.3
      Funding: 96,393 non-zero rows (3.8%)
      LS ratio: 0 non-missing rows
      Synthetic positioning features...
      Loading news features (mode=all)...
      + coin-level news: 8 features
      + market-level news: 7 features
      📊 Coverage: 2,228,238/2,565,321 rows (86.9%)
      📰 Events: 1,100,564/2,228,238 covered rows (49.4%) have news
      🕳️  Holes: 337,083 rows = NaN (not 0!)
   ✅ Sentiment features added: 183 → 219 total
   📰 v7+news: used v6 sentiment function (mode=all)
   📊 Adding derivatives features (Binance Futures)...
      Loaded metrics: 1,800,870 rows, 50 symbols, 2021-12-01 → 2026-03-12
      OI: 1,785,559 rows (69.6%), 9 features
      Taker: 1,648,976 rows (64.3%), 6 features
      Top L/S: 1,433,710 rows (55.9%), 5 features
      Global L/S: 3 features
      Binance funding: 2,239,209 rows (87.3%)
      Funding surprise: computed from OKX funding data
      Market-wide aggregates: 4 features
      Basis/Premium: 448,115 rows (17.5%), 6 features
      ⚠️  No liquidation data (run download_binance_futures.py)
      DVOL: 13 features (BTC range: 2021-04-01 → 2026-03-15)
   ✅ Derivatives features: +48 features
   Features: 267
   📐 Cross-sectional rank normalization...
   ✅ Ranked 186 CS features, preserved 81 unranked
   Final shape: (2564121, 287)
   Date range: 2017-09-16 09:00:00+00:00 → 2026-03-06 15:00:00+00:00

🔴 PRODUCTION MODE — max training data, models go to live trading
   Train: start → 2024-10-31
   Val:   2024-11-08 → 2024-12-24
   Test:  (none — live trading)

======================================================================
  ROLLING WALK-FORWARD (1 windows)
======================================================================

──────────────────────────────────────────────────────────────────────
  Window 1/1: PROD (max data)
  Train: → 2024-10-31
  Val:   2024-11-08 → 2024-12-24
  Test:  2024-12-24 → 2026-12-31
──────────────────────────────────────────────────────────────────────
   Train: 2,000,330 | Val: 54,096 | Test: 500,287
Training until validation scores don't improve for 100 rounds
[200]	valid_0's l2: 0.0823319
[400]	valid_0's l2: 0.0820559
[600]	valid_0's l2: 0.0818953
[800]	valid_0's l2: 0.0817596
[1000]	valid_0's l2: 0.0816413
[1200]	valid_0's l2: 0.081579
[1400]	valid_0's l2: 0.0814918
[1600]	valid_0's l2: 0.0814741
[1800]	valid_0's l2: 0.0814568
[2000]	valid_0's l2: 0.0814232
Early stopping, best iteration is:
[1941]	valid_0's l2: 0.0814113
   🔪 Feature selection: 267 → 213

   🌱 Multi-seed ensemble (5 seeds)...
      Seed 42 (1/5)... Training until validation scores don't improve for 100 rounds
[200]	valid_0's l2: 0.0823808
[400]	valid_0's l2: 0.0821212
[600]	valid_0's l2: 0.0819408
[800]	valid_0's l2: 0.0817667
[1000]	valid_0's l2: 0.081673
[1200]	valid_0's l2: 0.0816115
[1400]	valid_0's l2: 0.0815721
[1600]	valid_0's l2: 0.0815387
Early stopping, best iteration is:
[1544]	valid_0's l2: 0.0815361
iters=1544
      Seed 123 (2/5)... Training until validation scores don't improve for 100 rounds
[200]	valid_0's l2: 0.0823433
[400]	valid_0's l2: 0.0821091
[600]	valid_0's l2: 0.08192
[800]	valid_0's l2: 0.0817737
[1000]	valid_0's l2: 0.0816958
[1200]	valid_0's l2: 0.0816126
[1400]	valid_0's l2: 0.0815668
[1600]	valid_0's l2: 0.0814977
[1800]	valid_0's l2: 0.0814596
Early stopping, best iteration is:
[1783]	valid_0's l2: 0.0814572
iters=1783
      Seed 456 (3/5)... Training until validation scores don't improve for 100 rounds
[200]	valid_0's l2: 0.0823522
[400]	valid_0's l2: 0.0820829
[600]	valid_0's l2: 0.0818988
[800]	valid_0's l2: 0.0817789
[1000]	valid_0's l2: 0.0816962
Early stopping, best iteration is:
[1072]	valid_0's l2: 0.0816614
iters=1072
      Seed 789 (4/5)... Training until validation scores don't improve for 100 rounds
[200]	valid_0's l2: 0.0823523
[400]	valid_0's l2: 0.082111
[600]	valid_0's l2: 0.0819228
[800]	valid_0's l2: 0.0818003
[1000]	valid_0's l2: 0.0817399
[1200]	valid_0's l2: 0.0816724
[1400]	valid_0's l2: 0.0816397
[1600]	valid_0's l2: 0.0816076
Early stopping, best iteration is:
[1584]	valid_0's l2: 0.081596
iters=1584
      Seed 2024 (5/5)... Training until validation scores don't improve for 100 rounds
[200]	valid_0's l2: 0.0823697
[400]	valid_0's l2: 0.0820588
[600]	valid_0's l2: 0.0818681
[800]	valid_0's l2: 0.0817745
[1000]	valid_0's l2: 0.0816832
[1200]	valid_0's l2: 0.0816309
[1400]	valid_0's l2: 0.0815474
[1600]	valid_0's l2: 0.0815127
[1800]	valid_0's l2: 0.0814709
[2000]	valid_0's l2: 0.0814382
[2200]	valid_0's l2: 0.0814141
[2400]	valid_0's l2: 0.0813997
[2600]	valid_0's l2: 0.0813587
Early stopping, best iteration is:
[2636]	valid_0's l2: 0.081347
iters=2636
   💾 Saved 5 models + feature names

   📈 Window 1 Results:
      IC                             0.0166
      Rank_IC                        0.026
      ICIR                           0.2967
      Rank_ICIR                      0.4835
      LS_Sharpe_raw                  3.2
      LS_Sharpe_net                  1.84
      LS_Ann_Return_net_%            70.0
      LS_MaxDD_net_%                 -97.7
      LS_Total_net_%                 825821.4
      LS_VolTarget_Sharpe            2.47
      LS_VolTarget_MaxDD_%           -97.7
      LS_VolTarget_Total_%           6389335067.2
      LS_DDStop_Sharpe               3.83
      LS_DDStop_MaxDD_%              -24.9
      LS_DDStop_Total_%              1612719.3
      LO5_Sharpe                     -0.32
      LO10_Sharpe                    -0.65
      N_periods                      10504
      Cost_per_period_bps            3.5

======================================================================
  AGGREGATE RESULTS (1 windows)
======================================================================

   📈 Combined Results (all windows):
      Periods: 10504
      LS Net:       Sharpe=1.84, MaxDD=-97.7%, Total=825821.4%
      LS VolTarget: Sharpe=2.47, MaxDD=-97.7%, Total=6389335067.2%
      LS DDStop:    Sharpe=3.83, MaxDD=-24.9%, Total=1612719.3%

🏆 Top 30 Features (last window):
   📰 btc_beta_168h                            1248
      close_ma720_ratio                        1179
      btc_vol_24h                              1165
      close_ma336_ratio                        1153
      vix_close_chg_1d                         1134
      oi_value_usd                             1096
      news_count_7d                            1066
      gk_vol_168h                              1036
      vol_12h_cs_rank                          1035
   📰 fng_momentum                             986
      real_rate_chg_5d                         981
      dxy_close                                882
      ret_std_168h                             869
      spx_close_chg_20d                        839
      ret_sharpe_168h                          837
      vix_close_chg_20d                        826
      yield_curve_10y2y_chg_5d                 826
      yield_curve_10y2y_chg_20d                819
      gold_close_chg_5d                        793
      breakeven_10y_chg_20d                    790
      dxy_close_chg_20d                        785
   📰 funding_rate_binance                     781
   📰 fng_ma7                                  768
      hy_spread_chg_5d                         757
   📰 fng_ma30                                 748
      vix_close_chg_5d                         744
      spx_close_chg_5d                         744
      spx_close_chg_1d                         743
      breakeven_10y_chg_5d                     728
      atr_48                                   724

   📰 Sentiment features in top 30: 5/30

======================================================================
  FINAL SUMMARY v7 (12h blended target)
======================================================================
   Rank IC (avg):            +0.0260
   Rank ICIR (avg):          +0.4835
   LS Sharpe net (avg):      +1.84
   LS MaxDD net (avg):       -97.7%
   LS VolTarget Sharpe:      +2.47
   LS VolTarget MaxDD:       -97.7%
   LS DDStop Sharpe:         +3.83
   LS DDStop MaxDD:          -24.9%
   Cost model:               0.03% taker + 0.01% slip + 0.005%/8h funding
======================================================================
🟡 DECENT — Signal exists, risk partially controlled.
   → Consider tighter DD stop or reduce position sizing.

✅ Results saved to results/mega_comparison/models/WinB_train2024/v7_with_news/
[14:43:51]    ✅ Done: v7_with_news (1002s)
[14:43:51] 🧠 Training: WinB_train2024 / v7_no_deriv
[14:43:51]    train_end=2024-10-31  val_end=2024-12-24
[14:43:51]    flags: --no-news --no-derivatives
======================================================================
  CRYPTO ALPHA MODEL v7
  12h Blended Target + Enhanced Features + Walk-Forward
======================================================================

📊 Loading data...
   Shape: (2565321, 107), Symbols: 50
   🎯 Adding targets...
   🌐 Adding cross-asset features...
   🔰 Adding advanced regime features...
   🕐 Adding 12h-specific features (v7 enhanced)...
   ✅ Added ~18 features for 12h holding period (v7)
   📅 Adding calendar features...
   ✅ Added 9 calendar features
   🏛️ Adding macro features...
      Macro raw: 9 cols, derived: 29, total new: 38
   📰 Adding sentiment features...
      FNG: 2018-02-01 → 2026-03-11, mean=48.3
      Funding: 96,393 non-zero rows (3.8%)
      LS ratio: 0 non-missing rows
      Synthetic positioning features...
   ✅ Sentiment features added: 182 → 207 total
   ⏭️  Skipping derivatives features (--no-derivatives)
   Features: 207
   📐 Cross-sectional rank normalization...
   ✅ Ranked 139 CS features, preserved 68 unranked
   Final shape: (2564121, 227)
   Date range: 2017-09-16 09:00:00+00:00 → 2026-03-06 15:00:00+00:00

🔴 PRODUCTION MODE — max training data, models go to live trading
   Train: start → 2024-10-31
   Val:   2024-11-08 → 2024-12-24
   Test:  (none — live trading)

======================================================================
  ROLLING WALK-FORWARD (1 windows)
======================================================================

──────────────────────────────────────────────────────────────────────
  Window 1/1: PROD (max data)
  Train: → 2024-10-31
  Val:   2024-11-08 → 2024-12-24
  Test:  2024-12-24 → 2026-12-31
──────────────────────────────────────────────────────────────────────
   Train: 2,000,330 | Val: 54,096 | Test: 500,287
Training until validation scores don't improve for 100 rounds
[200]	valid_0's l2: 0.0823617
[400]	valid_0's l2: 0.0821783
[600]	valid_0's l2: 0.0820758
[800]	valid_0's l2: 0.0819933
[1000]	valid_0's l2: 0.0819305
[1200]	valid_0's l2: 0.0818731
[1400]	valid_0's l2: 0.081863
Early stopping, best iteration is:
[1333]	valid_0's l2: 0.0818557
   🔪 Feature selection: 207 → 165

   🌱 Multi-seed ensemble (5 seeds)...
      Seed 42 (1/5)... Training until validation scores don't improve for 100 rounds
[200]	valid_0's l2: 0.0823416
[400]	valid_0's l2: 0.0821517
[600]	valid_0's l2: 0.082053
[800]	valid_0's l2: 0.0819524
[1000]	valid_0's l2: 0.0819185
[1200]	valid_0's l2: 0.0818845
[1400]	valid_0's l2: 0.0818089
[1600]	valid_0's l2: 0.0817627
[1800]	valid_0's l2: 0.081734
Early stopping, best iteration is:
[1871]	valid_0's l2: 0.0817203
iters=1871
      Seed 123 (2/5)... Training until validation scores don't improve for 100 rounds
[200]	valid_0's l2: 0.0823698
[400]	valid_0's l2: 0.0822399
[600]	valid_0's l2: 0.082125
[800]	valid_0's l2: 0.0820602
[1000]	valid_0's l2: 0.0819827
[1200]	valid_0's l2: 0.0819578
Early stopping, best iteration is:
[1155]	valid_0's l2: 0.0819438
iters=1155
      Seed 456 (3/5)... Training until validation scores don't improve for 100 rounds
[200]	valid_0's l2: 0.0823587
[400]	valid_0's l2: 0.0821573
[600]	valid_0's l2: 0.0820586
[800]	valid_0's l2: 0.0819638
[1000]	valid_0's l2: 0.0819098
[1200]	valid_0's l2: 0.0818651
Early stopping, best iteration is:
[1229]	valid_0's l2: 0.0818494
iters=1229
      Seed 789 (4/5)... Training until validation scores don't improve for 100 rounds
[200]	valid_0's l2: 0.0823841
[400]	valid_0's l2: 0.0822125
[600]	valid_0's l2: 0.0820462
[800]	valid_0's l2: 0.0819215
[1000]	valid_0's l2: 0.0818688
Early stopping, best iteration is:
[1015]	valid_0's l2: 0.0818607
iters=1015
      Seed 2024 (5/5)... Training until validation scores don't improve for 100 rounds
[200]	valid_0's l2: 0.0823548
[400]	valid_0's l2: 0.0821478
[600]	valid_0's l2: 0.0820712
[800]	valid_0's l2: 0.0819761
[1000]	valid_0's l2: 0.0819309
[1200]	valid_0's l2: 0.0819242
Early stopping, best iteration is:
[1161]	valid_0's l2: 0.0819074
iters=1161
   💾 Saved 5 models + feature names

   📈 Window 1 Results:
      IC                             0.0145
      Rank_IC                        0.0243
      ICIR                           0.3075
      Rank_ICIR                      0.4758
      LS_Sharpe_raw                  3.05
      LS_Sharpe_net                  1.68
      LS_Ann_Return_net_%            64.0
      LS_MaxDD_net_%                 -94.9
      LS_Total_net_%                 347743.6
      LS_VolTarget_Sharpe            2.35
      LS_VolTarget_MaxDD_%           -97.6
      LS_VolTarget_Total_%           1840912888.9
      LS_DDStop_Sharpe               3.25
      LS_DDStop_MaxDD_%              -25.0
      LS_DDStop_Total_%              492432.1
      LO5_Sharpe                     -0.65
      LO10_Sharpe                    -0.76
      N_periods                      10504
      Cost_per_period_bps            3.5

======================================================================
  AGGREGATE RESULTS (1 windows)
======================================================================

   📈 Combined Results (all windows):
      Periods: 10504
      LS Net:       Sharpe=1.68, MaxDD=-94.9%, Total=347743.6%
      LS VolTarget: Sharpe=2.35, MaxDD=-97.6%, Total=1840912888.9%
      LS DDStop:    Sharpe=3.25, MaxDD=-25.0%, Total=492432.1%

🏆 Top 30 Features (last window):
      btc_vol_24h                              779
      close_ma336_ratio                        743
   📰 btc_beta_168h                            704
      close_ma720_ratio                        677
      vix_close_chg_1d                         630
      gk_vol_168h                              567
      ret_sharpe_168h                          556
      vol_12h_cs_rank                          543
   📰 fng_momentum                             540
      dxy_close                                524
      spx_close_chg_1d                         518
      real_rate_chg_5d                         493
      spx_close_chg_20d                        488
      gold_close                               464
      breadth_pct_positive                     460
      vix_close_chg_20d                        429
   📰 fng_ma30                                 415
   📰 fng_ma7                                  415
      atr_48                                   403
      yield_curve_10y2y_chg_5d                 400
      ret_std_168h                             399
      macd_signal                              389
      yield_curve_10y2y_chg_20d                380
      vix_close                                369
   📰 btc_beta_48h                             364
      gold_close_chg_5d                        363
      spx_close_chg_5d                         359
      breakeven_10y                            359
      hy_spread_chg_5d                         358
      dxy_close_chg_20d                        353

   📰 Sentiment features in top 30: 5/30

======================================================================
  FINAL SUMMARY v7 (12h blended target)
======================================================================
   Rank IC (avg):            +0.0243
   Rank ICIR (avg):          +0.4758
   LS Sharpe net (avg):      +1.68
   LS MaxDD net (avg):       -94.9%
   LS VolTarget Sharpe:      +2.35
   LS VolTarget MaxDD:       -97.6%
   LS DDStop Sharpe:         +3.25
   LS DDStop MaxDD:          -25.0%
   Cost model:               0.03% taker + 0.01% slip + 0.005%/8h funding
======================================================================
🟡 DECENT — Signal exists, risk partially controlled.
   → Consider tighter DD stop or reduce position sizing.

✅ Results saved to results/mega_comparison/models/WinB_train2024/v7_no_deriv/
[14:54:02]    ✅ Done: v7_no_deriv (611s)
[14:54:02] 🧠 Training: WinB_train2024 / catboost_with_news
[14:54:02]    train_end=2024-10-31  val_end=2024-12-24
[14:54:02]    flags: --news-mode all
======================================================================
  CATBOOST CRYPTO ALPHA MODEL
  12h Target + Ordered Boosting + Walk-Forward
======================================================================

📊 Loading data...
   Shape: (2565321, 107), Symbols: 50
   🎯 Adding targets...
   🌐 Adding cross-asset features...
   🔰 Adding advanced regime features...
   🕐 Adding 12h-specific features...
   ✅ Added ~10 features for 12h holding period
   📅 Adding calendar features...
   ✅ Added 9 calendar features
   🏛️ Adding macro features...
      Macro raw: 9 cols, derived: 29, total new: 38
   📰 Adding sentiment features... (news_mode=all)
      FNG: 2018-02-01 → 2026-03-11, mean=48.3
      Funding: 96,393 non-zero rows (3.8%)
      LS ratio: 0 non-missing rows
      Synthetic positioning features...
      Loading news features (mode=all)...
      + coin-level news: 8 features
      + market-level news: 7 features
      📊 Coverage: 2,228,238/2,565,321 rows (86.9%)
      📰 Events: 1,100,564/2,228,238 covered rows (49.4%) have news
      🕳️  Holes: 337,083 rows = NaN (not 0!)
   ✅ Sentiment features added: 175 → 212 total
   📊 Adding derivatives features (Binance Futures)...
      Loaded metrics: 1,800,870 rows, 50 symbols, 2021-12-01 → 2026-03-12
      OI: 1,785,559 rows (69.6%), 9 features
      Taker: 1,648,976 rows (64.3%), 6 features
      Top L/S: 1,433,710 rows (55.9%), 5 features
      Global L/S: 3 features
      Binance funding: 2,239,209 rows (87.3%)
      Funding surprise: computed from OKX funding data
      Market-wide aggregates: 4 features
      Basis/Premium: 448,115 rows (17.5%), 6 features
      ⚠️  No liquidation data (run download_binance_futures.py)
      DVOL: 13 features (BTC range: 2021-04-01 → 2026-03-15)
   ✅ Derivatives features: +48 features
   Features: 260
   📐 Cross-sectional rank normalization...
   ✅ Ranked 172 CS features, preserved 88 unranked
   Final shape: (2564721, 279)
   Date range: 2017-09-16 09:00:00+00:00 → 2026-03-07 03:00:00+00:00

🔴 PRODUCTION MODE — max training data, models go to live trading
   Train: start → 2024-10-31
   Val:   2024-11-08 → 2024-12-24
   Test:  (none — live trading)

======================================================================
  ROLLING WALK-FORWARD (1 windows)
======================================================================

──────────────────────────────────────────────────────────────────────
  Window 1/1: PROD (max data)
  Train: → 2024-10-31
  Val:   2024-11-08 → 2024-12-24
  Test:  2024-12-24 → 2026-12-31
──────────────────────────────────────────────────────────────────────
   Train: 2,000,342 | Val: 54,096 | Test: 500,875
0:	learn: 0.2888597	test: 0.2886424	best: 0.2886424 (0)	total: 14.5ms	remaining: 1m 12s
200:	learn: 0.2867717	test: 0.2872764	best: 0.2872764 (200)	total: 1.62s	remaining: 38.6s
400:	learn: 0.2860931	test: 0.2868978	best: 0.2868978 (400)	total: 3.22s	remaining: 36.9s
600:	learn: 0.2855547	test: 0.2866343	best: 0.2866335 (599)	total: 4.83s	remaining: 35.3s
800:	learn: 0.2850775	test: 0.2864507	best: 0.2864501 (797)	total: 6.42s	remaining: 33.7s
1000:	learn: 0.2846355	test: 0.2863298	best: 0.2863292 (997)	total: 8.01s	remaining: 32s
1200:	learn: 0.2842287	test: 0.2861839	best: 0.2861820 (1199)	total: 9.6s	remaining: 30.4s
1400:	learn: 0.2838346	test: 0.2860385	best: 0.2860355 (1395)	total: 11.2s	remaining: 28.7s
1600:	learn: 0.2834537	test: 0.2859543	best: 0.2859543 (1600)	total: 12.7s	remaining: 27s
1800:	learn: 0.2830667	test: 0.2858676	best: 0.2858674 (1799)	total: 14.3s	remaining: 25.4s
2000:	learn: 0.2827007	test: 0.2858227	best: 0.2858221 (1994)	total: 15.8s	remaining: 23.7s
2200:	learn: 0.2823410	test: 0.2857812	best: 0.2857753 (2197)	total: 17.4s	remaining: 22.1s
2400:	learn: 0.2819915	test: 0.2856935	best: 0.2856887 (2395)	total: 19s	remaining: 20.5s
2600:	learn: 0.2816585	test: 0.2856317	best: 0.2856317 (2600)	total: 20.5s	remaining: 18.9s
2800:	learn: 0.2813253	test: 0.2855771	best: 0.2855698 (2748)	total: 22.1s	remaining: 17.3s
3000:	learn: 0.2810022	test: 0.2855092	best: 0.2855074 (2994)	total: 23.6s	remaining: 15.7s
bestTest = 0.2855057202
bestIteration = 3044
Shrink model to first 3045 iterations.
   🔪 Feature selection: 260 → 208

   🌱 CatBoost multi-seed ensemble (5 seeds)...
      Seed 42 (1/5)... 0:	learn: 0.2888606	test: 0.2886438	best: 0.2886438 (0)	total: 7.2ms	remaining: 36s
200:	learn: 0.2867637	test: 0.2872470	best: 0.2872470 (200)	total: 1.39s	remaining: 33.2s
400:	learn: 0.2860716	test: 0.2868800	best: 0.2868800 (400)	total: 2.79s	remaining: 32s
600:	learn: 0.2855319	test: 0.2866424	best: 0.2866424 (600)	total: 4.16s	remaining: 30.4s
800:	learn: 0.2850558	test: 0.2864351	best: 0.2864345 (799)	total: 5.53s	remaining: 29s
1000:	learn: 0.2846195	test: 0.2862379	best: 0.2862374 (998)	total: 6.91s	remaining: 27.6s
1200:	learn: 0.2842128	test: 0.2861141	best: 0.2861124 (1198)	total: 8.27s	remaining: 26.2s
1400:	learn: 0.2838167	test: 0.2859856	best: 0.2859856 (1400)	total: 9.64s	remaining: 24.8s
1600:	learn: 0.2834346	test: 0.2858402	best: 0.2858402 (1598)	total: 11s	remaining: 23.3s
1800:	learn: 0.2830554	test: 0.2857686	best: 0.2857598 (1773)	total: 12.3s	remaining: 21.9s
bestTest = 0.2857597741
bestIteration = 1773
Shrink model to first 1774 iterations.
iters=1773
      Seed 123 (2/5)... 0:	learn: 0.2888599	test: 0.2886423	best: 0.2886423 (0)	total: 7.14ms	remaining: 35.7s
200:	learn: 0.2867742	test: 0.2872627	best: 0.2872627 (200)	total: 1.39s	remaining: 33.1s
400:	learn: 0.2860830	test: 0.2869231	best: 0.2869220 (392)	total: 2.8s	remaining: 32.1s
600:	learn: 0.2855464	test: 0.2866572	best: 0.2866572 (600)	total: 4.18s	remaining: 30.6s
800:	learn: 0.2850636	test: 0.2864685	best: 0.2864671 (799)	total: 5.57s	remaining: 29.2s
1000:	learn: 0.2846212	test: 0.2862926	best: 0.2862926 (1000)	total: 6.93s	remaining: 27.7s
1200:	learn: 0.2842265	test: 0.2862039	best: 0.2862039 (1200)	total: 8.3s	remaining: 26.3s
1400:	learn: 0.2838246	test: 0.2861123	best: 0.2861006 (1377)	total: 9.66s	remaining: 24.8s
1600:	learn: 0.2834438	test: 0.2860155	best: 0.2860137 (1595)	total: 11s	remaining: 23.4s
1800:	learn: 0.2830584	test: 0.2859497	best: 0.2859479 (1799)	total: 12.4s	remaining: 21.9s
bestTest = 0.2859140018
bestIteration = 1875
Shrink model to first 1876 iterations.
iters=1875
      Seed 456 (3/5)... 0:	learn: 0.2888605	test: 0.2886421	best: 0.2886421 (0)	total: 7.39ms	remaining: 36.9s
200:	learn: 0.2867714	test: 0.2872498	best: 0.2872498 (200)	total: 1.39s	remaining: 33.1s
400:	learn: 0.2860935	test: 0.2869109	best: 0.2869031 (396)	total: 2.79s	remaining: 32.1s
600:	learn: 0.2855524	test: 0.2866819	best: 0.2866814 (599)	total: 4.19s	remaining: 30.7s
800:	learn: 0.2850758	test: 0.2864892	best: 0.2864812 (793)	total: 5.59s	remaining: 29.3s
1000:	learn: 0.2846430	test: 0.2863423	best: 0.2863423 (1000)	total: 6.97s	remaining: 27.8s
1200:	learn: 0.2842327	test: 0.2862373	best: 0.2862331 (1190)	total: 8.33s	remaining: 26.3s
1400:	learn: 0.2838388	test: 0.2860849	best: 0.2860828 (1388)	total: 9.7s	remaining: 24.9s
1600:	learn: 0.2834539	test: 0.2860268	best: 0.2860105 (1566)	total: 11s	remaining: 23.4s
1800:	learn: 0.2830692	test: 0.2859627	best: 0.2859627 (1800)	total: 12.4s	remaining: 22s
2000:	learn: 0.2827043	test: 0.2858516	best: 0.2858516 (2000)	total: 13.7s	remaining: 20.6s
2200:	learn: 0.2823403	test: 0.2857999	best: 0.2857984 (2190)	total: 15.1s	remaining: 19.2s
2400:	learn: 0.2819865	test: 0.2857206	best: 0.2857149 (2380)	total: 16.4s	remaining: 17.8s
bestTest = 0.2857040656
bestIteration = 2452
Shrink model to first 2453 iterations.
iters=2452
      Seed 789 (4/5)... 0:	learn: 0.2888597	test: 0.2886423	best: 0.2886423 (0)	total: 7.21ms	remaining: 36s
200:	learn: 0.2867750	test: 0.2872482	best: 0.2872482 (200)	total: 1.39s	remaining: 33.2s
400:	learn: 0.2860893	test: 0.2869019	best: 0.2869013 (399)	total: 2.8s	remaining: 32.1s
600:	learn: 0.2855500	test: 0.2866523	best: 0.2866520 (599)	total: 4.19s	remaining: 30.7s
800:	learn: 0.2850635	test: 0.2864804	best: 0.2864732 (796)	total: 5.57s	remaining: 29.2s
1000:	learn: 0.2846159	test: 0.2863150	best: 0.2863150 (1000)	total: 6.95s	remaining: 27.8s
1200:	learn: 0.2842091	test: 0.2862089	best: 0.2862077 (1198)	total: 8.32s	remaining: 26.3s
1400:	learn: 0.2838223	test: 0.2860635	best: 0.2860601 (1393)	total: 9.67s	remaining: 24.8s
1600:	learn: 0.2834325	test: 0.2859393	best: 0.2859385 (1598)	total: 11s	remaining: 23.4s
1800:	learn: 0.2830485	test: 0.2858637	best: 0.2858637 (1800)	total: 12.4s	remaining: 22s
2000:	learn: 0.2826844	test: 0.2857482	best: 0.2857482 (2000)	total: 13.7s	remaining: 20.6s
2200:	learn: 0.2823320	test: 0.2856571	best: 0.2856571 (2200)	total: 15.1s	remaining: 19.1s
2400:	learn: 0.2819836	test: 0.2855705	best: 0.2855673 (2375)	total: 16.4s	remaining: 17.8s
bestTest = 0.2855567893
bestIteration = 2461
Shrink model to first 2462 iterations.
iters=2461
      Seed 2024 (5/5)... 0:	learn: 0.2888597	test: 0.2886431	best: 0.2886431 (0)	total: 7.37ms	remaining: 36.8s
200:	learn: 0.2867725	test: 0.2872492	best: 0.2872492 (200)	total: 1.38s	remaining: 33s
400:	learn: 0.2860914	test: 0.2869409	best: 0.2869409 (400)	total: 2.78s	remaining: 31.9s
600:	learn: 0.2855526	test: 0.2867305	best: 0.2867305 (600)	total: 4.17s	remaining: 30.5s
800:	learn: 0.2850607	test: 0.2865576	best: 0.2865576 (800)	total: 5.53s	remaining: 29s
1000:	learn: 0.2846225	test: 0.2864288	best: 0.2864288 (1000)	total: 6.92s	remaining: 27.6s
1200:	learn: 0.2842139	test: 0.2862770	best: 0.2862766 (1197)	total: 8.28s	remaining: 26.2s
1400:	learn: 0.2838235	test: 0.2861410	best: 0.2861409 (1399)	total: 9.64s	remaining: 24.8s
1600:	learn: 0.2834299	test: 0.2860423	best: 0.2860423 (1600)	total: 11s	remaining: 23.3s
1800:	learn: 0.2830544	test: 0.2859505	best: 0.2859503 (1799)	total: 12.3s	remaining: 21.9s
2000:	learn: 0.2826824	test: 0.2858699	best: 0.2858698 (1999)	total: 13.7s	remaining: 20.5s
2200:	learn: 0.2823253	test: 0.2857808	best: 0.2857805 (2198)	total: 15s	remaining: 19.1s
2400:	learn: 0.2819847	test: 0.2857565	best: 0.2857533 (2396)	total: 16.4s	remaining: 17.7s
2600:	learn: 0.2816446	test: 0.2857222	best: 0.2857203 (2519)	total: 17.7s	remaining: 16.3s
bestTest = 0.2857050924
bestIteration = 2669
Shrink model to first 2670 iterations.
iters=2669
   💾 Saved 5 CatBoost models + feature names

   📈 Window 1 Results:
      IC                             0.0182
      Rank_IC                        0.0275
      ICIR                           0.3157
      Rank_ICIR                      0.4784
      LS_Sharpe_raw                  3.72
      LS_Sharpe_net                  2.4
      LS_Ann_Return_net_%            94.4
      LS_MaxDD_net_%                 -93.5
      LS_Total_net_%                 25935814.4
      LS_VolTarget_Sharpe            3.09
      LS_VolTarget_MaxDD_%           -96.2
      LS_VolTarget_Total_%           1320692760542.4
      LS_DDStop_Sharpe               4.18
      LS_DDStop_MaxDD_%              -24.9
      LS_DDStop_Total_%              45213957.0
      LO5_Sharpe                     -0.24
      LO10_Sharpe                    -0.56
      N_periods                      10516
      Cost_per_period_bps            3.5

======================================================================
  AGGREGATE RESULTS (1 windows)
======================================================================

   📈 Combined Results (all windows):
      Periods: 10516
      LS Net:       Sharpe=2.40, MaxDD=-93.5%, Total=25935814.4%
      LS VolTarget: Sharpe=3.09, MaxDD=-96.2%, Total=1320692760542.4%
      LS DDStop:    Sharpe=4.18, MaxDD=-24.9%, Total=45213957.0%

🏆 Top 30 Features (CatBoost, last window):
   📰 btc_beta_168h                            2.8
      btc_vol_24h                              2.6
      close_ma336_ratio                        2.5
      gk_vol_168h                              2.4
      vix_close_chg_1d                         2.1
      close_ma720_ratio                        1.9
      ret_sharpe_168h                          1.7
      breadth_pct_positive                     1.6
   📰 funding_rate_binance                     1.5
      spx_close_chg_1d                         1.5
      gk_vol_24h                               1.5
      oi_value_usd                             1.5
      ret_std_168h                             1.5
      vol_12h_cs_rank                          1.4
      atr_48                                   1.4
      close_ma6_ratio                          1.3
      gk_vol_48h                               1.3
   📰 fng_momentum                             1.3
      news_count_7d                            1.3
   📰 btc_beta_48h                             1.2
      close_ma12_ratio                         1.1
      dxy_close                                1.1
      macd_signal                              1.1
      spx_close_chg_20d                        1.0
      vol_price_corr_48h                       1.0
      vol_trend_12_48                          1.0
      ls_divergence                            0.9
      ret_std_48h                              0.9
   📰 fng_ma30                                 0.8
      real_rate_chg_5d                         0.8

   📰 Sentiment features in top 30: 5/30

======================================================================
  FINAL SUMMARY — CatBoost (12h target)
======================================================================
   Rank IC (avg):            +0.0275
   Rank ICIR (avg):          +0.4784
   LS Sharpe net (avg):      +2.40
   LS MaxDD net (avg):       -93.5%
   LS VolTarget Sharpe:      +3.09
   LS DDStop Sharpe:         +4.18
   Cost model:               0.03% taker + 0.01% slip + 0.005%/8h funding
======================================================================
🟡 DECENT — CatBoost adds diversity, useful as ensemble member.

✅ Results saved to results/mega_comparison/models/WinB_train2024/catboost_with_news/
   Models: cb_model_seed_*.cbm
   Run ensemble: python run_fast_sim.py --ensemble --leverage 3 --rebal 24 --edge-boost
[14:59:05]    ✅ Done: catboost_with_news (303s)
[14:59:05] 🧠 Training: WinB_train2024 / catboost_no_news
[14:59:05]    train_end=2024-10-31  val_end=2024-12-24
[14:59:05]    flags: --no-news
======================================================================
  CATBOOST CRYPTO ALPHA MODEL
  12h Target + Ordered Boosting + Walk-Forward
======================================================================

📊 Loading data...
   Shape: (2565321, 107), Symbols: 50
   🎯 Adding targets...
   🌐 Adding cross-asset features...
   🔰 Adding advanced regime features...
   🕐 Adding 12h-specific features...
   ✅ Added ~10 features for 12h holding period
   📅 Adding calendar features...
   ✅ Added 9 calendar features
   🏛️ Adding macro features...
      Macro raw: 9 cols, derived: 29, total new: 38
   📰 Adding sentiment features... (news_mode=none)
      FNG: 2018-02-01 → 2026-03-11, mean=48.3
      Funding: 96,393 non-zero rows (3.8%)
      LS ratio: 0 non-missing rows
      Synthetic positioning features...
      ⏭️  Skipping news features (news_mode=none)
   ✅ Sentiment features added: 175 → 200 total
   📊 Adding derivatives features (Binance Futures)...
      Loaded metrics: 1,800,870 rows, 50 symbols, 2021-12-01 → 2026-03-12
      OI: 1,785,559 rows (69.6%), 9 features
      Taker: 1,648,976 rows (64.3%), 6 features
      Top L/S: 1,433,710 rows (55.9%), 5 features
      Global L/S: 3 features
      Binance funding: 2,239,209 rows (87.3%)
      Funding surprise: computed from OKX funding data
      Market-wide aggregates: 4 features
      Basis/Premium: 448,115 rows (17.5%), 6 features
      ⚠️  No liquidation data (run download_binance_futures.py)
      DVOL: 13 features (BTC range: 2021-04-01 → 2026-03-15)
   ✅ Derivatives features: +48 features
   Features: 248
   📐 Cross-sectional rank normalization...
   ✅ Ranked 167 CS features, preserved 81 unranked
   Final shape: (2564721, 267)
   Date range: 2017-09-16 09:00:00+00:00 → 2026-03-07 03:00:00+00:00

🔴 PRODUCTION MODE — max training data, models go to live trading
   Train: start → 2024-10-31
   Val:   2024-11-08 → 2024-12-24
   Test:  (none — live trading)

======================================================================
  ROLLING WALK-FORWARD (1 windows)
======================================================================

──────────────────────────────────────────────────────────────────────
  Window 1/1: PROD (max data)
  Train: → 2024-10-31
  Val:   2024-11-08 → 2024-12-24
  Test:  2024-12-24 → 2026-12-31
──────────────────────────────────────────────────────────────────────
   Train: 2,000,342 | Val: 54,096 | Test: 500,875
0:	learn: 0.2888597	test: 0.2886424	best: 0.2886424 (0)	total: 14.6ms	remaining: 1m 12s
200:	learn: 0.2867674	test: 0.2872604	best: 0.2872604 (200)	total: 1.61s	remaining: 38.5s
400:	learn: 0.2860857	test: 0.2869331	best: 0.2869327 (399)	total: 3.21s	remaining: 36.9s
600:	learn: 0.2855535	test: 0.2866829	best: 0.2866829 (600)	total: 4.83s	remaining: 35.4s
800:	learn: 0.2850785	test: 0.2864774	best: 0.2864774 (800)	total: 6.43s	remaining: 33.7s
1000:	learn: 0.2846414	test: 0.2863733	best: 0.2863504 (991)	total: 8.01s	remaining: 32s
1200:	learn: 0.2842333	test: 0.2862231	best: 0.2862231 (1200)	total: 9.59s	remaining: 30.3s
1400:	learn: 0.2838420	test: 0.2860880	best: 0.2860849 (1397)	total: 11.2s	remaining: 28.6s
1600:	learn: 0.2834615	test: 0.2860020	best: 0.2860010 (1599)	total: 12.7s	remaining: 26.9s
1800:	learn: 0.2830850	test: 0.2859202	best: 0.2859202 (1799)	total: 14.2s	remaining: 25.3s
2000:	learn: 0.2827282	test: 0.2858493	best: 0.2858493 (2000)	total: 15.8s	remaining: 23.7s
2200:	learn: 0.2823798	test: 0.2857856	best: 0.2857777 (2153)	total: 17.3s	remaining: 22s
2400:	learn: 0.2820357	test: 0.2857064	best: 0.2857061 (2384)	total: 18.9s	remaining: 20.5s
2600:	learn: 0.2817059	test: 0.2856385	best: 0.2856385 (2600)	total: 20.5s	remaining: 18.9s
2800:	learn: 0.2813807	test: 0.2856192	best: 0.2855935 (2726)	total: 22s	remaining: 17.3s
bestTest = 0.2855935483
bestIteration = 2726
Shrink model to first 2727 iterations.
   🔪 Feature selection: 248 → 198

   🌱 CatBoost multi-seed ensemble (5 seeds)...
      Seed 42 (1/5)... 0:	learn: 0.2888606	test: 0.2886438	best: 0.2886438 (0)	total: 7.31ms	remaining: 36.5s
200:	learn: 0.2867626	test: 0.2872435	best: 0.2872435 (200)	total: 1.38s	remaining: 32.9s
400:	learn: 0.2860776	test: 0.2869105	best: 0.2869105 (400)	total: 2.76s	remaining: 31.6s
600:	learn: 0.2855396	test: 0.2866757	best: 0.2866757 (600)	total: 4.15s	remaining: 30.4s
800:	learn: 0.2850749	test: 0.2864800	best: 0.2864800 (800)	total: 5.53s	remaining: 29s
1000:	learn: 0.2846371	test: 0.2862995	best: 0.2862995 (1000)	total: 6.9s	remaining: 27.6s
1200:	learn: 0.2842275	test: 0.2861383	best: 0.2861372 (1196)	total: 8.28s	remaining: 26.2s
1400:	learn: 0.2838395	test: 0.2860270	best: 0.2860253 (1387)	total: 9.64s	remaining: 24.8s
1600:	learn: 0.2834557	test: 0.2859374	best: 0.2859353 (1598)	total: 10.9s	remaining: 23.2s
1800:	learn: 0.2830756	test: 0.2858498	best: 0.2858496 (1799)	total: 12.3s	remaining: 21.8s
2000:	learn: 0.2827170	test: 0.2857964	best: 0.2857964 (2000)	total: 13.6s	remaining: 20.4s
2200:	learn: 0.2823662	test: 0.2857492	best: 0.2857363 (2153)	total: 15s	remaining: 19s
2400:	learn: 0.2820239	test: 0.2856421	best: 0.2856403 (2385)	total: 16.3s	remaining: 17.7s
2600:	learn: 0.2816907	test: 0.2855991	best: 0.2855981 (2538)	total: 17.6s	remaining: 16.3s
2800:	learn: 0.2813607	test: 0.2855317	best: 0.2855249 (2726)	total: 19s	remaining: 14.9s
3000:	learn: 0.2810373	test: 0.2854894	best: 0.2854887 (2997)	total: 20.4s	remaining: 13.6s
3200:	learn: 0.2807189	test: 0.2854774	best: 0.2854763 (3191)	total: 21.7s	remaining: 12.2s
bestTest = 0.2854709102
bestIteration = 3284
Shrink model to first 3285 iterations.
iters=3284
      Seed 123 (2/5)... 0:	learn: 0.2888599	test: 0.2886423	best: 0.2886423 (0)	total: 7.19ms	remaining: 35.9s
200:	learn: 0.2867775	test: 0.2872868	best: 0.2872868 (200)	total: 1.37s	remaining: 32.7s
400:	learn: 0.2860920	test: 0.2869478	best: 0.2869478 (400)	total: 2.77s	remaining: 31.8s
600:	learn: 0.2855547	test: 0.2866568	best: 0.2866544 (597)	total: 4.14s	remaining: 30.3s
800:	learn: 0.2850738	test: 0.2865045	best: 0.2865040 (799)	total: 5.52s	remaining: 28.9s
1000:	learn: 0.2846461	test: 0.2863186	best: 0.2863186 (1000)	total: 6.88s	remaining: 27.5s
1200:	learn: 0.2842429	test: 0.2861730	best: 0.2861727 (1199)	total: 8.24s	remaining: 26.1s
1400:	learn: 0.2838567	test: 0.2860010	best: 0.2860003 (1399)	total: 9.58s	remaining: 24.6s
1600:	learn: 0.2834825	test: 0.2859590	best: 0.2859590 (1600)	total: 10.9s	remaining: 23.2s
1800:	learn: 0.2831030	test: 0.2858905	best: 0.2858905 (1800)	total: 12.2s	remaining: 21.7s
2000:	learn: 0.2827358	test: 0.2858051	best: 0.2858051 (2000)	total: 13.6s	remaining: 20.4s
2200:	learn: 0.2823833	test: 0.2857333	best: 0.2857333 (2200)	total: 14.9s	remaining: 19s
2400:	learn: 0.2820480	test: 0.2857028	best: 0.2856992 (2391)	total: 16.2s	remaining: 17.6s
bestTest = 0.2856992003
bestIteration = 2391
Shrink model to first 2392 iterations.
iters=2391
      Seed 456 (3/5)... 0:	learn: 0.2888604	test: 0.2886424	best: 0.2886424 (0)	total: 7.22ms	remaining: 36.1s
200:	learn: 0.2867728	test: 0.2872747	best: 0.2872747 (200)	total: 1.38s	remaining: 32.9s
400:	learn: 0.2860940	test: 0.2869332	best: 0.2869332 (400)	total: 2.76s	remaining: 31.6s
600:	learn: 0.2855537	test: 0.2867304	best: 0.2867256 (598)	total: 4.14s	remaining: 30.3s
800:	learn: 0.2850787	test: 0.2865504	best: 0.2865504 (800)	total: 5.51s	remaining: 28.9s
1000:	learn: 0.2846544	test: 0.2863639	best: 0.2863637 (999)	total: 6.91s	remaining: 27.6s
1200:	learn: 0.2842485	test: 0.2862079	best: 0.2861996 (1199)	total: 8.28s	remaining: 26.2s
1400:	learn: 0.2838573	test: 0.2860494	best: 0.2860493 (1399)	total: 9.62s	remaining: 24.7s
1600:	learn: 0.2834758	test: 0.2859792	best: 0.2859620 (1565)	total: 11s	remaining: 23.3s
1800:	learn: 0.2830926	test: 0.2859281	best: 0.2859253 (1789)	total: 12.3s	remaining: 21.8s
2000:	learn: 0.2827285	test: 0.2858535	best: 0.2858535 (2000)	total: 13.6s	remaining: 20.4s
2200:	learn: 0.2823745	test: 0.2858183	best: 0.2858183 (2200)	total: 15s	remaining: 19s
2400:	learn: 0.2820338	test: 0.2857674	best: 0.2857621 (2391)	total: 16.3s	remaining: 17.7s
2600:	learn: 0.2817006	test: 0.2856951	best: 0.2856951 (2600)	total: 17.7s	remaining: 16.3s
2800:	learn: 0.2813767	test: 0.2856399	best: 0.2856327 (2748)	total: 19s	remaining: 14.9s
bestTest = 0.2856326727
bestIteration = 2748
Shrink model to first 2749 iterations.
iters=2748
      Seed 789 (4/5)... 0:	learn: 0.2888596	test: 0.2886432	best: 0.2886432 (0)	total: 7.17ms	remaining: 35.9s
200:	learn: 0.2867673	test: 0.2872512	best: 0.2872512 (200)	total: 1.36s	remaining: 32.5s
400:	learn: 0.2860829	test: 0.2869021	best: 0.2869005 (397)	total: 2.74s	remaining: 31.5s
600:	learn: 0.2855548	test: 0.2866926	best: 0.2866926 (600)	total: 4.11s	remaining: 30.1s
800:	learn: 0.2850769	test: 0.2865184	best: 0.2865180 (796)	total: 5.49s	remaining: 28.8s
1000:	learn: 0.2846368	test: 0.2863157	best: 0.2863145 (996)	total: 6.86s	remaining: 27.4s
1200:	learn: 0.2842226	test: 0.2862022	best: 0.2861968 (1196)	total: 8.22s	remaining: 26s
1400:	learn: 0.2838325	test: 0.2860546	best: 0.2860546 (1400)	total: 9.55s	remaining: 24.5s
1600:	learn: 0.2834514	test: 0.2859590	best: 0.2859584 (1598)	total: 10.9s	remaining: 23.2s
1800:	learn: 0.2830730	test: 0.2858828	best: 0.2858820 (1797)	total: 12.2s	remaining: 21.7s
2000:	learn: 0.2827155	test: 0.2857955	best: 0.2857927 (1999)	total: 13.6s	remaining: 20.3s
2200:	learn: 0.2823666	test: 0.2857001	best: 0.2857001 (2200)	total: 14.9s	remaining: 18.9s
2400:	learn: 0.2820259	test: 0.2856468	best: 0.2856429 (2389)	total: 16.2s	remaining: 17.5s
2600:	learn: 0.2816972	test: 0.2856133	best: 0.2856057 (2529)	total: 17.5s	remaining: 16.2s
bestTest = 0.2856057002
bestIteration = 2529
Shrink model to first 2530 iterations.
iters=2529
      Seed 2024 (5/5)... 0:	learn: 0.2888608	test: 0.2886433	best: 0.2886433 (0)	total: 7.31ms	remaining: 36.5s
200:	learn: 0.2867743	test: 0.2872686	best: 0.2872686 (200)	total: 1.38s	remaining: 33s
400:	learn: 0.2860866	test: 0.2869302	best: 0.2869302 (400)	total: 2.79s	remaining: 32s
600:	learn: 0.2855514	test: 0.2866945	best: 0.2866934 (599)	total: 4.18s	remaining: 30.6s
800:	learn: 0.2850691	test: 0.2865116	best: 0.2865116 (800)	total: 5.56s	remaining: 29.1s
1000:	learn: 0.2846354	test: 0.2863737	best: 0.2863729 (998)	total: 6.93s	remaining: 27.7s
1200:	learn: 0.2842291	test: 0.2862702	best: 0.2862678 (1199)	total: 8.29s	remaining: 26.2s
1400:	learn: 0.2838352	test: 0.2861190	best: 0.2861189 (1395)	total: 9.63s	remaining: 24.7s
1600:	learn: 0.2834419	test: 0.2860106	best: 0.2860103 (1555)	total: 11s	remaining: 23.3s
1800:	learn: 0.2830664	test: 0.2859246	best: 0.2859201 (1795)	total: 12.3s	remaining: 21.9s
2000:	learn: 0.2827068	test: 0.2858452	best: 0.2858416 (1946)	total: 13.7s	remaining: 20.5s
2200:	learn: 0.2823633	test: 0.2857913	best: 0.2857852 (2188)	total: 15s	remaining: 19.1s
2400:	learn: 0.2820236	test: 0.2857172	best: 0.2857096 (2397)	total: 16.3s	remaining: 17.7s
2600:	learn: 0.2816882	test: 0.2856774	best: 0.2856755 (2597)	total: 17.7s	remaining: 16.3s
2800:	learn: 0.2813594	test: 0.2856414	best: 0.2856316 (2776)	total: 19s	remaining: 14.9s
3000:	learn: 0.2810380	test: 0.2856171	best: 0.2856137 (2968)	total: 20.4s	remaining: 13.6s
3200:	learn: 0.2807127	test: 0.2856049	best: 0.2855937 (3187)	total: 21.7s	remaining: 12.2s
bestTest = 0.2855936906
bestIteration = 3187
Shrink model to first 3188 iterations.
iters=3187
   💾 Saved 5 CatBoost models + feature names

   📈 Window 1 Results:
      IC                             0.0193
      Rank_IC                        0.0283
      ICIR                           0.319
      Rank_ICIR                      0.4719
      LS_Sharpe_raw                  3.8
      LS_Sharpe_net                  2.46
      LS_Ann_Return_net_%            95.3
      LS_MaxDD_net_%                 -91.6
      LS_Total_net_%                 30768460.4
      LS_VolTarget_Sharpe            3.02
      LS_VolTarget_MaxDD_%           -96.9
      LS_VolTarget_Total_%           735487005037.5
      LS_DDStop_Sharpe               4.11
      LS_DDStop_MaxDD_%              -25.0
      LS_DDStop_Total_%              49483174.1
      LO5_Sharpe                     -0.26
      LO10_Sharpe                    -0.53
      N_periods                      10516
      Cost_per_period_bps            3.5

======================================================================
  AGGREGATE RESULTS (1 windows)
======================================================================

   📈 Combined Results (all windows):
      Periods: 10516
      LS Net:       Sharpe=2.46, MaxDD=-91.6%, Total=30768460.4%
      LS VolTarget: Sharpe=3.02, MaxDD=-96.9%, Total=735487005037.5%
      LS DDStop:    Sharpe=4.11, MaxDD=-25.0%, Total=49483174.1%

🏆 Top 30 Features (CatBoost, last window):
   📰 btc_beta_168h                            3.0
      btc_vol_24h                              2.6
      close_ma336_ratio                        2.5
      gk_vol_168h                              2.4
      vix_close_chg_1d                         2.1
      close_ma720_ratio                        2.0
      oi_value_usd                             1.8
      ret_sharpe_168h                          1.7
      vol_12h_cs_rank                          1.6
      ret_std_168h                             1.5
      breadth_pct_positive                     1.5
      atr_48                                   1.4
      spx_close_chg_1d                         1.4
   📰 funding_rate_binance                     1.4
      gk_vol_24h                               1.4
   📰 fng_momentum                             1.3
   📰 btc_beta_48h                             1.2
      gk_vol_48h                               1.2
      dxy_close                                1.2
      close_ma6_ratio                          1.2
      macd_signal                              1.0
      real_rate_chg_5d                         1.0
      ret_std_48h                              1.0
      spx_close_chg_20d                        1.0
      vol_price_corr_48h                       1.0
      close_ma12_ratio                         1.0
      vol_trend_12_48                          0.9
      ls_divergence                            0.9
      vix_close                                0.8
      vix_close_chg_20d                        0.8

   📰 Sentiment features in top 30: 4/30

======================================================================
  FINAL SUMMARY — CatBoost (12h target)
======================================================================
   Rank IC (avg):            +0.0283
   Rank ICIR (avg):          +0.4719
   LS Sharpe net (avg):      +2.46
   LS MaxDD net (avg):       -91.6%
   LS VolTarget Sharpe:      +3.02
   LS DDStop Sharpe:         +4.11
   Cost model:               0.03% taker + 0.01% slip + 0.005%/8h funding
======================================================================
🟡 DECENT — CatBoost adds diversity, useful as ensemble member.

✅ Results saved to results/mega_comparison/models/WinB_train2024/catboost_no_news/
   Models: cb_model_seed_*.cbm
   Run ensemble: python run_fast_sim.py --ensemble --leverage 3 --rebal 24 --edge-boost
[15:04:23]    ✅ Done: catboost_no_news (318s)
[15:04:23] 🧠 Training: WinB_train2024 / catboost_market_news
[15:04:23]    train_end=2024-10-31  val_end=2024-12-24
[15:04:23]    flags: --news-mode market-only
======================================================================
  CATBOOST CRYPTO ALPHA MODEL
  12h Target + Ordered Boosting + Walk-Forward
======================================================================

📊 Loading data...
   Shape: (2565321, 107), Symbols: 50
   🎯 Adding targets...
   🌐 Adding cross-asset features...
   🔰 Adding advanced regime features...
   🕐 Adding 12h-specific features...
   ✅ Added ~10 features for 12h holding period
   📅 Adding calendar features...
   ✅ Added 9 calendar features
   🏛️ Adding macro features...
      Macro raw: 9 cols, derived: 29, total new: 38
   📰 Adding sentiment features... (news_mode=market-only)
      FNG: 2018-02-01 → 2026-03-11, mean=48.3
      Funding: 96,393 non-zero rows (3.8%)
      LS ratio: 0 non-missing rows
      Synthetic positioning features...
      Loading news features (mode=market-only)...
      + market-level news: 7 features
      📊 Coverage: 2,228,238/2,565,321 rows (86.9%)
      📰 Events: 1,986,990/2,228,238 covered rows (89.2%) have news
      🕳️  Holes: 337,083 rows = NaN (not 0!)
   ✅ Sentiment features added: 175 → 204 total
   📊 Adding derivatives features (Binance Futures)...
      Loaded metrics: 1,800,870 rows, 50 symbols, 2021-12-01 → 2026-03-12
      OI: 1,785,559 rows (69.6%), 9 features
      Taker: 1,648,976 rows (64.3%), 6 features
      Top L/S: 1,433,710 rows (55.9%), 5 features
      Global L/S: 3 features
      Binance funding: 2,239,209 rows (87.3%)
      Funding surprise: computed from OKX funding data
      Market-wide aggregates: 4 features
      Basis/Premium: 448,115 rows (17.5%), 6 features
      ⚠️  No liquidation data (run download_binance_futures.py)
      DVOL: 13 features (BTC range: 2021-04-01 → 2026-03-15)
   ✅ Derivatives features: +48 features
   Features: 252
   📐 Cross-sectional rank normalization...
   ✅ Ranked 167 CS features, preserved 85 unranked
   Final shape: (2564721, 271)
   Date range: 2017-09-16 09:00:00+00:00 → 2026-03-07 03:00:00+00:00

🔴 PRODUCTION MODE — max training data, models go to live trading
   Train: start → 2024-10-31
   Val:   2024-11-08 → 2024-12-24
   Test:  (none — live trading)

======================================================================
  ROLLING WALK-FORWARD (1 windows)
======================================================================

──────────────────────────────────────────────────────────────────────
  Window 1/1: PROD (max data)
  Train: → 2024-10-31
  Val:   2024-11-08 → 2024-12-24
  Test:  2024-12-24 → 2026-12-31
──────────────────────────────────────────────────────────────────────
   Train: 2,000,342 | Val: 54,096 | Test: 500,875
0:	learn: 0.2888597	test: 0.2886424	best: 0.2886424 (0)	total: 13.8ms	remaining: 1m 8s
200:	learn: 0.2867707	test: 0.2872764	best: 0.2872764 (200)	total: 1.61s	remaining: 38.3s
400:	learn: 0.2860946	test: 0.2869167	best: 0.2869167 (400)	total: 3.19s	remaining: 36.6s
600:	learn: 0.2855568	test: 0.2866743	best: 0.2866743 (600)	total: 4.8s	remaining: 35.1s
800:	learn: 0.2850827	test: 0.2864824	best: 0.2864799 (797)	total: 6.39s	remaining: 33.5s
1000:	learn: 0.2846367	test: 0.2863146	best: 0.2863146 (1000)	total: 7.98s	remaining: 31.9s
1200:	learn: 0.2842297	test: 0.2861310	best: 0.2861308 (1199)	total: 9.55s	remaining: 30.2s
1400:	learn: 0.2838444	test: 0.2860339	best: 0.2860334 (1398)	total: 11.1s	remaining: 28.6s
1600:	learn: 0.2834636	test: 0.2859792	best: 0.2859731 (1596)	total: 12.7s	remaining: 26.9s
1800:	learn: 0.2830836	test: 0.2858998	best: 0.2858991 (1793)	total: 14.2s	remaining: 25.3s
2000:	learn: 0.2827281	test: 0.2858459	best: 0.2858459 (2000)	total: 15.8s	remaining: 23.6s
2200:	learn: 0.2823775	test: 0.2857965	best: 0.2857908 (2176)	total: 17.3s	remaining: 22s
2400:	learn: 0.2820396	test: 0.2857058	best: 0.2857058 (2400)	total: 18.9s	remaining: 20.4s
2600:	learn: 0.2817034	test: 0.2856197	best: 0.2856197 (2600)	total: 20.4s	remaining: 18.9s
2800:	learn: 0.2813750	test: 0.2855837	best: 0.2855777 (2723)	total: 22s	remaining: 17.3s
bestTest = 0.2855776822
bestIteration = 2723
Shrink model to first 2724 iterations.
   🔪 Feature selection: 252 → 201

   🌱 CatBoost multi-seed ensemble (5 seeds)...
      Seed 42 (1/5)... 0:	learn: 0.2888605	test: 0.2886418	best: 0.2886418 (0)	total: 7.31ms	remaining: 36.5s
200:	learn: 0.2867699	test: 0.2872675	best: 0.2872675 (200)	total: 1.38s	remaining: 32.9s
400:	learn: 0.2860866	test: 0.2869416	best: 0.2869416 (400)	total: 2.77s	remaining: 31.7s
600:	learn: 0.2855521	test: 0.2866807	best: 0.2866807 (600)	total: 4.15s	remaining: 30.4s
800:	learn: 0.2850686	test: 0.2864761	best: 0.2864745 (799)	total: 5.53s	remaining: 29s
1000:	learn: 0.2846368	test: 0.2862956	best: 0.2862947 (998)	total: 6.9s	remaining: 27.6s
1200:	learn: 0.2842305	test: 0.2862025	best: 0.2862025 (1200)	total: 8.26s	remaining: 26.1s
1400:	learn: 0.2838425	test: 0.2861114	best: 0.2861055 (1374)	total: 9.6s	remaining: 24.7s
1600:	learn: 0.2834605	test: 0.2859762	best: 0.2859751 (1599)	total: 10.9s	remaining: 23.2s
1800:	learn: 0.2830835	test: 0.2859109	best: 0.2859102 (1799)	total: 12.3s	remaining: 21.8s
2000:	learn: 0.2827215	test: 0.2858530	best: 0.2858530 (2000)	total: 13.6s	remaining: 20.4s
2200:	learn: 0.2823720	test: 0.2857865	best: 0.2857863 (2198)	total: 15s	remaining: 19s
2400:	learn: 0.2820310	test: 0.2856970	best: 0.2856970 (2400)	total: 16.3s	remaining: 17.7s
2600:	learn: 0.2816944	test: 0.2856670	best: 0.2856653 (2538)	total: 17.7s	remaining: 16.3s
2800:	learn: 0.2813634	test: 0.2856031	best: 0.2856026 (2798)	total: 19s	remaining: 14.9s
3000:	learn: 0.2810432	test: 0.2855843	best: 0.2855723 (2965)	total: 20.3s	remaining: 13.5s
bestTest = 0.2855535968
bestIteration = 3092
Shrink model to first 3093 iterations.
iters=3092
      Seed 123 (2/5)... 0:	learn: 0.2888599	test: 0.2886423	best: 0.2886423 (0)	total: 7.04ms	remaining: 35.2s
200:	learn: 0.2867734	test: 0.2872943	best: 0.2872943 (200)	total: 1.38s	remaining: 33s
400:	learn: 0.2860887	test: 0.2869452	best: 0.2869439 (395)	total: 2.78s	remaining: 31.9s
600:	learn: 0.2855470	test: 0.2867111	best: 0.2867111 (600)	total: 4.17s	remaining: 30.5s
800:	learn: 0.2850668	test: 0.2865169	best: 0.2865169 (800)	total: 5.56s	remaining: 29.1s
1000:	learn: 0.2846296	test: 0.2863647	best: 0.2863643 (997)	total: 6.94s	remaining: 27.7s
1200:	learn: 0.2842333	test: 0.2861859	best: 0.2861859 (1200)	total: 8.3s	remaining: 26.2s
1400:	learn: 0.2838375	test: 0.2860859	best: 0.2860837 (1396)	total: 9.65s	remaining: 24.8s
1600:	learn: 0.2834547	test: 0.2860186	best: 0.2860091 (1592)	total: 11s	remaining: 23.3s
1800:	learn: 0.2830730	test: 0.2859361	best: 0.2859331 (1798)	total: 12.3s	remaining: 21.8s
2000:	learn: 0.2827091	test: 0.2858449	best: 0.2858449 (2000)	total: 13.7s	remaining: 20.5s
2200:	learn: 0.2823618	test: 0.2857809	best: 0.2857795 (2190)	total: 15s	remaining: 19s
2400:	learn: 0.2820233	test: 0.2857382	best: 0.2857286 (2382)	total: 16.3s	remaining: 17.6s
2600:	learn: 0.2816908	test: 0.2856847	best: 0.2856828 (2586)	total: 17.6s	remaining: 16.3s
2800:	learn: 0.2813626	test: 0.2856542	best: 0.2856504 (2787)	total: 19s	remaining: 14.9s
3000:	learn: 0.2810394	test: 0.2855741	best: 0.2855741 (2999)	total: 20.3s	remaining: 13.5s
3200:	learn: 0.2807296	test: 0.2855497	best: 0.2855447 (3110)	total: 21.7s	remaining: 12.2s
bestTest = 0.2855357526
bestIteration = 3223
Shrink model to first 3224 iterations.
iters=3223
      Seed 456 (3/5)... 0:	learn: 0.2888601	test: 0.2886428	best: 0.2886428 (0)	total: 7.13ms	remaining: 35.6s
200:	learn: 0.2867810	test: 0.2872706	best: 0.2872706 (200)	total: 1.38s	remaining: 33s
400:	learn: 0.2861046	test: 0.2868962	best: 0.2868962 (400)	total: 2.78s	remaining: 31.9s
600:	learn: 0.2855720	test: 0.2866594	best: 0.2866594 (600)	total: 4.19s	remaining: 30.7s
800:	learn: 0.2850998	test: 0.2864702	best: 0.2864666 (789)	total: 5.56s	remaining: 29.2s
1000:	learn: 0.2846634	test: 0.2863732	best: 0.2863643 (983)	total: 6.92s	remaining: 27.6s
1200:	learn: 0.2842460	test: 0.2862232	best: 0.2862231 (1199)	total: 8.28s	remaining: 26.2s
1400:	learn: 0.2838559	test: 0.2860954	best: 0.2860954 (1400)	total: 9.64s	remaining: 24.8s
1600:	learn: 0.2834747	test: 0.2860022	best: 0.2860014 (1599)	total: 11s	remaining: 23.3s
1800:	learn: 0.2830903	test: 0.2859426	best: 0.2859367 (1778)	total: 12.3s	remaining: 21.9s
2000:	learn: 0.2827309	test: 0.2858382	best: 0.2858382 (2000)	total: 13.7s	remaining: 20.5s
bestTest = 0.2858204615
bestIteration = 2054
Shrink model to first 2055 iterations.
iters=2054
      Seed 789 (4/5)... 0:	learn: 0.2888605	test: 0.2886431	best: 0.2886431 (0)	total: 7.12ms	remaining: 35.6s
200:	learn: 0.2867705	test: 0.2872828	best: 0.2872828 (200)	total: 1.38s	remaining: 33s
400:	learn: 0.2860884	test: 0.2869124	best: 0.2869124 (400)	total: 2.77s	remaining: 31.8s
600:	learn: 0.2855500	test: 0.2866741	best: 0.2866741 (600)	total: 4.15s	remaining: 30.4s
800:	learn: 0.2850693	test: 0.2864678	best: 0.2864648 (797)	total: 5.52s	remaining: 28.9s
1000:	learn: 0.2846395	test: 0.2863008	best: 0.2862949 (997)	total: 6.87s	remaining: 27.4s
1200:	learn: 0.2842327	test: 0.2862033	best: 0.2861980 (1178)	total: 8.21s	remaining: 26s
1400:	learn: 0.2838353	test: 0.2860577	best: 0.2860567 (1386)	total: 9.56s	remaining: 24.6s
1600:	learn: 0.2834505	test: 0.2859585	best: 0.2859585 (1600)	total: 10.9s	remaining: 23.1s
1800:	learn: 0.2830759	test: 0.2858871	best: 0.2858871 (1800)	total: 12.2s	remaining: 21.7s
2000:	learn: 0.2827157	test: 0.2858082	best: 0.2858078 (1999)	total: 13.6s	remaining: 20.3s
2200:	learn: 0.2823741	test: 0.2857473	best: 0.2857473 (2200)	total: 14.9s	remaining: 18.9s
2400:	learn: 0.2820312	test: 0.2856873	best: 0.2856816 (2368)	total: 16.2s	remaining: 17.6s
2600:	learn: 0.2817059	test: 0.2856764	best: 0.2856607 (2578)	total: 17.6s	remaining: 16.2s
2800:	learn: 0.2813751	test: 0.2856352	best: 0.2856332 (2793)	total: 18.9s	remaining: 14.8s
3000:	learn: 0.2810423	test: 0.2856360	best: 0.2856238 (2961)	total: 20.3s	remaining: 13.5s
bestTest = 0.2856238086
bestIteration = 2961
Shrink model to first 2962 iterations.
iters=2961
      Seed 2024 (5/5)... 0:	learn: 0.2888601	test: 0.2886437	best: 0.2886437 (0)	total: 7.29ms	remaining: 36.4s
200:	learn: 0.2867723	test: 0.2872714	best: 0.2872714 (200)	total: 1.37s	remaining: 32.8s
400:	learn: 0.2860935	test: 0.2869368	best: 0.2869361 (399)	total: 2.76s	remaining: 31.7s
600:	learn: 0.2855546	test: 0.2866725	best: 0.2866725 (600)	total: 4.15s	remaining: 30.4s
800:	learn: 0.2850709	test: 0.2864910	best: 0.2864906 (797)	total: 5.51s	remaining: 28.9s
1000:	learn: 0.2846289	test: 0.2863735	best: 0.2863722 (998)	total: 6.87s	remaining: 27.4s
1200:	learn: 0.2842271	test: 0.2862553	best: 0.2862485 (1194)	total: 8.22s	remaining: 26s
1400:	learn: 0.2838393	test: 0.2861233	best: 0.2861227 (1368)	total: 9.58s	remaining: 24.6s
1600:	learn: 0.2834515	test: 0.2860055	best: 0.2860055 (1600)	total: 10.9s	remaining: 23.2s
1800:	learn: 0.2830721	test: 0.2859624	best: 0.2859597 (1788)	total: 12.3s	remaining: 21.8s
2000:	learn: 0.2827013	test: 0.2858903	best: 0.2858858 (1930)	total: 13.6s	remaining: 20.4s
2200:	learn: 0.2823550	test: 0.2858669	best: 0.2858604 (2188)	total: 14.9s	remaining: 19s
2400:	learn: 0.2820113	test: 0.2858232	best: 0.2858139 (2379)	total: 16.3s	remaining: 17.6s
2600:	learn: 0.2816753	test: 0.2857732	best: 0.2857687 (2560)	total: 17.6s	remaining: 16.2s
2800:	learn: 0.2813454	test: 0.2857412	best: 0.2857410 (2740)	total: 18.9s	remaining: 14.9s
3000:	learn: 0.2810207	test: 0.2856898	best: 0.2856883 (2970)	total: 20.3s	remaining: 13.5s
bestTest = 0.2856610645
bestIteration = 3088
Shrink model to first 3089 iterations.
iters=3088
   💾 Saved 5 CatBoost models + feature names

   📈 Window 1 Results:
      IC                             0.0194
      Rank_IC                        0.0291
      ICIR                           0.3145
      Rank_ICIR                      0.4711
      LS_Sharpe_raw                  3.58
      LS_Sharpe_net                  2.25
      LS_Ann_Return_net_%            87.5
      LS_MaxDD_net_%                 -93.3
      LS_Total_net_%                 9806947.7
      LS_VolTarget_Sharpe            2.82
      LS_VolTarget_MaxDD_%           -97.1
      LS_VolTarget_Total_%           138009776719.6
      LS_DDStop_Sharpe               4.01
      LS_DDStop_MaxDD_%              -24.8
      LS_DDStop_Total_%              9121673.0
      LO5_Sharpe                     -0.25
      LO10_Sharpe                    -0.56
      N_periods                      10516
      Cost_per_period_bps            3.5

======================================================================
  AGGREGATE RESULTS (1 windows)
======================================================================

   📈 Combined Results (all windows):
      Periods: 10516
      LS Net:       Sharpe=2.25, MaxDD=-93.3%, Total=9806947.7%
      LS VolTarget: Sharpe=2.82, MaxDD=-97.1%, Total=138009776719.6%
      LS DDStop:    Sharpe=4.01, MaxDD=-24.8%, Total=9121673.0%

🏆 Top 30 Features (CatBoost, last window):
   📰 btc_beta_168h                            3.0
      btc_vol_24h                              2.8
      gk_vol_168h                              2.5
      close_ma336_ratio                        2.5
      vix_close_chg_1d                         2.1
      close_ma720_ratio                        2.0
      oi_value_usd                             1.7
      ret_sharpe_168h                          1.7
      ret_std_168h                             1.5
      breadth_pct_positive                     1.5
   📰 funding_rate_binance                     1.5
      vol_12h_cs_rank                          1.4
      atr_48                                   1.4
      close_ma6_ratio                          1.3
   📰 fng_momentum                             1.3
      spx_close_chg_1d                         1.3
      gk_vol_24h                               1.3
      gk_vol_48h                               1.2
   📰 btc_beta_48h                             1.2
      dxy_close                                1.2
      spx_close_chg_20d                        1.1
      macd_signal                              1.1
      ls_divergence                            1.0
      vol_price_corr_48h                       1.0
      vol_trend_12_48                          0.9
      ret_std_48h                              0.9
      real_rate_chg_5d                         0.9
      close_ma12_ratio                         0.9
      vix_close_chg_20d                        0.9
      vix_close                                0.8

   📰 Sentiment features in top 30: 4/30

======================================================================
  FINAL SUMMARY — CatBoost (12h target)
======================================================================
   Rank IC (avg):            +0.0291
   Rank ICIR (avg):          +0.4711
   LS Sharpe net (avg):      +2.25
   LS MaxDD net (avg):       -93.3%
   LS VolTarget Sharpe:      +2.82
   LS DDStop Sharpe:         +4.01
   Cost model:               0.03% taker + 0.01% slip + 0.005%/8h funding
======================================================================
🟡 DECENT — CatBoost adds diversity, useful as ensemble member.

✅ Results saved to results/mega_comparison/models/WinB_train2024/catboost_market_news/
   Models: cb_model_seed_*.cbm
   Run ensemble: python run_fast_sim.py --ensemble --leverage 3 --rebal 24 --edge-boost
[15:09:41]    ✅ Done: catboost_market_news (318s)
[15:09:41] 🧠 Training: WinB_train2024 / catboost_no_deriv
[15:09:41]    train_end=2024-10-31  val_end=2024-12-24
[15:09:41]    flags: --no-news --no-derivatives
======================================================================
  CATBOOST CRYPTO ALPHA MODEL
  12h Target + Ordered Boosting + Walk-Forward
======================================================================

📊 Loading data...
   Shape: (2565321, 107), Symbols: 50
   🎯 Adding targets...
   🌐 Adding cross-asset features...
   🔰 Adding advanced regime features...
   🕐 Adding 12h-specific features...
   ✅ Added ~10 features for 12h holding period
   📅 Adding calendar features...
   ✅ Added 9 calendar features
   🏛️ Adding macro features...
      Macro raw: 9 cols, derived: 29, total new: 38
   📰 Adding sentiment features... (news_mode=none)
      FNG: 2018-02-01 → 2026-03-11, mean=48.3
      Funding: 96,393 non-zero rows (3.8%)
      LS ratio: 0 non-missing rows
      Synthetic positioning features...
      ⏭️  Skipping news features (news_mode=none)
   ✅ Sentiment features added: 175 → 200 total
   ⏭️  Skipping derivatives features (--no-derivatives)
   Features: 200
   📐 Cross-sectional rank normalization...
   ✅ Ranked 132 CS features, preserved 68 unranked
   Final shape: (2564721, 219)
   Date range: 2017-09-16 09:00:00+00:00 → 2026-03-07 03:00:00+00:00

🔴 PRODUCTION MODE — max training data, models go to live trading
   Train: start → 2024-10-31
   Val:   2024-11-08 → 2024-12-24
   Test:  (none — live trading)

======================================================================
  ROLLING WALK-FORWARD (1 windows)
======================================================================

──────────────────────────────────────────────────────────────────────
  Window 1/1: PROD (max data)
  Train: → 2024-10-31
  Val:   2024-11-08 → 2024-12-24
  Test:  2024-12-24 → 2026-12-31
──────────────────────────────────────────────────────────────────────
   Train: 2,000,342 | Val: 54,096 | Test: 500,875
0:	learn: 0.2888598	test: 0.2886432	best: 0.2886432 (0)	total: 13.4ms	remaining: 1m 6s
200:	learn: 0.2867942	test: 0.2873089	best: 0.2873089 (200)	total: 1.35s	remaining: 32.3s
400:	learn: 0.2861314	test: 0.2869500	best: 0.2869500 (400)	total: 2.72s	remaining: 31.2s
600:	learn: 0.2856337	test: 0.2867677	best: 0.2867633 (596)	total: 4.08s	remaining: 29.9s
800:	learn: 0.2851968	test: 0.2866581	best: 0.2866570 (795)	total: 5.42s	remaining: 28.4s
1000:	learn: 0.2847876	test: 0.2865842	best: 0.2865721 (982)	total: 6.76s	remaining: 27s
1200:	learn: 0.2844034	test: 0.2864565	best: 0.2864546 (1194)	total: 8.09s	remaining: 25.6s
1400:	learn: 0.2840216	test: 0.2863587	best: 0.2863478 (1366)	total: 9.4s	remaining: 24.1s
1600:	learn: 0.2836506	test: 0.2862969	best: 0.2862864 (1578)	total: 10.7s	remaining: 22.7s
1800:	learn: 0.2832938	test: 0.2862427	best: 0.2862412 (1792)	total: 12s	remaining: 21.4s
2000:	learn: 0.2829373	test: 0.2861808	best: 0.2861798 (1997)	total: 13.3s	remaining: 20s
2200:	learn: 0.2826070	test: 0.2860865	best: 0.2860851 (2198)	total: 14.7s	remaining: 18.6s
2400:	learn: 0.2822877	test: 0.2860155	best: 0.2860088 (2380)	total: 16s	remaining: 17.3s
bestTest = 0.2860028407
bestIteration = 2483
Shrink model to first 2484 iterations.
   🔪 Feature selection: 200 → 160

   🌱 CatBoost multi-seed ensemble (5 seeds)...
      Seed 42 (1/5)... 0:	learn: 0.2888602	test: 0.2886428	best: 0.2886428 (0)	total: 6.37ms	remaining: 31.8s
200:	learn: 0.2867856	test: 0.2873033	best: 0.2873033 (200)	total: 1.19s	remaining: 28.4s
400:	learn: 0.2861282	test: 0.2869861	best: 0.2869851 (399)	total: 2.39s	remaining: 27.4s
600:	learn: 0.2856217	test: 0.2867910	best: 0.2867879 (594)	total: 3.59s	remaining: 26.3s
800:	learn: 0.2851813	test: 0.2866558	best: 0.2866528 (794)	total: 4.77s	remaining: 25s
1000:	learn: 0.2847715	test: 0.2864864	best: 0.2864864 (1000)	total: 5.95s	remaining: 23.8s
1200:	learn: 0.2843724	test: 0.2864096	best: 0.2864032 (1199)	total: 7.12s	remaining: 22.5s
1400:	learn: 0.2839965	test: 0.2862731	best: 0.2862727 (1391)	total: 8.29s	remaining: 21.3s
1600:	learn: 0.2836243	test: 0.2862470	best: 0.2862376 (1595)	total: 9.47s	remaining: 20.1s
bestTest = 0.2862376283
bestIteration = 1595
Shrink model to first 1596 iterations.
iters=1595
      Seed 123 (2/5)... 0:	learn: 0.2888599	test: 0.2886426	best: 0.2886426 (0)	total: 6.36ms	remaining: 31.8s
200:	learn: 0.2867897	test: 0.2873040	best: 0.2873040 (200)	total: 1.19s	remaining: 28.4s
400:	learn: 0.2861347	test: 0.2869628	best: 0.2869628 (400)	total: 2.39s	remaining: 27.4s
600:	learn: 0.2856369	test: 0.2867574	best: 0.2867574 (600)	total: 3.59s	remaining: 26.3s
800:	learn: 0.2851810	test: 0.2866103	best: 0.2866071 (796)	total: 4.78s	remaining: 25.1s
1000:	learn: 0.2847776	test: 0.2865086	best: 0.2865034 (997)	total: 5.96s	remaining: 23.8s
1200:	learn: 0.2843804	test: 0.2864055	best: 0.2864017 (1180)	total: 7.15s	remaining: 22.6s
1400:	learn: 0.2840144	test: 0.2863006	best: 0.2863004 (1398)	total: 8.33s	remaining: 21.4s
1600:	learn: 0.2836411	test: 0.2861634	best: 0.2861574 (1583)	total: 9.49s	remaining: 20.2s
bestTest = 0.2861167963
bestIteration = 1697
Shrink model to first 1698 iterations.
iters=1697
      Seed 456 (3/5)... 0:	learn: 0.2888606	test: 0.2886424	best: 0.2886424 (0)	total: 6.37ms	remaining: 31.8s
200:	learn: 0.2868031	test: 0.2873230	best: 0.2873230 (200)	total: 1.19s	remaining: 28.5s
400:	learn: 0.2861379	test: 0.2869905	best: 0.2869893 (397)	total: 2.4s	remaining: 27.5s
600:	learn: 0.2856304	test: 0.2867933	best: 0.2867933 (600)	total: 3.6s	remaining: 26.4s
800:	learn: 0.2851877	test: 0.2866118	best: 0.2866118 (800)	total: 4.8s	remaining: 25.2s
1000:	learn: 0.2847668	test: 0.2865082	best: 0.2865066 (998)	total: 5.98s	remaining: 23.9s
1200:	learn: 0.2843744	test: 0.2864084	best: 0.2864081 (1199)	total: 7.17s	remaining: 22.7s
1400:	learn: 0.2840010	test: 0.2862753	best: 0.2862727 (1397)	total: 8.35s	remaining: 21.4s
1600:	learn: 0.2836266	test: 0.2862316	best: 0.2862205 (1573)	total: 9.5s	remaining: 20.2s
1800:	learn: 0.2832634	test: 0.2861312	best: 0.2861312 (1800)	total: 10.7s	remaining: 18.9s
2000:	learn: 0.2829101	test: 0.2860908	best: 0.2860826 (1980)	total: 11.8s	remaining: 17.7s
bestTest = 0.2860557932
bestIteration = 2086
Shrink model to first 2087 iterations.
iters=2086
      Seed 789 (4/5)... 0:	learn: 0.2888599	test: 0.2886432	best: 0.2886432 (0)	total: 6.42ms	remaining: 32.1s
200:	learn: 0.2867913	test: 0.2872924	best: 0.2872924 (200)	total: 1.19s	remaining: 28.3s
400:	learn: 0.2861237	test: 0.2869102	best: 0.2869097 (399)	total: 2.38s	remaining: 27.3s
600:	learn: 0.2856329	test: 0.2867700	best: 0.2867684 (590)	total: 3.59s	remaining: 26.3s
800:	learn: 0.2851774	test: 0.2866857	best: 0.2866853 (767)	total: 4.78s	remaining: 25.1s
1000:	learn: 0.2847762	test: 0.2865469	best: 0.2865469 (1000)	total: 5.97s	remaining: 23.8s
1200:	learn: 0.2843824	test: 0.2864615	best: 0.2864557 (1190)	total: 7.16s	remaining: 22.6s
1400:	learn: 0.2840006	test: 0.2863261	best: 0.2863261 (1400)	total: 8.33s	remaining: 21.4s
1600:	learn: 0.2836235	test: 0.2862316	best: 0.2862316 (1598)	total: 9.5s	remaining: 20.2s
1800:	learn: 0.2832628	test: 0.2862076	best: 0.2861885 (1786)	total: 10.7s	remaining: 19s
2000:	learn: 0.2829206	test: 0.2861432	best: 0.2861314 (1966)	total: 11.9s	remaining: 17.8s
2200:	learn: 0.2825802	test: 0.2860733	best: 0.2860733 (2200)	total: 13s	remaining: 16.6s
bestTest = 0.2860568503
bestIteration = 2268
Shrink model to first 2269 iterations.
iters=2268
      Seed 2024 (5/5)... 0:	learn: 0.2888601	test: 0.2886429	best: 0.2886429 (0)	total: 6.08ms	remaining: 30.4s
200:	learn: 0.2867895	test: 0.2873010	best: 0.2873010 (200)	total: 1.19s	remaining: 28.4s
400:	learn: 0.2861290	test: 0.2869804	best: 0.2869804 (400)	total: 2.38s	remaining: 27.3s
600:	learn: 0.2856261	test: 0.2867840	best: 0.2867803 (588)	total: 3.6s	remaining: 26.3s
800:	learn: 0.2851797	test: 0.2866358	best: 0.2866249 (788)	total: 4.79s	remaining: 25.1s
1000:	learn: 0.2847613	test: 0.2865464	best: 0.2865464 (1000)	total: 5.97s	remaining: 23.8s
1200:	learn: 0.2843679	test: 0.2864697	best: 0.2864692 (1198)	total: 7.14s	remaining: 22.6s
1400:	learn: 0.2839897	test: 0.2863666	best: 0.2863666 (1400)	total: 8.31s	remaining: 21.4s
1600:	learn: 0.2836155	test: 0.2862715	best: 0.2862670 (1597)	total: 9.49s	remaining: 20.2s
1800:	learn: 0.2832418	test: 0.2862130	best: 0.2862108 (1796)	total: 10.7s	remaining: 18.9s
2000:	learn: 0.2828953	test: 0.2861302	best: 0.2861290 (1998)	total: 11.8s	remaining: 17.7s
2200:	learn: 0.2825535	test: 0.2861154	best: 0.2861099 (2190)	total: 13s	remaining: 16.5s
2400:	learn: 0.2822188	test: 0.2860690	best: 0.2860623 (2392)	total: 14.2s	remaining: 15.4s
2600:	learn: 0.2818916	test: 0.2860117	best: 0.2860087 (2596)	total: 15.4s	remaining: 14.2s
bestTest = 0.2860021148
bestIteration = 2683
Shrink model to first 2684 iterations.
iters=2683
   💾 Saved 5 CatBoost models + feature names

   📈 Window 1 Results:
      IC                             0.0172
      Rank_IC                        0.0258
      ICIR                           0.3176
      Rank_ICIR                      0.4637
      LS_Sharpe_raw                  3.32
      LS_Sharpe_net                  1.99
      LS_Ann_Return_net_%            77.7
      LS_MaxDD_net_%                 -93.4
      LS_Total_net_%                 2398102.4
      LS_VolTarget_Sharpe            2.52
      LS_VolTarget_MaxDD_%           -96.9
      LS_VolTarget_Total_%           10539420569.9
      LS_DDStop_Sharpe               3.55
      LS_DDStop_MaxDD_%              -25.0
      LS_DDStop_Total_%              2375045.9
      LO5_Sharpe                     -0.5
      LO10_Sharpe                    -0.67
      N_periods                      10516
      Cost_per_period_bps            3.5

======================================================================
  AGGREGATE RESULTS (1 windows)
======================================================================

   📈 Combined Results (all windows):
      Periods: 10516
      LS Net:       Sharpe=1.99, MaxDD=-93.4%, Total=2398102.4%
      LS VolTarget: Sharpe=2.52, MaxDD=-96.9%, Total=10539420569.9%
      LS DDStop:    Sharpe=3.55, MaxDD=-25.0%, Total=2375045.9%

🏆 Top 30 Features (CatBoost, last window):
      btc_vol_24h                              3.4
   📰 btc_beta_168h                            3.3
      gk_vol_168h                              2.6
      close_ma720_ratio                        2.6
      close_ma336_ratio                        2.6
      vix_close_chg_1d                         2.2
      ret_sharpe_168h                          2.1
      vol_12h_cs_rank                          1.9
      spx_close_chg_1d                         1.7
      breadth_pct_positive                     1.7
   📰 fng_momentum                             1.6
      atr_48                                   1.6
      gk_vol_24h                               1.5
      dxy_close                                1.5
      close_ma6_ratio                          1.5
      gk_vol_48h                               1.5
      ret_std_168h                             1.4
      real_rate_chg_5d                         1.3
      macd_signal                              1.3
      spx_close_chg_20d                        1.2
   📰 btc_beta_48h                             1.1
      vol_price_corr_48h                       1.1
      vix_close_chg_20d                        1.1
      close_ma12_ratio                         1.1
      breakeven_10y                            1.0
   📰 fng_ma30                                 1.0
      ret_std_48h                              1.0
      vol_trend_12_48                          1.0
      yield_curve_10y2y_chg_5d                 0.9
      ret_sharpe_24h                           0.9

   📰 Sentiment features in top 30: 4/30

======================================================================
  FINAL SUMMARY — CatBoost (12h target)
======================================================================
   Rank IC (avg):            +0.0258
   Rank ICIR (avg):          +0.4637
   LS Sharpe net (avg):      +1.99
   LS MaxDD net (avg):       -93.4%
   LS VolTarget Sharpe:      +2.52
   LS DDStop Sharpe:         +3.55
   Cost model:               0.03% taker + 0.01% slip + 0.005%/8h funding
======================================================================
🟡 DECENT — CatBoost adds diversity, useful as ensemble member.

✅ Results saved to results/mega_comparison/models/WinB_train2024/catboost_no_deriv/
   Models: cb_model_seed_*.cbm
   Run ensemble: python run_fast_sim.py --ensemble --leverage 3 --rebal 24 --edge-boost
[15:13:22]    ✅ Done: catboost_no_deriv (221s)
[15:13:22] 🧠 Training: WinB_train2024 / catboost_news_no_deriv
[15:13:22]    train_end=2024-10-31  val_end=2024-12-24
[15:13:22]    flags: --news-mode all --no-derivatives
======================================================================
  CATBOOST CRYPTO ALPHA MODEL
  12h Target + Ordered Boosting + Walk-Forward
======================================================================

📊 Loading data...
   Shape: (2565321, 107), Symbols: 50
   🎯 Adding targets...
   🌐 Adding cross-asset features...
   🔰 Adding advanced regime features...
   🕐 Adding 12h-specific features...
   ✅ Added ~10 features for 12h holding period
   📅 Adding calendar features...
   ✅ Added 9 calendar features
   🏛️ Adding macro features...
      Macro raw: 9 cols, derived: 29, total new: 38
   📰 Adding sentiment features... (news_mode=all)
      FNG: 2018-02-01 → 2026-03-11, mean=48.3
      Funding: 96,393 non-zero rows (3.8%)
      LS ratio: 0 non-missing rows
      Synthetic positioning features...
      Loading news features (mode=all)...
      + coin-level news: 8 features
      + market-level news: 7 features
      📊 Coverage: 2,228,238/2,565,321 rows (86.9%)
      📰 Events: 1,100,564/2,228,238 covered rows (49.4%) have news
      🕳️  Holes: 337,083 rows = NaN (not 0!)
   ✅ Sentiment features added: 175 → 212 total
   ⏭️  Skipping derivatives features (--no-derivatives)
   Features: 212
   📐 Cross-sectional rank normalization...
   ✅ Ranked 137 CS features, preserved 75 unranked
   Final shape: (2564721, 231)
   Date range: 2017-09-16 09:00:00+00:00 → 2026-03-07 03:00:00+00:00

🔴 PRODUCTION MODE — max training data, models go to live trading
   Train: start → 2024-10-31
   Val:   2024-11-08 → 2024-12-24
   Test:  (none — live trading)

======================================================================
  ROLLING WALK-FORWARD (1 windows)
======================================================================

──────────────────────────────────────────────────────────────────────
  Window 1/1: PROD (max data)
  Train: → 2024-10-31
  Val:   2024-11-08 → 2024-12-24
  Test:  2024-12-24 → 2026-12-31
──────────────────────────────────────────────────────────────────────
   Train: 2,000,342 | Val: 54,096 | Test: 500,875
0:	learn: 0.2888598	test: 0.2886432	best: 0.2886432 (0)	total: 13.5ms	remaining: 1m 7s
200:	learn: 0.2867825	test: 0.2872831	best: 0.2872831 (200)	total: 1.37s	remaining: 32.8s
400:	learn: 0.2861178	test: 0.2869374	best: 0.2869374 (400)	total: 2.74s	remaining: 31.4s
600:	learn: 0.2856106	test: 0.2867291	best: 0.2867229 (596)	total: 4.1s	remaining: 30s
800:	learn: 0.2851629	test: 0.2866122	best: 0.2866082 (793)	total: 5.45s	remaining: 28.6s
1000:	learn: 0.2847451	test: 0.2865144	best: 0.2865054 (981)	total: 6.8s	remaining: 27.2s
1200:	learn: 0.2843540	test: 0.2864040	best: 0.2864008 (1198)	total: 8.13s	remaining: 25.7s
1400:	learn: 0.2839702	test: 0.2863190	best: 0.2863020 (1366)	total: 9.45s	remaining: 24.3s
bestTest = 0.2862711312
bestIteration = 1478
Shrink model to first 1479 iterations.
   🔪 Feature selection: 212 → 169

   🌱 CatBoost multi-seed ensemble (5 seeds)...
      Seed 42 (1/5)... 0:	learn: 0.2888602	test: 0.2886428	best: 0.2886428 (0)	total: 6.41ms	remaining: 32s
200:	learn: 0.2867836	test: 0.2872863	best: 0.2872863 (200)	total: 1.19s	remaining: 28.4s
400:	learn: 0.2861101	test: 0.2869393	best: 0.2869393 (400)	total: 2.38s	remaining: 27.3s
600:	learn: 0.2855957	test: 0.2867323	best: 0.2867300 (594)	total: 3.6s	remaining: 26.3s
800:	learn: 0.2851461	test: 0.2865753	best: 0.2865748 (799)	total: 4.79s	remaining: 25.1s
1000:	learn: 0.2847202	test: 0.2864558	best: 0.2864558 (1000)	total: 5.98s	remaining: 23.9s
1200:	learn: 0.2843301	test: 0.2863310	best: 0.2863299 (1192)	total: 7.17s	remaining: 22.7s
1400:	learn: 0.2839493	test: 0.2862357	best: 0.2862224 (1363)	total: 8.37s	remaining: 21.5s
bestTest = 0.2862223655
bestIteration = 1363
Shrink model to first 1364 iterations.
iters=1363
      Seed 123 (2/5)... 0:	learn: 0.2888599	test: 0.2886426	best: 0.2886426 (0)	total: 6.36ms	remaining: 31.8s
200:	learn: 0.2867902	test: 0.2873016	best: 0.2873016 (200)	total: 1.2s	remaining: 28.7s
400:	learn: 0.2861144	test: 0.2869431	best: 0.2869395 (398)	total: 2.41s	remaining: 27.6s
600:	learn: 0.2856113	test: 0.2867126	best: 0.2867126 (600)	total: 3.62s	remaining: 26.5s
800:	learn: 0.2851568	test: 0.2865906	best: 0.2865906 (800)	total: 4.82s	remaining: 25.3s
1000:	learn: 0.2847434	test: 0.2864365	best: 0.2864363 (996)	total: 6.01s	remaining: 24s
1200:	learn: 0.2843498	test: 0.2863479	best: 0.2863400 (1164)	total: 7.21s	remaining: 22.8s
1400:	learn: 0.2839652	test: 0.2862471	best: 0.2862452 (1396)	total: 8.4s	remaining: 21.6s
1600:	learn: 0.2835826	test: 0.2861920	best: 0.2861899 (1556)	total: 9.58s	remaining: 20.3s
1800:	learn: 0.2832157	test: 0.2861474	best: 0.2861289 (1765)	total: 10.8s	remaining: 19.1s
2000:	learn: 0.2828553	test: 0.2860933	best: 0.2860871 (1918)	total: 11.9s	remaining: 17.9s
bestTest = 0.2860790633
bestIteration = 2024
Shrink model to first 2025 iterations.
iters=2024
      Seed 456 (3/5)... 0:	learn: 0.2888606	test: 0.2886424	best: 0.2886424 (0)	total: 6.41ms	remaining: 32s
200:	learn: 0.2867903	test: 0.2872612	best: 0.2872612 (200)	total: 1.2s	remaining: 28.7s
400:	learn: 0.2861174	test: 0.2869694	best: 0.2869683 (387)	total: 2.41s	remaining: 27.7s
600:	learn: 0.2856029	test: 0.2867476	best: 0.2867476 (598)	total: 3.62s	remaining: 26.5s
800:	learn: 0.2851528	test: 0.2865851	best: 0.2865851 (800)	total: 4.83s	remaining: 25.3s
1000:	learn: 0.2847275	test: 0.2864580	best: 0.2864533 (997)	total: 6.02s	remaining: 24.1s
1200:	learn: 0.2843310	test: 0.2863586	best: 0.2863561 (1193)	total: 7.21s	remaining: 22.8s
1400:	learn: 0.2839490	test: 0.2862788	best: 0.2862738 (1392)	total: 8.41s	remaining: 21.6s
bestTest = 0.2862499894
bestIteration = 1451
Shrink model to first 1452 iterations.
iters=1451
      Seed 789 (4/5)... 0:	learn: 0.2888599	test: 0.2886432	best: 0.2886432 (0)	total: 6.41ms	remaining: 32.1s
200:	learn: 0.2867796	test: 0.2872831	best: 0.2872831 (200)	total: 1.2s	remaining: 28.7s
400:	learn: 0.2861191	test: 0.2869141	best: 0.2869141 (400)	total: 2.41s	remaining: 27.6s
600:	learn: 0.2856118	test: 0.2867215	best: 0.2867215 (600)	total: 3.62s	remaining: 26.5s
800:	learn: 0.2851645	test: 0.2865710	best: 0.2865710 (800)	total: 4.83s	remaining: 25.3s
1000:	learn: 0.2847486	test: 0.2864052	best: 0.2864052 (1000)	total: 6.02s	remaining: 24s
1200:	learn: 0.2843458	test: 0.2863249	best: 0.2863235 (1191)	total: 7.2s	remaining: 22.8s
1400:	learn: 0.2839601	test: 0.2862780	best: 0.2862745 (1389)	total: 8.39s	remaining: 21.5s
1600:	learn: 0.2835722	test: 0.2861835	best: 0.2861787 (1593)	total: 9.58s	remaining: 20.3s
bestTest = 0.2861786696
bestIteration = 1593
Shrink model to first 1594 iterations.
iters=1593
      Seed 2024 (5/5)... 0:	learn: 0.2888601	test: 0.2886430	best: 0.2886430 (0)	total: 6.56ms	remaining: 32.8s
200:	learn: 0.2867868	test: 0.2872525	best: 0.2872525 (200)	total: 1.2s	remaining: 28.6s
400:	learn: 0.2861291	test: 0.2869550	best: 0.2869550 (400)	total: 2.4s	remaining: 27.5s
600:	learn: 0.2856208	test: 0.2867511	best: 0.2867511 (600)	total: 3.6s	remaining: 26.4s
800:	learn: 0.2851673	test: 0.2866203	best: 0.2866197 (798)	total: 4.8s	remaining: 25.2s
1000:	learn: 0.2847470	test: 0.2865073	best: 0.2865056 (998)	total: 5.99s	remaining: 23.9s
1200:	learn: 0.2843464	test: 0.2864323	best: 0.2864323 (1200)	total: 7.16s	remaining: 22.7s
1400:	learn: 0.2839622	test: 0.2863491	best: 0.2863369 (1368)	total: 8.35s	remaining: 21.5s
1600:	learn: 0.2835822	test: 0.2862656	best: 0.2862644 (1593)	total: 9.53s	remaining: 20.2s
1800:	learn: 0.2832085	test: 0.2861983	best: 0.2861979 (1795)	total: 10.7s	remaining: 19s
2000:	learn: 0.2828498	test: 0.2861071	best: 0.2861028 (1991)	total: 11.9s	remaining: 17.8s
bestTest = 0.286102789
bestIteration = 1991
Shrink model to first 1992 iterations.
iters=1991
   💾 Saved 5 CatBoost models + feature names

   📈 Window 1 Results:
      IC                             0.0163
      Rank_IC                        0.0265
      ICIR                           0.3086
      Rank_ICIR                      0.4725
      LS_Sharpe_raw                  3.27
      LS_Sharpe_net                  1.95
      LS_Ann_Return_net_%            76.2
      LS_MaxDD_net_%                 -93.4
      LS_Total_net_%                 1925578.7
      LS_VolTarget_Sharpe            2.51
      LS_VolTarget_MaxDD_%           -97.3
      LS_VolTarget_Total_%           9264033345.5
      LS_DDStop_Sharpe               3.59
      LS_DDStop_MaxDD_%              -24.9
      LS_DDStop_Total_%              2823680.7
      LO5_Sharpe                     -0.43
      LO10_Sharpe                    -0.68
      N_periods                      10516
      Cost_per_period_bps            3.5

======================================================================
  AGGREGATE RESULTS (1 windows)
======================================================================

   📈 Combined Results (all windows):
      Periods: 10516
      LS Net:       Sharpe=1.95, MaxDD=-93.4%, Total=1925578.7%
      LS VolTarget: Sharpe=2.51, MaxDD=-97.3%, Total=9264033345.5%
      LS DDStop:    Sharpe=3.59, MaxDD=-24.9%, Total=2823680.7%

🏆 Top 30 Features (CatBoost, last window):
   📰 btc_beta_168h                            2.9
      btc_vol_24h                              2.9
      close_ma336_ratio                        2.9
      gk_vol_168h                              2.6
      vix_close_chg_1d                         2.5
      close_ma720_ratio                        2.4
      news_count_7d                            2.1
      ret_sharpe_168h                          2.1
      breadth_pct_positive                     1.9
      vol_12h_cs_rank                          1.8
      close_ma6_ratio                          1.7
      gk_vol_24h                               1.7
      atr_48                                   1.6
      spx_close_chg_1d                         1.5
      ret_std_168h                             1.5
      gk_vol_48h                               1.5
      close_ma12_ratio                         1.4
   📰 fng_momentum                             1.3
      dxy_close                                1.3
      macd_signal                              1.3
      vol_price_corr_48h                       1.3
      spx_close_chg_20d                        1.2
   📰 btc_beta_48h                             1.1
      vol_trend_12_48                          1.1
      ret_sharpe_24h                           1.1
      vix_close_chg_20d                        1.0
      real_rate_chg_5d                         1.0
      ret_std_48h                              0.9
   📰 funding_rate                             0.9
      cci_48                                   0.9

   📰 Sentiment features in top 30: 4/30

======================================================================
  FINAL SUMMARY — CatBoost (12h target)
======================================================================
   Rank IC (avg):            +0.0265
   Rank ICIR (avg):          +0.4725
   LS Sharpe net (avg):      +1.95
   LS MaxDD net (avg):       -93.4%
   LS VolTarget Sharpe:      +2.51
   LS DDStop Sharpe:         +3.59
   Cost model:               0.03% taker + 0.01% slip + 0.005%/8h funding
======================================================================
🟡 DECENT — CatBoost adds diversity, useful as ensemble member.

✅ Results saved to results/mega_comparison/models/WinB_train2024/catboost_news_no_deriv/
   Models: cb_model_seed_*.cbm
   Run ensemble: python run_fast_sim.py --ensemble --leverage 3 --rebal 24 --edge-boost
[15:16:49]    ✅ Done: catboost_news_no_deriv (207s)
[15:16:49] 🧠 Training: WinB_train2024 / catboost_huber
[15:16:49]    train_end=2024-10-31  val_end=2024-12-24
[15:16:49]    flags: --no-news --huber --huber-delta 1.0
======================================================================
  CATBOOST CRYPTO ALPHA MODEL
  12h Target + Ordered Boosting + Walk-Forward
======================================================================

📊 Loading data...
   Shape: (2565321, 107), Symbols: 50
   🎯 Adding targets...
   🌐 Adding cross-asset features...
   🔰 Adding advanced regime features...
   🕐 Adding 12h-specific features...
   ✅ Added ~10 features for 12h holding period
   📅 Adding calendar features...
   ✅ Added 9 calendar features
   🏛️ Adding macro features...
      Macro raw: 9 cols, derived: 29, total new: 38
   📰 Adding sentiment features... (news_mode=none)
      FNG: 2018-02-01 → 2026-03-11, mean=48.3
      Funding: 96,393 non-zero rows (3.8%)
      LS ratio: 0 non-missing rows
      Synthetic positioning features...
      ⏭️  Skipping news features (news_mode=none)
   ✅ Sentiment features added: 175 → 200 total
   📊 Adding derivatives features (Binance Futures)...
      Loaded metrics: 1,800,870 rows, 50 symbols, 2021-12-01 → 2026-03-12
      OI: 1,785,559 rows (69.6%), 9 features
      Taker: 1,648,976 rows (64.3%), 6 features
      Top L/S: 1,433,710 rows (55.9%), 5 features
      Global L/S: 3 features
      Binance funding: 2,239,209 rows (87.3%)
      Funding surprise: computed from OKX funding data
      Market-wide aggregates: 4 features
      Basis/Premium: 448,115 rows (17.5%), 6 features
      ⚠️  No liquidation data (run download_binance_futures.py)
      DVOL: 13 features (BTC range: 2021-04-01 → 2026-03-15)
   ✅ Derivatives features: +48 features
   Features: 248
   📐 Cross-sectional rank normalization...
   ✅ Ranked 167 CS features, preserved 81 unranked
   Final shape: (2564721, 267)
   Date range: 2017-09-16 09:00:00+00:00 → 2026-03-07 03:00:00+00:00

🔴 PRODUCTION MODE — max training data, models go to live trading
   Train: start → 2024-10-31
   Val:   2024-11-08 → 2024-12-24
   Test:  (none — live trading)

======================================================================
  ROLLING WALK-FORWARD (1 windows)
======================================================================

──────────────────────────────────────────────────────────────────────
  Window 1/1: PROD (max data)
  Train: → 2024-10-31
  Val:   2024-11-08 → 2024-12-24
  Test:  2024-12-24 → 2026-12-31
──────────────────────────────────────────────────────────────────────
   Train: 2,000,342 | Val: 54,096 | Test: 500,875
   🛡️  Huber loss enabled (delta=1.0)
0:	learn: 0.5862276	test: 0.5815866	best: 0.5815866 (0)	total: 14.9ms	remaining: 1m 14s
200:	learn: 0.2952206	test: 0.2949605	best: 0.2949605 (200)	total: 1.6s	remaining: 38.3s
400:	learn: 0.2865974	test: 0.2871846	best: 0.2871846 (400)	total: 3.2s	remaining: 36.7s
600:	learn: 0.2858500	test: 0.2868237	best: 0.2868237 (600)	total: 4.83s	remaining: 35.4s
800:	learn: 0.2853215	test: 0.2865610	best: 0.2865592 (796)	total: 6.46s	remaining: 33.8s
1000:	learn: 0.2848614	test: 0.2863760	best: 0.2863760 (999)	total: 8.07s	remaining: 32.2s
1200:	learn: 0.2844300	test: 0.2862426	best: 0.2862426 (1200)	total: 9.68s	remaining: 30.6s
1400:	learn: 0.2840370	test: 0.2861362	best: 0.2861362 (1400)	total: 11.3s	remaining: 29s
1600:	learn: 0.2836427	test: 0.2860262	best: 0.2860246 (1596)	total: 12.9s	remaining: 27.3s
1800:	learn: 0.2832622	test: 0.2859556	best: 0.2859549 (1799)	total: 14.4s	remaining: 25.6s
2000:	learn: 0.2828948	test: 0.2858706	best: 0.2858706 (2000)	total: 16s	remaining: 24s
2200:	learn: 0.2825404	test: 0.2858111	best: 0.2858108 (2199)	total: 17.6s	remaining: 22.4s
2400:	learn: 0.2821975	test: 0.2857516	best: 0.2857453 (2384)	total: 19.2s	remaining: 20.8s
2600:	learn: 0.2818583	test: 0.2856918	best: 0.2856889 (2584)	total: 20.8s	remaining: 19.2s
2800:	learn: 0.2815301	test: 0.2856259	best: 0.2856245 (2795)	total: 22.4s	remaining: 17.5s
bestTest = 0.2856125423
bestIteration = 2894
Shrink model to first 2895 iterations.
   🔪 Feature selection: 248 → 198

   🌱 CatBoost multi-seed ensemble (5 seeds)...
      Seed 42 (1/5)... 0:	learn: 0.5862274	test: 0.5815851	best: 0.5815851 (0)	total: 7.9ms	remaining: 39.5s
200:	learn: 0.2952241	test: 0.2949787	best: 0.2949787 (200)	total: 1.36s	remaining: 32.5s
400:	learn: 0.2865682	test: 0.2871743	best: 0.2871743 (400)	total: 2.76s	remaining: 31.7s
600:	learn: 0.2858247	test: 0.2867905	best: 0.2867905 (600)	total: 4.18s	remaining: 30.6s
800:	learn: 0.2853021	test: 0.2865451	best: 0.2865446 (799)	total: 5.6s	remaining: 29.4s
1000:	learn: 0.2848379	test: 0.2863459	best: 0.2863459 (1000)	total: 7s	remaining: 28s
1200:	learn: 0.2844137	test: 0.2862179	best: 0.2862179 (1200)	total: 8.38s	remaining: 26.5s
1400:	learn: 0.2840043	test: 0.2860985	best: 0.2860985 (1400)	total: 9.76s	remaining: 25.1s
1600:	learn: 0.2836107	test: 0.2860158	best: 0.2860158 (1600)	total: 11.1s	remaining: 23.6s
1800:	learn: 0.2832226	test: 0.2859362	best: 0.2859290 (1796)	total: 12.5s	remaining: 22.2s
2000:	learn: 0.2828542	test: 0.2858597	best: 0.2858597 (2000)	total: 13.9s	remaining: 20.8s
2200:	learn: 0.2824952	test: 0.2858161	best: 0.2858152 (2155)	total: 15.2s	remaining: 19.4s
2400:	learn: 0.2821506	test: 0.2857334	best: 0.2857283 (2394)	total: 16.6s	remaining: 18s
2600:	learn: 0.2818012	test: 0.2857019	best: 0.2856938 (2535)	total: 18s	remaining: 16.6s
2800:	learn: 0.2814740	test: 0.2856324	best: 0.2856317 (2798)	total: 19.3s	remaining: 15.2s
bestTest = 0.2856254993
bestIteration = 2889
Shrink model to first 2890 iterations.
iters=2889
      Seed 123 (2/5)... 0:	learn: 0.5862246	test: 0.5815857	best: 0.5815857 (0)	total: 7.54ms	remaining: 37.7s
200:	learn: 0.2952040	test: 0.2948941	best: 0.2948941 (200)	total: 1.38s	remaining: 33s
400:	learn: 0.2865788	test: 0.2871561	best: 0.2871561 (400)	total: 2.77s	remaining: 31.8s
600:	learn: 0.2858344	test: 0.2867196	best: 0.2867196 (600)	total: 4.2s	remaining: 30.7s
800:	learn: 0.2853034	test: 0.2864509	best: 0.2864489 (799)	total: 5.6s	remaining: 29.4s
1000:	learn: 0.2848471	test: 0.2863228	best: 0.2863228 (1000)	total: 7s	remaining: 28s
1200:	learn: 0.2844208	test: 0.2862001	best: 0.2861969 (1158)	total: 8.4s	remaining: 26.6s
1400:	learn: 0.2840230	test: 0.2860365	best: 0.2860360 (1398)	total: 9.78s	remaining: 25.1s
1600:	learn: 0.2836197	test: 0.2859302	best: 0.2859302 (1600)	total: 11.2s	remaining: 23.7s
1800:	learn: 0.2832314	test: 0.2858398	best: 0.2858398 (1800)	total: 12.5s	remaining: 22.2s
2000:	learn: 0.2828565	test: 0.2858031	best: 0.2857940 (1981)	total: 13.9s	remaining: 20.8s
2200:	learn: 0.2824987	test: 0.2857397	best: 0.2857397 (2200)	total: 15.3s	remaining: 19.4s
2400:	learn: 0.2821529	test: 0.2856784	best: 0.2856671 (2391)	total: 16.6s	remaining: 18s
bestTest = 0.2856671312
bestIteration = 2391
Shrink model to first 2392 iterations.
iters=2391
      Seed 456 (3/5)... 0:	learn: 0.5862217	test: 0.5816023	best: 0.5816023 (0)	total: 7.53ms	remaining: 37.6s
200:	learn: 0.2951996	test: 0.2949276	best: 0.2949276 (200)	total: 1.37s	remaining: 32.7s
400:	learn: 0.2865718	test: 0.2871506	best: 0.2871506 (400)	total: 2.77s	remaining: 31.8s
600:	learn: 0.2858339	test: 0.2867561	best: 0.2867561 (600)	total: 4.2s	remaining: 30.7s
800:	learn: 0.2853142	test: 0.2865103	best: 0.2865103 (800)	total: 5.61s	remaining: 29.4s
1000:	learn: 0.2848504	test: 0.2863373	best: 0.2863373 (1000)	total: 7.02s	remaining: 28s
1200:	learn: 0.2844184	test: 0.2861586	best: 0.2861580 (1190)	total: 8.4s	remaining: 26.6s
1400:	learn: 0.2840188	test: 0.2860050	best: 0.2860050 (1400)	total: 9.76s	remaining: 25.1s
1600:	learn: 0.2836303	test: 0.2859066	best: 0.2859045 (1564)	total: 11.1s	remaining: 23.6s
bestTest = 0.2858865665
bestIteration = 1654
Shrink model to first 1655 iterations.
iters=1654
      Seed 789 (4/5)... 0:	learn: 0.5862237	test: 0.5815892	best: 0.5815892 (0)	total: 7.69ms	remaining: 38.5s
200:	learn: 0.2952253	test: 0.2949687	best: 0.2949687 (200)	total: 1.36s	remaining: 32.4s
400:	learn: 0.2865954	test: 0.2872017	best: 0.2872017 (400)	total: 2.75s	remaining: 31.5s
600:	learn: 0.2858565	test: 0.2867949	best: 0.2867949 (600)	total: 4.15s	remaining: 30.4s
800:	learn: 0.2853213	test: 0.2865374	best: 0.2865374 (800)	total: 5.54s	remaining: 29s
1000:	learn: 0.2848626	test: 0.2863989	best: 0.2863836 (999)	total: 6.92s	remaining: 27.6s
1200:	learn: 0.2844312	test: 0.2862286	best: 0.2862269 (1198)	total: 8.3s	remaining: 26.3s
1400:	learn: 0.2840236	test: 0.2860781	best: 0.2860775 (1399)	total: 9.69s	remaining: 24.9s
1600:	learn: 0.2836280	test: 0.2859685	best: 0.2859685 (1600)	total: 11.1s	remaining: 23.5s
1800:	learn: 0.2832444	test: 0.2859073	best: 0.2859073 (1800)	total: 12.4s	remaining: 22s
2000:	learn: 0.2828788	test: 0.2858554	best: 0.2858511 (1992)	total: 13.8s	remaining: 20.6s
2200:	learn: 0.2825270	test: 0.2858257	best: 0.2858165 (2114)	total: 15.1s	remaining: 19.2s
bestTest = 0.2858164666
bestIteration = 2114
Shrink model to first 2115 iterations.
iters=2114
      Seed 2024 (5/5)... 0:	learn: 0.5862483	test: 0.5815266	best: 0.5815266 (0)	total: 6.86ms	remaining: 34.3s
200:	learn: 0.2952185	test: 0.2948623	best: 0.2948623 (200)	total: 1.26s	remaining: 30.1s
400:	learn: 0.2865784	test: 0.2871528	best: 0.2871528 (400)	total: 2.56s	remaining: 29.4s
600:	learn: 0.2858345	test: 0.2867465	best: 0.2867465 (600)	total: 3.88s	remaining: 28.4s
800:	learn: 0.2853166	test: 0.2865286	best: 0.2865284 (799)	total: 5.21s	remaining: 27.3s
1000:	learn: 0.2848450	test: 0.2863910	best: 0.2863908 (998)	total: 6.51s	remaining: 26s
1200:	learn: 0.2844114	test: 0.2862693	best: 0.2862693 (1200)	total: 7.81s	remaining: 24.7s
1400:	learn: 0.2840055	test: 0.2861595	best: 0.2861542 (1388)	total: 9.11s	remaining: 23.4s
1600:	learn: 0.2836082	test: 0.2860247	best: 0.2860247 (1600)	total: 10.4s	remaining: 22.1s
1800:	learn: 0.2832239	test: 0.2859569	best: 0.2859525 (1791)	total: 11.7s	remaining: 20.7s
2000:	learn: 0.2828486	test: 0.2859020	best: 0.2858992 (1985)	total: 13s	remaining: 19.4s
2200:	learn: 0.2824966	test: 0.2858780	best: 0.2858542 (2107)	total: 14.3s	remaining: 18.1s
bestTest = 0.2858542342
bestIteration = 2107
Shrink model to first 2108 iterations.
iters=2107
   💾 Saved 5 CatBoost models + feature names

   📈 Window 1 Results:
      IC                             0.0188
      Rank_IC                        0.0287
      ICIR                           0.326
      Rank_ICIR                      0.4829
      LS_Sharpe_raw                  3.69
      LS_Sharpe_net                  2.36
      LS_Ann_Return_net_%            92.0
      LS_MaxDD_net_%                 -93.4
      LS_Total_net_%                 18812661.7
      LS_VolTarget_Sharpe            2.96
      LS_VolTarget_MaxDD_%           -97.1
      LS_VolTarget_Total_%           469809550130.7
      LS_DDStop_Sharpe               4.13
      LS_DDStop_MaxDD_%              -24.9
      LS_DDStop_Total_%              21372567.7
      LO5_Sharpe                     -0.23
      LO10_Sharpe                    -0.56
      N_periods                      10516
      Cost_per_period_bps            3.5

======================================================================
  AGGREGATE RESULTS (1 windows)
======================================================================

   📈 Combined Results (all windows):
      Periods: 10516
      LS Net:       Sharpe=2.36, MaxDD=-93.4%, Total=18812661.7%
      LS VolTarget: Sharpe=2.96, MaxDD=-97.1%, Total=469809550130.7%
      LS DDStop:    Sharpe=4.13, MaxDD=-24.9%, Total=21372567.7%

🏆 Top 30 Features (CatBoost, last window):
   📰 btc_beta_168h                            2.9
      gk_vol_168h                              2.8
      btc_vol_24h                              2.7
      close_ma336_ratio                        2.3
      vix_close_chg_1d                         2.3
      close_ma720_ratio                        2.2
      oi_value_usd                             1.8
      atr_48                                   1.8
      ret_sharpe_168h                          1.7
      ret_std_168h                             1.7
      spx_close_chg_1d                         1.6
      gk_vol_48h                               1.5
      vol_12h_cs_rank                          1.5
   📰 funding_rate_binance                     1.4
      breadth_pct_positive                     1.3
      gk_vol_24h                               1.3
      vol_price_corr_48h                       1.2
      close_ma6_ratio                          1.1
   📰 fng_momentum                             1.1
      close_ma12_ratio                         1.1
   📰 btc_beta_48h                             1.1
      dxy_close                                1.1
      vol_trend_12_48                          1.1
      macd_signal                              1.0
      atr_24                                   1.0
      spx_close_chg_20d                        1.0
      ls_divergence                            0.9
      global_ls_ratio                          0.9
      regime_breadth_bullish                   0.9
      ret_sharpe_24h                           0.8

   📰 Sentiment features in top 30: 4/30

======================================================================
  FINAL SUMMARY — CatBoost (12h target)
======================================================================
   Rank IC (avg):            +0.0287
   Rank ICIR (avg):          +0.4829
   LS Sharpe net (avg):      +2.36
   LS MaxDD net (avg):       -93.4%
   LS VolTarget Sharpe:      +2.96
   LS DDStop Sharpe:         +4.13
   Cost model:               0.03% taker + 0.01% slip + 0.005%/8h funding
======================================================================
🟡 DECENT — CatBoost adds diversity, useful as ensemble member.

✅ Results saved to results/mega_comparison/models/WinB_train2024/catboost_huber/
   Models: cb_model_seed_*.cbm
   Run ensemble: python run_fast_sim.py --ensemble --leverage 3 --rebal 24 --edge-boost
[15:21:48]    ✅ Done: catboost_huber (299s)
[15:21:48] 🧠 Training: WinB_train2024 / catboost_huber_no_deriv
[15:21:48]    train_end=2024-10-31  val_end=2024-12-24
[15:21:48]    flags: --no-news --no-derivatives --huber --huber-delta 1.0
======================================================================
  CATBOOST CRYPTO ALPHA MODEL
  12h Target + Ordered Boosting + Walk-Forward
======================================================================

📊 Loading data...
   Shape: (2565321, 107), Symbols: 50
   🎯 Adding targets...
   🌐 Adding cross-asset features...
   🔰 Adding advanced regime features...
   🕐 Adding 12h-specific features...
   ✅ Added ~10 features for 12h holding period
   📅 Adding calendar features...
   ✅ Added 9 calendar features
   🏛️ Adding macro features...
      Macro raw: 9 cols, derived: 29, total new: 38
   📰 Adding sentiment features... (news_mode=none)
      FNG: 2018-02-01 → 2026-03-11, mean=48.3
      Funding: 96,393 non-zero rows (3.8%)
      LS ratio: 0 non-missing rows
      Synthetic positioning features...
      ⏭️  Skipping news features (news_mode=none)
   ✅ Sentiment features added: 175 → 200 total
   ⏭️  Skipping derivatives features (--no-derivatives)
   Features: 200
   📐 Cross-sectional rank normalization...
   ✅ Ranked 132 CS features, preserved 68 unranked
   Final shape: (2564721, 219)
   Date range: 2017-09-16 09:00:00+00:00 → 2026-03-07 03:00:00+00:00

🔴 PRODUCTION MODE — max training data, models go to live trading
   Train: start → 2024-10-31
   Val:   2024-11-08 → 2024-12-24
   Test:  (none — live trading)

======================================================================
  ROLLING WALK-FORWARD (1 windows)
======================================================================

──────────────────────────────────────────────────────────────────────
  Window 1/1: PROD (max data)
  Train: → 2024-10-31
  Val:   2024-11-08 → 2024-12-24
  Test:  2024-12-24 → 2026-12-31
──────────────────────────────────────────────────────────────────────
   Train: 2,000,342 | Val: 54,096 | Test: 500,875
   🛡️  Huber loss enabled (delta=1.0)
0:	learn: 0.5862278	test: 0.5815871	best: 0.5815871 (0)	total: 12.8ms	remaining: 1m 3s
200:	learn: 0.2952236	test: 0.2949245	best: 0.2949245 (200)	total: 1.39s	remaining: 33.1s
400:	learn: 0.2865964	test: 0.2871884	best: 0.2871884 (400)	total: 2.76s	remaining: 31.6s
600:	learn: 0.2858709	test: 0.2868408	best: 0.2868395 (585)	total: 4.14s	remaining: 30.3s
800:	learn: 0.2853903	test: 0.2866480	best: 0.2866471 (785)	total: 5.51s	remaining: 28.9s
1000:	learn: 0.2849624	test: 0.2865263	best: 0.2865263 (1000)	total: 6.87s	remaining: 27.4s
1200:	learn: 0.2845684	test: 0.2863925	best: 0.2863925 (1200)	total: 8.23s	remaining: 26s
1400:	learn: 0.2841857	test: 0.2863299	best: 0.2863275 (1397)	total: 9.56s	remaining: 24.6s
1600:	learn: 0.2838020	test: 0.2863185	best: 0.2863040 (1572)	total: 10.9s	remaining: 23.2s
1800:	learn: 0.2834295	test: 0.2862533	best: 0.2862524 (1795)	total: 12.3s	remaining: 21.8s
2000:	learn: 0.2830740	test: 0.2861733	best: 0.2861733 (2000)	total: 13.6s	remaining: 20.4s
2200:	learn: 0.2827362	test: 0.2861333	best: 0.2861258 (2182)	total: 14.9s	remaining: 19s
2400:	learn: 0.2824164	test: 0.2861105	best: 0.2861074 (2337)	total: 16.3s	remaining: 17.6s
2600:	learn: 0.2820937	test: 0.2861267	best: 0.2860963 (2529)	total: 17.6s	remaining: 16.2s
bestTest = 0.2860963056
bestIteration = 2529
Shrink model to first 2530 iterations.
   🔪 Feature selection: 200 → 160

   🌱 CatBoost multi-seed ensemble (5 seeds)...
      Seed 42 (1/5)... 0:	learn: 0.5862222	test: 0.5815821	best: 0.5815821 (0)	total: 6.16ms	remaining: 30.8s
200:	learn: 0.2952022	test: 0.2949207	best: 0.2949207 (200)	total: 1.2s	remaining: 28.6s
400:	learn: 0.2865750	test: 0.2872073	best: 0.2872073 (400)	total: 2.41s	remaining: 27.6s
600:	learn: 0.2858595	test: 0.2868842	best: 0.2868666 (590)	total: 3.62s	remaining: 26.5s
800:	learn: 0.2853705	test: 0.2866766	best: 0.2866766 (800)	total: 4.82s	remaining: 25.2s
1000:	learn: 0.2849481	test: 0.2865692	best: 0.2865660 (998)	total: 6.02s	remaining: 24s
1200:	learn: 0.2845423	test: 0.2864838	best: 0.2864838 (1200)	total: 7.23s	remaining: 22.9s
1400:	learn: 0.2841498	test: 0.2863850	best: 0.2863850 (1400)	total: 8.43s	remaining: 21.6s
1600:	learn: 0.2837719	test: 0.2863704	best: 0.2863659 (1581)	total: 9.63s	remaining: 20.4s
bestTest = 0.2863551942
bestIteration = 1618
Shrink model to first 1619 iterations.
iters=1618
      Seed 123 (2/5)... 0:	learn: 0.5862238	test: 0.5815769	best: 0.5815769 (0)	total: 6.75ms	remaining: 33.8s
200:	learn: 0.2951869	test: 0.2949776	best: 0.2949776 (200)	total: 1.2s	remaining: 28.7s
400:	learn: 0.2865619	test: 0.2871960	best: 0.2871960 (400)	total: 2.42s	remaining: 27.8s
600:	learn: 0.2858445	test: 0.2868510	best: 0.2868510 (600)	total: 3.65s	remaining: 26.7s
800:	learn: 0.2853669	test: 0.2866907	best: 0.2866901 (799)	total: 4.87s	remaining: 25.6s
1000:	learn: 0.2849466	test: 0.2865409	best: 0.2865330 (989)	total: 6.08s	remaining: 24.3s
1200:	learn: 0.2845453	test: 0.2864202	best: 0.2864171 (1197)	total: 7.29s	remaining: 23.1s
1400:	learn: 0.2841541	test: 0.2863383	best: 0.2863383 (1400)	total: 8.49s	remaining: 21.8s
1600:	learn: 0.2837627	test: 0.2862551	best: 0.2862551 (1600)	total: 9.69s	remaining: 20.6s
1800:	learn: 0.2833911	test: 0.2862039	best: 0.2861965 (1786)	total: 10.9s	remaining: 19.3s
bestTest = 0.2861951332
bestIteration = 1812
Shrink model to first 1813 iterations.
iters=1812
      Seed 456 (3/5)... 0:	learn: 0.5862289	test: 0.5815859	best: 0.5815859 (0)	total: 6.38ms	remaining: 31.9s
200:	learn: 0.2951846	test: 0.2949525	best: 0.2949525 (200)	total: 1.21s	remaining: 29s
400:	learn: 0.2865785	test: 0.2871724	best: 0.2871724 (400)	total: 2.42s	remaining: 27.7s
600:	learn: 0.2858780	test: 0.2868402	best: 0.2868398 (596)	total: 3.64s	remaining: 26.6s
800:	learn: 0.2853912	test: 0.2866457	best: 0.2866457 (800)	total: 4.85s	remaining: 25.4s
1000:	learn: 0.2849587	test: 0.2864828	best: 0.2864822 (999)	total: 6.04s	remaining: 24.1s
1200:	learn: 0.2845545	test: 0.2863929	best: 0.2863926 (1187)	total: 7.25s	remaining: 22.9s
bestTest = 0.286338992
bestIteration = 1293
Shrink model to first 1294 iterations.
iters=1293
      Seed 789 (4/5)... 0:	learn: 0.5862287	test: 0.5815850	best: 0.5815850 (0)	total: 6.99ms	remaining: 34.9s
200:	learn: 0.2951871	test: 0.2949568	best: 0.2949568 (200)	total: 1.21s	remaining: 28.8s
400:	learn: 0.2865758	test: 0.2872393	best: 0.2872393 (400)	total: 2.42s	remaining: 27.8s
600:	learn: 0.2858716	test: 0.2869081	best: 0.2869058 (598)	total: 3.65s	remaining: 26.8s
800:	learn: 0.2853866	test: 0.2866923	best: 0.2866923 (800)	total: 4.88s	remaining: 25.6s
1000:	learn: 0.2849469	test: 0.2865834	best: 0.2865819 (997)	total: 6.08s	remaining: 24.3s
1200:	learn: 0.2845504	test: 0.2864941	best: 0.2864930 (1195)	total: 7.29s	remaining: 23.1s
1400:	learn: 0.2841503	test: 0.2863498	best: 0.2863482 (1399)	total: 8.49s	remaining: 21.8s
1600:	learn: 0.2837633	test: 0.2862982	best: 0.2862820 (1538)	total: 9.69s	remaining: 20.6s
1800:	learn: 0.2833881	test: 0.2862945	best: 0.2862596 (1723)	total: 10.9s	remaining: 19.3s
bestTest = 0.2862596382
bestIteration = 1723
Shrink model to first 1724 iterations.
iters=1723
      Seed 2024 (5/5)... 0:	learn: 0.5862478	test: 0.5815854	best: 0.5815854 (0)	total: 6.49ms	remaining: 32.4s
200:	learn: 0.2951794	test: 0.2949152	best: 0.2949152 (200)	total: 1.2s	remaining: 28.7s
400:	learn: 0.2865729	test: 0.2871784	best: 0.2871784 (400)	total: 2.41s	remaining: 27.7s
600:	learn: 0.2858555	test: 0.2868479	best: 0.2868273 (588)	total: 3.63s	remaining: 26.6s
800:	learn: 0.2853774	test: 0.2867122	best: 0.2867122 (800)	total: 4.84s	remaining: 25.4s
1000:	learn: 0.2849382	test: 0.2865616	best: 0.2865603 (997)	total: 6.06s	remaining: 24.2s
1200:	learn: 0.2845419	test: 0.2864663	best: 0.2864536 (1141)	total: 7.26s	remaining: 23s
1400:	learn: 0.2841545	test: 0.2863565	best: 0.2863528 (1396)	total: 8.47s	remaining: 21.8s
1600:	learn: 0.2837651	test: 0.2862357	best: 0.2862257 (1594)	total: 9.68s	remaining: 20.5s
1800:	learn: 0.2833996	test: 0.2861797	best: 0.2861797 (1800)	total: 10.9s	remaining: 19.3s
2000:	learn: 0.2830438	test: 0.2860808	best: 0.2860795 (1997)	total: 12.1s	remaining: 18.1s
bestTest = 0.2860606998
bestIteration = 2057
Shrink model to first 2058 iterations.
iters=2057
   💾 Saved 5 CatBoost models + feature names

   📈 Window 1 Results:
      IC                             0.0173
      Rank_IC                        0.0273
      ICIR                           0.3283
      Rank_ICIR                      0.4765
      LS_Sharpe_raw                  3.28
      LS_Sharpe_net                  1.96
      LS_Ann_Return_net_%            76.7
      LS_MaxDD_net_%                 -92.5
      LS_Total_net_%                 2065875.1
      LS_VolTarget_Sharpe            2.5
      LS_VolTarget_MaxDD_%           -96.0
      LS_VolTarget_Total_%           9401646959.1
      LS_DDStop_Sharpe               3.4
      LS_DDStop_MaxDD_%              -25.0
      LS_DDStop_Total_%              1729267.8
      LO5_Sharpe                     -0.51
      LO10_Sharpe                    -0.66
      N_periods                      10516
      Cost_per_period_bps            3.5

======================================================================
  AGGREGATE RESULTS (1 windows)
======================================================================

   📈 Combined Results (all windows):
      Periods: 10516
      LS Net:       Sharpe=1.96, MaxDD=-92.5%, Total=2065875.1%
      LS VolTarget: Sharpe=2.50, MaxDD=-96.0%, Total=9401646959.1%
      LS DDStop:    Sharpe=3.40, MaxDD=-25.0%, Total=1729267.8%

🏆 Top 30 Features (CatBoost, last window):
      btc_vol_24h                              3.3
   📰 btc_beta_168h                            3.2
      close_ma720_ratio                        2.6
      close_ma336_ratio                        2.6
      gk_vol_168h                              2.5
      vix_close_chg_1d                         2.3
      ret_sharpe_168h                          2.1
      atr_48                                   1.9
      vol_12h_cs_rank                          1.8
      ret_std_168h                             1.8
      spx_close_chg_1d                         1.7
      gk_vol_48h                               1.6
   📰 fng_momentum                             1.4
      breadth_pct_positive                     1.3
      atr_24                                   1.3
      close_ma6_ratio                          1.3
      dxy_close                                1.3
      vol_price_corr_48h                       1.2
      macd_signal                              1.2
   📰 btc_beta_48h                             1.2
      gk_vol_24h                               1.2
      real_rate_chg_5d                         1.1
      ret_std_48h                              1.1
      vol_trend_12_48                          1.1
      spx_close_chg_20d                        1.1
      ret_sharpe_24h                           1.0
      gold_close                               1.0
      regime_breadth_bullish                   0.9
      close_ma12_ratio                         0.9
      vix_close_chg_20d                        0.9

   📰 Sentiment features in top 30: 3/30

======================================================================
  FINAL SUMMARY — CatBoost (12h target)
======================================================================
   Rank IC (avg):            +0.0273
   Rank ICIR (avg):          +0.4765
   LS Sharpe net (avg):      +1.96
   LS MaxDD net (avg):       -92.5%
   LS VolTarget Sharpe:      +2.50
   LS DDStop Sharpe:         +3.40
   Cost model:               0.03% taker + 0.01% slip + 0.005%/8h funding
======================================================================
🟡 DECENT — CatBoost adds diversity, useful as ensemble member.

✅ Results saved to results/mega_comparison/models/WinB_train2024/catboost_huber_no_deriv/
   Models: cb_model_seed_*.cbm
   Run ensemble: python run_fast_sim.py --ensemble --leverage 3 --rebal 24 --edge-boost
[15:25:19]    ✅ Done: catboost_huber_no_deriv (211s)
[15:25:19] 🧠 Training: WinB_train2024 / xgboost_with_news
[15:25:19]    train_end=2024-10-31  val_end=2024-12-24
[15:25:19]    flags: --news-mode all
======================================================================
  XGBOOST + NEWS INTERACTIONS — CRYPTO ALPHA MODEL
  12h Target + Level-wise Trees + News × Price Interactions
======================================================================

📊 Loading data...
   Shape: (2565321, 107), Symbols: 50
   🎯 Adding targets...
   🌐 Adding cross-asset features...
   🔰 Adding advanced regime features...
   🕐 Adding 12h-specific features...
   ✅ Added ~10 features for 12h holding period
   📅 Adding calendar features...
   ✅ Added 9 calendar features
   🏛️ Adding macro features...
      Macro raw: 9 cols, derived: 29, total new: 38
   📰 Adding sentiment features... (news_mode=all)
      FNG: 2018-02-01 → 2026-03-11, mean=48.3
      Funding: 96,393 non-zero rows (3.8%)
      LS ratio: 0 non-missing rows
      Synthetic positioning features...
      Loading news features (mode=all)...
      + coin-level news: 8 features
      + market-level news: 7 features
      📊 Coverage: 2,228,238/2,565,321 rows (86.9%)
      📰 Events: 1,100,564/2,228,238 covered rows (49.4%) have news
      🕳️  Holes: 337,083 rows = NaN (not 0!)
   ✅ Sentiment features added: 175 → 212 total
   📊 Adding derivatives features (Binance Futures)...
      Loaded metrics: 1,800,870 rows, 50 symbols, 2021-12-01 → 2026-03-12
      OI: 1,785,559 rows (69.6%), 9 features
      Taker: 1,648,976 rows (64.3%), 6 features
      Top L/S: 1,433,710 rows (55.9%), 5 features
      Global L/S: 3 features
      Binance funding: 2,239,209 rows (87.3%)
      Funding surprise: computed from OKX funding data
      Market-wide aggregates: 4 features
      Basis/Premium: 448,115 rows (17.5%), 6 features
      ⚠️  No liquidation data (run download_binance_futures.py)
      DVOL: 13 features (BTC range: 2021-04-01 → 2026-03-15)
   ✅ Derivatives features: +48 features
   🧬 Adding news interaction features...
   ✅ Added 23 news interaction features
   Features: 283 (23 news interactions)
   📐 Cross-sectional rank normalization...
   ✅ Ranked 195 CS features, preserved 88 unranked
   Final shape: (2564721, 302)
   Date range: 2017-09-16 09:00:00+00:00 → 2026-03-07 03:00:00+00:00

🔴 PRODUCTION MODE — max training data, models go to live trading
   Train: start → 2024-10-31
   Val:   2024-11-08 → 2024-12-24
   Test:  (none — live trading)

======================================================================
  ROLLING WALK-FORWARD (1 windows)
======================================================================

──────────────────────────────────────────────────────────────────────
  Window 1/1: PROD (max data)
  Train: → 2024-10-31
  Val:   2024-11-08 → 2024-12-24
  Test:  2024-12-24 → 2026-12-31
──────────────────────────────────────────────────────────────────────
   Train: 2,000,342 | Val: 54,096 | Test: 500,875
[0]	validation_0-rmse:0.28864
[200]	validation_0-rmse:0.28691
[400]	validation_0-rmse:0.28639
[600]	validation_0-rmse:0.28608
[800]	validation_0-rmse:0.28587
[1000]	validation_0-rmse:0.28568
[1200]	validation_0-rmse:0.28556
[1400]	validation_0-rmse:0.28553
[1600]	validation_0-rmse:0.28546
[1786]	validation_0-rmse:0.28546
   🔪 Feature selection: 283 → 229
      (including 20 news interaction features)

   🌱 XGBoost multi-seed ensemble (5 seeds)...
      Seed 42 (1/5)... [0]	validation_0-rmse:0.28864
[200]	validation_0-rmse:0.28686
[400]	validation_0-rmse:0.28638
[600]	validation_0-rmse:0.28607
[800]	validation_0-rmse:0.28580
[1000]	validation_0-rmse:0.28561
[1200]	validation_0-rmse:0.28552
[1400]	validation_0-rmse:0.28540
[1600]	validation_0-rmse:0.28536
[1800]	validation_0-rmse:0.28534
[1947]	validation_0-rmse:0.28535
iters=1847
      Seed 123 (2/5)... [0]	validation_0-rmse:0.28864
[200]	validation_0-rmse:0.28689
[400]	validation_0-rmse:0.28646
[600]	validation_0-rmse:0.28619
[800]	validation_0-rmse:0.28598
[1000]	validation_0-rmse:0.28587
[1200]	validation_0-rmse:0.28576
[1312]	validation_0-rmse:0.28575
iters=1212
      Seed 456 (3/5)... [0]	validation_0-rmse:0.28864
[200]	validation_0-rmse:0.28689
[400]	validation_0-rmse:0.28640
[600]	validation_0-rmse:0.28610
[800]	validation_0-rmse:0.28590
[1000]	validation_0-rmse:0.28576
[1200]	validation_0-rmse:0.28567
[1400]	validation_0-rmse:0.28559
[1600]	validation_0-rmse:0.28555
[1631]	validation_0-rmse:0.28554
iters=1531
      Seed 789 (4/5)... [0]	validation_0-rmse:0.28864
[200]	validation_0-rmse:0.28693
[400]	validation_0-rmse:0.28646
[600]	validation_0-rmse:0.28613
[800]	validation_0-rmse:0.28595
[1000]	validation_0-rmse:0.28577
[1200]	validation_0-rmse:0.28564
[1400]	validation_0-rmse:0.28554
[1600]	validation_0-rmse:0.28546
[1800]	validation_0-rmse:0.28543
[1846]	validation_0-rmse:0.28546
iters=1746
      Seed 2024 (5/5)... [0]	validation_0-rmse:0.28864
[200]	validation_0-rmse:0.28686
[400]	validation_0-rmse:0.28636
[600]	validation_0-rmse:0.28604
[800]	validation_0-rmse:0.28582
[1000]	validation_0-rmse:0.28564
[1200]	validation_0-rmse:0.28555
[1400]	validation_0-rmse:0.28549
[1600]	validation_0-rmse:0.28546
[1800]	validation_0-rmse:0.28545
[1864]	validation_0-rmse:0.28547
iters=1764
   💾 Saved 5 XGBoost models + feature names

   📈 Window 1 Results:
      IC                             0.0167
      Rank_IC                        0.0271
      ICIR                           0.3034
      Rank_ICIR                      0.4954
      LS_Sharpe_raw                  3.5
      LS_Sharpe_net                  2.13
      LS_Ann_Return_net_%            81.2
      LS_MaxDD_net_%                 -95.6
      LS_Total_net_%                 4185120.5
      LS_VolTarget_Sharpe            2.76
      LS_VolTarget_MaxDD_%           -97.8
      LS_VolTarget_Total_%           78274895029.9
      LS_DDStop_Sharpe               4.13
      LS_DDStop_MaxDD_%              -24.9
      LS_DDStop_Total_%              3645543.9
      LO5_Sharpe                     -0.35
      LO10_Sharpe                    -0.6
      N_periods                      10516
      Cost_per_period_bps            3.5

======================================================================
  AGGREGATE RESULTS (1 windows)
======================================================================

   📈 Combined Results (all windows):
      Periods: 10516
      LS Net:       Sharpe=2.13, MaxDD=-95.6%, Total=4185120.5%
      LS VolTarget: Sharpe=2.76, MaxDD=-97.8%, Total=78274895029.9%
      LS DDStop:    Sharpe=4.13, MaxDD=-24.9%, Total=3645543.9%

🏆 Top 30 Features (XGBoost, last window):
   📰 market_funding_std                       0.0395
   📰 market_dispersion                        0.0295
   🧬 nx_high_vol_positive                     0.0282
   📰 funding_rate                             0.0223
      btc_ret_1h                               0.0206
      eth_ret_12h                              0.0157
      close_ma6_ratio                          0.0152
      eth_ret_4h                               0.0144
      eth_ret_1h                               0.0142
      gk_vol_24h                               0.0135
      btc_ret_12h                              0.0135
      btc_ret_4h                               0.0129
      btc_ret_24h                              0.0116
   🧬 nx_high_volume                           0.0106
      close_ma12_ratio                         0.0102
      regime_breadth_bullish                   0.0101
   🧬 nx_is_burst                              0.0087
   🧬 nx_burst_ratio                           0.0086
      ret_2h                                   0.0085
      eth_ret_24h                              0.0083
      close_open_ratio                         0.0076
      low_close_ratio                          0.0075
      atr_14                                   0.0071
      ret_1h                                   0.0068
   🧬 nx_high_vol_negative                     0.0062
      vol_ma24_ratio                           0.0061
      ret_std_48h                              0.0060
   📰 vol_surge_24h                            0.0059
      breadth_pct_positive                     0.0059
      eth_btc_ret_24h                          0.0055

   🧬 News interaction features in top 30: 5/30
   📰 All news-related features in top 30: 5/30

======================================================================
  FINAL SUMMARY — XGBoost + News Interactions (12h target)
======================================================================
   Rank IC (avg):            +0.0271
   Rank ICIR (avg):          +0.4954
   LS Sharpe net (avg):      +2.13
   LS MaxDD net (avg):       -95.6%
   LS DDStop Sharpe:         +4.13
   LS DDStop MaxDD:          -24.9%
   Cost model:               0.03% taker + 0.01% slip + 0.005%/8h funding
======================================================================
🟢 STRONG — XGBoost news model adds alpha. Ready for ensemble.

✅ Results saved to results/mega_comparison/models/WinB_train2024/xgboost_with_news/
   Models: xgb_model_seed_*.json
   Run ensemble: python run_fast_sim.py --ensemble --edge-boost --days 365
[15:30:33]    ✅ Done: xgboost_with_news (314s)
[15:30:33] 🧠 Training: WinB_train2024 / xgboost_no_news
[15:30:33]    train_end=2024-10-31  val_end=2024-12-24
[15:30:33]    flags: --no-news
======================================================================
  XGBOOST + NEWS INTERACTIONS — CRYPTO ALPHA MODEL
  12h Target + Level-wise Trees + News × Price Interactions
======================================================================

📊 Loading data...
   Shape: (2565321, 107), Symbols: 50
   🎯 Adding targets...
   🌐 Adding cross-asset features...
   🔰 Adding advanced regime features...
   🕐 Adding 12h-specific features...
   ✅ Added ~10 features for 12h holding period
   📅 Adding calendar features...
   ✅ Added 9 calendar features
   🏛️ Adding macro features...
      Macro raw: 9 cols, derived: 29, total new: 38
   📰 Adding sentiment features... (news_mode=none)
      FNG: 2018-02-01 → 2026-03-11, mean=48.3
      Funding: 96,393 non-zero rows (3.8%)
      LS ratio: 0 non-missing rows
      Synthetic positioning features...
      ⏭️  Skipping news features (news_mode=none)
   ✅ Sentiment features added: 175 → 200 total
   📊 Adding derivatives features (Binance Futures)...
      Loaded metrics: 1,800,870 rows, 50 symbols, 2021-12-01 → 2026-03-12
      OI: 1,785,559 rows (69.6%), 9 features
      Taker: 1,648,976 rows (64.3%), 6 features
      Top L/S: 1,433,710 rows (55.9%), 5 features
      Global L/S: 3 features
      Binance funding: 2,239,209 rows (87.3%)
      Funding surprise: computed from OKX funding data
      Market-wide aggregates: 4 features
      Basis/Premium: 448,115 rows (17.5%), 6 features
      ⚠️  No liquidation data (run download_binance_futures.py)
      DVOL: 13 features (BTC range: 2021-04-01 → 2026-03-15)
   ✅ Derivatives features: +48 features
   ⏭️  Skipping news interaction features (news_mode=none)
   Features: 248 (0 news interactions)
   📐 Cross-sectional rank normalization...
   ✅ Ranked 167 CS features, preserved 81 unranked
   Final shape: (2564721, 267)
   Date range: 2017-09-16 09:00:00+00:00 → 2026-03-07 03:00:00+00:00

🔴 PRODUCTION MODE — max training data, models go to live trading
   Train: start → 2024-10-31
   Val:   2024-11-08 → 2024-12-24
   Test:  (none — live trading)

======================================================================
  ROLLING WALK-FORWARD (1 windows)
======================================================================

──────────────────────────────────────────────────────────────────────
  Window 1/1: PROD (max data)
  Train: → 2024-10-31
  Val:   2024-11-08 → 2024-12-24
  Test:  2024-12-24 → 2026-12-31
──────────────────────────────────────────────────────────────────────
   Train: 2,000,342 | Val: 54,096 | Test: 500,875
[0]	validation_0-rmse:0.28864
[200]	validation_0-rmse:0.28689
[400]	validation_0-rmse:0.28637
[600]	validation_0-rmse:0.28608
[800]	validation_0-rmse:0.28583
[1000]	validation_0-rmse:0.28567
[1200]	validation_0-rmse:0.28554
[1400]	validation_0-rmse:0.28550
[1600]	validation_0-rmse:0.28545
[1800]	validation_0-rmse:0.28545
[1809]	validation_0-rmse:0.28544
   🔪 Feature selection: 248 → 198
      (including 0 news interaction features)

   🌱 XGBoost multi-seed ensemble (5 seeds)...
      Seed 42 (1/5)... [0]	validation_0-rmse:0.28864
[200]	validation_0-rmse:0.28686
[400]	validation_0-rmse:0.28637
[600]	validation_0-rmse:0.28605
[800]	validation_0-rmse:0.28585
[1000]	validation_0-rmse:0.28573
[1200]	validation_0-rmse:0.28563
[1400]	validation_0-rmse:0.28558
[1600]	validation_0-rmse:0.28549
[1800]	validation_0-rmse:0.28546
[2000]	validation_0-rmse:0.28541
[2132]	validation_0-rmse:0.28540
iters=2032
      Seed 123 (2/5)... [0]	validation_0-rmse:0.28864
[200]	validation_0-rmse:0.28688
[400]	validation_0-rmse:0.28637
[600]	validation_0-rmse:0.28605
[800]	validation_0-rmse:0.28586
[1000]	validation_0-rmse:0.28570
[1200]	validation_0-rmse:0.28552
[1400]	validation_0-rmse:0.28545
[1600]	validation_0-rmse:0.28538
[1706]	validation_0-rmse:0.28541
iters=1606
      Seed 456 (3/5)... [0]	validation_0-rmse:0.28864
[200]	validation_0-rmse:0.28692
[400]	validation_0-rmse:0.28644
[600]	validation_0-rmse:0.28610
[800]	validation_0-rmse:0.28587
[1000]	validation_0-rmse:0.28570
[1200]	validation_0-rmse:0.28560
[1400]	validation_0-rmse:0.28552
[1600]	validation_0-rmse:0.28547
[1800]	validation_0-rmse:0.28546
[1806]	validation_0-rmse:0.28546
iters=1706
      Seed 789 (4/5)... [0]	validation_0-rmse:0.28864
[200]	validation_0-rmse:0.28689
[400]	validation_0-rmse:0.28636
[600]	validation_0-rmse:0.28598
[800]	validation_0-rmse:0.28574
[1000]	validation_0-rmse:0.28560
[1200]	validation_0-rmse:0.28550
[1349]	validation_0-rmse:0.28548
iters=1249
      Seed 2024 (5/5)... [0]	validation_0-rmse:0.28864
[200]	validation_0-rmse:0.28691
[400]	validation_0-rmse:0.28642
[600]	validation_0-rmse:0.28613
[800]	validation_0-rmse:0.28591
[1000]	validation_0-rmse:0.28581
[1200]	validation_0-rmse:0.28574
[1400]	validation_0-rmse:0.28567
[1600]	validation_0-rmse:0.28561
[1744]	validation_0-rmse:0.28563
iters=1644
   💾 Saved 5 XGBoost models + feature names

   📈 Window 1 Results:
      IC                             0.0199
      Rank_IC                        0.0295
      ICIR                           0.3144
      Rank_ICIR                      0.4974
      LS_Sharpe_raw                  3.55
      LS_Sharpe_net                  2.19
      LS_Ann_Return_net_%            83.3
      LS_MaxDD_net_%                 -95.8
      LS_Total_net_%                 5696065.6
      LS_VolTarget_Sharpe            2.82
      LS_VolTarget_MaxDD_%           -96.8
      LS_VolTarget_Total_%           112474099580.1
      LS_DDStop_Sharpe               4.04
      LS_DDStop_MaxDD_%              -24.7
      LS_DDStop_Total_%              5562428.4
      LO5_Sharpe                     -0.34
      LO10_Sharpe                    -0.6
      N_periods                      10516
      Cost_per_period_bps            3.5

======================================================================
  AGGREGATE RESULTS (1 windows)
======================================================================

   📈 Combined Results (all windows):
      Periods: 10516
      LS Net:       Sharpe=2.19, MaxDD=-95.8%, Total=5696065.6%
      LS VolTarget: Sharpe=2.82, MaxDD=-96.8%, Total=112474099580.1%
      LS DDStop:    Sharpe=4.04, MaxDD=-24.7%, Total=5562428.4%

🏆 Top 30 Features (XGBoost, last window):
   📰 market_funding_std                       0.0328
   📰 funding_rate                             0.0327
   📰 market_dispersion                        0.0287
      eth_ret_12h                              0.0222
      btc_ret_1h                               0.0209
      eth_ret_1h                               0.0187
      close_ma6_ratio                          0.0173
      gk_vol_24h                               0.0154
      btc_ret_12h                              0.0144
      eth_ret_4h                               0.0137
      btc_ret_4h                               0.0135
      close_ma12_ratio                         0.0134
      btc_ret_24h                              0.0125
      regime_breadth_bullish                   0.0099
      eth_ret_24h                              0.0096
      ret_2h                                   0.0091
      atr_14                                   0.0089
      low_close_ratio                          0.0083
      vol_ma24_ratio                           0.0078
      close_open_ratio                         0.0074
      eth_btc_ret_24h                          0.0074
      ret_std_48h                              0.0072
      breadth_pct_positive                     0.0070
      ret_1h                                   0.0069
      gk_vol_48h                               0.0064
      vol_price_corr_48h                       0.0063
      vol_ma72_ratio                           0.0056
      basis_cs_rank                            0.0054
      btc_vol_24h                              0.0054
      vix_close_chg_1d                         0.0053

   🧬 News interaction features in top 30: 0/30
   📰 All news-related features in top 30: 0/30

======================================================================
  FINAL SUMMARY — XGBoost + News Interactions (12h target)
======================================================================
   Rank IC (avg):            +0.0295
   Rank ICIR (avg):          +0.4974
   LS Sharpe net (avg):      +2.19
   LS MaxDD net (avg):       -95.8%
   LS DDStop Sharpe:         +4.04
   LS DDStop MaxDD:          -24.7%
   Cost model:               0.03% taker + 0.01% slip + 0.005%/8h funding
======================================================================
🟢 STRONG — XGBoost news model adds alpha. Ready for ensemble.

✅ Results saved to results/mega_comparison/models/WinB_train2024/xgboost_no_news/
   Models: xgb_model_seed_*.json
   Run ensemble: python run_fast_sim.py --ensemble --edge-boost --days 365
[15:35:27]    ✅ Done: xgboost_no_news (294s)
[15:35:27] 🧠 Training: WinB_train2024 / xgboost_no_deriv
[15:35:27]    train_end=2024-10-31  val_end=2024-12-24
[15:35:27]    flags: --no-news --no-derivatives
======================================================================
  XGBOOST + NEWS INTERACTIONS — CRYPTO ALPHA MODEL
  12h Target + Level-wise Trees + News × Price Interactions
======================================================================

📊 Loading data...
   Shape: (2565321, 107), Symbols: 50
   🎯 Adding targets...
   🌐 Adding cross-asset features...
   🔰 Adding advanced regime features...
   🕐 Adding 12h-specific features...
   ✅ Added ~10 features for 12h holding period
   📅 Adding calendar features...
   ✅ Added 9 calendar features
   🏛️ Adding macro features...
      Macro raw: 9 cols, derived: 29, total new: 38
   📰 Adding sentiment features... (news_mode=none)
      FNG: 2018-02-01 → 2026-03-11, mean=48.3
      Funding: 96,393 non-zero rows (3.8%)
      LS ratio: 0 non-missing rows
      Synthetic positioning features...
      ⏭️  Skipping news features (news_mode=none)
   ✅ Sentiment features added: 175 → 200 total
   ⏭️  Skipping derivatives features (--no-derivatives)
   ⏭️  Skipping news interaction features (news_mode=none)
   Features: 200 (0 news interactions)
   📐 Cross-sectional rank normalization...
   ✅ Ranked 132 CS features, preserved 68 unranked
   Final shape: (2564721, 219)
   Date range: 2017-09-16 09:00:00+00:00 → 2026-03-07 03:00:00+00:00

🔴 PRODUCTION MODE — max training data, models go to live trading
   Train: start → 2024-10-31
   Val:   2024-11-08 → 2024-12-24
   Test:  (none — live trading)

======================================================================
  ROLLING WALK-FORWARD (1 windows)
======================================================================

──────────────────────────────────────────────────────────────────────
  Window 1/1: PROD (max data)
  Train: → 2024-10-31
  Val:   2024-11-08 → 2024-12-24
  Test:  2024-12-24 → 2026-12-31
──────────────────────────────────────────────────────────────────────
   Train: 2,000,342 | Val: 54,096 | Test: 500,875
[0]	validation_0-rmse:0.28864
[200]	validation_0-rmse:0.28701
[400]	validation_0-rmse:0.28663
[600]	validation_0-rmse:0.28640
[800]	validation_0-rmse:0.28629
[1000]	validation_0-rmse:0.28619
[1200]	validation_0-rmse:0.28615
[1240]	validation_0-rmse:0.28616
   🔪 Feature selection: 200 → 160
      (including 0 news interaction features)

   🌱 XGBoost multi-seed ensemble (5 seeds)...
      Seed 42 (1/5)... [0]	validation_0-rmse:0.28864
[200]	validation_0-rmse:0.28704
[400]	validation_0-rmse:0.28665
[600]	validation_0-rmse:0.28644
[800]	validation_0-rmse:0.28628
[1000]	validation_0-rmse:0.28625
[1200]	validation_0-rmse:0.28622
[1254]	validation_0-rmse:0.28621
iters=1154
      Seed 123 (2/5)... [0]	validation_0-rmse:0.28864
[200]	validation_0-rmse:0.28700
[400]	validation_0-rmse:0.28665
[600]	validation_0-rmse:0.28646
[800]	validation_0-rmse:0.28637
[1000]	validation_0-rmse:0.28629
[1170]	validation_0-rmse:0.28629
iters=1070
      Seed 456 (3/5)... [0]	validation_0-rmse:0.28864
[200]	validation_0-rmse:0.28692
[400]	validation_0-rmse:0.28653
[600]	validation_0-rmse:0.28638
[800]	validation_0-rmse:0.28629
[1000]	validation_0-rmse:0.28621
[1152]	validation_0-rmse:0.28622
iters=1052
      Seed 789 (4/5)... [0]	validation_0-rmse:0.28864
[200]	validation_0-rmse:0.28700
[400]	validation_0-rmse:0.28668
[600]	validation_0-rmse:0.28646
[800]	validation_0-rmse:0.28635
[1000]	validation_0-rmse:0.28630
[1179]	validation_0-rmse:0.28630
iters=1079
      Seed 2024 (5/5)... [0]	validation_0-rmse:0.28864
[200]	validation_0-rmse:0.28696
[400]	validation_0-rmse:0.28662
[600]	validation_0-rmse:0.28641
[800]	validation_0-rmse:0.28625
[1000]	validation_0-rmse:0.28619
[1200]	validation_0-rmse:0.28605
[1400]	validation_0-rmse:0.28601
[1532]	validation_0-rmse:0.28602
iters=1432
   💾 Saved 5 XGBoost models + feature names

   📈 Window 1 Results:
      IC                             0.0191
      Rank_IC                        0.0282
      ICIR                           0.3358
      Rank_ICIR                      0.5098
      LS_Sharpe_raw                  3.47
      LS_Sharpe_net                  2.11
      LS_Ann_Return_net_%            79.9
      LS_MaxDD_net_%                 -93.9
      LS_Total_net_%                 3482602.8
      LS_VolTarget_Sharpe            2.71
      LS_VolTarget_MaxDD_%           -95.4
      LS_VolTarget_Total_%           35295875420.0
      LS_DDStop_Sharpe               3.54
      LS_DDStop_MaxDD_%              -24.9
      LS_DDStop_Total_%              2601794.7
      LO5_Sharpe                     -0.45
      LO10_Sharpe                    -0.66
      N_periods                      10516
      Cost_per_period_bps            3.5

======================================================================
  AGGREGATE RESULTS (1 windows)
======================================================================

   📈 Combined Results (all windows):
      Periods: 10516
      LS Net:       Sharpe=2.11, MaxDD=-93.9%, Total=3482602.8%
      LS VolTarget: Sharpe=2.71, MaxDD=-95.4%, Total=35295875420.0%
      LS DDStop:    Sharpe=3.54, MaxDD=-24.9%, Total=2601794.7%

🏆 Top 30 Features (XGBoost, last window):
   📰 funding_rate                             0.0344
   📰 market_dispersion                        0.0287
   📰 funding_vs_market                        0.0270
   📰 market_funding_std                       0.0249
      btc_ret_1h                               0.0225
      close_ma6_ratio                          0.0198
      btc_ret_12h                              0.0198
      eth_ret_12h                              0.0193
      gk_vol_24h                               0.0188
      eth_ret_4h                               0.0163
      close_ma12_ratio                         0.0152
      eth_ret_1h                               0.0146
      btc_ret_24h                              0.0139
      btc_ret_4h                               0.0123
      ret_2h                                   0.0115
      regime_breadth_bullish                   0.0115
      close_open_ratio                         0.0106
      low_close_ratio                          0.0099
      vol_ma24_ratio                           0.0097
      eth_ret_24h                              0.0095
      atr_14                                   0.0094
      breadth_pct_positive                     0.0083
      gk_vol_48h                               0.0082
      ret_std_48h                              0.0081
      eth_btc_ret_24h                          0.0077
      vol_price_corr_48h                       0.0074
      ret_1h                                   0.0073
      vix_close_chg_1d                         0.0064
      btc_vol_24h                              0.0063
      gk_vol_168h                              0.0063

   🧬 News interaction features in top 30: 0/30
   📰 All news-related features in top 30: 0/30

======================================================================
  FINAL SUMMARY — XGBoost + News Interactions (12h target)
======================================================================
   Rank IC (avg):            +0.0282
   Rank ICIR (avg):          +0.5098
   LS Sharpe net (avg):      +2.11
   LS MaxDD net (avg):       -93.9%
   LS DDStop Sharpe:         +3.54
   LS DDStop MaxDD:          -24.9%
   Cost model:               0.03% taker + 0.01% slip + 0.005%/8h funding
======================================================================
🟢 STRONG — XGBoost news model adds alpha. Ready for ensemble.

✅ Results saved to results/mega_comparison/models/WinB_train2024/xgboost_no_deriv/
   Models: xgb_model_seed_*.json
   Run ensemble: python run_fast_sim.py --ensemble --edge-boost --days 365
[15:38:52]    ✅ Done: xgboost_no_deriv (205s)
[15:38:52] 
[15:38:52] ━━━━━━━━━━━━━━━━━━━━━━━━━━━━━━━━━━━━━━━━━━━━━━━━━━━━━━━━━━━━
[15:38:52]   WINDOW C: train_end=2025-04-30
[15:38:52] ━━━━━━━━━━━━━━━━━━━━━━━━━━━━━━━━━━━━━━━━━━━━━━━━━━━━━━━━━━━━
[15:38:52] 🧠 Training: WinC_train2025H1 / v6_base
[15:38:52]    train_end=2025-04-30  val_end=2025-06-24
[15:38:52]    flags: --no-news
======================================================================
  CRYPTO ALPHA MODEL v6
  12h Target + Optimized Holding Period + Walk-Forward
======================================================================

📊 Loading data...
   Shape: (2565321, 107), Symbols: 50
   🎯 Adding targets...
   🌐 Adding cross-asset features...
   🔰 Adding advanced regime features...
   🕐 Adding 12h-specific features...
   ✅ Added ~10 features for 12h holding period
   📅 Adding calendar features...
   ✅ Added 9 calendar features
   🏛️ Adding macro features...
      Macro raw: 9 cols, derived: 29, total new: 38
   📰 Adding sentiment features... (news_mode=none)
      FNG: 2018-02-01 → 2026-03-11, mean=48.3
      Funding: 96,393 non-zero rows (3.8%)
      LS ratio: 0 non-missing rows
      Synthetic positioning features...
      ⏭️  Skipping news features (news_mode=none)
   ✅ Sentiment features added: 175 → 200 total
   📊 Adding derivatives features (Binance Futures)...
      Loaded metrics: 1,800,870 rows, 50 symbols, 2021-12-01 → 2026-03-12
      OI: 1,785,559 rows (69.6%), 9 features
      Taker: 1,648,976 rows (64.3%), 6 features
      Top L/S: 1,433,710 rows (55.9%), 5 features
      Global L/S: 3 features
      Binance funding: 2,239,209 rows (87.3%)
      Funding surprise: computed from OKX funding data
      Market-wide aggregates: 4 features
      Basis/Premium: 448,115 rows (17.5%), 6 features
      ⚠️  No liquidation data (run download_binance_futures.py)
      DVOL: 13 features (BTC range: 2021-04-01 → 2026-03-15)
   ✅ Derivatives features: +48 features
   Features: 248
   📐 Cross-sectional rank normalization...
   ✅ Ranked 167 CS features, preserved 81 unranked
   Final shape: (2564721, 267)
   Date range: 2017-09-16 09:00:00+00:00 → 2026-03-07 03:00:00+00:00

🔴 PRODUCTION MODE — max training data, models go to live trading
   Train: start → 2025-04-30
   Val:   2025-05-08 → 2025-06-24
   Test:  (none — live trading)

======================================================================
  ROLLING WALK-FORWARD (1 windows)
======================================================================

──────────────────────────────────────────────────────────────────────
  Window 1/1: PROD (max data)
  Train: → 2025-04-30
  Val:   2025-05-08 → 2025-06-24
  Test:  2025-06-24 → 2026-12-31
──────────────────────────────────────────────────────────────────────
   Train: 2,210,617 | Val: 54,144 | Test: 290,744
Training until validation scores don't improve for 100 rounds
[200]	valid_0's l2: 0.0825495
[400]	valid_0's l2: 0.0824692
Early stopping, best iteration is:
[465]	valid_0's l2: 0.0824617
   🔪 Feature selection: 248 → 198

   🌱 Multi-seed ensemble (5 seeds)...
      Seed 42 (1/5)... Training until validation scores don't improve for 100 rounds
[200]	valid_0's l2: 0.0825804
[400]	valid_0's l2: 0.0824877
Early stopping, best iteration is:
[414]	valid_0's l2: 0.0824837
iters=414
      Seed 123 (2/5)... Training until validation scores don't improve for 100 rounds
[200]	valid_0's l2: 0.0825489
[400]	valid_0's l2: 0.0824835
Early stopping, best iteration is:
[377]	valid_0's l2: 0.0824792
iters=377
      Seed 456 (3/5)... Training until validation scores don't improve for 100 rounds
[200]	valid_0's l2: 0.0825513
[400]	valid_0's l2: 0.0824592
Early stopping, best iteration is:
[384]	valid_0's l2: 0.0824506
iters=384
      Seed 789 (4/5)... Training until validation scores don't improve for 100 rounds
[200]	valid_0's l2: 0.0825648
[400]	valid_0's l2: 0.0824711
Early stopping, best iteration is:
[414]	valid_0's l2: 0.0824629
iters=414
      Seed 2024 (5/5)... Training until validation scores don't improve for 100 rounds
[200]	valid_0's l2: 0.0825416
[400]	valid_0's l2: 0.0824445
Early stopping, best iteration is:
[403]	valid_0's l2: 0.0824408
iters=403
   💾 Saved 5 models + feature names

   📈 Window 1 Results:
      IC                             0.004
      Rank_IC                        0.0211
      ICIR                           0.2509
      Rank_ICIR                      0.4834
      LS_Sharpe_raw                  1.8
      LS_Sharpe_net                  0.57
      LS_Ann_Return_net_%            23.7
      LS_MaxDD_net_%                 -95.4
      LS_Total_net_%                 247.9
      LS_VolTarget_Sharpe            1.4
      LS_VolTarget_MaxDD_%           -97.1
      LS_VolTarget_Total_%           21144.1
      LS_DDStop_Sharpe               1.2
      LS_DDStop_MaxDD_%              -24.9
      LS_DDStop_Total_%              204.8
      LO5_Sharpe                     -0.63
      LO10_Sharpe                    -0.92
      N_periods                      6148
      Cost_per_period_bps            3.5

======================================================================
  AGGREGATE RESULTS (1 windows)
======================================================================

   📈 Combined Results (all windows):
      Periods: 6148
      LS Net:       Sharpe=0.57, MaxDD=-95.4%, Total=247.9%
      LS VolTarget: Sharpe=1.40, MaxDD=-97.1%, Total=21144.1%
      LS DDStop:    Sharpe=1.20, MaxDD=-24.9%, Total=204.8%

🏆 Top 30 Features (last window):
      btc_vol_24h                              307
      vix_close_chg_1d                         277
      close_ma336_ratio                        254
      breadth_pct_positive                     249
      spx_close_chg_1d                         237
      close_ma720_ratio                        228
      oi_value_usd                             214
      close_ma6_ratio                          202
   📰 btc_beta_168h                            200
      gk_vol_168h                              190
      close_ma12_ratio                         182
      ret_sharpe_24h                           161
      ret_sharpe_168h                          157
      vol_price_corr_48h                       152
   📰 market_dispersion                        148
      vol_trend_12_48                          147
      ret_std_168h                             138
      macd_signal                              129
   📰 funding_rate_binance                     127
      global_ls_ratio                          124
      spx_close                                124
      gk_vol_24h                               122
      atr_48                                   118
      dxy_close                                110
      vol_12h_cs_rank                          108
      gold_close                               105
      oi_zscore_7d                             104
      gk_vol_48h                               104
      macd                                     103
   📰 btc_beta_48h                             101

   📰 Sentiment features in top 30: 4/30

======================================================================
  FINAL SUMMARY v6 (12h target)
======================================================================
   Rank IC (avg):            +0.0211
   Rank ICIR (avg):          +0.4834
   LS Sharpe net (avg):      +0.57
   LS MaxDD net (avg):       -95.4%
   LS VolTarget Sharpe:      +1.40
   LS VolTarget MaxDD:       -97.1%
   LS DDStop Sharpe:         +1.20
   LS DDStop MaxDD:          -24.9%
   Cost model:               0.03% taker + 0.01% slip + 0.005%/8h funding
======================================================================
🟠 MARGINAL — Need transformer boost (HIST v2 with sentiment).

✅ Results saved to results/mega_comparison/models/WinC_train2025H1/v6_base/
[15:46:17]    ✅ Done: v6_base (445s)
[15:46:17] 🧠 Training: WinC_train2025H1 / v6_with_news
[15:46:17]    train_end=2025-04-30  val_end=2025-06-24
[15:46:17]    flags: --news-mode all
======================================================================
  CRYPTO ALPHA MODEL v6
  12h Target + Optimized Holding Period + Walk-Forward
======================================================================

📊 Loading data...
   Shape: (2565321, 107), Symbols: 50
   🎯 Adding targets...
   🌐 Adding cross-asset features...
   🔰 Adding advanced regime features...
   🕐 Adding 12h-specific features...
   ✅ Added ~10 features for 12h holding period
   📅 Adding calendar features...
   ✅ Added 9 calendar features
   🏛️ Adding macro features...
      Macro raw: 9 cols, derived: 29, total new: 38
   📰 Adding sentiment features... (news_mode=all)
      FNG: 2018-02-01 → 2026-03-11, mean=48.3
      Funding: 96,393 non-zero rows (3.8%)
      LS ratio: 0 non-missing rows
      Synthetic positioning features...
      Loading news features (mode=all)...
      + coin-level news: 8 features
      + market-level news: 7 features
      📊 Coverage: 2,228,238/2,565,321 rows (86.9%)
      📰 Events: 1,100,564/2,228,238 covered rows (49.4%) have news
      🕳️  Holes: 337,083 rows = NaN (not 0!)
   ✅ Sentiment features added: 175 → 212 total
   📊 Adding derivatives features (Binance Futures)...
      Loaded metrics: 1,800,870 rows, 50 symbols, 2021-12-01 → 2026-03-12
      OI: 1,785,559 rows (69.6%), 9 features
      Taker: 1,648,976 rows (64.3%), 6 features
      Top L/S: 1,433,710 rows (55.9%), 5 features
      Global L/S: 3 features
      Binance funding: 2,239,209 rows (87.3%)
      Funding surprise: computed from OKX funding data
      Market-wide aggregates: 4 features
      Basis/Premium: 448,115 rows (17.5%), 6 features
      ⚠️  No liquidation data (run download_binance_futures.py)
      DVOL: 13 features (BTC range: 2021-04-01 → 2026-03-15)
   ✅ Derivatives features: +48 features
   Features: 260
   📐 Cross-sectional rank normalization...
   ✅ Ranked 172 CS features, preserved 88 unranked
   Final shape: (2564721, 279)
   Date range: 2017-09-16 09:00:00+00:00 → 2026-03-07 03:00:00+00:00

🔴 PRODUCTION MODE — max training data, models go to live trading
   Train: start → 2025-04-30
   Val:   2025-05-08 → 2025-06-24
   Test:  (none — live trading)

======================================================================
  ROLLING WALK-FORWARD (1 windows)
======================================================================

──────────────────────────────────────────────────────────────────────
  Window 1/1: PROD (max data)
  Train: → 2025-04-30
  Val:   2025-05-08 → 2025-06-24
  Test:  2025-06-24 → 2026-12-31
──────────────────────────────────────────────────────────────────────
   Train: 2,210,617 | Val: 54,144 | Test: 290,744
Training until validation scores don't improve for 100 rounds
[200]	valid_0's l2: 0.0825346
[400]	valid_0's l2: 0.0824601
Early stopping, best iteration is:
[440]	valid_0's l2: 0.0824453
   🔪 Feature selection: 260 → 206

   🌱 Multi-seed ensemble (5 seeds)...
      Seed 42 (1/5)... Training until validation scores don't improve for 100 rounds
[200]	valid_0's l2: 0.0825463
[400]	valid_0's l2: 0.082464
Early stopping, best iteration is:
[488]	valid_0's l2: 0.0824547
iters=488
      Seed 123 (2/5)... Training until validation scores don't improve for 100 rounds
[200]	valid_0's l2: 0.0825527
[400]	valid_0's l2: 0.0824632
Early stopping, best iteration is:
[381]	valid_0's l2: 0.0824583
iters=381
      Seed 456 (3/5)... Training until validation scores don't improve for 100 rounds
[200]	valid_0's l2: 0.082554
[400]	valid_0's l2: 0.0824779
Early stopping, best iteration is:
[367]	valid_0's l2: 0.082471
iters=367
      Seed 789 (4/5)... Training until validation scores don't improve for 100 rounds
[200]	valid_0's l2: 0.082553
[400]	valid_0's l2: 0.0824657
Early stopping, best iteration is:
[413]	valid_0's l2: 0.0824572
iters=413
      Seed 2024 (5/5)... Training until validation scores don't improve for 100 rounds
[200]	valid_0's l2: 0.0825382
[400]	valid_0's l2: 0.0824482
Early stopping, best iteration is:
[377]	valid_0's l2: 0.082441
iters=377
   💾 Saved 5 models + feature names

   📈 Window 1 Results:
      IC                             0.0055
      Rank_IC                        0.0232
      ICIR                           0.2476
      Rank_ICIR                      0.4836
      LS_Sharpe_raw                  2.06
      LS_Sharpe_net                  0.82
      LS_Ann_Return_net_%            34.7
      LS_MaxDD_net_%                 -93.6
      LS_Total_net_%                 769.9
      LS_VolTarget_Sharpe            1.73
      LS_VolTarget_MaxDD_%           -96.8
      LS_VolTarget_Total_%           101810.4
      LS_DDStop_Sharpe               1.88
      LS_DDStop_MaxDD_%              -24.8
      LS_DDStop_Total_%              818.5
      LO5_Sharpe                     -0.59
      LO10_Sharpe                    -0.84
      N_periods                      6148
      Cost_per_period_bps            3.5

======================================================================
  AGGREGATE RESULTS (1 windows)
======================================================================

   📈 Combined Results (all windows):
      Periods: 6148
      LS Net:       Sharpe=0.82, MaxDD=-93.6%, Total=769.9%
      LS VolTarget: Sharpe=1.73, MaxDD=-96.8%, Total=101810.4%
      LS DDStop:    Sharpe=1.88, MaxDD=-24.8%, Total=818.5%

🏆 Top 30 Features (last window):
      btc_vol_24h                              291
      vix_close_chg_1d                         275
      spx_close_chg_1d                         260
      breadth_pct_positive                     253
      close_ma336_ratio                        231
      gk_vol_168h                              201
      close_ma720_ratio                        194
      close_ma12_ratio                         194
      close_ma6_ratio                          182
      oi_value_usd                             168
   📰 btc_beta_168h                            168
      ret_sharpe_24h                           154
      ret_sharpe_168h                          152
      vol_price_corr_48h                       144
   📰 market_dispersion                        136
      news_count_7d                            127
      vol_trend_12_48                          124
      vol_12h_cs_rank                          122
      atr_48                                   121
   📰 funding_rate_binance                     117
      gk_vol_24h                               113
      macd_signal                              111
      spx_close                                110
      ret_std_168h                             110
   📰 btc_beta_48h                             107
      gold_close                               105
      gk_vol_48h                               98
      oi_zscore_7d                             96
      global_ls_ratio                          96
      news_count_24h                           94

   📰 Sentiment features in top 30: 4/30

======================================================================
  FINAL SUMMARY v6 (12h target)
======================================================================
   Rank IC (avg):            +0.0232
   Rank ICIR (avg):          +0.4836
   LS Sharpe net (avg):      +0.82
   LS MaxDD net (avg):       -93.6%
   LS VolTarget Sharpe:      +1.73
   LS VolTarget MaxDD:       -96.8%
   LS DDStop Sharpe:         +1.88
   LS DDStop MaxDD:          -24.8%
   Cost model:               0.03% taker + 0.01% slip + 0.005%/8h funding
======================================================================
🟠 MARGINAL — Need transformer boost (HIST v2 with sentiment).

✅ Results saved to results/mega_comparison/models/WinC_train2025H1/v6_with_news/
[15:53:50]    ✅ Done: v6_with_news (453s)
[15:53:50] 🧠 Training: WinC_train2025H1 / v6_no_deriv
[15:53:50]    train_end=2025-04-30  val_end=2025-06-24
[15:53:50]    flags: --no-news --no-derivatives
======================================================================
  CRYPTO ALPHA MODEL v6
  12h Target + Optimized Holding Period + Walk-Forward
======================================================================

📊 Loading data...
   Shape: (2565321, 107), Symbols: 50
   🎯 Adding targets...
   🌐 Adding cross-asset features...
   🔰 Adding advanced regime features...
   🕐 Adding 12h-specific features...
   ✅ Added ~10 features for 12h holding period
   📅 Adding calendar features...
   ✅ Added 9 calendar features
   🏛️ Adding macro features...
      Macro raw: 9 cols, derived: 29, total new: 38
   📰 Adding sentiment features... (news_mode=none)
      FNG: 2018-02-01 → 2026-03-11, mean=48.3
      Funding: 96,393 non-zero rows (3.8%)
      LS ratio: 0 non-missing rows
      Synthetic positioning features...
      ⏭️  Skipping news features (news_mode=none)
   ✅ Sentiment features added: 175 → 200 total
   ⏭️  Skipping derivatives features (--no-derivatives)
   Features: 200
   📐 Cross-sectional rank normalization...
   ✅ Ranked 132 CS features, preserved 68 unranked
   Final shape: (2564721, 219)
   Date range: 2017-09-16 09:00:00+00:00 → 2026-03-07 03:00:00+00:00

🔴 PRODUCTION MODE — max training data, models go to live trading
   Train: start → 2025-04-30
   Val:   2025-05-08 → 2025-06-24
   Test:  (none — live trading)

======================================================================
  ROLLING WALK-FORWARD (1 windows)
======================================================================

──────────────────────────────────────────────────────────────────────
  Window 1/1: PROD (max data)
  Train: → 2025-04-30
  Val:   2025-05-08 → 2025-06-24
  Test:  2025-06-24 → 2026-12-31
──────────────────────────────────────────────────────────────────────
   Train: 2,210,617 | Val: 54,144 | Test: 290,744
Training until validation scores don't improve for 100 rounds
[200]	valid_0's l2: 0.0825938
[400]	valid_0's l2: 0.0825605
Early stopping, best iteration is:
[344]	valid_0's l2: 0.0825493
   🔪 Feature selection: 200 → 159

   🌱 Multi-seed ensemble (5 seeds)...
      Seed 42 (1/5)... Training until validation scores don't improve for 100 rounds
[200]	valid_0's l2: 0.0826212
[400]	valid_0's l2: 0.0826096
Early stopping, best iteration is:
[302]	valid_0's l2: 0.082588
iters=302
      Seed 123 (2/5)... Training until validation scores don't improve for 100 rounds
[200]	valid_0's l2: 0.0826144
[400]	valid_0's l2: 0.0826063
Early stopping, best iteration is:
[302]	valid_0's l2: 0.0825842
iters=302
      Seed 456 (3/5)... Training until validation scores don't improve for 100 rounds
[200]	valid_0's l2: 0.0826179
[400]	valid_0's l2: 0.0825625
Early stopping, best iteration is:
[418]	valid_0's l2: 0.0825587
iters=418
      Seed 789 (4/5)... Training until validation scores don't improve for 100 rounds
[200]	valid_0's l2: 0.082584
[400]	valid_0's l2: 0.0825694
Early stopping, best iteration is:
[323]	valid_0's l2: 0.0825454
iters=323
      Seed 2024 (5/5)... Training until validation scores don't improve for 100 rounds
[200]	valid_0's l2: 0.0826123
[400]	valid_0's l2: 0.0825855
Early stopping, best iteration is:
[332]	valid_0's l2: 0.0825709
iters=332
   💾 Saved 5 models + feature names

   📈 Window 1 Results:
      IC                             0.0044
      Rank_IC                        0.0183
      ICIR                           0.2666
      Rank_ICIR                      0.4769
      LS_Sharpe_raw                  2.19
      LS_Sharpe_net                  0.93
      LS_Ann_Return_net_%            38.2
      LS_MaxDD_net_%                 -92.3
      LS_Total_net_%                 1105.2
      LS_VolTarget_Sharpe            1.85
      LS_VolTarget_MaxDD_%           -96.5
      LS_VolTarget_Total_%           173989.4
      LS_DDStop_Sharpe               2.02
      LS_DDStop_MaxDD_%              -24.8
      LS_DDStop_Total_%              1417.4
      LO5_Sharpe                     -0.65
      LO10_Sharpe                    -0.95
      N_periods                      6148
      Cost_per_period_bps            3.5

======================================================================
  AGGREGATE RESULTS (1 windows)
======================================================================

   📈 Combined Results (all windows):
      Periods: 6148
      LS Net:       Sharpe=0.93, MaxDD=-92.3%, Total=1105.2%
      LS VolTarget: Sharpe=1.85, MaxDD=-96.5%, Total=173989.4%
      LS DDStop:    Sharpe=2.02, MaxDD=-24.8%, Total=1417.4%

🏆 Top 30 Features (last window):
      btc_vol_24h                              326
      vix_close_chg_1d                         299
      close_ma336_ratio                        283
      breadth_pct_positive                     248
      spx_close_chg_1d                         240
      close_ma720_ratio                        228
      close_ma6_ratio                          217
   📰 btc_beta_168h                            183
   📰 market_dispersion                        180
      close_ma12_ratio                         175
      gk_vol_168h                              165
      ret_sharpe_24h                           161
      ret_sharpe_168h                          157
      vol_price_corr_48h                       134
      macd_signal                              131
      atr_48                                   127
      vol_trend_12_48                          126
      gk_vol_24h                               125
      macd                                     122
      ret_std_168h                             119
      vol_12h_cs_rank                          109
      dxy_close                                105
      gk_vol_48h                               102
      gold_close                               101
      mom_accel_12h                            100
   📰 btc_beta_48h                             96
      spx_close_chg_20d                        96
      spx_close                                95
      cci_48                                   90
      regime_btc_dd_720                        90

   📰 Sentiment features in top 30: 3/30

======================================================================
  FINAL SUMMARY v6 (12h target)
======================================================================
   Rank IC (avg):            +0.0183
   Rank ICIR (avg):          +0.4769
   LS Sharpe net (avg):      +0.93
   LS MaxDD net (avg):       -92.3%
   LS VolTarget Sharpe:      +1.85
   LS VolTarget MaxDD:       -96.5%
   LS DDStop Sharpe:         +2.02
   LS DDStop MaxDD:          -24.8%
   Cost model:               0.03% taker + 0.01% slip + 0.005%/8h funding
======================================================================
🟠 MARGINAL — Need transformer boost (HIST v2 with sentiment).

✅ Results saved to results/mega_comparison/models/WinC_train2025H1/v6_no_deriv/
[15:59:04]    ✅ Done: v6_no_deriv (314s)
[15:59:04] 🧠 Training: WinC_train2025H1 / v7_base
[15:59:04]    train_end=2025-04-30  val_end=2025-06-24
[15:59:04]    flags: --no-news
======================================================================
  CRYPTO ALPHA MODEL v7
  12h Blended Target + Enhanced Features + Walk-Forward
======================================================================

📊 Loading data...
   Shape: (2565321, 107), Symbols: 50
   🎯 Adding targets...
   🌐 Adding cross-asset features...
   🔰 Adding advanced regime features...
   🕐 Adding 12h-specific features (v7 enhanced)...
   ✅ Added ~18 features for 12h holding period (v7)
   📅 Adding calendar features...
   ✅ Added 9 calendar features
   🏛️ Adding macro features...
      Macro raw: 9 cols, derived: 29, total new: 38
   📰 Adding sentiment features...
      FNG: 2018-02-01 → 2026-03-11, mean=48.3
      Funding: 96,393 non-zero rows (3.8%)
      LS ratio: 0 non-missing rows
      Synthetic positioning features...
   ✅ Sentiment features added: 182 → 207 total
   📊 Adding derivatives features (Binance Futures)...
      Loaded metrics: 1,800,870 rows, 50 symbols, 2021-12-01 → 2026-03-12
      OI: 1,785,559 rows (69.6%), 9 features
      Taker: 1,648,976 rows (64.3%), 6 features
      Top L/S: 1,433,710 rows (55.9%), 5 features
      Global L/S: 3 features
      Binance funding: 2,239,209 rows (87.3%)
      Funding surprise: computed from OKX funding data
      Market-wide aggregates: 4 features
      Basis/Premium: 448,115 rows (17.5%), 6 features
      ⚠️  No liquidation data (run download_binance_futures.py)
      DVOL: 13 features (BTC range: 2021-04-01 → 2026-03-15)
   ✅ Derivatives features: +48 features
   Features: 255
   📐 Cross-sectional rank normalization...
   ✅ Ranked 174 CS features, preserved 81 unranked
   Final shape: (2564121, 275)
   Date range: 2017-09-16 09:00:00+00:00 → 2026-03-06 15:00:00+00:00

🔴 PRODUCTION MODE — max training data, models go to live trading
   Train: start → 2025-04-30
   Val:   2025-05-08 → 2025-06-24
   Test:  (none — live trading)

======================================================================
  ROLLING WALK-FORWARD (1 windows)
======================================================================

──────────────────────────────────────────────────────────────────────
  Window 1/1: PROD (max data)
  Train: → 2025-04-30
  Val:   2025-05-08 → 2025-06-24
  Test:  2025-06-24 → 2026-12-31
──────────────────────────────────────────────────────────────────────
   Train: 2,210,593 | Val: 54,144 | Test: 290,168
Training until validation scores don't improve for 100 rounds
[200]	valid_0's l2: 0.0826216
[400]	valid_0's l2: 0.082556
Early stopping, best iteration is:
[496]	valid_0's l2: 0.0825467
   🔪 Feature selection: 255 → 203

   🌱 Multi-seed ensemble (5 seeds)...
      Seed 42 (1/5)... Training until validation scores don't improve for 100 rounds
[200]	valid_0's l2: 0.0826008
[400]	valid_0's l2: 0.0825111
Early stopping, best iteration is:
[382]	valid_0's l2: 0.0825032
iters=382
      Seed 123 (2/5)... Training until validation scores don't improve for 100 rounds
[200]	valid_0's l2: 0.0826132
[400]	valid_0's l2: 0.0825384
Early stopping, best iteration is:
[403]	valid_0's l2: 0.0825365
iters=403
      Seed 456 (3/5)... Training until validation scores don't improve for 100 rounds
[200]	valid_0's l2: 0.082614
[400]	valid_0's l2: 0.0825403
Early stopping, best iteration is:
[368]	valid_0's l2: 0.0825261
iters=368
      Seed 789 (4/5)... Training until validation scores don't improve for 100 rounds
[200]	valid_0's l2: 0.0826246
[400]	valid_0's l2: 0.0825716
Early stopping, best iteration is:
[388]	valid_0's l2: 0.0825625
iters=388
      Seed 2024 (5/5)... Training until validation scores don't improve for 100 rounds
[200]	valid_0's l2: 0.082642
[400]	valid_0's l2: 0.0825454
Early stopping, best iteration is:
[405]	valid_0's l2: 0.0825403
iters=405
   💾 Saved 5 models + feature names

   📈 Window 1 Results:
      IC                             0.0044
      Rank_IC                        0.0225
      ICIR                           0.2408
      Rank_ICIR                      0.483
      LS_Sharpe_raw                  1.78
      LS_Sharpe_net                  0.55
      LS_Ann_Return_net_%            23.2
      LS_MaxDD_net_%                 -96.4
      LS_Total_net_%                 229.7
      LS_VolTarget_Sharpe            1.44
      LS_VolTarget_MaxDD_%           -97.9
      LS_VolTarget_Total_%           26165.4
      LS_DDStop_Sharpe               1.17
      LS_DDStop_MaxDD_%              -24.9
      LS_DDStop_Total_%              171.8
      LO5_Sharpe                     -0.65
      LO10_Sharpe                    -0.91
      N_periods                      6136
      Cost_per_period_bps            3.5

======================================================================
  AGGREGATE RESULTS (1 windows)
======================================================================

   📈 Combined Results (all windows):
      Periods: 6136
      LS Net:       Sharpe=0.55, MaxDD=-96.4%, Total=229.7%
      LS VolTarget: Sharpe=1.44, MaxDD=-97.9%, Total=26165.4%
      LS DDStop:    Sharpe=1.17, MaxDD=-24.9%, Total=171.8%

🏆 Top 30 Features (last window):
      vix_close_chg_1d                         364
      btc_vol_24h                              340
      close_ma336_ratio                        263
      gk_vol_168h                              227
   📰 btc_beta_168h                            214
      breadth_pct_positive                     211
      ret_sharpe_168h                          200
      close_ma720_ratio                        195
      close_ma6_ratio                          173
      oi_value_usd                             165
      spx_close_chg_1d                         163
      close_ma12_ratio                         162
      real_rate_chg_5d                         153
      ret_sharpe_24h                           153
      macd_signal                              151
   📰 funding_rate_binance                     147
      spx_close                                142
      vol_price_corr_48h                       138
      cci_48                                   128
      top_long_pct                             125
      atr_48                                   123
   📰 market_dispersion                        122
      global_ls_ratio                          118
      gk_vol_48h                               114
      ret_std_168h                             113
      top_ls_ratio                             112
      vol_12h_cs_rank                          110
      btc_ret_12h                              107
   📰 basis_funding_divergence                 107
      spx_close_chg_20d                        105

   📰 Sentiment features in top 30: 4/30

======================================================================
  FINAL SUMMARY v7 (12h blended target)
======================================================================
   Rank IC (avg):            +0.0225
   Rank ICIR (avg):          +0.4830
   LS Sharpe net (avg):      +0.55
   LS MaxDD net (avg):       -96.4%
   LS VolTarget Sharpe:      +1.44
   LS VolTarget MaxDD:       -97.9%
   LS DDStop Sharpe:         +1.17
   LS DDStop MaxDD:          -24.9%
   Cost model:               0.03% taker + 0.01% slip + 0.005%/8h funding
======================================================================
🟠 MARGINAL — Need transformer boost (HIST v2 with sentiment).

✅ Results saved to results/mega_comparison/models/WinC_train2025H1/v7_base/
[16:06:39]    ✅ Done: v7_base (455s)
[16:06:39] 🧠 Training: WinC_train2025H1 / v7_with_news
[16:06:39]    train_end=2025-04-30  val_end=2025-06-24
[16:06:39]    flags: --news-mode all
======================================================================
  CRYPTO ALPHA MODEL v7
  12h Blended Target + Enhanced Features + Walk-Forward
======================================================================

📊 Loading data...
   Shape: (2565321, 107), Symbols: 50
   🎯 Adding targets...
   🌐 Adding cross-asset features...
   🔰 Adding advanced regime features...
   🕐 Adding 12h-specific features (v7 enhanced)...
   ✅ Added ~18 features for 12h holding period (v7)
   📅 Adding calendar features...
   ✅ Added 9 calendar features
   🏛️ Adding macro features...
      Macro raw: 9 cols, derived: 29, total new: 38
   📰 Adding sentiment features... (news_mode=all)
      FNG: 2018-02-01 → 2026-03-11, mean=48.3
      Funding: 96,393 non-zero rows (3.8%)
      LS ratio: 0 non-missing rows
      Synthetic positioning features...
      Loading news features (mode=all)...
      + coin-level news: 8 features
      + market-level news: 7 features
      📊 Coverage: 2,228,238/2,565,321 rows (86.9%)
      📰 Events: 1,100,564/2,228,238 covered rows (49.4%) have news
      🕳️  Holes: 337,083 rows = NaN (not 0!)
   ✅ Sentiment features added: 183 → 219 total
   📰 v7+news: used v6 sentiment function (mode=all)
   📊 Adding derivatives features (Binance Futures)...
      Loaded metrics: 1,800,870 rows, 50 symbols, 2021-12-01 → 2026-03-12
      OI: 1,785,559 rows (69.6%), 9 features
      Taker: 1,648,976 rows (64.3%), 6 features
      Top L/S: 1,433,710 rows (55.9%), 5 features
      Global L/S: 3 features
      Binance funding: 2,239,209 rows (87.3%)
      Funding surprise: computed from OKX funding data
      Market-wide aggregates: 4 features
      Basis/Premium: 448,115 rows (17.5%), 6 features
      ⚠️  No liquidation data (run download_binance_futures.py)
      DVOL: 13 features (BTC range: 2021-04-01 → 2026-03-15)
   ✅ Derivatives features: +48 features
   Features: 267
   📐 Cross-sectional rank normalization...
   ✅ Ranked 186 CS features, preserved 81 unranked
   Final shape: (2564121, 287)
   Date range: 2017-09-16 09:00:00+00:00 → 2026-03-06 15:00:00+00:00

🔴 PRODUCTION MODE — max training data, models go to live trading
   Train: start → 2025-04-30
   Val:   2025-05-08 → 2025-06-24
   Test:  (none — live trading)

======================================================================
  ROLLING WALK-FORWARD (1 windows)
======================================================================

──────────────────────────────────────────────────────────────────────
  Window 1/1: PROD (max data)
  Train: → 2025-04-30
  Val:   2025-05-08 → 2025-06-24
  Test:  2025-06-24 → 2026-12-31
──────────────────────────────────────────────────────────────────────
   Train: 2,210,593 | Val: 54,144 | Test: 290,168
Training until validation scores don't improve for 100 rounds
[200]	valid_0's l2: 0.0826135
[400]	valid_0's l2: 0.0825533
Early stopping, best iteration is:
[343]	valid_0's l2: 0.0825465
   🔪 Feature selection: 267 → 212

   🌱 Multi-seed ensemble (5 seeds)...
      Seed 42 (1/5)... Training until validation scores don't improve for 100 rounds
[200]	valid_0's l2: 0.0826063
[400]	valid_0's l2: 0.0825339
Early stopping, best iteration is:
[393]	valid_0's l2: 0.0825272
iters=393
      Seed 123 (2/5)... Training until validation scores don't improve for 100 rounds
[200]	valid_0's l2: 0.0826347
[400]	valid_0's l2: 0.0825736
Early stopping, best iteration is:
[348]	valid_0's l2: 0.0825671
iters=348
      Seed 456 (3/5)... Training until validation scores don't improve for 100 rounds
[200]	valid_0's l2: 0.0825929
[400]	valid_0's l2: 0.0824986
Early stopping, best iteration is:
[399]	valid_0's l2: 0.0824981
iters=399
      Seed 789 (4/5)... Training until validation scores don't improve for 100 rounds
[200]	valid_0's l2: 0.0826059
[400]	valid_0's l2: 0.0825278
Early stopping, best iteration is:
[397]	valid_0's l2: 0.0825233
iters=397
      Seed 2024 (5/5)... Training until validation scores don't improve for 100 rounds
[200]	valid_0's l2: 0.0825981
[400]	valid_0's l2: 0.0825425
Early stopping, best iteration is:
[475]	valid_0's l2: 0.0825393
iters=475
   💾 Saved 5 models + feature names

   📈 Window 1 Results:
      IC                             0.0042
      Rank_IC                        0.0221
      ICIR                           0.2422
      Rank_ICIR                      0.4875
      LS_Sharpe_raw                  1.94
      LS_Sharpe_net                  0.7
      LS_Ann_Return_net_%            29.5
      LS_MaxDD_net_%                 -95.0
      LS_Total_net_%                 464.4
      LS_VolTarget_Sharpe            1.61
      LS_VolTarget_MaxDD_%           -97.6
      LS_VolTarget_Total_%           56933.3
      LS_DDStop_Sharpe               1.74
      LS_DDStop_MaxDD_%              -25.0
      LS_DDStop_Total_%              387.5
      LO5_Sharpe                     -0.61
      LO10_Sharpe                    -0.9
      N_periods                      6136
      Cost_per_period_bps            3.5

======================================================================
  AGGREGATE RESULTS (1 windows)
======================================================================

   📈 Combined Results (all windows):
      Periods: 6136
      LS Net:       Sharpe=0.70, MaxDD=-95.0%, Total=464.4%
      LS VolTarget: Sharpe=1.61, MaxDD=-97.6%, Total=56933.3%
      LS DDStop:    Sharpe=1.74, MaxDD=-25.0%, Total=387.5%

🏆 Top 30 Features (last window):
      btc_vol_24h                              389
      close_ma336_ratio                        334
      vix_close_chg_1d                         317
   📰 btc_beta_168h                            270
      breadth_pct_positive                     262
      gk_vol_168h                              235
      close_ma720_ratio                        230
      oi_value_usd                             214
      spx_close_chg_1d                         210
   📰 funding_rate_binance                     193
      ret_sharpe_168h                          193
      close_ma6_ratio                          185
      close_ma12_ratio                         179
      ret_sharpe_24h                           177
      global_ls_ratio                          163
      vol_price_corr_48h                       159
      spx_close                                156
      macd_signal                              155
      vol_12h_cs_rank                          144
      ret_std_168h                             142
      news_count_7d                            142
      real_rate_chg_5d                         142
      atr_48                                   136
      dxy_close                                132
      cci_48                                   132
      top_long_pct                             131
      spx_close_chg_20d                        129
   📰 market_dispersion                        122
      top_ls_ratio                             122
      gk_vol_24h                               116

   📰 Sentiment features in top 30: 3/30

======================================================================
  FINAL SUMMARY v7 (12h blended target)
======================================================================
   Rank IC (avg):            +0.0221
   Rank ICIR (avg):          +0.4875
   LS Sharpe net (avg):      +0.70
   LS MaxDD net (avg):       -95.0%
   LS VolTarget Sharpe:      +1.61
   LS VolTarget MaxDD:       -97.6%
   LS DDStop Sharpe:         +1.74
   LS DDStop MaxDD:          -25.0%
   Cost model:               0.03% taker + 0.01% slip + 0.005%/8h funding
======================================================================
🟠 MARGINAL — Need transformer boost (HIST v2 with sentiment).

✅ Results saved to results/mega_comparison/models/WinC_train2025H1/v7_with_news/
[16:14:18]    ✅ Done: v7_with_news (459s)
[16:14:18] 🧠 Training: WinC_train2025H1 / v7_no_deriv
[16:14:18]    train_end=2025-04-30  val_end=2025-06-24
[16:14:18]    flags: --no-news --no-derivatives
======================================================================
  CRYPTO ALPHA MODEL v7
  12h Blended Target + Enhanced Features + Walk-Forward
======================================================================

📊 Loading data...
   Shape: (2565321, 107), Symbols: 50
   🎯 Adding targets...
   🌐 Adding cross-asset features...
   🔰 Adding advanced regime features...
   🕐 Adding 12h-specific features (v7 enhanced)...
   ✅ Added ~18 features for 12h holding period (v7)
   📅 Adding calendar features...
   ✅ Added 9 calendar features
   🏛️ Adding macro features...
      Macro raw: 9 cols, derived: 29, total new: 38
   📰 Adding sentiment features...
      FNG: 2018-02-01 → 2026-03-11, mean=48.3
      Funding: 96,393 non-zero rows (3.8%)
      LS ratio: 0 non-missing rows
      Synthetic positioning features...
   ✅ Sentiment features added: 182 → 207 total
   ⏭️  Skipping derivatives features (--no-derivatives)
   Features: 207
   📐 Cross-sectional rank normalization...
   ✅ Ranked 139 CS features, preserved 68 unranked
   Final shape: (2564121, 227)
   Date range: 2017-09-16 09:00:00+00:00 → 2026-03-06 15:00:00+00:00

🔴 PRODUCTION MODE — max training data, models go to live trading
   Train: start → 2025-04-30
   Val:   2025-05-08 → 2025-06-24
   Test:  (none — live trading)

======================================================================
  ROLLING WALK-FORWARD (1 windows)
======================================================================

──────────────────────────────────────────────────────────────────────
  Window 1/1: PROD (max data)
  Train: → 2025-04-30
  Val:   2025-05-08 → 2025-06-24
  Test:  2025-06-24 → 2026-12-31
──────────────────────────────────────────────────────────────────────
   Train: 2,210,593 | Val: 54,144 | Test: 290,168
Training until validation scores don't improve for 100 rounds
[200]	valid_0's l2: 0.0826819
[400]	valid_0's l2: 0.0826593
Early stopping, best iteration is:
[334]	valid_0's l2: 0.0826415
   🔪 Feature selection: 207 → 165

   🌱 Multi-seed ensemble (5 seeds)...
      Seed 42 (1/5)... Training until validation scores don't improve for 100 rounds
[200]	valid_0's l2: 0.0826489
Early stopping, best iteration is:
[255]	valid_0's l2: 0.0826222
iters=255
      Seed 123 (2/5)... Training until validation scores don't improve for 100 rounds
[200]	valid_0's l2: 0.0826567
Early stopping, best iteration is:
[277]	valid_0's l2: 0.0826319
iters=277
      Seed 456 (3/5)... Training until validation scores don't improve for 100 rounds
[200]	valid_0's l2: 0.0826904
[400]	valid_0's l2: 0.0827055
Early stopping, best iteration is:
[348]	valid_0's l2: 0.0826751
iters=348
      Seed 789 (4/5)... Training until validation scores don't improve for 100 rounds
[200]	valid_0's l2: 0.0826825
Early stopping, best iteration is:
[271]	valid_0's l2: 0.0826694
iters=271
      Seed 2024 (5/5)... Training until validation scores don't improve for 100 rounds
[200]	valid_0's l2: 0.0826766
[400]	valid_0's l2: 0.0826854
Early stopping, best iteration is:
[321]	valid_0's l2: 0.0826566
iters=321
   💾 Saved 5 models + feature names

   📈 Window 1 Results:
      IC                             0.0055
      Rank_IC                        0.0199
      ICIR                           0.2575
      Rank_ICIR                      0.4796
      LS_Sharpe_raw                  2.1
      LS_Sharpe_net                  0.84
      LS_Ann_Return_net_%            34.8
      LS_MaxDD_net_%                 -93.8
      LS_Total_net_%                 799.6
      LS_VolTarget_Sharpe            1.81
      LS_VolTarget_MaxDD_%           -97.5
      LS_VolTarget_Total_%           146219.2
      LS_DDStop_Sharpe               1.73
      LS_DDStop_MaxDD_%              -24.8
      LS_DDStop_Total_%              646.1
      LO5_Sharpe                     -0.72
      LO10_Sharpe                    -1.01
      N_periods                      6136
      Cost_per_period_bps            3.5

======================================================================
  AGGREGATE RESULTS (1 windows)
======================================================================

   📈 Combined Results (all windows):
      Periods: 6136
      LS Net:       Sharpe=0.84, MaxDD=-93.8%, Total=799.6%
      LS VolTarget: Sharpe=1.81, MaxDD=-97.5%, Total=146219.2%
      LS DDStop:    Sharpe=1.73, MaxDD=-24.8%, Total=646.1%

🏆 Top 30 Features (last window):
      vix_close_chg_1d                         311
      btc_vol_24h                              277
      close_ma336_ratio                        259
      close_ma720_ratio                        210
      spx_close_chg_1d                         206
      breadth_pct_positive                     204
   📰 btc_beta_168h                            204
      gk_vol_168h                              197
      close_ma6_ratio                          184
   📰 market_dispersion                        161
      close_ma12_ratio                         157
      macd_signal                              153
      ret_sharpe_24h                           146
      ret_sharpe_168h                          146
      real_rate_chg_5d                         128
      vol_price_corr_48h                       127
      atr_48                                   125
      gold_close                               125
      gk_vol_48h                               111
      regime_btc_dd_720                        111
      cci_48                                   110
      spx_close_chg_20d                        101
      dxy_close                                100
      gk_vol_24h                               99
      vol_12h_cs_rank                          99
      btc_ret_168h                             99
      macd                                     96
      yield_curve_10y2y                        93
      spx_close                                92
      ret_std_168h                             91

   📰 Sentiment features in top 30: 2/30

======================================================================
  FINAL SUMMARY v7 (12h blended target)
======================================================================
   Rank IC (avg):            +0.0199
   Rank ICIR (avg):          +0.4796
   LS Sharpe net (avg):      +0.84
   LS MaxDD net (avg):       -93.8%
   LS VolTarget Sharpe:      +1.81
   LS VolTarget MaxDD:       -97.5%
   LS DDStop Sharpe:         +1.73
   LS DDStop MaxDD:          -24.8%
   Cost model:               0.03% taker + 0.01% slip + 0.005%/8h funding
======================================================================
🟠 MARGINAL — Need transformer boost (HIST v2 with sentiment).

✅ Results saved to results/mega_comparison/models/WinC_train2025H1/v7_no_deriv/
[16:19:28]    ✅ Done: v7_no_deriv (310s)
[16:19:28] 🧠 Training: WinC_train2025H1 / catboost_with_news
[16:19:28]    train_end=2025-04-30  val_end=2025-06-24
[16:19:28]    flags: --news-mode all
======================================================================
  CATBOOST CRYPTO ALPHA MODEL
  12h Target + Ordered Boosting + Walk-Forward
======================================================================

📊 Loading data...
   Shape: (2565321, 107), Symbols: 50
   🎯 Adding targets...
   🌐 Adding cross-asset features...
   🔰 Adding advanced regime features...
   🕐 Adding 12h-specific features...
   ✅ Added ~10 features for 12h holding period
   📅 Adding calendar features...
   ✅ Added 9 calendar features
   🏛️ Adding macro features...
      Macro raw: 9 cols, derived: 29, total new: 38
   📰 Adding sentiment features... (news_mode=all)
      FNG: 2018-02-01 → 2026-03-11, mean=48.3
      Funding: 96,393 non-zero rows (3.8%)
      LS ratio: 0 non-missing rows
      Synthetic positioning features...
      Loading news features (mode=all)...
      + coin-level news: 8 features
      + market-level news: 7 features
      📊 Coverage: 2,228,238/2,565,321 rows (86.9%)
      📰 Events: 1,100,564/2,228,238 covered rows (49.4%) have news
      🕳️  Holes: 337,083 rows = NaN (not 0!)
   ✅ Sentiment features added: 175 → 212 total
   📊 Adding derivatives features (Binance Futures)...
      Loaded metrics: 1,800,870 rows, 50 symbols, 2021-12-01 → 2026-03-12
      OI: 1,785,559 rows (69.6%), 9 features
      Taker: 1,648,976 rows (64.3%), 6 features
      Top L/S: 1,433,710 rows (55.9%), 5 features
      Global L/S: 3 features
      Binance funding: 2,239,209 rows (87.3%)
      Funding surprise: computed from OKX funding data
      Market-wide aggregates: 4 features
      Basis/Premium: 448,115 rows (17.5%), 6 features
      ⚠️  No liquidation data (run download_binance_futures.py)
      DVOL: 13 features (BTC range: 2021-04-01 → 2026-03-15)
   ✅ Derivatives features: +48 features
   Features: 260
   📐 Cross-sectional rank normalization...
   ✅ Ranked 172 CS features, preserved 88 unranked
   Final shape: (2564721, 279)
   Date range: 2017-09-16 09:00:00+00:00 → 2026-03-07 03:00:00+00:00

🔴 PRODUCTION MODE — max training data, models go to live trading
   Train: start → 2025-04-30
   Val:   2025-05-08 → 2025-06-24
   Test:  (none — live trading)

======================================================================
  ROLLING WALK-FORWARD (1 windows)
======================================================================

──────────────────────────────────────────────────────────────────────
  Window 1/1: PROD (max data)
  Train: → 2025-04-30
  Val:   2025-05-08 → 2025-06-24
  Test:  2025-06-24 → 2026-12-31
──────────────────────────────────────────────────────────────────────
   Train: 2,210,617 | Val: 54,144 | Test: 290,744
0:	learn: 0.2888389	test: 0.2886264	best: 0.2886264 (0)	total: 15.3ms	remaining: 1m 16s
200:	learn: 0.2868064	test: 0.2874901	best: 0.2874850 (196)	total: 1.73s	remaining: 41.3s
400:	learn: 0.2861593	test: 0.2873054	best: 0.2872987 (377)	total: 3.47s	remaining: 39.8s
bestTest = 0.2872904298
bestIteration = 471
Shrink model to first 472 iterations.
   🔪 Feature selection: 260 → 179

   🌱 CatBoost multi-seed ensemble (5 seeds)...
      Seed 42 (1/5)... 0:	learn: 0.2888399	test: 0.2886338	best: 0.2886338 (0)	total: 7.31ms	remaining: 36.6s
200:	learn: 0.2868064	test: 0.2874915	best: 0.2874892 (199)	total: 1.31s	remaining: 31.4s
400:	learn: 0.2861572	test: 0.2872867	best: 0.2872867 (400)	total: 2.65s	remaining: 30.3s
bestTest = 0.2872527587
bestIteration = 492
Shrink model to first 493 iterations.
iters=492
      Seed 123 (2/5)... 0:	learn: 0.2888388	test: 0.2886266	best: 0.2886266 (0)	total: 6.96ms	remaining: 34.8s
200:	learn: 0.2868108	test: 0.2874659	best: 0.2874659 (200)	total: 1.32s	remaining: 31.5s
400:	learn: 0.2861606	test: 0.2872925	best: 0.2872925 (400)	total: 2.64s	remaining: 30.3s
600:	learn: 0.2856427	test: 0.2872913	best: 0.2872675 (503)	total: 3.97s	remaining: 29.1s
bestTest = 0.2872674981
bestIteration = 503
Shrink model to first 504 iterations.
iters=503
      Seed 456 (3/5)... 0:	learn: 0.2888395	test: 0.2886344	best: 0.2886344 (0)	total: 6.86ms	remaining: 34.3s
200:	learn: 0.2868190	test: 0.2874572	best: 0.2874558 (199)	total: 1.31s	remaining: 31.3s
400:	learn: 0.2861724	test: 0.2872608	best: 0.2872596 (398)	total: 2.65s	remaining: 30.4s
bestTest = 0.2872293217
bestIteration = 499
Shrink model to first 500 iterations.
iters=499
      Seed 789 (4/5)... 0:	learn: 0.2888386	test: 0.2886277	best: 0.2886277 (0)	total: 6.69ms	remaining: 33.4s
200:	learn: 0.2868101	test: 0.2874810	best: 0.2874749 (197)	total: 1.32s	remaining: 31.4s
400:	learn: 0.2861534	test: 0.2872826	best: 0.2872822 (390)	total: 2.65s	remaining: 30.4s
bestTest = 0.2872715007
bestIteration = 476
Shrink model to first 477 iterations.
iters=476
      Seed 2024 (5/5)... 0:	learn: 0.2888398	test: 0.2886307	best: 0.2886307 (0)	total: 6.64ms	remaining: 33.2s
200:	learn: 0.2868200	test: 0.2874929	best: 0.2874929 (200)	total: 1.31s	remaining: 31.2s
400:	learn: 0.2861599	test: 0.2873163	best: 0.2873110 (385)	total: 2.64s	remaining: 30.3s
600:	learn: 0.2856538	test: 0.2872904	best: 0.2872870 (537)	total: 3.97s	remaining: 29s
bestTest = 0.2872805887
bestIteration = 614
Shrink model to first 615 iterations.
iters=614
   💾 Saved 5 CatBoost models + feature names

   📈 Window 1 Results:
      IC                             0.008
      Rank_IC                        0.0235
      ICIR                           0.2727
      Rank_ICIR                      0.4631
      LS_Sharpe_raw                  2.36
      LS_Sharpe_net                  1.14
      LS_Ann_Return_net_%            48.2
      LS_MaxDD_net_%                 -93.5
      LS_Total_net_%                 2582.3
      LS_VolTarget_Sharpe            2.14
      LS_VolTarget_MaxDD_%           -96.1
      LS_VolTarget_Total_%           832044.9
      LS_DDStop_Sharpe               2.44
      LS_DDStop_MaxDD_%              -25.0
      LS_DDStop_Total_%              2350.0
      LO5_Sharpe                     -0.5
      LO10_Sharpe                    -0.8
      N_periods                      6148
      Cost_per_period_bps            3.5

======================================================================
  AGGREGATE RESULTS (1 windows)
======================================================================

   📈 Combined Results (all windows):
      Periods: 6148
      LS Net:       Sharpe=1.14, MaxDD=-93.5%, Total=2582.3%
      LS VolTarget: Sharpe=2.14, MaxDD=-96.1%, Total=832044.9%
      LS DDStop:    Sharpe=2.44, MaxDD=-25.0%, Total=2350.0%

🏆 Top 30 Features (CatBoost, last window):
      vix_close_chg_1d                         3.8
      btc_vol_24h                              3.6
      gk_vol_168h                              3.4
      close_ma6_ratio                          3.3
      close_ma336_ratio                        3.2
      close_ma12_ratio                         2.9
      breadth_pct_positive                     2.9
      gk_vol_24h                               2.6
      close_ma720_ratio                        2.4
      atr_48                                   2.3
      vol_price_corr_48h                       2.1
      spx_close_chg_1d                         2.0
   📰 btc_beta_168h                            2.0
      regime_breadth_bullish                   1.7
      ret_std_48h                              1.6
   📰 funding_vs_market                        1.6
      oi_zscore_7d                             1.6
      btc_ret_1h                               1.4
      oi_value_usd                             1.4
      gk_vol_48h                               1.4
      ret_std_168h                             1.3
      atr_14                                   1.3
   📰 funding_dispersion                       1.2
      ret_sharpe_168h                          1.2
   📰 market_funding_std                       1.2
      vol_trend_12_48                          1.1
      news_count_7d                            1.1
      news_coverage_ok                         1.0
      mom_accel_12h                            1.0
   📰 funding_rate_binance                     1.0

   📰 Sentiment features in top 30: 5/30

======================================================================
  FINAL SUMMARY — CatBoost (12h target)
======================================================================
   Rank IC (avg):            +0.0235
   Rank ICIR (avg):          +0.4631
   LS Sharpe net (avg):      +1.14
   LS MaxDD net (avg):       -93.5%
   LS VolTarget Sharpe:      +2.14
   LS DDStop Sharpe:         +2.44
   Cost model:               0.03% taker + 0.01% slip + 0.005%/8h funding
======================================================================
🟡 DECENT — CatBoost adds diversity, useful as ensemble member.

✅ Results saved to results/mega_comparison/models/WinC_train2025H1/catboost_with_news/
   Models: cb_model_seed_*.cbm
   Run ensemble: python run_fast_sim.py --ensemble --leverage 3 --rebal 24 --edge-boost
[16:23:08]    ✅ Done: catboost_with_news (220s)
[16:23:08] 🧠 Training: WinC_train2025H1 / catboost_no_news
[16:23:08]    train_end=2025-04-30  val_end=2025-06-24
[16:23:08]    flags: --no-news
======================================================================
  CATBOOST CRYPTO ALPHA MODEL
  12h Target + Ordered Boosting + Walk-Forward
======================================================================

📊 Loading data...
   Shape: (2565321, 107), Symbols: 50
   🎯 Adding targets...
   🌐 Adding cross-asset features...
   🔰 Adding advanced regime features...
   🕐 Adding 12h-specific features...
   ✅ Added ~10 features for 12h holding period
   📅 Adding calendar features...
   ✅ Added 9 calendar features
   🏛️ Adding macro features...
      Macro raw: 9 cols, derived: 29, total new: 38
   📰 Adding sentiment features... (news_mode=none)
      FNG: 2018-02-01 → 2026-03-11, mean=48.3
      Funding: 96,393 non-zero rows (3.8%)
      LS ratio: 0 non-missing rows
      Synthetic positioning features...
      ⏭️  Skipping news features (news_mode=none)
   ✅ Sentiment features added: 175 → 200 total
   📊 Adding derivatives features (Binance Futures)...
      Loaded metrics: 1,800,870 rows, 50 symbols, 2021-12-01 → 2026-03-12
      OI: 1,785,559 rows (69.6%), 9 features
      Taker: 1,648,976 rows (64.3%), 6 features
      Top L/S: 1,433,710 rows (55.9%), 5 features
      Global L/S: 3 features
      Binance funding: 2,239,209 rows (87.3%)
      Funding surprise: computed from OKX funding data
      Market-wide aggregates: 4 features
      Basis/Premium: 448,115 rows (17.5%), 6 features
      ⚠️  No liquidation data (run download_binance_futures.py)
      DVOL: 13 features (BTC range: 2021-04-01 → 2026-03-15)
   ✅ Derivatives features: +48 features
   Features: 248
   📐 Cross-sectional rank normalization...
   ✅ Ranked 167 CS features, preserved 81 unranked
   Final shape: (2564721, 267)
   Date range: 2017-09-16 09:00:00+00:00 → 2026-03-07 03:00:00+00:00

🔴 PRODUCTION MODE — max training data, models go to live trading
   Train: start → 2025-04-30
   Val:   2025-05-08 → 2025-06-24
   Test:  (none — live trading)

======================================================================
  ROLLING WALK-FORWARD (1 windows)
======================================================================

──────────────────────────────────────────────────────────────────────
  Window 1/1: PROD (max data)
  Train: → 2025-04-30
  Val:   2025-05-08 → 2025-06-24
  Test:  2025-06-24 → 2026-12-31
──────────────────────────────────────────────────────────────────────
   Train: 2,210,617 | Val: 54,144 | Test: 290,744
0:	learn: 0.2888389	test: 0.2886264	best: 0.2886264 (0)	total: 15.2ms	remaining: 1m 15s
200:	learn: 0.2868027	test: 0.2874796	best: 0.2874759 (199)	total: 1.72s	remaining: 41.1s
400:	learn: 0.2861638	test: 0.2872539	best: 0.2872539 (400)	total: 3.43s	remaining: 39.4s
600:	learn: 0.2856543	test: 0.2872470	best: 0.2872294 (511)	total: 5.15s	remaining: 37.7s
bestTest = 0.2872294472
bestIteration = 511
Shrink model to first 512 iterations.
   🔪 Feature selection: 248 → 174

   🌱 CatBoost multi-seed ensemble (5 seeds)...
      Seed 42 (1/5)... 0:	learn: 0.2888396	test: 0.2886340	best: 0.2886340 (0)	total: 6.71ms	remaining: 33.5s
200:	learn: 0.2868060	test: 0.2875022	best: 0.2874998 (199)	total: 1.3s	remaining: 31.1s
400:	learn: 0.2861680	test: 0.2873273	best: 0.2873273 (400)	total: 2.63s	remaining: 30.2s
bestTest = 0.2872832413
bestIteration = 485
Shrink model to first 486 iterations.
iters=485
      Seed 123 (2/5)... 0:	learn: 0.2888388	test: 0.2886266	best: 0.2886266 (0)	total: 6.89ms	remaining: 34.4s
200:	learn: 0.2868102	test: 0.2874778	best: 0.2874778 (200)	total: 1.29s	remaining: 30.8s
400:	learn: 0.2861556	test: 0.2872901	best: 0.2872888 (399)	total: 2.6s	remaining: 29.9s
bestTest = 0.2872549877
bestIteration = 478
Shrink model to first 479 iterations.
iters=478
      Seed 456 (3/5)... 0:	learn: 0.2888394	test: 0.2886344	best: 0.2886344 (0)	total: 6.82ms	remaining: 34.1s
200:	learn: 0.2868110	test: 0.2875005	best: 0.2875005 (200)	total: 1.3s	remaining: 31s
400:	learn: 0.2861654	test: 0.2873083	best: 0.2873083 (400)	total: 2.63s	remaining: 30.2s
600:	learn: 0.2856550	test: 0.2872690	best: 0.2872514 (519)	total: 3.96s	remaining: 29s
bestTest = 0.2872513773
bestIteration = 519
Shrink model to first 520 iterations.
iters=519
      Seed 789 (4/5)... 0:	learn: 0.2888385	test: 0.2886287	best: 0.2886287 (0)	total: 6.63ms	remaining: 33.1s
200:	learn: 0.2868143	test: 0.2874840	best: 0.2874840 (200)	total: 1.31s	remaining: 31.2s
400:	learn: 0.2861548	test: 0.2873023	best: 0.2873023 (400)	total: 2.63s	remaining: 30.1s
bestTest = 0.2872808398
bestIteration = 452
Shrink model to first 453 iterations.
iters=452
      Seed 2024 (5/5)... 0:	learn: 0.2888385	test: 0.2886281	best: 0.2886281 (0)	total: 6.66ms	remaining: 33.3s
200:	learn: 0.2868081	test: 0.2874965	best: 0.2874965 (200)	total: 1.31s	remaining: 31.2s
400:	learn: 0.2861551	test: 0.2873012	best: 0.2873012 (400)	total: 2.63s	remaining: 30.2s
600:	learn: 0.2856447	test: 0.2873057	best: 0.2872754 (532)	total: 3.95s	remaining: 28.9s
bestTest = 0.2872754404
bestIteration = 532
Shrink model to first 533 iterations.
iters=532
   💾 Saved 5 CatBoost models + feature names

   📈 Window 1 Results:
      IC                             0.0068
      Rank_IC                        0.0207
      ICIR                           0.273
      Rank_ICIR                      0.457
      LS_Sharpe_raw                  2.36
      LS_Sharpe_net                  1.13
      LS_Ann_Return_net_%            47.9
      LS_MaxDD_net_%                 -93.8
      LS_Total_net_%                 2527.5
      LS_VolTarget_Sharpe            2.13
      LS_VolTarget_MaxDD_%           -95.9
      LS_VolTarget_Total_%           762416.3
      LS_DDStop_Sharpe               2.22
      LS_DDStop_MaxDD_%              -25.0
      LS_DDStop_Total_%              1836.3
      LO5_Sharpe                     -0.58
      LO10_Sharpe                    -0.82
      N_periods                      6148
      Cost_per_period_bps            3.5

======================================================================
  AGGREGATE RESULTS (1 windows)
======================================================================

   📈 Combined Results (all windows):
      Periods: 6148
      LS Net:       Sharpe=1.13, MaxDD=-93.8%, Total=2527.5%
      LS VolTarget: Sharpe=2.13, MaxDD=-95.9%, Total=762416.3%
      LS DDStop:    Sharpe=2.22, MaxDD=-25.0%, Total=1836.3%

🏆 Top 30 Features (CatBoost, last window):
      btc_vol_24h                              4.2
      vix_close_chg_1d                         3.8
      close_ma6_ratio                          3.6
      close_ma336_ratio                        3.5
      close_ma12_ratio                         3.3
      gk_vol_168h                              3.3
      breadth_pct_positive                     3.1
      atr_48                                   2.7
      gk_vol_24h                               2.6
      close_ma720_ratio                        2.3
      vol_price_corr_48h                       2.1
      spx_close_chg_1d                         1.9
      regime_breadth_bullish                   1.9
      oi_zscore_7d                             1.8
      ret_std_48h                              1.7
   📰 btc_beta_168h                            1.7
      oi_value_usd                             1.6
   📰 funding_surprise                         1.5
      ret_std_168h                             1.3
   📰 funding_vs_market                        1.3
      eth_ret_1h                               1.3
      gk_vol_48h                               1.2
      vol_trend_12_48                          1.2
      mom_accel_12h                            1.2
      ret_sharpe_168h                          1.2
   📰 market_dispersion                        1.1
      agg_oi_change_12h                        1.1
      atr_14                                   1.1
      btc_ret_1h                               1.1
   📰 market_funding_std                       1.1

   📰 Sentiment features in top 30: 5/30

======================================================================
  FINAL SUMMARY — CatBoost (12h target)
======================================================================
   Rank IC (avg):            +0.0207
   Rank ICIR (avg):          +0.4570
   LS Sharpe net (avg):      +1.13
   LS MaxDD net (avg):       -93.8%
   LS VolTarget Sharpe:      +2.13
   LS DDStop Sharpe:         +2.22
   Cost model:               0.03% taker + 0.01% slip + 0.005%/8h funding
======================================================================
🟡 DECENT — CatBoost adds diversity, useful as ensemble member.

✅ Results saved to results/mega_comparison/models/WinC_train2025H1/catboost_no_news/
   Models: cb_model_seed_*.cbm
   Run ensemble: python run_fast_sim.py --ensemble --leverage 3 --rebal 24 --edge-boost
[16:26:45]    ✅ Done: catboost_no_news (217s)
[16:26:45] 🧠 Training: WinC_train2025H1 / catboost_market_news
[16:26:45]    train_end=2025-04-30  val_end=2025-06-24
[16:26:45]    flags: --news-mode market-only
======================================================================
  CATBOOST CRYPTO ALPHA MODEL
  12h Target + Ordered Boosting + Walk-Forward
======================================================================

📊 Loading data...
   Shape: (2565321, 107), Symbols: 50
   🎯 Adding targets...
   🌐 Adding cross-asset features...
   🔰 Adding advanced regime features...
   🕐 Adding 12h-specific features...
   ✅ Added ~10 features for 12h holding period
   📅 Adding calendar features...
   ✅ Added 9 calendar features
   🏛️ Adding macro features...
      Macro raw: 9 cols, derived: 29, total new: 38
   📰 Adding sentiment features... (news_mode=market-only)
      FNG: 2018-02-01 → 2026-03-11, mean=48.3
      Funding: 96,393 non-zero rows (3.8%)
      LS ratio: 0 non-missing rows
      Synthetic positioning features...
      Loading news features (mode=market-only)...
      + market-level news: 7 features
      📊 Coverage: 2,228,238/2,565,321 rows (86.9%)
      📰 Events: 1,986,990/2,228,238 covered rows (89.2%) have news
      🕳️  Holes: 337,083 rows = NaN (not 0!)
   ✅ Sentiment features added: 175 → 204 total
   📊 Adding derivatives features (Binance Futures)...
      Loaded metrics: 1,800,870 rows, 50 symbols, 2021-12-01 → 2026-03-12
      OI: 1,785,559 rows (69.6%), 9 features
      Taker: 1,648,976 rows (64.3%), 6 features
      Top L/S: 1,433,710 rows (55.9%), 5 features
      Global L/S: 3 features
      Binance funding: 2,239,209 rows (87.3%)
      Funding surprise: computed from OKX funding data
      Market-wide aggregates: 4 features
      Basis/Premium: 448,115 rows (17.5%), 6 features
      ⚠️  No liquidation data (run download_binance_futures.py)
      DVOL: 13 features (BTC range: 2021-04-01 → 2026-03-15)
   ✅ Derivatives features: +48 features
   Features: 252
   📐 Cross-sectional rank normalization...
   ✅ Ranked 167 CS features, preserved 85 unranked
   Final shape: (2564721, 271)
   Date range: 2017-09-16 09:00:00+00:00 → 2026-03-07 03:00:00+00:00

🔴 PRODUCTION MODE — max training data, models go to live trading
   Train: start → 2025-04-30
   Val:   2025-05-08 → 2025-06-24
   Test:  (none — live trading)

======================================================================
  ROLLING WALK-FORWARD (1 windows)
======================================================================

──────────────────────────────────────────────────────────────────────
  Window 1/1: PROD (max data)
  Train: → 2025-04-30
  Val:   2025-05-08 → 2025-06-24
  Test:  2025-06-24 → 2026-12-31
──────────────────────────────────────────────────────────────────────
   Train: 2,210,617 | Val: 54,144 | Test: 290,744
0:	learn: 0.2888389	test: 0.2886264	best: 0.2886264 (0)	total: 14.6ms	remaining: 1m 13s
200:	learn: 0.2868058	test: 0.2874918	best: 0.2874900 (199)	total: 1.73s	remaining: 41.3s
400:	learn: 0.2861550	test: 0.2872767	best: 0.2872761 (397)	total: 3.44s	remaining: 39.5s
600:	learn: 0.2856502	test: 0.2872617	best: 0.2872450 (511)	total: 5.17s	remaining: 37.8s
bestTest = 0.2872450355
bestIteration = 511
Shrink model to first 512 iterations.
   🔪 Feature selection: 252 → 183

   🌱 CatBoost multi-seed ensemble (5 seeds)...
      Seed 42 (1/5)... 0:	learn: 0.2888399	test: 0.2886338	best: 0.2886338 (0)	total: 7.35ms	remaining: 36.7s
200:	learn: 0.2868109	test: 0.2875051	best: 0.2875034 (199)	total: 1.31s	remaining: 31.2s
400:	learn: 0.2861653	test: 0.2873020	best: 0.2873012 (392)	total: 2.64s	remaining: 30.3s
bestTest = 0.2872906338
bestIteration = 433
Shrink model to first 434 iterations.
iters=433
      Seed 123 (2/5)... 0:	learn: 0.2888387	test: 0.2886262	best: 0.2886262 (0)	total: 6.61ms	remaining: 33s
200:	learn: 0.2868024	test: 0.2874885	best: 0.2874885 (200)	total: 1.31s	remaining: 31.3s
400:	learn: 0.2861531	test: 0.2872695	best: 0.2872677 (398)	total: 2.65s	remaining: 30.3s
bestTest = 0.2872520523
bestIteration = 489
Shrink model to first 490 iterations.
iters=489
      Seed 456 (3/5)... 0:	learn: 0.2888395	test: 0.2886344	best: 0.2886344 (0)	total: 6.88ms	remaining: 34.4s
200:	learn: 0.2868118	test: 0.2874600	best: 0.2874600 (200)	total: 1.31s	remaining: 31.4s
400:	learn: 0.2861526	test: 0.2873125	best: 0.2873125 (400)	total: 2.64s	remaining: 30.3s
600:	learn: 0.2856481	test: 0.2872558	best: 0.2872433 (561)	total: 3.98s	remaining: 29.1s
bestTest = 0.2872432931
bestIteration = 561
Shrink model to first 562 iterations.
iters=561
      Seed 789 (4/5)... 0:	learn: 0.2888385	test: 0.2886288	best: 0.2886288 (0)	total: 6.9ms	remaining: 34.5s
200:	learn: 0.2868103	test: 0.2875181	best: 0.2875148 (199)	total: 1.31s	remaining: 31.4s
400:	learn: 0.2861645	test: 0.2873422	best: 0.2873406 (397)	total: 2.65s	remaining: 30.4s
600:	learn: 0.2856463	test: 0.2873278	best: 0.2873169 (537)	total: 3.99s	remaining: 29.2s
bestTest = 0.2873169379
bestIteration = 537
Shrink model to first 538 iterations.
iters=537
      Seed 2024 (5/5)... 0:	learn: 0.2888398	test: 0.2886305	best: 0.2886305 (0)	total: 6.92ms	remaining: 34.6s
200:	learn: 0.2868139	test: 0.2874950	best: 0.2874950 (200)	total: 1.31s	remaining: 31.4s
400:	learn: 0.2861718	test: 0.2872790	best: 0.2872790 (400)	total: 2.64s	remaining: 30.3s
600:	learn: 0.2856505	test: 0.2872484	best: 0.2872437 (591)	total: 3.97s	remaining: 29.1s
bestTest = 0.2872437012
bestIteration = 591
Shrink model to first 592 iterations.
iters=591
   💾 Saved 5 CatBoost models + feature names

   📈 Window 1 Results:
      IC                             0.0083
      Rank_IC                        0.0241
      ICIR                           0.2712
      Rank_ICIR                      0.4618
      LS_Sharpe_raw                  2.3
      LS_Sharpe_net                  1.08
      LS_Ann_Return_net_%            45.9
      LS_MaxDD_net_%                 -93.3
      LS_Total_net_%                 2111.7
      LS_VolTarget_Sharpe            2.05
      LS_VolTarget_MaxDD_%           -96.4
      LS_VolTarget_Total_%           528262.7
      LS_DDStop_Sharpe               2.39
      LS_DDStop_MaxDD_%              -24.8
      LS_DDStop_Total_%              1960.3
      LO5_Sharpe                     -0.52
      LO10_Sharpe                    -0.81
      N_periods                      6148
      Cost_per_period_bps            3.5

======================================================================
  AGGREGATE RESULTS (1 windows)
======================================================================

   📈 Combined Results (all windows):
      Periods: 6148
      LS Net:       Sharpe=1.08, MaxDD=-93.3%, Total=2111.7%
      LS VolTarget: Sharpe=2.05, MaxDD=-96.4%, Total=528262.7%
      LS DDStop:    Sharpe=2.39, MaxDD=-24.8%, Total=1960.3%

🏆 Top 30 Features (CatBoost, last window):
      btc_vol_24h                              4.0
      vix_close_chg_1d                         3.9
      gk_vol_168h                              3.6
      close_ma336_ratio                        3.3
      close_ma6_ratio                          3.3
      close_ma12_ratio                         3.2
      breadth_pct_positive                     2.7
      gk_vol_24h                               2.6
      close_ma720_ratio                        2.3
      atr_48                                   2.3
      vol_price_corr_48h                       2.2
      spx_close_chg_1d                         2.0
      oi_value_usd                             2.0
      regime_breadth_bullish                   1.9
   📰 btc_beta_168h                            1.8
      agg_oi_total_change_12h                  1.6
      oi_zscore_7d                             1.6
      ret_std_168h                             1.6
      ret_std_48h                              1.5
      gk_vol_48h                               1.5
      news_coverage_ok                         1.3
      vol_trend_12_48                          1.2
   📰 market_funding_std                       1.2
      btc_ret_1h                               1.1
      mom_accel_12h                            1.1
   📰 funding_vs_market                        1.0
      ret_sharpe_168h                          1.0
   📰 funding_dispersion                       1.0
      ret_std_24h                              0.9
      macd_signal                              0.9

   📰 Sentiment features in top 30: 4/30

======================================================================
  FINAL SUMMARY — CatBoost (12h target)
======================================================================
   Rank IC (avg):            +0.0241
   Rank ICIR (avg):          +0.4618
   LS Sharpe net (avg):      +1.08
   LS MaxDD net (avg):       -93.3%
   LS VolTarget Sharpe:      +2.05
   LS DDStop Sharpe:         +2.39
   Cost model:               0.03% taker + 0.01% slip + 0.005%/8h funding
======================================================================
🟡 DECENT — CatBoost adds diversity, useful as ensemble member.

✅ Results saved to results/mega_comparison/models/WinC_train2025H1/catboost_market_news/
   Models: cb_model_seed_*.cbm
   Run ensemble: python run_fast_sim.py --ensemble --leverage 3 --rebal 24 --edge-boost
[16:30:23]    ✅ Done: catboost_market_news (218s)
[16:30:23] 🧠 Training: WinC_train2025H1 / catboost_no_deriv
[16:30:23]    train_end=2025-04-30  val_end=2025-06-24
[16:30:23]    flags: --no-news --no-derivatives
======================================================================
  CATBOOST CRYPTO ALPHA MODEL
  12h Target + Ordered Boosting + Walk-Forward
======================================================================

📊 Loading data...
   Shape: (2565321, 107), Symbols: 50
   🎯 Adding targets...
   🌐 Adding cross-asset features...
   🔰 Adding advanced regime features...
   🕐 Adding 12h-specific features...
   ✅ Added ~10 features for 12h holding period
   📅 Adding calendar features...
   ✅ Added 9 calendar features
   🏛️ Adding macro features...
      Macro raw: 9 cols, derived: 29, total new: 38
   📰 Adding sentiment features... (news_mode=none)
      FNG: 2018-02-01 → 2026-03-11, mean=48.3
      Funding: 96,393 non-zero rows (3.8%)
      LS ratio: 0 non-missing rows
      Synthetic positioning features...
      ⏭️  Skipping news features (news_mode=none)
   ✅ Sentiment features added: 175 → 200 total
   ⏭️  Skipping derivatives features (--no-derivatives)
   Features: 200
   📐 Cross-sectional rank normalization...
   ✅ Ranked 132 CS features, preserved 68 unranked
   Final shape: (2564721, 219)
   Date range: 2017-09-16 09:00:00+00:00 → 2026-03-07 03:00:00+00:00

🔴 PRODUCTION MODE — max training data, models go to live trading
   Train: start → 2025-04-30
   Val:   2025-05-08 → 2025-06-24
   Test:  (none — live trading)

======================================================================
  ROLLING WALK-FORWARD (1 windows)
======================================================================

──────────────────────────────────────────────────────────────────────
  Window 1/1: PROD (max data)
  Train: → 2025-04-30
  Val:   2025-05-08 → 2025-06-24
  Test:  2025-06-24 → 2026-12-31
──────────────────────────────────────────────────────────────────────
   Train: 2,210,617 | Val: 54,144 | Test: 290,744
0:	learn: 0.2888392	test: 0.2886275	best: 0.2886275 (0)	total: 13.2ms	remaining: 1m 6s
200:	learn: 0.2868323	test: 0.2875406	best: 0.2875406 (200)	total: 1.43s	remaining: 34.2s
400:	learn: 0.2862081	test: 0.2874448	best: 0.2874263 (354)	total: 2.89s	remaining: 33.1s
bestTest = 0.2874262873
bestIteration = 354
Shrink model to first 355 iterations.
   🔪 Feature selection: 200 → 129

   🌱 CatBoost multi-seed ensemble (5 seeds)...
      Seed 42 (1/5)... 0:	learn: 0.2888385	test: 0.2886287	best: 0.2886287 (0)	total: 6.25ms	remaining: 31.2s
200:	learn: 0.2868337	test: 0.2875572	best: 0.2875562 (196)	total: 1.21s	remaining: 29s
400:	learn: 0.2862171	test: 0.2874464	best: 0.2874409 (390)	total: 2.46s	remaining: 28.2s
bestTest = 0.2874261304
bestIteration = 481
Shrink model to first 482 iterations.
iters=481
      Seed 123 (2/5)... 0:	learn: 0.2888385	test: 0.2886281	best: 0.2886281 (0)	total: 6.24ms	remaining: 31.2s
200:	learn: 0.2868364	test: 0.2875631	best: 0.2875631 (200)	total: 1.21s	remaining: 28.9s
400:	learn: 0.2862190	test: 0.2874390	best: 0.2874329 (351)	total: 2.43s	remaining: 27.8s
bestTest = 0.2874243576
bestIteration = 411
Shrink model to first 412 iterations.
iters=411
      Seed 456 (3/5)... 0:	learn: 0.2888396	test: 0.2886345	best: 0.2886345 (0)	total: 6.44ms	remaining: 32.2s
200:	learn: 0.2868432	test: 0.2875477	best: 0.2875477 (200)	total: 1.21s	remaining: 28.9s
400:	learn: 0.2862195	test: 0.2874457	best: 0.2874289 (369)	total: 2.45s	remaining: 28.1s
bestTest = 0.2874289071
bestIteration = 369
Shrink model to first 370 iterations.
iters=369
      Seed 789 (4/5)... 0:	learn: 0.2888385	test: 0.2886287	best: 0.2886287 (0)	total: 6.43ms	remaining: 32.2s
200:	learn: 0.2868282	test: 0.2875508	best: 0.2875493 (198)	total: 1.22s	remaining: 29.1s
400:	learn: 0.2862106	test: 0.2874332	best: 0.2874229 (381)	total: 2.45s	remaining: 28.1s
bestTest = 0.287422679
bestIteration = 479
Shrink model to first 480 iterations.
iters=479
      Seed 2024 (5/5)... 0:	learn: 0.2888385	test: 0.2886284	best: 0.2886284 (0)	total: 6.21ms	remaining: 31.1s
200:	learn: 0.2868320	test: 0.2875710	best: 0.2875710 (200)	total: 1.22s	remaining: 29.1s
400:	learn: 0.2862159	test: 0.2874554	best: 0.2874553 (354)	total: 2.44s	remaining: 28s
bestTest = 0.2874539279
bestIteration = 406
Shrink model to first 407 iterations.
iters=406
   💾 Saved 5 CatBoost models + feature names

   📈 Window 1 Results:
      IC                             0.0074
      Rank_IC                        0.0183
      ICIR                           0.2776
      Rank_ICIR                      0.4387
      LS_Sharpe_raw                  2.39
      LS_Sharpe_net                  1.14
      LS_Ann_Return_net_%            47.1
      LS_MaxDD_net_%                 -92.4
      LS_Total_net_%                 2425.9
      LS_VolTarget_Sharpe            2.03
      LS_VolTarget_MaxDD_%           -96.3
      LS_VolTarget_Total_%           451774.2
      LS_DDStop_Sharpe               2.18
      LS_DDStop_MaxDD_%              -25.0
      LS_DDStop_Total_%              1755.1
      LO5_Sharpe                     -0.65
      LO10_Sharpe                    -0.9
      N_periods                      6148
      Cost_per_period_bps            3.5

======================================================================
  AGGREGATE RESULTS (1 windows)
======================================================================

   📈 Combined Results (all windows):
      Periods: 6148
      LS Net:       Sharpe=1.14, MaxDD=-92.4%, Total=2425.9%
      LS VolTarget: Sharpe=2.03, MaxDD=-96.3%, Total=451774.2%
      LS DDStop:    Sharpe=2.18, MaxDD=-25.0%, Total=1755.1%

🏆 Top 30 Features (CatBoost, last window):
      btc_vol_24h                              5.2
      close_ma6_ratio                          4.4
      close_ma336_ratio                        4.4
      gk_vol_24h                               4.1
      vix_close_chg_1d                         3.8
      close_ma12_ratio                         3.6
      gk_vol_168h                              3.5
      breadth_pct_positive                     3.2
   📰 funding_vs_market                        2.6
      vol_price_corr_48h                       2.6
      close_ma720_ratio                        2.5
      atr_48                                   2.4
      spx_close_chg_1d                         2.2
      regime_breadth_bullish                   2.1
   📰 market_dispersion                        2.0
      btc_ret_1h                               2.0
      ret_std_48h                              1.9
   📰 funding_rate                             1.8
      gk_vol_48h                               1.6
   📰 btc_beta_168h                            1.6
   📰 market_funding_std                       1.6
      btc_ret_12h                              1.5
      btc_ret_4h                               1.5
      atr_24                                   1.5
   📰 cross_coin_dispersion                    1.4
      vol_trend_12_48                          1.4
      ret_std_168h                             1.2
      eth_ret_1h                               1.1
      ret_sharpe_168h                          1.1
      ret_std_24h                              1.1

   📰 Sentiment features in top 30: 6/30

======================================================================
  FINAL SUMMARY — CatBoost (12h target)
======================================================================
   Rank IC (avg):            +0.0183
   Rank ICIR (avg):          +0.4387
   LS Sharpe net (avg):      +1.14
   LS MaxDD net (avg):       -92.4%
   LS VolTarget Sharpe:      +2.03
   LS DDStop Sharpe:         +2.18
   Cost model:               0.03% taker + 0.01% slip + 0.005%/8h funding
======================================================================
🟡 DECENT — CatBoost adds diversity, useful as ensemble member.

✅ Results saved to results/mega_comparison/models/WinC_train2025H1/catboost_no_deriv/
   Models: cb_model_seed_*.cbm
   Run ensemble: python run_fast_sim.py --ensemble --leverage 3 --rebal 24 --edge-boost
[16:32:57]    ✅ Done: catboost_no_deriv (154s)
[16:32:57] 🧠 Training: WinC_train2025H1 / catboost_news_no_deriv
[16:32:57]    train_end=2025-04-30  val_end=2025-06-24
[16:32:57]    flags: --news-mode all --no-derivatives
======================================================================
  CATBOOST CRYPTO ALPHA MODEL
  12h Target + Ordered Boosting + Walk-Forward
======================================================================

📊 Loading data...
   Shape: (2565321, 107), Symbols: 50
   🎯 Adding targets...
   🌐 Adding cross-asset features...
   🔰 Adding advanced regime features...
   🕐 Adding 12h-specific features...
   ✅ Added ~10 features for 12h holding period
   📅 Adding calendar features...
   ✅ Added 9 calendar features
   🏛️ Adding macro features...
      Macro raw: 9 cols, derived: 29, total new: 38
   📰 Adding sentiment features... (news_mode=all)
      FNG: 2018-02-01 → 2026-03-11, mean=48.3
      Funding: 96,393 non-zero rows (3.8%)
      LS ratio: 0 non-missing rows
      Synthetic positioning features...
      Loading news features (mode=all)...
      + coin-level news: 8 features
      + market-level news: 7 features
      📊 Coverage: 2,228,238/2,565,321 rows (86.9%)
      📰 Events: 1,100,564/2,228,238 covered rows (49.4%) have news
      🕳️  Holes: 337,083 rows = NaN (not 0!)
   ✅ Sentiment features added: 175 → 212 total
   ⏭️  Skipping derivatives features (--no-derivatives)
   Features: 212
   📐 Cross-sectional rank normalization...
   ✅ Ranked 137 CS features, preserved 75 unranked
   Final shape: (2564721, 231)
   Date range: 2017-09-16 09:00:00+00:00 → 2026-03-07 03:00:00+00:00

🔴 PRODUCTION MODE — max training data, models go to live trading
   Train: start → 2025-04-30
   Val:   2025-05-08 → 2025-06-24
   Test:  (none — live trading)

======================================================================
  ROLLING WALK-FORWARD (1 windows)
======================================================================

──────────────────────────────────────────────────────────────────────
  Window 1/1: PROD (max data)
  Train: → 2025-04-30
  Val:   2025-05-08 → 2025-06-24
  Test:  2025-06-24 → 2026-12-31
──────────────────────────────────────────────────────────────────────
   Train: 2,210,617 | Val: 54,144 | Test: 290,744
0:	learn: 0.2888392	test: 0.2886275	best: 0.2886275 (0)	total: 13.6ms	remaining: 1m 7s
200:	learn: 0.2868137	test: 0.2875233	best: 0.2875223 (199)	total: 1.46s	remaining: 34.8s
400:	learn: 0.2861878	test: 0.2874223	best: 0.2873997 (341)	total: 2.91s	remaining: 33.4s
bestTest = 0.2873996638
bestIteration = 341
Shrink model to first 342 iterations.
   🔪 Feature selection: 212 → 137

   🌱 CatBoost multi-seed ensemble (5 seeds)...
      Seed 42 (1/5)... 0:	learn: 0.2888386	test: 0.2886287	best: 0.2886287 (0)	total: 6.34ms	remaining: 31.7s
200:	learn: 0.2868215	test: 0.2875292	best: 0.2875292 (200)	total: 1.23s	remaining: 29.3s
400:	learn: 0.2862044	test: 0.2874323	best: 0.2874292 (370)	total: 2.47s	remaining: 28.4s
bestTest = 0.2874267736
bestIteration = 480
Shrink model to first 481 iterations.
iters=480
      Seed 123 (2/5)... 0:	learn: 0.2888385	test: 0.2886281	best: 0.2886281 (0)	total: 6.34ms	remaining: 31.7s
200:	learn: 0.2868228	test: 0.2875571	best: 0.2875571 (200)	total: 1.23s	remaining: 29.5s
400:	learn: 0.2861964	test: 0.2874240	best: 0.2874226 (399)	total: 2.47s	remaining: 28.3s
600:	learn: 0.2857174	test: 0.2874204	best: 0.2873952 (525)	total: 3.72s	remaining: 27.2s
bestTest = 0.2873952237
bestIteration = 525
Shrink model to first 526 iterations.
iters=525
      Seed 456 (3/5)... 0:	learn: 0.2888397	test: 0.2886346	best: 0.2886346 (0)	total: 6.28ms	remaining: 31.4s
200:	learn: 0.2868206	test: 0.2875497	best: 0.2875497 (200)	total: 1.23s	remaining: 29.4s
400:	learn: 0.2861962	test: 0.2874021	best: 0.2873986 (398)	total: 2.47s	remaining: 28.3s
600:	learn: 0.2857212	test: 0.2873826	best: 0.2873728 (544)	total: 3.71s	remaining: 27.2s
bestTest = 0.2873727867
bestIteration = 544
Shrink model to first 545 iterations.
iters=544
      Seed 789 (4/5)... 0:	learn: 0.2888386	test: 0.2886285	best: 0.2886285 (0)	total: 6.55ms	remaining: 32.8s
200:	learn: 0.2868262	test: 0.2875145	best: 0.2875145 (200)	total: 1.23s	remaining: 29.4s
400:	learn: 0.2861992	test: 0.2874020	best: 0.2873999 (396)	total: 2.48s	remaining: 28.4s
bestTest = 0.2873920543
bestIteration = 453
Shrink model to first 454 iterations.
iters=453
      Seed 2024 (5/5)... 0:	learn: 0.2888383	test: 0.2886282	best: 0.2886282 (0)	total: 6.56ms	remaining: 32.8s
200:	learn: 0.2868221	test: 0.2875600	best: 0.2875600 (200)	total: 1.24s	remaining: 29.5s
400:	learn: 0.2861936	test: 0.2874075	best: 0.2874058 (394)	total: 2.48s	remaining: 28.4s
bestTest = 0.2874009817
bestIteration = 483
Shrink model to first 484 iterations.
iters=483
   💾 Saved 5 CatBoost models + feature names

   📈 Window 1 Results:
      IC                             0.0092
      Rank_IC                        0.0222
      ICIR                           0.2851
      Rank_ICIR                      0.4646
      LS_Sharpe_raw                  2.42
      LS_Sharpe_net                  1.19
      LS_Ann_Return_net_%            49.8
      LS_MaxDD_net_%                 -92.5
      LS_Total_net_%                 3016.1
      LS_VolTarget_Sharpe            2.13
      LS_VolTarget_MaxDD_%           -96.1
      LS_VolTarget_Total_%           754717.9
      LS_DDStop_Sharpe               2.54
      LS_DDStop_MaxDD_%              -24.7
      LS_DDStop_Total_%              2665.9
      LO5_Sharpe                     -0.55
      LO10_Sharpe                    -0.83
      N_periods                      6148
      Cost_per_period_bps            3.5

======================================================================
  AGGREGATE RESULTS (1 windows)
======================================================================

   📈 Combined Results (all windows):
      Periods: 6148
      LS Net:       Sharpe=1.19, MaxDD=-92.5%, Total=3016.1%
      LS VolTarget: Sharpe=2.13, MaxDD=-96.1%, Total=754717.9%
      LS DDStop:    Sharpe=2.54, MaxDD=-24.7%, Total=2665.9%

🏆 Top 30 Features (CatBoost, last window):
      btc_vol_24h                              4.1
      vix_close_chg_1d                         4.0
      close_ma336_ratio                        3.8
      close_ma6_ratio                          3.8
      gk_vol_24h                               3.6
      close_ma12_ratio                         3.4
      gk_vol_168h                              3.3
      breadth_pct_positive                     3.2
      vol_price_corr_48h                       2.5
      close_ma720_ratio                        2.4
      atr_48                                   2.2
      spx_close_chg_1d                         1.9
   📰 market_funding_std                       1.9
      btc_ret_4h                               1.9
      ret_std_48h                              1.9
      regime_breadth_bullish                   1.9
   📰 long_short_ratio                         1.8
   📰 btc_beta_168h                            1.6
      gk_vol_48h                               1.6
      news_count_7d                            1.6
   📰 funding_vs_market                        1.6
      btc_ret_1h                               1.5
      news_count_24h                           1.4
      news_coverage_ok                         1.3
      vol_trend_12_48                          1.3
      atr_24                                   1.2
   📰 market_dispersion                        1.2
      ret_std_168h                             1.1
   📰 cross_coin_dispersion                    1.1
      mom_accel_12h                            1.1

   📰 Sentiment features in top 30: 6/30

======================================================================
  FINAL SUMMARY — CatBoost (12h target)
======================================================================
   Rank IC (avg):            +0.0222
   Rank ICIR (avg):          +0.4646
   LS Sharpe net (avg):      +1.19
   LS MaxDD net (avg):       -92.5%
   LS VolTarget Sharpe:      +2.13
   LS DDStop Sharpe:         +2.54
   Cost model:               0.03% taker + 0.01% slip + 0.005%/8h funding
======================================================================
🟡 DECENT — CatBoost adds diversity, useful as ensemble member.

✅ Results saved to results/mega_comparison/models/WinC_train2025H1/catboost_news_no_deriv/
   Models: cb_model_seed_*.cbm
   Run ensemble: python run_fast_sim.py --ensemble --leverage 3 --rebal 24 --edge-boost
[16:35:37]    ✅ Done: catboost_news_no_deriv (160s)
[16:35:37] 🧠 Training: WinC_train2025H1 / catboost_huber
[16:35:37]    train_end=2025-04-30  val_end=2025-06-24
[16:35:37]    flags: --no-news --huber --huber-delta 1.0
======================================================================
  CATBOOST CRYPTO ALPHA MODEL
  12h Target + Ordered Boosting + Walk-Forward
======================================================================

📊 Loading data...
   Shape: (2565321, 107), Symbols: 50
   🎯 Adding targets...
   🌐 Adding cross-asset features...
   🔰 Adding advanced regime features...
   🕐 Adding 12h-specific features...
   ✅ Added ~10 features for 12h holding period
   📅 Adding calendar features...
   ✅ Added 9 calendar features
   🏛️ Adding macro features...
      Macro raw: 9 cols, derived: 29, total new: 38
   📰 Adding sentiment features... (news_mode=none)
      FNG: 2018-02-01 → 2026-03-11, mean=48.3
      Funding: 96,393 non-zero rows (3.8%)
      LS ratio: 0 non-missing rows
      Synthetic positioning features...
      ⏭️  Skipping news features (news_mode=none)
   ✅ Sentiment features added: 175 → 200 total
   📊 Adding derivatives features (Binance Futures)...
      Loaded metrics: 1,800,870 rows, 50 symbols, 2021-12-01 → 2026-03-12
      OI: 1,785,559 rows (69.6%), 9 features
      Taker: 1,648,976 rows (64.3%), 6 features
      Top L/S: 1,433,710 rows (55.9%), 5 features
      Global L/S: 3 features
      Binance funding: 2,239,209 rows (87.3%)
      Funding surprise: computed from OKX funding data
      Market-wide aggregates: 4 features
      Basis/Premium: 448,115 rows (17.5%), 6 features
      ⚠️  No liquidation data (run download_binance_futures.py)
      DVOL: 13 features (BTC range: 2021-04-01 → 2026-03-15)
   ✅ Derivatives features: +48 features
   Features: 248
   📐 Cross-sectional rank normalization...
   ✅ Ranked 167 CS features, preserved 81 unranked
   Final shape: (2564721, 267)
   Date range: 2017-09-16 09:00:00+00:00 → 2026-03-07 03:00:00+00:00

🔴 PRODUCTION MODE — max training data, models go to live trading
   Train: start → 2025-04-30
   Val:   2025-05-08 → 2025-06-24
   Test:  (none — live trading)

======================================================================
  ROLLING WALK-FORWARD (1 windows)
======================================================================

──────────────────────────────────────────────────────────────────────
  Window 1/1: PROD (max data)
  Train: → 2025-04-30
  Val:   2025-05-08 → 2025-06-24
  Test:  2025-06-24 → 2026-12-31
──────────────────────────────────────────────────────────────────────
   Train: 2,210,617 | Val: 54,144 | Test: 290,744
   🛡️  Huber loss enabled (delta=1.0)
0:	learn: 0.5858038	test: 0.5817819	best: 0.5817819 (0)	total: 15.7ms	remaining: 1m 18s
200:	learn: 0.2952464	test: 0.2951160	best: 0.2951160 (200)	total: 1.73s	remaining: 41.2s
400:	learn: 0.2866545	test: 0.2873575	best: 0.2873575 (400)	total: 3.45s	remaining: 39.5s
600:	learn: 0.2859307	test: 0.2871864	best: 0.2871799 (592)	total: 5.2s	remaining: 38s
bestTest = 0.2871799296
bestIteration = 592
Shrink model to first 593 iterations.
   🔪 Feature selection: 248 → 198

   🌱 CatBoost multi-seed ensemble (5 seeds)...
      Seed 42 (1/5)... 0:	learn: 0.5858231	test: 0.5817588	best: 0.5817588 (0)	total: 7.22ms	remaining: 36.1s
200:	learn: 0.2952297	test: 0.2951150	best: 0.2951150 (200)	total: 1.36s	remaining: 32.5s
400:	learn: 0.2866337	test: 0.2873624	best: 0.2873624 (400)	total: 2.74s	remaining: 31.5s
600:	learn: 0.2859079	test: 0.2872012	best: 0.2871920 (594)	total: 4.16s	remaining: 30.5s
bestTest = 0.2871858175
bestIteration = 639
Shrink model to first 640 iterations.
iters=639
      Seed 123 (2/5)... 0:	learn: 0.5858052	test: 0.5817716	best: 0.5817716 (0)	total: 6.73ms	remaining: 33.6s
200:	learn: 0.2952395	test: 0.2950678	best: 0.2950678 (200)	total: 1.35s	remaining: 32.2s
400:	learn: 0.2866486	test: 0.2873853	best: 0.2873853 (400)	total: 2.73s	remaining: 31.3s
600:	learn: 0.2859244	test: 0.2871954	best: 0.2871883 (570)	total: 4.15s	remaining: 30.4s
bestTest = 0.287173021
bestIteration = 676
Shrink model to first 677 iterations.
iters=676
      Seed 456 (3/5)... 0:	learn: 0.5858041	test: 0.5817728	best: 0.5817728 (0)	total: 7.26ms	remaining: 36.3s
200:	learn: 0.2952192	test: 0.2951187	best: 0.2951187 (200)	total: 1.35s	remaining: 32.2s
400:	learn: 0.2866507	test: 0.2873449	best: 0.2873449 (400)	total: 2.73s	remaining: 31.3s
600:	learn: 0.2859244	test: 0.2871788	best: 0.2871690 (544)	total: 4.12s	remaining: 30.2s
bestTest = 0.2871689542
bestIteration = 544
Shrink model to first 545 iterations.
iters=544
      Seed 789 (4/5)... 0:	learn: 0.5858062	test: 0.5817727	best: 0.5817727 (0)	total: 7.52ms	remaining: 37.6s
200:	learn: 0.2952328	test: 0.2950800	best: 0.2950800 (200)	total: 1.37s	remaining: 32.6s
400:	learn: 0.2866270	test: 0.2874043	best: 0.2874043 (400)	total: 2.75s	remaining: 31.5s
600:	learn: 0.2859098	test: 0.2872416	best: 0.2872376 (581)	total: 4.16s	remaining: 30.4s
bestTest = 0.287237579
bestIteration = 581
Shrink model to first 582 iterations.
iters=581
      Seed 2024 (5/5)... 0:	learn: 0.5858129	test: 0.5818223	best: 0.5818223 (0)	total: 7.97ms	remaining: 39.8s
200:	learn: 0.2952154	test: 0.2951423	best: 0.2951423 (200)	total: 1.36s	remaining: 32.4s
400:	learn: 0.2866381	test: 0.2873981	best: 0.2873981 (400)	total: 2.75s	remaining: 31.5s
600:	learn: 0.2859212	test: 0.2872208	best: 0.2872143 (580)	total: 4.17s	remaining: 30.5s
bestTest = 0.2872142663
bestIteration = 580
Shrink model to first 581 iterations.
iters=580
   💾 Saved 5 CatBoost models + feature names

   📈 Window 1 Results:
      IC                             0.0083
      Rank_IC                        0.0248
      ICIR                           0.274
      Rank_ICIR                      0.4575
      LS_Sharpe_raw                  2.37
      LS_Sharpe_net                  1.16
      LS_Ann_Return_net_%            50.0
      LS_MaxDD_net_%                 -92.4
      LS_Total_net_%                 2946.8
      LS_VolTarget_Sharpe            2.13
      LS_VolTarget_MaxDD_%           -96.9
      LS_VolTarget_Total_%           807157.0
      LS_DDStop_Sharpe               2.52
      LS_DDStop_MaxDD_%              -24.9
      LS_DDStop_Total_%              2248.3
      LO5_Sharpe                     -0.51
      LO10_Sharpe                    -0.85
      N_periods                      6148
      Cost_per_period_bps            3.5

======================================================================
  AGGREGATE RESULTS (1 windows)
======================================================================

   📈 Combined Results (all windows):
      Periods: 6148
      LS Net:       Sharpe=1.16, MaxDD=-92.4%, Total=2946.8%
      LS VolTarget: Sharpe=2.13, MaxDD=-96.9%, Total=807157.0%
      LS DDStop:    Sharpe=2.52, MaxDD=-24.9%, Total=2248.3%

🏆 Top 30 Features (CatBoost, last window):
      btc_vol_24h                              4.0
      close_ma6_ratio                          2.7
      close_ma336_ratio                        2.7
      gk_vol_24h                               2.4
      vix_close_chg_1d                         2.4
      ret_std_48h                              2.4
      atr_48                                   2.3
      close_ma720_ratio                        2.2
      gk_vol_168h                              2.2
      vol_price_corr_48h                       2.1
      ret_std_24h                              2.1
      regime_breadth_bullish                   2.0
      close_ma12_ratio                         1.9
      atr_24                                   1.8
      gk_vol_48h                               1.8
      spx_close_chg_1d                         1.6
      ret_std_168h                             1.6
      eth_ret_4h                               1.4
      oi_value_usd                             1.3
      breadth_pct_positive                     1.2
   📰 btc_beta_168h                            1.2
      vol_trend_12_48                          1.2
      btc_ret_12h                              1.1
      ret_2h                                   1.1
      atr_14                                   1.1
      ret_sharpe_168h                          1.1
   📰 market_funding_std                       1.0
      gold_close                               1.0
      bb_low_48                                1.0
   📰 funding_rate                             1.0

   📰 Sentiment features in top 30: 3/30

======================================================================
  FINAL SUMMARY — CatBoost (12h target)
======================================================================
   Rank IC (avg):            +0.0248
   Rank ICIR (avg):          +0.4575
   LS Sharpe net (avg):      +1.16
   LS MaxDD net (avg):       -92.4%
   LS VolTarget Sharpe:      +2.13
   LS DDStop Sharpe:         +2.52
   Cost model:               0.03% taker + 0.01% slip + 0.005%/8h funding
======================================================================
🟡 DECENT — CatBoost adds diversity, useful as ensemble member.

✅ Results saved to results/mega_comparison/models/WinC_train2025H1/catboost_huber/
   Models: cb_model_seed_*.cbm
   Run ensemble: python run_fast_sim.py --ensemble --leverage 3 --rebal 24 --edge-boost
[16:39:21]    ✅ Done: catboost_huber (224s)
[16:39:21] 🧠 Training: WinC_train2025H1 / catboost_huber_no_deriv
[16:39:21]    train_end=2025-04-30  val_end=2025-06-24
[16:39:21]    flags: --no-news --no-derivatives --huber --huber-delta 1.0
======================================================================
  CATBOOST CRYPTO ALPHA MODEL
  12h Target + Ordered Boosting + Walk-Forward
======================================================================

📊 Loading data...
   Shape: (2565321, 107), Symbols: 50
   🎯 Adding targets...
   🌐 Adding cross-asset features...
   🔰 Adding advanced regime features...
   🕐 Adding 12h-specific features...
   ✅ Added ~10 features for 12h holding period
   📅 Adding calendar features...
   ✅ Added 9 calendar features
   🏛️ Adding macro features...
      Macro raw: 9 cols, derived: 29, total new: 38
   📰 Adding sentiment features... (news_mode=none)
      FNG: 2018-02-01 → 2026-03-11, mean=48.3
      Funding: 96,393 non-zero rows (3.8%)
      LS ratio: 0 non-missing rows
      Synthetic positioning features...
      ⏭️  Skipping news features (news_mode=none)
   ✅ Sentiment features added: 175 → 200 total
   ⏭️  Skipping derivatives features (--no-derivatives)
   Features: 200
   📐 Cross-sectional rank normalization...
   ✅ Ranked 132 CS features, preserved 68 unranked
   Final shape: (2564721, 219)
   Date range: 2017-09-16 09:00:00+00:00 → 2026-03-07 03:00:00+00:00

🔴 PRODUCTION MODE — max training data, models go to live trading
   Train: start → 2025-04-30
   Val:   2025-05-08 → 2025-06-24
   Test:  (none — live trading)

======================================================================
  ROLLING WALK-FORWARD (1 windows)
======================================================================

──────────────────────────────────────────────────────────────────────
  Window 1/1: PROD (max data)
  Train: → 2025-04-30
  Val:   2025-05-08 → 2025-06-24
  Test:  2025-06-24 → 2026-12-31
──────────────────────────────────────────────────────────────────────
   Train: 2,210,617 | Val: 54,144 | Test: 290,744
   🛡️  Huber loss enabled (delta=1.0)
0:	learn: 0.5858036	test: 0.5817818	best: 0.5817818 (0)	total: 12.9ms	remaining: 1m 4s
200:	learn: 0.2952510	test: 0.2950666	best: 0.2950666 (200)	total: 1.48s	remaining: 35.2s
400:	learn: 0.2866681	test: 0.2874641	best: 0.2874641 (400)	total: 2.96s	remaining: 33.9s
600:	learn: 0.2859740	test: 0.2873427	best: 0.2873404 (510)	total: 4.45s	remaining: 32.6s
bestTest = 0.2873404149
bestIteration = 510
Shrink model to first 511 iterations.
   🔪 Feature selection: 200 → 160

   🌱 CatBoost multi-seed ensemble (5 seeds)...
      Seed 42 (1/5)... 0:	learn: 0.5858023	test: 0.5817758	best: 0.5817758 (0)	total: 6.63ms	remaining: 33.1s
200:	learn: 0.2952441	test: 0.2950024	best: 0.2950024 (200)	total: 1.26s	remaining: 30.2s
400:	learn: 0.2866474	test: 0.2874475	best: 0.2874475 (400)	total: 2.56s	remaining: 29.4s
600:	learn: 0.2859620	test: 0.2873416	best: 0.2873241 (554)	total: 3.87s	remaining: 28.3s
bestTest = 0.2873240785
bestIteration = 554
Shrink model to first 555 iterations.
iters=554
      Seed 123 (2/5)... 0:	learn: 0.5858060	test: 0.5817747	best: 0.5817747 (0)	total: 6.38ms	remaining: 31.9s
200:	learn: 0.2952318	test: 0.2950247	best: 0.2950247 (200)	total: 1.25s	remaining: 29.9s
400:	learn: 0.2866376	test: 0.2874221	best: 0.2874221 (400)	total: 2.53s	remaining: 29s
600:	learn: 0.2859492	test: 0.2872842	best: 0.2872740 (583)	total: 3.81s	remaining: 27.9s
bestTest = 0.2872740435
bestIteration = 583
Shrink model to first 584 iterations.
iters=583
      Seed 456 (3/5)... 0:	learn: 0.5858022	test: 0.5817988	best: 0.5817988 (0)	total: 6.18ms	remaining: 30.9s
200:	learn: 0.2952241	test: 0.2950762	best: 0.2950762 (200)	total: 1.26s	remaining: 30.2s
400:	learn: 0.2866514	test: 0.2874462	best: 0.2874462 (400)	total: 2.55s	remaining: 29.2s
600:	learn: 0.2859717	test: 0.2873433	best: 0.2873206 (552)	total: 3.84s	remaining: 28.1s
bestTest = 0.2873205631
bestIteration = 552
Shrink model to first 553 iterations.
iters=552
      Seed 789 (4/5)... 0:	learn: 0.5858062	test: 0.5817727	best: 0.5817727 (0)	total: 7.07ms	remaining: 35.3s
200:	learn: 0.2952209	test: 0.2950312	best: 0.2950312 (200)	total: 1.28s	remaining: 30.6s
400:	learn: 0.2866271	test: 0.2873987	best: 0.2873987 (400)	total: 2.56s	remaining: 29.4s
600:	learn: 0.2859401	test: 0.2873189	best: 0.2872889 (531)	total: 3.85s	remaining: 28.2s
bestTest = 0.287288876
bestIteration = 531
Shrink model to first 532 iterations.
iters=531
      Seed 2024 (5/5)... 0:	learn: 0.5858138	test: 0.5818221	best: 0.5818221 (0)	total: 7.17ms	remaining: 35.8s
200:	learn: 0.2952144	test: 0.2950780	best: 0.2950780 (200)	total: 1.27s	remaining: 30.3s
400:	learn: 0.2866501	test: 0.2874570	best: 0.2874570 (400)	total: 2.54s	remaining: 29.2s
600:	learn: 0.2859618	test: 0.2873640	best: 0.2873480 (565)	total: 3.83s	remaining: 28.1s
bestTest = 0.28734801
bestIteration = 565
Shrink model to first 566 iterations.
iters=565
   💾 Saved 5 CatBoost models + feature names

   📈 Window 1 Results:
      IC                             0.01
      Rank_IC                        0.0236
      ICIR                           0.2892
      Rank_ICIR                      0.4558
      LS_Sharpe_raw                  2.38
      LS_Sharpe_net                  1.16
      LS_Ann_Return_net_%            49.1
      LS_MaxDD_net_%                 -91.4
      LS_Total_net_%                 2800.5
      LS_VolTarget_Sharpe            2.02
      LS_VolTarget_MaxDD_%           -96.9
      LS_VolTarget_Total_%           443201.9
      LS_DDStop_Sharpe               2.4
      LS_DDStop_MaxDD_%              -24.7
      LS_DDStop_Total_%              3295.6
      LO5_Sharpe                     -0.65
      LO10_Sharpe                    -0.88
      N_periods                      6148
      Cost_per_period_bps            3.5

======================================================================
  AGGREGATE RESULTS (1 windows)
======================================================================

   📈 Combined Results (all windows):
      Periods: 6148
      LS Net:       Sharpe=1.16, MaxDD=-91.4%, Total=2800.5%
      LS VolTarget: Sharpe=2.02, MaxDD=-96.9%, Total=443201.9%
      LS DDStop:    Sharpe=2.40, MaxDD=-24.7%, Total=3295.6%

🏆 Top 30 Features (CatBoost, last window):
      btc_vol_24h                              4.4
      atr_48                                   3.4
      vix_close_chg_1d                         3.2
      gk_vol_168h                              3.0
      close_ma336_ratio                        2.8
      close_ma6_ratio                          2.7
      close_ma720_ratio                        2.3
      vol_price_corr_48h                       2.3
      regime_breadth_bullish                   2.2
      ret_std_48h                              2.1
      close_ma12_ratio                         2.0
      spx_close_chg_1d                         1.9
      atr_24                                   1.8
      gk_vol_24h                               1.8
      gk_vol_48h                               1.7
   📰 btc_beta_168h                            1.6
   📰 funding_rate                             1.6
      btc_ret_12h                              1.5
      atr_14                                   1.5
   📰 cross_coin_dispersion                    1.5
      ret_std_168h                             1.4
      gold_close                               1.3
      ret_std_24h                              1.2
      bb_low_48                                1.2
      ret_sharpe_168h                          1.2
      vol_trend_12_48                          1.1
   📰 market_funding_std                       1.1
      btc_ret_4h                               1.1
      eth_ret_1h                               1.1
   📰 funding_vs_market                        1.1

   📰 Sentiment features in top 30: 5/30

======================================================================
  FINAL SUMMARY — CatBoost (12h target)
======================================================================
   Rank IC (avg):            +0.0236
   Rank ICIR (avg):          +0.4558
   LS Sharpe net (avg):      +1.16
   LS MaxDD net (avg):       -91.4%
   LS VolTarget Sharpe:      +2.02
   LS DDStop Sharpe:         +2.40
   Cost model:               0.03% taker + 0.01% slip + 0.005%/8h funding
======================================================================
🟡 DECENT — CatBoost adds diversity, useful as ensemble member.

✅ Results saved to results/mega_comparison/models/WinC_train2025H1/catboost_huber_no_deriv/
   Models: cb_model_seed_*.cbm
   Run ensemble: python run_fast_sim.py --ensemble --leverage 3 --rebal 24 --edge-boost
[16:42:02]    ✅ Done: catboost_huber_no_deriv (161s)
[16:42:02] 🧠 Training: WinC_train2025H1 / xgboost_with_news
[16:42:02]    train_end=2025-04-30  val_end=2025-06-24
[16:42:02]    flags: --news-mode all
======================================================================
  XGBOOST + NEWS INTERACTIONS — CRYPTO ALPHA MODEL
  12h Target + Level-wise Trees + News × Price Interactions
======================================================================

📊 Loading data...
   Shape: (2565321, 107), Symbols: 50
   🎯 Adding targets...
   🌐 Adding cross-asset features...
   🔰 Adding advanced regime features...
   🕐 Adding 12h-specific features...
   ✅ Added ~10 features for 12h holding period
   📅 Adding calendar features...
   ✅ Added 9 calendar features
   🏛️ Adding macro features...
      Macro raw: 9 cols, derived: 29, total new: 38
   📰 Adding sentiment features... (news_mode=all)
      FNG: 2018-02-01 → 2026-03-11, mean=48.3
      Funding: 96,393 non-zero rows (3.8%)
      LS ratio: 0 non-missing rows
      Synthetic positioning features...
      Loading news features (mode=all)...
      + coin-level news: 8 features
      + market-level news: 7 features
      📊 Coverage: 2,228,238/2,565,321 rows (86.9%)
      📰 Events: 1,100,564/2,228,238 covered rows (49.4%) have news
      🕳️  Holes: 337,083 rows = NaN (not 0!)
   ✅ Sentiment features added: 175 → 212 total
   📊 Adding derivatives features (Binance Futures)...
      Loaded metrics: 1,800,870 rows, 50 symbols, 2021-12-01 → 2026-03-12
      OI: 1,785,559 rows (69.6%), 9 features
      Taker: 1,648,976 rows (64.3%), 6 features
      Top L/S: 1,433,710 rows (55.9%), 5 features
      Global L/S: 3 features
      Binance funding: 2,239,209 rows (87.3%)
      Funding surprise: computed from OKX funding data
      Market-wide aggregates: 4 features
      Basis/Premium: 448,115 rows (17.5%), 6 features
      ⚠️  No liquidation data (run download_binance_futures.py)
      DVOL: 13 features (BTC range: 2021-04-01 → 2026-03-15)
   ✅ Derivatives features: +48 features
   🧬 Adding news interaction features...
   ✅ Added 23 news interaction features
   Features: 283 (23 news interactions)
   📐 Cross-sectional rank normalization...
   ✅ Ranked 195 CS features, preserved 88 unranked
   Final shape: (2564721, 302)
   Date range: 2017-09-16 09:00:00+00:00 → 2026-03-07 03:00:00+00:00

🔴 PRODUCTION MODE — max training data, models go to live trading
   Train: start → 2025-04-30
   Val:   2025-05-08 → 2025-06-24
   Test:  (none — live trading)

======================================================================
  ROLLING WALK-FORWARD (1 windows)
======================================================================

──────────────────────────────────────────────────────────────────────
  Window 1/1: PROD (max data)
  Train: → 2025-04-30
  Val:   2025-05-08 → 2025-06-24
  Test:  2025-06-24 → 2026-12-31
──────────────────────────────────────────────────────────────────────
   Train: 2,210,617 | Val: 54,144 | Test: 290,744
[0]	validation_0-rmse:0.28863
[200]	validation_0-rmse:0.28727
[400]	validation_0-rmse:0.28712
[548]	validation_0-rmse:0.28716
   🔪 Feature selection: 283 → 229
      (including 20 news interaction features)

   🌱 XGBoost multi-seed ensemble (5 seeds)...
      Seed 42 (1/5)... [0]	validation_0-rmse:0.28863
[200]	validation_0-rmse:0.28736
[400]	validation_0-rmse:0.28716
[463]	validation_0-rmse:0.28717
iters=363
      Seed 123 (2/5)... [0]	validation_0-rmse:0.28863
[200]	validation_0-rmse:0.28730
[400]	validation_0-rmse:0.28710
[509]	validation_0-rmse:0.28710
iters=409
      Seed 456 (3/5)... [0]	validation_0-rmse:0.28863
[200]	validation_0-rmse:0.28733
[400]	validation_0-rmse:0.28713
[535]	validation_0-rmse:0.28714
iters=435
      Seed 789 (4/5)... [0]	validation_0-rmse:0.28863
[200]	validation_0-rmse:0.28728
[400]	validation_0-rmse:0.28714
[594]	validation_0-rmse:0.28717
iters=494
      Seed 2024 (5/5)... [0]	validation_0-rmse:0.28863
[200]	validation_0-rmse:0.28730
[400]	validation_0-rmse:0.28714
[477]	validation_0-rmse:0.28714
iters=377
   💾 Saved 5 XGBoost models + feature names

   📈 Window 1 Results:
      IC                             0.0085
      Rank_IC                        0.0276
      ICIR                           0.2575
      Rank_ICIR                      0.4954
      LS_Sharpe_raw                  2.0
      LS_Sharpe_net                  0.77
      LS_Ann_Return_net_%            32.3
      LS_MaxDD_net_%                 -94.8
      LS_Total_net_%                 609.7
      LS_VolTarget_Sharpe            1.63
      LS_VolTarget_MaxDD_%           -97.3
      LS_VolTarget_Total_%           63586.7
      LS_DDStop_Sharpe               1.84
      LS_DDStop_MaxDD_%              -24.9
      LS_DDStop_Total_%              486.3
      LO5_Sharpe                     -0.52
      LO10_Sharpe                    -0.83
      N_periods                      6148
      Cost_per_period_bps            3.5

======================================================================
  AGGREGATE RESULTS (1 windows)
======================================================================

   📈 Combined Results (all windows):
      Periods: 6148
      LS Net:       Sharpe=0.77, MaxDD=-94.8%, Total=609.7%
      LS VolTarget: Sharpe=1.63, MaxDD=-97.3%, Total=63586.7%
      LS DDStop:    Sharpe=1.84, MaxDD=-24.9%, Total=486.3%

🏆 Top 30 Features (XGBoost, last window):
   📰 market_funding_std                       0.0387
   📰 market_dispersion                        0.0253
   📰 funding_rate                             0.0222
      gk_vol_24h                               0.0218
      btc_ret_1h                               0.0184
   🧬 nx_high_vol_positive                     0.0163
      ret_std_48h                              0.0156
      eth_ret_12h                              0.0145
      atr_14                                   0.0130
      eth_ret_4h                               0.0124
      close_ma6_ratio                          0.0122
      btc_ret_12h                              0.0115
      eth_ret_1h                               0.0114
      close_ma12_ratio                         0.0112
      btc_ret_24h                              0.0110
      btc_ret_4h                               0.0110
      low_close_ratio                          0.0109
   📰 news_count_1h                            0.0095
      ret_2h                                   0.0092
   🧬 nx_high_volume                           0.0088
   🧬 nx_high_vol_negative                     0.0087
      eth_ret_24h                              0.0083
      close_open_ratio                         0.0076
      bb_low_20                                0.0074
      vol_ma48_ratio                           0.0073
      vol_price_corr_48h                       0.0073
   🧬 nx_is_burst                              0.0073
      ret_std_24h                              0.0072
      regime_breadth_bullish                   0.0063
      btc_ret_48h                              0.0062

   🧬 News interaction features in top 30: 4/30
   📰 All news-related features in top 30: 5/30

======================================================================
  FINAL SUMMARY — XGBoost + News Interactions (12h target)
======================================================================
   Rank IC (avg):            +0.0276
   Rank ICIR (avg):          +0.4954
   LS Sharpe net (avg):      +0.77
   LS MaxDD net (avg):       -94.8%
   LS DDStop Sharpe:         +1.84
   LS DDStop MaxDD:          -24.9%
   Cost model:               0.03% taker + 0.01% slip + 0.005%/8h funding
======================================================================
🟢 STRONG — XGBoost news model adds alpha. Ready for ensemble.

✅ Results saved to results/mega_comparison/models/WinC_train2025H1/xgboost_with_news/
   Models: xgb_model_seed_*.json
   Run ensemble: python run_fast_sim.py --ensemble --edge-boost --days 365
[16:46:22]    ✅ Done: xgboost_with_news (260s)
[16:46:22] 🧠 Training: WinC_train2025H1 / xgboost_no_news
[16:46:22]    train_end=2025-04-30  val_end=2025-06-24
[16:46:22]    flags: --no-news
======================================================================
  XGBOOST + NEWS INTERACTIONS — CRYPTO ALPHA MODEL
  12h Target + Level-wise Trees + News × Price Interactions
======================================================================

📊 Loading data...
   Shape: (2565321, 107), Symbols: 50
   🎯 Adding targets...
   🌐 Adding cross-asset features...
   🔰 Adding advanced regime features...
   🕐 Adding 12h-specific features...
   ✅ Added ~10 features for 12h holding period
   📅 Adding calendar features...
   ✅ Added 9 calendar features
   🏛️ Adding macro features...
      Macro raw: 9 cols, derived: 29, total new: 38
   📰 Adding sentiment features... (news_mode=none)
      FNG: 2018-02-01 → 2026-03-11, mean=48.3
      Funding: 96,393 non-zero rows (3.8%)
      LS ratio: 0 non-missing rows
      Synthetic positioning features...
      ⏭️  Skipping news features (news_mode=none)
   ✅ Sentiment features added: 175 → 200 total
   📊 Adding derivatives features (Binance Futures)...
      Loaded metrics: 1,800,870 rows, 50 symbols, 2021-12-01 → 2026-03-12
      OI: 1,785,559 rows (69.6%), 9 features
      Taker: 1,648,976 rows (64.3%), 6 features
      Top L/S: 1,433,710 rows (55.9%), 5 features
      Global L/S: 3 features
      Binance funding: 2,239,209 rows (87.3%)
      Funding surprise: computed from OKX funding data
      Market-wide aggregates: 4 features
      Basis/Premium: 448,115 rows (17.5%), 6 features
      ⚠️  No liquidation data (run download_binance_futures.py)
      DVOL: 13 features (BTC range: 2021-04-01 → 2026-03-15)
   ✅ Derivatives features: +48 features
   ⏭️  Skipping news interaction features (news_mode=none)
   Features: 248 (0 news interactions)
   📐 Cross-sectional rank normalization...
   ✅ Ranked 167 CS features, preserved 81 unranked
   Final shape: (2564721, 267)
   Date range: 2017-09-16 09:00:00+00:00 → 2026-03-07 03:00:00+00:00

🔴 PRODUCTION MODE — max training data, models go to live trading
   Train: start → 2025-04-30
   Val:   2025-05-08 → 2025-06-24
   Test:  (none — live trading)

======================================================================
  ROLLING WALK-FORWARD (1 windows)
======================================================================

──────────────────────────────────────────────────────────────────────
  Window 1/1: PROD (max data)
  Train: → 2025-04-30
  Val:   2025-05-08 → 2025-06-24
  Test:  2025-06-24 → 2026-12-31
──────────────────────────────────────────────────────────────────────
   Train: 2,210,617 | Val: 54,144 | Test: 290,744
[0]	validation_0-rmse:0.28863
[200]	validation_0-rmse:0.28728
[400]	validation_0-rmse:0.28707
[464]	validation_0-rmse:0.28707
   🔪 Feature selection: 248 → 198
      (including 0 news interaction features)

   🌱 XGBoost multi-seed ensemble (5 seeds)...
      Seed 42 (1/5)... [0]	validation_0-rmse:0.28863
[200]	validation_0-rmse:0.28729
[400]	validation_0-rmse:0.28714
[462]	validation_0-rmse:0.28712
iters=362
      Seed 123 (2/5)... [0]	validation_0-rmse:0.28863
[200]	validation_0-rmse:0.28730
[400]	validation_0-rmse:0.28716
[450]	validation_0-rmse:0.28715
iters=350
      Seed 456 (3/5)... [0]	validation_0-rmse:0.28863
[200]	validation_0-rmse:0.28730
[400]	validation_0-rmse:0.28712
[507]	validation_0-rmse:0.28716
iters=407
      Seed 789 (4/5)... [0]	validation_0-rmse:0.28863
[200]	validation_0-rmse:0.28725
[400]	validation_0-rmse:0.28707
[546]	validation_0-rmse:0.28711
iters=446
      Seed 2024 (5/5)... [0]	validation_0-rmse:0.28862
[200]	validation_0-rmse:0.28727
[400]	validation_0-rmse:0.28710
[523]	validation_0-rmse:0.28711
iters=423
   💾 Saved 5 XGBoost models + feature names

   📈 Window 1 Results:
      IC                             0.0083
      Rank_IC                        0.0273
      ICIR                           0.2565
      Rank_ICIR                      0.4904
      LS_Sharpe_raw                  2.05
      LS_Sharpe_net                  0.81
      LS_Ann_Return_net_%            34.0
      LS_MaxDD_net_%                 -95.2
      LS_Total_net_%                 727.1
      LS_VolTarget_Sharpe            1.69
      LS_VolTarget_MaxDD_%           -97.8
      LS_VolTarget_Total_%           86998.0
      LS_DDStop_Sharpe               1.92
      LS_DDStop_MaxDD_%              -25.0
      LS_DDStop_Total_%              628.0
      LO5_Sharpe                     -0.59
      LO10_Sharpe                    -0.84
      N_periods                      6148
      Cost_per_period_bps            3.5

======================================================================
  AGGREGATE RESULTS (1 windows)
======================================================================

   📈 Combined Results (all windows):
      Periods: 6148
      LS Net:       Sharpe=0.81, MaxDD=-95.2%, Total=727.1%
      LS VolTarget: Sharpe=1.69, MaxDD=-97.8%, Total=86998.0%
      LS DDStop:    Sharpe=1.92, MaxDD=-25.0%, Total=628.0%

🏆 Top 30 Features (XGBoost, last window):
   📰 market_funding_std                       0.0309
      gk_vol_24h                               0.0258
   📰 funding_rate                             0.0231
   📰 market_dispersion                        0.0215
      btc_ret_1h                               0.0195
      eth_ret_12h                              0.0183
      ret_std_48h                              0.0181
      atr_14                                   0.0160
      btc_ret_24h                              0.0152
      eth_ret_4h                               0.0143
      close_ma6_ratio                          0.0142
      eth_ret_1h                               0.0138
      btc_ret_12h                              0.0134
      close_ma12_ratio                         0.0131
      low_close_ratio                          0.0128
      oi_change_1h                             0.0125
      ret_2h                                   0.0107
      btc_ret_4h                               0.0106
      bb_low_20                                0.0106
      eth_ret_24h                              0.0092
      close_open_ratio                         0.0082
      vol_price_corr_48h                       0.0080
      vol_ma48_ratio                           0.0079
   📰 vol_surge_24h                            0.0073
      eth_btc_ret_24h                          0.0071
      btc_ret_48h                              0.0070
      vol_ma24_ratio                           0.0070
   📰 vol_surge_48h                            0.0069
      breadth_pct_positive                     0.0069
      regime_breadth_bullish                   0.0068

   🧬 News interaction features in top 30: 0/30
   📰 All news-related features in top 30: 0/30

======================================================================
  FINAL SUMMARY — XGBoost + News Interactions (12h target)
======================================================================
   Rank IC (avg):            +0.0273
   Rank ICIR (avg):          +0.4904
   LS Sharpe net (avg):      +0.81
   LS MaxDD net (avg):       -95.2%
   LS DDStop Sharpe:         +1.92
   LS DDStop MaxDD:          -25.0%
   Cost model:               0.03% taker + 0.01% slip + 0.005%/8h funding
======================================================================
🟢 STRONG — XGBoost news model adds alpha. Ready for ensemble.

✅ Results saved to results/mega_comparison/models/WinC_train2025H1/xgboost_no_news/
   Models: xgb_model_seed_*.json
   Run ensemble: python run_fast_sim.py --ensemble --edge-boost --days 365
[16:50:22]    ✅ Done: xgboost_no_news (240s)
[16:50:22] 🧠 Training: WinC_train2025H1 / xgboost_no_deriv
[16:50:22]    train_end=2025-04-30  val_end=2025-06-24
[16:50:22]    flags: --no-news --no-derivatives
======================================================================
  XGBOOST + NEWS INTERACTIONS — CRYPTO ALPHA MODEL
  12h Target + Level-wise Trees + News × Price Interactions
======================================================================

📊 Loading data...
   Shape: (2565321, 107), Symbols: 50
   🎯 Adding targets...
   🌐 Adding cross-asset features...
   🔰 Adding advanced regime features...
   🕐 Adding 12h-specific features...
   ✅ Added ~10 features for 12h holding period
   📅 Adding calendar features...
   ✅ Added 9 calendar features
   🏛️ Adding macro features...
      Macro raw: 9 cols, derived: 29, total new: 38
   📰 Adding sentiment features... (news_mode=none)
      FNG: 2018-02-01 → 2026-03-11, mean=48.3
      Funding: 96,393 non-zero rows (3.8%)
      LS ratio: 0 non-missing rows
      Synthetic positioning features...
      ⏭️  Skipping news features (news_mode=none)
   ✅ Sentiment features added: 175 → 200 total
   ⏭️  Skipping derivatives features (--no-derivatives)
   ⏭️  Skipping news interaction features (news_mode=none)
   Features: 200 (0 news interactions)
   📐 Cross-sectional rank normalization...
   ✅ Ranked 132 CS features, preserved 68 unranked
   Final shape: (2564721, 219)
   Date range: 2017-09-16 09:00:00+00:00 → 2026-03-07 03:00:00+00:00

🔴 PRODUCTION MODE — max training data, models go to live trading
   Train: start → 2025-04-30
   Val:   2025-05-08 → 2025-06-24
   Test:  (none — live trading)

======================================================================
  ROLLING WALK-FORWARD (1 windows)
======================================================================

──────────────────────────────────────────────────────────────────────
  Window 1/1: PROD (max data)
  Train: → 2025-04-30
  Val:   2025-05-08 → 2025-06-24
  Test:  2025-06-24 → 2026-12-31
──────────────────────────────────────────────────────────────────────
   Train: 2,210,617 | Val: 54,144 | Test: 290,744
[0]	validation_0-rmse:0.28863
[200]	validation_0-rmse:0.28739
[400]	validation_0-rmse:0.28734
[470]	validation_0-rmse:0.28740
   🔪 Feature selection: 200 → 160
      (including 0 news interaction features)

   🌱 XGBoost multi-seed ensemble (5 seeds)...
      Seed 42 (1/5)... [0]	validation_0-rmse:0.28863
[200]	validation_0-rmse:0.28740
[400]	validation_0-rmse:0.28736
[445]	validation_0-rmse:0.28737
iters=345
      Seed 123 (2/5)... [0]	validation_0-rmse:0.28863
[200]	validation_0-rmse:0.28740
[400]	validation_0-rmse:0.28733
[427]	validation_0-rmse:0.28734
iters=327
      Seed 456 (3/5)... [0]	validation_0-rmse:0.28863
[200]	validation_0-rmse:0.28743
[400]	validation_0-rmse:0.28736
[448]	validation_0-rmse:0.28738
iters=348
      Seed 789 (4/5)... [0]	validation_0-rmse:0.28863
[200]	validation_0-rmse:0.28739
[400]	validation_0-rmse:0.28733
[418]	validation_0-rmse:0.28734
iters=318
      Seed 2024 (5/5)... [0]	validation_0-rmse:0.28862
[200]	validation_0-rmse:0.28741
[400]	validation_0-rmse:0.28732
[454]	validation_0-rmse:0.28737
iters=354
   💾 Saved 5 XGBoost models + feature names

   📈 Window 1 Results:
      IC                             0.0097
      Rank_IC                        0.025
      ICIR                           0.2749
      Rank_ICIR                      0.4867
      LS_Sharpe_raw                  2.38
      LS_Sharpe_net                  1.12
      LS_Ann_Return_net_%            45.9
      LS_MaxDD_net_%                 -91.7
      LS_Total_net_%                 2211.0
      LS_VolTarget_Sharpe            2.04
      LS_VolTarget_MaxDD_%           -97.0
      LS_VolTarget_Total_%           453732.0
      LS_DDStop_Sharpe               2.27
      LS_DDStop_MaxDD_%              -24.8
      LS_DDStop_Total_%              2011.0
      LO5_Sharpe                     -0.57
      LO10_Sharpe                    -0.9
      N_periods                      6148
      Cost_per_period_bps            3.5

======================================================================
  AGGREGATE RESULTS (1 windows)
======================================================================

   📈 Combined Results (all windows):
      Periods: 6148
      LS Net:       Sharpe=1.12, MaxDD=-91.7%, Total=2211.0%
      LS VolTarget: Sharpe=2.04, MaxDD=-97.0%, Total=453732.0%
      LS DDStop:    Sharpe=2.27, MaxDD=-24.8%, Total=2011.0%

🏆 Top 30 Features (XGBoost, last window):
      gk_vol_24h                               0.0356
   📰 market_dispersion                        0.0262
      btc_ret_1h                               0.0252
      atr_14                                   0.0223
      ret_std_48h                              0.0218
   📰 funding_rate                             0.0209
      close_ma12_ratio                         0.0181
      btc_ret_12h                              0.0172
      btc_ret_24h                              0.0169
      close_ma6_ratio                          0.0167
      eth_ret_12h                              0.0155
      eth_ret_4h                               0.0152
      low_close_ratio                          0.0150
      eth_ret_1h                               0.0148
      btc_ret_4h                               0.0125
      ret_2h                                   0.0124
      eth_ret_24h                              0.0122
      regime_breadth_bullish                   0.0107
      vol_price_corr_48h                       0.0104
      bb_low_20                                0.0104
      close_open_ratio                         0.0103
      ret_std_24h                              0.0095
      atr_24                                   0.0084
      vol_ma24_ratio                           0.0082
   📰 market_funding_std                       0.0082
      gk_vol_168h                              0.0081
      breadth_pct_positive                     0.0081
      close_ma336_ratio                        0.0081
      btc_vol_24h                              0.0077
      close_ma24_ratio                         0.0072

   🧬 News interaction features in top 30: 0/30
   📰 All news-related features in top 30: 0/30

======================================================================
  FINAL SUMMARY — XGBoost + News Interactions (12h target)
======================================================================
   Rank IC (avg):            +0.0250
   Rank ICIR (avg):          +0.4867
   LS Sharpe net (avg):      +1.12
   LS MaxDD net (avg):       -91.7%
   LS DDStop Sharpe:         +2.27
   LS DDStop MaxDD:          -24.8%
   Cost model:               0.03% taker + 0.01% slip + 0.005%/8h funding
======================================================================
🟢 STRONG — XGBoost news model adds alpha. Ready for ensemble.

✅ Results saved to results/mega_comparison/models/WinC_train2025H1/xgboost_no_deriv/
   Models: xgb_model_seed_*.json
   Run ensemble: python run_fast_sim.py --ensemble --edge-boost --days 365
[16:53:16]    ✅ Done: xgboost_no_deriv (174s)
[16:53:16] 
[16:53:16] ✅ Phase 1 complete: All models trained
[16:53:16]   ⏱️  Phase took 301m 51s
[16:53:16] 
[16:53:16] ################################################################
[16:53:16]   PHASE 2: СИМУЛЯЦИИ
[16:53:16] ################################################################
[16:53:16] 
[16:53:16] ╔══════════════════════════════════════════════════════════════╗
[16:53:16] ║  SIMULATING WINDOW A: 2024-07-01 → 2024-12-31 (183 days)
[16:53:16] ╚══════════════════════════════════════════════════════════════╝
[16:53:16] --- SOLO MODELS ---
[16:53:16] SIM #1: WinA_train2024H1__cb_solo_news__1x_base
[16:53:16] CMD: python run_fast_sim.py --data data/features/crypto_features_1h.parquet --start-date 2024-07-01 --end-date 2024-12-31 --days 659 --leverage 1 --edge-boost --no-ddstop --ensemble
[16:56:30]   => Return=+126.3%  HAC=+6.88  MaxDD=-2.4%  WR=69%  PF=3.26
[16:56:30] SIM #2: WinA_train2024H1__cb_solo_news__3x_base
[16:56:30] CMD: python run_fast_sim.py --data data/features/crypto_features_1h.parquet --start-date 2024-07-01 --end-date 2024-12-31 --days 659 --leverage 3 --edge-boost --no-ddstop --ensemble
[16:59:45]   => Return=+875.4%  HAC=+5.56  MaxDD=-7.1%  WR=67%  PF=3.46
[16:59:45] SIM #3: WinA_train2024H1__cb_solo_no_news__1x_base
[16:59:45] CMD: python run_fast_sim.py --data data/features/crypto_features_1h.parquet --start-date 2024-07-01 --end-date 2024-12-31 --days 659 --leverage 1 --edge-boost --no-ddstop --ensemble
[17:03:00]   => Return=+125.1%  HAC=+6.90  MaxDD=-2.3%  WR=68%  PF=3.22
[17:03:00] SIM #4: WinA_train2024H1__cb_solo_no_news__3x_base
[17:03:00] CMD: python run_fast_sim.py --data data/features/crypto_features_1h.parquet --start-date 2024-07-01 --end-date 2024-12-31 --days 659 --leverage 3 --edge-boost --no-ddstop --ensemble
[17:06:15]   => Return=+860.5%  HAC=+5.56  MaxDD=-7.0%  WR=67%  PF=3.40
[17:06:15] SIM #5: WinA_train2024H1__cb_solo_market_news__1x_base
[17:06:15] CMD: python run_fast_sim.py --data data/features/crypto_features_1h.parquet --start-date 2024-07-01 --end-date 2024-12-31 --days 659 --leverage 1 --edge-boost --no-ddstop --ensemble
[17:09:29]   => Return=+124.3%  HAC=+6.82  MaxDD=-2.3%  WR=68%  PF=3.27
[17:09:30] SIM #6: WinA_train2024H1__cb_solo_no_deriv__1x_base
[17:09:30] CMD: python run_fast_sim.py --data data/features/crypto_features_1h.parquet --start-date 2024-07-01 --end-date 2024-12-31 --days 659 --leverage 1 --edge-boost --no-ddstop --ensemble
[17:12:44]   => Return=+124.4%  HAC=+6.64  MaxDD=-2.6%  WR=68%  PF=3.12
[17:12:44] SIM #7: WinA_train2024H1__cb_solo_no_deriv__3x_base
[17:12:44] CMD: python run_fast_sim.py --data data/features/crypto_features_1h.parquet --start-date 2024-07-01 --end-date 2024-12-31 --days 659 --leverage 3 --edge-boost --no-ddstop --ensemble
[17:15:59]   => Return=+848.4%  HAC=+5.45  MaxDD=-7.9%  WR=66%  PF=3.36
[17:15:59] SIM #8: WinA_train2024H1__cb_solo_news_no_deriv__1x_base
[17:15:59] CMD: python run_fast_sim.py --data data/features/crypto_features_1h.parquet --start-date 2024-07-01 --end-date 2024-12-31 --days 659 --leverage 1 --edge-boost --no-ddstop --ensemble
[17:19:14]   => Return=+125.2%  HAC=+6.71  MaxDD=-2.5%  WR=68%  PF=3.15
[17:19:14] SIM #9: WinA_train2024H1__cb_solo_huber__1x_base
[17:19:14] CMD: python run_fast_sim.py --data data/features/crypto_features_1h.parquet --start-date 2024-07-01 --end-date 2024-12-31 --days 659 --leverage 1 --edge-boost --no-ddstop --ensemble
[17:22:29]   => Return=+127.0%  HAC=+6.91  MaxDD=-2.3%  WR=68%  PF=3.31
[17:22:29] SIM #10: WinA_train2024H1__cb_solo_huber_no_deriv__1x_base
[17:22:29] CMD: python run_fast_sim.py --data data/features/crypto_features_1h.parquet --start-date 2024-07-01 --end-date 2024-12-31 --days 659 --leverage 1 --edge-boost --no-ddstop --ensemble
[17:25:43]   => Return=+122.9%  HAC=+6.70  MaxDD=-2.5%  WR=67%  PF=3.13
[17:25:44] SIM #11: WinA_train2024H1__v6_solo_base__1x_base
[17:25:44] CMD: python run_fast_sim.py --data data/features/crypto_features_1h.parquet --start-date 2024-07-01 --end-date 2024-12-31 --days 659 --leverage 1 --edge-boost --no-ddstop --ensemble
[17:28:58]   => Return=+131.8%  HAC=+6.82  MaxDD=-2.3%  WR=69%  PF=3.51
[17:28:58] SIM #12: WinA_train2024H1__v6_solo_base__3x_base
[17:28:58] CMD: python run_fast_sim.py --data data/features/crypto_features_1h.parquet --start-date 2024-07-01 --end-date 2024-12-31 --days 659 --leverage 3 --edge-boost --no-ddstop --ensemble
[17:32:13]   => Return=+947.4%  HAC=+5.53  MaxDD=-6.9%  WR=67%  PF=3.92
[17:32:13] SIM #13: WinA_train2024H1__v6_solo_news__1x_base
[17:32:13] CMD: python run_fast_sim.py --data data/features/crypto_features_1h.parquet --start-date 2024-07-01 --end-date 2024-12-31 --days 659 --leverage 1 --edge-boost --no-ddstop --ensemble
[17:35:27]   => Return=+134.2%  HAC=+6.87  MaxDD=-2.4%  WR=68%  PF=3.51
[17:35:27] SIM #14: WinA_train2024H1__v6_solo_no_deriv__1x_base
[17:35:27] CMD: python run_fast_sim.py --data data/features/crypto_features_1h.parquet --start-date 2024-07-01 --end-date 2024-12-31 --days 659 --leverage 1 --edge-boost --no-ddstop --ensemble
[17:38:40]   => Return=+126.3%  HAC=+6.75  MaxDD=-2.5%  WR=68%  PF=3.24
[17:38:40] SIM #15: WinA_train2024H1__v7_solo_base__1x_base
[17:38:40] CMD: python run_fast_sim.py --data data/features/crypto_features_1h.parquet --start-date 2024-07-01 --end-date 2024-12-31 --days 659 --leverage 1 --edge-boost --no-ddstop --ensemble
[17:41:54]   => Return=+126.4%  HAC=+6.86  MaxDD=-2.1%  WR=69%  PF=3.49
[17:41:54] SIM #16: WinA_train2024H1__v7_solo_base__3x_base
[17:41:54] CMD: python run_fast_sim.py --data data/features/crypto_features_1h.parquet --start-date 2024-07-01 --end-date 2024-12-31 --days 659 --leverage 3 --edge-boost --no-ddstop --ensemble
[17:45:08]   => Return=+878.1%  HAC=+5.55  MaxDD=-6.4%  WR=67%  PF=3.87
[17:45:08] SIM #17: WinA_train2024H1__v7_solo_news__1x_base
[17:45:08] CMD: python run_fast_sim.py --data data/features/crypto_features_1h.parquet --start-date 2024-07-01 --end-date 2024-12-31 --days 659 --leverage 1 --edge-boost --no-ddstop --ensemble
[17:48:23]   => Return=+135.1%  HAC=+7.05  MaxDD=-1.9%  WR=69%  PF=3.63
[17:48:23] SIM #18: WinA_train2024H1__xgb_solo_news__1x_base
[17:48:23] CMD: python run_fast_sim.py --data data/features/crypto_features_1h.parquet --start-date 2024-07-01 --end-date 2024-12-31 --days 659 --leverage 1 --edge-boost --no-ddstop --ensemble
[17:51:44]   => Return=+129.4%  HAC=+6.71  MaxDD=-2.5%  WR=68%  PF=3.44
[17:51:44] SIM #19: WinA_train2024H1__xgb_solo_no_news__1x_base
[17:51:44] CMD: python run_fast_sim.py --data data/features/crypto_features_1h.parquet --start-date 2024-07-01 --end-date 2024-12-31 --days 659 --leverage 1 --edge-boost --no-ddstop --ensemble
[17:55:06]   => Return=+133.7%  HAC=+6.85  MaxDD=-2.1%  WR=67%  PF=3.64
[17:55:06] --- ENSEMBLE 2 (v6+v7) ---
[17:55:06] SIM #20: WinA_train2024H1__ens2_v6v7_no_news__1x_base
[17:55:06] CMD: python run_fast_sim.py --data data/features/crypto_features_1h.parquet --start-date 2024-07-01 --end-date 2024-12-31 --days 659 --leverage 1 --edge-boost --no-ddstop --ensemble
[17:58:25]   => Return=+104.5%  HAC=+6.78  MaxDD=-2.1%  WR=68%  PF=2.93
[17:58:25] SIM #21: WinA_train2024H1__ens2_v6v7_no_news__3x_base
[17:58:25] CMD: python run_fast_sim.py --data data/features/crypto_features_1h.parquet --start-date 2024-07-01 --end-date 2024-12-31 --days 659 --leverage 3 --edge-boost --no-ddstop --ensemble
[18:01:45]   => Return=+621.9%  HAC=+5.56  MaxDD=-6.5%  WR=66%  PF=3.20
[18:01:45] SIM #22: WinA_train2024H1__ens2_v6v7_news__1x_base
[18:01:45] CMD: python run_fast_sim.py --data data/features/crypto_features_1h.parquet --start-date 2024-07-01 --end-date 2024-12-31 --days 659 --leverage 1 --edge-boost --no-ddstop --ensemble
[18:05:06]   => Return=+108.7%  HAC=+6.86  MaxDD=-2.3%  WR=68%  PF=3.05
[18:05:06] --- ENSEMBLE 3 (v6+v7+CB) ---
[18:05:06] SIM #23: WinA_train2024H1__ens3_lgb_noN+cb_N__1x_base
[18:05:06] CMD: python run_fast_sim.py --data data/features/crypto_features_1h.parquet --start-date 2024-07-01 --end-date 2024-12-31 --days 659 --leverage 1 --edge-boost --no-ddstop --ensemble
[18:08:29]   => Return=+85.6%  HAC=+6.27  MaxDD=-3.1%  WR=66%  PF=2.48
[18:08:29] SIM #24: WinA_train2024H1__ens3_lgb_noN+cb_N__3x_base
[18:08:29] CMD: python run_fast_sim.py --data data/features/crypto_features_1h.parquet --start-date 2024-07-01 --end-date 2024-12-31 --days 659 --leverage 3 --edge-boost --no-ddstop --ensemble
[18:11:52]   => Return=+440.0%  HAC=+5.27  MaxDD=-9.3%  WR=66%  PF=2.64
[18:11:52] SIM #25: WinA_train2024H1__ens3_all_no_news__1x_base
[18:11:52] CMD: python run_fast_sim.py --data data/features/crypto_features_1h.parquet --start-date 2024-07-01 --end-date 2024-12-31 --days 659 --leverage 1 --edge-boost --no-ddstop --ensemble
[18:15:15]   => Return=+82.9%  HAC=+6.28  MaxDD=-3.2%  WR=66%  PF=2.45
[18:15:15] SIM #26: WinA_train2024H1__ens3_all_news__1x_base
[18:15:15] CMD: python run_fast_sim.py --data data/features/crypto_features_1h.parquet --start-date 2024-07-01 --end-date 2024-12-31 --days 659 --leverage 1 --edge-boost --no-ddstop --ensemble
[18:18:37]   => Return=+86.8%  HAC=+6.33  MaxDD=-3.1%  WR=65%  PF=2.53
[18:18:37] SIM #27: WinA_train2024H1__ens3_all_no_deriv__1x_base
[18:18:37] CMD: python run_fast_sim.py --data data/features/crypto_features_1h.parquet --start-date 2024-07-01 --end-date 2024-12-31 --days 659 --leverage 1 --edge-boost --no-ddstop --ensemble
[18:21:59]   => Return=+82.8%  HAC=+6.23  MaxDD=-3.1%  WR=64%  PF=2.45
[18:21:59] --- ENSEMBLE 4 (v6+v7+CB+XGB) ---
[18:21:59] SIM #28: WinA_train2024H1__ens4_lgb_noN+cb_N+xgb_N__1x_base
[18:21:59] CMD: python run_fast_sim.py --data data/features/crypto_features_1h.parquet --start-date 2024-07-01 --end-date 2024-12-31 --days 659 --leverage 1 --edge-boost --no-ddstop --ensemble
[18:25:34]   => Return=+80.4%  HAC=+6.07  MaxDD=-3.3%  WR=65%  PF=2.36
[18:25:34] SIM #29: WinA_train2024H1__ens4_lgb_noN+cb_N+xgb_N__3x_base
[18:25:34] CMD: python run_fast_sim.py --data data/features/crypto_features_1h.parquet --start-date 2024-07-01 --end-date 2024-12-31 --days 659 --leverage 3 --edge-boost --no-ddstop --ensemble
[18:29:08]   => Return=+395.9%  HAC=+5.16  MaxDD=-10.1%  WR=64%  PF=2.47
[18:29:08] SIM #30: WinA_train2024H1__ens4_all_no_news__1x_base
[18:29:08] CMD: python run_fast_sim.py --data data/features/crypto_features_1h.parquet --start-date 2024-07-01 --end-date 2024-12-31 --days 659 --leverage 1 --edge-boost --no-ddstop --ensemble
[18:32:41]   => Return=+78.2%  HAC=+6.00  MaxDD=-3.3%  WR=65%  PF=2.35
[18:32:41] SIM #31: WinA_train2024H1__ens4_all_news__1x_base
[18:32:41] CMD: python run_fast_sim.py --data data/features/crypto_features_1h.parquet --start-date 2024-07-01 --end-date 2024-12-31 --days 659 --leverage 1 --edge-boost --no-ddstop --ensemble
[18:36:15]   => Return=+77.1%  HAC=+6.09  MaxDD=-3.6%  WR=64%  PF=2.31
[18:36:15] SIM #32: WinA_train2024H1__ens4_all_no_deriv__1x_base
[18:36:15] CMD: python run_fast_sim.py --data data/features/crypto_features_1h.parquet --start-date 2024-07-01 --end-date 2024-12-31 --days 659 --leverage 1 --edge-boost --no-ddstop --ensemble
[18:39:46]   => Return=+74.7%  HAC=+5.81  MaxDD=-3.3%  WR=62%  PF=2.27
[18:39:46] --- EXECUTION FLAG SWEEPS ---
[18:39:46] SIM #33: WinA_train2024H1__ens3_lgb_noN+cb_N__1x_smooth03
[18:39:46] CMD: python run_fast_sim.py --data data/features/crypto_features_1h.parquet --start-date 2024-07-01 --end-date 2024-12-31 --days 659 --leverage 1 --edge-boost --no-ddstop --ensemble --smooth-signal 0.3
[18:43:11]   => Return=+84.5%  HAC=+6.86  MaxDD=-2.9%  WR=63%  PF=2.50
[18:43:11] SIM #34: WinA_train2024H1__ens3_lgb_noN+cb_N__1x_smooth05
[18:43:11] CMD: python run_fast_sim.py --data data/features/crypto_features_1h.parquet --start-date 2024-07-01 --end-date 2024-12-31 --days 659 --leverage 1 --edge-boost --no-ddstop --ensemble --smooth-signal 0.5
[18:46:34]   => Return=+76.9%  HAC=+6.34  MaxDD=-3.3%  WR=63%  PF=2.24
[18:46:34] SIM #35: WinA_train2024H1__ens3_lgb_noN+cb_N__1x_hyst5
[18:46:34] CMD: python run_fast_sim.py --data data/features/crypto_features_1h.parquet --start-date 2024-07-01 --end-date 2024-12-31 --days 659 --leverage 1 --edge-boost --no-ddstop --ensemble --hysteresis 5
[18:49:57]   => Return=+85.6%  HAC=+6.27  MaxDD=-3.1%  WR=66%  PF=2.48
[18:49:57] SIM #36: WinA_train2024H1__ens3_lgb_noN+cb_N__1x_hyst7
[18:49:57] CMD: python run_fast_sim.py --data data/features/crypto_features_1h.parquet --start-date 2024-07-01 --end-date 2024-12-31 --days 659 --leverage 1 --edge-boost --no-ddstop --ensemble --hysteresis 7
[18:53:22]   => Return=+85.6%  HAC=+6.27  MaxDD=-3.1%  WR=66%  PF=2.48
[18:53:22] SIM #37: WinA_train2024H1__ens3_lgb_noN+cb_N__1x_voltgt30
[18:53:22] CMD: python run_fast_sim.py --data data/features/crypto_features_1h.parquet --start-date 2024-07-01 --end-date 2024-12-31 --days 659 --leverage 1 --edge-boost --no-ddstop --ensemble --vol-target-ann 0.30
[18:56:45]   => Return=+131.4%  HAC=+6.51  MaxDD=-4.5%  WR=66%  PF=2.43
[18:56:45] SIM #38: WinA_train2024H1__ens3_lgb_noN+cb_N__1x_voltgt50
[18:56:45] CMD: python run_fast_sim.py --data data/features/crypto_features_1h.parquet --start-date 2024-07-01 --end-date 2024-12-31 --days 659 --leverage 1 --edge-boost --no-ddstop --ensemble --vol-target-ann 0.50
[19:00:08]   => Return=+194.0%  HAC=+6.33  MaxDD=-4.6%  WR=66%  PF=2.61
[19:00:08] SIM #39: WinA_train2024H1__ens3_lgb_noN+cb_N__1x_volsize
[19:00:08] CMD: python run_fast_sim.py --data data/features/crypto_features_1h.parquet --start-date 2024-07-01 --end-date 2024-12-31 --days 659 --leverage 1 --edge-boost --no-ddstop --ensemble --vol-size
[19:03:39]   => Return=+84.1%  HAC=+6.18  MaxDD=-3.8%  WR=65%  PF=2.43
[19:03:39] SIM #40: WinA_train2024H1__ens3_lgb_noN+cb_N__1x_ddstop
[19:03:39] CMD: python run_fast_sim.py --data data/features/crypto_features_1h.parquet --start-date 2024-07-01 --end-date 2024-12-31 --days 659 --leverage 1 --edge-boost --ensemble
[19:07:02]   => Return=+85.6%  HAC=+6.27  MaxDD=-3.1%  WR=66%  PF=2.48
[19:07:02] SIM #41: WinA_train2024H1__ens3_lgb_noN+cb_N__1x_eventfilt
[19:07:02] CMD: python run_fast_sim.py --data data/features/crypto_features_1h.parquet --start-date 2024-07-01 --end-date 2024-12-31 --days 659 --leverage 1 --edge-boost --no-ddstop --ensemble --event-filter
[19:10:26]   => Return=+85.6%  HAC=+6.27  MaxDD=-3.1%  WR=66%  PF=2.48
[19:10:26] SIM #42: WinA_train2024H1__ens3_lgb_noN+cb_N__1x_regshorts05
[19:10:26] CMD: python run_fast_sim.py --data data/features/crypto_features_1h.parquet --start-date 2024-07-01 --end-date 2024-12-31 --days 659 --leverage 1 --edge-boost --no-ddstop --ensemble --regime-shorts 0.5
[19:13:52]   => Return=+95.7%  HAC=+6.69  MaxDD=-2.2%  WR=62%  PF=2.79
[19:13:52] SIM #43: WinA_train2024H1__ens3_lgb_noN+cb_N__1x_derivgate
[19:13:52] CMD: python run_fast_sim.py --data data/features/crypto_features_1h.parquet --start-date 2024-07-01 --end-date 2024-12-31 --days 659 --leverage 1 --edge-boost --ensemble --deriv-gate
[19:17:15]   => Return=+85.6%  HAC=+6.27  MaxDD=-3.1%  WR=66%  PF=2.48
[19:17:15] SIM #44: WinA_train2024H1__ens3_lgb_noN+cb_N__1x_combo_hyst5_sm03
[19:17:15] CMD: python run_fast_sim.py --data data/features/crypto_features_1h.parquet --start-date 2024-07-01 --end-date 2024-12-31 --days 659 --leverage 1 --edge-boost --no-ddstop --ensemble --hysteresis 5 --smooth-signal 0.3
[19:20:38]   => Return=+84.5%  HAC=+6.86  MaxDD=-2.9%  WR=63%  PF=2.50
[19:20:38] SIM #45: WinA_train2024H1__ens3_lgb_noN+cb_N__1x_combo_hyst5_vt50_sm03
[19:20:38] CMD: python run_fast_sim.py --data data/features/crypto_features_1h.parquet --start-date 2024-07-01 --end-date 2024-12-31 --days 659 --leverage 1 --edge-boost --no-ddstop --ensemble --hysteresis 5 --vol-target-ann 0.50 --smooth-signal 0.3
[19:24:01]   => Return=+195.8%  HAC=+6.95  MaxDD=-5.1%  WR=63%  PF=2.63
[19:24:01] SIM #46: WinA_train2024H1__ens3_lgb_noN+cb_N__3x_combo_hyst5_sm03
[19:24:01] CMD: python run_fast_sim.py --data data/features/crypto_features_1h.parquet --start-date 2024-07-01 --end-date 2024-12-31 --days 659 --leverage 3 --edge-boost --no-ddstop --ensemble --hysteresis 5 --smooth-signal 0.3
[19:27:25]   => Return=+431.4%  HAC=+5.87  MaxDD=-8.8%  WR=61%  PF=2.61
[19:27:25] SIM #47: WinA_train2024H1__cb_solo_no_deriv__1x_smooth03
[19:27:25] CMD: python run_fast_sim.py --data data/features/crypto_features_1h.parquet --start-date 2024-07-01 --end-date 2024-12-31 --days 659 --leverage 1 --edge-boost --no-ddstop --ensemble --smooth-signal 0.3
[19:30:43]   => Return=+130.8%  HAC=+6.82  MaxDD=-2.8%  WR=66%  PF=3.22
[19:30:43] SIM #48: WinA_train2024H1__cb_solo_no_deriv__1x_hyst5
[19:30:43] CMD: python run_fast_sim.py --data data/features/crypto_features_1h.parquet --start-date 2024-07-01 --end-date 2024-12-31 --days 659 --leverage 1 --edge-boost --no-ddstop --ensemble --hysteresis 5
[19:34:01]   => Return=+124.4%  HAC=+6.64  MaxDD=-2.6%  WR=68%  PF=3.12
[19:34:01] SIM #49: WinA_train2024H1__cb_solo_no_deriv__1x_voltgt50
[19:34:01] CMD: python run_fast_sim.py --data data/features/crypto_features_1h.parquet --start-date 2024-07-01 --end-date 2024-12-31 --days 659 --leverage 1 --edge-boost --no-ddstop --ensemble --vol-target-ann 0.50
[19:37:20]   => Return=+278.9%  HAC=+6.72  MaxDD=-5.0%  WR=68%  PF=3.18
[19:37:20] SIM #50: WinA_train2024H1__cb_solo_no_deriv__1x_ddstop
[19:37:20] CMD: python run_fast_sim.py --data data/features/crypto_features_1h.parquet --start-date 2024-07-01 --end-date 2024-12-31 --days 659 --leverage 1 --edge-boost --ensemble
[19:40:37]   => Return=+124.4%  HAC=+6.64  MaxDD=-2.6%  WR=68%  PF=3.12
[19:40:37] SIM #51: WinA_train2024H1__cb_solo_no_deriv__1x_combo_hyst5_sm03
[19:40:37] CMD: python run_fast_sim.py --data data/features/crypto_features_1h.parquet --start-date 2024-07-01 --end-date 2024-12-31 --days 659 --leverage 1 --edge-boost --no-ddstop --ensemble --hysteresis 5 --smooth-signal 0.3
[19:43:55]   => Return=+130.8%  HAC=+6.82  MaxDD=-2.8%  WR=66%  PF=3.22
[19:43:55] SIM #52: WinA_train2024H1__cb_solo_no_deriv__3x_combo_hyst5_sm03
[19:43:55] CMD: python run_fast_sim.py --data data/features/crypto_features_1h.parquet --start-date 2024-07-01 --end-date 2024-12-31 --days 659 --leverage 3 --edge-boost --no-ddstop --ensemble --hysteresis 5 --smooth-signal 0.3
[19:47:14]   => Return=+929.4%  HAC=+5.62  MaxDD=-8.6%  WR=65%  PF=3.48
[19:47:14] --- LEVERAGE SWEEP ---
[19:47:14] SIM #53: WinA_train2024H1__ens3_lgb_noN+cb_N__2x_base
[19:47:14] CMD: python run_fast_sim.py --data data/features/crypto_features_1h.parquet --start-date 2024-07-01 --end-date 2024-12-31 --days 659 --leverage 2 --edge-boost --no-ddstop --ensemble
[19:50:38]   => Return=+211.6%  HAC=+5.59  MaxDD=-6.3%  WR=66%  PF=2.48
[19:50:38] SIM #54: WinA_train2024H1__ens3_lgb_noN+cb_N__5x_base
[19:50:38] CMD: python run_fast_sim.py --data data/features/crypto_features_1h.parquet --start-date 2024-07-01 --end-date 2024-12-31 --days 659 --leverage 5 --edge-boost --no-ddstop --ensemble
[19:54:01]   => Return=+1464.7%  HAC=+4.71  MaxDD=-15.3%  WR=66%  PF=2.97
[19:54:01] SIM #55: WinA_train2024H1__cb_solo_no_deriv__2x_base
[19:54:01] CMD: python run_fast_sim.py --data data/features/crypto_features_1h.parquet --start-date 2024-07-01 --end-date 2024-12-31 --days 659 --leverage 2 --edge-boost --no-ddstop --ensemble
[19:57:20]   => Return=+354.6%  HAC=+5.87  MaxDD=-5.3%  WR=66%  PF=3.15
[19:57:20] SIM #56: WinA_train2024H1__cb_solo_no_deriv__5x_base
[19:57:20] CMD: python run_fast_sim.py --data data/features/crypto_features_1h.parquet --start-date 2024-07-01 --end-date 2024-12-31 --days 659 --leverage 5 --edge-boost --no-ddstop --ensemble
[20:00:38]   => Return=+3857.2%  HAC=+4.80  MaxDD=-13.1%  WR=66%  PF=3.72
[20:00:38] --- CONFIDENCE SWEEPS ---
[20:00:38] SIM #57: WinA_train2024H1__ens3_lgb_noN+cb_N__1x_minconf85
[20:00:38] CMD: python run_fast_sim.py --data data/features/crypto_features_1h.parquet --start-date 2024-07-01 --end-date 2024-12-31 --days 659 --leverage 1 --edge-boost --no-ddstop --ensemble --min-conf 0.85
[20:04:00]   => Return=+2.9%  HAC=+23.22  MaxDD=-0.3%  WR=82%  PF=7.02
[20:04:00] SIM #58: WinA_train2024H1__ens3_lgb_noN+cb_N__1x_minconf90
[20:04:00] CMD: python run_fast_sim.py --data data/features/crypto_features_1h.parquet --start-date 2024-07-01 --end-date 2024-12-31 --days 659 --leverage 1 --edge-boost --no-ddstop --ensemble --min-conf 0.90
[20:07:23]   => Return=+0.2%  HAC=+nan  MaxDD=0.0%  WR=100%  PF=N/A
[20:07:23] SIM #59: WinA_train2024H1__ens3_lgb_noN+cb_N__1x_noconf
[20:07:23] CMD: python run_fast_sim.py --data data/features/crypto_features_1h.parquet --start-date 2024-07-01 --end-date 2024-12-31 --days 659 --leverage 1 --edge-boost --no-ddstop --ensemble --no-conf
[20:10:47]   => Return=+73.7%  HAC=+5.61  MaxDD=-4.2%  WR=66%  PF=2.16
[20:10:47] SIM #60: WinA_train2024H1__cb_solo_no_deriv__1x_minconf85
[20:10:47] CMD: python run_fast_sim.py --data data/features/crypto_features_1h.parquet --start-date 2024-07-01 --end-date 2024-12-31 --days 659 --leverage 1 --edge-boost --no-ddstop --ensemble --min-conf 0.85
[20:14:04]   => Return=+1.4%  HAC=+nan  MaxDD=-1.1%  WR=50%  PF=2.16
[20:14:04] SIM #61: WinA_train2024H1__cb_solo_no_deriv__1x_minconf90
[20:14:04] CMD: python run_fast_sim.py --data data/features/crypto_features_1h.parquet --start-date 2024-07-01 --end-date 2024-12-31 --days 659 --leverage 1 --edge-boost --no-ddstop --ensemble --min-conf 0.90
[20:17:22]   => Return=N/A%  HAC=N/A  MaxDD=N/A%  WR=N/A%  PF=N/A
[20:17:22] 
[20:17:22] ╔══════════════════════════════════════════════════════════════╗
[20:17:22] ║  SIMULATING WINDOW B: 2025-01-01 → 2025-06-30 (180 days)
[20:17:22] ╚══════════════════════════════════════════════════════════════╝
[20:17:22] --- SOLO MODELS ---
[20:17:22] SIM #62: WinB_train2024__cb_solo_news__1x_base
[20:17:22] CMD: python run_fast_sim.py --data data/features/crypto_features_1h.parquet --start-date 2025-01-01 --end-date 2025-06-30 --days 475 --leverage 1 --edge-boost --no-ddstop --ensemble
[20:20:42]   => Return=+130.0%  HAC=+9.08  MaxDD=-3.2%  WR=68%  PF=2.91
[20:20:42] SIM #63: WinB_train2024__cb_solo_news__3x_base
[20:20:42] CMD: python run_fast_sim.py --data data/features/crypto_features_1h.parquet --start-date 2025-01-01 --end-date 2025-06-30 --days 475 --leverage 3 --edge-boost --no-ddstop --ensemble
[20:24:01]   => Return=+928.3%  HAC=+7.69  MaxDD=-9.8%  WR=68%  PF=2.51
[20:24:02] SIM #64: WinB_train2024__cb_solo_no_news__1x_base
[20:24:02] CMD: python run_fast_sim.py --data data/features/crypto_features_1h.parquet --start-date 2025-01-01 --end-date 2025-06-30 --days 475 --leverage 1 --edge-boost --no-ddstop --ensemble
[20:27:20]   => Return=+129.6%  HAC=+9.08  MaxDD=-3.2%  WR=69%  PF=2.92
[20:27:20] SIM #65: WinB_train2024__cb_solo_no_news__3x_base
[20:27:20] CMD: python run_fast_sim.py --data data/features/crypto_features_1h.parquet --start-date 2025-01-01 --end-date 2025-06-30 --days 475 --leverage 3 --edge-boost --no-ddstop --ensemble
[20:30:38]   => Return=+923.6%  HAC=+7.73  MaxDD=-9.8%  WR=69%  PF=2.54
[20:30:38] SIM #66: WinB_train2024__cb_solo_market_news__1x_base
[20:30:38] CMD: python run_fast_sim.py --data data/features/crypto_features_1h.parquet --start-date 2025-01-01 --end-date 2025-06-30 --days 475 --leverage 1 --edge-boost --no-ddstop --ensemble
[20:33:57]   => Return=+131.9%  HAC=+9.19  MaxDD=-3.2%  WR=69%  PF=2.97
[20:33:57] SIM #67: WinB_train2024__cb_solo_no_deriv__1x_base
[20:33:57] CMD: python run_fast_sim.py --data data/features/crypto_features_1h.parquet --start-date 2025-01-01 --end-date 2025-06-30 --days 475 --leverage 1 --edge-boost --no-ddstop --ensemble
[20:37:15]   => Return=+134.4%  HAC=+9.31  MaxDD=-3.5%  WR=67%  PF=3.00
[20:37:15] SIM #68: WinB_train2024__cb_solo_no_deriv__3x_base
[20:37:15] CMD: python run_fast_sim.py --data data/features/crypto_features_1h.parquet --start-date 2025-01-01 --end-date 2025-06-30 --days 475 --leverage 3 --edge-boost --no-ddstop --ensemble
[20:40:33]   => Return=+989.9%  HAC=+7.67  MaxDD=-10.5%  WR=66%  PF=2.55
[20:40:33] SIM #69: WinB_train2024__cb_solo_news_no_deriv__1x_base
[20:40:33] CMD: python run_fast_sim.py --data data/features/crypto_features_1h.parquet --start-date 2025-01-01 --end-date 2025-06-30 --days 475 --leverage 1 --edge-boost --no-ddstop --ensemble
[20:43:51]   => Return=+130.0%  HAC=+9.20  MaxDD=-3.5%  WR=67%  PF=2.89
[20:43:51] SIM #70: WinB_train2024__cb_solo_huber__1x_base
[20:43:51] CMD: python run_fast_sim.py --data data/features/crypto_features_1h.parquet --start-date 2025-01-01 --end-date 2025-06-30 --days 475 --leverage 1 --edge-boost --no-ddstop --ensemble
[20:47:09]   => Return=+133.6%  HAC=+9.22  MaxDD=-3.3%  WR=69%  PF=2.96
[20:47:09] SIM #71: WinB_train2024__cb_solo_huber_no_deriv__1x_base
[20:47:09] CMD: python run_fast_sim.py --data data/features/crypto_features_1h.parquet --start-date 2025-01-01 --end-date 2025-06-30 --days 475 --leverage 1 --edge-boost --no-ddstop --ensemble
[20:50:28]   => Return=+136.2%  HAC=+9.44  MaxDD=-3.4%  WR=67%  PF=2.99
[20:50:28] SIM #72: WinB_train2024__v6_solo_base__1x_base
[20:50:28] CMD: python run_fast_sim.py --data data/features/crypto_features_1h.parquet --start-date 2025-01-01 --end-date 2025-06-30 --days 475 --leverage 1 --edge-boost --no-ddstop --ensemble
[20:53:48]   => Return=+126.0%  HAC=+9.15  MaxDD=-3.2%  WR=69%  PF=2.91
[20:53:48] SIM #73: WinB_train2024__v6_solo_base__3x_base
[20:53:48] CMD: python run_fast_sim.py --data data/features/crypto_features_1h.parquet --start-date 2025-01-01 --end-date 2025-06-30 --days 475 --leverage 3 --edge-boost --no-ddstop --ensemble
[20:57:07]   => Return=+876.6%  HAC=+7.73  MaxDD=-9.8%  WR=69%  PF=2.51
[20:57:07] SIM #74: WinB_train2024__v6_solo_news__1x_base
[20:57:07] CMD: python run_fast_sim.py --data data/features/crypto_features_1h.parquet --start-date 2025-01-01 --end-date 2025-06-30 --days 475 --leverage 1 --edge-boost --no-ddstop --ensemble
[21:00:27]   => Return=+124.1%  HAC=+8.93  MaxDD=-3.4%  WR=68%  PF=2.87
[21:00:27] SIM #75: WinB_train2024__v6_solo_no_deriv__1x_base
[21:00:27] CMD: python run_fast_sim.py --data data/features/crypto_features_1h.parquet --start-date 2025-01-01 --end-date 2025-06-30 --days 475 --leverage 1 --edge-boost --no-ddstop --ensemble
[21:03:45]   => Return=+127.0%  HAC=+9.07  MaxDD=-3.4%  WR=68%  PF=2.93
[21:03:45] SIM #76: WinB_train2024__v7_solo_base__1x_base
[21:03:45] CMD: python run_fast_sim.py --data data/features/crypto_features_1h.parquet --start-date 2025-01-01 --end-date 2025-06-30 --days 475 --leverage 1 --edge-boost --no-ddstop --ensemble
[21:07:04]   => Return=+127.1%  HAC=+9.07  MaxDD=-3.3%  WR=69%  PF=2.94
[21:07:04] SIM #77: WinB_train2024__v7_solo_base__3x_base
[21:07:04] CMD: python run_fast_sim.py --data data/features/crypto_features_1h.parquet --start-date 2025-01-01 --end-date 2025-06-30 --days 475 --leverage 3 --edge-boost --no-ddstop --ensemble
[21:10:25]   => Return=+891.5%  HAC=+7.69  MaxDD=-10.0%  WR=68%  PF=2.57
[21:10:25] SIM #78: WinB_train2024__v7_solo_news__1x_base
[21:10:25] CMD: python run_fast_sim.py --data data/features/crypto_features_1h.parquet --start-date 2025-01-01 --end-date 2025-06-30 --days 475 --leverage 1 --edge-boost --no-ddstop --ensemble
[21:13:44]   => Return=+126.9%  HAC=+9.08  MaxDD=-3.3%  WR=69%  PF=2.95
[21:13:44] SIM #79: WinB_train2024__xgb_solo_news__1x_base
[21:13:44] CMD: python run_fast_sim.py --data data/features/crypto_features_1h.parquet --start-date 2025-01-01 --end-date 2025-06-30 --days 475 --leverage 1 --edge-boost --no-ddstop --ensemble
[21:17:10]   => Return=+126.2%  HAC=+9.07  MaxDD=-3.4%  WR=68%  PF=2.92
[21:17:11] SIM #80: WinB_train2024__xgb_solo_no_news__1x_base
[21:17:11] CMD: python run_fast_sim.py --data data/features/crypto_features_1h.parquet --start-date 2025-01-01 --end-date 2025-06-30 --days 475 --leverage 1 --edge-boost --no-ddstop --ensemble
[21:20:36]   => Return=+129.5%  HAC=+8.82  MaxDD=-3.4%  WR=69%  PF=2.91
[21:20:36] --- ENSEMBLE 2 (v6+v7) ---
[21:20:37] SIM #81: WinB_train2024__ens2_v6v7_no_news__1x_base
[21:20:37] CMD: python run_fast_sim.py --data data/features/crypto_features_1h.parquet --start-date 2025-01-01 --end-date 2025-06-30 --days 475 --leverage 1 --edge-boost --no-ddstop --ensemble
[21:23:59]   => Return=+101.3%  HAC=+8.29  MaxDD=-3.2%  WR=67%  PF=2.57
[21:23:59] SIM #82: WinB_train2024__ens2_v6v7_no_news__3x_base
[21:23:59] CMD: python run_fast_sim.py --data data/features/crypto_features_1h.parquet --start-date 2025-01-01 --end-date 2025-06-30 --days 475 --leverage 3 --edge-boost --no-ddstop --ensemble
[21:27:21]   => Return=+592.3%  HAC=+7.15  MaxDD=-9.7%  WR=66%  PF=2.26
[21:27:21] SIM #83: WinB_train2024__ens2_v6v7_news__1x_base
[21:27:21] CMD: python run_fast_sim.py --data data/features/crypto_features_1h.parquet --start-date 2025-01-01 --end-date 2025-06-30 --days 475 --leverage 1 --edge-boost --no-ddstop --ensemble
[21:30:43]   => Return=+107.8%  HAC=+8.62  MaxDD=-3.3%  WR=67%  PF=2.73
[21:30:43] --- ENSEMBLE 3 (v6+v7+CB) ---
[21:30:43] SIM #84: WinB_train2024__ens3_lgb_noN+cb_N__1x_base
[21:30:43] CMD: python run_fast_sim.py --data data/features/crypto_features_1h.parquet --start-date 2025-01-01 --end-date 2025-06-30 --days 475 --leverage 1 --edge-boost --no-ddstop --ensemble
[21:34:09]   => Return=+90.0%  HAC=+7.72  MaxDD=-3.2%  WR=65%  PF=2.38
[21:34:09] SIM #85: WinB_train2024__ens3_lgb_noN+cb_N__3x_base
[21:34:09] CMD: python run_fast_sim.py --data data/features/crypto_features_1h.parquet --start-date 2025-01-01 --end-date 2025-06-30 --days 475 --leverage 3 --edge-boost --no-ddstop --ensemble
[21:37:36]   => Return=+482.6%  HAC=+6.75  MaxDD=-10.0%  WR=65%  PF=2.11
[21:37:36] SIM #86: WinB_train2024__ens3_all_no_news__1x_base
[21:37:36] CMD: python run_fast_sim.py --data data/features/crypto_features_1h.parquet --start-date 2025-01-01 --end-date 2025-06-30 --days 475 --leverage 1 --edge-boost --no-ddstop --ensemble
[21:41:02]   => Return=+87.7%  HAC=+7.61  MaxDD=-3.3%  WR=66%  PF=2.36
[21:41:03] SIM #87: WinB_train2024__ens3_all_news__1x_base
[21:41:03] CMD: python run_fast_sim.py --data data/features/crypto_features_1h.parquet --start-date 2025-01-01 --end-date 2025-06-30 --days 475 --leverage 1 --edge-boost --no-ddstop --ensemble
[21:44:30]   => Return=+89.0%  HAC=+7.96  MaxDD=-3.4%  WR=66%  PF=2.39
[21:44:30] SIM #88: WinB_train2024__ens3_all_no_deriv__1x_base
[21:44:30] CMD: python run_fast_sim.py --data data/features/crypto_features_1h.parquet --start-date 2025-01-01 --end-date 2025-06-30 --days 475 --leverage 1 --edge-boost --no-ddstop --ensemble
[21:47:53]   => Return=+85.4%  HAC=+7.85  MaxDD=-3.6%  WR=63%  PF=2.36
[21:47:53] --- ENSEMBLE 4 (v6+v7+CB+XGB) ---
[21:47:53] SIM #89: WinB_train2024__ens4_lgb_noN+cb_N+xgb_N__1x_base
[21:47:53] CMD: python run_fast_sim.py --data data/features/crypto_features_1h.parquet --start-date 2025-01-01 --end-date 2025-06-30 --days 475 --leverage 1 --edge-boost --no-ddstop --ensemble
[21:51:34]   => Return=+79.9%  HAC=+7.41  MaxDD=-3.4%  WR=65%  PF=2.21
[21:51:34] SIM #90: WinB_train2024__ens4_lgb_noN+cb_N+xgb_N__3x_base
[21:51:34] CMD: python run_fast_sim.py --data data/features/crypto_features_1h.parquet --start-date 2025-01-01 --end-date 2025-06-30 --days 475 --leverage 3 --edge-boost --no-ddstop --ensemble
[21:55:14]   => Return=+395.2%  HAC=+6.41  MaxDD=-10.3%  WR=65%  PF=1.99
[21:55:15] SIM #91: WinB_train2024__ens4_all_no_news__1x_base
[21:55:15] CMD: python run_fast_sim.py --data data/features/crypto_features_1h.parquet --start-date 2025-01-01 --end-date 2025-06-30 --days 475 --leverage 1 --edge-boost --no-ddstop --ensemble
[21:58:54]   => Return=+82.7%  HAC=+7.30  MaxDD=-3.4%  WR=64%  PF=2.27
[21:58:54] SIM #92: WinB_train2024__ens4_all_news__1x_base
[21:58:54] CMD: python run_fast_sim.py --data data/features/crypto_features_1h.parquet --start-date 2025-01-01 --end-date 2025-06-30 --days 475 --leverage 1 --edge-boost --no-ddstop --ensemble
[22:02:33]   => Return=+80.0%  HAC=+7.45  MaxDD=-3.5%  WR=66%  PF=2.22
[22:02:33] SIM #93: WinB_train2024__ens4_all_no_deriv__1x_base
[22:02:33] CMD: python run_fast_sim.py --data data/features/crypto_features_1h.parquet --start-date 2025-01-01 --end-date 2025-06-30 --days 475 --leverage 1 --edge-boost --no-ddstop --ensemble
[22:06:09]   => Return=+79.3%  HAC=+7.63  MaxDD=-3.8%  WR=64%  PF=2.27
[22:06:09] --- EXECUTION FLAG SWEEPS ---
[22:06:09] SIM #94: WinB_train2024__ens3_lgb_noN+cb_N__1x_smooth03
[22:06:09] CMD: python run_fast_sim.py --data data/features/crypto_features_1h.parquet --start-date 2025-01-01 --end-date 2025-06-30 --days 475 --leverage 1 --edge-boost --no-ddstop --ensemble --smooth-signal 0.3
[22:09:36]   => Return=+73.5%  HAC=+6.40  MaxDD=-3.9%  WR=62%  PF=2.12
[22:09:36] SIM #95: WinB_train2024__ens3_lgb_noN+cb_N__1x_smooth05
[22:09:36] CMD: python run_fast_sim.py --data data/features/crypto_features_1h.parquet --start-date 2025-01-01 --end-date 2025-06-30 --days 475 --leverage 1 --edge-boost --no-ddstop --ensemble --smooth-signal 0.5
[22:13:03]   => Return=+75.6%  HAC=+6.36  MaxDD=-4.3%  WR=62%  PF=2.17
[22:13:03] SIM #96: WinB_train2024__ens3_lgb_noN+cb_N__1x_hyst5
[22:13:03] CMD: python run_fast_sim.py --data data/features/crypto_features_1h.parquet --start-date 2025-01-01 --end-date 2025-06-30 --days 475 --leverage 1 --edge-boost --no-ddstop --ensemble --hysteresis 5
[22:16:30]   => Return=+90.0%  HAC=+7.72  MaxDD=-3.2%  WR=65%  PF=2.38
[22:16:30] SIM #97: WinB_train2024__ens3_lgb_noN+cb_N__1x_hyst7
[22:16:30] CMD: python run_fast_sim.py --data data/features/crypto_features_1h.parquet --start-date 2025-01-01 --end-date 2025-06-30 --days 475 --leverage 1 --edge-boost --no-ddstop --ensemble --hysteresis 7
[22:19:56]   => Return=+90.0%  HAC=+7.72  MaxDD=-3.2%  WR=65%  PF=2.38
[22:19:56] SIM #98: WinB_train2024__ens3_lgb_noN+cb_N__1x_voltgt30
[22:19:56] CMD: python run_fast_sim.py --data data/features/crypto_features_1h.parquet --start-date 2025-01-01 --end-date 2025-06-30 --days 475 --leverage 1 --edge-boost --no-ddstop --ensemble --vol-target-ann 0.30
[22:23:21]   => Return=+143.4%  HAC=+7.29  MaxDD=-4.9%  WR=65%  PF=2.32
[22:23:21] SIM #99: WinB_train2024__ens3_lgb_noN+cb_N__1x_voltgt50
[22:23:21] CMD: python run_fast_sim.py --data data/features/crypto_features_1h.parquet --start-date 2025-01-01 --end-date 2025-06-30 --days 475 --leverage 1 --edge-boost --no-ddstop --ensemble --vol-target-ann 0.50
[22:26:47]   => Return=+206.4%  HAC=+7.32  MaxDD=-5.7%  WR=65%  PF=2.30
[22:26:47] SIM #100: WinB_train2024__ens3_lgb_noN+cb_N__1x_volsize
[22:26:47] CMD: python run_fast_sim.py --data data/features/crypto_features_1h.parquet --start-date 2025-01-01 --end-date 2025-06-30 --days 475 --leverage 1 --edge-boost --no-ddstop --ensemble --vol-size
[22:30:20]   => Return=+90.9%  HAC=+7.68  MaxDD=-3.1%  WR=66%  PF=2.35
[22:30:20] SIM #101: WinB_train2024__ens3_lgb_noN+cb_N__1x_ddstop
[22:30:20] CMD: python run_fast_sim.py --data data/features/crypto_features_1h.parquet --start-date 2025-01-01 --end-date 2025-06-30 --days 475 --leverage 1 --edge-boost --ensemble
[22:33:45]   => Return=+90.0%  HAC=+7.72  MaxDD=-3.2%  WR=65%  PF=2.38
[22:33:45] SIM #102: WinB_train2024__ens3_lgb_noN+cb_N__1x_eventfilt
[22:33:45] CMD: python run_fast_sim.py --data data/features/crypto_features_1h.parquet --start-date 2025-01-01 --end-date 2025-06-30 --days 475 --leverage 1 --edge-boost --no-ddstop --ensemble --event-filter
[22:37:11]   => Return=+90.0%  HAC=+7.72  MaxDD=-3.2%  WR=65%  PF=2.38
[22:37:11] SIM #103: WinB_train2024__ens3_lgb_noN+cb_N__1x_regshorts05
[22:37:11] CMD: python run_fast_sim.py --data data/features/crypto_features_1h.parquet --start-date 2025-01-01 --end-date 2025-06-30 --days 475 --leverage 1 --edge-boost --no-ddstop --ensemble --regime-shorts 0.5
[22:40:38]   => Return=+57.8%  HAC=+6.37  MaxDD=-2.8%  WR=62%  PF=1.96
[22:40:38] SIM #104: WinB_train2024__ens3_lgb_noN+cb_N__1x_derivgate
[22:40:38] CMD: python run_fast_sim.py --data data/features/crypto_features_1h.parquet --start-date 2025-01-01 --end-date 2025-06-30 --days 475 --leverage 1 --edge-boost --ensemble --deriv-gate
[22:44:03]   => Return=+90.0%  HAC=+7.72  MaxDD=-3.2%  WR=65%  PF=2.38
[22:44:03] SIM #105: WinB_train2024__ens3_lgb_noN+cb_N__1x_combo_hyst5_sm03
[22:44:03] CMD: python run_fast_sim.py --data data/features/crypto_features_1h.parquet --start-date 2025-01-01 --end-date 2025-06-30 --days 475 --leverage 1 --edge-boost --no-ddstop --ensemble --hysteresis 5 --smooth-signal 0.3
[22:47:29]   => Return=+73.5%  HAC=+6.40  MaxDD=-3.9%  WR=62%  PF=2.12
[22:47:29] SIM #106: WinB_train2024__ens3_lgb_noN+cb_N__1x_combo_hyst5_vt50_sm03
[22:47:29] CMD: python run_fast_sim.py --data data/features/crypto_features_1h.parquet --start-date 2025-01-01 --end-date 2025-06-30 --days 475 --leverage 1 --edge-boost --no-ddstop --ensemble --hysteresis 5 --vol-target-ann 0.50 --smooth-signal 0.3
[22:50:55]   => Return=+159.9%  HAC=+5.96  MaxDD=-6.8%  WR=62%  PF=2.06
[22:50:55] SIM #107: WinB_train2024__ens3_lgb_noN+cb_N__3x_combo_hyst5_sm03
[22:50:55] CMD: python run_fast_sim.py --data data/features/crypto_features_1h.parquet --start-date 2025-01-01 --end-date 2025-06-30 --days 475 --leverage 3 --edge-boost --no-ddstop --ensemble --hysteresis 5 --smooth-signal 0.3
[22:54:21]   => Return=+343.7%  HAC=+5.49  MaxDD=-11.9%  WR=62%  PF=1.92
[22:54:21] SIM #108: WinB_train2024__cb_solo_no_deriv__1x_smooth03
[22:54:21] CMD: python run_fast_sim.py --data data/features/crypto_features_1h.parquet --start-date 2025-01-01 --end-date 2025-06-30 --days 475 --leverage 1 --edge-boost --no-ddstop --ensemble --smooth-signal 0.3
[22:57:39]   => Return=+122.7%  HAC=+8.50  MaxDD=-3.7%  WR=68%  PF=2.87
[22:57:39] SIM #109: WinB_train2024__cb_solo_no_deriv__1x_hyst5
[22:57:39] CMD: python run_fast_sim.py --data data/features/crypto_features_1h.parquet --start-date 2025-01-01 --end-date 2025-06-30 --days 475 --leverage 1 --edge-boost --no-ddstop --ensemble --hysteresis 5
[23:00:57]   => Return=+134.4%  HAC=+9.31  MaxDD=-3.5%  WR=67%  PF=3.00
[23:00:57] SIM #110: WinB_train2024__cb_solo_no_deriv__1x_voltgt50
[23:00:57] CMD: python run_fast_sim.py --data data/features/crypto_features_1h.parquet --start-date 2025-01-01 --end-date 2025-06-30 --days 475 --leverage 1 --edge-boost --no-ddstop --ensemble --vol-target-ann 0.50
[23:04:15]   => Return=+335.9%  HAC=+8.76  MaxDD=-6.3%  WR=67%  PF=2.82
[23:04:15] SIM #111: WinB_train2024__cb_solo_no_deriv__1x_ddstop
[23:04:15] CMD: python run_fast_sim.py --data data/features/crypto_features_1h.parquet --start-date 2025-01-01 --end-date 2025-06-30 --days 475 --leverage 1 --edge-boost --ensemble
[23:07:34]   => Return=+134.4%  HAC=+9.31  MaxDD=-3.5%  WR=67%  PF=3.00
[23:07:34] SIM #112: WinB_train2024__cb_solo_no_deriv__1x_combo_hyst5_sm03
[23:07:34] CMD: python run_fast_sim.py --data data/features/crypto_features_1h.parquet --start-date 2025-01-01 --end-date 2025-06-30 --days 475 --leverage 1 --edge-boost --no-ddstop --ensemble --hysteresis 5 --smooth-signal 0.3
[23:10:53]   => Return=+122.7%  HAC=+8.50  MaxDD=-3.7%  WR=68%  PF=2.87
[23:10:53] SIM #113: WinB_train2024__cb_solo_no_deriv__3x_combo_hyst5_sm03
[23:10:53] CMD: python run_fast_sim.py --data data/features/crypto_features_1h.parquet --start-date 2025-01-01 --end-date 2025-06-30 --days 475 --leverage 3 --edge-boost --no-ddstop --ensemble --hysteresis 5 --smooth-signal 0.3
[23:14:10]   => Return=+834.9%  HAC=+7.03  MaxDD=-11.0%  WR=67%  PF=2.49
[23:14:10] --- LEVERAGE SWEEP ---
[23:14:11] SIM #114: WinB_train2024__ens3_lgb_noN+cb_N__2x_base
[23:14:11] CMD: python run_fast_sim.py --data data/features/crypto_features_1h.parquet --start-date 2025-01-01 --end-date 2025-06-30 --days 475 --leverage 2 --edge-boost --no-ddstop --ensemble
[23:17:36]   => Return=+227.5%  HAC=+7.07  MaxDD=-6.7%  WR=65%  PF=2.18
[23:17:36] SIM #115: WinB_train2024__ens3_lgb_noN+cb_N__5x_base
[23:17:36] CMD: python run_fast_sim.py --data data/features/crypto_features_1h.parquet --start-date 2025-01-01 --end-date 2025-06-30 --days 475 --leverage 5 --edge-boost --no-ddstop --ensemble
[23:21:02]   => Return=+1682.7%  HAC=+5.89  MaxDD=-16.4%  WR=65%  PF=1.99
[23:21:02] SIM #116: WinB_train2024__cb_solo_no_deriv__2x_base
[23:21:02] CMD: python run_fast_sim.py --data data/features/crypto_features_1h.parquet --start-date 2025-01-01 --end-date 2025-06-30 --days 475 --leverage 2 --edge-boost --no-ddstop --ensemble
[23:24:20]   => Return=+397.9%  HAC=+8.42  MaxDD=-7.0%  WR=66%  PF=2.68
[23:24:20] SIM #117: WinB_train2024__cb_solo_no_deriv__5x_base
[23:24:20] CMD: python run_fast_sim.py --data data/features/crypto_features_1h.parquet --start-date 2025-01-01 --end-date 2025-06-30 --days 475 --leverage 5 --edge-boost --no-ddstop --ensemble
[23:27:38]   => Return=+4931.2%  HAC=+6.19  MaxDD=-17.0%  WR=66%  PF=2.35
[23:27:38] --- CONFIDENCE SWEEPS ---
[23:27:38] SIM #118: WinB_train2024__ens3_lgb_noN+cb_N__1x_minconf85
[23:27:38] CMD: python run_fast_sim.py --data data/features/crypto_features_1h.parquet --start-date 2025-01-01 --end-date 2025-06-30 --days 475 --leverage 1 --edge-boost --no-ddstop --ensemble --min-conf 0.85
[23:31:04]   => Return=+6.1%  HAC=+10.58  MaxDD=-1.5%  WR=72%  PF=4.09
[23:31:04] SIM #119: WinB_train2024__ens3_lgb_noN+cb_N__1x_minconf90
[23:31:04] CMD: python run_fast_sim.py --data data/features/crypto_features_1h.parquet --start-date 2025-01-01 --end-date 2025-06-30 --days 475 --leverage 1 --edge-boost --no-ddstop --ensemble --min-conf 0.90
[23:34:30]   => Return=N/A%  HAC=N/A  MaxDD=N/A%  WR=N/A%  PF=N/A
[23:34:30] SIM #120: WinB_train2024__ens3_lgb_noN+cb_N__1x_noconf
[23:34:30] CMD: python run_fast_sim.py --data data/features/crypto_features_1h.parquet --start-date 2025-01-01 --end-date 2025-06-30 --days 475 --leverage 1 --edge-boost --no-ddstop --ensemble --no-conf
[23:37:56]   => Return=+85.2%  HAC=+7.08  MaxDD=-4.1%  WR=65%  PF=2.20
[23:37:56] SIM #121: WinB_train2024__cb_solo_no_deriv__1x_minconf85
[23:37:56] CMD: python run_fast_sim.py --data data/features/crypto_features_1h.parquet --start-date 2025-01-01 --end-date 2025-06-30 --days 475 --leverage 1 --edge-boost --no-ddstop --ensemble --min-conf 0.85
[23:41:15]   => Return=+5.3%  HAC=+15.79  MaxDD=-0.5%  WR=70%  PF=7.55
[23:41:15] SIM #122: WinB_train2024__cb_solo_no_deriv__1x_minconf90
[23:41:15] CMD: python run_fast_sim.py --data data/features/crypto_features_1h.parquet --start-date 2025-01-01 --end-date 2025-06-30 --days 475 --leverage 1 --edge-boost --no-ddstop --ensemble --min-conf 0.90
[23:44:32]   => Return=N/A%  HAC=N/A  MaxDD=N/A%  WR=N/A%  PF=N/A
[23:44:32] 
[23:44:32] ╔══════════════════════════════════════════════════════════════╗
[23:44:32] ║  SIMULATING WINDOW C: 2025-07-01 → 2025-12-31 (183 days)
[23:44:32] ╚══════════════════════════════════════════════════════════════╝
[23:44:32] --- SOLO MODELS ---
[23:44:32] SIM #123: WinC_train2025H1__cb_solo_news__1x_base
[23:44:32] CMD: python run_fast_sim.py --data data/features/crypto_features_1h.parquet --start-date 2025-07-01 --end-date 2025-12-31 --days 294 --leverage 1 --edge-boost --no-ddstop --ensemble
[23:47:50]   => Return=+61.4%  HAC=+6.68  MaxDD=-4.8%  WR=63%  PF=2.14
[23:47:50] SIM #124: WinC_train2025H1__cb_solo_news__3x_base
[23:47:50] CMD: python run_fast_sim.py --data data/features/crypto_features_1h.parquet --start-date 2025-07-01 --end-date 2025-12-31 --days 294 --leverage 3 --edge-boost --no-ddstop --ensemble
[23:51:07]   => Return=+257.7%  HAC=+6.23  MaxDD=-14.8%  WR=62%  PF=2.13
[23:51:07] SIM #125: WinC_train2025H1__cb_solo_no_news__1x_base
[23:51:07] CMD: python run_fast_sim.py --data data/features/crypto_features_1h.parquet --start-date 2025-07-01 --end-date 2025-12-31 --days 294 --leverage 1 --edge-boost --no-ddstop --ensemble
[23:54:25]   => Return=+63.0%  HAC=+6.78  MaxDD=-4.8%  WR=64%  PF=2.18
[23:54:25] SIM #126: WinC_train2025H1__cb_solo_no_news__3x_base
[23:54:25] CMD: python run_fast_sim.py --data data/features/crypto_features_1h.parquet --start-date 2025-07-01 --end-date 2025-12-31 --days 294 --leverage 3 --edge-boost --no-ddstop --ensemble
[23:57:43]   => Return=+267.9%  HAC=+6.31  MaxDD=-14.8%  WR=64%  PF=2.21
[23:57:43] SIM #127: WinC_train2025H1__cb_solo_market_news__1x_base
[23:57:43] CMD: python run_fast_sim.py --data data/features/crypto_features_1h.parquet --start-date 2025-07-01 --end-date 2025-12-31 --days 294 --leverage 1 --edge-boost --no-ddstop --ensemble
[00:01:01]   => Return=+62.8%  HAC=+6.82  MaxDD=-4.7%  WR=64%  PF=2.18
[00:01:01] SIM #128: WinC_train2025H1__cb_solo_no_deriv__1x_base
[00:01:01] CMD: python run_fast_sim.py --data data/features/crypto_features_1h.parquet --start-date 2025-07-01 --end-date 2025-12-31 --days 294 --leverage 1 --edge-boost --no-ddstop --ensemble
[00:04:19]   => Return=+64.3%  HAC=+6.84  MaxDD=-4.7%  WR=65%  PF=2.20
[00:04:19] SIM #129: WinC_train2025H1__cb_solo_no_deriv__3x_base
[00:04:19] CMD: python run_fast_sim.py --data data/features/crypto_features_1h.parquet --start-date 2025-07-01 --end-date 2025-12-31 --days 294 --leverage 3 --edge-boost --no-ddstop --ensemble
[00:07:37]   => Return=+276.9%  HAC=+6.36  MaxDD=-14.4%  WR=64%  PF=2.22
[00:07:37] SIM #130: WinC_train2025H1__cb_solo_news_no_deriv__1x_base
[00:07:37] CMD: python run_fast_sim.py --data data/features/crypto_features_1h.parquet --start-date 2025-07-01 --end-date 2025-12-31 --days 294 --leverage 1 --edge-boost --no-ddstop --ensemble
[00:10:56]   => Return=+62.8%  HAC=+6.72  MaxDD=-4.8%  WR=65%  PF=2.17
[00:10:56] SIM #131: WinC_train2025H1__cb_solo_huber__1x_base
[00:10:56] CMD: python run_fast_sim.py --data data/features/crypto_features_1h.parquet --start-date 2025-07-01 --end-date 2025-12-31 --days 294 --leverage 1 --edge-boost --no-ddstop --ensemble
[00:14:14]   => Return=+66.0%  HAC=+7.17  MaxDD=-4.6%  WR=65%  PF=2.23
[00:14:14] SIM #132: WinC_train2025H1__cb_solo_huber_no_deriv__1x_base
[00:14:14] CMD: python run_fast_sim.py --data data/features/crypto_features_1h.parquet --start-date 2025-07-01 --end-date 2025-12-31 --days 294 --leverage 1 --edge-boost --no-ddstop --ensemble
[00:17:32]   => Return=+65.4%  HAC=+7.10  MaxDD=-4.1%  WR=65%  PF=2.22
[00:17:32] SIM #133: WinC_train2025H1__v6_solo_base__1x_base
[00:17:32] CMD: python run_fast_sim.py --data data/features/crypto_features_1h.parquet --start-date 2025-07-01 --end-date 2025-12-31 --days 294 --leverage 1 --edge-boost --no-ddstop --ensemble
[00:20:50]   => Return=+62.6%  HAC=+6.82  MaxDD=-5.1%  WR=65%  PF=2.19
[00:20:50] SIM #134: WinC_train2025H1__v6_solo_base__3x_base
[00:20:50] CMD: python run_fast_sim.py --data data/features/crypto_features_1h.parquet --start-date 2025-07-01 --end-date 2025-12-31 --days 294 --leverage 3 --edge-boost --no-ddstop --ensemble
[00:24:07]   => Return=+265.7%  HAC=+6.38  MaxDD=-15.7%  WR=64%  PF=2.20
[00:24:07] SIM #135: WinC_train2025H1__v6_solo_news__1x_base
[00:24:07] CMD: python run_fast_sim.py --data data/features/crypto_features_1h.parquet --start-date 2025-07-01 --end-date 2025-12-31 --days 294 --leverage 1 --edge-boost --no-ddstop --ensemble
[00:27:24]   => Return=+61.6%  HAC=+6.74  MaxDD=-4.9%  WR=65%  PF=2.17
[00:27:24] SIM #136: WinC_train2025H1__v6_solo_no_deriv__1x_base
[00:27:24] CMD: python run_fast_sim.py --data data/features/crypto_features_1h.parquet --start-date 2025-07-01 --end-date 2025-12-31 --days 294 --leverage 1 --edge-boost --no-ddstop --ensemble
[00:30:42]   => Return=+63.6%  HAC=+6.95  MaxDD=-4.8%  WR=65%  PF=2.20
[00:30:42] SIM #137: WinC_train2025H1__v7_solo_base__1x_base
[00:30:42] CMD: python run_fast_sim.py --data data/features/crypto_features_1h.parquet --start-date 2025-07-01 --end-date 2025-12-31 --days 294 --leverage 1 --edge-boost --no-ddstop --ensemble
[00:34:00]   => Return=+65.2%  HAC=+6.98  MaxDD=-4.7%  WR=65%  PF=2.24
[00:34:00] SIM #138: WinC_train2025H1__v7_solo_base__3x_base
[00:34:00] CMD: python run_fast_sim.py --data data/features/crypto_features_1h.parquet --start-date 2025-07-01 --end-date 2025-12-31 --days 294 --leverage 3 --edge-boost --no-ddstop --ensemble
[00:37:17]   => Return=+283.3%  HAC=+6.52  MaxDD=-14.5%  WR=64%  PF=2.26
[00:37:17] SIM #139: WinC_train2025H1__v7_solo_news__1x_base
[00:37:17] CMD: python run_fast_sim.py --data data/features/crypto_features_1h.parquet --start-date 2025-07-01 --end-date 2025-12-31 --days 294 --leverage 1 --edge-boost --no-ddstop --ensemble
[00:40:35]   => Return=+62.6%  HAC=+6.87  MaxDD=-5.0%  WR=65%  PF=2.17
[00:40:35] SIM #140: WinC_train2025H1__xgb_solo_news__1x_base
[00:40:35] CMD: python run_fast_sim.py --data data/features/crypto_features_1h.parquet --start-date 2025-07-01 --end-date 2025-12-31 --days 294 --leverage 1 --edge-boost --no-ddstop --ensemble
[00:43:57]   => Return=+60.4%  HAC=+6.76  MaxDD=-4.9%  WR=66%  PF=2.13
[00:43:57] SIM #141: WinC_train2025H1__xgb_solo_no_news__1x_base
[00:43:57] CMD: python run_fast_sim.py --data data/features/crypto_features_1h.parquet --start-date 2025-07-01 --end-date 2025-12-31 --days 294 --leverage 1 --edge-boost --no-ddstop --ensemble
[00:47:18]   => Return=+61.2%  HAC=+6.75  MaxDD=-4.8%  WR=65%  PF=2.16
[00:47:18] --- ENSEMBLE 2 (v6+v7) ---
[00:47:18] SIM #142: WinC_train2025H1__ens2_v6v7_no_news__1x_base
[00:47:18] CMD: python run_fast_sim.py --data data/features/crypto_features_1h.parquet --start-date 2025-07-01 --end-date 2025-12-31 --days 294 --leverage 1 --edge-boost --no-ddstop --ensemble
[00:50:37]   => Return=+50.4%  HAC=+5.92  MaxDD=-5.0%  WR=63%  PF=1.92
[00:50:37] SIM #143: WinC_train2025H1__ens2_v6v7_no_news__3x_base
[00:50:37] CMD: python run_fast_sim.py --data data/features/crypto_features_1h.parquet --start-date 2025-07-01 --end-date 2025-12-31 --days 294 --leverage 3 --edge-boost --no-ddstop --ensemble
[00:53:56]   => Return=+189.4%  HAC=+5.50  MaxDD=-15.3%  WR=62%  PF=1.88
[00:53:56] SIM #144: WinC_train2025H1__ens2_v6v7_news__1x_base
[00:53:56] CMD: python run_fast_sim.py --data data/features/crypto_features_1h.parquet --start-date 2025-07-01 --end-date 2025-12-31 --days 294 --leverage 1 --edge-boost --no-ddstop --ensemble
[00:57:15]   => Return=+50.6%  HAC=+5.90  MaxDD=-5.2%  WR=63%  PF=1.91
[00:57:15] --- ENSEMBLE 3 (v6+v7+CB) ---
[00:57:15] SIM #145: WinC_train2025H1__ens3_lgb_noN+cb_N__1x_base
[00:57:15] CMD: python run_fast_sim.py --data data/features/crypto_features_1h.parquet --start-date 2025-07-01 --end-date 2025-12-31 --days 294 --leverage 1 --edge-boost --no-ddstop --ensemble
[01:00:37]   => Return=+46.4%  HAC=+5.57  MaxDD=-5.1%  WR=64%  PF=1.83
[01:00:37] SIM #146: WinC_train2025H1__ens3_lgb_noN+cb_N__3x_base
[01:00:37] CMD: python run_fast_sim.py --data data/features/crypto_features_1h.parquet --start-date 2025-07-01 --end-date 2025-12-31 --days 294 --leverage 3 --edge-boost --no-ddstop --ensemble
[01:03:58]   => Return=+166.7%  HAC=+5.17  MaxDD=-15.5%  WR=62%  PF=1.79
[01:03:58] SIM #147: WinC_train2025H1__ens3_all_no_news__1x_base
[01:03:58] CMD: python run_fast_sim.py --data data/features/crypto_features_1h.parquet --start-date 2025-07-01 --end-date 2025-12-31 --days 294 --leverage 1 --edge-boost --no-ddstop --ensemble
[01:07:21]   => Return=+46.1%  HAC=+5.48  MaxDD=-5.2%  WR=63%  PF=1.83
[01:07:21] SIM #148: WinC_train2025H1__ens3_all_news__1x_base
[01:07:21] CMD: python run_fast_sim.py --data data/features/crypto_features_1h.parquet --start-date 2025-07-01 --end-date 2025-12-31 --days 294 --leverage 1 --edge-boost --no-ddstop --ensemble
[01:10:43]   => Return=+44.2%  HAC=+5.37  MaxDD=-5.2%  WR=63%  PF=1.78
[01:10:43] SIM #149: WinC_train2025H1__ens3_all_no_deriv__1x_base
[01:10:43] CMD: python run_fast_sim.py --data data/features/crypto_features_1h.parquet --start-date 2025-07-01 --end-date 2025-12-31 --days 294 --leverage 1 --edge-boost --no-ddstop --ensemble
[01:14:05]   => Return=+43.5%  HAC=+5.21  MaxDD=-4.9%  WR=62%  PF=1.75
[01:14:05] --- ENSEMBLE 4 (v6+v7+CB+XGB) ---
[01:14:05] SIM #150: WinC_train2025H1__ens4_lgb_noN+cb_N+xgb_N__1x_base
[01:14:05] CMD: python run_fast_sim.py --data data/features/crypto_features_1h.parquet --start-date 2025-07-01 --end-date 2025-12-31 --days 294 --leverage 1 --edge-boost --no-ddstop --ensemble
[01:17:36]   => Return=+39.2%  HAC=+4.85  MaxDD=-5.3%  WR=63%  PF=1.70
[01:17:36] SIM #151: WinC_train2025H1__ens4_lgb_noN+cb_N+xgb_N__3x_base
[01:17:36] CMD: python run_fast_sim.py --data data/features/crypto_features_1h.parquet --start-date 2025-07-01 --end-date 2025-12-31 --days 294 --leverage 3 --edge-boost --no-ddstop --ensemble
[01:21:07]   => Return=+129.7%  HAC=+4.44  MaxDD=-16.1%  WR=61%  PF=1.64
[01:21:07] SIM #152: WinC_train2025H1__ens4_all_no_news__1x_base
[01:21:07] CMD: python run_fast_sim.py --data data/features/crypto_features_1h.parquet --start-date 2025-07-01 --end-date 2025-12-31 --days 294 --leverage 1 --edge-boost --no-ddstop --ensemble
[01:24:38]   => Return=+38.7%  HAC=+4.81  MaxDD=-4.9%  WR=62%  PF=1.69
[01:24:38] SIM #153: WinC_train2025H1__ens4_all_news__1x_base
[01:24:38] CMD: python run_fast_sim.py --data data/features/crypto_features_1h.parquet --start-date 2025-07-01 --end-date 2025-12-31 --days 294 --leverage 1 --edge-boost --no-ddstop --ensemble
[01:28:10]   => Return=+38.6%  HAC=+4.79  MaxDD=-5.5%  WR=63%  PF=1.68
[01:28:10] SIM #154: WinC_train2025H1__ens4_all_no_deriv__1x_base
[01:28:10] CMD: python run_fast_sim.py --data data/features/crypto_features_1h.parquet --start-date 2025-07-01 --end-date 2025-12-31 --days 294 --leverage 1 --edge-boost --no-ddstop --ensemble
[01:31:41]   => Return=+37.3%  HAC=+4.51  MaxDD=-4.9%  WR=62%  PF=1.63
[01:31:41] --- EXECUTION FLAG SWEEPS ---
[01:31:41] SIM #155: WinC_train2025H1__ens3_lgb_noN+cb_N__1x_smooth03
[01:31:41] CMD: python run_fast_sim.py --data data/features/crypto_features_1h.parquet --start-date 2025-07-01 --end-date 2025-12-31 --days 294 --leverage 1 --edge-boost --no-ddstop --ensemble --smooth-signal 0.3
[01:35:02]   => Return=+39.1%  HAC=+4.98  MaxDD=-4.7%  WR=60%  PF=1.64
[01:35:02] SIM #156: WinC_train2025H1__ens3_lgb_noN+cb_N__1x_smooth05
[01:35:02] CMD: python run_fast_sim.py --data data/features/crypto_features_1h.parquet --start-date 2025-07-01 --end-date 2025-12-31 --days 294 --leverage 1 --edge-boost --no-ddstop --ensemble --smooth-signal 0.5
[01:38:26]   => Return=+34.5%  HAC=+4.43  MaxDD=-4.9%  WR=60%  PF=1.54
[01:38:26] SIM #157: WinC_train2025H1__ens3_lgb_noN+cb_N__1x_hyst5
[01:38:26] CMD: python run_fast_sim.py --data data/features/crypto_features_1h.parquet --start-date 2025-07-01 --end-date 2025-12-31 --days 294 --leverage 1 --edge-boost --no-ddstop --ensemble --hysteresis 5
[01:41:46]   => Return=+46.4%  HAC=+5.57  MaxDD=-5.1%  WR=64%  PF=1.83
[01:41:46] SIM #158: WinC_train2025H1__ens3_lgb_noN+cb_N__1x_hyst7
[01:41:46] CMD: python run_fast_sim.py --data data/features/crypto_features_1h.parquet --start-date 2025-07-01 --end-date 2025-12-31 --days 294 --leverage 1 --edge-boost --no-ddstop --ensemble --hysteresis 7
[01:45:07]   => Return=+46.4%  HAC=+5.57  MaxDD=-5.1%  WR=64%  PF=1.83
[01:45:07] SIM #159: WinC_train2025H1__ens3_lgb_noN+cb_N__1x_voltgt30
[01:45:07] CMD: python run_fast_sim.py --data data/features/crypto_features_1h.parquet --start-date 2025-07-01 --end-date 2025-12-31 --days 294 --leverage 1 --edge-boost --no-ddstop --ensemble --vol-target-ann 0.30
[01:48:28]   => Return=+66.5%  HAC=+5.39  MaxDD=-7.3%  WR=64%  PF=1.77
[01:48:28] SIM #160: WinC_train2025H1__ens3_lgb_noN+cb_N__1x_voltgt50
[01:48:28] CMD: python run_fast_sim.py --data data/features/crypto_features_1h.parquet --start-date 2025-07-01 --end-date 2025-12-31 --days 294 --leverage 1 --edge-boost --no-ddstop --ensemble --vol-target-ann 0.50
[01:51:50]   => Return=+90.7%  HAC=+5.55  MaxDD=-8.6%  WR=64%  PF=1.84
[01:51:50] SIM #161: WinC_train2025H1__ens3_lgb_noN+cb_N__1x_volsize
[01:51:50] CMD: python run_fast_sim.py --data data/features/crypto_features_1h.parquet --start-date 2025-07-01 --end-date 2025-12-31 --days 294 --leverage 1 --edge-boost --no-ddstop --ensemble --vol-size
[01:55:18]   => Return=+46.9%  HAC=+5.67  MaxDD=-5.1%  WR=64%  PF=1.85
[01:55:18] SIM #162: WinC_train2025H1__ens3_lgb_noN+cb_N__1x_ddstop
[01:55:18] CMD: python run_fast_sim.py --data data/features/crypto_features_1h.parquet --start-date 2025-07-01 --end-date 2025-12-31 --days 294 --leverage 1 --edge-boost --ensemble
[01:58:40]   => Return=+46.4%  HAC=+5.57  MaxDD=-5.1%  WR=64%  PF=1.83
[01:58:40] SIM #163: WinC_train2025H1__ens3_lgb_noN+cb_N__1x_eventfilt
[01:58:40] CMD: python run_fast_sim.py --data data/features/crypto_features_1h.parquet --start-date 2025-07-01 --end-date 2025-12-31 --days 294 --leverage 1 --edge-boost --no-ddstop --ensemble --event-filter
[02:02:01]   => Return=+46.4%  HAC=+5.57  MaxDD=-5.1%  WR=64%  PF=1.83
[02:02:01] SIM #164: WinC_train2025H1__ens3_lgb_noN+cb_N__1x_regshorts05
[02:02:01] CMD: python run_fast_sim.py --data data/features/crypto_features_1h.parquet --start-date 2025-07-01 --end-date 2025-12-31 --days 294 --leverage 1 --edge-boost --no-ddstop --ensemble --regime-shorts 0.5
[02:05:25]   => Return=+35.0%  HAC=+4.76  MaxDD=-3.4%  WR=61%  PF=1.63
[02:05:25] SIM #165: WinC_train2025H1__ens3_lgb_noN+cb_N__1x_derivgate
[02:05:25] CMD: python run_fast_sim.py --data data/features/crypto_features_1h.parquet --start-date 2025-07-01 --end-date 2025-12-31 --days 294 --leverage 1 --edge-boost --ensemble --deriv-gate
[02:08:46]   => Return=+46.4%  HAC=+5.57  MaxDD=-5.1%  WR=64%  PF=1.83
[02:08:46] SIM #166: WinC_train2025H1__ens3_lgb_noN+cb_N__1x_combo_hyst5_sm03
[02:08:46] CMD: python run_fast_sim.py --data data/features/crypto_features_1h.parquet --start-date 2025-07-01 --end-date 2025-12-31 --days 294 --leverage 1 --edge-boost --no-ddstop --ensemble --hysteresis 5 --smooth-signal 0.3
[02:12:09]   => Return=+39.1%  HAC=+4.98  MaxDD=-4.7%  WR=60%  PF=1.64
[02:12:09] SIM #167: WinC_train2025H1__ens3_lgb_noN+cb_N__1x_combo_hyst5_vt50_sm03
[02:12:09] CMD: python run_fast_sim.py --data data/features/crypto_features_1h.parquet --start-date 2025-07-01 --end-date 2025-12-31 --days 294 --leverage 1 --edge-boost --no-ddstop --ensemble --hysteresis 5 --vol-target-ann 0.50 --smooth-signal 0.3
[02:15:33]   => Return=+69.7%  HAC=+4.75  MaxDD=-9.0%  WR=60%  PF=1.60
[02:15:33] SIM #168: WinC_train2025H1__ens3_lgb_noN+cb_N__3x_combo_hyst5_sm03
[02:15:33] CMD: python run_fast_sim.py --data data/features/crypto_features_1h.parquet --start-date 2025-07-01 --end-date 2025-12-31 --days 294 --leverage 3 --edge-boost --no-ddstop --ensemble --hysteresis 5 --smooth-signal 0.3
[02:18:54]   => Return=+128.6%  HAC=+4.48  MaxDD=-14.6%  WR=59%  PF=1.57
[02:18:54] SIM #169: WinC_train2025H1__cb_solo_no_deriv__1x_smooth03
[02:18:54] CMD: python run_fast_sim.py --data data/features/crypto_features_1h.parquet --start-date 2025-07-01 --end-date 2025-12-31 --days 294 --leverage 1 --edge-boost --no-ddstop --ensemble --smooth-signal 0.3
[02:22:11]   => Return=+62.4%  HAC=+6.92  MaxDD=-4.6%  WR=64%  PF=2.07
[02:22:11] SIM #170: WinC_train2025H1__cb_solo_no_deriv__1x_hyst5
[02:22:11] CMD: python run_fast_sim.py --data data/features/crypto_features_1h.parquet --start-date 2025-07-01 --end-date 2025-12-31 --days 294 --leverage 1 --edge-boost --no-ddstop --ensemble --hysteresis 5
[02:25:29]   => Return=+64.3%  HAC=+6.84  MaxDD=-4.7%  WR=65%  PF=2.20
[02:25:29] SIM #171: WinC_train2025H1__cb_solo_no_deriv__1x_voltgt50
[02:25:29] CMD: python run_fast_sim.py --data data/features/crypto_features_1h.parquet --start-date 2025-07-01 --end-date 2025-12-31 --days 294 --leverage 1 --edge-boost --no-ddstop --ensemble --vol-target-ann 0.50
[02:28:47]   => Return=+134.9%  HAC=+6.73  MaxDD=-7.9%  WR=65%  PF=2.26
[02:28:47] SIM #172: WinC_train2025H1__cb_solo_no_deriv__1x_ddstop
[02:28:47] CMD: python run_fast_sim.py --data data/features/crypto_features_1h.parquet --start-date 2025-07-01 --end-date 2025-12-31 --days 294 --leverage 1 --edge-boost --ensemble
[02:32:04]   => Return=+64.3%  HAC=+6.84  MaxDD=-4.7%  WR=65%  PF=2.20
[02:32:04] SIM #173: WinC_train2025H1__cb_solo_no_deriv__1x_combo_hyst5_sm03
[02:32:04] CMD: python run_fast_sim.py --data data/features/crypto_features_1h.parquet --start-date 2025-07-01 --end-date 2025-12-31 --days 294 --leverage 1 --edge-boost --no-ddstop --ensemble --hysteresis 5 --smooth-signal 0.3
[02:35:22]   => Return=+62.4%  HAC=+6.92  MaxDD=-4.6%  WR=64%  PF=2.07
[02:35:22] SIM #174: WinC_train2025H1__cb_solo_no_deriv__3x_combo_hyst5_sm03
[02:35:22] CMD: python run_fast_sim.py --data data/features/crypto_features_1h.parquet --start-date 2025-07-01 --end-date 2025-12-31 --days 294 --leverage 3 --edge-boost --no-ddstop --ensemble --hysteresis 5 --smooth-signal 0.3
[02:38:40]   => Return=+263.4%  HAC=+6.47  MaxDD=-14.3%  WR=63%  PF=2.05
[02:38:40] --- LEVERAGE SWEEP ---
[02:38:40] SIM #175: WinC_train2025H1__ens3_lgb_noN+cb_N__2x_base
[02:38:40] CMD: python run_fast_sim.py --data data/features/crypto_features_1h.parquet --start-date 2025-07-01 --end-date 2025-12-31 --days 294 --leverage 2 --edge-boost --no-ddstop --ensemble
[02:42:01]   => Return=+94.3%  HAC=+5.09  MaxDD=-10.5%  WR=62%  PF=1.75
[02:42:01] SIM #176: WinC_train2025H1__ens3_lgb_noN+cb_N__5x_base
[02:42:01] CMD: python run_fast_sim.py --data data/features/crypto_features_1h.parquet --start-date 2025-07-01 --end-date 2025-12-31 --days 294 --leverage 5 --edge-boost --no-ddstop --ensemble
[02:45:23]   => Return=+387.7%  HAC=+5.21  MaxDD=-25.0%  WR=63%  PF=1.87
[02:45:23] SIM #177: WinC_train2025H1__cb_solo_no_deriv__2x_base
[02:45:23] CMD: python run_fast_sim.py --data data/features/crypto_features_1h.parquet --start-date 2025-07-01 --end-date 2025-12-31 --days 294 --leverage 2 --edge-boost --no-ddstop --ensemble
[02:48:42]   => Return=+144.7%  HAC=+6.37  MaxDD=-9.8%  WR=64%  PF=2.14
[02:48:42] SIM #178: WinC_train2025H1__cb_solo_no_deriv__5x_base
[02:48:42] CMD: python run_fast_sim.py --data data/features/crypto_features_1h.parquet --start-date 2025-07-01 --end-date 2025-12-31 --days 294 --leverage 5 --edge-boost --no-ddstop --ensemble
[02:51:59]   => Return=+767.6%  HAC=+6.12  MaxDD=-23.4%  WR=64%  PF=2.39
[02:51:59] --- CONFIDENCE SWEEPS ---
[02:51:59] SIM #179: WinC_train2025H1__ens3_lgb_noN+cb_N__1x_minconf85
[02:51:59] CMD: python run_fast_sim.py --data data/features/crypto_features_1h.parquet --start-date 2025-07-01 --end-date 2025-12-31 --days 294 --leverage 1 --edge-boost --no-ddstop --ensemble --min-conf 0.85
[02:55:21]   => Return=+2.6%  HAC=+4.15  MaxDD=-2.7%  WR=64%  PF=1.59
[02:55:21] SIM #180: WinC_train2025H1__ens3_lgb_noN+cb_N__1x_minconf90
[02:55:21] CMD: python run_fast_sim.py --data data/features/crypto_features_1h.parquet --start-date 2025-07-01 --end-date 2025-12-31 --days 294 --leverage 1 --edge-boost --no-ddstop --ensemble --min-conf 0.90
[02:58:43]   => Return=-0.4%  HAC=+nan  MaxDD=-0.7%  WR=50%  PF=0.41
[02:58:43] SIM #181: WinC_train2025H1__ens3_lgb_noN+cb_N__1x_noconf
[02:58:43] CMD: python run_fast_sim.py --data data/features/crypto_features_1h.parquet --start-date 2025-07-01 --end-date 2025-12-31 --days 294 --leverage 1 --edge-boost --no-ddstop --ensemble --no-conf
[03:02:04]   => Return=+37.3%  HAC=+4.29  MaxDD=-6.4%  WR=62%  PF=1.59
[03:02:04] SIM #182: WinC_train2025H1__cb_solo_no_deriv__1x_minconf85
[03:02:04] CMD: python run_fast_sim.py --data data/features/crypto_features_1h.parquet --start-date 2025-07-01 --end-date 2025-12-31 --days 294 --leverage 1 --edge-boost --no-ddstop --ensemble --min-conf 0.85
[03:05:22]   => Return=+1.2%  HAC=+6.26  MaxDD=-1.0%  WR=60%  PF=1.64
[03:05:22] SIM #183: WinC_train2025H1__cb_solo_no_deriv__1x_minconf90
[03:05:22] CMD: python run_fast_sim.py --data data/features/crypto_features_1h.parquet --start-date 2025-07-01 --end-date 2025-12-31 --days 294 --leverage 1 --edge-boost --no-ddstop --ensemble --min-conf 0.90
[03:08:41]   => Return=+0.1%  HAC=+nan  MaxDD=-0.7%  WR=67%  PF=1.10
[03:08:41]   ⏱️  Phase took 615m 25s
[03:08:41] 
[03:08:41] ################################################################
[03:08:41]   PHASE 3: АНАЛИЗ РЕЗУЛЬТАТОВ
[03:08:41] ################################################################
[03:08:41] 
[03:08:41] 📊 Generating analysis...

====================================================================================================
  MEGA COMPARISON — ИТОГОВЫЙ РЕЙТИНГ
====================================================================================================

────────────────────────────────────────────────────────────────────────────────
  1. СРЕДНИЙ SHARPE HAC ПО МОДЕЛЬНЫМ КОНФИГУРАЦИЯМ (across windows, 1x leverage)
────────────────────────────────────────────────────────────────────────────────

Model Config                          Sharpe     ±Std    Return%   MaxDD%    WR%     PF   N
───────────────────────────────────────────────────────────────────────────────────────────────
cb_solo_huber                           8.13      nan       44.8     -3.2   68.0   2.45   1
xgb_solo_no_news                        7.93      nan       41.6     -3.5   69.0   2.34   1
xgb_solo_news                           7.85      nan       41.5     -3.6   67.0   2.33   1
v7_solo_base                            7.81      nan       42.6     -3.8   67.0   2.38   1
cb_solo_market_news                     7.76      nan       43.8     -3.5   67.0   2.43   1
cb_solo_huber_no_deriv                  7.76      nan       43.0     -3.3   67.0   2.38   1
cb_solo_no_news                         7.73      nan       44.1     -3.6   67.0   2.44   1
v6_solo_base                            7.69      nan       41.4     -3.8   68.0   2.34   1
v6_solo_news                            7.65      nan       40.9     -3.7   68.0   2.30   1
v7_solo_news                            7.62      nan       42.3     -3.9   68.0   2.36   1
cb_solo_news                            7.59      nan       43.1     -3.5   66.0   2.37   1
cb_solo_no_deriv                        7.58      nan       42.5     -3.4   68.0   2.36   1
v6_solo_no_deriv                        7.34      nan       40.2     -4.0   67.0   2.28   1
cb_solo_news_no_deriv                   7.17      nan       40.6     -3.8   68.0   2.28   1
ens2_v6v7_no_news                       6.54      nan       35.4     -4.2   66.0   2.08   1
ens2_v6v7_news                          6.51      nan       35.1     -4.0   67.0   2.06   1
ens3_all_news                           5.79      nan       31.3     -4.5   64.0   1.91   1
ens3_lgb_noN+cb_N                       5.60      nan       30.2     -4.9   63.0   1.87   1
ens3_all_no_news                        5.53      nan       29.8     -5.0   62.0   1.87   1
ens4_all_news                           5.34      nan       27.7     -4.9   62.0   1.80   1
ens4_lgb_noN+cb_N+xgb_N                 5.27      nan       27.2     -5.1   61.0   1.78   1
ens3_all_no_deriv                       4.98      nan       25.7     -4.9   64.0   1.73   1
ens4_all_no_news                        4.97      nan       26.2     -5.7   62.0   1.75   1
ens4_all_no_deriv                       4.26      nan       21.9     -5.1   62.0   1.60   1

────────────────────────────────────────────────────────────────────────────────
  2. SHARPE HAC ПО КАЖДОМУ ОКНУ (1x, base sim)
────────────────────────────────────────────────────────────────────────────────

  Window: WinA_train2024H1
  Model Config                          Sharpe    Return%   MaxDD%    WR%
  ───────────────────────────────────────────────────────────────────────────
  cb_solo_news                             nan        nan      nan    nan
  cb_solo_no_news                          nan        nan      nan    nan
  cb_solo_market_news                      nan        nan      nan    nan
  cb_solo_no_deriv                         nan        nan      nan    nan
  cb_solo_news_no_deriv                    nan        nan      nan    nan
  cb_solo_huber                            nan        nan      nan    nan
  cb_solo_huber_no_deriv                   nan        nan      nan    nan
  v6_solo_base                             nan        nan      nan    nan
  v6_solo_news                             nan        nan      nan    nan
  v6_solo_no_deriv                         nan        nan      nan    nan
  v7_solo_base                             nan        nan      nan    nan
  v7_solo_news                             nan        nan      nan    nan
  xgb_solo_news                            nan        nan      nan    nan
  xgb_solo_no_news                         nan        nan      nan    nan
  ens2_v6v7_no_news                        nan        nan      nan    nan
  ens2_v6v7_news                           nan        nan      nan    nan
  ens3_lgb_noN+cb_N                        nan        nan      nan    nan
  ens3_all_no_news                         nan        nan      nan    nan
  ens3_all_news                            nan        nan      nan    nan
  ens3_all_no_deriv                        nan        nan      nan    nan
  ens4_lgb_noN+cb_N+xgb_N                  nan        nan      nan    nan
  ens4_all_no_news                         nan        nan      nan    nan
  ens4_all_news                            nan        nan      nan    nan
  ens4_all_no_deriv                        nan        nan      nan    nan

  Window: WinB_train2024
  Model Config                          Sharpe    Return%   MaxDD%    WR%
  ───────────────────────────────────────────────────────────────────────────
  cb_solo_news                             nan        nan      nan    nan
  cb_solo_no_news                          nan        nan      nan    nan
  cb_solo_market_news                      nan        nan      nan    nan
  cb_solo_no_deriv                         nan        nan      nan    nan
  cb_solo_news_no_deriv                    nan        nan      nan    nan
  cb_solo_huber                            nan        nan      nan    nan
  cb_solo_huber_no_deriv                   nan        nan      nan    nan
  v6_solo_base                             nan        nan      nan    nan
  v6_solo_news                             nan        nan      nan    nan
  v6_solo_no_deriv                         nan        nan      nan    nan
  v7_solo_base                             nan        nan      nan    nan
  v7_solo_news                             nan        nan      nan    nan
  xgb_solo_news                            nan        nan      nan    nan
  xgb_solo_no_news                         nan        nan      nan    nan
  ens2_v6v7_no_news                        nan        nan      nan    nan
  ens2_v6v7_news                           nan        nan      nan    nan
  ens3_lgb_noN+cb_N                        nan        nan      nan    nan
  ens3_all_no_news                         nan        nan      nan    nan
  ens3_all_news                            nan        nan      nan    nan
  ens3_all_no_deriv                        nan        nan      nan    nan
  ens4_lgb_noN+cb_N+xgb_N                  nan        nan      nan    nan
  ens4_all_no_news                         nan        nan      nan    nan
  ens4_all_news                            nan        nan      nan    nan
  ens4_all_no_deriv                        nan        nan      nan    nan

  Window: WinC_train2025H1
  Model Config                          Sharpe    Return%   MaxDD%    WR%
  ───────────────────────────────────────────────────────────────────────────
  cb_solo_huber                           8.13       44.8     -3.2   68.0
  xgb_solo_no_news                        7.93       41.6     -3.5   69.0
  xgb_solo_news                           7.85       41.5     -3.6   67.0
  v7_solo_base                            7.81       42.6     -3.8   67.0
  cb_solo_huber_no_deriv                  7.76       43.0     -3.3   67.0
  cb_solo_market_news                     7.76       43.8     -3.5   67.0
  cb_solo_no_news                         7.73       44.1     -3.6   67.0
  v6_solo_base                            7.69       41.4     -3.8   68.0
  v6_solo_news                            7.65       40.9     -3.7   68.0
  v7_solo_news                            7.62       42.3     -3.9   68.0
  cb_solo_news                            7.59       43.1     -3.5   66.0
  cb_solo_no_deriv                        7.58       42.5     -3.4   68.0
  v6_solo_no_deriv                        7.34       40.2     -4.0   67.0
  cb_solo_news_no_deriv                   7.17       40.6     -3.8   68.0
  ens2_v6v7_no_news                       6.54       35.4     -4.2   66.0
  ens2_v6v7_news                          6.51       35.1     -4.0   67.0
  ens3_all_news                           5.79       31.3     -4.5   64.0
  ens3_lgb_noN+cb_N                       5.60       30.2     -4.9   63.0
  ens3_all_no_news                        5.53       29.8     -5.0   62.0
  ens4_all_news                           5.34       27.7     -4.9   62.0
  ens4_lgb_noN+cb_N+xgb_N                 5.27       27.2     -5.1   61.0
  ens3_all_no_deriv                       4.98       25.7     -4.9   64.0
  ens4_all_no_news                        4.97       26.2     -5.7   62.0
  ens4_all_no_deriv                       4.26       21.9     -5.1   62.0

────────────────────────────────────────────────────────────────────────────────
  3. SOLO vs ENSEMBLE — ПРЯМОЕ СРАВНЕНИЕ
────────────────────────────────────────────────────────────────────────────────

  BEST SOLO:     cb_solo_huber                  Sharpe = 8.13
  BEST ENSEMBLE: ens2_v6v7_no_news              Sharpe = 6.54

  Ensemble advantage: -1.59 Sharpe

────────────────────────────────────────────────────────────────────────────────
  4. ЭФФЕКТ EXECUTION FLAGS (ens3 base)
────────────────────────────────────────────────────────────────────────────────

  Sim Config                            Sharpe    Return%
  ───────────────────────────────────────────────────────
  1x_volsize                              5.68       30.7
  1x_base                                 5.60       30.2
  1x_derivgate                            5.60       30.2
  1x_ddstop                               5.60       30.2
  1x_hyst7                                5.60       30.2
  1x_eventfilt                            5.60       30.2
  1x_hyst5                                5.60       30.2
  5x_base                                 5.53      202.7
  1x_voltgt50                             5.49       54.4
  3x_base                                 5.33       98.6
  2x_base                                 5.18       59.2
  1x_combo_hyst5_sm03                     5.18       26.3
  1x_smooth03                             5.18       26.3
  1x_voltgt30                             5.02       39.2
  1x_combo_hyst5_vt50_sm03                5.00       46.4
  3x_combo_hyst5_sm03                     4.79       81.2
  1x_smooth05                             4.51       21.6
  1x_minconf85                            4.32        1.8
  1x_noconf                               3.89       22.7
  1x_regshorts05                          3.78       19.1
  1x_minconf90                             nan        nan

────────────────────────────────────────────────────────────────────────────────
  5. СТАБИЛЬНОСТЬ МОДЕЛЕЙ (меньше std = стабильнее)
────────────────────────────────────────────────────────────────────────────────

  Model Config                            Mean      Std      Min      Max     Stab
  ────────────────────────────────────────────────────────────────────────────────
  cb_solo_huber                           8.13      nan     8.13     8.13      nan
  cb_solo_huber_no_deriv                  7.76      nan     7.76     7.76      nan
  cb_solo_market_news                     7.76      nan     7.76     7.76      nan
  cb_solo_news                            7.59      nan     7.59     7.59      nan
  cb_solo_news_no_deriv                   7.17      nan     7.17     7.17      nan
  cb_solo_no_deriv                        7.58      nan     7.58     7.58      nan
  cb_solo_no_news                         7.73      nan     7.73     7.73      nan
  ens2_v6v7_news                          6.51      nan     6.51     6.51      nan
  ens2_v6v7_no_news                       6.54      nan     6.54     6.54      nan
  ens3_all_news                           5.79      nan     5.79     5.79      nan
  ens3_all_no_deriv                       4.98      nan     4.98     4.98      nan
  ens3_all_no_news                        5.53      nan     5.53     5.53      nan
  ens3_lgb_noN+cb_N                       5.60      nan     5.60     5.60      nan
  ens4_all_news                           5.34      nan     5.34     5.34      nan
  ens4_all_no_deriv                       4.26      nan     4.26     4.26      nan
  ens4_all_no_news                        4.97      nan     4.97     4.97      nan
  ens4_lgb_noN+cb_N+xgb_N                 5.27      nan     5.27     5.27      nan
  v6_solo_base                            7.69      nan     7.69     7.69      nan
  v6_solo_news                            7.65      nan     7.65     7.65      nan
  v6_solo_no_deriv                        7.34      nan     7.34     7.34      nan
  v7_solo_base                            7.81      nan     7.81     7.81      nan
  v7_solo_news                            7.62      nan     7.62     7.62      nan
  xgb_solo_news                           7.85      nan     7.85     7.85      nan
  xgb_solo_no_news                        7.93      nan     7.93     7.93      nan

────────────────────────────────────────────────────────────────────────────────
  6. ЭФФЕКТ LEVERAGE
────────────────────────────────────────────────────────────────────────────────

  cb_solo_huber:
    1x_base              Sharpe=   nan  Return=     nan%  MaxDD=   nan%
    1x_base              Sharpe=   nan  Return=     nan%  MaxDD=   nan%
    1x_base              Sharpe=  8.13  Return=    44.8%  MaxDD=  -3.2%

  cb_solo_huber_no_deriv:
    1x_base              Sharpe=   nan  Return=     nan%  MaxDD=   nan%
    1x_base              Sharpe=   nan  Return=     nan%  MaxDD=   nan%
    1x_base              Sharpe=  7.76  Return=    43.0%  MaxDD=  -3.3%

  cb_solo_market_news:
    1x_base              Sharpe=   nan  Return=     nan%  MaxDD=   nan%
    1x_base              Sharpe=   nan  Return=     nan%  MaxDD=   nan%
    1x_base              Sharpe=  7.76  Return=    43.8%  MaxDD=  -3.5%

  cb_solo_news:
    1x_base              Sharpe=   nan  Return=     nan%  MaxDD=   nan%
    1x_base              Sharpe=   nan  Return=     nan%  MaxDD=   nan%
    1x_base              Sharpe=  7.59  Return=    43.1%  MaxDD=  -3.5%
    3x_base              Sharpe=   nan  Return=     nan%  MaxDD=   nan%
    3x_base              Sharpe=   nan  Return=     nan%  MaxDD=   nan%
    3x_base              Sharpe=  7.51  Return=   163.6%  MaxDD= -11.2%

  cb_solo_news_no_deriv:
    1x_base              Sharpe=   nan  Return=     nan%  MaxDD=   nan%
    1x_base              Sharpe=   nan  Return=     nan%  MaxDD=   nan%
    1x_base              Sharpe=  7.17  Return=    40.6%  MaxDD=  -3.8%

  cb_solo_no_deriv:
    1x_base              Sharpe=   nan  Return=     nan%  MaxDD=   nan%
    1x_base              Sharpe=   nan  Return=     nan%  MaxDD=   nan%
    1x_base              Sharpe=  7.58  Return=    42.5%  MaxDD=  -3.4%
    2x_base              Sharpe=   nan  Return=     nan%  MaxDD=   nan%
    2x_base              Sharpe=   nan  Return=     nan%  MaxDD=   nan%
    2x_base              Sharpe=  7.30  Return=    90.8%  MaxDD=  -7.3%
    3x_base              Sharpe=   nan  Return=     nan%  MaxDD=   nan%
    3x_base              Sharpe=   nan  Return=     nan%  MaxDD=   nan%
    3x_base              Sharpe=  7.51  Return=   160.8%  MaxDD= -10.8%
    5x_base              Sharpe=   nan  Return=     nan%  MaxDD=   nan%
    5x_base              Sharpe=   nan  Return=     nan%  MaxDD=   nan%
    5x_base              Sharpe=  7.62  Return=   376.9%  MaxDD= -17.6%

  cb_solo_no_news:
    1x_base              Sharpe=   nan  Return=     nan%  MaxDD=   nan%
    1x_base              Sharpe=   nan  Return=     nan%  MaxDD=   nan%
    1x_base              Sharpe=  7.73  Return=    44.1%  MaxDD=  -3.6%
    3x_base              Sharpe=   nan  Return=     nan%  MaxDD=   nan%
    3x_base              Sharpe=   nan  Return=     nan%  MaxDD=   nan%
    3x_base              Sharpe=  7.69  Return=   169.2%  MaxDD= -11.4%

  ens2_v6v7_news:
    1x_base              Sharpe=   nan  Return=     nan%  MaxDD=   nan%
    1x_base              Sharpe=   nan  Return=     nan%  MaxDD=   nan%
    1x_base              Sharpe=  6.51  Return=    35.1%  MaxDD=  -4.0%

  ens2_v6v7_no_news:
    1x_base              Sharpe=   nan  Return=     nan%  MaxDD=   nan%
    1x_base              Sharpe=   nan  Return=     nan%  MaxDD=   nan%
    1x_base              Sharpe=  6.54  Return=    35.4%  MaxDD=  -4.2%
    3x_base              Sharpe=   nan  Return=     nan%  MaxDD=   nan%
    3x_base              Sharpe=   nan  Return=     nan%  MaxDD=   nan%
    3x_base              Sharpe=  6.38  Return=   123.4%  MaxDD= -12.9%

  ens3_all_news:
    1x_base              Sharpe=   nan  Return=     nan%  MaxDD=   nan%
    1x_base              Sharpe=   nan  Return=     nan%  MaxDD=   nan%
    1x_base              Sharpe=  5.79  Return=    31.3%  MaxDD=  -4.5%

  ens3_all_no_deriv:
    1x_base              Sharpe=   nan  Return=     nan%  MaxDD=   nan%
    1x_base              Sharpe=   nan  Return=     nan%  MaxDD=   nan%
    1x_base              Sharpe=  4.98  Return=    25.7%  MaxDD=  -4.9%

  ens3_all_no_news:
    1x_base              Sharpe=   nan  Return=     nan%  MaxDD=   nan%
    1x_base              Sharpe=   nan  Return=     nan%  MaxDD=   nan%
    1x_base              Sharpe=  5.53  Return=    29.8%  MaxDD=  -5.0%

  ens3_lgb_noN+cb_N:
    1x_base              Sharpe=   nan  Return=     nan%  MaxDD=   nan%
    1x_base              Sharpe=   nan  Return=     nan%  MaxDD=   nan%
    1x_base              Sharpe=  5.60  Return=    30.2%  MaxDD=  -4.9%
    2x_base              Sharpe=   nan  Return=     nan%  MaxDD=   nan%
    2x_base              Sharpe=   nan  Return=     nan%  MaxDD=   nan%
    2x_base              Sharpe=  5.18  Return=    59.2%  MaxDD=  -9.9%
    3x_base              Sharpe=   nan  Return=     nan%  MaxDD=   nan%
    3x_base              Sharpe=   nan  Return=     nan%  MaxDD=   nan%
    3x_base              Sharpe=  5.33  Return=    98.6%  MaxDD= -14.7%
    5x_base              Sharpe=   nan  Return=     nan%  MaxDD=   nan%
    5x_base              Sharpe=   nan  Return=     nan%  MaxDD=   nan%
    5x_base              Sharpe=  5.53  Return=   202.7%  MaxDD= -23.7%

  ens4_all_news:
    1x_base              Sharpe=   nan  Return=     nan%  MaxDD=   nan%
    1x_base              Sharpe=   nan  Return=     nan%  MaxDD=   nan%
    1x_base              Sharpe=  5.34  Return=    27.7%  MaxDD=  -4.9%

  ens4_all_no_deriv:
    1x_base              Sharpe=   nan  Return=     nan%  MaxDD=   nan%
    1x_base              Sharpe=   nan  Return=     nan%  MaxDD=   nan%
    1x_base              Sharpe=  4.26  Return=    21.9%  MaxDD=  -5.1%

  ens4_all_no_news:
    1x_base              Sharpe=   nan  Return=     nan%  MaxDD=   nan%
    1x_base              Sharpe=   nan  Return=     nan%  MaxDD=   nan%
    1x_base              Sharpe=  4.97  Return=    26.2%  MaxDD=  -5.7%

  ens4_lgb_noN+cb_N+xgb_N:
    1x_base              Sharpe=   nan  Return=     nan%  MaxDD=   nan%
    1x_base              Sharpe=   nan  Return=     nan%  MaxDD=   nan%
    1x_base              Sharpe=  5.27  Return=    27.2%  MaxDD=  -5.1%
    3x_base              Sharpe=   nan  Return=     nan%  MaxDD=   nan%
    3x_base              Sharpe=   nan  Return=     nan%  MaxDD=   nan%
    3x_base              Sharpe=  4.92  Return=    85.1%  MaxDD= -15.4%

  v6_solo_base:
    1x_base              Sharpe=   nan  Return=     nan%  MaxDD=   nan%
    1x_base              Sharpe=   nan  Return=     nan%  MaxDD=   nan%
    1x_base              Sharpe=  7.69  Return=    41.4%  MaxDD=  -3.8%
    3x_base              Sharpe=   nan  Return=     nan%  MaxDD=   nan%
    3x_base              Sharpe=   nan  Return=     nan%  MaxDD=   nan%
    3x_base              Sharpe=  7.56  Return=   154.9%  MaxDD= -11.9%

  v6_solo_news:
    1x_base              Sharpe=   nan  Return=     nan%  MaxDD=   nan%
    1x_base              Sharpe=   nan  Return=     nan%  MaxDD=   nan%
    1x_base              Sharpe=  7.65  Return=    40.9%  MaxDD=  -3.7%

  v6_solo_no_deriv:
    1x_base              Sharpe=   nan  Return=     nan%  MaxDD=   nan%
    1x_base              Sharpe=   nan  Return=     nan%  MaxDD=   nan%
    1x_base              Sharpe=  7.34  Return=    40.2%  MaxDD=  -4.0%

  v7_solo_base:
    1x_base              Sharpe=   nan  Return=     nan%  MaxDD=   nan%
    1x_base              Sharpe=   nan  Return=     nan%  MaxDD=   nan%
    1x_base              Sharpe=  7.81  Return=    42.6%  MaxDD=  -3.8%
    3x_base              Sharpe=   nan  Return=     nan%  MaxDD=   nan%
    3x_base              Sharpe=   nan  Return=     nan%  MaxDD=   nan%
    3x_base              Sharpe=  7.67  Return=   161.1%  MaxDD= -11.8%

  v7_solo_news:
    1x_base              Sharpe=   nan  Return=     nan%  MaxDD=   nan%
    1x_base              Sharpe=   nan  Return=     nan%  MaxDD=   nan%
    1x_base              Sharpe=  7.62  Return=    42.3%  MaxDD=  -3.9%

  xgb_solo_news:
    1x_base              Sharpe=   nan  Return=     nan%  MaxDD=   nan%
    1x_base              Sharpe=   nan  Return=     nan%  MaxDD=   nan%
    1x_base              Sharpe=  7.85  Return=    41.5%  MaxDD=  -3.6%

  xgb_solo_no_news:
    1x_base              Sharpe=   nan  Return=     nan%  MaxDD=   nan%
    1x_base              Sharpe=   nan  Return=     nan%  MaxDD=   nan%
    1x_base              Sharpe=  7.93  Return=    41.6%  MaxDD=  -3.5%

================================================================================
  🏆 РЕКОМЕНДАЦИЯ
================================================================================

  Лучшая конфигурация: cb_solo_huber
  Средний Sharpe HAC:  8.13 ± nan
  Средний Return:      44.8%
  Средний MaxDD:       -3.2%
  Win Rate:            68.0%

  ⚠️  SOLO модель выиграла. Но проверь стабильность across windows!

================================================================================

📄 Full results CSV: results/mega_comparison/summary_reparsed.csv
📊 Total simulations: 183
[03:08:41]   ⏱️  Phase took 0m 0s
[03:08:41] 
[03:08:41] ################################################################
[03:08:41]   PHASE 4: ВОССТАНОВЛЕНИЕ
[03:08:41] ################################################################
[03:08:41] 🔄 Restoring production models...
[03:08:41]    Restored results_v6_prod
[03:08:41]    Restored results_v7_prod
[03:08:41]    Restored results_catboost_prod
[03:08:42]    Restored results_xgboost_prod
[03:08:42]    Restored results_mlp_prod
[03:08:42]    ✅ Restore complete
[03:08:42]   ⏱️  Phase took 0m 1s
[03:08:42] 
[03:08:42] ════════════════════════════════════════════════════════════════
[03:08:42]   MEGA COMPARISON COMPLETE
[03:08:42]   Total sims: 183
[03:08:42]   Total time: 15h 17m
[03:08:42]   Results:    results/mega_comparison/summary_20260322_1151.csv
[03:08:42]   Details:    results/mega_comparison/detail_20260322_1151.txt
[03:08:42]   Log:        results/mega_comparison/run_20260322_1151.log
[03:08:42] ════════════════════════════════════════════════════════════════
