nohup: ignoring input
[18:43:23] 
[18:43:23] ################################################################
[18:43:23]   PHASE 0: ПОДГОТОВКА
[18:43:23] ################################################################
[18:43:23] 📦 Backing up production models...
[18:43:23]    Backed up results_catboost_prod
[18:43:23]    Backed up results_mlp_prod
[18:43:23]    ✅ Backup complete: results/mega_comparison/prod_backup/
[18:43:23]   ⏱️  Phase took 0m 0s
[18:43:23] 
[18:43:23] ################################################################
[18:43:23]   PHASE 1: ОБУЧЕНИЕ МОДЕЛЕЙ
[18:43:23] ################################################################
[18:43:23] 
[18:43:23] ━━━━━━━━━━━━━━━━━━━━━━━━━━━━━━━━━━━━━━━━━━━━━━━━━━━━━━━━━━━━
[18:43:23]   WINDOW A: train_end=2024-06-30
[18:43:23] ━━━━━━━━━━━━━━━━━━━━━━━━━━━━━━━━━━━━━━━━━━━━━━━━━━━━━━━━━━━━
[18:43:23] 🧠 Training: WinA_train2024H1 / v6_base
[18:43:23]    train_end=2024-06-30  val_end=2024-12-24
[18:43:23]    flags: --no-news
======================================================================
  CRYPTO ALPHA MODEL v6
  12h Target + Optimized Holding Period + Walk-Forward
======================================================================

📊 Loading data...
   Shape: (2565321, 107), Symbols: 50
   🎯 Adding targets...
   🌐 Adding cross-asset features...
   🔰 Adding advanced regime features...
   🕐 Adding 12h-specific features...
   ✅ Added ~10 features for 12h holding period
   📅 Adding calendar features...
   ✅ Added 9 calendar features
   🏛️ Adding macro features...
      Macro raw: 9 cols, derived: 29, total new: 38
   📰 Adding sentiment features... (news_mode=none)
      FNG: 2018-02-01 → 2026-03-11, mean=48.3
      Funding: 96,393 non-zero rows (3.8%)
      LS ratio: 0 non-missing rows
      Synthetic positioning features...
      ⏭️  Skipping news features (news_mode=none)
   ✅ Sentiment features added: 175 → 200 total
   📊 Adding derivatives features (Binance Futures)...
      Loaded metrics: 1,800,870 rows, 50 symbols, 2021-12-01 → 2026-03-12
      OI: 1,785,559 rows (69.6%), 9 features
      Taker: 1,648,976 rows (64.3%), 6 features
      Top L/S: 1,433,710 rows (55.9%), 5 features
      Global L/S: 3 features
      Binance funding: 2,239,209 rows (87.3%)
      Funding surprise: computed from OKX funding data
      Market-wide aggregates: 4 features
      Basis/Premium: 448,115 rows (17.5%), 6 features
      ⚠️  No liquidation data (run download_binance_futures.py)
      DVOL: 13 features (BTC range: 2021-04-01 → 2026-03-15)
   ✅ Derivatives features: +48 features
   Features: 248
   📐 Cross-sectional rank normalization...
   ✅ Ranked 167 CS features, preserved 81 unranked
   Final shape: (2564721, 267)
   Date range: 2017-09-16 09:00:00+00:00 → 2026-03-07 03:00:00+00:00

🔴 PRODUCTION MODE — max training data, models go to live trading
   Train: start → 2024-06-30
   Val:   2024-07-08 → 2024-12-24
   Test:  (none — live trading)

======================================================================
  ROLLING WALK-FORWARD (1 windows)
======================================================================

──────────────────────────────────────────────────────────────────────
  Window 1/1: PROD (max data)
  Train: → 2024-06-30
  Val:   2024-07-08 → 2024-12-24
  Test:  2024-12-24 → 2026-12-31
──────────────────────────────────────────────────────────────────────
   Train: 1,853,979 | Val: 200,267 | Test: 500,875
Training until validation scores don't improve for 100 rounds
[200]	valid_0's l2: 0.082672
[400]	valid_0's l2: 0.0825446
[600]	valid_0's l2: 0.0824667
[800]	valid_0's l2: 0.0824278
[1000]	valid_0's l2: 0.082392
[1200]	valid_0's l2: 0.082373
[1400]	valid_0's l2: 0.082357
Early stopping, best iteration is:
[1440]	valid_0's l2: 0.0823503
   🔪 Feature selection: 248 → 198

   🌱 Multi-seed ensemble (5 seeds)...
      Seed 42 (1/5)... Training until validation scores don't improve for 100 rounds
[200]	valid_0's l2: 0.0826824
[400]	valid_0's l2: 0.0825641
[600]	valid_0's l2: 0.0824936
[800]	valid_0's l2: 0.0824425
[1000]	valid_0's l2: 0.0824054
[1200]	valid_0's l2: 0.0823802
[1400]	valid_0's l2: 0.0823665
Early stopping, best iteration is:
[1359]	valid_0's l2: 0.0823628
iters=1359
      Seed 123 (2/5)... Training until validation scores don't improve for 100 rounds
[200]	valid_0's l2: 0.08268
[400]	valid_0's l2: 0.0825722
[600]	valid_0's l2: 0.0824831
[800]	valid_0's l2: 0.0824356
[1000]	valid_0's l2: 0.0824115
[1200]	valid_0's l2: 0.0823976
Early stopping, best iteration is:
[1122]	valid_0's l2: 0.0823908
iters=1122
      Seed 456 (3/5)... Training until validation scores don't improve for 100 rounds
[200]	valid_0's l2: 0.0826804
[400]	valid_0's l2: 0.0825541
[600]	valid_0's l2: 0.082488
[800]	valid_0's l2: 0.082452
[1000]	valid_0's l2: 0.0824197
[1200]	valid_0's l2: 0.0824054
[1400]	valid_0's l2: 0.0823854
Early stopping, best iteration is:
[1417]	valid_0's l2: 0.0823795
iters=1417
      Seed 789 (4/5)... Training until validation scores don't improve for 100 rounds
[200]	valid_0's l2: 0.0826722
[400]	valid_0's l2: 0.0825434
[600]	valid_0's l2: 0.0824861
[800]	valid_0's l2: 0.0824387
[1000]	valid_0's l2: 0.0824101
[1200]	valid_0's l2: 0.0823977
Early stopping, best iteration is:
[1185]	valid_0's l2: 0.0823971
iters=1185
      Seed 2024 (5/5)... Training until validation scores don't improve for 100 rounds
[200]	valid_0's l2: 0.0826816
[400]	valid_0's l2: 0.0825477
[600]	valid_0's l2: 0.082462
[800]	valid_0's l2: 0.0824138
[1000]	valid_0's l2: 0.0823839
[1200]	valid_0's l2: 0.0823608
[1400]	valid_0's l2: 0.0823443
Early stopping, best iteration is:
[1411]	valid_0's l2: 0.0823415
iters=1411
   💾 Saved 5 models + feature names

   📈 Window 1 Results:
      IC                             0.0151
      Rank_IC                        0.0254
      ICIR                           0.3019
      Rank_ICIR                      0.467
      LS_Sharpe_raw                  3.48
      LS_Sharpe_net                  2.14
      LS_Ann_Return_net_%            82.3
      LS_MaxDD_net_%                 -95.6
      LS_Total_net_%                 4769839.5
      LS_VolTarget_Sharpe            2.82
      LS_VolTarget_MaxDD_%           -96.4
      LS_VolTarget_Total_%           123966136914.0
      LS_DDStop_Sharpe               3.85
      LS_DDStop_MaxDD_%              -24.9
      LS_DDStop_Total_%              5565495.8
      LO5_Sharpe                     -0.37
      LO10_Sharpe                    -0.66
      N_periods                      10516
      Cost_per_period_bps            3.5

======================================================================
  AGGREGATE RESULTS (1 windows)
======================================================================

   📈 Combined Results (all windows):
      Periods: 10516
      LS Net:       Sharpe=2.14, MaxDD=-95.6%, Total=4769839.5%
      LS VolTarget: Sharpe=2.82, MaxDD=-96.4%, Total=123966136914.0%
      LS DDStop:    Sharpe=3.85, MaxDD=-24.9%, Total=5565495.8%

🏆 Top 30 Features (last window):
      btc_vol_24h                              711
      vix_close_chg_1d                         695
      close_ma336_ratio                        686
      close_ma720_ratio                        671
      oi_value_usd                             627
   📰 btc_beta_168h                            617
      spx_close_chg_1d                         610
      ret_sharpe_168h                          578
      gk_vol_168h                              575
      vol_12h_cs_rank                          516
      breadth_pct_positive                     514
      dxy_close                                501
   📰 funding_rate_binance                     492
      ret_std_168h                             489
   📰 fng_momentum                             478
      spx_close_chg_20d                        478
      real_rate_chg_5d                         474
   📰 btc_beta_48h                             461
      ret_sharpe_24h                           410
      atr_48                                   408
   📰 fng_ma30                                 402
      vix_close                                392
      vol_trend_12_48                          381
      yield_curve_10y2y_chg_20d                369
      gold_close_chg_5d                        368
      global_ls_ratio                          367
      yield_curve_10y2y                        363
      gold_close                               362
      vol_price_corr_168h                      358
      gk_vol_48h                               355

   📰 Sentiment features in top 30: 5/30

======================================================================
  FINAL SUMMARY v6 (12h target)
======================================================================
   Rank IC (avg):            +0.0254
   Rank ICIR (avg):          +0.4670
   LS Sharpe net (avg):      +2.14
   LS MaxDD net (avg):       -95.6%
   LS VolTarget Sharpe:      +2.82
   LS VolTarget MaxDD:       -96.4%
   LS DDStop Sharpe:         +3.85
   LS DDStop MaxDD:          -24.9%
   Cost model:               0.03% taker + 0.01% slip + 0.005%/8h funding
======================================================================
🟡 DECENT — Signal exists, risk partially controlled.
   → Consider tighter DD stop or reduce position sizing.

✅ Results saved to results/mega_comparison/models/WinA_train2024H1/v6_base/
[18:56:01]    ✅ Done: v6_base (758s)
[18:56:01] 🧠 Training: WinA_train2024H1 / v6_with_news
[18:56:01]    train_end=2024-06-30  val_end=2024-12-24
[18:56:01]    flags: --news-mode all
======================================================================
  CRYPTO ALPHA MODEL v6
  12h Target + Optimized Holding Period + Walk-Forward
======================================================================

📊 Loading data...
   Shape: (2565321, 107), Symbols: 50
   🎯 Adding targets...
   🌐 Adding cross-asset features...
   🔰 Adding advanced regime features...
   🕐 Adding 12h-specific features...
   ✅ Added ~10 features for 12h holding period
   📅 Adding calendar features...
   ✅ Added 9 calendar features
   🏛️ Adding macro features...
      Macro raw: 9 cols, derived: 29, total new: 38
   📰 Adding sentiment features... (news_mode=all)
      FNG: 2018-02-01 → 2026-03-11, mean=48.3
      Funding: 96,393 non-zero rows (3.8%)
      LS ratio: 0 non-missing rows
      Synthetic positioning features...
      Loading news features (mode=all)...
      + coin-level news: 8 features
      + market-level news: 7 features
      📊 Coverage: 2,228,238/2,565,321 rows (86.9%)
      📰 Events: 1,100,564/2,228,238 covered rows (49.4%) have news
      🕳️  Holes: 337,083 rows = NaN (not 0!)
   ✅ Sentiment features added: 175 → 212 total
   📊 Adding derivatives features (Binance Futures)...
      Loaded metrics: 1,800,870 rows, 50 symbols, 2021-12-01 → 2026-03-12
      OI: 1,785,559 rows (69.6%), 9 features
      Taker: 1,648,976 rows (64.3%), 6 features
      Top L/S: 1,433,710 rows (55.9%), 5 features
      Global L/S: 3 features
      Binance funding: 2,239,209 rows (87.3%)
      Funding surprise: computed from OKX funding data
      Market-wide aggregates: 4 features
      Basis/Premium: 448,115 rows (17.5%), 6 features
      ⚠️  No liquidation data (run download_binance_futures.py)
      DVOL: 13 features (BTC range: 2021-04-01 → 2026-03-15)
   ✅ Derivatives features: +48 features
   Features: 260
   📐 Cross-sectional rank normalization...
   ✅ Ranked 172 CS features, preserved 88 unranked
   Final shape: (2564721, 279)
   Date range: 2017-09-16 09:00:00+00:00 → 2026-03-07 03:00:00+00:00

🔴 PRODUCTION MODE — max training data, models go to live trading
   Train: start → 2024-06-30
   Val:   2024-07-08 → 2024-12-24
   Test:  (none — live trading)

======================================================================
  ROLLING WALK-FORWARD (1 windows)
======================================================================

──────────────────────────────────────────────────────────────────────
  Window 1/1: PROD (max data)
  Train: → 2024-06-30
  Val:   2024-07-08 → 2024-12-24
  Test:  2024-12-24 → 2026-12-31
──────────────────────────────────────────────────────────────────────
   Train: 1,853,979 | Val: 200,267 | Test: 500,875
Training until validation scores don't improve for 100 rounds
[200]	valid_0's l2: 0.0826584
[400]	valid_0's l2: 0.0825368
[600]	valid_0's l2: 0.0824782
[800]	valid_0's l2: 0.0824389
[1000]	valid_0's l2: 0.0824133
[1200]	valid_0's l2: 0.0823944
Early stopping, best iteration is:
[1282]	valid_0's l2: 0.0823821
   🔪 Feature selection: 260 → 208

   🌱 Multi-seed ensemble (5 seeds)...
      Seed 42 (1/5)... Training until validation scores don't improve for 100 rounds
[200]	valid_0's l2: 0.0826818
[400]	valid_0's l2: 0.0825494
[600]	valid_0's l2: 0.0824715
[800]	valid_0's l2: 0.0824223
[1000]	valid_0's l2: 0.0823931
Early stopping, best iteration is:
[1047]	valid_0's l2: 0.0823889
iters=1047
      Seed 123 (2/5)... Training until validation scores don't improve for 100 rounds
[200]	valid_0's l2: 0.082666
[400]	valid_0's l2: 0.0825297
[600]	valid_0's l2: 0.0824603
[800]	valid_0's l2: 0.0823988
[1000]	valid_0's l2: 0.0823793
[1200]	valid_0's l2: 0.0823632
[1400]	valid_0's l2: 0.0823568
[1600]	valid_0's l2: 0.08234
Early stopping, best iteration is:
[1629]	valid_0's l2: 0.0823371
iters=1629
      Seed 456 (3/5)... Training until validation scores don't improve for 100 rounds
[200]	valid_0's l2: 0.0826797
[400]	valid_0's l2: 0.0825534
[600]	valid_0's l2: 0.0824827
[800]	valid_0's l2: 0.0824374
[1000]	valid_0's l2: 0.0824118
Early stopping, best iteration is:
[981]	valid_0's l2: 0.0824087
iters=981
      Seed 789 (4/5)... Training until validation scores don't improve for 100 rounds
[200]	valid_0's l2: 0.082686
[400]	valid_0's l2: 0.0825669
[600]	valid_0's l2: 0.0825006
[800]	valid_0's l2: 0.0824464
[1000]	valid_0's l2: 0.0824307
[1200]	valid_0's l2: 0.0823911
Early stopping, best iteration is:
[1254]	valid_0's l2: 0.0823805
iters=1254
      Seed 2024 (5/5)... Training until validation scores don't improve for 100 rounds
[200]	valid_0's l2: 0.0826691
[400]	valid_0's l2: 0.0825458
[600]	valid_0's l2: 0.0824583
[800]	valid_0's l2: 0.0824088
Early stopping, best iteration is:
[861]	valid_0's l2: 0.0824032
iters=861
   💾 Saved 5 models + feature names

   📈 Window 1 Results:
      IC                             0.0135
      Rank_IC                        0.0235
      ICIR                           0.3011
      Rank_ICIR                      0.4641
      LS_Sharpe_raw                  3.43
      LS_Sharpe_net                  2.09
      LS_Ann_Return_net_%            80.6
      LS_MaxDD_net_%                 -95.5
      LS_Total_net_%                 3706135.7
      LS_VolTarget_Sharpe            2.8
      LS_VolTarget_MaxDD_%           -96.9
      LS_VolTarget_Total_%           98674451769.1
      LS_DDStop_Sharpe               3.7
      LS_DDStop_MaxDD_%              -25.0
      LS_DDStop_Total_%              4302168.8
      LO5_Sharpe                     -0.43
      LO10_Sharpe                    -0.68
      N_periods                      10516
      Cost_per_period_bps            3.5

======================================================================
  AGGREGATE RESULTS (1 windows)
======================================================================

   📈 Combined Results (all windows):
      Periods: 10516
      LS Net:       Sharpe=2.09, MaxDD=-95.5%, Total=3706135.7%
      LS VolTarget: Sharpe=2.80, MaxDD=-96.9%, Total=98674451769.1%
      LS DDStop:    Sharpe=3.70, MaxDD=-25.0%, Total=4302168.8%

🏆 Top 30 Features (last window):
      vix_close_chg_1d                         508
      btc_vol_24h                              493
      close_ma336_ratio                        442
      close_ma720_ratio                        410
      breadth_pct_positive                     389
      gk_vol_168h                              380
      ret_sharpe_168h                          377
      oi_value_usd                             360
   📰 btc_beta_168h                            337
      spx_close_chg_1d                         332
      vol_12h_cs_rank                          322
   📰 funding_rate_binance                     316
      ret_sharpe_24h                           304
      ret_std_168h                             282
   📰 btc_beta_48h                             279
      news_count_7d                            271
      dxy_close                                267
      vol_trend_12_48                          256
      vix_close                                249
      close_ma6_ratio                          246
   📰 fng_ma30                                 244
      macd_signal                              234
      spx_close_chg_20d                        232
      close_ma12_ratio                         231
      atr_48                                   227
      gk_vol_48h                               224
      global_ls_ratio                          219
      gk_vol_24h                               218
   📰 fng_momentum                             216
      gold_close                               214

   📰 Sentiment features in top 30: 5/30

======================================================================
  FINAL SUMMARY v6 (12h target)
======================================================================
   Rank IC (avg):            +0.0235
   Rank ICIR (avg):          +0.4641
   LS Sharpe net (avg):      +2.09
   LS MaxDD net (avg):       -95.5%
   LS VolTarget Sharpe:      +2.80
   LS VolTarget MaxDD:       -96.9%
   LS DDStop Sharpe:         +3.70
   LS DDStop MaxDD:          -25.0%
   Cost model:               0.03% taker + 0.01% slip + 0.005%/8h funding
======================================================================
🟡 DECENT — Signal exists, risk partially controlled.
   → Consider tighter DD stop or reduce position sizing.

✅ Results saved to results/mega_comparison/models/WinA_train2024H1/v6_with_news/
[19:07:57]    ✅ Done: v6_with_news (716s)
[19:07:57] 🧠 Training: WinA_train2024H1 / v6_no_deriv
[19:07:57]    train_end=2024-06-30  val_end=2024-12-24
[19:07:57]    flags: --no-news --no-derivatives
======================================================================
  CRYPTO ALPHA MODEL v6
  12h Target + Optimized Holding Period + Walk-Forward
======================================================================

📊 Loading data...
   Shape: (2565321, 107), Symbols: 50
   🎯 Adding targets...
   🌐 Adding cross-asset features...
   🔰 Adding advanced regime features...
   🕐 Adding 12h-specific features...
   ✅ Added ~10 features for 12h holding period
   📅 Adding calendar features...
   ✅ Added 9 calendar features
   🏛️ Adding macro features...
      Macro raw: 9 cols, derived: 29, total new: 38
   📰 Adding sentiment features... (news_mode=none)
      FNG: 2018-02-01 → 2026-03-11, mean=48.3
      Funding: 96,393 non-zero rows (3.8%)
      LS ratio: 0 non-missing rows
      Synthetic positioning features...
      ⏭️  Skipping news features (news_mode=none)
   ✅ Sentiment features added: 175 → 200 total
   ⏭️  Skipping derivatives features (--no-derivatives)
   Features: 200
   📐 Cross-sectional rank normalization...
   ✅ Ranked 132 CS features, preserved 68 unranked
   Final shape: (2564721, 219)
   Date range: 2017-09-16 09:00:00+00:00 → 2026-03-07 03:00:00+00:00

🔴 PRODUCTION MODE — max training data, models go to live trading
   Train: start → 2024-06-30
   Val:   2024-07-08 → 2024-12-24
   Test:  (none — live trading)

======================================================================
  ROLLING WALK-FORWARD (1 windows)
======================================================================

──────────────────────────────────────────────────────────────────────
  Window 1/1: PROD (max data)
  Train: → 2024-06-30
  Val:   2024-07-08 → 2024-12-24
  Test:  2024-12-24 → 2026-12-31
──────────────────────────────────────────────────────────────────────
   Train: 1,853,979 | Val: 200,267 | Test: 500,875
Training until validation scores don't improve for 100 rounds
[200]	valid_0's l2: 0.0826966
[400]	valid_0's l2: 0.0825974
[600]	valid_0's l2: 0.0825597
[800]	valid_0's l2: 0.082536
[1000]	valid_0's l2: 0.0825184
[1200]	valid_0's l2: 0.0825153
Early stopping, best iteration is:
[1127]	valid_0's l2: 0.0825088
   🔪 Feature selection: 200 → 159

   🌱 Multi-seed ensemble (5 seeds)...
      Seed 42 (1/5)... Training until validation scores don't improve for 100 rounds
[200]	valid_0's l2: 0.0826856
[400]	valid_0's l2: 0.0826021
[600]	valid_0's l2: 0.0825471
[800]	valid_0's l2: 0.082526
[1000]	valid_0's l2: 0.0825218
Early stopping, best iteration is:
[950]	valid_0's l2: 0.0825171
iters=950
      Seed 123 (2/5)... Training until validation scores don't improve for 100 rounds
[200]	valid_0's l2: 0.0827007
[400]	valid_0's l2: 0.0826017
[600]	valid_0's l2: 0.0825616
[800]	valid_0's l2: 0.0825463
[1000]	valid_0's l2: 0.0825367
Early stopping, best iteration is:
[1030]	valid_0's l2: 0.0825343
iters=1030
      Seed 456 (3/5)... Training until validation scores don't improve for 100 rounds
[200]	valid_0's l2: 0.0826956
[400]	valid_0's l2: 0.0826014
[600]	valid_0's l2: 0.0825514
[800]	valid_0's l2: 0.082524
[1000]	valid_0's l2: 0.0824998
[1200]	valid_0's l2: 0.0824792
Early stopping, best iteration is:
[1270]	valid_0's l2: 0.0824753
iters=1270
      Seed 789 (4/5)... Training until validation scores don't improve for 100 rounds
[200]	valid_0's l2: 0.0827068
[400]	valid_0's l2: 0.0826197
[600]	valid_0's l2: 0.0825807
[800]	valid_0's l2: 0.0825496
[1000]	valid_0's l2: 0.0825443
Early stopping, best iteration is:
[965]	valid_0's l2: 0.0825428
iters=965
      Seed 2024 (5/5)... Training until validation scores don't improve for 100 rounds
[200]	valid_0's l2: 0.0826975
[400]	valid_0's l2: 0.0826069
[600]	valid_0's l2: 0.0825559
[800]	valid_0's l2: 0.0825129
[1000]	valid_0's l2: 0.0825095
Early stopping, best iteration is:
[914]	valid_0's l2: 0.0825005
iters=914
   💾 Saved 5 models + feature names

   📈 Window 1 Results:
      IC                             0.0144
      Rank_IC                        0.0232
      ICIR                           0.3128
      Rank_ICIR                      0.4489
      LS_Sharpe_raw                  3.13
      LS_Sharpe_net                  1.79
      LS_Ann_Return_net_%            69.6
      LS_MaxDD_net_%                 -93.8
      LS_Total_net_%                 751364.6
      LS_VolTarget_Sharpe            2.51
      LS_VolTarget_MaxDD_%           -97.7
      LS_VolTarget_Total_%           8518729350.7
      LS_DDStop_Sharpe               2.95
      LS_DDStop_MaxDD_%              -24.9
      LS_DDStop_Total_%              263079.2
      LO5_Sharpe                     -0.57
      LO10_Sharpe                    -0.71
      N_periods                      10516
      Cost_per_period_bps            3.5

======================================================================
  AGGREGATE RESULTS (1 windows)
======================================================================

   📈 Combined Results (all windows):
      Periods: 10516
      LS Net:       Sharpe=1.79, MaxDD=-93.8%, Total=751364.6%
      LS VolTarget: Sharpe=2.51, MaxDD=-97.7%, Total=8518729350.7%
      LS DDStop:    Sharpe=2.95, MaxDD=-24.9%, Total=263079.2%

🏆 Top 30 Features (last window):
      btc_vol_24h                              634
      vix_close_chg_1d                         565
      close_ma720_ratio                        560
      breadth_pct_positive                     489
      close_ma336_ratio                        488
      spx_close_chg_1d                         466
      gk_vol_168h                              460
      ret_sharpe_168h                          460
      vol_12h_cs_rank                          453
   📰 btc_beta_168h                            433
      dxy_close                                383
      ret_sharpe_24h                           367
      gold_close                               355
      ret_std_168h                             351
      spx_close_chg_20d                        342
      atr_48                                   325
   📰 btc_beta_48h                             322
      vol_trend_12_48                          315
   📰 fng_ma30                                 314
      real_rate_chg_5d                         307
      vix_close                                307
   📰 fng_momentum                             306
      yield_curve_10y2y                        292
      gold_close_chg_5d                        282
      close_ma6_ratio                          276
      vol_price_corr_48h                       272
      close_ma12_ratio                         268
   📰 fng_ma7                                  267
      gk_vol_24h                               261
      cci_48                                   258

   📰 Sentiment features in top 30: 5/30

======================================================================
  FINAL SUMMARY v6 (12h target)
======================================================================
   Rank IC (avg):            +0.0232
   Rank ICIR (avg):          +0.4489
   LS Sharpe net (avg):      +1.79
   LS MaxDD net (avg):       -93.8%
   LS VolTarget Sharpe:      +2.51
   LS VolTarget MaxDD:       -97.7%
   LS DDStop Sharpe:         +2.95
   LS DDStop MaxDD:          -24.9%
   Cost model:               0.03% taker + 0.01% slip + 0.005%/8h funding
======================================================================
🟡 DECENT — Signal exists, risk partially controlled.
   → Consider tighter DD stop or reduce position sizing.

✅ Results saved to results/mega_comparison/models/WinA_train2024H1/v6_no_deriv/
[19:16:31]    ✅ Done: v6_no_deriv (514s)
[19:16:31] 🧠 Training: WinA_train2024H1 / v7_base
[19:16:31]    train_end=2024-06-30  val_end=2024-12-24
[19:16:31]    flags: --no-news
======================================================================
  CRYPTO ALPHA MODEL v7
  12h Blended Target + Enhanced Features + Walk-Forward
======================================================================

📊 Loading data...
   Shape: (2565321, 107), Symbols: 50
   🎯 Adding targets...
   🌐 Adding cross-asset features...
   🔰 Adding advanced regime features...
   🕐 Adding 12h-specific features (v7 enhanced)...
   ✅ Added ~18 features for 12h holding period (v7)
   📅 Adding calendar features...
   ✅ Added 9 calendar features
   🏛️ Adding macro features...
      Macro raw: 9 cols, derived: 29, total new: 38
   📰 Adding sentiment features...
      FNG: 2018-02-01 → 2026-03-11, mean=48.3
      Funding: 96,393 non-zero rows (3.8%)
      LS ratio: 0 non-missing rows
      Synthetic positioning features...
   ✅ Sentiment features added: 182 → 207 total
   📊 Adding derivatives features (Binance Futures)...
      Loaded metrics: 1,800,870 rows, 50 symbols, 2021-12-01 → 2026-03-12
      OI: 1,785,559 rows (69.6%), 9 features
      Taker: 1,648,976 rows (64.3%), 6 features
      Top L/S: 1,433,710 rows (55.9%), 5 features
      Global L/S: 3 features
      Binance funding: 2,239,209 rows (87.3%)
      Funding surprise: computed from OKX funding data
      Market-wide aggregates: 4 features
      Basis/Premium: 448,115 rows (17.5%), 6 features
      ⚠️  No liquidation data (run download_binance_futures.py)
      DVOL: 13 features (BTC range: 2021-04-01 → 2026-03-15)
   ✅ Derivatives features: +48 features
   Features: 255
   📐 Cross-sectional rank normalization...
   ✅ Ranked 174 CS features, preserved 81 unranked
   Final shape: (2564121, 275)
   Date range: 2017-09-16 09:00:00+00:00 → 2026-03-06 15:00:00+00:00

🔴 PRODUCTION MODE — max training data, models go to live trading
   Train: start → 2024-06-30
   Val:   2024-07-08 → 2024-12-24
   Test:  (none — live trading)

======================================================================
  ROLLING WALK-FORWARD (1 windows)
======================================================================

──────────────────────────────────────────────────────────────────────
  Window 1/1: PROD (max data)
  Train: → 2024-06-30
  Val:   2024-07-08 → 2024-12-24
  Test:  2024-12-24 → 2026-12-31
──────────────────────────────────────────────────────────────────────
   Train: 1,853,979 | Val: 200,255 | Test: 500,287
Training until validation scores don't improve for 100 rounds
[200]	valid_0's l2: 0.0826711
[400]	valid_0's l2: 0.0825224
[600]	valid_0's l2: 0.0824519
[800]	valid_0's l2: 0.0823997
[1000]	valid_0's l2: 0.0823664
Early stopping, best iteration is:
[991]	valid_0's l2: 0.0823638
   🔪 Feature selection: 255 → 203

   🌱 Multi-seed ensemble (5 seeds)...
      Seed 42 (1/5)... Training until validation scores don't improve for 100 rounds
[200]	valid_0's l2: 0.0826388
[400]	valid_0's l2: 0.0824826
[600]	valid_0's l2: 0.0823907
[800]	valid_0's l2: 0.0823241
[1000]	valid_0's l2: 0.0822787
[1200]	valid_0's l2: 0.0822648
[1400]	valid_0's l2: 0.0822454
Early stopping, best iteration is:
[1384]	valid_0's l2: 0.0822421
iters=1384
      Seed 123 (2/5)... Training until validation scores don't improve for 100 rounds
[200]	valid_0's l2: 0.0826506
[400]	valid_0's l2: 0.0824935
[600]	valid_0's l2: 0.0824189
[800]	valid_0's l2: 0.0823688
[1000]	valid_0's l2: 0.0823339
[1200]	valid_0's l2: 0.0823138
[1400]	valid_0's l2: 0.0823
[1600]	valid_0's l2: 0.0822852
Early stopping, best iteration is:
[1590]	valid_0's l2: 0.0822821
iters=1590
      Seed 456 (3/5)... Training until validation scores don't improve for 100 rounds
[200]	valid_0's l2: 0.0826446
[400]	valid_0's l2: 0.0824935
[600]	valid_0's l2: 0.0824241
[800]	valid_0's l2: 0.0823672
Early stopping, best iteration is:
[855]	valid_0's l2: 0.082352
iters=855
      Seed 789 (4/5)... Training until validation scores don't improve for 100 rounds
[200]	valid_0's l2: 0.0826461
[400]	valid_0's l2: 0.082505
[600]	valid_0's l2: 0.0824301
[800]	valid_0's l2: 0.0823866
[1000]	valid_0's l2: 0.0823594
[1200]	valid_0's l2: 0.0823364
Early stopping, best iteration is:
[1225]	valid_0's l2: 0.0823305
iters=1225
      Seed 2024 (5/5)... Training until validation scores don't improve for 100 rounds
[200]	valid_0's l2: 0.082645
[400]	valid_0's l2: 0.0824966
[600]	valid_0's l2: 0.0824044
[800]	valid_0's l2: 0.0823583
[1000]	valid_0's l2: 0.0823351
[1200]	valid_0's l2: 0.0823013
[1400]	valid_0's l2: 0.0822776
Early stopping, best iteration is:
[1375]	valid_0's l2: 0.0822751
iters=1375
   💾 Saved 5 models + feature names

   📈 Window 1 Results:
      IC                             0.0152
      Rank_IC                        0.0241
      ICIR                           0.31
      Rank_ICIR                      0.4679
      LS_Sharpe_raw                  3.42
      LS_Sharpe_net                  2.05
      LS_Ann_Return_net_%            77.7
      LS_MaxDD_net_%                 -95.1
      LS_Total_net_%                 2524714.2
      LS_VolTarget_Sharpe            2.72
      LS_VolTarget_MaxDD_%           -97.1
      LS_VolTarget_Total_%           49046858426.9
      LS_DDStop_Sharpe               3.77
      LS_DDStop_MaxDD_%              -25.0
      LS_DDStop_Total_%              2271862.1
      LO5_Sharpe                     -0.36
      LO10_Sharpe                    -0.65
      N_periods                      10504
      Cost_per_period_bps            3.5

======================================================================
  AGGREGATE RESULTS (1 windows)
======================================================================

   📈 Combined Results (all windows):
      Periods: 10504
      LS Net:       Sharpe=2.05, MaxDD=-95.1%, Total=2524714.2%
      LS VolTarget: Sharpe=2.72, MaxDD=-97.1%, Total=49046858426.9%
      LS DDStop:    Sharpe=3.77, MaxDD=-25.0%, Total=2271862.1%

🏆 Top 30 Features (last window):
      btc_vol_24h                              785
      close_ma336_ratio                        703
      vix_close_chg_1d                         688
      close_ma720_ratio                        679
      oi_value_usd                             663
   📰 btc_beta_168h                            623
      gk_vol_168h                              616
      ret_sharpe_168h                          613
      vol_12h_cs_rank                          554
      dxy_close                                536
      spx_close_chg_20d                        499
      real_rate_chg_5d                         497
   📰 fng_momentum                             488
      ret_std_168h                             484
   📰 funding_rate_binance                     480
      spx_close_chg_1d                         465
      vix_close                                450
   📰 fng_ma30                                 426
      yield_curve_10y2y_chg_20d                418
      breadth_pct_positive                     414
      dxy_close_chg_20d                        414
      atr_48                                   407
   📰 btc_beta_48h                             402
      breakeven_10y_chg_20d                    399
      vix_close_chg_20d                        398
      breakeven_10y                            396
      vol_price_corr_168h                      396
      yield_curve_10y2y                        383
      global_ls_ratio                          379
   📰 fng_ma7                                  374

   📰 Sentiment features in top 30: 6/30

======================================================================
  FINAL SUMMARY v7 (12h blended target)
======================================================================
   Rank IC (avg):            +0.0241
   Rank ICIR (avg):          +0.4679
   LS Sharpe net (avg):      +2.05
   LS MaxDD net (avg):       -95.1%
   LS VolTarget Sharpe:      +2.72
   LS VolTarget MaxDD:       -97.1%
   LS DDStop Sharpe:         +3.77
   LS DDStop MaxDD:          -25.0%
   Cost model:               0.03% taker + 0.01% slip + 0.005%/8h funding
======================================================================
🟡 DECENT — Signal exists, risk partially controlled.
   → Consider tighter DD stop or reduce position sizing.

✅ Results saved to results/mega_comparison/models/WinA_train2024H1/v7_base/
[19:28:50]    ✅ Done: v7_base (739s)
[19:28:50] 🧠 Training: WinA_train2024H1 / v7_with_news
[19:28:50]    train_end=2024-06-30  val_end=2024-12-24
[19:28:50]    flags: --news-mode all
======================================================================
  CRYPTO ALPHA MODEL v7
  12h Blended Target + Enhanced Features + Walk-Forward
======================================================================

📊 Loading data...
   Shape: (2565321, 107), Symbols: 50
   🎯 Adding targets...
   🌐 Adding cross-asset features...
   🔰 Adding advanced regime features...
   🕐 Adding 12h-specific features (v7 enhanced)...
   ✅ Added ~18 features for 12h holding period (v7)
   📅 Adding calendar features...
   ✅ Added 9 calendar features
   🏛️ Adding macro features...
      Macro raw: 9 cols, derived: 29, total new: 38
   📰 Adding sentiment features... (news_mode=all)
      FNG: 2018-02-01 → 2026-03-11, mean=48.3
      Funding: 96,393 non-zero rows (3.8%)
      LS ratio: 0 non-missing rows
      Synthetic positioning features...
      Loading news features (mode=all)...
      + coin-level news: 8 features
      + market-level news: 7 features
      📊 Coverage: 2,228,238/2,565,321 rows (86.9%)
      📰 Events: 1,100,564/2,228,238 covered rows (49.4%) have news
      🕳️  Holes: 337,083 rows = NaN (not 0!)
   ✅ Sentiment features added: 183 → 219 total
   📰 v7+news: used v6 sentiment function (mode=all)
   📊 Adding derivatives features (Binance Futures)...
      Loaded metrics: 1,800,870 rows, 50 symbols, 2021-12-01 → 2026-03-12
      OI: 1,785,559 rows (69.6%), 9 features
      Taker: 1,648,976 rows (64.3%), 6 features
      Top L/S: 1,433,710 rows (55.9%), 5 features
      Global L/S: 3 features
      Binance funding: 2,239,209 rows (87.3%)
      Funding surprise: computed from OKX funding data
      Market-wide aggregates: 4 features
      Basis/Premium: 448,115 rows (17.5%), 6 features
      ⚠️  No liquidation data (run download_binance_futures.py)
      DVOL: 13 features (BTC range: 2021-04-01 → 2026-03-15)
   ✅ Derivatives features: +48 features
   Features: 267
   📐 Cross-sectional rank normalization...
   ✅ Ranked 186 CS features, preserved 81 unranked
   Final shape: (2564121, 287)
   Date range: 2017-09-16 09:00:00+00:00 → 2026-03-06 15:00:00+00:00

🔴 PRODUCTION MODE — max training data, models go to live trading
   Train: start → 2024-06-30
   Val:   2024-07-08 → 2024-12-24
   Test:  (none — live trading)

======================================================================
  ROLLING WALK-FORWARD (1 windows)
======================================================================

──────────────────────────────────────────────────────────────────────
  Window 1/1: PROD (max data)
  Train: → 2024-06-30
  Val:   2024-07-08 → 2024-12-24
  Test:  2024-12-24 → 2026-12-31
──────────────────────────────────────────────────────────────────────
   Train: 1,853,979 | Val: 200,255 | Test: 500,287
Training until validation scores don't improve for 100 rounds
[200]	valid_0's l2: 0.0826487
[400]	valid_0's l2: 0.0824804
[600]	valid_0's l2: 0.0823919
[800]	valid_0's l2: 0.0823556
[1000]	valid_0's l2: 0.0823154
[1200]	valid_0's l2: 0.082275
[1400]	valid_0's l2: 0.0822663
Early stopping, best iteration is:
[1464]	valid_0's l2: 0.0822592
   🔪 Feature selection: 267 → 209

   🌱 Multi-seed ensemble (5 seeds)...
      Seed 42 (1/5)... Training until validation scores don't improve for 100 rounds
[200]	valid_0's l2: 0.0826415
[400]	valid_0's l2: 0.0824953
[600]	valid_0's l2: 0.0824239
[800]	valid_0's l2: 0.0823695
[1000]	valid_0's l2: 0.0823475
[1200]	valid_0's l2: 0.0823215
Early stopping, best iteration is:
[1212]	valid_0's l2: 0.0823179
iters=1212
      Seed 123 (2/5)... Training until validation scores don't improve for 100 rounds
[200]	valid_0's l2: 0.0826329
[400]	valid_0's l2: 0.0824871
[600]	valid_0's l2: 0.0824138
[800]	valid_0's l2: 0.0823694
[1000]	valid_0's l2: 0.0823306
[1200]	valid_0's l2: 0.0823214
Early stopping, best iteration is:
[1209]	valid_0's l2: 0.0823178
iters=1209
      Seed 456 (3/5)... Training until validation scores don't improve for 100 rounds
[200]	valid_0's l2: 0.0826319
[400]	valid_0's l2: 0.0824665
[600]	valid_0's l2: 0.0823961
[800]	valid_0's l2: 0.0823531
[1000]	valid_0's l2: 0.082323
Early stopping, best iteration is:
[1095]	valid_0's l2: 0.0822924
iters=1095
      Seed 789 (4/5)... Training until validation scores don't improve for 100 rounds
[200]	valid_0's l2: 0.0826458
[400]	valid_0's l2: 0.0824864
[600]	valid_0's l2: 0.0824231
[800]	valid_0's l2: 0.0823652
[1000]	valid_0's l2: 0.0823461
Early stopping, best iteration is:
[932]	valid_0's l2: 0.0823379
iters=932
      Seed 2024 (5/5)... Training until validation scores don't improve for 100 rounds
[200]	valid_0's l2: 0.0826449
[400]	valid_0's l2: 0.0825118
[600]	valid_0's l2: 0.0824392
[800]	valid_0's l2: 0.0823719
Early stopping, best iteration is:
[803]	valid_0's l2: 0.0823695
iters=803
   💾 Saved 5 models + feature names

   📈 Window 1 Results:
      IC                             0.0132
      Rank_IC                        0.0237
      ICIR                           0.2991
      Rank_ICIR                      0.4618
      LS_Sharpe_raw                  3.33
      LS_Sharpe_net                  1.98
      LS_Ann_Return_net_%            75.9
      LS_MaxDD_net_%                 -96.7
      LS_Total_net_%                 1905142.9
      LS_VolTarget_Sharpe            2.68
      LS_VolTarget_MaxDD_%           -97.5
      LS_VolTarget_Total_%           37728065172.6
      LS_DDStop_Sharpe               3.82
      LS_DDStop_MaxDD_%              -25.0
      LS_DDStop_Total_%              1725773.5
      LO5_Sharpe                     -0.39
      LO10_Sharpe                    -0.68
      N_periods                      10504
      Cost_per_period_bps            3.5

======================================================================
  AGGREGATE RESULTS (1 windows)
======================================================================

   📈 Combined Results (all windows):
      Periods: 10504
      LS Net:       Sharpe=1.98, MaxDD=-96.7%, Total=1905142.9%
      LS VolTarget: Sharpe=2.68, MaxDD=-97.5%, Total=37728065172.6%
      LS DDStop:    Sharpe=3.82, MaxDD=-25.0%, Total=1725773.5%

🏆 Top 30 Features (last window):
      btc_vol_24h                              472
      vix_close_chg_1d                         432
      close_ma336_ratio                        431
      close_ma720_ratio                        375
   📰 btc_beta_168h                            363
      gk_vol_168h                              354
      ret_sharpe_168h                          345
      news_count_7d                            333
      breadth_pct_positive                     321
      oi_value_usd                             306
   📰 funding_rate_binance                     300
      vol_12h_cs_rank                          296
      spx_close_chg_1d                         282
      ret_std_168h                             281
      spx_close_chg_20d                        271
      real_rate_chg_5d                         259
      dxy_close                                259
      global_ls_ratio                          258
      vix_close                                247
   📰 fng_momentum                             244
      ret_sharpe_24h                           237
      macd_signal                              234
      yield_curve_10y2y_chg_20d                223
   📰 fng_ma30                                 221
      close_ma6_ratio                          220
      gk_vol_48h                               219
   📰 fng_ma7                                  217
      atr_48                                   216
      cci_48                                   215
      dxy_close_chg_20d                        213

   📰 Sentiment features in top 30: 5/30

======================================================================
  FINAL SUMMARY v7 (12h blended target)
======================================================================
   Rank IC (avg):            +0.0237
   Rank ICIR (avg):          +0.4618
   LS Sharpe net (avg):      +1.98
   LS MaxDD net (avg):       -96.7%
   LS VolTarget Sharpe:      +2.68
   LS VolTarget MaxDD:       -97.5%
   LS DDStop Sharpe:         +3.82
   LS DDStop MaxDD:          -25.0%
   Cost model:               0.03% taker + 0.01% slip + 0.005%/8h funding
======================================================================
🟡 DECENT — Signal exists, risk partially controlled.
   → Consider tighter DD stop or reduce position sizing.

✅ Results saved to results/mega_comparison/models/WinA_train2024H1/v7_with_news/
[19:40:40]    ✅ Done: v7_with_news (710s)
[19:40:40] 🧠 Training: WinA_train2024H1 / v7_no_deriv
[19:40:40]    train_end=2024-06-30  val_end=2024-12-24
[19:40:40]    flags: --no-news --no-derivatives
======================================================================
  CRYPTO ALPHA MODEL v7
  12h Blended Target + Enhanced Features + Walk-Forward
======================================================================

📊 Loading data...
   Shape: (2565321, 107), Symbols: 50
   🎯 Adding targets...
   🌐 Adding cross-asset features...
   🔰 Adding advanced regime features...
   🕐 Adding 12h-specific features (v7 enhanced)...
   ✅ Added ~18 features for 12h holding period (v7)
   📅 Adding calendar features...
   ✅ Added 9 calendar features
   🏛️ Adding macro features...
      Macro raw: 9 cols, derived: 29, total new: 38
   📰 Adding sentiment features...
      FNG: 2018-02-01 → 2026-03-11, mean=48.3
      Funding: 96,393 non-zero rows (3.8%)
      LS ratio: 0 non-missing rows
      Synthetic positioning features...
   ✅ Sentiment features added: 182 → 207 total
   ⏭️  Skipping derivatives features (--no-derivatives)
   Features: 207
   📐 Cross-sectional rank normalization...
   ✅ Ranked 139 CS features, preserved 68 unranked
   Final shape: (2564121, 227)
   Date range: 2017-09-16 09:00:00+00:00 → 2026-03-06 15:00:00+00:00

🔴 PRODUCTION MODE — max training data, models go to live trading
   Train: start → 2024-06-30
   Val:   2024-07-08 → 2024-12-24
   Test:  (none — live trading)

======================================================================
  ROLLING WALK-FORWARD (1 windows)
======================================================================

──────────────────────────────────────────────────────────────────────
  Window 1/1: PROD (max data)
  Train: → 2024-06-30
  Val:   2024-07-08 → 2024-12-24
  Test:  2024-12-24 → 2026-12-31
──────────────────────────────────────────────────────────────────────
   Train: 1,853,979 | Val: 200,255 | Test: 500,287
Training until validation scores don't improve for 100 rounds
[200]	valid_0's l2: 0.0826803
[400]	valid_0's l2: 0.0825833
[600]	valid_0's l2: 0.0825526
[800]	valid_0's l2: 0.0825295
[1000]	valid_0's l2: 0.0825234
Early stopping, best iteration is:
[1079]	valid_0's l2: 0.0825129
   🔪 Feature selection: 207 → 163

   🌱 Multi-seed ensemble (5 seeds)...
      Seed 42 (1/5)... Training until validation scores don't improve for 100 rounds
[200]	valid_0's l2: 0.0826825
[400]	valid_0's l2: 0.0825757
[600]	valid_0's l2: 0.0825077
[800]	valid_0's l2: 0.0824759
[1000]	valid_0's l2: 0.0824437
Early stopping, best iteration is:
[1085]	valid_0's l2: 0.0824343
iters=1085
      Seed 123 (2/5)... Training until validation scores don't improve for 100 rounds
[200]	valid_0's l2: 0.082685
[400]	valid_0's l2: 0.0826041
[600]	valid_0's l2: 0.0825573
[800]	valid_0's l2: 0.0825267
[1000]	valid_0's l2: 0.0825093
Early stopping, best iteration is:
[953]	valid_0's l2: 0.0825036
iters=953
      Seed 456 (3/5)... Training until validation scores don't improve for 100 rounds
[200]	valid_0's l2: 0.0826703
[400]	valid_0's l2: 0.0825622
[600]	valid_0's l2: 0.0825266
[800]	valid_0's l2: 0.0825104
[1000]	valid_0's l2: 0.0824938
[1200]	valid_0's l2: 0.0824879
Early stopping, best iteration is:
[1118]	valid_0's l2: 0.0824812
iters=1118
      Seed 789 (4/5)... Training until validation scores don't improve for 100 rounds
[200]	valid_0's l2: 0.0826967
[400]	valid_0's l2: 0.0825982
[600]	valid_0's l2: 0.082564
Early stopping, best iteration is:
[644]	valid_0's l2: 0.0825573
iters=644
      Seed 2024 (5/5)... Training until validation scores don't improve for 100 rounds
[200]	valid_0's l2: 0.0826796
[400]	valid_0's l2: 0.0825858
[600]	valid_0's l2: 0.0825293
[800]	valid_0's l2: 0.0825042
[1000]	valid_0's l2: 0.0824791
[1200]	valid_0's l2: 0.0824817
Early stopping, best iteration is:
[1103]	valid_0's l2: 0.0824675
iters=1103
   💾 Saved 5 models + feature names

   📈 Window 1 Results:
      IC                             0.0143
      Rank_IC                        0.023
      ICIR                           0.3081
      Rank_ICIR                      0.4425
      LS_Sharpe_raw                  3.14
      LS_Sharpe_net                  1.79
      LS_Ann_Return_net_%            68.8
      LS_MaxDD_net_%                 -94.9
      LS_Total_net_%                 680886.2
      LS_VolTarget_Sharpe            2.5
      LS_VolTarget_MaxDD_%           -98.4
      LS_VolTarget_Total_%           7740946068.1
      LS_DDStop_Sharpe               3.24
      LS_DDStop_MaxDD_%              -25.0
      LS_DDStop_Total_%              652677.1
      LO5_Sharpe                     -0.59
      LO10_Sharpe                    -0.75
      N_periods                      10504
      Cost_per_period_bps            3.5

======================================================================
  AGGREGATE RESULTS (1 windows)
======================================================================

   📈 Combined Results (all windows):
      Periods: 10504
      LS Net:       Sharpe=1.79, MaxDD=-94.9%, Total=680886.2%
      LS VolTarget: Sharpe=2.50, MaxDD=-98.4%, Total=7740946068.1%
      LS DDStop:    Sharpe=3.24, MaxDD=-25.0%, Total=652677.1%

🏆 Top 30 Features (last window):
      btc_vol_24h                              764
      close_ma720_ratio                        656
      close_ma336_ratio                        640
      vix_close_chg_1d                         604
   📰 btc_beta_168h                            580
      ret_sharpe_168h                          577
      gk_vol_168h                              560
      vol_12h_cs_rank                          546
   📰 fng_momentum                             525
      real_rate_chg_5d                         523
      breadth_pct_positive                     478
      spx_close_chg_20d                        451
      spx_close_chg_1d                         438
      dxy_close                                438
      yield_curve_10y2y_chg_20d                407
      gold_close                               400
      vix_close                                389
      atr_48                                   389
      vix_close_chg_20d                        384
      ret_std_168h                             382
      gold_close_chg_5d                        379
   📰 fng_ma7                                  375
   📰 fng_ma30                                 372
      dxy_close_chg_20d                        366
   📰 btc_beta_48h                             357
      spx_close_chg_5d                         356
      ret_sharpe_24h                           355
      yield_curve_10y2y                        355
      hy_spread_chg_5d                         354
      gk_vol_48h                               352

   📰 Sentiment features in top 30: 5/30

======================================================================
  FINAL SUMMARY v7 (12h blended target)
======================================================================
   Rank IC (avg):            +0.0230
   Rank ICIR (avg):          +0.4425
   LS Sharpe net (avg):      +1.79
   LS MaxDD net (avg):       -94.9%
   LS VolTarget Sharpe:      +2.50
   LS VolTarget MaxDD:       -98.4%
   LS DDStop Sharpe:         +3.24
   LS DDStop MaxDD:          -25.0%
   Cost model:               0.03% taker + 0.01% slip + 0.005%/8h funding
======================================================================
🟡 DECENT — Signal exists, risk partially controlled.
   → Consider tighter DD stop or reduce position sizing.

✅ Results saved to results/mega_comparison/models/WinA_train2024H1/v7_no_deriv/
[19:48:56]    ✅ Done: v7_no_deriv (496s)
[19:48:56] 🧠 Training: WinA_train2024H1 / catboost_with_news
[19:48:56]    train_end=2024-06-30  val_end=2024-12-24
[19:48:56]    flags: --news-mode all
======================================================================
  CATBOOST CRYPTO ALPHA MODEL
  12h Target + Ordered Boosting + Walk-Forward
======================================================================

📊 Loading data...
   Shape: (2565321, 107), Symbols: 50
   🎯 Adding targets...
   🌐 Adding cross-asset features...
   🔰 Adding advanced regime features...
   🕐 Adding 12h-specific features...
   ✅ Added ~10 features for 12h holding period
   📅 Adding calendar features...
   ✅ Added 9 calendar features
   🏛️ Adding macro features...
      Macro raw: 9 cols, derived: 29, total new: 38
   📰 Adding sentiment features... (news_mode=all)
      FNG: 2018-02-01 → 2026-03-11, mean=48.3
      Funding: 96,393 non-zero rows (3.8%)
      LS ratio: 0 non-missing rows
      Synthetic positioning features...
      Loading news features (mode=all)...
      + coin-level news: 8 features
      + market-level news: 7 features
      📊 Coverage: 2,228,238/2,565,321 rows (86.9%)
      📰 Events: 1,100,564/2,228,238 covered rows (49.4%) have news
      🕳️  Holes: 337,083 rows = NaN (not 0!)
   ✅ Sentiment features added: 175 → 212 total
   📊 Adding derivatives features (Binance Futures)...
      Loaded metrics: 1,800,870 rows, 50 symbols, 2021-12-01 → 2026-03-12
      OI: 1,785,559 rows (69.6%), 9 features
      Taker: 1,648,976 rows (64.3%), 6 features
      Top L/S: 1,433,710 rows (55.9%), 5 features
      Global L/S: 3 features
      Binance funding: 2,239,209 rows (87.3%)
      Funding surprise: computed from OKX funding data
      Market-wide aggregates: 4 features
      Basis/Premium: 448,115 rows (17.5%), 6 features
      ⚠️  No liquidation data (run download_binance_futures.py)
      DVOL: 13 features (BTC range: 2021-04-01 → 2026-03-15)
   ✅ Derivatives features: +48 features
   Features: 260
   📐 Cross-sectional rank normalization...
   ✅ Ranked 172 CS features, preserved 88 unranked
   Final shape: (2564721, 279)
   Date range: 2017-09-16 09:00:00+00:00 → 2026-03-07 03:00:00+00:00

🔴 PRODUCTION MODE — max training data, models go to live trading
   Train: start → 2024-06-30
   Val:   2024-07-08 → 2024-12-24
   Test:  (none — live trading)

======================================================================
  ROLLING WALK-FORWARD (1 windows)
======================================================================

──────────────────────────────────────────────────────────────────────
  Window 1/1: PROD (max data)
  Train: → 2024-06-30
  Val:   2024-07-08 → 2024-12-24
  Test:  2024-12-24 → 2026-12-31
──────────────────────────────────────────────────────────────────────
   Train: 1,853,979 | Val: 200,267 | Test: 500,875
0:	learn: 0.2888763	test: 0.2886578	best: 0.2886578 (0)	total: 14.5ms	remaining: 1m 12s
200:	learn: 0.2866667	test: 0.2876662	best: 0.2876662 (200)	total: 1.53s	remaining: 36.5s
400:	learn: 0.2859514	test: 0.2874280	best: 0.2874280 (400)	total: 3.04s	remaining: 34.9s
600:	learn: 0.2853763	test: 0.2872753	best: 0.2872750 (598)	total: 4.57s	remaining: 33.4s
800:	learn: 0.2848805	test: 0.2871667	best: 0.2871667 (800)	total: 6.09s	remaining: 31.9s
1000:	learn: 0.2844208	test: 0.2870595	best: 0.2870595 (1000)	total: 7.61s	remaining: 30.4s
1200:	learn: 0.2839872	test: 0.2870078	best: 0.2870078 (1200)	total: 9.13s	remaining: 28.9s
1400:	learn: 0.2835655	test: 0.2869520	best: 0.2869514 (1391)	total: 10.6s	remaining: 27.3s
1600:	learn: 0.2831413	test: 0.2869136	best: 0.2869136 (1600)	total: 12.1s	remaining: 25.7s
1800:	learn: 0.2827392	test: 0.2869019	best: 0.2868994 (1798)	total: 13.6s	remaining: 24.2s
2000:	learn: 0.2823503	test: 0.2868920	best: 0.2868888 (1961)	total: 15.1s	remaining: 22.6s
bestTest = 0.2868888128
bestIteration = 1961
Shrink model to first 1962 iterations.
   🔪 Feature selection: 260 → 208

   🌱 CatBoost multi-seed ensemble (5 seeds)...
      Seed 42 (1/5)... 0:	learn: 0.2888758	test: 0.2886537	best: 0.2886537 (0)	total: 6.76ms	remaining: 33.8s
200:	learn: 0.2866603	test: 0.2876815	best: 0.2876815 (200)	total: 1.31s	remaining: 31.2s
400:	learn: 0.2859505	test: 0.2874702	best: 0.2874702 (400)	total: 2.61s	remaining: 29.9s
600:	learn: 0.2853836	test: 0.2873164	best: 0.2873164 (600)	total: 3.92s	remaining: 28.7s
800:	learn: 0.2848904	test: 0.2872117	best: 0.2872115 (799)	total: 5.22s	remaining: 27.4s
1000:	learn: 0.2844260	test: 0.2871375	best: 0.2871366 (998)	total: 6.51s	remaining: 26s
1200:	learn: 0.2839837	test: 0.2870485	best: 0.2870485 (1200)	total: 7.8s	remaining: 24.7s
1400:	learn: 0.2835575	test: 0.2870038	best: 0.2869998 (1367)	total: 9.08s	remaining: 23.3s
1600:	learn: 0.2831461	test: 0.2869861	best: 0.2869820 (1577)	total: 10.3s	remaining: 22s
1800:	learn: 0.2827424	test: 0.2869529	best: 0.2869497 (1798)	total: 11.6s	remaining: 20.7s
2000:	learn: 0.2823510	test: 0.2869518	best: 0.2869416 (1968)	total: 12.9s	remaining: 19.4s
bestTest = 0.2869416352
bestIteration = 1968
Shrink model to first 1969 iterations.
iters=1968
      Seed 123 (2/5)... 0:	learn: 0.2888760	test: 0.2886536	best: 0.2886536 (0)	total: 6.92ms	remaining: 34.6s
200:	learn: 0.2866658	test: 0.2876616	best: 0.2876616 (200)	total: 1.32s	remaining: 31.6s
400:	learn: 0.2859556	test: 0.2874157	best: 0.2874157 (400)	total: 2.65s	remaining: 30.4s
600:	learn: 0.2853889	test: 0.2872763	best: 0.2872763 (600)	total: 3.96s	remaining: 29s
800:	learn: 0.2848772	test: 0.2871628	best: 0.2871613 (789)	total: 5.26s	remaining: 27.6s
1000:	learn: 0.2844261	test: 0.2870831	best: 0.2870829 (994)	total: 6.56s	remaining: 26.2s
1200:	learn: 0.2839872	test: 0.2870094	best: 0.2870092 (1199)	total: 7.87s	remaining: 24.9s
1400:	learn: 0.2835677	test: 0.2869666	best: 0.2869662 (1394)	total: 9.16s	remaining: 23.5s
1600:	learn: 0.2831593	test: 0.2869246	best: 0.2869241 (1593)	total: 10.4s	remaining: 22.2s
1800:	learn: 0.2827577	test: 0.2869118	best: 0.2869076 (1762)	total: 11.7s	remaining: 20.9s
2000:	learn: 0.2823778	test: 0.2868954	best: 0.2868893 (1960)	total: 13s	remaining: 19.5s
bestTest = 0.2868892718
bestIteration = 1960
Shrink model to first 1961 iterations.
iters=1960
      Seed 456 (3/5)... 0:	learn: 0.2888767	test: 0.2886554	best: 0.2886554 (0)	total: 6.83ms	remaining: 34.2s
200:	learn: 0.2866718	test: 0.2876705	best: 0.2876705 (200)	total: 1.31s	remaining: 31.3s
400:	learn: 0.2859538	test: 0.2874397	best: 0.2874397 (400)	total: 2.63s	remaining: 30.2s
600:	learn: 0.2853811	test: 0.2872871	best: 0.2872867 (592)	total: 3.94s	remaining: 28.9s
800:	learn: 0.2848770	test: 0.2871623	best: 0.2871623 (800)	total: 5.25s	remaining: 27.5s
1000:	learn: 0.2844159	test: 0.2870725	best: 0.2870725 (1000)	total: 6.53s	remaining: 26.1s
1200:	learn: 0.2839744	test: 0.2869953	best: 0.2869951 (1197)	total: 7.8s	remaining: 24.7s
1400:	learn: 0.2835594	test: 0.2869561	best: 0.2869561 (1400)	total: 9.1s	remaining: 23.4s
1600:	learn: 0.2831387	test: 0.2869138	best: 0.2869108 (1553)	total: 10.4s	remaining: 22s
1800:	learn: 0.2827377	test: 0.2868835	best: 0.2868786 (1782)	total: 11.7s	remaining: 20.7s
bestTest = 0.2868786483
bestIteration = 1782
Shrink model to first 1783 iterations.
iters=1782
      Seed 789 (4/5)... 0:	learn: 0.2888763	test: 0.2886562	best: 0.2886562 (0)	total: 6.97ms	remaining: 34.9s
200:	learn: 0.2866709	test: 0.2876652	best: 0.2876652 (200)	total: 1.3s	remaining: 31.2s
400:	learn: 0.2859574	test: 0.2874176	best: 0.2874176 (400)	total: 2.62s	remaining: 30s
600:	learn: 0.2853934	test: 0.2872739	best: 0.2872739 (600)	total: 3.92s	remaining: 28.7s
800:	learn: 0.2848783	test: 0.2871461	best: 0.2871450 (793)	total: 5.23s	remaining: 27.4s
1000:	learn: 0.2844154	test: 0.2870627	best: 0.2870627 (1000)	total: 6.54s	remaining: 26.1s
1200:	learn: 0.2839849	test: 0.2869961	best: 0.2869961 (1200)	total: 7.83s	remaining: 24.8s
1400:	learn: 0.2835626	test: 0.2869554	best: 0.2869553 (1398)	total: 9.13s	remaining: 23.5s
1600:	learn: 0.2831524	test: 0.2869181	best: 0.2869144 (1588)	total: 10.4s	remaining: 22.1s
1800:	learn: 0.2827381	test: 0.2868813	best: 0.2868722 (1779)	total: 11.7s	remaining: 20.8s
bestTest = 0.2868722231
bestIteration = 1779
Shrink model to first 1780 iterations.
iters=1779
      Seed 2024 (5/5)... 0:	learn: 0.2888768	test: 0.2886555	best: 0.2886555 (0)	total: 7.08ms	remaining: 35.4s
200:	learn: 0.2866652	test: 0.2876815	best: 0.2876815 (200)	total: 1.32s	remaining: 31.6s
400:	learn: 0.2859518	test: 0.2874570	best: 0.2874570 (400)	total: 2.63s	remaining: 30.2s
600:	learn: 0.2853956	test: 0.2872907	best: 0.2872907 (600)	total: 3.94s	remaining: 28.8s
800:	learn: 0.2848888	test: 0.2871909	best: 0.2871894 (795)	total: 5.24s	remaining: 27.5s
1000:	learn: 0.2844290	test: 0.2871300	best: 0.2871299 (998)	total: 6.54s	remaining: 26.1s
1200:	learn: 0.2840006	test: 0.2870819	best: 0.2870794 (1173)	total: 7.84s	remaining: 24.8s
1400:	learn: 0.2835715	test: 0.2870376	best: 0.2870365 (1398)	total: 9.14s	remaining: 23.5s
1600:	learn: 0.2831535	test: 0.2870264	best: 0.2870211 (1556)	total: 10.4s	remaining: 22.1s
1800:	learn: 0.2827485	test: 0.2869922	best: 0.2869915 (1770)	total: 11.7s	remaining: 20.8s
2000:	learn: 0.2823598	test: 0.2869703	best: 0.2869684 (1993)	total: 13s	remaining: 19.5s
bestTest = 0.2869683996
bestIteration = 1993
Shrink model to first 1994 iterations.
iters=1993
   💾 Saved 5 CatBoost models + feature names

   📈 Window 1 Results:
      IC                             0.0194
      Rank_IC                        0.029
      ICIR                           0.3245
      Rank_ICIR                      0.4673
      LS_Sharpe_raw                  3.68
      LS_Sharpe_net                  2.36
      LS_Ann_Return_net_%            93.3
      LS_MaxDD_net_%                 -93.3
      LS_Total_net_%                 21896472.0
      LS_VolTarget_Sharpe            3.02
      LS_VolTarget_MaxDD_%           -96.9
      LS_VolTarget_Total_%           802214600968.4
      LS_DDStop_Sharpe               3.95
      LS_DDStop_MaxDD_%              -25.0
      LS_DDStop_Total_%              22068753.3
      LO5_Sharpe                     -0.21
      LO10_Sharpe                    -0.58
      N_periods                      10516
      Cost_per_period_bps            3.5

======================================================================
  AGGREGATE RESULTS (1 windows)
======================================================================

   📈 Combined Results (all windows):
      Periods: 10516
      LS Net:       Sharpe=2.36, MaxDD=-93.3%, Total=21896472.0%
      LS VolTarget: Sharpe=3.02, MaxDD=-96.9%, Total=802214600968.4%
      LS DDStop:    Sharpe=3.95, MaxDD=-25.0%, Total=22068753.3%

🏆 Top 30 Features (CatBoost, last window):
      btc_vol_24h                              2.6
      gk_vol_168h                              2.4
   📰 btc_beta_168h                            2.3
      vix_close_chg_1d                         2.3
      close_ma336_ratio                        2.2
      ret_std_168h                             2.2
      close_ma720_ratio                        2.1
      breadth_pct_positive                     2.0
      close_ma6_ratio                          1.8
      gk_vol_24h                               1.7
      ret_sharpe_168h                          1.7
   📰 funding_rate_binance                     1.6
      oi_value_usd                             1.4
      spx_close_chg_1d                         1.4
      gk_vol_48h                               1.4
      atr_48                                   1.3
      close_ma12_ratio                         1.3
      vol_12h_cs_rank                          1.3
   📰 fng_momentum                             1.3
      news_count_7d                            1.2
      spx_close_chg_20d                        1.2
      vol_trend_12_48                          1.2
   📰 btc_beta_48h                             1.1
      vol_price_corr_48h                       1.1
      ret_std_48h                              1.0
      dxy_close                                1.0
      macd_signal                              1.0
   📰 fng_ma30                                 0.9
      regime_breadth_bullish                   0.9
      vix_close                                0.9

   📰 Sentiment features in top 30: 5/30

======================================================================
  FINAL SUMMARY — CatBoost (12h target)
======================================================================
   Rank IC (avg):            +0.0290
   Rank ICIR (avg):          +0.4673
   LS Sharpe net (avg):      +2.36
   LS MaxDD net (avg):       -93.3%
   LS VolTarget Sharpe:      +3.02
   LS DDStop Sharpe:         +3.95
   Cost model:               0.03% taker + 0.01% slip + 0.005%/8h funding
======================================================================
🟡 DECENT — CatBoost adds diversity, useful as ensemble member.

✅ Results saved to results/mega_comparison/models/WinA_train2024H1/catboost_with_news/
   Models: cb_model_seed_*.cbm
   Run ensemble: python run_fast_sim.py --ensemble --leverage 3 --rebal 24 --edge-boost
[19:53:34]    ✅ Done: catboost_with_news (278s)
[19:53:34] 🧠 Training: WinA_train2024H1 / catboost_no_news
[19:53:34]    train_end=2024-06-30  val_end=2024-12-24
[19:53:34]    flags: --no-news
======================================================================
  CATBOOST CRYPTO ALPHA MODEL
  12h Target + Ordered Boosting + Walk-Forward
======================================================================

📊 Loading data...
   Shape: (2565321, 107), Symbols: 50
   🎯 Adding targets...
   🌐 Adding cross-asset features...
   🔰 Adding advanced regime features...
   🕐 Adding 12h-specific features...
   ✅ Added ~10 features for 12h holding period
   📅 Adding calendar features...
   ✅ Added 9 calendar features
   🏛️ Adding macro features...
      Macro raw: 9 cols, derived: 29, total new: 38
   📰 Adding sentiment features... (news_mode=none)
      FNG: 2018-02-01 → 2026-03-11, mean=48.3
      Funding: 96,393 non-zero rows (3.8%)
      LS ratio: 0 non-missing rows
      Synthetic positioning features...
      ⏭️  Skipping news features (news_mode=none)
   ✅ Sentiment features added: 175 → 200 total
   📊 Adding derivatives features (Binance Futures)...
      Loaded metrics: 1,800,870 rows, 50 symbols, 2021-12-01 → 2026-03-12
      OI: 1,785,559 rows (69.6%), 9 features
      Taker: 1,648,976 rows (64.3%), 6 features
      Top L/S: 1,433,710 rows (55.9%), 5 features
      Global L/S: 3 features
      Binance funding: 2,239,209 rows (87.3%)
      Funding surprise: computed from OKX funding data
      Market-wide aggregates: 4 features
      Basis/Premium: 448,115 rows (17.5%), 6 features
      ⚠️  No liquidation data (run download_binance_futures.py)
      DVOL: 13 features (BTC range: 2021-04-01 → 2026-03-15)
   ✅ Derivatives features: +48 features
   Features: 248
   📐 Cross-sectional rank normalization...
   ✅ Ranked 167 CS features, preserved 81 unranked
   Final shape: (2564721, 267)
   Date range: 2017-09-16 09:00:00+00:00 → 2026-03-07 03:00:00+00:00

🔴 PRODUCTION MODE — max training data, models go to live trading
   Train: start → 2024-06-30
   Val:   2024-07-08 → 2024-12-24
   Test:  (none — live trading)

======================================================================
  ROLLING WALK-FORWARD (1 windows)
======================================================================

──────────────────────────────────────────────────────────────────────
  Window 1/1: PROD (max data)
  Train: → 2024-06-30
  Val:   2024-07-08 → 2024-12-24
  Test:  2024-12-24 → 2026-12-31
──────────────────────────────────────────────────────────────────────
   Train: 1,853,979 | Val: 200,267 | Test: 500,875
0:	learn: 0.2888763	test: 0.2886578	best: 0.2886578 (0)	total: 13.6ms	remaining: 1m 8s
200:	learn: 0.2866665	test: 0.2876740	best: 0.2876738 (198)	total: 1.5s	remaining: 35.9s
400:	learn: 0.2859565	test: 0.2874510	best: 0.2874510 (400)	total: 3.02s	remaining: 34.6s
600:	learn: 0.2853956	test: 0.2872990	best: 0.2872988 (599)	total: 4.53s	remaining: 33.2s
800:	learn: 0.2849082	test: 0.2871728	best: 0.2871728 (800)	total: 6.03s	remaining: 31.6s
1000:	learn: 0.2844455	test: 0.2870922	best: 0.2870922 (1000)	total: 7.54s	remaining: 30.1s
1200:	learn: 0.2840088	test: 0.2870166	best: 0.2870163 (1199)	total: 9.03s	remaining: 28.6s
1400:	learn: 0.2835861	test: 0.2869694	best: 0.2869693 (1399)	total: 10.5s	remaining: 27s
1600:	learn: 0.2831796	test: 0.2869248	best: 0.2869248 (1600)	total: 12s	remaining: 25.4s
1800:	learn: 0.2827816	test: 0.2869119	best: 0.2869103 (1798)	total: 13.5s	remaining: 23.9s
2000:	learn: 0.2823956	test: 0.2868804	best: 0.2868801 (1992)	total: 14.9s	remaining: 22.4s
2200:	learn: 0.2820267	test: 0.2868657	best: 0.2868646 (2183)	total: 16.4s	remaining: 20.9s
bestTest = 0.2868636049
bestIteration = 2228
Shrink model to first 2229 iterations.
   🔪 Feature selection: 248 → 198

   🌱 CatBoost multi-seed ensemble (5 seeds)...
      Seed 42 (1/5)... 0:	learn: 0.2888766	test: 0.2886585	best: 0.2886585 (0)	total: 6.74ms	remaining: 33.7s
200:	learn: 0.2866680	test: 0.2876708	best: 0.2876708 (200)	total: 1.29s	remaining: 30.8s
400:	learn: 0.2859644	test: 0.2874549	best: 0.2874549 (400)	total: 2.6s	remaining: 29.9s
600:	learn: 0.2853919	test: 0.2873044	best: 0.2873044 (600)	total: 3.93s	remaining: 28.7s
800:	learn: 0.2848925	test: 0.2871853	best: 0.2871840 (798)	total: 5.22s	remaining: 27.4s
1000:	learn: 0.2844287	test: 0.2870935	best: 0.2870935 (1000)	total: 6.52s	remaining: 26.1s
1200:	learn: 0.2839873	test: 0.2870399	best: 0.2870379 (1176)	total: 7.84s	remaining: 24.8s
1400:	learn: 0.2835742	test: 0.2869871	best: 0.2869861 (1390)	total: 9.1s	remaining: 23.4s
1600:	learn: 0.2831599	test: 0.2869592	best: 0.2869592 (1600)	total: 10.4s	remaining: 22s
1800:	learn: 0.2827641	test: 0.2869385	best: 0.2869354 (1796)	total: 11.6s	remaining: 20.7s
2000:	learn: 0.2823758	test: 0.2869094	best: 0.2869069 (1975)	total: 12.9s	remaining: 19.3s
2200:	learn: 0.2820054	test: 0.2868839	best: 0.2868825 (2190)	total: 14.2s	remaining: 18s
bestTest = 0.2868821329
bestIteration = 2228
Shrink model to first 2229 iterations.
iters=2228
      Seed 123 (2/5)... 0:	learn: 0.2888760	test: 0.2886536	best: 0.2886536 (0)	total: 6.81ms	remaining: 34.1s
200:	learn: 0.2866616	test: 0.2876571	best: 0.2876571 (200)	total: 1.3s	remaining: 31.1s
400:	learn: 0.2859515	test: 0.2874218	best: 0.2874218 (400)	total: 2.61s	remaining: 30s
600:	learn: 0.2853854	test: 0.2872940	best: 0.2872937 (598)	total: 3.93s	remaining: 28.7s
800:	learn: 0.2848777	test: 0.2871834	best: 0.2871834 (800)	total: 5.23s	remaining: 27.4s
1000:	learn: 0.2844276	test: 0.2871115	best: 0.2871115 (1000)	total: 6.52s	remaining: 26s
1200:	learn: 0.2840006	test: 0.2870266	best: 0.2870266 (1200)	total: 7.82s	remaining: 24.7s
1400:	learn: 0.2835848	test: 0.2869704	best: 0.2869704 (1400)	total: 9.11s	remaining: 23.4s
bestTest = 0.2869639815
bestIteration = 1473
Shrink model to first 1474 iterations.
iters=1473
      Seed 456 (3/5)... 0:	learn: 0.2888767	test: 0.2886554	best: 0.2886554 (0)	total: 6.7ms	remaining: 33.5s
200:	learn: 0.2866694	test: 0.2876700	best: 0.2876700 (200)	total: 1.3s	remaining: 31s
400:	learn: 0.2859438	test: 0.2874520	best: 0.2874520 (400)	total: 2.62s	remaining: 30s
600:	learn: 0.2853849	test: 0.2873002	best: 0.2873002 (600)	total: 3.93s	remaining: 28.8s
800:	learn: 0.2848802	test: 0.2872107	best: 0.2872067 (788)	total: 5.23s	remaining: 27.4s
1000:	learn: 0.2844279	test: 0.2871429	best: 0.2871429 (1000)	total: 6.53s	remaining: 26.1s
1200:	learn: 0.2839953	test: 0.2870767	best: 0.2870767 (1200)	total: 7.83s	remaining: 24.8s
1400:	learn: 0.2835819	test: 0.2870576	best: 0.2870496 (1365)	total: 9.12s	remaining: 23.4s
1600:	learn: 0.2831793	test: 0.2869918	best: 0.2869915 (1595)	total: 10.4s	remaining: 22s
bestTest = 0.2869820952
bestIteration = 1632
Shrink model to first 1633 iterations.
iters=1632
      Seed 789 (4/5)... 0:	learn: 0.2888760	test: 0.2886537	best: 0.2886537 (0)	total: 6.91ms	remaining: 34.5s
200:	learn: 0.2866731	test: 0.2876696	best: 0.2876696 (200)	total: 1.3s	remaining: 31s
400:	learn: 0.2859515	test: 0.2874172	best: 0.2874172 (400)	total: 2.62s	remaining: 30.1s
600:	learn: 0.2853860	test: 0.2872832	best: 0.2872832 (600)	total: 3.92s	remaining: 28.7s
800:	learn: 0.2848880	test: 0.2872089	best: 0.2872089 (799)	total: 5.22s	remaining: 27.4s
1000:	learn: 0.2844312	test: 0.2871390	best: 0.2871382 (998)	total: 6.52s	remaining: 26s
1200:	learn: 0.2840052	test: 0.2870784	best: 0.2870784 (1200)	total: 7.8s	remaining: 24.7s
1400:	learn: 0.2835875	test: 0.2870258	best: 0.2870258 (1400)	total: 9.08s	remaining: 23.3s
1600:	learn: 0.2831734	test: 0.2870103	best: 0.2870097 (1599)	total: 10.3s	remaining: 21.9s
1800:	learn: 0.2827708	test: 0.2870004	best: 0.2869883 (1711)	total: 11.6s	remaining: 20.6s
bestTest = 0.2869883141
bestIteration = 1711
Shrink model to first 1712 iterations.
iters=1711
      Seed 2024 (5/5)... 0:	learn: 0.2888763	test: 0.2886557	best: 0.2886557 (0)	total: 6.9ms	remaining: 34.5s
200:	learn: 0.2866720	test: 0.2876789	best: 0.2876789 (199)	total: 1.3s	remaining: 31.1s
400:	learn: 0.2859562	test: 0.2874493	best: 0.2874485 (394)	total: 2.62s	remaining: 30.1s
600:	learn: 0.2853873	test: 0.2873009	best: 0.2873009 (600)	total: 3.92s	remaining: 28.7s
800:	learn: 0.2848915	test: 0.2872027	best: 0.2872027 (800)	total: 5.21s	remaining: 27.3s
1000:	learn: 0.2844252	test: 0.2871031	best: 0.2871031 (1000)	total: 6.5s	remaining: 26s
1200:	learn: 0.2839927	test: 0.2870465	best: 0.2870465 (1200)	total: 7.8s	remaining: 24.7s
1400:	learn: 0.2835699	test: 0.2870074	best: 0.2870037 (1370)	total: 9.06s	remaining: 23.3s
1600:	learn: 0.2831574	test: 0.2869898	best: 0.2869898 (1600)	total: 10.3s	remaining: 21.9s
1800:	learn: 0.2827546	test: 0.2869568	best: 0.2869521 (1773)	total: 11.6s	remaining: 20.6s
bestTest = 0.2869479909
bestIteration = 1838
Shrink model to first 1839 iterations.
iters=1838
   💾 Saved 5 CatBoost models + feature names

   📈 Window 1 Results:
      IC                             0.0188
      Rank_IC                        0.0281
      ICIR                           0.3192
      Rank_ICIR                      0.4594
      LS_Sharpe_raw                  3.6
      LS_Sharpe_net                  2.28
      LS_Ann_Return_net_%            89.8
      LS_MaxDD_net_%                 -93.3
      LS_Total_net_%                 13290604.9
      LS_VolTarget_Sharpe            2.95
      LS_VolTarget_MaxDD_%           -96.7
      LS_VolTarget_Total_%           428135700044.0
      LS_DDStop_Sharpe               3.74
      LS_DDStop_MaxDD_%              -25.0
      LS_DDStop_Total_%              6796104.3
      LO5_Sharpe                     -0.25
      LO10_Sharpe                    -0.59
      N_periods                      10516
      Cost_per_period_bps            3.5

======================================================================
  AGGREGATE RESULTS (1 windows)
======================================================================

   📈 Combined Results (all windows):
      Periods: 10516
      LS Net:       Sharpe=2.28, MaxDD=-93.3%, Total=13290604.9%
      LS VolTarget: Sharpe=2.95, MaxDD=-96.7%, Total=428135700044.0%
      LS DDStop:    Sharpe=3.74, MaxDD=-25.0%, Total=6796104.3%

🏆 Top 30 Features (CatBoost, last window):
      gk_vol_168h                              2.9
      btc_vol_24h                              2.7
      vix_close_chg_1d                         2.4
   📰 btc_beta_168h                            2.3
      close_ma336_ratio                        2.3
      ret_std_168h                             2.2
      close_ma720_ratio                        2.1
      breadth_pct_positive                     2.0
      ret_sharpe_168h                          1.8
      oi_value_usd                             1.8
      close_ma6_ratio                          1.8
      gk_vol_24h                               1.6
      spx_close_chg_1d                         1.6
   📰 funding_rate_binance                     1.5
      close_ma12_ratio                         1.5
      atr_48                                   1.4
      gk_vol_48h                               1.4
      spx_close_chg_20d                        1.3
      vol_trend_12_48                          1.2
      vol_12h_cs_rank                          1.2
   📰 fng_momentum                             1.2
   📰 btc_beta_48h                             1.1
      vol_price_corr_48h                       1.1
      ret_std_48h                              1.1
      dxy_close                                1.1
      macd_signal                              1.0
      oi_zscore_7d                             0.9
      regime_breadth_bullish                   0.9
      vix_close                                0.9
      ls_divergence                            0.9

   📰 Sentiment features in top 30: 4/30

======================================================================
  FINAL SUMMARY — CatBoost (12h target)
======================================================================
   Rank IC (avg):            +0.0281
   Rank ICIR (avg):          +0.4594
   LS Sharpe net (avg):      +2.28
   LS MaxDD net (avg):       -93.3%
   LS VolTarget Sharpe:      +2.95
   LS DDStop Sharpe:         +3.74
   Cost model:               0.03% taker + 0.01% slip + 0.005%/8h funding
======================================================================
🟡 DECENT — CatBoost adds diversity, useful as ensemble member.

✅ Results saved to results/mega_comparison/models/WinA_train2024H1/catboost_no_news/
   Models: cb_model_seed_*.cbm
   Run ensemble: python run_fast_sim.py --ensemble --leverage 3 --rebal 24 --edge-boost
[19:58:06]    ✅ Done: catboost_no_news (272s)
[19:58:06] 🧠 Training: WinA_train2024H1 / catboost_market_news
[19:58:06]    train_end=2024-06-30  val_end=2024-12-24
[19:58:06]    flags: --news-mode market-only
======================================================================
  CATBOOST CRYPTO ALPHA MODEL
  12h Target + Ordered Boosting + Walk-Forward
======================================================================

📊 Loading data...
   Shape: (2565321, 107), Symbols: 50
   🎯 Adding targets...
   🌐 Adding cross-asset features...
   🔰 Adding advanced regime features...
   🕐 Adding 12h-specific features...
   ✅ Added ~10 features for 12h holding period
   📅 Adding calendar features...
   ✅ Added 9 calendar features
   🏛️ Adding macro features...
      Macro raw: 9 cols, derived: 29, total new: 38
   📰 Adding sentiment features... (news_mode=market-only)
      FNG: 2018-02-01 → 2026-03-11, mean=48.3
      Funding: 96,393 non-zero rows (3.8%)
      LS ratio: 0 non-missing rows
      Synthetic positioning features...
      Loading news features (mode=market-only)...
      + market-level news: 7 features
      📊 Coverage: 2,228,238/2,565,321 rows (86.9%)
      📰 Events: 1,986,990/2,228,238 covered rows (89.2%) have news
      🕳️  Holes: 337,083 rows = NaN (not 0!)
   ✅ Sentiment features added: 175 → 204 total
   📊 Adding derivatives features (Binance Futures)...
      Loaded metrics: 1,800,870 rows, 50 symbols, 2021-12-01 → 2026-03-12
      OI: 1,785,559 rows (69.6%), 9 features
      Taker: 1,648,976 rows (64.3%), 6 features
      Top L/S: 1,433,710 rows (55.9%), 5 features
      Global L/S: 3 features
      Binance funding: 2,239,209 rows (87.3%)
      Funding surprise: computed from OKX funding data
      Market-wide aggregates: 4 features
      Basis/Premium: 448,115 rows (17.5%), 6 features
      ⚠️  No liquidation data (run download_binance_futures.py)
      DVOL: 13 features (BTC range: 2021-04-01 → 2026-03-15)
   ✅ Derivatives features: +48 features
   Features: 252
   📐 Cross-sectional rank normalization...
   ✅ Ranked 167 CS features, preserved 85 unranked
   Final shape: (2564721, 271)
   Date range: 2017-09-16 09:00:00+00:00 → 2026-03-07 03:00:00+00:00

🔴 PRODUCTION MODE — max training data, models go to live trading
   Train: start → 2024-06-30
   Val:   2024-07-08 → 2024-12-24
   Test:  (none — live trading)

======================================================================
  ROLLING WALK-FORWARD (1 windows)
======================================================================

──────────────────────────────────────────────────────────────────────
  Window 1/1: PROD (max data)
  Train: → 2024-06-30
  Val:   2024-07-08 → 2024-12-24
  Test:  2024-12-24 → 2026-12-31
──────────────────────────────────────────────────────────────────────
   Train: 1,853,979 | Val: 200,267 | Test: 500,875
0:	learn: 0.2888763	test: 0.2886578	best: 0.2886578 (0)	total: 14.1ms	remaining: 1m 10s
200:	learn: 0.2866642	test: 0.2876772	best: 0.2876772 (200)	total: 1.52s	remaining: 36.2s
400:	learn: 0.2859503	test: 0.2874455	best: 0.2874455 (400)	total: 3.03s	remaining: 34.7s
600:	learn: 0.2853807	test: 0.2872861	best: 0.2872861 (600)	total: 4.54s	remaining: 33.2s
800:	learn: 0.2848885	test: 0.2871931	best: 0.2871931 (800)	total: 6.04s	remaining: 31.7s
1000:	learn: 0.2844234	test: 0.2870839	best: 0.2870839 (1000)	total: 7.55s	remaining: 30.2s
1200:	learn: 0.2839924	test: 0.2870167	best: 0.2870162 (1196)	total: 9.05s	remaining: 28.6s
1400:	learn: 0.2835711	test: 0.2869727	best: 0.2869727 (1400)	total: 10.5s	remaining: 27.1s
1600:	learn: 0.2831591	test: 0.2869214	best: 0.2869213 (1598)	total: 12s	remaining: 25.5s
bestTest = 0.286916364
bestIteration = 1642
Shrink model to first 1643 iterations.
   🔪 Feature selection: 252 → 201

   🌱 CatBoost multi-seed ensemble (5 seeds)...
      Seed 42 (1/5)... 0:	learn: 0.2888767	test: 0.2886575	best: 0.2886575 (0)	total: 6.68ms	remaining: 33.4s
200:	learn: 0.2866597	test: 0.2876663	best: 0.2876663 (200)	total: 1.31s	remaining: 31.2s
400:	learn: 0.2859530	test: 0.2874408	best: 0.2874405 (399)	total: 2.63s	remaining: 30.1s
600:	learn: 0.2853857	test: 0.2873029	best: 0.2873023 (599)	total: 3.93s	remaining: 28.8s
800:	learn: 0.2848905	test: 0.2871836	best: 0.2871835 (797)	total: 5.25s	remaining: 27.5s
1000:	learn: 0.2844321	test: 0.2870899	best: 0.2870894 (997)	total: 6.55s	remaining: 26.2s
1200:	learn: 0.2839986	test: 0.2870212	best: 0.2870212 (1200)	total: 7.84s	remaining: 24.8s
1400:	learn: 0.2835797	test: 0.2869556	best: 0.2869543 (1395)	total: 9.11s	remaining: 23.4s
1600:	learn: 0.2831614	test: 0.2869257	best: 0.2869257 (1600)	total: 10.4s	remaining: 22.1s
1800:	learn: 0.2827553	test: 0.2869082	best: 0.2869071 (1798)	total: 11.7s	remaining: 20.7s
2000:	learn: 0.2823624	test: 0.2868838	best: 0.2868793 (1953)	total: 12.9s	remaining: 19.4s
2200:	learn: 0.2819957	test: 0.2868475	best: 0.2868475 (2200)	total: 14.2s	remaining: 18.1s
bestTest = 0.2868397548
bestIteration = 2230
Shrink model to first 2231 iterations.
iters=2230
      Seed 123 (2/5)... 0:	learn: 0.2888760	test: 0.2886536	best: 0.2886536 (0)	total: 6.83ms	remaining: 34.2s
200:	learn: 0.2866632	test: 0.2876642	best: 0.2876642 (200)	total: 1.31s	remaining: 31.2s
400:	learn: 0.2859459	test: 0.2874444	best: 0.2874444 (400)	total: 2.62s	remaining: 30s
600:	learn: 0.2853825	test: 0.2872980	best: 0.2872980 (600)	total: 3.94s	remaining: 28.8s
800:	learn: 0.2848856	test: 0.2871991	best: 0.2871985 (799)	total: 5.24s	remaining: 27.5s
1000:	learn: 0.2844351	test: 0.2871071	best: 0.2871071 (1000)	total: 6.54s	remaining: 26.1s
1200:	learn: 0.2840084	test: 0.2870450	best: 0.2870448 (1169)	total: 7.83s	remaining: 24.8s
1400:	learn: 0.2835933	test: 0.2870050	best: 0.2870048 (1399)	total: 9.13s	remaining: 23.4s
1600:	learn: 0.2831786	test: 0.2869527	best: 0.2869524 (1599)	total: 10.4s	remaining: 22.1s
1800:	learn: 0.2827741	test: 0.2869183	best: 0.2869146 (1795)	total: 11.7s	remaining: 20.8s
bestTest = 0.2869146134
bestIteration = 1795
Shrink model to first 1796 iterations.
iters=1795
      Seed 456 (3/5)... 0:	learn: 0.2888765	test: 0.2886585	best: 0.2886585 (0)	total: 6.81ms	remaining: 34.1s
200:	learn: 0.2866704	test: 0.2876698	best: 0.2876698 (200)	total: 1.31s	remaining: 31.3s
400:	learn: 0.2859618	test: 0.2874543	best: 0.2874543 (400)	total: 2.62s	remaining: 30.1s
600:	learn: 0.2853969	test: 0.2873034	best: 0.2873028 (599)	total: 3.94s	remaining: 28.8s
800:	learn: 0.2849018	test: 0.2871988	best: 0.2871977 (799)	total: 5.25s	remaining: 27.5s
1000:	learn: 0.2844436	test: 0.2871077	best: 0.2871074 (997)	total: 6.55s	remaining: 26.2s
1200:	learn: 0.2840095	test: 0.2870390	best: 0.2870390 (1200)	total: 7.84s	remaining: 24.8s
1400:	learn: 0.2835947	test: 0.2869735	best: 0.2869735 (1400)	total: 9.13s	remaining: 23.5s
1600:	learn: 0.2831820	test: 0.2869275	best: 0.2869275 (1600)	total: 10.4s	remaining: 22.1s
1800:	learn: 0.2827804	test: 0.2868878	best: 0.2868878 (1800)	total: 11.7s	remaining: 20.7s
bestTest = 0.2868865352
bestIteration = 1802
Shrink model to first 1803 iterations.
iters=1802
      Seed 789 (4/5)... 0:	learn: 0.2888767	test: 0.2886554	best: 0.2886554 (0)	total: 6.99ms	remaining: 34.9s
200:	learn: 0.2866739	test: 0.2876875	best: 0.2876875 (200)	total: 1.31s	remaining: 31.2s
400:	learn: 0.2859683	test: 0.2874701	best: 0.2874701 (400)	total: 2.63s	remaining: 30.1s
600:	learn: 0.2854045	test: 0.2873344	best: 0.2873344 (600)	total: 3.93s	remaining: 28.8s
800:	learn: 0.2848857	test: 0.2871924	best: 0.2871924 (800)	total: 5.24s	remaining: 27.4s
1000:	learn: 0.2844254	test: 0.2870985	best: 0.2870954 (991)	total: 6.53s	remaining: 26.1s
1200:	learn: 0.2839955	test: 0.2870111	best: 0.2870104 (1192)	total: 7.82s	remaining: 24.7s
1400:	learn: 0.2835752	test: 0.2869608	best: 0.2869602 (1395)	total: 9.1s	remaining: 23.4s
1600:	learn: 0.2831645	test: 0.2868996	best: 0.2868978 (1596)	total: 10.4s	remaining: 22s
1800:	learn: 0.2827570	test: 0.2868775	best: 0.2868736 (1789)	total: 11.7s	remaining: 20.7s
bestTest = 0.2868735999
bestIteration = 1789
Shrink model to first 1790 iterations.
iters=1789
      Seed 2024 (5/5)... 0:	learn: 0.2888759	test: 0.2886541	best: 0.2886541 (0)	total: 6.87ms	remaining: 34.3s
200:	learn: 0.2866663	test: 0.2876636	best: 0.2876636 (200)	total: 1.31s	remaining: 31.3s
400:	learn: 0.2859506	test: 0.2874184	best: 0.2874184 (400)	total: 2.62s	remaining: 30.1s
600:	learn: 0.2853867	test: 0.2872805	best: 0.2872805 (600)	total: 3.92s	remaining: 28.7s
800:	learn: 0.2848994	test: 0.2871740	best: 0.2871733 (797)	total: 5.23s	remaining: 27.4s
1000:	learn: 0.2844367	test: 0.2870859	best: 0.2870859 (1000)	total: 6.52s	remaining: 26.1s
1200:	learn: 0.2840097	test: 0.2870174	best: 0.2870163 (1196)	total: 7.83s	remaining: 24.8s
1400:	learn: 0.2835917	test: 0.2869661	best: 0.2869661 (1398)	total: 9.11s	remaining: 23.4s
1600:	learn: 0.2831758	test: 0.2869340	best: 0.2869340 (1600)	total: 10.4s	remaining: 22s
1800:	learn: 0.2827690	test: 0.2869061	best: 0.2868981 (1767)	total: 11.7s	remaining: 20.7s
bestTest = 0.2868933341
bestIteration = 1878
Shrink model to first 1879 iterations.
iters=1878
   💾 Saved 5 CatBoost models + feature names

   📈 Window 1 Results:
      IC                             0.0198
      Rank_IC                        0.029
      ICIR                           0.3212
      Rank_ICIR                      0.4617
      LS_Sharpe_raw                  3.56
      LS_Sharpe_net                  2.26
      LS_Ann_Return_net_%            89.4
      LS_MaxDD_net_%                 -93.0
      LS_Total_net_%                 12430728.9
      LS_VolTarget_Sharpe            2.95
      LS_VolTarget_MaxDD_%           -96.9
      LS_VolTarget_Total_%           475522111850.6
      LS_DDStop_Sharpe               3.82
      LS_DDStop_MaxDD_%              -25.0
      LS_DDStop_Total_%              8751196.4
      LO5_Sharpe                     -0.23
      LO10_Sharpe                    -0.58
      N_periods                      10516
      Cost_per_period_bps            3.5

======================================================================
  AGGREGATE RESULTS (1 windows)
======================================================================

   📈 Combined Results (all windows):
      Periods: 10516
      LS Net:       Sharpe=2.26, MaxDD=-93.0%, Total=12430728.9%
      LS VolTarget: Sharpe=2.95, MaxDD=-96.9%, Total=475522111850.6%
      LS DDStop:    Sharpe=3.82, MaxDD=-25.0%, Total=8751196.4%

🏆 Top 30 Features (CatBoost, last window):
      btc_vol_24h                              2.9
      gk_vol_168h                              2.7
   📰 btc_beta_168h                            2.6
      close_ma336_ratio                        2.4
      vix_close_chg_1d                         2.4
      breadth_pct_positive                     2.1
      close_ma720_ratio                        2.1
      ret_std_168h                             1.9
      ret_sharpe_168h                          1.8
      gk_vol_24h                               1.8
      close_ma6_ratio                          1.8
      oi_value_usd                             1.7
      atr_48                                   1.6
   📰 funding_rate_binance                     1.6
      spx_close_chg_1d                         1.5
      close_ma12_ratio                         1.5
      vol_12h_cs_rank                          1.4
      gk_vol_48h                               1.4
      vol_trend_12_48                          1.3
   📰 fng_momentum                             1.2
      spx_close_chg_20d                        1.1
      vol_price_corr_48h                       1.1
      vix_close                                1.1
      ret_std_48h                              1.1
   📰 btc_beta_48h                             1.0
      macd_signal                              0.9
      dxy_close                                0.9
      regime_breadth_bullish                   0.9
      ls_divergence                            0.9
      oi_zscore_7d                             0.9

   📰 Sentiment features in top 30: 4/30

======================================================================
  FINAL SUMMARY — CatBoost (12h target)
======================================================================
   Rank IC (avg):            +0.0290
   Rank ICIR (avg):          +0.4617
   LS Sharpe net (avg):      +2.26
   LS MaxDD net (avg):       -93.0%
   LS VolTarget Sharpe:      +2.95
   LS DDStop Sharpe:         +3.82
   Cost model:               0.03% taker + 0.01% slip + 0.005%/8h funding
======================================================================
🟡 DECENT — CatBoost adds diversity, useful as ensemble member.

✅ Results saved to results/mega_comparison/models/WinA_train2024H1/catboost_market_news/
   Models: cb_model_seed_*.cbm
   Run ensemble: python run_fast_sim.py --ensemble --leverage 3 --rebal 24 --edge-boost
[20:02:38]    ✅ Done: catboost_market_news (272s)
[20:02:38] 🧠 Training: WinA_train2024H1 / catboost_no_deriv
[20:02:38]    train_end=2024-06-30  val_end=2024-12-24
[20:02:38]    flags: --no-news --no-derivatives
======================================================================
  CATBOOST CRYPTO ALPHA MODEL
  12h Target + Ordered Boosting + Walk-Forward
======================================================================

📊 Loading data...
   Shape: (2565321, 107), Symbols: 50
   🎯 Adding targets...
   🌐 Adding cross-asset features...
   🔰 Adding advanced regime features...
   🕐 Adding 12h-specific features...
   ✅ Added ~10 features for 12h holding period
   📅 Adding calendar features...
   ✅ Added 9 calendar features
   🏛️ Adding macro features...
      Macro raw: 9 cols, derived: 29, total new: 38
   📰 Adding sentiment features... (news_mode=none)
      FNG: 2018-02-01 → 2026-03-11, mean=48.3
      Funding: 96,393 non-zero rows (3.8%)
      LS ratio: 0 non-missing rows
      Synthetic positioning features...
      ⏭️  Skipping news features (news_mode=none)
   ✅ Sentiment features added: 175 → 200 total
   ⏭️  Skipping derivatives features (--no-derivatives)
   Features: 200
   📐 Cross-sectional rank normalization...
   ✅ Ranked 132 CS features, preserved 68 unranked
   Final shape: (2564721, 219)
   Date range: 2017-09-16 09:00:00+00:00 → 2026-03-07 03:00:00+00:00

🔴 PRODUCTION MODE — max training data, models go to live trading
   Train: start → 2024-06-30
   Val:   2024-07-08 → 2024-12-24
   Test:  (none — live trading)

======================================================================
  ROLLING WALK-FORWARD (1 windows)
======================================================================

──────────────────────────────────────────────────────────────────────
  Window 1/1: PROD (max data)
  Train: → 2024-06-30
  Val:   2024-07-08 → 2024-12-24
  Test:  2024-12-24 → 2026-12-31
──────────────────────────────────────────────────────────────────────
   Train: 1,853,979 | Val: 200,267 | Test: 500,875
0:	learn: 0.2888763	test: 0.2886581	best: 0.2886581 (0)	total: 12.3ms	remaining: 1m 1s
200:	learn: 0.2866913	test: 0.2876931	best: 0.2876931 (200)	total: 1.29s	remaining: 30.8s
400:	learn: 0.2860060	test: 0.2874937	best: 0.2874937 (400)	total: 2.57s	remaining: 29.5s
600:	learn: 0.2854748	test: 0.2873839	best: 0.2873826 (598)	total: 3.86s	remaining: 28.3s
800:	learn: 0.2850099	test: 0.2873013	best: 0.2873010 (796)	total: 5.15s	remaining: 27s
1000:	learn: 0.2845702	test: 0.2872585	best: 0.2872579 (998)	total: 6.41s	remaining: 25.6s
1200:	learn: 0.2841717	test: 0.2872372	best: 0.2872372 (1200)	total: 7.66s	remaining: 24.2s
1400:	learn: 0.2837687	test: 0.2872040	best: 0.2872040 (1400)	total: 8.92s	remaining: 22.9s
1600:	learn: 0.2833687	test: 0.2871823	best: 0.2871809 (1599)	total: 10.2s	remaining: 21.6s
bestTest = 0.2871808628
bestIteration = 1599
Shrink model to first 1600 iterations.
   🔪 Feature selection: 200 → 160

   🌱 CatBoost multi-seed ensemble (5 seeds)...
      Seed 42 (1/5)... 0:	learn: 0.2888763	test: 0.2886535	best: 0.2886535 (0)	total: 6.11ms	remaining: 30.6s
200:	learn: 0.2866912	test: 0.2876943	best: 0.2876943 (200)	total: 1.13s	remaining: 26.9s
400:	learn: 0.2860072	test: 0.2874961	best: 0.2874961 (400)	total: 2.27s	remaining: 26s
600:	learn: 0.2854743	test: 0.2873832	best: 0.2873832 (600)	total: 3.4s	remaining: 24.9s
800:	learn: 0.2849963	test: 0.2872847	best: 0.2872804 (788)	total: 4.54s	remaining: 23.8s
1000:	learn: 0.2845485	test: 0.2872491	best: 0.2872491 (999)	total: 5.67s	remaining: 22.6s
1200:	learn: 0.2841300	test: 0.2871924	best: 0.2871916 (1199)	total: 6.8s	remaining: 21.5s
bestTest = 0.2871811515
bestIteration = 1229
Shrink model to first 1230 iterations.
iters=1229
      Seed 123 (2/5)... 0:	learn: 0.2888758	test: 0.2886541	best: 0.2886541 (0)	total: 6.07ms	remaining: 30.4s
200:	learn: 0.2866932	test: 0.2876937	best: 0.2876937 (200)	total: 1.13s	remaining: 27s
400:	learn: 0.2860024	test: 0.2875109	best: 0.2875109 (400)	total: 2.28s	remaining: 26.2s
600:	learn: 0.2854684	test: 0.2873815	best: 0.2873801 (594)	total: 3.42s	remaining: 25s
800:	learn: 0.2850034	test: 0.2873029	best: 0.2873023 (795)	total: 4.56s	remaining: 23.9s
1000:	learn: 0.2845672	test: 0.2872479	best: 0.2872467 (989)	total: 5.68s	remaining: 22.7s
1200:	learn: 0.2841592	test: 0.2872011	best: 0.2871992 (1179)	total: 6.81s	remaining: 21.5s
1400:	learn: 0.2837561	test: 0.2871741	best: 0.2871725 (1397)	total: 7.93s	remaining: 20.4s
1600:	learn: 0.2833505	test: 0.2871544	best: 0.2871494 (1519)	total: 9.05s	remaining: 19.2s
bestTest = 0.2871494143
bestIteration = 1519
Shrink model to first 1520 iterations.
iters=1519
      Seed 456 (3/5)... 0:	learn: 0.2888767	test: 0.2886555	best: 0.2886555 (0)	total: 5.99ms	remaining: 29.9s
200:	learn: 0.2866944	test: 0.2876963	best: 0.2876963 (200)	total: 1.13s	remaining: 27s
400:	learn: 0.2859989	test: 0.2874875	best: 0.2874874 (399)	total: 2.27s	remaining: 26s
600:	learn: 0.2854528	test: 0.2873551	best: 0.2873541 (592)	total: 3.41s	remaining: 25s
800:	learn: 0.2849951	test: 0.2872693	best: 0.2872693 (796)	total: 4.55s	remaining: 23.9s
1000:	learn: 0.2845488	test: 0.2872281	best: 0.2872281 (1000)	total: 5.67s	remaining: 22.7s
1200:	learn: 0.2841285	test: 0.2871884	best: 0.2871851 (1189)	total: 6.79s	remaining: 21.5s
1400:	learn: 0.2837262	test: 0.2871556	best: 0.2871489 (1368)	total: 7.92s	remaining: 20.3s
1600:	learn: 0.2833248	test: 0.2871392	best: 0.2871386 (1560)	total: 9.03s	remaining: 19.2s
bestTest = 0.2871343511
bestIteration = 1611
Shrink model to first 1612 iterations.
iters=1611
      Seed 789 (4/5)... 0:	learn: 0.2888765	test: 0.2886554	best: 0.2886554 (0)	total: 6.34ms	remaining: 31.7s
200:	learn: 0.2866910	test: 0.2876838	best: 0.2876838 (200)	total: 1.12s	remaining: 26.8s
400:	learn: 0.2859978	test: 0.2874921	best: 0.2874921 (400)	total: 2.26s	remaining: 26s
600:	learn: 0.2854675	test: 0.2873817	best: 0.2873816 (594)	total: 3.39s	remaining: 24.8s
800:	learn: 0.2849979	test: 0.2872921	best: 0.2872882 (798)	total: 4.52s	remaining: 23.7s
1000:	learn: 0.2845654	test: 0.2872452	best: 0.2872449 (997)	total: 5.65s	remaining: 22.6s
1200:	learn: 0.2841455	test: 0.2872347	best: 0.2872338 (1196)	total: 6.78s	remaining: 21.4s
1400:	learn: 0.2837412	test: 0.2872138	best: 0.2872057 (1337)	total: 7.9s	remaining: 20.3s
bestTest = 0.2872056524
bestIteration = 1337
Shrink model to first 1338 iterations.
iters=1337
      Seed 2024 (5/5)... 0:	learn: 0.2888768	test: 0.2886582	best: 0.2886582 (0)	total: 5.95ms	remaining: 29.8s
200:	learn: 0.2866921	test: 0.2876877	best: 0.2876875 (199)	total: 1.14s	remaining: 27.1s
400:	learn: 0.2860012	test: 0.2874992	best: 0.2874992 (400)	total: 2.27s	remaining: 26s
600:	learn: 0.2854598	test: 0.2873741	best: 0.2873728 (592)	total: 3.41s	remaining: 25s
800:	learn: 0.2849949	test: 0.2873028	best: 0.2873023 (798)	total: 4.55s	remaining: 23.8s
1000:	learn: 0.2845553	test: 0.2872275	best: 0.2872248 (998)	total: 5.67s	remaining: 22.6s
1200:	learn: 0.2841429	test: 0.2872017	best: 0.2872006 (1193)	total: 6.8s	remaining: 21.5s
1400:	learn: 0.2837433	test: 0.2871749	best: 0.2871749 (1400)	total: 7.93s	remaining: 20.4s
1600:	learn: 0.2833456	test: 0.2871638	best: 0.2871545 (1522)	total: 9.05s	remaining: 19.2s
bestTest = 0.2871545258
bestIteration = 1522
Shrink model to first 1523 iterations.
iters=1522
   💾 Saved 5 CatBoost models + feature names

   📈 Window 1 Results:
      IC                             0.0171
      Rank_IC                        0.0261
      ICIR                           0.3203
      Rank_ICIR                      0.4536
      LS_Sharpe_raw                  3.4
      LS_Sharpe_net                  2.09
      LS_Ann_Return_net_%            82.7
      LS_MaxDD_net_%                 -93.6
      LS_Total_net_%                 4778884.0
      LS_VolTarget_Sharpe            2.72
      LS_VolTarget_MaxDD_%           -96.3
      LS_VolTarget_Total_%           58884497246.8
      LS_DDStop_Sharpe               3.67
      LS_DDStop_MaxDD_%              -24.9
      LS_DDStop_Total_%              6101185.7
      LO5_Sharpe                     -0.44
      LO10_Sharpe                    -0.66
      N_periods                      10516
      Cost_per_period_bps            3.5

======================================================================
  AGGREGATE RESULTS (1 windows)
======================================================================

   📈 Combined Results (all windows):
      Periods: 10516
      LS Net:       Sharpe=2.09, MaxDD=-93.6%, Total=4778884.0%
      LS VolTarget: Sharpe=2.72, MaxDD=-96.3%, Total=58884497246.8%
      LS DDStop:    Sharpe=3.67, MaxDD=-24.9%, Total=6101185.7%

🏆 Top 30 Features (CatBoost, last window):
      btc_vol_24h                              3.4
      gk_vol_168h                              3.0
      vix_close_chg_1d                         2.6
   📰 btc_beta_168h                            2.6
      close_ma336_ratio                        2.5
      close_ma720_ratio                        2.5
      ret_sharpe_168h                          2.4
      breadth_pct_positive                     2.3
      close_ma6_ratio                          2.2
      gk_vol_24h                               2.2
      ret_std_168h                             2.1
      vol_12h_cs_rank                          1.9
      close_ma12_ratio                         1.7
      spx_close_chg_1d                         1.7
      atr_48                                   1.6
      gk_vol_48h                               1.5
      vol_trend_12_48                          1.4
      dxy_close                                1.4
      vol_price_corr_48h                       1.3
   📰 long_short_ratio                         1.3
   📰 fng_momentum                             1.3
   📰 btc_beta_48h                             1.2
      macd_signal                              1.2
      spx_close_chg_20d                        1.2
      ret_std_48h                              1.2
      regime_breadth_bullish                   1.1
   📰 market_funding_std                       1.1
      atr_24                                   1.0
      vol_price_corr_24h                       1.0
   📰 market_dispersion                        1.0

   📰 Sentiment features in top 30: 6/30

======================================================================
  FINAL SUMMARY — CatBoost (12h target)
======================================================================
   Rank IC (avg):            +0.0261
   Rank ICIR (avg):          +0.4536
   LS Sharpe net (avg):      +2.09
   LS MaxDD net (avg):       -93.6%
   LS VolTarget Sharpe:      +2.72
   LS DDStop Sharpe:         +3.67
   Cost model:               0.03% taker + 0.01% slip + 0.005%/8h funding
======================================================================
🟡 DECENT — CatBoost adds diversity, useful as ensemble member.

✅ Results saved to results/mega_comparison/models/WinA_train2024H1/catboost_no_deriv/
   Models: cb_model_seed_*.cbm
   Run ensemble: python run_fast_sim.py --ensemble --leverage 3 --rebal 24 --edge-boost
[20:05:50]    ✅ Done: catboost_no_deriv (192s)
[20:05:50] 🧠 Training: WinA_train2024H1 / catboost_news_no_deriv
[20:05:50]    train_end=2024-06-30  val_end=2024-12-24
[20:05:50]    flags: --news-mode all --no-derivatives
======================================================================
  CATBOOST CRYPTO ALPHA MODEL
  12h Target + Ordered Boosting + Walk-Forward
======================================================================

📊 Loading data...
   Shape: (2565321, 107), Symbols: 50
   🎯 Adding targets...
   🌐 Adding cross-asset features...
   🔰 Adding advanced regime features...
   🕐 Adding 12h-specific features...
   ✅ Added ~10 features for 12h holding period
   📅 Adding calendar features...
   ✅ Added 9 calendar features
   🏛️ Adding macro features...
      Macro raw: 9 cols, derived: 29, total new: 38
   📰 Adding sentiment features... (news_mode=all)
      FNG: 2018-02-01 → 2026-03-11, mean=48.3
      Funding: 96,393 non-zero rows (3.8%)
      LS ratio: 0 non-missing rows
      Synthetic positioning features...
      Loading news features (mode=all)...
      + coin-level news: 8 features
      + market-level news: 7 features
      📊 Coverage: 2,228,238/2,565,321 rows (86.9%)
      📰 Events: 1,100,564/2,228,238 covered rows (49.4%) have news
      🕳️  Holes: 337,083 rows = NaN (not 0!)
   ✅ Sentiment features added: 175 → 212 total
   ⏭️  Skipping derivatives features (--no-derivatives)
   Features: 212
   📐 Cross-sectional rank normalization...
   ✅ Ranked 137 CS features, preserved 75 unranked
   Final shape: (2564721, 231)
   Date range: 2017-09-16 09:00:00+00:00 → 2026-03-07 03:00:00+00:00

🔴 PRODUCTION MODE — max training data, models go to live trading
   Train: start → 2024-06-30
   Val:   2024-07-08 → 2024-12-24
   Test:  (none — live trading)

======================================================================
  ROLLING WALK-FORWARD (1 windows)
======================================================================

──────────────────────────────────────────────────────────────────────
  Window 1/1: PROD (max data)
  Train: → 2024-06-30
  Val:   2024-07-08 → 2024-12-24
  Test:  2024-12-24 → 2026-12-31
──────────────────────────────────────────────────────────────────────
   Train: 1,853,979 | Val: 200,267 | Test: 500,875
0:	learn: 0.2888763	test: 0.2886581	best: 0.2886581 (0)	total: 13.2ms	remaining: 1m 6s
200:	learn: 0.2866853	test: 0.2876775	best: 0.2876775 (200)	total: 1.3s	remaining: 31s
400:	learn: 0.2859940	test: 0.2874727	best: 0.2874727 (400)	total: 2.58s	remaining: 29.6s
600:	learn: 0.2854531	test: 0.2873180	best: 0.2873179 (598)	total: 3.87s	remaining: 28.3s
800:	learn: 0.2849748	test: 0.2872237	best: 0.2872237 (800)	total: 5.16s	remaining: 27.1s
1000:	learn: 0.2845335	test: 0.2871609	best: 0.2871605 (998)	total: 6.43s	remaining: 25.7s
1200:	learn: 0.2841244	test: 0.2871375	best: 0.2871364 (1197)	total: 7.7s	remaining: 24.3s
1400:	learn: 0.2837197	test: 0.2871150	best: 0.2871117 (1336)	total: 8.96s	remaining: 23s
1600:	learn: 0.2833119	test: 0.2870950	best: 0.2870946 (1538)	total: 10.2s	remaining: 21.7s
bestTest = 0.2870925707
bestIteration = 1622
Shrink model to first 1623 iterations.
   🔪 Feature selection: 212 → 169

   🌱 CatBoost multi-seed ensemble (5 seeds)...
      Seed 42 (1/5)... 0:	learn: 0.2888766	test: 0.2886546	best: 0.2886546 (0)	total: 6.13ms	remaining: 30.6s
200:	learn: 0.2866766	test: 0.2876627	best: 0.2876627 (200)	total: 1.12s	remaining: 26.7s
400:	learn: 0.2859896	test: 0.2874503	best: 0.2874503 (400)	total: 2.24s	remaining: 25.7s
600:	learn: 0.2854590	test: 0.2873325	best: 0.2873225 (595)	total: 3.38s	remaining: 24.7s
800:	learn: 0.2849893	test: 0.2872006	best: 0.2871991 (796)	total: 4.51s	remaining: 23.6s
1000:	learn: 0.2845421	test: 0.2871667	best: 0.2871647 (996)	total: 5.63s	remaining: 22.5s
1200:	learn: 0.2841201	test: 0.2871249	best: 0.2871234 (1192)	total: 6.74s	remaining: 21.3s
1400:	learn: 0.2837130	test: 0.2871024	best: 0.2870951 (1337)	total: 7.84s	remaining: 20.1s
bestTest = 0.2870950506
bestIteration = 1337
Shrink model to first 1338 iterations.
iters=1337
      Seed 123 (2/5)... 0:	learn: 0.2888758	test: 0.2886541	best: 0.2886541 (0)	total: 6.07ms	remaining: 30.4s
200:	learn: 0.2866831	test: 0.2876761	best: 0.2876761 (200)	total: 1.13s	remaining: 27.1s
400:	learn: 0.2859795	test: 0.2874793	best: 0.2874792 (398)	total: 2.26s	remaining: 26s
600:	learn: 0.2854567	test: 0.2873626	best: 0.2873625 (598)	total: 3.42s	remaining: 25s
800:	learn: 0.2849778	test: 0.2872635	best: 0.2872614 (799)	total: 4.56s	remaining: 23.9s
1000:	learn: 0.2845337	test: 0.2871890	best: 0.2871853 (996)	total: 5.68s	remaining: 22.7s
1200:	learn: 0.2841180	test: 0.2871707	best: 0.2871706 (1197)	total: 6.82s	remaining: 21.6s
1400:	learn: 0.2837007	test: 0.2871412	best: 0.2871404 (1397)	total: 7.93s	remaining: 20.4s
1600:	learn: 0.2832954	test: 0.2871068	best: 0.2871061 (1599)	total: 9.06s	remaining: 19.2s
1800:	learn: 0.2829004	test: 0.2870865	best: 0.2870849 (1798)	total: 10.2s	remaining: 18.1s
bestTest = 0.2870848594
bestIteration = 1798
Shrink model to first 1799 iterations.
iters=1798
      Seed 456 (3/5)... 0:	learn: 0.2888767	test: 0.2886555	best: 0.2886555 (0)	total: 6.07ms	remaining: 30.3s
200:	learn: 0.2866790	test: 0.2876642	best: 0.2876642 (200)	total: 1.14s	remaining: 27.1s
400:	learn: 0.2859867	test: 0.2874691	best: 0.2874691 (400)	total: 2.28s	remaining: 26.1s
600:	learn: 0.2854490	test: 0.2873527	best: 0.2873527 (600)	total: 3.41s	remaining: 25s
800:	learn: 0.2849739	test: 0.2872485	best: 0.2872468 (792)	total: 4.54s	remaining: 23.8s
1000:	learn: 0.2845287	test: 0.2872014	best: 0.2872014 (1000)	total: 5.65s	remaining: 22.6s
1200:	learn: 0.2841063	test: 0.2871596	best: 0.2871588 (1188)	total: 6.76s	remaining: 21.4s
1400:	learn: 0.2836967	test: 0.2871453	best: 0.2871434 (1359)	total: 7.88s	remaining: 20.2s
1600:	learn: 0.2832859	test: 0.2871331	best: 0.2871277 (1575)	total: 9s	remaining: 19.1s
bestTest = 0.2871276768
bestIteration = 1575
Shrink model to first 1576 iterations.
iters=1575
      Seed 789 (4/5)... 0:	learn: 0.2888765	test: 0.2886554	best: 0.2886554 (0)	total: 6.23ms	remaining: 31.1s
200:	learn: 0.2866819	test: 0.2876718	best: 0.2876718 (200)	total: 1.13s	remaining: 27.1s
400:	learn: 0.2859915	test: 0.2874797	best: 0.2874797 (400)	total: 2.26s	remaining: 26s
600:	learn: 0.2854583	test: 0.2873363	best: 0.2873354 (595)	total: 3.4s	remaining: 24.9s
800:	learn: 0.2849833	test: 0.2872420	best: 0.2872420 (800)	total: 4.54s	remaining: 23.8s
1000:	learn: 0.2845420	test: 0.2871655	best: 0.2871655 (1000)	total: 5.67s	remaining: 22.7s
1200:	learn: 0.2841204	test: 0.2871221	best: 0.2871221 (1200)	total: 6.81s	remaining: 21.5s
1400:	learn: 0.2837050	test: 0.2870904	best: 0.2870876 (1389)	total: 7.93s	remaining: 20.4s
bestTest = 0.287087645
bestIteration = 1389
Shrink model to first 1390 iterations.
iters=1389
      Seed 2024 (5/5)... 0:	learn: 0.2888768	test: 0.2886582	best: 0.2886582 (0)	total: 6.19ms	remaining: 30.9s
200:	learn: 0.2866820	test: 0.2876716	best: 0.2876715 (199)	total: 1.13s	remaining: 26.9s
400:	learn: 0.2859817	test: 0.2874535	best: 0.2874535 (400)	total: 2.27s	remaining: 26s
600:	learn: 0.2854458	test: 0.2873137	best: 0.2873095 (598)	total: 3.4s	remaining: 24.9s
800:	learn: 0.2849646	test: 0.2872005	best: 0.2872004 (799)	total: 4.54s	remaining: 23.8s
1000:	learn: 0.2845273	test: 0.2871289	best: 0.2871279 (998)	total: 5.67s	remaining: 22.6s
1200:	learn: 0.2841162	test: 0.2870650	best: 0.2870605 (1184)	total: 6.79s	remaining: 21.5s
1400:	learn: 0.2837058	test: 0.2870474	best: 0.2870447 (1394)	total: 7.92s	remaining: 20.4s
1600:	learn: 0.2832948	test: 0.2870226	best: 0.2870209 (1597)	total: 9.04s	remaining: 19.2s
1800:	learn: 0.2828987	test: 0.2869987	best: 0.2869987 (1800)	total: 10.2s	remaining: 18s
bestTest = 0.2869889088
bestIteration = 1851
Shrink model to first 1852 iterations.
iters=1851
   💾 Saved 5 CatBoost models + feature names

   📈 Window 1 Results:
      IC                             0.0174
      Rank_IC                        0.0269
      ICIR                           0.3193
      Rank_ICIR                      0.4633
      LS_Sharpe_raw                  3.48
      LS_Sharpe_net                  2.17
      LS_Ann_Return_net_%            85.7
      LS_MaxDD_net_%                 -94.3
      LS_Total_net_%                 7279528.9
      LS_VolTarget_Sharpe            2.77
      LS_VolTarget_MaxDD_%           -97.6
      LS_VolTarget_Total_%           93406318759.6
      LS_DDStop_Sharpe               3.76
      LS_DDStop_MaxDD_%              -25.0
      LS_DDStop_Total_%              6651401.9
      LO5_Sharpe                     -0.41
      LO10_Sharpe                    -0.65
      N_periods                      10516
      Cost_per_period_bps            3.5

======================================================================
  AGGREGATE RESULTS (1 windows)
======================================================================

   📈 Combined Results (all windows):
      Periods: 10516
      LS Net:       Sharpe=2.17, MaxDD=-94.3%, Total=7279528.9%
      LS VolTarget: Sharpe=2.77, MaxDD=-97.6%, Total=93406318759.6%
      LS DDStop:    Sharpe=3.76, MaxDD=-25.0%, Total=6651401.9%

🏆 Top 30 Features (CatBoost, last window):
      btc_vol_24h                              2.9
      gk_vol_168h                              2.9
      vix_close_chg_1d                         2.6
      close_ma336_ratio                        2.5
   📰 btc_beta_168h                            2.4
      close_ma720_ratio                        2.2
      ret_sharpe_168h                          2.2
      breadth_pct_positive                     2.1
      ret_std_168h                             2.1
      close_ma6_ratio                          1.9
      news_count_7d                            1.9
      vol_12h_cs_rank                          1.9
      gk_vol_24h                               1.8
      atr_48                                   1.6
      spx_close_chg_1d                         1.5
      gk_vol_48h                               1.5
   📰 fng_momentum                             1.4
      close_ma12_ratio                         1.4
      vol_trend_12_48                          1.3
      dxy_close                                1.3
      spx_close_chg_20d                        1.3
      vol_price_corr_48h                       1.2
   📰 btc_beta_48h                             1.1
      macd_signal                              1.1
      gold_close                               1.0
   📰 fng_ma30                                 1.0
      ret_std_48h                              1.0
      vol_price_corr_24h                       1.0
      news_count_24h                           0.9
      ret_sharpe_24h                           0.9

   📰 Sentiment features in top 30: 4/30

======================================================================
  FINAL SUMMARY — CatBoost (12h target)
======================================================================
   Rank IC (avg):            +0.0269
   Rank ICIR (avg):          +0.4633
   LS Sharpe net (avg):      +2.17
   LS MaxDD net (avg):       -94.3%
   LS VolTarget Sharpe:      +2.77
   LS DDStop Sharpe:         +3.76
   Cost model:               0.03% taker + 0.01% slip + 0.005%/8h funding
======================================================================
🟡 DECENT — CatBoost adds diversity, useful as ensemble member.

✅ Results saved to results/mega_comparison/models/WinA_train2024H1/catboost_news_no_deriv/
   Models: cb_model_seed_*.cbm
   Run ensemble: python run_fast_sim.py --ensemble --leverage 3 --rebal 24 --edge-boost
[20:09:12]    ✅ Done: catboost_news_no_deriv (202s)
[20:09:12] 🧠 Training: WinA_train2024H1 / catboost_huber
[20:09:12]    train_end=2024-06-30  val_end=2024-12-24
[20:09:12]    flags: --no-news --huber --huber-delta 1.0
======================================================================
  CATBOOST CRYPTO ALPHA MODEL
  12h Target + Ordered Boosting + Walk-Forward
======================================================================

📊 Loading data...
   Shape: (2565321, 107), Symbols: 50
   🎯 Adding targets...
   🌐 Adding cross-asset features...
   🔰 Adding advanced regime features...
   🕐 Adding 12h-specific features...
   ✅ Added ~10 features for 12h holding period
   📅 Adding calendar features...
   ✅ Added 9 calendar features
   🏛️ Adding macro features...
      Macro raw: 9 cols, derived: 29, total new: 38
   📰 Adding sentiment features... (news_mode=none)
      FNG: 2018-02-01 → 2026-03-11, mean=48.3
      Funding: 96,393 non-zero rows (3.8%)
      LS ratio: 0 non-missing rows
      Synthetic positioning features...
      ⏭️  Skipping news features (news_mode=none)
   ✅ Sentiment features added: 175 → 200 total
   📊 Adding derivatives features (Binance Futures)...
      Loaded metrics: 1,800,870 rows, 50 symbols, 2021-12-01 → 2026-03-12
      OI: 1,785,559 rows (69.6%), 9 features
      Taker: 1,648,976 rows (64.3%), 6 features
      Top L/S: 1,433,710 rows (55.9%), 5 features
      Global L/S: 3 features
      Binance funding: 2,239,209 rows (87.3%)
      Funding surprise: computed from OKX funding data
      Market-wide aggregates: 4 features
      Basis/Premium: 448,115 rows (17.5%), 6 features
      ⚠️  No liquidation data (run download_binance_futures.py)
      DVOL: 13 features (BTC range: 2021-04-01 → 2026-03-15)
   ✅ Derivatives features: +48 features
   Features: 248
   📐 Cross-sectional rank normalization...
   ✅ Ranked 167 CS features, preserved 81 unranked
   Final shape: (2564721, 267)
   Date range: 2017-09-16 09:00:00+00:00 → 2026-03-07 03:00:00+00:00

🔴 PRODUCTION MODE — max training data, models go to live trading
   Train: start → 2024-06-30
   Val:   2024-07-08 → 2024-12-24
   Test:  (none — live trading)

======================================================================
  ROLLING WALK-FORWARD (1 windows)
======================================================================

──────────────────────────────────────────────────────────────────────
  Window 1/1: PROD (max data)
  Train: → 2024-06-30
  Val:   2024-07-08 → 2024-12-24
  Test:  2024-12-24 → 2026-12-31
──────────────────────────────────────────────────────────────────────
   Train: 1,853,979 | Val: 200,267 | Test: 500,875
   🛡️  Huber loss enabled (delta=1.0)
0:	learn: 0.5865948	test: 0.5815131	best: 0.5815131 (0)	total: 14.3ms	remaining: 1m 11s
200:	learn: 0.2951511	test: 0.2952250	best: 0.2952250 (200)	total: 1.54s	remaining: 36.7s
400:	learn: 0.2864650	test: 0.2876951	best: 0.2876951 (400)	total: 3.08s	remaining: 35.3s
600:	learn: 0.2856822	test: 0.2873795	best: 0.2873795 (600)	total: 4.63s	remaining: 33.9s
800:	learn: 0.2851377	test: 0.2872516	best: 0.2872514 (799)	total: 6.16s	remaining: 32.3s
1000:	learn: 0.2846521	test: 0.2871509	best: 0.2871505 (999)	total: 7.69s	remaining: 30.7s
1200:	learn: 0.2842075	test: 0.2870885	best: 0.2870885 (1200)	total: 9.22s	remaining: 29.2s
1400:	learn: 0.2837910	test: 0.2870427	best: 0.2870422 (1398)	total: 10.7s	remaining: 27.6s
1600:	learn: 0.2833700	test: 0.2869998	best: 0.2869998 (1600)	total: 12.2s	remaining: 26s
bestTest = 0.2869891807
bestIteration = 1643
Shrink model to first 1644 iterations.
   🔪 Feature selection: 248 → 198

   🌱 CatBoost multi-seed ensemble (5 seeds)...
      Seed 42 (1/5)... 0:	learn: 0.5865930	test: 0.5815107	best: 0.5815107 (0)	total: 6.45ms	remaining: 32.2s
200:	learn: 0.2951445	test: 0.2952304	best: 0.2952304 (200)	total: 1.22s	remaining: 29.1s
400:	learn: 0.2864491	test: 0.2876873	best: 0.2876873 (400)	total: 2.47s	remaining: 28.3s
600:	learn: 0.2856753	test: 0.2873630	best: 0.2873630 (600)	total: 3.73s	remaining: 27.3s
800:	learn: 0.2851183	test: 0.2872263	best: 0.2872263 (795)	total: 4.98s	remaining: 26.1s
1000:	learn: 0.2846371	test: 0.2871229	best: 0.2871224 (998)	total: 6.22s	remaining: 24.8s
1200:	learn: 0.2841923	test: 0.2870570	best: 0.2870570 (1200)	total: 7.47s	remaining: 23.6s
1400:	learn: 0.2837550	test: 0.2869988	best: 0.2869962 (1393)	total: 8.7s	remaining: 22.4s
1600:	learn: 0.2833358	test: 0.2869601	best: 0.2869601 (1600)	total: 9.92s	remaining: 21.1s
bestTest = 0.2869461046
bestIteration = 1675
Shrink model to first 1676 iterations.
iters=1675
      Seed 123 (2/5)... 0:	learn: 0.5865952	test: 0.5815090	best: 0.5815090 (0)	total: 6.94ms	remaining: 34.7s
200:	learn: 0.2951495	test: 0.2952329	best: 0.2952329 (200)	total: 1.21s	remaining: 29s
400:	learn: 0.2864618	test: 0.2877082	best: 0.2877082 (400)	total: 2.46s	remaining: 28.2s
600:	learn: 0.2856806	test: 0.2873978	best: 0.2873978 (600)	total: 3.71s	remaining: 27.1s
800:	learn: 0.2851256	test: 0.2872418	best: 0.2872418 (800)	total: 4.97s	remaining: 26s
1000:	learn: 0.2846389	test: 0.2871659	best: 0.2871659 (1000)	total: 6.21s	remaining: 24.8s
1200:	learn: 0.2841882	test: 0.2870829	best: 0.2870813 (1194)	total: 7.45s	remaining: 23.6s
1400:	learn: 0.2837621	test: 0.2870459	best: 0.2870453 (1399)	total: 8.69s	remaining: 22.3s
1600:	learn: 0.2833430	test: 0.2869820	best: 0.2869820 (1600)	total: 9.9s	remaining: 21s
1800:	learn: 0.2829326	test: 0.2869473	best: 0.2869457 (1797)	total: 11.1s	remaining: 19.8s
2000:	learn: 0.2825437	test: 0.2869095	best: 0.2869064 (1973)	total: 12.4s	remaining: 18.6s
bestTest = 0.2869063534
bestIteration = 1973
Shrink model to first 1974 iterations.
iters=1973
      Seed 456 (3/5)... 0:	learn: 0.5865967	test: 0.5815093	best: 0.5815093 (0)	total: 6.52ms	remaining: 32.6s
200:	learn: 0.2951383	test: 0.2952625	best: 0.2952625 (200)	total: 1.21s	remaining: 29s
400:	learn: 0.2864571	test: 0.2877111	best: 0.2877111 (400)	total: 2.45s	remaining: 28.1s
600:	learn: 0.2856794	test: 0.2874028	best: 0.2874028 (600)	total: 3.7s	remaining: 27.1s
800:	learn: 0.2851333	test: 0.2872555	best: 0.2872555 (799)	total: 4.96s	remaining: 26s
1000:	learn: 0.2846510	test: 0.2871467	best: 0.2871467 (1000)	total: 6.19s	remaining: 24.7s
1200:	learn: 0.2842065	test: 0.2870591	best: 0.2870591 (1200)	total: 7.42s	remaining: 23.5s
1400:	learn: 0.2837816	test: 0.2869995	best: 0.2869995 (1400)	total: 8.65s	remaining: 22.2s
1600:	learn: 0.2833613	test: 0.2869424	best: 0.2869424 (1600)	total: 9.88s	remaining: 21s
1800:	learn: 0.2829451	test: 0.2869233	best: 0.2869220 (1794)	total: 11.1s	remaining: 19.7s
bestTest = 0.2869214116
bestIteration = 1803
Shrink model to first 1804 iterations.
iters=1803
      Seed 789 (4/5)... 0:	learn: 0.5865955	test: 0.5815151	best: 0.5815151 (0)	total: 6.22ms	remaining: 31.1s
200:	learn: 0.2951463	test: 0.2951873	best: 0.2951873 (200)	total: 1.22s	remaining: 29.1s
400:	learn: 0.2864637	test: 0.2877027	best: 0.2876867 (398)	total: 2.46s	remaining: 28.2s
600:	learn: 0.2856709	test: 0.2873966	best: 0.2873962 (598)	total: 3.72s	remaining: 27.2s
800:	learn: 0.2851276	test: 0.2872911	best: 0.2872911 (800)	total: 4.97s	remaining: 26s
1000:	learn: 0.2846437	test: 0.2871896	best: 0.2871895 (998)	total: 6.21s	remaining: 24.8s
1200:	learn: 0.2842000	test: 0.2871124	best: 0.2871124 (1200)	total: 7.46s	remaining: 23.6s
bestTest = 0.2870942183
bestIteration = 1237
Shrink model to first 1238 iterations.
iters=1237
      Seed 2024 (5/5)... 0:	learn: 0.5866187	test: 0.5814843	best: 0.5814843 (0)	total: 6.28ms	remaining: 31.4s
200:	learn: 0.2951429	test: 0.2952156	best: 0.2952156 (200)	total: 1.22s	remaining: 29.2s
400:	learn: 0.2864612	test: 0.2876783	best: 0.2876783 (400)	total: 2.46s	remaining: 28.3s
600:	learn: 0.2856634	test: 0.2873515	best: 0.2873515 (600)	total: 3.72s	remaining: 27.2s
800:	learn: 0.2851149	test: 0.2872378	best: 0.2872376 (799)	total: 4.96s	remaining: 26s
1000:	learn: 0.2846331	test: 0.2871540	best: 0.2871525 (999)	total: 6.2s	remaining: 24.8s
1200:	learn: 0.2841908	test: 0.2870770	best: 0.2870763 (1198)	total: 7.42s	remaining: 23.5s
1400:	learn: 0.2837501	test: 0.2870274	best: 0.2870254 (1364)	total: 8.65s	remaining: 22.2s
1600:	learn: 0.2833280	test: 0.2869785	best: 0.2869785 (1600)	total: 9.88s	remaining: 21s
1800:	learn: 0.2829193	test: 0.2869448	best: 0.2869448 (1800)	total: 11.1s	remaining: 19.7s
bestTest = 0.2869349905
bestIteration = 1828
Shrink model to first 1829 iterations.
iters=1828
   💾 Saved 5 CatBoost models + feature names

   📈 Window 1 Results:
      IC                             0.0199
      Rank_IC                        0.0306
      ICIR                           0.337
      Rank_ICIR                      0.4757
      LS_Sharpe_raw                  3.64
      LS_Sharpe_net                  2.33
      LS_Ann_Return_net_%            92.3
      LS_MaxDD_net_%                 -93.1
      LS_Total_net_%                 18981914.1
      LS_VolTarget_Sharpe            3.04
      LS_VolTarget_MaxDD_%           -97.3
      LS_VolTarget_Total_%           1022488362592.1
      LS_DDStop_Sharpe               3.86
      LS_DDStop_MaxDD_%              -24.9
      LS_DDStop_Total_%              18140871.2
      LO5_Sharpe                     -0.23
      LO10_Sharpe                    -0.59
      N_periods                      10516
      Cost_per_period_bps            3.5

======================================================================
  AGGREGATE RESULTS (1 windows)
======================================================================

   📈 Combined Results (all windows):
      Periods: 10516
      LS Net:       Sharpe=2.33, MaxDD=-93.1%, Total=18981914.1%
      LS VolTarget: Sharpe=3.04, MaxDD=-97.3%, Total=1022488362592.1%
      LS DDStop:    Sharpe=3.86, MaxDD=-24.9%, Total=18140871.2%

🏆 Top 30 Features (CatBoost, last window):
      btc_vol_24h                              2.8
      gk_vol_168h                              2.6
   📰 btc_beta_168h                            2.4
      ret_std_168h                             2.3
      vix_close_chg_1d                         2.2
      atr_48                                   2.2
      close_ma336_ratio                        2.1
      close_ma720_ratio                        2.0
      oi_value_usd                             1.8
      gk_vol_48h                               1.8
      ret_sharpe_168h                          1.7
      spx_close_chg_1d                         1.6
   📰 funding_rate_binance                     1.6
      breadth_pct_positive                     1.5
      close_ma6_ratio                          1.3
      spx_close_chg_20d                        1.3
      ret_std_48h                              1.2
      vol_trend_12_48                          1.2
      vol_12h_cs_rank                          1.2
      vol_price_corr_48h                       1.2
      gk_vol_24h                               1.1
      close_ma12_ratio                         1.1
   📰 fng_momentum                             1.1
      dxy_close                                1.0
      regime_breadth_bullish                   1.0
   📰 btc_beta_48h                             1.0
      top_long_pct                             0.9
      macd_signal                              0.9
      vix_close                                0.9
      ls_divergence                            0.8

   📰 Sentiment features in top 30: 4/30

======================================================================
  FINAL SUMMARY — CatBoost (12h target)
======================================================================
   Rank IC (avg):            +0.0306
   Rank ICIR (avg):          +0.4757
   LS Sharpe net (avg):      +2.33
   LS MaxDD net (avg):       -93.1%
   LS VolTarget Sharpe:      +3.04
   LS DDStop Sharpe:         +3.86
   Cost model:               0.03% taker + 0.01% slip + 0.005%/8h funding
======================================================================
🟡 DECENT — CatBoost adds diversity, useful as ensemble member.

✅ Results saved to results/mega_comparison/models/WinA_train2024H1/catboost_huber/
   Models: cb_model_seed_*.cbm
   Run ensemble: python run_fast_sim.py --ensemble --leverage 3 --rebal 24 --edge-boost
[20:13:37]    ✅ Done: catboost_huber (265s)
[20:13:37] 🧠 Training: WinA_train2024H1 / catboost_huber_no_deriv
[20:13:37]    train_end=2024-06-30  val_end=2024-12-24
[20:13:37]    flags: --no-news --no-derivatives --huber --huber-delta 1.0
======================================================================
  CATBOOST CRYPTO ALPHA MODEL
  12h Target + Ordered Boosting + Walk-Forward
======================================================================

📊 Loading data...
   Shape: (2565321, 107), Symbols: 50
   🎯 Adding targets...
   🌐 Adding cross-asset features...
   🔰 Adding advanced regime features...
   🕐 Adding 12h-specific features...
   ✅ Added ~10 features for 12h holding period
   📅 Adding calendar features...
   ✅ Added 9 calendar features
   🏛️ Adding macro features...
      Macro raw: 9 cols, derived: 29, total new: 38
   📰 Adding sentiment features... (news_mode=none)
      FNG: 2018-02-01 → 2026-03-11, mean=48.3
      Funding: 96,393 non-zero rows (3.8%)
      LS ratio: 0 non-missing rows
      Synthetic positioning features...
      ⏭️  Skipping news features (news_mode=none)
   ✅ Sentiment features added: 175 → 200 total
   ⏭️  Skipping derivatives features (--no-derivatives)
   Features: 200
   📐 Cross-sectional rank normalization...
   ✅ Ranked 132 CS features, preserved 68 unranked
   Final shape: (2564721, 219)
   Date range: 2017-09-16 09:00:00+00:00 → 2026-03-07 03:00:00+00:00

🔴 PRODUCTION MODE — max training data, models go to live trading
   Train: start → 2024-06-30
   Val:   2024-07-08 → 2024-12-24
   Test:  (none — live trading)

======================================================================
  ROLLING WALK-FORWARD (1 windows)
======================================================================

──────────────────────────────────────────────────────────────────────
  Window 1/1: PROD (max data)
  Train: → 2024-06-30
  Val:   2024-07-08 → 2024-12-24
  Test:  2024-12-24 → 2026-12-31
──────────────────────────────────────────────────────────────────────
   Train: 1,853,979 | Val: 200,267 | Test: 500,875
   🛡️  Huber loss enabled (delta=1.0)
0:	learn: 0.5865951	test: 0.5815159	best: 0.5815159 (0)	total: 12.8ms	remaining: 1m 4s
200:	learn: 0.2951564	test: 0.2951384	best: 0.2951384 (200)	total: 1.31s	remaining: 31.4s
400:	learn: 0.2864654	test: 0.2876748	best: 0.2876748 (400)	total: 2.62s	remaining: 30s
600:	learn: 0.2857052	test: 0.2874112	best: 0.2874112 (600)	total: 3.93s	remaining: 28.8s
800:	learn: 0.2851992	test: 0.2873174	best: 0.2873166 (798)	total: 5.24s	remaining: 27.5s
1000:	learn: 0.2847473	test: 0.2872303	best: 0.2872303 (1000)	total: 6.53s	remaining: 26.1s
1200:	learn: 0.2843250	test: 0.2872055	best: 0.2872054 (1196)	total: 7.82s	remaining: 24.7s
bestTest = 0.2871982157
bestIteration = 1225
Shrink model to first 1226 iterations.
   🔪 Feature selection: 200 → 160

   🌱 CatBoost multi-seed ensemble (5 seeds)...
      Seed 42 (1/5)... 0:	learn: 0.5865954	test: 0.5815082	best: 0.5815082 (0)	total: 5.56ms	remaining: 27.8s
200:	learn: 0.2951414	test: 0.2952407	best: 0.2952407 (200)	total: 1.14s	remaining: 27.3s
400:	learn: 0.2864527	test: 0.2876887	best: 0.2876887 (400)	total: 2.29s	remaining: 26.2s
600:	learn: 0.2857055	test: 0.2874388	best: 0.2874388 (600)	total: 3.44s	remaining: 25.2s
800:	learn: 0.2852077	test: 0.2873359	best: 0.2873359 (797)	total: 4.6s	remaining: 24.1s
1000:	learn: 0.2847520	test: 0.2872709	best: 0.2872709 (1000)	total: 5.73s	remaining: 22.9s
1200:	learn: 0.2843359	test: 0.2872171	best: 0.2872171 (1200)	total: 6.87s	remaining: 21.7s
1400:	learn: 0.2839331	test: 0.2872079	best: 0.2871976 (1367)	total: 8.02s	remaining: 20.6s
1600:	learn: 0.2835156	test: 0.2871779	best: 0.2871714 (1588)	total: 9.13s	remaining: 19.4s
bestTest = 0.2871714049
bestIteration = 1588
Shrink model to first 1589 iterations.
iters=1588
      Seed 123 (2/5)... 0:	learn: 0.5865991	test: 0.5815093	best: 0.5815093 (0)	total: 6.18ms	remaining: 30.9s
200:	learn: 0.2951271	test: 0.2952256	best: 0.2952256 (200)	total: 1.13s	remaining: 27.1s
400:	learn: 0.2864519	test: 0.2877075	best: 0.2877075 (400)	total: 2.29s	remaining: 26.2s
600:	learn: 0.2856935	test: 0.2874369	best: 0.2874369 (600)	total: 3.44s	remaining: 25.2s
800:	learn: 0.2851872	test: 0.2873224	best: 0.2873223 (799)	total: 4.58s	remaining: 24s
1000:	learn: 0.2847325	test: 0.2872547	best: 0.2872530 (998)	total: 5.71s	remaining: 22.8s
1200:	learn: 0.2843125	test: 0.2872141	best: 0.2872138 (1197)	total: 6.85s	remaining: 21.7s
1400:	learn: 0.2839080	test: 0.2871865	best: 0.2871825 (1380)	total: 7.98s	remaining: 20.5s
bestTest = 0.2871754462
bestIteration = 1447
Shrink model to first 1448 iterations.
iters=1447
      Seed 456 (3/5)... 0:	learn: 0.5865927	test: 0.5815697	best: 0.5815697 (0)	total: 5.69ms	remaining: 28.5s
200:	learn: 0.2951288	test: 0.2951749	best: 0.2951749 (200)	total: 1.13s	remaining: 27.1s
400:	learn: 0.2864550	test: 0.2876881	best: 0.2876881 (400)	total: 2.27s	remaining: 26.1s
600:	learn: 0.2857062	test: 0.2874437	best: 0.2874426 (598)	total: 3.42s	remaining: 25.1s
800:	learn: 0.2851962	test: 0.2873275	best: 0.2873275 (800)	total: 4.58s	remaining: 24s
1000:	learn: 0.2847491	test: 0.2872446	best: 0.2872412 (993)	total: 5.73s	remaining: 22.9s
1200:	learn: 0.2843236	test: 0.2871987	best: 0.2871959 (1192)	total: 6.88s	remaining: 21.8s
1400:	learn: 0.2839209	test: 0.2871746	best: 0.2871718 (1368)	total: 8.02s	remaining: 20.6s
bestTest = 0.2871717954
bestIteration = 1368
Shrink model to first 1369 iterations.
iters=1368
      Seed 789 (4/5)... 0:	learn: 0.5866045	test: 0.5815318	best: 0.5815318 (0)	total: 6.37ms	remaining: 31.8s
200:	learn: 0.2951414	test: 0.2951860	best: 0.2951860 (200)	total: 1.15s	remaining: 27.4s
400:	learn: 0.2864509	test: 0.2876766	best: 0.2876766 (400)	total: 2.29s	remaining: 26.3s
600:	learn: 0.2857025	test: 0.2874543	best: 0.2874543 (600)	total: 3.44s	remaining: 25.1s
800:	learn: 0.2852012	test: 0.2873463	best: 0.2873452 (798)	total: 4.59s	remaining: 24.1s
1000:	learn: 0.2847516	test: 0.2872925	best: 0.2872909 (992)	total: 5.73s	remaining: 22.9s
1200:	learn: 0.2843405	test: 0.2872659	best: 0.2872654 (1196)	total: 6.87s	remaining: 21.7s
bestTest = 0.2872565662
bestIteration = 1261
Shrink model to first 1262 iterations.
iters=1261
      Seed 2024 (5/5)... 0:	learn: 0.5866180	test: 0.5814873	best: 0.5814873 (0)	total: 6.02ms	remaining: 30.1s
200:	learn: 0.2951325	test: 0.2952066	best: 0.2952066 (200)	total: 1.13s	remaining: 27.1s
400:	learn: 0.2864659	test: 0.2876872	best: 0.2876872 (400)	total: 2.28s	remaining: 26.1s
600:	learn: 0.2857079	test: 0.2874335	best: 0.2874335 (600)	total: 3.42s	remaining: 25.1s
800:	learn: 0.2852023	test: 0.2873397	best: 0.2873365 (794)	total: 4.57s	remaining: 23.9s
1000:	learn: 0.2847542	test: 0.2872945	best: 0.2872900 (965)	total: 5.71s	remaining: 22.8s
1200:	learn: 0.2843300	test: 0.2872264	best: 0.2872232 (1196)	total: 6.83s	remaining: 21.6s
bestTest = 0.2872153639
bestIteration = 1222
Shrink model to first 1223 iterations.
iters=1222
   💾 Saved 5 CatBoost models + feature names

   📈 Window 1 Results:
      IC                             0.0186
      Rank_IC                        0.0279
      ICIR                           0.3276
      Rank_ICIR                      0.4611
      LS_Sharpe_raw                  3.33
      LS_Sharpe_net                  2.02
      LS_Ann_Return_net_%            80.0
      LS_MaxDD_net_%                 -93.1
      LS_Total_net_%                 3229635.6
      LS_VolTarget_Sharpe            2.65
      LS_VolTarget_MaxDD_%           -97.2
      LS_VolTarget_Total_%           33574021307.6
      LS_DDStop_Sharpe               3.61
      LS_DDStop_MaxDD_%              -24.9
      LS_DDStop_Total_%              4247657.2
      LO5_Sharpe                     -0.44
      LO10_Sharpe                    -0.66
      N_periods                      10516
      Cost_per_period_bps            3.5

======================================================================
  AGGREGATE RESULTS (1 windows)
======================================================================

   📈 Combined Results (all windows):
      Periods: 10516
      LS Net:       Sharpe=2.02, MaxDD=-93.1%, Total=3229635.6%
      LS VolTarget: Sharpe=2.65, MaxDD=-97.2%, Total=33574021307.6%
      LS DDStop:    Sharpe=3.61, MaxDD=-24.9%, Total=4247657.2%

🏆 Top 30 Features (CatBoost, last window):
      btc_vol_24h                              3.3
      gk_vol_168h                              3.0
      vix_close_chg_1d                         2.5
      close_ma720_ratio                        2.4
      close_ma336_ratio                        2.4
      ret_sharpe_168h                          2.3
      atr_48                                   2.3
      ret_std_168h                             2.0
   📰 btc_beta_168h                            2.0
      gk_vol_48h                               1.9
      close_ma6_ratio                          1.8
      vol_12h_cs_rank                          1.8
      spx_close_chg_1d                         1.7
      breadth_pct_positive                     1.7
      vol_price_corr_48h                       1.7
      vol_trend_12_48                          1.6
      close_ma12_ratio                         1.5
      atr_24                                   1.5
      regime_breadth_bullish                   1.4
      ret_std_48h                              1.3
      spx_close_chg_20d                        1.2
      gk_vol_24h                               1.2
   📰 btc_beta_48h                             1.2
      atr_14                                   1.1
   📰 fng_momentum                             1.1
      ret_sharpe_24h                           1.0
      dxy_close                                1.0
      cci_48                                   1.0
      macd_signal                              1.0
      vix_close                                1.0

   📰 Sentiment features in top 30: 3/30

======================================================================
  FINAL SUMMARY — CatBoost (12h target)
======================================================================
   Rank IC (avg):            +0.0279
   Rank ICIR (avg):          +0.4611
   LS Sharpe net (avg):      +2.02
   LS MaxDD net (avg):       -93.1%
   LS VolTarget Sharpe:      +2.65
   LS DDStop Sharpe:         +3.61
   Cost model:               0.03% taker + 0.01% slip + 0.005%/8h funding
======================================================================
🟡 DECENT — CatBoost adds diversity, useful as ensemble member.

✅ Results saved to results/mega_comparison/models/WinA_train2024H1/catboost_huber_no_deriv/
   Models: cb_model_seed_*.cbm
   Run ensemble: python run_fast_sim.py --ensemble --leverage 3 --rebal 24 --edge-boost
[20:16:46]    ✅ Done: catboost_huber_no_deriv (189s)
[20:16:46] 🧠 Training: WinA_train2024H1 / xgboost_with_news
[20:16:46]    train_end=2024-06-30  val_end=2024-12-24
[20:16:46]    flags: --news-mode all
======================================================================
  XGBOOST + NEWS INTERACTIONS — CRYPTO ALPHA MODEL
  12h Target + Level-wise Trees + News × Price Interactions
======================================================================

📊 Loading data...
   Shape: (2565321, 107), Symbols: 50
   🎯 Adding targets...
   🌐 Adding cross-asset features...
   🔰 Adding advanced regime features...
   🕐 Adding 12h-specific features...
   ✅ Added ~10 features for 12h holding period
   📅 Adding calendar features...
   ✅ Added 9 calendar features
   🏛️ Adding macro features...
      Macro raw: 9 cols, derived: 29, total new: 38
   📰 Adding sentiment features... (news_mode=all)
      FNG: 2018-02-01 → 2026-03-11, mean=48.3
      Funding: 96,393 non-zero rows (3.8%)
      LS ratio: 0 non-missing rows
      Synthetic positioning features...
      Loading news features (mode=all)...
      + coin-level news: 8 features
      + market-level news: 7 features
      📊 Coverage: 2,228,238/2,565,321 rows (86.9%)
      📰 Events: 1,100,564/2,228,238 covered rows (49.4%) have news
      🕳️  Holes: 337,083 rows = NaN (not 0!)
   ✅ Sentiment features added: 175 → 212 total
   📊 Adding derivatives features (Binance Futures)...
      Loaded metrics: 1,800,870 rows, 50 symbols, 2021-12-01 → 2026-03-12
      OI: 1,785,559 rows (69.6%), 9 features
      Taker: 1,648,976 rows (64.3%), 6 features
      Top L/S: 1,433,710 rows (55.9%), 5 features
      Global L/S: 3 features
      Binance funding: 2,239,209 rows (87.3%)
      Funding surprise: computed from OKX funding data
      Market-wide aggregates: 4 features
      Basis/Premium: 448,115 rows (17.5%), 6 features
      ⚠️  No liquidation data (run download_binance_futures.py)
      DVOL: 13 features (BTC range: 2021-04-01 → 2026-03-15)
   ✅ Derivatives features: +48 features
   🧬 Adding news interaction features...
   ✅ Added 23 news interaction features
   Features: 283 (23 news interactions)
   📐 Cross-sectional rank normalization...
   ✅ Ranked 195 CS features, preserved 88 unranked
   Final shape: (2564721, 302)
   Date range: 2017-09-16 09:00:00+00:00 → 2026-03-07 03:00:00+00:00

🔴 PRODUCTION MODE — max training data, models go to live trading
   Train: start → 2024-06-30
   Val:   2024-07-08 → 2024-12-24
   Test:  (none — live trading)

======================================================================
  ROLLING WALK-FORWARD (1 windows)
======================================================================

──────────────────────────────────────────────────────────────────────
  Window 1/1: PROD (max data)
  Train: → 2024-06-30
  Val:   2024-07-08 → 2024-12-24
  Test:  2024-12-24 → 2026-12-31
──────────────────────────────────────────────────────────────────────
   Train: 1,853,979 | Val: 200,267 | Test: 500,875
[0]	validation_0-rmse:0.28865
[200]	validation_0-rmse:0.28751
[400]	validation_0-rmse:0.28727
[600]	validation_0-rmse:0.28716
[800]	validation_0-rmse:0.28710
[1000]	validation_0-rmse:0.28705
[1200]	validation_0-rmse:0.28701
[1400]	validation_0-rmse:0.28701
[1425]	validation_0-rmse:0.28701
   🔪 Feature selection: 283 → 230
      (including 21 news interaction features)

   🌱 XGBoost multi-seed ensemble (5 seeds)...
      Seed 42 (1/5)... [0]	validation_0-rmse:0.28865
[200]	validation_0-rmse:0.28751
[400]	validation_0-rmse:0.28727
[600]	validation_0-rmse:0.28716
[800]	validation_0-rmse:0.28708
[1000]	validation_0-rmse:0.28705
[1151]	validation_0-rmse:0.28704
iters=1051
      Seed 123 (2/5)... [0]	validation_0-rmse:0.28865
[200]	validation_0-rmse:0.28750
[400]	validation_0-rmse:0.28727
[600]	validation_0-rmse:0.28714
[773]	validation_0-rmse:0.28711
iters=673
      Seed 456 (3/5)... [0]	validation_0-rmse:0.28865
[200]	validation_0-rmse:0.28750
[400]	validation_0-rmse:0.28726
[600]	validation_0-rmse:0.28717
[800]	validation_0-rmse:0.28708
[1000]	validation_0-rmse:0.28702
[1200]	validation_0-rmse:0.28700
[1400]	validation_0-rmse:0.28701
[1433]	validation_0-rmse:0.28703
iters=1333
      Seed 789 (4/5)... [0]	validation_0-rmse:0.28865
[200]	validation_0-rmse:0.28747
[400]	validation_0-rmse:0.28726
[600]	validation_0-rmse:0.28715
[800]	validation_0-rmse:0.28706
[1000]	validation_0-rmse:0.28703
[1074]	validation_0-rmse:0.28703
iters=974
      Seed 2024 (5/5)... [0]	validation_0-rmse:0.28865
[200]	validation_0-rmse:0.28749
[400]	validation_0-rmse:0.28728
[600]	validation_0-rmse:0.28717
[800]	validation_0-rmse:0.28707
[1000]	validation_0-rmse:0.28703
[1200]	validation_0-rmse:0.28702
[1222]	validation_0-rmse:0.28703
iters=1122
   💾 Saved 5 XGBoost models + feature names

   📈 Window 1 Results:
      IC                             0.0145
      Rank_IC                        0.0262
      ICIR                           0.3098
      Rank_ICIR                      0.4697
      LS_Sharpe_raw                  3.68
      LS_Sharpe_net                  2.34
      LS_Ann_Return_net_%            90.5
      LS_MaxDD_net_%                 -94.6
      LS_Total_net_%                 15368962.3
      LS_VolTarget_Sharpe            3.04
      LS_VolTarget_MaxDD_%           -96.6
      LS_VolTarget_Total_%           874947494224.2
      LS_DDStop_Sharpe               3.95
      LS_DDStop_MaxDD_%              -24.9
      LS_DDStop_Total_%              16460855.7
      LO5_Sharpe                     -0.34
      LO10_Sharpe                    -0.63
      N_periods                      10516
      Cost_per_period_bps            3.5

======================================================================
  AGGREGATE RESULTS (1 windows)
======================================================================

   📈 Combined Results (all windows):
      Periods: 10516
      LS Net:       Sharpe=2.34, MaxDD=-94.6%, Total=15368962.3%
      LS VolTarget: Sharpe=3.04, MaxDD=-96.6%, Total=874947494224.2%
      LS DDStop:    Sharpe=3.95, MaxDD=-24.9%, Total=16460855.7%

🏆 Top 30 Features (XGBoost, last window):
   📰 funding_vs_market                        0.0278
   📰 funding_rate                             0.0262
      btc_ret_1h                               0.0257
   📰 market_dispersion                        0.0249
   🧬 nx_high_vol_negative                     0.0230
   🧬 nx_high_volume                           0.0215
   🧬 nx_high_vol_positive                     0.0200
      eth_ret_1h                               0.0150
      eth_ret_12h                              0.0147
   📰 market_funding_std                       0.0145
      gk_vol_24h                               0.0143
      close_ma6_ratio                          0.0137
      btc_ret_12h                              0.0125
      btc_ret_4h                               0.0124
      close_ma12_ratio                         0.0114
      btc_ret_24h                              0.0102
      eth_ret_4h                               0.0097
      regime_breadth_bullish                   0.0088
      ret_2h                                   0.0082
   🧬 nx_is_burst                              0.0075
      ret_std_48h                              0.0073
      vol_ma24_ratio                           0.0071
      close_open_ratio                         0.0069
      eth_ret_24h                              0.0069
      low_close_ratio                          0.0062
      breadth_pct_positive                     0.0061
   📰 vol_surge_24h                            0.0058
   🧬 nx_burst_ratio                           0.0057
      eth_btc_ret_24h                          0.0056
      gk_vol_48h                               0.0056

   🧬 News interaction features in top 30: 5/30
   📰 All news-related features in top 30: 5/30

======================================================================
  FINAL SUMMARY — XGBoost + News Interactions (12h target)
======================================================================
   Rank IC (avg):            +0.0262
   Rank ICIR (avg):          +0.4697
   LS Sharpe net (avg):      +2.34
   LS MaxDD net (avg):       -94.6%
   LS DDStop Sharpe:         +3.95
   LS DDStop MaxDD:          -24.9%
   Cost model:               0.03% taker + 0.01% slip + 0.005%/8h funding
======================================================================
🟢 STRONG — XGBoost news model adds alpha. Ready for ensemble.

✅ Results saved to results/mega_comparison/models/WinA_train2024H1/xgboost_with_news/
   Models: xgb_model_seed_*.json
   Run ensemble: python run_fast_sim.py --ensemble --edge-boost --days 365
[20:21:35]    ✅ Done: xgboost_with_news (289s)
[20:21:35] 🧠 Training: WinA_train2024H1 / xgboost_no_news
[20:21:35]    train_end=2024-06-30  val_end=2024-12-24
[20:21:35]    flags: --no-news
======================================================================
  XGBOOST + NEWS INTERACTIONS — CRYPTO ALPHA MODEL
  12h Target + Level-wise Trees + News × Price Interactions
======================================================================

📊 Loading data...
   Shape: (2565321, 107), Symbols: 50
   🎯 Adding targets...
   🌐 Adding cross-asset features...
   🔰 Adding advanced regime features...
   🕐 Adding 12h-specific features...
   ✅ Added ~10 features for 12h holding period
   📅 Adding calendar features...
   ✅ Added 9 calendar features
   🏛️ Adding macro features...
      Macro raw: 9 cols, derived: 29, total new: 38
   📰 Adding sentiment features... (news_mode=none)
      FNG: 2018-02-01 → 2026-03-11, mean=48.3
      Funding: 96,393 non-zero rows (3.8%)
      LS ratio: 0 non-missing rows
      Synthetic positioning features...
      ⏭️  Skipping news features (news_mode=none)
   ✅ Sentiment features added: 175 → 200 total
   📊 Adding derivatives features (Binance Futures)...
      Loaded metrics: 1,800,870 rows, 50 symbols, 2021-12-01 → 2026-03-12
      OI: 1,785,559 rows (69.6%), 9 features
      Taker: 1,648,976 rows (64.3%), 6 features
      Top L/S: 1,433,710 rows (55.9%), 5 features
      Global L/S: 3 features
      Binance funding: 2,239,209 rows (87.3%)
      Funding surprise: computed from OKX funding data
      Market-wide aggregates: 4 features
      Basis/Premium: 448,115 rows (17.5%), 6 features
      ⚠️  No liquidation data (run download_binance_futures.py)
      DVOL: 13 features (BTC range: 2021-04-01 → 2026-03-15)
   ✅ Derivatives features: +48 features
   ⏭️  Skipping news interaction features (news_mode=none)
   Features: 248 (0 news interactions)
   📐 Cross-sectional rank normalization...
   ✅ Ranked 167 CS features, preserved 81 unranked
   Final shape: (2564721, 267)
   Date range: 2017-09-16 09:00:00+00:00 → 2026-03-07 03:00:00+00:00

🔴 PRODUCTION MODE — max training data, models go to live trading
   Train: start → 2024-06-30
   Val:   2024-07-08 → 2024-12-24
   Test:  (none — live trading)

======================================================================
  ROLLING WALK-FORWARD (1 windows)
======================================================================

──────────────────────────────────────────────────────────────────────
  Window 1/1: PROD (max data)
  Train: → 2024-06-30
  Val:   2024-07-08 → 2024-12-24
  Test:  2024-12-24 → 2026-12-31
──────────────────────────────────────────────────────────────────────
   Train: 1,853,979 | Val: 200,267 | Test: 500,875
[0]	validation_0-rmse:0.28865
[200]	validation_0-rmse:0.28750
[400]	validation_0-rmse:0.28723
[600]	validation_0-rmse:0.28711
[800]	validation_0-rmse:0.28701
[1000]	validation_0-rmse:0.28697
[1200]	validation_0-rmse:0.28693
[1383]	validation_0-rmse:0.28694
   🔪 Feature selection: 248 → 198
      (including 0 news interaction features)

   🌱 XGBoost multi-seed ensemble (5 seeds)...
      Seed 42 (1/5)... [0]	validation_0-rmse:0.28865
[200]	validation_0-rmse:0.28750
[400]	validation_0-rmse:0.28726
[600]	validation_0-rmse:0.28717
[800]	validation_0-rmse:0.28708
[1000]	validation_0-rmse:0.28702
[1200]	validation_0-rmse:0.28702
[1231]	validation_0-rmse:0.28701
iters=1131
      Seed 123 (2/5)... [0]	validation_0-rmse:0.28865
[200]	validation_0-rmse:0.28751
[400]	validation_0-rmse:0.28728
[600]	validation_0-rmse:0.28711
[800]	validation_0-rmse:0.28705
[1000]	validation_0-rmse:0.28702
[1200]	validation_0-rmse:0.28701
[1209]	validation_0-rmse:0.28701
iters=1109
      Seed 456 (3/5)... [0]	validation_0-rmse:0.28865
[200]	validation_0-rmse:0.28752
[400]	validation_0-rmse:0.28732
[600]	validation_0-rmse:0.28720
[800]	validation_0-rmse:0.28714
[1000]	validation_0-rmse:0.28708
[1174]	validation_0-rmse:0.28708
iters=1074
      Seed 789 (4/5)... [0]	validation_0-rmse:0.28865
[200]	validation_0-rmse:0.28750
[400]	validation_0-rmse:0.28727
[600]	validation_0-rmse:0.28713
[800]	validation_0-rmse:0.28707
[1000]	validation_0-rmse:0.28703
[1200]	validation_0-rmse:0.28701
[1400]	validation_0-rmse:0.28701
[1438]	validation_0-rmse:0.28700
iters=1338
      Seed 2024 (5/5)... [0]	validation_0-rmse:0.28865
[200]	validation_0-rmse:0.28752
[400]	validation_0-rmse:0.28725
[600]	validation_0-rmse:0.28716
[800]	validation_0-rmse:0.28707
[1000]	validation_0-rmse:0.28704
[1004]	validation_0-rmse:0.28704
iters=904
   💾 Saved 5 XGBoost models + feature names

   📈 Window 1 Results:
      IC                             0.0173
      Rank_IC                        0.0288
      ICIR                           0.3148
      Rank_ICIR                      0.4776
      LS_Sharpe_raw                  3.77
      LS_Sharpe_net                  2.42
      LS_Ann_Return_net_%            93.1
      LS_MaxDD_net_%                 -94.2
      LS_Total_net_%                 22706929.8
      LS_VolTarget_Sharpe            3.16
      LS_VolTarget_MaxDD_%           -96.7
      LS_VolTarget_Total_%           2011459499671.6
      LS_DDStop_Sharpe               4.14
      LS_DDStop_MaxDD_%              -24.9
      LS_DDStop_Total_%              25509281.0
      LO5_Sharpe                     -0.3
      LO10_Sharpe                    -0.59
      N_periods                      10516
      Cost_per_period_bps            3.5

======================================================================
  AGGREGATE RESULTS (1 windows)
======================================================================

   📈 Combined Results (all windows):
      Periods: 10516
      LS Net:       Sharpe=2.42, MaxDD=-94.2%, Total=22706929.8%
      LS VolTarget: Sharpe=3.16, MaxDD=-96.7%, Total=2011459499671.6%
      LS DDStop:    Sharpe=4.14, MaxDD=-24.9%, Total=25509281.0%

🏆 Top 30 Features (XGBoost, last window):
   📰 market_funding_std                       0.0389
   📰 funding_rate                             0.0303
   📰 market_dispersion                        0.0281
      btc_ret_1h                               0.0224
      gk_vol_24h                               0.0201
      eth_ret_1h                               0.0195
      close_ma6_ratio                          0.0166
      eth_ret_12h                              0.0163
      close_ma12_ratio                         0.0137
      btc_ret_12h                              0.0137
      eth_ret_4h                               0.0135
      btc_ret_4h                               0.0131
      btc_ret_24h                              0.0129
      ret_2h                                   0.0103
      ret_std_48h                              0.0101
      regime_breadth_bullish                   0.0095
      eth_ret_24h                              0.0087
      low_close_ratio                          0.0082
      close_open_ratio                         0.0081
      vol_ma24_ratio                           0.0080
      breadth_pct_positive                     0.0075
      eth_btc_ret_24h                          0.0072
   📰 vol_surge_24h                            0.0069
   📰 vol_surge_48h                            0.0067
      gk_vol_48h                               0.0065
      ret_1h                                   0.0063
      vol_price_corr_48h                       0.0063
   📰 reversal_4v24                            0.0060
      basis_cs_rank                            0.0058
      atr_24                                   0.0058

   🧬 News interaction features in top 30: 0/30
   📰 All news-related features in top 30: 0/30

======================================================================
  FINAL SUMMARY — XGBoost + News Interactions (12h target)
======================================================================
   Rank IC (avg):            +0.0288
   Rank ICIR (avg):          +0.4776
   LS Sharpe net (avg):      +2.42
   LS MaxDD net (avg):       -94.2%
   LS DDStop Sharpe:         +4.14
   LS DDStop MaxDD:          -24.9%
   Cost model:               0.03% taker + 0.01% slip + 0.005%/8h funding
======================================================================
🟢 STRONG — XGBoost news model adds alpha. Ready for ensemble.

✅ Results saved to results/mega_comparison/models/WinA_train2024H1/xgboost_no_news/
   Models: xgb_model_seed_*.json
   Run ensemble: python run_fast_sim.py --ensemble --edge-boost --days 365
[20:26:19]    ✅ Done: xgboost_no_news (284s)
[20:26:19] 🧠 Training: WinA_train2024H1 / xgboost_no_deriv
[20:26:19]    train_end=2024-06-30  val_end=2024-12-24
[20:26:19]    flags: --no-news --no-derivatives
======================================================================
  XGBOOST + NEWS INTERACTIONS — CRYPTO ALPHA MODEL
  12h Target + Level-wise Trees + News × Price Interactions
======================================================================

📊 Loading data...
   Shape: (2565321, 107), Symbols: 50
   🎯 Adding targets...
   🌐 Adding cross-asset features...
   🔰 Adding advanced regime features...
   🕐 Adding 12h-specific features...
   ✅ Added ~10 features for 12h holding period
   📅 Adding calendar features...
   ✅ Added 9 calendar features
   🏛️ Adding macro features...
      Macro raw: 9 cols, derived: 29, total new: 38
   📰 Adding sentiment features... (news_mode=none)
      FNG: 2018-02-01 → 2026-03-11, mean=48.3
      Funding: 96,393 non-zero rows (3.8%)
      LS ratio: 0 non-missing rows
      Synthetic positioning features...
      ⏭️  Skipping news features (news_mode=none)
   ✅ Sentiment features added: 175 → 200 total
   ⏭️  Skipping derivatives features (--no-derivatives)
   ⏭️  Skipping news interaction features (news_mode=none)
   Features: 200 (0 news interactions)
   📐 Cross-sectional rank normalization...
   ✅ Ranked 132 CS features, preserved 68 unranked
   Final shape: (2564721, 219)
   Date range: 2017-09-16 09:00:00+00:00 → 2026-03-07 03:00:00+00:00

🔴 PRODUCTION MODE — max training data, models go to live trading
   Train: start → 2024-06-30
   Val:   2024-07-08 → 2024-12-24
   Test:  (none — live trading)

======================================================================
  ROLLING WALK-FORWARD (1 windows)
======================================================================

──────────────────────────────────────────────────────────────────────
  Window 1/1: PROD (max data)
  Train: → 2024-06-30
  Val:   2024-07-08 → 2024-12-24
  Test:  2024-12-24 → 2026-12-31
──────────────────────────────────────────────────────────────────────
   Train: 1,853,979 | Val: 200,267 | Test: 500,875
[0]	validation_0-rmse:0.28865
[200]	validation_0-rmse:0.28757
[400]	validation_0-rmse:0.28742
[600]	validation_0-rmse:0.28733
[700]	validation_0-rmse:0.28734
   🔪 Feature selection: 200 → 160
      (including 0 news interaction features)

   🌱 XGBoost multi-seed ensemble (5 seeds)...
      Seed 42 (1/5)... [0]	validation_0-rmse:0.28865
[200]	validation_0-rmse:0.28756
[400]	validation_0-rmse:0.28741
[600]	validation_0-rmse:0.28734
[800]	validation_0-rmse:0.28727
[929]	validation_0-rmse:0.28727
iters=829
      Seed 123 (2/5)... [0]	validation_0-rmse:0.28865
[200]	validation_0-rmse:0.28756
[400]	validation_0-rmse:0.28740
[600]	validation_0-rmse:0.28730
[800]	validation_0-rmse:0.28728
[995]	validation_0-rmse:0.28729
iters=895
      Seed 456 (3/5)... [0]	validation_0-rmse:0.28865
[200]	validation_0-rmse:0.28754
[400]	validation_0-rmse:0.28741
[600]	validation_0-rmse:0.28735
[800]	validation_0-rmse:0.28732
[918]	validation_0-rmse:0.28731
iters=818
      Seed 789 (4/5)... [0]	validation_0-rmse:0.28865
[200]	validation_0-rmse:0.28755
[400]	validation_0-rmse:0.28736
[600]	validation_0-rmse:0.28727
[800]	validation_0-rmse:0.28723
[929]	validation_0-rmse:0.28724
iters=829
      Seed 2024 (5/5)... [0]	validation_0-rmse:0.28865
[200]	validation_0-rmse:0.28757
[400]	validation_0-rmse:0.28740
[600]	validation_0-rmse:0.28731
[782]	validation_0-rmse:0.28729
iters=682
   💾 Saved 5 XGBoost models + feature names

   📈 Window 1 Results:
      IC                             0.0173
      Rank_IC                        0.0273
      ICIR                           0.3138
      Rank_ICIR                      0.4555
      LS_Sharpe_raw                  3.32
      LS_Sharpe_net                  1.98
      LS_Ann_Return_net_%            76.5
      LS_MaxDD_net_%                 -93.5
      LS_Total_net_%                 2053801.5
      LS_VolTarget_Sharpe            2.7
      LS_VolTarget_MaxDD_%           -96.9
      LS_VolTarget_Total_%           43837355435.2
      LS_DDStop_Sharpe               3.38
      LS_DDStop_MaxDD_%              -25.0
      LS_DDStop_Total_%              2077104.6
      LO5_Sharpe                     -0.47
      LO10_Sharpe                    -0.69
      N_periods                      10516
      Cost_per_period_bps            3.5

======================================================================
  AGGREGATE RESULTS (1 windows)
======================================================================

   📈 Combined Results (all windows):
      Periods: 10516
      LS Net:       Sharpe=1.98, MaxDD=-93.5%, Total=2053801.5%
      LS VolTarget: Sharpe=2.70, MaxDD=-96.9%, Total=43837355435.2%
      LS DDStop:    Sharpe=3.38, MaxDD=-25.0%, Total=2077104.6%

🏆 Top 30 Features (XGBoost, last window):
   📰 funding_rate                             0.0288
      gk_vol_24h                               0.0274
   📰 market_funding_std                       0.0273
   📰 market_dispersion                        0.0271
      btc_ret_1h                               0.0270
      eth_ret_12h                              0.0197
      close_ma6_ratio                          0.0185
      close_ma12_ratio                         0.0175
      btc_ret_24h                              0.0146
      eth_ret_1h                               0.0144
      eth_ret_4h                               0.0144
      btc_ret_12h                              0.0144
      btc_ret_4h                               0.0141
      regime_breadth_bullish                   0.0134
      ret_std_48h                              0.0131
      ret_2h                                   0.0118
      low_close_ratio                          0.0106
      close_open_ratio                         0.0103
      eth_ret_24h                              0.0100
      vol_ma24_ratio                           0.0099
      gk_vol_48h                               0.0094
      breadth_pct_positive                     0.0090
      atr_24                                   0.0087
      eth_btc_ret_24h                          0.0083
      vol_price_corr_48h                       0.0080
      ret_std_168h                             0.0073
   📰 vol_surge_24h                            0.0071
      gk_vol_168h                              0.0070
      btc_vol_24h                              0.0068
      btc_ret_48h                              0.0068

   🧬 News interaction features in top 30: 0/30
   📰 All news-related features in top 30: 0/30

======================================================================
  FINAL SUMMARY — XGBoost + News Interactions (12h target)
======================================================================
   Rank IC (avg):            +0.0273
   Rank ICIR (avg):          +0.4555
   LS Sharpe net (avg):      +1.98
   LS MaxDD net (avg):       -93.5%
   LS DDStop Sharpe:         +3.38
   LS DDStop MaxDD:          -25.0%
   Cost model:               0.03% taker + 0.01% slip + 0.005%/8h funding
======================================================================
🟢 STRONG — XGBoost news model adds alpha. Ready for ensemble.

✅ Results saved to results/mega_comparison/models/WinA_train2024H1/xgboost_no_deriv/
   Models: xgb_model_seed_*.json
   Run ensemble: python run_fast_sim.py --ensemble --edge-boost --days 365
[20:29:29]    ✅ Done: xgboost_no_deriv (190s)
[20:29:29] 
[20:29:29] ━━━━━━━━━━━━━━━━━━━━━━━━━━━━━━━━━━━━━━━━━━━━━━━━━━━━━━━━━━━━
[20:29:29]   WINDOW B: train_end=2024-12-31
[20:29:29] ━━━━━━━━━━━━━━━━━━━━━━━━━━━━━━━━━━━━━━━━━━━━━━━━━━━━━━━━━━━━
[20:29:29] 🧠 Training: WinB_train2024 / v6_base
[20:29:29]    train_end=2024-12-31  val_end=2025-06-24
[20:29:29]    flags: --no-news
======================================================================
  CRYPTO ALPHA MODEL v6
  12h Target + Optimized Holding Period + Walk-Forward
======================================================================

📊 Loading data...
   Shape: (2565321, 107), Symbols: 50
   🎯 Adding targets...
   🌐 Adding cross-asset features...
   🔰 Adding advanced regime features...
   🕐 Adding 12h-specific features...
   ✅ Added ~10 features for 12h holding period
   📅 Adding calendar features...
   ✅ Added 9 calendar features
   🏛️ Adding macro features...
      Macro raw: 9 cols, derived: 29, total new: 38
   📰 Adding sentiment features... (news_mode=none)
      FNG: 2018-02-01 → 2026-03-11, mean=48.3
      Funding: 96,393 non-zero rows (3.8%)
      LS ratio: 0 non-missing rows
      Synthetic positioning features...
      ⏭️  Skipping news features (news_mode=none)
   ✅ Sentiment features added: 175 → 200 total
   📊 Adding derivatives features (Binance Futures)...
      Loaded metrics: 1,800,870 rows, 50 symbols, 2021-12-01 → 2026-03-12
      OI: 1,785,559 rows (69.6%), 9 features
      Taker: 1,648,976 rows (64.3%), 6 features
      Top L/S: 1,433,710 rows (55.9%), 5 features
      Global L/S: 3 features
      Binance funding: 2,239,209 rows (87.3%)
      Funding surprise: computed from OKX funding data
      Market-wide aggregates: 4 features
      Basis/Premium: 448,115 rows (17.5%), 6 features
      ⚠️  No liquidation data (run download_binance_futures.py)
      DVOL: 13 features (BTC range: 2021-04-01 → 2026-03-15)
   ✅ Derivatives features: +48 features
   Features: 248
   📐 Cross-sectional rank normalization...
   ✅ Ranked 167 CS features, preserved 81 unranked
   Final shape: (2564721, 267)
   Date range: 2017-09-16 09:00:00+00:00 → 2026-03-07 03:00:00+00:00

🔴 PRODUCTION MODE — max training data, models go to live trading
   Train: start → 2024-12-31
   Val:   2025-01-08 → 2025-06-24
   Test:  (none — live trading)

======================================================================
  ROLLING WALK-FORWARD (1 windows)
======================================================================

──────────────────────────────────────────────────────────────────────
  Window 1/1: PROD (max data)
  Train: → 2024-12-31
  Val:   2025-01-08 → 2025-06-24
  Test:  2025-06-24 → 2026-12-31
──────────────────────────────────────────────────────────────────────
   Train: 2,072,078 | Val: 192,491 | Test: 290,744
Training until validation scores don't improve for 100 rounds
[200]	valid_0's l2: 0.082554
[400]	valid_0's l2: 0.0824244
[600]	valid_0's l2: 0.0823782
[800]	valid_0's l2: 0.0823508
Early stopping, best iteration is:
[771]	valid_0's l2: 0.0823495
   🔪 Feature selection: 248 → 197

   🌱 Multi-seed ensemble (5 seeds)...
      Seed 42 (1/5)... Training until validation scores don't improve for 100 rounds
[200]	valid_0's l2: 0.0825569
[400]	valid_0's l2: 0.0824211
[600]	valid_0's l2: 0.0823612
[800]	valid_0's l2: 0.0823221
Early stopping, best iteration is:
[894]	valid_0's l2: 0.0823156
iters=894
      Seed 123 (2/5)... Training until validation scores don't improve for 100 rounds
[200]	valid_0's l2: 0.0825509
[400]	valid_0's l2: 0.0824298
[600]	valid_0's l2: 0.0823888
[800]	valid_0's l2: 0.0823544
[1000]	valid_0's l2: 0.0823263
[1200]	valid_0's l2: 0.0823156
[1400]	valid_0's l2: 0.0823017
[1600]	valid_0's l2: 0.0822964
Early stopping, best iteration is:
[1525]	valid_0's l2: 0.0822912
iters=1525
      Seed 456 (3/5)... Training until validation scores don't improve for 100 rounds
[200]	valid_0's l2: 0.0825717
[400]	valid_0's l2: 0.0824352
[600]	valid_0's l2: 0.0823872
Early stopping, best iteration is:
[631]	valid_0's l2: 0.0823841
iters=631
      Seed 789 (4/5)... Training until validation scores don't improve for 100 rounds
[200]	valid_0's l2: 0.0825533
[400]	valid_0's l2: 0.0824292
[600]	valid_0's l2: 0.0823859
[800]	valid_0's l2: 0.082358
[1000]	valid_0's l2: 0.0823276
[1200]	valid_0's l2: 0.0823132
[1400]	valid_0's l2: 0.0823063
Early stopping, best iteration is:
[1312]	valid_0's l2: 0.082301
iters=1312
      Seed 2024 (5/5)... Training until validation scores don't improve for 100 rounds
[200]	valid_0's l2: 0.0825582
[400]	valid_0's l2: 0.0824408
[600]	valid_0's l2: 0.0823895
[800]	valid_0's l2: 0.082367
[1000]	valid_0's l2: 0.0823499
[1200]	valid_0's l2: 0.0823493
Early stopping, best iteration is:
[1103]	valid_0's l2: 0.0823438
iters=1103
   💾 Saved 5 models + feature names

   📈 Window 1 Results:
      IC                             0.0077
      Rank_IC                        0.0236
      ICIR                           0.2381
      Rank_ICIR                      0.4545
      LS_Sharpe_raw                  1.91
      LS_Sharpe_net                  0.63
      LS_Ann_Return_net_%            25.4
      LS_MaxDD_net_%                 -95.2
      LS_Total_net_%                 321.5
      LS_VolTarget_Sharpe            1.56
      LS_VolTarget_MaxDD_%           -97.5
      LS_VolTarget_Total_%           42797.6
      LS_DDStop_Sharpe               1.1
      LS_DDStop_MaxDD_%              -24.7
      LS_DDStop_Total_%              218.0
      LO5_Sharpe                     -0.72
      LO10_Sharpe                    -0.84
      N_periods                      6148
      Cost_per_period_bps            3.5

======================================================================
  AGGREGATE RESULTS (1 windows)
======================================================================

   📈 Combined Results (all windows):
      Periods: 6148
      LS Net:       Sharpe=0.63, MaxDD=-95.2%, Total=321.5%
      LS VolTarget: Sharpe=1.56, MaxDD=-97.5%, Total=42797.6%
      LS DDStop:    Sharpe=1.10, MaxDD=-24.7%, Total=218.0%

🏆 Top 30 Features (last window):
      vix_close_chg_1d                         689
   📰 btc_beta_168h                            620
      oi_value_usd                             601
      btc_vol_24h                              584
      close_ma336_ratio                        571
      close_ma720_ratio                        538
      spx_close_chg_1d                         512
      breadth_pct_positive                     457
      gk_vol_168h                              439
      ret_sharpe_168h                          432
   📰 funding_rate_binance                     429
      vol_12h_cs_rank                          399
      dxy_close                                365
   📰 btc_beta_48h                             360
      ret_sharpe_24h                           358
      real_rate_chg_5d                         349
      ret_std_168h                             338
   📰 fng_momentum                             338
      spx_close_chg_20d                        334
      vix_close_chg_20d                        333
      atr_48                                   321
      global_ls_ratio                          312
      gold_close                               303
      macd_signal                              296
      vix_close                                284
      dxy_close_chg_20d                        283
      gk_vol_24h                               282
   📰 fng_ma30                                 281
      yield_curve_10y2y_chg_20d                280
      close_ma6_ratio                          270

   📰 Sentiment features in top 30: 5/30

======================================================================
  FINAL SUMMARY v6 (12h target)
======================================================================
   Rank IC (avg):            +0.0236
   Rank ICIR (avg):          +0.4545
   LS Sharpe net (avg):      +0.63
   LS MaxDD net (avg):       -95.2%
   LS VolTarget Sharpe:      +1.56
   LS VolTarget MaxDD:       -97.5%
   LS DDStop Sharpe:         +1.10
   LS DDStop MaxDD:          -24.7%
   Cost model:               0.03% taker + 0.01% slip + 0.005%/8h funding
======================================================================
🟠 MARGINAL — Need transformer boost (HIST v2 with sentiment).

✅ Results saved to results/mega_comparison/models/WinB_train2024/v6_base/
[20:40:58]    ✅ Done: v6_base (689s)
[20:40:58] 🧠 Training: WinB_train2024 / v6_with_news
[20:40:58]    train_end=2024-12-31  val_end=2025-06-24
[20:40:59]    flags: --news-mode all
======================================================================
  CRYPTO ALPHA MODEL v6
  12h Target + Optimized Holding Period + Walk-Forward
======================================================================

📊 Loading data...
   Shape: (2565321, 107), Symbols: 50
   🎯 Adding targets...
   🌐 Adding cross-asset features...
   🔰 Adding advanced regime features...
   🕐 Adding 12h-specific features...
   ✅ Added ~10 features for 12h holding period
   📅 Adding calendar features...
   ✅ Added 9 calendar features
   🏛️ Adding macro features...
      Macro raw: 9 cols, derived: 29, total new: 38
   📰 Adding sentiment features... (news_mode=all)
      FNG: 2018-02-01 → 2026-03-11, mean=48.3
      Funding: 96,393 non-zero rows (3.8%)
      LS ratio: 0 non-missing rows
      Synthetic positioning features...
      Loading news features (mode=all)...
      + coin-level news: 8 features
      + market-level news: 7 features
      📊 Coverage: 2,228,238/2,565,321 rows (86.9%)
      📰 Events: 1,100,564/2,228,238 covered rows (49.4%) have news
      🕳️  Holes: 337,083 rows = NaN (not 0!)
   ✅ Sentiment features added: 175 → 212 total
   📊 Adding derivatives features (Binance Futures)...
      Loaded metrics: 1,800,870 rows, 50 symbols, 2021-12-01 → 2026-03-12
      OI: 1,785,559 rows (69.6%), 9 features
      Taker: 1,648,976 rows (64.3%), 6 features
      Top L/S: 1,433,710 rows (55.9%), 5 features
      Global L/S: 3 features
      Binance funding: 2,239,209 rows (87.3%)
      Funding surprise: computed from OKX funding data
      Market-wide aggregates: 4 features
      Basis/Premium: 448,115 rows (17.5%), 6 features
      ⚠️  No liquidation data (run download_binance_futures.py)
      DVOL: 13 features (BTC range: 2021-04-01 → 2026-03-15)
   ✅ Derivatives features: +48 features
   Features: 260
   📐 Cross-sectional rank normalization...
   ✅ Ranked 172 CS features, preserved 88 unranked
   Final shape: (2564721, 279)
   Date range: 2017-09-16 09:00:00+00:00 → 2026-03-07 03:00:00+00:00

🔴 PRODUCTION MODE — max training data, models go to live trading
   Train: start → 2024-12-31
   Val:   2025-01-08 → 2025-06-24
   Test:  (none — live trading)

======================================================================
  ROLLING WALK-FORWARD (1 windows)
======================================================================

──────────────────────────────────────────────────────────────────────
  Window 1/1: PROD (max data)
  Train: → 2024-12-31
  Val:   2025-01-08 → 2025-06-24
  Test:  2025-06-24 → 2026-12-31
──────────────────────────────────────────────────────────────────────
   Train: 2,072,078 | Val: 192,491 | Test: 290,744
Training until validation scores don't improve for 100 rounds
[200]	valid_0's l2: 0.0825649
[400]	valid_0's l2: 0.0824398
[600]	valid_0's l2: 0.0823792
[800]	valid_0's l2: 0.0823358
[1000]	valid_0's l2: 0.0823199
[1200]	valid_0's l2: 0.082301
[1400]	valid_0's l2: 0.0822903
[1600]	valid_0's l2: 0.0822866
Early stopping, best iteration is:
[1567]	valid_0's l2: 0.0822845
   🔪 Feature selection: 260 → 208

   🌱 Multi-seed ensemble (5 seeds)...
      Seed 42 (1/5)... Training until validation scores don't improve for 100 rounds
[200]	valid_0's l2: 0.0825574
[400]	valid_0's l2: 0.08242
[600]	valid_0's l2: 0.0823854
[800]	valid_0's l2: 0.0823619
Early stopping, best iteration is:
[842]	valid_0's l2: 0.0823547
iters=842
      Seed 123 (2/5)... Training until validation scores don't improve for 100 rounds
[200]	valid_0's l2: 0.0825696
[400]	valid_0's l2: 0.082436
[600]	valid_0's l2: 0.0823891
[800]	valid_0's l2: 0.0823376
[1000]	valid_0's l2: 0.0823167
[1200]	valid_0's l2: 0.0822947
[1400]	valid_0's l2: 0.0822886
Early stopping, best iteration is:
[1472]	valid_0's l2: 0.0822854
iters=1472
      Seed 456 (3/5)... Training until validation scores don't improve for 100 rounds
[200]	valid_0's l2: 0.082557
[400]	valid_0's l2: 0.0824309
[600]	valid_0's l2: 0.0823755
[800]	valid_0's l2: 0.0823629
[1000]	valid_0's l2: 0.0823358
[1200]	valid_0's l2: 0.082316
Early stopping, best iteration is:
[1281]	valid_0's l2: 0.0823074
iters=1281
      Seed 789 (4/5)... Training until validation scores don't improve for 100 rounds
[200]	valid_0's l2: 0.0825425
[400]	valid_0's l2: 0.082422
[600]	valid_0's l2: 0.0823778
[800]	valid_0's l2: 0.0823387
[1000]	valid_0's l2: 0.0823023
[1200]	valid_0's l2: 0.082291
[1400]	valid_0's l2: 0.0822802
[1600]	valid_0's l2: 0.0822729
Early stopping, best iteration is:
[1502]	valid_0's l2: 0.08227
iters=1502
      Seed 2024 (5/5)... Training until validation scores don't improve for 100 rounds
[200]	valid_0's l2: 0.0825492
[400]	valid_0's l2: 0.0824231
[600]	valid_0's l2: 0.0823785
[800]	valid_0's l2: 0.0823414
[1000]	valid_0's l2: 0.0823276
[1200]	valid_0's l2: 0.0823131
Early stopping, best iteration is:
[1171]	valid_0's l2: 0.0823075
iters=1171
   💾 Saved 5 models + feature names

   📈 Window 1 Results:
      IC                             0.0073
      Rank_IC                        0.0235
      ICIR                           0.2262
      Rank_ICIR                      0.4407
      LS_Sharpe_raw                  1.89
      LS_Sharpe_net                  0.61
      LS_Ann_Return_net_%            24.5
      LS_MaxDD_net_%                 -95.4
      LS_Total_net_%                 291.9
      LS_VolTarget_Sharpe            1.46
      LS_VolTarget_MaxDD_%           -98.0
      LS_VolTarget_Total_%           27271.3
      LS_DDStop_Sharpe               1.44
      LS_DDStop_MaxDD_%              -24.9
      LS_DDStop_Total_%              311.5
      LO5_Sharpe                     -0.68
      LO10_Sharpe                    -0.83
      N_periods                      6148
      Cost_per_period_bps            3.5

======================================================================
  AGGREGATE RESULTS (1 windows)
======================================================================

   📈 Combined Results (all windows):
      Periods: 6148
      LS Net:       Sharpe=0.61, MaxDD=-95.4%, Total=291.9%
      LS VolTarget: Sharpe=1.46, MaxDD=-98.0%, Total=27271.3%
      LS DDStop:    Sharpe=1.44, MaxDD=-24.9%, Total=311.5%

🏆 Top 30 Features (last window):
      vix_close_chg_1d                         680
   📰 btc_beta_168h                            620
      btc_vol_24h                              609
      close_ma336_ratio                        559
      oi_value_usd                             544
      close_ma720_ratio                        541
      spx_close_chg_1d                         509
      gk_vol_168h                              460
      breadth_pct_positive                     455
      vol_12h_cs_rank                          437
   📰 funding_rate_binance                     437
      ret_sharpe_168h                          414
      news_count_7d                            404
      ret_sharpe_24h                           361
   📰 btc_beta_48h                             355
      real_rate_chg_5d                         349
      ret_std_168h                             348
      spx_close_chg_20d                        346
      dxy_close                                334
   📰 fng_momentum                             333
      macd_signal                              318
   📰 fng_ma30                                 316
      global_ls_ratio                          316
      atr_48                                   306
      spx_close                                300
      gk_vol_48h                               290
      vix_close                                288
      vix_close_chg_20d                        284
      yield_curve_10y2y_chg_20d                282
      close_ma6_ratio                          281

   📰 Sentiment features in top 30: 5/30

======================================================================
  FINAL SUMMARY v6 (12h target)
======================================================================
   Rank IC (avg):            +0.0235
   Rank ICIR (avg):          +0.4407
   LS Sharpe net (avg):      +0.61
   LS MaxDD net (avg):       -95.4%
   LS VolTarget Sharpe:      +1.46
   LS VolTarget MaxDD:       -98.0%
   LS DDStop Sharpe:         +1.44
   LS DDStop MaxDD:          -24.9%
   Cost model:               0.03% taker + 0.01% slip + 0.005%/8h funding
======================================================================
🟠 MARGINAL — Need transformer boost (HIST v2 with sentiment).

✅ Results saved to results/mega_comparison/models/WinB_train2024/v6_with_news/
[20:54:26]    ✅ Done: v6_with_news (807s)
[20:54:26] 🧠 Training: WinB_train2024 / v6_no_deriv
[20:54:26]    train_end=2024-12-31  val_end=2025-06-24
[20:54:26]    flags: --no-news --no-derivatives
======================================================================
  CRYPTO ALPHA MODEL v6
  12h Target + Optimized Holding Period + Walk-Forward
======================================================================

📊 Loading data...
   Shape: (2565321, 107), Symbols: 50
   🎯 Adding targets...
   🌐 Adding cross-asset features...
   🔰 Adding advanced regime features...
   🕐 Adding 12h-specific features...
   ✅ Added ~10 features for 12h holding period
   📅 Adding calendar features...
   ✅ Added 9 calendar features
   🏛️ Adding macro features...
      Macro raw: 9 cols, derived: 29, total new: 38
   📰 Adding sentiment features... (news_mode=none)
      FNG: 2018-02-01 → 2026-03-11, mean=48.3
      Funding: 96,393 non-zero rows (3.8%)
      LS ratio: 0 non-missing rows
      Synthetic positioning features...
      ⏭️  Skipping news features (news_mode=none)
   ✅ Sentiment features added: 175 → 200 total
   ⏭️  Skipping derivatives features (--no-derivatives)
   Features: 200
   📐 Cross-sectional rank normalization...
   ✅ Ranked 132 CS features, preserved 68 unranked
   Final shape: (2564721, 219)
   Date range: 2017-09-16 09:00:00+00:00 → 2026-03-07 03:00:00+00:00

🔴 PRODUCTION MODE — max training data, models go to live trading
   Train: start → 2024-12-31
   Val:   2025-01-08 → 2025-06-24
   Test:  (none — live trading)

======================================================================
  ROLLING WALK-FORWARD (1 windows)
======================================================================

──────────────────────────────────────────────────────────────────────
  Window 1/1: PROD (max data)
  Train: → 2024-12-31
  Val:   2025-01-08 → 2025-06-24
  Test:  2025-06-24 → 2026-12-31
──────────────────────────────────────────────────────────────────────
   Train: 2,072,078 | Val: 192,491 | Test: 290,744
Training until validation scores don't improve for 100 rounds
[200]	valid_0's l2: 0.0826023
[400]	valid_0's l2: 0.0825218
[600]	valid_0's l2: 0.0825019
[800]	valid_0's l2: 0.082488
Early stopping, best iteration is:
[846]	valid_0's l2: 0.0824815
   🔪 Feature selection: 200 → 159

   🌱 Multi-seed ensemble (5 seeds)...
      Seed 42 (1/5)... Training until validation scores don't improve for 100 rounds
[200]	valid_0's l2: 0.0826027
[400]	valid_0's l2: 0.0825196
[600]	valid_0's l2: 0.0825005
Early stopping, best iteration is:
[691]	valid_0's l2: 0.0824898
iters=691
      Seed 123 (2/5)... Training until validation scores don't improve for 100 rounds
[200]	valid_0's l2: 0.0826045
[400]	valid_0's l2: 0.0825117
[600]	valid_0's l2: 0.082505
[800]	valid_0's l2: 0.0824958
Early stopping, best iteration is:
[892]	valid_0's l2: 0.0824841
iters=892
      Seed 456 (3/5)... Training until validation scores don't improve for 100 rounds
[200]	valid_0's l2: 0.082601
[400]	valid_0's l2: 0.0825068
[600]	valid_0's l2: 0.0824764
Early stopping, best iteration is:
[656]	valid_0's l2: 0.0824696
iters=656
      Seed 789 (4/5)... Training until validation scores don't improve for 100 rounds
[200]	valid_0's l2: 0.082598
[400]	valid_0's l2: 0.0825087
[600]	valid_0's l2: 0.0824828
[800]	valid_0's l2: 0.0824744
Early stopping, best iteration is:
[859]	valid_0's l2: 0.082469
iters=859
      Seed 2024 (5/5)... Training until validation scores don't improve for 100 rounds
[200]	valid_0's l2: 0.0826003
[400]	valid_0's l2: 0.0825142
[600]	valid_0's l2: 0.0824901
Early stopping, best iteration is:
[678]	valid_0's l2: 0.0824802
iters=678
   💾 Saved 5 models + feature names

   📈 Window 1 Results:
      IC                             0.008
      Rank_IC                        0.0202
      ICIR                           0.2731
      Rank_ICIR                      0.4713
      LS_Sharpe_raw                  2.34
      LS_Sharpe_net                  1.04
      LS_Ann_Return_net_%            41.5
      LS_MaxDD_net_%                 -93.3
      LS_Total_net_%                 1566.2
      LS_VolTarget_Sharpe            1.96
      LS_VolTarget_MaxDD_%           -96.4
      LS_VolTarget_Total_%           276919.6
      LS_DDStop_Sharpe               2.04
      LS_DDStop_MaxDD_%              -24.8
      LS_DDStop_Total_%              1092.8
      LO5_Sharpe                     -0.71
      LO10_Sharpe                    -0.96
      N_periods                      6148
      Cost_per_period_bps            3.5

======================================================================
  AGGREGATE RESULTS (1 windows)
======================================================================

   📈 Combined Results (all windows):
      Periods: 6148
      LS Net:       Sharpe=1.04, MaxDD=-93.3%, Total=1566.2%
      LS VolTarget: Sharpe=1.96, MaxDD=-96.4%, Total=276919.6%
      LS DDStop:    Sharpe=2.04, MaxDD=-24.8%, Total=1092.8%

🏆 Top 30 Features (last window):
      btc_vol_24h                              501
      vix_close_chg_1d                         481
      close_ma720_ratio                        462
      close_ma336_ratio                        429
      spx_close_chg_1d                         419
   📰 btc_beta_168h                            415
      breadth_pct_positive                     392
      ret_sharpe_168h                          329
      gk_vol_168h                              325
      ret_sharpe_24h                           310
      vol_12h_cs_rank                          300
      dxy_close                                264
      gold_close                               259
      close_ma6_ratio                          251
      ret_std_168h                             251
   📰 btc_beta_48h                             250
      close_ma12_ratio                         238
      real_rate_chg_5d                         232
      atr_48                                   231
      vol_price_corr_48h                       227
      macd_signal                              227
      gk_vol_24h                               222
      vix_close                                218
   📰 market_dispersion                        214
      vol_trend_12_48                          214
      vix_close_chg_20d                        208
      spx_close                                207
   📰 fng_ma30                                 207
      spx_close_chg_20d                        204
      yield_10y_close                          202

   📰 Sentiment features in top 30: 4/30

======================================================================
  FINAL SUMMARY v6 (12h target)
======================================================================
   Rank IC (avg):            +0.0202
   Rank ICIR (avg):          +0.4713
   LS Sharpe net (avg):      +1.04
   LS MaxDD net (avg):       -93.3%
   LS VolTarget Sharpe:      +1.96
   LS VolTarget MaxDD:       -96.4%
   LS DDStop Sharpe:         +2.04
   LS DDStop MaxDD:          -24.8%
   Cost model:               0.03% taker + 0.01% slip + 0.005%/8h funding
======================================================================
🟠 MARGINAL — Need transformer boost (HIST v2 with sentiment).

✅ Results saved to results/mega_comparison/models/WinB_train2024/v6_no_deriv/
[21:01:52]    ✅ Done: v6_no_deriv (446s)
[21:01:52] 🧠 Training: WinB_train2024 / v7_base
[21:01:52]    train_end=2024-12-31  val_end=2025-06-24
[21:01:52]    flags: --no-news
======================================================================
  CRYPTO ALPHA MODEL v7
  12h Blended Target + Enhanced Features + Walk-Forward
======================================================================

📊 Loading data...
   Shape: (2565321, 107), Symbols: 50
   🎯 Adding targets...
   🌐 Adding cross-asset features...
   🔰 Adding advanced regime features...
   🕐 Adding 12h-specific features (v7 enhanced)...
   ✅ Added ~18 features for 12h holding period (v7)
   📅 Adding calendar features...
   ✅ Added 9 calendar features
   🏛️ Adding macro features...
      Macro raw: 9 cols, derived: 29, total new: 38
   📰 Adding sentiment features...
      FNG: 2018-02-01 → 2026-03-11, mean=48.3
      Funding: 96,393 non-zero rows (3.8%)
      LS ratio: 0 non-missing rows
      Synthetic positioning features...
   ✅ Sentiment features added: 182 → 207 total
   📊 Adding derivatives features (Binance Futures)...
      Loaded metrics: 1,800,870 rows, 50 symbols, 2021-12-01 → 2026-03-12
      OI: 1,785,559 rows (69.6%), 9 features
      Taker: 1,648,976 rows (64.3%), 6 features
      Top L/S: 1,433,710 rows (55.9%), 5 features
      Global L/S: 3 features
      Binance funding: 2,239,209 rows (87.3%)
      Funding surprise: computed from OKX funding data
      Market-wide aggregates: 4 features
      Basis/Premium: 448,115 rows (17.5%), 6 features
      ⚠️  No liquidation data (run download_binance_futures.py)
      DVOL: 13 features (BTC range: 2021-04-01 → 2026-03-15)
   ✅ Derivatives features: +48 features
   Features: 255
   📐 Cross-sectional rank normalization...
   ✅ Ranked 174 CS features, preserved 81 unranked
   Final shape: (2564121, 275)
   Date range: 2017-09-16 09:00:00+00:00 → 2026-03-06 15:00:00+00:00

🔴 PRODUCTION MODE — max training data, models go to live trading
   Train: start → 2024-12-31
   Val:   2025-01-08 → 2025-06-24
   Test:  (none — live trading)

======================================================================
  ROLLING WALK-FORWARD (1 windows)
======================================================================

──────────────────────────────────────────────────────────────────────
  Window 1/1: PROD (max data)
  Train: → 2024-12-31
  Val:   2025-01-08 → 2025-06-24
  Test:  2025-06-24 → 2026-12-31
──────────────────────────────────────────────────────────────────────
   Train: 2,072,066 | Val: 192,479 | Test: 290,168
Training until validation scores don't improve for 100 rounds
[200]	valid_0's l2: 0.0825719
[400]	valid_0's l2: 0.0824573
[600]	valid_0's l2: 0.0824132
[800]	valid_0's l2: 0.0823893
[1000]	valid_0's l2: 0.0823602
[1200]	valid_0's l2: 0.0823415
Early stopping, best iteration is:
[1195]	valid_0's l2: 0.0823395
   🔪 Feature selection: 255 → 204

   🌱 Multi-seed ensemble (5 seeds)...
      Seed 42 (1/5)... Training until validation scores don't improve for 100 rounds
[200]	valid_0's l2: 0.0825757
[400]	valid_0's l2: 0.0824387
[600]	valid_0's l2: 0.0824071
[800]	valid_0's l2: 0.0823662
[1000]	valid_0's l2: 0.0823513
[1200]	valid_0's l2: 0.0823465
Early stopping, best iteration is:
[1111]	valid_0's l2: 0.0823415
iters=1111
      Seed 123 (2/5)... Training until validation scores don't improve for 100 rounds
[200]	valid_0's l2: 0.0825735
[400]	valid_0's l2: 0.0824791
[600]	valid_0's l2: 0.0824457
[800]	valid_0's l2: 0.0824096
[1000]	valid_0's l2: 0.0823871
[1200]	valid_0's l2: 0.0823713
Early stopping, best iteration is:
[1247]	valid_0's l2: 0.082363
iters=1247
      Seed 456 (3/5)... Training until validation scores don't improve for 100 rounds
[200]	valid_0's l2: 0.0825754
[400]	valid_0's l2: 0.082459
[600]	valid_0's l2: 0.0824086
[800]	valid_0's l2: 0.0823856
[1000]	valid_0's l2: 0.0823656
[1200]	valid_0's l2: 0.0823577
[1400]	valid_0's l2: 0.0823397
Early stopping, best iteration is:
[1373]	valid_0's l2: 0.0823379
iters=1373
      Seed 789 (4/5)... Training until validation scores don't improve for 100 rounds
[200]	valid_0's l2: 0.0825686
[400]	valid_0's l2: 0.082455
[600]	valid_0's l2: 0.0824185
[800]	valid_0's l2: 0.0823957
[1000]	valid_0's l2: 0.0823656
[1200]	valid_0's l2: 0.0823577
Early stopping, best iteration is:
[1107]	valid_0's l2: 0.0823505
iters=1107
      Seed 2024 (5/5)... Training until validation scores don't improve for 100 rounds
[200]	valid_0's l2: 0.082586
[400]	valid_0's l2: 0.082469
[600]	valid_0's l2: 0.0824355
[800]	valid_0's l2: 0.0823773
[1000]	valid_0's l2: 0.0823476
[1200]	valid_0's l2: 0.082331
[1400]	valid_0's l2: 0.0823088
[1600]	valid_0's l2: 0.082288
Early stopping, best iteration is:
[1691]	valid_0's l2: 0.082285
iters=1691
   💾 Saved 5 models + feature names

   📈 Window 1 Results:
      IC                             0.0069
      Rank_IC                        0.0231
      ICIR                           0.2266
      Rank_ICIR                      0.4375
      LS_Sharpe_raw                  1.7
      LS_Sharpe_net                  0.41
      LS_Ann_Return_net_%            16.5
      LS_MaxDD_net_%                 -96.2
      LS_Total_net_%                 101.2
      LS_VolTarget_Sharpe            1.17
      LS_VolTarget_MaxDD_%           -98.3
      LS_VolTarget_Total_%           6626.9
      LS_DDStop_Sharpe               0.68
      LS_DDStop_MaxDD_%              -24.9
      LS_DDStop_Total_%              43.6
      LO5_Sharpe                     -0.73
      LO10_Sharpe                    -0.9
      N_periods                      6136
      Cost_per_period_bps            3.5

======================================================================
  AGGREGATE RESULTS (1 windows)
======================================================================

   📈 Combined Results (all windows):
      Periods: 6136
      LS Net:       Sharpe=0.41, MaxDD=-96.2%, Total=101.2%
      LS VolTarget: Sharpe=1.17, MaxDD=-98.3%, Total=6626.9%
      LS DDStop:    Sharpe=0.68, MaxDD=-24.9%, Total=43.6%

🏆 Top 30 Features (last window):
   📰 btc_beta_168h                            904
      vix_close_chg_1d                         894
      btc_vol_24h                              868
      oi_value_usd                             855
      close_ma336_ratio                        787
      close_ma720_ratio                        777
      vol_12h_cs_rank                          708
      gk_vol_168h                              707
      ret_sharpe_168h                          656
      real_rate_chg_5d                         645
   📰 fng_momentum                             635
      spx_close_chg_1d                         613
      ret_std_168h                             590
      dxy_close                                572
      vix_close_chg_20d                        570
   📰 fng_ma30                                 559
      global_ls_ratio                          545
   📰 funding_rate_binance                     545
      spx_close_chg_20d                        538
      yield_curve_10y2y_chg_20d                502
      gold_close                               499
      atr_48                                   498
      yield_curve_10y2y                        483
      breadth_pct_positive                     479
   📰 fng_ma7                                  476
      spx_close                                475
      gold_close_chg_5d                        475
      dxy_close_chg_20d                        474
      yield_curve_10y2y_chg_5d                 471
   📰 btc_beta_48h                             467

   📰 Sentiment features in top 30: 6/30

======================================================================
  FINAL SUMMARY v7 (12h blended target)
======================================================================
   Rank IC (avg):            +0.0231
   Rank ICIR (avg):          +0.4375
   LS Sharpe net (avg):      +0.41
   LS MaxDD net (avg):       -96.2%
   LS VolTarget Sharpe:      +1.17
   LS VolTarget MaxDD:       -98.3%
   LS DDStop Sharpe:         +0.68
   LS DDStop MaxDD:          -24.9%
   Cost model:               0.03% taker + 0.01% slip + 0.005%/8h funding
======================================================================
🟠 MARGINAL — Need transformer boost (HIST v2 with sentiment).

✅ Results saved to results/mega_comparison/models/WinB_train2024/v7_base/
[21:15:30]    ✅ Done: v7_base (818s)
[21:15:30] 🧠 Training: WinB_train2024 / v7_with_news
[21:15:30]    train_end=2024-12-31  val_end=2025-06-24
[21:15:30]    flags: --news-mode all
======================================================================
  CRYPTO ALPHA MODEL v7
  12h Blended Target + Enhanced Features + Walk-Forward
======================================================================

📊 Loading data...
   Shape: (2565321, 107), Symbols: 50
   🎯 Adding targets...
   🌐 Adding cross-asset features...
   🔰 Adding advanced regime features...
   🕐 Adding 12h-specific features (v7 enhanced)...
   ✅ Added ~18 features for 12h holding period (v7)
   📅 Adding calendar features...
   ✅ Added 9 calendar features
   🏛️ Adding macro features...
      Macro raw: 9 cols, derived: 29, total new: 38
   📰 Adding sentiment features... (news_mode=all)
      FNG: 2018-02-01 → 2026-03-11, mean=48.3
      Funding: 96,393 non-zero rows (3.8%)
      LS ratio: 0 non-missing rows
      Synthetic positioning features...
      Loading news features (mode=all)...
      + coin-level news: 8 features
      + market-level news: 7 features
      📊 Coverage: 2,228,238/2,565,321 rows (86.9%)
      📰 Events: 1,100,564/2,228,238 covered rows (49.4%) have news
      🕳️  Holes: 337,083 rows = NaN (not 0!)
   ✅ Sentiment features added: 183 → 219 total
   📰 v7+news: used v6 sentiment function (mode=all)
   📊 Adding derivatives features (Binance Futures)...
      Loaded metrics: 1,800,870 rows, 50 symbols, 2021-12-01 → 2026-03-12
      OI: 1,785,559 rows (69.6%), 9 features
      Taker: 1,648,976 rows (64.3%), 6 features
      Top L/S: 1,433,710 rows (55.9%), 5 features
      Global L/S: 3 features
      Binance funding: 2,239,209 rows (87.3%)
      Funding surprise: computed from OKX funding data
      Market-wide aggregates: 4 features
      Basis/Premium: 448,115 rows (17.5%), 6 features
      ⚠️  No liquidation data (run download_binance_futures.py)
      DVOL: 13 features (BTC range: 2021-04-01 → 2026-03-15)
   ✅ Derivatives features: +48 features
   Features: 267
   📐 Cross-sectional rank normalization...
   ✅ Ranked 186 CS features, preserved 81 unranked
   Final shape: (2564121, 287)
   Date range: 2017-09-16 09:00:00+00:00 → 2026-03-06 15:00:00+00:00

🔴 PRODUCTION MODE — max training data, models go to live trading
   Train: start → 2024-12-31
   Val:   2025-01-08 → 2025-06-24
   Test:  (none — live trading)

======================================================================
  ROLLING WALK-FORWARD (1 windows)
======================================================================

──────────────────────────────────────────────────────────────────────
  Window 1/1: PROD (max data)
  Train: → 2024-12-31
  Val:   2025-01-08 → 2025-06-24
  Test:  2025-06-24 → 2026-12-31
──────────────────────────────────────────────────────────────────────
   Train: 2,072,066 | Val: 192,479 | Test: 290,168
Training until validation scores don't improve for 100 rounds
[200]	valid_0's l2: 0.0825746
[400]	valid_0's l2: 0.0824515
[600]	valid_0's l2: 0.0823999
[800]	valid_0's l2: 0.0823593
[1000]	valid_0's l2: 0.0823382
[1200]	valid_0's l2: 0.0823137
[1400]	valid_0's l2: 0.0823069
Early stopping, best iteration is:
[1346]	valid_0's l2: 0.0823051
   🔪 Feature selection: 267 → 210

   🌱 Multi-seed ensemble (5 seeds)...
      Seed 42 (1/5)... Training until validation scores don't improve for 100 rounds
[200]	valid_0's l2: 0.0825701
[400]	valid_0's l2: 0.0824395
[600]	valid_0's l2: 0.0824099
[800]	valid_0's l2: 0.0823548
[1000]	valid_0's l2: 0.0823429
Early stopping, best iteration is:
[991]	valid_0's l2: 0.0823413
iters=991
      Seed 123 (2/5)... Training until validation scores don't improve for 100 rounds
[200]	valid_0's l2: 0.0825578
[400]	valid_0's l2: 0.0824528
[600]	valid_0's l2: 0.0824159
[800]	valid_0's l2: 0.0823931
[1000]	valid_0's l2: 0.0823747
[1200]	valid_0's l2: 0.0823389
[1400]	valid_0's l2: 0.0823178
[1600]	valid_0's l2: 0.0823142
Early stopping, best iteration is:
[1680]	valid_0's l2: 0.0823105
iters=1680
      Seed 456 (3/5)... Training until validation scores don't improve for 100 rounds
[200]	valid_0's l2: 0.082547
[400]	valid_0's l2: 0.0824358
[600]	valid_0's l2: 0.0824115
[800]	valid_0's l2: 0.0823815
[1000]	valid_0's l2: 0.0823631
[1200]	valid_0's l2: 0.0823401
Early stopping, best iteration is:
[1295]	valid_0's l2: 0.0823252
iters=1295
      Seed 789 (4/5)... Training until validation scores don't improve for 100 rounds
[200]	valid_0's l2: 0.0825674
[400]	valid_0's l2: 0.0824644
[600]	valid_0's l2: 0.082413
[800]	valid_0's l2: 0.0823953
[1000]	valid_0's l2: 0.0823677
[1200]	valid_0's l2: 0.0823529
Early stopping, best iteration is:
[1257]	valid_0's l2: 0.0823449
iters=1257
      Seed 2024 (5/5)... Training until validation scores don't improve for 100 rounds
[200]	valid_0's l2: 0.0825676
[400]	valid_0's l2: 0.0824432
[600]	valid_0's l2: 0.0824111
[800]	valid_0's l2: 0.0823855
[1000]	valid_0's l2: 0.0823742
[1200]	valid_0's l2: 0.0823514
[1400]	valid_0's l2: 0.0823406
Early stopping, best iteration is:
[1385]	valid_0's l2: 0.0823382
iters=1385
   💾 Saved 5 models + feature names

   📈 Window 1 Results:
      IC                             0.0058
      Rank_IC                        0.0222
      ICIR                           0.2196
      Rank_ICIR                      0.4421
      LS_Sharpe_raw                  1.74
      LS_Sharpe_net                  0.45
      LS_Ann_Return_net_%            17.9
      LS_MaxDD_net_%                 -95.3
      LS_Total_net_%                 127.6
      LS_VolTarget_Sharpe            1.2
      LS_VolTarget_MaxDD_%           -97.9
      LS_VolTarget_Total_%           7792.7
      LS_DDStop_Sharpe               0.98
      LS_DDStop_MaxDD_%              -25.0
      LS_DDStop_Total_%              152.3
      LO5_Sharpe                     -0.67
      LO10_Sharpe                    -0.85
      N_periods                      6136
      Cost_per_period_bps            3.5

======================================================================
  AGGREGATE RESULTS (1 windows)
======================================================================

   📈 Combined Results (all windows):
      Periods: 6136
      LS Net:       Sharpe=0.45, MaxDD=-95.3%, Total=127.6%
      LS VolTarget: Sharpe=1.20, MaxDD=-97.9%, Total=7792.7%
      LS DDStop:    Sharpe=0.98, MaxDD=-25.0%, Total=152.3%

🏆 Top 30 Features (last window):
   📰 btc_beta_168h                            728
      vix_close_chg_1d                         719
      btc_vol_24h                              712
      close_ma336_ratio                        663
      close_ma720_ratio                        611
      oi_value_usd                             610
      news_count_7d                            547
      gk_vol_168h                              542
      real_rate_chg_5d                         513
      ret_sharpe_168h                          509
      spx_close_chg_1d                         490
      vol_12h_cs_rank                          478
      dxy_close                                478
   📰 fng_momentum                             457
   📰 funding_rate_binance                     449
      global_ls_ratio                          419
   📰 fng_ma30                                 415
      vix_close_chg_20d                        411
      breadth_pct_positive                     402
      spx_close                                393
      spx_close_chg_20d                        392
      atr_48                                   390
      spx_close_chg_5d                         387
      gold_close                               384
      hy_spread_chg_5d                         384
      ret_std_168h                             384
      macd_signal                              382
      yield_curve_10y2y_chg_20d                382
   📰 btc_beta_48h                             376
   📰 fng_ma7                                  373

   📰 Sentiment features in top 30: 6/30

======================================================================
  FINAL SUMMARY v7 (12h blended target)
======================================================================
   Rank IC (avg):            +0.0222
   Rank ICIR (avg):          +0.4421
   LS Sharpe net (avg):      +0.45
   LS MaxDD net (avg):       -95.3%
   LS VolTarget Sharpe:      +1.20
   LS VolTarget MaxDD:       -97.9%
   LS DDStop Sharpe:         +0.98
   LS DDStop MaxDD:          -25.0%
   Cost model:               0.03% taker + 0.01% slip + 0.005%/8h funding
======================================================================
🟠 MARGINAL — Need transformer boost (HIST v2 with sentiment).

✅ Results saved to results/mega_comparison/models/WinB_train2024/v7_with_news/
[21:29:16]    ✅ Done: v7_with_news (826s)
[21:29:16] 🧠 Training: WinB_train2024 / v7_no_deriv
[21:29:16]    train_end=2024-12-31  val_end=2025-06-24
[21:29:16]    flags: --no-news --no-derivatives
======================================================================
  CRYPTO ALPHA MODEL v7
  12h Blended Target + Enhanced Features + Walk-Forward
======================================================================

📊 Loading data...
   Shape: (2565321, 107), Symbols: 50
   🎯 Adding targets...
   🌐 Adding cross-asset features...
   🔰 Adding advanced regime features...
   🕐 Adding 12h-specific features (v7 enhanced)...
   ✅ Added ~18 features for 12h holding period (v7)
   📅 Adding calendar features...
   ✅ Added 9 calendar features
   🏛️ Adding macro features...
      Macro raw: 9 cols, derived: 29, total new: 38
   📰 Adding sentiment features...
      FNG: 2018-02-01 → 2026-03-11, mean=48.3
      Funding: 96,393 non-zero rows (3.8%)
      LS ratio: 0 non-missing rows
      Synthetic positioning features...
   ✅ Sentiment features added: 182 → 207 total
   ⏭️  Skipping derivatives features (--no-derivatives)
   Features: 207
   📐 Cross-sectional rank normalization...
   ✅ Ranked 139 CS features, preserved 68 unranked
   Final shape: (2564121, 227)
   Date range: 2017-09-16 09:00:00+00:00 → 2026-03-06 15:00:00+00:00

🔴 PRODUCTION MODE — max training data, models go to live trading
   Train: start → 2024-12-31
   Val:   2025-01-08 → 2025-06-24
   Test:  (none — live trading)

======================================================================
  ROLLING WALK-FORWARD (1 windows)
======================================================================

──────────────────────────────────────────────────────────────────────
  Window 1/1: PROD (max data)
  Train: → 2024-12-31
  Val:   2025-01-08 → 2025-06-24
  Test:  2025-06-24 → 2026-12-31
──────────────────────────────────────────────────────────────────────
   Train: 2,072,066 | Val: 192,479 | Test: 290,168
Training until validation scores don't improve for 100 rounds
[200]	valid_0's l2: 0.0826247
[400]	valid_0's l2: 0.0825455
[600]	valid_0's l2: 0.082537
Early stopping, best iteration is:
[569]	valid_0's l2: 0.082535
   🔪 Feature selection: 207 → 164

   🌱 Multi-seed ensemble (5 seeds)...
      Seed 42 (1/5)... Training until validation scores don't improve for 100 rounds
[200]	valid_0's l2: 0.0826254
[400]	valid_0's l2: 0.0825591
[600]	valid_0's l2: 0.0825404
Early stopping, best iteration is:
[560]	valid_0's l2: 0.0825347
iters=560
      Seed 123 (2/5)... Training until validation scores don't improve for 100 rounds
[200]	valid_0's l2: 0.0826152
[400]	valid_0's l2: 0.0825489
[600]	valid_0's l2: 0.0825305
Early stopping, best iteration is:
[680]	valid_0's l2: 0.0825278
iters=680
      Seed 456 (3/5)... Training until validation scores don't improve for 100 rounds
[200]	valid_0's l2: 0.0826247
[400]	valid_0's l2: 0.0825536
[600]	valid_0's l2: 0.0825302
[800]	valid_0's l2: 0.0825103
Early stopping, best iteration is:
[728]	valid_0's l2: 0.0825051
iters=728
      Seed 789 (4/5)... Training until validation scores don't improve for 100 rounds
[200]	valid_0's l2: 0.0826123
[400]	valid_0's l2: 0.0825266
Early stopping, best iteration is:
[494]	valid_0's l2: 0.0825077
iters=494
      Seed 2024 (5/5)... Training until validation scores don't improve for 100 rounds
[200]	valid_0's l2: 0.0826259
[400]	valid_0's l2: 0.0825663
[600]	valid_0's l2: 0.0825478
Early stopping, best iteration is:
[559]	valid_0's l2: 0.0825401
iters=559
   💾 Saved 5 models + feature names

   📈 Window 1 Results:
      IC                             0.0072
      Rank_IC                        0.0198
      ICIR                           0.2737
      Rank_ICIR                      0.4751
      LS_Sharpe_raw                  2.3
      LS_Sharpe_net                  1.01
      LS_Ann_Return_net_%            40.2
      LS_MaxDD_net_%                 -93.2
      LS_Total_net_%                 1386.5
      LS_VolTarget_Sharpe            1.94
      LS_VolTarget_MaxDD_%           -97.2
      LS_VolTarget_Total_%           251631.3
      LS_DDStop_Sharpe               2.12
      LS_DDStop_MaxDD_%              -24.9
      LS_DDStop_Total_%              1523.1
      LO5_Sharpe                     -0.83
      LO10_Sharpe                    -1.0
      N_periods                      6136
      Cost_per_period_bps            3.5

======================================================================
  AGGREGATE RESULTS (1 windows)
======================================================================

   📈 Combined Results (all windows):
      Periods: 6136
      LS Net:       Sharpe=1.01, MaxDD=-93.2%, Total=1386.5%
      LS VolTarget: Sharpe=1.94, MaxDD=-97.2%, Total=251631.3%
      LS DDStop:    Sharpe=2.12, MaxDD=-24.9%, Total=1523.1%

🏆 Top 30 Features (last window):
      btc_vol_24h                              480
      close_ma336_ratio                        405
   📰 btc_beta_168h                            362
      vix_close_chg_1d                         358
      close_ma720_ratio                        346
      breadth_pct_positive                     309
      spx_close_chg_1d                         294
      ret_sharpe_168h                          293
      gk_vol_168h                              292
      real_rate_chg_5d                         250
      macd_signal                              242
      vol_12h_cs_rank                          236
      ret_sharpe_24h                           232
      close_ma12_ratio                         212
      vol_price_corr_48h                       204
      spx_close_chg_20d                        203
      atr_48                                   202
      gold_close                               201
   📰 fng_momentum                             197
      close_ma6_ratio                          193
      spx_close                                190
      gk_vol_48h                               187
      cci_48                                   186
      vix_close_chg_20d                        180
      dxy_close                                170
      yield_curve_10y2y_chg_20d                169
   📰 market_dispersion                        169
      regime_btc_dd_720                        167
      ret_std_168h                             165
   📰 fng_ma7                                  160

   📰 Sentiment features in top 30: 4/30

======================================================================
  FINAL SUMMARY v7 (12h blended target)
======================================================================
   Rank IC (avg):            +0.0198
   Rank ICIR (avg):          +0.4751
   LS Sharpe net (avg):      +1.01
   LS MaxDD net (avg):       -93.2%
   LS VolTarget Sharpe:      +1.94
   LS VolTarget MaxDD:       -97.2%
   LS DDStop Sharpe:         +2.12
   LS DDStop MaxDD:          -24.9%
   Cost model:               0.03% taker + 0.01% slip + 0.005%/8h funding
======================================================================
🟠 MARGINAL — Need transformer boost (HIST v2 with sentiment).

✅ Results saved to results/mega_comparison/models/WinB_train2024/v7_no_deriv/
[21:35:54]    ✅ Done: v7_no_deriv (398s)
[21:35:54] 🧠 Training: WinB_train2024 / catboost_with_news
[21:35:54]    train_end=2024-12-31  val_end=2025-06-24
[21:35:54]    flags: --news-mode all
======================================================================
  CATBOOST CRYPTO ALPHA MODEL
  12h Target + Ordered Boosting + Walk-Forward
======================================================================

📊 Loading data...
   Shape: (2565321, 107), Symbols: 50
   🎯 Adding targets...
   🌐 Adding cross-asset features...
   🔰 Adding advanced regime features...
   🕐 Adding 12h-specific features...
   ✅ Added ~10 features for 12h holding period
   📅 Adding calendar features...
   ✅ Added 9 calendar features
   🏛️ Adding macro features...
      Macro raw: 9 cols, derived: 29, total new: 38
   📰 Adding sentiment features... (news_mode=all)
      FNG: 2018-02-01 → 2026-03-11, mean=48.3
      Funding: 96,393 non-zero rows (3.8%)
      LS ratio: 0 non-missing rows
      Synthetic positioning features...
      Loading news features (mode=all)...
      + coin-level news: 8 features
      + market-level news: 7 features
      📊 Coverage: 2,228,238/2,565,321 rows (86.9%)
      📰 Events: 1,100,564/2,228,238 covered rows (49.4%) have news
      🕳️  Holes: 337,083 rows = NaN (not 0!)
   ✅ Sentiment features added: 175 → 212 total
   📊 Adding derivatives features (Binance Futures)...
      Loaded metrics: 1,800,870 rows, 50 symbols, 2021-12-01 → 2026-03-12
      OI: 1,785,559 rows (69.6%), 9 features
      Taker: 1,648,976 rows (64.3%), 6 features
      Top L/S: 1,433,710 rows (55.9%), 5 features
      Global L/S: 3 features
      Binance funding: 2,239,209 rows (87.3%)
      Funding surprise: computed from OKX funding data
      Market-wide aggregates: 4 features
      Basis/Premium: 448,115 rows (17.5%), 6 features
      ⚠️  No liquidation data (run download_binance_futures.py)
      DVOL: 13 features (BTC range: 2021-04-01 → 2026-03-15)
   ✅ Derivatives features: +48 features
   Features: 260
   📐 Cross-sectional rank normalization...
   ✅ Ranked 172 CS features, preserved 88 unranked
   Final shape: (2564721, 279)
   Date range: 2017-09-16 09:00:00+00:00 → 2026-03-07 03:00:00+00:00

🔴 PRODUCTION MODE — max training data, models go to live trading
   Train: start → 2024-12-31
   Val:   2025-01-08 → 2025-06-24
   Test:  (none — live trading)

======================================================================
  ROLLING WALK-FORWARD (1 windows)
======================================================================

──────────────────────────────────────────────────────────────────────
  Window 1/1: PROD (max data)
  Train: → 2024-12-31
  Val:   2025-01-08 → 2025-06-24
  Test:  2025-06-24 → 2026-12-31
──────────────────────────────────────────────────────────────────────
   Train: 2,072,078 | Val: 192,491 | Test: 290,744
0:	learn: 0.2888522	test: 0.2886352	best: 0.2886352 (0)	total: 15ms	remaining: 1m 14s
200:	learn: 0.2867727	test: 0.2874724	best: 0.2874724 (200)	total: 1.66s	remaining: 39.6s
400:	learn: 0.2861063	test: 0.2872148	best: 0.2872148 (400)	total: 3.31s	remaining: 38s
600:	learn: 0.2855693	test: 0.2870678	best: 0.2870678 (597)	total: 4.96s	remaining: 36.3s
800:	learn: 0.2851013	test: 0.2870022	best: 0.2870022 (800)	total: 6.6s	remaining: 34.6s
1000:	learn: 0.2846604	test: 0.2869593	best: 0.2869528 (951)	total: 8.23s	remaining: 32.9s
1200:	learn: 0.2842438	test: 0.2869221	best: 0.2869134 (1160)	total: 9.86s	remaining: 31.2s
bestTest = 0.2869133506
bestIteration = 1160
Shrink model to first 1161 iterations.
   🔪 Feature selection: 260 → 208

   🌱 CatBoost multi-seed ensemble (5 seeds)...
      Seed 42 (1/5)... 0:	learn: 0.2888527	test: 0.2886349	best: 0.2886349 (0)	total: 7.42ms	remaining: 37.1s
200:	learn: 0.2867861	test: 0.2875039	best: 0.2875039 (200)	total: 1.42s	remaining: 33.8s
400:	learn: 0.2861015	test: 0.2872333	best: 0.2872333 (400)	total: 2.85s	remaining: 32.7s
600:	learn: 0.2855542	test: 0.2871026	best: 0.2871013 (592)	total: 4.28s	remaining: 31.3s
800:	learn: 0.2850905	test: 0.2870207	best: 0.2870207 (800)	total: 5.68s	remaining: 29.8s
1000:	learn: 0.2846460	test: 0.2869846	best: 0.2869846 (1000)	total: 7.08s	remaining: 28.3s
1200:	learn: 0.2842432	test: 0.2869517	best: 0.2869494 (1187)	total: 8.49s	remaining: 26.8s
1400:	learn: 0.2838503	test: 0.2869222	best: 0.2869217 (1393)	total: 9.87s	remaining: 25.4s
bestTest = 0.2869153841
bestIteration = 1440
Shrink model to first 1441 iterations.
iters=1440
      Seed 123 (2/5)... 0:	learn: 0.2888522	test: 0.2886352	best: 0.2886352 (0)	total: 7.34ms	remaining: 36.7s
200:	learn: 0.2867731	test: 0.2874803	best: 0.2874803 (200)	total: 1.41s	remaining: 33.7s
400:	learn: 0.2861063	test: 0.2872323	best: 0.2872323 (400)	total: 2.84s	remaining: 32.6s
600:	learn: 0.2855790	test: 0.2870999	best: 0.2870999 (600)	total: 4.27s	remaining: 31.2s
800:	learn: 0.2850934	test: 0.2870192	best: 0.2870192 (799)	total: 5.68s	remaining: 29.8s
1000:	learn: 0.2846620	test: 0.2869809	best: 0.2869805 (996)	total: 7.08s	remaining: 28.3s
1200:	learn: 0.2842535	test: 0.2869328	best: 0.2869326 (1179)	total: 8.48s	remaining: 26.8s
bestTest = 0.28691511
bestIteration = 1299
Shrink model to first 1300 iterations.
iters=1299
      Seed 456 (3/5)... 0:	learn: 0.2888530	test: 0.2886380	best: 0.2886380 (0)	total: 7.31ms	remaining: 36.6s
200:	learn: 0.2867818	test: 0.2874821	best: 0.2874821 (200)	total: 1.42s	remaining: 33.8s
400:	learn: 0.2861083	test: 0.2872314	best: 0.2872306 (398)	total: 2.85s	remaining: 32.7s
600:	learn: 0.2855823	test: 0.2870877	best: 0.2870877 (600)	total: 4.27s	remaining: 31.3s
800:	learn: 0.2851006	test: 0.2870054	best: 0.2870054 (800)	total: 5.69s	remaining: 29.8s
1000:	learn: 0.2846661	test: 0.2869598	best: 0.2869595 (989)	total: 7.08s	remaining: 28.3s
1200:	learn: 0.2842534	test: 0.2868957	best: 0.2868922 (1188)	total: 8.47s	remaining: 26.8s
1400:	learn: 0.2838644	test: 0.2868703	best: 0.2868702 (1393)	total: 9.86s	remaining: 25.3s
bestTest = 0.2868569032
bestIteration = 1458
Shrink model to first 1459 iterations.
iters=1458
      Seed 789 (4/5)... 0:	learn: 0.2888521	test: 0.2886353	best: 0.2886353 (0)	total: 7.36ms	remaining: 36.8s
200:	learn: 0.2867812	test: 0.2874703	best: 0.2874703 (200)	total: 1.41s	remaining: 33.7s
400:	learn: 0.2861026	test: 0.2872198	best: 0.2872189 (399)	total: 2.84s	remaining: 32.6s
600:	learn: 0.2855639	test: 0.2870800	best: 0.2870800 (600)	total: 4.25s	remaining: 31.2s
800:	learn: 0.2850839	test: 0.2869902	best: 0.2869902 (800)	total: 5.66s	remaining: 29.7s
1000:	learn: 0.2846531	test: 0.2869437	best: 0.2869428 (983)	total: 7.05s	remaining: 28.1s
bestTest = 0.2869353819
bestIteration = 1013
Shrink model to first 1014 iterations.
iters=1013
      Seed 2024 (5/5)... 0:	learn: 0.2888522	test: 0.2886353	best: 0.2886353 (0)	total: 7.3ms	remaining: 36.5s
200:	learn: 0.2867849	test: 0.2874817	best: 0.2874817 (200)	total: 1.41s	remaining: 33.7s
400:	learn: 0.2861133	test: 0.2872332	best: 0.2872332 (400)	total: 2.84s	remaining: 32.6s
600:	learn: 0.2855706	test: 0.2871065	best: 0.2871065 (598)	total: 4.27s	remaining: 31.3s
800:	learn: 0.2850823	test: 0.2870174	best: 0.2870174 (800)	total: 5.68s	remaining: 29.8s
1000:	learn: 0.2846451	test: 0.2869662	best: 0.2869662 (1000)	total: 7.09s	remaining: 28.3s
1200:	learn: 0.2842401	test: 0.2869452	best: 0.2869449 (1195)	total: 8.5s	remaining: 26.9s
1400:	learn: 0.2838487	test: 0.2869170	best: 0.2869139 (1349)	total: 9.9s	remaining: 25.4s
1600:	learn: 0.2834631	test: 0.2868866	best: 0.2868862 (1590)	total: 11.3s	remaining: 24s
bestTest = 0.286874164
bestIteration = 1678
Shrink model to first 1679 iterations.
iters=1678
   💾 Saved 5 CatBoost models + feature names

   📈 Window 1 Results:
      IC                             0.0114
      Rank_IC                        0.0272
      ICIR                           0.2635
      Rank_ICIR                      0.465
      LS_Sharpe_raw                  2.36
      LS_Sharpe_net                  1.11
      LS_Ann_Return_net_%            45.7
      LS_MaxDD_net_%                 -91.6
      LS_Total_net_%                 2161.7
      LS_VolTarget_Sharpe            2.02
      LS_VolTarget_MaxDD_%           -97.0
      LS_VolTarget_Total_%           421183.0
      LS_DDStop_Sharpe               2.27
      LS_DDStop_MaxDD_%              -24.8
      LS_DDStop_Total_%              2298.5
      LO5_Sharpe                     -0.44
      LO10_Sharpe                    -0.75
      N_periods                      6148
      Cost_per_period_bps            3.5

======================================================================
  AGGREGATE RESULTS (1 windows)
======================================================================

   📈 Combined Results (all windows):
      Periods: 6148
      LS Net:       Sharpe=1.11, MaxDD=-91.6%, Total=2161.7%
      LS VolTarget: Sharpe=2.02, MaxDD=-97.0%, Total=421183.0%
      LS DDStop:    Sharpe=2.27, MaxDD=-24.8%, Total=2298.5%

🏆 Top 30 Features (CatBoost, last window):
      vix_close_chg_1d                         2.9
   📰 btc_beta_168h                            2.7
      btc_vol_24h                              2.6
      gk_vol_168h                              2.5
      close_ma336_ratio                        2.5
      gk_vol_24h                               2.1
      close_ma720_ratio                        2.0
      close_ma6_ratio                          1.8
      atr_48                                   1.8
      breadth_pct_positive                     1.8
      spx_close_chg_1d                         1.8
      close_ma12_ratio                         1.6
      oi_value_usd                             1.6
      ret_std_168h                             1.6
   📰 funding_rate_binance                     1.6
      ret_sharpe_168h                          1.5
      gk_vol_48h                               1.4
      vol_price_corr_48h                       1.4
      news_count_7d                            1.3
      macd_signal                              1.1
   📰 btc_beta_48h                             1.1
      vol_12h_cs_rank                          1.1
      ret_std_48h                              1.0
      regime_breadth_bullish                   1.0
      oi_zscore_7d                             1.0
      spx_close_chg_20d                        1.0
      vol_trend_12_48                          1.0
      global_long_pct                          1.0
   📰 fng_momentum                             0.9
      global_ls_ratio                          0.9

   📰 Sentiment features in top 30: 4/30

======================================================================
  FINAL SUMMARY — CatBoost (12h target)
======================================================================
   Rank IC (avg):            +0.0272
   Rank ICIR (avg):          +0.4650
   LS Sharpe net (avg):      +1.11
   LS MaxDD net (avg):       -91.6%
   LS VolTarget Sharpe:      +2.02
   LS DDStop Sharpe:         +2.27
   Cost model:               0.03% taker + 0.01% slip + 0.005%/8h funding
======================================================================
🟡 DECENT — CatBoost adds diversity, useful as ensemble member.

✅ Results saved to results/mega_comparison/models/WinB_train2024/catboost_with_news/
   Models: cb_model_seed_*.cbm
   Run ensemble: python run_fast_sim.py --ensemble --leverage 3 --rebal 24 --edge-boost
[21:40:10]    ✅ Done: catboost_with_news (256s)
[21:40:10] 🧠 Training: WinB_train2024 / catboost_no_news
[21:40:10]    train_end=2024-12-31  val_end=2025-06-24
[21:40:10]    flags: --no-news
======================================================================
  CATBOOST CRYPTO ALPHA MODEL
  12h Target + Ordered Boosting + Walk-Forward
======================================================================

📊 Loading data...
   Shape: (2565321, 107), Symbols: 50
   🎯 Adding targets...
   🌐 Adding cross-asset features...
   🔰 Adding advanced regime features...
   🕐 Adding 12h-specific features...
   ✅ Added ~10 features for 12h holding period
   📅 Adding calendar features...
   ✅ Added 9 calendar features
   🏛️ Adding macro features...
      Macro raw: 9 cols, derived: 29, total new: 38
   📰 Adding sentiment features... (news_mode=none)
      FNG: 2018-02-01 → 2026-03-11, mean=48.3
      Funding: 96,393 non-zero rows (3.8%)
      LS ratio: 0 non-missing rows
      Synthetic positioning features...
      ⏭️  Skipping news features (news_mode=none)
   ✅ Sentiment features added: 175 → 200 total
   📊 Adding derivatives features (Binance Futures)...
      Loaded metrics: 1,800,870 rows, 50 symbols, 2021-12-01 → 2026-03-12
      OI: 1,785,559 rows (69.6%), 9 features
      Taker: 1,648,976 rows (64.3%), 6 features
      Top L/S: 1,433,710 rows (55.9%), 5 features
      Global L/S: 3 features
      Binance funding: 2,239,209 rows (87.3%)
      Funding surprise: computed from OKX funding data
      Market-wide aggregates: 4 features
      Basis/Premium: 448,115 rows (17.5%), 6 features
      ⚠️  No liquidation data (run download_binance_futures.py)
      DVOL: 13 features (BTC range: 2021-04-01 → 2026-03-15)
   ✅ Derivatives features: +48 features
   Features: 248
   📐 Cross-sectional rank normalization...
   ✅ Ranked 167 CS features, preserved 81 unranked
   Final shape: (2564721, 267)
   Date range: 2017-09-16 09:00:00+00:00 → 2026-03-07 03:00:00+00:00

🔴 PRODUCTION MODE — max training data, models go to live trading
   Train: start → 2024-12-31
   Val:   2025-01-08 → 2025-06-24
   Test:  (none — live trading)

======================================================================
  ROLLING WALK-FORWARD (1 windows)
======================================================================

──────────────────────────────────────────────────────────────────────
  Window 1/1: PROD (max data)
  Train: → 2024-12-31
  Val:   2025-01-08 → 2025-06-24
  Test:  2025-06-24 → 2026-12-31
──────────────────────────────────────────────────────────────────────
   Train: 2,072,078 | Val: 192,491 | Test: 290,744
0:	learn: 0.2888522	test: 0.2886352	best: 0.2886352 (0)	total: 15.4ms	remaining: 1m 17s
200:	learn: 0.2867757	test: 0.2874841	best: 0.2874841 (200)	total: 1.63s	remaining: 39s
400:	learn: 0.2861057	test: 0.2872246	best: 0.2872246 (400)	total: 3.26s	remaining: 37.4s
600:	learn: 0.2855723	test: 0.2871057	best: 0.2871057 (600)	total: 4.89s	remaining: 35.8s
800:	learn: 0.2851016	test: 0.2870455	best: 0.2870455 (800)	total: 6.51s	remaining: 34.1s
1000:	learn: 0.2846706	test: 0.2869840	best: 0.2869834 (993)	total: 8.12s	remaining: 32.4s
1200:	learn: 0.2842571	test: 0.2869448	best: 0.2869448 (1200)	total: 9.73s	remaining: 30.8s
1400:	learn: 0.2838785	test: 0.2869241	best: 0.2869212 (1328)	total: 11.3s	remaining: 29.1s
bestTest = 0.2869212015
bestIteration = 1328
Shrink model to first 1329 iterations.
   🔪 Feature selection: 248 → 198

   🌱 CatBoost multi-seed ensemble (5 seeds)...
      Seed 42 (1/5)... 0:	learn: 0.2888525	test: 0.2886337	best: 0.2886337 (0)	total: 7.53ms	remaining: 37.6s
200:	learn: 0.2867828	test: 0.2874865	best: 0.2874865 (200)	total: 1.4s	remaining: 33.4s
400:	learn: 0.2861089	test: 0.2872193	best: 0.2872193 (400)	total: 2.81s	remaining: 32.2s
600:	learn: 0.2855704	test: 0.2870817	best: 0.2870817 (600)	total: 4.23s	remaining: 31s
800:	learn: 0.2850970	test: 0.2870062	best: 0.2870003 (795)	total: 5.64s	remaining: 29.6s
1000:	learn: 0.2846664	test: 0.2869635	best: 0.2869631 (999)	total: 7.03s	remaining: 28.1s
1200:	learn: 0.2842589	test: 0.2869389	best: 0.2869359 (1174)	total: 8.41s	remaining: 26.6s
bestTest = 0.2869358505
bestIteration = 1174
Shrink model to first 1175 iterations.
iters=1174
      Seed 123 (2/5)... 0:	learn: 0.2888522	test: 0.2886352	best: 0.2886352 (0)	total: 7.53ms	remaining: 37.7s
200:	learn: 0.2867804	test: 0.2874721	best: 0.2874721 (200)	total: 1.4s	remaining: 33.3s
400:	learn: 0.2861048	test: 0.2872092	best: 0.2872092 (400)	total: 2.8s	remaining: 32.2s
600:	learn: 0.2855804	test: 0.2870831	best: 0.2870831 (600)	total: 4.21s	remaining: 30.8s
800:	learn: 0.2851085	test: 0.2869866	best: 0.2869866 (800)	total: 5.61s	remaining: 29.4s
1000:	learn: 0.2846756	test: 0.2869458	best: 0.2869458 (998)	total: 6.99s	remaining: 27.9s
1200:	learn: 0.2842664	test: 0.2869133	best: 0.2869111 (1193)	total: 8.39s	remaining: 26.5s
bestTest = 0.2869110961
bestIteration = 1193
Shrink model to first 1194 iterations.
iters=1193
      Seed 456 (3/5)... 0:	learn: 0.2888529	test: 0.2886380	best: 0.2886380 (0)	total: 7.15ms	remaining: 35.7s
200:	learn: 0.2867865	test: 0.2874794	best: 0.2874794 (200)	total: 1.4s	remaining: 33.4s
400:	learn: 0.2861108	test: 0.2872279	best: 0.2872279 (400)	total: 2.81s	remaining: 32.3s
600:	learn: 0.2855788	test: 0.2870891	best: 0.2870883 (598)	total: 4.23s	remaining: 31s
800:	learn: 0.2851049	test: 0.2869930	best: 0.2869930 (800)	total: 5.63s	remaining: 29.5s
1000:	learn: 0.2846766	test: 0.2869458	best: 0.2869449 (999)	total: 7.02s	remaining: 28s
1200:	learn: 0.2842664	test: 0.2869148	best: 0.2869137 (1198)	total: 8.42s	remaining: 26.6s
1400:	learn: 0.2838836	test: 0.2868847	best: 0.2868835 (1358)	total: 9.81s	remaining: 25.2s
1600:	learn: 0.2835030	test: 0.2868741	best: 0.2868719 (1510)	total: 11.2s	remaining: 23.7s
bestTest = 0.2868718649
bestIteration = 1510
Shrink model to first 1511 iterations.
iters=1510
      Seed 789 (4/5)... 0:	learn: 0.2888530	test: 0.2886360	best: 0.2886360 (0)	total: 7.41ms	remaining: 37s
200:	learn: 0.2867807	test: 0.2874866	best: 0.2874866 (200)	total: 1.41s	remaining: 33.6s
400:	learn: 0.2861121	test: 0.2872303	best: 0.2872303 (400)	total: 2.82s	remaining: 32.3s
600:	learn: 0.2855688	test: 0.2870780	best: 0.2870771 (597)	total: 4.23s	remaining: 31s
800:	learn: 0.2850930	test: 0.2870145	best: 0.2870136 (797)	total: 5.64s	remaining: 29.6s
1000:	learn: 0.2846688	test: 0.2869374	best: 0.2869374 (1000)	total: 7.05s	remaining: 28.2s
bestTest = 0.2869181955
bestIteration = 1086
Shrink model to first 1087 iterations.
iters=1086
      Seed 2024 (5/5)... 0:	learn: 0.2888522	test: 0.2886353	best: 0.2886353 (0)	total: 7.28ms	remaining: 36.4s
200:	learn: 0.2867799	test: 0.2874859	best: 0.2874859 (200)	total: 1.4s	remaining: 33.4s
400:	learn: 0.2860984	test: 0.2872174	best: 0.2872170 (399)	total: 2.81s	remaining: 32.3s
600:	learn: 0.2855700	test: 0.2871051	best: 0.2871051 (600)	total: 4.23s	remaining: 31s
800:	learn: 0.2850943	test: 0.2870095	best: 0.2870088 (797)	total: 5.64s	remaining: 29.6s
1000:	learn: 0.2846595	test: 0.2869640	best: 0.2869632 (994)	total: 7.02s	remaining: 28.1s
1200:	learn: 0.2842516	test: 0.2869201	best: 0.2869201 (1200)	total: 8.42s	remaining: 26.6s
bestTest = 0.2869119449
bestIteration = 1294
Shrink model to first 1295 iterations.
iters=1294
   💾 Saved 5 CatBoost models + feature names

   📈 Window 1 Results:
      IC                             0.0106
      Rank_IC                        0.0246
      ICIR                           0.2614
      Rank_ICIR                      0.4578
      LS_Sharpe_raw                  2.42
      LS_Sharpe_net                  1.15
      LS_Ann_Return_net_%            47.5
      LS_MaxDD_net_%                 -92.0
      LS_Total_net_%                 2544.7
      LS_VolTarget_Sharpe            2.11
      LS_VolTarget_MaxDD_%           -96.9
      LS_VolTarget_Total_%           662640.8
      LS_DDStop_Sharpe               2.18
      LS_DDStop_MaxDD_%              -24.9
      LS_DDStop_Total_%              1868.1
      LO5_Sharpe                     -0.56
      LO10_Sharpe                    -0.72
      N_periods                      6148
      Cost_per_period_bps            3.5

======================================================================
  AGGREGATE RESULTS (1 windows)
======================================================================

   📈 Combined Results (all windows):
      Periods: 6148
      LS Net:       Sharpe=1.15, MaxDD=-92.0%, Total=2544.7%
      LS VolTarget: Sharpe=2.11, MaxDD=-96.9%, Total=662640.8%
      LS DDStop:    Sharpe=2.18, MaxDD=-24.9%, Total=1868.1%

🏆 Top 30 Features (CatBoost, last window):
      vix_close_chg_1d                         3.1
      btc_vol_24h                              2.9
   📰 btc_beta_168h                            2.6
      close_ma336_ratio                        2.5
      gk_vol_168h                              2.4
      gk_vol_24h                               2.4
      close_ma6_ratio                          2.4
      oi_value_usd                             2.3
      close_ma720_ratio                        2.2
      breadth_pct_positive                     2.1
      close_ma12_ratio                         1.9
      spx_close_chg_1d                         1.8
      atr_48                                   1.8
      ret_sharpe_168h                          1.6
      ret_std_168h                             1.6
      gk_vol_48h                               1.6
   📰 funding_rate_binance                     1.4
      vol_price_corr_48h                       1.4
      ret_std_48h                              1.4
      oi_zscore_7d                             1.2
   📰 btc_beta_48h                             1.2
      regime_breadth_bullish                   1.2
      vol_trend_12_48                          1.2
      vol_12h_cs_rank                          1.0
      global_ls_ratio                          1.0
      macd_signal                              1.0
      spx_close_chg_20d                        1.0
   📰 funding_vs_market                        0.9
      global_long_pct                          0.8
   📰 market_funding_std                       0.8

   📰 Sentiment features in top 30: 5/30

======================================================================
  FINAL SUMMARY — CatBoost (12h target)
======================================================================
   Rank IC (avg):            +0.0246
   Rank ICIR (avg):          +0.4578
   LS Sharpe net (avg):      +1.15
   LS MaxDD net (avg):       -92.0%
   LS VolTarget Sharpe:      +2.11
   LS DDStop Sharpe:         +2.18
   Cost model:               0.03% taker + 0.01% slip + 0.005%/8h funding
======================================================================
🟡 DECENT — CatBoost adds diversity, useful as ensemble member.

✅ Results saved to results/mega_comparison/models/WinB_train2024/catboost_no_news/
   Models: cb_model_seed_*.cbm
   Run ensemble: python run_fast_sim.py --ensemble --leverage 3 --rebal 24 --edge-boost
[21:44:23]    ✅ Done: catboost_no_news (253s)
[21:44:23] 🧠 Training: WinB_train2024 / catboost_market_news
[21:44:23]    train_end=2024-12-31  val_end=2025-06-24
[21:44:23]    flags: --news-mode market-only
======================================================================
  CATBOOST CRYPTO ALPHA MODEL
  12h Target + Ordered Boosting + Walk-Forward
======================================================================

📊 Loading data...
   Shape: (2565321, 107), Symbols: 50
   🎯 Adding targets...
   🌐 Adding cross-asset features...
   🔰 Adding advanced regime features...
   🕐 Adding 12h-specific features...
   ✅ Added ~10 features for 12h holding period
   📅 Adding calendar features...
   ✅ Added 9 calendar features
   🏛️ Adding macro features...
      Macro raw: 9 cols, derived: 29, total new: 38
   📰 Adding sentiment features... (news_mode=market-only)
      FNG: 2018-02-01 → 2026-03-11, mean=48.3
      Funding: 96,393 non-zero rows (3.8%)
      LS ratio: 0 non-missing rows
      Synthetic positioning features...
      Loading news features (mode=market-only)...
      + market-level news: 7 features
      📊 Coverage: 2,228,238/2,565,321 rows (86.9%)
      📰 Events: 1,986,990/2,228,238 covered rows (89.2%) have news
      🕳️  Holes: 337,083 rows = NaN (not 0!)
   ✅ Sentiment features added: 175 → 204 total
   📊 Adding derivatives features (Binance Futures)...
      Loaded metrics: 1,800,870 rows, 50 symbols, 2021-12-01 → 2026-03-12
      OI: 1,785,559 rows (69.6%), 9 features
      Taker: 1,648,976 rows (64.3%), 6 features
      Top L/S: 1,433,710 rows (55.9%), 5 features
      Global L/S: 3 features
      Binance funding: 2,239,209 rows (87.3%)
      Funding surprise: computed from OKX funding data
      Market-wide aggregates: 4 features
      Basis/Premium: 448,115 rows (17.5%), 6 features
      ⚠️  No liquidation data (run download_binance_futures.py)
      DVOL: 13 features (BTC range: 2021-04-01 → 2026-03-15)
   ✅ Derivatives features: +48 features
   Features: 252
   📐 Cross-sectional rank normalization...
   ✅ Ranked 167 CS features, preserved 85 unranked
   Final shape: (2564721, 271)
   Date range: 2017-09-16 09:00:00+00:00 → 2026-03-07 03:00:00+00:00

🔴 PRODUCTION MODE — max training data, models go to live trading
   Train: start → 2024-12-31
   Val:   2025-01-08 → 2025-06-24
   Test:  (none — live trading)

======================================================================
  ROLLING WALK-FORWARD (1 windows)
======================================================================

──────────────────────────────────────────────────────────────────────
  Window 1/1: PROD (max data)
  Train: → 2024-12-31
  Val:   2025-01-08 → 2025-06-24
  Test:  2025-06-24 → 2026-12-31
──────────────────────────────────────────────────────────────────────
   Train: 2,072,078 | Val: 192,491 | Test: 290,744
0:	learn: 0.2888522	test: 0.2886352	best: 0.2886352 (0)	total: 15.4ms	remaining: 1m 17s
200:	learn: 0.2867759	test: 0.2874706	best: 0.2874706 (200)	total: 1.64s	remaining: 39.2s
400:	learn: 0.2861119	test: 0.2872186	best: 0.2872186 (400)	total: 3.27s	remaining: 37.5s
600:	learn: 0.2855719	test: 0.2870977	best: 0.2870942 (595)	total: 4.91s	remaining: 36s
800:	learn: 0.2851023	test: 0.2870238	best: 0.2870238 (799)	total: 6.55s	remaining: 34.3s
1000:	learn: 0.2846703	test: 0.2869950	best: 0.2869939 (980)	total: 8.17s	remaining: 32.6s
1200:	learn: 0.2842551	test: 0.2869531	best: 0.2869458 (1194)	total: 9.78s	remaining: 30.9s
1400:	learn: 0.2838799	test: 0.2869489	best: 0.2869357 (1325)	total: 11.4s	remaining: 29.2s
bestTest = 0.2869356914
bestIteration = 1325
Shrink model to first 1326 iterations.
   🔪 Feature selection: 252 → 201

   🌱 CatBoost multi-seed ensemble (5 seeds)...
      Seed 42 (1/5)... 0:	learn: 0.2888522	test: 0.2886353	best: 0.2886353 (0)	total: 7.37ms	remaining: 36.9s
200:	learn: 0.2867782	test: 0.2874925	best: 0.2874925 (200)	total: 1.41s	remaining: 33.6s
400:	learn: 0.2861089	test: 0.2872519	best: 0.2872519 (400)	total: 2.81s	remaining: 32.3s
600:	learn: 0.2855697	test: 0.2871136	best: 0.2871130 (594)	total: 4.23s	remaining: 31s
800:	learn: 0.2851003	test: 0.2870448	best: 0.2870448 (800)	total: 5.63s	remaining: 29.5s
1000:	learn: 0.2846714	test: 0.2870074	best: 0.2870068 (997)	total: 7.03s	remaining: 28.1s
1200:	learn: 0.2842619	test: 0.2869806	best: 0.2869806 (1200)	total: 8.43s	remaining: 26.6s
1400:	learn: 0.2838669	test: 0.2869677	best: 0.2869674 (1398)	total: 9.81s	remaining: 25.2s
bestTest = 0.2869637408
bestIteration = 1436
Shrink model to first 1437 iterations.
iters=1436
      Seed 123 (2/5)... 0:	learn: 0.2888522	test: 0.2886352	best: 0.2886352 (0)	total: 7.42ms	remaining: 37.1s
200:	learn: 0.2867764	test: 0.2874944	best: 0.2874944 (200)	total: 1.41s	remaining: 33.8s
400:	learn: 0.2861008	test: 0.2872328	best: 0.2872322 (399)	total: 2.84s	remaining: 32.6s
600:	learn: 0.2855792	test: 0.2871102	best: 0.2871102 (600)	total: 4.26s	remaining: 31.2s
800:	learn: 0.2850994	test: 0.2870139	best: 0.2870139 (800)	total: 5.66s	remaining: 29.7s
1000:	learn: 0.2846690	test: 0.2869666	best: 0.2869640 (994)	total: 7.06s	remaining: 28.2s
1200:	learn: 0.2842651	test: 0.2869612	best: 0.2869519 (1128)	total: 8.44s	remaining: 26.7s
bestTest = 0.2869518513
bestIteration = 1128
Shrink model to first 1129 iterations.
iters=1128
      Seed 456 (3/5)... 0:	learn: 0.2888528	test: 0.2886384	best: 0.2886384 (0)	total: 7.11ms	remaining: 35.6s
200:	learn: 0.2867875	test: 0.2874762	best: 0.2874762 (200)	total: 1.41s	remaining: 33.6s
400:	learn: 0.2861089	test: 0.2872195	best: 0.2872195 (400)	total: 2.82s	remaining: 32.4s
600:	learn: 0.2855743	test: 0.2870870	best: 0.2870870 (600)	total: 4.23s	remaining: 31s
800:	learn: 0.2850940	test: 0.2869974	best: 0.2869969 (799)	total: 5.63s	remaining: 29.5s
1000:	learn: 0.2846551	test: 0.2869262	best: 0.2869262 (1000)	total: 7.01s	remaining: 28s
bestTest = 0.2869231641
bestIteration = 1015
Shrink model to first 1016 iterations.
iters=1015
      Seed 789 (4/5)... 0:	learn: 0.2888521	test: 0.2886352	best: 0.2886352 (0)	total: 7.15ms	remaining: 35.7s
200:	learn: 0.2867804	test: 0.2874791	best: 0.2874791 (200)	total: 1.41s	remaining: 33.6s
400:	learn: 0.2861099	test: 0.2872270	best: 0.2872270 (400)	total: 2.83s	remaining: 32.5s
600:	learn: 0.2855744	test: 0.2871002	best: 0.2871002 (600)	total: 4.25s	remaining: 31.1s
800:	learn: 0.2851060	test: 0.2870191	best: 0.2870175 (794)	total: 5.66s	remaining: 29.6s
bestTest = 0.2869820912
bestIteration = 891
Shrink model to first 892 iterations.
iters=891
      Seed 2024 (5/5)... 0:	learn: 0.2888522	test: 0.2886352	best: 0.2886352 (0)	total: 7.37ms	remaining: 36.9s
200:	learn: 0.2867784	test: 0.2874944	best: 0.2874944 (200)	total: 1.4s	remaining: 33.5s
400:	learn: 0.2861053	test: 0.2872082	best: 0.2872082 (400)	total: 2.82s	remaining: 32.3s
600:	learn: 0.2855774	test: 0.2870799	best: 0.2870799 (600)	total: 4.23s	remaining: 30.9s
800:	learn: 0.2850964	test: 0.2869767	best: 0.2869763 (792)	total: 5.64s	remaining: 29.6s
1000:	learn: 0.2846687	test: 0.2869365	best: 0.2869365 (1000)	total: 7.02s	remaining: 28.1s
1200:	learn: 0.2842697	test: 0.2869183	best: 0.2869128 (1161)	total: 8.44s	remaining: 26.7s
bestTest = 0.2869128378
bestIteration = 1161
Shrink model to first 1162 iterations.
iters=1161
   💾 Saved 5 CatBoost models + feature names

   📈 Window 1 Results:
      IC                             0.0115
      Rank_IC                        0.0263
      ICIR                           0.2669
      Rank_ICIR                      0.4631
      LS_Sharpe_raw                  2.45
      LS_Sharpe_net                  1.19
      LS_Ann_Return_net_%            48.9
      LS_MaxDD_net_%                 -91.9
      LS_Total_net_%                 2890.3
      LS_VolTarget_Sharpe            2.15
      LS_VolTarget_MaxDD_%           -97.3
      LS_VolTarget_Total_%           802788.6
      LS_DDStop_Sharpe               2.24
      LS_DDStop_MaxDD_%              -25.0
      LS_DDStop_Total_%              1986.4
      LO5_Sharpe                     -0.55
      LO10_Sharpe                    -0.74
      N_periods                      6148
      Cost_per_period_bps            3.5

======================================================================
  AGGREGATE RESULTS (1 windows)
======================================================================

   📈 Combined Results (all windows):
      Periods: 6148
      LS Net:       Sharpe=1.19, MaxDD=-91.9%, Total=2890.3%
      LS VolTarget: Sharpe=2.15, MaxDD=-97.3%, Total=802788.6%
      LS DDStop:    Sharpe=2.24, MaxDD=-25.0%, Total=1986.4%

🏆 Top 30 Features (CatBoost, last window):
      vix_close_chg_1d                         3.1
      btc_vol_24h                              2.9
      gk_vol_168h                              2.9
      close_ma336_ratio                        2.6
      close_ma6_ratio                          2.5
      gk_vol_24h                               2.5
   📰 btc_beta_168h                            2.5
      close_ma720_ratio                        2.2
      breadth_pct_positive                     2.2
      oi_value_usd                             2.1
      close_ma12_ratio                         1.9
      spx_close_chg_1d                         1.9
      ret_std_168h                             1.7
      ret_sharpe_168h                          1.6
      vol_price_corr_48h                       1.6
   📰 funding_rate_binance                     1.5
      atr_48                                   1.5
      gk_vol_48h                               1.3
      regime_breadth_bullish                   1.3
      vol_trend_12_48                          1.2
      oi_zscore_7d                             1.2
      ret_std_48h                              1.2
   📰 btc_beta_48h                             1.2
   📰 funding_surprise                         1.0
      macd_signal                              1.0
      global_ls_ratio                          0.9
      global_long_pct                          0.9
      agg_taker_imbalance                      0.9
      ret_sharpe_24h                           0.9
      vol_12h_cs_rank                          0.9

   📰 Sentiment features in top 30: 4/30

======================================================================
  FINAL SUMMARY — CatBoost (12h target)
======================================================================
   Rank IC (avg):            +0.0263
   Rank ICIR (avg):          +0.4631
   LS Sharpe net (avg):      +1.19
   LS MaxDD net (avg):       -91.9%
   LS VolTarget Sharpe:      +2.15
   LS DDStop Sharpe:         +2.24
   Cost model:               0.03% taker + 0.01% slip + 0.005%/8h funding
======================================================================
🟡 DECENT — CatBoost adds diversity, useful as ensemble member.

✅ Results saved to results/mega_comparison/models/WinB_train2024/catboost_market_news/
   Models: cb_model_seed_*.cbm
   Run ensemble: python run_fast_sim.py --ensemble --leverage 3 --rebal 24 --edge-boost
[21:48:29]    ✅ Done: catboost_market_news (246s)
[21:48:29] 🧠 Training: WinB_train2024 / catboost_no_deriv
[21:48:29]    train_end=2024-12-31  val_end=2025-06-24
[21:48:29]    flags: --no-news --no-derivatives
======================================================================
  CATBOOST CRYPTO ALPHA MODEL
  12h Target + Ordered Boosting + Walk-Forward
======================================================================

📊 Loading data...
   Shape: (2565321, 107), Symbols: 50
   🎯 Adding targets...
   🌐 Adding cross-asset features...
   🔰 Adding advanced regime features...
   🕐 Adding 12h-specific features...
   ✅ Added ~10 features for 12h holding period
   📅 Adding calendar features...
   ✅ Added 9 calendar features
   🏛️ Adding macro features...
      Macro raw: 9 cols, derived: 29, total new: 38
   📰 Adding sentiment features... (news_mode=none)
      FNG: 2018-02-01 → 2026-03-11, mean=48.3
      Funding: 96,393 non-zero rows (3.8%)
      LS ratio: 0 non-missing rows
      Synthetic positioning features...
      ⏭️  Skipping news features (news_mode=none)
   ✅ Sentiment features added: 175 → 200 total
   ⏭️  Skipping derivatives features (--no-derivatives)
   Features: 200
   📐 Cross-sectional rank normalization...
   ✅ Ranked 132 CS features, preserved 68 unranked
   Final shape: (2564721, 219)
   Date range: 2017-09-16 09:00:00+00:00 → 2026-03-07 03:00:00+00:00

🔴 PRODUCTION MODE — max training data, models go to live trading
   Train: start → 2024-12-31
   Val:   2025-01-08 → 2025-06-24
   Test:  (none — live trading)

======================================================================
  ROLLING WALK-FORWARD (1 windows)
======================================================================

──────────────────────────────────────────────────────────────────────
  Window 1/1: PROD (max data)
  Train: → 2024-12-31
  Val:   2025-01-08 → 2025-06-24
  Test:  2025-06-24 → 2026-12-31
──────────────────────────────────────────────────────────────────────
   Train: 2,072,078 | Val: 192,491 | Test: 290,744
0:	learn: 0.2888522	test: 0.2886350	best: 0.2886350 (0)	total: 13.7ms	remaining: 1m 8s
200:	learn: 0.2867935	test: 0.2875340	best: 0.2875340 (200)	total: 1.38s	remaining: 33s
400:	learn: 0.2861464	test: 0.2873258	best: 0.2873258 (400)	total: 2.76s	remaining: 31.7s
600:	learn: 0.2856411	test: 0.2872265	best: 0.2872263 (599)	total: 4.15s	remaining: 30.4s
800:	learn: 0.2852017	test: 0.2871828	best: 0.2871828 (800)	total: 5.52s	remaining: 29s
1000:	learn: 0.2847951	test: 0.2871679	best: 0.2871676 (999)	total: 6.89s	remaining: 27.5s
bestTest = 0.2871602485
bestIteration = 1089
Shrink model to first 1090 iterations.
   🔪 Feature selection: 200 → 160

   🌱 CatBoost multi-seed ensemble (5 seeds)...
      Seed 42 (1/5)... 0:	learn: 0.2888527	test: 0.2886347	best: 0.2886347 (0)	total: 6.18ms	remaining: 30.9s
200:	learn: 0.2868051	test: 0.2875261	best: 0.2875261 (200)	total: 1.2s	remaining: 28.6s
400:	learn: 0.2861473	test: 0.2872949	best: 0.2872949 (400)	total: 2.41s	remaining: 27.6s
600:	learn: 0.2856432	test: 0.2872254	best: 0.2872253 (598)	total: 3.64s	remaining: 26.7s
800:	learn: 0.2852019	test: 0.2872016	best: 0.2871996 (795)	total: 4.86s	remaining: 25.5s
bestTest = 0.2871886823
bestIteration = 874
Shrink model to first 875 iterations.
iters=874
      Seed 123 (2/5)... 0:	learn: 0.2888522	test: 0.2886350	best: 0.2886350 (0)	total: 6.12ms	remaining: 30.6s
200:	learn: 0.2868036	test: 0.2875358	best: 0.2875358 (200)	total: 1.21s	remaining: 29s
400:	learn: 0.2861459	test: 0.2873097	best: 0.2873097 (400)	total: 2.44s	remaining: 28s
600:	learn: 0.2856438	test: 0.2872411	best: 0.2872411 (600)	total: 3.65s	remaining: 26.7s
800:	learn: 0.2851999	test: 0.2871985	best: 0.2871962 (790)	total: 4.86s	remaining: 25.5s
1000:	learn: 0.2847935	test: 0.2871950	best: 0.2871803 (921)	total: 6.06s	remaining: 24.2s
bestTest = 0.2871802823
bestIteration = 921
Shrink model to first 922 iterations.
iters=921
      Seed 456 (3/5)... 0:	learn: 0.2888529	test: 0.2886384	best: 0.2886384 (0)	total: 6.51ms	remaining: 32.5s
200:	learn: 0.2868000	test: 0.2875410	best: 0.2875410 (200)	total: 1.22s	remaining: 29.1s
400:	learn: 0.2861436	test: 0.2873202	best: 0.2873202 (400)	total: 2.44s	remaining: 28s
600:	learn: 0.2856416	test: 0.2872528	best: 0.2872528 (600)	total: 3.68s	remaining: 27s
800:	learn: 0.2851975	test: 0.2872185	best: 0.2872176 (798)	total: 4.9s	remaining: 25.7s
bestTest = 0.2872164597
bestIteration = 881
Shrink model to first 882 iterations.
iters=881
      Seed 789 (4/5)... 0:	learn: 0.2888530	test: 0.2886357	best: 0.2886357 (0)	total: 6.5ms	remaining: 32.5s
200:	learn: 0.2868009	test: 0.2875259	best: 0.2875259 (200)	total: 1.22s	remaining: 29s
400:	learn: 0.2861411	test: 0.2873076	best: 0.2873076 (400)	total: 2.44s	remaining: 27.9s
600:	learn: 0.2856391	test: 0.2872154	best: 0.2872154 (600)	total: 3.65s	remaining: 26.7s
800:	learn: 0.2851911	test: 0.2871798	best: 0.2871754 (740)	total: 4.85s	remaining: 25.4s
bestTest = 0.2871551868
bestIteration = 858
Shrink model to first 859 iterations.
iters=858
      Seed 2024 (5/5)... 0:	learn: 0.2888523	test: 0.2886353	best: 0.2886353 (0)	total: 6.44ms	remaining: 32.2s
200:	learn: 0.2867976	test: 0.2875159	best: 0.2875159 (200)	total: 1.22s	remaining: 29.1s
400:	learn: 0.2861474	test: 0.2873226	best: 0.2873226 (400)	total: 2.43s	remaining: 27.9s
600:	learn: 0.2856491	test: 0.2872434	best: 0.2872434 (600)	total: 3.67s	remaining: 26.9s
800:	learn: 0.2852048	test: 0.2872015	best: 0.2872006 (798)	total: 4.89s	remaining: 25.7s
1000:	learn: 0.2847967	test: 0.2871938	best: 0.2871851 (947)	total: 6.12s	remaining: 24.4s
bestTest = 0.2871851227
bestIteration = 947
Shrink model to first 948 iterations.
iters=947
   💾 Saved 5 CatBoost models + feature names

   📈 Window 1 Results:
      IC                             0.0119
      Rank_IC                        0.0232
      ICIR                           0.2927
      Rank_ICIR                      0.4682
      LS_Sharpe_raw                  2.46
      LS_Sharpe_net                  1.21
      LS_Ann_Return_net_%            49.8
      LS_MaxDD_net_%                 -93.2
      LS_Total_net_%                 3095.9
      LS_VolTarget_Sharpe            2.08
      LS_VolTarget_MaxDD_%           -95.0
      LS_VolTarget_Total_%           564614.4
      LS_DDStop_Sharpe               2.42
      LS_DDStop_MaxDD_%              -24.9
      LS_DDStop_Total_%              2480.5
      LO5_Sharpe                     -0.65
      LO10_Sharpe                    -0.83
      N_periods                      6148
      Cost_per_period_bps            3.5

======================================================================
  AGGREGATE RESULTS (1 windows)
======================================================================

   📈 Combined Results (all windows):
      Periods: 6148
      LS Net:       Sharpe=1.21, MaxDD=-93.2%, Total=3095.9%
      LS VolTarget: Sharpe=2.08, MaxDD=-95.0%, Total=564614.4%
      LS DDStop:    Sharpe=2.42, MaxDD=-24.9%, Total=2480.5%

🏆 Top 30 Features (CatBoost, last window):
      btc_vol_24h                              3.8
      close_ma336_ratio                        3.3
      vix_close_chg_1d                         3.3
      gk_vol_24h                               3.2
      gk_vol_168h                              3.1
      close_ma6_ratio                          3.0
      close_ma720_ratio                        2.7
   📰 btc_beta_168h                            2.3
      breadth_pct_positive                     2.3
      close_ma12_ratio                         2.3
      spx_close_chg_1d                         2.2
      ret_sharpe_168h                          1.9
      vol_price_corr_48h                       1.8
      gk_vol_48h                               1.8
      atr_48                                   1.8
      ret_std_48h                              1.6
   📰 long_short_ratio                         1.6
   📰 funding_vs_market                        1.5
   📰 market_funding_std                       1.5
      regime_breadth_bullish                   1.5
      vol_trend_12_48                          1.4
      vol_12h_cs_rank                          1.4
   📰 btc_beta_48h                             1.3
      ret_std_168h                             1.2
      macd_signal                              1.1
      ret_sharpe_24h                           1.1
      spx_close_chg_20d                        1.0
      eth_ret_1h                               1.0
   📰 funding_rate                             1.0
      btc_ret_4h                               1.0

   📰 Sentiment features in top 30: 6/30

======================================================================
  FINAL SUMMARY — CatBoost (12h target)
======================================================================
   Rank IC (avg):            +0.0232
   Rank ICIR (avg):          +0.4682
   LS Sharpe net (avg):      +1.21
   LS MaxDD net (avg):       -93.2%
   LS VolTarget Sharpe:      +2.08
   LS DDStop Sharpe:         +2.42
   Cost model:               0.03% taker + 0.01% slip + 0.005%/8h funding
======================================================================
🟡 DECENT — CatBoost adds diversity, useful as ensemble member.

✅ Results saved to results/mega_comparison/models/WinB_train2024/catboost_no_deriv/
   Models: cb_model_seed_*.cbm
   Run ensemble: python run_fast_sim.py --ensemble --leverage 3 --rebal 24 --edge-boost
[21:51:22]    ✅ Done: catboost_no_deriv (173s)
[21:51:22] 🧠 Training: WinB_train2024 / catboost_news_no_deriv
[21:51:22]    train_end=2024-12-31  val_end=2025-06-24
[21:51:22]    flags: --news-mode all --no-derivatives
======================================================================
  CATBOOST CRYPTO ALPHA MODEL
  12h Target + Ordered Boosting + Walk-Forward
======================================================================

📊 Loading data...
   Shape: (2565321, 107), Symbols: 50
   🎯 Adding targets...
   🌐 Adding cross-asset features...
   🔰 Adding advanced regime features...
   🕐 Adding 12h-specific features...
   ✅ Added ~10 features for 12h holding period
   📅 Adding calendar features...
   ✅ Added 9 calendar features
   🏛️ Adding macro features...
      Macro raw: 9 cols, derived: 29, total new: 38
   📰 Adding sentiment features... (news_mode=all)
      FNG: 2018-02-01 → 2026-03-11, mean=48.3
      Funding: 96,393 non-zero rows (3.8%)
      LS ratio: 0 non-missing rows
      Synthetic positioning features...
      Loading news features (mode=all)...
      + coin-level news: 8 features
      + market-level news: 7 features
      📊 Coverage: 2,228,238/2,565,321 rows (86.9%)
      📰 Events: 1,100,564/2,228,238 covered rows (49.4%) have news
      🕳️  Holes: 337,083 rows = NaN (not 0!)
   ✅ Sentiment features added: 175 → 212 total
   ⏭️  Skipping derivatives features (--no-derivatives)
   Features: 212
   📐 Cross-sectional rank normalization...
   ✅ Ranked 137 CS features, preserved 75 unranked
   Final shape: (2564721, 231)
   Date range: 2017-09-16 09:00:00+00:00 → 2026-03-07 03:00:00+00:00

🔴 PRODUCTION MODE — max training data, models go to live trading
   Train: start → 2024-12-31
   Val:   2025-01-08 → 2025-06-24
   Test:  (none — live trading)

======================================================================
  ROLLING WALK-FORWARD (1 windows)
======================================================================

──────────────────────────────────────────────────────────────────────
  Window 1/1: PROD (max data)
  Train: → 2024-12-31
  Val:   2025-01-08 → 2025-06-24
  Test:  2025-06-24 → 2026-12-31
──────────────────────────────────────────────────────────────────────
   Train: 2,072,078 | Val: 192,491 | Test: 290,744
0:	learn: 0.2888522	test: 0.2886350	best: 0.2886350 (0)	total: 13.9ms	remaining: 1m 9s
200:	learn: 0.2867912	test: 0.2875210	best: 0.2875210 (200)	total: 1.4s	remaining: 33.4s
400:	learn: 0.2861336	test: 0.2872925	best: 0.2872925 (400)	total: 2.79s	remaining: 31.9s
600:	learn: 0.2856180	test: 0.2871932	best: 0.2871932 (600)	total: 4.17s	remaining: 30.5s
800:	learn: 0.2851689	test: 0.2871549	best: 0.2871533 (789)	total: 5.55s	remaining: 29.1s
bestTest = 0.2871470685
bestIteration = 822
Shrink model to first 823 iterations.
   🔪 Feature selection: 212 → 169

   🌱 CatBoost multi-seed ensemble (5 seeds)...
      Seed 42 (1/5)... 0:	learn: 0.2888522	test: 0.2886350	best: 0.2886350 (0)	total: 6.23ms	remaining: 31.1s
200:	learn: 0.2867915	test: 0.2875236	best: 0.2875236 (200)	total: 1.21s	remaining: 28.9s
400:	learn: 0.2861413	test: 0.2872853	best: 0.2872853 (400)	total: 2.44s	remaining: 27.9s
600:	learn: 0.2856261	test: 0.2872008	best: 0.2872008 (600)	total: 3.66s	remaining: 26.8s
800:	learn: 0.2851798	test: 0.2871728	best: 0.2871690 (796)	total: 4.88s	remaining: 25.6s
1000:	learn: 0.2847660	test: 0.2871356	best: 0.2871354 (995)	total: 6.1s	remaining: 24.4s
1200:	learn: 0.2843696	test: 0.2871281	best: 0.2871206 (1157)	total: 7.3s	remaining: 23.1s
bestTest = 0.2871206096
bestIteration = 1157
Shrink model to first 1158 iterations.
iters=1157
      Seed 123 (2/5)... 0:	learn: 0.2888522	test: 0.2886350	best: 0.2886350 (0)	total: 6.15ms	remaining: 30.7s
200:	learn: 0.2867886	test: 0.2875256	best: 0.2875256 (200)	total: 1.22s	remaining: 29s
400:	learn: 0.2861293	test: 0.2873066	best: 0.2873064 (399)	total: 2.44s	remaining: 28s
600:	learn: 0.2856096	test: 0.2872062	best: 0.2872062 (591)	total: 3.67s	remaining: 26.9s
800:	learn: 0.2851639	test: 0.2871706	best: 0.2871675 (785)	total: 4.89s	remaining: 25.6s
1000:	learn: 0.2847500	test: 0.2871644	best: 0.2871603 (922)	total: 6.11s	remaining: 24.4s
bestTest = 0.2871602927
bestIteration = 922
Shrink model to first 923 iterations.
iters=922
      Seed 456 (3/5)... 0:	learn: 0.2888529	test: 0.2886384	best: 0.2886384 (0)	total: 6.5ms	remaining: 32.5s
200:	learn: 0.2867861	test: 0.2875259	best: 0.2875259 (200)	total: 1.22s	remaining: 29.2s
400:	learn: 0.2861296	test: 0.2873120	best: 0.2873120 (400)	total: 2.44s	remaining: 28.1s
600:	learn: 0.2856150	test: 0.2872130	best: 0.2872129 (599)	total: 3.67s	remaining: 26.9s
800:	learn: 0.2851642	test: 0.2871694	best: 0.2871693 (797)	total: 4.89s	remaining: 25.6s
1000:	learn: 0.2847537	test: 0.2871517	best: 0.2871467 (901)	total: 6.09s	remaining: 24.3s
bestTest = 0.287146724
bestIteration = 901
Shrink model to first 902 iterations.
iters=901
      Seed 789 (4/5)... 0:	learn: 0.2888523	test: 0.2886345	best: 0.2886345 (0)	total: 6.45ms	remaining: 32.3s
200:	learn: 0.2867778	test: 0.2875232	best: 0.2875232 (200)	total: 1.22s	remaining: 29.1s
400:	learn: 0.2861209	test: 0.2873029	best: 0.2873029 (400)	total: 2.45s	remaining: 28.1s
600:	learn: 0.2856158	test: 0.2872298	best: 0.2872298 (600)	total: 3.67s	remaining: 26.9s
800:	learn: 0.2851614	test: 0.2871918	best: 0.2871907 (798)	total: 4.89s	remaining: 25.6s
1000:	learn: 0.2847572	test: 0.2871697	best: 0.2871649 (961)	total: 6.1s	remaining: 24.4s
bestTest = 0.2871649126
bestIteration = 961
Shrink model to first 962 iterations.
iters=961
      Seed 2024 (5/5)... 0:	learn: 0.2888523	test: 0.2886353	best: 0.2886353 (0)	total: 6.44ms	remaining: 32.2s
200:	learn: 0.2867845	test: 0.2875066	best: 0.2875066 (200)	total: 1.21s	remaining: 29s
400:	learn: 0.2861311	test: 0.2873047	best: 0.2873047 (400)	total: 2.43s	remaining: 27.9s
600:	learn: 0.2856287	test: 0.2872112	best: 0.2872104 (598)	total: 3.65s	remaining: 26.7s
800:	learn: 0.2851805	test: 0.2871592	best: 0.2871579 (799)	total: 4.87s	remaining: 25.5s
1000:	learn: 0.2847667	test: 0.2871489	best: 0.2871390 (950)	total: 6.07s	remaining: 24.2s
bestTest = 0.28713895
bestIteration = 950
Shrink model to first 951 iterations.
iters=950
   💾 Saved 5 CatBoost models + feature names

   📈 Window 1 Results:
      IC                             0.0119
      Rank_IC                        0.0243
      ICIR                           0.291
      Rank_ICIR                      0.4747
      LS_Sharpe_raw                  2.66
      LS_Sharpe_net                  1.4
      LS_Ann_Return_net_%            57.9
      LS_MaxDD_net_%                 -92.9
      LS_Total_net_%                 6237.0
      LS_VolTarget_Sharpe            2.3
      LS_VolTarget_MaxDD_%           -95.6
      LS_VolTarget_Total_%           1601819.0
      LS_DDStop_Sharpe               2.7
      LS_DDStop_MaxDD_%              -25.0
      LS_DDStop_Total_%              4489.5
      LO5_Sharpe                     -0.52
      LO10_Sharpe                    -0.81
      N_periods                      6148
      Cost_per_period_bps            3.5

======================================================================
  AGGREGATE RESULTS (1 windows)
======================================================================

   📈 Combined Results (all windows):
      Periods: 6148
      LS Net:       Sharpe=1.40, MaxDD=-92.9%, Total=6237.0%
      LS VolTarget: Sharpe=2.30, MaxDD=-95.6%, Total=1601819.0%
      LS DDStop:    Sharpe=2.70, MaxDD=-25.0%, Total=4489.5%

🏆 Top 30 Features (CatBoost, last window):
      vix_close_chg_1d                         3.5
      gk_vol_168h                              3.1
      gk_vol_24h                               3.0
      close_ma336_ratio                        2.9
      btc_vol_24h                              2.9
      close_ma6_ratio                          2.9
      close_ma720_ratio                        2.7
      breadth_pct_positive                     2.6
      close_ma12_ratio                         2.3
   📰 btc_beta_168h                            2.3
      news_count_7d                            2.0
      ret_sharpe_168h                          1.9
      gk_vol_48h                               1.9
      vol_price_corr_48h                       1.8
      spx_close_chg_1d                         1.7
      atr_48                                   1.7
   📰 funding_vs_market                        1.6
   📰 long_short_ratio                         1.5
      ret_std_48h                              1.4
      ret_std_168h                             1.4
      regime_breadth_bullish                   1.4
      vol_trend_12_48                          1.4
   📰 btc_beta_48h                             1.2
      vol_12h_cs_rank                          1.2
   📰 market_funding_std                       1.2
      macd_signal                              1.1
      news_coverage_ok                         1.1
      spx_close_chg_20d                        1.1
      ret_sharpe_24h                           1.1
      btc_ret_4h                               1.0

   📰 Sentiment features in top 30: 5/30

======================================================================
  FINAL SUMMARY — CatBoost (12h target)
======================================================================
   Rank IC (avg):            +0.0243
   Rank ICIR (avg):          +0.4747
   LS Sharpe net (avg):      +1.40
   LS MaxDD net (avg):       -92.9%
   LS VolTarget Sharpe:      +2.30
   LS DDStop Sharpe:         +2.70
   Cost model:               0.03% taker + 0.01% slip + 0.005%/8h funding
======================================================================
🟡 DECENT — CatBoost adds diversity, useful as ensemble member.

✅ Results saved to results/mega_comparison/models/WinB_train2024/catboost_news_no_deriv/
   Models: cb_model_seed_*.cbm
   Run ensemble: python run_fast_sim.py --ensemble --leverage 3 --rebal 24 --edge-boost
[21:54:18]    ✅ Done: catboost_news_no_deriv (176s)
[21:54:18] 🧠 Training: WinB_train2024 / catboost_huber
[21:54:18]    train_end=2024-12-31  val_end=2025-06-24
[21:54:18]    flags: --no-news --huber --huber-delta 1.0
======================================================================
  CATBOOST CRYPTO ALPHA MODEL
  12h Target + Ordered Boosting + Walk-Forward
======================================================================

📊 Loading data...
   Shape: (2565321, 107), Symbols: 50
   🎯 Adding targets...
   🌐 Adding cross-asset features...
   🔰 Adding advanced regime features...
   🕐 Adding 12h-specific features...
   ✅ Added ~10 features for 12h holding period
   📅 Adding calendar features...
   ✅ Added 9 calendar features
   🏛️ Adding macro features...
      Macro raw: 9 cols, derived: 29, total new: 38
   📰 Adding sentiment features... (news_mode=none)
      FNG: 2018-02-01 → 2026-03-11, mean=48.3
      Funding: 96,393 non-zero rows (3.8%)
      LS ratio: 0 non-missing rows
      Synthetic positioning features...
      ⏭️  Skipping news features (news_mode=none)
   ✅ Sentiment features added: 175 → 200 total
   📊 Adding derivatives features (Binance Futures)...
      Loaded metrics: 1,800,870 rows, 50 symbols, 2021-12-01 → 2026-03-12
      OI: 1,785,559 rows (69.6%), 9 features
      Taker: 1,648,976 rows (64.3%), 6 features
      Top L/S: 1,433,710 rows (55.9%), 5 features
      Global L/S: 3 features
      Binance funding: 2,239,209 rows (87.3%)
      Funding surprise: computed from OKX funding data
      Market-wide aggregates: 4 features
      Basis/Premium: 448,115 rows (17.5%), 6 features
      ⚠️  No liquidation data (run download_binance_futures.py)
      DVOL: 13 features (BTC range: 2021-04-01 → 2026-03-15)
   ✅ Derivatives features: +48 features
   Features: 248
   📐 Cross-sectional rank normalization...
   ✅ Ranked 167 CS features, preserved 81 unranked
   Final shape: (2564721, 267)
   Date range: 2017-09-16 09:00:00+00:00 → 2026-03-07 03:00:00+00:00

🔴 PRODUCTION MODE — max training data, models go to live trading
   Train: start → 2024-12-31
   Val:   2025-01-08 → 2025-06-24
   Test:  (none — live trading)

======================================================================
  ROLLING WALK-FORWARD (1 windows)
======================================================================

──────────────────────────────────────────────────────────────────────
  Window 1/1: PROD (max data)
  Train: → 2024-12-31
  Val:   2025-01-08 → 2025-06-24
  Test:  2025-06-24 → 2026-12-31
──────────────────────────────────────────────────────────────────────
   Train: 2,072,078 | Val: 192,491 | Test: 290,744
   🛡️  Huber loss enabled (delta=1.0)
0:	learn: 0.5860696	test: 0.5817695	best: 0.5817695 (0)	total: 15.5ms	remaining: 1m 17s
200:	learn: 0.2952249	test: 0.2951946	best: 0.2951946 (200)	total: 1.65s	remaining: 39.4s
400:	learn: 0.2865913	test: 0.2874473	best: 0.2874473 (400)	total: 3.3s	remaining: 37.8s
600:	learn: 0.2858467	test: 0.2871377	best: 0.2871377 (600)	total: 4.96s	remaining: 36.3s
800:	learn: 0.2853268	test: 0.2870261	best: 0.2870261 (800)	total: 6.62s	remaining: 34.7s
1000:	learn: 0.2848721	test: 0.2869688	best: 0.2869673 (997)	total: 8.28s	remaining: 33.1s
1200:	learn: 0.2844568	test: 0.2869316	best: 0.2869275 (1170)	total: 9.92s	remaining: 31.4s
1400:	learn: 0.2840539	test: 0.2868941	best: 0.2868941 (1400)	total: 11.5s	remaining: 29.7s
1600:	learn: 0.2836716	test: 0.2868916	best: 0.2868818 (1545)	total: 13.2s	remaining: 27.9s
bestTest = 0.2868817683
bestIteration = 1545
Shrink model to first 1546 iterations.
   🔪 Feature selection: 248 → 198

   🌱 CatBoost multi-seed ensemble (5 seeds)...
      Seed 42 (1/5)... 0:	learn: 0.5860683	test: 0.5817642	best: 0.5817642 (0)	total: 6.84ms	remaining: 34.2s
200:	learn: 0.2952274	test: 0.2951621	best: 0.2951621 (200)	total: 1.31s	remaining: 31.2s
400:	learn: 0.2866064	test: 0.2874657	best: 0.2874657 (400)	total: 2.64s	remaining: 30.3s
600:	learn: 0.2858676	test: 0.2871655	best: 0.2871652 (598)	total: 3.98s	remaining: 29.2s
800:	learn: 0.2853454	test: 0.2870375	best: 0.2870375 (800)	total: 5.33s	remaining: 27.9s
1000:	learn: 0.2848805	test: 0.2869588	best: 0.2869588 (1000)	total: 6.67s	remaining: 26.7s
1200:	learn: 0.2844560	test: 0.2869306	best: 0.2869276 (1156)	total: 8.01s	remaining: 25.3s
1400:	learn: 0.2840574	test: 0.2869071	best: 0.2869013 (1345)	total: 9.34s	remaining: 24s
1600:	learn: 0.2836648	test: 0.2868998	best: 0.2868871 (1550)	total: 10.7s	remaining: 22.6s
bestTest = 0.2868870824
bestIteration = 1550
Shrink model to first 1551 iterations.
iters=1550
      Seed 123 (2/5)... 0:	learn: 0.5860707	test: 0.5817637	best: 0.5817637 (0)	total: 6.99ms	remaining: 34.9s
200:	learn: 0.2952156	test: 0.2951520	best: 0.2951520 (200)	total: 1.31s	remaining: 31.2s
400:	learn: 0.2865884	test: 0.2874562	best: 0.2874562 (400)	total: 2.65s	remaining: 30.4s
600:	learn: 0.2858515	test: 0.2871562	best: 0.2871562 (600)	total: 3.99s	remaining: 29.2s
800:	learn: 0.2853315	test: 0.2870055	best: 0.2870052 (798)	total: 5.34s	remaining: 28s
1000:	learn: 0.2848726	test: 0.2869321	best: 0.2869313 (997)	total: 6.67s	remaining: 26.7s
1200:	learn: 0.2844447	test: 0.2868822	best: 0.2868799 (1197)	total: 7.99s	remaining: 25.3s
1400:	learn: 0.2840538	test: 0.2868565	best: 0.2868544 (1391)	total: 9.33s	remaining: 24s
bestTest = 0.2868519599
bestIteration = 1443
Shrink model to first 1444 iterations.
iters=1443
      Seed 456 (3/5)... 0:	learn: 0.5860712	test: 0.5817608	best: 0.5817608 (0)	total: 6.99ms	remaining: 35s
200:	learn: 0.2951994	test: 0.2950756	best: 0.2950756 (200)	total: 1.31s	remaining: 31.4s
400:	learn: 0.2865964	test: 0.2874245	best: 0.2874245 (400)	total: 2.65s	remaining: 30.4s
600:	learn: 0.2858552	test: 0.2871456	best: 0.2871456 (600)	total: 4.01s	remaining: 29.4s
800:	learn: 0.2853276	test: 0.2870314	best: 0.2870273 (796)	total: 5.37s	remaining: 28.2s
1000:	learn: 0.2848718	test: 0.2869587	best: 0.2869579 (994)	total: 6.71s	remaining: 26.8s
1200:	learn: 0.2844515	test: 0.2868965	best: 0.2868965 (1200)	total: 8.05s	remaining: 25.5s
1400:	learn: 0.2840533	test: 0.2868621	best: 0.2868597 (1377)	total: 9.37s	remaining: 24.1s
1600:	learn: 0.2836699	test: 0.2868494	best: 0.2868429 (1552)	total: 10.7s	remaining: 22.7s
1800:	learn: 0.2832881	test: 0.2868331	best: 0.2868239 (1784)	total: 12s	remaining: 21.3s
bestTest = 0.2868238642
bestIteration = 1784
Shrink model to first 1785 iterations.
iters=1784
      Seed 789 (4/5)... 0:	learn: 0.5860699	test: 0.5817574	best: 0.5817574 (0)	total: 6.6ms	remaining: 33s
200:	learn: 0.2952174	test: 0.2951586	best: 0.2951586 (200)	total: 1.31s	remaining: 31.3s
400:	learn: 0.2866009	test: 0.2874439	best: 0.2874439 (400)	total: 2.63s	remaining: 30.2s
600:	learn: 0.2858502	test: 0.2871386	best: 0.2871386 (600)	total: 3.98s	remaining: 29.1s
800:	learn: 0.2853302	test: 0.2870286	best: 0.2870286 (800)	total: 5.33s	remaining: 27.9s
1000:	learn: 0.2848753	test: 0.2869700	best: 0.2869700 (1000)	total: 6.67s	remaining: 26.6s
1200:	learn: 0.2844501	test: 0.2869235	best: 0.2869235 (1200)	total: 8s	remaining: 25.3s
1400:	learn: 0.2840500	test: 0.2869089	best: 0.2869028 (1340)	total: 9.32s	remaining: 23.9s
1600:	learn: 0.2836601	test: 0.2868904	best: 0.2868896 (1594)	total: 10.6s	remaining: 22.6s
1800:	learn: 0.2832855	test: 0.2868648	best: 0.2868632 (1788)	total: 11.9s	remaining: 21.2s
2000:	learn: 0.2829328	test: 0.2868592	best: 0.2868569 (1988)	total: 13.2s	remaining: 19.8s
bestTest = 0.2868467248
bestIteration = 2095
Shrink model to first 2096 iterations.
iters=2095
      Seed 2024 (5/5)... 0:	learn: 0.5860905	test: 0.5817503	best: 0.5817503 (0)	total: 6.74ms	remaining: 33.7s
200:	learn: 0.2952213	test: 0.2950773	best: 0.2950773 (200)	total: 1.32s	remaining: 31.5s
400:	learn: 0.2865967	test: 0.2874302	best: 0.2874302 (400)	total: 2.67s	remaining: 30.6s
600:	learn: 0.2858409	test: 0.2871348	best: 0.2871348 (600)	total: 4.02s	remaining: 29.4s
800:	learn: 0.2853225	test: 0.2870252	best: 0.2870252 (800)	total: 5.37s	remaining: 28.1s
1000:	learn: 0.2848633	test: 0.2869535	best: 0.2869535 (1000)	total: 6.7s	remaining: 26.8s
1200:	learn: 0.2844388	test: 0.2869095	best: 0.2869087 (1190)	total: 8.04s	remaining: 25.4s
1400:	learn: 0.2840391	test: 0.2868825	best: 0.2868780 (1396)	total: 9.36s	remaining: 24.1s
bestTest = 0.2868779573
bestIteration = 1396
Shrink model to first 1397 iterations.
iters=1396
   💾 Saved 5 CatBoost models + feature names

   📈 Window 1 Results:
      IC                             0.0122
      Rank_IC                        0.029
      ICIR                           0.2653
      Rank_ICIR                      0.4605
      LS_Sharpe_raw                  2.35
      LS_Sharpe_net                  1.1
      LS_Ann_Return_net_%            45.4
      LS_MaxDD_net_%                 -94.1
      LS_Total_net_%                 2098.7
      LS_VolTarget_Sharpe            2.03
      LS_VolTarget_MaxDD_%           -97.9
      LS_VolTarget_Total_%           471286.2
      LS_DDStop_Sharpe               2.31
      LS_DDStop_MaxDD_%              -25.0
      LS_DDStop_Total_%              1898.6
      LO5_Sharpe                     -0.54
      LO10_Sharpe                    -0.76
      N_periods                      6148
      Cost_per_period_bps            3.5

======================================================================
  AGGREGATE RESULTS (1 windows)
======================================================================

   📈 Combined Results (all windows):
      Periods: 6148
      LS Net:       Sharpe=1.10, MaxDD=-94.1%, Total=2098.7%
      LS VolTarget: Sharpe=2.03, MaxDD=-97.9%, Total=471286.2%
      LS DDStop:    Sharpe=2.31, MaxDD=-25.0%, Total=1898.6%

🏆 Top 30 Features (CatBoost, last window):
      btc_vol_24h                              2.9
      vix_close_chg_1d                         2.8
      gk_vol_168h                              2.6
   📰 btc_beta_168h                            2.5
      oi_value_usd                             2.2
      close_ma720_ratio                        2.1
      close_ma336_ratio                        2.1
      atr_48                                   2.0
      ret_std_168h                             1.9
      gk_vol_24h                               1.8
      spx_close_chg_1d                         1.8
      atr_24                                   1.5
      gk_vol_48h                               1.5
      vol_price_corr_48h                       1.4
   📰 funding_rate_binance                     1.4
      close_ma6_ratio                          1.4
      ret_sharpe_168h                          1.3
      breadth_pct_positive                     1.3
      close_ma12_ratio                         1.2
   📰 btc_beta_48h                             1.2
      vol_trend_12_48                          1.1
      vol_12h_cs_rank                          1.1
      regime_breadth_bullish                   1.1
      ret_std_48h                              1.1
      global_long_pct                          1.0
      spx_close_chg_20d                        1.0
      ret_sharpe_24h                           0.9
   📰 fng_momentum                             0.8
      close_ma24_ratio                         0.8
      macd_signal                              0.8

   📰 Sentiment features in top 30: 4/30

======================================================================
  FINAL SUMMARY — CatBoost (12h target)
======================================================================
   Rank IC (avg):            +0.0290
   Rank ICIR (avg):          +0.4605
   LS Sharpe net (avg):      +1.10
   LS MaxDD net (avg):       -94.1%
   LS VolTarget Sharpe:      +2.03
   LS DDStop Sharpe:         +2.31
   Cost model:               0.03% taker + 0.01% slip + 0.005%/8h funding
======================================================================
🟡 DECENT — CatBoost adds diversity, useful as ensemble member.

✅ Results saved to results/mega_comparison/models/WinB_train2024/catboost_huber/
   Models: cb_model_seed_*.cbm
   Run ensemble: python run_fast_sim.py --ensemble --leverage 3 --rebal 24 --edge-boost
[21:58:42]    ✅ Done: catboost_huber (264s)
[21:58:42] 🧠 Training: WinB_train2024 / catboost_huber_no_deriv
[21:58:42]    train_end=2024-12-31  val_end=2025-06-24
[21:58:42]    flags: --no-news --no-derivatives --huber --huber-delta 1.0
======================================================================
  CATBOOST CRYPTO ALPHA MODEL
  12h Target + Ordered Boosting + Walk-Forward
======================================================================

📊 Loading data...
   Shape: (2565321, 107), Symbols: 50
   🎯 Adding targets...
   🌐 Adding cross-asset features...
   🔰 Adding advanced regime features...
   🕐 Adding 12h-specific features...
   ✅ Added ~10 features for 12h holding period
   📅 Adding calendar features...
   ✅ Added 9 calendar features
   🏛️ Adding macro features...
      Macro raw: 9 cols, derived: 29, total new: 38
   📰 Adding sentiment features... (news_mode=none)
      FNG: 2018-02-01 → 2026-03-11, mean=48.3
      Funding: 96,393 non-zero rows (3.8%)
      LS ratio: 0 non-missing rows
      Synthetic positioning features...
      ⏭️  Skipping news features (news_mode=none)
   ✅ Sentiment features added: 175 → 200 total
   ⏭️  Skipping derivatives features (--no-derivatives)
   Features: 200
   📐 Cross-sectional rank normalization...
   ✅ Ranked 132 CS features, preserved 68 unranked
   Final shape: (2564721, 219)
   Date range: 2017-09-16 09:00:00+00:00 → 2026-03-07 03:00:00+00:00

🔴 PRODUCTION MODE — max training data, models go to live trading
   Train: start → 2024-12-31
   Val:   2025-01-08 → 2025-06-24
   Test:  (none — live trading)

======================================================================
  ROLLING WALK-FORWARD (1 windows)
======================================================================

──────────────────────────────────────────────────────────────────────
  Window 1/1: PROD (max data)
  Train: → 2024-12-31
  Val:   2025-01-08 → 2025-06-24
  Test:  2025-06-24 → 2026-12-31
──────────────────────────────────────────────────────────────────────
   Train: 2,072,078 | Val: 192,491 | Test: 290,744
   🛡️  Huber loss enabled (delta=1.0)
0:	learn: 0.5860696	test: 0.5817694	best: 0.5817694 (0)	total: 15.2ms	remaining: 1m 15s
200:	learn: 0.2952225	test: 0.2951051	best: 0.2951051 (200)	total: 1.42s	remaining: 33.8s
400:	learn: 0.2866217	test: 0.2874951	best: 0.2874951 (400)	total: 2.82s	remaining: 32.4s
600:	learn: 0.2858944	test: 0.2872513	best: 0.2872510 (599)	total: 4.24s	remaining: 31.1s
800:	learn: 0.2854221	test: 0.2871961	best: 0.2871961 (800)	total: 5.66s	remaining: 29.7s
1000:	learn: 0.2849866	test: 0.2871874	best: 0.2871761 (918)	total: 7.05s	remaining: 28.2s
bestTest = 0.2871761131
bestIteration = 918
Shrink model to first 919 iterations.
   🔪 Feature selection: 200 → 160

   🌱 CatBoost multi-seed ensemble (5 seeds)...
      Seed 42 (1/5)... 0:	learn: 0.5860695	test: 0.5817653	best: 0.5817653 (0)	total: 6.78ms	remaining: 33.9s
200:	learn: 0.2952157	test: 0.2950633	best: 0.2950633 (200)	total: 1.23s	remaining: 29.3s
400:	learn: 0.2865941	test: 0.2874597	best: 0.2874597 (400)	total: 2.46s	remaining: 28.2s
600:	learn: 0.2858843	test: 0.2872230	best: 0.2872215 (599)	total: 3.7s	remaining: 27.1s
800:	learn: 0.2854062	test: 0.2871696	best: 0.2871672 (782)	total: 4.94s	remaining: 25.9s
bestTest = 0.287151936
bestIteration = 891
Shrink model to first 892 iterations.
iters=891
      Seed 123 (2/5)... 0:	learn: 0.5860702	test: 0.5817636	best: 0.5817636 (0)	total: 6.66ms	remaining: 33.3s
200:	learn: 0.2952020	test: 0.2950394	best: 0.2950394 (200)	total: 1.21s	remaining: 29s
400:	learn: 0.2865872	test: 0.2874463	best: 0.2874463 (400)	total: 2.44s	remaining: 28s
600:	learn: 0.2858809	test: 0.2872196	best: 0.2872193 (599)	total: 3.68s	remaining: 26.9s
800:	learn: 0.2853991	test: 0.2871564	best: 0.2871563 (797)	total: 4.91s	remaining: 25.8s
bestTest = 0.2871461498
bestIteration = 885
Shrink model to first 886 iterations.
iters=885
      Seed 456 (3/5)... 0:	learn: 0.5860693	test: 0.5817662	best: 0.5817662 (0)	total: 6.32ms	remaining: 31.6s
200:	learn: 0.2952093	test: 0.2951297	best: 0.2951297 (200)	total: 1.23s	remaining: 29.3s
400:	learn: 0.2866045	test: 0.2874699	best: 0.2874699 (400)	total: 2.45s	remaining: 28.2s
600:	learn: 0.2858910	test: 0.2872615	best: 0.2872614 (599)	total: 3.71s	remaining: 27.1s
800:	learn: 0.2854039	test: 0.2871956	best: 0.2871956 (800)	total: 4.94s	remaining: 25.9s
1000:	learn: 0.2849799	test: 0.2871798	best: 0.2871786 (998)	total: 6.17s	remaining: 24.7s
bestTest = 0.2871684459
bestIteration = 1085
Shrink model to first 1086 iterations.
iters=1085
      Seed 789 (4/5)... 0:	learn: 0.5860703	test: 0.5817633	best: 0.5817633 (0)	total: 6.58ms	remaining: 32.9s
200:	learn: 0.2952124	test: 0.2950870	best: 0.2950870 (200)	total: 1.22s	remaining: 29.2s
400:	learn: 0.2866106	test: 0.2874877	best: 0.2874877 (400)	total: 2.46s	remaining: 28.2s
600:	learn: 0.2858938	test: 0.2872613	best: 0.2872613 (600)	total: 3.7s	remaining: 27.1s
800:	learn: 0.2854073	test: 0.2871936	best: 0.2871928 (759)	total: 4.93s	remaining: 25.8s
1000:	learn: 0.2849730	test: 0.2871844	best: 0.2871753 (904)	total: 6.17s	remaining: 24.7s
bestTest = 0.2871753181
bestIteration = 904
Shrink model to first 905 iterations.
iters=904
      Seed 2024 (5/5)... 0:	learn: 0.5860702	test: 0.5817700	best: 0.5817700 (0)	total: 6.32ms	remaining: 31.6s
200:	learn: 0.2952176	test: 0.2951069	best: 0.2951069 (200)	total: 1.22s	remaining: 29.2s
400:	learn: 0.2866063	test: 0.2874661	best: 0.2874661 (400)	total: 2.46s	remaining: 28.2s
600:	learn: 0.2858908	test: 0.2872325	best: 0.2872325 (600)	total: 3.71s	remaining: 27.1s
800:	learn: 0.2854127	test: 0.2871863	best: 0.2871767 (767)	total: 4.94s	remaining: 25.9s
bestTest = 0.2871766696
bestIteration = 767
Shrink model to first 768 iterations.
iters=767
   💾 Saved 5 CatBoost models + feature names

   📈 Window 1 Results:
      IC                             0.0128
      Rank_IC                        0.0263
      ICIR                           0.3084
      Rank_ICIR                      0.4858
      LS_Sharpe_raw                  2.58
      LS_Sharpe_net                  1.33
      LS_Ann_Return_net_%            54.9
      LS_MaxDD_net_%                 -92.3
      LS_Total_net_%                 4789.5
      LS_VolTarget_Sharpe            2.27
      LS_VolTarget_MaxDD_%           -97.1
      LS_VolTarget_Total_%           1453871.1
      LS_DDStop_Sharpe               2.51
      LS_DDStop_MaxDD_%              -25.0
      LS_DDStop_Total_%              3325.2
      LO5_Sharpe                     -0.59
      LO10_Sharpe                    -0.82
      N_periods                      6148
      Cost_per_period_bps            3.5

======================================================================
  AGGREGATE RESULTS (1 windows)
======================================================================

   📈 Combined Results (all windows):
      Periods: 6148
      LS Net:       Sharpe=1.33, MaxDD=-92.3%, Total=4789.5%
      LS VolTarget: Sharpe=2.27, MaxDD=-97.1%, Total=1453871.1%
      LS DDStop:    Sharpe=2.51, MaxDD=-25.0%, Total=3325.2%

🏆 Top 30 Features (CatBoost, last window):
      btc_vol_24h                              3.7
      vix_close_chg_1d                         2.9
      gk_vol_168h                              2.8
      atr_48                                   2.7
      close_ma720_ratio                        2.6
      gk_vol_48h                               2.5
   📰 long_short_ratio                         2.4
      close_ma336_ratio                        2.2
      close_ma6_ratio                          2.1
      gk_vol_24h                               2.0
   📰 btc_beta_168h                            2.0
      spx_close_chg_1d                         1.9
      vol_price_corr_48h                       1.9
      ret_std_48h                              1.9
      atr_14                                   1.9
      atr_24                                   1.9
      ret_sharpe_168h                          1.6
      close_ma12_ratio                         1.6
      regime_breadth_bullish                   1.5
      ret_std_168h                             1.5
      vol_trend_12_48                          1.4
      breadth_pct_positive                     1.2
      btc_ret_12h                              1.2
   📰 market_funding_std                       1.2
   📰 funding_vs_market                        1.2
      eth_ret_1h                               1.1
   📰 market_dispersion                        1.1
      spx_close_chg_20d                        1.1
      ret_sharpe_24h                           1.1
      ret_2h                                   1.0

   📰 Sentiment features in top 30: 5/30

======================================================================
  FINAL SUMMARY — CatBoost (12h target)
======================================================================
   Rank IC (avg):            +0.0263
   Rank ICIR (avg):          +0.4858
   LS Sharpe net (avg):      +1.33
   LS MaxDD net (avg):       -92.3%
   LS VolTarget Sharpe:      +2.27
   LS DDStop Sharpe:         +2.51
   Cost model:               0.03% taker + 0.01% slip + 0.005%/8h funding
======================================================================
🟡 DECENT — CatBoost adds diversity, useful as ensemble member.

✅ Results saved to results/mega_comparison/models/WinB_train2024/catboost_huber_no_deriv/
   Models: cb_model_seed_*.cbm
   Run ensemble: python run_fast_sim.py --ensemble --leverage 3 --rebal 24 --edge-boost
[22:01:35]    ✅ Done: catboost_huber_no_deriv (173s)
[22:01:35] 🧠 Training: WinB_train2024 / xgboost_with_news
[22:01:35]    train_end=2024-12-31  val_end=2025-06-24
[22:01:35]    flags: --news-mode all
======================================================================
  XGBOOST + NEWS INTERACTIONS — CRYPTO ALPHA MODEL
  12h Target + Level-wise Trees + News × Price Interactions
======================================================================

📊 Loading data...
   Shape: (2565321, 107), Symbols: 50
   🎯 Adding targets...
   🌐 Adding cross-asset features...
   🔰 Adding advanced regime features...
   🕐 Adding 12h-specific features...
   ✅ Added ~10 features for 12h holding period
   📅 Adding calendar features...
   ✅ Added 9 calendar features
   🏛️ Adding macro features...
      Macro raw: 9 cols, derived: 29, total new: 38
   📰 Adding sentiment features... (news_mode=all)
      FNG: 2018-02-01 → 2026-03-11, mean=48.3
      Funding: 96,393 non-zero rows (3.8%)
      LS ratio: 0 non-missing rows
      Synthetic positioning features...
      Loading news features (mode=all)...
      + coin-level news: 8 features
      + market-level news: 7 features
      📊 Coverage: 2,228,238/2,565,321 rows (86.9%)
      📰 Events: 1,100,564/2,228,238 covered rows (49.4%) have news
      🕳️  Holes: 337,083 rows = NaN (not 0!)
   ✅ Sentiment features added: 175 → 212 total
   📊 Adding derivatives features (Binance Futures)...
      Loaded metrics: 1,800,870 rows, 50 symbols, 2021-12-01 → 2026-03-12
      OI: 1,785,559 rows (69.6%), 9 features
      Taker: 1,648,976 rows (64.3%), 6 features
      Top L/S: 1,433,710 rows (55.9%), 5 features
      Global L/S: 3 features
      Binance funding: 2,239,209 rows (87.3%)
      Funding surprise: computed from OKX funding data
      Market-wide aggregates: 4 features
      Basis/Premium: 448,115 rows (17.5%), 6 features
      ⚠️  No liquidation data (run download_binance_futures.py)
      DVOL: 13 features (BTC range: 2021-04-01 → 2026-03-15)
   ✅ Derivatives features: +48 features
   🧬 Adding news interaction features...
   ✅ Added 23 news interaction features
   Features: 283 (23 news interactions)
   📐 Cross-sectional rank normalization...
   ✅ Ranked 195 CS features, preserved 88 unranked
   Final shape: (2564721, 302)
   Date range: 2017-09-16 09:00:00+00:00 → 2026-03-07 03:00:00+00:00

🔴 PRODUCTION MODE — max training data, models go to live trading
   Train: start → 2024-12-31
   Val:   2025-01-08 → 2025-06-24
   Test:  (none — live trading)

======================================================================
  ROLLING WALK-FORWARD (1 windows)
======================================================================

──────────────────────────────────────────────────────────────────────
  Window 1/1: PROD (max data)
  Train: → 2024-12-31
  Val:   2025-01-08 → 2025-06-24
  Test:  2025-06-24 → 2026-12-31
──────────────────────────────────────────────────────────────────────
   Train: 2,072,078 | Val: 192,491 | Test: 290,744
[0]	validation_0-rmse:0.28863
[200]	validation_0-rmse:0.28725
[400]	validation_0-rmse:0.28702
[600]	validation_0-rmse:0.28693
[800]	validation_0-rmse:0.28690
[1000]	validation_0-rmse:0.28687
[1125]	validation_0-rmse:0.28688
   🔪 Feature selection: 283 → 230
      (including 21 news interaction features)

   🌱 XGBoost multi-seed ensemble (5 seeds)...
      Seed 42 (1/5)... [0]	validation_0-rmse:0.28863
[200]	validation_0-rmse:0.28723
[400]	validation_0-rmse:0.28702
[600]	validation_0-rmse:0.28694
[800]	validation_0-rmse:0.28688
[1000]	validation_0-rmse:0.28685
[1153]	validation_0-rmse:0.28685
iters=1053
      Seed 123 (2/5)... [0]	validation_0-rmse:0.28863
[200]	validation_0-rmse:0.28725
[400]	validation_0-rmse:0.28704
[600]	validation_0-rmse:0.28698
[800]	validation_0-rmse:0.28693
[1000]	validation_0-rmse:0.28692
[1200]	validation_0-rmse:0.28691
[1366]	validation_0-rmse:0.28692
iters=1266
      Seed 456 (3/5)... [0]	validation_0-rmse:0.28863
[200]	validation_0-rmse:0.28726
[400]	validation_0-rmse:0.28701
[600]	validation_0-rmse:0.28695
[800]	validation_0-rmse:0.28689
[1000]	validation_0-rmse:0.28686
[1064]	validation_0-rmse:0.28685
iters=964
      Seed 789 (4/5)... [0]	validation_0-rmse:0.28863
[200]	validation_0-rmse:0.28726
[400]	validation_0-rmse:0.28703
[600]	validation_0-rmse:0.28695
[800]	validation_0-rmse:0.28689
[1000]	validation_0-rmse:0.28687
[1200]	validation_0-rmse:0.28685
[1278]	validation_0-rmse:0.28685
iters=1178
      Seed 2024 (5/5)... [0]	validation_0-rmse:0.28864
[200]	validation_0-rmse:0.28726
[400]	validation_0-rmse:0.28703
[600]	validation_0-rmse:0.28695
[800]	validation_0-rmse:0.28693
[828]	validation_0-rmse:0.28692
iters=728
   💾 Saved 5 XGBoost models + feature names

   📈 Window 1 Results:
      IC                             0.0098
      Rank_IC                        0.0271
      ICIR                           0.2461
      Rank_ICIR                      0.4612
      LS_Sharpe_raw                  2.04
      LS_Sharpe_net                  0.76
      LS_Ann_Return_net_%            30.6
      LS_MaxDD_net_%                 -93.8
      LS_Total_net_%                 555.9
      LS_VolTarget_Sharpe            1.61
      LS_VolTarget_MaxDD_%           -97.7
      LS_VolTarget_Total_%           55788.1
      LS_DDStop_Sharpe               1.62
      LS_DDStop_MaxDD_%              -25.0
      LS_DDStop_Total_%              685.9
      LO5_Sharpe                     -0.57
      LO10_Sharpe                    -0.78
      N_periods                      6148
      Cost_per_period_bps            3.5

======================================================================
  AGGREGATE RESULTS (1 windows)
======================================================================

   📈 Combined Results (all windows):
      Periods: 6148
      LS Net:       Sharpe=0.76, MaxDD=-93.8%, Total=555.9%
      LS VolTarget: Sharpe=1.61, MaxDD=-97.7%, Total=55788.1%
      LS DDStop:    Sharpe=1.62, MaxDD=-25.0%, Total=685.9%

🏆 Top 30 Features (XGBoost, last window):
   📰 funding_rate                             0.0290
   🧬 nx_high_vol_positive                     0.0266
   📰 market_dispersion                        0.0261
      btc_ret_1h                               0.0190
      gk_vol_24h                               0.0182
      eth_ret_12h                              0.0180
   📰 market_funding_std                       0.0148
      btc_ret_24h                              0.0141
      eth_ret_4h                               0.0134
      close_ma6_ratio                          0.0131
      atr_14                                   0.0131
      eth_ret_1h                               0.0130
      btc_ret_12h                              0.0130
      close_ma12_ratio                         0.0112
      ret_std_48h                              0.0108
   🧬 nx_high_volume                           0.0098
      btc_ret_4h                               0.0098
      low_close_ratio                          0.0086
      ret_2h                                   0.0086
   🧬 nx_is_burst                              0.0085
      eth_ret_24h                              0.0083
      eth_btc_ret_24h                          0.0079
      regime_breadth_bullish                   0.0076
      close_open_ratio                         0.0075
   📰 vol_surge_24h                            0.0074
      vol_ma24_ratio                           0.0073
      vol_price_corr_48h                       0.0072
      ret_1h                                   0.0062
      gk_vol_48h                               0.0062
      breadth_pct_positive                     0.0059

   🧬 News interaction features in top 30: 3/30
   📰 All news-related features in top 30: 3/30

======================================================================
  FINAL SUMMARY — XGBoost + News Interactions (12h target)
======================================================================
   Rank IC (avg):            +0.0271
   Rank ICIR (avg):          +0.4612
   LS Sharpe net (avg):      +0.76
   LS MaxDD net (avg):       -93.8%
   LS DDStop Sharpe:         +1.62
   LS DDStop MaxDD:          -25.0%
   Cost model:               0.03% taker + 0.01% slip + 0.005%/8h funding
======================================================================
🟢 STRONG — XGBoost news model adds alpha. Ready for ensemble.

✅ Results saved to results/mega_comparison/models/WinB_train2024/xgboost_with_news/
   Models: xgb_model_seed_*.json
   Run ensemble: python run_fast_sim.py --ensemble --edge-boost --days 365
[22:06:17]    ✅ Done: xgboost_with_news (282s)
[22:06:17] 🧠 Training: WinB_train2024 / xgboost_no_news
[22:06:17]    train_end=2024-12-31  val_end=2025-06-24
[22:06:17]    flags: --no-news
======================================================================
  XGBOOST + NEWS INTERACTIONS — CRYPTO ALPHA MODEL
  12h Target + Level-wise Trees + News × Price Interactions
======================================================================

📊 Loading data...
   Shape: (2565321, 107), Symbols: 50
   🎯 Adding targets...
   🌐 Adding cross-asset features...
   🔰 Adding advanced regime features...
   🕐 Adding 12h-specific features...
   ✅ Added ~10 features for 12h holding period
   📅 Adding calendar features...
   ✅ Added 9 calendar features
   🏛️ Adding macro features...
      Macro raw: 9 cols, derived: 29, total new: 38
   📰 Adding sentiment features... (news_mode=none)
      FNG: 2018-02-01 → 2026-03-11, mean=48.3
      Funding: 96,393 non-zero rows (3.8%)
      LS ratio: 0 non-missing rows
      Synthetic positioning features...
      ⏭️  Skipping news features (news_mode=none)
   ✅ Sentiment features added: 175 → 200 total
   📊 Adding derivatives features (Binance Futures)...
      Loaded metrics: 1,800,870 rows, 50 symbols, 2021-12-01 → 2026-03-12
      OI: 1,785,559 rows (69.6%), 9 features
      Taker: 1,648,976 rows (64.3%), 6 features
      Top L/S: 1,433,710 rows (55.9%), 5 features
      Global L/S: 3 features
      Binance funding: 2,239,209 rows (87.3%)
      Funding surprise: computed from OKX funding data
      Market-wide aggregates: 4 features
      Basis/Premium: 448,115 rows (17.5%), 6 features
      ⚠️  No liquidation data (run download_binance_futures.py)
      DVOL: 13 features (BTC range: 2021-04-01 → 2026-03-15)
   ✅ Derivatives features: +48 features
   ⏭️  Skipping news interaction features (news_mode=none)
   Features: 248 (0 news interactions)
   📐 Cross-sectional rank normalization...
   ✅ Ranked 167 CS features, preserved 81 unranked
   Final shape: (2564721, 267)
   Date range: 2017-09-16 09:00:00+00:00 → 2026-03-07 03:00:00+00:00

🔴 PRODUCTION MODE — max training data, models go to live trading
   Train: start → 2024-12-31
   Val:   2025-01-08 → 2025-06-24
   Test:  (none — live trading)

======================================================================
  ROLLING WALK-FORWARD (1 windows)
======================================================================

──────────────────────────────────────────────────────────────────────
  Window 1/1: PROD (max data)
  Train: → 2024-12-31
  Val:   2025-01-08 → 2025-06-24
  Test:  2025-06-24 → 2026-12-31
──────────────────────────────────────────────────────────────────────
   Train: 2,072,078 | Val: 192,491 | Test: 290,744
[0]	validation_0-rmse:0.28863
[200]	validation_0-rmse:0.28725
[400]	validation_0-rmse:0.28702
[600]	validation_0-rmse:0.28694
[800]	validation_0-rmse:0.28689
[1000]	validation_0-rmse:0.28686
[1107]	validation_0-rmse:0.28687
   🔪 Feature selection: 248 → 198
      (including 0 news interaction features)

   🌱 XGBoost multi-seed ensemble (5 seeds)...
      Seed 42 (1/5)... [0]	validation_0-rmse:0.28863
[200]	validation_0-rmse:0.28726
[400]	validation_0-rmse:0.28703
[600]	validation_0-rmse:0.28698
[800]	validation_0-rmse:0.28693
[987]	validation_0-rmse:0.28692
iters=887
      Seed 123 (2/5)... [0]	validation_0-rmse:0.28863
[200]	validation_0-rmse:0.28726
[400]	validation_0-rmse:0.28704
[600]	validation_0-rmse:0.28697
[800]	validation_0-rmse:0.28692
[894]	validation_0-rmse:0.28692
iters=794
      Seed 456 (3/5)... [0]	validation_0-rmse:0.28863
[200]	validation_0-rmse:0.28723
[400]	validation_0-rmse:0.28701
[600]	validation_0-rmse:0.28697
[800]	validation_0-rmse:0.28691
[943]	validation_0-rmse:0.28691
iters=843
      Seed 789 (4/5)... [0]	validation_0-rmse:0.28863
[200]	validation_0-rmse:0.28725
[400]	validation_0-rmse:0.28700
[600]	validation_0-rmse:0.28689
[800]	validation_0-rmse:0.28684
[1000]	validation_0-rmse:0.28683
[1080]	validation_0-rmse:0.28683
iters=980
      Seed 2024 (5/5)... [0]	validation_0-rmse:0.28863
[200]	validation_0-rmse:0.28727
[400]	validation_0-rmse:0.28703
[600]	validation_0-rmse:0.28697
[800]	validation_0-rmse:0.28693
[1000]	validation_0-rmse:0.28690
[1200]	validation_0-rmse:0.28689
[1307]	validation_0-rmse:0.28689
iters=1207
   💾 Saved 5 XGBoost models + feature names

   📈 Window 1 Results:
      IC                             0.0094
      Rank_IC                        0.0266
      ICIR                           0.2477
      Rank_ICIR                      0.4612
      LS_Sharpe_raw                  2.07
      LS_Sharpe_net                  0.79
      LS_Ann_Return_net_%            32.1
      LS_MaxDD_net_%                 -94.4
      LS_Total_net_%                 640.9
      LS_VolTarget_Sharpe            1.67
      LS_VolTarget_MaxDD_%           -97.5
      LS_VolTarget_Total_%           75183.6
      LS_DDStop_Sharpe               1.58
      LS_DDStop_MaxDD_%              -24.8
      LS_DDStop_Total_%              539.5
      LO5_Sharpe                     -0.69
      LO10_Sharpe                    -0.86
      N_periods                      6148
      Cost_per_period_bps            3.5

======================================================================
  AGGREGATE RESULTS (1 windows)
======================================================================

   📈 Combined Results (all windows):
      Periods: 6148
      LS Net:       Sharpe=0.79, MaxDD=-94.4%, Total=640.9%
      LS VolTarget: Sharpe=1.67, MaxDD=-97.5%, Total=75183.6%
      LS DDStop:    Sharpe=1.58, MaxDD=-24.8%, Total=539.5%

🏆 Top 30 Features (XGBoost, last window):
   📰 market_funding_std                       0.0358
   📰 funding_rate                             0.0338
   📰 market_dispersion                        0.0271
      btc_ret_1h                               0.0248
      eth_ret_12h                              0.0186
      gk_vol_24h                               0.0178
      close_ma6_ratio                          0.0167
      btc_ret_24h                              0.0145
      btc_ret_12h                              0.0144
      eth_ret_4h                               0.0135
      close_ma12_ratio                         0.0135
      eth_ret_1h                               0.0129
      btc_ret_4h                               0.0128
      ret_2h                                   0.0100
      close_open_ratio                         0.0093
      atr_14                                   0.0090
      low_close_ratio                          0.0090
      ret_std_48h                              0.0087
      regime_breadth_bullish                   0.0086
      eth_ret_24h                              0.0081
      vol_ma24_ratio                           0.0078
      vol_price_corr_48h                       0.0068
      breadth_pct_positive                     0.0068
      ret_1h                                   0.0066
      eth_btc_ret_24h                          0.0066
      gk_vol_48h                               0.0064
      vol_ma72_ratio                           0.0061
      btc_regime_24                            0.0061
      basis_cs_rank                            0.0057
      btc_vol_24h                              0.0057

   🧬 News interaction features in top 30: 0/30
   📰 All news-related features in top 30: 0/30

======================================================================
  FINAL SUMMARY — XGBoost + News Interactions (12h target)
======================================================================
   Rank IC (avg):            +0.0266
   Rank ICIR (avg):          +0.4612
   LS Sharpe net (avg):      +0.79
   LS MaxDD net (avg):       -94.4%
   LS DDStop Sharpe:         +1.58
   LS DDStop MaxDD:          -24.8%
   Cost model:               0.03% taker + 0.01% slip + 0.005%/8h funding
======================================================================
🟢 STRONG — XGBoost news model adds alpha. Ready for ensemble.

✅ Results saved to results/mega_comparison/models/WinB_train2024/xgboost_no_news/
   Models: xgb_model_seed_*.json
   Run ensemble: python run_fast_sim.py --ensemble --edge-boost --days 365
[22:10:38]    ✅ Done: xgboost_no_news (261s)
[22:10:38] 🧠 Training: WinB_train2024 / xgboost_no_deriv
[22:10:38]    train_end=2024-12-31  val_end=2025-06-24
[22:10:38]    flags: --no-news --no-derivatives
======================================================================
  XGBOOST + NEWS INTERACTIONS — CRYPTO ALPHA MODEL
  12h Target + Level-wise Trees + News × Price Interactions
======================================================================

📊 Loading data...
   Shape: (2565321, 107), Symbols: 50
   🎯 Adding targets...
   🌐 Adding cross-asset features...
   🔰 Adding advanced regime features...
   🕐 Adding 12h-specific features...
   ✅ Added ~10 features for 12h holding period
   📅 Adding calendar features...
   ✅ Added 9 calendar features
   🏛️ Adding macro features...
      Macro raw: 9 cols, derived: 29, total new: 38
   📰 Adding sentiment features... (news_mode=none)
      FNG: 2018-02-01 → 2026-03-11, mean=48.3
      Funding: 96,393 non-zero rows (3.8%)
      LS ratio: 0 non-missing rows
      Synthetic positioning features...
      ⏭️  Skipping news features (news_mode=none)
   ✅ Sentiment features added: 175 → 200 total
   ⏭️  Skipping derivatives features (--no-derivatives)
   ⏭️  Skipping news interaction features (news_mode=none)
   Features: 200 (0 news interactions)
   📐 Cross-sectional rank normalization...
   ✅ Ranked 132 CS features, preserved 68 unranked
   Final shape: (2564721, 219)
   Date range: 2017-09-16 09:00:00+00:00 → 2026-03-07 03:00:00+00:00

🔴 PRODUCTION MODE — max training data, models go to live trading
   Train: start → 2024-12-31
   Val:   2025-01-08 → 2025-06-24
   Test:  (none — live trading)

======================================================================
  ROLLING WALK-FORWARD (1 windows)
======================================================================

──────────────────────────────────────────────────────────────────────
  Window 1/1: PROD (max data)
  Train: → 2024-12-31
  Val:   2025-01-08 → 2025-06-24
  Test:  2025-06-24 → 2026-12-31
──────────────────────────────────────────────────────────────────────
   Train: 2,072,078 | Val: 192,491 | Test: 290,744
[0]	validation_0-rmse:0.28863
[200]	validation_0-rmse:0.28734
[400]	validation_0-rmse:0.28719
[600]	validation_0-rmse:0.28717
[729]	validation_0-rmse:0.28717
   🔪 Feature selection: 200 → 160
      (including 0 news interaction features)

   🌱 XGBoost multi-seed ensemble (5 seeds)...
      Seed 42 (1/5)... [0]	validation_0-rmse:0.28863
[200]	validation_0-rmse:0.28731
[400]	validation_0-rmse:0.28718
[600]	validation_0-rmse:0.28716
[659]	validation_0-rmse:0.28716
iters=559
      Seed 123 (2/5)... [0]	validation_0-rmse:0.28863
[200]	validation_0-rmse:0.28736
[400]	validation_0-rmse:0.28721
[600]	validation_0-rmse:0.28718
[720]	validation_0-rmse:0.28720
iters=620
      Seed 456 (3/5)... [0]	validation_0-rmse:0.28863
[200]	validation_0-rmse:0.28734
[400]	validation_0-rmse:0.28718
[600]	validation_0-rmse:0.28717
[635]	validation_0-rmse:0.28717
iters=535
      Seed 789 (4/5)... [0]	validation_0-rmse:0.28863
[200]	validation_0-rmse:0.28731
[400]	validation_0-rmse:0.28717
[600]	validation_0-rmse:0.28713
[729]	validation_0-rmse:0.28713
iters=629
      Seed 2024 (5/5)... [0]	validation_0-rmse:0.28863
[200]	validation_0-rmse:0.28734
[400]	validation_0-rmse:0.28720
[600]	validation_0-rmse:0.28717
[685]	validation_0-rmse:0.28717
iters=585
   💾 Saved 5 XGBoost models + feature names

   📈 Window 1 Results:
      IC                             0.0114
      Rank_IC                        0.0247
      ICIR                           0.2982
      Rank_ICIR                      0.5009
      LS_Sharpe_raw                  2.58
      LS_Sharpe_net                  1.27
      LS_Ann_Return_net_%            50.8
      LS_MaxDD_net_%                 -92.6
      LS_Total_net_%                 3551.0
      LS_VolTarget_Sharpe            2.18
      LS_VolTarget_MaxDD_%           -95.5
      LS_VolTarget_Total_%           815594.4
      LS_DDStop_Sharpe               2.55
      LS_DDStop_MaxDD_%              -24.9
      LS_DDStop_Total_%              4265.6
      LO5_Sharpe                     -0.68
      LO10_Sharpe                    -0.94
      N_periods                      6148
      Cost_per_period_bps            3.5

======================================================================
  AGGREGATE RESULTS (1 windows)
======================================================================

   📈 Combined Results (all windows):
      Periods: 6148
      LS Net:       Sharpe=1.27, MaxDD=-92.6%, Total=3551.0%
      LS VolTarget: Sharpe=2.18, MaxDD=-95.5%, Total=815594.4%
      LS DDStop:    Sharpe=2.55, MaxDD=-24.9%, Total=4265.6%

🏆 Top 30 Features (XGBoost, last window):
   📰 market_funding_std                       0.0377
      gk_vol_24h                               0.0323
   📰 market_dispersion                        0.0270
      btc_ret_1h                               0.0259
      eth_ret_12h                              0.0251
   📰 funding_rate                             0.0188
   📰 funding_vs_market                        0.0175
      close_ma6_ratio                          0.0168
      close_ma12_ratio                         0.0162
      eth_ret_1h                               0.0150
      atr_14                                   0.0148
      eth_ret_4h                               0.0145
      ret_std_48h                              0.0145
      btc_ret_24h                              0.0129
      btc_ret_4h                               0.0123
      low_close_ratio                          0.0120
      btc_ret_12h                              0.0119
      eth_ret_24h                              0.0118
      regime_breadth_bullish                   0.0117
      ret_2h                                   0.0114
      close_open_ratio                         0.0105
      vol_ma24_ratio                           0.0099
      vol_price_corr_48h                       0.0088
      breadth_pct_positive                     0.0081
      gk_vol_48h                               0.0080
      eth_btc_ret_24h                          0.0071
      close_ma336_ratio                        0.0071
      bb_low_20                                0.0070
      btc_vol_24h                              0.0067
   📰 vol_surge_24h                            0.0067

   🧬 News interaction features in top 30: 0/30
   📰 All news-related features in top 30: 0/30

======================================================================
  FINAL SUMMARY — XGBoost + News Interactions (12h target)
======================================================================
   Rank IC (avg):            +0.0247
   Rank ICIR (avg):          +0.5009
   LS Sharpe net (avg):      +1.27
   LS MaxDD net (avg):       -92.6%
   LS DDStop Sharpe:         +2.55
   LS DDStop MaxDD:          -24.9%
   Cost model:               0.03% taker + 0.01% slip + 0.005%/8h funding
======================================================================
🟢 STRONG — XGBoost news model adds alpha. Ready for ensemble.

✅ Results saved to results/mega_comparison/models/WinB_train2024/xgboost_no_deriv/
   Models: xgb_model_seed_*.json
   Run ensemble: python run_fast_sim.py --ensemble --edge-boost --days 365
[22:13:37]    ✅ Done: xgboost_no_deriv (179s)
[22:13:37] 
[22:13:37] ━━━━━━━━━━━━━━━━━━━━━━━━━━━━━━━━━━━━━━━━━━━━━━━━━━━━━━━━━━━━
[22:13:37]   WINDOW C: train_end=2025-06-30
[22:13:37] ━━━━━━━━━━━━━━━━━━━━━━━━━━━━━━━━━━━━━━━━━━━━━━━━━━━━━━━━━━━━
[22:13:37] 🧠 Training: WinC_train2025H1 / v6_base
[22:13:37]    train_end=2025-06-30  val_end=2025-12-24
[22:13:37]    flags: --no-news
======================================================================
  CRYPTO ALPHA MODEL v6
  12h Target + Optimized Holding Period + Walk-Forward
======================================================================

📊 Loading data...
   Shape: (2565321, 107), Symbols: 50
   🎯 Adding targets...
   🌐 Adding cross-asset features...
   🔰 Adding advanced regime features...
   🕐 Adding 12h-specific features...
   ✅ Added ~10 features for 12h holding period
   📅 Adding calendar features...
   ✅ Added 9 calendar features
   🏛️ Adding macro features...
      Macro raw: 9 cols, derived: 29, total new: 38
   📰 Adding sentiment features... (news_mode=none)
      FNG: 2018-02-01 → 2026-03-11, mean=48.3
      Funding: 96,393 non-zero rows (3.8%)
      LS ratio: 0 non-missing rows
      Synthetic positioning features...
      ⏭️  Skipping news features (news_mode=none)
   ✅ Sentiment features added: 175 → 200 total
   📊 Adding derivatives features (Binance Futures)...
      Loaded metrics: 1,800,870 rows, 50 symbols, 2021-12-01 → 2026-03-12
      OI: 1,785,559 rows (69.6%), 9 features
      Taker: 1,648,976 rows (64.3%), 6 features
      Top L/S: 1,433,710 rows (55.9%), 5 features
      Global L/S: 3 features
      Binance funding: 2,239,209 rows (87.3%)
      Funding surprise: computed from OKX funding data
      Market-wide aggregates: 4 features
      Basis/Premium: 448,115 rows (17.5%), 6 features
      ⚠️  No liquidation data (run download_binance_futures.py)
      DVOL: 13 features (BTC range: 2021-04-01 → 2026-03-15)
   ✅ Derivatives features: +48 features
   Features: 248
   📐 Cross-sectional rank normalization...
   ✅ Ranked 167 CS features, preserved 81 unranked
   Final shape: (2564721, 267)
   Date range: 2017-09-16 09:00:00+00:00 → 2026-03-07 03:00:00+00:00

🔴 PRODUCTION MODE — max training data, models go to live trading
   Train: start → 2025-06-30
   Val:   2025-07-08 → 2025-12-24
   Test:  (none — live trading)

======================================================================
  ROLLING WALK-FORWARD (1 windows)
======================================================================

──────────────────────────────────────────────────────────────────────
  Window 1/1: PROD (max data)
  Train: → 2025-06-30
  Val:   2025-07-08 → 2025-12-24
  Test:  2025-12-24 → 2026-12-31
──────────────────────────────────────────────────────────────────────
   Train: 2,280,889 | Val: 192,107 | Test: 82,509
Training until validation scores don't improve for 100 rounds
[200]	valid_0's l2: 0.0825333
[400]	valid_0's l2: 0.0824172
[600]	valid_0's l2: 0.0823848
Early stopping, best iteration is:
[695]	valid_0's l2: 0.0823719
   🔪 Feature selection: 248 → 197

   🌱 Multi-seed ensemble (5 seeds)...
      Seed 42 (1/5)... Training until validation scores don't improve for 100 rounds
[200]	valid_0's l2: 0.0825281
[400]	valid_0's l2: 0.08243
[600]	valid_0's l2: 0.0823959
[800]	valid_0's l2: 0.0823891
Early stopping, best iteration is:
[713]	valid_0's l2: 0.0823846
iters=713
      Seed 123 (2/5)... Training until validation scores don't improve for 100 rounds
[200]	valid_0's l2: 0.082534
[400]	valid_0's l2: 0.082449
[600]	valid_0's l2: 0.082404
[800]	valid_0's l2: 0.0823879
Early stopping, best iteration is:
[798]	valid_0's l2: 0.082387
iters=798
      Seed 456 (3/5)... Training until validation scores don't improve for 100 rounds
[200]	valid_0's l2: 0.0825422
[400]	valid_0's l2: 0.0824325
[600]	valid_0's l2: 0.0824085
[800]	valid_0's l2: 0.0823863
[1000]	valid_0's l2: 0.0823771
Early stopping, best iteration is:
[955]	valid_0's l2: 0.082372
iters=955
      Seed 789 (4/5)... Training until validation scores don't improve for 100 rounds
[200]	valid_0's l2: 0.0825378
[400]	valid_0's l2: 0.0824507
[600]	valid_0's l2: 0.0824029
[800]	valid_0's l2: 0.0823907
[1000]	valid_0's l2: 0.0823869
Early stopping, best iteration is:
[996]	valid_0's l2: 0.0823839
iters=996
      Seed 2024 (5/5)... Training until validation scores don't improve for 100 rounds
[200]	valid_0's l2: 0.0825369
[400]	valid_0's l2: 0.0824356
[600]	valid_0's l2: 0.0823943
[800]	valid_0's l2: 0.0823743
Early stopping, best iteration is:
[867]	valid_0's l2: 0.0823705
iters=867
   💾 Saved 5 models + feature names

   📈 Window 1 Results:
      IC                             0.009
      Rank_IC                        0.0415
      ICIR                           0.2361
      Rank_ICIR                      0.498
      LS_Sharpe_raw                  2.28
      LS_Sharpe_net                  1.06
      LS_Ann_Return_net_%            44.7
      LS_MaxDD_net_%                 -88.3
      LS_Total_net_%                 135.5
      LS_VolTarget_Sharpe            1.9
      LS_VolTarget_MaxDD_%           -93.5
      LS_VolTarget_Total_%           898.4
      LS_DDStop_Sharpe               1.88
      LS_DDStop_MaxDD_%              -23.9
      LS_DDStop_Total_%              114.8
      LO5_Sharpe                     -1.3
      LO10_Sharpe                    -1.66
      N_periods                      1756
      Cost_per_period_bps            3.5

======================================================================
  AGGREGATE RESULTS (1 windows)
======================================================================

   📈 Combined Results (all windows):
      Periods: 1756
      LS Net:       Sharpe=1.06, MaxDD=-88.3%, Total=135.5%
      LS VolTarget: Sharpe=1.90, MaxDD=-93.5%, Total=898.4%
      LS DDStop:    Sharpe=1.88, MaxDD=-23.9%, Total=114.8%

🏆 Top 30 Features (last window):
      vix_close_chg_1d                         630
      btc_vol_24h                              514
      oi_value_usd                             493
   📰 btc_beta_168h                            481
      close_ma336_ratio                        455
      close_ma720_ratio                        431
      spx_close_chg_1d                         420
      breadth_pct_positive                     410
   📰 funding_rate_binance                     354
      ret_sharpe_168h                          352
      gk_vol_168h                              346
      ret_sharpe_24h                           308
      vol_12h_cs_rank                          300
      dxy_close                                289
      atr_48                                   274
      ret_std_168h                             262
   📰 fng_momentum                             253
   📰 btc_beta_48h                             251
      spx_close                                245
      spx_close_chg_20d                        236
      macd_signal                              230
      vol_price_corr_48h                       227
      yield_curve_10y2y                        224
      gold_close                               223
   📰 fng_ma30                                 223
      close_ma12_ratio                         220
      close_ma6_ratio                          217
      global_ls_ratio                          217
      vol_trend_12_48                          216
      dxy_close_chg_20d                        215

   📰 Sentiment features in top 30: 5/30

======================================================================
  FINAL SUMMARY v6 (12h target)
======================================================================
   Rank IC (avg):            +0.0415
   Rank ICIR (avg):          +0.4980
   LS Sharpe net (avg):      +1.06
   LS MaxDD net (avg):       -88.3%
   LS VolTarget Sharpe:      +1.90
   LS VolTarget MaxDD:       -93.5%
   LS DDStop Sharpe:         +1.88
   LS DDStop MaxDD:          -23.9%
   Cost model:               0.03% taker + 0.01% slip + 0.005%/8h funding
======================================================================
🟠 MARGINAL — Need transformer boost (HIST v2 with sentiment).

✅ Results saved to results/mega_comparison/models/WinC_train2025H1/v6_base/
[22:24:10]    ✅ Done: v6_base (633s)
[22:24:10] 🧠 Training: WinC_train2025H1 / v6_with_news
[22:24:10]    train_end=2025-06-30  val_end=2025-12-24
[22:24:10]    flags: --news-mode all
======================================================================
  CRYPTO ALPHA MODEL v6
  12h Target + Optimized Holding Period + Walk-Forward
======================================================================

📊 Loading data...
   Shape: (2565321, 107), Symbols: 50
   🎯 Adding targets...
   🌐 Adding cross-asset features...
   🔰 Adding advanced regime features...
   🕐 Adding 12h-specific features...
   ✅ Added ~10 features for 12h holding period
   📅 Adding calendar features...
   ✅ Added 9 calendar features
   🏛️ Adding macro features...
      Macro raw: 9 cols, derived: 29, total new: 38
   📰 Adding sentiment features... (news_mode=all)
      FNG: 2018-02-01 → 2026-03-11, mean=48.3
      Funding: 96,393 non-zero rows (3.8%)
      LS ratio: 0 non-missing rows
      Synthetic positioning features...
      Loading news features (mode=all)...
      + coin-level news: 8 features
      + market-level news: 7 features
      📊 Coverage: 2,228,238/2,565,321 rows (86.9%)
      📰 Events: 1,100,564/2,228,238 covered rows (49.4%) have news
      🕳️  Holes: 337,083 rows = NaN (not 0!)
   ✅ Sentiment features added: 175 → 212 total
   📊 Adding derivatives features (Binance Futures)...
      Loaded metrics: 1,800,870 rows, 50 symbols, 2021-12-01 → 2026-03-12
      OI: 1,785,559 rows (69.6%), 9 features
      Taker: 1,648,976 rows (64.3%), 6 features
      Top L/S: 1,433,710 rows (55.9%), 5 features
      Global L/S: 3 features
      Binance funding: 2,239,209 rows (87.3%)
      Funding surprise: computed from OKX funding data
      Market-wide aggregates: 4 features
      Basis/Premium: 448,115 rows (17.5%), 6 features
      ⚠️  No liquidation data (run download_binance_futures.py)
      DVOL: 13 features (BTC range: 2021-04-01 → 2026-03-15)
   ✅ Derivatives features: +48 features
   Features: 260
   📐 Cross-sectional rank normalization...
   ✅ Ranked 172 CS features, preserved 88 unranked
   Final shape: (2564721, 279)
   Date range: 2017-09-16 09:00:00+00:00 → 2026-03-07 03:00:00+00:00

🔴 PRODUCTION MODE — max training data, models go to live trading
   Train: start → 2025-06-30
   Val:   2025-07-08 → 2025-12-24
   Test:  (none — live trading)

======================================================================
  ROLLING WALK-FORWARD (1 windows)
======================================================================

──────────────────────────────────────────────────────────────────────
  Window 1/1: PROD (max data)
  Train: → 2025-06-30
  Val:   2025-07-08 → 2025-12-24
  Test:  2025-12-24 → 2026-12-31
──────────────────────────────────────────────────────────────────────
   Train: 2,280,889 | Val: 192,107 | Test: 82,509
Training until validation scores don't improve for 100 rounds
[200]	valid_0's l2: 0.0825226
[400]	valid_0's l2: 0.082424
[600]	valid_0's l2: 0.082378
Early stopping, best iteration is:
[642]	valid_0's l2: 0.082372
   🔪 Feature selection: 260 → 207

   🌱 Multi-seed ensemble (5 seeds)...
      Seed 42 (1/5)... Training until validation scores don't improve for 100 rounds
[200]	valid_0's l2: 0.0825349
[400]	valid_0's l2: 0.0824322
[600]	valid_0's l2: 0.0824028
[800]	valid_0's l2: 0.0823825
Early stopping, best iteration is:
[781]	valid_0's l2: 0.0823799
iters=781
      Seed 123 (2/5)... Training until validation scores don't improve for 100 rounds
[200]	valid_0's l2: 0.0825267
[400]	valid_0's l2: 0.0824159
[600]	valid_0's l2: 0.0823764
[800]	valid_0's l2: 0.0823703
[1000]	valid_0's l2: 0.082366
Early stopping, best iteration is:
[954]	valid_0's l2: 0.0823604
iters=954
      Seed 456 (3/5)... Training until validation scores don't improve for 100 rounds
[200]	valid_0's l2: 0.0825297
[400]	valid_0's l2: 0.0824264
[600]	valid_0's l2: 0.0823874
[800]	valid_0's l2: 0.0823627
Early stopping, best iteration is:
[840]	valid_0's l2: 0.0823608
iters=840
      Seed 789 (4/5)... Training until validation scores don't improve for 100 rounds
[200]	valid_0's l2: 0.082542
[400]	valid_0's l2: 0.08244
[600]	valid_0's l2: 0.0824067
[800]	valid_0's l2: 0.0823818
Early stopping, best iteration is:
[859]	valid_0's l2: 0.082378
iters=859
      Seed 2024 (5/5)... Training until validation scores don't improve for 100 rounds
[200]	valid_0's l2: 0.0825154
[400]	valid_0's l2: 0.0824109
[600]	valid_0's l2: 0.0823841
[800]	valid_0's l2: 0.0823791
Early stopping, best iteration is:
[739]	valid_0's l2: 0.0823703
iters=739
   💾 Saved 5 models + feature names

   📈 Window 1 Results:
      IC                             0.0101
      Rank_IC                        0.0426
      ICIR                           0.24
      Rank_ICIR                      0.5072
      LS_Sharpe_raw                  2.37
      LS_Sharpe_net                  1.14
      LS_Ann_Return_net_%            48.1
      LS_MaxDD_net_%                 -88.4
      LS_Total_net_%                 155.9
      LS_VolTarget_Sharpe            2.08
      LS_VolTarget_MaxDD_%           -93.6
      LS_VolTarget_Total_%           1189.8
      LS_DDStop_Sharpe               1.98
      LS_DDStop_MaxDD_%              -24.7
      LS_DDStop_Total_%              137.7
      LO5_Sharpe                     -1.38
      LO10_Sharpe                    -1.66
      N_periods                      1756
      Cost_per_period_bps            3.5

======================================================================
  AGGREGATE RESULTS (1 windows)
======================================================================

   📈 Combined Results (all windows):
      Periods: 1756
      LS Net:       Sharpe=1.14, MaxDD=-88.4%, Total=155.9%
      LS VolTarget: Sharpe=2.08, MaxDD=-93.6%, Total=1189.8%
      LS DDStop:    Sharpe=1.98, MaxDD=-24.7%, Total=137.7%

🏆 Top 30 Features (last window):
      vix_close_chg_1d                         510
      btc_vol_24h                              431
      close_ma336_ratio                        377
      oi_value_usd                             369
      close_ma720_ratio                        366
      breadth_pct_positive                     364
      spx_close_chg_1d                         360
   📰 btc_beta_168h                            355
      gk_vol_168h                              325
   📰 funding_rate_binance                     300
      vol_12h_cs_rank                          272
      ret_sharpe_24h                           272
      news_count_7d                            262
      ret_sharpe_168h                          248
      spx_close                                222
      dxy_close                                220
      close_ma12_ratio                         218
      close_ma6_ratio                          213
      atr_48                                   212
      vol_price_corr_48h                       204
   📰 btc_beta_48h                             198
      ret_std_168h                             196
      real_rate                                195
      macd_signal                              194
      gold_close                               193
      real_rate_chg_5d                         188
      ls_divergence                            184
      vol_trend_12_48                          182
      dxy_close_chg_20d                        176
   📰 fng_ma30                                 175

   📰 Sentiment features in top 30: 4/30

======================================================================
  FINAL SUMMARY v6 (12h target)
======================================================================
   Rank IC (avg):            +0.0426
   Rank ICIR (avg):          +0.5072
   LS Sharpe net (avg):      +1.14
   LS MaxDD net (avg):       -88.4%
   LS VolTarget Sharpe:      +2.08
   LS VolTarget MaxDD:       -93.6%
   LS DDStop Sharpe:         +1.98
   LS DDStop MaxDD:          -24.7%
   Cost model:               0.03% taker + 0.01% slip + 0.005%/8h funding
======================================================================
🟡 DECENT — Signal exists, risk partially controlled.
   → Consider tighter DD stop or reduce position sizing.

✅ Results saved to results/mega_comparison/models/WinC_train2025H1/v6_with_news/
[22:34:44]    ✅ Done: v6_with_news (634s)
[22:34:44] 🧠 Training: WinC_train2025H1 / v6_no_deriv
[22:34:44]    train_end=2025-06-30  val_end=2025-12-24
[22:34:44]    flags: --no-news --no-derivatives
======================================================================
  CRYPTO ALPHA MODEL v6
  12h Target + Optimized Holding Period + Walk-Forward
======================================================================

📊 Loading data...
   Shape: (2565321, 107), Symbols: 50
   🎯 Adding targets...
   🌐 Adding cross-asset features...
   🔰 Adding advanced regime features...
   🕐 Adding 12h-specific features...
   ✅ Added ~10 features for 12h holding period
   📅 Adding calendar features...
   ✅ Added 9 calendar features
   🏛️ Adding macro features...
      Macro raw: 9 cols, derived: 29, total new: 38
   📰 Adding sentiment features... (news_mode=none)
      FNG: 2018-02-01 → 2026-03-11, mean=48.3
      Funding: 96,393 non-zero rows (3.8%)
      LS ratio: 0 non-missing rows
      Synthetic positioning features...
      ⏭️  Skipping news features (news_mode=none)
   ✅ Sentiment features added: 175 → 200 total
   ⏭️  Skipping derivatives features (--no-derivatives)
   Features: 200
   📐 Cross-sectional rank normalization...
   ✅ Ranked 132 CS features, preserved 68 unranked
   Final shape: (2564721, 219)
   Date range: 2017-09-16 09:00:00+00:00 → 2026-03-07 03:00:00+00:00

🔴 PRODUCTION MODE — max training data, models go to live trading
   Train: start → 2025-06-30
   Val:   2025-07-08 → 2025-12-24
   Test:  (none — live trading)

======================================================================
  ROLLING WALK-FORWARD (1 windows)
======================================================================

──────────────────────────────────────────────────────────────────────
  Window 1/1: PROD (max data)
  Train: → 2025-06-30
  Val:   2025-07-08 → 2025-12-24
  Test:  2025-12-24 → 2026-12-31
──────────────────────────────────────────────────────────────────────
   Train: 2,280,889 | Val: 192,107 | Test: 82,509
Training until validation scores don't improve for 100 rounds
[200]	valid_0's l2: 0.0825213
[400]	valid_0's l2: 0.0824075
[600]	valid_0's l2: 0.0823681
[800]	valid_0's l2: 0.0823458
[1000]	valid_0's l2: 0.0823299
Early stopping, best iteration is:
[1091]	valid_0's l2: 0.0823203
   🔪 Feature selection: 200 → 159

   🌱 Multi-seed ensemble (5 seeds)...
      Seed 42 (1/5)... Training until validation scores don't improve for 100 rounds
[200]	valid_0's l2: 0.0825273
[400]	valid_0's l2: 0.0824192
[600]	valid_0's l2: 0.0823727
[800]	valid_0's l2: 0.0823448
[1000]	valid_0's l2: 0.082338
Early stopping, best iteration is:
[957]	valid_0's l2: 0.0823316
iters=957
      Seed 123 (2/5)... Training until validation scores don't improve for 100 rounds
[200]	valid_0's l2: 0.0825215
[400]	valid_0's l2: 0.082406
[600]	valid_0's l2: 0.0823572
[800]	valid_0's l2: 0.0823222
[1000]	valid_0's l2: 0.0823101
Early stopping, best iteration is:
[958]	valid_0's l2: 0.0823084
iters=958
      Seed 456 (3/5)... Training until validation scores don't improve for 100 rounds
[200]	valid_0's l2: 0.0825222
[400]	valid_0's l2: 0.0824216
[600]	valid_0's l2: 0.0823778
[800]	valid_0's l2: 0.0823551
[1000]	valid_0's l2: 0.0823525
Early stopping, best iteration is:
[918]	valid_0's l2: 0.0823441
iters=918
      Seed 789 (4/5)... Training until validation scores don't improve for 100 rounds
[200]	valid_0's l2: 0.0825354
[400]	valid_0's l2: 0.0824147
[600]	valid_0's l2: 0.0823644
[800]	valid_0's l2: 0.0823382
[1000]	valid_0's l2: 0.0823261
Early stopping, best iteration is:
[1036]	valid_0's l2: 0.0823239
iters=1036
      Seed 2024 (5/5)... Training until validation scores don't improve for 100 rounds
[200]	valid_0's l2: 0.0825254
[400]	valid_0's l2: 0.0824157
[600]	valid_0's l2: 0.0823714
[800]	valid_0's l2: 0.082349
[1000]	valid_0's l2: 0.0823415
Early stopping, best iteration is:
[962]	valid_0's l2: 0.0823395
iters=962
   💾 Saved 5 models + feature names

   📈 Window 1 Results:
      IC                             0.0132
      Rank_IC                        0.0381
      ICIR                           0.2421
      Rank_ICIR                      0.4692
      LS_Sharpe_raw                  2.43
      LS_Sharpe_net                  1.2
      LS_Ann_Return_net_%            50.8
      LS_MaxDD_net_%                 -86.2
      LS_Total_net_%                 172.6
      LS_VolTarget_Sharpe            2.21
      LS_VolTarget_MaxDD_%           -91.0
      LS_VolTarget_Total_%           1472.2
      LS_DDStop_Sharpe               2.21
      LS_DDStop_MaxDD_%              -24.9
      LS_DDStop_Total_%              154.1
      LO5_Sharpe                     -1.59
      LO10_Sharpe                    -1.8
      N_periods                      1756
      Cost_per_period_bps            3.5

======================================================================
  AGGREGATE RESULTS (1 windows)
======================================================================

   📈 Combined Results (all windows):
      Periods: 1756
      LS Net:       Sharpe=1.20, MaxDD=-86.2%, Total=172.6%
      LS VolTarget: Sharpe=2.21, MaxDD=-91.0%, Total=1472.2%
      LS DDStop:    Sharpe=2.21, MaxDD=-24.9%, Total=154.1%

🏆 Top 30 Features (last window):
      vix_close_chg_1d                         693
      btc_vol_24h                              682
      close_ma720_ratio                        612
      spx_close_chg_1d                         570
   📰 btc_beta_168h                            560
      close_ma336_ratio                        546
      vol_12h_cs_rank                          448
      breadth_pct_positive                     441
      dxy_close                                440
      gk_vol_168h                              438
      gold_close                               378
      ret_sharpe_168h                          372
      ret_sharpe_24h                           359
      real_rate_chg_5d                         347
      atr_48                                   346
      ret_std_168h                             331
   📰 fng_momentum                             328
   📰 fng_ma30                                 310
   📰 btc_beta_48h                             306
      yield_curve_10y2y                        303
      yield_10y_close                          300
      regime_btc_dd_720                        297
      spx_close                                295
      gold_close_chg_5d                        292
      macd_signal                              290
      yield_curve_10y2y_chg_20d                286
      macd                                     282
      vol_price_corr_48h                       272
      close_ma12_ratio                         271
      vix_close                                270

   📰 Sentiment features in top 30: 4/30

======================================================================
  FINAL SUMMARY v6 (12h target)
======================================================================
   Rank IC (avg):            +0.0381
   Rank ICIR (avg):          +0.4692
   LS Sharpe net (avg):      +1.20
   LS MaxDD net (avg):       -86.2%
   LS VolTarget Sharpe:      +2.21
   LS VolTarget MaxDD:       -91.0%
   LS DDStop Sharpe:         +2.21
   LS DDStop MaxDD:          -24.9%
   Cost model:               0.03% taker + 0.01% slip + 0.005%/8h funding
======================================================================
🟡 DECENT — Signal exists, risk partially controlled.
   → Consider tighter DD stop or reduce position sizing.

✅ Results saved to results/mega_comparison/models/WinC_train2025H1/v6_no_deriv/
[22:43:46]    ✅ Done: v6_no_deriv (542s)
[22:43:46] 🧠 Training: WinC_train2025H1 / v7_base
[22:43:46]    train_end=2025-06-30  val_end=2025-12-24
[22:43:46]    flags: --no-news
======================================================================
  CRYPTO ALPHA MODEL v7
  12h Blended Target + Enhanced Features + Walk-Forward
======================================================================

📊 Loading data...
   Shape: (2565321, 107), Symbols: 50
   🎯 Adding targets...
   🌐 Adding cross-asset features...
   🔰 Adding advanced regime features...
   🕐 Adding 12h-specific features (v7 enhanced)...
   ✅ Added ~18 features for 12h holding period (v7)
   📅 Adding calendar features...
   ✅ Added 9 calendar features
   🏛️ Adding macro features...
      Macro raw: 9 cols, derived: 29, total new: 38
   📰 Adding sentiment features...
      FNG: 2018-02-01 → 2026-03-11, mean=48.3
      Funding: 96,393 non-zero rows (3.8%)
      LS ratio: 0 non-missing rows
      Synthetic positioning features...
   ✅ Sentiment features added: 182 → 207 total
   📊 Adding derivatives features (Binance Futures)...
      Loaded metrics: 1,800,870 rows, 50 symbols, 2021-12-01 → 2026-03-12
      OI: 1,785,559 rows (69.6%), 9 features
      Taker: 1,648,976 rows (64.3%), 6 features
      Top L/S: 1,433,710 rows (55.9%), 5 features
      Global L/S: 3 features
      Binance funding: 2,239,209 rows (87.3%)
      Funding surprise: computed from OKX funding data
      Market-wide aggregates: 4 features
      Basis/Premium: 448,115 rows (17.5%), 6 features
      ⚠️  No liquidation data (run download_binance_futures.py)
      DVOL: 13 features (BTC range: 2021-04-01 → 2026-03-15)
   ✅ Derivatives features: +48 features
   Features: 255
   📐 Cross-sectional rank normalization...
   ✅ Ranked 174 CS features, preserved 81 unranked
   Final shape: (2564121, 275)
   Date range: 2017-09-16 09:00:00+00:00 → 2026-03-06 15:00:00+00:00

🔴 PRODUCTION MODE — max training data, models go to live trading
   Train: start → 2025-06-30
   Val:   2025-07-08 → 2025-12-24
   Test:  (none — live trading)

======================================================================
  ROLLING WALK-FORWARD (1 windows)
======================================================================

──────────────────────────────────────────────────────────────────────
  Window 1/1: PROD (max data)
  Train: → 2025-06-30
  Val:   2025-07-08 → 2025-12-24
  Test:  2025-12-24 → 2026-12-31
──────────────────────────────────────────────────────────────────────
   Train: 2,280,865 | Val: 192,095 | Test: 81,945
Training until validation scores don't improve for 100 rounds
[200]	valid_0's l2: 0.0825215
[400]	valid_0's l2: 0.0824131
[600]	valid_0's l2: 0.0823875
Early stopping, best iteration is:
[513]	valid_0's l2: 0.0823844
   🔪 Feature selection: 255 → 197

   🌱 Multi-seed ensemble (5 seeds)...
      Seed 42 (1/5)... Training until validation scores don't improve for 100 rounds
[200]	valid_0's l2: 0.0825016
[400]	valid_0's l2: 0.0824248
[600]	valid_0's l2: 0.0823972
Early stopping, best iteration is:
[578]	valid_0's l2: 0.0823953
iters=578
      Seed 123 (2/5)... Training until validation scores don't improve for 100 rounds
[200]	valid_0's l2: 0.082516
[400]	valid_0's l2: 0.0824265
[600]	valid_0's l2: 0.0823976
Early stopping, best iteration is:
[685]	valid_0's l2: 0.0823871
iters=685
      Seed 456 (3/5)... Training until validation scores don't improve for 100 rounds
[200]	valid_0's l2: 0.0825267
[400]	valid_0's l2: 0.0824368
[600]	valid_0's l2: 0.0824142
[800]	valid_0's l2: 0.0824101
Early stopping, best iteration is:
[720]	valid_0's l2: 0.0824049
iters=720
      Seed 789 (4/5)... Training until validation scores don't improve for 100 rounds
[200]	valid_0's l2: 0.0825058
[400]	valid_0's l2: 0.0824096
[600]	valid_0's l2: 0.0823727
[800]	valid_0's l2: 0.0823541
Early stopping, best iteration is:
[794]	valid_0's l2: 0.082352
iters=794
      Seed 2024 (5/5)... Training until validation scores don't improve for 100 rounds
[200]	valid_0's l2: 0.0824984
[400]	valid_0's l2: 0.0824009
[600]	valid_0's l2: 0.0823783
[800]	valid_0's l2: 0.0823565
Early stopping, best iteration is:
[799]	valid_0's l2: 0.0823558
iters=799
   💾 Saved 5 models + feature names

   📈 Window 1 Results:
      IC                             0.0048
      Rank_IC                        0.04
      ICIR                           0.1886
      Rank_ICIR                      0.4937
      LS_Sharpe_raw                  1.83
      LS_Sharpe_net                  0.61
      LS_Ann_Return_net_%            26.0
      LS_MaxDD_net_%                 -89.9
      LS_Total_net_%                 49.2
      LS_VolTarget_Sharpe            1.55
      LS_VolTarget_MaxDD_%           -93.9
      LS_VolTarget_Total_%           497.9
      LS_DDStop_Sharpe               -0.03
      LS_DDStop_MaxDD_%              -24.7
      LS_DDStop_Total_%              -2.1
      LO5_Sharpe                     -1.41
      LO10_Sharpe                    -1.71
      N_periods                      1744
      Cost_per_period_bps            3.5

======================================================================
  AGGREGATE RESULTS (1 windows)
======================================================================

   📈 Combined Results (all windows):
      Periods: 1744
      LS Net:       Sharpe=0.61, MaxDD=-89.9%, Total=49.2%
      LS VolTarget: Sharpe=1.55, MaxDD=-93.9%, Total=497.9%
      LS DDStop:    Sharpe=-0.03, MaxDD=-24.7%, Total=-2.1%

🏆 Top 30 Features (last window):
      vix_close_chg_1d                         495
      btc_vol_24h                              477
      oi_value_usd                             451
      close_ma336_ratio                        449
   📰 btc_beta_168h                            431
      close_ma720_ratio                        402
      spx_close_chg_1d                         352
      breadth_pct_positive                     347
      gk_vol_168h                              339
      ret_sharpe_168h                          323
   📰 funding_rate_binance                     314
      vol_12h_cs_rank                          300
      spx_close                                286
      dxy_close                                268
      real_rate_chg_5d                         267
      global_ls_ratio                          257
      atr_48                                   249
   📰 fng_momentum                             243
      ret_sharpe_24h                           241
      dxy_close_chg_20d                        238
   📰 fng_ma30                                 235
      yield_curve_10y2y                        234
      ret_std_168h                             229
      macd_signal                              227
      gold_close                               227
      spx_close_chg_20d                        218
      vol_price_corr_48h                       212
      close_ma12_ratio                         210
      ls_divergence                            208
      spx_close_chg_5d                         206

   📰 Sentiment features in top 30: 4/30

======================================================================
  FINAL SUMMARY v7 (12h blended target)
======================================================================
   Rank IC (avg):            +0.0400
   Rank ICIR (avg):          +0.4937
   LS Sharpe net (avg):      +0.61
   LS MaxDD net (avg):       -89.9%
   LS VolTarget Sharpe:      +1.55
   LS VolTarget MaxDD:       -93.9%
   LS DDStop Sharpe:         -0.03
   LS DDStop MaxDD:          -24.7%
   Cost model:               0.03% taker + 0.01% slip + 0.005%/8h funding
======================================================================
🟠 MARGINAL — Need transformer boost (HIST v2 with sentiment).

✅ Results saved to results/mega_comparison/models/WinC_train2025H1/v7_base/
[22:53:15]    ✅ Done: v7_base (569s)
[22:53:15] 🧠 Training: WinC_train2025H1 / v7_with_news
[22:53:15]    train_end=2025-06-30  val_end=2025-12-24
[22:53:15]    flags: --news-mode all
======================================================================
  CRYPTO ALPHA MODEL v7
  12h Blended Target + Enhanced Features + Walk-Forward
======================================================================

📊 Loading data...
   Shape: (2565321, 107), Symbols: 50
   🎯 Adding targets...
   🌐 Adding cross-asset features...
   🔰 Adding advanced regime features...
   🕐 Adding 12h-specific features (v7 enhanced)...
   ✅ Added ~18 features for 12h holding period (v7)
   📅 Adding calendar features...
   ✅ Added 9 calendar features
   🏛️ Adding macro features...
      Macro raw: 9 cols, derived: 29, total new: 38
   📰 Adding sentiment features... (news_mode=all)
      FNG: 2018-02-01 → 2026-03-11, mean=48.3
      Funding: 96,393 non-zero rows (3.8%)
      LS ratio: 0 non-missing rows
      Synthetic positioning features...
      Loading news features (mode=all)...
      + coin-level news: 8 features
      + market-level news: 7 features
      📊 Coverage: 2,228,238/2,565,321 rows (86.9%)
      📰 Events: 1,100,564/2,228,238 covered rows (49.4%) have news
      🕳️  Holes: 337,083 rows = NaN (not 0!)
   ✅ Sentiment features added: 183 → 219 total
   📰 v7+news: used v6 sentiment function (mode=all)
   📊 Adding derivatives features (Binance Futures)...
      Loaded metrics: 1,800,870 rows, 50 symbols, 2021-12-01 → 2026-03-12
      OI: 1,785,559 rows (69.6%), 9 features
      Taker: 1,648,976 rows (64.3%), 6 features
      Top L/S: 1,433,710 rows (55.9%), 5 features
      Global L/S: 3 features
      Binance funding: 2,239,209 rows (87.3%)
      Funding surprise: computed from OKX funding data
      Market-wide aggregates: 4 features
      Basis/Premium: 448,115 rows (17.5%), 6 features
      ⚠️  No liquidation data (run download_binance_futures.py)
      DVOL: 13 features (BTC range: 2021-04-01 → 2026-03-15)
   ✅ Derivatives features: +48 features
   Features: 267
   📐 Cross-sectional rank normalization...
   ✅ Ranked 186 CS features, preserved 81 unranked
   Final shape: (2564121, 287)
   Date range: 2017-09-16 09:00:00+00:00 → 2026-03-06 15:00:00+00:00

🔴 PRODUCTION MODE — max training data, models go to live trading
   Train: start → 2025-06-30
   Val:   2025-07-08 → 2025-12-24
   Test:  (none — live trading)

======================================================================
  ROLLING WALK-FORWARD (1 windows)
======================================================================

──────────────────────────────────────────────────────────────────────
  Window 1/1: PROD (max data)
  Train: → 2025-06-30
  Val:   2025-07-08 → 2025-12-24
  Test:  2025-12-24 → 2026-12-31
──────────────────────────────────────────────────────────────────────
   Train: 2,280,865 | Val: 192,095 | Test: 81,945
Training until validation scores don't improve for 100 rounds
[200]	valid_0's l2: 0.0825223
[400]	valid_0's l2: 0.0824048
[600]	valid_0's l2: 0.0823846
[800]	valid_0's l2: 0.0823838
Early stopping, best iteration is:
[717]	valid_0's l2: 0.0823707
   🔪 Feature selection: 267 → 210

   🌱 Multi-seed ensemble (5 seeds)...
      Seed 42 (1/5)... Training until validation scores don't improve for 100 rounds
[200]	valid_0's l2: 0.0825166
[400]	valid_0's l2: 0.0824129
[600]	valid_0's l2: 0.0823761
[800]	valid_0's l2: 0.0823494
Early stopping, best iteration is:
[857]	valid_0's l2: 0.0823459
iters=857
      Seed 123 (2/5)... Training until validation scores don't improve for 100 rounds
[200]	valid_0's l2: 0.0825077
[400]	valid_0's l2: 0.0824015
[600]	valid_0's l2: 0.08238
[800]	valid_0's l2: 0.0823679
Early stopping, best iteration is:
[804]	valid_0's l2: 0.082367
iters=804
      Seed 456 (3/5)... Training until validation scores don't improve for 100 rounds
[200]	valid_0's l2: 0.0825092
[400]	valid_0's l2: 0.0824135
[600]	valid_0's l2: 0.082399
Early stopping, best iteration is:
[617]	valid_0's l2: 0.0823969
iters=617
      Seed 789 (4/5)... Training until validation scores don't improve for 100 rounds
[200]	valid_0's l2: 0.0824911
[400]	valid_0's l2: 0.0823854
[600]	valid_0's l2: 0.0823579
Early stopping, best iteration is:
[686]	valid_0's l2: 0.0823492
iters=686
      Seed 2024 (5/5)... Training until validation scores don't improve for 100 rounds
[200]	valid_0's l2: 0.082493
[400]	valid_0's l2: 0.0823882
[600]	valid_0's l2: 0.0823657
Early stopping, best iteration is:
[656]	valid_0's l2: 0.0823544
iters=656
   💾 Saved 5 models + feature names

   📈 Window 1 Results:
      IC                             0.006
      Rank_IC                        0.0407
      ICIR                           0.2016
      Rank_ICIR                      0.5113
      LS_Sharpe_raw                  1.95
      LS_Sharpe_net                  0.73
      LS_Ann_Return_net_%            31.2
      LS_MaxDD_net_%                 -90.1
      LS_Total_net_%                 69.0
      LS_VolTarget_Sharpe            1.65
      LS_VolTarget_MaxDD_%           -94.3
      LS_VolTarget_Total_%           597.1
      LS_DDStop_Sharpe               1.31
      LS_DDStop_MaxDD_%              -23.8
      LS_DDStop_Total_%              63.6
      LO5_Sharpe                     -1.27
      LO10_Sharpe                    -1.65
      N_periods                      1744
      Cost_per_period_bps            3.5

======================================================================
  AGGREGATE RESULTS (1 windows)
======================================================================

   📈 Combined Results (all windows):
      Periods: 1744
      LS Net:       Sharpe=0.73, MaxDD=-90.1%, Total=69.0%
      LS VolTarget: Sharpe=1.65, MaxDD=-94.3%, Total=597.1%
      LS DDStop:    Sharpe=1.31, MaxDD=-23.8%, Total=63.6%

🏆 Top 30 Features (last window):
      btc_vol_24h                              436
      vix_close_chg_1d                         415
   📰 btc_beta_168h                            381
      close_ma336_ratio                        348
      spx_close_chg_1d                         306
      oi_value_usd                             298
      close_ma720_ratio                        289
      breadth_pct_positive                     277
      gk_vol_168h                              276
   📰 funding_rate_binance                     266
      vol_12h_cs_rank                          250
      ret_sharpe_168h                          249
      spx_close                                242
      news_count_7d                            221
      close_ma12_ratio                         209
   📰 fng_ma30                                 209
      gold_close                               208
      ret_sharpe_24h                           202
      global_ls_ratio                          196
      real_rate_chg_5d                         194
      yield_curve_10y2y                        193
      vol_price_corr_48h                       190
      dxy_close                                189
      ls_divergence                            182
      macd_signal                              177
      atr_48                                   177
      ret_std_168h                             172
      gk_vol_48h                               170
   📰 btc_beta_48h                             161
      top_long_pct                             161

   📰 Sentiment features in top 30: 4/30

======================================================================
  FINAL SUMMARY v7 (12h blended target)
======================================================================
   Rank IC (avg):            +0.0407
   Rank ICIR (avg):          +0.5113
   LS Sharpe net (avg):      +0.73
   LS MaxDD net (avg):       -90.1%
   LS VolTarget Sharpe:      +1.65
   LS VolTarget MaxDD:       -94.3%
   LS DDStop Sharpe:         +1.31
   LS DDStop MaxDD:          -23.8%
   Cost model:               0.03% taker + 0.01% slip + 0.005%/8h funding
======================================================================
🟠 MARGINAL — Need transformer boost (HIST v2 with sentiment).

✅ Results saved to results/mega_comparison/models/WinC_train2025H1/v7_with_news/
[23:03:39]    ✅ Done: v7_with_news (624s)
[23:03:39] 🧠 Training: WinC_train2025H1 / v7_no_deriv
[23:03:39]    train_end=2025-06-30  val_end=2025-12-24
[23:03:39]    flags: --no-news --no-derivatives
======================================================================
  CRYPTO ALPHA MODEL v7
  12h Blended Target + Enhanced Features + Walk-Forward
======================================================================

📊 Loading data...
   Shape: (2565321, 107), Symbols: 50
   🎯 Adding targets...
   🌐 Adding cross-asset features...
   🔰 Adding advanced regime features...
   🕐 Adding 12h-specific features (v7 enhanced)...
   ✅ Added ~18 features for 12h holding period (v7)
   📅 Adding calendar features...
   ✅ Added 9 calendar features
   🏛️ Adding macro features...
      Macro raw: 9 cols, derived: 29, total new: 38
   📰 Adding sentiment features...
      FNG: 2018-02-01 → 2026-03-11, mean=48.3
      Funding: 96,393 non-zero rows (3.8%)
      LS ratio: 0 non-missing rows
      Synthetic positioning features...
   ✅ Sentiment features added: 182 → 207 total
   ⏭️  Skipping derivatives features (--no-derivatives)
   Features: 207
   📐 Cross-sectional rank normalization...
   ✅ Ranked 139 CS features, preserved 68 unranked
   Final shape: (2564121, 227)
   Date range: 2017-09-16 09:00:00+00:00 → 2026-03-06 15:00:00+00:00

🔴 PRODUCTION MODE — max training data, models go to live trading
   Train: start → 2025-06-30
   Val:   2025-07-08 → 2025-12-24
   Test:  (none — live trading)

======================================================================
  ROLLING WALK-FORWARD (1 windows)
======================================================================

──────────────────────────────────────────────────────────────────────
  Window 1/1: PROD (max data)
  Train: → 2025-06-30
  Val:   2025-07-08 → 2025-12-24
  Test:  2025-12-24 → 2026-12-31
──────────────────────────────────────────────────────────────────────
   Train: 2,280,865 | Val: 192,095 | Test: 81,945
Training until validation scores don't improve for 100 rounds
[200]	valid_0's l2: 0.0825046
[400]	valid_0's l2: 0.0824043
[600]	valid_0's l2: 0.0823675
[800]	valid_0's l2: 0.082341
Early stopping, best iteration is:
[784]	valid_0's l2: 0.0823394
   🔪 Feature selection: 207 → 165

   🌱 Multi-seed ensemble (5 seeds)...
      Seed 42 (1/5)... Training until validation scores don't improve for 100 rounds
[200]	valid_0's l2: 0.0824948
[400]	valid_0's l2: 0.0823905
[600]	valid_0's l2: 0.082345
[800]	valid_0's l2: 0.0823282
Early stopping, best iteration is:
[728]	valid_0's l2: 0.0823264
iters=728
      Seed 123 (2/5)... Training until validation scores don't improve for 100 rounds
[200]	valid_0's l2: 0.0825052
[400]	valid_0's l2: 0.0823868
[600]	valid_0's l2: 0.0823319
[800]	valid_0's l2: 0.0823015
Early stopping, best iteration is:
[818]	valid_0's l2: 0.0822987
iters=818
      Seed 456 (3/5)... Training until validation scores don't improve for 100 rounds
[200]	valid_0's l2: 0.0825011
[400]	valid_0's l2: 0.0823879
[600]	valid_0's l2: 0.0823523
[800]	valid_0's l2: 0.082343
Early stopping, best iteration is:
[896]	valid_0's l2: 0.0823365
iters=896
      Seed 789 (4/5)... Training until validation scores don't improve for 100 rounds
[200]	valid_0's l2: 0.0824889
[400]	valid_0's l2: 0.0823903
[600]	valid_0's l2: 0.0823423
[800]	valid_0's l2: 0.0823248
[1000]	valid_0's l2: 0.0823161
Early stopping, best iteration is:
[977]	valid_0's l2: 0.0823115
iters=977
      Seed 2024 (5/5)... Training until validation scores don't improve for 100 rounds
[200]	valid_0's l2: 0.0824782
[400]	valid_0's l2: 0.0823665
[600]	valid_0's l2: 0.0823153
Early stopping, best iteration is:
[591]	valid_0's l2: 0.0823149
iters=591
   💾 Saved 5 models + feature names

   📈 Window 1 Results:
      IC                             0.0102
      Rank_IC                        0.0374
      ICIR                           0.206
      Rank_ICIR                      0.4763
      LS_Sharpe_raw                  2.4
      LS_Sharpe_net                  1.18
      LS_Ann_Return_net_%            49.9
      LS_MaxDD_net_%                 -85.4
      LS_Total_net_%                 165.0
      LS_VolTarget_Sharpe            2.16
      LS_VolTarget_MaxDD_%           -90.6
      LS_VolTarget_Total_%           1312.0
      LS_DDStop_Sharpe               2.16
      LS_DDStop_MaxDD_%              -24.9
      LS_DDStop_Total_%              143.3
      LO5_Sharpe                     -1.54
      LO10_Sharpe                    -1.78
      N_periods                      1744
      Cost_per_period_bps            3.5

======================================================================
  AGGREGATE RESULTS (1 windows)
======================================================================

   📈 Combined Results (all windows):
      Periods: 1744
      LS Net:       Sharpe=1.18, MaxDD=-85.4%, Total=165.0%
      LS VolTarget: Sharpe=2.16, MaxDD=-90.6%, Total=1312.0%
      LS DDStop:    Sharpe=2.16, MaxDD=-24.9%, Total=143.3%

🏆 Top 30 Features (last window):
      btc_vol_24h                              545
      vix_close_chg_1d                         468
      close_ma336_ratio                        399
   📰 btc_beta_168h                            379
      close_ma720_ratio                        351
      spx_close_chg_1d                         332
      gk_vol_168h                              332
      breadth_pct_positive                     327
      ret_sharpe_168h                          309
      vol_12h_cs_rank                          262
      spx_close                                251
      ret_sharpe_24h                           246
      real_rate_chg_5d                         246
      dxy_close                                237
      gold_close                               234
      macd_signal                              219
   📰 fng_momentum                             210
      vol_price_corr_48h                       209
      yield_curve_10y2y                        208
      close_ma6_ratio                          208
      close_ma12_ratio                         205
      ret_std_168h                             198
   📰 fng_ma7                                  192
      atr_48                                   190
      gk_vol_48h                               188
      regime_btc_dd_720                        183
      dxy_close_chg_20d                        183
      cci_48                                   177
      yield_curve_10y2y_chg_5d                 176
   📰 fng_ma30                                 175

   📰 Sentiment features in top 30: 4/30

======================================================================
  FINAL SUMMARY v7 (12h blended target)
======================================================================
   Rank IC (avg):            +0.0374
   Rank ICIR (avg):          +0.4763
   LS Sharpe net (avg):      +1.18
   LS MaxDD net (avg):       -85.4%
   LS VolTarget Sharpe:      +2.16
   LS VolTarget MaxDD:       -90.6%
   LS DDStop Sharpe:         +2.16
   LS DDStop MaxDD:          -24.9%
   Cost model:               0.03% taker + 0.01% slip + 0.005%/8h funding
======================================================================
🟡 DECENT — Signal exists, risk partially controlled.
   → Consider tighter DD stop or reduce position sizing.

✅ Results saved to results/mega_comparison/models/WinC_train2025H1/v7_no_deriv/
[23:11:44]    ✅ Done: v7_no_deriv (485s)
[23:11:44] 🧠 Training: WinC_train2025H1 / catboost_with_news
[23:11:44]    train_end=2025-06-30  val_end=2025-12-24
[23:11:44]    flags: --news-mode all
======================================================================
  CATBOOST CRYPTO ALPHA MODEL
  12h Target + Ordered Boosting + Walk-Forward
======================================================================

📊 Loading data...
   Shape: (2565321, 107), Symbols: 50
   🎯 Adding targets...
   🌐 Adding cross-asset features...
   🔰 Adding advanced regime features...
   🕐 Adding 12h-specific features...
   ✅ Added ~10 features for 12h holding period
   📅 Adding calendar features...
   ✅ Added 9 calendar features
   🏛️ Adding macro features...
      Macro raw: 9 cols, derived: 29, total new: 38
   📰 Adding sentiment features... (news_mode=all)
      FNG: 2018-02-01 → 2026-03-11, mean=48.3
      Funding: 96,393 non-zero rows (3.8%)
      LS ratio: 0 non-missing rows
      Synthetic positioning features...
      Loading news features (mode=all)...
      + coin-level news: 8 features
      + market-level news: 7 features
      📊 Coverage: 2,228,238/2,565,321 rows (86.9%)
      📰 Events: 1,100,564/2,228,238 covered rows (49.4%) have news
      🕳️  Holes: 337,083 rows = NaN (not 0!)
   ✅ Sentiment features added: 175 → 212 total
   📊 Adding derivatives features (Binance Futures)...
      Loaded metrics: 1,800,870 rows, 50 symbols, 2021-12-01 → 2026-03-12
      OI: 1,785,559 rows (69.6%), 9 features
      Taker: 1,648,976 rows (64.3%), 6 features
      Top L/S: 1,433,710 rows (55.9%), 5 features
      Global L/S: 3 features
      Binance funding: 2,239,209 rows (87.3%)
      Funding surprise: computed from OKX funding data
      Market-wide aggregates: 4 features
      Basis/Premium: 448,115 rows (17.5%), 6 features
      ⚠️  No liquidation data (run download_binance_futures.py)
      DVOL: 13 features (BTC range: 2021-04-01 → 2026-03-15)
   ✅ Derivatives features: +48 features
   Features: 260
   📐 Cross-sectional rank normalization...
   ✅ Ranked 172 CS features, preserved 88 unranked
   Final shape: (2564721, 279)
   Date range: 2017-09-16 09:00:00+00:00 → 2026-03-07 03:00:00+00:00

🔴 PRODUCTION MODE — max training data, models go to live trading
   Train: start → 2025-06-30
   Val:   2025-07-08 → 2025-12-24
   Test:  (none — live trading)

======================================================================
  ROLLING WALK-FORWARD (1 windows)
======================================================================

──────────────────────────────────────────────────────────────────────
  Window 1/1: PROD (max data)
  Train: → 2025-06-30
  Val:   2025-07-08 → 2025-12-24
  Test:  2025-12-24 → 2026-12-31
──────────────────────────────────────────────────────────────────────
   Train: 2,280,889 | Val: 192,107 | Test: 82,509
0:	learn: 0.2888322	test: 0.2886236	best: 0.2886236 (0)	total: 15.6ms	remaining: 1m 17s
200:	learn: 0.2868396	test: 0.2874230	best: 0.2874230 (200)	total: 1.77s	remaining: 42.2s
400:	learn: 0.2862022	test: 0.2871484	best: 0.2871480 (399)	total: 3.54s	remaining: 40.6s
600:	learn: 0.2857047	test: 0.2870489	best: 0.2870469 (584)	total: 5.32s	remaining: 39s
800:	learn: 0.2852648	test: 0.2870149	best: 0.2870135 (776)	total: 7.07s	remaining: 37.1s
bestTest = 0.2870134756
bestIteration = 776
Shrink model to first 777 iterations.
   🔪 Feature selection: 260 → 208

   🌱 CatBoost multi-seed ensemble (5 seeds)...
      Seed 42 (1/5)... 0:	learn: 0.2888337	test: 0.2886230	best: 0.2886230 (0)	total: 8.22ms	remaining: 41.1s
200:	learn: 0.2868383	test: 0.2874209	best: 0.2874209 (200)	total: 1.51s	remaining: 36.2s
400:	learn: 0.2862178	test: 0.2871483	best: 0.2871483 (400)	total: 3.05s	remaining: 35s
600:	learn: 0.2857150	test: 0.2870430	best: 0.2870425 (598)	total: 4.56s	remaining: 33.4s
800:	learn: 0.2852744	test: 0.2869959	best: 0.2869937 (793)	total: 6.09s	remaining: 31.9s
1000:	learn: 0.2848765	test: 0.2869679	best: 0.2869671 (959)	total: 7.6s	remaining: 30.4s
bestTest = 0.2869666249
bestIteration = 1004
Shrink model to first 1005 iterations.
iters=1004
      Seed 123 (2/5)... 0:	learn: 0.2888322	test: 0.2886227	best: 0.2886227 (0)	total: 7.46ms	remaining: 37.3s
200:	learn: 0.2868394	test: 0.2874399	best: 0.2874399 (200)	total: 1.52s	remaining: 36.3s
400:	learn: 0.2862164	test: 0.2871786	best: 0.2871786 (400)	total: 3.05s	remaining: 34.9s
600:	learn: 0.2857156	test: 0.2870788	best: 0.2870764 (578)	total: 4.55s	remaining: 33.3s
800:	learn: 0.2852663	test: 0.2870164	best: 0.2870164 (800)	total: 6.08s	remaining: 31.9s
1000:	learn: 0.2848653	test: 0.2869870	best: 0.2869870 (1000)	total: 7.59s	remaining: 30.3s
1200:	learn: 0.2844863	test: 0.2869761	best: 0.2869725 (1141)	total: 9.1s	remaining: 28.8s
bestTest = 0.2869725237
bestIteration = 1141
Shrink model to first 1142 iterations.
iters=1141
      Seed 456 (3/5)... 0:	learn: 0.2888320	test: 0.2886236	best: 0.2886236 (0)	total: 7.75ms	remaining: 38.8s
200:	learn: 0.2868369	test: 0.2874052	best: 0.2874052 (200)	total: 1.51s	remaining: 36s
400:	learn: 0.2862098	test: 0.2871460	best: 0.2871460 (400)	total: 3.04s	remaining: 34.9s
600:	learn: 0.2857191	test: 0.2870560	best: 0.2870560 (600)	total: 4.56s	remaining: 33.4s
800:	learn: 0.2852758	test: 0.2869953	best: 0.2869935 (792)	total: 6.1s	remaining: 32s
1000:	learn: 0.2848689	test: 0.2869660	best: 0.2869618 (965)	total: 7.61s	remaining: 30.4s
bestTest = 0.28696178
bestIteration = 965
Shrink model to first 966 iterations.
iters=965
      Seed 789 (4/5)... 0:	learn: 0.2888322	test: 0.2886271	best: 0.2886271 (0)	total: 8.03ms	remaining: 40.1s
200:	learn: 0.2868327	test: 0.2874203	best: 0.2874203 (200)	total: 1.52s	remaining: 36.3s
400:	learn: 0.2862029	test: 0.2871394	best: 0.2871394 (396)	total: 3.06s	remaining: 35.1s
600:	learn: 0.2857181	test: 0.2870380	best: 0.2870380 (600)	total: 4.56s	remaining: 33.4s
800:	learn: 0.2852776	test: 0.2869989	best: 0.2869966 (796)	total: 6.08s	remaining: 31.8s
1000:	learn: 0.2848823	test: 0.2869592	best: 0.2869549 (984)	total: 7.6s	remaining: 30.4s
bestTest = 0.2869548535
bestIteration = 984
Shrink model to first 985 iterations.
iters=984
      Seed 2024 (5/5)... 0:	learn: 0.2888336	test: 0.2886265	best: 0.2886265 (0)	total: 8.42ms	remaining: 42.1s
200:	learn: 0.2868309	test: 0.2874129	best: 0.2874129 (200)	total: 1.51s	remaining: 36s
400:	learn: 0.2862035	test: 0.2871614	best: 0.2871614 (400)	total: 3.04s	remaining: 34.9s
600:	learn: 0.2857114	test: 0.2870547	best: 0.2870547 (597)	total: 4.55s	remaining: 33.3s
800:	learn: 0.2852713	test: 0.2869906	best: 0.2869885 (797)	total: 6.1s	remaining: 32s
1000:	learn: 0.2848697	test: 0.2869585	best: 0.2869551 (985)	total: 7.61s	remaining: 30.4s
1200:	learn: 0.2844899	test: 0.2869621	best: 0.2869489 (1115)	total: 9.1s	remaining: 28.8s
bestTest = 0.2869489366
bestIteration = 1115
Shrink model to first 1116 iterations.
iters=1115
   💾 Saved 5 CatBoost models + feature names

   📈 Window 1 Results:
      IC                             0.014
      Rank_IC                        0.045
      ICIR                           0.2823
      Rank_ICIR                      0.5168
      LS_Sharpe_raw                  2.92
      LS_Sharpe_net                  1.73
      LS_Ann_Return_net_%            74.8
      LS_MaxDD_net_%                 -90.7
      LS_Total_net_%                 380.6
      LS_VolTarget_Sharpe            3.08
      LS_VolTarget_MaxDD_%           -94.6
      LS_VolTarget_Total_%           5550.3
      LS_DDStop_Sharpe               3.06
      LS_DDStop_MaxDD_%              -24.9
      LS_DDStop_Total_%              307.2
      LO5_Sharpe                     -1.19
      LO10_Sharpe                    -1.45
      N_periods                      1756
      Cost_per_period_bps            3.5

======================================================================
  AGGREGATE RESULTS (1 windows)
======================================================================

   📈 Combined Results (all windows):
      Periods: 1756
      LS Net:       Sharpe=1.73, MaxDD=-90.7%, Total=380.6%
      LS VolTarget: Sharpe=3.08, MaxDD=-94.6%, Total=5550.3%
      LS DDStop:    Sharpe=3.06, MaxDD=-24.9%, Total=307.2%

🏆 Top 30 Features (CatBoost, last window):
      vix_close_chg_1d                         3.4
      btc_vol_24h                              3.1
      gk_vol_168h                              2.9
      close_ma336_ratio                        2.7
   📰 btc_beta_168h                            2.3
      close_ma12_ratio                         2.3
      spx_close_chg_1d                         2.1
      close_ma6_ratio                          2.0
      breadth_pct_positive                     2.0
      close_ma720_ratio                        2.0
      atr_48                                   1.9
      gk_vol_24h                               1.8
      vol_price_corr_48h                       1.6
      oi_value_usd                             1.6
   📰 funding_rate_binance                     1.5
      atr_24                                   1.4
      news_count_7d                            1.3
      oi_zscore_7d                             1.3
      ret_sharpe_168h                          1.3
      ret_std_168h                             1.2
      regime_breadth_bullish                   1.1
      ret_std_48h                              1.1
      gk_vol_48h                               1.1
      vol_12h_cs_rank                          1.1
      ret_sharpe_24h                           1.0
      vol_trend_12_48                          1.0
   📰 long_short_ratio                         0.9
      ls_divergence                            0.9
   📰 btc_beta_48h                             0.9
   📰 funding_vs_market                        0.9

   📰 Sentiment features in top 30: 5/30

======================================================================
  FINAL SUMMARY — CatBoost (12h target)
======================================================================
   Rank IC (avg):            +0.0450
   Rank ICIR (avg):          +0.5168
   LS Sharpe net (avg):      +1.73
   LS MaxDD net (avg):       -90.7%
   LS VolTarget Sharpe:      +3.08
   LS DDStop Sharpe:         +3.06
   Cost model:               0.03% taker + 0.01% slip + 0.005%/8h funding
======================================================================
🟡 DECENT — CatBoost adds diversity, useful as ensemble member.

✅ Results saved to results/mega_comparison/models/WinC_train2025H1/catboost_with_news/
   Models: cb_model_seed_*.cbm
   Run ensemble: python run_fast_sim.py --ensemble --leverage 3 --rebal 24 --edge-boost
[23:15:48]    ✅ Done: catboost_with_news (244s)
[23:15:48] 🧠 Training: WinC_train2025H1 / catboost_no_news
[23:15:48]    train_end=2025-06-30  val_end=2025-12-24
[23:15:48]    flags: --no-news
======================================================================
  CATBOOST CRYPTO ALPHA MODEL
  12h Target + Ordered Boosting + Walk-Forward
======================================================================

📊 Loading data...
   Shape: (2565321, 107), Symbols: 50
   🎯 Adding targets...
   🌐 Adding cross-asset features...
   🔰 Adding advanced regime features...
   🕐 Adding 12h-specific features...
   ✅ Added ~10 features for 12h holding period
   📅 Adding calendar features...
   ✅ Added 9 calendar features
   🏛️ Adding macro features...
      Macro raw: 9 cols, derived: 29, total new: 38
   📰 Adding sentiment features... (news_mode=none)
      FNG: 2018-02-01 → 2026-03-11, mean=48.3
      Funding: 96,393 non-zero rows (3.8%)
      LS ratio: 0 non-missing rows
      Synthetic positioning features...
      ⏭️  Skipping news features (news_mode=none)
   ✅ Sentiment features added: 175 → 200 total
   📊 Adding derivatives features (Binance Futures)...
      Loaded metrics: 1,800,870 rows, 50 symbols, 2021-12-01 → 2026-03-12
      OI: 1,785,559 rows (69.6%), 9 features
      Taker: 1,648,976 rows (64.3%), 6 features
      Top L/S: 1,433,710 rows (55.9%), 5 features
      Global L/S: 3 features
      Binance funding: 2,239,209 rows (87.3%)
      Funding surprise: computed from OKX funding data
      Market-wide aggregates: 4 features
      Basis/Premium: 448,115 rows (17.5%), 6 features
      ⚠️  No liquidation data (run download_binance_futures.py)
      DVOL: 13 features (BTC range: 2021-04-01 → 2026-03-15)
   ✅ Derivatives features: +48 features
   Features: 248
   📐 Cross-sectional rank normalization...
   ✅ Ranked 167 CS features, preserved 81 unranked
   Final shape: (2564721, 267)
   Date range: 2017-09-16 09:00:00+00:00 → 2026-03-07 03:00:00+00:00

🔴 PRODUCTION MODE — max training data, models go to live trading
   Train: start → 2025-06-30
   Val:   2025-07-08 → 2025-12-24
   Test:  (none — live trading)

======================================================================
  ROLLING WALK-FORWARD (1 windows)
======================================================================

──────────────────────────────────────────────────────────────────────
  Window 1/1: PROD (max data)
  Train: → 2025-06-30
  Val:   2025-07-08 → 2025-12-24
  Test:  2025-12-24 → 2026-12-31
──────────────────────────────────────────────────────────────────────
   Train: 2,280,889 | Val: 192,107 | Test: 82,509
0:	learn: 0.2888321	test: 0.2886254	best: 0.2886254 (0)	total: 15.9ms	remaining: 1m 19s
200:	learn: 0.2868392	test: 0.2874644	best: 0.2874644 (200)	total: 1.75s	remaining: 41.9s
400:	learn: 0.2862133	test: 0.2871970	best: 0.2871970 (400)	total: 3.52s	remaining: 40.4s
600:	learn: 0.2857123	test: 0.2870945	best: 0.2870920 (595)	total: 5.29s	remaining: 38.7s
800:	learn: 0.2852748	test: 0.2870660	best: 0.2870654 (783)	total: 7.04s	remaining: 36.9s
1000:	learn: 0.2848764	test: 0.2870545	best: 0.2870535 (965)	total: 8.78s	remaining: 35.1s
bestTest = 0.287052447
bestIteration = 1012
Shrink model to first 1013 iterations.
   🔪 Feature selection: 248 → 198

   🌱 CatBoost multi-seed ensemble (5 seeds)...
      Seed 42 (1/5)... 0:	learn: 0.2888321	test: 0.2886228	best: 0.2886228 (0)	total: 7.74ms	remaining: 38.7s
200:	learn: 0.2868373	test: 0.2874360	best: 0.2874360 (200)	total: 1.48s	remaining: 35.5s
400:	learn: 0.2862141	test: 0.2871646	best: 0.2871646 (400)	total: 3s	remaining: 34.4s
600:	learn: 0.2857201	test: 0.2870657	best: 0.2870615 (562)	total: 4.53s	remaining: 33.2s
800:	learn: 0.2852755	test: 0.2870204	best: 0.2870204 (800)	total: 6.05s	remaining: 31.7s
1000:	learn: 0.2848817	test: 0.2870064	best: 0.2870000 (906)	total: 7.55s	remaining: 30.2s
bestTest = 0.2869999791
bestIteration = 906
Shrink model to first 907 iterations.
iters=906
      Seed 123 (2/5)... 0:	learn: 0.2888322	test: 0.2886260	best: 0.2886260 (0)	total: 7.9ms	remaining: 39.5s
200:	learn: 0.2868435	test: 0.2874302	best: 0.2874302 (200)	total: 1.48s	remaining: 35.4s
400:	learn: 0.2862060	test: 0.2871900	best: 0.2871900 (400)	total: 3s	remaining: 34.4s
600:	learn: 0.2857172	test: 0.2870935	best: 0.2870926 (594)	total: 4.52s	remaining: 33.1s
800:	learn: 0.2852695	test: 0.2870485	best: 0.2870475 (784)	total: 6.04s	remaining: 31.6s
1000:	learn: 0.2848704	test: 0.2870384	best: 0.2870319 (952)	total: 7.55s	remaining: 30.2s
bestTest = 0.2870319215
bestIteration = 952
Shrink model to first 953 iterations.
iters=952
      Seed 456 (3/5)... 0:	learn: 0.2888331	test: 0.2886259	best: 0.2886259 (0)	total: 7.76ms	remaining: 38.8s
200:	learn: 0.2868374	test: 0.2874315	best: 0.2874315 (200)	total: 1.48s	remaining: 35.4s
400:	learn: 0.2862087	test: 0.2871833	best: 0.2871833 (400)	total: 2.99s	remaining: 34.3s
600:	learn: 0.2857194	test: 0.2870870	best: 0.2870870 (600)	total: 4.5s	remaining: 33s
800:	learn: 0.2852802	test: 0.2870150	best: 0.2870131 (797)	total: 6.03s	remaining: 31.6s
1000:	learn: 0.2848829	test: 0.2870046	best: 0.2870034 (975)	total: 7.55s	remaining: 30.1s
bestTest = 0.2869878991
bestIteration = 1052
Shrink model to first 1053 iterations.
iters=1052
      Seed 789 (4/5)... 0:	learn: 0.2888323	test: 0.2886234	best: 0.2886234 (0)	total: 8.03ms	remaining: 40.1s
200:	learn: 0.2868437	test: 0.2874294	best: 0.2874294 (200)	total: 1.5s	remaining: 35.7s
400:	learn: 0.2862109	test: 0.2871865	best: 0.2871865 (400)	total: 3.02s	remaining: 34.7s
600:	learn: 0.2857234	test: 0.2870927	best: 0.2870897 (587)	total: 4.54s	remaining: 33.3s
800:	learn: 0.2852760	test: 0.2870199	best: 0.2870191 (783)	total: 6.06s	remaining: 31.7s
1000:	learn: 0.2848676	test: 0.2869963	best: 0.2869957 (996)	total: 7.56s	remaining: 30.2s
bestTest = 0.2869943465
bestIteration = 1005
Shrink model to first 1006 iterations.
iters=1005
      Seed 2024 (5/5)... 0:	learn: 0.2888320	test: 0.2886238	best: 0.2886238 (0)	total: 7.85ms	remaining: 39.2s
200:	learn: 0.2868437	test: 0.2874268	best: 0.2874268 (200)	total: 1.49s	remaining: 35.5s
400:	learn: 0.2862041	test: 0.2871741	best: 0.2871741 (400)	total: 3s	remaining: 34.4s
600:	learn: 0.2857246	test: 0.2870781	best: 0.2870775 (599)	total: 4.5s	remaining: 32.9s
800:	learn: 0.2852872	test: 0.2870346	best: 0.2870342 (799)	total: 6.02s	remaining: 31.6s
1000:	learn: 0.2848801	test: 0.2870064	best: 0.2870046 (994)	total: 7.52s	remaining: 30s
bestTest = 0.2869903346
bestIteration = 1097
Shrink model to first 1098 iterations.
iters=1097
   💾 Saved 5 CatBoost models + feature names

   📈 Window 1 Results:
      IC                             0.0134
      Rank_IC                        0.0454
      ICIR                           0.2809
      Rank_ICIR                      0.5154
      LS_Sharpe_raw                  2.87
      LS_Sharpe_net                  1.66
      LS_Ann_Return_net_%            70.8
      LS_MaxDD_net_%                 -89.4
      LS_Total_net_%                 339.5
      LS_VolTarget_Sharpe            2.92
      LS_VolTarget_MaxDD_%           -94.3
      LS_VolTarget_Total_%           4370.2
      LS_DDStop_Sharpe               3.03
      LS_DDStop_MaxDD_%              -24.9
      LS_DDStop_Total_%              265.3
      LO5_Sharpe                     -1.12
      LO10_Sharpe                    -1.53
      N_periods                      1756
      Cost_per_period_bps            3.5

======================================================================
  AGGREGATE RESULTS (1 windows)
======================================================================

   📈 Combined Results (all windows):
      Periods: 1756
      LS Net:       Sharpe=1.66, MaxDD=-89.4%, Total=339.5%
      LS VolTarget: Sharpe=2.92, MaxDD=-94.3%, Total=4370.2%
      LS DDStop:    Sharpe=3.03, MaxDD=-24.9%, Total=265.3%

🏆 Top 30 Features (CatBoost, last window):
      vix_close_chg_1d                         3.4
      btc_vol_24h                              3.2
      close_ma336_ratio                        3.0
      gk_vol_168h                              2.7
   📰 btc_beta_168h                            2.5
      oi_value_usd                             2.4
      close_ma12_ratio                         2.2
      close_ma6_ratio                          2.1
      breadth_pct_positive                     2.1
      close_ma720_ratio                        2.1
      spx_close_chg_1d                         2.0
      atr_48                                   1.9
      gk_vol_24h                               1.8
      vol_price_corr_48h                       1.6
   📰 funding_rate_binance                     1.5
      atr_24                                   1.5
      ret_std_168h                             1.4
      oi_zscore_7d                             1.4
      ret_sharpe_168h                          1.3
      ret_std_48h                              1.3
      gk_vol_48h                               1.2
      vol_trend_12_48                          1.1
      vol_12h_cs_rank                          1.1
      ls_divergence                            1.0
      close_ma24_ratio                         1.0
   📰 market_funding_std                       1.0
      regime_breadth_bullish                   1.0
   📰 funding_vs_market                        1.0
      ret_sharpe_24h                           1.0
   📰 btc_beta_48h                             0.9

   📰 Sentiment features in top 30: 5/30

======================================================================
  FINAL SUMMARY — CatBoost (12h target)
======================================================================
   Rank IC (avg):            +0.0454
   Rank ICIR (avg):          +0.5154
   LS Sharpe net (avg):      +1.66
   LS MaxDD net (avg):       -89.4%
   LS VolTarget Sharpe:      +2.92
   LS DDStop Sharpe:         +3.03
   Cost model:               0.03% taker + 0.01% slip + 0.005%/8h funding
======================================================================
🟡 DECENT — CatBoost adds diversity, useful as ensemble member.

✅ Results saved to results/mega_comparison/models/WinC_train2025H1/catboost_no_news/
   Models: cb_model_seed_*.cbm
   Run ensemble: python run_fast_sim.py --ensemble --leverage 3 --rebal 24 --edge-boost
[23:19:48]    ✅ Done: catboost_no_news (240s)
[23:19:48] 🧠 Training: WinC_train2025H1 / catboost_market_news
[23:19:48]    train_end=2025-06-30  val_end=2025-12-24
[23:19:48]    flags: --news-mode market-only
======================================================================
  CATBOOST CRYPTO ALPHA MODEL
  12h Target + Ordered Boosting + Walk-Forward
======================================================================

📊 Loading data...
   Shape: (2565321, 107), Symbols: 50
   🎯 Adding targets...
   🌐 Adding cross-asset features...
   🔰 Adding advanced regime features...
   🕐 Adding 12h-specific features...
   ✅ Added ~10 features for 12h holding period
   📅 Adding calendar features...
   ✅ Added 9 calendar features
   🏛️ Adding macro features...
      Macro raw: 9 cols, derived: 29, total new: 38
   📰 Adding sentiment features... (news_mode=market-only)
      FNG: 2018-02-01 → 2026-03-11, mean=48.3
      Funding: 96,393 non-zero rows (3.8%)
      LS ratio: 0 non-missing rows
      Synthetic positioning features...
      Loading news features (mode=market-only)...
      + market-level news: 7 features
      📊 Coverage: 2,228,238/2,565,321 rows (86.9%)
      📰 Events: 1,986,990/2,228,238 covered rows (89.2%) have news
      🕳️  Holes: 337,083 rows = NaN (not 0!)
   ✅ Sentiment features added: 175 → 204 total
   📊 Adding derivatives features (Binance Futures)...
      Loaded metrics: 1,800,870 rows, 50 symbols, 2021-12-01 → 2026-03-12
      OI: 1,785,559 rows (69.6%), 9 features
      Taker: 1,648,976 rows (64.3%), 6 features
      Top L/S: 1,433,710 rows (55.9%), 5 features
      Global L/S: 3 features
      Binance funding: 2,239,209 rows (87.3%)
      Funding surprise: computed from OKX funding data
      Market-wide aggregates: 4 features
      Basis/Premium: 448,115 rows (17.5%), 6 features
      ⚠️  No liquidation data (run download_binance_futures.py)
      DVOL: 13 features (BTC range: 2021-04-01 → 2026-03-15)
   ✅ Derivatives features: +48 features
   Features: 252
   📐 Cross-sectional rank normalization...
   ✅ Ranked 167 CS features, preserved 85 unranked
   Final shape: (2564721, 271)
   Date range: 2017-09-16 09:00:00+00:00 → 2026-03-07 03:00:00+00:00

🔴 PRODUCTION MODE — max training data, models go to live trading
   Train: start → 2025-06-30
   Val:   2025-07-08 → 2025-12-24
   Test:  (none — live trading)

======================================================================
  ROLLING WALK-FORWARD (1 windows)
======================================================================

──────────────────────────────────────────────────────────────────────
  Window 1/1: PROD (max data)
  Train: → 2025-06-30
  Val:   2025-07-08 → 2025-12-24
  Test:  2025-12-24 → 2026-12-31
──────────────────────────────────────────────────────────────────────
   Train: 2,280,889 | Val: 192,107 | Test: 82,509
0:	learn: 0.2888322	test: 0.2886230	best: 0.2886230 (0)	total: 15.6ms	remaining: 1m 18s
200:	learn: 0.2868497	test: 0.2874569	best: 0.2874569 (200)	total: 1.76s	remaining: 42s
400:	learn: 0.2862090	test: 0.2872000	best: 0.2872000 (400)	total: 3.53s	remaining: 40.4s
600:	learn: 0.2857232	test: 0.2871117	best: 0.2871110 (595)	total: 5.28s	remaining: 38.7s
800:	learn: 0.2852914	test: 0.2870636	best: 0.2870633 (793)	total: 7.03s	remaining: 36.8s
1000:	learn: 0.2848881	test: 0.2870309	best: 0.2870299 (999)	total: 8.79s	remaining: 35.1s
1200:	learn: 0.2845110	test: 0.2870198	best: 0.2870192 (1175)	total: 10.5s	remaining: 33.3s
bestTest = 0.2870166813
bestIteration = 1213
Shrink model to first 1214 iterations.
   🔪 Feature selection: 252 → 201

   🌱 CatBoost multi-seed ensemble (5 seeds)...
      Seed 42 (1/5)... 0:	learn: 0.2888322	test: 0.2886230	best: 0.2886230 (0)	total: 7.63ms	remaining: 38.1s
200:	learn: 0.2868410	test: 0.2874077	best: 0.2874077 (200)	total: 1.48s	remaining: 35.4s
400:	learn: 0.2862045	test: 0.2871571	best: 0.2871571 (400)	total: 3s	remaining: 34.4s
600:	learn: 0.2857114	test: 0.2870523	best: 0.2870496 (595)	total: 4.52s	remaining: 33.1s
800:	learn: 0.2852750	test: 0.2870324	best: 0.2870303 (755)	total: 6.05s	remaining: 31.7s
1000:	learn: 0.2848754	test: 0.2869945	best: 0.2869932 (992)	total: 7.55s	remaining: 30.2s
bestTest = 0.286992407
bestIteration = 1008
Shrink model to first 1009 iterations.
iters=1008
      Seed 123 (2/5)... 0:	learn: 0.2888322	test: 0.2886224	best: 0.2886224 (0)	total: 7.35ms	remaining: 36.7s
200:	learn: 0.2868431	test: 0.2874186	best: 0.2874186 (200)	total: 1.49s	remaining: 35.5s
400:	learn: 0.2862057	test: 0.2871582	best: 0.2871582 (400)	total: 3.02s	remaining: 34.6s
600:	learn: 0.2857212	test: 0.2870667	best: 0.2870664 (595)	total: 4.54s	remaining: 33.2s
800:	learn: 0.2852784	test: 0.2870133	best: 0.2870070 (777)	total: 6.04s	remaining: 31.7s
bestTest = 0.2869873854
bestIteration = 891
Shrink model to first 892 iterations.
iters=891
      Seed 456 (3/5)... 0:	learn: 0.2888320	test: 0.2886236	best: 0.2886236 (0)	total: 7.86ms	remaining: 39.3s
200:	learn: 0.2868350	test: 0.2874543	best: 0.2874543 (200)	total: 1.49s	remaining: 35.6s
400:	learn: 0.2862128	test: 0.2872072	best: 0.2872072 (399)	total: 3s	remaining: 34.5s
600:	learn: 0.2857183	test: 0.2870974	best: 0.2870960 (597)	total: 4.5s	remaining: 32.9s
800:	learn: 0.2852889	test: 0.2870557	best: 0.2870548 (798)	total: 6.01s	remaining: 31.5s
1000:	learn: 0.2848827	test: 0.2870484	best: 0.2870456 (964)	total: 7.53s	remaining: 30.1s
1200:	learn: 0.2845045	test: 0.2870348	best: 0.2870257 (1115)	total: 9.02s	remaining: 28.5s
bestTest = 0.2870257051
bestIteration = 1115
Shrink model to first 1116 iterations.
iters=1115
      Seed 789 (4/5)... 0:	learn: 0.2888323	test: 0.2886232	best: 0.2886232 (0)	total: 8ms	remaining: 40s
200:	learn: 0.2868373	test: 0.2874346	best: 0.2874346 (200)	total: 1.49s	remaining: 35.7s
400:	learn: 0.2862043	test: 0.2871905	best: 0.2871905 (400)	total: 3s	remaining: 34.4s
600:	learn: 0.2857177	test: 0.2870931	best: 0.2870924 (590)	total: 4.52s	remaining: 33.1s
800:	learn: 0.2852764	test: 0.2870479	best: 0.2870443 (757)	total: 6.02s	remaining: 31.6s
1000:	learn: 0.2848816	test: 0.2870320	best: 0.2870315 (927)	total: 7.53s	remaining: 30.1s
1200:	learn: 0.2845041	test: 0.2870158	best: 0.2870154 (1176)	total: 9s	remaining: 28.5s
1400:	learn: 0.2841348	test: 0.2870198	best: 0.2870056 (1323)	total: 10.5s	remaining: 26.9s
bestTest = 0.2870056293
bestIteration = 1323
Shrink model to first 1324 iterations.
iters=1323
      Seed 2024 (5/5)... 0:	learn: 0.2888324	test: 0.2886228	best: 0.2886228 (0)	total: 7.86ms	remaining: 39.3s
200:	learn: 0.2868345	test: 0.2874232	best: 0.2874232 (200)	total: 1.48s	remaining: 35.3s
400:	learn: 0.2862029	test: 0.2871724	best: 0.2871724 (400)	total: 2.99s	remaining: 34.3s
600:	learn: 0.2857190	test: 0.2870486	best: 0.2870485 (599)	total: 4.5s	remaining: 32.9s
800:	learn: 0.2852783	test: 0.2869984	best: 0.2869980 (791)	total: 6.01s	remaining: 31.5s
bestTest = 0.2869881471
bestIteration = 829
Shrink model to first 830 iterations.
iters=829
   💾 Saved 5 CatBoost models + feature names

   📈 Window 1 Results:
      IC                             0.0136
      Rank_IC                        0.0453
      ICIR                           0.2862
      Rank_ICIR                      0.5269
      LS_Sharpe_raw                  2.87
      LS_Sharpe_net                  1.66
      LS_Ann_Return_net_%            71.1
      LS_MaxDD_net_%                 -89.9
      LS_Total_net_%                 341.7
      LS_VolTarget_Sharpe            3.0
      LS_VolTarget_MaxDD_%           -94.3
      LS_VolTarget_Total_%           4911.6
      LS_DDStop_Sharpe               3.19
      LS_DDStop_MaxDD_%              -24.4
      LS_DDStop_Total_%              296.9
      LO5_Sharpe                     -1.14
      LO10_Sharpe                    -1.53
      N_periods                      1756
      Cost_per_period_bps            3.5

======================================================================
  AGGREGATE RESULTS (1 windows)
======================================================================

   📈 Combined Results (all windows):
      Periods: 1756
      LS Net:       Sharpe=1.66, MaxDD=-89.9%, Total=341.7%
      LS VolTarget: Sharpe=3.00, MaxDD=-94.3%, Total=4911.6%
      LS DDStop:    Sharpe=3.19, MaxDD=-24.4%, Total=296.9%

🏆 Top 30 Features (CatBoost, last window):
      vix_close_chg_1d                         3.5
      btc_vol_24h                              3.5
      gk_vol_168h                              3.2
      close_ma336_ratio                        3.1
      close_ma6_ratio                          2.7
      close_ma12_ratio                         2.6
      atr_48                                   2.4
      breadth_pct_positive                     2.3
      oi_value_usd                             2.2
      spx_close_chg_1d                         2.2
      close_ma720_ratio                        2.1
      gk_vol_24h                               2.0
   📰 btc_beta_168h                            2.0
      vol_price_corr_48h                       1.9
      oi_zscore_7d                             1.6
      ret_std_48h                              1.5
      btc_ret_1h                               1.4
   📰 funding_rate_binance                     1.4
      regime_breadth_bullish                   1.3
      ret_sharpe_168h                          1.3
      atr_24                                   1.3
      gk_vol_48h                               1.2
      ret_std_168h                             1.2
      vol_trend_12_48                          1.1
      close_ma24_ratio                         1.1
   📰 market_funding_std                       1.0
      ls_divergence                            1.0
   📰 funding_vs_market                        1.0
      mom_accel_12h                            0.9
      agg_taker_imbalance                      0.9

   📰 Sentiment features in top 30: 4/30

======================================================================
  FINAL SUMMARY — CatBoost (12h target)
======================================================================
   Rank IC (avg):            +0.0453
   Rank ICIR (avg):          +0.5269
   LS Sharpe net (avg):      +1.66
   LS MaxDD net (avg):       -89.9%
   LS VolTarget Sharpe:      +3.00
   LS DDStop Sharpe:         +3.19
   Cost model:               0.03% taker + 0.01% slip + 0.005%/8h funding
======================================================================
🟡 DECENT — CatBoost adds diversity, useful as ensemble member.

✅ Results saved to results/mega_comparison/models/WinC_train2025H1/catboost_market_news/
   Models: cb_model_seed_*.cbm
   Run ensemble: python run_fast_sim.py --ensemble --leverage 3 --rebal 24 --edge-boost
[23:23:53]    ✅ Done: catboost_market_news (245s)
[23:23:53] 🧠 Training: WinC_train2025H1 / catboost_no_deriv
[23:23:53]    train_end=2025-06-30  val_end=2025-12-24
[23:23:53]    flags: --no-news --no-derivatives
======================================================================
  CATBOOST CRYPTO ALPHA MODEL
  12h Target + Ordered Boosting + Walk-Forward
======================================================================

📊 Loading data...
   Shape: (2565321, 107), Symbols: 50
   🎯 Adding targets...
   🌐 Adding cross-asset features...
   🔰 Adding advanced regime features...
   🕐 Adding 12h-specific features...
   ✅ Added ~10 features for 12h holding period
   📅 Adding calendar features...
   ✅ Added 9 calendar features
   🏛️ Adding macro features...
      Macro raw: 9 cols, derived: 29, total new: 38
   📰 Adding sentiment features... (news_mode=none)
      FNG: 2018-02-01 → 2026-03-11, mean=48.3
      Funding: 96,393 non-zero rows (3.8%)
      LS ratio: 0 non-missing rows
      Synthetic positioning features...
      ⏭️  Skipping news features (news_mode=none)
   ✅ Sentiment features added: 175 → 200 total
   ⏭️  Skipping derivatives features (--no-derivatives)
   Features: 200
   📐 Cross-sectional rank normalization...
   ✅ Ranked 132 CS features, preserved 68 unranked
   Final shape: (2564721, 219)
   Date range: 2017-09-16 09:00:00+00:00 → 2026-03-07 03:00:00+00:00

🔴 PRODUCTION MODE — max training data, models go to live trading
   Train: start → 2025-06-30
   Val:   2025-07-08 → 2025-12-24
   Test:  (none — live trading)

======================================================================
  ROLLING WALK-FORWARD (1 windows)
======================================================================

──────────────────────────────────────────────────────────────────────
  Window 1/1: PROD (max data)
  Train: → 2025-06-30
  Val:   2025-07-08 → 2025-12-24
  Test:  2025-12-24 → 2026-12-31
──────────────────────────────────────────────────────────────────────
   Train: 2,280,889 | Val: 192,107 | Test: 82,509
0:	learn: 0.2888327	test: 0.2886247	best: 0.2886247 (0)	total: 13.2ms	remaining: 1m 5s
200:	learn: 0.2868662	test: 0.2874520	best: 0.2874520 (200)	total: 1.47s	remaining: 35s
400:	learn: 0.2862587	test: 0.2872019	best: 0.2872019 (400)	total: 2.95s	remaining: 33.9s
600:	learn: 0.2857970	test: 0.2871081	best: 0.2871081 (600)	total: 4.44s	remaining: 32.5s
800:	learn: 0.2853848	test: 0.2870405	best: 0.2870405 (800)	total: 5.95s	remaining: 31.2s
1000:	learn: 0.2850056	test: 0.2870039	best: 0.2870039 (1000)	total: 7.43s	remaining: 29.7s
1200:	learn: 0.2846615	test: 0.2869963	best: 0.2869958 (1197)	total: 8.91s	remaining: 28.2s
bestTest = 0.2869923716
bestIteration = 1218
Shrink model to first 1219 iterations.
   🔪 Feature selection: 200 → 160

   🌱 CatBoost multi-seed ensemble (5 seeds)...
      Seed 42 (1/5)... 0:	learn: 0.2888327	test: 0.2886229	best: 0.2886229 (0)	total: 6.47ms	remaining: 32.3s
200:	learn: 0.2868545	test: 0.2874214	best: 0.2874214 (200)	total: 1.29s	remaining: 30.8s
400:	learn: 0.2862511	test: 0.2871738	best: 0.2871738 (400)	total: 2.6s	remaining: 29.9s
600:	learn: 0.2857963	test: 0.2870715	best: 0.2870707 (587)	total: 3.92s	remaining: 28.7s
800:	learn: 0.2853909	test: 0.2870265	best: 0.2870261 (799)	total: 5.23s	remaining: 27.4s
1000:	learn: 0.2850167	test: 0.2870069	best: 0.2870069 (1000)	total: 6.54s	remaining: 26.1s
1200:	learn: 0.2846493	test: 0.2870053	best: 0.2869995 (1107)	total: 7.84s	remaining: 24.8s
bestTest = 0.2869995274
bestIteration = 1107
Shrink model to first 1108 iterations.
iters=1107
      Seed 123 (2/5)... 0:	learn: 0.2888321	test: 0.2886248	best: 0.2886248 (0)	total: 6.88ms	remaining: 34.4s
200:	learn: 0.2868580	test: 0.2874189	best: 0.2874189 (200)	total: 1.29s	remaining: 30.7s
400:	learn: 0.2862524	test: 0.2871701	best: 0.2871701 (400)	total: 2.59s	remaining: 29.7s
600:	learn: 0.2857877	test: 0.2870704	best: 0.2870704 (600)	total: 3.88s	remaining: 28.4s
800:	learn: 0.2853785	test: 0.2870226	best: 0.2870223 (756)	total: 5.19s	remaining: 27.2s
1000:	learn: 0.2850060	test: 0.2869991	best: 0.2869980 (974)	total: 6.5s	remaining: 26s
bestTest = 0.2869938063
bestIteration = 1077
Shrink model to first 1078 iterations.
iters=1077
      Seed 456 (3/5)... 0:	learn: 0.2888325	test: 0.2886223	best: 0.2886223 (0)	total: 6.89ms	remaining: 34.4s
200:	learn: 0.2868585	test: 0.2874205	best: 0.2874205 (200)	total: 1.28s	remaining: 30.6s
400:	learn: 0.2862576	test: 0.2871736	best: 0.2871736 (400)	total: 2.58s	remaining: 29.6s
600:	learn: 0.2857921	test: 0.2870734	best: 0.2870734 (600)	total: 3.88s	remaining: 28.4s
800:	learn: 0.2853821	test: 0.2870289	best: 0.2870236 (780)	total: 5.18s	remaining: 27.2s
bestTest = 0.2870193823
bestIteration = 884
Shrink model to first 885 iterations.
iters=884
      Seed 789 (4/5)... 0:	learn: 0.2888324	test: 0.2886233	best: 0.2886233 (0)	total: 6.58ms	remaining: 32.9s
200:	learn: 0.2868641	test: 0.2874330	best: 0.2874330 (200)	total: 1.27s	remaining: 30.4s
400:	learn: 0.2862470	test: 0.2871803	best: 0.2871803 (400)	total: 2.58s	remaining: 29.7s
600:	learn: 0.2857865	test: 0.2870852	best: 0.2870850 (597)	total: 3.89s	remaining: 28.4s
800:	learn: 0.2853800	test: 0.2870287	best: 0.2870270 (795)	total: 5.17s	remaining: 27.1s
1000:	learn: 0.2850022	test: 0.2870101	best: 0.2870081 (946)	total: 6.46s	remaining: 25.8s
bestTest = 0.2870081001
bestIteration = 946
Shrink model to first 947 iterations.
iters=946
      Seed 2024 (5/5)... 0:	learn: 0.2888319	test: 0.2886237	best: 0.2886237 (0)	total: 6.58ms	remaining: 32.9s
200:	learn: 0.2868595	test: 0.2874268	best: 0.2874268 (200)	total: 1.29s	remaining: 30.7s
400:	learn: 0.2862563	test: 0.2871686	best: 0.2871686 (400)	total: 2.59s	remaining: 29.7s
600:	learn: 0.2858009	test: 0.2870721	best: 0.2870717 (598)	total: 3.89s	remaining: 28.5s
800:	learn: 0.2853931	test: 0.2870480	best: 0.2870480 (800)	total: 5.2s	remaining: 27.3s
1000:	learn: 0.2850114	test: 0.2870224	best: 0.2870217 (997)	total: 6.49s	remaining: 25.9s
bestTest = 0.2870103938
bestIteration = 1068
Shrink model to first 1069 iterations.
iters=1068
   💾 Saved 5 CatBoost models + feature names

   📈 Window 1 Results:
      IC                             0.0122
      Rank_IC                        0.0399
      ICIR                           0.247
      Rank_ICIR                      0.4574
      LS_Sharpe_raw                  2.75
      LS_Sharpe_net                  1.5
      LS_Ann_Return_net_%            62.0
      LS_MaxDD_net_%                 -85.9
      LS_Total_net_%                 260.2
      LS_VolTarget_Sharpe            2.62
      LS_VolTarget_MaxDD_%           -92.0
      LS_VolTarget_Total_%           2637.1
      LS_DDStop_Sharpe               2.7
      LS_DDStop_MaxDD_%              -24.7
      LS_DDStop_Total_%              230.2
      LO5_Sharpe                     -1.63
      LO10_Sharpe                    -1.65
      N_periods                      1756
      Cost_per_period_bps            3.5

======================================================================
  AGGREGATE RESULTS (1 windows)
======================================================================

   📈 Combined Results (all windows):
      Periods: 1756
      LS Net:       Sharpe=1.50, MaxDD=-85.9%, Total=260.2%
      LS VolTarget: Sharpe=2.62, MaxDD=-92.0%, Total=2637.1%
      LS DDStop:    Sharpe=2.70, MaxDD=-24.7%, Total=230.2%

🏆 Top 30 Features (CatBoost, last window):
      btc_vol_24h                              4.0
      close_ma336_ratio                        3.6
      vix_close_chg_1d                         3.5
      gk_vol_168h                              3.0
   📰 btc_beta_168h                            2.6
      close_ma720_ratio                        2.6
      spx_close_chg_1d                         2.5
      close_ma6_ratio                          2.3
      close_ma12_ratio                         2.3
      atr_48                                   2.1
      breadth_pct_positive                     2.1
      gk_vol_24h                               2.0
      vol_price_corr_48h                       1.8
      ret_sharpe_168h                          1.7
   📰 long_short_ratio                         1.6
      ret_std_48h                              1.5
      ret_std_168h                             1.5
      vol_12h_cs_rank                          1.4
      gk_vol_48h                               1.3
      atr_24                                   1.3
   📰 market_funding_std                       1.3
   📰 market_dispersion                        1.2
      regime_breadth_bullish                   1.2
      ret_sharpe_24h                           1.1
      vol_trend_12_48                          1.1
   📰 funding_vs_market                        1.0
      macd_signal                              1.0
   📰 fng_momentum                             1.0
   📰 btc_beta_48h                             0.9
      gold_close                               0.9

   📰 Sentiment features in top 30: 7/30

======================================================================
  FINAL SUMMARY — CatBoost (12h target)
======================================================================
   Rank IC (avg):            +0.0399
   Rank ICIR (avg):          +0.4574
   LS Sharpe net (avg):      +1.50
   LS MaxDD net (avg):       -85.9%
   LS VolTarget Sharpe:      +2.62
   LS DDStop Sharpe:         +2.70
   Cost model:               0.03% taker + 0.01% slip + 0.005%/8h funding
======================================================================
🟡 DECENT — CatBoost adds diversity, useful as ensemble member.

✅ Results saved to results/mega_comparison/models/WinC_train2025H1/catboost_no_deriv/
   Models: cb_model_seed_*.cbm
   Run ensemble: python run_fast_sim.py --ensemble --leverage 3 --rebal 24 --edge-boost
[23:26:51]    ✅ Done: catboost_no_deriv (178s)
[23:26:51] 🧠 Training: WinC_train2025H1 / catboost_news_no_deriv
[23:26:51]    train_end=2025-06-30  val_end=2025-12-24
[23:26:51]    flags: --news-mode all --no-derivatives
======================================================================
  CATBOOST CRYPTO ALPHA MODEL
  12h Target + Ordered Boosting + Walk-Forward
======================================================================

📊 Loading data...
   Shape: (2565321, 107), Symbols: 50
   🎯 Adding targets...
   🌐 Adding cross-asset features...
   🔰 Adding advanced regime features...
   🕐 Adding 12h-specific features...
   ✅ Added ~10 features for 12h holding period
   📅 Adding calendar features...
   ✅ Added 9 calendar features
   🏛️ Adding macro features...
      Macro raw: 9 cols, derived: 29, total new: 38
   📰 Adding sentiment features... (news_mode=all)
      FNG: 2018-02-01 → 2026-03-11, mean=48.3
      Funding: 96,393 non-zero rows (3.8%)
      LS ratio: 0 non-missing rows
      Synthetic positioning features...
      Loading news features (mode=all)...
      + coin-level news: 8 features
      + market-level news: 7 features
      📊 Coverage: 2,228,238/2,565,321 rows (86.9%)
      📰 Events: 1,100,564/2,228,238 covered rows (49.4%) have news
      🕳️  Holes: 337,083 rows = NaN (not 0!)
   ✅ Sentiment features added: 175 → 212 total
   ⏭️  Skipping derivatives features (--no-derivatives)
   Features: 212
   📐 Cross-sectional rank normalization...
   ✅ Ranked 137 CS features, preserved 75 unranked
   Final shape: (2564721, 231)
   Date range: 2017-09-16 09:00:00+00:00 → 2026-03-07 03:00:00+00:00

🔴 PRODUCTION MODE — max training data, models go to live trading
   Train: start → 2025-06-30
   Val:   2025-07-08 → 2025-12-24
   Test:  (none — live trading)

======================================================================
  ROLLING WALK-FORWARD (1 windows)
======================================================================

──────────────────────────────────────────────────────────────────────
  Window 1/1: PROD (max data)
  Train: → 2025-06-30
  Val:   2025-07-08 → 2025-12-24
  Test:  2025-12-24 → 2026-12-31
──────────────────────────────────────────────────────────────────────
   Train: 2,280,889 | Val: 192,107 | Test: 82,509
0:	learn: 0.2888326	test: 0.2886235	best: 0.2886235 (0)	total: 13.2ms	remaining: 1m 6s
200:	learn: 0.2868484	test: 0.2874034	best: 0.2874034 (200)	total: 1.47s	remaining: 35.2s
400:	learn: 0.2862324	test: 0.2871064	best: 0.2871064 (400)	total: 2.95s	remaining: 33.8s
600:	learn: 0.2857653	test: 0.2870031	best: 0.2870031 (600)	total: 4.43s	remaining: 32.5s
800:	learn: 0.2853552	test: 0.2869575	best: 0.2869575 (800)	total: 5.93s	remaining: 31.1s
1000:	learn: 0.2849715	test: 0.2869283	best: 0.2869280 (998)	total: 7.41s	remaining: 29.6s
bestTest = 0.2869280404
bestIteration = 998
Shrink model to first 999 iterations.
   🔪 Feature selection: 212 → 169

   🌱 CatBoost multi-seed ensemble (5 seeds)...
      Seed 42 (1/5)... 0:	learn: 0.2888327	test: 0.2886236	best: 0.2886236 (0)	total: 6.51ms	remaining: 32.6s
200:	learn: 0.2868458	test: 0.2873887	best: 0.2873887 (200)	total: 1.29s	remaining: 30.8s
400:	learn: 0.2862326	test: 0.2871238	best: 0.2871238 (400)	total: 2.59s	remaining: 29.7s
600:	learn: 0.2857775	test: 0.2870261	best: 0.2870257 (597)	total: 3.88s	remaining: 28.4s
800:	learn: 0.2853614	test: 0.2869554	best: 0.2869550 (796)	total: 5.18s	remaining: 27.1s
1000:	learn: 0.2849717	test: 0.2869291	best: 0.2869241 (972)	total: 6.48s	remaining: 25.9s
bestTest = 0.2869241339
bestIteration = 972
Shrink model to first 973 iterations.
iters=972
      Seed 123 (2/5)... 0:	learn: 0.2888321	test: 0.2886230	best: 0.2886230 (0)	total: 6.83ms	remaining: 34.2s
200:	learn: 0.2868440	test: 0.2873914	best: 0.2873914 (200)	total: 1.27s	remaining: 30.3s
400:	learn: 0.2862349	test: 0.2871535	best: 0.2871535 (400)	total: 2.56s	remaining: 29.3s
600:	learn: 0.2857729	test: 0.2870477	best: 0.2870477 (600)	total: 3.86s	remaining: 28.3s
800:	learn: 0.2853576	test: 0.2869955	best: 0.2869955 (800)	total: 5.15s	remaining: 27s
1000:	learn: 0.2849668	test: 0.2869778	best: 0.2869759 (934)	total: 6.45s	remaining: 25.7s
bestTest = 0.2869759248
bestIteration = 934
Shrink model to first 935 iterations.
iters=934
      Seed 456 (3/5)... 0:	learn: 0.2888343	test: 0.2886254	best: 0.2886254 (0)	total: 6.97ms	remaining: 34.8s
200:	learn: 0.2868478	test: 0.2874065	best: 0.2874065 (200)	total: 1.28s	remaining: 30.7s
400:	learn: 0.2862423	test: 0.2871299	best: 0.2871299 (400)	total: 2.58s	remaining: 29.6s
600:	learn: 0.2857799	test: 0.2870258	best: 0.2870248 (596)	total: 3.88s	remaining: 28.4s
800:	learn: 0.2853657	test: 0.2869741	best: 0.2869741 (800)	total: 5.17s	remaining: 27.1s
1000:	learn: 0.2849820	test: 0.2869556	best: 0.2869505 (981)	total: 6.47s	remaining: 25.9s
bestTest = 0.2869504512
bestIteration = 981
Shrink model to first 982 iterations.
iters=981
      Seed 789 (4/5)... 0:	learn: 0.2888324	test: 0.2886233	best: 0.2886233 (0)	total: 6.57ms	remaining: 32.9s
200:	learn: 0.2868469	test: 0.2873846	best: 0.2873846 (200)	total: 1.28s	remaining: 30.7s
400:	learn: 0.2862483	test: 0.2871214	best: 0.2871214 (400)	total: 2.59s	remaining: 29.7s
600:	learn: 0.2857858	test: 0.2870205	best: 0.2870205 (600)	total: 3.89s	remaining: 28.5s
800:	learn: 0.2853674	test: 0.2869772	best: 0.2869754 (763)	total: 5.18s	remaining: 27.2s
bestTest = 0.2869754022
bestIteration = 763
Shrink model to first 764 iterations.
iters=763
      Seed 2024 (5/5)... 0:	learn: 0.2888319	test: 0.2886241	best: 0.2886241 (0)	total: 6.79ms	remaining: 33.9s
200:	learn: 0.2868473	test: 0.2873943	best: 0.2873943 (200)	total: 1.28s	remaining: 30.5s
400:	learn: 0.2862315	test: 0.2871312	best: 0.2871312 (400)	total: 2.57s	remaining: 29.5s
600:	learn: 0.2857747	test: 0.2870151	best: 0.2870151 (600)	total: 3.86s	remaining: 28.3s
800:	learn: 0.2853582	test: 0.2869654	best: 0.2869654 (800)	total: 5.16s	remaining: 27.1s
1000:	learn: 0.2849668	test: 0.2869472	best: 0.2869413 (977)	total: 6.46s	remaining: 25.8s
bestTest = 0.2869392638
bestIteration = 1080
Shrink model to first 1081 iterations.
iters=1080
   💾 Saved 5 CatBoost models + feature names

   📈 Window 1 Results:
      IC                             0.0121
      Rank_IC                        0.0412
      ICIR                           0.2636
      Rank_ICIR                      0.5016
      LS_Sharpe_raw                  2.6
      LS_Sharpe_net                  1.38
      LS_Ann_Return_net_%            58.6
      LS_MaxDD_net_%                 -87.8
      LS_Total_net_%                 228.2
      LS_VolTarget_Sharpe            2.5
      LS_VolTarget_MaxDD_%           -92.9
      LS_VolTarget_Total_%           2252.6
      LS_DDStop_Sharpe               2.08
      LS_DDStop_MaxDD_%              -25.0
      LS_DDStop_Total_%              137.5
      LO5_Sharpe                     -1.39
      LO10_Sharpe                    -1.57
      N_periods                      1756
      Cost_per_period_bps            3.5

======================================================================
  AGGREGATE RESULTS (1 windows)
======================================================================

   📈 Combined Results (all windows):
      Periods: 1756
      LS Net:       Sharpe=1.38, MaxDD=-87.8%, Total=228.2%
      LS VolTarget: Sharpe=2.50, MaxDD=-92.9%, Total=2252.6%
      LS DDStop:    Sharpe=2.08, MaxDD=-25.0%, Total=137.5%

🏆 Top 30 Features (CatBoost, last window):
      vix_close_chg_1d                         3.6
      close_ma336_ratio                        3.3
      btc_vol_24h                              3.2
      gk_vol_168h                              3.1
   📰 btc_beta_168h                            2.5
      close_ma720_ratio                        2.5
      close_ma6_ratio                          2.3
      close_ma12_ratio                         2.2
      spx_close_chg_1d                         2.2
      atr_48                                   2.2
      breadth_pct_positive                     2.2
      gk_vol_24h                               2.0
      news_count_7d                            1.8
      vol_price_corr_48h                       1.8
      ret_sharpe_168h                          1.5
      ret_std_48h                              1.5
   📰 funding_vs_market                        1.4
      vol_12h_cs_rank                          1.3
      gk_vol_48h                               1.3
      ret_std_168h                             1.3
   📰 market_funding_std                       1.3
   📰 market_dispersion                        1.2
      ret_sharpe_24h                           1.1
      atr_24                                   1.1
      news_count_24h                           1.1
      news_coverage_ok                         1.1
      regime_breadth_bullish                   1.1
      vol_trend_12_48                          1.0
   📰 fng_momentum                             1.0
   📰 long_short_ratio                         1.0

   📰 Sentiment features in top 30: 6/30

======================================================================
  FINAL SUMMARY — CatBoost (12h target)
======================================================================
   Rank IC (avg):            +0.0412
   Rank ICIR (avg):          +0.5016
   LS Sharpe net (avg):      +1.38
   LS MaxDD net (avg):       -87.8%
   LS VolTarget Sharpe:      +2.50
   LS DDStop Sharpe:         +2.08
   Cost model:               0.03% taker + 0.01% slip + 0.005%/8h funding
======================================================================
🟡 DECENT — CatBoost adds diversity, useful as ensemble member.

✅ Results saved to results/mega_comparison/models/WinC_train2025H1/catboost_news_no_deriv/
   Models: cb_model_seed_*.cbm
   Run ensemble: python run_fast_sim.py --ensemble --leverage 3 --rebal 24 --edge-boost
[23:29:47]    ✅ Done: catboost_news_no_deriv (176s)
[23:29:47] 🧠 Training: WinC_train2025H1 / catboost_huber
[23:29:47]    train_end=2025-06-30  val_end=2025-12-24
[23:29:47]    flags: --no-news --huber --huber-delta 1.0
======================================================================
  CATBOOST CRYPTO ALPHA MODEL
  12h Target + Ordered Boosting + Walk-Forward
======================================================================

📊 Loading data...
   Shape: (2565321, 107), Symbols: 50
   🎯 Adding targets...
   🌐 Adding cross-asset features...
   🔰 Adding advanced regime features...
   🕐 Adding 12h-specific features...
   ✅ Added ~10 features for 12h holding period
   📅 Adding calendar features...
   ✅ Added 9 calendar features
   🏛️ Adding macro features...
      Macro raw: 9 cols, derived: 29, total new: 38
   📰 Adding sentiment features... (news_mode=none)
      FNG: 2018-02-01 → 2026-03-11, mean=48.3
      Funding: 96,393 non-zero rows (3.8%)
      LS ratio: 0 non-missing rows
      Synthetic positioning features...
      ⏭️  Skipping news features (news_mode=none)
   ✅ Sentiment features added: 175 → 200 total
   📊 Adding derivatives features (Binance Futures)...
      Loaded metrics: 1,800,870 rows, 50 symbols, 2021-12-01 → 2026-03-12
      OI: 1,785,559 rows (69.6%), 9 features
      Taker: 1,648,976 rows (64.3%), 6 features
      Top L/S: 1,433,710 rows (55.9%), 5 features
      Global L/S: 3 features
      Binance funding: 2,239,209 rows (87.3%)
      Funding surprise: computed from OKX funding data
      Market-wide aggregates: 4 features
      Basis/Premium: 448,115 rows (17.5%), 6 features
      ⚠️  No liquidation data (run download_binance_futures.py)
      DVOL: 13 features (BTC range: 2021-04-01 → 2026-03-15)
   ✅ Derivatives features: +48 features
   Features: 248
   📐 Cross-sectional rank normalization...
   ✅ Ranked 167 CS features, preserved 81 unranked
   Final shape: (2564721, 267)
   Date range: 2017-09-16 09:00:00+00:00 → 2026-03-07 03:00:00+00:00

🔴 PRODUCTION MODE — max training data, models go to live trading
   Train: start → 2025-06-30
   Val:   2025-07-08 → 2025-12-24
   Test:  (none — live trading)

======================================================================
  ROLLING WALK-FORWARD (1 windows)
======================================================================

──────────────────────────────────────────────────────────────────────
  Window 1/1: PROD (max data)
  Train: → 2025-06-30
  Val:   2025-07-08 → 2025-12-24
  Test:  2025-12-24 → 2026-12-31
──────────────────────────────────────────────────────────────────────
   Train: 2,280,889 | Val: 192,107 | Test: 82,509
   🛡️  Huber loss enabled (delta=1.0)
0:	learn: 0.5856820	test: 0.5817713	best: 0.5817713 (0)	total: 15.7ms	remaining: 1m 18s
200:	learn: 0.2952492	test: 0.2951315	best: 0.2951315 (200)	total: 1.76s	remaining: 42.1s
400:	learn: 0.2866740	test: 0.2874324	best: 0.2874324 (400)	total: 3.52s	remaining: 40.4s
600:	learn: 0.2859814	test: 0.2871549	best: 0.2871549 (600)	total: 5.31s	remaining: 38.9s
800:	learn: 0.2855048	test: 0.2870466	best: 0.2870463 (797)	total: 7.09s	remaining: 37.2s
1000:	learn: 0.2850763	test: 0.2870093	best: 0.2870088 (998)	total: 8.87s	remaining: 35.4s
bestTest = 0.287003185
bestIteration = 1069
Shrink model to first 1070 iterations.
   🔪 Feature selection: 248 → 198

   🌱 CatBoost multi-seed ensemble (5 seeds)...
      Seed 42 (1/5)... 0:	learn: 0.5857014	test: 0.5818681	best: 0.5818681 (0)	total: 6.47ms	remaining: 32.4s
200:	learn: 0.2952201	test: 0.2949933	best: 0.2949933 (200)	total: 1.4s	remaining: 33.4s
400:	learn: 0.2866608	test: 0.2874062	best: 0.2874062 (400)	total: 2.83s	remaining: 32.4s
600:	learn: 0.2859636	test: 0.2871762	best: 0.2871741 (596)	total: 4.27s	remaining: 31.2s
800:	learn: 0.2854821	test: 0.2870781	best: 0.2870778 (796)	total: 5.69s	remaining: 29.8s
1000:	learn: 0.2850619	test: 0.2870352	best: 0.2870342 (942)	total: 7.13s	remaining: 28.5s
1200:	learn: 0.2846791	test: 0.2870164	best: 0.2870135 (1152)	total: 8.56s	remaining: 27.1s
1400:	learn: 0.2843034	test: 0.2870138	best: 0.2869971 (1307)	total: 9.99s	remaining: 25.7s
bestTest = 0.2869971363
bestIteration = 1307
Shrink model to first 1308 iterations.
iters=1307
      Seed 123 (2/5)... 0:	learn: 0.5856842	test: 0.5817898	best: 0.5817898 (0)	total: 7.03ms	remaining: 35.1s
200:	learn: 0.2952391	test: 0.2948949	best: 0.2948949 (200)	total: 1.4s	remaining: 33.4s
400:	learn: 0.2866727	test: 0.2874115	best: 0.2874115 (400)	total: 2.81s	remaining: 32.3s
600:	learn: 0.2859747	test: 0.2871820	best: 0.2871820 (600)	total: 4.27s	remaining: 31.2s
800:	learn: 0.2854844	test: 0.2871012	best: 0.2870999 (797)	total: 5.7s	remaining: 29.9s
1000:	learn: 0.2850642	test: 0.2870746	best: 0.2870740 (999)	total: 7.13s	remaining: 28.5s
1200:	learn: 0.2846643	test: 0.2870656	best: 0.2870634 (1124)	total: 8.56s	remaining: 27.1s
bestTest = 0.2870634176
bestIteration = 1124
Shrink model to first 1125 iterations.
iters=1124
      Seed 456 (3/5)... 0:	learn: 0.5856822	test: 0.5818937	best: 0.5818937 (0)	total: 7.58ms	remaining: 37.9s
200:	learn: 0.2952179	test: 0.2950677	best: 0.2950677 (200)	total: 1.4s	remaining: 33.5s
400:	learn: 0.2866708	test: 0.2874087	best: 0.2874087 (400)	total: 2.82s	remaining: 32.4s
600:	learn: 0.2859683	test: 0.2871485	best: 0.2871485 (600)	total: 4.26s	remaining: 31.2s
800:	learn: 0.2854855	test: 0.2870682	best: 0.2870681 (799)	total: 5.7s	remaining: 29.9s
1000:	learn: 0.2850633	test: 0.2870325	best: 0.2870293 (952)	total: 7.14s	remaining: 28.5s
bestTest = 0.2870292561
bestIteration = 952
Shrink model to first 953 iterations.
iters=952
      Seed 789 (4/5)... 0:	learn: 0.5857006	test: 0.5818700	best: 0.5818700 (0)	total: 7.98ms	remaining: 39.9s
200:	learn: 0.2952370	test: 0.2950106	best: 0.2950106 (200)	total: 1.4s	remaining: 33.5s
400:	learn: 0.2866694	test: 0.2873917	best: 0.2873917 (400)	total: 2.81s	remaining: 32.2s
600:	learn: 0.2859823	test: 0.2871544	best: 0.2871537 (599)	total: 4.25s	remaining: 31.1s
800:	learn: 0.2855012	test: 0.2870770	best: 0.2870762 (798)	total: 5.7s	remaining: 29.9s
1000:	learn: 0.2850880	test: 0.2870473	best: 0.2870459 (989)	total: 7.15s	remaining: 28.5s
1200:	learn: 0.2846898	test: 0.2870243	best: 0.2870216 (1159)	total: 8.57s	remaining: 27.1s
bestTest = 0.2870215873
bestIteration = 1159
Shrink model to first 1160 iterations.
iters=1159
      Seed 2024 (5/5)... 0:	learn: 0.5856945	test: 0.5818681	best: 0.5818681 (0)	total: 7.72ms	remaining: 38.6s
200:	learn: 0.2952462	test: 0.2950782	best: 0.2950782 (200)	total: 1.39s	remaining: 33.2s
400:	learn: 0.2866714	test: 0.2874058	best: 0.2874058 (400)	total: 2.82s	remaining: 32.3s
600:	learn: 0.2859700	test: 0.2871326	best: 0.2871322 (599)	total: 4.27s	remaining: 31.3s
800:	learn: 0.2854926	test: 0.2870379	best: 0.2870376 (796)	total: 5.72s	remaining: 30s
1000:	learn: 0.2850667	test: 0.2870016	best: 0.2870012 (998)	total: 7.16s	remaining: 28.6s
bestTest = 0.2869918402
bestIteration = 1080
Shrink model to first 1081 iterations.
iters=1080
   💾 Saved 5 CatBoost models + feature names

   📈 Window 1 Results:
      IC                             0.0146
      Rank_IC                        0.047
      ICIR                           0.3009
      Rank_ICIR                      0.5422
      LS_Sharpe_raw                  2.89
      LS_Sharpe_net                  1.7
      LS_Ann_Return_net_%            74.3
      LS_MaxDD_net_%                 -89.6
      LS_Total_net_%                 373.3
      LS_VolTarget_Sharpe            2.9
      LS_VolTarget_MaxDD_%           -93.8
      LS_VolTarget_Total_%           4372.4
      LS_DDStop_Sharpe               3.19
      LS_DDStop_MaxDD_%              -24.7
      LS_DDStop_Total_%              365.7
      LO5_Sharpe                     -1.05
      LO10_Sharpe                    -1.48
      N_periods                      1756
      Cost_per_period_bps            3.5

======================================================================
  AGGREGATE RESULTS (1 windows)
======================================================================

   📈 Combined Results (all windows):
      Periods: 1756
      LS Net:       Sharpe=1.70, MaxDD=-89.6%, Total=373.3%
      LS VolTarget: Sharpe=2.90, MaxDD=-93.8%, Total=4372.4%
      LS DDStop:    Sharpe=3.19, MaxDD=-24.7%, Total=365.7%

🏆 Top 30 Features (CatBoost, last window):
      vix_close_chg_1d                         3.2
      btc_vol_24h                              3.1
      gk_vol_168h                              2.5
      atr_48                                   2.4
      close_ma336_ratio                        2.3
   📰 btc_beta_168h                            2.2
      oi_value_usd                             2.1
      spx_close_chg_1d                         2.1
      atr_24                                   2.0
      close_ma720_ratio                        2.0
      vol_price_corr_48h                       1.7
      ret_std_168h                             1.7
      gk_vol_24h                               1.5
      gk_vol_48h                               1.5
   📰 funding_rate_binance                     1.4
      close_ma6_ratio                          1.4
      close_ma12_ratio                         1.3
      ret_std_48h                              1.3
      ret_sharpe_168h                          1.2
      breadth_pct_positive                     1.1
      regime_breadth_bullish                   1.1
   📰 btc_beta_48h                             1.1
      atr_14                                   1.0
      vol_trend_12_48                          1.0
      ls_divergence                            1.0
      ret_sharpe_24h                           1.0
      close_ma24_ratio                         1.0
      oi_zscore_7d                             0.9
      btc_ret_12h                              0.9
   📰 long_short_ratio                         0.9

   📰 Sentiment features in top 30: 4/30

======================================================================
  FINAL SUMMARY — CatBoost (12h target)
======================================================================
   Rank IC (avg):            +0.0470
   Rank ICIR (avg):          +0.5422
   LS Sharpe net (avg):      +1.70
   LS MaxDD net (avg):       -89.6%
   LS VolTarget Sharpe:      +2.90
   LS DDStop Sharpe:         +3.19
   Cost model:               0.03% taker + 0.01% slip + 0.005%/8h funding
======================================================================
🟡 DECENT — CatBoost adds diversity, useful as ensemble member.

✅ Results saved to results/mega_comparison/models/WinC_train2025H1/catboost_huber/
   Models: cb_model_seed_*.cbm
   Run ensemble: python run_fast_sim.py --ensemble --leverage 3 --rebal 24 --edge-boost
[23:33:50]    ✅ Done: catboost_huber (243s)
[23:33:50] 🧠 Training: WinC_train2025H1 / catboost_huber_no_deriv
[23:33:50]    train_end=2025-06-30  val_end=2025-12-24
[23:33:50]    flags: --no-news --no-derivatives --huber --huber-delta 1.0
======================================================================
  CATBOOST CRYPTO ALPHA MODEL
  12h Target + Ordered Boosting + Walk-Forward
======================================================================

📊 Loading data...
   Shape: (2565321, 107), Symbols: 50
   🎯 Adding targets...
   🌐 Adding cross-asset features...
   🔰 Adding advanced regime features...
   🕐 Adding 12h-specific features...
   ✅ Added ~10 features for 12h holding period
   📅 Adding calendar features...
   ✅ Added 9 calendar features
   🏛️ Adding macro features...
      Macro raw: 9 cols, derived: 29, total new: 38
   📰 Adding sentiment features... (news_mode=none)
      FNG: 2018-02-01 → 2026-03-11, mean=48.3
      Funding: 96,393 non-zero rows (3.8%)
      LS ratio: 0 non-missing rows
      Synthetic positioning features...
      ⏭️  Skipping news features (news_mode=none)
   ✅ Sentiment features added: 175 → 200 total
   ⏭️  Skipping derivatives features (--no-derivatives)
   Features: 200
   📐 Cross-sectional rank normalization...
   ✅ Ranked 132 CS features, preserved 68 unranked
   Final shape: (2564721, 219)
   Date range: 2017-09-16 09:00:00+00:00 → 2026-03-07 03:00:00+00:00

🔴 PRODUCTION MODE — max training data, models go to live trading
   Train: start → 2025-06-30
   Val:   2025-07-08 → 2025-12-24
   Test:  (none — live trading)

======================================================================
  ROLLING WALK-FORWARD (1 windows)
======================================================================

──────────────────────────────────────────────────────────────────────
  Window 1/1: PROD (max data)
  Train: → 2025-06-30
  Val:   2025-07-08 → 2025-12-24
  Test:  2025-12-24 → 2026-12-31
──────────────────────────────────────────────────────────────────────
   Train: 2,280,889 | Val: 192,107 | Test: 82,509
   🛡️  Huber loss enabled (delta=1.0)
0:	learn: 0.5856818	test: 0.5817719	best: 0.5817719 (0)	total: 14.4ms	remaining: 1m 12s
200:	learn: 0.2952623	test: 0.2949318	best: 0.2949318 (200)	total: 1.51s	remaining: 36s
400:	learn: 0.2866989	test: 0.2874221	best: 0.2874221 (400)	total: 3.01s	remaining: 34.6s
600:	learn: 0.2860155	test: 0.2871479	best: 0.2871479 (600)	total: 4.53s	remaining: 33.1s
800:	learn: 0.2855669	test: 0.2870799	best: 0.2870797 (799)	total: 6.05s	remaining: 31.7s
1000:	learn: 0.2851714	test: 0.2870484	best: 0.2870478 (999)	total: 7.56s	remaining: 30.2s
1200:	learn: 0.2848021	test: 0.2870182	best: 0.2870182 (1200)	total: 9.07s	remaining: 28.7s
1400:	learn: 0.2844491	test: 0.2869998	best: 0.2869991 (1390)	total: 10.5s	remaining: 27.1s
1600:	learn: 0.2841032	test: 0.2869913	best: 0.2869897 (1526)	total: 12s	remaining: 25.5s
bestTest = 0.2869858178
bestIteration = 1671
Shrink model to first 1672 iterations.
   🔪 Feature selection: 200 → 160

   🌱 CatBoost multi-seed ensemble (5 seeds)...
      Seed 42 (1/5)... 0:	learn: 0.5857004	test: 0.5818715	best: 0.5818715 (0)	total: 6.59ms	remaining: 32.9s
200:	learn: 0.2952435	test: 0.2949640	best: 0.2949640 (200)	total: 1.31s	remaining: 31.4s
400:	learn: 0.2866882	test: 0.2874060	best: 0.2874060 (400)	total: 2.63s	remaining: 30.2s
600:	learn: 0.2860081	test: 0.2871433	best: 0.2871422 (594)	total: 3.97s	remaining: 29.1s
800:	learn: 0.2855620	test: 0.2870596	best: 0.2870596 (800)	total: 5.3s	remaining: 27.8s
1000:	learn: 0.2851662	test: 0.2870130	best: 0.2870101 (987)	total: 6.62s	remaining: 26.5s
1200:	learn: 0.2847954	test: 0.2869887	best: 0.2869877 (1188)	total: 7.95s	remaining: 25.1s
1400:	learn: 0.2844329	test: 0.2869795	best: 0.2869772 (1326)	total: 9.25s	remaining: 23.8s
1600:	learn: 0.2840760	test: 0.2869723	best: 0.2869697 (1547)	total: 10.6s	remaining: 22.5s
bestTest = 0.2869696629
bestIteration = 1547
Shrink model to first 1548 iterations.
iters=1547
      Seed 123 (2/5)... 0:	learn: 0.5856840	test: 0.5818000	best: 0.5818000 (0)	total: 6.47ms	remaining: 32.4s
200:	learn: 0.2952260	test: 0.2947541	best: 0.2947541 (200)	total: 1.3s	remaining: 31.1s
400:	learn: 0.2866701	test: 0.2873803	best: 0.2873803 (400)	total: 2.62s	remaining: 30s
600:	learn: 0.2860015	test: 0.2871475	best: 0.2871475 (600)	total: 3.95s	remaining: 28.9s
800:	learn: 0.2855631	test: 0.2870639	best: 0.2870639 (800)	total: 5.27s	remaining: 27.6s
1000:	learn: 0.2851754	test: 0.2870382	best: 0.2870367 (980)	total: 6.6s	remaining: 26.4s
1200:	learn: 0.2847988	test: 0.2870264	best: 0.2870230 (1136)	total: 7.91s	remaining: 25s
bestTest = 0.2870175226
bestIteration = 1283
Shrink model to first 1284 iterations.
iters=1283
      Seed 456 (3/5)... 0:	learn: 0.5856819	test: 0.5818933	best: 0.5818933 (0)	total: 7.1ms	remaining: 35.5s
200:	learn: 0.2952470	test: 0.2949883	best: 0.2949883 (200)	total: 1.29s	remaining: 30.9s
400:	learn: 0.2866822	test: 0.2874129	best: 0.2874129 (400)	total: 2.61s	remaining: 29.9s
600:	learn: 0.2860230	test: 0.2871649	best: 0.2871648 (599)	total: 3.93s	remaining: 28.8s
800:	learn: 0.2855684	test: 0.2870692	best: 0.2870684 (789)	total: 5.25s	remaining: 27.5s
1000:	learn: 0.2851697	test: 0.2870275	best: 0.2870265 (994)	total: 6.57s	remaining: 26.2s
1200:	learn: 0.2847990	test: 0.2870033	best: 0.2870004 (1177)	total: 7.88s	remaining: 24.9s
bestTest = 0.2869976057
bestIteration = 1217
Shrink model to first 1218 iterations.
iters=1217
      Seed 789 (4/5)... 0:	learn: 0.5856822	test: 0.5818962	best: 0.5818962 (0)	total: 6.41ms	remaining: 32.1s
200:	learn: 0.2952307	test: 0.2950232	best: 0.2950232 (200)	total: 1.3s	remaining: 31.1s
400:	learn: 0.2866636	test: 0.2874147	best: 0.2874147 (400)	total: 2.61s	remaining: 29.9s
600:	learn: 0.2859975	test: 0.2871330	best: 0.2871329 (598)	total: 3.94s	remaining: 28.8s
800:	learn: 0.2855521	test: 0.2870375	best: 0.2870375 (800)	total: 5.26s	remaining: 27.6s
1000:	learn: 0.2851552	test: 0.2869951	best: 0.2869923 (981)	total: 6.58s	remaining: 26.3s
1200:	learn: 0.2847818	test: 0.2869827	best: 0.2869809 (1159)	total: 7.89s	remaining: 25s
1400:	learn: 0.2844207	test: 0.2869698	best: 0.2869698 (1400)	total: 9.2s	remaining: 23.6s
1600:	learn: 0.2840672	test: 0.2869708	best: 0.2869622 (1528)	total: 10.5s	remaining: 22.3s
bestTest = 0.2869622229
bestIteration = 1528
Shrink model to first 1529 iterations.
iters=1528
      Seed 2024 (5/5)... 0:	learn: 0.5856994	test: 0.5819120	best: 0.5819120 (0)	total: 6.91ms	remaining: 34.5s
200:	learn: 0.2952401	test: 0.2949193	best: 0.2949193 (200)	total: 1.28s	remaining: 30.6s
400:	learn: 0.2866736	test: 0.2873940	best: 0.2873940 (400)	total: 2.6s	remaining: 29.8s
600:	learn: 0.2860129	test: 0.2871499	best: 0.2871497 (598)	total: 3.93s	remaining: 28.7s
800:	learn: 0.2855728	test: 0.2870682	best: 0.2870682 (800)	total: 5.25s	remaining: 27.5s
1000:	learn: 0.2851730	test: 0.2870355	best: 0.2870355 (1000)	total: 6.58s	remaining: 26.3s
1200:	learn: 0.2848006	test: 0.2870241	best: 0.2870218 (1197)	total: 7.9s	remaining: 25s
bestTest = 0.2870103849
bestIteration = 1288
Shrink model to first 1289 iterations.
iters=1288
   💾 Saved 5 CatBoost models + feature names

   📈 Window 1 Results:
      IC                             0.0142
      Rank_IC                        0.0428
      ICIR                           0.2679
      Rank_ICIR                      0.5017
      LS_Sharpe_raw                  2.72
      LS_Sharpe_net                  1.5
      LS_Ann_Return_net_%            63.5
      LS_MaxDD_net_%                 -86.3
      LS_Total_net_%                 269.7
      LS_VolTarget_Sharpe            2.55
      LS_VolTarget_MaxDD_%           -92.4
      LS_VolTarget_Total_%           2510.9
      LS_DDStop_Sharpe               2.44
      LS_DDStop_MaxDD_%              -24.9
      LS_DDStop_Total_%              224.9
      LO5_Sharpe                     -1.47
      LO10_Sharpe                    -1.6
      N_periods                      1756
      Cost_per_period_bps            3.5

======================================================================
  AGGREGATE RESULTS (1 windows)
======================================================================

   📈 Combined Results (all windows):
      Periods: 1756
      LS Net:       Sharpe=1.50, MaxDD=-86.3%, Total=269.7%
      LS VolTarget: Sharpe=2.55, MaxDD=-92.4%, Total=2510.9%
      LS DDStop:    Sharpe=2.44, MaxDD=-24.9%, Total=224.9%

🏆 Top 30 Features (CatBoost, last window):
      btc_vol_24h                              3.8
      vix_close_chg_1d                         3.2
      gk_vol_168h                              2.9
      close_ma336_ratio                        2.8
      close_ma720_ratio                        2.6
   📰 btc_beta_168h                            2.6
      atr_48                                   2.5
      spx_close_chg_1d                         2.2
      vol_price_corr_48h                       1.7
      atr_24                                   1.6
      gk_vol_24h                               1.6
      ret_sharpe_168h                          1.5
      vol_12h_cs_rank                          1.5
      gk_vol_48h                               1.5
      ret_std_168h                             1.5
      close_ma12_ratio                         1.4
      ret_std_48h                              1.3
      breadth_pct_positive                     1.3
   📰 funding_vs_market                        1.2
      close_ma6_ratio                          1.2
      btc_ret_4h                               1.2
      ret_sharpe_24h                           1.1
      spx_close                                1.1
      macd_signal                              1.1
   📰 btc_beta_48h                             1.0
      vol_trend_12_48                          1.0
      ret_std_24h                              1.0
      regime_breadth_bullish                   1.0
   📰 market_funding_std                       0.9
   📰 fng_momentum                             0.9

   📰 Sentiment features in top 30: 5/30

======================================================================
  FINAL SUMMARY — CatBoost (12h target)
======================================================================
   Rank IC (avg):            +0.0428
   Rank ICIR (avg):          +0.5017
   LS Sharpe net (avg):      +1.50
   LS MaxDD net (avg):       -86.3%
   LS VolTarget Sharpe:      +2.55
   LS DDStop Sharpe:         +2.44
   Cost model:               0.03% taker + 0.01% slip + 0.005%/8h funding
======================================================================
🟡 DECENT — CatBoost adds diversity, useful as ensemble member.

✅ Results saved to results/mega_comparison/models/WinC_train2025H1/catboost_huber_no_deriv/
   Models: cb_model_seed_*.cbm
   Run ensemble: python run_fast_sim.py --ensemble --leverage 3 --rebal 24 --edge-boost
[23:37:03]    ✅ Done: catboost_huber_no_deriv (193s)
[23:37:03] 🧠 Training: WinC_train2025H1 / xgboost_with_news
[23:37:03]    train_end=2025-06-30  val_end=2025-12-24
[23:37:03]    flags: --news-mode all
======================================================================
  XGBOOST + NEWS INTERACTIONS — CRYPTO ALPHA MODEL
  12h Target + Level-wise Trees + News × Price Interactions
======================================================================

📊 Loading data...
   Shape: (2565321, 107), Symbols: 50
   🎯 Adding targets...
   🌐 Adding cross-asset features...
   🔰 Adding advanced regime features...
   🕐 Adding 12h-specific features...
   ✅ Added ~10 features for 12h holding period
   📅 Adding calendar features...
   ✅ Added 9 calendar features
   🏛️ Adding macro features...
      Macro raw: 9 cols, derived: 29, total new: 38
   📰 Adding sentiment features... (news_mode=all)
      FNG: 2018-02-01 → 2026-03-11, mean=48.3
      Funding: 96,393 non-zero rows (3.8%)
      LS ratio: 0 non-missing rows
      Synthetic positioning features...
      Loading news features (mode=all)...
      + coin-level news: 8 features
      + market-level news: 7 features
      📊 Coverage: 2,228,238/2,565,321 rows (86.9%)
      📰 Events: 1,100,564/2,228,238 covered rows (49.4%) have news
      🕳️  Holes: 337,083 rows = NaN (not 0!)
   ✅ Sentiment features added: 175 → 212 total
   📊 Adding derivatives features (Binance Futures)...
      Loaded metrics: 1,800,870 rows, 50 symbols, 2021-12-01 → 2026-03-12
      OI: 1,785,559 rows (69.6%), 9 features
      Taker: 1,648,976 rows (64.3%), 6 features
      Top L/S: 1,433,710 rows (55.9%), 5 features
      Global L/S: 3 features
      Binance funding: 2,239,209 rows (87.3%)
      Funding surprise: computed from OKX funding data
      Market-wide aggregates: 4 features
      Basis/Premium: 448,115 rows (17.5%), 6 features
      ⚠️  No liquidation data (run download_binance_futures.py)
      DVOL: 13 features (BTC range: 2021-04-01 → 2026-03-15)
   ✅ Derivatives features: +48 features
   🧬 Adding news interaction features...
   ✅ Added 23 news interaction features
   Features: 283 (23 news interactions)
   📐 Cross-sectional rank normalization...
   ✅ Ranked 195 CS features, preserved 88 unranked
   Final shape: (2564721, 302)
   Date range: 2017-09-16 09:00:00+00:00 → 2026-03-07 03:00:00+00:00

🔴 PRODUCTION MODE — max training data, models go to live trading
   Train: start → 2025-06-30
   Val:   2025-07-08 → 2025-12-24
   Test:  (none — live trading)

======================================================================
  ROLLING WALK-FORWARD (1 windows)
======================================================================

──────────────────────────────────────────────────────────────────────
  Window 1/1: PROD (max data)
  Train: → 2025-06-30
  Val:   2025-07-08 → 2025-12-24
  Test:  2025-12-24 → 2026-12-31
──────────────────────────────────────────────────────────────────────
   Train: 2,280,889 | Val: 192,107 | Test: 82,509
[0]	validation_0-rmse:0.28862
[200]	validation_0-rmse:0.28723
[400]	validation_0-rmse:0.28708
[600]	validation_0-rmse:0.28702
[800]	validation_0-rmse:0.28699
[831]	validation_0-rmse:0.28700
   🔪 Feature selection: 283 → 231
      (including 21 news interaction features)

   🌱 XGBoost multi-seed ensemble (5 seeds)...
      Seed 42 (1/5)... [0]	validation_0-rmse:0.28862
[200]	validation_0-rmse:0.28722
[400]	validation_0-rmse:0.28706
[600]	validation_0-rmse:0.28701
[703]	validation_0-rmse:0.28702
iters=603
      Seed 123 (2/5)... [0]	validation_0-rmse:0.28862
[200]	validation_0-rmse:0.28724
[400]	validation_0-rmse:0.28707
[600]	validation_0-rmse:0.28701
[787]	validation_0-rmse:0.28700
iters=687
      Seed 456 (3/5)... [0]	validation_0-rmse:0.28862
[200]	validation_0-rmse:0.28723
[400]	validation_0-rmse:0.28710
[600]	validation_0-rmse:0.28702
[800]	validation_0-rmse:0.28697
[892]	validation_0-rmse:0.28700
iters=792
      Seed 789 (4/5)... [0]	validation_0-rmse:0.28862
[200]	validation_0-rmse:0.28723
[400]	validation_0-rmse:0.28707
[600]	validation_0-rmse:0.28700
[771]	validation_0-rmse:0.28701
iters=671
      Seed 2024 (5/5)... [0]	validation_0-rmse:0.28862
[200]	validation_0-rmse:0.28722
[400]	validation_0-rmse:0.28704
[600]	validation_0-rmse:0.28701
[689]	validation_0-rmse:0.28702
iters=589
   💾 Saved 5 XGBoost models + feature names

   📈 Window 1 Results:
      IC                             0.0112
      Rank_IC                        0.0435
      ICIR                           0.2706
      Rank_ICIR                      0.5517
      LS_Sharpe_raw                  2.51
      LS_Sharpe_net                  1.29
      LS_Ann_Return_net_%            55.0
      LS_MaxDD_net_%                 -89.6
      LS_Total_net_%                 201.2
      LS_VolTarget_Sharpe            2.08
      LS_VolTarget_MaxDD_%           -95.2
      LS_VolTarget_Total_%           1235.1
      LS_DDStop_Sharpe               2.2
      LS_DDStop_MaxDD_%              -25.0
      LS_DDStop_Total_%              156.1
      LO5_Sharpe                     -1.38
      LO10_Sharpe                    -1.6
      N_periods                      1756
      Cost_per_period_bps            3.5

======================================================================
  AGGREGATE RESULTS (1 windows)
======================================================================

   📈 Combined Results (all windows):
      Periods: 1756
      LS Net:       Sharpe=1.29, MaxDD=-89.6%, Total=201.2%
      LS VolTarget: Sharpe=2.08, MaxDD=-95.2%, Total=1235.1%
      LS DDStop:    Sharpe=2.20, MaxDD=-25.0%, Total=156.1%

🏆 Top 30 Features (XGBoost, last window):
   📰 market_dispersion                        0.0248
   🧬 nx_high_vol_positive                     0.0218
      gk_vol_24h                               0.0188
      btc_ret_1h                               0.0179
   📰 funding_rate                             0.0164
   📰 funding_vs_market                        0.0159
      eth_ret_4h                               0.0156
      btc_ret_24h                              0.0149
      eth_ret_12h                              0.0142
      btc_ret_12h                              0.0132
      eth_ret_1h                               0.0130
      ret_std_48h                              0.0129
      close_ma12_ratio                         0.0125
      atr_14                                   0.0123
      close_ma6_ratio                          0.0121
      btc_ret_4h                               0.0108
      low_close_ratio                          0.0102
      ret_2h                                   0.0099
      bb_low_20                                0.0089
   📰 news_count_1h                            0.0087
   🧬 nx_burst_ratio                           0.0084
   🧬 nx_high_volume                           0.0081
      oi_change_1h                             0.0078
   🧬 nx_is_burst                              0.0075
      close_open_ratio                         0.0074
      bb_low_48                                0.0072
      eth_ret_24h                              0.0070
      vol_ma48_ratio                           0.0069
      vol_price_corr_48h                       0.0067
      regime_breadth_bullish                   0.0067

   🧬 News interaction features in top 30: 4/30
   📰 All news-related features in top 30: 5/30

======================================================================
  FINAL SUMMARY — XGBoost + News Interactions (12h target)
======================================================================
   Rank IC (avg):            +0.0435
   Rank ICIR (avg):          +0.5517
   LS Sharpe net (avg):      +1.29
   LS MaxDD net (avg):       -89.6%
   LS DDStop Sharpe:         +2.20
   LS DDStop MaxDD:          -25.0%
   Cost model:               0.03% taker + 0.01% slip + 0.005%/8h funding
======================================================================
🟢 STRONG — XGBoost news model adds alpha. Ready for ensemble.

✅ Results saved to results/mega_comparison/models/WinC_train2025H1/xgboost_with_news/
   Models: xgb_model_seed_*.json
   Run ensemble: python run_fast_sim.py --ensemble --edge-boost --days 365
[23:41:32]    ✅ Done: xgboost_with_news (269s)
[23:41:32] 🧠 Training: WinC_train2025H1 / xgboost_no_news
[23:41:32]    train_end=2025-06-30  val_end=2025-12-24
[23:41:32]    flags: --no-news
======================================================================
  XGBOOST + NEWS INTERACTIONS — CRYPTO ALPHA MODEL
  12h Target + Level-wise Trees + News × Price Interactions
======================================================================

📊 Loading data...
   Shape: (2565321, 107), Symbols: 50
   🎯 Adding targets...
   🌐 Adding cross-asset features...
   🔰 Adding advanced regime features...
   🕐 Adding 12h-specific features...
   ✅ Added ~10 features for 12h holding period
   📅 Adding calendar features...
   ✅ Added 9 calendar features
   🏛️ Adding macro features...
      Macro raw: 9 cols, derived: 29, total new: 38
   📰 Adding sentiment features... (news_mode=none)
      FNG: 2018-02-01 → 2026-03-11, mean=48.3
      Funding: 96,393 non-zero rows (3.8%)
      LS ratio: 0 non-missing rows
      Synthetic positioning features...
      ⏭️  Skipping news features (news_mode=none)
   ✅ Sentiment features added: 175 → 200 total
   📊 Adding derivatives features (Binance Futures)...
      Loaded metrics: 1,800,870 rows, 50 symbols, 2021-12-01 → 2026-03-12
      OI: 1,785,559 rows (69.6%), 9 features
      Taker: 1,648,976 rows (64.3%), 6 features
      Top L/S: 1,433,710 rows (55.9%), 5 features
      Global L/S: 3 features
      Binance funding: 2,239,209 rows (87.3%)
      Funding surprise: computed from OKX funding data
      Market-wide aggregates: 4 features
      Basis/Premium: 448,115 rows (17.5%), 6 features
      ⚠️  No liquidation data (run download_binance_futures.py)
      DVOL: 13 features (BTC range: 2021-04-01 → 2026-03-15)
   ✅ Derivatives features: +48 features
   ⏭️  Skipping news interaction features (news_mode=none)
   Features: 248 (0 news interactions)
   📐 Cross-sectional rank normalization...
   ✅ Ranked 167 CS features, preserved 81 unranked
   Final shape: (2564721, 267)
   Date range: 2017-09-16 09:00:00+00:00 → 2026-03-07 03:00:00+00:00

🔴 PRODUCTION MODE — max training data, models go to live trading
   Train: start → 2025-06-30
   Val:   2025-07-08 → 2025-12-24
   Test:  (none — live trading)

======================================================================
  ROLLING WALK-FORWARD (1 windows)
======================================================================

──────────────────────────────────────────────────────────────────────
  Window 1/1: PROD (max data)
  Train: → 2025-06-30
  Val:   2025-07-08 → 2025-12-24
  Test:  2025-12-24 → 2026-12-31
──────────────────────────────────────────────────────────────────────
   Train: 2,280,889 | Val: 192,107 | Test: 82,509
[0]	validation_0-rmse:0.28862
[200]	validation_0-rmse:0.28725
[400]	validation_0-rmse:0.28710
[600]	validation_0-rmse:0.28705
[702]	validation_0-rmse:0.28706
   🔪 Feature selection: 248 → 198
      (including 0 news interaction features)

   🌱 XGBoost multi-seed ensemble (5 seeds)...
      Seed 42 (1/5)... [0]	validation_0-rmse:0.28862
[200]	validation_0-rmse:0.28723
[400]	validation_0-rmse:0.28706
[600]	validation_0-rmse:0.28701
[700]	validation_0-rmse:0.28703
iters=600
      Seed 123 (2/5)... [0]	validation_0-rmse:0.28862
[200]	validation_0-rmse:0.28725
[400]	validation_0-rmse:0.28710
[600]	validation_0-rmse:0.28705
[712]	validation_0-rmse:0.28704
iters=612
      Seed 456 (3/5)... [0]	validation_0-rmse:0.28862
[200]	validation_0-rmse:0.28723
[400]	validation_0-rmse:0.28710
[600]	validation_0-rmse:0.28704
[800]	validation_0-rmse:0.28705
[815]	validation_0-rmse:0.28705
iters=715
      Seed 789 (4/5)... [0]	validation_0-rmse:0.28862
[200]	validation_0-rmse:0.28724
[400]	validation_0-rmse:0.28708
[600]	validation_0-rmse:0.28700
[792]	validation_0-rmse:0.28703
iters=692
      Seed 2024 (5/5)... [0]	validation_0-rmse:0.28862
[200]	validation_0-rmse:0.28725
[400]	validation_0-rmse:0.28708
[600]	validation_0-rmse:0.28704
[694]	validation_0-rmse:0.28703
iters=594
   💾 Saved 5 XGBoost models + feature names

   📈 Window 1 Results:
      IC                             0.0105
      Rank_IC                        0.0436
      ICIR                           0.2687
      Rank_ICIR                      0.5488
      LS_Sharpe_raw                  2.43
      LS_Sharpe_net                  1.23
      LS_Ann_Return_net_%            52.7
      LS_MaxDD_net_%                 -89.6
      LS_Total_net_%                 183.8
      LS_VolTarget_Sharpe            2.05
      LS_VolTarget_MaxDD_%           -94.9
      LS_VolTarget_Total_%           1185.0
      LS_DDStop_Sharpe               1.99
      LS_DDStop_MaxDD_%              -24.8
      LS_DDStop_Total_%              120.2
      LO5_Sharpe                     -1.54
      LO10_Sharpe                    -1.57
      N_periods                      1756
      Cost_per_period_bps            3.5

======================================================================
  AGGREGATE RESULTS (1 windows)
======================================================================

   📈 Combined Results (all windows):
      Periods: 1756
      LS Net:       Sharpe=1.23, MaxDD=-89.6%, Total=183.8%
      LS VolTarget: Sharpe=2.05, MaxDD=-94.9%, Total=1185.0%
      LS DDStop:    Sharpe=1.99, MaxDD=-24.8%, Total=120.2%

🏆 Top 30 Features (XGBoost, last window):
   📰 funding_rate                             0.0246
   📰 market_dispersion                        0.0225
      gk_vol_24h                               0.0222
      eth_ret_4h                               0.0199
      btc_ret_1h                               0.0199
   📰 market_funding_std                       0.0170
      atr_14                                   0.0163
      eth_ret_12h                              0.0163
      ret_std_48h                              0.0155
      btc_ret_24h                              0.0153
      close_ma6_ratio                          0.0151
      btc_ret_12h                              0.0148
      close_ma12_ratio                         0.0136
      eth_ret_1h                               0.0133
      low_close_ratio                          0.0126
      btc_ret_4h                               0.0118
      ret_2h                                   0.0113
      bb_low_20                                0.0110
      eth_ret_24h                              0.0089
      close_open_ratio                         0.0086
      regime_breadth_bullish                   0.0079
      vol_price_corr_48h                       0.0076
      ret_std_24h                              0.0074
      vol_ma48_ratio                           0.0073
      eth_btc_ret_24h                          0.0073
      vol_ma24_ratio                           0.0071
   📰 vol_surge_48h                            0.0070
      close_ma24_ratio                         0.0069
      bb_low_48                                0.0068
      close_ma48_ratio                         0.0065

   🧬 News interaction features in top 30: 0/30
   📰 All news-related features in top 30: 0/30

======================================================================
  FINAL SUMMARY — XGBoost + News Interactions (12h target)
======================================================================
   Rank IC (avg):            +0.0436
   Rank ICIR (avg):          +0.5488
   LS Sharpe net (avg):      +1.23
   LS MaxDD net (avg):       -89.6%
   LS DDStop Sharpe:         +1.99
   LS DDStop MaxDD:          -24.8%
   Cost model:               0.03% taker + 0.01% slip + 0.005%/8h funding
======================================================================
🟢 STRONG — XGBoost news model adds alpha. Ready for ensemble.

✅ Results saved to results/mega_comparison/models/WinC_train2025H1/xgboost_no_news/
   Models: xgb_model_seed_*.json
   Run ensemble: python run_fast_sim.py --ensemble --edge-boost --days 365
[23:45:43]    ✅ Done: xgboost_no_news (251s)
[23:45:43] 🧠 Training: WinC_train2025H1 / xgboost_no_deriv
[23:45:43]    train_end=2025-06-30  val_end=2025-12-24
[23:45:43]    flags: --no-news --no-derivatives
======================================================================
  XGBOOST + NEWS INTERACTIONS — CRYPTO ALPHA MODEL
  12h Target + Level-wise Trees + News × Price Interactions
======================================================================

📊 Loading data...
   Shape: (2565321, 107), Symbols: 50
   🎯 Adding targets...
   🌐 Adding cross-asset features...
   🔰 Adding advanced regime features...
   🕐 Adding 12h-specific features...
   ✅ Added ~10 features for 12h holding period
   📅 Adding calendar features...
   ✅ Added 9 calendar features
   🏛️ Adding macro features...
      Macro raw: 9 cols, derived: 29, total new: 38
   📰 Adding sentiment features... (news_mode=none)
      FNG: 2018-02-01 → 2026-03-11, mean=48.3
      Funding: 96,393 non-zero rows (3.8%)
      LS ratio: 0 non-missing rows
      Synthetic positioning features...
      ⏭️  Skipping news features (news_mode=none)
   ✅ Sentiment features added: 175 → 200 total
   ⏭️  Skipping derivatives features (--no-derivatives)
   ⏭️  Skipping news interaction features (news_mode=none)
   Features: 200 (0 news interactions)
   📐 Cross-sectional rank normalization...
   ✅ Ranked 132 CS features, preserved 68 unranked
   Final shape: (2564721, 219)
   Date range: 2017-09-16 09:00:00+00:00 → 2026-03-07 03:00:00+00:00

🔴 PRODUCTION MODE — max training data, models go to live trading
   Train: start → 2025-06-30
   Val:   2025-07-08 → 2025-12-24
   Test:  (none — live trading)

======================================================================
  ROLLING WALK-FORWARD (1 windows)
======================================================================

──────────────────────────────────────────────────────────────────────
  Window 1/1: PROD (max data)
  Train: → 2025-06-30
  Val:   2025-07-08 → 2025-12-24
  Test:  2025-12-24 → 2026-12-31
──────────────────────────────────────────────────────────────────────
   Train: 2,280,889 | Val: 192,107 | Test: 82,509
[0]	validation_0-rmse:0.28862
[200]	validation_0-rmse:0.28724
[400]	validation_0-rmse:0.28706
[600]	validation_0-rmse:0.28698
[800]	validation_0-rmse:0.28695
[938]	validation_0-rmse:0.28695
   🔪 Feature selection: 200 → 160
      (including 0 news interaction features)

   🌱 XGBoost multi-seed ensemble (5 seeds)...
      Seed 42 (1/5)... [0]	validation_0-rmse:0.28862
[200]	validation_0-rmse:0.28722
[400]	validation_0-rmse:0.28704
[600]	validation_0-rmse:0.28696
[800]	validation_0-rmse:0.28693
[856]	validation_0-rmse:0.28694
iters=756
      Seed 123 (2/5)... [0]	validation_0-rmse:0.28862
[200]	validation_0-rmse:0.28724
[400]	validation_0-rmse:0.28703
[600]	validation_0-rmse:0.28695
[800]	validation_0-rmse:0.28692
[975]	validation_0-rmse:0.28692
iters=875
      Seed 456 (3/5)... [0]	validation_0-rmse:0.28862
[200]	validation_0-rmse:0.28721
[400]	validation_0-rmse:0.28704
[600]	validation_0-rmse:0.28695
[800]	validation_0-rmse:0.28692
[1000]	validation_0-rmse:0.28692
iters=900
      Seed 789 (4/5)... [0]	validation_0-rmse:0.28862
[200]	validation_0-rmse:0.28722
[400]	validation_0-rmse:0.28702
[600]	validation_0-rmse:0.28694
[800]	validation_0-rmse:0.28692
[930]	validation_0-rmse:0.28692
iters=830
      Seed 2024 (5/5)... [0]	validation_0-rmse:0.28862
[200]	validation_0-rmse:0.28722
[400]	validation_0-rmse:0.28704
[600]	validation_0-rmse:0.28695
[800]	validation_0-rmse:0.28692
[931]	validation_0-rmse:0.28692
iters=831
   💾 Saved 5 XGBoost models + feature names

   📈 Window 1 Results:
      IC                             0.0155
      Rank_IC                        0.0393
      ICIR                           0.2667
      Rank_ICIR                      0.5053
      LS_Sharpe_raw                  2.8
      LS_Sharpe_net                  1.56
      LS_Ann_Return_net_%            64.7
      LS_MaxDD_net_%                 -84.9
      LS_Total_net_%                 283.5
      LS_VolTarget_Sharpe            2.49
      LS_VolTarget_MaxDD_%           -91.3
      LS_VolTarget_Total_%           2190.6
      LS_DDStop_Sharpe               2.55
      LS_DDStop_MaxDD_%              -24.9
      LS_DDStop_Total_%              232.2
      LO5_Sharpe                     -1.58
      LO10_Sharpe                    -1.71
      N_periods                      1756
      Cost_per_period_bps            3.5

======================================================================
  AGGREGATE RESULTS (1 windows)
======================================================================

   📈 Combined Results (all windows):
      Periods: 1756
      LS Net:       Sharpe=1.56, MaxDD=-84.9%, Total=283.5%
      LS VolTarget: Sharpe=2.49, MaxDD=-91.3%, Total=2190.6%
      LS DDStop:    Sharpe=2.55, MaxDD=-24.9%, Total=232.2%

🏆 Top 30 Features (XGBoost, last window):
   📰 funding_rate                             0.0304
   📰 market_funding_std                       0.0291
   📰 market_dispersion                        0.0234
      btc_ret_1h                               0.0231
      gk_vol_24h                               0.0209
      eth_ret_12h                              0.0188
      btc_ret_24h                              0.0181
      close_ma6_ratio                          0.0172
      close_ma12_ratio                         0.0171
   📰 funding_vs_market                        0.0167
      eth_ret_1h                               0.0162
      btc_ret_12h                              0.0162
      atr_14                                   0.0153
      eth_ret_4h                               0.0150
      ret_std_48h                              0.0145
      btc_ret_4h                               0.0144
      low_close_ratio                          0.0129
      regime_breadth_bullish                   0.0120
      ret_2h                                   0.0114
      eth_ret_24h                              0.0111
      close_open_ratio                         0.0104
      bb_low_20                                0.0102
      vol_ma24_ratio                           0.0085
      atr_24                                   0.0084
      vol_price_corr_48h                       0.0084
      close_ma48_ratio                         0.0075
      breadth_pct_positive                     0.0072
      bb_low_48                                0.0071
      close_ma24_ratio                         0.0070
      close_ma336_ratio                        0.0069

   🧬 News interaction features in top 30: 0/30
   📰 All news-related features in top 30: 0/30

======================================================================
  FINAL SUMMARY — XGBoost + News Interactions (12h target)
======================================================================
   Rank IC (avg):            +0.0393
   Rank ICIR (avg):          +0.5053
   LS Sharpe net (avg):      +1.56
   LS MaxDD net (avg):       -84.9%
   LS DDStop Sharpe:         +2.55
   LS DDStop MaxDD:          -24.9%
   Cost model:               0.03% taker + 0.01% slip + 0.005%/8h funding
======================================================================
🟢 STRONG — XGBoost news model adds alpha. Ready for ensemble.

✅ Results saved to results/mega_comparison/models/WinC_train2025H1/xgboost_no_deriv/
   Models: xgb_model_seed_*.json
   Run ensemble: python run_fast_sim.py --ensemble --edge-boost --days 365
[23:48:54]    ✅ Done: xgboost_no_deriv (191s)
[23:48:54] 
[23:48:54] ✅ Phase 1 complete: All models trained
[23:48:54]   ⏱️  Phase took 305m 31s
[23:48:54] 
[23:48:54] ################################################################
[23:48:54]   PHASE 2: СИМУЛЯЦИИ
[23:48:54] ################################################################
[23:48:54] 
[23:48:54] ╔══════════════════════════════════════════════════════════════╗
[23:48:54] ║  SIMULATING WINDOW A: 2024-07-01 → 2024-12-31 (183 days)
[23:48:54] ╚══════════════════════════════════════════════════════════════╝
[23:48:54] --- SOLO MODELS ---
[23:48:54] SIM #1: WinA_train2024H1__cb_solo_news__1x_base
[23:48:54] CMD: python run_fast_sim.py --data data/features/crypto_features_1h.parquet --start-date 2024-07-01 --end-date 2024-12-31 --days 183 --leverage 1 --edge-boost --no-ddstop --ensemble
[23:51:55]   => Return=N/A%  HAC=N/A  MaxDD=N/A%  WR=N/A%  PF=N/A
[23:51:55] SIM #2: WinA_train2024H1__cb_solo_news__3x_base
[23:51:55] CMD: python run_fast_sim.py --data data/features/crypto_features_1h.parquet --start-date 2024-07-01 --end-date 2024-12-31 --days 183 --leverage 3 --edge-boost --no-ddstop --ensemble
[23:54:57]   => Return=N/A%  HAC=N/A  MaxDD=N/A%  WR=N/A%  PF=N/A
[23:54:57] SIM #3: WinA_train2024H1__cb_solo_no_news__1x_base
[23:54:57] CMD: python run_fast_sim.py --data data/features/crypto_features_1h.parquet --start-date 2024-07-01 --end-date 2024-12-31 --days 183 --leverage 1 --edge-boost --no-ddstop --ensemble
[23:57:57]   => Return=N/A%  HAC=N/A  MaxDD=N/A%  WR=N/A%  PF=N/A
[23:57:57] SIM #4: WinA_train2024H1__cb_solo_no_news__3x_base
[23:57:57] CMD: python run_fast_sim.py --data data/features/crypto_features_1h.parquet --start-date 2024-07-01 --end-date 2024-12-31 --days 183 --leverage 3 --edge-boost --no-ddstop --ensemble
[00:00:58]   => Return=N/A%  HAC=N/A  MaxDD=N/A%  WR=N/A%  PF=N/A
[00:00:58] SIM #5: WinA_train2024H1__cb_solo_market_news__1x_base
[00:00:58] CMD: python run_fast_sim.py --data data/features/crypto_features_1h.parquet --start-date 2024-07-01 --end-date 2024-12-31 --days 183 --leverage 1 --edge-boost --no-ddstop --ensemble
[00:03:59]   => Return=N/A%  HAC=N/A  MaxDD=N/A%  WR=N/A%  PF=N/A
[00:03:59] SIM #6: WinA_train2024H1__cb_solo_no_deriv__1x_base
[00:03:59] CMD: python run_fast_sim.py --data data/features/crypto_features_1h.parquet --start-date 2024-07-01 --end-date 2024-12-31 --days 183 --leverage 1 --edge-boost --no-ddstop --ensemble
[00:07:02]   => Return=N/A%  HAC=N/A  MaxDD=N/A%  WR=N/A%  PF=N/A
[00:07:02] SIM #7: WinA_train2024H1__cb_solo_no_deriv__3x_base
[00:07:02] CMD: python run_fast_sim.py --data data/features/crypto_features_1h.parquet --start-date 2024-07-01 --end-date 2024-12-31 --days 183 --leverage 3 --edge-boost --no-ddstop --ensemble
[00:10:03]   => Return=N/A%  HAC=N/A  MaxDD=N/A%  WR=N/A%  PF=N/A
[00:10:03] SIM #8: WinA_train2024H1__cb_solo_news_no_deriv__1x_base
[00:10:03] CMD: python run_fast_sim.py --data data/features/crypto_features_1h.parquet --start-date 2024-07-01 --end-date 2024-12-31 --days 183 --leverage 1 --edge-boost --no-ddstop --ensemble
[00:13:03]   => Return=N/A%  HAC=N/A  MaxDD=N/A%  WR=N/A%  PF=N/A
[00:13:04] SIM #9: WinA_train2024H1__cb_solo_huber__1x_base
[00:13:04] CMD: python run_fast_sim.py --data data/features/crypto_features_1h.parquet --start-date 2024-07-01 --end-date 2024-12-31 --days 183 --leverage 1 --edge-boost --no-ddstop --ensemble
[00:16:04]   => Return=N/A%  HAC=N/A  MaxDD=N/A%  WR=N/A%  PF=N/A
[00:16:04] SIM #10: WinA_train2024H1__cb_solo_huber_no_deriv__1x_base
[00:16:04] CMD: python run_fast_sim.py --data data/features/crypto_features_1h.parquet --start-date 2024-07-01 --end-date 2024-12-31 --days 183 --leverage 1 --edge-boost --no-ddstop --ensemble
[00:19:04]   => Return=N/A%  HAC=N/A  MaxDD=N/A%  WR=N/A%  PF=N/A
[00:19:05] SIM #11: WinA_train2024H1__v6_solo_base__1x_base
[00:19:05] CMD: python run_fast_sim.py --data data/features/crypto_features_1h.parquet --start-date 2024-07-01 --end-date 2024-12-31 --days 183 --leverage 1 --edge-boost --no-ddstop --ensemble
[00:22:05]   => Return=N/A%  HAC=N/A  MaxDD=N/A%  WR=N/A%  PF=N/A
[00:22:05] SIM #12: WinA_train2024H1__v6_solo_base__3x_base
[00:22:05] CMD: python run_fast_sim.py --data data/features/crypto_features_1h.parquet --start-date 2024-07-01 --end-date 2024-12-31 --days 183 --leverage 3 --edge-boost --no-ddstop --ensemble
[00:25:05]   => Return=N/A%  HAC=N/A  MaxDD=N/A%  WR=N/A%  PF=N/A
[00:25:05] SIM #13: WinA_train2024H1__v6_solo_news__1x_base
[00:25:05] CMD: python run_fast_sim.py --data data/features/crypto_features_1h.parquet --start-date 2024-07-01 --end-date 2024-12-31 --days 183 --leverage 1 --edge-boost --no-ddstop --ensemble
[00:28:06]   => Return=N/A%  HAC=N/A  MaxDD=N/A%  WR=N/A%  PF=N/A
[00:28:06] SIM #14: WinA_train2024H1__v6_solo_no_deriv__1x_base
[00:28:06] CMD: python run_fast_sim.py --data data/features/crypto_features_1h.parquet --start-date 2024-07-01 --end-date 2024-12-31 --days 183 --leverage 1 --edge-boost --no-ddstop --ensemble
[00:31:08]   => Return=N/A%  HAC=N/A  MaxDD=N/A%  WR=N/A%  PF=N/A
[00:31:08] SIM #15: WinA_train2024H1__v7_solo_base__1x_base
[00:31:08] CMD: python run_fast_sim.py --data data/features/crypto_features_1h.parquet --start-date 2024-07-01 --end-date 2024-12-31 --days 183 --leverage 1 --edge-boost --no-ddstop --ensemble
[00:34:11]   => Return=N/A%  HAC=N/A  MaxDD=N/A%  WR=N/A%  PF=N/A
[00:34:11] SIM #16: WinA_train2024H1__v7_solo_base__3x_base
[00:34:11] CMD: python run_fast_sim.py --data data/features/crypto_features_1h.parquet --start-date 2024-07-01 --end-date 2024-12-31 --days 183 --leverage 3 --edge-boost --no-ddstop --ensemble
[00:37:15]   => Return=N/A%  HAC=N/A  MaxDD=N/A%  WR=N/A%  PF=N/A
[00:37:15] SIM #17: WinA_train2024H1__v7_solo_news__1x_base
[00:37:15] CMD: python run_fast_sim.py --data data/features/crypto_features_1h.parquet --start-date 2024-07-01 --end-date 2024-12-31 --days 183 --leverage 1 --edge-boost --no-ddstop --ensemble
[00:40:18]   => Return=N/A%  HAC=N/A  MaxDD=N/A%  WR=N/A%  PF=N/A
[00:40:18] SIM #18: WinA_train2024H1__xgb_solo_news__1x_base
[00:40:18] CMD: python run_fast_sim.py --data data/features/crypto_features_1h.parquet --start-date 2024-07-01 --end-date 2024-12-31 --days 183 --leverage 1 --edge-boost --no-ddstop --ensemble
[00:43:23]   => Return=N/A%  HAC=N/A  MaxDD=N/A%  WR=N/A%  PF=N/A
[00:43:23] SIM #19: WinA_train2024H1__xgb_solo_no_news__1x_base
[00:43:23] CMD: python run_fast_sim.py --data data/features/crypto_features_1h.parquet --start-date 2024-07-01 --end-date 2024-12-31 --days 183 --leverage 1 --edge-boost --no-ddstop --ensemble
[00:46:28]   => Return=N/A%  HAC=N/A  MaxDD=N/A%  WR=N/A%  PF=N/A
[00:46:28] --- ENSEMBLE 2 (v6+v7) ---
[00:46:28] SIM #20: WinA_train2024H1__ens2_v6v7_no_news__1x_base
[00:46:28] CMD: python run_fast_sim.py --data data/features/crypto_features_1h.parquet --start-date 2024-07-01 --end-date 2024-12-31 --days 183 --leverage 1 --edge-boost --no-ddstop --ensemble
[00:49:31]   => Return=N/A%  HAC=N/A  MaxDD=N/A%  WR=N/A%  PF=N/A
[00:49:31] SIM #21: WinA_train2024H1__ens2_v6v7_no_news__3x_base
[00:49:31] CMD: python run_fast_sim.py --data data/features/crypto_features_1h.parquet --start-date 2024-07-01 --end-date 2024-12-31 --days 183 --leverage 3 --edge-boost --no-ddstop --ensemble
[00:52:34]   => Return=N/A%  HAC=N/A  MaxDD=N/A%  WR=N/A%  PF=N/A
[00:52:34] SIM #22: WinA_train2024H1__ens2_v6v7_news__1x_base
[00:52:34] CMD: python run_fast_sim.py --data data/features/crypto_features_1h.parquet --start-date 2024-07-01 --end-date 2024-12-31 --days 183 --leverage 1 --edge-boost --no-ddstop --ensemble
[00:55:38]   => Return=N/A%  HAC=N/A  MaxDD=N/A%  WR=N/A%  PF=N/A
[00:55:38] --- ENSEMBLE 3 (v6+v7+CB) ---
[00:55:38] SIM #23: WinA_train2024H1__ens3_lgb_noN+cb_N__1x_base
[00:55:38] CMD: python run_fast_sim.py --data data/features/crypto_features_1h.parquet --start-date 2024-07-01 --end-date 2024-12-31 --days 183 --leverage 1 --edge-boost --no-ddstop --ensemble
[00:58:41]   => Return=N/A%  HAC=N/A  MaxDD=N/A%  WR=N/A%  PF=N/A
[00:58:41] SIM #24: WinA_train2024H1__ens3_lgb_noN+cb_N__3x_base
[00:58:41] CMD: python run_fast_sim.py --data data/features/crypto_features_1h.parquet --start-date 2024-07-01 --end-date 2024-12-31 --days 183 --leverage 3 --edge-boost --no-ddstop --ensemble
[01:01:44]   => Return=N/A%  HAC=N/A  MaxDD=N/A%  WR=N/A%  PF=N/A
[01:01:44] SIM #25: WinA_train2024H1__ens3_all_no_news__1x_base
[01:01:44] CMD: python run_fast_sim.py --data data/features/crypto_features_1h.parquet --start-date 2024-07-01 --end-date 2024-12-31 --days 183 --leverage 1 --edge-boost --no-ddstop --ensemble
[01:04:46]   => Return=N/A%  HAC=N/A  MaxDD=N/A%  WR=N/A%  PF=N/A
[01:04:46] SIM #26: WinA_train2024H1__ens3_all_news__1x_base
[01:04:46] CMD: python run_fast_sim.py --data data/features/crypto_features_1h.parquet --start-date 2024-07-01 --end-date 2024-12-31 --days 183 --leverage 1 --edge-boost --no-ddstop --ensemble
[01:07:49]   => Return=N/A%  HAC=N/A  MaxDD=N/A%  WR=N/A%  PF=N/A
[01:07:49] SIM #27: WinA_train2024H1__ens3_all_no_deriv__1x_base
[01:07:49] CMD: python run_fast_sim.py --data data/features/crypto_features_1h.parquet --start-date 2024-07-01 --end-date 2024-12-31 --days 183 --leverage 1 --edge-boost --no-ddstop --ensemble
[01:10:52]   => Return=N/A%  HAC=N/A  MaxDD=N/A%  WR=N/A%  PF=N/A
[01:10:52] --- ENSEMBLE 4 (v6+v7+CB+XGB) ---
[01:10:52] SIM #28: WinA_train2024H1__ens4_lgb_noN+cb_N+xgb_N__1x_base
[01:10:52] CMD: python run_fast_sim.py --data data/features/crypto_features_1h.parquet --start-date 2024-07-01 --end-date 2024-12-31 --days 183 --leverage 1 --edge-boost --no-ddstop --ensemble
[01:13:56]   => Return=N/A%  HAC=N/A  MaxDD=N/A%  WR=N/A%  PF=N/A
[01:13:56] SIM #29: WinA_train2024H1__ens4_lgb_noN+cb_N+xgb_N__3x_base
[01:13:56] CMD: python run_fast_sim.py --data data/features/crypto_features_1h.parquet --start-date 2024-07-01 --end-date 2024-12-31 --days 183 --leverage 3 --edge-boost --no-ddstop --ensemble
[01:17:01]   => Return=N/A%  HAC=N/A  MaxDD=N/A%  WR=N/A%  PF=N/A
[01:17:01] SIM #30: WinA_train2024H1__ens4_all_no_news__1x_base
[01:17:01] CMD: python run_fast_sim.py --data data/features/crypto_features_1h.parquet --start-date 2024-07-01 --end-date 2024-12-31 --days 183 --leverage 1 --edge-boost --no-ddstop --ensemble
[01:20:06]   => Return=N/A%  HAC=N/A  MaxDD=N/A%  WR=N/A%  PF=N/A
[01:20:06] SIM #31: WinA_train2024H1__ens4_all_news__1x_base
[01:20:06] CMD: python run_fast_sim.py --data data/features/crypto_features_1h.parquet --start-date 2024-07-01 --end-date 2024-12-31 --days 183 --leverage 1 --edge-boost --no-ddstop --ensemble
[01:23:10]   => Return=N/A%  HAC=N/A  MaxDD=N/A%  WR=N/A%  PF=N/A
[01:23:10] SIM #32: WinA_train2024H1__ens4_all_no_deriv__1x_base
[01:23:10] CMD: python run_fast_sim.py --data data/features/crypto_features_1h.parquet --start-date 2024-07-01 --end-date 2024-12-31 --days 183 --leverage 1 --edge-boost --no-ddstop --ensemble
[01:26:14]   => Return=N/A%  HAC=N/A  MaxDD=N/A%  WR=N/A%  PF=N/A
[01:26:14] --- EXECUTION FLAG SWEEPS ---
[01:26:15] SIM #33: WinA_train2024H1__ens3_lgb_noN+cb_N__1x_smooth03
[01:26:15] CMD: python run_fast_sim.py --data data/features/crypto_features_1h.parquet --start-date 2024-07-01 --end-date 2024-12-31 --days 183 --leverage 1 --edge-boost --no-ddstop --ensemble --smooth-signal 0.3
[01:29:17]   => Return=N/A%  HAC=N/A  MaxDD=N/A%  WR=N/A%  PF=N/A
[01:29:17] SIM #34: WinA_train2024H1__ens3_lgb_noN+cb_N__1x_smooth05
[01:29:17] CMD: python run_fast_sim.py --data data/features/crypto_features_1h.parquet --start-date 2024-07-01 --end-date 2024-12-31 --days 183 --leverage 1 --edge-boost --no-ddstop --ensemble --smooth-signal 0.5
[01:32:20]   => Return=N/A%  HAC=N/A  MaxDD=N/A%  WR=N/A%  PF=N/A
[01:32:20] SIM #35: WinA_train2024H1__ens3_lgb_noN+cb_N__1x_hyst5
[01:32:20] CMD: python run_fast_sim.py --data data/features/crypto_features_1h.parquet --start-date 2024-07-01 --end-date 2024-12-31 --days 183 --leverage 1 --edge-boost --no-ddstop --ensemble --hysteresis 5
[01:35:23]   => Return=N/A%  HAC=N/A  MaxDD=N/A%  WR=N/A%  PF=N/A
[01:35:23] SIM #36: WinA_train2024H1__ens3_lgb_noN+cb_N__1x_hyst7
[01:35:23] CMD: python run_fast_sim.py --data data/features/crypto_features_1h.parquet --start-date 2024-07-01 --end-date 2024-12-31 --days 183 --leverage 1 --edge-boost --no-ddstop --ensemble --hysteresis 7
[01:38:26]   => Return=N/A%  HAC=N/A  MaxDD=N/A%  WR=N/A%  PF=N/A
[01:38:26] SIM #37: WinA_train2024H1__ens3_lgb_noN+cb_N__1x_voltgt30
[01:38:26] CMD: python run_fast_sim.py --data data/features/crypto_features_1h.parquet --start-date 2024-07-01 --end-date 2024-12-31 --days 183 --leverage 1 --edge-boost --no-ddstop --ensemble --vol-target-ann 0.30
[01:41:28]   => Return=N/A%  HAC=N/A  MaxDD=N/A%  WR=N/A%  PF=N/A
[01:41:28] SIM #38: WinA_train2024H1__ens3_lgb_noN+cb_N__1x_voltgt50
[01:41:28] CMD: python run_fast_sim.py --data data/features/crypto_features_1h.parquet --start-date 2024-07-01 --end-date 2024-12-31 --days 183 --leverage 1 --edge-boost --no-ddstop --ensemble --vol-target-ann 0.50
[01:44:33]   => Return=N/A%  HAC=N/A  MaxDD=N/A%  WR=N/A%  PF=N/A
[01:44:33] SIM #39: WinA_train2024H1__ens3_lgb_noN+cb_N__1x_volsize
[01:44:33] CMD: python run_fast_sim.py --data data/features/crypto_features_1h.parquet --start-date 2024-07-01 --end-date 2024-12-31 --days 183 --leverage 1 --edge-boost --no-ddstop --ensemble --vol-size
[01:47:36]   => Return=N/A%  HAC=N/A  MaxDD=N/A%  WR=N/A%  PF=N/A
[01:47:36] SIM #40: WinA_train2024H1__ens3_lgb_noN+cb_N__1x_ddstop
[01:47:36] CMD: python run_fast_sim.py --data data/features/crypto_features_1h.parquet --start-date 2024-07-01 --end-date 2024-12-31 --days 183 --leverage 1 --edge-boost --ensemble
[01:50:38]   => Return=N/A%  HAC=N/A  MaxDD=N/A%  WR=N/A%  PF=N/A
[01:50:38] SIM #41: WinA_train2024H1__ens3_lgb_noN+cb_N__1x_eventfilt
[01:50:38] CMD: python run_fast_sim.py --data data/features/crypto_features_1h.parquet --start-date 2024-07-01 --end-date 2024-12-31 --days 183 --leverage 1 --edge-boost --no-ddstop --ensemble --event-filter
[01:53:42]   => Return=N/A%  HAC=N/A  MaxDD=N/A%  WR=N/A%  PF=N/A
[01:53:42] SIM #42: WinA_train2024H1__ens3_lgb_noN+cb_N__1x_regshorts05
[01:53:42] CMD: python run_fast_sim.py --data data/features/crypto_features_1h.parquet --start-date 2024-07-01 --end-date 2024-12-31 --days 183 --leverage 1 --edge-boost --no-ddstop --ensemble --regime-shorts 0.5
[01:56:45]   => Return=N/A%  HAC=N/A  MaxDD=N/A%  WR=N/A%  PF=N/A
[01:56:45] SIM #43: WinA_train2024H1__ens3_lgb_noN+cb_N__1x_derivgate
[01:56:45] CMD: python run_fast_sim.py --data data/features/crypto_features_1h.parquet --start-date 2024-07-01 --end-date 2024-12-31 --days 183 --leverage 1 --edge-boost --ensemble --deriv-gate
[01:59:48]   => Return=N/A%  HAC=N/A  MaxDD=N/A%  WR=N/A%  PF=N/A
[01:59:48] SIM #44: WinA_train2024H1__ens3_lgb_noN+cb_N__1x_combo_hyst5_sm03
[01:59:48] CMD: python run_fast_sim.py --data data/features/crypto_features_1h.parquet --start-date 2024-07-01 --end-date 2024-12-31 --days 183 --leverage 1 --edge-boost --no-ddstop --ensemble --hysteresis 5 --smooth-signal 0.3
[02:02:51]   => Return=N/A%  HAC=N/A  MaxDD=N/A%  WR=N/A%  PF=N/A
[02:02:51] SIM #45: WinA_train2024H1__ens3_lgb_noN+cb_N__1x_combo_hyst5_vt50_sm03
[02:02:51] CMD: python run_fast_sim.py --data data/features/crypto_features_1h.parquet --start-date 2024-07-01 --end-date 2024-12-31 --days 183 --leverage 1 --edge-boost --no-ddstop --ensemble --hysteresis 5 --vol-target-ann 0.50 --smooth-signal 0.3
[02:05:55]   => Return=N/A%  HAC=N/A  MaxDD=N/A%  WR=N/A%  PF=N/A
[02:05:55] SIM #46: WinA_train2024H1__ens3_lgb_noN+cb_N__3x_combo_hyst5_sm03
[02:05:55] CMD: python run_fast_sim.py --data data/features/crypto_features_1h.parquet --start-date 2024-07-01 --end-date 2024-12-31 --days 183 --leverage 3 --edge-boost --no-ddstop --ensemble --hysteresis 5 --smooth-signal 0.3
[02:08:58]   => Return=N/A%  HAC=N/A  MaxDD=N/A%  WR=N/A%  PF=N/A
[02:08:58] SIM #47: WinA_train2024H1__cb_solo_no_deriv__1x_smooth03
[02:08:58] CMD: python run_fast_sim.py --data data/features/crypto_features_1h.parquet --start-date 2024-07-01 --end-date 2024-12-31 --days 183 --leverage 1 --edge-boost --no-ddstop --ensemble --smooth-signal 0.3
[02:12:01]   => Return=N/A%  HAC=N/A  MaxDD=N/A%  WR=N/A%  PF=N/A
[02:12:01] SIM #48: WinA_train2024H1__cb_solo_no_deriv__1x_hyst5
[02:12:01] CMD: python run_fast_sim.py --data data/features/crypto_features_1h.parquet --start-date 2024-07-01 --end-date 2024-12-31 --days 183 --leverage 1 --edge-boost --no-ddstop --ensemble --hysteresis 5
[02:15:03]   => Return=N/A%  HAC=N/A  MaxDD=N/A%  WR=N/A%  PF=N/A
[02:15:03] SIM #49: WinA_train2024H1__cb_solo_no_deriv__1x_voltgt50
[02:15:03] CMD: python run_fast_sim.py --data data/features/crypto_features_1h.parquet --start-date 2024-07-01 --end-date 2024-12-31 --days 183 --leverage 1 --edge-boost --no-ddstop --ensemble --vol-target-ann 0.50
[02:18:05]   => Return=N/A%  HAC=N/A  MaxDD=N/A%  WR=N/A%  PF=N/A
[02:18:05] SIM #50: WinA_train2024H1__cb_solo_no_deriv__1x_ddstop
[02:18:05] CMD: python run_fast_sim.py --data data/features/crypto_features_1h.parquet --start-date 2024-07-01 --end-date 2024-12-31 --days 183 --leverage 1 --edge-boost --ensemble
[02:21:08]   => Return=N/A%  HAC=N/A  MaxDD=N/A%  WR=N/A%  PF=N/A
[02:21:08] SIM #51: WinA_train2024H1__cb_solo_no_deriv__1x_combo_hyst5_sm03
[02:21:08] CMD: python run_fast_sim.py --data data/features/crypto_features_1h.parquet --start-date 2024-07-01 --end-date 2024-12-31 --days 183 --leverage 1 --edge-boost --no-ddstop --ensemble --hysteresis 5 --smooth-signal 0.3
[02:24:10]   => Return=N/A%  HAC=N/A  MaxDD=N/A%  WR=N/A%  PF=N/A
[02:24:10] SIM #52: WinA_train2024H1__cb_solo_no_deriv__3x_combo_hyst5_sm03
[02:24:10] CMD: python run_fast_sim.py --data data/features/crypto_features_1h.parquet --start-date 2024-07-01 --end-date 2024-12-31 --days 183 --leverage 3 --edge-boost --no-ddstop --ensemble --hysteresis 5 --smooth-signal 0.3
[02:27:13]   => Return=N/A%  HAC=N/A  MaxDD=N/A%  WR=N/A%  PF=N/A
[02:27:13] --- LEVERAGE SWEEP ---
[02:27:13] SIM #53: WinA_train2024H1__ens3_lgb_noN+cb_N__2x_base
[02:27:13] CMD: python run_fast_sim.py --data data/features/crypto_features_1h.parquet --start-date 2024-07-01 --end-date 2024-12-31 --days 183 --leverage 2 --edge-boost --no-ddstop --ensemble
[02:30:16]   => Return=N/A%  HAC=N/A  MaxDD=N/A%  WR=N/A%  PF=N/A
[02:30:16] SIM #54: WinA_train2024H1__ens3_lgb_noN+cb_N__5x_base
[02:30:16] CMD: python run_fast_sim.py --data data/features/crypto_features_1h.parquet --start-date 2024-07-01 --end-date 2024-12-31 --days 183 --leverage 5 --edge-boost --no-ddstop --ensemble
[02:33:19]   => Return=N/A%  HAC=N/A  MaxDD=N/A%  WR=N/A%  PF=N/A
[02:33:19] SIM #55: WinA_train2024H1__cb_solo_no_deriv__2x_base
[02:33:19] CMD: python run_fast_sim.py --data data/features/crypto_features_1h.parquet --start-date 2024-07-01 --end-date 2024-12-31 --days 183 --leverage 2 --edge-boost --no-ddstop --ensemble
[02:36:22]   => Return=N/A%  HAC=N/A  MaxDD=N/A%  WR=N/A%  PF=N/A
[02:36:22] SIM #56: WinA_train2024H1__cb_solo_no_deriv__5x_base
[02:36:22] CMD: python run_fast_sim.py --data data/features/crypto_features_1h.parquet --start-date 2024-07-01 --end-date 2024-12-31 --days 183 --leverage 5 --edge-boost --no-ddstop --ensemble
[02:39:25]   => Return=N/A%  HAC=N/A  MaxDD=N/A%  WR=N/A%  PF=N/A
[02:39:25] --- CONFIDENCE SWEEPS ---
[02:39:25] SIM #57: WinA_train2024H1__ens3_lgb_noN+cb_N__1x_minconf85
[02:39:25] CMD: python run_fast_sim.py --data data/features/crypto_features_1h.parquet --start-date 2024-07-01 --end-date 2024-12-31 --days 183 --leverage 1 --edge-boost --no-ddstop --ensemble --min-conf 0.85
[02:42:30]   => Return=N/A%  HAC=N/A  MaxDD=N/A%  WR=N/A%  PF=N/A
[02:42:30] SIM #58: WinA_train2024H1__ens3_lgb_noN+cb_N__1x_minconf90
[02:42:30] CMD: python run_fast_sim.py --data data/features/crypto_features_1h.parquet --start-date 2024-07-01 --end-date 2024-12-31 --days 183 --leverage 1 --edge-boost --no-ddstop --ensemble --min-conf 0.90
[02:45:34]   => Return=N/A%  HAC=N/A  MaxDD=N/A%  WR=N/A%  PF=N/A
[02:45:34] SIM #59: WinA_train2024H1__ens3_lgb_noN+cb_N__1x_noconf
[02:45:34] CMD: python run_fast_sim.py --data data/features/crypto_features_1h.parquet --start-date 2024-07-01 --end-date 2024-12-31 --days 183 --leverage 1 --edge-boost --no-ddstop --ensemble --no-conf
[02:48:37]   => Return=N/A%  HAC=N/A  MaxDD=N/A%  WR=N/A%  PF=N/A
[02:48:37] SIM #60: WinA_train2024H1__cb_solo_no_deriv__1x_minconf85
[02:48:37] CMD: python run_fast_sim.py --data data/features/crypto_features_1h.parquet --start-date 2024-07-01 --end-date 2024-12-31 --days 183 --leverage 1 --edge-boost --no-ddstop --ensemble --min-conf 0.85
[02:51:40]   => Return=N/A%  HAC=N/A  MaxDD=N/A%  WR=N/A%  PF=N/A
[02:51:40] SIM #61: WinA_train2024H1__cb_solo_no_deriv__1x_minconf90
[02:51:40] CMD: python run_fast_sim.py --data data/features/crypto_features_1h.parquet --start-date 2024-07-01 --end-date 2024-12-31 --days 183 --leverage 1 --edge-boost --no-ddstop --ensemble --min-conf 0.90
[02:54:43]   => Return=N/A%  HAC=N/A  MaxDD=N/A%  WR=N/A%  PF=N/A
[02:54:43] 
[02:54:43] ╔══════════════════════════════════════════════════════════════╗
[02:54:43] ║  SIMULATING WINDOW B: 2025-01-01 → 2025-06-30 (180 days)
[02:54:43] ╚══════════════════════════════════════════════════════════════╝
[02:54:43] --- SOLO MODELS ---
[02:54:43] SIM #62: WinB_train2024__cb_solo_news__1x_base
[02:54:43] CMD: python run_fast_sim.py --data data/features/crypto_features_1h.parquet --start-date 2025-01-01 --end-date 2025-06-30 --days 180 --leverage 1 --edge-boost --no-ddstop --ensemble
[02:57:46]   => Return=N/A%  HAC=N/A  MaxDD=N/A%  WR=N/A%  PF=N/A
[02:57:46] SIM #63: WinB_train2024__cb_solo_news__3x_base
[02:57:46] CMD: python run_fast_sim.py --data data/features/crypto_features_1h.parquet --start-date 2025-01-01 --end-date 2025-06-30 --days 180 --leverage 3 --edge-boost --no-ddstop --ensemble
[03:00:50]   => Return=N/A%  HAC=N/A  MaxDD=N/A%  WR=N/A%  PF=N/A
[03:00:50] SIM #64: WinB_train2024__cb_solo_no_news__1x_base
[03:00:50] CMD: python run_fast_sim.py --data data/features/crypto_features_1h.parquet --start-date 2025-01-01 --end-date 2025-06-30 --days 180 --leverage 1 --edge-boost --no-ddstop --ensemble
[03:03:53]   => Return=N/A%  HAC=N/A  MaxDD=N/A%  WR=N/A%  PF=N/A
[03:03:53] SIM #65: WinB_train2024__cb_solo_no_news__3x_base
[03:03:53] CMD: python run_fast_sim.py --data data/features/crypto_features_1h.parquet --start-date 2025-01-01 --end-date 2025-06-30 --days 180 --leverage 3 --edge-boost --no-ddstop --ensemble
[03:06:56]   => Return=N/A%  HAC=N/A  MaxDD=N/A%  WR=N/A%  PF=N/A
[03:06:56] SIM #66: WinB_train2024__cb_solo_market_news__1x_base
[03:06:56] CMD: python run_fast_sim.py --data data/features/crypto_features_1h.parquet --start-date 2025-01-01 --end-date 2025-06-30 --days 180 --leverage 1 --edge-boost --no-ddstop --ensemble
[03:10:00]   => Return=N/A%  HAC=N/A  MaxDD=N/A%  WR=N/A%  PF=N/A
[03:10:00] SIM #67: WinB_train2024__cb_solo_no_deriv__1x_base
[03:10:00] CMD: python run_fast_sim.py --data data/features/crypto_features_1h.parquet --start-date 2025-01-01 --end-date 2025-06-30 --days 180 --leverage 1 --edge-boost --no-ddstop --ensemble
[03:13:03]   => Return=N/A%  HAC=N/A  MaxDD=N/A%  WR=N/A%  PF=N/A
[03:13:03] SIM #68: WinB_train2024__cb_solo_no_deriv__3x_base
[03:13:03] CMD: python run_fast_sim.py --data data/features/crypto_features_1h.parquet --start-date 2025-01-01 --end-date 2025-06-30 --days 180 --leverage 3 --edge-boost --no-ddstop --ensemble
[03:16:06]   => Return=N/A%  HAC=N/A  MaxDD=N/A%  WR=N/A%  PF=N/A
[03:16:06] SIM #69: WinB_train2024__cb_solo_news_no_deriv__1x_base
[03:16:06] CMD: python run_fast_sim.py --data data/features/crypto_features_1h.parquet --start-date 2025-01-01 --end-date 2025-06-30 --days 180 --leverage 1 --edge-boost --no-ddstop --ensemble
[03:19:10]   => Return=N/A%  HAC=N/A  MaxDD=N/A%  WR=N/A%  PF=N/A
[03:19:10] SIM #70: WinB_train2024__cb_solo_huber__1x_base
[03:19:10] CMD: python run_fast_sim.py --data data/features/crypto_features_1h.parquet --start-date 2025-01-01 --end-date 2025-06-30 --days 180 --leverage 1 --edge-boost --no-ddstop --ensemble
[03:22:14]   => Return=N/A%  HAC=N/A  MaxDD=N/A%  WR=N/A%  PF=N/A
[03:22:14] SIM #71: WinB_train2024__cb_solo_huber_no_deriv__1x_base
[03:22:14] CMD: python run_fast_sim.py --data data/features/crypto_features_1h.parquet --start-date 2025-01-01 --end-date 2025-06-30 --days 180 --leverage 1 --edge-boost --no-ddstop --ensemble
[03:25:18]   => Return=N/A%  HAC=N/A  MaxDD=N/A%  WR=N/A%  PF=N/A
[03:25:18] SIM #72: WinB_train2024__v6_solo_base__1x_base
[03:25:18] CMD: python run_fast_sim.py --data data/features/crypto_features_1h.parquet --start-date 2025-01-01 --end-date 2025-06-30 --days 180 --leverage 1 --edge-boost --no-ddstop --ensemble
[03:28:22]   => Return=N/A%  HAC=N/A  MaxDD=N/A%  WR=N/A%  PF=N/A
[03:28:22] SIM #73: WinB_train2024__v6_solo_base__3x_base
[03:28:22] CMD: python run_fast_sim.py --data data/features/crypto_features_1h.parquet --start-date 2025-01-01 --end-date 2025-06-30 --days 180 --leverage 3 --edge-boost --no-ddstop --ensemble
[03:31:24]   => Return=N/A%  HAC=N/A  MaxDD=N/A%  WR=N/A%  PF=N/A
[03:31:24] SIM #74: WinB_train2024__v6_solo_news__1x_base
[03:31:24] CMD: python run_fast_sim.py --data data/features/crypto_features_1h.parquet --start-date 2025-01-01 --end-date 2025-06-30 --days 180 --leverage 1 --edge-boost --no-ddstop --ensemble
[03:34:27]   => Return=N/A%  HAC=N/A  MaxDD=N/A%  WR=N/A%  PF=N/A
[03:34:27] SIM #75: WinB_train2024__v6_solo_no_deriv__1x_base
[03:34:27] CMD: python run_fast_sim.py --data data/features/crypto_features_1h.parquet --start-date 2025-01-01 --end-date 2025-06-30 --days 180 --leverage 1 --edge-boost --no-ddstop --ensemble
[03:37:29]   => Return=N/A%  HAC=N/A  MaxDD=N/A%  WR=N/A%  PF=N/A
[03:37:29] SIM #76: WinB_train2024__v7_solo_base__1x_base
[03:37:29] CMD: python run_fast_sim.py --data data/features/crypto_features_1h.parquet --start-date 2025-01-01 --end-date 2025-06-30 --days 180 --leverage 1 --edge-boost --no-ddstop --ensemble
[03:40:34]   => Return=N/A%  HAC=N/A  MaxDD=N/A%  WR=N/A%  PF=N/A
[03:40:34] SIM #77: WinB_train2024__v7_solo_base__3x_base
[03:40:34] CMD: python run_fast_sim.py --data data/features/crypto_features_1h.parquet --start-date 2025-01-01 --end-date 2025-06-30 --days 180 --leverage 3 --edge-boost --no-ddstop --ensemble
[03:43:37]   => Return=N/A%  HAC=N/A  MaxDD=N/A%  WR=N/A%  PF=N/A
[03:43:37] SIM #78: WinB_train2024__v7_solo_news__1x_base
[03:43:37] CMD: python run_fast_sim.py --data data/features/crypto_features_1h.parquet --start-date 2025-01-01 --end-date 2025-06-30 --days 180 --leverage 1 --edge-boost --no-ddstop --ensemble
[03:46:39]   => Return=N/A%  HAC=N/A  MaxDD=N/A%  WR=N/A%  PF=N/A
[03:46:40] SIM #79: WinB_train2024__xgb_solo_news__1x_base
[03:46:40] CMD: python run_fast_sim.py --data data/features/crypto_features_1h.parquet --start-date 2025-01-01 --end-date 2025-06-30 --days 180 --leverage 1 --edge-boost --no-ddstop --ensemble
[03:49:45]   => Return=N/A%  HAC=N/A  MaxDD=N/A%  WR=N/A%  PF=N/A
[03:49:45] SIM #80: WinB_train2024__xgb_solo_no_news__1x_base
[03:49:45] CMD: python run_fast_sim.py --data data/features/crypto_features_1h.parquet --start-date 2025-01-01 --end-date 2025-06-30 --days 180 --leverage 1 --edge-boost --no-ddstop --ensemble
[03:52:48]   => Return=N/A%  HAC=N/A  MaxDD=N/A%  WR=N/A%  PF=N/A
[03:52:48] --- ENSEMBLE 2 (v6+v7) ---
[03:52:48] SIM #81: WinB_train2024__ens2_v6v7_no_news__1x_base
[03:52:48] CMD: python run_fast_sim.py --data data/features/crypto_features_1h.parquet --start-date 2025-01-01 --end-date 2025-06-30 --days 180 --leverage 1 --edge-boost --no-ddstop --ensemble
[03:55:52]   => Return=N/A%  HAC=N/A  MaxDD=N/A%  WR=N/A%  PF=N/A
[03:55:52] SIM #82: WinB_train2024__ens2_v6v7_no_news__3x_base
[03:55:52] CMD: python run_fast_sim.py --data data/features/crypto_features_1h.parquet --start-date 2025-01-01 --end-date 2025-06-30 --days 180 --leverage 3 --edge-boost --no-ddstop --ensemble
[03:58:55]   => Return=N/A%  HAC=N/A  MaxDD=N/A%  WR=N/A%  PF=N/A
[03:58:55] SIM #83: WinB_train2024__ens2_v6v7_news__1x_base
[03:58:55] CMD: python run_fast_sim.py --data data/features/crypto_features_1h.parquet --start-date 2025-01-01 --end-date 2025-06-30 --days 180 --leverage 1 --edge-boost --no-ddstop --ensemble
[04:01:57]   => Return=N/A%  HAC=N/A  MaxDD=N/A%  WR=N/A%  PF=N/A
[04:01:57] --- ENSEMBLE 3 (v6+v7+CB) ---
[04:01:58] SIM #84: WinB_train2024__ens3_lgb_noN+cb_N__1x_base
[04:01:58] CMD: python run_fast_sim.py --data data/features/crypto_features_1h.parquet --start-date 2025-01-01 --end-date 2025-06-30 --days 180 --leverage 1 --edge-boost --no-ddstop --ensemble
[04:05:01]   => Return=N/A%  HAC=N/A  MaxDD=N/A%  WR=N/A%  PF=N/A
[04:05:01] SIM #85: WinB_train2024__ens3_lgb_noN+cb_N__3x_base
[04:05:01] CMD: python run_fast_sim.py --data data/features/crypto_features_1h.parquet --start-date 2025-01-01 --end-date 2025-06-30 --days 180 --leverage 3 --edge-boost --no-ddstop --ensemble
[04:08:04]   => Return=N/A%  HAC=N/A  MaxDD=N/A%  WR=N/A%  PF=N/A
[04:08:04] SIM #86: WinB_train2024__ens3_all_no_news__1x_base
[04:08:04] CMD: python run_fast_sim.py --data data/features/crypto_features_1h.parquet --start-date 2025-01-01 --end-date 2025-06-30 --days 180 --leverage 1 --edge-boost --no-ddstop --ensemble
[04:11:08]   => Return=N/A%  HAC=N/A  MaxDD=N/A%  WR=N/A%  PF=N/A
[04:11:08] SIM #87: WinB_train2024__ens3_all_news__1x_base
[04:11:08] CMD: python run_fast_sim.py --data data/features/crypto_features_1h.parquet --start-date 2025-01-01 --end-date 2025-06-30 --days 180 --leverage 1 --edge-boost --no-ddstop --ensemble
[04:14:10]   => Return=N/A%  HAC=N/A  MaxDD=N/A%  WR=N/A%  PF=N/A
[04:14:10] SIM #88: WinB_train2024__ens3_all_no_deriv__1x_base
[04:14:10] CMD: python run_fast_sim.py --data data/features/crypto_features_1h.parquet --start-date 2025-01-01 --end-date 2025-06-30 --days 180 --leverage 1 --edge-boost --no-ddstop --ensemble
[04:17:14]   => Return=N/A%  HAC=N/A  MaxDD=N/A%  WR=N/A%  PF=N/A
[04:17:14] --- ENSEMBLE 4 (v6+v7+CB+XGB) ---
[04:17:14] SIM #89: WinB_train2024__ens4_lgb_noN+cb_N+xgb_N__1x_base
[04:17:14] CMD: python run_fast_sim.py --data data/features/crypto_features_1h.parquet --start-date 2025-01-01 --end-date 2025-06-30 --days 180 --leverage 1 --edge-boost --no-ddstop --ensemble
[04:20:17]   => Return=N/A%  HAC=N/A  MaxDD=N/A%  WR=N/A%  PF=N/A
[04:20:17] SIM #90: WinB_train2024__ens4_lgb_noN+cb_N+xgb_N__3x_base
[04:20:17] CMD: python run_fast_sim.py --data data/features/crypto_features_1h.parquet --start-date 2025-01-01 --end-date 2025-06-30 --days 180 --leverage 3 --edge-boost --no-ddstop --ensemble
[04:23:23]   => Return=N/A%  HAC=N/A  MaxDD=N/A%  WR=N/A%  PF=N/A
[04:23:23] SIM #91: WinB_train2024__ens4_all_no_news__1x_base
[04:23:23] CMD: python run_fast_sim.py --data data/features/crypto_features_1h.parquet --start-date 2025-01-01 --end-date 2025-06-30 --days 180 --leverage 1 --edge-boost --no-ddstop --ensemble
[04:26:28]   => Return=N/A%  HAC=N/A  MaxDD=N/A%  WR=N/A%  PF=N/A
[04:26:28] SIM #92: WinB_train2024__ens4_all_news__1x_base
[04:26:28] CMD: python run_fast_sim.py --data data/features/crypto_features_1h.parquet --start-date 2025-01-01 --end-date 2025-06-30 --days 180 --leverage 1 --edge-boost --no-ddstop --ensemble
[04:29:32]   => Return=N/A%  HAC=N/A  MaxDD=N/A%  WR=N/A%  PF=N/A
[04:29:32] SIM #93: WinB_train2024__ens4_all_no_deriv__1x_base
[04:29:32] CMD: python run_fast_sim.py --data data/features/crypto_features_1h.parquet --start-date 2025-01-01 --end-date 2025-06-30 --days 180 --leverage 1 --edge-boost --no-ddstop --ensemble
[04:32:36]   => Return=N/A%  HAC=N/A  MaxDD=N/A%  WR=N/A%  PF=N/A
[04:32:36] --- EXECUTION FLAG SWEEPS ---
[04:32:36] SIM #94: WinB_train2024__ens3_lgb_noN+cb_N__1x_smooth03
[04:32:36] CMD: python run_fast_sim.py --data data/features/crypto_features_1h.parquet --start-date 2025-01-01 --end-date 2025-06-30 --days 180 --leverage 1 --edge-boost --no-ddstop --ensemble --smooth-signal 0.3
[04:35:40]   => Return=N/A%  HAC=N/A  MaxDD=N/A%  WR=N/A%  PF=N/A
[04:35:40] SIM #95: WinB_train2024__ens3_lgb_noN+cb_N__1x_smooth05
[04:35:40] CMD: python run_fast_sim.py --data data/features/crypto_features_1h.parquet --start-date 2025-01-01 --end-date 2025-06-30 --days 180 --leverage 1 --edge-boost --no-ddstop --ensemble --smooth-signal 0.5
[04:38:43]   => Return=N/A%  HAC=N/A  MaxDD=N/A%  WR=N/A%  PF=N/A
[04:38:43] SIM #96: WinB_train2024__ens3_lgb_noN+cb_N__1x_hyst5
[04:38:43] CMD: python run_fast_sim.py --data data/features/crypto_features_1h.parquet --start-date 2025-01-01 --end-date 2025-06-30 --days 180 --leverage 1 --edge-boost --no-ddstop --ensemble --hysteresis 5
[04:41:47]   => Return=N/A%  HAC=N/A  MaxDD=N/A%  WR=N/A%  PF=N/A
[04:41:47] SIM #97: WinB_train2024__ens3_lgb_noN+cb_N__1x_hyst7
[04:41:47] CMD: python run_fast_sim.py --data data/features/crypto_features_1h.parquet --start-date 2025-01-01 --end-date 2025-06-30 --days 180 --leverage 1 --edge-boost --no-ddstop --ensemble --hysteresis 7
[04:44:49]   => Return=N/A%  HAC=N/A  MaxDD=N/A%  WR=N/A%  PF=N/A
[04:44:49] SIM #98: WinB_train2024__ens3_lgb_noN+cb_N__1x_voltgt30
[04:44:49] CMD: python run_fast_sim.py --data data/features/crypto_features_1h.parquet --start-date 2025-01-01 --end-date 2025-06-30 --days 180 --leverage 1 --edge-boost --no-ddstop --ensemble --vol-target-ann 0.30
[04:47:53]   => Return=N/A%  HAC=N/A  MaxDD=N/A%  WR=N/A%  PF=N/A
[04:47:53] SIM #99: WinB_train2024__ens3_lgb_noN+cb_N__1x_voltgt50
[04:47:53] CMD: python run_fast_sim.py --data data/features/crypto_features_1h.parquet --start-date 2025-01-01 --end-date 2025-06-30 --days 180 --leverage 1 --edge-boost --no-ddstop --ensemble --vol-target-ann 0.50
[04:50:55]   => Return=N/A%  HAC=N/A  MaxDD=N/A%  WR=N/A%  PF=N/A
[04:50:55] SIM #100: WinB_train2024__ens3_lgb_noN+cb_N__1x_volsize
[04:50:55] CMD: python run_fast_sim.py --data data/features/crypto_features_1h.parquet --start-date 2025-01-01 --end-date 2025-06-30 --days 180 --leverage 1 --edge-boost --no-ddstop --ensemble --vol-size
[04:53:59]   => Return=N/A%  HAC=N/A  MaxDD=N/A%  WR=N/A%  PF=N/A
[04:53:59] SIM #101: WinB_train2024__ens3_lgb_noN+cb_N__1x_ddstop
[04:53:59] CMD: python run_fast_sim.py --data data/features/crypto_features_1h.parquet --start-date 2025-01-01 --end-date 2025-06-30 --days 180 --leverage 1 --edge-boost --ensemble
[04:57:03]   => Return=N/A%  HAC=N/A  MaxDD=N/A%  WR=N/A%  PF=N/A
[04:57:03] SIM #102: WinB_train2024__ens3_lgb_noN+cb_N__1x_eventfilt
[04:57:03] CMD: python run_fast_sim.py --data data/features/crypto_features_1h.parquet --start-date 2025-01-01 --end-date 2025-06-30 --days 180 --leverage 1 --edge-boost --no-ddstop --ensemble --event-filter
[05:00:05]   => Return=N/A%  HAC=N/A  MaxDD=N/A%  WR=N/A%  PF=N/A
[05:00:05] SIM #103: WinB_train2024__ens3_lgb_noN+cb_N__1x_regshorts05
[05:00:05] CMD: python run_fast_sim.py --data data/features/crypto_features_1h.parquet --start-date 2025-01-01 --end-date 2025-06-30 --days 180 --leverage 1 --edge-boost --no-ddstop --ensemble --regime-shorts 0.5
[05:03:08]   => Return=N/A%  HAC=N/A  MaxDD=N/A%  WR=N/A%  PF=N/A
[05:03:08] SIM #104: WinB_train2024__ens3_lgb_noN+cb_N__1x_derivgate
[05:03:08] CMD: python run_fast_sim.py --data data/features/crypto_features_1h.parquet --start-date 2025-01-01 --end-date 2025-06-30 --days 180 --leverage 1 --edge-boost --ensemble --deriv-gate
[05:06:12]   => Return=N/A%  HAC=N/A  MaxDD=N/A%  WR=N/A%  PF=N/A
[05:06:12] SIM #105: WinB_train2024__ens3_lgb_noN+cb_N__1x_combo_hyst5_sm03
[05:06:12] CMD: python run_fast_sim.py --data data/features/crypto_features_1h.parquet --start-date 2025-01-01 --end-date 2025-06-30 --days 180 --leverage 1 --edge-boost --no-ddstop --ensemble --hysteresis 5 --smooth-signal 0.3
[05:09:15]   => Return=N/A%  HAC=N/A  MaxDD=N/A%  WR=N/A%  PF=N/A
[05:09:15] SIM #106: WinB_train2024__ens3_lgb_noN+cb_N__1x_combo_hyst5_vt50_sm03
[05:09:15] CMD: python run_fast_sim.py --data data/features/crypto_features_1h.parquet --start-date 2025-01-01 --end-date 2025-06-30 --days 180 --leverage 1 --edge-boost --no-ddstop --ensemble --hysteresis 5 --vol-target-ann 0.50 --smooth-signal 0.3
[05:12:18]   => Return=N/A%  HAC=N/A  MaxDD=N/A%  WR=N/A%  PF=N/A
[05:12:18] SIM #107: WinB_train2024__ens3_lgb_noN+cb_N__3x_combo_hyst5_sm03
[05:12:18] CMD: python run_fast_sim.py --data data/features/crypto_features_1h.parquet --start-date 2025-01-01 --end-date 2025-06-30 --days 180 --leverage 3 --edge-boost --no-ddstop --ensemble --hysteresis 5 --smooth-signal 0.3
[05:15:23]   => Return=N/A%  HAC=N/A  MaxDD=N/A%  WR=N/A%  PF=N/A
[05:15:23] SIM #108: WinB_train2024__cb_solo_no_deriv__1x_smooth03
[05:15:23] CMD: python run_fast_sim.py --data data/features/crypto_features_1h.parquet --start-date 2025-01-01 --end-date 2025-06-30 --days 180 --leverage 1 --edge-boost --no-ddstop --ensemble --smooth-signal 0.3
[05:18:26]   => Return=N/A%  HAC=N/A  MaxDD=N/A%  WR=N/A%  PF=N/A
[05:18:26] SIM #109: WinB_train2024__cb_solo_no_deriv__1x_hyst5
[05:18:26] CMD: python run_fast_sim.py --data data/features/crypto_features_1h.parquet --start-date 2025-01-01 --end-date 2025-06-30 --days 180 --leverage 1 --edge-boost --no-ddstop --ensemble --hysteresis 5
[05:21:29]   => Return=N/A%  HAC=N/A  MaxDD=N/A%  WR=N/A%  PF=N/A
[05:21:29] SIM #110: WinB_train2024__cb_solo_no_deriv__1x_voltgt50
[05:21:29] CMD: python run_fast_sim.py --data data/features/crypto_features_1h.parquet --start-date 2025-01-01 --end-date 2025-06-30 --days 180 --leverage 1 --edge-boost --no-ddstop --ensemble --vol-target-ann 0.50
[05:24:32]   => Return=N/A%  HAC=N/A  MaxDD=N/A%  WR=N/A%  PF=N/A
[05:24:32] SIM #111: WinB_train2024__cb_solo_no_deriv__1x_ddstop
[05:24:32] CMD: python run_fast_sim.py --data data/features/crypto_features_1h.parquet --start-date 2025-01-01 --end-date 2025-06-30 --days 180 --leverage 1 --edge-boost --ensemble
[05:27:35]   => Return=N/A%  HAC=N/A  MaxDD=N/A%  WR=N/A%  PF=N/A
[05:27:35] SIM #112: WinB_train2024__cb_solo_no_deriv__1x_combo_hyst5_sm03
[05:27:35] CMD: python run_fast_sim.py --data data/features/crypto_features_1h.parquet --start-date 2025-01-01 --end-date 2025-06-30 --days 180 --leverage 1 --edge-boost --no-ddstop --ensemble --hysteresis 5 --smooth-signal 0.3
[05:30:38]   => Return=N/A%  HAC=N/A  MaxDD=N/A%  WR=N/A%  PF=N/A
[05:30:38] SIM #113: WinB_train2024__cb_solo_no_deriv__3x_combo_hyst5_sm03
[05:30:38] CMD: python run_fast_sim.py --data data/features/crypto_features_1h.parquet --start-date 2025-01-01 --end-date 2025-06-30 --days 180 --leverage 3 --edge-boost --no-ddstop --ensemble --hysteresis 5 --smooth-signal 0.3
[05:33:42]   => Return=N/A%  HAC=N/A  MaxDD=N/A%  WR=N/A%  PF=N/A
[05:33:42] --- LEVERAGE SWEEP ---
[05:33:42] SIM #114: WinB_train2024__ens3_lgb_noN+cb_N__2x_base
[05:33:42] CMD: python run_fast_sim.py --data data/features/crypto_features_1h.parquet --start-date 2025-01-01 --end-date 2025-06-30 --days 180 --leverage 2 --edge-boost --no-ddstop --ensemble
[05:36:47]   => Return=N/A%  HAC=N/A  MaxDD=N/A%  WR=N/A%  PF=N/A
[05:36:47] SIM #115: WinB_train2024__ens3_lgb_noN+cb_N__5x_base
[05:36:47] CMD: python run_fast_sim.py --data data/features/crypto_features_1h.parquet --start-date 2025-01-01 --end-date 2025-06-30 --days 180 --leverage 5 --edge-boost --no-ddstop --ensemble
[05:39:51]   => Return=N/A%  HAC=N/A  MaxDD=N/A%  WR=N/A%  PF=N/A
[05:39:51] SIM #116: WinB_train2024__cb_solo_no_deriv__2x_base
[05:39:51] CMD: python run_fast_sim.py --data data/features/crypto_features_1h.parquet --start-date 2025-01-01 --end-date 2025-06-30 --days 180 --leverage 2 --edge-boost --no-ddstop --ensemble
[05:42:53]   => Return=N/A%  HAC=N/A  MaxDD=N/A%  WR=N/A%  PF=N/A
[05:42:53] SIM #117: WinB_train2024__cb_solo_no_deriv__5x_base
[05:42:53] CMD: python run_fast_sim.py --data data/features/crypto_features_1h.parquet --start-date 2025-01-01 --end-date 2025-06-30 --days 180 --leverage 5 --edge-boost --no-ddstop --ensemble
[05:45:57]   => Return=N/A%  HAC=N/A  MaxDD=N/A%  WR=N/A%  PF=N/A
[05:45:57] --- CONFIDENCE SWEEPS ---
[05:45:57] SIM #118: WinB_train2024__ens3_lgb_noN+cb_N__1x_minconf85
[05:45:57] CMD: python run_fast_sim.py --data data/features/crypto_features_1h.parquet --start-date 2025-01-01 --end-date 2025-06-30 --days 180 --leverage 1 --edge-boost --no-ddstop --ensemble --min-conf 0.85
[05:49:02]   => Return=N/A%  HAC=N/A  MaxDD=N/A%  WR=N/A%  PF=N/A
[05:49:02] SIM #119: WinB_train2024__ens3_lgb_noN+cb_N__1x_minconf90
[05:49:02] CMD: python run_fast_sim.py --data data/features/crypto_features_1h.parquet --start-date 2025-01-01 --end-date 2025-06-30 --days 180 --leverage 1 --edge-boost --no-ddstop --ensemble --min-conf 0.90
[05:52:05]   => Return=N/A%  HAC=N/A  MaxDD=N/A%  WR=N/A%  PF=N/A
[05:52:05] SIM #120: WinB_train2024__ens3_lgb_noN+cb_N__1x_noconf
[05:52:05] CMD: python run_fast_sim.py --data data/features/crypto_features_1h.parquet --start-date 2025-01-01 --end-date 2025-06-30 --days 180 --leverage 1 --edge-boost --no-ddstop --ensemble --no-conf
[05:55:08]   => Return=N/A%  HAC=N/A  MaxDD=N/A%  WR=N/A%  PF=N/A
[05:55:08] SIM #121: WinB_train2024__cb_solo_no_deriv__1x_minconf85
[05:55:08] CMD: python run_fast_sim.py --data data/features/crypto_features_1h.parquet --start-date 2025-01-01 --end-date 2025-06-30 --days 180 --leverage 1 --edge-boost --no-ddstop --ensemble --min-conf 0.85
[05:58:10]   => Return=N/A%  HAC=N/A  MaxDD=N/A%  WR=N/A%  PF=N/A
[05:58:10] SIM #122: WinB_train2024__cb_solo_no_deriv__1x_minconf90
[05:58:10] CMD: python run_fast_sim.py --data data/features/crypto_features_1h.parquet --start-date 2025-01-01 --end-date 2025-06-30 --days 180 --leverage 1 --edge-boost --no-ddstop --ensemble --min-conf 0.90
[06:01:12]   => Return=N/A%  HAC=N/A  MaxDD=N/A%  WR=N/A%  PF=N/A
[06:01:12] 
[06:01:12] ╔══════════════════════════════════════════════════════════════╗
[06:01:12] ║  SIMULATING WINDOW C: 2025-07-01 → 2025-12-31 (183 days)
[06:01:12] ╚══════════════════════════════════════════════════════════════╝
[06:01:12] --- SOLO MODELS ---
[06:01:12] SIM #123: WinC_train2025H1__cb_solo_news__1x_base
[06:01:12] CMD: python run_fast_sim.py --data data/features/crypto_features_1h.parquet --start-date 2025-07-01 --end-date 2025-12-31 --days 183 --leverage 1 --edge-boost --no-ddstop --ensemble
[06:04:23]   => Return=+43.1%  HAC=+7.59  MaxDD=DD:%  WR=Rate:%  PF=N/A
[06:04:23] SIM #124: WinC_train2025H1__cb_solo_news__3x_base
[06:04:23] CMD: python run_fast_sim.py --data data/features/crypto_features_1h.parquet --start-date 2025-07-01 --end-date 2025-12-31 --days 183 --leverage 3 --edge-boost --no-ddstop --ensemble
[06:07:33]   => Return=+163.6%  HAC=+7.51  MaxDD=DD:%  WR=Rate:%  PF=N/A
[06:07:33] SIM #125: WinC_train2025H1__cb_solo_no_news__1x_base
[06:07:33] CMD: python run_fast_sim.py --data data/features/crypto_features_1h.parquet --start-date 2025-07-01 --end-date 2025-12-31 --days 183 --leverage 1 --edge-boost --no-ddstop --ensemble
[06:10:45]   => Return=+44.1%  HAC=+7.73  MaxDD=DD:%  WR=Rate:%  PF=N/A
[06:10:45] SIM #126: WinC_train2025H1__cb_solo_no_news__3x_base
[06:10:45] CMD: python run_fast_sim.py --data data/features/crypto_features_1h.parquet --start-date 2025-07-01 --end-date 2025-12-31 --days 183 --leverage 3 --edge-boost --no-ddstop --ensemble
[06:13:55]   => Return=+169.2%  HAC=+7.69  MaxDD=DD:%  WR=Rate:%  PF=N/A
[06:13:55] SIM #127: WinC_train2025H1__cb_solo_market_news__1x_base
[06:13:55] CMD: python run_fast_sim.py --data data/features/crypto_features_1h.parquet --start-date 2025-07-01 --end-date 2025-12-31 --days 183 --leverage 1 --edge-boost --no-ddstop --ensemble
[06:17:05]   => Return=+43.8%  HAC=+7.76  MaxDD=DD:%  WR=Rate:%  PF=N/A
[06:17:05] SIM #128: WinC_train2025H1__cb_solo_no_deriv__1x_base
[06:17:05] CMD: python run_fast_sim.py --data data/features/crypto_features_1h.parquet --start-date 2025-07-01 --end-date 2025-12-31 --days 183 --leverage 1 --edge-boost --no-ddstop --ensemble
[06:20:15]   => Return=+42.5%  HAC=+7.58  MaxDD=DD:%  WR=Rate:%  PF=N/A
[06:20:15] SIM #129: WinC_train2025H1__cb_solo_no_deriv__3x_base
[06:20:15] CMD: python run_fast_sim.py --data data/features/crypto_features_1h.parquet --start-date 2025-07-01 --end-date 2025-12-31 --days 183 --leverage 3 --edge-boost --no-ddstop --ensemble
[06:23:25]   => Return=+160.8%  HAC=+7.51  MaxDD=DD:%  WR=Rate:%  PF=N/A
[06:23:25] SIM #130: WinC_train2025H1__cb_solo_news_no_deriv__1x_base
[06:23:25] CMD: python run_fast_sim.py --data data/features/crypto_features_1h.parquet --start-date 2025-07-01 --end-date 2025-12-31 --days 183 --leverage 1 --edge-boost --no-ddstop --ensemble
[06:26:36]   => Return=+40.6%  HAC=+7.17  MaxDD=DD:%  WR=Rate:%  PF=N/A
[06:26:36] SIM #131: WinC_train2025H1__cb_solo_huber__1x_base
[06:26:36] CMD: python run_fast_sim.py --data data/features/crypto_features_1h.parquet --start-date 2025-07-01 --end-date 2025-12-31 --days 183 --leverage 1 --edge-boost --no-ddstop --ensemble
[06:29:46]   => Return=+44.8%  HAC=+8.13  MaxDD=DD:%  WR=Rate:%  PF=N/A
[06:29:46] SIM #132: WinC_train2025H1__cb_solo_huber_no_deriv__1x_base
[06:29:46] CMD: python run_fast_sim.py --data data/features/crypto_features_1h.parquet --start-date 2025-07-01 --end-date 2025-12-31 --days 183 --leverage 1 --edge-boost --no-ddstop --ensemble
[06:32:57]   => Return=+43.0%  HAC=+7.76  MaxDD=DD:%  WR=Rate:%  PF=N/A
[06:32:57] SIM #133: WinC_train2025H1__v6_solo_base__1x_base
[06:32:57] CMD: python run_fast_sim.py --data data/features/crypto_features_1h.parquet --start-date 2025-07-01 --end-date 2025-12-31 --days 183 --leverage 1 --edge-boost --no-ddstop --ensemble
[06:36:07]   => Return=+41.4%  HAC=+7.69  MaxDD=DD:%  WR=Rate:%  PF=N/A
[06:36:07] SIM #134: WinC_train2025H1__v6_solo_base__3x_base
[06:36:07] CMD: python run_fast_sim.py --data data/features/crypto_features_1h.parquet --start-date 2025-07-01 --end-date 2025-12-31 --days 183 --leverage 3 --edge-boost --no-ddstop --ensemble
[06:39:17]   => Return=+154.9%  HAC=+7.56  MaxDD=DD:%  WR=Rate:%  PF=N/A
[06:39:17] SIM #135: WinC_train2025H1__v6_solo_news__1x_base
[06:39:17] CMD: python run_fast_sim.py --data data/features/crypto_features_1h.parquet --start-date 2025-07-01 --end-date 2025-12-31 --days 183 --leverage 1 --edge-boost --no-ddstop --ensemble
[06:42:27]   => Return=+40.9%  HAC=+7.65  MaxDD=DD:%  WR=Rate:%  PF=N/A
[06:42:27] SIM #136: WinC_train2025H1__v6_solo_no_deriv__1x_base
[06:42:27] CMD: python run_fast_sim.py --data data/features/crypto_features_1h.parquet --start-date 2025-07-01 --end-date 2025-12-31 --days 183 --leverage 1 --edge-boost --no-ddstop --ensemble
[06:45:36]   => Return=+40.2%  HAC=+7.34  MaxDD=DD:%  WR=Rate:%  PF=N/A
[06:45:37] SIM #137: WinC_train2025H1__v7_solo_base__1x_base
[06:45:37] CMD: python run_fast_sim.py --data data/features/crypto_features_1h.parquet --start-date 2025-07-01 --end-date 2025-12-31 --days 183 --leverage 1 --edge-boost --no-ddstop --ensemble
[06:48:46]   => Return=+42.6%  HAC=+7.81  MaxDD=DD:%  WR=Rate:%  PF=N/A
[06:48:46] SIM #138: WinC_train2025H1__v7_solo_base__3x_base
[06:48:46] CMD: python run_fast_sim.py --data data/features/crypto_features_1h.parquet --start-date 2025-07-01 --end-date 2025-12-31 --days 183 --leverage 3 --edge-boost --no-ddstop --ensemble
[06:51:56]   => Return=+161.1%  HAC=+7.67  MaxDD=DD:%  WR=Rate:%  PF=N/A
[06:51:57] SIM #139: WinC_train2025H1__v7_solo_news__1x_base
[06:51:57] CMD: python run_fast_sim.py --data data/features/crypto_features_1h.parquet --start-date 2025-07-01 --end-date 2025-12-31 --days 183 --leverage 1 --edge-boost --no-ddstop --ensemble
[06:55:06]   => Return=+42.3%  HAC=+7.62  MaxDD=DD:%  WR=Rate:%  PF=N/A
[06:55:07] SIM #140: WinC_train2025H1__xgb_solo_news__1x_base
[06:55:07] CMD: python run_fast_sim.py --data data/features/crypto_features_1h.parquet --start-date 2025-07-01 --end-date 2025-12-31 --days 183 --leverage 1 --edge-boost --no-ddstop --ensemble
[06:58:21]   => Return=+41.5%  HAC=+7.85  MaxDD=DD:%  WR=Rate:%  PF=N/A
[06:58:21] SIM #141: WinC_train2025H1__xgb_solo_no_news__1x_base
[06:58:21] CMD: python run_fast_sim.py --data data/features/crypto_features_1h.parquet --start-date 2025-07-01 --end-date 2025-12-31 --days 183 --leverage 1 --edge-boost --no-ddstop --ensemble
[07:01:34]   => Return=+41.6%  HAC=+7.93  MaxDD=DD:%  WR=Rate:%  PF=N/A
[07:01:34] --- ENSEMBLE 2 (v6+v7) ---
[07:01:34] SIM #142: WinC_train2025H1__ens2_v6v7_no_news__1x_base
[07:01:34] CMD: python run_fast_sim.py --data data/features/crypto_features_1h.parquet --start-date 2025-07-01 --end-date 2025-12-31 --days 183 --leverage 1 --edge-boost --no-ddstop --ensemble
[07:04:45]   => Return=+35.4%  HAC=+6.54  MaxDD=DD:%  WR=Rate:%  PF=N/A
[07:04:45] SIM #143: WinC_train2025H1__ens2_v6v7_no_news__3x_base
[07:04:45] CMD: python run_fast_sim.py --data data/features/crypto_features_1h.parquet --start-date 2025-07-01 --end-date 2025-12-31 --days 183 --leverage 3 --edge-boost --no-ddstop --ensemble
[07:07:57]   => Return=+123.4%  HAC=+6.38  MaxDD=DD:%  WR=Rate:%  PF=N/A
[07:07:57] SIM #144: WinC_train2025H1__ens2_v6v7_news__1x_base
[07:07:57] CMD: python run_fast_sim.py --data data/features/crypto_features_1h.parquet --start-date 2025-07-01 --end-date 2025-12-31 --days 183 --leverage 1 --edge-boost --no-ddstop --ensemble
[07:11:09]   => Return=+35.1%  HAC=+6.51  MaxDD=DD:%  WR=Rate:%  PF=N/A
[07:11:09] --- ENSEMBLE 3 (v6+v7+CB) ---
[07:11:09] SIM #145: WinC_train2025H1__ens3_lgb_noN+cb_N__1x_base
[07:11:09] CMD: python run_fast_sim.py --data data/features/crypto_features_1h.parquet --start-date 2025-07-01 --end-date 2025-12-31 --days 183 --leverage 1 --edge-boost --no-ddstop --ensemble
[07:14:22]   => Return=+30.2%  HAC=+5.60  MaxDD=DD:%  WR=Rate:%  PF=N/A
[07:14:22] SIM #146: WinC_train2025H1__ens3_lgb_noN+cb_N__3x_base
[07:14:22] CMD: python run_fast_sim.py --data data/features/crypto_features_1h.parquet --start-date 2025-07-01 --end-date 2025-12-31 --days 183 --leverage 3 --edge-boost --no-ddstop --ensemble
[07:17:35]   => Return=+98.6%  HAC=+5.33  MaxDD=DD:%  WR=Rate:%  PF=N/A
[07:17:35] SIM #147: WinC_train2025H1__ens3_all_no_news__1x_base
[07:17:35] CMD: python run_fast_sim.py --data data/features/crypto_features_1h.parquet --start-date 2025-07-01 --end-date 2025-12-31 --days 183 --leverage 1 --edge-boost --no-ddstop --ensemble
[07:20:51]   => Return=+29.8%  HAC=+5.53  MaxDD=DD:%  WR=Rate:%  PF=N/A
[07:20:51] SIM #148: WinC_train2025H1__ens3_all_news__1x_base
[07:20:51] CMD: python run_fast_sim.py --data data/features/crypto_features_1h.parquet --start-date 2025-07-01 --end-date 2025-12-31 --days 183 --leverage 1 --edge-boost --no-ddstop --ensemble
[07:24:06]   => Return=+31.3%  HAC=+5.79  MaxDD=DD:%  WR=Rate:%  PF=N/A
[07:24:06] SIM #149: WinC_train2025H1__ens3_all_no_deriv__1x_base
[07:24:06] CMD: python run_fast_sim.py --data data/features/crypto_features_1h.parquet --start-date 2025-07-01 --end-date 2025-12-31 --days 183 --leverage 1 --edge-boost --no-ddstop --ensemble
[07:27:18]   => Return=+25.7%  HAC=+4.98  MaxDD=DD:%  WR=Rate:%  PF=N/A
[07:27:18] --- ENSEMBLE 4 (v6+v7+CB+XGB) ---
[07:27:19] SIM #150: WinC_train2025H1__ens4_lgb_noN+cb_N+xgb_N__1x_base
[07:27:19] CMD: python run_fast_sim.py --data data/features/crypto_features_1h.parquet --start-date 2025-07-01 --end-date 2025-12-31 --days 183 --leverage 1 --edge-boost --no-ddstop --ensemble
[07:30:40]   => Return=+27.2%  HAC=+5.27  MaxDD=DD:%  WR=Rate:%  PF=N/A
[07:30:40] SIM #151: WinC_train2025H1__ens4_lgb_noN+cb_N+xgb_N__3x_base
[07:30:40] CMD: python run_fast_sim.py --data data/features/crypto_features_1h.parquet --start-date 2025-07-01 --end-date 2025-12-31 --days 183 --leverage 3 --edge-boost --no-ddstop --ensemble
[07:33:59]   => Return=+85.1%  HAC=+4.92  MaxDD=DD:%  WR=Rate:%  PF=N/A
[07:34:00] SIM #152: WinC_train2025H1__ens4_all_no_news__1x_base
[07:34:00] CMD: python run_fast_sim.py --data data/features/crypto_features_1h.parquet --start-date 2025-07-01 --end-date 2025-12-31 --days 183 --leverage 1 --edge-boost --no-ddstop --ensemble
[07:37:20]   => Return=+26.2%  HAC=+4.97  MaxDD=DD:%  WR=Rate:%  PF=N/A
[07:37:20] SIM #153: WinC_train2025H1__ens4_all_news__1x_base
[07:37:20] CMD: python run_fast_sim.py --data data/features/crypto_features_1h.parquet --start-date 2025-07-01 --end-date 2025-12-31 --days 183 --leverage 1 --edge-boost --no-ddstop --ensemble
[07:40:42]   => Return=+27.7%  HAC=+5.34  MaxDD=DD:%  WR=Rate:%  PF=N/A
[07:40:42] SIM #154: WinC_train2025H1__ens4_all_no_deriv__1x_base
[07:40:42] CMD: python run_fast_sim.py --data data/features/crypto_features_1h.parquet --start-date 2025-07-01 --end-date 2025-12-31 --days 183 --leverage 1 --edge-boost --no-ddstop --ensemble
[07:44:02]   => Return=+21.9%  HAC=+4.26  MaxDD=DD:%  WR=Rate:%  PF=N/A
[07:44:02] --- EXECUTION FLAG SWEEPS ---
[07:44:02] SIM #155: WinC_train2025H1__ens3_lgb_noN+cb_N__1x_smooth03
[07:44:02] CMD: python run_fast_sim.py --data data/features/crypto_features_1h.parquet --start-date 2025-07-01 --end-date 2025-12-31 --days 183 --leverage 1 --edge-boost --no-ddstop --ensemble --smooth-signal 0.3
[07:47:16]   => Return=+26.3%  HAC=+5.18  MaxDD=DD:%  WR=Rate:%  PF=N/A
[07:47:16] SIM #156: WinC_train2025H1__ens3_lgb_noN+cb_N__1x_smooth05
[07:47:16] CMD: python run_fast_sim.py --data data/features/crypto_features_1h.parquet --start-date 2025-07-01 --end-date 2025-12-31 --days 183 --leverage 1 --edge-boost --no-ddstop --ensemble --smooth-signal 0.5
[07:50:29]   => Return=+21.6%  HAC=+4.51  MaxDD=DD:%  WR=Rate:%  PF=N/A
[07:50:29] SIM #157: WinC_train2025H1__ens3_lgb_noN+cb_N__1x_hyst5
[07:50:29] CMD: python run_fast_sim.py --data data/features/crypto_features_1h.parquet --start-date 2025-07-01 --end-date 2025-12-31 --days 183 --leverage 1 --edge-boost --no-ddstop --ensemble --hysteresis 5
[07:53:45]   => Return=+30.2%  HAC=+5.60  MaxDD=DD:%  WR=Rate:%  PF=N/A
[07:53:45] SIM #158: WinC_train2025H1__ens3_lgb_noN+cb_N__1x_hyst7
[07:53:45] CMD: python run_fast_sim.py --data data/features/crypto_features_1h.parquet --start-date 2025-07-01 --end-date 2025-12-31 --days 183 --leverage 1 --edge-boost --no-ddstop --ensemble --hysteresis 7
[07:56:59]   => Return=+30.2%  HAC=+5.60  MaxDD=DD:%  WR=Rate:%  PF=N/A
[07:56:59] SIM #159: WinC_train2025H1__ens3_lgb_noN+cb_N__1x_voltgt30
[07:56:59] CMD: python run_fast_sim.py --data data/features/crypto_features_1h.parquet --start-date 2025-07-01 --end-date 2025-12-31 --days 183 --leverage 1 --edge-boost --no-ddstop --ensemble --vol-target-ann 0.30
[08:00:11]   => Return=+39.2%  HAC=+5.02  MaxDD=DD:%  WR=Rate:%  PF=N/A
[08:00:11] SIM #160: WinC_train2025H1__ens3_lgb_noN+cb_N__1x_voltgt50
[08:00:11] CMD: python run_fast_sim.py --data data/features/crypto_features_1h.parquet --start-date 2025-07-01 --end-date 2025-12-31 --days 183 --leverage 1 --edge-boost --no-ddstop --ensemble --vol-target-ann 0.50
[08:03:26]   => Return=+54.4%  HAC=+5.49  MaxDD=DD:%  WR=Rate:%  PF=N/A
[08:03:26] SIM #161: WinC_train2025H1__ens3_lgb_noN+cb_N__1x_volsize
[08:03:26] CMD: python run_fast_sim.py --data data/features/crypto_features_1h.parquet --start-date 2025-07-01 --end-date 2025-12-31 --days 183 --leverage 1 --edge-boost --no-ddstop --ensemble --vol-size
[08:06:45]   => Return=+30.7%  HAC=+5.68  MaxDD=DD:%  WR=Rate:%  PF=N/A
[08:06:45] SIM #162: WinC_train2025H1__ens3_lgb_noN+cb_N__1x_ddstop
[08:06:45] CMD: python run_fast_sim.py --data data/features/crypto_features_1h.parquet --start-date 2025-07-01 --end-date 2025-12-31 --days 183 --leverage 1 --edge-boost --ensemble
[08:09:59]   => Return=+30.2%  HAC=+5.60  MaxDD=DD:%  WR=Rate:%  PF=N/A
[08:09:59] SIM #163: WinC_train2025H1__ens3_lgb_noN+cb_N__1x_eventfilt
[08:09:59] CMD: python run_fast_sim.py --data data/features/crypto_features_1h.parquet --start-date 2025-07-01 --end-date 2025-12-31 --days 183 --leverage 1 --edge-boost --no-ddstop --ensemble --event-filter
[08:13:13]   => Return=+30.2%  HAC=+5.60  MaxDD=DD:%  WR=Rate:%  PF=N/A
[08:13:13] SIM #164: WinC_train2025H1__ens3_lgb_noN+cb_N__1x_regshorts05
[08:13:13] CMD: python run_fast_sim.py --data data/features/crypto_features_1h.parquet --start-date 2025-07-01 --end-date 2025-12-31 --days 183 --leverage 1 --edge-boost --no-ddstop --ensemble --regime-shorts 0.5
[08:16:27]   => Return=+19.1%  HAC=+3.78  MaxDD=DD:%  WR=Rate:%  PF=N/A
[08:16:27] SIM #165: WinC_train2025H1__ens3_lgb_noN+cb_N__1x_derivgate
[08:16:27] CMD: python run_fast_sim.py --data data/features/crypto_features_1h.parquet --start-date 2025-07-01 --end-date 2025-12-31 --days 183 --leverage 1 --edge-boost --ensemble --deriv-gate
[08:19:41]   => Return=+30.2%  HAC=+5.60  MaxDD=DD:%  WR=Rate:%  PF=N/A
[08:19:41] SIM #166: WinC_train2025H1__ens3_lgb_noN+cb_N__1x_combo_hyst5_sm03
[08:19:41] CMD: python run_fast_sim.py --data data/features/crypto_features_1h.parquet --start-date 2025-07-01 --end-date 2025-12-31 --days 183 --leverage 1 --edge-boost --no-ddstop --ensemble --hysteresis 5 --smooth-signal 0.3
[08:22:55]   => Return=+26.3%  HAC=+5.18  MaxDD=DD:%  WR=Rate:%  PF=N/A
[08:22:55] SIM #167: WinC_train2025H1__ens3_lgb_noN+cb_N__1x_combo_hyst5_vt50_sm03
[08:22:55] CMD: python run_fast_sim.py --data data/features/crypto_features_1h.parquet --start-date 2025-07-01 --end-date 2025-12-31 --days 183 --leverage 1 --edge-boost --no-ddstop --ensemble --hysteresis 5 --vol-target-ann 0.50 --smooth-signal 0.3
[08:26:09]   => Return=+46.4%  HAC=+5.00  MaxDD=DD:%  WR=Rate:%  PF=N/A
[08:26:09] SIM #168: WinC_train2025H1__ens3_lgb_noN+cb_N__3x_combo_hyst5_sm03
[08:26:09] CMD: python run_fast_sim.py --data data/features/crypto_features_1h.parquet --start-date 2025-07-01 --end-date 2025-12-31 --days 183 --leverage 3 --edge-boost --no-ddstop --ensemble --hysteresis 5 --smooth-signal 0.3
[08:29:23]   => Return=+81.2%  HAC=+4.79  MaxDD=DD:%  WR=Rate:%  PF=N/A
[08:29:23] SIM #169: WinC_train2025H1__cb_solo_no_deriv__1x_smooth03
[08:29:23] CMD: python run_fast_sim.py --data data/features/crypto_features_1h.parquet --start-date 2025-07-01 --end-date 2025-12-31 --days 183 --leverage 1 --edge-boost --no-ddstop --ensemble --smooth-signal 0.3
[08:32:34]   => Return=+40.0%  HAC=+7.38  MaxDD=DD:%  WR=Rate:%  PF=N/A
[08:32:34] SIM #170: WinC_train2025H1__cb_solo_no_deriv__1x_hyst5
[08:32:34] CMD: python run_fast_sim.py --data data/features/crypto_features_1h.parquet --start-date 2025-07-01 --end-date 2025-12-31 --days 183 --leverage 1 --edge-boost --no-ddstop --ensemble --hysteresis 5
[08:35:45]   => Return=+42.5%  HAC=+7.58  MaxDD=DD:%  WR=Rate:%  PF=N/A
[08:35:45] SIM #171: WinC_train2025H1__cb_solo_no_deriv__1x_voltgt50
[08:35:45] CMD: python run_fast_sim.py --data data/features/crypto_features_1h.parquet --start-date 2025-07-01 --end-date 2025-12-31 --days 183 --leverage 1 --edge-boost --no-ddstop --ensemble --vol-target-ann 0.50
[08:38:55]   => Return=+85.6%  HAC=+7.73  MaxDD=DD:%  WR=Rate:%  PF=N/A
[08:38:55] SIM #172: WinC_train2025H1__cb_solo_no_deriv__1x_ddstop
[08:38:55] CMD: python run_fast_sim.py --data data/features/crypto_features_1h.parquet --start-date 2025-07-01 --end-date 2025-12-31 --days 183 --leverage 1 --edge-boost --ensemble
[08:42:05]   => Return=+42.5%  HAC=+7.58  MaxDD=DD:%  WR=Rate:%  PF=N/A
[08:42:05] SIM #173: WinC_train2025H1__cb_solo_no_deriv__1x_combo_hyst5_sm03
[08:42:05] CMD: python run_fast_sim.py --data data/features/crypto_features_1h.parquet --start-date 2025-07-01 --end-date 2025-12-31 --days 183 --leverage 1 --edge-boost --no-ddstop --ensemble --hysteresis 5 --smooth-signal 0.3
[08:45:17]   => Return=+40.0%  HAC=+7.38  MaxDD=DD:%  WR=Rate:%  PF=N/A
[08:45:17] SIM #174: WinC_train2025H1__cb_solo_no_deriv__3x_combo_hyst5_sm03
[08:45:17] CMD: python run_fast_sim.py --data data/features/crypto_features_1h.parquet --start-date 2025-07-01 --end-date 2025-12-31 --days 183 --leverage 3 --edge-boost --no-ddstop --ensemble --hysteresis 5 --smooth-signal 0.3
[08:48:27]   => Return=+146.8%  HAC=+7.16  MaxDD=DD:%  WR=Rate:%  PF=N/A
[08:48:27] --- LEVERAGE SWEEP ---
[08:48:27] SIM #175: WinC_train2025H1__ens3_lgb_noN+cb_N__2x_base
[08:48:27] CMD: python run_fast_sim.py --data data/features/crypto_features_1h.parquet --start-date 2025-07-01 --end-date 2025-12-31 --days 183 --leverage 2 --edge-boost --no-ddstop --ensemble
[08:51:41]   => Return=+59.2%  HAC=+5.18  MaxDD=DD:%  WR=Rate:%  PF=N/A
[08:51:41] SIM #176: WinC_train2025H1__ens3_lgb_noN+cb_N__5x_base
[08:51:41] CMD: python run_fast_sim.py --data data/features/crypto_features_1h.parquet --start-date 2025-07-01 --end-date 2025-12-31 --days 183 --leverage 5 --edge-boost --no-ddstop --ensemble
[08:54:54]   => Return=+202.7%  HAC=+5.53  MaxDD=DD:%  WR=Rate:%  PF=N/A
[08:54:55] SIM #177: WinC_train2025H1__cb_solo_no_deriv__2x_base
[08:54:55] CMD: python run_fast_sim.py --data data/features/crypto_features_1h.parquet --start-date 2025-07-01 --end-date 2025-12-31 --days 183 --leverage 2 --edge-boost --no-ddstop --ensemble
[08:58:05]   => Return=+90.8%  HAC=+7.30  MaxDD=DD:%  WR=Rate:%  PF=N/A
[08:58:05] SIM #178: WinC_train2025H1__cb_solo_no_deriv__5x_base
[08:58:05] CMD: python run_fast_sim.py --data data/features/crypto_features_1h.parquet --start-date 2025-07-01 --end-date 2025-12-31 --days 183 --leverage 5 --edge-boost --no-ddstop --ensemble
[09:01:16]   => Return=+376.9%  HAC=+7.62  MaxDD=DD:%  WR=Rate:%  PF=N/A
[09:01:16] --- CONFIDENCE SWEEPS ---
[09:01:16] SIM #179: WinC_train2025H1__ens3_lgb_noN+cb_N__1x_minconf85
[09:01:16] CMD: python run_fast_sim.py --data data/features/crypto_features_1h.parquet --start-date 2025-07-01 --end-date 2025-12-31 --days 183 --leverage 1 --edge-boost --no-ddstop --ensemble --min-conf 0.85
[09:04:29]   => Return=+1.8%  HAC=+4.32  MaxDD=DD:%  WR=Rate:%  PF=N/A
[09:04:29] SIM #180: WinC_train2025H1__ens3_lgb_noN+cb_N__1x_minconf90
[09:04:29] CMD: python run_fast_sim.py --data data/features/crypto_features_1h.parquet --start-date 2025-07-01 --end-date 2025-12-31 --days 183 --leverage 1 --edge-boost --no-ddstop --ensemble --min-conf 0.90
[09:07:42]   => Return=N/A%  HAC=N/A  MaxDD=N/A%  WR=N/A%  PF=N/A
[09:07:42] SIM #181: WinC_train2025H1__ens3_lgb_noN+cb_N__1x_noconf
[09:07:42] CMD: python run_fast_sim.py --data data/features/crypto_features_1h.parquet --start-date 2025-07-01 --end-date 2025-12-31 --days 183 --leverage 1 --edge-boost --no-ddstop --ensemble --no-conf
[09:10:55]   => Return=+22.7%  HAC=+3.89  MaxDD=DD:%  WR=Rate:%  PF=N/A
[09:10:55] SIM #182: WinC_train2025H1__cb_solo_no_deriv__1x_minconf85
[09:10:55] CMD: python run_fast_sim.py --data data/features/crypto_features_1h.parquet --start-date 2025-07-01 --end-date 2025-12-31 --days 183 --leverage 1 --edge-boost --no-ddstop --ensemble --min-conf 0.85
[09:14:05]   => Return=-0.2%  HAC=-0.86  MaxDD=DD:%  WR=Rate:%  PF=N/A
[09:14:05] SIM #183: WinC_train2025H1__cb_solo_no_deriv__1x_minconf90
[09:14:05] CMD: python run_fast_sim.py --data data/features/crypto_features_1h.parquet --start-date 2025-07-01 --end-date 2025-12-31 --days 183 --leverage 1 --edge-boost --no-ddstop --ensemble --min-conf 0.90
[09:17:17]   => Return=+0.8%  HAC=+nan  MaxDD=DD:%  WR=Rate:%  PF=N/A
[09:17:17]   ⏱️  Phase took 568m 23s
[09:17:17] 
[09:17:17] ################################################################
[09:17:17]   PHASE 3: АНАЛИЗ РЕЗУЛЬТАТОВ
[09:17:17] ################################################################
[09:17:17] 
[09:17:17] 📊 Generating analysis...
Traceback (most recent call last):
  File "<stdin>", line 12, in <module>
  File "/workdir/invest/.venv/lib/python3.11/site-packages/pandas/io/parsers/readers.py", line 873, in read_csv
    return _read(filepath_or_buffer, kwds)
           ^^^^^^^^^^^^^^^^^^^^^^^^^^^^^^^
  File "/workdir/invest/.venv/lib/python3.11/site-packages/pandas/io/parsers/readers.py", line 306, in _read
    return parser.read(nrows)
           ^^^^^^^^^^^^^^^^^^
  File "/workdir/invest/.venv/lib/python3.11/site-packages/pandas/io/parsers/readers.py", line 1947, in read
    ) = self._engine.read(  # type: ignore[attr-defined]
        ^^^^^^^^^^^^^^^^^^^^^^^^^^^^^^^^^^^^^^^^^^^^^^^^
  File "/workdir/invest/.venv/lib/python3.11/site-packages/pandas/io/parsers/c_parser_wrapper.py", line 215, in read
    chunks = self._reader.read_low_memory(nrows)
             ^^^^^^^^^^^^^^^^^^^^^^^^^^^^^^^^^^^
  File "pandas/_libs/parsers.pyx", line 832, in pandas._libs.parsers.TextReader.read_low_memory
  File "pandas/_libs/parsers.pyx", line 897, in pandas._libs.parsers.TextReader._read_rows
  File "pandas/_libs/parsers.pyx", line 868, in pandas._libs.parsers.TextReader._tokenize_rows
  File "pandas/_libs/parsers.pyx", line 885, in pandas._libs.parsers.TextReader._check_tokenize_status
  File "pandas/_libs/parsers.pyx", line 2084, in pandas._libs.parsers.raise_parser_error
pandas.errors.ParserError: Error tokenizing data. C error: Expected 11 fields in line 179, saw 12

[09:17:17]   ⏱️  Phase took 0m 0s
[09:17:17] 
[09:17:17] ################################################################
[09:17:17]   PHASE 4: ВОССТАНОВЛЕНИЕ
[09:17:17] ################################################################
[09:17:17] 🔄 Restoring production models...
[09:17:17]    Restored results_v6_prod
[09:17:17]    Restored results_v7_prod
[09:17:17]    Restored results_catboost_prod
[09:17:17]    Restored results_xgboost_prod
[09:17:17]    Restored results_mlp_prod
[09:17:17]    ✅ Restore complete
[09:17:17]   ⏱️  Phase took 0m 0s
[09:17:17] 
[09:17:17] ════════════════════════════════════════════════════════════════
[09:17:17]   MEGA COMPARISON COMPLETE
[09:17:17]   Total sims: 183
[09:17:17]   Total time: 14h 33m
[09:17:17]   Results:    results/mega_comparison/summary_20260321_1843.csv
[09:17:17]   Details:    results/mega_comparison/detail_20260321_1843.txt
[09:17:17]   Log:        results/mega_comparison/run_20260321_1843.log
[09:17:18] ════════════════════════════════════════════════════════════════
