[12:03:28] 
[12:03:28] ============================================================
[12:03:28]   PHASE 1: BASELINE REPRODUCTION
[12:03:28] ============================================================
[12:03:28] SIM #1: BASELINE_new_champ
[12:03:28] CMD: python run_fast_sim.py --data data/features/crypto_features_1h.parquet --days 158 --start-date 2025-10-01 --end-date 2026-03-07 --leverage 3 --kelly 0.8 --edge-boost --no-deriv-gate --no-ddstop --ensemble
======================================================================
  FAST SIMULATION
  158d | $1,000 | rebal=12h | N=10+10 | kelly=80% | cost=4bp/side
  leverage=3x | mode=boost
======================================================================

📊 Loading offline data: data/features/crypto_features_1h.parquet
   (2565321, 107), 50 symbols
   Date range: 2017-09-16 09:00:00+00:00 → 2026-03-07 15:00:00+00:00
   Enriching features (cross-asset, regime, 12h+v7, calendar, macro, sentiment, derivatives)...
   🎯 Adding targets...
   🌐 Adding cross-asset features...
   🔰 Adding advanced regime features...
   🕐 Adding 12h-specific features (v7 enhanced)...
   ✅ Added ~18 features for 12h holding period (v7)
   📅 SKIPPED calendar features (SKIP_CALENDAR=1)
   🏛️ Adding macro features...
      Macro raw: 9 cols, derived: 29, total new: 38
   📰 Adding sentiment features... (news_mode=all)
      FNG: 2018-02-01 → 2026-03-11, mean=48.3
      Funding: 96,393 non-zero rows (3.8%)
      LS ratio: 0 non-missing rows
      Synthetic positioning features...
      Loading news features (mode=all)...
      + coin-level news: 8 features
      + market-level news: 7 features
      📊 Coverage: 2,228,238/2,565,321 rows (86.9%)
      📰 Events: 1,100,564/2,228,238 covered rows (49.4%) have news
      🕳️  Holes: 337,083 rows = NaN (not 0!)
   ✅ Sentiment features added: 173 → 210 total
   📊 Adding derivatives features (Binance Futures)...
      Loaded metrics: 1,800,870 rows, 50 symbols, 2021-12-01 → 2026-03-12
      OI: 1,785,559 rows (69.6%), 9 features
      Taker: 1,648,976 rows (64.3%), 6 features
      Top L/S: 1,433,710 rows (55.9%), 5 features
      Global L/S: 3 features
      Binance funding: 2,239,209 rows (87.3%)
      Funding surprise: computed from OKX funding data
      Market-wide aggregates: 4 features
      Basis/Premium: 448,115 rows (17.5%), 6 features
      ⚠️  No liquidation data (run download_binance_futures.py)
      DVOL: 13 features (BTC range: 2021-04-01 → 2026-03-15)
   ✅ Derivatives features: +48 features
   🧬 Adding news interaction features...
   ✅ Added 23 news interaction features
   ⚠️  offline mode: some features may be zero-filled by models
   Final: (2565321, 299), 281 features
📡 Models …
   catboost: 5 CB models, 156 feats
   mlp: 5 MLP models, 177 feats ⚠️ 9 features zero-filled
   🏗️  Architecture: 2 groups (10 models)
   2025-10-01 04:00:00+00:00 → 2026-03-06 16:00:00+00:00  (314 steps, 12h apart)

📐 Calibrating edge distribution (P75 (for boost/adaptive)) ...
   P75 edge = 0.01883, P90 = 0.02760
   (1410 samples, 30 steps)

──────────────────────────────────────────────────────────────────────
      0/313 | $1,000.45 | DD   0.0% | L10 S10 | Δ20
      5/313 | $  963.66 | DD  -3.7% | L10 S10 | Δ12
     10/313 | $  980.22 | DD  -2.0% | L10 S10 | Δ14
     15/313 | $1,015.19 | DD   0.0% | L10 S10 | Δ30
     20/313 | $1,092.39 | DD   0.0% | L10 S10 | Δ36
     25/313 | $1,046.27 | DD  -4.2% | L10 S10 | Δ28
     30/313 | $1,117.20 | DD  -0.8% | L10 S10 | Δ30
     35/313 | $1,118.69 | DD  -2.8% | L10 S10 | Δ30
     40/313 | $1,134.05 | DD  -1.4% | L10 S10 | Δ20
     45/313 | $1,194.92 | DD  -0.5% | L10 S10 | Δ26
     50/313 | $1,214.77 | DD  -0.5% | L10 S10 | Δ16
     55/313 | $1,262.17 | DD   0.0% | L10 S10 | Δ20
     60/313 | $1,231.24 | DD  -2.5% | L10 S10 | Δ30
     65/313 | $1,206.52 | DD  -4.4% | L10 S10 | Δ24
     70/313 | $1,197.53 | DD  -5.1% | L10 S10 | Δ26
     75/313 | $1,013.54 | DD -19.7% | L10 S10 | Δ16
     80/313 | $1,110.18 | DD -12.0% | L10 S10 | Δ26
     85/313 | $1,224.79 | DD  -3.0% | L10 S10 | Δ32
     90/313 | $1,289.78 | DD   0.0% | L10 S10 | Δ20
     95/313 | $1,285.59 | DD  -2.3% | L10 S10 | Δ26
    100/313 | $1,317.89 | DD   0.0% | L10 S10 | Δ36
    105/313 | $1,331.27 | DD  -1.2% | L10 S10 | Δ32
    110/313 | $1,368.46 | DD   0.0% | L10 S10 | Δ28
    115/313 | $1,325.08 | DD  -3.5% | L10 S10 | Δ22
    120/313 | $1,298.82 | DD  -5.4% | L10 S10 | Δ24
    125/313 | $1,301.67 | DD  -5.2% | L10 S10 | Δ16
    130/313 | $1,293.16 | DD  -5.8% | L10 S10 | Δ20
    135/313 | $1,297.04 | DD  -5.5% | L10 S10 | Δ24
    140/313 | $1,351.59 | DD  -1.5% | L10 S10 | Δ26
    145/313 | $1,373.84 | DD  -2.4% | L10 S10 | Δ22
    150/313 | $1,439.96 | DD   0.0% | L10 S10 | Δ32
    155/313 | $1,456.33 | DD   0.0% | L10 S10 | Δ24
    160/313 | $1,459.59 | DD  -1.5% | L10 S10 | Δ30
    165/313 | $1,463.97 | DD  -1.2% | L10 S10 | Δ24
    170/313 | $1,451.35 | DD  -2.1% | L10 S10 | Δ22
    175/313 | $1,437.87 | DD  -3.0% | L10 S10 | Δ14
    180/313 | $1,435.48 | DD  -3.1% | L10 S10 | Δ24
    185/313 | $1,425.07 | DD  -3.8% | L10 S10 | Δ20
    190/313 | $1,419.37 | DD  -4.2% | L10 S10 | Δ18
    195/313 | $1,482.50 | DD   0.0% | L10 S10 | Δ24
    200/313 | $1,461.10 | DD  -1.4% | L10 S10 | Δ24
    205/313 | $1,462.18 | DD  -1.4% | L10 S10 | Δ18
    210/313 | $1,454.12 | DD  -2.7% | L10 S10 | Δ18
    215/313 | $1,465.66 | DD  -1.9% | L10 S10 | Δ16
    220/313 | $1,556.49 | DD   0.0% | L10 S10 | Δ28
    225/313 | $1,565.48 | DD   0.0% | L10 S10 | Δ30
    230/313 | $1,664.21 | DD   0.0% | L10 S10 | Δ18
    235/313 | $1,718.58 | DD  -1.6% | L10 S10 | Δ24
    240/313 | $1,881.29 | DD   0.0% | L10 S10 | Δ28
    245/313 | $1,975.73 | DD   0.0% | L10 S10 | Δ28
    250/313 | $2,016.35 | DD   0.0% | L10 S10 | Δ30
    255/313 | $2,005.99 | DD  -1.9% | L10 S10 | Δ24
    260/313 | $2,082.58 | DD  -0.8% | L10 S10 | Δ30
    265/313 | $2,166.62 | DD   0.0% | L10 S10 | Δ28
    270/313 | $2,271.15 | DD  -0.7% | L10 S10 | Δ26
    275/313 | $2,265.70 | DD  -0.9% | L10 S10 | Δ28
    280/313 | $2,312.19 | DD  -1.6% | L10 S10 | Δ30
    285/313 | $2,270.14 | DD  -3.4% | L10 S10 | Δ20
    290/313 | $2,239.86 | DD  -4.7% | L10 S10 | Δ24
    295/313 | $2,325.41 | DD  -1.0% | L10 S10 | Δ32
    300/313 | $2,370.00 | DD  -0.9% | L10 S10 | Δ24
    305/313 | $2,447.22 | DD   0.0% | L10 S10 | Δ18
    310/313 | $2,504.60 | DD  -0.2% | L10 S10 | Δ20
    312/313 | $2,437.88 | DD  -2.9% | L10 S10 | Δ20

======================================================================
  RESULTS — 158d, rebal=12h, N=10+10, lev=3x, mode=boost
======================================================================

   Start:      $1,000
   End:        $2,437.88
   Return:     +143.8%  (ann. ~+332%)
   Max DD:     -20.5%
   Sharpe:     +5.28
   Sharpe HAC: +5.33  (Newey-West adjusted)
   Calmar:     16.18
   Win Rate:   61%  (190W / 123L)
   Avg Win:    $+18.60
   Avg Loss:   $-17.03
   PF:         1.69
   Trades:     7314
   Turnover:   $1,417,779  (1417.8x capital)
   Costs:      $738.47  (73.8%)
   Leverage:   3x
   Liq. level: -33% DD (approx)

   📈 Equity ($970–$2438):
      $   1,000 |░░░░░░░░░░░░░░░░░░░░░░░░░░░░░░░░░░░░░░░░|
      $   1,103 |███░░░░░░░░░░░░░░░░░░░░░░░░░░░░░░░░░░░░░|
      $   1,168 |█████░░░░░░░░░░░░░░░░░░░░░░░░░░░░░░░░░░░|
      $   1,320 |█████████░░░░░░░░░░░░░░░░░░░░░░░░░░░░░░░|
      $   1,407 |███████████░░░░░░░░░░░░░░░░░░░░░░░░░░░░░|
      $   1,435 |████████████░░░░░░░░░░░░░░░░░░░░░░░░░░░░|
      $   1,385 |███████████░░░░░░░░░░░░░░░░░░░░░░░░░░░░░|
      $   2,007 |████████████████████████████░░░░░░░░░░░░|
      $   2,251 |██████████████████████████████████░░░░░░|
      $   2,438 |███████████████████████████████████████░|

   Saved: /workdir/invest/trading_logs/fast_sim_equity.csv

======================================================================
   🟡 Marginal — keep monitoring
======================================================================
[12:06:45]   => Return=+143.8%  HAC=+5.33
[12:06:45] SIM #2: BASELINE_old_champ
[12:06:45] CMD: python run_fast_sim.py --data data/features/crypto_features_1h.parquet --days 158 --start-date 2025-10-01 --end-date 2026-03-07 --leverage 3 --kelly 0.8 --edge-boost --no-deriv-gate --no-ddstop --ensemble
======================================================================
  FAST SIMULATION
  158d | $1,000 | rebal=12h | N=10+10 | kelly=80% | cost=4bp/side
  leverage=3x | mode=boost
======================================================================

📊 Loading offline data: data/features/crypto_features_1h.parquet
   (2565321, 107), 50 symbols
   Date range: 2017-09-16 09:00:00+00:00 → 2026-03-07 15:00:00+00:00
   Enriching features (cross-asset, regime, 12h+v7, calendar, macro, sentiment, derivatives)...
   🎯 Adding targets...
   🌐 Adding cross-asset features...
   🔰 Adding advanced regime features...
   🕐 Adding 12h-specific features (v7 enhanced)...
   ✅ Added ~18 features for 12h holding period (v7)
   📅 SKIPPED calendar features (SKIP_CALENDAR=1)
   🏛️ Adding macro features...
      Macro raw: 9 cols, derived: 29, total new: 38
   📰 Adding sentiment features... (news_mode=all)
      FNG: 2018-02-01 → 2026-03-11, mean=48.3
      Funding: 96,393 non-zero rows (3.8%)
      LS ratio: 0 non-missing rows
      Synthetic positioning features...
      Loading news features (mode=all)...
      + coin-level news: 8 features
      + market-level news: 7 features
      📊 Coverage: 2,228,238/2,565,321 rows (86.9%)
      📰 Events: 1,100,564/2,228,238 covered rows (49.4%) have news
      🕳️  Holes: 337,083 rows = NaN (not 0!)
   ✅ Sentiment features added: 173 → 210 total
   📊 Adding derivatives features (Binance Futures)...
      Loaded metrics: 1,800,870 rows, 50 symbols, 2021-12-01 → 2026-03-12
      OI: 1,785,559 rows (69.6%), 9 features
      Taker: 1,648,976 rows (64.3%), 6 features
      Top L/S: 1,433,710 rows (55.9%), 5 features
      Global L/S: 3 features
      Binance funding: 2,239,209 rows (87.3%)
      Funding surprise: computed from OKX funding data
      Market-wide aggregates: 4 features
      Basis/Premium: 448,115 rows (17.5%), 6 features
      ⚠️  No liquidation data (run download_binance_futures.py)
      DVOL: 13 features (BTC range: 2021-04-01 → 2026-03-15)
   ✅ Derivatives features: +48 features
   🧬 Adding news interaction features...
   ✅ Added 23 news interaction features
   ⚠️  offline mode: some features may be zero-filled by models
   Final: (2565321, 299), 281 features
📡 Models …
   catboost: 5 CB models, 162 feats
   mlp: 5 MLP models, 177 feats ⚠️ 9 features zero-filled
   🏗️  Architecture: 2 groups (10 models)
   2025-10-01 04:00:00+00:00 → 2026-03-06 16:00:00+00:00  (314 steps, 12h apart)

📐 Calibrating edge distribution (P75 (for boost/adaptive)) ...
   P75 edge = 0.01929, P90 = 0.02768
   (1410 samples, 30 steps)

──────────────────────────────────────────────────────────────────────
      0/313 | $  999.96 | DD  -0.0% | L10 S10 | Δ20
      5/313 | $  960.43 | DD  -4.0% | L10 S10 | Δ12
     10/313 | $  977.02 | DD  -2.3% | L10 S10 | Δ14
     15/313 | $1,010.28 | DD   0.0% | L10 S10 | Δ32
     20/313 | $1,076.73 | DD   0.0% | L10 S10 | Δ34
     25/313 | $1,034.63 | DD  -3.9% | L10 S10 | Δ28
     30/313 | $1,097.72 | DD  -1.0% | L10 S10 | Δ30
     35/313 | $1,104.82 | DD  -2.0% | L10 S10 | Δ28
     40/313 | $1,120.01 | DD  -0.6% | L10 S10 | Δ20
     45/313 | $1,178.94 | DD  -0.6% | L10 S10 | Δ24
     50/313 | $1,201.06 | DD  -0.7% | L10 S10 | Δ16
     55/313 | $1,255.41 | DD   0.0% | L10 S10 | Δ18
     60/313 | $1,223.04 | DD  -2.6% | L10 S10 | Δ30
     65/313 | $1,200.02 | DD  -4.4% | L10 S10 | Δ20
     70/313 | $1,183.89 | DD  -5.7% | L10 S10 | Δ26
     75/313 | $1,009.92 | DD -19.6% | L10 S10 | Δ18
     80/313 | $1,110.62 | DD -11.5% | L10 S10 | Δ26
     85/313 | $1,219.32 | DD  -2.9% | L10 S10 | Δ32
     90/313 | $1,289.36 | DD   0.0% | L10 S10 | Δ16
     95/313 | $1,287.44 | DD  -2.3% | L10 S10 | Δ28
    100/313 | $1,309.71 | DD  -0.6% | L10 S10 | Δ32
    105/313 | $1,301.20 | DD  -2.5% | L10 S10 | Δ34
    110/313 | $1,335.84 | DD   0.0% | L10 S10 | Δ26
    115/313 | $1,293.02 | DD  -3.6% | L10 S10 | Δ22
    120/313 | $1,267.88 | DD  -5.5% | L10 S10 | Δ26
    125/313 | $1,276.88 | DD  -4.8% | L10 S10 | Δ18
    130/313 | $1,260.31 | DD  -6.0% | L10 S10 | Δ22
    135/313 | $1,255.64 | DD  -6.4% | L10 S10 | Δ20
    140/313 | $1,305.35 | DD  -2.7% | L10 S10 | Δ26
    145/313 | $1,330.52 | DD  -2.3% | L10 S10 | Δ22
    150/313 | $1,392.06 | DD   0.0% | L10 S10 | Δ34
    155/313 | $1,420.32 | DD   0.0% | L10 S10 | Δ26
    160/313 | $1,426.81 | DD  -1.5% | L10 S10 | Δ32
    165/313 | $1,425.86 | DD  -1.6% | L10 S10 | Δ22
    170/313 | $1,419.02 | DD  -2.0% | L10 S10 | Δ24
    175/313 | $1,400.23 | DD  -3.3% | L10 S10 | Δ18
    180/313 | $1,404.06 | DD  -3.1% | L10 S10 | Δ22
    185/313 | $1,389.23 | DD  -4.1% | L10 S10 | Δ22
    190/313 | $1,389.61 | DD  -4.1% | L10 S10 | Δ18
    195/313 | $1,446.34 | DD  -0.1% | L10 S10 | Δ20
    200/313 | $1,423.24 | DD  -1.7% | L10 S10 | Δ24
    205/313 | $1,423.37 | DD  -1.7% | L10 S10 | Δ18
    210/313 | $1,428.55 | DD  -1.8% | L10 S10 | Δ18
    215/313 | $1,438.37 | DD  -1.5% | L10 S10 | Δ14
    220/313 | $1,516.89 | DD   0.0% | L10 S10 | Δ24
    225/313 | $1,530.25 | DD   0.0% | L10 S10 | Δ32
    230/313 | $1,634.49 | DD   0.0% | L10 S10 | Δ20
    235/313 | $1,688.88 | DD  -1.6% | L10 S10 | Δ22
    240/313 | $1,840.93 | DD   0.0% | L10 S10 | Δ30
    245/313 | $1,931.91 | DD   0.0% | L10 S10 | Δ26
    250/313 | $1,963.35 | DD  -0.2% | L10 S10 | Δ32
    255/313 | $1,936.98 | DD  -2.1% | L10 S10 | Δ24
    260/313 | $2,019.18 | DD  -1.0% | L10 S10 | Δ28
    265/313 | $2,094.43 | DD   0.0% | L10 S10 | Δ26
    270/313 | $2,191.02 | DD  -0.7% | L10 S10 | Δ26
    275/313 | $2,191.83 | DD  -0.6% | L10 S10 | Δ30
    280/313 | $2,224.59 | DD  -1.9% | L10 S10 | Δ32
    285/313 | $2,189.12 | DD  -3.4% | L10 S10 | Δ20
    290/313 | $2,171.01 | DD  -4.2% | L10 S10 | Δ26
    295/313 | $2,247.31 | DD  -1.0% | L10 S10 | Δ30
    300/313 | $2,254.85 | DD  -1.1% | L10 S10 | Δ24
    305/313 | $2,330.85 | DD   0.0% | L10 S10 | Δ18
    310/313 | $2,377.00 | DD  -0.5% | L10 S10 | Δ18
    312/313 | $2,315.36 | DD  -3.1% | L10 S10 | Δ20

======================================================================
  RESULTS — 158d, rebal=12h, N=10+10, lev=3x, mode=boost
======================================================================

   Start:      $1,000
   End:        $2,315.36
   Return:     +131.5%  (ann. ~+304%)
   Max DD:     -19.9%
   Sharpe:     +5.07
   Sharpe HAC: +5.09  (Newey-West adjusted)
   Calmar:     15.25
   Win Rate:   60%  (187W / 126L)
   Avg Win:    $+17.98
   Avg Loss:   $-16.24
   PF:         1.64
   Trades:     7178
   Turnover:   $1,362,429  (1362.4x capital)
   Costs:      $712.28  (71.2%)
   Leverage:   3x
   Liq. level: -33% DD (approx)

   📈 Equity ($968–$2318):
      $   1,000 |░░░░░░░░░░░░░░░░░░░░░░░░░░░░░░░░░░░░░░░░|
      $   1,089 |███░░░░░░░░░░░░░░░░░░░░░░░░░░░░░░░░░░░░░|
      $   1,153 |█████░░░░░░░░░░░░░░░░░░░░░░░░░░░░░░░░░░░|
      $   1,295 |█████████░░░░░░░░░░░░░░░░░░░░░░░░░░░░░░░|
      $   1,362 |███████████░░░░░░░░░░░░░░░░░░░░░░░░░░░░░|
      $   1,404 |████████████░░░░░░░░░░░░░░░░░░░░░░░░░░░░|
      $   1,357 |███████████░░░░░░░░░░░░░░░░░░░░░░░░░░░░░|
      $   1,943 |████████████████████████████░░░░░░░░░░░░|
      $   2,176 |███████████████████████████████████░░░░░|
      $   2,315 |███████████████████████████████████████░|

   Saved: /workdir/invest/trading_logs/fast_sim_equity.csv

======================================================================
   🟡 Marginal — keep monitoring
======================================================================
[12:10:00]   => Return=+131.5%  HAC=+5.09
[12:10:00]   ⏱️  Phase took 6m 32s
[12:10:00] 
[12:10:00] ============================================================
[12:10:00]   PHASE 2: SINGLE-FLAG SWEEPS
[12:10:00] ============================================================
[12:10:00] --- Vol targeting sweep ---
[12:10:00] SIM #3: VOLTGT_30pct
[12:10:00] CMD: python run_fast_sim.py --data data/features/crypto_features_1h.parquet --days 158 --start-date 2025-10-01 --end-date 2026-03-07 --leverage 3 --kelly 0.8 --edge-boost --no-deriv-gate --no-ddstop --ensemble --vol-target-ann 0.30
======================================================================
  FAST SIMULATION
  158d | $1,000 | rebal=12h | N=10+10 | kelly=80% | cost=4bp/side
  leverage=3x | mode=boost+voltgt30%
======================================================================

📊 Loading offline data: data/features/crypto_features_1h.parquet
   (2565321, 107), 50 symbols
   Date range: 2017-09-16 09:00:00+00:00 → 2026-03-07 15:00:00+00:00
   Enriching features (cross-asset, regime, 12h+v7, calendar, macro, sentiment, derivatives)...
   🎯 Adding targets...
   🌐 Adding cross-asset features...
   🔰 Adding advanced regime features...
   🕐 Adding 12h-specific features (v7 enhanced)...
   ✅ Added ~18 features for 12h holding period (v7)
   📅 SKIPPED calendar features (SKIP_CALENDAR=1)
   🏛️ Adding macro features...
      Macro raw: 9 cols, derived: 29, total new: 38
   📰 Adding sentiment features... (news_mode=all)
      FNG: 2018-02-01 → 2026-03-11, mean=48.3
      Funding: 96,393 non-zero rows (3.8%)
      LS ratio: 0 non-missing rows
      Synthetic positioning features...
      Loading news features (mode=all)...
      + coin-level news: 8 features
      + market-level news: 7 features
      📊 Coverage: 2,228,238/2,565,321 rows (86.9%)
      📰 Events: 1,100,564/2,228,238 covered rows (49.4%) have news
      🕳️  Holes: 337,083 rows = NaN (not 0!)
   ✅ Sentiment features added: 173 → 210 total
   📊 Adding derivatives features (Binance Futures)...
      Loaded metrics: 1,800,870 rows, 50 symbols, 2021-12-01 → 2026-03-12
      OI: 1,785,559 rows (69.6%), 9 features
      Taker: 1,648,976 rows (64.3%), 6 features
      Top L/S: 1,433,710 rows (55.9%), 5 features
      Global L/S: 3 features
      Binance funding: 2,239,209 rows (87.3%)
      Funding surprise: computed from OKX funding data
      Market-wide aggregates: 4 features
      Basis/Premium: 448,115 rows (17.5%), 6 features
      ⚠️  No liquidation data (run download_binance_futures.py)
      DVOL: 13 features (BTC range: 2021-04-01 → 2026-03-15)
   ✅ Derivatives features: +48 features
   🧬 Adding news interaction features...
   ✅ Added 23 news interaction features
   ⚠️  offline mode: some features may be zero-filled by models
   Final: (2565321, 299), 281 features
📡 Models …
   catboost: 5 CB models, 156 feats
   mlp: 5 MLP models, 177 feats ⚠️ 9 features zero-filled
   🏗️  Architecture: 2 groups (10 models)
   2025-10-01 04:00:00+00:00 → 2026-03-06 16:00:00+00:00  (314 steps, 12h apart)

📐 Calibrating edge distribution (P75 (for boost/adaptive)) ...
   P75 edge = 0.01883, P90 = 0.02760
   (1410 samples, 30 steps)
   Vol targeting: 30% annual → 0.0111 per-step, lookback=48

──────────────────────────────────────────────────────────────────────
      0/313 | $1,000.45 | DD   0.0% | L10 S10 | Δ20
      5/313 | $  963.66 | DD  -3.7% | L10 S10 | Δ12
     10/313 | $  980.22 | DD  -2.0% | L10 S10 | Δ14
     15/313 | $1,015.19 | DD   0.0% | L10 S10 | Δ30
     20/313 | $1,092.39 | DD   0.0% | L10 S10 | Δ36
     25/313 | $1,050.22 | DD  -3.9% | L10 S10 | Δ28
     30/313 | $1,081.81 | DD  -1.0% | L10 S10 | Δ30
     35/313 | $1,082.00 | DD  -1.4% | L10 S10 | Δ30
     40/313 | $1,090.45 | DD  -0.6% | L10 S10 | Δ20
     45/313 | $1,121.70 | DD  -0.3% | L10 S10 | Δ26
     50/313 | $1,132.10 | DD  -0.3% | L10 S10 | Δ16
     55/313 | $1,158.83 | DD   0.0% | L10 S10 | Δ20
     60/313 | $1,141.56 | DD  -1.5% | L10 S10 | Δ30
     65/313 | $1,127.49 | DD  -2.7% | L10 S10 | Δ24
     70/313 | $1,144.29 | DD  -1.3% | L10 S10 | Δ26
     75/313 | $  961.35 | DD -17.0% | L10 S10 | Δ16
     80/313 | $1,019.67 | DD -12.0% | L10 S10 | Δ26
     85/313 | $1,084.51 | DD  -6.4% | L10 S10 | Δ32
     90/313 | $1,119.37 | DD  -3.4% | L10 S10 | Δ20
     95/313 | $1,117.19 | DD  -3.6% | L10 S10 | Δ26
    100/313 | $1,134.39 | DD  -2.1% | L10 S10 | Δ36
    105/313 | $1,141.60 | DD  -1.5% | L10 S10 | Δ32
    110/313 | $1,160.96 | DD   0.0% | L10 S10 | Δ28
    115/313 | $1,138.53 | DD  -2.1% | L10 S10 | Δ22
    120/313 | $1,124.98 | DD  -3.3% | L10 S10 | Δ24
    125/313 | $1,134.20 | DD  -2.5% | L10 S10 | Δ16
    130/313 | $1,126.11 | DD  -3.2% | L10 S10 | Δ20
    135/313 | $1,130.47 | DD  -2.8% | L10 S10 | Δ24
    140/313 | $1,182.17 | DD   0.0% | L10 S10 | Δ26
    145/313 | $1,203.82 | DD  -2.3% | L10 S10 | Δ22
    150/313 | $1,257.45 | DD   0.0% | L10 S10 | Δ32
    155/313 | $1,270.55 | DD   0.0% | L10 S10 | Δ24
    160/313 | $1,273.36 | DD  -1.4% | L10 S10 | Δ30
    165/313 | $1,276.74 | DD  -1.1% | L10 S10 | Δ24
    170/313 | $1,266.31 | DD  -1.9% | L10 S10 | Δ22
    175/313 | $1,254.00 | DD  -2.9% | L10 S10 | Δ14
    180/313 | $1,251.51 | DD  -3.1% | L10 S10 | Δ24
    185/313 | $1,242.98 | DD  -3.7% | L10 S10 | Δ20
    190/313 | $1,240.29 | DD  -3.9% | L10 S10 | Δ18
    195/313 | $1,294.20 | DD   0.0% | L10 S10 | Δ24
    200/313 | $1,275.46 | DD  -1.4% | L10 S10 | Δ24
    205/313 | $1,276.46 | DD  -1.4% | L10 S10 | Δ18
    210/313 | $1,268.28 | DD  -2.9% | L10 S10 | Δ18
    215/313 | $1,277.84 | DD  -2.1% | L10 S10 | Δ16
    220/313 | $1,327.01 | DD   0.0% | L10 S10 | Δ28
    225/313 | $1,332.07 | DD   0.0% | L10 S10 | Δ30
    230/313 | $1,386.01 | DD   0.0% | L10 S10 | Δ18
    235/313 | $1,414.58 | DD  -1.1% | L10 S10 | Δ24
    240/313 | $1,505.70 | DD   0.0% | L10 S10 | Δ28
    245/313 | $1,558.17 | DD   0.0% | L10 S10 | Δ28
    250/313 | $1,580.68 | DD   0.0% | L10 S10 | Δ30
    255/313 | $1,574.74 | DD  -1.4% | L10 S10 | Δ24
    260/313 | $1,619.24 | DD  -0.6% | L10 S10 | Δ30
    265/313 | $1,670.73 | DD   0.0% | L10 S10 | Δ28
    270/313 | $1,752.63 | DD  -0.7% | L10 S10 | Δ26
    275/313 | $1,748.95 | DD  -0.9% | L10 S10 | Δ28
    280/313 | $1,793.91 | DD  -2.0% | L10 S10 | Δ30
    285/313 | $1,756.55 | DD  -4.0% | L10 S10 | Δ20
    290/313 | $1,729.98 | DD  -5.4% | L10 S10 | Δ24
    295/313 | $1,806.26 | DD  -1.3% | L10 S10 | Δ32
    300/313 | $1,842.68 | DD  -0.9% | L10 S10 | Δ24
    305/313 | $1,904.03 | DD   0.0% | L10 S10 | Δ18
    310/313 | $1,948.70 | DD  -0.2% | L10 S10 | Δ20
    312/313 | $1,897.72 | DD  -2.8% | L10 S10 | Δ20

======================================================================
  RESULTS — 158d, rebal=12h, N=10+10, lev=3x, mode=boost+voltgt30%
======================================================================

   Start:      $1,000
   End:        $1,897.72
   Return:     +89.8%  (ann. ~+207%)
   Max DD:     -17.6%
   Sharpe:     +4.30
   Sharpe HAC: +4.61  (Newey-West adjusted)
   Calmar:     11.78
   Win Rate:   61%  (189W / 123L)
   Avg Win:    $+13.25
   Avg Loss:   $-13.06
   PF:         1.56
   Trades:     7314
   Turnover:   $1,040,805  (1040.8x capital)
   Costs:      $542.81  (54.3%)
   Vol target: 30% ann, avg scale 0.84x
   Leverage:   3x
   Liq. level: -33% DD (approx)

   📈 Equity ($970–$1898):
      $   1,000 |█░░░░░░░░░░░░░░░░░░░░░░░░░░░░░░░░░░░░░░░|
      $   1,074 |████░░░░░░░░░░░░░░░░░░░░░░░░░░░░░░░░░░░░|
      $   1,107 |█████░░░░░░░░░░░░░░░░░░░░░░░░░░░░░░░░░░░|
      $   1,136 |███████░░░░░░░░░░░░░░░░░░░░░░░░░░░░░░░░░|
      $   1,232 |███████████░░░░░░░░░░░░░░░░░░░░░░░░░░░░░|
      $   1,252 |████████████░░░░░░░░░░░░░░░░░░░░░░░░░░░░|
      $   1,217 |██████████░░░░░░░░░░░░░░░░░░░░░░░░░░░░░░|
      $   1,575 |██████████████████████████░░░░░░░░░░░░░░|
      $   1,740 |█████████████████████████████████░░░░░░░|
      $   1,898 |████████████████████████████████████████|

   Saved: /workdir/invest/trading_logs/fast_sim_equity.csv

======================================================================
   🟡 Marginal — keep monitoring
======================================================================
[12:13:15]   => Return=+89.8%  HAC=+4.61
[12:13:15] SIM #4: VOLTGT_40pct
[12:13:15] CMD: python run_fast_sim.py --data data/features/crypto_features_1h.parquet --days 158 --start-date 2025-10-01 --end-date 2026-03-07 --leverage 3 --kelly 0.8 --edge-boost --no-deriv-gate --no-ddstop --ensemble --vol-target-ann 0.40
======================================================================
  FAST SIMULATION
  158d | $1,000 | rebal=12h | N=10+10 | kelly=80% | cost=4bp/side
  leverage=3x | mode=boost+voltgt40%
======================================================================

📊 Loading offline data: data/features/crypto_features_1h.parquet
   (2565321, 107), 50 symbols
   Date range: 2017-09-16 09:00:00+00:00 → 2026-03-07 15:00:00+00:00
   Enriching features (cross-asset, regime, 12h+v7, calendar, macro, sentiment, derivatives)...
   🎯 Adding targets...
   🌐 Adding cross-asset features...
   🔰 Adding advanced regime features...
   🕐 Adding 12h-specific features (v7 enhanced)...
   ✅ Added ~18 features for 12h holding period (v7)
   📅 SKIPPED calendar features (SKIP_CALENDAR=1)
   🏛️ Adding macro features...
      Macro raw: 9 cols, derived: 29, total new: 38
   📰 Adding sentiment features... (news_mode=all)
      FNG: 2018-02-01 → 2026-03-11, mean=48.3
      Funding: 96,393 non-zero rows (3.8%)
      LS ratio: 0 non-missing rows
      Synthetic positioning features...
      Loading news features (mode=all)...
      + coin-level news: 8 features
      + market-level news: 7 features
      📊 Coverage: 2,228,238/2,565,321 rows (86.9%)
      📰 Events: 1,100,564/2,228,238 covered rows (49.4%) have news
      🕳️  Holes: 337,083 rows = NaN (not 0!)
   ✅ Sentiment features added: 173 → 210 total
   📊 Adding derivatives features (Binance Futures)...
      Loaded metrics: 1,800,870 rows, 50 symbols, 2021-12-01 → 2026-03-12
      OI: 1,785,559 rows (69.6%), 9 features
      Taker: 1,648,976 rows (64.3%), 6 features
      Top L/S: 1,433,710 rows (55.9%), 5 features
      Global L/S: 3 features
      Binance funding: 2,239,209 rows (87.3%)
      Funding surprise: computed from OKX funding data
      Market-wide aggregates: 4 features
      Basis/Premium: 448,115 rows (17.5%), 6 features
      ⚠️  No liquidation data (run download_binance_futures.py)
      DVOL: 13 features (BTC range: 2021-04-01 → 2026-03-15)
   ✅ Derivatives features: +48 features
   🧬 Adding news interaction features...
   ✅ Added 23 news interaction features
   ⚠️  offline mode: some features may be zero-filled by models
   Final: (2565321, 299), 281 features
📡 Models …
   catboost: 5 CB models, 156 feats
   mlp: 5 MLP models, 177 feats ⚠️ 9 features zero-filled
   🏗️  Architecture: 2 groups (10 models)
   2025-10-01 04:00:00+00:00 → 2026-03-06 16:00:00+00:00  (314 steps, 12h apart)

📐 Calibrating edge distribution (P75 (for boost/adaptive)) ...
   P75 edge = 0.01883, P90 = 0.02760
   (1410 samples, 30 steps)
   Vol targeting: 40% annual → 0.0148 per-step, lookback=48

──────────────────────────────────────────────────────────────────────
      0/313 | $1,000.45 | DD   0.0% | L10 S10 | Δ20
      5/313 | $  963.66 | DD  -3.7% | L10 S10 | Δ12
     10/313 | $  980.22 | DD  -2.0% | L10 S10 | Δ14
     15/313 | $1,015.19 | DD   0.0% | L10 S10 | Δ30
     20/313 | $1,092.39 | DD   0.0% | L10 S10 | Δ36
     25/313 | $1,049.31 | DD  -3.9% | L10 S10 | Δ28
     30/313 | $1,091.26 | DD  -0.5% | L10 S10 | Δ30
     35/313 | $1,091.51 | DD  -1.8% | L10 S10 | Δ30
     40/313 | $1,102.56 | DD  -0.8% | L10 S10 | Δ20
     45/313 | $1,143.74 | DD  -0.3% | L10 S10 | Δ26
     50/313 | $1,157.49 | DD  -0.4% | L10 S10 | Δ16
     55/313 | $1,192.84 | DD   0.0% | L10 S10 | Δ20
     60/313 | $1,169.89 | DD  -1.9% | L10 S10 | Δ30
     65/313 | $1,151.37 | DD  -3.5% | L10 S10 | Δ24
     70/313 | $1,165.16 | DD  -2.3% | L10 S10 | Δ26
     75/313 | $  960.51 | DD -19.5% | L10 S10 | Δ16
     80/313 | $1,028.76 | DD -13.8% | L10 S10 | Δ26
     85/313 | $1,105.67 | DD  -7.3% | L10 S10 | Δ32
     90/313 | $1,147.45 | DD  -3.8% | L10 S10 | Δ20
     95/313 | $1,144.79 | DD  -4.0% | L10 S10 | Δ26
    100/313 | $1,165.57 | DD  -2.3% | L10 S10 | Δ36
    105/313 | $1,174.24 | DD  -1.6% | L10 S10 | Δ32
    110/313 | $1,197.71 | DD   0.0% | L10 S10 | Δ28
    115/313 | $1,170.37 | DD  -2.5% | L10 S10 | Δ22
    120/313 | $1,153.79 | DD  -3.9% | L10 S10 | Δ24
    125/313 | $1,164.22 | DD  -3.0% | L10 S10 | Δ16
    130/313 | $1,154.70 | DD  -3.8% | L10 S10 | Δ20
    135/313 | $1,159.82 | DD  -3.4% | L10 S10 | Δ24
    140/313 | $1,221.04 | DD   0.0% | L10 S10 | Δ26
    145/313 | $1,246.64 | DD  -2.6% | L10 S10 | Δ22
    150/313 | $1,310.89 | DD   0.0% | L10 S10 | Δ32
    155/313 | $1,326.66 | DD   0.0% | L10 S10 | Δ24
    160/313 | $1,329.99 | DD  -1.6% | L10 S10 | Δ30
    165/313 | $1,334.06 | DD  -1.3% | L10 S10 | Δ24
    170/313 | $1,321.39 | DD  -2.2% | L10 S10 | Δ22
    175/313 | $1,306.54 | DD  -3.3% | L10 S10 | Δ14
    180/313 | $1,303.49 | DD  -3.6% | L10 S10 | Δ24
    185/313 | $1,293.13 | DD  -4.3% | L10 S10 | Δ20
    190/313 | $1,289.69 | DD  -4.6% | L10 S10 | Δ18
    195/313 | $1,354.49 | DD   0.0% | L10 S10 | Δ24
    200/313 | $1,331.86 | DD  -1.7% | L10 S10 | Δ24
    205/313 | $1,333.05 | DD  -1.6% | L10 S10 | Δ18
    210/313 | $1,322.90 | DD  -3.3% | L10 S10 | Δ18
    215/313 | $1,334.33 | DD  -2.5% | L10 S10 | Δ16
    220/313 | $1,393.24 | DD   0.0% | L10 S10 | Δ28
    225/313 | $1,399.23 | DD   0.0% | L10 S10 | Δ30
    230/313 | $1,464.60 | DD   0.0% | L10 S10 | Δ18
    235/313 | $1,499.47 | DD  -1.3% | L10 S10 | Δ24
    240/313 | $1,611.40 | DD   0.0% | L10 S10 | Δ28
    245/313 | $1,676.38 | DD   0.0% | L10 S10 | Δ28
    250/313 | $1,704.35 | DD   0.0% | L10 S10 | Δ30
    255/313 | $1,696.90 | DD  -1.6% | L10 S10 | Δ24
    260/313 | $1,752.28 | DD  -0.7% | L10 S10 | Δ30
    265/313 | $1,816.75 | DD   0.0% | L10 S10 | Δ28
    270/313 | $1,919.79 | DD  -0.8% | L10 S10 | Δ26
    275/313 | $1,915.06 | DD  -1.0% | L10 S10 | Δ28
    280/313 | $1,971.86 | DD  -2.3% | L10 S10 | Δ30
    285/313 | $1,924.44 | DD  -4.6% | L10 S10 | Δ20
    290/313 | $1,890.84 | DD  -6.3% | L10 S10 | Δ24
    295/313 | $1,987.22 | DD  -1.5% | L10 S10 | Δ32
    300/313 | $2,033.48 | DD  -1.0% | L10 S10 | Δ24
    305/313 | $2,111.70 | DD   0.0% | L10 S10 | Δ18
    310/313 | $2,168.85 | DD  -0.2% | L10 S10 | Δ20
    312/313 | $2,103.37 | DD  -3.2% | L10 S10 | Δ20

======================================================================
  RESULTS — 158d, rebal=12h, N=10+10, lev=3x, mode=boost+voltgt40%
======================================================================

   Start:      $1,000
   End:        $2,103.37
   Return:     +110.3%  (ann. ~+255%)
   Max DD:     -20.1%
   Sharpe:     +4.46
   Sharpe HAC: +4.74  (Newey-West adjusted)
   Calmar:     12.67
   Win Rate:   61%  (189W / 123L)
   Avg Win:    $+16.02
   Avg Loss:   $-15.65
   PF:         1.57
   Trades:     7314
   Turnover:   $1,267,553  (1267.6x capital)
   Costs:      $660.87  (66.1%)
   Vol target: 40% ann, avg scale 0.98x
   Leverage:   3x
   Liq. level: -33% DD (approx)

   📈 Equity ($970–$2103):
      $   1,000 |█░░░░░░░░░░░░░░░░░░░░░░░░░░░░░░░░░░░░░░░|
      $   1,081 |███░░░░░░░░░░░░░░░░░░░░░░░░░░░░░░░░░░░░░|
      $   1,125 |█████░░░░░░░░░░░░░░░░░░░░░░░░░░░░░░░░░░░|
      $   1,167 |██████░░░░░░░░░░░░░░░░░░░░░░░░░░░░░░░░░░|
      $   1,280 |██████████░░░░░░░░░░░░░░░░░░░░░░░░░░░░░░|
      $   1,303 |███████████░░░░░░░░░░░░░░░░░░░░░░░░░░░░░|
      $   1,261 |██████████░░░░░░░░░░░░░░░░░░░░░░░░░░░░░░|
      $   1,698 |█████████████████████████░░░░░░░░░░░░░░░|
      $   1,904 |████████████████████████████████░░░░░░░░|
      $   2,103 |████████████████████████████████████████|

   Saved: /workdir/invest/trading_logs/fast_sim_equity.csv

======================================================================
   🟡 Marginal — keep monitoring
======================================================================
[12:16:31]   => Return=+110.3%  HAC=+4.74
[12:16:31] SIM #5: VOLTGT_50pct
[12:16:31] CMD: python run_fast_sim.py --data data/features/crypto_features_1h.parquet --days 158 --start-date 2025-10-01 --end-date 2026-03-07 --leverage 3 --kelly 0.8 --edge-boost --no-deriv-gate --no-ddstop --ensemble --vol-target-ann 0.50
======================================================================
  FAST SIMULATION
  158d | $1,000 | rebal=12h | N=10+10 | kelly=80% | cost=4bp/side
  leverage=3x | mode=boost+voltgt50%
======================================================================

📊 Loading offline data: data/features/crypto_features_1h.parquet
   (2565321, 107), 50 symbols
   Date range: 2017-09-16 09:00:00+00:00 → 2026-03-07 15:00:00+00:00
   Enriching features (cross-asset, regime, 12h+v7, calendar, macro, sentiment, derivatives)...
   🎯 Adding targets...
   🌐 Adding cross-asset features...
   🔰 Adding advanced regime features...
   🕐 Adding 12h-specific features (v7 enhanced)...
   ✅ Added ~18 features for 12h holding period (v7)
   📅 SKIPPED calendar features (SKIP_CALENDAR=1)
   🏛️ Adding macro features...
      Macro raw: 9 cols, derived: 29, total new: 38
   📰 Adding sentiment features... (news_mode=all)
      FNG: 2018-02-01 → 2026-03-11, mean=48.3
      Funding: 96,393 non-zero rows (3.8%)
      LS ratio: 0 non-missing rows
      Synthetic positioning features...
      Loading news features (mode=all)...
      + coin-level news: 8 features
      + market-level news: 7 features
      📊 Coverage: 2,228,238/2,565,321 rows (86.9%)
      📰 Events: 1,100,564/2,228,238 covered rows (49.4%) have news
      🕳️  Holes: 337,083 rows = NaN (not 0!)
   ✅ Sentiment features added: 173 → 210 total
   📊 Adding derivatives features (Binance Futures)...
      Loaded metrics: 1,800,870 rows, 50 symbols, 2021-12-01 → 2026-03-12
      OI: 1,785,559 rows (69.6%), 9 features
      Taker: 1,648,976 rows (64.3%), 6 features
      Top L/S: 1,433,710 rows (55.9%), 5 features
      Global L/S: 3 features
      Binance funding: 2,239,209 rows (87.3%)
      Funding surprise: computed from OKX funding data
      Market-wide aggregates: 4 features
      Basis/Premium: 448,115 rows (17.5%), 6 features
      ⚠️  No liquidation data (run download_binance_futures.py)
      DVOL: 13 features (BTC range: 2021-04-01 → 2026-03-15)
   ✅ Derivatives features: +48 features
   🧬 Adding news interaction features...
   ✅ Added 23 news interaction features
   ⚠️  offline mode: some features may be zero-filled by models
   Final: (2565321, 299), 281 features
📡 Models …
   catboost: 5 CB models, 156 feats
   mlp: 5 MLP models, 177 feats ⚠️ 9 features zero-filled
   🏗️  Architecture: 2 groups (10 models)
   2025-10-01 04:00:00+00:00 → 2026-03-06 16:00:00+00:00  (314 steps, 12h apart)

📐 Calibrating edge distribution (P75 (for boost/adaptive)) ...
   P75 edge = 0.01883, P90 = 0.02760
   (1410 samples, 30 steps)
   Vol targeting: 50% annual → 0.0185 per-step, lookback=48

──────────────────────────────────────────────────────────────────────
      0/313 | $1,000.45 | DD   0.0% | L10 S10 | Δ20
      5/313 | $  963.66 | DD  -3.7% | L10 S10 | Δ12
     10/313 | $  980.22 | DD  -2.0% | L10 S10 | Δ14
     15/313 | $1,015.19 | DD   0.0% | L10 S10 | Δ30
     20/313 | $1,092.39 | DD   0.0% | L10 S10 | Δ36
     25/313 | $1,048.38 | DD  -4.0% | L10 S10 | Δ28
     30/313 | $1,100.55 | DD  -0.6% | L10 S10 | Δ30
     35/313 | $1,100.88 | DD  -2.2% | L10 S10 | Δ30
     40/313 | $1,114.36 | DD  -1.0% | L10 S10 | Δ20
     45/313 | $1,164.98 | DD  -0.4% | L10 S10 | Δ26
     50/313 | $1,181.94 | DD  -0.5% | L10 S10 | Δ16
     55/313 | $1,225.48 | DD   0.0% | L10 S10 | Δ20
     60/313 | $1,197.10 | DD  -2.3% | L10 S10 | Δ30
     65/313 | $1,174.37 | DD  -4.2% | L10 S10 | Δ24
     70/313 | $1,184.79 | DD  -3.3% | L10 S10 | Δ26
     75/313 | $  961.22 | DD -21.6% | L10 S10 | Δ16
     80/313 | $1,038.28 | DD -15.3% | L10 S10 | Δ26
     85/313 | $1,126.23 | DD  -8.1% | L10 S10 | Δ32
     90/313 | $1,174.45 | DD  -4.2% | L10 S10 | Δ20
     95/313 | $1,171.33 | DD  -4.4% | L10 S10 | Δ26
    100/313 | $1,195.48 | DD  -2.4% | L10 S10 | Δ36
    105/313 | $1,205.53 | DD  -1.6% | L10 S10 | Δ32
    110/313 | $1,232.87 | DD   0.0% | L10 S10 | Δ28
    115/313 | $1,200.84 | DD  -2.8% | L10 S10 | Δ22
    120/313 | $1,181.37 | DD  -4.4% | L10 S10 | Δ24
    125/313 | $1,192.86 | DD  -3.5% | L10 S10 | Δ16
    130/313 | $1,182.01 | DD  -4.4% | L10 S10 | Δ20
    135/313 | $1,187.82 | DD  -3.9% | L10 S10 | Δ24
    140/313 | $1,257.87 | DD   0.0% | L10 S10 | Δ26
    145/313 | $1,287.13 | DD  -3.0% | L10 S10 | Δ22
    150/313 | $1,361.42 | DD   0.0% | L10 S10 | Δ32
    155/313 | $1,379.72 | DD   0.0% | L10 S10 | Δ24
    160/313 | $1,383.53 | DD  -1.8% | L10 S10 | Δ30
    165/313 | $1,388.25 | DD  -1.4% | L10 S10 | Δ24
    170/313 | $1,373.44 | DD  -2.5% | L10 S10 | Δ22
    175/313 | $1,356.15 | DD  -3.7% | L10 S10 | Δ14
    180/313 | $1,352.57 | DD  -4.0% | L10 S10 | Δ24
    185/313 | $1,340.45 | DD  -4.8% | L10 S10 | Δ20
    190/313 | $1,336.24 | DD  -5.1% | L10 S10 | Δ18
    195/313 | $1,411.37 | DD   0.0% | L10 S10 | Δ24
    200/313 | $1,385.04 | DD  -1.9% | L10 S10 | Δ24
    205/313 | $1,386.39 | DD  -1.8% | L10 S10 | Δ18
    210/313 | $1,374.32 | DD  -3.7% | L10 S10 | Δ18
    215/313 | $1,387.50 | DD  -2.8% | L10 S10 | Δ16
    220/313 | $1,455.60 | DD   0.0% | L10 S10 | Δ28
    225/313 | $1,462.44 | DD   0.0% | L10 S10 | Δ30
    230/313 | $1,538.76 | DD   0.0% | L10 S10 | Δ18
    235/313 | $1,579.74 | DD  -1.4% | L10 S10 | Δ24
    240/313 | $1,711.99 | DD   0.0% | L10 S10 | Δ28
    245/313 | $1,789.33 | DD   0.0% | L10 S10 | Δ28
    250/313 | $1,822.72 | DD   0.0% | L10 S10 | Δ30
    255/313 | $1,813.73 | DD  -1.8% | L10 S10 | Δ24
    260/313 | $1,879.94 | DD  -0.8% | L10 S10 | Δ30
    265/313 | $1,957.40 | DD   0.0% | L10 S10 | Δ28
    270/313 | $2,081.74 | DD  -0.9% | L10 S10 | Δ26
    275/313 | $2,075.92 | DD  -1.2% | L10 S10 | Δ28
    280/313 | $2,144.72 | DD  -2.5% | L10 S10 | Δ30
    285/313 | $2,087.04 | DD  -5.1% | L10 S10 | Δ20
    290/313 | $2,046.31 | DD  -7.0% | L10 S10 | Δ24
    295/313 | $2,163.07 | DD  -1.7% | L10 S10 | Δ32
    300/313 | $2,219.34 | DD  -1.1% | L10 S10 | Δ24
    305/313 | $2,314.83 | DD   0.0% | L10 S10 | Δ18
    310/313 | $2,384.81 | DD  -0.2% | L10 S10 | Δ20
    312/313 | $2,304.37 | DD  -3.6% | L10 S10 | Δ20

======================================================================
  RESULTS — 158d, rebal=12h, N=10+10, lev=3x, mode=boost+voltgt50%
======================================================================

   Start:      $1,000
   End:        $2,304.37
   Return:     +130.4%  (ann. ~+301%)
   Max DD:     -22.2%
   Sharpe:     +4.56
   Sharpe HAC: +4.81  (Newey-West adjusted)
   Calmar:     13.54
   Win Rate:   60%  (189W / 124L)
   Avg Win:    $+18.72
   Avg Loss:   $-18.01
   PF:         1.58
   Trades:     7314
   Turnover:   $1,488,675  (1488.7x capital)
   Costs:      $776.00  (77.6%)
   Vol target: 50% ann, avg scale 1.10x
   Leverage:   3x
   Liq. level: -33% DD (approx)

   📈 Equity ($970–$2304):
      $   1,000 |░░░░░░░░░░░░░░░░░░░░░░░░░░░░░░░░░░░░░░░░|
      $   1,088 |███░░░░░░░░░░░░░░░░░░░░░░░░░░░░░░░░░░░░░|
      $   1,142 |█████░░░░░░░░░░░░░░░░░░░░░░░░░░░░░░░░░░░|
      $   1,197 |██████░░░░░░░░░░░░░░░░░░░░░░░░░░░░░░░░░░|
      $   1,326 |██████████░░░░░░░░░░░░░░░░░░░░░░░░░░░░░░|
      $   1,353 |███████████░░░░░░░░░░░░░░░░░░░░░░░░░░░░░|
      $   1,302 |█████████░░░░░░░░░░░░░░░░░░░░░░░░░░░░░░░|
      $   1,815 |█████████████████████████░░░░░░░░░░░░░░░|
      $   2,062 |████████████████████████████████░░░░░░░░|
      $   2,304 |████████████████████████████████████████|

   Saved: /workdir/invest/trading_logs/fast_sim_equity.csv

======================================================================
   🟡 Marginal — keep monitoring
======================================================================
[12:19:48]   => Return=+130.4%  HAC=+4.81
[12:19:48] SIM #6: VOLTGT_60pct
[12:19:48] CMD: python run_fast_sim.py --data data/features/crypto_features_1h.parquet --days 158 --start-date 2025-10-01 --end-date 2026-03-07 --leverage 3 --kelly 0.8 --edge-boost --no-deriv-gate --no-ddstop --ensemble --vol-target-ann 0.60
======================================================================
  FAST SIMULATION
  158d | $1,000 | rebal=12h | N=10+10 | kelly=80% | cost=4bp/side
  leverage=3x | mode=boost+voltgt60%
======================================================================

📊 Loading offline data: data/features/crypto_features_1h.parquet
   (2565321, 107), 50 symbols
   Date range: 2017-09-16 09:00:00+00:00 → 2026-03-07 15:00:00+00:00
   Enriching features (cross-asset, regime, 12h+v7, calendar, macro, sentiment, derivatives)...
   🎯 Adding targets...
   🌐 Adding cross-asset features...
   🔰 Adding advanced regime features...
   🕐 Adding 12h-specific features (v7 enhanced)...
   ✅ Added ~18 features for 12h holding period (v7)
   📅 SKIPPED calendar features (SKIP_CALENDAR=1)
   🏛️ Adding macro features...
      Macro raw: 9 cols, derived: 29, total new: 38
   📰 Adding sentiment features... (news_mode=all)
      FNG: 2018-02-01 → 2026-03-11, mean=48.3
      Funding: 96,393 non-zero rows (3.8%)
      LS ratio: 0 non-missing rows
      Synthetic positioning features...
      Loading news features (mode=all)...
      + coin-level news: 8 features
      + market-level news: 7 features
      📊 Coverage: 2,228,238/2,565,321 rows (86.9%)
      📰 Events: 1,100,564/2,228,238 covered rows (49.4%) have news
      🕳️  Holes: 337,083 rows = NaN (not 0!)
   ✅ Sentiment features added: 173 → 210 total
   📊 Adding derivatives features (Binance Futures)...
      Loaded metrics: 1,800,870 rows, 50 symbols, 2021-12-01 → 2026-03-12
      OI: 1,785,559 rows (69.6%), 9 features
      Taker: 1,648,976 rows (64.3%), 6 features
      Top L/S: 1,433,710 rows (55.9%), 5 features
      Global L/S: 3 features
      Binance funding: 2,239,209 rows (87.3%)
      Funding surprise: computed from OKX funding data
      Market-wide aggregates: 4 features
      Basis/Premium: 448,115 rows (17.5%), 6 features
      ⚠️  No liquidation data (run download_binance_futures.py)
      DVOL: 13 features (BTC range: 2021-04-01 → 2026-03-15)
   ✅ Derivatives features: +48 features
   🧬 Adding news interaction features...
   ✅ Added 23 news interaction features
   ⚠️  offline mode: some features may be zero-filled by models
   Final: (2565321, 299), 281 features
📡 Models …
   catboost: 5 CB models, 156 feats
   mlp: 5 MLP models, 177 feats ⚠️ 9 features zero-filled
   🏗️  Architecture: 2 groups (10 models)
   2025-10-01 04:00:00+00:00 → 2026-03-06 16:00:00+00:00  (314 steps, 12h apart)

📐 Calibrating edge distribution (P75 (for boost/adaptive)) ...
   P75 edge = 0.01883, P90 = 0.02760
   (1410 samples, 30 steps)
   Vol targeting: 60% annual → 0.0222 per-step, lookback=48

──────────────────────────────────────────────────────────────────────
      0/313 | $1,000.45 | DD   0.0% | L10 S10 | Δ20
      5/313 | $  963.66 | DD  -3.7% | L10 S10 | Δ12
     10/313 | $  980.22 | DD  -2.0% | L10 S10 | Δ14
     15/313 | $1,015.19 | DD   0.0% | L10 S10 | Δ30
     20/313 | $1,092.39 | DD   0.0% | L10 S10 | Δ36
     25/313 | $1,047.43 | DD  -4.1% | L10 S10 | Δ28
     30/313 | $1,109.63 | DD  -0.7% | L10 S10 | Δ30
     35/313 | $1,110.05 | DD  -2.6% | L10 S10 | Δ30
     40/313 | $1,125.80 | DD  -1.2% | L10 S10 | Δ20
     45/313 | $1,185.34 | DD  -0.5% | L10 S10 | Δ26
     50/313 | $1,205.36 | DD  -0.6% | L10 S10 | Δ16
     55/313 | $1,256.65 | DD   0.0% | L10 S10 | Δ20
     60/313 | $1,223.10 | DD  -2.7% | L10 S10 | Δ30
     65/313 | $1,196.42 | DD  -4.8% | L10 S10 | Δ24
     70/313 | $1,203.59 | DD  -4.2% | L10 S10 | Δ26
     75/313 | $  962.76 | DD -23.4% | L10 S10 | Δ16
     80/313 | $1,047.87 | DD -16.6% | L10 S10 | Δ26
     85/313 | $1,146.12 | DD  -8.8% | L10 S10 | Δ32
     90/313 | $1,200.45 | DD  -4.5% | L10 S10 | Δ20
     95/313 | $1,196.89 | DD  -4.8% | L10 S10 | Δ26
    100/313 | $1,224.26 | DD  -2.6% | L10 S10 | Δ36
    105/313 | $1,235.63 | DD  -1.7% | L10 S10 | Δ32
    110/313 | $1,266.69 | DD   0.0% | L10 S10 | Δ28
    115/313 | $1,230.13 | DD  -3.2% | L10 S10 | Δ22
    120/313 | $1,207.87 | DD  -4.9% | L10 S10 | Δ24
    125/313 | $1,220.31 | DD  -3.9% | L10 S10 | Δ16
    130/313 | $1,208.18 | DD  -4.9% | L10 S10 | Δ20
    135/313 | $1,214.64 | DD  -4.4% | L10 S10 | Δ24
    140/313 | $1,293.07 | DD   0.0% | L10 S10 | Δ26
    145/313 | $1,325.78 | DD  -3.2% | L10 S10 | Δ22
    150/313 | $1,409.73 | DD   0.0% | L10 S10 | Δ32
    155/313 | $1,430.47 | DD   0.0% | L10 S10 | Δ24
    160/313 | $1,434.74 | DD  -2.0% | L10 S10 | Δ30
    165/313 | $1,440.08 | DD  -1.6% | L10 S10 | Δ24
    170/313 | $1,423.18 | DD  -2.7% | L10 S10 | Δ22
    175/313 | $1,403.53 | DD  -4.1% | L10 S10 | Δ14
    180/313 | $1,399.42 | DD  -4.4% | L10 S10 | Δ24
    185/313 | $1,385.58 | DD  -5.3% | L10 S10 | Δ20
    190/313 | $1,380.60 | DD  -5.7% | L10 S10 | Δ18
    195/313 | $1,465.70 | DD   0.0% | L10 S10 | Δ24
    200/313 | $1,435.77 | DD  -2.0% | L10 S10 | Δ24
    205/313 | $1,437.27 | DD  -1.9% | L10 S10 | Δ18
    210/313 | $1,423.28 | DD  -4.1% | L10 S10 | Δ18
    215/313 | $1,438.14 | DD  -3.1% | L10 S10 | Δ16
    220/313 | $1,515.05 | DD   0.0% | L10 S10 | Δ28
    225/313 | $1,522.69 | DD   0.0% | L10 S10 | Δ30
    230/313 | $1,609.68 | DD   0.0% | L10 S10 | Δ18
    235/313 | $1,656.64 | DD  -1.6% | L10 S10 | Δ24
    240/313 | $1,809.01 | DD   0.0% | L10 S10 | Δ28
    245/313 | $1,898.68 | DD   0.0% | L10 S10 | Δ28
    250/313 | $1,937.52 | DD   0.0% | L10 S10 | Δ30
    255/313 | $1,926.97 | DD  -2.0% | L10 S10 | Δ24
    260/313 | $2,004.05 | DD  -0.9% | L10 S10 | Δ30
    265/313 | $2,094.64 | DD   0.0% | L10 S10 | Δ28
    270/313 | $2,240.63 | DD  -1.0% | L10 S10 | Δ26
    275/313 | $2,233.69 | DD  -1.3% | L10 S10 | Δ28
    280/313 | $2,314.72 | DD  -2.8% | L10 S10 | Δ30
    285/313 | $2,246.52 | DD  -5.6% | L10 S10 | Δ20
    290/313 | $2,198.51 | DD  -7.6% | L10 S10 | Δ24
    295/313 | $2,336.06 | DD  -1.9% | L10 S10 | Δ32
    300/313 | $2,402.61 | DD  -1.2% | L10 S10 | Δ24
    305/313 | $2,515.91 | DD   0.0% | L10 S10 | Δ18
    310/313 | $2,599.16 | DD  -0.3% | L10 S10 | Δ20
    312/313 | $2,503.18 | DD  -4.0% | L10 S10 | Δ20

======================================================================
  RESULTS — 158d, rebal=12h, N=10+10, lev=3x, mode=boost+voltgt60%
======================================================================

   Start:      $1,000
   End:        $2,503.18
   Return:     +150.3%  (ann. ~+347%)
   Max DD:     -24.1%
   Sharpe:     +4.63
   Sharpe HAC: +4.85  (Newey-West adjusted)
   Calmar:     14.39
   Win Rate:   60%  (189W / 124L)
   Avg Win:    $+21.37
   Avg Loss:   $-20.44
   PF:         1.59
   Trades:     7314
   Turnover:   $1,707,025  (1707.0x capital)
   Costs:      $889.67  (89.0%)
   Vol target: 60% ann, avg scale 1.22x
   Leverage:   3x
   Liq. level: -33% DD (approx)

   📈 Equity ($970–$2503):
      $   1,000 |░░░░░░░░░░░░░░░░░░░░░░░░░░░░░░░░░░░░░░░░|
      $   1,095 |███░░░░░░░░░░░░░░░░░░░░░░░░░░░░░░░░░░░░░|
      $   1,158 |████░░░░░░░░░░░░░░░░░░░░░░░░░░░░░░░░░░░░|
      $   1,226 |██████░░░░░░░░░░░░░░░░░░░░░░░░░░░░░░░░░░|
      $   1,370 |██████████░░░░░░░░░░░░░░░░░░░░░░░░░░░░░░|
      $   1,399 |███████████░░░░░░░░░░░░░░░░░░░░░░░░░░░░░|
      $   1,341 |█████████░░░░░░░░░░░░░░░░░░░░░░░░░░░░░░░|
      $   1,928 |████████████████████████░░░░░░░░░░░░░░░░|
      $   2,217 |████████████████████████████████░░░░░░░░|
      $   2,503 |████████████████████████████████████████|

   Saved: /workdir/invest/trading_logs/fast_sim_equity.csv

======================================================================
   🟡 Marginal — keep monitoring
======================================================================
[12:23:06]   => Return=+150.3%  HAC=+4.85
[12:23:06] --- Hysteresis sweep ---
[12:23:06] SIM #7: HYST_3
[12:23:06] CMD: python run_fast_sim.py --data data/features/crypto_features_1h.parquet --days 158 --start-date 2025-10-01 --end-date 2026-03-07 --leverage 3 --kelly 0.8 --edge-boost --no-deriv-gate --no-ddstop --ensemble --hysteresis 3
======================================================================
  FAST SIMULATION
  158d | $1,000 | rebal=12h | N=10+10 | kelly=80% | cost=4bp/side
  leverage=3x | mode=boost
======================================================================

📊 Loading offline data: data/features/crypto_features_1h.parquet
   (2565321, 107), 50 symbols
   Date range: 2017-09-16 09:00:00+00:00 → 2026-03-07 15:00:00+00:00
   Enriching features (cross-asset, regime, 12h+v7, calendar, macro, sentiment, derivatives)...
   🎯 Adding targets...
   🌐 Adding cross-asset features...
   🔰 Adding advanced regime features...
   🕐 Adding 12h-specific features (v7 enhanced)...
   ✅ Added ~18 features for 12h holding period (v7)
   📅 SKIPPED calendar features (SKIP_CALENDAR=1)
   🏛️ Adding macro features...
      Macro raw: 9 cols, derived: 29, total new: 38
   📰 Adding sentiment features... (news_mode=all)
      FNG: 2018-02-01 → 2026-03-11, mean=48.3
      Funding: 96,393 non-zero rows (3.8%)
      LS ratio: 0 non-missing rows
      Synthetic positioning features...
      Loading news features (mode=all)...
      + coin-level news: 8 features
      + market-level news: 7 features
      📊 Coverage: 2,228,238/2,565,321 rows (86.9%)
      📰 Events: 1,100,564/2,228,238 covered rows (49.4%) have news
      🕳️  Holes: 337,083 rows = NaN (not 0!)
   ✅ Sentiment features added: 173 → 210 total
   📊 Adding derivatives features (Binance Futures)...
      Loaded metrics: 1,800,870 rows, 50 symbols, 2021-12-01 → 2026-03-12
      OI: 1,785,559 rows (69.6%), 9 features
      Taker: 1,648,976 rows (64.3%), 6 features
      Top L/S: 1,433,710 rows (55.9%), 5 features
      Global L/S: 3 features
      Binance funding: 2,239,209 rows (87.3%)
      Funding surprise: computed from OKX funding data
      Market-wide aggregates: 4 features
      Basis/Premium: 448,115 rows (17.5%), 6 features
      ⚠️  No liquidation data (run download_binance_futures.py)
      DVOL: 13 features (BTC range: 2021-04-01 → 2026-03-15)
   ✅ Derivatives features: +48 features
   🧬 Adding news interaction features...
   ✅ Added 23 news interaction features
   ⚠️  offline mode: some features may be zero-filled by models
   Final: (2565321, 299), 281 features
📡 Models …
   catboost: 5 CB models, 156 feats
   mlp: 5 MLP models, 177 feats ⚠️ 9 features zero-filled
   🏗️  Architecture: 2 groups (10 models)
   2025-10-01 04:00:00+00:00 → 2026-03-06 16:00:00+00:00  (314 steps, 12h apart)

📐 Calibrating edge distribution (P75 (for boost/adaptive)) ...
   P75 edge = 0.01883, P90 = 0.02760
   (1410 samples, 30 steps)

──────────────────────────────────────────────────────────────────────
      0/313 | $1,000.45 | DD   0.0% | L10 S10 | Δ20
      5/313 | $  963.66 | DD  -3.7% | L10 S10 | Δ12
     10/313 | $  980.22 | DD  -2.0% | L10 S10 | Δ14
     15/313 | $1,015.19 | DD   0.0% | L10 S10 | Δ30
     20/313 | $1,092.39 | DD   0.0% | L10 S10 | Δ36
     25/313 | $1,046.27 | DD  -4.2% | L10 S10 | Δ28
     30/313 | $1,117.20 | DD  -0.8% | L10 S10 | Δ30
     35/313 | $1,118.69 | DD  -2.8% | L10 S10 | Δ30
     40/313 | $1,134.05 | DD  -1.4% | L10 S10 | Δ20
     45/313 | $1,194.92 | DD  -0.5% | L10 S10 | Δ26
     50/313 | $1,214.77 | DD  -0.5% | L10 S10 | Δ16
     55/313 | $1,262.17 | DD   0.0% | L10 S10 | Δ20
     60/313 | $1,231.24 | DD  -2.5% | L10 S10 | Δ30
     65/313 | $1,206.52 | DD  -4.4% | L10 S10 | Δ24
     70/313 | $1,197.53 | DD  -5.1% | L10 S10 | Δ26
     75/313 | $1,013.54 | DD -19.7% | L10 S10 | Δ16
     80/313 | $1,110.18 | DD -12.0% | L10 S10 | Δ26
     85/313 | $1,224.79 | DD  -3.0% | L10 S10 | Δ32
     90/313 | $1,289.78 | DD   0.0% | L10 S10 | Δ20
     95/313 | $1,285.59 | DD  -2.3% | L10 S10 | Δ26
    100/313 | $1,317.89 | DD   0.0% | L10 S10 | Δ36
    105/313 | $1,331.27 | DD  -1.2% | L10 S10 | Δ32
    110/313 | $1,368.46 | DD   0.0% | L10 S10 | Δ28
    115/313 | $1,325.08 | DD  -3.5% | L10 S10 | Δ22
    120/313 | $1,298.82 | DD  -5.4% | L10 S10 | Δ24
    125/313 | $1,301.67 | DD  -5.2% | L10 S10 | Δ16
    130/313 | $1,293.16 | DD  -5.8% | L10 S10 | Δ20
    135/313 | $1,297.04 | DD  -5.5% | L10 S10 | Δ24
    140/313 | $1,351.59 | DD  -1.5% | L10 S10 | Δ26
    145/313 | $1,373.84 | DD  -2.4% | L10 S10 | Δ22
    150/313 | $1,439.96 | DD   0.0% | L10 S10 | Δ32
    155/313 | $1,456.33 | DD   0.0% | L10 S10 | Δ24
    160/313 | $1,459.59 | DD  -1.5% | L10 S10 | Δ30
    165/313 | $1,463.97 | DD  -1.2% | L10 S10 | Δ24
    170/313 | $1,451.35 | DD  -2.1% | L10 S10 | Δ22
    175/313 | $1,437.87 | DD  -3.0% | L10 S10 | Δ14
    180/313 | $1,435.48 | DD  -3.1% | L10 S10 | Δ24
    185/313 | $1,425.07 | DD  -3.8% | L10 S10 | Δ20
    190/313 | $1,419.37 | DD  -4.2% | L10 S10 | Δ18
    195/313 | $1,482.50 | DD   0.0% | L10 S10 | Δ24
    200/313 | $1,461.10 | DD  -1.4% | L10 S10 | Δ24
    205/313 | $1,462.18 | DD  -1.4% | L10 S10 | Δ18
    210/313 | $1,454.12 | DD  -2.7% | L10 S10 | Δ18
    215/313 | $1,465.66 | DD  -1.9% | L10 S10 | Δ16
    220/313 | $1,556.49 | DD   0.0% | L10 S10 | Δ28
    225/313 | $1,565.48 | DD   0.0% | L10 S10 | Δ30
    230/313 | $1,664.21 | DD   0.0% | L10 S10 | Δ18
    235/313 | $1,718.58 | DD  -1.6% | L10 S10 | Δ24
    240/313 | $1,881.29 | DD   0.0% | L10 S10 | Δ28
    245/313 | $1,975.73 | DD   0.0% | L10 S10 | Δ28
    250/313 | $2,016.35 | DD   0.0% | L10 S10 | Δ30
    255/313 | $2,005.99 | DD  -1.9% | L10 S10 | Δ24
    260/313 | $2,082.58 | DD  -0.8% | L10 S10 | Δ30
    265/313 | $2,166.62 | DD   0.0% | L10 S10 | Δ28
    270/313 | $2,271.15 | DD  -0.7% | L10 S10 | Δ26
    275/313 | $2,265.70 | DD  -0.9% | L10 S10 | Δ28
    280/313 | $2,312.19 | DD  -1.6% | L10 S10 | Δ30
    285/313 | $2,270.14 | DD  -3.4% | L10 S10 | Δ20
    290/313 | $2,239.86 | DD  -4.7% | L10 S10 | Δ24
    295/313 | $2,325.41 | DD  -1.0% | L10 S10 | Δ32
    300/313 | $2,370.00 | DD  -0.9% | L10 S10 | Δ24
    305/313 | $2,447.22 | DD   0.0% | L10 S10 | Δ18
    310/313 | $2,504.60 | DD  -0.2% | L10 S10 | Δ20
    312/313 | $2,437.88 | DD  -2.9% | L10 S10 | Δ20

======================================================================
  RESULTS — 158d, rebal=12h, N=10+10, lev=3x, mode=boost
======================================================================

   Start:      $1,000
   End:        $2,437.88
   Return:     +143.8%  (ann. ~+332%)
   Max DD:     -20.5%
   Sharpe:     +5.28
   Sharpe HAC: +5.33  (Newey-West adjusted)
   Calmar:     16.18
   Win Rate:   61%  (190W / 123L)
   Avg Win:    $+18.60
   Avg Loss:   $-17.03
   PF:         1.69
   Trades:     7314
   Turnover:   $1,417,779  (1417.8x capital)
   Costs:      $738.47  (73.8%)
   Leverage:   3x
   Liq. level: -33% DD (approx)

   📈 Equity ($970–$2438):
      $   1,000 |░░░░░░░░░░░░░░░░░░░░░░░░░░░░░░░░░░░░░░░░|
      $   1,103 |███░░░░░░░░░░░░░░░░░░░░░░░░░░░░░░░░░░░░░|
      $   1,168 |█████░░░░░░░░░░░░░░░░░░░░░░░░░░░░░░░░░░░|
      $   1,320 |█████████░░░░░░░░░░░░░░░░░░░░░░░░░░░░░░░|
      $   1,407 |███████████░░░░░░░░░░░░░░░░░░░░░░░░░░░░░|
      $   1,435 |████████████░░░░░░░░░░░░░░░░░░░░░░░░░░░░|
      $   1,385 |███████████░░░░░░░░░░░░░░░░░░░░░░░░░░░░░|
      $   2,007 |████████████████████████████░░░░░░░░░░░░|
      $   2,251 |██████████████████████████████████░░░░░░|
      $   2,438 |███████████████████████████████████████░|

   Saved: /workdir/invest/trading_logs/fast_sim_equity.csv

======================================================================
   🟡 Marginal — keep monitoring
======================================================================
[12:26:23]   => Return=+143.8%  HAC=+5.33
[12:26:23] SIM #8: HYST_5
[12:26:23] CMD: python run_fast_sim.py --data data/features/crypto_features_1h.parquet --days 158 --start-date 2025-10-01 --end-date 2026-03-07 --leverage 3 --kelly 0.8 --edge-boost --no-deriv-gate --no-ddstop --ensemble --hysteresis 5
======================================================================
  FAST SIMULATION
  158d | $1,000 | rebal=12h | N=10+10 | kelly=80% | cost=4bp/side
  leverage=3x | mode=boost
======================================================================

📊 Loading offline data: data/features/crypto_features_1h.parquet
   (2565321, 107), 50 symbols
   Date range: 2017-09-16 09:00:00+00:00 → 2026-03-07 15:00:00+00:00
   Enriching features (cross-asset, regime, 12h+v7, calendar, macro, sentiment, derivatives)...
   🎯 Adding targets...
   🌐 Adding cross-asset features...
   🔰 Adding advanced regime features...
   🕐 Adding 12h-specific features (v7 enhanced)...
   ✅ Added ~18 features for 12h holding period (v7)
   📅 SKIPPED calendar features (SKIP_CALENDAR=1)
   🏛️ Adding macro features...
      Macro raw: 9 cols, derived: 29, total new: 38
   📰 Adding sentiment features... (news_mode=all)
      FNG: 2018-02-01 → 2026-03-11, mean=48.3
      Funding: 96,393 non-zero rows (3.8%)
      LS ratio: 0 non-missing rows
      Synthetic positioning features...
      Loading news features (mode=all)...
      + coin-level news: 8 features
      + market-level news: 7 features
      📊 Coverage: 2,228,238/2,565,321 rows (86.9%)
      📰 Events: 1,100,564/2,228,238 covered rows (49.4%) have news
      🕳️  Holes: 337,083 rows = NaN (not 0!)
   ✅ Sentiment features added: 173 → 210 total
   📊 Adding derivatives features (Binance Futures)...
      Loaded metrics: 1,800,870 rows, 50 symbols, 2021-12-01 → 2026-03-12
      OI: 1,785,559 rows (69.6%), 9 features
      Taker: 1,648,976 rows (64.3%), 6 features
      Top L/S: 1,433,710 rows (55.9%), 5 features
      Global L/S: 3 features
      Binance funding: 2,239,209 rows (87.3%)
      Funding surprise: computed from OKX funding data
      Market-wide aggregates: 4 features
      Basis/Premium: 448,115 rows (17.5%), 6 features
      ⚠️  No liquidation data (run download_binance_futures.py)
      DVOL: 13 features (BTC range: 2021-04-01 → 2026-03-15)
   ✅ Derivatives features: +48 features
   🧬 Adding news interaction features...
   ✅ Added 23 news interaction features
   ⚠️  offline mode: some features may be zero-filled by models
   Final: (2565321, 299), 281 features
📡 Models …
   catboost: 5 CB models, 156 feats
   mlp: 5 MLP models, 177 feats ⚠️ 9 features zero-filled
   🏗️  Architecture: 2 groups (10 models)
   2025-10-01 04:00:00+00:00 → 2026-03-06 16:00:00+00:00  (314 steps, 12h apart)

📐 Calibrating edge distribution (P75 (for boost/adaptive)) ...
   P75 edge = 0.01883, P90 = 0.02760
   (1410 samples, 30 steps)

──────────────────────────────────────────────────────────────────────
      0/313 | $1,000.45 | DD   0.0% | L10 S10 | Δ20
      5/313 | $  963.66 | DD  -3.7% | L10 S10 | Δ12
     10/313 | $  980.22 | DD  -2.0% | L10 S10 | Δ14
     15/313 | $1,015.19 | DD   0.0% | L10 S10 | Δ30
     20/313 | $1,092.39 | DD   0.0% | L10 S10 | Δ36
     25/313 | $1,046.27 | DD  -4.2% | L10 S10 | Δ28
     30/313 | $1,117.20 | DD  -0.8% | L10 S10 | Δ30
     35/313 | $1,118.69 | DD  -2.8% | L10 S10 | Δ30
     40/313 | $1,134.05 | DD  -1.4% | L10 S10 | Δ20
     45/313 | $1,194.92 | DD  -0.5% | L10 S10 | Δ26
     50/313 | $1,214.77 | DD  -0.5% | L10 S10 | Δ16
     55/313 | $1,262.17 | DD   0.0% | L10 S10 | Δ20
     60/313 | $1,231.24 | DD  -2.5% | L10 S10 | Δ30
     65/313 | $1,206.52 | DD  -4.4% | L10 S10 | Δ24
     70/313 | $1,197.53 | DD  -5.1% | L10 S10 | Δ26
     75/313 | $1,013.54 | DD -19.7% | L10 S10 | Δ16
     80/313 | $1,110.18 | DD -12.0% | L10 S10 | Δ26
     85/313 | $1,224.79 | DD  -3.0% | L10 S10 | Δ32
     90/313 | $1,289.78 | DD   0.0% | L10 S10 | Δ20
     95/313 | $1,285.59 | DD  -2.3% | L10 S10 | Δ26
    100/313 | $1,317.89 | DD   0.0% | L10 S10 | Δ36
    105/313 | $1,331.27 | DD  -1.2% | L10 S10 | Δ32
    110/313 | $1,368.46 | DD   0.0% | L10 S10 | Δ28
    115/313 | $1,325.08 | DD  -3.5% | L10 S10 | Δ22
    120/313 | $1,298.82 | DD  -5.4% | L10 S10 | Δ24
    125/313 | $1,301.67 | DD  -5.2% | L10 S10 | Δ16
    130/313 | $1,293.16 | DD  -5.8% | L10 S10 | Δ20
    135/313 | $1,297.04 | DD  -5.5% | L10 S10 | Δ24
    140/313 | $1,351.59 | DD  -1.5% | L10 S10 | Δ26
    145/313 | $1,373.84 | DD  -2.4% | L10 S10 | Δ22
    150/313 | $1,439.96 | DD   0.0% | L10 S10 | Δ32
    155/313 | $1,456.33 | DD   0.0% | L10 S10 | Δ24
    160/313 | $1,459.59 | DD  -1.5% | L10 S10 | Δ30
    165/313 | $1,463.97 | DD  -1.2% | L10 S10 | Δ24
    170/313 | $1,451.35 | DD  -2.1% | L10 S10 | Δ22
    175/313 | $1,437.87 | DD  -3.0% | L10 S10 | Δ14
    180/313 | $1,435.48 | DD  -3.1% | L10 S10 | Δ24
    185/313 | $1,425.07 | DD  -3.8% | L10 S10 | Δ20
    190/313 | $1,419.37 | DD  -4.2% | L10 S10 | Δ18
    195/313 | $1,482.50 | DD   0.0% | L10 S10 | Δ24
    200/313 | $1,461.10 | DD  -1.4% | L10 S10 | Δ24
    205/313 | $1,462.18 | DD  -1.4% | L10 S10 | Δ18
    210/313 | $1,454.12 | DD  -2.7% | L10 S10 | Δ18
    215/313 | $1,465.66 | DD  -1.9% | L10 S10 | Δ16
    220/313 | $1,556.49 | DD   0.0% | L10 S10 | Δ28
    225/313 | $1,565.48 | DD   0.0% | L10 S10 | Δ30
    230/313 | $1,664.21 | DD   0.0% | L10 S10 | Δ18
    235/313 | $1,718.58 | DD  -1.6% | L10 S10 | Δ24
    240/313 | $1,881.29 | DD   0.0% | L10 S10 | Δ28
    245/313 | $1,975.73 | DD   0.0% | L10 S10 | Δ28
    250/313 | $2,016.35 | DD   0.0% | L10 S10 | Δ30
    255/313 | $2,005.99 | DD  -1.9% | L10 S10 | Δ24
    260/313 | $2,082.58 | DD  -0.8% | L10 S10 | Δ30
    265/313 | $2,166.62 | DD   0.0% | L10 S10 | Δ28
    270/313 | $2,271.15 | DD  -0.7% | L10 S10 | Δ26
    275/313 | $2,265.70 | DD  -0.9% | L10 S10 | Δ28
    280/313 | $2,312.19 | DD  -1.6% | L10 S10 | Δ30
    285/313 | $2,270.14 | DD  -3.4% | L10 S10 | Δ20
    290/313 | $2,239.86 | DD  -4.7% | L10 S10 | Δ24
    295/313 | $2,325.41 | DD  -1.0% | L10 S10 | Δ32
    300/313 | $2,370.00 | DD  -0.9% | L10 S10 | Δ24
    305/313 | $2,447.22 | DD   0.0% | L10 S10 | Δ18
    310/313 | $2,504.60 | DD  -0.2% | L10 S10 | Δ20
    312/313 | $2,437.88 | DD  -2.9% | L10 S10 | Δ20

======================================================================
  RESULTS — 158d, rebal=12h, N=10+10, lev=3x, mode=boost
======================================================================

   Start:      $1,000
   End:        $2,437.88
   Return:     +143.8%  (ann. ~+332%)
   Max DD:     -20.5%
   Sharpe:     +5.28
   Sharpe HAC: +5.33  (Newey-West adjusted)
   Calmar:     16.18
   Win Rate:   61%  (190W / 123L)
   Avg Win:    $+18.60
   Avg Loss:   $-17.03
   PF:         1.69
   Trades:     7314
   Turnover:   $1,417,779  (1417.8x capital)
   Costs:      $738.47  (73.8%)
   Leverage:   3x
   Liq. level: -33% DD (approx)

   📈 Equity ($970–$2438):
      $   1,000 |░░░░░░░░░░░░░░░░░░░░░░░░░░░░░░░░░░░░░░░░|
      $   1,103 |███░░░░░░░░░░░░░░░░░░░░░░░░░░░░░░░░░░░░░|
      $   1,168 |█████░░░░░░░░░░░░░░░░░░░░░░░░░░░░░░░░░░░|
      $   1,320 |█████████░░░░░░░░░░░░░░░░░░░░░░░░░░░░░░░|
      $   1,407 |███████████░░░░░░░░░░░░░░░░░░░░░░░░░░░░░|
      $   1,435 |████████████░░░░░░░░░░░░░░░░░░░░░░░░░░░░|
      $   1,385 |███████████░░░░░░░░░░░░░░░░░░░░░░░░░░░░░|
      $   2,007 |████████████████████████████░░░░░░░░░░░░|
      $   2,251 |██████████████████████████████████░░░░░░|
      $   2,438 |███████████████████████████████████████░|

   Saved: /workdir/invest/trading_logs/fast_sim_equity.csv

======================================================================
   🟡 Marginal — keep monitoring
======================================================================
[12:29:38]   => Return=+143.8%  HAC=+5.33
[12:29:38] SIM #9: HYST_7
[12:29:38] CMD: python run_fast_sim.py --data data/features/crypto_features_1h.parquet --days 158 --start-date 2025-10-01 --end-date 2026-03-07 --leverage 3 --kelly 0.8 --edge-boost --no-deriv-gate --no-ddstop --ensemble --hysteresis 7
======================================================================
  FAST SIMULATION
  158d | $1,000 | rebal=12h | N=10+10 | kelly=80% | cost=4bp/side
  leverage=3x | mode=boost
======================================================================

📊 Loading offline data: data/features/crypto_features_1h.parquet
   (2565321, 107), 50 symbols
   Date range: 2017-09-16 09:00:00+00:00 → 2026-03-07 15:00:00+00:00
   Enriching features (cross-asset, regime, 12h+v7, calendar, macro, sentiment, derivatives)...
   🎯 Adding targets...
   🌐 Adding cross-asset features...
   🔰 Adding advanced regime features...
   🕐 Adding 12h-specific features (v7 enhanced)...
   ✅ Added ~18 features for 12h holding period (v7)
   📅 SKIPPED calendar features (SKIP_CALENDAR=1)
   🏛️ Adding macro features...
      Macro raw: 9 cols, derived: 29, total new: 38
   📰 Adding sentiment features... (news_mode=all)
      FNG: 2018-02-01 → 2026-03-11, mean=48.3
      Funding: 96,393 non-zero rows (3.8%)
      LS ratio: 0 non-missing rows
      Synthetic positioning features...
      Loading news features (mode=all)...
      + coin-level news: 8 features
      + market-level news: 7 features
      📊 Coverage: 2,228,238/2,565,321 rows (86.9%)
      📰 Events: 1,100,564/2,228,238 covered rows (49.4%) have news
      🕳️  Holes: 337,083 rows = NaN (not 0!)
   ✅ Sentiment features added: 173 → 210 total
   📊 Adding derivatives features (Binance Futures)...
      Loaded metrics: 1,800,870 rows, 50 symbols, 2021-12-01 → 2026-03-12
      OI: 1,785,559 rows (69.6%), 9 features
      Taker: 1,648,976 rows (64.3%), 6 features
      Top L/S: 1,433,710 rows (55.9%), 5 features
      Global L/S: 3 features
      Binance funding: 2,239,209 rows (87.3%)
      Funding surprise: computed from OKX funding data
      Market-wide aggregates: 4 features
      Basis/Premium: 448,115 rows (17.5%), 6 features
      ⚠️  No liquidation data (run download_binance_futures.py)
      DVOL: 13 features (BTC range: 2021-04-01 → 2026-03-15)
   ✅ Derivatives features: +48 features
   🧬 Adding news interaction features...
   ✅ Added 23 news interaction features
   ⚠️  offline mode: some features may be zero-filled by models
   Final: (2565321, 299), 281 features
📡 Models …
   catboost: 5 CB models, 156 feats
   mlp: 5 MLP models, 177 feats ⚠️ 9 features zero-filled
   🏗️  Architecture: 2 groups (10 models)
   2025-10-01 04:00:00+00:00 → 2026-03-06 16:00:00+00:00  (314 steps, 12h apart)

📐 Calibrating edge distribution (P75 (for boost/adaptive)) ...
   P75 edge = 0.01883, P90 = 0.02760
   (1410 samples, 30 steps)

──────────────────────────────────────────────────────────────────────
      0/313 | $1,000.45 | DD   0.0% | L10 S10 | Δ20
      5/313 | $  963.66 | DD  -3.7% | L10 S10 | Δ12
     10/313 | $  980.22 | DD  -2.0% | L10 S10 | Δ14
     15/313 | $1,015.19 | DD   0.0% | L10 S10 | Δ30
     20/313 | $1,092.39 | DD   0.0% | L10 S10 | Δ36
     25/313 | $1,046.27 | DD  -4.2% | L10 S10 | Δ28
     30/313 | $1,117.20 | DD  -0.8% | L10 S10 | Δ30
     35/313 | $1,118.69 | DD  -2.8% | L10 S10 | Δ30
     40/313 | $1,134.05 | DD  -1.4% | L10 S10 | Δ20
     45/313 | $1,194.92 | DD  -0.5% | L10 S10 | Δ26
     50/313 | $1,214.77 | DD  -0.5% | L10 S10 | Δ16
     55/313 | $1,262.17 | DD   0.0% | L10 S10 | Δ20
     60/313 | $1,231.24 | DD  -2.5% | L10 S10 | Δ30
     65/313 | $1,206.52 | DD  -4.4% | L10 S10 | Δ24
     70/313 | $1,197.53 | DD  -5.1% | L10 S10 | Δ26
     75/313 | $1,013.54 | DD -19.7% | L10 S10 | Δ16
     80/313 | $1,110.18 | DD -12.0% | L10 S10 | Δ26
     85/313 | $1,224.79 | DD  -3.0% | L10 S10 | Δ32
     90/313 | $1,289.78 | DD   0.0% | L10 S10 | Δ20
     95/313 | $1,285.59 | DD  -2.3% | L10 S10 | Δ26
    100/313 | $1,317.89 | DD   0.0% | L10 S10 | Δ36
    105/313 | $1,331.27 | DD  -1.2% | L10 S10 | Δ32
    110/313 | $1,368.46 | DD   0.0% | L10 S10 | Δ28
    115/313 | $1,325.08 | DD  -3.5% | L10 S10 | Δ22
    120/313 | $1,298.82 | DD  -5.4% | L10 S10 | Δ24
    125/313 | $1,301.67 | DD  -5.2% | L10 S10 | Δ16
    130/313 | $1,293.16 | DD  -5.8% | L10 S10 | Δ20
    135/313 | $1,297.04 | DD  -5.5% | L10 S10 | Δ24
    140/313 | $1,351.59 | DD  -1.5% | L10 S10 | Δ26
    145/313 | $1,373.84 | DD  -2.4% | L10 S10 | Δ22
    150/313 | $1,439.96 | DD   0.0% | L10 S10 | Δ32
    155/313 | $1,456.33 | DD   0.0% | L10 S10 | Δ24
    160/313 | $1,459.59 | DD  -1.5% | L10 S10 | Δ30
    165/313 | $1,463.97 | DD  -1.2% | L10 S10 | Δ24
    170/313 | $1,451.35 | DD  -2.1% | L10 S10 | Δ22
    175/313 | $1,437.87 | DD  -3.0% | L10 S10 | Δ14
    180/313 | $1,435.48 | DD  -3.1% | L10 S10 | Δ24
    185/313 | $1,425.07 | DD  -3.8% | L10 S10 | Δ20
    190/313 | $1,419.37 | DD  -4.2% | L10 S10 | Δ18
    195/313 | $1,482.50 | DD   0.0% | L10 S10 | Δ24
    200/313 | $1,461.10 | DD  -1.4% | L10 S10 | Δ24
    205/313 | $1,462.18 | DD  -1.4% | L10 S10 | Δ18
    210/313 | $1,454.12 | DD  -2.7% | L10 S10 | Δ18
    215/313 | $1,465.66 | DD  -1.9% | L10 S10 | Δ16
    220/313 | $1,556.49 | DD   0.0% | L10 S10 | Δ28
    225/313 | $1,565.48 | DD   0.0% | L10 S10 | Δ30
    230/313 | $1,664.21 | DD   0.0% | L10 S10 | Δ18
    235/313 | $1,718.58 | DD  -1.6% | L10 S10 | Δ24
    240/313 | $1,881.29 | DD   0.0% | L10 S10 | Δ28
    245/313 | $1,975.73 | DD   0.0% | L10 S10 | Δ28
    250/313 | $2,016.35 | DD   0.0% | L10 S10 | Δ30
    255/313 | $2,005.99 | DD  -1.9% | L10 S10 | Δ24
    260/313 | $2,082.58 | DD  -0.8% | L10 S10 | Δ30
    265/313 | $2,166.62 | DD   0.0% | L10 S10 | Δ28
    270/313 | $2,271.15 | DD  -0.7% | L10 S10 | Δ26
    275/313 | $2,265.70 | DD  -0.9% | L10 S10 | Δ28
    280/313 | $2,312.19 | DD  -1.6% | L10 S10 | Δ30
    285/313 | $2,270.14 | DD  -3.4% | L10 S10 | Δ20
    290/313 | $2,239.86 | DD  -4.7% | L10 S10 | Δ24
    295/313 | $2,325.41 | DD  -1.0% | L10 S10 | Δ32
    300/313 | $2,370.00 | DD  -0.9% | L10 S10 | Δ24
    305/313 | $2,447.22 | DD   0.0% | L10 S10 | Δ18
    310/313 | $2,504.60 | DD  -0.2% | L10 S10 | Δ20
    312/313 | $2,437.88 | DD  -2.9% | L10 S10 | Δ20

======================================================================
  RESULTS — 158d, rebal=12h, N=10+10, lev=3x, mode=boost
======================================================================

   Start:      $1,000
   End:        $2,437.88
   Return:     +143.8%  (ann. ~+332%)
   Max DD:     -20.5%
   Sharpe:     +5.28
   Sharpe HAC: +5.33  (Newey-West adjusted)
   Calmar:     16.18
   Win Rate:   61%  (190W / 123L)
   Avg Win:    $+18.60
   Avg Loss:   $-17.03
   PF:         1.69
   Trades:     7314
   Turnover:   $1,417,779  (1417.8x capital)
   Costs:      $738.47  (73.8%)
   Leverage:   3x
   Liq. level: -33% DD (approx)

   📈 Equity ($970–$2438):
      $   1,000 |░░░░░░░░░░░░░░░░░░░░░░░░░░░░░░░░░░░░░░░░|
      $   1,103 |███░░░░░░░░░░░░░░░░░░░░░░░░░░░░░░░░░░░░░|
      $   1,168 |█████░░░░░░░░░░░░░░░░░░░░░░░░░░░░░░░░░░░|
      $   1,320 |█████████░░░░░░░░░░░░░░░░░░░░░░░░░░░░░░░|
      $   1,407 |███████████░░░░░░░░░░░░░░░░░░░░░░░░░░░░░|
      $   1,435 |████████████░░░░░░░░░░░░░░░░░░░░░░░░░░░░|
      $   1,385 |███████████░░░░░░░░░░░░░░░░░░░░░░░░░░░░░|
      $   2,007 |████████████████████████████░░░░░░░░░░░░|
      $   2,251 |██████████████████████████████████░░░░░░|
      $   2,438 |███████████████████████████████████████░|

   Saved: /workdir/invest/trading_logs/fast_sim_equity.csv

======================================================================
   🟡 Marginal — keep monitoring
======================================================================
[12:32:53]   => Return=+143.8%  HAC=+5.33
[12:32:53] SIM #10: HYST_10
[12:32:53] CMD: python run_fast_sim.py --data data/features/crypto_features_1h.parquet --days 158 --start-date 2025-10-01 --end-date 2026-03-07 --leverage 3 --kelly 0.8 --edge-boost --no-deriv-gate --no-ddstop --ensemble --hysteresis 10
======================================================================
  FAST SIMULATION
  158d | $1,000 | rebal=12h | N=10+10 | kelly=80% | cost=4bp/side
  leverage=3x | mode=boost
======================================================================

📊 Loading offline data: data/features/crypto_features_1h.parquet
   (2565321, 107), 50 symbols
   Date range: 2017-09-16 09:00:00+00:00 → 2026-03-07 15:00:00+00:00
   Enriching features (cross-asset, regime, 12h+v7, calendar, macro, sentiment, derivatives)...
   🎯 Adding targets...
   🌐 Adding cross-asset features...
   🔰 Adding advanced regime features...
   🕐 Adding 12h-specific features (v7 enhanced)...
   ✅ Added ~18 features for 12h holding period (v7)
   📅 SKIPPED calendar features (SKIP_CALENDAR=1)
   🏛️ Adding macro features...
      Macro raw: 9 cols, derived: 29, total new: 38
   📰 Adding sentiment features... (news_mode=all)
      FNG: 2018-02-01 → 2026-03-11, mean=48.3
      Funding: 96,393 non-zero rows (3.8%)
      LS ratio: 0 non-missing rows
      Synthetic positioning features...
      Loading news features (mode=all)...
      + coin-level news: 8 features
      + market-level news: 7 features
      📊 Coverage: 2,228,238/2,565,321 rows (86.9%)
      📰 Events: 1,100,564/2,228,238 covered rows (49.4%) have news
      🕳️  Holes: 337,083 rows = NaN (not 0!)
   ✅ Sentiment features added: 173 → 210 total
   📊 Adding derivatives features (Binance Futures)...
      Loaded metrics: 1,800,870 rows, 50 symbols, 2021-12-01 → 2026-03-12
      OI: 1,785,559 rows (69.6%), 9 features
      Taker: 1,648,976 rows (64.3%), 6 features
      Top L/S: 1,433,710 rows (55.9%), 5 features
      Global L/S: 3 features
      Binance funding: 2,239,209 rows (87.3%)
      Funding surprise: computed from OKX funding data
      Market-wide aggregates: 4 features
      Basis/Premium: 448,115 rows (17.5%), 6 features
      ⚠️  No liquidation data (run download_binance_futures.py)
      DVOL: 13 features (BTC range: 2021-04-01 → 2026-03-15)
   ✅ Derivatives features: +48 features
   🧬 Adding news interaction features...
   ✅ Added 23 news interaction features
   ⚠️  offline mode: some features may be zero-filled by models
   Final: (2565321, 299), 281 features
📡 Models …
   catboost: 5 CB models, 156 feats
   mlp: 5 MLP models, 177 feats ⚠️ 9 features zero-filled
   🏗️  Architecture: 2 groups (10 models)
   2025-10-01 04:00:00+00:00 → 2026-03-06 16:00:00+00:00  (314 steps, 12h apart)

📐 Calibrating edge distribution (P75 (for boost/adaptive)) ...
   P75 edge = 0.01883, P90 = 0.02760
   (1410 samples, 30 steps)

──────────────────────────────────────────────────────────────────────
      0/313 | $1,000.45 | DD   0.0% | L10 S10 | Δ20
      5/313 | $  963.66 | DD  -3.7% | L10 S10 | Δ12
     10/313 | $  980.22 | DD  -2.0% | L10 S10 | Δ14
     15/313 | $1,015.19 | DD   0.0% | L10 S10 | Δ30
     20/313 | $1,092.39 | DD   0.0% | L10 S10 | Δ36
     25/313 | $1,046.27 | DD  -4.2% | L10 S10 | Δ28
     30/313 | $1,117.20 | DD  -0.8% | L10 S10 | Δ30
     35/313 | $1,118.69 | DD  -2.8% | L10 S10 | Δ30
     40/313 | $1,134.05 | DD  -1.4% | L10 S10 | Δ20
     45/313 | $1,194.92 | DD  -0.5% | L10 S10 | Δ26
     50/313 | $1,214.77 | DD  -0.5% | L10 S10 | Δ16
     55/313 | $1,262.17 | DD   0.0% | L10 S10 | Δ20
     60/313 | $1,231.24 | DD  -2.5% | L10 S10 | Δ30
     65/313 | $1,206.52 | DD  -4.4% | L10 S10 | Δ24
     70/313 | $1,197.53 | DD  -5.1% | L10 S10 | Δ26
     75/313 | $1,013.54 | DD -19.7% | L10 S10 | Δ16
     80/313 | $1,110.18 | DD -12.0% | L10 S10 | Δ26
     85/313 | $1,224.79 | DD  -3.0% | L10 S10 | Δ32
     90/313 | $1,289.78 | DD   0.0% | L10 S10 | Δ20
     95/313 | $1,285.59 | DD  -2.3% | L10 S10 | Δ26
    100/313 | $1,317.89 | DD   0.0% | L10 S10 | Δ36
    105/313 | $1,331.27 | DD  -1.2% | L10 S10 | Δ32
    110/313 | $1,368.46 | DD   0.0% | L10 S10 | Δ28
    115/313 | $1,325.08 | DD  -3.5% | L10 S10 | Δ22
    120/313 | $1,298.82 | DD  -5.4% | L10 S10 | Δ24
    125/313 | $1,301.67 | DD  -5.2% | L10 S10 | Δ16
    130/313 | $1,293.16 | DD  -5.8% | L10 S10 | Δ20
    135/313 | $1,297.04 | DD  -5.5% | L10 S10 | Δ24
    140/313 | $1,351.59 | DD  -1.5% | L10 S10 | Δ26
    145/313 | $1,373.84 | DD  -2.4% | L10 S10 | Δ22
    150/313 | $1,439.96 | DD   0.0% | L10 S10 | Δ32
    155/313 | $1,456.33 | DD   0.0% | L10 S10 | Δ24
    160/313 | $1,459.59 | DD  -1.5% | L10 S10 | Δ30
    165/313 | $1,463.97 | DD  -1.2% | L10 S10 | Δ24
    170/313 | $1,451.35 | DD  -2.1% | L10 S10 | Δ22
    175/313 | $1,437.87 | DD  -3.0% | L10 S10 | Δ14
    180/313 | $1,435.48 | DD  -3.1% | L10 S10 | Δ24
    185/313 | $1,425.07 | DD  -3.8% | L10 S10 | Δ20
    190/313 | $1,419.37 | DD  -4.2% | L10 S10 | Δ18
    195/313 | $1,482.50 | DD   0.0% | L10 S10 | Δ24
    200/313 | $1,461.10 | DD  -1.4% | L10 S10 | Δ24
    205/313 | $1,462.18 | DD  -1.4% | L10 S10 | Δ18
    210/313 | $1,454.12 | DD  -2.7% | L10 S10 | Δ18
    215/313 | $1,465.66 | DD  -1.9% | L10 S10 | Δ16
    220/313 | $1,556.49 | DD   0.0% | L10 S10 | Δ28
    225/313 | $1,565.48 | DD   0.0% | L10 S10 | Δ30
    230/313 | $1,664.21 | DD   0.0% | L10 S10 | Δ18
    235/313 | $1,718.58 | DD  -1.6% | L10 S10 | Δ24
    240/313 | $1,881.29 | DD   0.0% | L10 S10 | Δ28
    245/313 | $1,975.73 | DD   0.0% | L10 S10 | Δ28
    250/313 | $2,016.35 | DD   0.0% | L10 S10 | Δ30
    255/313 | $2,005.99 | DD  -1.9% | L10 S10 | Δ24
    260/313 | $2,082.58 | DD  -0.8% | L10 S10 | Δ30
    265/313 | $2,166.62 | DD   0.0% | L10 S10 | Δ28
    270/313 | $2,271.15 | DD  -0.7% | L10 S10 | Δ26
    275/313 | $2,265.70 | DD  -0.9% | L10 S10 | Δ28
    280/313 | $2,312.19 | DD  -1.6% | L10 S10 | Δ30
    285/313 | $2,270.14 | DD  -3.4% | L10 S10 | Δ20
    290/313 | $2,239.86 | DD  -4.7% | L10 S10 | Δ24
    295/313 | $2,325.41 | DD  -1.0% | L10 S10 | Δ32
    300/313 | $2,370.00 | DD  -0.9% | L10 S10 | Δ24
    305/313 | $2,447.22 | DD   0.0% | L10 S10 | Δ18
    310/313 | $2,504.60 | DD  -0.2% | L10 S10 | Δ20
    312/313 | $2,437.88 | DD  -2.9% | L10 S10 | Δ20

======================================================================
  RESULTS — 158d, rebal=12h, N=10+10, lev=3x, mode=boost
======================================================================

   Start:      $1,000
   End:        $2,437.88
   Return:     +143.8%  (ann. ~+332%)
   Max DD:     -20.5%
   Sharpe:     +5.28
   Sharpe HAC: +5.33  (Newey-West adjusted)
   Calmar:     16.18
   Win Rate:   61%  (190W / 123L)
   Avg Win:    $+18.60
   Avg Loss:   $-17.03
   PF:         1.69
   Trades:     7314
   Turnover:   $1,417,779  (1417.8x capital)
   Costs:      $738.47  (73.8%)
   Leverage:   3x
   Liq. level: -33% DD (approx)

   📈 Equity ($970–$2438):
      $   1,000 |░░░░░░░░░░░░░░░░░░░░░░░░░░░░░░░░░░░░░░░░|
      $   1,103 |███░░░░░░░░░░░░░░░░░░░░░░░░░░░░░░░░░░░░░|
      $   1,168 |█████░░░░░░░░░░░░░░░░░░░░░░░░░░░░░░░░░░░|
      $   1,320 |█████████░░░░░░░░░░░░░░░░░░░░░░░░░░░░░░░|
      $   1,407 |███████████░░░░░░░░░░░░░░░░░░░░░░░░░░░░░|
      $   1,435 |████████████░░░░░░░░░░░░░░░░░░░░░░░░░░░░|
      $   1,385 |███████████░░░░░░░░░░░░░░░░░░░░░░░░░░░░░|
      $   2,007 |████████████████████████████░░░░░░░░░░░░|
      $   2,251 |██████████████████████████████████░░░░░░|
      $   2,438 |███████████████████████████████████████░|

   Saved: /workdir/invest/trading_logs/fast_sim_equity.csv

======================================================================
   🟡 Marginal — keep monitoring
======================================================================
[12:36:09]   => Return=+143.8%  HAC=+5.33
[12:36:09] --- Signal smoothing sweep ---
[12:36:09] SIM #11: SMOOTH_02
[12:36:09] CMD: python run_fast_sim.py --data data/features/crypto_features_1h.parquet --days 158 --start-date 2025-10-01 --end-date 2026-03-07 --leverage 3 --kelly 0.8 --edge-boost --no-deriv-gate --no-ddstop --ensemble --smooth-signal 0.2
======================================================================
  FAST SIMULATION
  158d | $1,000 | rebal=12h | N=10+10 | kelly=80% | cost=4bp/side
  leverage=3x | mode=boost
======================================================================

📊 Loading offline data: data/features/crypto_features_1h.parquet
   (2565321, 107), 50 symbols
   Date range: 2017-09-16 09:00:00+00:00 → 2026-03-07 15:00:00+00:00
   Enriching features (cross-asset, regime, 12h+v7, calendar, macro, sentiment, derivatives)...
   🎯 Adding targets...
   🌐 Adding cross-asset features...
   🔰 Adding advanced regime features...
   🕐 Adding 12h-specific features (v7 enhanced)...
   ✅ Added ~18 features for 12h holding period (v7)
   📅 SKIPPED calendar features (SKIP_CALENDAR=1)
   🏛️ Adding macro features...
      Macro raw: 9 cols, derived: 29, total new: 38
   📰 Adding sentiment features... (news_mode=all)
      FNG: 2018-02-01 → 2026-03-11, mean=48.3
      Funding: 96,393 non-zero rows (3.8%)
      LS ratio: 0 non-missing rows
      Synthetic positioning features...
      Loading news features (mode=all)...
      + coin-level news: 8 features
      + market-level news: 7 features
      📊 Coverage: 2,228,238/2,565,321 rows (86.9%)
      📰 Events: 1,100,564/2,228,238 covered rows (49.4%) have news
      🕳️  Holes: 337,083 rows = NaN (not 0!)
   ✅ Sentiment features added: 173 → 210 total
   📊 Adding derivatives features (Binance Futures)...
      Loaded metrics: 1,800,870 rows, 50 symbols, 2021-12-01 → 2026-03-12
      OI: 1,785,559 rows (69.6%), 9 features
      Taker: 1,648,976 rows (64.3%), 6 features
      Top L/S: 1,433,710 rows (55.9%), 5 features
      Global L/S: 3 features
      Binance funding: 2,239,209 rows (87.3%)
      Funding surprise: computed from OKX funding data
      Market-wide aggregates: 4 features
      Basis/Premium: 448,115 rows (17.5%), 6 features
      ⚠️  No liquidation data (run download_binance_futures.py)
      DVOL: 13 features (BTC range: 2021-04-01 → 2026-03-15)
   ✅ Derivatives features: +48 features
   🧬 Adding news interaction features...
   ✅ Added 23 news interaction features
   ⚠️  offline mode: some features may be zero-filled by models
   Final: (2565321, 299), 281 features
📡 Models …
   catboost: 5 CB models, 156 feats
   mlp: 5 MLP models, 177 feats ⚠️ 9 features zero-filled
   🏗️  Architecture: 2 groups (10 models)
   2025-10-01 04:00:00+00:00 → 2026-03-06 16:00:00+00:00  (314 steps, 12h apart)

📐 Calibrating edge distribution (P75 (for boost/adaptive)) ...
   P75 edge = 0.01883, P90 = 0.02760
   (1410 samples, 30 steps)

──────────────────────────────────────────────────────────────────────
      0/313 | $1,000.45 | DD   0.0% | L10 S10 | Δ20
      5/313 | $  966.25 | DD  -3.4% | L10 S10 | Δ10
     10/313 | $  983.77 | DD  -1.7% | L10 S10 | Δ12
     15/313 | $1,028.82 | DD   0.0% | L10 S10 | Δ22
     20/313 | $1,103.06 | DD   0.0% | L10 S10 | Δ30
     25/313 | $1,056.12 | DD  -4.3% | L10 S10 | Δ26
     30/313 | $1,114.36 | DD  -1.6% | L10 S10 | Δ26
     35/313 | $1,107.58 | DD  -3.2% | L10 S10 | Δ22
     40/313 | $1,127.27 | DD  -1.5% | L10 S10 | Δ14
     45/313 | $1,190.74 | DD  -0.7% | L10 S10 | Δ24
     50/313 | $1,210.08 | DD  -0.5% | L10 S10 | Δ16
     55/313 | $1,259.78 | DD   0.0% | L10 S10 | Δ20
     60/313 | $1,232.60 | DD  -2.2% | L10 S10 | Δ22
     65/313 | $1,206.89 | DD  -4.2% | L10 S10 | Δ16
     70/313 | $1,189.84 | DD  -5.6% | L10 S10 | Δ24
     75/313 | $1,000.23 | DD -20.6% | L10 S10 | Δ14
     80/313 | $1,101.77 | DD -12.5% | L10 S10 | Δ24
     85/313 | $1,211.42 | DD  -3.8% | L10 S10 | Δ30
     90/313 | $1,269.25 | DD   0.0% | L10 S10 | Δ18
     95/313 | $1,262.31 | DD  -2.4% | L10 S10 | Δ24
    100/313 | $1,282.15 | DD  -0.9% | L10 S10 | Δ30
    105/313 | $1,309.54 | DD  -0.9% | L10 S10 | Δ26
    110/313 | $1,335.73 | DD   0.0% | L10 S10 | Δ20
    115/313 | $1,300.63 | DD  -2.7% | L10 S10 | Δ16
    120/313 | $1,273.09 | DD  -4.8% | L10 S10 | Δ18
    125/313 | $1,288.72 | DD  -3.6% | L10 S10 | Δ14
    130/313 | $1,287.24 | DD  -3.7% | L10 S10 | Δ18
    135/313 | $1,295.09 | DD  -3.1% | L10 S10 | Δ22
    140/313 | $1,327.84 | DD  -0.7% | L10 S10 | Δ18
    145/313 | $1,352.08 | DD  -2.3% | L10 S10 | Δ14
    150/313 | $1,414.82 | DD   0.0% | L10 S10 | Δ28
    155/313 | $1,437.43 | DD   0.0% | L10 S10 | Δ20
    160/313 | $1,436.05 | DD  -1.8% | L10 S10 | Δ26
    165/313 | $1,443.76 | DD  -1.3% | L10 S10 | Δ18
    170/313 | $1,432.58 | DD  -2.0% | L10 S10 | Δ20
    175/313 | $1,407.17 | DD  -3.8% | L10 S10 | Δ12
    180/313 | $1,416.63 | DD  -3.1% | L10 S10 | Δ20
    185/313 | $1,395.37 | DD  -4.6% | L10 S10 | Δ14
    190/313 | $1,395.50 | DD  -4.6% | L10 S10 | Δ14
    195/313 | $1,445.73 | DD  -1.1% | L10 S10 | Δ20
    200/313 | $1,425.11 | DD  -2.5% | L10 S10 | Δ22
    205/313 | $1,432.88 | DD  -2.0% | L10 S10 | Δ10
    210/313 | $1,416.60 | DD  -3.1% | L10 S10 | Δ16
    215/313 | $1,423.79 | DD  -2.6% | L10 S10 | Δ12
    220/313 | $1,476.82 | DD   0.0% | L10 S10 | Δ18
    225/313 | $1,472.33 | DD  -0.3% | L10 S10 | Δ30
    230/313 | $1,550.96 | DD   0.0% | L10 S10 | Δ12
    235/313 | $1,607.46 | DD  -1.5% | L10 S10 | Δ20
    240/313 | $1,751.04 | DD   0.0% | L10 S10 | Δ20
    245/313 | $1,820.76 | DD   0.0% | L10 S10 | Δ28
    250/313 | $1,845.91 | DD  -0.1% | L10 S10 | Δ22
    255/313 | $1,820.98 | DD  -2.4% | L10 S10 | Δ20
    260/313 | $1,898.88 | DD  -0.9% | L10 S10 | Δ28
    265/313 | $1,961.86 | DD  -0.3% | L10 S10 | Δ22
    270/313 | $2,052.84 | DD  -0.8% | L10 S10 | Δ24
    275/313 | $2,082.21 | DD   0.0% | L10 S10 | Δ26
    280/313 | $2,125.50 | DD  -1.2% | L10 S10 | Δ22
    285/313 | $2,089.97 | DD  -2.9% | L10 S10 | Δ16
    290/313 | $2,074.17 | DD  -3.6% | L10 S10 | Δ24
    295/313 | $2,170.45 | DD  -0.7% | L10 S10 | Δ28
    300/313 | $2,218.04 | DD  -0.0% | L10 S10 | Δ20
    305/313 | $2,291.67 | DD   0.0% | L10 S10 | Δ16
    310/313 | $2,355.61 | DD  -0.2% | L10 S10 | Δ20
    312/313 | $2,292.86 | DD  -2.9% | L10 S10 | Δ18

======================================================================
  RESULTS — 158d, rebal=12h, N=10+10, lev=3x, mode=boost
======================================================================

   Start:      $1,000
   End:        $2,292.86
   Return:     +129.3%  (ann. ~+299%)
   Max DD:     -21.4%
   Sharpe:     +5.05
   Sharpe HAC: +5.16  (Newey-West adjusted)
   Calmar:     13.93
   Win Rate:   61%  (190W / 123L)
   Avg Win:    $+17.22
   Avg Loss:   $-16.08
   PF:         1.65
   Trades:     6068
   Turnover:   $1,142,704  (1142.7x capital)
   Costs:      $621.91  (62.2%)
   Leverage:   3x
   Liq. level: -33% DD (approx)

   📈 Equity ($973–$2293):
      $   1,000 |░░░░░░░░░░░░░░░░░░░░░░░░░░░░░░░░░░░░░░░░|
      $   1,095 |███░░░░░░░░░░░░░░░░░░░░░░░░░░░░░░░░░░░░░|
      $   1,157 |█████░░░░░░░░░░░░░░░░░░░░░░░░░░░░░░░░░░░|
      $   1,305 |██████████░░░░░░░░░░░░░░░░░░░░░░░░░░░░░░|
      $   1,383 |████████████░░░░░░░░░░░░░░░░░░░░░░░░░░░░|
      $   1,417 |█████████████░░░░░░░░░░░░░░░░░░░░░░░░░░░|
      $   1,347 |███████████░░░░░░░░░░░░░░░░░░░░░░░░░░░░░|
      $   1,833 |██████████████████████████░░░░░░░░░░░░░░|
      $   2,083 |█████████████████████████████████░░░░░░░|
      $   2,293 |████████████████████████████████████████|

   Saved: /workdir/invest/trading_logs/fast_sim_equity.csv

======================================================================
   🟡 Marginal — keep monitoring
======================================================================
[12:39:22]   => Return=+129.3%  HAC=+5.16
[12:39:22] SIM #12: SMOOTH_03
[12:39:22] CMD: python run_fast_sim.py --data data/features/crypto_features_1h.parquet --days 158 --start-date 2025-10-01 --end-date 2026-03-07 --leverage 3 --kelly 0.8 --edge-boost --no-deriv-gate --no-ddstop --ensemble --smooth-signal 0.3
======================================================================
  FAST SIMULATION
  158d | $1,000 | rebal=12h | N=10+10 | kelly=80% | cost=4bp/side
  leverage=3x | mode=boost
======================================================================

📊 Loading offline data: data/features/crypto_features_1h.parquet
   (2565321, 107), 50 symbols
   Date range: 2017-09-16 09:00:00+00:00 → 2026-03-07 15:00:00+00:00
   Enriching features (cross-asset, regime, 12h+v7, calendar, macro, sentiment, derivatives)...
   🎯 Adding targets...
   🌐 Adding cross-asset features...
   🔰 Adding advanced regime features...
   🕐 Adding 12h-specific features (v7 enhanced)...
   ✅ Added ~18 features for 12h holding period (v7)
   📅 SKIPPED calendar features (SKIP_CALENDAR=1)
   🏛️ Adding macro features...
      Macro raw: 9 cols, derived: 29, total new: 38
   📰 Adding sentiment features... (news_mode=all)
      FNG: 2018-02-01 → 2026-03-11, mean=48.3
      Funding: 96,393 non-zero rows (3.8%)
      LS ratio: 0 non-missing rows
      Synthetic positioning features...
      Loading news features (mode=all)...
      + coin-level news: 8 features
      + market-level news: 7 features
      📊 Coverage: 2,228,238/2,565,321 rows (86.9%)
      📰 Events: 1,100,564/2,228,238 covered rows (49.4%) have news
      🕳️  Holes: 337,083 rows = NaN (not 0!)
   ✅ Sentiment features added: 173 → 210 total
   📊 Adding derivatives features (Binance Futures)...
      Loaded metrics: 1,800,870 rows, 50 symbols, 2021-12-01 → 2026-03-12
      OI: 1,785,559 rows (69.6%), 9 features
      Taker: 1,648,976 rows (64.3%), 6 features
      Top L/S: 1,433,710 rows (55.9%), 5 features
      Global L/S: 3 features
      Binance funding: 2,239,209 rows (87.3%)
      Funding surprise: computed from OKX funding data
      Market-wide aggregates: 4 features
      Basis/Premium: 448,115 rows (17.5%), 6 features
      ⚠️  No liquidation data (run download_binance_futures.py)
      DVOL: 13 features (BTC range: 2021-04-01 → 2026-03-15)
   ✅ Derivatives features: +48 features
   🧬 Adding news interaction features...
   ✅ Added 23 news interaction features
   ⚠️  offline mode: some features may be zero-filled by models
   Final: (2565321, 299), 281 features
📡 Models …
   catboost: 5 CB models, 156 feats
   mlp: 5 MLP models, 177 feats ⚠️ 9 features zero-filled
   🏗️  Architecture: 2 groups (10 models)
   2025-10-01 04:00:00+00:00 → 2026-03-06 16:00:00+00:00  (314 steps, 12h apart)

📐 Calibrating edge distribution (P75 (for boost/adaptive)) ...
   P75 edge = 0.01883, P90 = 0.02760
   (1410 samples, 30 steps)

──────────────────────────────────────────────────────────────────────
      0/313 | $1,000.45 | DD   0.0% | L10 S10 | Δ20
      5/313 | $  972.00 | DD  -2.8% | L10 S10 | Δ8
     10/313 | $  991.13 | DD  -0.9% | L10 S10 | Δ10
     15/313 | $1,036.33 | DD   0.0% | L10 S10 | Δ20
     20/313 | $1,110.55 | DD   0.0% | L10 S10 | Δ28
     25/313 | $1,074.72 | DD  -3.2% | L10 S10 | Δ22
     30/313 | $1,136.58 | DD  -1.7% | L10 S10 | Δ26
     35/313 | $1,124.99 | DD  -3.9% | L10 S10 | Δ18
     40/313 | $1,150.95 | DD  -1.7% | L10 S10 | Δ14
     45/313 | $1,210.78 | DD  -0.9% | L10 S10 | Δ22
     50/313 | $1,225.60 | DD  -0.9% | L10 S10 | Δ14
     55/313 | $1,283.72 | DD   0.0% | L10 S10 | Δ20
     60/313 | $1,265.21 | DD  -1.4% | L10 S10 | Δ22
     65/313 | $1,244.97 | DD  -3.0% | L10 S10 | Δ14
     70/313 | $1,222.18 | DD  -4.8% | L10 S10 | Δ22
     75/313 | $1,012.59 | DD -21.1% | L10 S10 | Δ12
     80/313 | $1,124.92 | DD -12.4% | L10 S10 | Δ22
     85/313 | $1,211.94 | DD  -5.6% | L10 S10 | Δ26
     90/313 | $1,274.51 | DD  -0.7% | L10 S10 | Δ16
     95/313 | $1,267.94 | DD  -2.0% | L10 S10 | Δ22
    100/313 | $1,294.91 | DD  -0.3% | L10 S10 | Δ28
    105/313 | $1,315.09 | DD  -1.7% | L10 S10 | Δ20
    110/313 | $1,336.47 | DD  -0.1% | L10 S10 | Δ18
    115/313 | $1,300.79 | DD  -2.8% | L10 S10 | Δ16
    120/313 | $1,272.91 | DD  -4.8% | L10 S10 | Δ18
    125/313 | $1,284.81 | DD  -4.0% | L10 S10 | Δ16
    130/313 | $1,284.84 | DD  -3.9% | L10 S10 | Δ14
    135/313 | $1,291.18 | DD  -3.5% | L10 S10 | Δ18
    140/313 | $1,322.96 | DD  -1.1% | L10 S10 | Δ18
    145/313 | $1,326.80 | DD  -2.3% | L10 S10 | Δ12
    150/313 | $1,387.37 | DD   0.0% | L10 S10 | Δ26
    155/313 | $1,413.74 | DD   0.0% | L10 S10 | Δ16
    160/313 | $1,396.69 | DD  -2.6% | L10 S10 | Δ24
    165/313 | $1,408.89 | DD  -1.7% | L10 S10 | Δ16
    170/313 | $1,396.34 | DD  -2.6% | L10 S10 | Δ18
    175/313 | $1,363.37 | DD  -4.9% | L10 S10 | Δ10
    180/313 | $1,379.57 | DD  -3.8% | L10 S10 | Δ20
    185/313 | $1,354.91 | DD  -5.5% | L10 S10 | Δ10
    190/313 | $1,349.66 | DD  -5.9% | L10 S10 | Δ14
    195/313 | $1,386.68 | DD  -3.3% | L10 S10 | Δ16
    200/313 | $1,364.53 | DD  -4.8% | L10 S10 | Δ16
    205/313 | $1,373.74 | DD  -4.2% | L10 S10 | Δ6
    210/313 | $1,353.06 | DD  -5.6% | L10 S10 | Δ16
    215/313 | $1,356.30 | DD  -5.4% | L10 S10 | Δ14
    220/313 | $1,416.90 | DD  -1.2% | L10 S10 | Δ14
    225/313 | $1,394.74 | DD  -2.7% | L10 S10 | Δ24
    230/313 | $1,466.40 | DD   0.0% | L10 S10 | Δ10
    235/313 | $1,519.15 | DD  -1.4% | L10 S10 | Δ18
    240/313 | $1,654.48 | DD   0.0% | L10 S10 | Δ20
    245/313 | $1,719.34 | DD   0.0% | L10 S10 | Δ26
    250/313 | $1,738.92 | DD  -0.1% | L10 S10 | Δ22
    255/313 | $1,719.37 | DD  -2.3% | L10 S10 | Δ18
    260/313 | $1,766.52 | DD  -1.9% | L10 S10 | Δ24
    265/313 | $1,795.73 | DD  -0.6% | L10 S10 | Δ18
    270/313 | $1,815.26 | DD  -0.9% | L10 S10 | Δ18
    275/313 | $1,852.07 | DD   0.0% | L10 S10 | Δ26
    280/313 | $1,893.80 | DD  -1.1% | L10 S10 | Δ20
    285/313 | $1,847.66 | DD  -3.5% | L10 S10 | Δ16
    290/313 | $1,819.01 | DD  -5.0% | L10 S10 | Δ18
    295/313 | $1,953.01 | DD  -0.4% | L10 S10 | Δ24
    300/313 | $1,979.74 | DD  -0.3% | L10 S10 | Δ18
    305/313 | $2,053.89 | DD   0.0% | L10 S10 | Δ14
    310/313 | $2,108.30 | DD  -0.3% | L10 S10 | Δ18
    312/313 | $2,053.73 | DD  -2.9% | L10 S10 | Δ12

======================================================================
  RESULTS — 158d, rebal=12h, N=10+10, lev=3x, mode=boost
======================================================================

   Start:      $1,000
   End:        $2,053.73
   Return:     +105.4%  (ann. ~+243%)
   Max DD:     -21.5%
   Sharpe:     +4.12
   Sharpe HAC: +4.26  (Newey-West adjusted)
   Calmar:     11.31
   Win Rate:   58%  (181W / 132L)
   Avg Win:    $+17.33
   Avg Loss:   $-15.78
   PF:         1.51
   Trades:     5426
   Turnover:   $989,140  (989.1x capital)
   Costs:      $554.24  (55.4%)
   Leverage:   3x
   Liq. level: -33% DD (approx)

   📈 Equity ($978–$2054):
      $   1,000 |░░░░░░░░░░░░░░░░░░░░░░░░░░░░░░░░░░░░░░░░|
      $   1,116 |█████░░░░░░░░░░░░░░░░░░░░░░░░░░░░░░░░░░░|
      $   1,179 |███████░░░░░░░░░░░░░░░░░░░░░░░░░░░░░░░░░|
      $   1,309 |████████████░░░░░░░░░░░░░░░░░░░░░░░░░░░░|
      $   1,359 |██████████████░░░░░░░░░░░░░░░░░░░░░░░░░░|
      $   1,380 |██████████████░░░░░░░░░░░░░░░░░░░░░░░░░░|
      $   1,293 |███████████░░░░░░░░░░░░░░░░░░░░░░░░░░░░░|
      $   1,727 |███████████████████████████░░░░░░░░░░░░░|
      $   1,841 |████████████████████████████████░░░░░░░░|
      $   2,054 |███████████████████████████████████████░|

   Saved: /workdir/invest/trading_logs/fast_sim_equity.csv

======================================================================
   🟡 Marginal — keep monitoring
======================================================================
[12:42:36]   => Return=+105.4%  HAC=+4.26
[12:42:36] SIM #13: SMOOTH_04
[12:42:36] CMD: python run_fast_sim.py --data data/features/crypto_features_1h.parquet --days 158 --start-date 2025-10-01 --end-date 2026-03-07 --leverage 3 --kelly 0.8 --edge-boost --no-deriv-gate --no-ddstop --ensemble --smooth-signal 0.4
======================================================================
  FAST SIMULATION
  158d | $1,000 | rebal=12h | N=10+10 | kelly=80% | cost=4bp/side
  leverage=3x | mode=boost
======================================================================

📊 Loading offline data: data/features/crypto_features_1h.parquet
   (2565321, 107), 50 symbols
   Date range: 2017-09-16 09:00:00+00:00 → 2026-03-07 15:00:00+00:00
   Enriching features (cross-asset, regime, 12h+v7, calendar, macro, sentiment, derivatives)...
   🎯 Adding targets...
   🌐 Adding cross-asset features...
   🔰 Adding advanced regime features...
   🕐 Adding 12h-specific features (v7 enhanced)...
   ✅ Added ~18 features for 12h holding period (v7)
   📅 SKIPPED calendar features (SKIP_CALENDAR=1)
   🏛️ Adding macro features...
      Macro raw: 9 cols, derived: 29, total new: 38
   📰 Adding sentiment features... (news_mode=all)
      FNG: 2018-02-01 → 2026-03-11, mean=48.3
      Funding: 96,393 non-zero rows (3.8%)
      LS ratio: 0 non-missing rows
      Synthetic positioning features...
      Loading news features (mode=all)...
      + coin-level news: 8 features
      + market-level news: 7 features
      📊 Coverage: 2,228,238/2,565,321 rows (86.9%)
      📰 Events: 1,100,564/2,228,238 covered rows (49.4%) have news
      🕳️  Holes: 337,083 rows = NaN (not 0!)
   ✅ Sentiment features added: 173 → 210 total
   📊 Adding derivatives features (Binance Futures)...
      Loaded metrics: 1,800,870 rows, 50 symbols, 2021-12-01 → 2026-03-12
      OI: 1,785,559 rows (69.6%), 9 features
      Taker: 1,648,976 rows (64.3%), 6 features
      Top L/S: 1,433,710 rows (55.9%), 5 features
      Global L/S: 3 features
      Binance funding: 2,239,209 rows (87.3%)
      Funding surprise: computed from OKX funding data
      Market-wide aggregates: 4 features
      Basis/Premium: 448,115 rows (17.5%), 6 features
      ⚠️  No liquidation data (run download_binance_futures.py)
      DVOL: 13 features (BTC range: 2021-04-01 → 2026-03-15)
   ✅ Derivatives features: +48 features
   🧬 Adding news interaction features...
   ✅ Added 23 news interaction features
   ⚠️  offline mode: some features may be zero-filled by models
   Final: (2565321, 299), 281 features
📡 Models …
   catboost: 5 CB models, 156 feats
   mlp: 5 MLP models, 177 feats ⚠️ 9 features zero-filled
   🏗️  Architecture: 2 groups (10 models)
   2025-10-01 04:00:00+00:00 → 2026-03-06 16:00:00+00:00  (314 steps, 12h apart)

📐 Calibrating edge distribution (P75 (for boost/adaptive)) ...
   P75 edge = 0.01883, P90 = 0.02760
   (1410 samples, 30 steps)

──────────────────────────────────────────────────────────────────────
      0/313 | $1,000.45 | DD   0.0% | L10 S10 | Δ20
      5/313 | $  969.35 | DD  -3.1% | L10 S10 | Δ8
     10/313 | $  987.95 | DD  -1.2% | L10 S10 | Δ10
     15/313 | $1,032.71 | DD   0.0% | L10 S10 | Δ16
     20/313 | $1,109.19 | DD   0.0% | L10 S10 | Δ26
     25/313 | $1,058.60 | DD  -4.6% | L10 S10 | Δ20
     30/313 | $1,121.28 | DD  -1.8% | L10 S10 | Δ22
     35/313 | $1,115.73 | DD  -3.4% | L10 S10 | Δ16
     40/313 | $1,141.28 | DD  -1.2% | L10 S10 | Δ14
     45/313 | $1,202.39 | DD  -0.7% | L10 S10 | Δ16
     50/313 | $1,213.31 | DD  -1.1% | L10 S10 | Δ14
     55/313 | $1,266.77 | DD   0.0% | L10 S10 | Δ20
     60/313 | $1,263.86 | DD  -0.2% | L10 S10 | Δ22
     65/313 | $1,244.36 | DD  -1.8% | L10 S10 | Δ10
     70/313 | $1,230.12 | DD  -2.9% | L10 S10 | Δ22
     75/313 | $1,013.50 | DD -20.0% | L10 S10 | Δ12
     80/313 | $1,123.69 | DD -11.3% | L10 S10 | Δ18
     85/313 | $1,226.74 | DD  -3.2% | L10 S10 | Δ18
     90/313 | $1,269.22 | DD   0.0% | L10 S10 | Δ14
     95/313 | $1,261.74 | DD  -2.5% | L10 S10 | Δ18
    100/313 | $1,266.86 | DD  -2.1% | L10 S10 | Δ20
    105/313 | $1,276.89 | DD  -1.9% | L10 S10 | Δ22
    110/313 | $1,295.42 | DD  -0.5% | L10 S10 | Δ16
    115/313 | $1,269.78 | DD  -2.5% | L10 S10 | Δ20
    120/313 | $1,241.99 | DD  -4.6% | L10 S10 | Δ18
    125/313 | $1,249.95 | DD  -4.0% | L10 S10 | Δ18
    130/313 | $1,251.52 | DD  -3.9% | L10 S10 | Δ16
    135/313 | $1,263.29 | DD  -3.0% | L10 S10 | Δ18
    140/313 | $1,290.17 | DD  -0.9% | L10 S10 | Δ18
    145/313 | $1,281.30 | DD  -2.5% | L10 S10 | Δ8
    150/313 | $1,334.31 | DD   0.0% | L10 S10 | Δ20
    155/313 | $1,367.08 | DD   0.0% | L10 S10 | Δ16
    160/313 | $1,339.77 | DD  -2.5% | L10 S10 | Δ22
    165/313 | $1,351.98 | DD  -1.6% | L10 S10 | Δ14
    170/313 | $1,334.24 | DD  -2.9% | L10 S10 | Δ16
    175/313 | $1,301.30 | DD  -5.3% | L10 S10 | Δ8
    180/313 | $1,313.99 | DD  -4.4% | L10 S10 | Δ18
    185/313 | $1,296.56 | DD  -5.7% | L10 S10 | Δ8
    190/313 | $1,288.50 | DD  -6.3% | L10 S10 | Δ12
    195/313 | $1,320.68 | DD  -3.9% | L10 S10 | Δ12
    200/313 | $1,302.86 | DD  -5.2% | L10 S10 | Δ16
    205/313 | $1,316.29 | DD  -4.2% | L10 S10 | Δ8
    210/313 | $1,284.16 | DD  -6.6% | L10 S10 | Δ16
    215/313 | $1,288.32 | DD  -6.3% | L10 S10 | Δ14
    220/313 | $1,331.45 | DD  -3.1% | L10 S10 | Δ10
    225/313 | $1,317.27 | DD  -4.2% | L10 S10 | Δ24
    230/313 | $1,371.44 | DD  -0.2% | L10 S10 | Δ8
    235/313 | $1,424.35 | DD  -1.3% | L10 S10 | Δ16
    240/313 | $1,557.25 | DD   0.0% | L10 S10 | Δ18
    245/313 | $1,616.51 | DD   0.0% | L10 S10 | Δ28
    250/313 | $1,632.34 | DD  -0.4% | L10 S10 | Δ22
    255/313 | $1,617.25 | DD  -1.8% | L10 S10 | Δ18
    260/313 | $1,656.55 | DD  -2.1% | L10 S10 | Δ22
    265/313 | $1,672.88 | DD  -1.1% | L10 S10 | Δ18
    270/313 | $1,698.58 | DD  -0.4% | L10 S10 | Δ12
    275/313 | $1,721.05 | DD   0.0% | L10 S10 | Δ20
    280/313 | $1,763.36 | DD  -1.1% | L10 S10 | Δ18
    285/313 | $1,724.39 | DD  -3.3% | L10 S10 | Δ16
    290/313 | $1,682.43 | DD  -5.6% | L10 S10 | Δ16
    295/313 | $1,807.56 | DD  -0.0% | L10 S10 | Δ22
    300/313 | $1,840.14 | DD   0.0% | L10 S10 | Δ16
    305/313 | $1,908.38 | DD   0.0% | L10 S10 | Δ14
    310/313 | $1,945.30 | DD  -0.3% | L10 S10 | Δ14
    312/313 | $1,893.70 | DD  -3.0% | L10 S10 | Δ10

======================================================================
  RESULTS — 158d, rebal=12h, N=10+10, lev=3x, mode=boost
======================================================================

   Start:      $1,000
   End:        $1,893.70
   Return:     +89.4%  (ann. ~+206%)
   Max DD:     -20.4%
   Sharpe:     +3.60
   Sharpe HAC: +3.72  (Newey-West adjusted)
   Calmar:     10.12
   Win Rate:   57%  (179W / 134L)
   Avg Win:    $+16.40
   Avg Loss:   $-15.24
   PF:         1.44
   Trades:     4828
   Turnover:   $850,973  (851.0x capital)
   Costs:      $492.76  (49.3%)
   Leverage:   3x
   Liq. level: -33% DD (approx)

   📈 Equity ($974–$1898):
      $   1,000 |█░░░░░░░░░░░░░░░░░░░░░░░░░░░░░░░░░░░░░░░|
      $   1,108 |█████░░░░░░░░░░░░░░░░░░░░░░░░░░░░░░░░░░░|
      $   1,184 |█████████░░░░░░░░░░░░░░░░░░░░░░░░░░░░░░░|
      $   1,269 |████████████░░░░░░░░░░░░░░░░░░░░░░░░░░░░|
      $   1,315 |██████████████░░░░░░░░░░░░░░░░░░░░░░░░░░|
      $   1,314 |██████████████░░░░░░░░░░░░░░░░░░░░░░░░░░|
      $   1,229 |███████████░░░░░░░░░░░░░░░░░░░░░░░░░░░░░|
      $   1,620 |███████████████████████████░░░░░░░░░░░░░|
      $   1,713 |███████████████████████████████░░░░░░░░░|
      $   1,894 |███████████████████████████████████████░|

   Saved: /workdir/invest/trading_logs/fast_sim_equity.csv

======================================================================
   🟡 Marginal — keep monitoring
======================================================================
[12:45:53]   => Return=+89.4%  HAC=+3.72
[12:45:53] SIM #14: SMOOTH_05
[12:45:53] CMD: python run_fast_sim.py --data data/features/crypto_features_1h.parquet --days 158 --start-date 2025-10-01 --end-date 2026-03-07 --leverage 3 --kelly 0.8 --edge-boost --no-deriv-gate --no-ddstop --ensemble --smooth-signal 0.5
======================================================================
  FAST SIMULATION
  158d | $1,000 | rebal=12h | N=10+10 | kelly=80% | cost=4bp/side
  leverage=3x | mode=boost
======================================================================

📊 Loading offline data: data/features/crypto_features_1h.parquet
   (2565321, 107), 50 symbols
   Date range: 2017-09-16 09:00:00+00:00 → 2026-03-07 15:00:00+00:00
   Enriching features (cross-asset, regime, 12h+v7, calendar, macro, sentiment, derivatives)...
   🎯 Adding targets...
   🌐 Adding cross-asset features...
   🔰 Adding advanced regime features...
   🕐 Adding 12h-specific features (v7 enhanced)...
   ✅ Added ~18 features for 12h holding period (v7)
   📅 SKIPPED calendar features (SKIP_CALENDAR=1)
   🏛️ Adding macro features...
      Macro raw: 9 cols, derived: 29, total new: 38
   📰 Adding sentiment features... (news_mode=all)
      FNG: 2018-02-01 → 2026-03-11, mean=48.3
      Funding: 96,393 non-zero rows (3.8%)
      LS ratio: 0 non-missing rows
      Synthetic positioning features...
      Loading news features (mode=all)...
      + coin-level news: 8 features
      + market-level news: 7 features
      📊 Coverage: 2,228,238/2,565,321 rows (86.9%)
      📰 Events: 1,100,564/2,228,238 covered rows (49.4%) have news
      🕳️  Holes: 337,083 rows = NaN (not 0!)
   ✅ Sentiment features added: 173 → 210 total
   📊 Adding derivatives features (Binance Futures)...
      Loaded metrics: 1,800,870 rows, 50 symbols, 2021-12-01 → 2026-03-12
      OI: 1,785,559 rows (69.6%), 9 features
      Taker: 1,648,976 rows (64.3%), 6 features
      Top L/S: 1,433,710 rows (55.9%), 5 features
      Global L/S: 3 features
      Binance funding: 2,239,209 rows (87.3%)
      Funding surprise: computed from OKX funding data
      Market-wide aggregates: 4 features
      Basis/Premium: 448,115 rows (17.5%), 6 features
      ⚠️  No liquidation data (run download_binance_futures.py)
      DVOL: 13 features (BTC range: 2021-04-01 → 2026-03-15)
   ✅ Derivatives features: +48 features
   🧬 Adding news interaction features...
   ✅ Added 23 news interaction features
   ⚠️  offline mode: some features may be zero-filled by models
   Final: (2565321, 299), 281 features
📡 Models …
   catboost: 5 CB models, 156 feats
   mlp: 5 MLP models, 177 feats ⚠️ 9 features zero-filled
   🏗️  Architecture: 2 groups (10 models)
   2025-10-01 04:00:00+00:00 → 2026-03-06 16:00:00+00:00  (314 steps, 12h apart)

📐 Calibrating edge distribution (P75 (for boost/adaptive)) ...
   P75 edge = 0.01883, P90 = 0.02760
   (1410 samples, 30 steps)

──────────────────────────────────────────────────────────────────────
      0/313 | $1,000.45 | DD   0.0% | L10 S10 | Δ20
      5/313 | $  972.38 | DD  -2.8% | L10 S10 | Δ6
     10/313 | $  990.60 | DD  -1.0% | L10 S10 | Δ12
     15/313 | $1,039.72 | DD   0.0% | L10 S10 | Δ18
     20/313 | $1,131.55 | DD   0.0% | L10 S10 | Δ20
     25/313 | $1,055.91 | DD  -6.7% | L10 S10 | Δ18
     30/313 | $1,121.94 | DD  -1.9% | L10 S10 | Δ20
     35/313 | $1,114.48 | DD  -3.5% | L10 S10 | Δ14
     40/313 | $1,143.97 | DD  -1.0% | L10 S10 | Δ10
     45/313 | $1,195.54 | DD  -0.7% | L10 S10 | Δ14
     50/313 | $1,204.86 | DD  -1.2% | L10 S10 | Δ18
     55/313 | $1,260.31 | DD   0.0% | L10 S10 | Δ12
     60/313 | $1,260.03 | DD  -0.0% | L10 S10 | Δ18
     65/313 | $1,237.38 | DD  -1.8% | L10 S10 | Δ8
     70/313 | $1,232.03 | DD  -2.3% | L10 S10 | Δ16
     75/313 | $1,016.27 | DD -19.4% | L10 S10 | Δ10
     80/313 | $1,119.45 | DD -11.2% | L10 S10 | Δ14
     85/313 | $1,221.67 | DD  -3.1% | L10 S10 | Δ14
     90/313 | $1,236.02 | DD  -1.9% | L10 S10 | Δ12
     95/313 | $1,228.80 | DD  -2.9% | L10 S10 | Δ18
    100/313 | $1,233.26 | DD  -2.5% | L10 S10 | Δ16
    105/313 | $1,259.96 | DD  -1.5% | L10 S10 | Δ20
    110/313 | $1,272.20 | DD  -0.5% | L10 S10 | Δ14
    115/313 | $1,239.16 | DD  -3.1% | L10 S10 | Δ18
    120/313 | $1,207.26 | DD  -5.6% | L10 S10 | Δ14
    125/313 | $1,220.66 | DD  -4.5% | L10 S10 | Δ16
    130/313 | $1,220.87 | DD  -4.5% | L10 S10 | Δ14
    135/313 | $1,240.41 | DD  -3.0% | L10 S10 | Δ18
    140/313 | $1,251.96 | DD  -2.1% | L10 S10 | Δ16
    145/313 | $1,249.96 | DD  -2.4% | L10 S10 | Δ6
    150/313 | $1,297.56 | DD   0.0% | L10 S10 | Δ18
    155/313 | $1,332.16 | DD   0.0% | L10 S10 | Δ16
    160/313 | $1,297.27 | DD  -3.1% | L10 S10 | Δ20
    165/313 | $1,300.20 | DD  -2.8% | L10 S10 | Δ12
    170/313 | $1,289.99 | DD  -3.6% | L10 S10 | Δ14
    175/313 | $1,255.03 | DD  -6.2% | L10 S10 | Δ6
    180/313 | $1,265.81 | DD  -5.4% | L10 S10 | Δ14
    185/313 | $1,248.16 | DD  -6.7% | L10 S10 | Δ8
    190/313 | $1,233.28 | DD  -7.8% | L10 S10 | Δ10
    195/313 | $1,256.50 | DD  -6.1% | L10 S10 | Δ14
    200/313 | $1,236.20 | DD  -7.6% | L10 S10 | Δ10
    205/313 | $1,255.30 | DD  -6.2% | L10 S10 | Δ8
    210/313 | $1,221.54 | DD  -8.7% | L10 S10 | Δ10
    215/313 | $1,222.86 | DD  -8.6% | L10 S10 | Δ12
    220/313 | $1,257.07 | DD  -6.1% | L10 S10 | Δ8
    225/313 | $1,210.78 | DD  -9.5% | L10 S10 | Δ20
    230/313 | $1,260.55 | DD  -5.8% | L10 S10 | Δ8
    235/313 | $1,319.83 | DD  -1.4% | L10 S10 | Δ16
    240/313 | $1,440.40 | DD   0.0% | L10 S10 | Δ12
    245/313 | $1,466.88 | DD   0.0% | L10 S10 | Δ20
    250/313 | $1,465.75 | DD  -0.6% | L10 S10 | Δ20
    255/313 | $1,451.56 | DD  -1.6% | L10 S10 | Δ18
    260/313 | $1,475.59 | DD  -2.7% | L10 S10 | Δ18
    265/313 | $1,479.90 | DD  -2.4% | L10 S10 | Δ12
    270/313 | $1,542.67 | DD  -0.4% | L10 S10 | Δ14
    275/313 | $1,562.35 | DD   0.0% | L10 S10 | Δ14
    280/313 | $1,597.98 | DD  -0.8% | L10 S10 | Δ14
    285/313 | $1,562.39 | DD  -3.3% | L10 S10 | Δ16
    290/313 | $1,531.03 | DD  -5.2% | L10 S10 | Δ12
    295/313 | $1,651.91 | DD   0.0% | L10 S10 | Δ20
    300/313 | $1,695.21 | DD   0.0% | L10 S10 | Δ14
    305/313 | $1,735.34 | DD   0.0% | L10 S10 | Δ14
    310/313 | $1,765.05 | DD  -0.5% | L10 S10 | Δ10
    312/313 | $1,722.99 | DD  -2.9% | L10 S10 | Δ10

======================================================================
  RESULTS — 158d, rebal=12h, N=10+10, lev=3x, mode=boost
======================================================================

   Start:      $1,000
   End:        $1,722.99
   Return:     +72.3%  (ann. ~+167%)
   Max DD:     -19.4%
   Sharpe:     +3.00
   Sharpe HAC: +3.16  (Newey-West adjusted)
   Calmar:     8.62
   Win Rate:   56%  (176W / 137L)
   Avg Win:    $+15.69
   Avg Loss:   $-14.88
   PF:         1.35
   Trades:     4176
   Turnover:   $714,274  (714.3x capital)
   Costs:      $431.18  (43.1%)
   Leverage:   3x
   Liq. level: -33% DD (approx)

   📈 Equity ($977–$1729):
      $   1,000 |█░░░░░░░░░░░░░░░░░░░░░░░░░░░░░░░░░░░░░░░|
      $   1,110 |███████░░░░░░░░░░░░░░░░░░░░░░░░░░░░░░░░░|
      $   1,192 |███████████░░░░░░░░░░░░░░░░░░░░░░░░░░░░░|
      $   1,249 |██████████████░░░░░░░░░░░░░░░░░░░░░░░░░░|
      $   1,281 |████████████████░░░░░░░░░░░░░░░░░░░░░░░░|
      $   1,266 |███████████████░░░░░░░░░░░░░░░░░░░░░░░░░|
      $   1,168 |██████████░░░░░░░░░░░░░░░░░░░░░░░░░░░░░░|
      $   1,452 |█████████████████████████░░░░░░░░░░░░░░░|
      $   1,552 |██████████████████████████████░░░░░░░░░░|
      $   1,723 |███████████████████████████████████████░|

   Saved: /workdir/invest/trading_logs/fast_sim_equity.csv

======================================================================
   🟡 Marginal — keep monitoring
======================================================================
[12:49:07]   => Return=+72.3%  HAC=+3.16
[12:49:07] --- Turnover budget sweep ---
[12:49:07] SIM #15: TOBUD_3
[12:49:07] CMD: python run_fast_sim.py --data data/features/crypto_features_1h.parquet --days 158 --start-date 2025-10-01 --end-date 2026-03-07 --leverage 3 --kelly 0.8 --edge-boost --no-deriv-gate --no-ddstop --ensemble --turnover-budget 3
======================================================================
  FAST SIMULATION
  158d | $1,000 | rebal=12h | N=10+10 | kelly=80% | cost=4bp/side
  leverage=3x | mode=boost
======================================================================

📊 Loading offline data: data/features/crypto_features_1h.parquet
   (2565321, 107), 50 symbols
   Date range: 2017-09-16 09:00:00+00:00 → 2026-03-07 15:00:00+00:00
   Enriching features (cross-asset, regime, 12h+v7, calendar, macro, sentiment, derivatives)...
   🎯 Adding targets...
   🌐 Adding cross-asset features...
   🔰 Adding advanced regime features...
   🕐 Adding 12h-specific features (v7 enhanced)...
   ✅ Added ~18 features for 12h holding period (v7)
   📅 SKIPPED calendar features (SKIP_CALENDAR=1)
   🏛️ Adding macro features...
      Macro raw: 9 cols, derived: 29, total new: 38
   📰 Adding sentiment features... (news_mode=all)
      FNG: 2018-02-01 → 2026-03-11, mean=48.3
      Funding: 96,393 non-zero rows (3.8%)
      LS ratio: 0 non-missing rows
      Synthetic positioning features...
      Loading news features (mode=all)...
      + coin-level news: 8 features
      + market-level news: 7 features
      📊 Coverage: 2,228,238/2,565,321 rows (86.9%)
      📰 Events: 1,100,564/2,228,238 covered rows (49.4%) have news
      🕳️  Holes: 337,083 rows = NaN (not 0!)
   ✅ Sentiment features added: 173 → 210 total
   📊 Adding derivatives features (Binance Futures)...
      Loaded metrics: 1,800,870 rows, 50 symbols, 2021-12-01 → 2026-03-12
      OI: 1,785,559 rows (69.6%), 9 features
      Taker: 1,648,976 rows (64.3%), 6 features
      Top L/S: 1,433,710 rows (55.9%), 5 features
      Global L/S: 3 features
      Binance funding: 2,239,209 rows (87.3%)
      Funding surprise: computed from OKX funding data
      Market-wide aggregates: 4 features
      Basis/Premium: 448,115 rows (17.5%), 6 features
      ⚠️  No liquidation data (run download_binance_futures.py)
      DVOL: 13 features (BTC range: 2021-04-01 → 2026-03-15)
   ✅ Derivatives features: +48 features
   🧬 Adding news interaction features...
   ✅ Added 23 news interaction features
   ⚠️  offline mode: some features may be zero-filled by models
   Final: (2565321, 299), 281 features
📡 Models …
   catboost: 5 CB models, 156 feats
   mlp: 5 MLP models, 177 feats ⚠️ 9 features zero-filled
   🏗️  Architecture: 2 groups (10 models)
   2025-10-01 04:00:00+00:00 → 2026-03-06 16:00:00+00:00  (314 steps, 12h apart)

📐 Calibrating edge distribution (P75 (for boost/adaptive)) ...
   P75 edge = 0.01883, P90 = 0.02760
   (1410 samples, 30 steps)

──────────────────────────────────────────────────────────────────────
      0/313 | $1,000.45 | DD   0.0% | L10 S10 | Δ20
      5/313 | $  963.66 | DD  -3.7% | L10 S10 | Δ12
     10/313 | $  980.22 | DD  -2.0% | L10 S10 | Δ14
     15/313 | $1,015.19 | DD   0.0% | L10 S10 | Δ30
     20/313 | $1,092.39 | DD   0.0% | L10 S10 | Δ36
     25/313 | $1,046.27 | DD  -4.2% | L10 S10 | Δ28
     30/313 | $1,117.20 | DD  -0.8% | L10 S10 | Δ30
     35/313 | $1,118.69 | DD  -2.8% | L10 S10 | Δ30
     40/313 | $1,134.05 | DD  -1.4% | L10 S10 | Δ20
     45/313 | $1,194.92 | DD  -0.5% | L10 S10 | Δ26
     50/313 | $1,214.77 | DD  -0.5% | L10 S10 | Δ16
     55/313 | $1,262.17 | DD   0.0% | L10 S10 | Δ20
     60/313 | $1,231.24 | DD  -2.5% | L10 S10 | Δ30
     65/313 | $1,206.52 | DD  -4.4% | L10 S10 | Δ24
     70/313 | $1,197.53 | DD  -5.1% | L10 S10 | Δ26
     75/313 | $1,013.54 | DD -19.7% | L10 S10 | Δ16
     80/313 | $1,110.18 | DD -12.0% | L10 S10 | Δ26
     85/313 | $1,224.79 | DD  -3.0% | L10 S10 | Δ32
     90/313 | $1,289.78 | DD   0.0% | L10 S10 | Δ20
     95/313 | $1,285.59 | DD  -2.3% | L10 S10 | Δ26
    100/313 | $1,317.89 | DD   0.0% | L10 S10 | Δ36
    105/313 | $1,331.27 | DD  -1.2% | L10 S10 | Δ32
    110/313 | $1,368.46 | DD   0.0% | L10 S10 | Δ28
    115/313 | $1,325.08 | DD  -3.5% | L10 S10 | Δ22
Traceback (most recent call last):
  File "/workdir/invest/run_fast_sim.py", line 1527, in <module>
    main()
  File "/workdir/invest/run_fast_sim.py", line 1171, in main
    exits_sorted = sorted(exits_L, key=lambda s: -scores[list(syms).index(s)])
                   ^^^^^^^^^^^^^^^^^^^^^^^^^^^^^^^^^^^^^^^^^^^^^^^^^^^^^^^^^^^
  File "/workdir/invest/run_fast_sim.py", line 1171, in <lambda>
    exits_sorted = sorted(exits_L, key=lambda s: -scores[list(syms).index(s)])
                                                         ^^^^^^^^^^^^^^^^^^^
ValueError: 'FLOW/USDT' is not in list
[12:52:16]   => Return=  HAC=
[12:52:16] SIM #16: TOBUD_5
[12:52:16] CMD: python run_fast_sim.py --data data/features/crypto_features_1h.parquet --days 158 --start-date 2025-10-01 --end-date 2026-03-07 --leverage 3 --kelly 0.8 --edge-boost --no-deriv-gate --no-ddstop --ensemble --turnover-budget 5
======================================================================
  FAST SIMULATION
  158d | $1,000 | rebal=12h | N=10+10 | kelly=80% | cost=4bp/side
  leverage=3x | mode=boost
======================================================================

📊 Loading offline data: data/features/crypto_features_1h.parquet
   (2565321, 107), 50 symbols
   Date range: 2017-09-16 09:00:00+00:00 → 2026-03-07 15:00:00+00:00
   Enriching features (cross-asset, regime, 12h+v7, calendar, macro, sentiment, derivatives)...
   🎯 Adding targets...
   🌐 Adding cross-asset features...
   🔰 Adding advanced regime features...
   🕐 Adding 12h-specific features (v7 enhanced)...
   ✅ Added ~18 features for 12h holding period (v7)
   📅 SKIPPED calendar features (SKIP_CALENDAR=1)
   🏛️ Adding macro features...
      Macro raw: 9 cols, derived: 29, total new: 38
   📰 Adding sentiment features... (news_mode=all)
      FNG: 2018-02-01 → 2026-03-11, mean=48.3
      Funding: 96,393 non-zero rows (3.8%)
      LS ratio: 0 non-missing rows
      Synthetic positioning features...
      Loading news features (mode=all)...
      + coin-level news: 8 features
      + market-level news: 7 features
      📊 Coverage: 2,228,238/2,565,321 rows (86.9%)
      📰 Events: 1,100,564/2,228,238 covered rows (49.4%) have news
      🕳️  Holes: 337,083 rows = NaN (not 0!)
   ✅ Sentiment features added: 173 → 210 total
   📊 Adding derivatives features (Binance Futures)...
      Loaded metrics: 1,800,870 rows, 50 symbols, 2021-12-01 → 2026-03-12
      OI: 1,785,559 rows (69.6%), 9 features
      Taker: 1,648,976 rows (64.3%), 6 features
      Top L/S: 1,433,710 rows (55.9%), 5 features
      Global L/S: 3 features
      Binance funding: 2,239,209 rows (87.3%)
      Funding surprise: computed from OKX funding data
      Market-wide aggregates: 4 features
      Basis/Premium: 448,115 rows (17.5%), 6 features
      ⚠️  No liquidation data (run download_binance_futures.py)
      DVOL: 13 features (BTC range: 2021-04-01 → 2026-03-15)
   ✅ Derivatives features: +48 features
   🧬 Adding news interaction features...
   ✅ Added 23 news interaction features
   ⚠️  offline mode: some features may be zero-filled by models
   Final: (2565321, 299), 281 features
📡 Models …
   catboost: 5 CB models, 156 feats
   mlp: 5 MLP models, 177 feats ⚠️ 9 features zero-filled
   🏗️  Architecture: 2 groups (10 models)
   2025-10-01 04:00:00+00:00 → 2026-03-06 16:00:00+00:00  (314 steps, 12h apart)

📐 Calibrating edge distribution (P75 (for boost/adaptive)) ...
   P75 edge = 0.01883, P90 = 0.02760
   (1410 samples, 30 steps)

──────────────────────────────────────────────────────────────────────
      0/313 | $1,000.45 | DD   0.0% | L10 S10 | Δ20
      5/313 | $  963.66 | DD  -3.7% | L10 S10 | Δ12
     10/313 | $  980.22 | DD  -2.0% | L10 S10 | Δ14
     15/313 | $1,015.19 | DD   0.0% | L10 S10 | Δ30
     20/313 | $1,092.39 | DD   0.0% | L10 S10 | Δ36
     25/313 | $1,046.27 | DD  -4.2% | L10 S10 | Δ28
     30/313 | $1,117.20 | DD  -0.8% | L10 S10 | Δ30
     35/313 | $1,118.69 | DD  -2.8% | L10 S10 | Δ30
     40/313 | $1,134.05 | DD  -1.4% | L10 S10 | Δ20
     45/313 | $1,194.92 | DD  -0.5% | L10 S10 | Δ26
     50/313 | $1,214.77 | DD  -0.5% | L10 S10 | Δ16
     55/313 | $1,262.17 | DD   0.0% | L10 S10 | Δ20
     60/313 | $1,231.24 | DD  -2.5% | L10 S10 | Δ30
     65/313 | $1,206.52 | DD  -4.4% | L10 S10 | Δ24
     70/313 | $1,197.53 | DD  -5.1% | L10 S10 | Δ26
     75/313 | $1,013.54 | DD -19.7% | L10 S10 | Δ16
     80/313 | $1,110.18 | DD -12.0% | L10 S10 | Δ26
     85/313 | $1,224.79 | DD  -3.0% | L10 S10 | Δ32
     90/313 | $1,289.78 | DD   0.0% | L10 S10 | Δ20
     95/313 | $1,285.59 | DD  -2.3% | L10 S10 | Δ26
    100/313 | $1,317.89 | DD   0.0% | L10 S10 | Δ36
    105/313 | $1,331.27 | DD  -1.2% | L10 S10 | Δ32
    110/313 | $1,368.46 | DD   0.0% | L10 S10 | Δ28
    115/313 | $1,325.08 | DD  -3.5% | L10 S10 | Δ22
Traceback (most recent call last):
  File "/workdir/invest/run_fast_sim.py", line 1527, in <module>
    main()
  File "/workdir/invest/run_fast_sim.py", line 1171, in main
    exits_sorted = sorted(exits_L, key=lambda s: -scores[list(syms).index(s)])
                   ^^^^^^^^^^^^^^^^^^^^^^^^^^^^^^^^^^^^^^^^^^^^^^^^^^^^^^^^^^^
  File "/workdir/invest/run_fast_sim.py", line 1171, in <lambda>
    exits_sorted = sorted(exits_L, key=lambda s: -scores[list(syms).index(s)])
                                                         ^^^^^^^^^^^^^^^^^^^
ValueError: 'FLOW/USDT' is not in list
[12:55:25]   => Return=  HAC=
[12:55:25] SIM #17: TOBUD_8
[12:55:25] CMD: python run_fast_sim.py --data data/features/crypto_features_1h.parquet --days 158 --start-date 2025-10-01 --end-date 2026-03-07 --leverage 3 --kelly 0.8 --edge-boost --no-deriv-gate --no-ddstop --ensemble --turnover-budget 8
======================================================================
  FAST SIMULATION
  158d | $1,000 | rebal=12h | N=10+10 | kelly=80% | cost=4bp/side
  leverage=3x | mode=boost
======================================================================

📊 Loading offline data: data/features/crypto_features_1h.parquet
   (2565321, 107), 50 symbols
   Date range: 2017-09-16 09:00:00+00:00 → 2026-03-07 15:00:00+00:00
   Enriching features (cross-asset, regime, 12h+v7, calendar, macro, sentiment, derivatives)...
   🎯 Adding targets...
   🌐 Adding cross-asset features...
   🔰 Adding advanced regime features...
   🕐 Adding 12h-specific features (v7 enhanced)...
   ✅ Added ~18 features for 12h holding period (v7)
   📅 SKIPPED calendar features (SKIP_CALENDAR=1)
   🏛️ Adding macro features...
      Macro raw: 9 cols, derived: 29, total new: 38
   📰 Adding sentiment features... (news_mode=all)
      FNG: 2018-02-01 → 2026-03-11, mean=48.3
      Funding: 96,393 non-zero rows (3.8%)
      LS ratio: 0 non-missing rows
      Synthetic positioning features...
      Loading news features (mode=all)...
      + coin-level news: 8 features
      + market-level news: 7 features
      📊 Coverage: 2,228,238/2,565,321 rows (86.9%)
      📰 Events: 1,100,564/2,228,238 covered rows (49.4%) have news
      🕳️  Holes: 337,083 rows = NaN (not 0!)
   ✅ Sentiment features added: 173 → 210 total
   📊 Adding derivatives features (Binance Futures)...
      Loaded metrics: 1,800,870 rows, 50 symbols, 2021-12-01 → 2026-03-12
      OI: 1,785,559 rows (69.6%), 9 features
      Taker: 1,648,976 rows (64.3%), 6 features
      Top L/S: 1,433,710 rows (55.9%), 5 features
      Global L/S: 3 features
      Binance funding: 2,239,209 rows (87.3%)
      Funding surprise: computed from OKX funding data
      Market-wide aggregates: 4 features
      Basis/Premium: 448,115 rows (17.5%), 6 features
      ⚠️  No liquidation data (run download_binance_futures.py)
      DVOL: 13 features (BTC range: 2021-04-01 → 2026-03-15)
   ✅ Derivatives features: +48 features
   🧬 Adding news interaction features...
   ✅ Added 23 news interaction features
   ⚠️  offline mode: some features may be zero-filled by models
   Final: (2565321, 299), 281 features
📡 Models …
   catboost: 5 CB models, 156 feats
   mlp: 5 MLP models, 177 feats ⚠️ 9 features zero-filled
   🏗️  Architecture: 2 groups (10 models)
   2025-10-01 04:00:00+00:00 → 2026-03-06 16:00:00+00:00  (314 steps, 12h apart)

📐 Calibrating edge distribution (P75 (for boost/adaptive)) ...
   P75 edge = 0.01883, P90 = 0.02760
   (1410 samples, 30 steps)

──────────────────────────────────────────────────────────────────────
      0/313 | $1,000.45 | DD   0.0% | L10 S10 | Δ20
      5/313 | $  963.66 | DD  -3.7% | L10 S10 | Δ12
     10/313 | $  980.22 | DD  -2.0% | L10 S10 | Δ14
     15/313 | $1,015.19 | DD   0.0% | L10 S10 | Δ30
     20/313 | $1,092.39 | DD   0.0% | L10 S10 | Δ36
     25/313 | $1,046.27 | DD  -4.2% | L10 S10 | Δ28
     30/313 | $1,117.20 | DD  -0.8% | L10 S10 | Δ30
     35/313 | $1,118.69 | DD  -2.8% | L10 S10 | Δ30
     40/313 | $1,134.05 | DD  -1.4% | L10 S10 | Δ20
     45/313 | $1,194.92 | DD  -0.5% | L10 S10 | Δ26
     50/313 | $1,214.77 | DD  -0.5% | L10 S10 | Δ16
     55/313 | $1,262.17 | DD   0.0% | L10 S10 | Δ20
     60/313 | $1,231.24 | DD  -2.5% | L10 S10 | Δ30
     65/313 | $1,206.52 | DD  -4.4% | L10 S10 | Δ24
     70/313 | $1,197.53 | DD  -5.1% | L10 S10 | Δ26
     75/313 | $1,013.54 | DD -19.7% | L10 S10 | Δ16
     80/313 | $1,110.18 | DD -12.0% | L10 S10 | Δ26
     85/313 | $1,224.79 | DD  -3.0% | L10 S10 | Δ32
     90/313 | $1,289.78 | DD   0.0% | L10 S10 | Δ20
     95/313 | $1,285.59 | DD  -2.3% | L10 S10 | Δ26
    100/313 | $1,317.89 | DD   0.0% | L10 S10 | Δ36
    105/313 | $1,331.27 | DD  -1.2% | L10 S10 | Δ32
    110/313 | $1,368.46 | DD   0.0% | L10 S10 | Δ28
    115/313 | $1,325.08 | DD  -3.5% | L10 S10 | Δ22
    120/313 | $1,298.82 | DD  -5.4% | L10 S10 | Δ24
    125/313 | $1,301.67 | DD  -5.2% | L10 S10 | Δ16
    130/313 | $1,293.16 | DD  -5.8% | L10 S10 | Δ20
    135/313 | $1,297.04 | DD  -5.5% | L10 S10 | Δ24
    140/313 | $1,351.59 | DD  -1.5% | L10 S10 | Δ26
    145/313 | $1,373.84 | DD  -2.4% | L10 S10 | Δ22
    150/313 | $1,439.96 | DD   0.0% | L10 S10 | Δ32
    155/313 | $1,456.33 | DD   0.0% | L10 S10 | Δ24
    160/313 | $1,459.59 | DD  -1.5% | L10 S10 | Δ30
    165/313 | $1,463.97 | DD  -1.2% | L10 S10 | Δ24
    170/313 | $1,451.35 | DD  -2.1% | L10 S10 | Δ22
    175/313 | $1,437.87 | DD  -3.0% | L10 S10 | Δ14
    180/313 | $1,435.48 | DD  -3.1% | L10 S10 | Δ24
    185/313 | $1,425.07 | DD  -3.8% | L10 S10 | Δ20
    190/313 | $1,419.37 | DD  -4.2% | L10 S10 | Δ18
    195/313 | $1,482.50 | DD   0.0% | L10 S10 | Δ24
    200/313 | $1,461.10 | DD  -1.4% | L10 S10 | Δ24
    205/313 | $1,462.18 | DD  -1.4% | L10 S10 | Δ18
    210/313 | $1,454.12 | DD  -2.7% | L10 S10 | Δ18
    215/313 | $1,465.66 | DD  -1.9% | L10 S10 | Δ16
    220/313 | $1,556.49 | DD   0.0% | L10 S10 | Δ28
    225/313 | $1,565.48 | DD   0.0% | L10 S10 | Δ30
    230/313 | $1,664.21 | DD   0.0% | L10 S10 | Δ18
    235/313 | $1,718.58 | DD  -1.6% | L10 S10 | Δ24
    240/313 | $1,881.29 | DD   0.0% | L10 S10 | Δ28
    245/313 | $1,975.73 | DD   0.0% | L10 S10 | Δ28
    250/313 | $2,016.35 | DD   0.0% | L10 S10 | Δ30
    255/313 | $2,005.99 | DD  -1.9% | L10 S10 | Δ24
    260/313 | $2,082.58 | DD  -0.8% | L10 S10 | Δ30
    265/313 | $2,166.62 | DD   0.0% | L10 S10 | Δ28
    270/313 | $2,271.15 | DD  -0.7% | L10 S10 | Δ26
    275/313 | $2,265.70 | DD  -0.9% | L10 S10 | Δ28
    280/313 | $2,312.19 | DD  -1.6% | L10 S10 | Δ30
    285/313 | $2,270.14 | DD  -3.4% | L10 S10 | Δ20
    290/313 | $2,239.86 | DD  -4.7% | L10 S10 | Δ24
    295/313 | $2,325.41 | DD  -1.0% | L10 S10 | Δ32
    300/313 | $2,370.00 | DD  -0.9% | L10 S10 | Δ24
    305/313 | $2,447.22 | DD   0.0% | L10 S10 | Δ18
    310/313 | $2,504.60 | DD  -0.2% | L10 S10 | Δ20
    312/313 | $2,437.88 | DD  -2.9% | L10 S10 | Δ20

======================================================================
  RESULTS — 158d, rebal=12h, N=10+10, lev=3x, mode=boost
======================================================================

   Start:      $1,000
   End:        $2,437.88
   Return:     +143.8%  (ann. ~+332%)
   Max DD:     -20.5%
   Sharpe:     +5.28
   Sharpe HAC: +5.33  (Newey-West adjusted)
   Calmar:     16.18
   Win Rate:   61%  (190W / 123L)
   Avg Win:    $+18.60
   Avg Loss:   $-17.03
   PF:         1.69
   Trades:     7314
   Turnover:   $1,417,779  (1417.8x capital)
   Costs:      $738.47  (73.8%)
   Leverage:   3x
   Liq. level: -33% DD (approx)

   📈 Equity ($970–$2438):
      $   1,000 |░░░░░░░░░░░░░░░░░░░░░░░░░░░░░░░░░░░░░░░░|
      $   1,103 |███░░░░░░░░░░░░░░░░░░░░░░░░░░░░░░░░░░░░░|
      $   1,168 |█████░░░░░░░░░░░░░░░░░░░░░░░░░░░░░░░░░░░|
      $   1,320 |█████████░░░░░░░░░░░░░░░░░░░░░░░░░░░░░░░|
      $   1,407 |███████████░░░░░░░░░░░░░░░░░░░░░░░░░░░░░|
      $   1,435 |████████████░░░░░░░░░░░░░░░░░░░░░░░░░░░░|
      $   1,385 |███████████░░░░░░░░░░░░░░░░░░░░░░░░░░░░░|
      $   2,007 |████████████████████████████░░░░░░░░░░░░|
      $   2,251 |██████████████████████████████████░░░░░░|
      $   2,438 |███████████████████████████████████████░|

   Saved: /workdir/invest/trading_logs/fast_sim_equity.csv

======================================================================
   🟡 Marginal — keep monitoring
======================================================================
[12:58:39]   => Return=+143.8%  HAC=+5.33
[12:58:39] --- Vol sizing ---
[12:58:39] SIM #18: VOLSIZE
[12:58:39] CMD: python run_fast_sim.py --data data/features/crypto_features_1h.parquet --days 158 --start-date 2025-10-01 --end-date 2026-03-07 --leverage 3 --kelly 0.8 --edge-boost --no-deriv-gate --no-ddstop --ensemble --vol-size
======================================================================
  FAST SIMULATION
  158d | $1,000 | rebal=12h | N=10+10 | kelly=80% | cost=4bp/side
  leverage=3x | mode=boost
======================================================================

📊 Loading offline data: data/features/crypto_features_1h.parquet
   (2565321, 107), 50 symbols
   Date range: 2017-09-16 09:00:00+00:00 → 2026-03-07 15:00:00+00:00
   Enriching features (cross-asset, regime, 12h+v7, calendar, macro, sentiment, derivatives)...
   🎯 Adding targets...
   🌐 Adding cross-asset features...
   🔰 Adding advanced regime features...
   🕐 Adding 12h-specific features (v7 enhanced)...
   ✅ Added ~18 features for 12h holding period (v7)
   📅 SKIPPED calendar features (SKIP_CALENDAR=1)
   🏛️ Adding macro features...
      Macro raw: 9 cols, derived: 29, total new: 38
   📰 Adding sentiment features... (news_mode=all)
      FNG: 2018-02-01 → 2026-03-11, mean=48.3
      Funding: 96,393 non-zero rows (3.8%)
      LS ratio: 0 non-missing rows
      Synthetic positioning features...
      Loading news features (mode=all)...
      + coin-level news: 8 features
      + market-level news: 7 features
      📊 Coverage: 2,228,238/2,565,321 rows (86.9%)
      📰 Events: 1,100,564/2,228,238 covered rows (49.4%) have news
      🕳️  Holes: 337,083 rows = NaN (not 0!)
   ✅ Sentiment features added: 173 → 210 total
   📊 Adding derivatives features (Binance Futures)...
      Loaded metrics: 1,800,870 rows, 50 symbols, 2021-12-01 → 2026-03-12
      OI: 1,785,559 rows (69.6%), 9 features
      Taker: 1,648,976 rows (64.3%), 6 features
      Top L/S: 1,433,710 rows (55.9%), 5 features
      Global L/S: 3 features
      Binance funding: 2,239,209 rows (87.3%)
      Funding surprise: computed from OKX funding data
      Market-wide aggregates: 4 features
      Basis/Premium: 448,115 rows (17.5%), 6 features
      ⚠️  No liquidation data (run download_binance_futures.py)
      DVOL: 13 features (BTC range: 2021-04-01 → 2026-03-15)
   ✅ Derivatives features: +48 features
   🧬 Adding news interaction features...
   ✅ Added 23 news interaction features
   ⚠️  offline mode: some features may be zero-filled by models
   Final: (2565321, 299), 281 features
📡 Models …
   catboost: 5 CB models, 156 feats
   mlp: 5 MLP models, 177 feats ⚠️ 9 features zero-filled
   🏗️  Architecture: 2 groups (10 models)
   2025-10-01 04:00:00+00:00 → 2026-03-06 16:00:00+00:00  (314 steps, 12h apart)

📐 Calibrating edge distribution (P75 (for boost/adaptive)) ...
   P75 edge = 0.01883, P90 = 0.02760
   (1410 samples, 30 steps)

📊 Pre-computing per-coin realized vol (24h rolling std)...
   Vol computed for 50 symbols, median=0.0044

──────────────────────────────────────────────────────────────────────
      0/313 | $1,000.20 | DD   0.0% | L10 S10 | Δ20
      5/313 | $  961.05 | DD  -3.9% | L10 S10 | Δ12
     10/313 | $  977.47 | DD  -2.3% | L10 S10 | Δ14
     15/313 | $1,014.16 | DD   0.0% | L10 S10 | Δ30
     20/313 | $1,092.27 | DD   0.0% | L10 S10 | Δ36
     25/313 | $1,047.99 | DD  -4.1% | L10 S10 | Δ28
     30/313 | $1,118.03 | DD  -0.6% | L10 S10 | Δ30
     35/313 | $1,118.45 | DD  -2.8% | L10 S10 | Δ30
     40/313 | $1,131.03 | DD  -1.7% | L10 S10 | Δ20
     45/313 | $1,190.97 | DD  -0.5% | L10 S10 | Δ26
     50/313 | $1,211.21 | DD  -0.5% | L10 S10 | Δ16
     55/313 | $1,258.75 | DD   0.0% | L10 S10 | Δ20
     60/313 | $1,227.84 | DD  -2.5% | L10 S10 | Δ30
     65/313 | $1,204.39 | DD  -4.3% | L10 S10 | Δ24
     70/313 | $1,197.02 | DD  -4.9% | L10 S10 | Δ26
     75/313 | $1,008.63 | DD -19.9% | L10 S10 | Δ16
     80/313 | $1,111.53 | DD -11.7% | L10 S10 | Δ26
     85/313 | $1,221.16 | DD  -3.0% | L10 S10 | Δ32
     90/313 | $1,284.60 | DD   0.0% | L10 S10 | Δ20
     95/313 | $1,279.71 | DD  -2.6% | L10 S10 | Δ26
    100/313 | $1,317.21 | DD   0.0% | L10 S10 | Δ36
    105/313 | $1,329.58 | DD  -1.2% | L10 S10 | Δ32
    110/313 | $1,366.78 | DD   0.0% | L10 S10 | Δ28
    115/313 | $1,322.26 | DD  -3.5% | L10 S10 | Δ22
    120/313 | $1,296.07 | DD  -5.4% | L10 S10 | Δ24
    125/313 | $1,301.19 | DD  -5.1% | L10 S10 | Δ16
    130/313 | $1,295.77 | DD  -5.5% | L10 S10 | Δ20
    135/313 | $1,297.18 | DD  -5.4% | L10 S10 | Δ24
    140/313 | $1,345.74 | DD  -1.8% | L10 S10 | Δ26
    145/313 | $1,368.84 | DD  -2.3% | L10 S10 | Δ22
    150/313 | $1,430.61 | DD   0.0% | L10 S10 | Δ32
    155/313 | $1,451.89 | DD   0.0% | L10 S10 | Δ24
    160/313 | $1,462.25 | DD  -1.4% | L10 S10 | Δ30
    165/313 | $1,469.70 | DD  -0.9% | L10 S10 | Δ24
    170/313 | $1,452.71 | DD  -2.1% | L10 S10 | Δ22
    175/313 | $1,439.78 | DD  -3.0% | L10 S10 | Δ14
    180/313 | $1,433.25 | DD  -3.4% | L10 S10 | Δ24
    185/313 | $1,422.17 | DD  -4.1% | L10 S10 | Δ20
    190/313 | $1,403.81 | DD  -5.4% | L10 S10 | Δ18
    195/313 | $1,464.01 | DD  -1.3% | L10 S10 | Δ24
    200/313 | $1,450.96 | DD  -2.2% | L10 S10 | Δ24
    205/313 | $1,455.63 | DD  -1.9% | L10 S10 | Δ18
    210/313 | $1,455.14 | DD  -2.8% | L10 S10 | Δ18
    215/313 | $1,467.45 | DD  -1.9% | L10 S10 | Δ16
    220/313 | $1,565.13 | DD   0.0% | L10 S10 | Δ28
    225/313 | $1,559.72 | DD  -0.3% | L10 S10 | Δ30
    230/313 | $1,665.61 | DD   0.0% | L10 S10 | Δ18
    235/313 | $1,707.68 | DD  -1.5% | L10 S10 | Δ24
    240/313 | $1,862.35 | DD   0.0% | L10 S10 | Δ28
    245/313 | $1,976.53 | DD   0.0% | L10 S10 | Δ28
    250/313 | $1,986.08 | DD  -0.3% | L10 S10 | Δ30
    255/313 | $1,979.58 | DD  -1.9% | L10 S10 | Δ24
    260/313 | $2,059.06 | DD  -1.0% | L10 S10 | Δ30
    265/313 | $2,154.11 | DD   0.0% | L10 S10 | Δ28
    270/313 | $2,263.11 | DD  -0.9% | L10 S10 | Δ26
    275/313 | $2,244.60 | DD  -1.7% | L10 S10 | Δ28
    280/313 | $2,286.77 | DD  -1.6% | L10 S10 | Δ30
    285/313 | $2,248.47 | DD  -3.3% | L10 S10 | Δ20
    290/313 | $2,220.54 | DD  -4.5% | L10 S10 | Δ24
    295/313 | $2,301.36 | DD  -1.0% | L10 S10 | Δ32
    300/313 | $2,365.41 | DD  -0.2% | L10 S10 | Δ24
    305/313 | $2,415.02 | DD  -0.2% | L10 S10 | Δ18
    310/313 | $2,490.74 | DD  -0.2% | L10 S10 | Δ20
    312/313 | $2,475.34 | DD  -0.8% | L10 S10 | Δ20

======================================================================
  RESULTS — 158d, rebal=12h, N=10+10, lev=3x, mode=boost
======================================================================

   Start:      $1,000
   End:        $2,475.34
   Return:     +147.5%  (ann. ~+341%)
   Max DD:     -20.4%
   Sharpe:     +5.36
   Sharpe HAC: +5.48  (Newey-West adjusted)
   Calmar:     16.68
   Win Rate:   61%  (190W / 123L)
   Avg Win:    $+18.80
   Avg Loss:   $-17.05
   PF:         1.70
   Trades:     7314
   Turnover:   $1,423,235  (1423.2x capital)
   Costs:      $739.95  (74.0%)
   Leverage:   3x
   Liq. level: -33% DD (approx)

   📈 Equity ($968–$2475):
      $   1,000 |░░░░░░░░░░░░░░░░░░░░░░░░░░░░░░░░░░░░░░░░|
      $   1,101 |███░░░░░░░░░░░░░░░░░░░░░░░░░░░░░░░░░░░░░|
      $   1,170 |█████░░░░░░░░░░░░░░░░░░░░░░░░░░░░░░░░░░░|
      $   1,319 |█████████░░░░░░░░░░░░░░░░░░░░░░░░░░░░░░░|
      $   1,400 |███████████░░░░░░░░░░░░░░░░░░░░░░░░░░░░░|
      $   1,433 |████████████░░░░░░░░░░░░░░░░░░░░░░░░░░░░|
      $   1,387 |███████████░░░░░░░░░░░░░░░░░░░░░░░░░░░░░|
      $   1,977 |██████████████████████████░░░░░░░░░░░░░░|
      $   2,228 |█████████████████████████████████░░░░░░░|
      $   2,475 |████████████████████████████████████████|

   Saved: /workdir/invest/trading_logs/fast_sim_equity.csv

======================================================================
   🟡 Marginal — keep monitoring
======================================================================
[13:02:04]   => Return=+147.5%  HAC=+5.48
[13:02:04] --- Regime shorts ---
[13:02:04] SIM #19: REGSHORT_05
[13:02:04] CMD: python run_fast_sim.py --data data/features/crypto_features_1h.parquet --days 158 --start-date 2025-10-01 --end-date 2026-03-07 --leverage 3 --kelly 0.8 --edge-boost --no-deriv-gate --no-ddstop --ensemble --regime-shorts 0.5
======================================================================
  FAST SIMULATION
  158d | $1,000 | rebal=12h | N=10+10 | kelly=80% | cost=4bp/side
  leverage=3x | mode=boost
======================================================================

📊 Loading offline data: data/features/crypto_features_1h.parquet
   (2565321, 107), 50 symbols
   Date range: 2017-09-16 09:00:00+00:00 → 2026-03-07 15:00:00+00:00
   Enriching features (cross-asset, regime, 12h+v7, calendar, macro, sentiment, derivatives)...
   🎯 Adding targets...
   🌐 Adding cross-asset features...
   🔰 Adding advanced regime features...
   🕐 Adding 12h-specific features (v7 enhanced)...
   ✅ Added ~18 features for 12h holding period (v7)
   📅 SKIPPED calendar features (SKIP_CALENDAR=1)
   🏛️ Adding macro features...
      Macro raw: 9 cols, derived: 29, total new: 38
   📰 Adding sentiment features... (news_mode=all)
      FNG: 2018-02-01 → 2026-03-11, mean=48.3
      Funding: 96,393 non-zero rows (3.8%)
      LS ratio: 0 non-missing rows
      Synthetic positioning features...
      Loading news features (mode=all)...
      + coin-level news: 8 features
      + market-level news: 7 features
      📊 Coverage: 2,228,238/2,565,321 rows (86.9%)
      📰 Events: 1,100,564/2,228,238 covered rows (49.4%) have news
      🕳️  Holes: 337,083 rows = NaN (not 0!)
   ✅ Sentiment features added: 173 → 210 total
   📊 Adding derivatives features (Binance Futures)...
      Loaded metrics: 1,800,870 rows, 50 symbols, 2021-12-01 → 2026-03-12
      OI: 1,785,559 rows (69.6%), 9 features
      Taker: 1,648,976 rows (64.3%), 6 features
      Top L/S: 1,433,710 rows (55.9%), 5 features
      Global L/S: 3 features
      Binance funding: 2,239,209 rows (87.3%)
      Funding surprise: computed from OKX funding data
      Market-wide aggregates: 4 features
      Basis/Premium: 448,115 rows (17.5%), 6 features
      ⚠️  No liquidation data (run download_binance_futures.py)
      DVOL: 13 features (BTC range: 2021-04-01 → 2026-03-15)
   ✅ Derivatives features: +48 features
   🧬 Adding news interaction features...
   ✅ Added 23 news interaction features
   ⚠️  offline mode: some features may be zero-filled by models
   Final: (2565321, 299), 281 features
📡 Models …
   catboost: 5 CB models, 156 feats
   mlp: 5 MLP models, 177 feats ⚠️ 9 features zero-filled
   🏗️  Architecture: 2 groups (10 models)
   2025-10-01 04:00:00+00:00 → 2026-03-06 16:00:00+00:00  (314 steps, 12h apart)

📐 Calibrating edge distribution (P75 (for boost/adaptive)) ...
   P75 edge = 0.01883, P90 = 0.02760
   (1410 samples, 30 steps)
   Regime column: 'btc_regime_168'

──────────────────────────────────────────────────────────────────────
      0/313 | $1,023.41 | DD   0.0% | L10 S10 | Δ20
      5/313 | $1,029.28 | DD  -0.9% | L10 S10 | Δ12
     10/313 | $1,052.22 | DD   0.0% | L10 S10 | Δ14
     15/313 | $1,047.86 | DD  -0.4% | L10 S10 | Δ30
     20/313 | $1,127.66 | DD   0.0% | L10 S10 | Δ36
     25/313 | $1,080.06 | DD  -4.2% | L10 S10 | Δ28
     30/313 | $1,153.28 | DD  -0.8% | L10 S10 | Δ30
     35/313 | $1,154.81 | DD  -2.8% | L10 S10 | Δ30
     40/313 | $1,135.81 | DD  -4.4% | L10 S10 | Δ20
     45/313 | $1,178.83 | DD  -0.8% | L10 S10 | Δ26
     50/313 | $1,209.29 | DD   0.0% | L10 S10 | Δ16
     55/313 | $1,212.19 | DD  -1.4% | L10 S10 | Δ20
     60/313 | $1,188.55 | DD  -3.4% | L10 S10 | Δ30
     65/313 | $1,164.69 | DD  -5.3% | L10 S10 | Δ24
     70/313 | $1,156.01 | DD  -6.0% | L10 S10 | Δ26
     75/313 | $  978.40 | DD -20.4% | L10 S10 | Δ16
     80/313 | $1,072.75 | DD -12.8% | L10 S10 | Δ26
     85/313 | $1,150.18 | DD  -6.5% | L10 S10 | Δ32
     90/313 | $1,211.21 | DD  -1.5% | L10 S10 | Δ20
     95/313 | $1,207.28 | DD  -2.3% | L10 S10 | Δ26
    100/313 | $1,237.61 | DD   0.0% | L10 S10 | Δ36
    105/313 | $1,250.18 | DD  -1.2% | L10 S10 | Δ32
    110/313 | $1,275.06 | DD   0.0% | L10 S10 | Δ28
    115/313 | $1,259.44 | DD  -1.5% | L10 S10 | Δ22
    120/313 | $1,231.58 | DD  -3.7% | L10 S10 | Δ24
    125/313 | $1,180.86 | DD  -7.7% | L10 S10 | Δ16
    130/313 | $1,134.43 | DD -11.3% | L10 S10 | Δ20
    135/313 | $1,137.99 | DD -11.0% | L10 S10 | Δ24
    140/313 | $1,155.92 | DD  -9.6% | L10 S10 | Δ26
    145/313 | $1,103.16 | DD -13.7% | L10 S10 | Δ22
    150/313 | $1,156.25 | DD  -9.6% | L10 S10 | Δ32
    155/313 | $1,169.40 | DD  -8.6% | L10 S10 | Δ24
    160/313 | $1,180.03 | DD  -7.7% | L10 S10 | Δ30
    165/313 | $1,163.80 | DD  -9.0% | L10 S10 | Δ24
    170/313 | $1,142.41 | DD -10.7% | L10 S10 | Δ22
    175/313 | $1,120.18 | DD -12.4% | L10 S10 | Δ14
    180/313 | $1,100.76 | DD -13.9% | L10 S10 | Δ24
    185/313 | $1,097.19 | DD -14.2% | L10 S10 | Δ20
    190/313 | $1,138.65 | DD -11.0% | L10 S10 | Δ18
    195/313 | $1,193.40 | DD  -6.7% | L10 S10 | Δ24
    200/313 | $1,163.65 | DD  -9.0% | L10 S10 | Δ24
    205/313 | $1,147.58 | DD -10.3% | L10 S10 | Δ18
    210/313 | $1,185.51 | DD  -7.3% | L10 S10 | Δ18
    215/313 | $1,163.36 | DD  -9.0% | L10 S10 | Δ16
    220/313 | $1,171.70 | DD  -8.4% | L10 S10 | Δ28
    225/313 | $1,178.47 | DD  -7.9% | L10 S10 | Δ30
    230/313 | $1,252.79 | DD  -2.0% | L10 S10 | Δ18
    235/313 | $1,293.73 | DD  -1.6% | L10 S10 | Δ24
    240/313 | $1,364.88 | DD   0.0% | L10 S10 | Δ28
    245/313 | $1,433.40 | DD   0.0% | L10 S10 | Δ28
    250/313 | $1,462.87 | DD   0.0% | L10 S10 | Δ30
    255/313 | $1,455.35 | DD  -1.9% | L10 S10 | Δ24
    260/313 | $1,510.92 | DD  -0.8% | L10 S10 | Δ30
    265/313 | $1,571.89 | DD   0.0% | L10 S10 | Δ28
    270/313 | $1,647.73 | DD  -0.7% | L10 S10 | Δ26
    275/313 | $1,646.07 | DD  -1.7% | L10 S10 | Δ28
    280/313 | $1,649.80 | DD  -1.6% | L10 S10 | Δ30
    285/313 | $1,619.80 | DD  -3.4% | L10 S10 | Δ20
    290/313 | $1,558.82 | DD  -7.0% | L10 S10 | Δ24
    295/313 | $1,605.15 | DD  -4.2% | L10 S10 | Δ32
    300/313 | $1,553.18 | DD  -7.3% | L10 S10 | Δ24
    305/313 | $1,573.55 | DD  -6.1% | L10 S10 | Δ18
    310/313 | $1,618.42 | DD  -3.5% | L10 S10 | Δ20
    312/313 | $1,567.18 | DD  -6.5% | L10 S10 | Δ20

======================================================================
  RESULTS — 158d, rebal=12h, N=10+10, lev=3x, mode=boost
======================================================================

   Start:      $1,000
   End:        $1,567.18
   Return:     +56.7%  (ann. ~+131%)
   Max DD:     -21.3%
   Sharpe:     +2.49
   Sharpe HAC: +2.47  (Newey-West adjusted)
   Calmar:     6.16
   Win Rate:   55%  (173W / 140L)
   Avg Win:    $+14.71
   Avg Loss:   $-14.12
   PF:         1.29
   Trades:     7314
   Turnover:   $1,070,920  (1070.9x capital)
   Costs:      $569.14  (56.9%)
   Leverage:   3x
   Liq. level: -33% DD (approx)

   📈 Equity ($1010–$1648):
      $   1,023 |░░░░░░░░░░░░░░░░░░░░░░░░░░░░░░░░░░░░░░░░|
      $   1,138 |████████░░░░░░░░░░░░░░░░░░░░░░░░░░░░░░░░|
      $   1,127 |███████░░░░░░░░░░░░░░░░░░░░░░░░░░░░░░░░░|
      $   1,239 |██████████████░░░░░░░░░░░░░░░░░░░░░░░░░░|
      $   1,130 |███████░░░░░░░░░░░░░░░░░░░░░░░░░░░░░░░░░|
      $   1,101 |█████░░░░░░░░░░░░░░░░░░░░░░░░░░░░░░░░░░░|
      $   1,143 |████████░░░░░░░░░░░░░░░░░░░░░░░░░░░░░░░░|
      $   1,456 |███████████████████████████░░░░░░░░░░░░░|
      $   1,566 |██████████████████████████████████░░░░░░|
      $   1,567 |██████████████████████████████████░░░░░░|

   Saved: /workdir/invest/trading_logs/fast_sim_equity.csv

======================================================================
   🟡 Marginal — keep monitoring
======================================================================
[13:05:18]   => Return=+56.7%  HAC=+2.47
[13:05:18] SIM #20: REGSHORT_03
[13:05:18] CMD: python run_fast_sim.py --data data/features/crypto_features_1h.parquet --days 158 --start-date 2025-10-01 --end-date 2026-03-07 --leverage 3 --kelly 0.8 --edge-boost --no-deriv-gate --no-ddstop --ensemble --regime-shorts 0.3
======================================================================
  FAST SIMULATION
  158d | $1,000 | rebal=12h | N=10+10 | kelly=80% | cost=4bp/side
  leverage=3x | mode=boost
======================================================================

📊 Loading offline data: data/features/crypto_features_1h.parquet
   (2565321, 107), 50 symbols
   Date range: 2017-09-16 09:00:00+00:00 → 2026-03-07 15:00:00+00:00
   Enriching features (cross-asset, regime, 12h+v7, calendar, macro, sentiment, derivatives)...
   🎯 Adding targets...
   🌐 Adding cross-asset features...
   🔰 Adding advanced regime features...
   🕐 Adding 12h-specific features (v7 enhanced)...
   ✅ Added ~18 features for 12h holding period (v7)
   📅 SKIPPED calendar features (SKIP_CALENDAR=1)
   🏛️ Adding macro features...
      Macro raw: 9 cols, derived: 29, total new: 38
   📰 Adding sentiment features... (news_mode=all)
      FNG: 2018-02-01 → 2026-03-11, mean=48.3
      Funding: 96,393 non-zero rows (3.8%)
      LS ratio: 0 non-missing rows
      Synthetic positioning features...
      Loading news features (mode=all)...
      + coin-level news: 8 features
      + market-level news: 7 features
      📊 Coverage: 2,228,238/2,565,321 rows (86.9%)
      📰 Events: 1,100,564/2,228,238 covered rows (49.4%) have news
      🕳️  Holes: 337,083 rows = NaN (not 0!)
   ✅ Sentiment features added: 173 → 210 total
   📊 Adding derivatives features (Binance Futures)...
      Loaded metrics: 1,800,870 rows, 50 symbols, 2021-12-01 → 2026-03-12
      OI: 1,785,559 rows (69.6%), 9 features
      Taker: 1,648,976 rows (64.3%), 6 features
      Top L/S: 1,433,710 rows (55.9%), 5 features
      Global L/S: 3 features
      Binance funding: 2,239,209 rows (87.3%)
      Funding surprise: computed from OKX funding data
      Market-wide aggregates: 4 features
      Basis/Premium: 448,115 rows (17.5%), 6 features
      ⚠️  No liquidation data (run download_binance_futures.py)
      DVOL: 13 features (BTC range: 2021-04-01 → 2026-03-15)
   ✅ Derivatives features: +48 features
   🧬 Adding news interaction features...
   ✅ Added 23 news interaction features
   ⚠️  offline mode: some features may be zero-filled by models
   Final: (2565321, 299), 281 features
📡 Models …
   catboost: 5 CB models, 156 feats
   mlp: 5 MLP models, 177 feats ⚠️ 9 features zero-filled
   🏗️  Architecture: 2 groups (10 models)
   2025-10-01 04:00:00+00:00 → 2026-03-06 16:00:00+00:00  (314 steps, 12h apart)

📐 Calibrating edge distribution (P75 (for boost/adaptive)) ...
   P75 edge = 0.01883, P90 = 0.02760
   (1410 samples, 30 steps)
   Regime column: 'btc_regime_168'

──────────────────────────────────────────────────────────────────────
      0/313 | $1,032.60 | DD   0.0% | L10 S10 | Δ20
      5/313 | $1,056.19 | DD  -1.3% | L10 S10 | Δ12
     10/313 | $1,081.61 | DD   0.0% | L10 S10 | Δ14
     15/313 | $1,060.00 | DD  -2.0% | L10 S10 | Δ30
     20/313 | $1,140.75 | DD   0.0% | L10 S10 | Δ36
     25/313 | $1,092.59 | DD  -4.2% | L10 S10 | Δ28
     30/313 | $1,166.67 | DD  -0.8% | L10 S10 | Δ30
     35/313 | $1,168.22 | DD  -2.8% | L10 S10 | Δ30
     40/313 | $1,134.96 | DD  -5.6% | L10 S10 | Δ20
     45/313 | $1,170.42 | DD  -2.6% | L10 S10 | Δ26
     50/313 | $1,204.81 | DD   0.0% | L10 S10 | Δ16
     55/313 | $1,190.15 | DD  -2.7% | L10 S10 | Δ20
     60/313 | $1,169.32 | DD  -4.4% | L10 S10 | Δ30
     65/313 | $1,145.84 | DD  -6.3% | L10 S10 | Δ24
     70/313 | $1,137.30 | DD  -7.0% | L10 S10 | Δ26
     75/313 | $  962.56 | DD -21.3% | L10 S10 | Δ16
     80/313 | $1,055.70 | DD -13.7% | L10 S10 | Δ26
     85/313 | $1,118.62 | DD  -8.5% | L10 S10 | Δ32
     90/313 | $1,177.98 | DD  -3.7% | L10 S10 | Δ20
     95/313 | $1,174.16 | DD  -4.0% | L10 S10 | Δ26
    100/313 | $1,203.65 | DD  -1.6% | L10 S10 | Δ36
    105/313 | $1,215.88 | DD  -1.2% | L10 S10 | Δ32
    110/313 | $1,236.14 | DD  -0.0% | L10 S10 | Δ28
    115/313 | $1,230.50 | DD  -1.2% | L10 S10 | Δ22
    120/313 | $1,202.05 | DD  -3.5% | L10 S10 | Δ24
    125/313 | $1,131.54 | DD  -9.1% | L10 S10 | Δ16
    130/313 | $1,072.26 | DD -13.9% | L10 S10 | Δ20
    135/313 | $1,075.69 | DD -13.6% | L10 S10 | Δ24
    140/313 | $1,081.32 | DD -13.2% | L10 S10 | Δ26
    145/313 | $1,005.68 | DD -19.3% | L10 S10 | Δ22
    150/313 | $1,054.08 | DD -15.4% | L10 S10 | Δ32
    155/313 | $1,066.07 | DD -14.4% | L10 S10 | Δ24
    160/313 | $1,078.66 | DD -13.4% | L10 S10 | Δ30
    165/313 | $1,056.59 | DD -15.2% | L10 S10 | Δ24
    170/313 | $1,033.04 | DD -17.1% | L10 S10 | Δ22
    175/313 | $1,008.69 | DD -19.0% | L10 S10 | Δ14
    180/313 | $  984.83 | DD -20.9% | L10 S10 | Δ24
    185/313 | $  983.09 | DD -21.1% | L10 S10 | Δ20
    190/313 | $1,036.96 | DD -16.7% | L10 S10 | Δ18
    195/313 | $1,088.12 | DD -12.6% | L10 S10 | Δ24
    200/313 | $1,056.37 | DD -15.2% | L10 S10 | Δ24
    205/313 | $1,035.60 | DD -16.9% | L10 S10 | Δ18
    210/313 | $1,085.62 | DD -12.8% | L10 S10 | Δ18
    215/313 | $1,053.69 | DD -15.4% | L10 S10 | Δ16
    220/313 | $1,037.43 | DD -16.7% | L10 S10 | Δ28
    225/313 | $1,043.43 | DD -16.2% | L10 S10 | Δ30
    230/313 | $1,109.23 | DD -10.9% | L10 S10 | Δ18
    235/313 | $1,145.47 | DD  -8.0% | L10 S10 | Δ24
    240/313 | $1,190.48 | DD  -4.4% | L10 S10 | Δ28
    245/313 | $1,250.24 | DD   0.0% | L10 S10 | Δ28
    250/313 | $1,275.95 | DD   0.0% | L10 S10 | Δ30
    255/313 | $1,269.39 | DD  -1.9% | L10 S10 | Δ24
    260/313 | $1,317.86 | DD  -0.8% | L10 S10 | Δ30
    265/313 | $1,371.04 | DD   0.0% | L10 S10 | Δ28
    270/313 | $1,437.19 | DD  -0.7% | L10 S10 | Δ26
    275/313 | $1,436.17 | DD  -2.6% | L10 S10 | Δ28
    280/313 | $1,428.97 | DD  -3.1% | L10 S10 | Δ30
    285/313 | $1,402.98 | DD  -4.8% | L10 S10 | Δ20
    290/313 | $1,336.62 | DD  -9.3% | L10 S10 | Δ24
    295/313 | $1,371.82 | DD  -7.0% | L10 S10 | Δ32
    300/313 | $1,299.55 | DD -11.9% | L10 S10 | Δ24
    305/313 | $1,306.01 | DD -11.4% | L10 S10 | Δ18
    310/313 | $1,345.60 | DD  -8.7% | L10 S10 | Δ20
    312/313 | $1,300.26 | DD -11.8% | L10 S10 | Δ20

======================================================================
  RESULTS — 158d, rebal=12h, N=10+10, lev=3x, mode=boost
======================================================================

   Start:      $1,000
   End:        $1,300.26
   Return:     +30.0%  (ann. ~+69%)
   Max DD:     -22.4%
   Sharpe:     +1.28
   Sharpe HAC: +1.27  (Newey-West adjusted)
   Calmar:     3.10
   Win Rate:   54%  (170W / 143L)
   Avg Win:    $+14.58
   Avg Loss:   $-15.24
   PF:         1.14
   Trades:     7314
   Turnover:   $957,420  (957.4x capital)
   Costs:      $513.19  (51.3%)
   Leverage:   3x
   Liq. level: -33% DD (approx)

   📈 Equity ($985–$1437):
      $   1,033 |████░░░░░░░░░░░░░░░░░░░░░░░░░░░░░░░░░░░░|
      $   1,151 |██████████████░░░░░░░░░░░░░░░░░░░░░░░░░░|
      $   1,109 |██████████░░░░░░░░░░░░░░░░░░░░░░░░░░░░░░|
      $   1,205 |███████████████████░░░░░░░░░░░░░░░░░░░░░|
      $   1,030 |███░░░░░░░░░░░░░░░░░░░░░░░░░░░░░░░░░░░░░|
      $     985 |░░░░░░░░░░░░░░░░░░░░░░░░░░░░░░░░░░░░░░░░|
      $   1,051 |█████░░░░░░░░░░░░░░░░░░░░░░░░░░░░░░░░░░░|
      $   1,270 |█████████████████████████░░░░░░░░░░░░░░░|
      $   1,343 |███████████████████████████████░░░░░░░░░|
      $   1,300 |███████████████████████████░░░░░░░░░░░░░|

   Saved: /workdir/invest/trading_logs/fast_sim_equity.csv

======================================================================
   🟡 Marginal — keep monitoring
======================================================================
[13:08:36]   => Return=+30.0%  HAC=+1.27
[13:08:36]   ⏱️  Phase took 58m 36s
[13:08:36] 
[13:08:36] ============================================================
[13:08:36]   PHASE 3: COMBO GRID
[13:08:36] ============================================================
[13:08:36] SIM #21: COMBO_hyst5_vt50
[13:08:36] CMD: python run_fast_sim.py --data data/features/crypto_features_1h.parquet --days 158 --start-date 2025-10-01 --end-date 2026-03-07 --leverage 3 --kelly 0.8 --edge-boost --no-deriv-gate --no-ddstop --ensemble --hysteresis 5 --vol-target-ann 0.50
======================================================================
  FAST SIMULATION
  158d | $1,000 | rebal=12h | N=10+10 | kelly=80% | cost=4bp/side
  leverage=3x | mode=boost+voltgt50%
======================================================================

📊 Loading offline data: data/features/crypto_features_1h.parquet
   (2565321, 107), 50 symbols
   Date range: 2017-09-16 09:00:00+00:00 → 2026-03-07 15:00:00+00:00
   Enriching features (cross-asset, regime, 12h+v7, calendar, macro, sentiment, derivatives)...
   🎯 Adding targets...
   🌐 Adding cross-asset features...
   🔰 Adding advanced regime features...
   🕐 Adding 12h-specific features (v7 enhanced)...
   ✅ Added ~18 features for 12h holding period (v7)
   📅 SKIPPED calendar features (SKIP_CALENDAR=1)
   🏛️ Adding macro features...
      Macro raw: 9 cols, derived: 29, total new: 38
   📰 Adding sentiment features... (news_mode=all)
      FNG: 2018-02-01 → 2026-03-11, mean=48.3
      Funding: 96,393 non-zero rows (3.8%)
      LS ratio: 0 non-missing rows
      Synthetic positioning features...
      Loading news features (mode=all)...
      + coin-level news: 8 features
      + market-level news: 7 features
      📊 Coverage: 2,228,238/2,565,321 rows (86.9%)
      📰 Events: 1,100,564/2,228,238 covered rows (49.4%) have news
      🕳️  Holes: 337,083 rows = NaN (not 0!)
   ✅ Sentiment features added: 173 → 210 total
   📊 Adding derivatives features (Binance Futures)...
      Loaded metrics: 1,800,870 rows, 50 symbols, 2021-12-01 → 2026-03-12
      OI: 1,785,559 rows (69.6%), 9 features
      Taker: 1,648,976 rows (64.3%), 6 features
      Top L/S: 1,433,710 rows (55.9%), 5 features
      Global L/S: 3 features
      Binance funding: 2,239,209 rows (87.3%)
      Funding surprise: computed from OKX funding data
      Market-wide aggregates: 4 features
      Basis/Premium: 448,115 rows (17.5%), 6 features
      ⚠️  No liquidation data (run download_binance_futures.py)
      DVOL: 13 features (BTC range: 2021-04-01 → 2026-03-15)
   ✅ Derivatives features: +48 features
   🧬 Adding news interaction features...
   ✅ Added 23 news interaction features
   ⚠️  offline mode: some features may be zero-filled by models
   Final: (2565321, 299), 281 features
📡 Models …
   catboost: 5 CB models, 156 feats
   mlp: 5 MLP models, 177 feats ⚠️ 9 features zero-filled
   🏗️  Architecture: 2 groups (10 models)
   2025-10-01 04:00:00+00:00 → 2026-03-06 16:00:00+00:00  (314 steps, 12h apart)

📐 Calibrating edge distribution (P75 (for boost/adaptive)) ...
   P75 edge = 0.01883, P90 = 0.02760
   (1410 samples, 30 steps)
   Vol targeting: 50% annual → 0.0185 per-step, lookback=48

──────────────────────────────────────────────────────────────────────
      0/313 | $1,000.45 | DD   0.0% | L10 S10 | Δ20
      5/313 | $  963.66 | DD  -3.7% | L10 S10 | Δ12
     10/313 | $  980.22 | DD  -2.0% | L10 S10 | Δ14
     15/313 | $1,015.19 | DD   0.0% | L10 S10 | Δ30
     20/313 | $1,092.39 | DD   0.0% | L10 S10 | Δ36
     25/313 | $1,048.38 | DD  -4.0% | L10 S10 | Δ28
     30/313 | $1,100.55 | DD  -0.6% | L10 S10 | Δ30
     35/313 | $1,100.88 | DD  -2.2% | L10 S10 | Δ30
     40/313 | $1,114.36 | DD  -1.0% | L10 S10 | Δ20
     45/313 | $1,164.98 | DD  -0.4% | L10 S10 | Δ26
     50/313 | $1,181.94 | DD  -0.5% | L10 S10 | Δ16
     55/313 | $1,225.48 | DD   0.0% | L10 S10 | Δ20
     60/313 | $1,197.10 | DD  -2.3% | L10 S10 | Δ30
     65/313 | $1,174.37 | DD  -4.2% | L10 S10 | Δ24
     70/313 | $1,184.79 | DD  -3.3% | L10 S10 | Δ26
     75/313 | $  961.22 | DD -21.6% | L10 S10 | Δ16
     80/313 | $1,038.28 | DD -15.3% | L10 S10 | Δ26
     85/313 | $1,126.23 | DD  -8.1% | L10 S10 | Δ32
     90/313 | $1,174.45 | DD  -4.2% | L10 S10 | Δ20
     95/313 | $1,171.33 | DD  -4.4% | L10 S10 | Δ26
    100/313 | $1,195.48 | DD  -2.4% | L10 S10 | Δ36
    105/313 | $1,205.53 | DD  -1.6% | L10 S10 | Δ32
    110/313 | $1,232.87 | DD   0.0% | L10 S10 | Δ28
    115/313 | $1,200.84 | DD  -2.8% | L10 S10 | Δ22
    120/313 | $1,181.37 | DD  -4.4% | L10 S10 | Δ24
    125/313 | $1,192.86 | DD  -3.5% | L10 S10 | Δ16
    130/313 | $1,182.01 | DD  -4.4% | L10 S10 | Δ20
    135/313 | $1,187.82 | DD  -3.9% | L10 S10 | Δ24
    140/313 | $1,257.87 | DD   0.0% | L10 S10 | Δ26
    145/313 | $1,287.13 | DD  -3.0% | L10 S10 | Δ22
    150/313 | $1,361.42 | DD   0.0% | L10 S10 | Δ32
    155/313 | $1,379.72 | DD   0.0% | L10 S10 | Δ24
    160/313 | $1,383.53 | DD  -1.8% | L10 S10 | Δ30
    165/313 | $1,388.25 | DD  -1.4% | L10 S10 | Δ24
    170/313 | $1,373.44 | DD  -2.5% | L10 S10 | Δ22
    175/313 | $1,356.15 | DD  -3.7% | L10 S10 | Δ14
    180/313 | $1,352.57 | DD  -4.0% | L10 S10 | Δ24
    185/313 | $1,340.45 | DD  -4.8% | L10 S10 | Δ20
    190/313 | $1,336.24 | DD  -5.1% | L10 S10 | Δ18
    195/313 | $1,411.37 | DD   0.0% | L10 S10 | Δ24
    200/313 | $1,385.04 | DD  -1.9% | L10 S10 | Δ24
    205/313 | $1,386.39 | DD  -1.8% | L10 S10 | Δ18
    210/313 | $1,374.32 | DD  -3.7% | L10 S10 | Δ18
    215/313 | $1,387.50 | DD  -2.8% | L10 S10 | Δ16
    220/313 | $1,455.60 | DD   0.0% | L10 S10 | Δ28
    225/313 | $1,462.44 | DD   0.0% | L10 S10 | Δ30
    230/313 | $1,538.76 | DD   0.0% | L10 S10 | Δ18
    235/313 | $1,579.74 | DD  -1.4% | L10 S10 | Δ24
    240/313 | $1,711.99 | DD   0.0% | L10 S10 | Δ28
    245/313 | $1,789.33 | DD   0.0% | L10 S10 | Δ28
    250/313 | $1,822.72 | DD   0.0% | L10 S10 | Δ30
    255/313 | $1,813.73 | DD  -1.8% | L10 S10 | Δ24
    260/313 | $1,879.94 | DD  -0.8% | L10 S10 | Δ30
    265/313 | $1,957.40 | DD   0.0% | L10 S10 | Δ28
    270/313 | $2,081.74 | DD  -0.9% | L10 S10 | Δ26
    275/313 | $2,075.92 | DD  -1.2% | L10 S10 | Δ28
    280/313 | $2,144.72 | DD  -2.5% | L10 S10 | Δ30
    285/313 | $2,087.04 | DD  -5.1% | L10 S10 | Δ20
    290/313 | $2,046.31 | DD  -7.0% | L10 S10 | Δ24
    295/313 | $2,163.07 | DD  -1.7% | L10 S10 | Δ32
    300/313 | $2,219.34 | DD  -1.1% | L10 S10 | Δ24
    305/313 | $2,314.83 | DD   0.0% | L10 S10 | Δ18
    310/313 | $2,384.81 | DD  -0.2% | L10 S10 | Δ20
    312/313 | $2,304.37 | DD  -3.6% | L10 S10 | Δ20

======================================================================
  RESULTS — 158d, rebal=12h, N=10+10, lev=3x, mode=boost+voltgt50%
======================================================================

   Start:      $1,000
   End:        $2,304.37
   Return:     +130.4%  (ann. ~+301%)
   Max DD:     -22.2%
   Sharpe:     +4.56
   Sharpe HAC: +4.81  (Newey-West adjusted)
   Calmar:     13.54
   Win Rate:   60%  (189W / 124L)
   Avg Win:    $+18.72
   Avg Loss:   $-18.01
   PF:         1.58
   Trades:     7314
   Turnover:   $1,488,675  (1488.7x capital)
   Costs:      $776.00  (77.6%)
   Vol target: 50% ann, avg scale 1.10x
   Leverage:   3x
   Liq. level: -33% DD (approx)

   📈 Equity ($970–$2304):
      $   1,000 |░░░░░░░░░░░░░░░░░░░░░░░░░░░░░░░░░░░░░░░░|
      $   1,088 |███░░░░░░░░░░░░░░░░░░░░░░░░░░░░░░░░░░░░░|
      $   1,142 |█████░░░░░░░░░░░░░░░░░░░░░░░░░░░░░░░░░░░|
      $   1,197 |██████░░░░░░░░░░░░░░░░░░░░░░░░░░░░░░░░░░|
      $   1,326 |██████████░░░░░░░░░░░░░░░░░░░░░░░░░░░░░░|
      $   1,353 |███████████░░░░░░░░░░░░░░░░░░░░░░░░░░░░░|
      $   1,302 |█████████░░░░░░░░░░░░░░░░░░░░░░░░░░░░░░░|
      $   1,815 |█████████████████████████░░░░░░░░░░░░░░░|
      $   2,062 |████████████████████████████████░░░░░░░░|
      $   2,304 |████████████████████████████████████████|

   Saved: /workdir/invest/trading_logs/fast_sim_equity.csv

======================================================================
   🟡 Marginal — keep monitoring
======================================================================
[13:11:49]   => Return=+130.4%  HAC=+4.81
[13:11:49] SIM #22: COMBO_hyst5_vt40
[13:11:49] CMD: python run_fast_sim.py --data data/features/crypto_features_1h.parquet --days 158 --start-date 2025-10-01 --end-date 2026-03-07 --leverage 3 --kelly 0.8 --edge-boost --no-deriv-gate --no-ddstop --ensemble --hysteresis 5 --vol-target-ann 0.40
======================================================================
  FAST SIMULATION
  158d | $1,000 | rebal=12h | N=10+10 | kelly=80% | cost=4bp/side
  leverage=3x | mode=boost+voltgt40%
======================================================================

📊 Loading offline data: data/features/crypto_features_1h.parquet
   (2565321, 107), 50 symbols
   Date range: 2017-09-16 09:00:00+00:00 → 2026-03-07 15:00:00+00:00
   Enriching features (cross-asset, regime, 12h+v7, calendar, macro, sentiment, derivatives)...
   🎯 Adding targets...
   🌐 Adding cross-asset features...
   🔰 Adding advanced regime features...
   🕐 Adding 12h-specific features (v7 enhanced)...
   ✅ Added ~18 features for 12h holding period (v7)
   📅 SKIPPED calendar features (SKIP_CALENDAR=1)
   🏛️ Adding macro features...
      Macro raw: 9 cols, derived: 29, total new: 38
   📰 Adding sentiment features... (news_mode=all)
      FNG: 2018-02-01 → 2026-03-11, mean=48.3
      Funding: 96,393 non-zero rows (3.8%)
      LS ratio: 0 non-missing rows
      Synthetic positioning features...
      Loading news features (mode=all)...
      + coin-level news: 8 features
      + market-level news: 7 features
      📊 Coverage: 2,228,238/2,565,321 rows (86.9%)
      📰 Events: 1,100,564/2,228,238 covered rows (49.4%) have news
      🕳️  Holes: 337,083 rows = NaN (not 0!)
   ✅ Sentiment features added: 173 → 210 total
   📊 Adding derivatives features (Binance Futures)...
      Loaded metrics: 1,800,870 rows, 50 symbols, 2021-12-01 → 2026-03-12
      OI: 1,785,559 rows (69.6%), 9 features
      Taker: 1,648,976 rows (64.3%), 6 features
      Top L/S: 1,433,710 rows (55.9%), 5 features
      Global L/S: 3 features
      Binance funding: 2,239,209 rows (87.3%)
      Funding surprise: computed from OKX funding data
      Market-wide aggregates: 4 features
      Basis/Premium: 448,115 rows (17.5%), 6 features
      ⚠️  No liquidation data (run download_binance_futures.py)
      DVOL: 13 features (BTC range: 2021-04-01 → 2026-03-15)
   ✅ Derivatives features: +48 features
   🧬 Adding news interaction features...
   ✅ Added 23 news interaction features
   ⚠️  offline mode: some features may be zero-filled by models
   Final: (2565321, 299), 281 features
📡 Models …
   catboost: 5 CB models, 156 feats
   mlp: 5 MLP models, 177 feats ⚠️ 9 features zero-filled
   🏗️  Architecture: 2 groups (10 models)
   2025-10-01 04:00:00+00:00 → 2026-03-06 16:00:00+00:00  (314 steps, 12h apart)

📐 Calibrating edge distribution (P75 (for boost/adaptive)) ...
   P75 edge = 0.01883, P90 = 0.02760
   (1410 samples, 30 steps)
   Vol targeting: 40% annual → 0.0148 per-step, lookback=48

──────────────────────────────────────────────────────────────────────
      0/313 | $1,000.45 | DD   0.0% | L10 S10 | Δ20
      5/313 | $  963.66 | DD  -3.7% | L10 S10 | Δ12
     10/313 | $  980.22 | DD  -2.0% | L10 S10 | Δ14
     15/313 | $1,015.19 | DD   0.0% | L10 S10 | Δ30
     20/313 | $1,092.39 | DD   0.0% | L10 S10 | Δ36
     25/313 | $1,049.31 | DD  -3.9% | L10 S10 | Δ28
     30/313 | $1,091.26 | DD  -0.5% | L10 S10 | Δ30
     35/313 | $1,091.51 | DD  -1.8% | L10 S10 | Δ30
     40/313 | $1,102.56 | DD  -0.8% | L10 S10 | Δ20
     45/313 | $1,143.74 | DD  -0.3% | L10 S10 | Δ26
     50/313 | $1,157.49 | DD  -0.4% | L10 S10 | Δ16
     55/313 | $1,192.84 | DD   0.0% | L10 S10 | Δ20
     60/313 | $1,169.89 | DD  -1.9% | L10 S10 | Δ30
     65/313 | $1,151.37 | DD  -3.5% | L10 S10 | Δ24
     70/313 | $1,165.16 | DD  -2.3% | L10 S10 | Δ26
     75/313 | $  960.51 | DD -19.5% | L10 S10 | Δ16
     80/313 | $1,028.76 | DD -13.8% | L10 S10 | Δ26
     85/313 | $1,105.67 | DD  -7.3% | L10 S10 | Δ32
     90/313 | $1,147.45 | DD  -3.8% | L10 S10 | Δ20
     95/313 | $1,144.79 | DD  -4.0% | L10 S10 | Δ26
    100/313 | $1,165.57 | DD  -2.3% | L10 S10 | Δ36
    105/313 | $1,174.24 | DD  -1.6% | L10 S10 | Δ32
    110/313 | $1,197.71 | DD   0.0% | L10 S10 | Δ28
    115/313 | $1,170.37 | DD  -2.5% | L10 S10 | Δ22
    120/313 | $1,153.79 | DD  -3.9% | L10 S10 | Δ24
    125/313 | $1,164.22 | DD  -3.0% | L10 S10 | Δ16
    130/313 | $1,154.70 | DD  -3.8% | L10 S10 | Δ20
    135/313 | $1,159.82 | DD  -3.4% | L10 S10 | Δ24
    140/313 | $1,221.04 | DD   0.0% | L10 S10 | Δ26
    145/313 | $1,246.64 | DD  -2.6% | L10 S10 | Δ22
    150/313 | $1,310.89 | DD   0.0% | L10 S10 | Δ32
    155/313 | $1,326.66 | DD   0.0% | L10 S10 | Δ24
    160/313 | $1,329.99 | DD  -1.6% | L10 S10 | Δ30
    165/313 | $1,334.06 | DD  -1.3% | L10 S10 | Δ24
    170/313 | $1,321.39 | DD  -2.2% | L10 S10 | Δ22
    175/313 | $1,306.54 | DD  -3.3% | L10 S10 | Δ14
    180/313 | $1,303.49 | DD  -3.6% | L10 S10 | Δ24
    185/313 | $1,293.13 | DD  -4.3% | L10 S10 | Δ20
    190/313 | $1,289.69 | DD  -4.6% | L10 S10 | Δ18
    195/313 | $1,354.49 | DD   0.0% | L10 S10 | Δ24
    200/313 | $1,331.86 | DD  -1.7% | L10 S10 | Δ24
    205/313 | $1,333.05 | DD  -1.6% | L10 S10 | Δ18
    210/313 | $1,322.90 | DD  -3.3% | L10 S10 | Δ18
    215/313 | $1,334.33 | DD  -2.5% | L10 S10 | Δ16
    220/313 | $1,393.24 | DD   0.0% | L10 S10 | Δ28
    225/313 | $1,399.23 | DD   0.0% | L10 S10 | Δ30
    230/313 | $1,464.60 | DD   0.0% | L10 S10 | Δ18
    235/313 | $1,499.47 | DD  -1.3% | L10 S10 | Δ24
    240/313 | $1,611.40 | DD   0.0% | L10 S10 | Δ28
    245/313 | $1,676.38 | DD   0.0% | L10 S10 | Δ28
    250/313 | $1,704.35 | DD   0.0% | L10 S10 | Δ30
    255/313 | $1,696.90 | DD  -1.6% | L10 S10 | Δ24
    260/313 | $1,752.28 | DD  -0.7% | L10 S10 | Δ30
    265/313 | $1,816.75 | DD   0.0% | L10 S10 | Δ28
    270/313 | $1,919.79 | DD  -0.8% | L10 S10 | Δ26
    275/313 | $1,915.06 | DD  -1.0% | L10 S10 | Δ28
    280/313 | $1,971.86 | DD  -2.3% | L10 S10 | Δ30
    285/313 | $1,924.44 | DD  -4.6% | L10 S10 | Δ20
    290/313 | $1,890.84 | DD  -6.3% | L10 S10 | Δ24
    295/313 | $1,987.22 | DD  -1.5% | L10 S10 | Δ32
    300/313 | $2,033.48 | DD  -1.0% | L10 S10 | Δ24
    305/313 | $2,111.70 | DD   0.0% | L10 S10 | Δ18
    310/313 | $2,168.85 | DD  -0.2% | L10 S10 | Δ20
    312/313 | $2,103.37 | DD  -3.2% | L10 S10 | Δ20

======================================================================
  RESULTS — 158d, rebal=12h, N=10+10, lev=3x, mode=boost+voltgt40%
======================================================================

   Start:      $1,000
   End:        $2,103.37
   Return:     +110.3%  (ann. ~+255%)
   Max DD:     -20.1%
   Sharpe:     +4.46
   Sharpe HAC: +4.74  (Newey-West adjusted)
   Calmar:     12.67
   Win Rate:   61%  (189W / 123L)
   Avg Win:    $+16.02
   Avg Loss:   $-15.65
   PF:         1.57
   Trades:     7314
   Turnover:   $1,267,553  (1267.6x capital)
   Costs:      $660.87  (66.1%)
   Vol target: 40% ann, avg scale 0.98x
   Leverage:   3x
   Liq. level: -33% DD (approx)

   📈 Equity ($970–$2103):
      $   1,000 |█░░░░░░░░░░░░░░░░░░░░░░░░░░░░░░░░░░░░░░░|
      $   1,081 |███░░░░░░░░░░░░░░░░░░░░░░░░░░░░░░░░░░░░░|
      $   1,125 |█████░░░░░░░░░░░░░░░░░░░░░░░░░░░░░░░░░░░|
      $   1,167 |██████░░░░░░░░░░░░░░░░░░░░░░░░░░░░░░░░░░|
      $   1,280 |██████████░░░░░░░░░░░░░░░░░░░░░░░░░░░░░░|
      $   1,303 |███████████░░░░░░░░░░░░░░░░░░░░░░░░░░░░░|
      $   1,261 |██████████░░░░░░░░░░░░░░░░░░░░░░░░░░░░░░|
      $   1,698 |█████████████████████████░░░░░░░░░░░░░░░|
      $   1,904 |████████████████████████████████░░░░░░░░|
      $   2,103 |████████████████████████████████████████|

   Saved: /workdir/invest/trading_logs/fast_sim_equity.csv

======================================================================
   🟡 Marginal — keep monitoring
======================================================================
[13:15:03]   => Return=+110.3%  HAC=+4.74
[13:15:03] SIM #23: COMBO_hyst5_sm03
[13:15:03] CMD: python run_fast_sim.py --data data/features/crypto_features_1h.parquet --days 158 --start-date 2025-10-01 --end-date 2026-03-07 --leverage 3 --kelly 0.8 --edge-boost --no-deriv-gate --no-ddstop --ensemble --hysteresis 5 --smooth-signal 0.3
======================================================================
  FAST SIMULATION
  158d | $1,000 | rebal=12h | N=10+10 | kelly=80% | cost=4bp/side
  leverage=3x | mode=boost
======================================================================

📊 Loading offline data: data/features/crypto_features_1h.parquet
   (2565321, 107), 50 symbols
   Date range: 2017-09-16 09:00:00+00:00 → 2026-03-07 15:00:00+00:00
   Enriching features (cross-asset, regime, 12h+v7, calendar, macro, sentiment, derivatives)...
   🎯 Adding targets...
   🌐 Adding cross-asset features...
   🔰 Adding advanced regime features...
   🕐 Adding 12h-specific features (v7 enhanced)...
   ✅ Added ~18 features for 12h holding period (v7)
   📅 SKIPPED calendar features (SKIP_CALENDAR=1)
   🏛️ Adding macro features...
      Macro raw: 9 cols, derived: 29, total new: 38
   📰 Adding sentiment features... (news_mode=all)
      FNG: 2018-02-01 → 2026-03-11, mean=48.3
      Funding: 96,393 non-zero rows (3.8%)
      LS ratio: 0 non-missing rows
      Synthetic positioning features...
      Loading news features (mode=all)...
      + coin-level news: 8 features
      + market-level news: 7 features
      📊 Coverage: 2,228,238/2,565,321 rows (86.9%)
      📰 Events: 1,100,564/2,228,238 covered rows (49.4%) have news
      🕳️  Holes: 337,083 rows = NaN (not 0!)
   ✅ Sentiment features added: 173 → 210 total
   📊 Adding derivatives features (Binance Futures)...
      Loaded metrics: 1,800,870 rows, 50 symbols, 2021-12-01 → 2026-03-12
      OI: 1,785,559 rows (69.6%), 9 features
      Taker: 1,648,976 rows (64.3%), 6 features
      Top L/S: 1,433,710 rows (55.9%), 5 features
      Global L/S: 3 features
      Binance funding: 2,239,209 rows (87.3%)
      Funding surprise: computed from OKX funding data
      Market-wide aggregates: 4 features
      Basis/Premium: 448,115 rows (17.5%), 6 features
      ⚠️  No liquidation data (run download_binance_futures.py)
      DVOL: 13 features (BTC range: 2021-04-01 → 2026-03-15)
   ✅ Derivatives features: +48 features
   🧬 Adding news interaction features...
   ✅ Added 23 news interaction features
   ⚠️  offline mode: some features may be zero-filled by models
   Final: (2565321, 299), 281 features
📡 Models …
   catboost: 5 CB models, 156 feats
   mlp: 5 MLP models, 177 feats ⚠️ 9 features zero-filled
   🏗️  Architecture: 2 groups (10 models)
   2025-10-01 04:00:00+00:00 → 2026-03-06 16:00:00+00:00  (314 steps, 12h apart)

📐 Calibrating edge distribution (P75 (for boost/adaptive)) ...
   P75 edge = 0.01883, P90 = 0.02760
   (1410 samples, 30 steps)

──────────────────────────────────────────────────────────────────────
      0/313 | $1,000.45 | DD   0.0% | L10 S10 | Δ20
      5/313 | $  972.00 | DD  -2.8% | L10 S10 | Δ8
     10/313 | $  991.13 | DD  -0.9% | L10 S10 | Δ10
     15/313 | $1,036.33 | DD   0.0% | L10 S10 | Δ20
     20/313 | $1,110.55 | DD   0.0% | L10 S10 | Δ28
     25/313 | $1,074.72 | DD  -3.2% | L10 S10 | Δ22
     30/313 | $1,136.58 | DD  -1.7% | L10 S10 | Δ26
     35/313 | $1,124.99 | DD  -3.9% | L10 S10 | Δ18
     40/313 | $1,150.95 | DD  -1.7% | L10 S10 | Δ14
     45/313 | $1,210.78 | DD  -0.9% | L10 S10 | Δ22
     50/313 | $1,225.60 | DD  -0.9% | L10 S10 | Δ14
     55/313 | $1,283.72 | DD   0.0% | L10 S10 | Δ20
     60/313 | $1,265.21 | DD  -1.4% | L10 S10 | Δ22
     65/313 | $1,244.97 | DD  -3.0% | L10 S10 | Δ14
     70/313 | $1,222.18 | DD  -4.8% | L10 S10 | Δ22
     75/313 | $1,012.59 | DD -21.1% | L10 S10 | Δ12
     80/313 | $1,124.92 | DD -12.4% | L10 S10 | Δ22
     85/313 | $1,211.94 | DD  -5.6% | L10 S10 | Δ26
     90/313 | $1,274.51 | DD  -0.7% | L10 S10 | Δ16
     95/313 | $1,267.94 | DD  -2.0% | L10 S10 | Δ22
    100/313 | $1,294.91 | DD  -0.3% | L10 S10 | Δ28
    105/313 | $1,315.09 | DD  -1.7% | L10 S10 | Δ20
    110/313 | $1,336.47 | DD  -0.1% | L10 S10 | Δ18
    115/313 | $1,300.79 | DD  -2.8% | L10 S10 | Δ16
    120/313 | $1,272.91 | DD  -4.8% | L10 S10 | Δ18
    125/313 | $1,284.81 | DD  -4.0% | L10 S10 | Δ16
    130/313 | $1,284.84 | DD  -3.9% | L10 S10 | Δ14
    135/313 | $1,291.18 | DD  -3.5% | L10 S10 | Δ18
    140/313 | $1,322.96 | DD  -1.1% | L10 S10 | Δ18
    145/313 | $1,326.80 | DD  -2.3% | L10 S10 | Δ12
    150/313 | $1,387.37 | DD   0.0% | L10 S10 | Δ26
    155/313 | $1,413.74 | DD   0.0% | L10 S10 | Δ16
    160/313 | $1,396.69 | DD  -2.6% | L10 S10 | Δ24
    165/313 | $1,408.89 | DD  -1.7% | L10 S10 | Δ16
    170/313 | $1,396.34 | DD  -2.6% | L10 S10 | Δ18
    175/313 | $1,363.37 | DD  -4.9% | L10 S10 | Δ10
    180/313 | $1,379.57 | DD  -3.8% | L10 S10 | Δ20
    185/313 | $1,354.91 | DD  -5.5% | L10 S10 | Δ10
    190/313 | $1,349.66 | DD  -5.9% | L10 S10 | Δ14
    195/313 | $1,386.68 | DD  -3.3% | L10 S10 | Δ16
    200/313 | $1,364.53 | DD  -4.8% | L10 S10 | Δ16
    205/313 | $1,373.74 | DD  -4.2% | L10 S10 | Δ6
    210/313 | $1,353.06 | DD  -5.6% | L10 S10 | Δ16
    215/313 | $1,356.30 | DD  -5.4% | L10 S10 | Δ14
    220/313 | $1,416.90 | DD  -1.2% | L10 S10 | Δ14
    225/313 | $1,394.74 | DD  -2.7% | L10 S10 | Δ24
    230/313 | $1,466.40 | DD   0.0% | L10 S10 | Δ10
    235/313 | $1,519.15 | DD  -1.4% | L10 S10 | Δ18
    240/313 | $1,654.48 | DD   0.0% | L10 S10 | Δ20
    245/313 | $1,719.34 | DD   0.0% | L10 S10 | Δ26
    250/313 | $1,738.92 | DD  -0.1% | L10 S10 | Δ22
    255/313 | $1,719.37 | DD  -2.3% | L10 S10 | Δ18
    260/313 | $1,766.52 | DD  -1.9% | L10 S10 | Δ24
    265/313 | $1,795.73 | DD  -0.6% | L10 S10 | Δ18
    270/313 | $1,815.26 | DD  -0.9% | L10 S10 | Δ18
    275/313 | $1,852.07 | DD   0.0% | L10 S10 | Δ26
    280/313 | $1,893.80 | DD  -1.1% | L10 S10 | Δ20
    285/313 | $1,847.66 | DD  -3.5% | L10 S10 | Δ16
    290/313 | $1,819.01 | DD  -5.0% | L10 S10 | Δ18
    295/313 | $1,953.01 | DD  -0.4% | L10 S10 | Δ24
    300/313 | $1,979.74 | DD  -0.3% | L10 S10 | Δ18
    305/313 | $2,053.89 | DD   0.0% | L10 S10 | Δ14
    310/313 | $2,108.30 | DD  -0.3% | L10 S10 | Δ18
    312/313 | $2,053.73 | DD  -2.9% | L10 S10 | Δ12

======================================================================
  RESULTS — 158d, rebal=12h, N=10+10, lev=3x, mode=boost
======================================================================

   Start:      $1,000
   End:        $2,053.73
   Return:     +105.4%  (ann. ~+243%)
   Max DD:     -21.5%
   Sharpe:     +4.12
   Sharpe HAC: +4.26  (Newey-West adjusted)
   Calmar:     11.31
   Win Rate:   58%  (181W / 132L)
   Avg Win:    $+17.33
   Avg Loss:   $-15.78
   PF:         1.51
   Trades:     5426
   Turnover:   $989,140  (989.1x capital)
   Costs:      $554.24  (55.4%)
   Leverage:   3x
   Liq. level: -33% DD (approx)

   📈 Equity ($978–$2054):
      $   1,000 |░░░░░░░░░░░░░░░░░░░░░░░░░░░░░░░░░░░░░░░░|
      $   1,116 |█████░░░░░░░░░░░░░░░░░░░░░░░░░░░░░░░░░░░|
      $   1,179 |███████░░░░░░░░░░░░░░░░░░░░░░░░░░░░░░░░░|
      $   1,309 |████████████░░░░░░░░░░░░░░░░░░░░░░░░░░░░|
      $   1,359 |██████████████░░░░░░░░░░░░░░░░░░░░░░░░░░|
      $   1,380 |██████████████░░░░░░░░░░░░░░░░░░░░░░░░░░|
      $   1,293 |███████████░░░░░░░░░░░░░░░░░░░░░░░░░░░░░|
      $   1,727 |███████████████████████████░░░░░░░░░░░░░|
      $   1,841 |████████████████████████████████░░░░░░░░|
      $   2,054 |███████████████████████████████████████░|

   Saved: /workdir/invest/trading_logs/fast_sim_equity.csv

======================================================================
   🟡 Marginal — keep monitoring
======================================================================
[13:18:21]   => Return=+105.4%  HAC=+4.26
[13:18:21] SIM #24: COMBO_hyst5_vt50_sm03
[13:18:21] CMD: python run_fast_sim.py --data data/features/crypto_features_1h.parquet --days 158 --start-date 2025-10-01 --end-date 2026-03-07 --leverage 3 --kelly 0.8 --edge-boost --no-deriv-gate --no-ddstop --ensemble --hysteresis 5 --vol-target-ann 0.50 --smooth-signal 0.3
======================================================================
  FAST SIMULATION
  158d | $1,000 | rebal=12h | N=10+10 | kelly=80% | cost=4bp/side
  leverage=3x | mode=boost+voltgt50%
======================================================================

📊 Loading offline data: data/features/crypto_features_1h.parquet
   (2565321, 107), 50 symbols
   Date range: 2017-09-16 09:00:00+00:00 → 2026-03-07 15:00:00+00:00
   Enriching features (cross-asset, regime, 12h+v7, calendar, macro, sentiment, derivatives)...
   🎯 Adding targets...
   🌐 Adding cross-asset features...
   🔰 Adding advanced regime features...
   🕐 Adding 12h-specific features (v7 enhanced)...
   ✅ Added ~18 features for 12h holding period (v7)
   📅 SKIPPED calendar features (SKIP_CALENDAR=1)
   🏛️ Adding macro features...
      Macro raw: 9 cols, derived: 29, total new: 38
   📰 Adding sentiment features... (news_mode=all)
      FNG: 2018-02-01 → 2026-03-11, mean=48.3
      Funding: 96,393 non-zero rows (3.8%)
      LS ratio: 0 non-missing rows
      Synthetic positioning features...
      Loading news features (mode=all)...
      + coin-level news: 8 features
      + market-level news: 7 features
      📊 Coverage: 2,228,238/2,565,321 rows (86.9%)
      📰 Events: 1,100,564/2,228,238 covered rows (49.4%) have news
      🕳️  Holes: 337,083 rows = NaN (not 0!)
   ✅ Sentiment features added: 173 → 210 total
   📊 Adding derivatives features (Binance Futures)...
      Loaded metrics: 1,800,870 rows, 50 symbols, 2021-12-01 → 2026-03-12
      OI: 1,785,559 rows (69.6%), 9 features
      Taker: 1,648,976 rows (64.3%), 6 features
      Top L/S: 1,433,710 rows (55.9%), 5 features
      Global L/S: 3 features
      Binance funding: 2,239,209 rows (87.3%)
      Funding surprise: computed from OKX funding data
      Market-wide aggregates: 4 features
      Basis/Premium: 448,115 rows (17.5%), 6 features
      ⚠️  No liquidation data (run download_binance_futures.py)
      DVOL: 13 features (BTC range: 2021-04-01 → 2026-03-15)
   ✅ Derivatives features: +48 features
   🧬 Adding news interaction features...
   ✅ Added 23 news interaction features
   ⚠️  offline mode: some features may be zero-filled by models
   Final: (2565321, 299), 281 features
📡 Models …
   catboost: 5 CB models, 156 feats
   mlp: 5 MLP models, 177 feats ⚠️ 9 features zero-filled
   🏗️  Architecture: 2 groups (10 models)
   2025-10-01 04:00:00+00:00 → 2026-03-06 16:00:00+00:00  (314 steps, 12h apart)

📐 Calibrating edge distribution (P75 (for boost/adaptive)) ...
   P75 edge = 0.01883, P90 = 0.02760
   (1410 samples, 30 steps)
   Vol targeting: 50% annual → 0.0185 per-step, lookback=48

──────────────────────────────────────────────────────────────────────
      0/313 | $1,000.45 | DD   0.0% | L10 S10 | Δ20
      5/313 | $  972.00 | DD  -2.8% | L10 S10 | Δ8
     10/313 | $  991.13 | DD  -0.9% | L10 S10 | Δ10
     15/313 | $1,036.33 | DD   0.0% | L10 S10 | Δ20
     20/313 | $1,110.55 | DD   0.0% | L10 S10 | Δ28
     25/313 | $1,078.88 | DD  -2.9% | L10 S10 | Δ22
     30/313 | $1,124.15 | DD  -1.3% | L10 S10 | Δ26
     35/313 | $1,114.55 | DD  -3.1% | L10 S10 | Δ18
     40/313 | $1,136.56 | DD  -1.2% | L10 S10 | Δ14
     45/313 | $1,186.25 | DD  -0.7% | L10 S10 | Δ22
     50/313 | $1,198.65 | DD  -0.8% | L10 S10 | Δ14
     55/313 | $1,251.62 | DD   0.0% | L10 S10 | Δ20
     60/313 | $1,234.72 | DD  -1.4% | L10 S10 | Δ22
     65/313 | $1,216.10 | DD  -2.8% | L10 S10 | Δ14
     70/313 | $1,210.24 | DD  -3.3% | L10 S10 | Δ22
     75/313 | $  964.87 | DD -22.9% | L10 S10 | Δ12
     80/313 | $1,053.48 | DD -15.8% | L10 S10 | Δ22
     85/313 | $1,119.38 | DD -10.6% | L10 S10 | Δ26
     90/313 | $1,165.42 | DD  -6.9% | L10 S10 | Δ16
     95/313 | $1,160.50 | DD  -7.3% | L10 S10 | Δ22
    100/313 | $1,180.57 | DD  -5.7% | L10 S10 | Δ28
    105/313 | $1,195.75 | DD  -4.5% | L10 S10 | Δ20
    110/313 | $1,211.45 | DD  -3.2% | L10 S10 | Δ18
    115/313 | $1,185.02 | DD  -5.3% | L10 S10 | Δ16
    120/313 | $1,164.00 | DD  -7.0% | L10 S10 | Δ18
    125/313 | $1,189.91 | DD  -4.9% | L10 S10 | Δ16
    130/313 | $1,190.45 | DD  -4.9% | L10 S10 | Δ14
    135/313 | $1,201.04 | DD  -4.0% | L10 S10 | Δ18
    140/313 | $1,247.72 | DD  -0.3% | L10 S10 | Δ18
    145/313 | $1,254.39 | DD  -3.2% | L10 S10 | Δ12
    150/313 | $1,328.24 | DD   0.0% | L10 S10 | Δ26
    155/313 | $1,359.54 | DD   0.0% | L10 S10 | Δ16
    160/313 | $1,339.79 | DD  -3.2% | L10 S10 | Δ24
    165/313 | $1,353.84 | DD  -2.1% | L10 S10 | Δ16
    170/313 | $1,338.40 | DD  -3.3% | L10 S10 | Δ18
    175/313 | $1,298.07 | DD  -6.2% | L10 S10 | Δ10
    180/313 | $1,318.35 | DD  -4.7% | L10 S10 | Δ20
    185/313 | $1,288.69 | DD  -6.8% | L10 S10 | Δ10
    190/313 | $1,284.35 | DD  -7.2% | L10 S10 | Δ14
    195/313 | $1,328.22 | DD  -4.0% | L10 S10 | Δ16
    200/313 | $1,301.14 | DD  -5.9% | L10 S10 | Δ16
    205/313 | $1,312.87 | DD  -5.1% | L10 S10 | Δ6
    210/313 | $1,283.16 | DD  -7.2% | L10 S10 | Δ16
    215/313 | $1,287.70 | DD  -6.9% | L10 S10 | Δ14
    220/313 | $1,337.11 | DD  -3.3% | L10 S10 | Δ14
    225/313 | $1,316.03 | DD  -4.9% | L10 S10 | Δ24
    230/313 | $1,374.70 | DD  -0.6% | L10 S10 | Δ10
    235/313 | $1,416.94 | DD  -1.3% | L10 S10 | Δ18
    240/313 | $1,533.30 | DD   0.0% | L10 S10 | Δ20
    245/313 | $1,589.61 | DD   0.0% | L10 S10 | Δ26
    250/313 | $1,606.55 | DD  -0.1% | L10 S10 | Δ22
    255/313 | $1,589.59 | DD  -2.2% | L10 S10 | Δ18
    260/313 | $1,631.74 | DD  -2.0% | L10 S10 | Δ24
    265/313 | $1,658.84 | DD  -0.7% | L10 S10 | Δ18
    270/313 | $1,680.94 | DD  -1.1% | L10 S10 | Δ18
    275/313 | $1,725.96 | DD   0.0% | L10 S10 | Δ26
    280/313 | $1,783.20 | DD  -1.7% | L10 S10 | Δ20
    285/313 | $1,720.18 | DD  -5.2% | L10 S10 | Δ16
    290/313 | $1,683.03 | DD  -7.2% | L10 S10 | Δ18
    295/313 | $1,857.46 | DD  -0.4% | L10 S10 | Δ24
    300/313 | $1,888.53 | DD  -0.3% | L10 S10 | Δ18
    305/313 | $1,975.64 | DD   0.0% | L10 S10 | Δ14
    310/313 | $2,037.79 | DD  -0.4% | L10 S10 | Δ18
    312/313 | $1,976.19 | DD  -3.4% | L10 S10 | Δ12

======================================================================
  RESULTS — 158d, rebal=12h, N=10+10, lev=3x, mode=boost+voltgt50%
======================================================================

   Start:      $1,000
   End:        $1,976.19
   Return:     +97.6%  (ann. ~+226%)
   Max DD:     -23.2%
   Sharpe:     +3.63
   Sharpe HAC: +3.78  (Newey-West adjusted)
   Calmar:     9.70
   Win Rate:   58%  (181W / 132L)
   Avg Win:    $+17.51
   Avg Loss:   $-16.61
   PF:         1.45
   Trades:     5426
   Turnover:   $1,038,524  (1038.5x capital)
   Costs:      $582.35  (58.2%)
   Vol target: 50% ann, avg scale 1.10x
   Leverage:   3x
   Liq. level: -33% DD (approx)

   📈 Equity ($978–$1976):
      $   1,000 |░░░░░░░░░░░░░░░░░░░░░░░░░░░░░░░░░░░░░░░░|
      $   1,107 |█████░░░░░░░░░░░░░░░░░░░░░░░░░░░░░░░░░░░|
      $   1,151 |██████░░░░░░░░░░░░░░░░░░░░░░░░░░░░░░░░░░|
      $   1,191 |████████░░░░░░░░░░░░░░░░░░░░░░░░░░░░░░░░|
      $   1,295 |████████████░░░░░░░░░░░░░░░░░░░░░░░░░░░░|
      $   1,318 |█████████████░░░░░░░░░░░░░░░░░░░░░░░░░░░|
      $   1,222 |█████████░░░░░░░░░░░░░░░░░░░░░░░░░░░░░░░|
      $   1,596 |████████████████████████░░░░░░░░░░░░░░░░|
      $   1,712 |█████████████████████████████░░░░░░░░░░░|
      $   1,976 |████████████████████████████████████████|

   Saved: /workdir/invest/trading_logs/fast_sim_equity.csv

======================================================================
   🟡 Marginal — keep monitoring
======================================================================
[13:21:34]   => Return=+97.6%  HAC=+3.78
[13:21:34] SIM #25: COMBO_hyst5_vt40_sm03
[13:21:34] CMD: python run_fast_sim.py --data data/features/crypto_features_1h.parquet --days 158 --start-date 2025-10-01 --end-date 2026-03-07 --leverage 3 --kelly 0.8 --edge-boost --no-deriv-gate --no-ddstop --ensemble --hysteresis 5 --vol-target-ann 0.40 --smooth-signal 0.3
======================================================================
  FAST SIMULATION
  158d | $1,000 | rebal=12h | N=10+10 | kelly=80% | cost=4bp/side
  leverage=3x | mode=boost+voltgt40%
======================================================================

📊 Loading offline data: data/features/crypto_features_1h.parquet
   (2565321, 107), 50 symbols
   Date range: 2017-09-16 09:00:00+00:00 → 2026-03-07 15:00:00+00:00
   Enriching features (cross-asset, regime, 12h+v7, calendar, macro, sentiment, derivatives)...
   🎯 Adding targets...
   🌐 Adding cross-asset features...
   🔰 Adding advanced regime features...
   🕐 Adding 12h-specific features (v7 enhanced)...
   ✅ Added ~18 features for 12h holding period (v7)
   📅 SKIPPED calendar features (SKIP_CALENDAR=1)
   🏛️ Adding macro features...
      Macro raw: 9 cols, derived: 29, total new: 38
   📰 Adding sentiment features... (news_mode=all)
      FNG: 2018-02-01 → 2026-03-11, mean=48.3
      Funding: 96,393 non-zero rows (3.8%)
      LS ratio: 0 non-missing rows
      Synthetic positioning features...
      Loading news features (mode=all)...
      + coin-level news: 8 features
      + market-level news: 7 features
      📊 Coverage: 2,228,238/2,565,321 rows (86.9%)
      📰 Events: 1,100,564/2,228,238 covered rows (49.4%) have news
      🕳️  Holes: 337,083 rows = NaN (not 0!)
   ✅ Sentiment features added: 173 → 210 total
   📊 Adding derivatives features (Binance Futures)...
      Loaded metrics: 1,800,870 rows, 50 symbols, 2021-12-01 → 2026-03-12
      OI: 1,785,559 rows (69.6%), 9 features
      Taker: 1,648,976 rows (64.3%), 6 features
      Top L/S: 1,433,710 rows (55.9%), 5 features
      Global L/S: 3 features
      Binance funding: 2,239,209 rows (87.3%)
      Funding surprise: computed from OKX funding data
      Market-wide aggregates: 4 features
      Basis/Premium: 448,115 rows (17.5%), 6 features
      ⚠️  No liquidation data (run download_binance_futures.py)
      DVOL: 13 features (BTC range: 2021-04-01 → 2026-03-15)
   ✅ Derivatives features: +48 features
   🧬 Adding news interaction features...
   ✅ Added 23 news interaction features
   ⚠️  offline mode: some features may be zero-filled by models
   Final: (2565321, 299), 281 features
📡 Models …
   catboost: 5 CB models, 156 feats
   mlp: 5 MLP models, 177 feats ⚠️ 9 features zero-filled
   🏗️  Architecture: 2 groups (10 models)
   2025-10-01 04:00:00+00:00 → 2026-03-06 16:00:00+00:00  (314 steps, 12h apart)

📐 Calibrating edge distribution (P75 (for boost/adaptive)) ...
   P75 edge = 0.01883, P90 = 0.02760
   (1410 samples, 30 steps)
   Vol targeting: 40% annual → 0.0148 per-step, lookback=48

──────────────────────────────────────────────────────────────────────
      0/313 | $1,000.45 | DD   0.0% | L10 S10 | Δ20
      5/313 | $  972.00 | DD  -2.8% | L10 S10 | Δ8
     10/313 | $  991.13 | DD  -0.9% | L10 S10 | Δ10
     15/313 | $1,036.33 | DD   0.0% | L10 S10 | Δ20
     20/313 | $1,110.55 | DD   0.0% | L10 S10 | Δ28
     25/313 | $1,080.84 | DD  -2.7% | L10 S10 | Δ22
     30/313 | $1,117.37 | DD  -1.0% | L10 S10 | Δ26
     35/313 | $1,109.54 | DD  -2.5% | L10 S10 | Δ18
     40/313 | $1,127.57 | DD  -0.9% | L10 S10 | Δ14
     45/313 | $1,168.16 | DD  -0.6% | L10 S10 | Δ22
     50/313 | $1,178.25 | DD  -0.7% | L10 S10 | Δ14
     55/313 | $1,221.48 | DD   0.0% | L10 S10 | Δ20
     60/313 | $1,207.77 | DD  -1.1% | L10 S10 | Δ22
     65/313 | $1,192.66 | DD  -2.4% | L10 S10 | Δ14
     70/313 | $1,192.77 | DD  -2.4% | L10 S10 | Δ22
     75/313 | $  968.04 | DD -20.7% | L10 S10 | Δ12
     80/313 | $1,047.05 | DD -14.3% | L10 S10 | Δ22
     85/313 | $1,105.14 | DD  -9.5% | L10 S10 | Δ26
     90/313 | $1,145.40 | DD  -6.2% | L10 S10 | Δ16
     95/313 | $1,141.14 | DD  -6.6% | L10 S10 | Δ22
    100/313 | $1,158.58 | DD  -5.1% | L10 S10 | Δ28
    105/313 | $1,171.78 | DD  -4.1% | L10 S10 | Δ20
    110/313 | $1,185.39 | DD  -3.0% | L10 S10 | Δ18
    115/313 | $1,162.60 | DD  -4.8% | L10 S10 | Δ16
    120/313 | $1,144.55 | DD  -6.3% | L10 S10 | Δ18
    125/313 | $1,167.73 | DD  -4.4% | L10 S10 | Δ16
    130/313 | $1,168.23 | DD  -4.4% | L10 S10 | Δ14
    135/313 | $1,177.58 | DD  -3.6% | L10 S10 | Δ18
    140/313 | $1,218.62 | DD  -0.2% | L10 S10 | Δ18
    145/313 | $1,224.66 | DD  -2.8% | L10 S10 | Δ12
    150/313 | $1,289.06 | DD   0.0% | L10 S10 | Δ26
    155/313 | $1,316.22 | DD   0.0% | L10 S10 | Δ16
    160/313 | $1,299.18 | DD  -2.8% | L10 S10 | Δ24
    165/313 | $1,311.36 | DD  -1.9% | L10 S10 | Δ16
    170/313 | $1,298.05 | DD  -2.9% | L10 S10 | Δ18
    175/313 | $1,263.08 | DD  -5.5% | L10 S10 | Δ10
    180/313 | $1,280.75 | DD  -4.2% | L10 S10 | Δ20
    185/313 | $1,255.04 | DD  -6.1% | L10 S10 | Δ10
    190/313 | $1,251.42 | DD  -6.4% | L10 S10 | Δ14
    195/313 | $1,289.70 | DD  -3.5% | L10 S10 | Δ16
    200/313 | $1,266.15 | DD  -5.3% | L10 S10 | Δ16
    205/313 | $1,276.39 | DD  -4.5% | L10 S10 | Δ6
    210/313 | $1,250.76 | DD  -6.4% | L10 S10 | Δ16
    215/313 | $1,254.81 | DD  -6.1% | L10 S10 | Δ14
    220/313 | $1,298.11 | DD  -2.9% | L10 S10 | Δ14
    225/313 | $1,279.91 | DD  -4.3% | L10 S10 | Δ24
    230/313 | $1,331.03 | DD  -0.4% | L10 S10 | Δ10
    235/313 | $1,367.60 | DD  -1.1% | L10 S10 | Δ18
    240/313 | $1,467.73 | DD   0.0% | L10 S10 | Δ20
    245/313 | $1,515.89 | DD   0.0% | L10 S10 | Δ26
    250/313 | $1,530.35 | DD  -0.1% | L10 S10 | Δ22
    255/313 | $1,515.95 | DD  -2.0% | L10 S10 | Δ18
    260/313 | $1,551.94 | DD  -1.8% | L10 S10 | Δ24
    265/313 | $1,575.00 | DD  -0.6% | L10 S10 | Δ18
    270/313 | $1,593.89 | DD  -1.0% | L10 S10 | Δ18
    275/313 | $1,632.06 | DD   0.0% | L10 S10 | Δ26
    280/313 | $1,680.46 | DD  -1.5% | L10 S10 | Δ20
    285/313 | $1,627.38 | DD  -4.6% | L10 S10 | Δ16
    290/313 | $1,595.93 | DD  -6.5% | L10 S10 | Δ18
    295/313 | $1,743.37 | DD  -0.4% | L10 S10 | Δ24
    300/313 | $1,769.46 | DD  -0.3% | L10 S10 | Δ18
    305/313 | $1,842.39 | DD   0.0% | L10 S10 | Δ14
    310/313 | $1,894.32 | DD  -0.4% | L10 S10 | Δ18
    312/313 | $1,843.06 | DD  -3.1% | L10 S10 | Δ12

======================================================================
  RESULTS — 158d, rebal=12h, N=10+10, lev=3x, mode=boost+voltgt40%
======================================================================

   Start:      $1,000
   End:        $1,843.06
   Return:     +84.3%  (ann. ~+195%)
   Max DD:     -21.1%
   Sharpe:     +3.56
   Sharpe HAC: +3.74  (Newey-West adjusted)
   Calmar:     9.25
   Win Rate:   58%  (181W / 132L)
   Avg Win:    $+15.22
   Avg Loss:   $-14.49
   PF:         1.44
   Trades:     5426
   Turnover:   $898,525  (898.5x capital)
   Costs:      $503.88  (50.4%)
   Vol target: 40% ann, avg scale 0.98x
   Leverage:   3x
   Liq. level: -33% DD (approx)

   📈 Equity ($978–$1843):
      $   1,000 |█░░░░░░░░░░░░░░░░░░░░░░░░░░░░░░░░░░░░░░░|
      $   1,104 |█████░░░░░░░░░░░░░░░░░░░░░░░░░░░░░░░░░░░|
      $   1,138 |███████░░░░░░░░░░░░░░░░░░░░░░░░░░░░░░░░░|
      $   1,168 |████████░░░░░░░░░░░░░░░░░░░░░░░░░░░░░░░░|
      $   1,260 |█████████████░░░░░░░░░░░░░░░░░░░░░░░░░░░|
      $   1,281 |█████████████░░░░░░░░░░░░░░░░░░░░░░░░░░░|
      $   1,197 |██████████░░░░░░░░░░░░░░░░░░░░░░░░░░░░░░|
      $   1,522 |█████████████████████████░░░░░░░░░░░░░░░|
      $   1,620 |█████████████████████████████░░░░░░░░░░░|
      $   1,843 |████████████████████████████████████████|

   Saved: /workdir/invest/trading_logs/fast_sim_equity.csv

======================================================================
   🟡 Marginal — keep monitoring
======================================================================
[13:24:47]   => Return=+84.3%  HAC=+3.74
[13:24:48] SIM #26: COMBO_hyst5_vt50_vs
[13:24:48] CMD: python run_fast_sim.py --data data/features/crypto_features_1h.parquet --days 158 --start-date 2025-10-01 --end-date 2026-03-07 --leverage 3 --kelly 0.8 --edge-boost --no-deriv-gate --no-ddstop --ensemble --hysteresis 5 --vol-target-ann 0.50 --vol-size
======================================================================
  FAST SIMULATION
  158d | $1,000 | rebal=12h | N=10+10 | kelly=80% | cost=4bp/side
  leverage=3x | mode=boost+voltgt50%
======================================================================

📊 Loading offline data: data/features/crypto_features_1h.parquet
   (2565321, 107), 50 symbols
   Date range: 2017-09-16 09:00:00+00:00 → 2026-03-07 15:00:00+00:00
   Enriching features (cross-asset, regime, 12h+v7, calendar, macro, sentiment, derivatives)...
   🎯 Adding targets...
   🌐 Adding cross-asset features...
   🔰 Adding advanced regime features...
   🕐 Adding 12h-specific features (v7 enhanced)...
   ✅ Added ~18 features for 12h holding period (v7)
   📅 SKIPPED calendar features (SKIP_CALENDAR=1)
   🏛️ Adding macro features...
      Macro raw: 9 cols, derived: 29, total new: 38
   📰 Adding sentiment features... (news_mode=all)
      FNG: 2018-02-01 → 2026-03-11, mean=48.3
      Funding: 96,393 non-zero rows (3.8%)
      LS ratio: 0 non-missing rows
      Synthetic positioning features...
      Loading news features (mode=all)...
      + coin-level news: 8 features
      + market-level news: 7 features
      📊 Coverage: 2,228,238/2,565,321 rows (86.9%)
      📰 Events: 1,100,564/2,228,238 covered rows (49.4%) have news
      🕳️  Holes: 337,083 rows = NaN (not 0!)
   ✅ Sentiment features added: 173 → 210 total
   📊 Adding derivatives features (Binance Futures)...
      Loaded metrics: 1,800,870 rows, 50 symbols, 2021-12-01 → 2026-03-12
      OI: 1,785,559 rows (69.6%), 9 features
      Taker: 1,648,976 rows (64.3%), 6 features
      Top L/S: 1,433,710 rows (55.9%), 5 features
      Global L/S: 3 features
      Binance funding: 2,239,209 rows (87.3%)
      Funding surprise: computed from OKX funding data
      Market-wide aggregates: 4 features
      Basis/Premium: 448,115 rows (17.5%), 6 features
      ⚠️  No liquidation data (run download_binance_futures.py)
      DVOL: 13 features (BTC range: 2021-04-01 → 2026-03-15)
   ✅ Derivatives features: +48 features
   🧬 Adding news interaction features...
   ✅ Added 23 news interaction features
   ⚠️  offline mode: some features may be zero-filled by models
   Final: (2565321, 299), 281 features
📡 Models …
   catboost: 5 CB models, 156 feats
   mlp: 5 MLP models, 177 feats ⚠️ 9 features zero-filled
   🏗️  Architecture: 2 groups (10 models)
   2025-10-01 04:00:00+00:00 → 2026-03-06 16:00:00+00:00  (314 steps, 12h apart)

📐 Calibrating edge distribution (P75 (for boost/adaptive)) ...
   P75 edge = 0.01883, P90 = 0.02760
   (1410 samples, 30 steps)

📊 Pre-computing per-coin realized vol (24h rolling std)...
   Vol computed for 50 symbols, median=0.0044
   Vol targeting: 50% annual → 0.0185 per-step, lookback=48

──────────────────────────────────────────────────────────────────────
      0/313 | $1,000.20 | DD   0.0% | L10 S10 | Δ20
      5/313 | $  961.05 | DD  -3.9% | L10 S10 | Δ12
     10/313 | $  977.47 | DD  -2.3% | L10 S10 | Δ14
     15/313 | $1,014.16 | DD   0.0% | L10 S10 | Δ30
     20/313 | $1,092.27 | DD   0.0% | L10 S10 | Δ36
     25/313 | $1,049.42 | DD  -3.9% | L10 S10 | Δ28
     30/313 | $1,101.12 | DD  -0.5% | L10 S10 | Δ30
     35/313 | $1,100.62 | DD  -2.3% | L10 S10 | Δ30
     40/313 | $1,111.89 | DD  -1.3% | L10 S10 | Δ20
     45/313 | $1,162.01 | DD  -0.4% | L10 S10 | Δ26
     50/313 | $1,179.43 | DD  -0.4% | L10 S10 | Δ16
     55/313 | $1,223.41 | DD   0.0% | L10 S10 | Δ20
     60/313 | $1,194.86 | DD  -2.3% | L10 S10 | Δ30
     65/313 | $1,173.10 | DD  -4.1% | L10 S10 | Δ24
     70/313 | $1,185.60 | DD  -3.1% | L10 S10 | Δ26
     75/313 | $  957.90 | DD -21.7% | L10 S10 | Δ16
     80/313 | $1,038.72 | DD -15.1% | L10 S10 | Δ26
     85/313 | $1,121.11 | DD  -8.4% | L10 S10 | Δ32
     90/313 | $1,167.27 | DD  -4.6% | L10 S10 | Δ20
     95/313 | $1,163.71 | DD  -4.9% | L10 S10 | Δ26
    100/313 | $1,191.13 | DD  -2.6% | L10 S10 | Δ36
    105/313 | $1,200.22 | DD  -1.9% | L10 S10 | Δ32
    110/313 | $1,226.97 | DD   0.0% | L10 S10 | Δ28
    115/313 | $1,194.83 | DD  -2.8% | L10 S10 | Δ22
    120/313 | $1,175.81 | DD  -4.4% | L10 S10 | Δ24
    125/313 | $1,191.05 | DD  -3.1% | L10 S10 | Δ16
    130/313 | $1,184.23 | DD  -3.7% | L10 S10 | Δ20
    135/313 | $1,186.84 | DD  -3.5% | L10 S10 | Δ24
    140/313 | $1,249.24 | DD   0.0% | L10 S10 | Δ26
    145/313 | $1,279.73 | DD  -2.8% | L10 S10 | Δ22
    150/313 | $1,349.73 | DD   0.0% | L10 S10 | Δ32
    155/313 | $1,373.84 | DD   0.0% | L10 S10 | Δ24
    160/313 | $1,385.63 | DD  -1.7% | L10 S10 | Δ30
    165/313 | $1,393.91 | DD  -1.1% | L10 S10 | Δ24
    170/313 | $1,373.98 | DD  -2.5% | L10 S10 | Δ22
    175/313 | $1,356.82 | DD  -3.8% | L10 S10 | Δ14
    180/313 | $1,347.67 | DD  -4.4% | L10 S10 | Δ24
    185/313 | $1,334.33 | DD  -5.4% | L10 S10 | Δ20
    190/313 | $1,311.50 | DD  -7.0% | L10 S10 | Δ18
    195/313 | $1,382.26 | DD  -2.0% | L10 S10 | Δ24
    200/313 | $1,366.48 | DD  -3.1% | L10 S10 | Δ24
    205/313 | $1,372.12 | DD  -2.7% | L10 S10 | Δ18
    210/313 | $1,369.15 | DD  -3.7% | L10 S10 | Δ18
    215/313 | $1,382.65 | DD  -2.8% | L10 S10 | Δ16
    220/313 | $1,457.18 | DD   0.0% | L10 S10 | Δ28
    225/313 | $1,451.81 | DD  -0.4% | L10 S10 | Δ30
    230/313 | $1,530.73 | DD   0.0% | L10 S10 | Δ18
    235/313 | $1,561.52 | DD  -1.2% | L10 S10 | Δ24
    240/313 | $1,681.65 | DD   0.0% | L10 S10 | Δ28
    245/313 | $1,772.92 | DD   0.0% | L10 S10 | Δ28
    250/313 | $1,780.58 | DD  -0.3% | L10 S10 | Δ30
    255/313 | $1,774.88 | DD  -1.7% | L10 S10 | Δ24
    260/313 | $1,843.31 | DD  -1.0% | L10 S10 | Δ30
    265/313 | $1,930.97 | DD   0.0% | L10 S10 | Δ28
    270/313 | $2,057.12 | DD  -1.1% | L10 S10 | Δ26
    275/313 | $2,034.95 | DD  -2.2% | L10 S10 | Δ28
    280/313 | $2,095.94 | DD  -2.6% | L10 S10 | Δ30
    285/313 | $2,044.21 | DD  -5.0% | L10 S10 | Δ20
    290/313 | $2,007.53 | DD  -6.7% | L10 S10 | Δ24
    295/313 | $2,114.72 | DD  -1.7% | L10 S10 | Δ32
    300/313 | $2,192.69 | DD  -0.3% | L10 S10 | Δ24
    305/313 | $2,252.65 | DD  -0.4% | L10 S10 | Δ18
    310/313 | $2,342.73 | DD  -0.2% | L10 S10 | Δ20
    312/313 | $2,324.77 | DD  -1.0% | L10 S10 | Δ20

======================================================================
  RESULTS — 158d, rebal=12h, N=10+10, lev=3x, mode=boost+voltgt50%
======================================================================

   Start:      $1,000
   End:        $2,324.77
   Return:     +132.5%  (ann. ~+306%)
   Max DD:     -22.2%
   Sharpe:     +4.66
   Sharpe HAC: +4.97  (Newey-West adjusted)
   Calmar:     13.81
   Win Rate:   61%  (190W / 123L)
   Avg Win:    $+18.54
   Avg Loss:   $-17.88
   PF:         1.60
   Trades:     7314
   Turnover:   $1,474,682  (1474.7x capital)
   Costs:      $767.20  (76.7%)
   Vol target: 50% ann, avg scale 1.09x
   Leverage:   3x
   Liq. level: -33% DD (approx)

   📈 Equity ($968–$2325):
      $   1,000 |░░░░░░░░░░░░░░░░░░░░░░░░░░░░░░░░░░░░░░░░|
      $   1,087 |███░░░░░░░░░░░░░░░░░░░░░░░░░░░░░░░░░░░░░|
      $   1,146 |█████░░░░░░░░░░░░░░░░░░░░░░░░░░░░░░░░░░░|
      $   1,193 |██████░░░░░░░░░░░░░░░░░░░░░░░░░░░░░░░░░░|
      $   1,317 |██████████░░░░░░░░░░░░░░░░░░░░░░░░░░░░░░|
      $   1,348 |███████████░░░░░░░░░░░░░░░░░░░░░░░░░░░░░|
      $   1,303 |█████████░░░░░░░░░░░░░░░░░░░░░░░░░░░░░░░|
      $   1,773 |███████████████████████░░░░░░░░░░░░░░░░░|
      $   2,017 |██████████████████████████████░░░░░░░░░░|
      $   2,325 |████████████████████████████████████████|

   Saved: /workdir/invest/trading_logs/fast_sim_equity.csv

======================================================================
   🟡 Marginal — keep monitoring
======================================================================
[13:28:12]   => Return=+132.5%  HAC=+4.97
[13:28:12] SIM #27: COMBO_hyst5_vt50_sm03_vs
[13:28:12] CMD: python run_fast_sim.py --data data/features/crypto_features_1h.parquet --days 158 --start-date 2025-10-01 --end-date 2026-03-07 --leverage 3 --kelly 0.8 --edge-boost --no-deriv-gate --no-ddstop --ensemble --hysteresis 5 --vol-target-ann 0.50 --smooth-signal 0.3 --vol-size
======================================================================
  FAST SIMULATION
  158d | $1,000 | rebal=12h | N=10+10 | kelly=80% | cost=4bp/side
  leverage=3x | mode=boost+voltgt50%
======================================================================

📊 Loading offline data: data/features/crypto_features_1h.parquet
   (2565321, 107), 50 symbols
   Date range: 2017-09-16 09:00:00+00:00 → 2026-03-07 15:00:00+00:00
   Enriching features (cross-asset, regime, 12h+v7, calendar, macro, sentiment, derivatives)...
   🎯 Adding targets...
   🌐 Adding cross-asset features...
   🔰 Adding advanced regime features...
   🕐 Adding 12h-specific features (v7 enhanced)...
   ✅ Added ~18 features for 12h holding period (v7)
   📅 SKIPPED calendar features (SKIP_CALENDAR=1)
   🏛️ Adding macro features...
      Macro raw: 9 cols, derived: 29, total new: 38
   📰 Adding sentiment features... (news_mode=all)
      FNG: 2018-02-01 → 2026-03-11, mean=48.3
      Funding: 96,393 non-zero rows (3.8%)
      LS ratio: 0 non-missing rows
      Synthetic positioning features...
      Loading news features (mode=all)...
      + coin-level news: 8 features
      + market-level news: 7 features
      📊 Coverage: 2,228,238/2,565,321 rows (86.9%)
      📰 Events: 1,100,564/2,228,238 covered rows (49.4%) have news
      🕳️  Holes: 337,083 rows = NaN (not 0!)
   ✅ Sentiment features added: 173 → 210 total
   📊 Adding derivatives features (Binance Futures)...
      Loaded metrics: 1,800,870 rows, 50 symbols, 2021-12-01 → 2026-03-12
      OI: 1,785,559 rows (69.6%), 9 features
      Taker: 1,648,976 rows (64.3%), 6 features
      Top L/S: 1,433,710 rows (55.9%), 5 features
      Global L/S: 3 features
      Binance funding: 2,239,209 rows (87.3%)
      Funding surprise: computed from OKX funding data
      Market-wide aggregates: 4 features
      Basis/Premium: 448,115 rows (17.5%), 6 features
      ⚠️  No liquidation data (run download_binance_futures.py)
      DVOL: 13 features (BTC range: 2021-04-01 → 2026-03-15)
   ✅ Derivatives features: +48 features
   🧬 Adding news interaction features...
   ✅ Added 23 news interaction features
   ⚠️  offline mode: some features may be zero-filled by models
   Final: (2565321, 299), 281 features
📡 Models …
   catboost: 5 CB models, 156 feats
   mlp: 5 MLP models, 177 feats ⚠️ 9 features zero-filled
   🏗️  Architecture: 2 groups (10 models)
   2025-10-01 04:00:00+00:00 → 2026-03-06 16:00:00+00:00  (314 steps, 12h apart)

📐 Calibrating edge distribution (P75 (for boost/adaptive)) ...
   P75 edge = 0.01883, P90 = 0.02760
   (1410 samples, 30 steps)

📊 Pre-computing per-coin realized vol (24h rolling std)...
   Vol computed for 50 symbols, median=0.0044
   Vol targeting: 50% annual → 0.0185 per-step, lookback=48

──────────────────────────────────────────────────────────────────────
      0/313 | $1,000.20 | DD   0.0% | L10 S10 | Δ20
      5/313 | $  969.94 | DD  -3.0% | L10 S10 | Δ8
     10/313 | $  987.95 | DD  -1.2% | L10 S10 | Δ10
     15/313 | $1,033.19 | DD   0.0% | L10 S10 | Δ20
     20/313 | $1,106.58 | DD   0.0% | L10 S10 | Δ28
     25/313 | $1,075.42 | DD  -2.8% | L10 S10 | Δ22
     30/313 | $1,119.71 | DD  -1.1% | L10 S10 | Δ26
     35/313 | $1,110.43 | DD  -3.0% | L10 S10 | Δ18
     40/313 | $1,129.53 | DD  -1.3% | L10 S10 | Δ14
     45/313 | $1,177.88 | DD  -0.8% | L10 S10 | Δ22
     50/313 | $1,190.50 | DD  -0.8% | L10 S10 | Δ14
     55/313 | $1,242.24 | DD   0.0% | L10 S10 | Δ20
     60/313 | $1,226.19 | DD  -1.3% | L10 S10 | Δ22
     65/313 | $1,208.44 | DD  -2.7% | L10 S10 | Δ14
     70/313 | $1,205.47 | DD  -3.0% | L10 S10 | Δ22
     75/313 | $  955.16 | DD -23.1% | L10 S10 | Δ12
     80/313 | $1,047.53 | DD -15.7% | L10 S10 | Δ22
     85/313 | $1,109.07 | DD -10.7% | L10 S10 | Δ26
     90/313 | $1,152.72 | DD  -7.2% | L10 S10 | Δ16
     95/313 | $1,147.06 | DD  -7.7% | L10 S10 | Δ22
    100/313 | $1,166.80 | DD  -6.1% | L10 S10 | Δ28
    105/313 | $1,178.06 | DD  -5.2% | L10 S10 | Δ20
    110/313 | $1,192.81 | DD  -4.0% | L10 S10 | Δ18
    115/313 | $1,166.33 | DD  -6.1% | L10 S10 | Δ16
    120/313 | $1,147.79 | DD  -7.6% | L10 S10 | Δ18
    125/313 | $1,174.10 | DD  -5.5% | L10 S10 | Δ16
    130/313 | $1,181.42 | DD  -4.9% | L10 S10 | Δ14
    135/313 | $1,185.28 | DD  -4.6% | L10 S10 | Δ18
    140/313 | $1,222.15 | DD  -1.6% | L10 S10 | Δ18
    145/313 | $1,231.68 | DD  -3.0% | L10 S10 | Δ12
    150/313 | $1,302.37 | DD   0.0% | L10 S10 | Δ26
    155/313 | $1,340.81 | DD   0.0% | L10 S10 | Δ16
    160/313 | $1,329.00 | DD  -2.5% | L10 S10 | Δ24
    165/313 | $1,344.76 | DD  -1.3% | L10 S10 | Δ16
    170/313 | $1,323.31 | DD  -2.9% | L10 S10 | Δ18
    175/313 | $1,282.25 | DD  -5.9% | L10 S10 | Δ10
    180/313 | $1,299.57 | DD  -4.7% | L10 S10 | Δ20
    185/313 | $1,263.66 | DD  -7.3% | L10 S10 | Δ10
    190/313 | $1,239.74 | DD  -9.1% | L10 S10 | Δ14
    195/313 | $1,278.56 | DD  -6.2% | L10 S10 | Δ16
    200/313 | $1,263.24 | DD  -7.3% | L10 S10 | Δ16
    205/313 | $1,276.53 | DD  -6.4% | L10 S10 | Δ6
    210/313 | $1,257.49 | DD  -7.8% | L10 S10 | Δ16
    215/313 | $1,260.33 | DD  -7.5% | L10 S10 | Δ14
    220/313 | $1,316.17 | DD  -3.4% | L10 S10 | Δ14
    225/313 | $1,284.70 | DD  -5.8% | L10 S10 | Δ24
    230/313 | $1,344.95 | DD  -1.3% | L10 S10 | Δ10
    235/313 | $1,385.02 | DD  -1.0% | L10 S10 | Δ18
    240/313 | $1,489.27 | DD   0.0% | L10 S10 | Δ20
    245/313 | $1,561.00 | DD   0.0% | L10 S10 | Δ26
    250/313 | $1,559.01 | DD  -0.9% | L10 S10 | Δ22
    255/313 | $1,544.85 | DD  -2.2% | L10 S10 | Δ18
    260/313 | $1,587.55 | DD  -2.3% | L10 S10 | Δ24
    265/313 | $1,621.11 | DD  -0.6% | L10 S10 | Δ18
    270/313 | $1,618.92 | DD  -1.3% | L10 S10 | Δ18
    275/313 | $1,653.81 | DD   0.0% | L10 S10 | Δ26
    280/313 | $1,701.96 | DD  -1.8% | L10 S10 | Δ20
    285/313 | $1,644.87 | DD  -5.1% | L10 S10 | Δ16
    290/313 | $1,602.64 | DD  -7.5% | L10 S10 | Δ18
    295/313 | $1,766.18 | DD  -0.4% | L10 S10 | Δ24
    300/313 | $1,823.03 | DD  -0.1% | L10 S10 | Δ18
    305/313 | $1,881.66 | DD   0.0% | L10 S10 | Δ14
    310/313 | $1,947.25 | DD  -0.4% | L10 S10 | Δ18
    312/313 | $1,931.26 | DD  -1.2% | L10 S10 | Δ12

======================================================================
  RESULTS — 158d, rebal=12h, N=10+10, lev=3x, mode=boost+voltgt50%
======================================================================

   Start:      $1,000
   End:        $1,931.26
   Return:     +93.1%  (ann. ~+215%)
   Max DD:     -23.2%
   Sharpe:     +3.51
   Sharpe HAC: +3.66  (Newey-West adjusted)
   Calmar:     9.27
   Win Rate:   59%  (185W / 128L)
   Avg Win:    $+16.89
   Avg Loss:   $-17.13
   PF:         1.42
   Trades:     5426
   Turnover:   $1,016,207  (1016.2x capital)
   Costs:      $568.56  (56.9%)
   Vol target: 50% ann, avg scale 1.09x
   Leverage:   3x
   Liq. level: -33% DD (approx)

   📈 Equity ($976–$1931):
      $   1,000 |█░░░░░░░░░░░░░░░░░░░░░░░░░░░░░░░░░░░░░░░|
      $   1,102 |█████░░░░░░░░░░░░░░░░░░░░░░░░░░░░░░░░░░░|
      $   1,148 |███████░░░░░░░░░░░░░░░░░░░░░░░░░░░░░░░░░|
      $   1,175 |████████░░░░░░░░░░░░░░░░░░░░░░░░░░░░░░░░|
      $   1,270 |████████████░░░░░░░░░░░░░░░░░░░░░░░░░░░░|
      $   1,300 |█████████████░░░░░░░░░░░░░░░░░░░░░░░░░░░|
      $   1,200 |█████████░░░░░░░░░░░░░░░░░░░░░░░░░░░░░░░|
      $   1,550 |████████████████████████░░░░░░░░░░░░░░░░|
      $   1,633 |███████████████████████████░░░░░░░░░░░░░|
      $   1,931 |████████████████████████████████████████|

   Saved: /workdir/invest/trading_logs/fast_sim_equity.csv

======================================================================
   🟡 Marginal — keep monitoring
======================================================================
[13:31:33]   => Return=+93.1%  HAC=+3.66
[13:31:33] SIM #28: COMBO_hyst5_tobud5
[13:31:33] CMD: python run_fast_sim.py --data data/features/crypto_features_1h.parquet --days 158 --start-date 2025-10-01 --end-date 2026-03-07 --leverage 3 --kelly 0.8 --edge-boost --no-deriv-gate --no-ddstop --ensemble --hysteresis 5 --turnover-budget 5
======================================================================
  FAST SIMULATION
  158d | $1,000 | rebal=12h | N=10+10 | kelly=80% | cost=4bp/side
  leverage=3x | mode=boost
======================================================================

📊 Loading offline data: data/features/crypto_features_1h.parquet
   (2565321, 107), 50 symbols
   Date range: 2017-09-16 09:00:00+00:00 → 2026-03-07 15:00:00+00:00
   Enriching features (cross-asset, regime, 12h+v7, calendar, macro, sentiment, derivatives)...
   🎯 Adding targets...
   🌐 Adding cross-asset features...
   🔰 Adding advanced regime features...
   🕐 Adding 12h-specific features (v7 enhanced)...
   ✅ Added ~18 features for 12h holding period (v7)
   📅 SKIPPED calendar features (SKIP_CALENDAR=1)
   🏛️ Adding macro features...
      Macro raw: 9 cols, derived: 29, total new: 38
   📰 Adding sentiment features... (news_mode=all)
      FNG: 2018-02-01 → 2026-03-11, mean=48.3
      Funding: 96,393 non-zero rows (3.8%)
      LS ratio: 0 non-missing rows
      Synthetic positioning features...
      Loading news features (mode=all)...
      + coin-level news: 8 features
      + market-level news: 7 features
      📊 Coverage: 2,228,238/2,565,321 rows (86.9%)
      📰 Events: 1,100,564/2,228,238 covered rows (49.4%) have news
      🕳️  Holes: 337,083 rows = NaN (not 0!)
   ✅ Sentiment features added: 173 → 210 total
   📊 Adding derivatives features (Binance Futures)...
      Loaded metrics: 1,800,870 rows, 50 symbols, 2021-12-01 → 2026-03-12
      OI: 1,785,559 rows (69.6%), 9 features
      Taker: 1,648,976 rows (64.3%), 6 features
      Top L/S: 1,433,710 rows (55.9%), 5 features
      Global L/S: 3 features
      Binance funding: 2,239,209 rows (87.3%)
      Funding surprise: computed from OKX funding data
      Market-wide aggregates: 4 features
      Basis/Premium: 448,115 rows (17.5%), 6 features
      ⚠️  No liquidation data (run download_binance_futures.py)
      DVOL: 13 features (BTC range: 2021-04-01 → 2026-03-15)
   ✅ Derivatives features: +48 features
   🧬 Adding news interaction features...
   ✅ Added 23 news interaction features
   ⚠️  offline mode: some features may be zero-filled by models
   Final: (2565321, 299), 281 features
📡 Models …
   catboost: 5 CB models, 156 feats
   mlp: 5 MLP models, 177 feats ⚠️ 9 features zero-filled
   🏗️  Architecture: 2 groups (10 models)
   2025-10-01 04:00:00+00:00 → 2026-03-06 16:00:00+00:00  (314 steps, 12h apart)

📐 Calibrating edge distribution (P75 (for boost/adaptive)) ...
   P75 edge = 0.01883, P90 = 0.02760
   (1410 samples, 30 steps)

──────────────────────────────────────────────────────────────────────
      0/313 | $1,000.45 | DD   0.0% | L10 S10 | Δ20
      5/313 | $  963.66 | DD  -3.7% | L10 S10 | Δ12
     10/313 | $  980.22 | DD  -2.0% | L10 S10 | Δ14
     15/313 | $1,015.19 | DD   0.0% | L10 S10 | Δ30
     20/313 | $1,092.39 | DD   0.0% | L10 S10 | Δ36
     25/313 | $1,046.27 | DD  -4.2% | L10 S10 | Δ28
     30/313 | $1,117.20 | DD  -0.8% | L10 S10 | Δ30
     35/313 | $1,118.69 | DD  -2.8% | L10 S10 | Δ30
     40/313 | $1,134.05 | DD  -1.4% | L10 S10 | Δ20
     45/313 | $1,194.92 | DD  -0.5% | L10 S10 | Δ26
     50/313 | $1,214.77 | DD  -0.5% | L10 S10 | Δ16
     55/313 | $1,262.17 | DD   0.0% | L10 S10 | Δ20
     60/313 | $1,231.24 | DD  -2.5% | L10 S10 | Δ30
     65/313 | $1,206.52 | DD  -4.4% | L10 S10 | Δ24
     70/313 | $1,197.53 | DD  -5.1% | L10 S10 | Δ26
     75/313 | $1,013.54 | DD -19.7% | L10 S10 | Δ16
     80/313 | $1,110.18 | DD -12.0% | L10 S10 | Δ26
     85/313 | $1,224.79 | DD  -3.0% | L10 S10 | Δ32
     90/313 | $1,289.78 | DD   0.0% | L10 S10 | Δ20
     95/313 | $1,285.59 | DD  -2.3% | L10 S10 | Δ26
    100/313 | $1,317.89 | DD   0.0% | L10 S10 | Δ36
    105/313 | $1,331.27 | DD  -1.2% | L10 S10 | Δ32
    110/313 | $1,368.46 | DD   0.0% | L10 S10 | Δ28
    115/313 | $1,325.08 | DD  -3.5% | L10 S10 | Δ22
Traceback (most recent call last):
  File "/workdir/invest/run_fast_sim.py", line 1527, in <module>
    main()
  File "/workdir/invest/run_fast_sim.py", line 1171, in main
    exits_sorted = sorted(exits_L, key=lambda s: -scores[list(syms).index(s)])
                   ^^^^^^^^^^^^^^^^^^^^^^^^^^^^^^^^^^^^^^^^^^^^^^^^^^^^^^^^^^^
  File "/workdir/invest/run_fast_sim.py", line 1171, in <lambda>
    exits_sorted = sorted(exits_L, key=lambda s: -scores[list(syms).index(s)])
                                                         ^^^^^^^^^^^^^^^^^^^
ValueError: 'FLOW/USDT' is not in list
[13:34:42]   => Return=  HAC=
[13:34:42] SIM #29: COMBO_hyst5_tobud3
[13:34:42] CMD: python run_fast_sim.py --data data/features/crypto_features_1h.parquet --days 158 --start-date 2025-10-01 --end-date 2026-03-07 --leverage 3 --kelly 0.8 --edge-boost --no-deriv-gate --no-ddstop --ensemble --hysteresis 5 --turnover-budget 3
======================================================================
  FAST SIMULATION
  158d | $1,000 | rebal=12h | N=10+10 | kelly=80% | cost=4bp/side
  leverage=3x | mode=boost
======================================================================

📊 Loading offline data: data/features/crypto_features_1h.parquet
   (2565321, 107), 50 symbols
   Date range: 2017-09-16 09:00:00+00:00 → 2026-03-07 15:00:00+00:00
   Enriching features (cross-asset, regime, 12h+v7, calendar, macro, sentiment, derivatives)...
   🎯 Adding targets...
   🌐 Adding cross-asset features...
   🔰 Adding advanced regime features...
   🕐 Adding 12h-specific features (v7 enhanced)...
   ✅ Added ~18 features for 12h holding period (v7)
   📅 SKIPPED calendar features (SKIP_CALENDAR=1)
   🏛️ Adding macro features...
      Macro raw: 9 cols, derived: 29, total new: 38
   📰 Adding sentiment features... (news_mode=all)
      FNG: 2018-02-01 → 2026-03-11, mean=48.3
      Funding: 96,393 non-zero rows (3.8%)
      LS ratio: 0 non-missing rows
      Synthetic positioning features...
      Loading news features (mode=all)...
      + coin-level news: 8 features
      + market-level news: 7 features
      📊 Coverage: 2,228,238/2,565,321 rows (86.9%)
      📰 Events: 1,100,564/2,228,238 covered rows (49.4%) have news
      🕳️  Holes: 337,083 rows = NaN (not 0!)
   ✅ Sentiment features added: 173 → 210 total
   📊 Adding derivatives features (Binance Futures)...
      Loaded metrics: 1,800,870 rows, 50 symbols, 2021-12-01 → 2026-03-12
      OI: 1,785,559 rows (69.6%), 9 features
      Taker: 1,648,976 rows (64.3%), 6 features
      Top L/S: 1,433,710 rows (55.9%), 5 features
      Global L/S: 3 features
      Binance funding: 2,239,209 rows (87.3%)
      Funding surprise: computed from OKX funding data
      Market-wide aggregates: 4 features
      Basis/Premium: 448,115 rows (17.5%), 6 features
      ⚠️  No liquidation data (run download_binance_futures.py)
      DVOL: 13 features (BTC range: 2021-04-01 → 2026-03-15)
   ✅ Derivatives features: +48 features
   🧬 Adding news interaction features...
   ✅ Added 23 news interaction features
   ⚠️  offline mode: some features may be zero-filled by models
   Final: (2565321, 299), 281 features
📡 Models …
   catboost: 5 CB models, 156 feats
   mlp: 5 MLP models, 177 feats ⚠️ 9 features zero-filled
   🏗️  Architecture: 2 groups (10 models)
   2025-10-01 04:00:00+00:00 → 2026-03-06 16:00:00+00:00  (314 steps, 12h apart)

📐 Calibrating edge distribution (P75 (for boost/adaptive)) ...
   P75 edge = 0.01883, P90 = 0.02760
   (1410 samples, 30 steps)

──────────────────────────────────────────────────────────────────────
      0/313 | $1,000.45 | DD   0.0% | L10 S10 | Δ20
      5/313 | $  963.66 | DD  -3.7% | L10 S10 | Δ12
     10/313 | $  980.22 | DD  -2.0% | L10 S10 | Δ14
     15/313 | $1,015.19 | DD   0.0% | L10 S10 | Δ30
     20/313 | $1,092.39 | DD   0.0% | L10 S10 | Δ36
     25/313 | $1,046.27 | DD  -4.2% | L10 S10 | Δ28
     30/313 | $1,117.20 | DD  -0.8% | L10 S10 | Δ30
     35/313 | $1,118.69 | DD  -2.8% | L10 S10 | Δ30
     40/313 | $1,134.05 | DD  -1.4% | L10 S10 | Δ20
     45/313 | $1,194.92 | DD  -0.5% | L10 S10 | Δ26
     50/313 | $1,214.77 | DD  -0.5% | L10 S10 | Δ16
     55/313 | $1,262.17 | DD   0.0% | L10 S10 | Δ20
     60/313 | $1,231.24 | DD  -2.5% | L10 S10 | Δ30
     65/313 | $1,206.52 | DD  -4.4% | L10 S10 | Δ24
     70/313 | $1,197.53 | DD  -5.1% | L10 S10 | Δ26
     75/313 | $1,013.54 | DD -19.7% | L10 S10 | Δ16
     80/313 | $1,110.18 | DD -12.0% | L10 S10 | Δ26
     85/313 | $1,224.79 | DD  -3.0% | L10 S10 | Δ32
     90/313 | $1,289.78 | DD   0.0% | L10 S10 | Δ20
     95/313 | $1,285.59 | DD  -2.3% | L10 S10 | Δ26
    100/313 | $1,317.89 | DD   0.0% | L10 S10 | Δ36
    105/313 | $1,331.27 | DD  -1.2% | L10 S10 | Δ32
    110/313 | $1,368.46 | DD   0.0% | L10 S10 | Δ28
    115/313 | $1,325.08 | DD  -3.5% | L10 S10 | Δ22
Traceback (most recent call last):
  File "/workdir/invest/run_fast_sim.py", line 1527, in <module>
    main()
  File "/workdir/invest/run_fast_sim.py", line 1171, in main
    exits_sorted = sorted(exits_L, key=lambda s: -scores[list(syms).index(s)])
                   ^^^^^^^^^^^^^^^^^^^^^^^^^^^^^^^^^^^^^^^^^^^^^^^^^^^^^^^^^^^
  File "/workdir/invest/run_fast_sim.py", line 1171, in <lambda>
    exits_sorted = sorted(exits_L, key=lambda s: -scores[list(syms).index(s)])
                                                         ^^^^^^^^^^^^^^^^^^^
ValueError: 'FLOW/USDT' is not in list
[13:37:55]   => Return=  HAC=
[13:37:55] SIM #30: COMBO_all_moderate
[13:37:55] CMD: python run_fast_sim.py --data data/features/crypto_features_1h.parquet --days 158 --start-date 2025-10-01 --end-date 2026-03-07 --leverage 3 --kelly 0.8 --edge-boost --no-deriv-gate --no-ddstop --ensemble --hysteresis 5 --vol-target-ann 0.50 --smooth-signal 0.3 --turnover-budget 5 --vol-size
======================================================================
  FAST SIMULATION
  158d | $1,000 | rebal=12h | N=10+10 | kelly=80% | cost=4bp/side
  leverage=3x | mode=boost+voltgt50%
======================================================================

📊 Loading offline data: data/features/crypto_features_1h.parquet
   (2565321, 107), 50 symbols
   Date range: 2017-09-16 09:00:00+00:00 → 2026-03-07 15:00:00+00:00
   Enriching features (cross-asset, regime, 12h+v7, calendar, macro, sentiment, derivatives)...
   🎯 Adding targets...
   🌐 Adding cross-asset features...
   🔰 Adding advanced regime features...
   🕐 Adding 12h-specific features (v7 enhanced)...
   ✅ Added ~18 features for 12h holding period (v7)
   📅 SKIPPED calendar features (SKIP_CALENDAR=1)
   🏛️ Adding macro features...
      Macro raw: 9 cols, derived: 29, total new: 38
   📰 Adding sentiment features... (news_mode=all)
      FNG: 2018-02-01 → 2026-03-11, mean=48.3
      Funding: 96,393 non-zero rows (3.8%)
      LS ratio: 0 non-missing rows
      Synthetic positioning features...
      Loading news features (mode=all)...
      + coin-level news: 8 features
      + market-level news: 7 features
      📊 Coverage: 2,228,238/2,565,321 rows (86.9%)
      📰 Events: 1,100,564/2,228,238 covered rows (49.4%) have news
      🕳️  Holes: 337,083 rows = NaN (not 0!)
   ✅ Sentiment features added: 173 → 210 total
   📊 Adding derivatives features (Binance Futures)...
      Loaded metrics: 1,800,870 rows, 50 symbols, 2021-12-01 → 2026-03-12
      OI: 1,785,559 rows (69.6%), 9 features
      Taker: 1,648,976 rows (64.3%), 6 features
      Top L/S: 1,433,710 rows (55.9%), 5 features
      Global L/S: 3 features
      Binance funding: 2,239,209 rows (87.3%)
      Funding surprise: computed from OKX funding data
      Market-wide aggregates: 4 features
      Basis/Premium: 448,115 rows (17.5%), 6 features
      ⚠️  No liquidation data (run download_binance_futures.py)
      DVOL: 13 features (BTC range: 2021-04-01 → 2026-03-15)
   ✅ Derivatives features: +48 features
   🧬 Adding news interaction features...
   ✅ Added 23 news interaction features
   ⚠️  offline mode: some features may be zero-filled by models
   Final: (2565321, 299), 281 features
📡 Models …
   catboost: 5 CB models, 156 feats
   mlp: 5 MLP models, 177 feats ⚠️ 9 features zero-filled
   🏗️  Architecture: 2 groups (10 models)
   2025-10-01 04:00:00+00:00 → 2026-03-06 16:00:00+00:00  (314 steps, 12h apart)

📐 Calibrating edge distribution (P75 (for boost/adaptive)) ...
   P75 edge = 0.01883, P90 = 0.02760
   (1410 samples, 30 steps)

📊 Pre-computing per-coin realized vol (24h rolling std)...
   Vol computed for 50 symbols, median=0.0044
   Vol targeting: 50% annual → 0.0185 per-step, lookback=48

──────────────────────────────────────────────────────────────────────
      0/313 | $1,000.20 | DD   0.0% | L10 S10 | Δ20
      5/313 | $  969.94 | DD  -3.0% | L10 S10 | Δ8
     10/313 | $  987.95 | DD  -1.2% | L10 S10 | Δ10
     15/313 | $1,033.19 | DD   0.0% | L10 S10 | Δ20
     20/313 | $1,106.58 | DD   0.0% | L10 S10 | Δ28
     25/313 | $1,075.42 | DD  -2.8% | L10 S10 | Δ22
     30/313 | $1,119.71 | DD  -1.1% | L10 S10 | Δ26
     35/313 | $1,110.43 | DD  -3.0% | L10 S10 | Δ18
     40/313 | $1,129.53 | DD  -1.3% | L10 S10 | Δ14
     45/313 | $1,177.88 | DD  -0.8% | L10 S10 | Δ22
     50/313 | $1,190.50 | DD  -0.8% | L10 S10 | Δ14
     55/313 | $1,242.24 | DD   0.0% | L10 S10 | Δ20
     60/313 | $1,226.19 | DD  -1.3% | L10 S10 | Δ22
     65/313 | $1,208.44 | DD  -2.7% | L10 S10 | Δ14
     70/313 | $1,205.47 | DD  -3.0% | L10 S10 | Δ22
     75/313 | $  955.16 | DD -23.1% | L10 S10 | Δ12
     80/313 | $1,047.53 | DD -15.7% | L10 S10 | Δ22
     85/313 | $1,109.07 | DD -10.7% | L10 S10 | Δ26
     90/313 | $1,152.72 | DD  -7.2% | L10 S10 | Δ16
     95/313 | $1,147.06 | DD  -7.7% | L10 S10 | Δ22
    100/313 | $1,166.80 | DD  -6.1% | L10 S10 | Δ28
    105/313 | $1,178.06 | DD  -5.2% | L10 S10 | Δ20
    110/313 | $1,192.81 | DD  -4.0% | L10 S10 | Δ18
    115/313 | $1,166.33 | DD  -6.1% | L10 S10 | Δ16
    120/313 | $1,147.79 | DD  -7.6% | L10 S10 | Δ18
    125/313 | $1,174.10 | DD  -5.5% | L10 S10 | Δ16
    130/313 | $1,181.42 | DD  -4.9% | L10 S10 | Δ14
    135/313 | $1,185.28 | DD  -4.6% | L10 S10 | Δ18
    140/313 | $1,222.15 | DD  -1.6% | L10 S10 | Δ18
    145/313 | $1,231.68 | DD  -3.0% | L10 S10 | Δ12
    150/313 | $1,302.37 | DD   0.0% | L10 S10 | Δ26
    155/313 | $1,340.81 | DD   0.0% | L10 S10 | Δ16
    160/313 | $1,329.00 | DD  -2.5% | L10 S10 | Δ24
    165/313 | $1,344.76 | DD  -1.3% | L10 S10 | Δ16
    170/313 | $1,323.31 | DD  -2.9% | L10 S10 | Δ18
    175/313 | $1,282.25 | DD  -5.9% | L10 S10 | Δ10
    180/313 | $1,299.57 | DD  -4.7% | L10 S10 | Δ20
    185/313 | $1,263.66 | DD  -7.3% | L10 S10 | Δ10
    190/313 | $1,239.74 | DD  -9.1% | L10 S10 | Δ14
    195/313 | $1,278.56 | DD  -6.2% | L10 S10 | Δ16
    200/313 | $1,263.24 | DD  -7.3% | L10 S10 | Δ16
    205/313 | $1,276.53 | DD  -6.4% | L10 S10 | Δ6
    210/313 | $1,257.49 | DD  -7.8% | L10 S10 | Δ16
    215/313 | $1,260.33 | DD  -7.5% | L10 S10 | Δ14
    220/313 | $1,316.17 | DD  -3.4% | L10 S10 | Δ14
    225/313 | $1,284.70 | DD  -5.8% | L10 S10 | Δ24
    230/313 | $1,344.95 | DD  -1.3% | L10 S10 | Δ10
    235/313 | $1,385.02 | DD  -1.0% | L10 S10 | Δ18
    240/313 | $1,489.27 | DD   0.0% | L10 S10 | Δ20
    245/313 | $1,561.00 | DD   0.0% | L10 S10 | Δ26
    250/313 | $1,559.01 | DD  -0.9% | L10 S10 | Δ22
    255/313 | $1,544.85 | DD  -2.2% | L10 S10 | Δ18
    260/313 | $1,587.55 | DD  -2.3% | L10 S10 | Δ24
    265/313 | $1,621.11 | DD  -0.6% | L10 S10 | Δ18
    270/313 | $1,618.92 | DD  -1.3% | L10 S10 | Δ18
    275/313 | $1,653.81 | DD   0.0% | L10 S10 | Δ26
    280/313 | $1,701.96 | DD  -1.8% | L10 S10 | Δ20
    285/313 | $1,644.87 | DD  -5.1% | L10 S10 | Δ16
    290/313 | $1,602.64 | DD  -7.5% | L10 S10 | Δ18
    295/313 | $1,766.18 | DD  -0.4% | L10 S10 | Δ24
    300/313 | $1,823.03 | DD  -0.1% | L10 S10 | Δ18
    305/313 | $1,881.66 | DD   0.0% | L10 S10 | Δ14
    310/313 | $1,947.25 | DD  -0.4% | L10 S10 | Δ18
    312/313 | $1,931.26 | DD  -1.2% | L10 S10 | Δ12

======================================================================
  RESULTS — 158d, rebal=12h, N=10+10, lev=3x, mode=boost+voltgt50%
======================================================================

   Start:      $1,000
   End:        $1,931.26
   Return:     +93.1%  (ann. ~+215%)
   Max DD:     -23.2%
   Sharpe:     +3.51
   Sharpe HAC: +3.66  (Newey-West adjusted)
   Calmar:     9.27
   Win Rate:   59%  (185W / 128L)
   Avg Win:    $+16.89
   Avg Loss:   $-17.13
   PF:         1.42
   Trades:     5426
   Turnover:   $1,016,207  (1016.2x capital)
   Costs:      $568.56  (56.9%)
   Vol target: 50% ann, avg scale 1.09x
   Leverage:   3x
   Liq. level: -33% DD (approx)

   📈 Equity ($976–$1931):
      $   1,000 |█░░░░░░░░░░░░░░░░░░░░░░░░░░░░░░░░░░░░░░░|
      $   1,102 |█████░░░░░░░░░░░░░░░░░░░░░░░░░░░░░░░░░░░|
      $   1,148 |███████░░░░░░░░░░░░░░░░░░░░░░░░░░░░░░░░░|
      $   1,175 |████████░░░░░░░░░░░░░░░░░░░░░░░░░░░░░░░░|
      $   1,270 |████████████░░░░░░░░░░░░░░░░░░░░░░░░░░░░|
      $   1,300 |█████████████░░░░░░░░░░░░░░░░░░░░░░░░░░░|
      $   1,200 |█████████░░░░░░░░░░░░░░░░░░░░░░░░░░░░░░░|
      $   1,550 |████████████████████████░░░░░░░░░░░░░░░░|
      $   1,633 |███████████████████████████░░░░░░░░░░░░░|
      $   1,931 |████████████████████████████████████████|

   Saved: /workdir/invest/trading_logs/fast_sim_equity.csv

======================================================================
   🟡 Marginal — keep monitoring
======================================================================
[13:41:20]   => Return=+93.1%  HAC=+3.66
[13:41:20] SIM #31: COMBO_all_conservative
[13:41:20] CMD: python run_fast_sim.py --data data/features/crypto_features_1h.parquet --days 158 --start-date 2025-10-01 --end-date 2026-03-07 --leverage 3 --kelly 0.8 --edge-boost --no-deriv-gate --no-ddstop --ensemble --hysteresis 7 --vol-target-ann 0.40 --smooth-signal 0.4 --turnover-budget 3 --vol-size
======================================================================
  FAST SIMULATION
  158d | $1,000 | rebal=12h | N=10+10 | kelly=80% | cost=4bp/side
  leverage=3x | mode=boost+voltgt40%
======================================================================

📊 Loading offline data: data/features/crypto_features_1h.parquet
   (2565321, 107), 50 symbols
   Date range: 2017-09-16 09:00:00+00:00 → 2026-03-07 15:00:00+00:00
   Enriching features (cross-asset, regime, 12h+v7, calendar, macro, sentiment, derivatives)...
   🎯 Adding targets...
   🌐 Adding cross-asset features...
   🔰 Adding advanced regime features...
   🕐 Adding 12h-specific features (v7 enhanced)...
   ✅ Added ~18 features for 12h holding period (v7)
   📅 SKIPPED calendar features (SKIP_CALENDAR=1)
   🏛️ Adding macro features...
      Macro raw: 9 cols, derived: 29, total new: 38
   📰 Adding sentiment features... (news_mode=all)
      FNG: 2018-02-01 → 2026-03-11, mean=48.3
      Funding: 96,393 non-zero rows (3.8%)
      LS ratio: 0 non-missing rows
      Synthetic positioning features...
      Loading news features (mode=all)...
      + coin-level news: 8 features
      + market-level news: 7 features
      📊 Coverage: 2,228,238/2,565,321 rows (86.9%)
      📰 Events: 1,100,564/2,228,238 covered rows (49.4%) have news
      🕳️  Holes: 337,083 rows = NaN (not 0!)
   ✅ Sentiment features added: 173 → 210 total
   📊 Adding derivatives features (Binance Futures)...
      Loaded metrics: 1,800,870 rows, 50 symbols, 2021-12-01 → 2026-03-12
      OI: 1,785,559 rows (69.6%), 9 features
      Taker: 1,648,976 rows (64.3%), 6 features
      Top L/S: 1,433,710 rows (55.9%), 5 features
      Global L/S: 3 features
      Binance funding: 2,239,209 rows (87.3%)
      Funding surprise: computed from OKX funding data
      Market-wide aggregates: 4 features
      Basis/Premium: 448,115 rows (17.5%), 6 features
      ⚠️  No liquidation data (run download_binance_futures.py)
      DVOL: 13 features (BTC range: 2021-04-01 → 2026-03-15)
   ✅ Derivatives features: +48 features
   🧬 Adding news interaction features...
   ✅ Added 23 news interaction features
   ⚠️  offline mode: some features may be zero-filled by models
   Final: (2565321, 299), 281 features
📡 Models …
   catboost: 5 CB models, 156 feats
   mlp: 5 MLP models, 177 feats ⚠️ 9 features zero-filled
   🏗️  Architecture: 2 groups (10 models)
   2025-10-01 04:00:00+00:00 → 2026-03-06 16:00:00+00:00  (314 steps, 12h apart)

📐 Calibrating edge distribution (P75 (for boost/adaptive)) ...
   P75 edge = 0.01883, P90 = 0.02760
   (1410 samples, 30 steps)

📊 Pre-computing per-coin realized vol (24h rolling std)...
   Vol computed for 50 symbols, median=0.0044
   Vol targeting: 40% annual → 0.0148 per-step, lookback=48

──────────────────────────────────────────────────────────────────────
      0/313 | $1,000.20 | DD   0.0% | L10 S10 | Δ20
      5/313 | $  967.71 | DD  -3.2% | L10 S10 | Δ8
     10/313 | $  985.00 | DD  -1.5% | L10 S10 | Δ10
     15/313 | $1,029.23 | DD   0.0% | L10 S10 | Δ16
     20/313 | $1,105.08 | DD   0.0% | L10 S10 | Δ26
     25/313 | $1,065.00 | DD  -3.6% | L10 S10 | Δ20
     30/313 | $1,100.78 | DD  -1.0% | L10 S10 | Δ22
     35/313 | $1,096.78 | DD  -2.2% | L10 S10 | Δ16
     40/313 | $1,112.00 | DD  -0.8% | L10 S10 | Δ14
     45/313 | $1,152.47 | DD  -0.6% | L10 S10 | Δ16
     50/313 | $1,159.47 | DD  -0.8% | L10 S10 | Δ14
     55/313 | $1,198.41 | DD   0.0% | L10 S10 | Δ20
     60/313 | $1,196.68 | DD  -0.2% | L10 S10 | Δ22
     65/313 | $1,182.63 | DD  -1.4% | L10 S10 | Δ10
     70/313 | $1,192.34 | DD  -0.6% | L10 S10 | Δ22
     75/313 | $  955.20 | DD -20.3% | L10 S10 | Δ12
     80/313 | $1,035.74 | DD -13.6% | L10 S10 | Δ18
     85/313 | $1,100.13 | DD  -8.3% | L10 S10 | Δ18
     90/313 | $1,128.10 | DD  -5.9% | L10 S10 | Δ14
     95/313 | $1,122.62 | DD  -6.4% | L10 S10 | Δ18
    100/313 | $1,126.23 | DD  -6.1% | L10 S10 | Δ20
    105/313 | $1,130.00 | DD  -5.8% | L10 S10 | Δ22
    110/313 | $1,139.80 | DD  -4.9% | L10 S10 | Δ16
    115/313 | $1,123.62 | DD  -6.3% | L10 S10 | Δ20
    120/313 | $1,108.17 | DD  -7.6% | L10 S10 | Δ18
    125/313 | $1,131.05 | DD  -5.7% | L10 S10 | Δ18
    130/313 | $1,137.86 | DD  -5.1% | L10 S10 | Δ16
    135/313 | $1,149.28 | DD  -4.2% | L10 S10 | Δ18
    140/313 | $1,175.07 | DD  -2.0% | L10 S10 | Δ18
    145/313 | $1,169.89 | DD  -3.0% | L10 S10 | Δ8
    150/313 | $1,223.60 | DD   0.0% | L10 S10 | Δ20
    155/313 | $1,262.71 | DD   0.0% | L10 S10 | Δ16
    160/313 | $1,241.29 | DD  -2.3% | L10 S10 | Δ22
    165/313 | $1,254.91 | DD  -1.2% | L10 S10 | Δ14
    170/313 | $1,230.57 | DD  -3.2% | L10 S10 | Δ16
    175/313 | $1,194.83 | DD  -6.0% | L10 S10 | Δ8
    180/313 | $1,205.95 | DD  -5.1% | L10 S10 | Δ18
    185/313 | $1,181.68 | DD  -7.0% | L10 S10 | Δ8
    190/313 | $1,169.23 | DD  -8.0% | L10 S10 | Δ12
    195/313 | $1,199.24 | DD  -5.6% | L10 S10 | Δ12
    200/313 | $1,191.16 | DD  -6.3% | L10 S10 | Δ16
    205/313 | $1,207.16 | DD  -5.0% | L10 S10 | Δ8
    210/313 | $1,177.56 | DD  -7.3% | L10 S10 | Δ16
    215/313 | $1,180.35 | DD  -7.1% | L10 S10 | Δ14
    220/313 | $1,215.98 | DD  -4.3% | L10 S10 | Δ10
    225/313 | $1,193.43 | DD  -6.1% | L10 S10 | Δ24
    230/313 | $1,232.49 | DD  -3.0% | L10 S10 | Δ8
    235/313 | $1,268.35 | DD  -0.8% | L10 S10 | Δ16
    240/313 | $1,358.27 | DD   0.0% | L10 S10 | Δ18
    245/313 | $1,414.50 | DD   0.0% | L10 S10 | Δ28
    250/313 | $1,408.49 | DD  -1.1% | L10 S10 | Δ22
    255/313 | $1,399.72 | DD  -1.7% | L10 S10 | Δ18
    260/313 | $1,431.15 | DD  -2.2% | L10 S10 | Δ22
    265/313 | $1,448.41 | DD  -1.0% | L10 S10 | Δ18
    270/313 | $1,453.60 | DD  -0.6% | L10 S10 | Δ12
    275/313 | $1,466.62 | DD   0.0% | L10 S10 | Δ20
    280/313 | $1,511.17 | DD  -1.6% | L10 S10 | Δ18
    285/313 | $1,469.31 | DD  -4.4% | L10 S10 | Δ16
    290/313 | $1,421.25 | DD  -7.5% | L10 S10 | Δ16
    295/313 | $1,549.61 | DD   0.0% | L10 S10 | Δ22
    300/313 | $1,603.07 | DD   0.0% | L10 S10 | Δ16
    305/313 | $1,648.34 | DD   0.0% | L10 S10 | Δ14
    310/313 | $1,686.68 | DD  -0.3% | L10 S10 | Δ14
    312/313 | $1,672.44 | DD  -1.2% | L10 S10 | Δ10

======================================================================
  RESULTS — 158d, rebal=12h, N=10+10, lev=3x, mode=boost+voltgt40%
======================================================================

   Start:      $1,000
   End:        $1,672.44
   Return:     +67.2%  (ann. ~+155%)
   Max DD:     -20.4%
   Sharpe:     +2.95
   Sharpe HAC: +3.10  (Newey-West adjusted)
   Calmar:     7.61
   Win Rate:   59%  (184W / 129L)
   Avg Win:    $+13.87
   Avg Loss:   $-14.57
   PF:         1.36
   Trades:     4828
   Turnover:   $757,039  (757.0x capital)
   Costs:      $437.84  (43.8%)
   Vol target: 40% ann, avg scale 0.96x
   Leverage:   3x
   Liq. level: -33% DD (approx)

   📈 Equity ($972–$1672):
      $   1,000 |█░░░░░░░░░░░░░░░░░░░░░░░░░░░░░░░░░░░░░░░|
      $   1,091 |██████░░░░░░░░░░░░░░░░░░░░░░░░░░░░░░░░░░|
      $   1,134 |█████████░░░░░░░░░░░░░░░░░░░░░░░░░░░░░░░|
      $   1,125 |████████░░░░░░░░░░░░░░░░░░░░░░░░░░░░░░░░|
      $   1,206 |█████████████░░░░░░░░░░░░░░░░░░░░░░░░░░░|
      $   1,206 |█████████████░░░░░░░░░░░░░░░░░░░░░░░░░░░|
      $   1,132 |█████████░░░░░░░░░░░░░░░░░░░░░░░░░░░░░░░|
      $   1,401 |████████████████████████░░░░░░░░░░░░░░░░|
      $   1,456 |███████████████████████████░░░░░░░░░░░░░|
      $   1,672 |████████████████████████████████████████|

   Saved: /workdir/invest/trading_logs/fast_sim_equity.csv

======================================================================
   🟡 Marginal — keep monitoring
======================================================================
[13:44:45]   => Return=+67.2%  HAC=+3.10
[13:44:45] SIM #32: COMBO_metarisk
[13:44:45] CMD: python run_fast_sim.py --data data/features/crypto_features_1h.parquet --days 158 --start-date 2025-10-01 --end-date 2026-03-07 --leverage 3 --kelly 0.8 --edge-boost --no-deriv-gate --no-ddstop --ensemble --meta-risk
======================================================================
  FAST SIMULATION
  158d | $1,000 | rebal=12h | N=10+10 | kelly=80% | cost=4bp/side
  leverage=3x | mode=boost+meta-risk
======================================================================

📊 Loading offline data: data/features/crypto_features_1h.parquet
   (2565321, 107), 50 symbols
   Date range: 2017-09-16 09:00:00+00:00 → 2026-03-07 15:00:00+00:00
   Enriching features (cross-asset, regime, 12h+v7, calendar, macro, sentiment, derivatives)...
   🎯 Adding targets...
   🌐 Adding cross-asset features...
   🔰 Adding advanced regime features...
   🕐 Adding 12h-specific features (v7 enhanced)...
   ✅ Added ~18 features for 12h holding period (v7)
   📅 SKIPPED calendar features (SKIP_CALENDAR=1)
   🏛️ Adding macro features...
      Macro raw: 9 cols, derived: 29, total new: 38
   📰 Adding sentiment features... (news_mode=all)
      FNG: 2018-02-01 → 2026-03-11, mean=48.3
      Funding: 96,393 non-zero rows (3.8%)
      LS ratio: 0 non-missing rows
      Synthetic positioning features...
      Loading news features (mode=all)...
      + coin-level news: 8 features
      + market-level news: 7 features
      📊 Coverage: 2,228,238/2,565,321 rows (86.9%)
      📰 Events: 1,100,564/2,228,238 covered rows (49.4%) have news
      🕳️  Holes: 337,083 rows = NaN (not 0!)
   ✅ Sentiment features added: 173 → 210 total
   📊 Adding derivatives features (Binance Futures)...
      Loaded metrics: 1,800,870 rows, 50 symbols, 2021-12-01 → 2026-03-12
      OI: 1,785,559 rows (69.6%), 9 features
      Taker: 1,648,976 rows (64.3%), 6 features
      Top L/S: 1,433,710 rows (55.9%), 5 features
      Global L/S: 3 features
      Binance funding: 2,239,209 rows (87.3%)
      Funding surprise: computed from OKX funding data
      Market-wide aggregates: 4 features
      Basis/Premium: 448,115 rows (17.5%), 6 features
      ⚠️  No liquidation data (run download_binance_futures.py)
      DVOL: 13 features (BTC range: 2021-04-01 → 2026-03-15)
   ✅ Derivatives features: +48 features
   🧬 Adding news interaction features...
   ✅ Added 23 news interaction features
   ⚠️  offline mode: some features may be zero-filled by models
   Final: (2565321, 299), 281 features
📡 Models …
   catboost: 5 CB models, 156 feats
   mlp: 5 MLP models, 177 feats ⚠️ 9 features zero-filled
   🏗️  Architecture: 2 groups (10 models)
   2025-10-01 04:00:00+00:00 → 2026-03-06 16:00:00+00:00  (314 steps, 12h apart)

📐 Calibrating edge distribution (P75 (for boost/adaptive)) ...
   P75 edge = 0.01883, P90 = 0.02760
   (1410 samples, 30 steps)
   Regime column: 'btc_regime_168'
   Meta-risk scaler: ON (range 0.3x–1.5x)

──────────────────────────────────────────────────────────────────────
      0/313 | $1,000.58 | DD   0.0% | L10 S10 | Δ20
      5/313 | $  953.77 | DD  -4.7% | L10 S10 | Δ12
     10/313 | $  974.16 | DD  -2.6% | L10 S10 | Δ14
     15/313 | $1,019.43 | DD   0.0% | L10 S10 | Δ30
     20/313 | $1,109.95 | DD   0.0% | L10 S10 | Δ36
     25/313 | $1,051.72 | DD  -5.2% | L10 S10 | Δ28
     30/313 | $1,131.99 | DD  -0.9% | L10 S10 | Δ30
     35/313 | $1,137.94 | DD  -3.0% | L10 S10 | Δ30
     40/313 | $1,151.45 | DD  -1.8% | L10 S10 | Δ20
     45/313 | $1,221.26 | DD  -0.6% | L10 S10 | Δ26
     50/313 | $1,248.38 | DD  -0.7% | L10 S10 | Δ16
     55/313 | $1,311.47 | DD   0.0% | L10 S10 | Δ20
     60/313 | $1,269.85 | DD  -3.2% | L10 S10 | Δ30
     65/313 | $1,238.32 | DD  -5.6% | L10 S10 | Δ24
     70/313 | $1,225.99 | DD  -6.5% | L10 S10 | Δ26
     75/313 | $1,032.87 | DD -21.2% | L10 S10 | Δ16
     80/313 | $1,119.27 | DD -14.7% | L10 S10 | Δ26
     85/313 | $1,250.58 | DD  -4.6% | L10 S10 | Δ32
     90/313 | $1,335.81 | DD   0.0% | L10 S10 | Δ20
     95/313 | $1,329.12 | DD  -3.0% | L10 S10 | Δ26
    100/313 | $1,370.97 | DD   0.0% | L10 S10 | Δ36
    105/313 | $1,383.81 | DD  -1.7% | L10 S10 | Δ32
    110/313 | $1,429.55 | DD   0.0% | L10 S10 | Δ28
    115/313 | $1,370.97 | DD  -4.4% | L10 S10 | Δ22
    120/313 | $1,337.70 | DD  -6.8% | L10 S10 | Δ24
    125/313 | $1,338.74 | DD  -6.7% | L10 S10 | Δ16
    130/313 | $1,327.94 | DD  -7.4% | L10 S10 | Δ20
    135/313 | $1,333.23 | DD  -7.1% | L10 S10 | Δ24
    140/313 | $1,398.68 | DD  -2.5% | L10 S10 | Δ26
    145/313 | $1,431.54 | DD  -2.8% | L10 S10 | Δ22
    150/313 | $1,517.45 | DD   0.0% | L10 S10 | Δ32
    155/313 | $1,540.04 | DD   0.0% | L10 S10 | Δ24
    160/313 | $1,543.33 | DD  -1.9% | L10 S10 | Δ30
    165/313 | $1,548.21 | DD  -1.6% | L10 S10 | Δ24
    170/313 | $1,530.06 | DD  -2.8% | L10 S10 | Δ22
    175/313 | $1,512.63 | DD  -3.9% | L10 S10 | Δ14
    180/313 | $1,509.17 | DD  -4.1% | L10 S10 | Δ24
    185/313 | $1,494.01 | DD  -5.1% | L10 S10 | Δ20
    190/313 | $1,482.37 | DD  -5.8% | L10 S10 | Δ18
    195/313 | $1,545.46 | DD  -1.8% | L10 S10 | Δ24
    200/313 | $1,522.15 | DD  -3.3% | L10 S10 | Δ24
    205/313 | $1,523.91 | DD  -3.2% | L10 S10 | Δ18
    210/313 | $1,510.92 | DD  -4.0% | L10 S10 | Δ18
    215/313 | $1,527.82 | DD  -2.9% | L10 S10 | Δ16
    220/313 | $1,630.75 | DD   0.0% | L10 S10 | Δ28
    225/313 | $1,641.62 | DD   0.0% | L10 S10 | Δ30
    230/313 | $1,775.03 | DD   0.0% | L10 S10 | Δ18
    235/313 | $1,847.99 | DD  -2.0% | L10 S10 | Δ24
    240/313 | $2,071.49 | DD   0.0% | L10 S10 | Δ28
    245/313 | $2,201.78 | DD   0.0% | L10 S10 | Δ28
    250/313 | $2,259.79 | DD   0.0% | L10 S10 | Δ30
    255/313 | $2,243.51 | DD  -2.5% | L10 S10 | Δ24
    260/313 | $2,358.89 | DD  -1.1% | L10 S10 | Δ30
    265/313 | $2,478.03 | DD   0.0% | L10 S10 | Δ28
    270/313 | $2,634.78 | DD  -0.9% | L10 S10 | Δ26
    275/313 | $2,625.67 | DD  -1.2% | L10 S10 | Δ28
    280/313 | $2,692.45 | DD  -2.0% | L10 S10 | Δ30
    285/313 | $2,634.48 | DD  -4.1% | L10 S10 | Δ20
    290/313 | $2,594.67 | DD  -5.6% | L10 S10 | Δ24
    295/313 | $2,705.04 | DD  -1.5% | L10 S10 | Δ32
    300/313 | $2,764.65 | DD  -1.1% | L10 S10 | Δ24
    305/313 | $2,865.47 | DD   0.0% | L10 S10 | Δ18
    310/313 | $2,946.38 | DD  -0.3% | L10 S10 | Δ20
    312/313 | $2,846.72 | DD  -3.6% | L10 S10 | Δ20

======================================================================
  RESULTS — 158d, rebal=12h, N=10+10, lev=3x, mode=boost+meta-risk
======================================================================

   Start:      $1,000
   End:        $2,846.72
   Return:     +184.7%  (ann. ~+427%)
   Max DD:     -21.9%
   Sharpe:     +5.36
   Sharpe HAC: +5.29  (Newey-West adjusted)
   Calmar:     19.47
   Win Rate:   61%  (190W / 123L)
   Avg Win:    $+23.55
   Avg Loss:   $-21.36
   PF:         1.70
   Trades:     7314
   Turnover:   $1,822,538  (1822.5x capital)
   Costs:      $948.20  (94.8%)
   Meta-risk:  avg scale 1.18x (0.3–1.5)
   Leverage:   3x
   Liq. level: -33% DD (approx)

   📈 Equity ($961–$2852):
      $   1,001 |░░░░░░░░░░░░░░░░░░░░░░░░░░░░░░░░░░░░░░░░|
      $   1,122 |███░░░░░░░░░░░░░░░░░░░░░░░░░░░░░░░░░░░░░|
      $   1,191 |████░░░░░░░░░░░░░░░░░░░░░░░░░░░░░░░░░░░░|
      $   1,368 |████████░░░░░░░░░░░░░░░░░░░░░░░░░░░░░░░░|
      $   1,473 |██████████░░░░░░░░░░░░░░░░░░░░░░░░░░░░░░|
      $   1,509 |███████████░░░░░░░░░░░░░░░░░░░░░░░░░░░░░|
      $   1,435 |██████████░░░░░░░░░░░░░░░░░░░░░░░░░░░░░░|
      $   2,247 |███████████████████████████░░░░░░░░░░░░░|
      $   2,608 |██████████████████████████████████░░░░░░|
      $   2,847 |███████████████████████████████████████░|

   Saved: /workdir/invest/trading_logs/fast_sim_equity.csv

======================================================================
   🟡 Marginal — keep monitoring
======================================================================
[13:48:03]   => Return=+184.7%  HAC=+5.29
[13:48:03] SIM #33: COMBO_metarisk_hyst5_vt50
[13:48:03] CMD: python run_fast_sim.py --data data/features/crypto_features_1h.parquet --days 158 --start-date 2025-10-01 --end-date 2026-03-07 --leverage 3 --kelly 0.8 --edge-boost --no-deriv-gate --no-ddstop --ensemble --meta-risk --hysteresis 5 --vol-target-ann 0.50
======================================================================
  FAST SIMULATION
  158d | $1,000 | rebal=12h | N=10+10 | kelly=80% | cost=4bp/side
  leverage=3x | mode=boost+voltgt50%+meta-risk
======================================================================

📊 Loading offline data: data/features/crypto_features_1h.parquet
   (2565321, 107), 50 symbols
   Date range: 2017-09-16 09:00:00+00:00 → 2026-03-07 15:00:00+00:00
   Enriching features (cross-asset, regime, 12h+v7, calendar, macro, sentiment, derivatives)...
   🎯 Adding targets...
   🌐 Adding cross-asset features...
   🔰 Adding advanced regime features...
   🕐 Adding 12h-specific features (v7 enhanced)...
   ✅ Added ~18 features for 12h holding period (v7)
   📅 SKIPPED calendar features (SKIP_CALENDAR=1)
   🏛️ Adding macro features...
      Macro raw: 9 cols, derived: 29, total new: 38
   📰 Adding sentiment features... (news_mode=all)
      FNG: 2018-02-01 → 2026-03-11, mean=48.3
      Funding: 96,393 non-zero rows (3.8%)
      LS ratio: 0 non-missing rows
      Synthetic positioning features...
      Loading news features (mode=all)...
      + coin-level news: 8 features
      + market-level news: 7 features
      📊 Coverage: 2,228,238/2,565,321 rows (86.9%)
      📰 Events: 1,100,564/2,228,238 covered rows (49.4%) have news
      🕳️  Holes: 337,083 rows = NaN (not 0!)
   ✅ Sentiment features added: 173 → 210 total
   📊 Adding derivatives features (Binance Futures)...
      Loaded metrics: 1,800,870 rows, 50 symbols, 2021-12-01 → 2026-03-12
      OI: 1,785,559 rows (69.6%), 9 features
      Taker: 1,648,976 rows (64.3%), 6 features
      Top L/S: 1,433,710 rows (55.9%), 5 features
      Global L/S: 3 features
      Binance funding: 2,239,209 rows (87.3%)
      Funding surprise: computed from OKX funding data
      Market-wide aggregates: 4 features
      Basis/Premium: 448,115 rows (17.5%), 6 features
      ⚠️  No liquidation data (run download_binance_futures.py)
      DVOL: 13 features (BTC range: 2021-04-01 → 2026-03-15)
   ✅ Derivatives features: +48 features
   🧬 Adding news interaction features...
   ✅ Added 23 news interaction features
   ⚠️  offline mode: some features may be zero-filled by models
   Final: (2565321, 299), 281 features
📡 Models …
   catboost: 5 CB models, 156 feats
   mlp: 5 MLP models, 177 feats ⚠️ 9 features zero-filled
   🏗️  Architecture: 2 groups (10 models)
   2025-10-01 04:00:00+00:00 → 2026-03-06 16:00:00+00:00  (314 steps, 12h apart)

📐 Calibrating edge distribution (P75 (for boost/adaptive)) ...
   P75 edge = 0.01883, P90 = 0.02760
   (1410 samples, 30 steps)
   Regime column: 'btc_regime_168'
   Vol targeting: 50% annual → 0.0185 per-step, lookback=48
   Meta-risk scaler: ON (range 0.3x–1.5x)

──────────────────────────────────────────────────────────────────────
      0/313 | $1,000.58 | DD   0.0% | L10 S10 | Δ20
      5/313 | $  953.77 | DD  -4.7% | L10 S10 | Δ12
     10/313 | $  974.16 | DD  -2.6% | L10 S10 | Δ14
     15/313 | $1,019.43 | DD   0.0% | L10 S10 | Δ30
     20/313 | $1,109.95 | DD   0.0% | L10 S10 | Δ36
     25/313 | $1,055.18 | DD  -4.9% | L10 S10 | Δ28
     30/313 | $1,103.94 | DD  -0.6% | L10 S10 | Δ30
     35/313 | $1,107.03 | DD  -2.0% | L10 S10 | Δ30
     40/313 | $1,117.42 | DD  -1.1% | L10 S10 | Δ20
     45/313 | $1,166.54 | DD  -0.5% | L10 S10 | Δ26
     50/313 | $1,186.00 | DD  -0.6% | L10 S10 | Δ16
     55/313 | $1,234.79 | DD   0.0% | L10 S10 | Δ20
     60/313 | $1,202.85 | DD  -2.6% | L10 S10 | Δ30
     65/313 | $1,178.28 | DD  -4.6% | L10 S10 | Δ24
     70/313 | $1,192.56 | DD  -3.4% | L10 S10 | Δ26
     75/313 | $  961.43 | DD -22.1% | L10 S10 | Δ16
     80/313 | $1,028.10 | DD -16.7% | L10 S10 | Δ26
     85/313 | $1,123.92 | DD  -9.0% | L10 S10 | Δ32
     90/313 | $1,182.18 | DD  -4.3% | L10 S10 | Δ20
     95/313 | $1,177.19 | DD  -4.7% | L10 S10 | Δ26
    100/313 | $1,206.52 | DD  -2.3% | L10 S10 | Δ36
    105/313 | $1,215.28 | DD  -1.6% | L10 S10 | Δ32
    110/313 | $1,247.13 | DD   0.0% | L10 S10 | Δ28
    115/313 | $1,206.39 | DD  -3.5% | L10 S10 | Δ22
    120/313 | $1,183.19 | DD  -5.4% | L10 S10 | Δ24
    125/313 | $1,189.85 | DD  -4.9% | L10 S10 | Δ16
    130/313 | $1,177.40 | DD  -5.9% | L10 S10 | Δ20
    135/313 | $1,184.39 | DD  -5.3% | L10 S10 | Δ24
    140/313 | $1,261.11 | DD   0.0% | L10 S10 | Δ26
    145/313 | $1,300.59 | DD  -3.2% | L10 S10 | Δ22
    150/313 | $1,385.37 | DD   0.0% | L10 S10 | Δ32
    155/313 | $1,407.82 | DD   0.0% | L10 S10 | Δ24
    160/313 | $1,411.30 | DD  -2.1% | L10 S10 | Δ30
    165/313 | $1,415.85 | DD  -1.8% | L10 S10 | Δ24
    170/313 | $1,396.80 | DD  -3.1% | L10 S10 | Δ22
    175/313 | $1,377.56 | DD  -4.4% | L10 S10 | Δ14
    180/313 | $1,373.28 | DD  -4.7% | L10 S10 | Δ24
    185/313 | $1,356.32 | DD  -5.9% | L10 S10 | Δ20
    190/313 | $1,343.90 | DD  -6.8% | L10 S10 | Δ18
    195/313 | $1,414.18 | DD  -1.9% | L10 S10 | Δ24
    200/313 | $1,386.42 | DD  -3.8% | L10 S10 | Δ24
    205/313 | $1,388.48 | DD  -3.7% | L10 S10 | Δ18
    210/313 | $1,368.23 | DD  -5.1% | L10 S10 | Δ18
    215/313 | $1,386.10 | DD  -3.8% | L10 S10 | Δ16
    220/313 | $1,455.79 | DD   0.0% | L10 S10 | Δ28
    225/313 | $1,463.38 | DD   0.0% | L10 S10 | Δ30
    230/313 | $1,555.47 | DD   0.0% | L10 S10 | Δ18
    235/313 | $1,603.65 | DD  -1.6% | L10 S10 | Δ24
    240/313 | $1,756.18 | DD   0.0% | L10 S10 | Δ28
    245/313 | $1,844.00 | DD   0.0% | L10 S10 | Δ28
    250/313 | $1,883.04 | DD   0.0% | L10 S10 | Δ30
    255/313 | $1,871.79 | DD  -2.1% | L10 S10 | Δ24
    260/313 | $1,953.91 | DD  -1.0% | L10 S10 | Δ30
    265/313 | $2,043.99 | DD   0.0% | L10 S10 | Δ28
    270/313 | $2,190.04 | DD  -1.0% | L10 S10 | Δ26
    275/313 | $2,182.78 | DD  -1.3% | L10 S10 | Δ28
    280/313 | $2,261.46 | DD  -2.8% | L10 S10 | Δ30
    285/313 | $2,198.22 | DD  -5.5% | L10 S10 | Δ20
    290/313 | $2,155.63 | DD  -7.4% | L10 S10 | Δ24
    295/313 | $2,276.89 | DD  -2.1% | L10 S10 | Δ32
    300/313 | $2,338.26 | DD  -1.3% | L10 S10 | Δ24
    305/313 | $2,440.44 | DD   0.0% | L10 S10 | Δ18
    310/313 | $2,521.25 | DD  -0.3% | L10 S10 | Δ20
    312/313 | $2,422.83 | DD  -4.2% | L10 S10 | Δ20

======================================================================
  RESULTS — 158d, rebal=12h, N=10+10, lev=3x, mode=boost+voltgt50%+meta-risk
======================================================================

   Start:      $1,000
   End:        $2,422.83
   Return:     +142.3%  (ann. ~+329%)
   Max DD:     -22.7%
   Sharpe:     +4.46
   Sharpe HAC: +4.67  (Newey-West adjusted)
   Calmar:     14.48
   Win Rate:   61%  (190W / 123L)
   Avg Win:    $+20.58
   Avg Loss:   $-20.22
   PF:         1.57
   Trades:     7314
   Turnover:   $1,656,942  (1656.9x capital)
   Costs:      $863.05  (86.3%)
   Vol target: 50% ann, avg scale 1.02x
   Meta-risk:  avg scale 1.18x (0.3–1.5)
   Leverage:   3x
   Liq. level: -33% DD (approx)

   📈 Equity ($961–$2426):
      $   1,001 |█░░░░░░░░░░░░░░░░░░░░░░░░░░░░░░░░░░░░░░░|
      $   1,096 |███░░░░░░░░░░░░░░░░░░░░░░░░░░░░░░░░░░░░░|
      $   1,141 |████░░░░░░░░░░░░░░░░░░░░░░░░░░░░░░░░░░░░|
      $   1,204 |██████░░░░░░░░░░░░░░░░░░░░░░░░░░░░░░░░░░|
      $   1,344 |██████████░░░░░░░░░░░░░░░░░░░░░░░░░░░░░░|
      $   1,373 |███████████░░░░░░░░░░░░░░░░░░░░░░░░░░░░░|
      $   1,297 |█████████░░░░░░░░░░░░░░░░░░░░░░░░░░░░░░░|
      $   1,874 |████████████████████████░░░░░░░░░░░░░░░░|
      $   2,170 |█████████████████████████████████░░░░░░░|
      $   2,423 |███████████████████████████████████████░|

   Saved: /workdir/invest/trading_logs/fast_sim_equity.csv

======================================================================
   🟡 Marginal — keep monitoring
======================================================================
[13:51:17]   => Return=+142.3%  HAC=+4.67
[13:51:17]   ⏱️  Phase took 42m 41s
[13:51:17] 
[13:51:17] ============================================================
[13:51:17]   PHASE 4: STABILITY CHECK
[13:51:17] ============================================================
[13:51:17] SIM #34: STAB_newchamp_R1
[13:51:17] CMD: python run_fast_sim.py --data data/features/crypto_features_1h.parquet --days 92 --start-date 2025-10-01 --end-date 2025-12-31 --leverage 3 --kelly 0.8 --edge-boost --no-deriv-gate --no-ddstop --ensemble
======================================================================
  FAST SIMULATION
  92d | $1,000 | rebal=12h | N=10+10 | kelly=80% | cost=4bp/side
  leverage=3x | mode=boost
======================================================================

📊 Loading offline data: data/features/crypto_features_1h.parquet
   (2565321, 107), 50 symbols
   Date range: 2017-09-16 09:00:00+00:00 → 2026-03-07 15:00:00+00:00
   Enriching features (cross-asset, regime, 12h+v7, calendar, macro, sentiment, derivatives)...
   🎯 Adding targets...
   🌐 Adding cross-asset features...
   🔰 Adding advanced regime features...
   🕐 Adding 12h-specific features (v7 enhanced)...
   ✅ Added ~18 features for 12h holding period (v7)
   📅 SKIPPED calendar features (SKIP_CALENDAR=1)
   🏛️ Adding macro features...
      Macro raw: 9 cols, derived: 29, total new: 38
   📰 Adding sentiment features... (news_mode=all)
      FNG: 2018-02-01 → 2026-03-11, mean=48.3
      Funding: 96,393 non-zero rows (3.8%)
      LS ratio: 0 non-missing rows
      Synthetic positioning features...
      Loading news features (mode=all)...
      + coin-level news: 8 features
      + market-level news: 7 features
      📊 Coverage: 2,228,238/2,565,321 rows (86.9%)
      📰 Events: 1,100,564/2,228,238 covered rows (49.4%) have news
      🕳️  Holes: 337,083 rows = NaN (not 0!)
   ✅ Sentiment features added: 173 → 210 total
   📊 Adding derivatives features (Binance Futures)...
      Loaded metrics: 1,800,870 rows, 50 symbols, 2021-12-01 → 2026-03-12
      OI: 1,785,559 rows (69.6%), 9 features
      Taker: 1,648,976 rows (64.3%), 6 features
      Top L/S: 1,433,710 rows (55.9%), 5 features
      Global L/S: 3 features
      Binance funding: 2,239,209 rows (87.3%)
      Funding surprise: computed from OKX funding data
      Market-wide aggregates: 4 features
      Basis/Premium: 448,115 rows (17.5%), 6 features
      ⚠️  No liquidation data (run download_binance_futures.py)
      DVOL: 13 features (BTC range: 2021-04-01 → 2026-03-15)
   ✅ Derivatives features: +48 features
   🧬 Adding news interaction features...
   ✅ Added 23 news interaction features
   ⚠️  offline mode: some features may be zero-filled by models
   Final: (2565321, 299), 281 features
📡 Models …
   catboost: 5 CB models, 156 feats
   mlp: 5 MLP models, 177 feats ⚠️ 9 features zero-filled
   🏗️  Architecture: 2 groups (10 models)
   2025-12-05 16:00:00+00:00 → 2025-12-30 16:00:00+00:00  (51 steps, 12h apart)

📐 Calibrating edge distribution (P75 (for boost/adaptive)) ...
   P75 edge = 0.01658, P90 = 0.02345
   (1408 samples, 30 steps)

──────────────────────────────────────────────────────────────────────
      0/50 | $  988.75 | DD  -1.1% | L10 S10 | Δ20
      5/50 | $  994.31 | DD  -1.0% | L10 S10 | Δ34
     10/50 | $1,071.37 | DD   0.0% | L10 S10 | Δ30
     15/50 | $1,069.89 | DD  -1.8% | L10 S10 | Δ20
     20/50 | $1,099.54 | DD  -1.4% | L10 S10 | Δ26
     25/50 | $1,124.78 | DD  -0.2% | L10 S10 | Δ22
     30/50 | $1,131.03 | DD  -1.4% | L10 S10 | Δ16
     35/50 | $1,134.88 | DD  -1.1% | L10 S10 | Δ22
     40/50 | $1,127.05 | DD  -1.8% | L10 S10 | Δ18
     45/50 | $1,109.42 | DD  -3.3% | L10 S10 | Δ16
     49/50 | $1,111.94 | DD  -3.1% | L10 S10 | Δ24

======================================================================
  RESULTS — 92d, rebal=12h, N=10+10, lev=3x, mode=boost
======================================================================

   Start:      $1,000
   End:        $1,111.94
   Return:     +11.2%  (ann. ~+44%)
   Max DD:     -3.8%
   Sharpe:     +5.39
   Sharpe HAC: +6.30  (Newey-West adjusted)
   Calmar:     11.72
   Win Rate:   60%  (30W / 20L)
   Avg Win:    $+9.61
   Avg Loss:   $-8.82
   PF:         1.63
   Trades:     1222
   Turnover:   $168,292  (168.3x capital)
   Costs:      $86.93  (8.7%)
   Leverage:   3x
   Liq. level: -33% DD (approx)

   📈 Equity ($989–$1147):
      $     989 |░░░░░░░░░░░░░░░░░░░░░░░░░░░░░░░░░░░░░░░░|
      $   1,012 |█████░░░░░░░░░░░░░░░░░░░░░░░░░░░░░░░░░░░|
      $   1,065 |███████████████████░░░░░░░░░░░░░░░░░░░░░|
      $   1,090 |█████████████████████████░░░░░░░░░░░░░░░|
      $   1,128 |██████████████████████████████████░░░░░░|
      $   1,131 |███████████████████████████████████░░░░░|
      $   1,130 |███████████████████████████████████░░░░░|
      $   1,124 |██████████████████████████████████░░░░░░|
      $   1,119 |████████████████████████████████░░░░░░░░|
      $   1,112 |███████████████████████████████░░░░░░░░░|

   Saved: /workdir/invest/trading_logs/fast_sim_equity.csv

======================================================================
   🟢 PROFITABLE — go live
======================================================================
[13:54:28]   => Return=+11.2%  HAC=+6.30
[13:54:28] SIM #35: STAB_newchamp_R2
[13:54:28] CMD: python run_fast_sim.py --data data/features/crypto_features_1h.parquet --days 66 --start-date 2026-01-01 --end-date 2026-03-07 --leverage 3 --kelly 0.8 --edge-boost --no-deriv-gate --no-ddstop --ensemble
======================================================================
  FAST SIMULATION
  66d | $1,000 | rebal=12h | N=10+10 | kelly=80% | cost=4bp/side
  leverage=3x | mode=boost
======================================================================

📊 Loading offline data: data/features/crypto_features_1h.parquet
   (2565321, 107), 50 symbols
   Date range: 2017-09-16 09:00:00+00:00 → 2026-03-07 15:00:00+00:00
   Enriching features (cross-asset, regime, 12h+v7, calendar, macro, sentiment, derivatives)...
   🎯 Adding targets...
   🌐 Adding cross-asset features...
   🔰 Adding advanced regime features...
   🕐 Adding 12h-specific features (v7 enhanced)...
   ✅ Added ~18 features for 12h holding period (v7)
   📅 SKIPPED calendar features (SKIP_CALENDAR=1)
   🏛️ Adding macro features...
      Macro raw: 9 cols, derived: 29, total new: 38
   📰 Adding sentiment features... (news_mode=all)
      FNG: 2018-02-01 → 2026-03-11, mean=48.3
      Funding: 96,393 non-zero rows (3.8%)
      LS ratio: 0 non-missing rows
      Synthetic positioning features...
      Loading news features (mode=all)...
      + coin-level news: 8 features
      + market-level news: 7 features
      📊 Coverage: 2,228,238/2,565,321 rows (86.9%)
      📰 Events: 1,100,564/2,228,238 covered rows (49.4%) have news
      🕳️  Holes: 337,083 rows = NaN (not 0!)
   ✅ Sentiment features added: 173 → 210 total
   📊 Adding derivatives features (Binance Futures)...
      Loaded metrics: 1,800,870 rows, 50 symbols, 2021-12-01 → 2026-03-12
      OI: 1,785,559 rows (69.6%), 9 features
      Taker: 1,648,976 rows (64.3%), 6 features
      Top L/S: 1,433,710 rows (55.9%), 5 features
      Global L/S: 3 features
      Binance funding: 2,239,209 rows (87.3%)
      Funding surprise: computed from OKX funding data
      Market-wide aggregates: 4 features
      Basis/Premium: 448,115 rows (17.5%), 6 features
      ⚠️  No liquidation data (run download_binance_futures.py)
      DVOL: 13 features (BTC range: 2021-04-01 → 2026-03-15)
   ✅ Derivatives features: +48 features
   🧬 Adding news interaction features...
   ✅ Added 23 news interaction features
   ⚠️  offline mode: some features may be zero-filled by models
   Final: (2565321, 299), 281 features
📡 Models …
   catboost: 5 CB models, 156 feats
   mlp: 5 MLP models, 177 feats ⚠️ 9 features zero-filled
   🏗️  Architecture: 2 groups (10 models)
   2026-01-01 04:00:00+00:00 → 2026-03-06 16:00:00+00:00  (130 steps, 12h apart)

📐 Calibrating edge distribution (P75 (for boost/adaptive)) ...
   P75 edge = 0.01888, P90 = 0.02798
   (1410 samples, 30 steps)

──────────────────────────────────────────────────────────────────────
      0/129 | $  988.02 | DD  -1.2% | L10 S10 | Δ20
      5/129 | $  986.33 | DD  -1.8% | L10 S10 | Δ18
     10/129 | $1,000.45 | DD  -0.3% | L10 S10 | Δ16
     15/129 | $1,005.65 | DD  -0.7% | L10 S10 | Δ20
     20/129 | $1,005.04 | DD  -0.8% | L10 S10 | Δ22
     25/129 | $  986.64 | DD  -3.3% | L10 S10 | Δ16
     30/129 | $  990.45 | DD  -3.0% | L10 S10 | Δ20
     35/129 | $1,049.07 | DD   0.0% | L10 S10 | Δ24
     40/129 | $1,030.62 | DD  -3.1% | L10 S10 | Δ28
     45/129 | $1,125.41 | DD   0.0% | L10 S10 | Δ12
     50/129 | $1,193.86 | DD   0.0% | L10 S10 | Δ30
     55/129 | $1,258.14 | DD   0.0% | L10 S10 | Δ18
     60/129 | $1,327.65 | DD   0.0% | L10 S10 | Δ26
     65/129 | $1,376.77 | DD   0.0% | L10 S10 | Δ26
     70/129 | $1,396.48 | DD  -0.1% | L10 S10 | Δ34
     75/129 | $1,435.00 | DD   0.0% | L10 S10 | Δ28
     80/129 | $1,478.39 | DD   0.0% | L10 S10 | Δ28
     85/129 | $1,562.20 | DD   0.0% | L10 S10 | Δ18
     90/129 | $1,525.43 | DD  -2.4% | L10 S10 | Δ14
     95/129 | $1,605.21 | DD   0.0% | L10 S10 | Δ22
    100/129 | $1,560.05 | DD  -2.8% | L10 S10 | Δ24
    105/129 | $1,529.42 | DD  -4.7% | L10 S10 | Δ28
    110/129 | $1,604.71 | DD  -0.0% | L10 S10 | Δ26
    115/129 | $1,626.42 | DD  -0.4% | L10 S10 | Δ16
    120/129 | $1,644.21 | DD  -1.3% | L10 S10 | Δ18
    125/129 | $1,714.58 | DD   0.0% | L10 S10 | Δ30
    128/129 | $1,665.65 | DD  -2.9% | L10 S10 | Δ20

======================================================================
  RESULTS — 66d, rebal=12h, N=10+10, lev=3x, mode=boost
======================================================================

   Start:      $1,000
   End:        $1,665.65
   Return:     +66.6%  (ann. ~+368%)
   Max DD:     -7.3%
   Sharpe:     +7.44
   Sharpe HAC: +8.42  (Newey-West adjusted)
   Calmar:     50.36
   Win Rate:   60%  (78W / 51L)
   Avg Win:    $+17.17
   Avg Loss:   $-13.21
   PF:         1.99
   Trades:     2918
   Turnover:   $493,565  (493.6x capital)
   Costs:      $258.14  (25.8%)
   Leverage:   3x
   Liq. level: -33% DD (approx)

   📈 Equity ($946–$1711):
      $     988 |██░░░░░░░░░░░░░░░░░░░░░░░░░░░░░░░░░░░░░░|
      $     998 |██░░░░░░░░░░░░░░░░░░░░░░░░░░░░░░░░░░░░░░|
      $     946 |░░░░░░░░░░░░░░░░░░░░░░░░░░░░░░░░░░░░░░░░|
      $   1,163 |███████████░░░░░░░░░░░░░░░░░░░░░░░░░░░░░|
      $   1,365 |█████████████████████░░░░░░░░░░░░░░░░░░░|
      $   1,478 |███████████████████████████░░░░░░░░░░░░░|
      $   1,580 |█████████████████████████████████░░░░░░░|
      $   1,615 |██████████████████████████████████░░░░░░|
      $   1,666 |█████████████████████████████████████░░░|

   Saved: /workdir/invest/trading_logs/fast_sim_equity.csv

======================================================================
   🟢 PROFITABLE — go live
======================================================================
[13:57:37]   => Return=+66.6%  HAC=+8.42
[13:57:37] SIM #36: STAB_newchamp_hyst5_R1
[13:57:37] CMD: python run_fast_sim.py --data data/features/crypto_features_1h.parquet --days 92 --start-date 2025-10-01 --end-date 2025-12-31 --leverage 3 --kelly 0.8 --edge-boost --no-deriv-gate --no-ddstop --ensemble --hysteresis 5
======================================================================
  FAST SIMULATION
  92d | $1,000 | rebal=12h | N=10+10 | kelly=80% | cost=4bp/side
  leverage=3x | mode=boost
======================================================================

📊 Loading offline data: data/features/crypto_features_1h.parquet
   (2565321, 107), 50 symbols
   Date range: 2017-09-16 09:00:00+00:00 → 2026-03-07 15:00:00+00:00
   Enriching features (cross-asset, regime, 12h+v7, calendar, macro, sentiment, derivatives)...
   🎯 Adding targets...
   🌐 Adding cross-asset features...
   🔰 Adding advanced regime features...
   🕐 Adding 12h-specific features (v7 enhanced)...
   ✅ Added ~18 features for 12h holding period (v7)
   📅 SKIPPED calendar features (SKIP_CALENDAR=1)
   🏛️ Adding macro features...
      Macro raw: 9 cols, derived: 29, total new: 38
   📰 Adding sentiment features... (news_mode=all)
      FNG: 2018-02-01 → 2026-03-11, mean=48.3
      Funding: 96,393 non-zero rows (3.8%)
      LS ratio: 0 non-missing rows
      Synthetic positioning features...
      Loading news features (mode=all)...
      + coin-level news: 8 features
      + market-level news: 7 features
      📊 Coverage: 2,228,238/2,565,321 rows (86.9%)
      📰 Events: 1,100,564/2,228,238 covered rows (49.4%) have news
      🕳️  Holes: 337,083 rows = NaN (not 0!)
   ✅ Sentiment features added: 173 → 210 total
   📊 Adding derivatives features (Binance Futures)...
      Loaded metrics: 1,800,870 rows, 50 symbols, 2021-12-01 → 2026-03-12
      OI: 1,785,559 rows (69.6%), 9 features
      Taker: 1,648,976 rows (64.3%), 6 features
      Top L/S: 1,433,710 rows (55.9%), 5 features
      Global L/S: 3 features
      Binance funding: 2,239,209 rows (87.3%)
      Funding surprise: computed from OKX funding data
      Market-wide aggregates: 4 features
      Basis/Premium: 448,115 rows (17.5%), 6 features
      ⚠️  No liquidation data (run download_binance_futures.py)
      DVOL: 13 features (BTC range: 2021-04-01 → 2026-03-15)
   ✅ Derivatives features: +48 features
   🧬 Adding news interaction features...
   ✅ Added 23 news interaction features
   ⚠️  offline mode: some features may be zero-filled by models
   Final: (2565321, 299), 281 features
📡 Models …
   catboost: 5 CB models, 156 feats
   mlp: 5 MLP models, 177 feats ⚠️ 9 features zero-filled
   🏗️  Architecture: 2 groups (10 models)
   2025-12-05 16:00:00+00:00 → 2025-12-30 16:00:00+00:00  (51 steps, 12h apart)

📐 Calibrating edge distribution (P75 (for boost/adaptive)) ...
   P75 edge = 0.01658, P90 = 0.02345
   (1408 samples, 30 steps)

──────────────────────────────────────────────────────────────────────
      0/50 | $  988.75 | DD  -1.1% | L10 S10 | Δ20
      5/50 | $  994.31 | DD  -1.0% | L10 S10 | Δ34
     10/50 | $1,071.37 | DD   0.0% | L10 S10 | Δ30
     15/50 | $1,069.89 | DD  -1.8% | L10 S10 | Δ20
     20/50 | $1,099.54 | DD  -1.4% | L10 S10 | Δ26
     25/50 | $1,124.78 | DD  -0.2% | L10 S10 | Δ22
     30/50 | $1,131.03 | DD  -1.4% | L10 S10 | Δ16
     35/50 | $1,134.88 | DD  -1.1% | L10 S10 | Δ22
     40/50 | $1,127.05 | DD  -1.8% | L10 S10 | Δ18
     45/50 | $1,109.42 | DD  -3.3% | L10 S10 | Δ16
     49/50 | $1,111.94 | DD  -3.1% | L10 S10 | Δ24

======================================================================
  RESULTS — 92d, rebal=12h, N=10+10, lev=3x, mode=boost
======================================================================

   Start:      $1,000
   End:        $1,111.94
   Return:     +11.2%  (ann. ~+44%)
   Max DD:     -3.8%
   Sharpe:     +5.39
   Sharpe HAC: +6.30  (Newey-West adjusted)
   Calmar:     11.72
   Win Rate:   60%  (30W / 20L)
   Avg Win:    $+9.61
   Avg Loss:   $-8.82
   PF:         1.63
   Trades:     1222
   Turnover:   $168,292  (168.3x capital)
   Costs:      $86.93  (8.7%)
   Leverage:   3x
   Liq. level: -33% DD (approx)

   📈 Equity ($989–$1147):
      $     989 |░░░░░░░░░░░░░░░░░░░░░░░░░░░░░░░░░░░░░░░░|
      $   1,012 |█████░░░░░░░░░░░░░░░░░░░░░░░░░░░░░░░░░░░|
      $   1,065 |███████████████████░░░░░░░░░░░░░░░░░░░░░|
      $   1,090 |█████████████████████████░░░░░░░░░░░░░░░|
      $   1,128 |██████████████████████████████████░░░░░░|
      $   1,131 |███████████████████████████████████░░░░░|
      $   1,130 |███████████████████████████████████░░░░░|
      $   1,124 |██████████████████████████████████░░░░░░|
      $   1,119 |████████████████████████████████░░░░░░░░|
      $   1,112 |███████████████████████████████░░░░░░░░░|

   Saved: /workdir/invest/trading_logs/fast_sim_equity.csv

======================================================================
   🟢 PROFITABLE — go live
======================================================================
[14:00:47]   => Return=+11.2%  HAC=+6.30
[14:00:47] SIM #37: STAB_newchamp_hyst5_R2
[14:00:47] CMD: python run_fast_sim.py --data data/features/crypto_features_1h.parquet --days 66 --start-date 2026-01-01 --end-date 2026-03-07 --leverage 3 --kelly 0.8 --edge-boost --no-deriv-gate --no-ddstop --ensemble --hysteresis 5
======================================================================
  FAST SIMULATION
  66d | $1,000 | rebal=12h | N=10+10 | kelly=80% | cost=4bp/side
  leverage=3x | mode=boost
======================================================================

📊 Loading offline data: data/features/crypto_features_1h.parquet
   (2565321, 107), 50 symbols
   Date range: 2017-09-16 09:00:00+00:00 → 2026-03-07 15:00:00+00:00
   Enriching features (cross-asset, regime, 12h+v7, calendar, macro, sentiment, derivatives)...
   🎯 Adding targets...
   🌐 Adding cross-asset features...
   🔰 Adding advanced regime features...
   🕐 Adding 12h-specific features (v7 enhanced)...
   ✅ Added ~18 features for 12h holding period (v7)
   📅 SKIPPED calendar features (SKIP_CALENDAR=1)
   🏛️ Adding macro features...
      Macro raw: 9 cols, derived: 29, total new: 38
   📰 Adding sentiment features... (news_mode=all)
      FNG: 2018-02-01 → 2026-03-11, mean=48.3
      Funding: 96,393 non-zero rows (3.8%)
      LS ratio: 0 non-missing rows
      Synthetic positioning features...
      Loading news features (mode=all)...
      + coin-level news: 8 features
      + market-level news: 7 features
      📊 Coverage: 2,228,238/2,565,321 rows (86.9%)
      📰 Events: 1,100,564/2,228,238 covered rows (49.4%) have news
      🕳️  Holes: 337,083 rows = NaN (not 0!)
   ✅ Sentiment features added: 173 → 210 total
   📊 Adding derivatives features (Binance Futures)...
      Loaded metrics: 1,800,870 rows, 50 symbols, 2021-12-01 → 2026-03-12
      OI: 1,785,559 rows (69.6%), 9 features
      Taker: 1,648,976 rows (64.3%), 6 features
      Top L/S: 1,433,710 rows (55.9%), 5 features
      Global L/S: 3 features
      Binance funding: 2,239,209 rows (87.3%)
      Funding surprise: computed from OKX funding data
      Market-wide aggregates: 4 features
      Basis/Premium: 448,115 rows (17.5%), 6 features
      ⚠️  No liquidation data (run download_binance_futures.py)
      DVOL: 13 features (BTC range: 2021-04-01 → 2026-03-15)
   ✅ Derivatives features: +48 features
   🧬 Adding news interaction features...
   ✅ Added 23 news interaction features
   ⚠️  offline mode: some features may be zero-filled by models
   Final: (2565321, 299), 281 features
📡 Models …
   catboost: 5 CB models, 156 feats
   mlp: 5 MLP models, 177 feats ⚠️ 9 features zero-filled
   🏗️  Architecture: 2 groups (10 models)
   2026-01-01 04:00:00+00:00 → 2026-03-06 16:00:00+00:00  (130 steps, 12h apart)

📐 Calibrating edge distribution (P75 (for boost/adaptive)) ...
   P75 edge = 0.01888, P90 = 0.02798
   (1410 samples, 30 steps)

──────────────────────────────────────────────────────────────────────
      0/129 | $  988.02 | DD  -1.2% | L10 S10 | Δ20
      5/129 | $  986.33 | DD  -1.8% | L10 S10 | Δ18
     10/129 | $1,000.45 | DD  -0.3% | L10 S10 | Δ16
     15/129 | $1,005.65 | DD  -0.7% | L10 S10 | Δ20
     20/129 | $1,005.04 | DD  -0.8% | L10 S10 | Δ22
     25/129 | $  986.64 | DD  -3.3% | L10 S10 | Δ16
     30/129 | $  990.45 | DD  -3.0% | L10 S10 | Δ20
     35/129 | $1,049.07 | DD   0.0% | L10 S10 | Δ24
     40/129 | $1,030.62 | DD  -3.1% | L10 S10 | Δ28
     45/129 | $1,125.41 | DD   0.0% | L10 S10 | Δ12
     50/129 | $1,193.86 | DD   0.0% | L10 S10 | Δ30
     55/129 | $1,258.14 | DD   0.0% | L10 S10 | Δ18
     60/129 | $1,327.65 | DD   0.0% | L10 S10 | Δ26
     65/129 | $1,376.77 | DD   0.0% | L10 S10 | Δ26
     70/129 | $1,396.48 | DD  -0.1% | L10 S10 | Δ34
     75/129 | $1,435.00 | DD   0.0% | L10 S10 | Δ28
     80/129 | $1,478.39 | DD   0.0% | L10 S10 | Δ28
     85/129 | $1,562.20 | DD   0.0% | L10 S10 | Δ18
     90/129 | $1,525.43 | DD  -2.4% | L10 S10 | Δ14
     95/129 | $1,605.21 | DD   0.0% | L10 S10 | Δ22
    100/129 | $1,560.05 | DD  -2.8% | L10 S10 | Δ24
    105/129 | $1,529.42 | DD  -4.7% | L10 S10 | Δ28
    110/129 | $1,604.71 | DD  -0.0% | L10 S10 | Δ26
    115/129 | $1,626.42 | DD  -0.4% | L10 S10 | Δ16
    120/129 | $1,644.21 | DD  -1.3% | L10 S10 | Δ18
    125/129 | $1,714.58 | DD   0.0% | L10 S10 | Δ30
    128/129 | $1,665.65 | DD  -2.9% | L10 S10 | Δ20

======================================================================
  RESULTS — 66d, rebal=12h, N=10+10, lev=3x, mode=boost
======================================================================

   Start:      $1,000
   End:        $1,665.65
   Return:     +66.6%  (ann. ~+368%)
   Max DD:     -7.3%
   Sharpe:     +7.44
   Sharpe HAC: +8.42  (Newey-West adjusted)
   Calmar:     50.36
   Win Rate:   60%  (78W / 51L)
   Avg Win:    $+17.17
   Avg Loss:   $-13.21
   PF:         1.99
   Trades:     2918
   Turnover:   $493,565  (493.6x capital)
   Costs:      $258.14  (25.8%)
   Leverage:   3x
   Liq. level: -33% DD (approx)

   📈 Equity ($946–$1711):
      $     988 |██░░░░░░░░░░░░░░░░░░░░░░░░░░░░░░░░░░░░░░|
      $     998 |██░░░░░░░░░░░░░░░░░░░░░░░░░░░░░░░░░░░░░░|
      $     946 |░░░░░░░░░░░░░░░░░░░░░░░░░░░░░░░░░░░░░░░░|
      $   1,163 |███████████░░░░░░░░░░░░░░░░░░░░░░░░░░░░░|
      $   1,365 |█████████████████████░░░░░░░░░░░░░░░░░░░|
      $   1,478 |███████████████████████████░░░░░░░░░░░░░|
      $   1,580 |█████████████████████████████████░░░░░░░|
      $   1,615 |██████████████████████████████████░░░░░░|
      $   1,666 |█████████████████████████████████████░░░|

   Saved: /workdir/invest/trading_logs/fast_sim_equity.csv

======================================================================
   🟢 PROFITABLE — go live
======================================================================
[14:03:58]   => Return=+66.6%  HAC=+8.42
[14:03:58] SIM #38: STAB_newchamp_h5vt50_R1
[14:03:58] CMD: python run_fast_sim.py --data data/features/crypto_features_1h.parquet --days 92 --start-date 2025-10-01 --end-date 2025-12-31 --leverage 3 --kelly 0.8 --edge-boost --no-deriv-gate --no-ddstop --ensemble --hysteresis 5 --vol-target-ann 0.50
======================================================================
  FAST SIMULATION
  92d | $1,000 | rebal=12h | N=10+10 | kelly=80% | cost=4bp/side
  leverage=3x | mode=boost+voltgt50%
======================================================================

📊 Loading offline data: data/features/crypto_features_1h.parquet
   (2565321, 107), 50 symbols
   Date range: 2017-09-16 09:00:00+00:00 → 2026-03-07 15:00:00+00:00
   Enriching features (cross-asset, regime, 12h+v7, calendar, macro, sentiment, derivatives)...
   🎯 Adding targets...
   🌐 Adding cross-asset features...
   🔰 Adding advanced regime features...
   🕐 Adding 12h-specific features (v7 enhanced)...
   ✅ Added ~18 features for 12h holding period (v7)
   📅 SKIPPED calendar features (SKIP_CALENDAR=1)
   🏛️ Adding macro features...
      Macro raw: 9 cols, derived: 29, total new: 38
   📰 Adding sentiment features... (news_mode=all)
      FNG: 2018-02-01 → 2026-03-11, mean=48.3
      Funding: 96,393 non-zero rows (3.8%)
      LS ratio: 0 non-missing rows
      Synthetic positioning features...
      Loading news features (mode=all)...
      + coin-level news: 8 features
      + market-level news: 7 features
      📊 Coverage: 2,228,238/2,565,321 rows (86.9%)
      📰 Events: 1,100,564/2,228,238 covered rows (49.4%) have news
      🕳️  Holes: 337,083 rows = NaN (not 0!)
   ✅ Sentiment features added: 173 → 210 total
   📊 Adding derivatives features (Binance Futures)...
      Loaded metrics: 1,800,870 rows, 50 symbols, 2021-12-01 → 2026-03-12
      OI: 1,785,559 rows (69.6%), 9 features
      Taker: 1,648,976 rows (64.3%), 6 features
      Top L/S: 1,433,710 rows (55.9%), 5 features
      Global L/S: 3 features
      Binance funding: 2,239,209 rows (87.3%)
      Funding surprise: computed from OKX funding data
      Market-wide aggregates: 4 features
      Basis/Premium: 448,115 rows (17.5%), 6 features
      ⚠️  No liquidation data (run download_binance_futures.py)
      DVOL: 13 features (BTC range: 2021-04-01 → 2026-03-15)
   ✅ Derivatives features: +48 features
   🧬 Adding news interaction features...
   ✅ Added 23 news interaction features
   ⚠️  offline mode: some features may be zero-filled by models
   Final: (2565321, 299), 281 features
📡 Models …
   catboost: 5 CB models, 156 feats
   mlp: 5 MLP models, 177 feats ⚠️ 9 features zero-filled
   🏗️  Architecture: 2 groups (10 models)
   2025-12-05 16:00:00+00:00 → 2025-12-30 16:00:00+00:00  (51 steps, 12h apart)

📐 Calibrating edge distribution (P75 (for boost/adaptive)) ...
   P75 edge = 0.01658, P90 = 0.02345
   (1408 samples, 30 steps)
   Vol targeting: 50% annual → 0.0185 per-step, lookback=48

──────────────────────────────────────────────────────────────────────
      0/50 | $  988.75 | DD  -1.1% | L10 S10 | Δ20
      5/50 | $  994.31 | DD  -1.0% | L10 S10 | Δ34
     10/50 | $1,071.37 | DD   0.0% | L10 S10 | Δ30
     15/50 | $1,069.89 | DD  -1.8% | L10 S10 | Δ20
     20/50 | $1,099.54 | DD  -1.4% | L10 S10 | Δ26
     25/50 | $1,124.79 | DD  -0.4% | L10 S10 | Δ22
     30/50 | $1,135.59 | DD  -2.1% | L10 S10 | Δ16
     35/50 | $1,140.91 | DD  -1.6% | L10 S10 | Δ22
     40/50 | $1,128.39 | DD  -2.7% | L10 S10 | Δ18
     45/50 | $1,101.43 | DD  -5.0% | L10 S10 | Δ16
     49/50 | $1,105.12 | DD  -4.7% | L10 S10 | Δ24

======================================================================
  RESULTS — 92d, rebal=12h, N=10+10, lev=3x, mode=boost+voltgt50%
======================================================================

   Start:      $1,000
   End:        $1,105.12
   Return:     +10.5%  (ann. ~+42%)
   Max DD:     -5.8%
   Sharpe:     +4.30
   Sharpe HAC: +5.24  (Newey-West adjusted)
   Calmar:     7.20
   Win Rate:   60%  (30W / 20L)
   Avg Win:    $+11.00
   Avg Loss:   $-11.25
   PF:         1.47
   Trades:     1222
   Turnover:   $210,699  (210.7x capital)
   Costs:      $109.22  (10.9%)
   Vol target: 50% ann, avg scale 1.50x
   Leverage:   3x
   Liq. level: -33% DD (approx)

   📈 Equity ($989–$1160):
      $     989 |░░░░░░░░░░░░░░░░░░░░░░░░░░░░░░░░░░░░░░░░|
      $   1,012 |█████░░░░░░░░░░░░░░░░░░░░░░░░░░░░░░░░░░░|
      $   1,065 |█████████████████░░░░░░░░░░░░░░░░░░░░░░░|
      $   1,090 |███████████████████████░░░░░░░░░░░░░░░░░|
      $   1,129 |████████████████████████████████░░░░░░░░|
      $   1,136 |██████████████████████████████████░░░░░░|
      $   1,134 |██████████████████████████████████░░░░░░|
      $   1,124 |███████████████████████████████░░░░░░░░░|
      $   1,116 |█████████████████████████████░░░░░░░░░░░|
      $   1,105 |███████████████████████████░░░░░░░░░░░░░|

   Saved: /workdir/invest/trading_logs/fast_sim_equity.csv

======================================================================
   🟢 PROFITABLE — go live
======================================================================
[14:07:09]   => Return=+10.5%  HAC=+5.24
[14:07:09] SIM #39: STAB_newchamp_h5vt50_R2
[14:07:09] CMD: python run_fast_sim.py --data data/features/crypto_features_1h.parquet --days 66 --start-date 2026-01-01 --end-date 2026-03-07 --leverage 3 --kelly 0.8 --edge-boost --no-deriv-gate --no-ddstop --ensemble --hysteresis 5 --vol-target-ann 0.50
======================================================================
  FAST SIMULATION
  66d | $1,000 | rebal=12h | N=10+10 | kelly=80% | cost=4bp/side
  leverage=3x | mode=boost+voltgt50%
======================================================================

📊 Loading offline data: data/features/crypto_features_1h.parquet
   (2565321, 107), 50 symbols
   Date range: 2017-09-16 09:00:00+00:00 → 2026-03-07 15:00:00+00:00
   Enriching features (cross-asset, regime, 12h+v7, calendar, macro, sentiment, derivatives)...
   🎯 Adding targets...
   🌐 Adding cross-asset features...
   🔰 Adding advanced regime features...
   🕐 Adding 12h-specific features (v7 enhanced)...
   ✅ Added ~18 features for 12h holding period (v7)
   📅 SKIPPED calendar features (SKIP_CALENDAR=1)
   🏛️ Adding macro features...
      Macro raw: 9 cols, derived: 29, total new: 38
   📰 Adding sentiment features... (news_mode=all)
      FNG: 2018-02-01 → 2026-03-11, mean=48.3
      Funding: 96,393 non-zero rows (3.8%)
      LS ratio: 0 non-missing rows
      Synthetic positioning features...
      Loading news features (mode=all)...
      + coin-level news: 8 features
      + market-level news: 7 features
      📊 Coverage: 2,228,238/2,565,321 rows (86.9%)
      📰 Events: 1,100,564/2,228,238 covered rows (49.4%) have news
      🕳️  Holes: 337,083 rows = NaN (not 0!)
   ✅ Sentiment features added: 173 → 210 total
   📊 Adding derivatives features (Binance Futures)...
      Loaded metrics: 1,800,870 rows, 50 symbols, 2021-12-01 → 2026-03-12
      OI: 1,785,559 rows (69.6%), 9 features
      Taker: 1,648,976 rows (64.3%), 6 features
      Top L/S: 1,433,710 rows (55.9%), 5 features
      Global L/S: 3 features
      Binance funding: 2,239,209 rows (87.3%)
      Funding surprise: computed from OKX funding data
      Market-wide aggregates: 4 features
      Basis/Premium: 448,115 rows (17.5%), 6 features
      ⚠️  No liquidation data (run download_binance_futures.py)
      DVOL: 13 features (BTC range: 2021-04-01 → 2026-03-15)
   ✅ Derivatives features: +48 features
   🧬 Adding news interaction features...
   ✅ Added 23 news interaction features
   ⚠️  offline mode: some features may be zero-filled by models
   Final: (2565321, 299), 281 features
📡 Models …
   catboost: 5 CB models, 156 feats
   mlp: 5 MLP models, 177 feats ⚠️ 9 features zero-filled
   🏗️  Architecture: 2 groups (10 models)
   2026-01-01 04:00:00+00:00 → 2026-03-06 16:00:00+00:00  (130 steps, 12h apart)

📐 Calibrating edge distribution (P75 (for boost/adaptive)) ...
   P75 edge = 0.01888, P90 = 0.02798
   (1410 samples, 30 steps)
   Vol targeting: 50% annual → 0.0185 per-step, lookback=48

──────────────────────────────────────────────────────────────────────
      0/129 | $  988.02 | DD  -1.2% | L10 S10 | Δ20
      5/129 | $  986.33 | DD  -1.8% | L10 S10 | Δ18
     10/129 | $1,000.45 | DD  -0.3% | L10 S10 | Δ16
     15/129 | $1,005.65 | DD  -0.7% | L10 S10 | Δ20
     20/129 | $1,005.04 | DD  -0.8% | L10 S10 | Δ22
     25/129 | $  970.18 | DD  -4.9% | L10 S10 | Δ16
     30/129 | $  974.64 | DD  -4.5% | L10 S10 | Δ20
     35/129 | $1,018.90 | DD  -0.2% | L10 S10 | Δ24
     40/129 | $1,002.52 | DD  -2.8% | L10 S10 | Δ28
     45/129 | $1,083.67 | DD   0.0% | L10 S10 | Δ12
     50/129 | $1,141.00 | DD   0.0% | L10 S10 | Δ30
     55/129 | $1,196.29 | DD   0.0% | L10 S10 | Δ18
     60/129 | $1,255.59 | DD   0.0% | L10 S10 | Δ26
     65/129 | $1,297.50 | DD   0.0% | L10 S10 | Δ26
     70/129 | $1,314.21 | DD  -0.1% | L10 S10 | Δ34
     75/129 | $1,349.99 | DD   0.0% | L10 S10 | Δ28
     80/129 | $1,391.07 | DD   0.0% | L10 S10 | Δ28
     85/129 | $1,493.60 | DD   0.0% | L10 S10 | Δ18
     90/129 | $1,447.24 | DD  -3.1% | L10 S10 | Δ14
     95/129 | $1,565.15 | DD   0.0% | L10 S10 | Δ22
    100/129 | $1,496.98 | DD  -4.4% | L10 S10 | Δ24
    105/129 | $1,453.97 | DD  -7.1% | L10 S10 | Δ28
    110/129 | $1,560.43 | DD  -0.3% | L10 S10 | Δ26
    115/129 | $1,588.35 | DD  -0.6% | L10 S10 | Δ16
    120/129 | $1,610.96 | DD  -1.7% | L10 S10 | Δ18
    125/129 | $1,701.36 | DD   0.0% | L10 S10 | Δ30
    128/129 | $1,639.82 | DD  -3.6% | L10 S10 | Δ20

======================================================================
  RESULTS — 66d, rebal=12h, N=10+10, lev=3x, mode=boost+voltgt50%
======================================================================

   Start:      $1,000
   End:        $1,639.82
   Return:     +64.0%  (ann. ~+354%)
   Max DD:     -9.3%
   Sharpe:     +6.50
   Sharpe HAC: +7.39  (Newey-West adjusted)
   Calmar:     37.88
   Win Rate:   60%  (78W / 51L)
   Avg Win:    $+18.02
   Avg Loss:   $-15.01
   PF:         1.84
   Trades:     2918
   Turnover:   $552,973  (553.0x capital)
   Costs:      $288.94  (28.9%)
   Vol target: 50% ann, avg scale 1.15x
   Leverage:   3x
   Liq. level: -33% DD (approx)

   📈 Equity ($925–$1697):
      $     988 |███░░░░░░░░░░░░░░░░░░░░░░░░░░░░░░░░░░░░░|
      $     998 |███░░░░░░░░░░░░░░░░░░░░░░░░░░░░░░░░░░░░░|
      $     925 |░░░░░░░░░░░░░░░░░░░░░░░░░░░░░░░░░░░░░░░░|
      $   1,115 |█████████░░░░░░░░░░░░░░░░░░░░░░░░░░░░░░░|
      $   1,287 |██████████████████░░░░░░░░░░░░░░░░░░░░░░|
      $   1,391 |████████████████████████░░░░░░░░░░░░░░░░|
      $   1,526 |███████████████████████████████░░░░░░░░░|
      $   1,574 |█████████████████████████████████░░░░░░░|
      $   1,640 |█████████████████████████████████████░░░|

   Saved: /workdir/invest/trading_logs/fast_sim_equity.csv

======================================================================
   🟢 PROFITABLE — go live
======================================================================
[14:10:22]   => Return=+64.0%  HAC=+7.39
[14:10:22] SIM #40: STAB_oldchamp_hyst5_R1
[14:10:22] CMD: python run_fast_sim.py --data data/features/crypto_features_1h.parquet --days 92 --start-date 2025-10-01 --end-date 2025-12-31 --leverage 3 --kelly 0.8 --edge-boost --no-deriv-gate --no-ddstop --ensemble --hysteresis 5
======================================================================
  FAST SIMULATION
  92d | $1,000 | rebal=12h | N=10+10 | kelly=80% | cost=4bp/side
  leverage=3x | mode=boost
======================================================================

📊 Loading offline data: data/features/crypto_features_1h.parquet
   (2565321, 107), 50 symbols
   Date range: 2017-09-16 09:00:00+00:00 → 2026-03-07 15:00:00+00:00
   Enriching features (cross-asset, regime, 12h+v7, calendar, macro, sentiment, derivatives)...
   🎯 Adding targets...
   🌐 Adding cross-asset features...
   🔰 Adding advanced regime features...
   🕐 Adding 12h-specific features (v7 enhanced)...
   ✅ Added ~18 features for 12h holding period (v7)
   📅 SKIPPED calendar features (SKIP_CALENDAR=1)
   🏛️ Adding macro features...
      Macro raw: 9 cols, derived: 29, total new: 38
   📰 Adding sentiment features... (news_mode=all)
      FNG: 2018-02-01 → 2026-03-11, mean=48.3
      Funding: 96,393 non-zero rows (3.8%)
      LS ratio: 0 non-missing rows
      Synthetic positioning features...
      Loading news features (mode=all)...
      + coin-level news: 8 features
      + market-level news: 7 features
      📊 Coverage: 2,228,238/2,565,321 rows (86.9%)
      📰 Events: 1,100,564/2,228,238 covered rows (49.4%) have news
      🕳️  Holes: 337,083 rows = NaN (not 0!)
   ✅ Sentiment features added: 173 → 210 total
   📊 Adding derivatives features (Binance Futures)...
      Loaded metrics: 1,800,870 rows, 50 symbols, 2021-12-01 → 2026-03-12
      OI: 1,785,559 rows (69.6%), 9 features
      Taker: 1,648,976 rows (64.3%), 6 features
      Top L/S: 1,433,710 rows (55.9%), 5 features
      Global L/S: 3 features
      Binance funding: 2,239,209 rows (87.3%)
      Funding surprise: computed from OKX funding data
      Market-wide aggregates: 4 features
      Basis/Premium: 448,115 rows (17.5%), 6 features
      ⚠️  No liquidation data (run download_binance_futures.py)
      DVOL: 13 features (BTC range: 2021-04-01 → 2026-03-15)
   ✅ Derivatives features: +48 features
   🧬 Adding news interaction features...
   ✅ Added 23 news interaction features
   ⚠️  offline mode: some features may be zero-filled by models
   Final: (2565321, 299), 281 features
📡 Models …
   catboost: 5 CB models, 162 feats
   mlp: 5 MLP models, 177 feats ⚠️ 9 features zero-filled
   🏗️  Architecture: 2 groups (10 models)
   2025-12-05 16:00:00+00:00 → 2025-12-30 16:00:00+00:00  (51 steps, 12h apart)

📐 Calibrating edge distribution (P75 (for boost/adaptive)) ...
   P75 edge = 0.01693, P90 = 0.02441
   (1408 samples, 30 steps)

──────────────────────────────────────────────────────────────────────
      0/50 | $  989.74 | DD  -1.0% | L10 S10 | Δ20
      5/50 | $  989.46 | DD  -1.1% | L10 S10 | Δ28
     10/50 | $1,058.40 | DD   0.0% | L10 S10 | Δ26
     15/50 | $1,064.29 | DD  -1.6% | L10 S10 | Δ22
     20/50 | $1,098.14 | DD  -0.7% | L10 S10 | Δ28
     25/50 | $1,126.73 | DD  -0.1% | L10 S10 | Δ24
     30/50 | $1,133.21 | DD  -1.5% | L10 S10 | Δ18
     35/50 | $1,132.74 | DD  -1.6% | L10 S10 | Δ22
     40/50 | $1,127.40 | DD  -2.0% | L10 S10 | Δ22
     45/50 | $1,107.03 | DD  -3.8% | L10 S10 | Δ18
     49/50 | $1,114.42 | DD  -3.1% | L10 S10 | Δ22

======================================================================
  RESULTS — 92d, rebal=12h, N=10+10, lev=3x, mode=boost
======================================================================

   Start:      $1,000
   End:        $1,114.42
   Return:     +11.4%  (ann. ~+45%)
   Max DD:     -3.9%
   Sharpe:     +5.64
   Sharpe HAC: +6.45  (Newey-West adjusted)
   Calmar:     11.79
   Win Rate:   60%  (30W / 20L)
   Avg Win:    $+9.43
   Avg Loss:   $-8.42
   PF:         1.68
   Trades:     1220
   Turnover:   $167,790  (167.8x capital)
   Costs:      $86.69  (8.7%)
   Leverage:   3x
   Liq. level: -33% DD (approx)

   📈 Equity ($989–$1151):
      $     990 |░░░░░░░░░░░░░░░░░░░░░░░░░░░░░░░░░░░░░░░░|
      $   1,004 |███░░░░░░░░░░░░░░░░░░░░░░░░░░░░░░░░░░░░░|
      $   1,058 |█████████████████░░░░░░░░░░░░░░░░░░░░░░░|
      $   1,083 |███████████████████████░░░░░░░░░░░░░░░░░|
      $   1,128 |██████████████████████████████████░░░░░░|
      $   1,133 |███████████████████████████████████░░░░░|
      $   1,130 |██████████████████████████████████░░░░░░|
      $   1,120 |████████████████████████████████░░░░░░░░|
      $   1,122 |████████████████████████████████░░░░░░░░|
      $   1,114 |███████████████████████████████░░░░░░░░░|

   Saved: /workdir/invest/trading_logs/fast_sim_equity.csv

======================================================================
   🟢 PROFITABLE — go live
======================================================================
[14:13:29]   => Return=+11.4%  HAC=+6.45
[14:13:29] SIM #41: STAB_oldchamp_hyst5_R2
[14:13:29] CMD: python run_fast_sim.py --data data/features/crypto_features_1h.parquet --days 66 --start-date 2026-01-01 --end-date 2026-03-07 --leverage 3 --kelly 0.8 --edge-boost --no-deriv-gate --no-ddstop --ensemble --hysteresis 5
======================================================================
  FAST SIMULATION
  66d | $1,000 | rebal=12h | N=10+10 | kelly=80% | cost=4bp/side
  leverage=3x | mode=boost
======================================================================

📊 Loading offline data: data/features/crypto_features_1h.parquet
   (2565321, 107), 50 symbols
   Date range: 2017-09-16 09:00:00+00:00 → 2026-03-07 15:00:00+00:00
   Enriching features (cross-asset, regime, 12h+v7, calendar, macro, sentiment, derivatives)...
   🎯 Adding targets...
   🌐 Adding cross-asset features...
   🔰 Adding advanced regime features...
   🕐 Adding 12h-specific features (v7 enhanced)...
   ✅ Added ~18 features for 12h holding period (v7)
   📅 SKIPPED calendar features (SKIP_CALENDAR=1)
   🏛️ Adding macro features...
      Macro raw: 9 cols, derived: 29, total new: 38
   📰 Adding sentiment features... (news_mode=all)
      FNG: 2018-02-01 → 2026-03-11, mean=48.3
      Funding: 96,393 non-zero rows (3.8%)
      LS ratio: 0 non-missing rows
      Synthetic positioning features...
      Loading news features (mode=all)...
      + coin-level news: 8 features
      + market-level news: 7 features
      📊 Coverage: 2,228,238/2,565,321 rows (86.9%)
      📰 Events: 1,100,564/2,228,238 covered rows (49.4%) have news
      🕳️  Holes: 337,083 rows = NaN (not 0!)
   ✅ Sentiment features added: 173 → 210 total
   📊 Adding derivatives features (Binance Futures)...
      Loaded metrics: 1,800,870 rows, 50 symbols, 2021-12-01 → 2026-03-12
      OI: 1,785,559 rows (69.6%), 9 features
      Taker: 1,648,976 rows (64.3%), 6 features
      Top L/S: 1,433,710 rows (55.9%), 5 features
      Global L/S: 3 features
      Binance funding: 2,239,209 rows (87.3%)
      Funding surprise: computed from OKX funding data
      Market-wide aggregates: 4 features
      Basis/Premium: 448,115 rows (17.5%), 6 features
      ⚠️  No liquidation data (run download_binance_futures.py)
      DVOL: 13 features (BTC range: 2021-04-01 → 2026-03-15)
   ✅ Derivatives features: +48 features
   🧬 Adding news interaction features...
   ✅ Added 23 news interaction features
   ⚠️  offline mode: some features may be zero-filled by models
   Final: (2565321, 299), 281 features
📡 Models …
   catboost: 5 CB models, 162 feats
   mlp: 5 MLP models, 177 feats ⚠️ 9 features zero-filled
   🏗️  Architecture: 2 groups (10 models)
   2026-01-01 04:00:00+00:00 → 2026-03-06 16:00:00+00:00  (130 steps, 12h apart)

📐 Calibrating edge distribution (P75 (for boost/adaptive)) ...
   P75 edge = 0.01960, P90 = 0.02823
   (1410 samples, 30 steps)

──────────────────────────────────────────────────────────────────────
      0/129 | $  981.78 | DD  -1.8% | L10 S10 | Δ20
      5/129 | $  980.69 | DD  -2.1% | L10 S10 | Δ12
     10/129 | $1,001.79 | DD  -0.3% | L10 S10 | Δ14
     15/129 | $1,003.89 | DD  -0.9% | L10 S10 | Δ20
     20/129 | $1,001.63 | DD  -1.1% | L10 S10 | Δ20
     25/129 | $  993.84 | DD  -2.4% | L10 S10 | Δ14
     30/129 | $1,000.83 | DD  -2.2% | L10 S10 | Δ20
     35/129 | $1,056.89 | DD   0.0% | L10 S10 | Δ22
     40/129 | $1,035.43 | DD  -2.5% | L10 S10 | Δ26
     45/129 | $1,133.46 | DD   0.0% | L10 S10 | Δ16
     50/129 | $1,202.09 | DD   0.0% | L10 S10 | Δ28
     55/129 | $1,266.98 | DD   0.0% | L10 S10 | Δ18
     60/129 | $1,326.60 | DD   0.0% | L10 S10 | Δ24
     65/129 | $1,378.18 | DD   0.0% | L10 S10 | Δ26
     70/129 | $1,385.53 | DD   0.0% | L10 S10 | Δ30
     75/129 | $1,428.32 | DD   0.0% | L10 S10 | Δ28
     80/129 | $1,464.26 | DD   0.0% | L10 S10 | Δ24
     85/129 | $1,544.27 | DD   0.0% | L10 S10 | Δ18
     90/129 | $1,517.37 | DD  -1.7% | L10 S10 | Δ14
     95/129 | $1,587.19 | DD   0.0% | L10 S10 | Δ22
    100/129 | $1,539.66 | DD  -3.0% | L10 S10 | Δ26
    105/129 | $1,511.00 | DD  -4.8% | L10 S10 | Δ26
    110/129 | $1,589.21 | DD   0.0% | L10 S10 | Δ28
    115/129 | $1,587.59 | DD  -0.5% | L10 S10 | Δ16
    120/129 | $1,604.77 | DD  -1.2% | L10 S10 | Δ16
    125/129 | $1,672.24 | DD   0.0% | L10 S10 | Δ30
    128/129 | $1,621.09 | DD  -3.1% | L10 S10 | Δ20

======================================================================
  RESULTS — 66d, rebal=12h, N=10+10, lev=3x, mode=boost
======================================================================

   Start:      $1,000
   End:        $1,621.09
   Return:     +62.1%  (ann. ~+343%)
   Max DD:     -7.1%
   Sharpe:     +7.08
   Sharpe HAC: +8.14  (Newey-West adjusted)
   Calmar:     48.24
   Win Rate:   60%  (77W / 52L)
   Avg Win:    $+16.70
   Avg Loss:   $-12.79
   PF:         1.93
   Trades:     2856
   Turnover:   $482,672  (482.7x capital)
   Costs:      $253.37  (25.3%)
   Leverage:   3x
   Liq. level: -33% DD (approx)

   📈 Equity ($950–$1664):
      $     982 |█░░░░░░░░░░░░░░░░░░░░░░░░░░░░░░░░░░░░░░░|
      $     997 |██░░░░░░░░░░░░░░░░░░░░░░░░░░░░░░░░░░░░░░|
      $     950 |░░░░░░░░░░░░░░░░░░░░░░░░░░░░░░░░░░░░░░░░|
      $   1,177 |████████████░░░░░░░░░░░░░░░░░░░░░░░░░░░░|
      $   1,365 |███████████████████████░░░░░░░░░░░░░░░░░|
      $   1,464 |████████████████████████████░░░░░░░░░░░░|
      $   1,558 |██████████████████████████████████░░░░░░|
      $   1,596 |████████████████████████████████████░░░░|
      $   1,621 |█████████████████████████████████████░░░|

   Saved: /workdir/invest/trading_logs/fast_sim_equity.csv

======================================================================
   🟢 PROFITABLE — go live
======================================================================
[14:16:38]   => Return=+62.1%  HAC=+8.14
[14:16:38] SIM #42: STAB_oldchamp_h5vt50_FULL
[14:16:38] CMD: python run_fast_sim.py --data data/features/crypto_features_1h.parquet --days 158 --start-date 2025-10-01 --end-date 2026-03-07 --leverage 3 --kelly 0.8 --edge-boost --no-deriv-gate --no-ddstop --ensemble --hysteresis 5 --vol-target-ann 0.50
======================================================================
  FAST SIMULATION
  158d | $1,000 | rebal=12h | N=10+10 | kelly=80% | cost=4bp/side
  leverage=3x | mode=boost+voltgt50%
======================================================================

📊 Loading offline data: data/features/crypto_features_1h.parquet
   (2565321, 107), 50 symbols
   Date range: 2017-09-16 09:00:00+00:00 → 2026-03-07 15:00:00+00:00
   Enriching features (cross-asset, regime, 12h+v7, calendar, macro, sentiment, derivatives)...
   🎯 Adding targets...
   🌐 Adding cross-asset features...
   🔰 Adding advanced regime features...
   🕐 Adding 12h-specific features (v7 enhanced)...
   ✅ Added ~18 features for 12h holding period (v7)
   📅 SKIPPED calendar features (SKIP_CALENDAR=1)
   🏛️ Adding macro features...
      Macro raw: 9 cols, derived: 29, total new: 38
   📰 Adding sentiment features... (news_mode=all)
      FNG: 2018-02-01 → 2026-03-11, mean=48.3
      Funding: 96,393 non-zero rows (3.8%)
      LS ratio: 0 non-missing rows
      Synthetic positioning features...
      Loading news features (mode=all)...
      + coin-level news: 8 features
      + market-level news: 7 features
      📊 Coverage: 2,228,238/2,565,321 rows (86.9%)
      📰 Events: 1,100,564/2,228,238 covered rows (49.4%) have news
      🕳️  Holes: 337,083 rows = NaN (not 0!)
   ✅ Sentiment features added: 173 → 210 total
   📊 Adding derivatives features (Binance Futures)...
      Loaded metrics: 1,800,870 rows, 50 symbols, 2021-12-01 → 2026-03-12
      OI: 1,785,559 rows (69.6%), 9 features
      Taker: 1,648,976 rows (64.3%), 6 features
      Top L/S: 1,433,710 rows (55.9%), 5 features
      Global L/S: 3 features
      Binance funding: 2,239,209 rows (87.3%)
      Funding surprise: computed from OKX funding data
      Market-wide aggregates: 4 features
      Basis/Premium: 448,115 rows (17.5%), 6 features
      ⚠️  No liquidation data (run download_binance_futures.py)
      DVOL: 13 features (BTC range: 2021-04-01 → 2026-03-15)
   ✅ Derivatives features: +48 features
   🧬 Adding news interaction features...
   ✅ Added 23 news interaction features
   ⚠️  offline mode: some features may be zero-filled by models
   Final: (2565321, 299), 281 features
📡 Models …
   catboost: 5 CB models, 162 feats
   mlp: 5 MLP models, 177 feats ⚠️ 9 features zero-filled
   🏗️  Architecture: 2 groups (10 models)
   2025-10-01 04:00:00+00:00 → 2026-03-06 16:00:00+00:00  (314 steps, 12h apart)

📐 Calibrating edge distribution (P75 (for boost/adaptive)) ...
   P75 edge = 0.01929, P90 = 0.02768
   (1410 samples, 30 steps)
   Vol targeting: 50% annual → 0.0185 per-step, lookback=48

──────────────────────────────────────────────────────────────────────
      0/313 | $  999.96 | DD  -0.0% | L10 S10 | Δ20
      5/313 | $  960.43 | DD  -4.0% | L10 S10 | Δ12
     10/313 | $  977.02 | DD  -2.3% | L10 S10 | Δ14
     15/313 | $1,010.28 | DD   0.0% | L10 S10 | Δ32
     20/313 | $1,076.73 | DD   0.0% | L10 S10 | Δ34
     25/313 | $1,035.96 | DD  -3.8% | L10 S10 | Δ28
     30/313 | $1,087.74 | DD  -0.8% | L10 S10 | Δ30
     35/313 | $1,093.07 | DD  -1.7% | L10 S10 | Δ28
     40/313 | $1,107.62 | DD  -0.4% | L10 S10 | Δ20
     45/313 | $1,161.17 | DD  -0.6% | L10 S10 | Δ24
     50/313 | $1,181.65 | DD  -0.7% | L10 S10 | Δ16
     55/313 | $1,236.43 | DD   0.0% | L10 S10 | Δ18
     60/313 | $1,203.85 | DD  -2.6% | L10 S10 | Δ30
     65/313 | $1,180.65 | DD  -4.5% | L10 S10 | Δ20
     70/313 | $1,177.07 | DD  -4.8% | L10 S10 | Δ26
     75/313 | $  973.82 | DD -21.2% | L10 S10 | Δ18
     80/313 | $1,059.36 | DD -14.3% | L10 S10 | Δ26
     85/313 | $1,148.25 | DD  -7.1% | L10 S10 | Δ32
     90/313 | $1,203.74 | DD  -2.6% | L10 S10 | Δ16
     95/313 | $1,202.19 | DD  -2.8% | L10 S10 | Δ28
    100/313 | $1,220.06 | DD  -1.3% | L10 S10 | Δ32
    105/313 | $1,213.15 | DD  -2.1% | L10 S10 | Δ34
    110/313 | $1,240.63 | DD   0.0% | L10 S10 | Δ26
    115/313 | $1,206.30 | DD  -3.1% | L10 S10 | Δ22
    120/313 | $1,185.85 | DD  -4.8% | L10 S10 | Δ26
    125/313 | $1,203.23 | DD  -3.4% | L10 S10 | Δ18
    130/313 | $1,182.56 | DD  -5.0% | L10 S10 | Δ22
    135/313 | $1,177.43 | DD  -5.4% | L10 S10 | Δ20
    140/313 | $1,242.41 | DD  -0.2% | L10 S10 | Δ26
    145/313 | $1,275.54 | DD  -2.9% | L10 S10 | Δ22
    150/313 | $1,346.31 | DD   0.0% | L10 S10 | Δ34
    155/313 | $1,379.54 | DD   0.0% | L10 S10 | Δ26
    160/313 | $1,387.47 | DD  -1.8% | L10 S10 | Δ32
    165/313 | $1,386.13 | DD  -1.9% | L10 S10 | Δ22
    170/313 | $1,377.49 | DD  -2.5% | L10 S10 | Δ24
    175/313 | $1,352.42 | DD  -4.3% | L10 S10 | Δ18
    180/313 | $1,357.32 | DD  -3.9% | L10 S10 | Δ22
    185/313 | $1,338.05 | DD  -5.3% | L10 S10 | Δ22
    190/313 | $1,340.75 | DD  -5.1% | L10 S10 | Δ18
    195/313 | $1,410.27 | DD  -0.2% | L10 S10 | Δ20
    200/313 | $1,381.31 | DD  -2.2% | L10 S10 | Δ24
    205/313 | $1,381.44 | DD  -2.2% | L10 S10 | Δ18
    210/313 | $1,386.32 | DD  -2.6% | L10 S10 | Δ18
    215/313 | $1,398.14 | DD  -1.8% | L10 S10 | Δ14
    220/313 | $1,455.81 | DD   0.0% | L10 S10 | Δ24
    225/313 | $1,466.78 | DD   0.0% | L10 S10 | Δ32
    230/313 | $1,550.73 | DD   0.0% | L10 S10 | Δ20
    235/313 | $1,593.12 | DD  -1.4% | L10 S10 | Δ22
    240/313 | $1,721.30 | DD   0.0% | L10 S10 | Δ30
    245/313 | $1,798.31 | DD   0.0% | L10 S10 | Δ26
    250/313 | $1,825.01 | DD  -0.2% | L10 S10 | Δ32
    255/313 | $1,801.99 | DD  -1.9% | L10 S10 | Δ24
    260/313 | $1,874.30 | DD  -1.0% | L10 S10 | Δ28
    265/313 | $1,943.95 | DD   0.0% | L10 S10 | Δ26
    270/313 | $2,060.53 | DD  -0.9% | L10 S10 | Δ26
    275/313 | $2,062.57 | DD  -0.8% | L10 S10 | Δ30
    280/313 | $2,112.54 | DD  -3.0% | L10 S10 | Δ32
    285/313 | $2,062.63 | DD  -5.3% | L10 S10 | Δ20
    290/313 | $2,037.33 | DD  -6.5% | L10 S10 | Δ26
    295/313 | $2,145.07 | DD  -1.5% | L10 S10 | Δ30
    300/313 | $2,155.32 | DD  -1.5% | L10 S10 | Δ24
    305/313 | $2,254.88 | DD   0.0% | L10 S10 | Δ18
    310/313 | $2,314.25 | DD  -0.6% | L10 S10 | Δ18
    312/313 | $2,236.54 | DD  -4.0% | L10 S10 | Δ20

======================================================================
  RESULTS — 158d, rebal=12h, N=10+10, lev=3x, mode=boost+voltgt50%
======================================================================

   Start:      $1,000
   End:        $2,236.54
   Return:     +123.7%  (ann. ~+286%)
   Max DD:     -21.6%
   Sharpe:     +4.44
   Sharpe HAC: +4.74  (Newey-West adjusted)
   Calmar:     13.25
   Win Rate:   60%  (187W / 126L)
   Avg Win:    $+18.61
   Avg Loss:   $-17.80
   PF:         1.55
   Trades:     7178
   Turnover:   $1,486,234  (1486.2x capital)
   Costs:      $777.33  (77.7%)
   Vol target: 50% ann, avg scale 1.12x
   Leverage:   3x
   Liq. level: -33% DD (approx)

   📈 Equity ($968–$2238):
      $   1,000 |░░░░░░░░░░░░░░░░░░░░░░░░░░░░░░░░░░░░░░░░|
      $   1,079 |███░░░░░░░░░░░░░░░░░░░░░░░░░░░░░░░░░░░░░|
      $   1,136 |█████░░░░░░░░░░░░░░░░░░░░░░░░░░░░░░░░░░░|
      $   1,208 |███████░░░░░░░░░░░░░░░░░░░░░░░░░░░░░░░░░|
      $   1,314 |██████████░░░░░░░░░░░░░░░░░░░░░░░░░░░░░░|
      $   1,357 |████████████░░░░░░░░░░░░░░░░░░░░░░░░░░░░|
      $   1,307 |██████████░░░░░░░░░░░░░░░░░░░░░░░░░░░░░░|
      $   1,808 |██████████████████████████░░░░░░░░░░░░░░|
      $   2,044 |█████████████████████████████████░░░░░░░|
      $   2,237 |███████████████████████████████████████░|

   Saved: /workdir/invest/trading_logs/fast_sim_equity.csv

======================================================================
   🟡 Marginal — keep monitoring
======================================================================
[14:19:56]   => Return=+123.7%  HAC=+4.74
[14:19:56]   ⏱️  Phase took 28m 39s
[14:19:56] 
[14:19:56] ============================================================
[14:19:56]   PHASE 5: LEVERAGE SENSITIVITY
[14:19:56] ============================================================
[14:19:56] SIM #43: LEV_combo_1x
[14:19:56] CMD: python run_fast_sim.py --data data/features/crypto_features_1h.parquet --days 158 --start-date 2025-10-01 --end-date 2026-03-07 --leverage 1 --kelly 0.8 --edge-boost --no-deriv-gate --no-ddstop --ensemble --hysteresis 5 --vol-target-ann 0.50
======================================================================
  FAST SIMULATION
  158d | $1,000 | rebal=12h | N=10+10 | kelly=80% | cost=4bp/side
  leverage=1x | mode=boost+voltgt50%
======================================================================

📊 Loading offline data: data/features/crypto_features_1h.parquet
   (2565321, 107), 50 symbols
   Date range: 2017-09-16 09:00:00+00:00 → 2026-03-07 15:00:00+00:00
   Enriching features (cross-asset, regime, 12h+v7, calendar, macro, sentiment, derivatives)...
   🎯 Adding targets...
   🌐 Adding cross-asset features...
   🔰 Adding advanced regime features...
   🕐 Adding 12h-specific features (v7 enhanced)...
   ✅ Added ~18 features for 12h holding period (v7)
   📅 SKIPPED calendar features (SKIP_CALENDAR=1)
   🏛️ Adding macro features...
      Macro raw: 9 cols, derived: 29, total new: 38
   📰 Adding sentiment features... (news_mode=all)
      FNG: 2018-02-01 → 2026-03-11, mean=48.3
      Funding: 96,393 non-zero rows (3.8%)
      LS ratio: 0 non-missing rows
      Synthetic positioning features...
      Loading news features (mode=all)...
      + coin-level news: 8 features
      + market-level news: 7 features
      📊 Coverage: 2,228,238/2,565,321 rows (86.9%)
      📰 Events: 1,100,564/2,228,238 covered rows (49.4%) have news
      🕳️  Holes: 337,083 rows = NaN (not 0!)
   ✅ Sentiment features added: 173 → 210 total
   📊 Adding derivatives features (Binance Futures)...
      Loaded metrics: 1,800,870 rows, 50 symbols, 2021-12-01 → 2026-03-12
      OI: 1,785,559 rows (69.6%), 9 features
      Taker: 1,648,976 rows (64.3%), 6 features
      Top L/S: 1,433,710 rows (55.9%), 5 features
      Global L/S: 3 features
      Binance funding: 2,239,209 rows (87.3%)
      Funding surprise: computed from OKX funding data
      Market-wide aggregates: 4 features
      Basis/Premium: 448,115 rows (17.5%), 6 features
      ⚠️  No liquidation data (run download_binance_futures.py)
      DVOL: 13 features (BTC range: 2021-04-01 → 2026-03-15)
   ✅ Derivatives features: +48 features
   🧬 Adding news interaction features...
   ✅ Added 23 news interaction features
   ⚠️  offline mode: some features may be zero-filled by models
   Final: (2565321, 299), 281 features
📡 Models …
   catboost: 5 CB models, 156 feats
   mlp: 5 MLP models, 177 feats ⚠️ 9 features zero-filled
   🏗️  Architecture: 2 groups (10 models)
   2025-10-01 04:00:00+00:00 → 2026-03-06 16:00:00+00:00  (314 steps, 12h apart)

📐 Calibrating edge distribution (P75 (for boost/adaptive)) ...
   P75 edge = 0.01883, P90 = 0.02760
   (1410 samples, 30 steps)
   Vol targeting: 50% annual → 0.0185 per-step, lookback=48

──────────────────────────────────────────────────────────────────────
      0/313 | $1,000.27 | DD   0.0% | L10 S10 | Δ20
      5/313 | $  988.66 | DD  -1.2% | L10 S10 | Δ12
     10/313 | $  994.90 | DD  -0.5% | L10 S10 | Δ14
     15/313 | $1,007.33 | DD   0.0% | L10 S10 | Δ30
     20/313 | $1,034.13 | DD   0.0% | L10 S10 | Δ36
     25/313 | $1,018.20 | DD  -1.5% | L10 S10 | Δ28
     30/313 | $1,064.16 | DD  -0.5% | L10 S10 | Δ30
     35/313 | $1,066.35 | DD  -1.7% | L10 S10 | Δ30
     40/313 | $1,077.28 | DD  -0.6% | L10 S10 | Δ20
     45/313 | $1,113.93 | DD  -0.3% | L10 S10 | Δ26
     50/313 | $1,126.92 | DD  -0.3% | L10 S10 | Δ16
     55/313 | $1,156.97 | DD   0.0% | L10 S10 | Δ20
     60/313 | $1,139.73 | DD  -1.5% | L10 S10 | Δ30
     65/313 | $1,126.41 | DD  -2.6% | L10 S10 | Δ24
     70/313 | $1,124.87 | DD  -2.8% | L10 S10 | Δ26
     75/313 | $1,017.22 | DD -12.1% | L10 S10 | Δ16
     80/313 | $1,065.48 | DD  -7.9% | L10 S10 | Δ26
     85/313 | $1,120.01 | DD  -3.2% | L10 S10 | Δ32
     90/313 | $1,149.85 | DD  -0.6% | L10 S10 | Δ20
     95/313 | $1,149.04 | DD  -1.1% | L10 S10 | Δ26
    100/313 | $1,164.63 | DD   0.0% | L10 S10 | Δ36
    105/313 | $1,171.83 | DD  -0.5% | L10 S10 | Δ32
    110/313 | $1,189.35 | DD   0.0% | L10 S10 | Δ28
    115/313 | $1,171.19 | DD  -1.7% | L10 S10 | Δ22
    120/313 | $1,160.40 | DD  -2.6% | L10 S10 | Δ24
    125/313 | $1,164.63 | DD  -2.2% | L10 S10 | Δ16
    130/313 | $1,160.97 | DD  -2.6% | L10 S10 | Δ20
    135/313 | $1,164.74 | DD  -2.2% | L10 S10 | Δ24
    140/313 | $1,198.70 | DD   0.0% | L10 S10 | Δ26
    145/313 | $1,213.51 | DD  -1.5% | L10 S10 | Δ22
    150/313 | $1,253.73 | DD   0.0% | L10 S10 | Δ32
    155/313 | $1,264.79 | DD   0.0% | L10 S10 | Δ24
    160/313 | $1,268.27 | DD  -0.9% | L10 S10 | Δ30
    165/313 | $1,272.36 | DD  -0.7% | L10 S10 | Δ24
    170/313 | $1,266.59 | DD  -1.1% | L10 S10 | Δ22
    175/313 | $1,260.27 | DD  -1.6% | L10 S10 | Δ14
    180/313 | $1,260.43 | DD  -1.6% | L10 S10 | Δ24
    185/313 | $1,255.95 | DD  -2.0% | L10 S10 | Δ20
    190/313 | $1,254.37 | DD  -2.2% | L10 S10 | Δ18
    195/313 | $1,292.99 | DD   0.0% | L10 S10 | Δ24
    200/313 | $1,282.07 | DD  -0.8% | L10 S10 | Δ24
    205/313 | $1,284.27 | DD  -0.7% | L10 S10 | Δ18
    210/313 | $1,281.41 | DD  -1.7% | L10 S10 | Δ18
    215/313 | $1,289.86 | DD  -1.0% | L10 S10 | Δ16
    220/313 | $1,332.47 | DD   0.0% | L10 S10 | Δ28
    225/313 | $1,337.75 | DD   0.0% | L10 S10 | Δ30
    230/313 | $1,380.55 | DD   0.0% | L10 S10 | Δ18
    235/313 | $1,403.58 | DD  -0.8% | L10 S10 | Δ24
    240/313 | $1,472.09 | DD   0.0% | L10 S10 | Δ28
    245/313 | $1,511.48 | DD   0.0% | L10 S10 | Δ28
    250/313 | $1,529.10 | DD   0.0% | L10 S10 | Δ30
    255/313 | $1,526.44 | DD  -1.0% | L10 S10 | Δ24
    260/313 | $1,559.33 | DD  -0.4% | L10 S10 | Δ30
    265/313 | $1,596.61 | DD   0.0% | L10 S10 | Δ28
    270/313 | $1,649.70 | DD  -0.4% | L10 S10 | Δ26
    275/313 | $1,649.12 | DD  -0.5% | L10 S10 | Δ28
    280/313 | $1,673.71 | DD  -1.0% | L10 S10 | Δ30
    285/313 | $1,655.41 | DD  -2.1% | L10 S10 | Δ20
    290/313 | $1,642.65 | DD  -2.9% | L10 S10 | Δ24
    295/313 | $1,686.40 | DD  -0.6% | L10 S10 | Δ32
    300/313 | $1,710.02 | DD  -0.5% | L10 S10 | Δ24
    305/313 | $1,749.21 | DD   0.0% | L10 S10 | Δ18
    310/313 | $1,778.73 | DD  -0.1% | L10 S10 | Δ20
    312/313 | $1,747.93 | DD  -1.8% | L10 S10 | Δ20

======================================================================
  RESULTS — 158d, rebal=12h, N=10+10, lev=1x, mode=boost+voltgt50%
======================================================================

   Start:      $1,000
   End:        $1,747.93
   Return:     +74.8%  (ann. ~+173%)
   Max DD:     -12.6%
   Sharpe:     +5.49
   Sharpe HAC: +5.66  (Newey-West adjusted)
   Calmar:     13.77
   Win Rate:   61%  (191W / 122L)
   Avg Win:    $+9.38
   Avg Loss:   $-8.55
   PF:         1.72
   Trades:     7314
   Turnover:   $712,476  (712.5x capital)
   Costs:      $284.99  (28.5%)
   Vol target: 50% ann, avg scale 1.83x

   📈 Equity ($991–$1748):
      $   1,000 |░░░░░░░░░░░░░░░░░░░░░░░░░░░░░░░░░░░░░░░░|
      $   1,057 |███░░░░░░░░░░░░░░░░░░░░░░░░░░░░░░░░░░░░░|
      $   1,107 |██████░░░░░░░░░░░░░░░░░░░░░░░░░░░░░░░░░░|
      $   1,167 |█████████░░░░░░░░░░░░░░░░░░░░░░░░░░░░░░░|
      $   1,233 |████████████░░░░░░░░░░░░░░░░░░░░░░░░░░░░|
      $   1,260 |██████████████░░░░░░░░░░░░░░░░░░░░░░░░░░|
      $   1,243 |█████████████░░░░░░░░░░░░░░░░░░░░░░░░░░░|
      $   1,526 |████████████████████████████░░░░░░░░░░░░|
      $   1,647 |██████████████████████████████████░░░░░░|
      $   1,748 |████████████████████████████████████████|

   Saved: /workdir/invest/trading_logs/fast_sim_equity.csv

======================================================================
   🟢 PROFITABLE — go live
======================================================================
[14:23:11]   => Return=+74.8%  HAC=+5.66
[14:23:11] SIM #44: LEV_combo_2x
[14:23:11] CMD: python run_fast_sim.py --data data/features/crypto_features_1h.parquet --days 158 --start-date 2025-10-01 --end-date 2026-03-07 --leverage 2 --kelly 0.8 --edge-boost --no-deriv-gate --no-ddstop --ensemble --hysteresis 5 --vol-target-ann 0.50
======================================================================
  FAST SIMULATION
  158d | $1,000 | rebal=12h | N=10+10 | kelly=80% | cost=4bp/side
  leverage=2x | mode=boost+voltgt50%
======================================================================

📊 Loading offline data: data/features/crypto_features_1h.parquet
   (2565321, 107), 50 symbols
   Date range: 2017-09-16 09:00:00+00:00 → 2026-03-07 15:00:00+00:00
   Enriching features (cross-asset, regime, 12h+v7, calendar, macro, sentiment, derivatives)...
   🎯 Adding targets...
   🌐 Adding cross-asset features...
   🔰 Adding advanced regime features...
   🕐 Adding 12h-specific features (v7 enhanced)...
   ✅ Added ~18 features for 12h holding period (v7)
   📅 SKIPPED calendar features (SKIP_CALENDAR=1)
   🏛️ Adding macro features...
      Macro raw: 9 cols, derived: 29, total new: 38
   📰 Adding sentiment features... (news_mode=all)
      FNG: 2018-02-01 → 2026-03-11, mean=48.3
      Funding: 96,393 non-zero rows (3.8%)
      LS ratio: 0 non-missing rows
      Synthetic positioning features...
      Loading news features (mode=all)...
      + coin-level news: 8 features
      + market-level news: 7 features
      📊 Coverage: 2,228,238/2,565,321 rows (86.9%)
      📰 Events: 1,100,564/2,228,238 covered rows (49.4%) have news
      🕳️  Holes: 337,083 rows = NaN (not 0!)
   ✅ Sentiment features added: 173 → 210 total
   📊 Adding derivatives features (Binance Futures)...
      Loaded metrics: 1,800,870 rows, 50 symbols, 2021-12-01 → 2026-03-12
      OI: 1,785,559 rows (69.6%), 9 features
      Taker: 1,648,976 rows (64.3%), 6 features
      Top L/S: 1,433,710 rows (55.9%), 5 features
      Global L/S: 3 features
      Binance funding: 2,239,209 rows (87.3%)
      Funding surprise: computed from OKX funding data
      Market-wide aggregates: 4 features
      Basis/Premium: 448,115 rows (17.5%), 6 features
      ⚠️  No liquidation data (run download_binance_futures.py)
      DVOL: 13 features (BTC range: 2021-04-01 → 2026-03-15)
   ✅ Derivatives features: +48 features
   🧬 Adding news interaction features...
   ✅ Added 23 news interaction features
   ⚠️  offline mode: some features may be zero-filled by models
   Final: (2565321, 299), 281 features
📡 Models …
   catboost: 5 CB models, 156 feats
   mlp: 5 MLP models, 177 feats ⚠️ 9 features zero-filled
   🏗️  Architecture: 2 groups (10 models)
   2025-10-01 04:00:00+00:00 → 2026-03-06 16:00:00+00:00  (314 steps, 12h apart)

📐 Calibrating edge distribution (P75 (for boost/adaptive)) ...
   P75 edge = 0.01883, P90 = 0.02760
   (1410 samples, 30 steps)
   Vol targeting: 50% annual → 0.0185 per-step, lookback=48

──────────────────────────────────────────────────────────────────────
      0/313 | $1,000.30 | DD   0.0% | L10 S10 | Δ20
      5/313 | $  975.83 | DD  -2.4% | L10 S10 | Δ12
     10/313 | $  986.99 | DD  -1.3% | L10 S10 | Δ14
     15/313 | $1,010.46 | DD   0.0% | L10 S10 | Δ30
     20/313 | $1,062.34 | DD   0.0% | L10 S10 | Δ36
     25/313 | $1,032.24 | DD  -2.8% | L10 S10 | Δ28
     30/313 | $1,082.53 | DD  -0.6% | L10 S10 | Δ30
     35/313 | $1,083.11 | DD  -2.1% | L10 S10 | Δ30
     40/313 | $1,095.41 | DD  -1.0% | L10 S10 | Δ20
     45/313 | $1,141.10 | DD  -0.4% | L10 S10 | Δ26
     50/313 | $1,156.33 | DD  -0.4% | L10 S10 | Δ16
     55/313 | $1,194.78 | DD   0.0% | L10 S10 | Δ20
     60/313 | $1,169.79 | DD  -2.1% | L10 S10 | Δ30
     65/313 | $1,149.97 | DD  -3.8% | L10 S10 | Δ24
     70/313 | $1,152.06 | DD  -3.6% | L10 S10 | Δ26
     75/313 | $  982.89 | DD -17.7% | L10 S10 | Δ16
     80/313 | $1,047.43 | DD -12.3% | L10 S10 | Δ26
     85/313 | $1,120.66 | DD  -6.2% | L10 S10 | Δ32
     90/313 | $1,160.48 | DD  -2.9% | L10 S10 | Δ20
     95/313 | $1,157.91 | DD  -3.1% | L10 S10 | Δ26
    100/313 | $1,177.90 | DD  -1.4% | L10 S10 | Δ36
    105/313 | $1,186.27 | DD  -0.8% | L10 S10 | Δ32
    110/313 | $1,208.88 | DD   0.0% | L10 S10 | Δ28
    115/313 | $1,182.39 | DD  -2.4% | L10 S10 | Δ22
    120/313 | $1,166.18 | DD  -3.7% | L10 S10 | Δ24
    125/313 | $1,175.23 | DD  -3.0% | L10 S10 | Δ16
    130/313 | $1,166.64 | DD  -3.7% | L10 S10 | Δ20
    135/313 | $1,171.41 | DD  -3.3% | L10 S10 | Δ24
    140/313 | $1,227.39 | DD   0.0% | L10 S10 | Δ26
    145/313 | $1,250.80 | DD  -2.4% | L10 S10 | Δ22
    150/313 | $1,309.48 | DD   0.0% | L10 S10 | Δ32
    155/313 | $1,323.92 | DD   0.0% | L10 S10 | Δ24
    160/313 | $1,326.98 | DD  -1.5% | L10 S10 | Δ30
    165/313 | $1,330.69 | DD  -1.2% | L10 S10 | Δ24
    170/313 | $1,319.05 | DD  -2.0% | L10 S10 | Δ22
    175/313 | $1,305.46 | DD  -3.1% | L10 S10 | Δ14
    180/313 | $1,302.70 | DD  -3.3% | L10 S10 | Δ24
    185/313 | $1,293.32 | DD  -4.0% | L10 S10 | Δ20
    190/313 | $1,290.33 | DD  -4.2% | L10 S10 | Δ18
    195/313 | $1,349.41 | DD   0.0% | L10 S10 | Δ24
    200/313 | $1,328.85 | DD  -1.5% | L10 S10 | Δ24
    205/313 | $1,329.94 | DD  -1.4% | L10 S10 | Δ18
    210/313 | $1,320.88 | DD  -3.0% | L10 S10 | Δ18
    215/313 | $1,331.34 | DD  -2.3% | L10 S10 | Δ16
    220/313 | $1,385.24 | DD   0.0% | L10 S10 | Δ28
    225/313 | $1,390.77 | DD   0.0% | L10 S10 | Δ30
    230/313 | $1,450.12 | DD   0.0% | L10 S10 | Δ18
    235/313 | $1,481.64 | DD  -1.2% | L10 S10 | Δ24
    240/313 | $1,582.41 | DD   0.0% | L10 S10 | Δ28
    245/313 | $1,640.60 | DD   0.0% | L10 S10 | Δ28
    250/313 | $1,665.58 | DD   0.0% | L10 S10 | Δ30
    255/313 | $1,658.97 | DD  -1.5% | L10 S10 | Δ24
    260/313 | $1,708.39 | DD  -0.7% | L10 S10 | Δ30
    265/313 | $1,765.69 | DD   0.0% | L10 S10 | Δ28
    270/313 | $1,856.98 | DD  -0.7% | L10 S10 | Δ26
    275/313 | $1,852.84 | DD  -0.9% | L10 S10 | Δ28
    280/313 | $1,903.03 | DD  -2.1% | L10 S10 | Δ30
    285/313 | $1,861.26 | DD  -4.2% | L10 S10 | Δ20
    290/313 | $1,831.59 | DD  -5.7% | L10 S10 | Δ24
    295/313 | $1,916.75 | DD  -1.4% | L10 S10 | Δ32
    300/313 | $1,957.49 | DD  -0.9% | L10 S10 | Δ24
    305/313 | $2,026.20 | DD   0.0% | L10 S10 | Δ18
    310/313 | $2,076.29 | DD  -0.2% | L10 S10 | Δ20
    312/313 | $2,019.05 | DD  -3.0% | L10 S10 | Δ20

======================================================================
  RESULTS — 158d, rebal=12h, N=10+10, lev=2x, mode=boost+voltgt50%
======================================================================

   Start:      $1,000
   End:        $2,019.05
   Return:     +101.9%  (ann. ~+235%)
   Max DD:     -18.3%
   Sharpe:     +4.68
   Sharpe HAC: +4.91  (Newey-West adjusted)
   Calmar:     12.84
   Win Rate:   60%  (189W / 124L)
   Avg Win:    $+14.50
   Avg Loss:   $-13.89
   PF:         1.59
   Trades:     7314
   Turnover:   $1,149,450  (1149.4x capital)
   Costs:      $599.12  (59.9%)
   Vol target: 50% ann, avg scale 1.37x
   Leverage:   2x
   Liq. level: -50% DD (approx)

   📈 Equity ($980–$2019):
      $   1,000 |░░░░░░░░░░░░░░░░░░░░░░░░░░░░░░░░░░░░░░░░|
      $   1,071 |███░░░░░░░░░░░░░░░░░░░░░░░░░░░░░░░░░░░░░|
      $   1,121 |█████░░░░░░░░░░░░░░░░░░░░░░░░░░░░░░░░░░░|
      $   1,179 |███████░░░░░░░░░░░░░░░░░░░░░░░░░░░░░░░░░|
      $   1,282 |███████████░░░░░░░░░░░░░░░░░░░░░░░░░░░░░|
      $   1,303 |████████████░░░░░░░░░░░░░░░░░░░░░░░░░░░░|
      $   1,265 |██████████░░░░░░░░░░░░░░░░░░░░░░░░░░░░░░|
      $   1,660 |██████████████████████████░░░░░░░░░░░░░░|
      $   1,843 |█████████████████████████████████░░░░░░░|
      $   2,019 |████████████████████████████████████████|

   Saved: /workdir/invest/trading_logs/fast_sim_equity.csv

======================================================================
   🟡 Marginal — keep monitoring
======================================================================
[14:26:28]   => Return=+101.9%  HAC=+4.91
[14:26:28] SIM #45: LEV_combo_4x
[14:26:28] CMD: python run_fast_sim.py --data data/features/crypto_features_1h.parquet --days 158 --start-date 2025-10-01 --end-date 2026-03-07 --leverage 4 --kelly 0.8 --edge-boost --no-deriv-gate --no-ddstop --ensemble --hysteresis 5 --vol-target-ann 0.50
======================================================================
  FAST SIMULATION
  158d | $1,000 | rebal=12h | N=10+10 | kelly=80% | cost=4bp/side
  leverage=4x | mode=boost+voltgt50%
======================================================================

📊 Loading offline data: data/features/crypto_features_1h.parquet
   (2565321, 107), 50 symbols
   Date range: 2017-09-16 09:00:00+00:00 → 2026-03-07 15:00:00+00:00
   Enriching features (cross-asset, regime, 12h+v7, calendar, macro, sentiment, derivatives)...
   🎯 Adding targets...
   🌐 Adding cross-asset features...
   🔰 Adding advanced regime features...
   🕐 Adding 12h-specific features (v7 enhanced)...
   ✅ Added ~18 features for 12h holding period (v7)
   📅 SKIPPED calendar features (SKIP_CALENDAR=1)
   🏛️ Adding macro features...
      Macro raw: 9 cols, derived: 29, total new: 38
   📰 Adding sentiment features... (news_mode=all)
      FNG: 2018-02-01 → 2026-03-11, mean=48.3
      Funding: 96,393 non-zero rows (3.8%)
      LS ratio: 0 non-missing rows
      Synthetic positioning features...
      Loading news features (mode=all)...
      + coin-level news: 8 features
      + market-level news: 7 features
      📊 Coverage: 2,228,238/2,565,321 rows (86.9%)
      📰 Events: 1,100,564/2,228,238 covered rows (49.4%) have news
      🕳️  Holes: 337,083 rows = NaN (not 0!)
   ✅ Sentiment features added: 173 → 210 total
   📊 Adding derivatives features (Binance Futures)...
      Loaded metrics: 1,800,870 rows, 50 symbols, 2021-12-01 → 2026-03-12
      OI: 1,785,559 rows (69.6%), 9 features
      Taker: 1,648,976 rows (64.3%), 6 features
      Top L/S: 1,433,710 rows (55.9%), 5 features
      Global L/S: 3 features
      Binance funding: 2,239,209 rows (87.3%)
      Funding surprise: computed from OKX funding data
      Market-wide aggregates: 4 features
      Basis/Premium: 448,115 rows (17.5%), 6 features
      ⚠️  No liquidation data (run download_binance_futures.py)
      DVOL: 13 features (BTC range: 2021-04-01 → 2026-03-15)
   ✅ Derivatives features: +48 features
   🧬 Adding news interaction features...
   ✅ Added 23 news interaction features
   ⚠️  offline mode: some features may be zero-filled by models
   Final: (2565321, 299), 281 features
📡 Models …
   catboost: 5 CB models, 156 feats
   mlp: 5 MLP models, 177 feats ⚠️ 9 features zero-filled
   🏗️  Architecture: 2 groups (10 models)
   2025-10-01 04:00:00+00:00 → 2026-03-06 16:00:00+00:00  (314 steps, 12h apart)

📐 Calibrating edge distribution (P75 (for boost/adaptive)) ...
   P75 edge = 0.01883, P90 = 0.02760
   (1410 samples, 30 steps)
   Vol targeting: 50% annual → 0.0185 per-step, lookback=48

──────────────────────────────────────────────────────────────────────
      0/313 | $1,000.60 | DD   0.0% | L10 S10 | Δ20
      5/313 | $  951.43 | DD  -4.9% | L10 S10 | Δ12
     10/313 | $  973.27 | DD  -2.7% | L10 S10 | Δ14
     15/313 | $1,019.57 | DD   0.0% | L10 S10 | Δ30
     20/313 | $1,121.61 | DD   0.0% | L10 S10 | Δ36
     25/313 | $1,062.98 | DD  -5.2% | L10 S10 | Δ28
     30/313 | $1,116.30 | DD  -0.6% | L10 S10 | Δ30
     35/313 | $1,116.50 | DD  -2.3% | L10 S10 | Δ30
     40/313 | $1,130.62 | DD  -1.0% | L10 S10 | Δ20
     45/313 | $1,183.93 | DD  -0.4% | L10 S10 | Δ26
     50/313 | $1,201.87 | DD  -0.5% | L10 S10 | Δ16
     55/313 | $1,248.26 | DD   0.0% | L10 S10 | Δ20
     60/313 | $1,217.97 | DD  -2.4% | L10 S10 | Δ30
     65/313 | $1,193.57 | DD  -4.4% | L10 S10 | Δ24
     70/313 | $1,213.58 | DD  -2.8% | L10 S10 | Δ26
     75/313 | $  940.39 | DD -24.7% | L10 S10 | Δ16
     80/313 | $1,027.02 | DD -17.7% | L10 S10 | Δ26
     85/313 | $1,126.56 | DD  -9.7% | L10 S10 | Δ32
     90/313 | $1,181.55 | DD  -5.3% | L10 S10 | Δ20
     95/313 | $1,177.99 | DD  -5.6% | L10 S10 | Δ26
    100/313 | $1,205.50 | DD  -3.4% | L10 S10 | Δ36
    105/313 | $1,216.91 | DD  -2.5% | L10 S10 | Δ32
    110/313 | $1,248.07 | DD  -0.0% | L10 S10 | Δ28
    115/313 | $1,211.54 | DD  -3.2% | L10 S10 | Δ22
    120/313 | $1,189.45 | DD  -5.0% | L10 S10 | Δ24
    125/313 | $1,202.97 | DD  -3.9% | L10 S10 | Δ16
    130/313 | $1,190.16 | DD  -4.9% | L10 S10 | Δ20
    135/313 | $1,196.82 | DD  -4.4% | L10 S10 | Δ24
    140/313 | $1,278.75 | DD   0.0% | L10 S10 | Δ26
    145/313 | $1,312.92 | DD  -3.4% | L10 S10 | Δ22
    150/313 | $1,400.74 | DD   0.0% | L10 S10 | Δ32
    155/313 | $1,422.39 | DD   0.0% | L10 S10 | Δ24
    160/313 | $1,426.84 | DD  -2.0% | L10 S10 | Δ30
    165/313 | $1,432.42 | DD  -1.7% | L10 S10 | Δ24
    170/313 | $1,414.83 | DD  -2.9% | L10 S10 | Δ22
    175/313 | $1,394.30 | DD  -4.3% | L10 S10 | Δ14
    180/313 | $1,389.97 | DD  -4.6% | L10 S10 | Δ24
    185/313 | $1,375.41 | DD  -5.6% | L10 S10 | Δ20
    190/313 | $1,370.02 | DD  -6.0% | L10 S10 | Δ18
    195/313 | $1,459.15 | DD   0.0% | L10 S10 | Δ24
    200/313 | $1,427.72 | DD  -2.2% | L10 S10 | Δ24
    205/313 | $1,429.29 | DD  -2.0% | L10 S10 | Δ18
    210/313 | $1,414.41 | DD  -4.3% | L10 S10 | Δ18
    215/313 | $1,429.93 | DD  -3.3% | L10 S10 | Δ16
    220/313 | $1,510.24 | DD   0.0% | L10 S10 | Δ28
    225/313 | $1,518.16 | DD   0.0% | L10 S10 | Δ30
    230/313 | $1,609.53 | DD   0.0% | L10 S10 | Δ18
    235/313 | $1,659.03 | DD  -1.7% | L10 S10 | Δ24
    240/313 | $1,820.10 | DD   0.0% | L10 S10 | Δ28
    245/313 | $1,915.29 | DD   0.0% | L10 S10 | Δ28
    250/313 | $1,956.59 | DD   0.0% | L10 S10 | Δ30
    255/313 | $1,945.32 | DD  -2.1% | L10 S10 | Δ24
    260/313 | $2,027.35 | DD  -1.0% | L10 S10 | Δ30
    265/313 | $2,124.04 | DD   0.0% | L10 S10 | Δ28
    270/313 | $2,280.26 | DD  -1.0% | L10 S10 | Δ26
    275/313 | $2,272.76 | DD  -1.3% | L10 S10 | Δ28
    280/313 | $2,359.64 | DD  -2.9% | L10 S10 | Δ30
    285/313 | $2,286.34 | DD  -5.9% | L10 S10 | Δ20
    290/313 | $2,234.85 | DD  -8.0% | L10 S10 | Δ24
    295/313 | $2,382.33 | DD  -2.0% | L10 S10 | Δ32
    300/313 | $2,453.86 | DD  -1.3% | L10 S10 | Δ24
    305/313 | $2,575.85 | DD   0.0% | L10 S10 | Δ18
    310/313 | $2,665.65 | DD  -0.3% | L10 S10 | Δ20
    312/313 | $2,561.94 | DD  -4.2% | L10 S10 | Δ20

======================================================================
  RESULTS — 158d, rebal=12h, N=10+10, lev=4x, mode=boost+voltgt50%
======================================================================

   Start:      $1,000
   End:        $2,561.94
   Return:     +156.2%  (ann. ~+361%)
   Max DD:     -25.4%
   Sharpe:     +4.47
   Sharpe HAC: +4.72  (Newey-West adjusted)
   Calmar:     14.19
   Win Rate:   61%  (189W / 123L)
   Avg Win:    $+22.54
   Avg Loss:   $-21.93
   PF:         1.58
   Trades:     7314
   Turnover:   $1,798,177  (1798.2x capital)
   Costs:      $937.35  (93.7%)
   Vol target: 50% ann, avg scale 0.94x
   Leverage:   4x
   Liq. level: -25% DD (approx)

   📈 Equity ($960–$2562):
      $   1,001 |█░░░░░░░░░░░░░░░░░░░░░░░░░░░░░░░░░░░░░░░|
      $   1,103 |███░░░░░░░░░░░░░░░░░░░░░░░░░░░░░░░░░░░░░|
      $   1,158 |████░░░░░░░░░░░░░░░░░░░░░░░░░░░░░░░░░░░░|
      $   1,207 |██████░░░░░░░░░░░░░░░░░░░░░░░░░░░░░░░░░░|
      $   1,359 |█████████░░░░░░░░░░░░░░░░░░░░░░░░░░░░░░░|
      $   1,390 |██████████░░░░░░░░░░░░░░░░░░░░░░░░░░░░░░|
      $   1,329 |█████████░░░░░░░░░░░░░░░░░░░░░░░░░░░░░░░|
      $   1,947 |████████████████████████░░░░░░░░░░░░░░░░|
      $   2,254 |████████████████████████████████░░░░░░░░|
      $   2,562 |████████████████████████████████████████|

   Saved: /workdir/invest/trading_logs/fast_sim_equity.csv

======================================================================
   💀 LIQUIDATED — reduce leverage!
======================================================================
[14:29:43]   => Return=+156.2%  HAC=+4.72
[14:29:43] SIM #46: LEV_combo_5x
[14:29:43] CMD: python run_fast_sim.py --data data/features/crypto_features_1h.parquet --days 158 --start-date 2025-10-01 --end-date 2026-03-07 --leverage 5 --kelly 0.8 --edge-boost --no-deriv-gate --no-ddstop --ensemble --hysteresis 5 --vol-target-ann 0.50
======================================================================
  FAST SIMULATION
  158d | $1,000 | rebal=12h | N=10+10 | kelly=80% | cost=4bp/side
  leverage=5x | mode=boost+voltgt50%
======================================================================

📊 Loading offline data: data/features/crypto_features_1h.parquet
   (2565321, 107), 50 symbols
   Date range: 2017-09-16 09:00:00+00:00 → 2026-03-07 15:00:00+00:00
   Enriching features (cross-asset, regime, 12h+v7, calendar, macro, sentiment, derivatives)...
   🎯 Adding targets...
   🌐 Adding cross-asset features...
   🔰 Adding advanced regime features...
   🕐 Adding 12h-specific features (v7 enhanced)...
   ✅ Added ~18 features for 12h holding period (v7)
   📅 SKIPPED calendar features (SKIP_CALENDAR=1)
   🏛️ Adding macro features...
      Macro raw: 9 cols, derived: 29, total new: 38
   📰 Adding sentiment features... (news_mode=all)
      FNG: 2018-02-01 → 2026-03-11, mean=48.3
      Funding: 96,393 non-zero rows (3.8%)
      LS ratio: 0 non-missing rows
      Synthetic positioning features...
      Loading news features (mode=all)...
      + coin-level news: 8 features
      + market-level news: 7 features
      📊 Coverage: 2,228,238/2,565,321 rows (86.9%)
      📰 Events: 1,100,564/2,228,238 covered rows (49.4%) have news
      🕳️  Holes: 337,083 rows = NaN (not 0!)
   ✅ Sentiment features added: 173 → 210 total
   📊 Adding derivatives features (Binance Futures)...
      Loaded metrics: 1,800,870 rows, 50 symbols, 2021-12-01 → 2026-03-12
      OI: 1,785,559 rows (69.6%), 9 features
      Taker: 1,648,976 rows (64.3%), 6 features
      Top L/S: 1,433,710 rows (55.9%), 5 features
      Global L/S: 3 features
      Binance funding: 2,239,209 rows (87.3%)
      Funding surprise: computed from OKX funding data
      Market-wide aggregates: 4 features
      Basis/Premium: 448,115 rows (17.5%), 6 features
      ⚠️  No liquidation data (run download_binance_futures.py)
      DVOL: 13 features (BTC range: 2021-04-01 → 2026-03-15)
   ✅ Derivatives features: +48 features
   🧬 Adding news interaction features...
   ✅ Added 23 news interaction features
   ⚠️  offline mode: some features may be zero-filled by models
   Final: (2565321, 299), 281 features
📡 Models …
   catboost: 5 CB models, 156 feats
   mlp: 5 MLP models, 177 feats ⚠️ 9 features zero-filled
   🏗️  Architecture: 2 groups (10 models)
   2025-10-01 04:00:00+00:00 → 2026-03-06 16:00:00+00:00  (314 steps, 12h apart)

📐 Calibrating edge distribution (P75 (for boost/adaptive)) ...
   P75 edge = 0.01883, P90 = 0.02760
   (1410 samples, 30 steps)
   Vol targeting: 50% annual → 0.0185 per-step, lookback=48

──────────────────────────────────────────────────────────────────────
      0/313 | $1,000.75 | DD   0.0% | L10 S10 | Δ20
      5/313 | $  939.15 | DD  -6.2% | L10 S10 | Δ12
     10/313 | $  966.15 | DD  -3.5% | L10 S10 | Δ14
     15/313 | $1,023.59 | DD   0.0% | L10 S10 | Δ30
     20/313 | $1,149.97 | DD   0.0% | L10 S10 | Δ36
     25/313 | $1,076.06 | DD  -6.4% | L10 S10 | Δ28
     30/313 | $1,130.24 | DD  -1.7% | L10 S10 | Δ30
     35/313 | $1,130.37 | DD  -2.3% | L10 S10 | Δ30
     40/313 | $1,144.90 | DD  -1.0% | L10 S10 | Δ20
     45/313 | $1,199.93 | DD  -0.4% | L10 S10 | Δ26
     50/313 | $1,218.48 | DD  -0.5% | L10 S10 | Δ16
     55/313 | $1,266.66 | DD   0.0% | L10 S10 | Δ20
     60/313 | $1,235.18 | DD  -2.5% | L10 S10 | Δ30
     65/313 | $1,209.72 | DD  -4.5% | L10 S10 | Δ24
     70/313 | $1,239.24 | DD  -2.2% | L10 S10 | Δ26
     75/313 | $  920.27 | DD -27.3% | L10 S10 | Δ16
     80/313 | $1,014.50 | DD -19.9% | L10 S10 | Δ26
     85/313 | $1,123.58 | DD -11.3% | L10 S10 | Δ32
     90/313 | $1,184.27 | DD  -6.5% | L10 S10 | Δ20
     95/313 | $1,180.32 | DD  -6.8% | L10 S10 | Δ26
    100/313 | $1,210.69 | DD  -4.4% | L10 S10 | Δ36
    105/313 | $1,223.23 | DD  -3.4% | L10 S10 | Δ32
    110/313 | $1,257.65 | DD  -0.7% | L10 S10 | Δ28
    115/313 | $1,217.27 | DD  -3.9% | L10 S10 | Δ22
    120/313 | $1,192.95 | DD  -5.8% | L10 S10 | Δ24
    125/313 | $1,208.18 | DD  -4.6% | L10 S10 | Δ16
    130/313 | $1,193.65 | DD  -5.8% | L10 S10 | Δ20
    135/313 | $1,201.01 | DD  -5.2% | L10 S10 | Δ24
    140/313 | $1,293.29 | DD   0.0% | L10 S10 | Δ26
    145/313 | $1,331.73 | DD  -3.8% | L10 S10 | Δ22
    150/313 | $1,431.60 | DD   0.0% | L10 S10 | Δ32
    155/313 | $1,456.25 | DD   0.0% | L10 S10 | Δ24
    160/313 | $1,461.25 | DD  -2.3% | L10 S10 | Δ30
    165/313 | $1,467.62 | DD  -1.9% | L10 S10 | Δ24
    170/313 | $1,447.51 | DD  -3.2% | L10 S10 | Δ22
    175/313 | $1,424.04 | DD  -4.8% | L10 S10 | Δ14
    180/313 | $1,419.03 | DD  -5.1% | L10 S10 | Δ24
    185/313 | $1,402.23 | DD  -6.2% | L10 S10 | Δ20
    190/313 | $1,395.67 | DD  -6.7% | L10 S10 | Δ18
    195/313 | $1,497.37 | DD   0.0% | L10 S10 | Δ24
    200/313 | $1,461.34 | DD  -2.4% | L10 S10 | Δ24
    205/313 | $1,463.08 | DD  -2.3% | L10 S10 | Δ18
    210/313 | $1,445.54 | DD  -4.8% | L10 S10 | Δ18
    215/313 | $1,463.13 | DD  -3.7% | L10 S10 | Δ16
    220/313 | $1,554.26 | DD   0.0% | L10 S10 | Δ28
    225/313 | $1,563.09 | DD   0.0% | L10 S10 | Δ30
    230/313 | $1,668.15 | DD   0.0% | L10 S10 | Δ18
    235/313 | $1,725.51 | DD  -1.8% | L10 S10 | Δ24
    240/313 | $1,913.54 | DD   0.0% | L10 S10 | Δ28
    245/313 | $2,025.68 | DD   0.0% | L10 S10 | Δ28
    250/313 | $2,074.55 | DD   0.0% | L10 S10 | Δ30
    255/313 | $2,061.05 | DD  -2.3% | L10 S10 | Δ24
    260/313 | $2,158.26 | DD  -1.1% | L10 S10 | Δ30
    265/313 | $2,273.58 | DD   0.0% | L10 S10 | Δ28
    270/313 | $2,460.99 | DD  -1.1% | L10 S10 | Δ26
    275/313 | $2,451.78 | DD  -1.5% | L10 S10 | Δ28
    280/313 | $2,556.47 | DD  -3.3% | L10 S10 | Δ30
    285/313 | $2,467.67 | DD  -6.6% | L10 S10 | Δ20
    290/313 | $2,405.56 | DD  -9.0% | L10 S10 | Δ24
    295/313 | $2,583.28 | DD  -2.2% | L10 S10 | Δ32
    300/313 | $2,669.97 | DD  -1.5% | L10 S10 | Δ24
    305/313 | $2,818.46 | DD   0.0% | L10 S10 | Δ18
    310/313 | $2,928.19 | DD  -0.3% | L10 S10 | Δ20
    312/313 | $2,800.92 | DD  -4.7% | L10 S10 | Δ20

======================================================================
  RESULTS — 158d, rebal=12h, N=10+10, lev=5x, mode=boost+voltgt50%
======================================================================

   Start:      $1,000
   End:        $2,800.92
   Return:     +180.1%  (ann. ~+416%)
   Max DD:     -28.2%
   Sharpe:     +4.39
   Sharpe HAC: +4.63  (Newey-West adjusted)
   Calmar:     14.77
   Win Rate:   61%  (189W / 123L)
   Avg Win:    $+26.11
   Avg Loss:   $-25.48
   PF:         1.57
   Trades:     7314
   Turnover:   $2,088,932  (2088.9x capital)
   Costs:      $1,088.90  (108.9%)
   Vol target: 50% ann, avg scale 0.84x
   Leverage:   5x
   Liq. level: -20% DD (approx)

   📈 Equity ($950–$2801):
      $   1,001 |█░░░░░░░░░░░░░░░░░░░░░░░░░░░░░░░░░░░░░░░|
      $   1,117 |███░░░░░░░░░░░░░░░░░░░░░░░░░░░░░░░░░░░░░|
      $   1,172 |████░░░░░░░░░░░░░░░░░░░░░░░░░░░░░░░░░░░░|
      $   1,212 |█████░░░░░░░░░░░░░░░░░░░░░░░░░░░░░░░░░░░|
      $   1,385 |█████████░░░░░░░░░░░░░░░░░░░░░░░░░░░░░░░|
      $   1,419 |██████████░░░░░░░░░░░░░░░░░░░░░░░░░░░░░░|
      $   1,347 |████████░░░░░░░░░░░░░░░░░░░░░░░░░░░░░░░░|
      $   2,063 |████████████████████████░░░░░░░░░░░░░░░░|
      $   2,429 |███████████████████████████████░░░░░░░░░|
      $   2,801 |████████████████████████████████████████|

   Saved: /workdir/invest/trading_logs/fast_sim_equity.csv

======================================================================
   💀 LIQUIDATED — reduce leverage!
======================================================================
[14:32:58]   => Return=+180.1%  HAC=+4.63
[14:32:58]   ⏱️  Phase took 13m 2s
[14:32:58] 
[14:32:58] ============================================================
[14:32:58]   FINAL SUMMARY
[14:32:58] ============================================================
[14:32:58] 
[14:32:58] ============================================================
[14:32:58]   OVERNIGHT v15 — FINAL RESULTS
[14:32:58] ============================================================
VOLTGT_60pct	                               +150.3%      +4.85
VOLTGT_50pct	                               +130.4%      +4.81
VOLTGT_40pct	                               +110.3%      +4.74
VOLTGT_30pct	                                +89.8%      +4.61
VOLSIZE	                                    +147.5%      +5.48
TOBUD_8	                                    +143.8%      +5.33
TOBUD_5	                                                      
TOBUD_3	                                                      
STAB_oldchamp_hyst5_R2	                      +62.1%      +8.14
STAB_oldchamp_hyst5_R1	                      +11.4%      +6.45
STAB_oldchamp_h5vt50_FULL	                  +123.7%      +4.74
STAB_newchamp_R2	                            +66.6%      +8.42
STAB_newchamp_R1	                            +11.2%      +6.30
STAB_newchamp_hyst5_R2	                      +66.6%      +8.42
STAB_newchamp_hyst5_R1	                      +11.2%      +6.30
STAB_newchamp_h5vt50_R2	                     +64.0%      +7.39
STAB_newchamp_h5vt50_R1	                     +10.5%      +5.24
SMOOTH_05	                                   +72.3%      +3.16
SMOOTH_04	                                   +89.4%      +3.72
SMOOTH_03	                                  +105.4%      +4.26
SMOOTH_02	                                  +129.3%      +5.16
REGSHORT_05	                                 +56.7%      +2.47
REGSHORT_03	                                 +30.0%      +1.27
LEV_combo_5x	                               +180.1%      +4.63
LEV_combo_4x	                               +156.2%      +4.72
LEV_combo_2x	                               +101.9%      +4.91
LEV_combo_1x	                                +74.8%      +5.66
HYST_7	                                     +143.8%      +5.33
HYST_5	                                     +143.8%      +5.33
HYST_3	                                     +143.8%      +5.33
HYST_10	                                    +143.8%      +5.33
COMBO_metarisk_hyst5_vt50	                  +142.3%      +4.67
COMBO_metarisk	                             +184.7%      +5.29
COMBO_hyst5_vt50_vs	                        +132.5%      +4.97
COMBO_hyst5_vt50_sm03_vs	                    +93.1%      +3.66
COMBO_hyst5_vt50_sm03	                       +97.6%      +3.78
COMBO_hyst5_vt50	                           +130.4%      +4.81
COMBO_hyst5_vt40_sm03	                       +84.3%      +3.74
COMBO_hyst5_vt40	                           +110.3%      +4.74
COMBO_hyst5_tobud5	                                           
COMBO_hyst5_tobud3	                                           
COMBO_hyst5_sm03	                           +105.4%      +4.26
COMBO_all_moderate	                          +93.1%      +3.66
COMBO_all_conservative	                      +67.2%      +3.10
BASELINE_old_champ	                         +131.5%      +5.09
BASELINE_new_champ	                         +143.8%      +5.33
[14:32:58] 
[14:32:58]   TOTAL: 46 sims in 2h 29m
[14:32:58]   SUMMARY: results/overnight_v15/summary_20260319_1203.txt
[14:32:58] 
