tree
version=v4
num_class=1
num_tree_per_iteration=1
label_index=0
max_feature_idx=28
objective=regression
feature_names=oi_change_1h oi_change_4h oi_change_12h oi_change_24h oi_zscore_7d oi_ret_interaction oi_ret_interaction_12h oi_change_12h_cs taker_buy_sell_ratio taker_imbalance taker_cvd_12h taker_cvd_24h taker_flow_zscore taker_imbalance_cs top_ls_ratio top_long_pct top_ls_change_12h top_ls_change_24h top_ls_zscore global_ls_ratio global_long_pct ls_divergence funding_rate_binance btc_ret_12h btc_vol_24h regime_composite breadth_pct_positive ret_12h vol_12h_cs_rank
feature_infos=[-0.47999999999999998:0.5] [-0.47999999999999998:0.5] [-0.47999999999999998:0.5] [-0.47999999999999998:0.5] [-0.47999999999999998:0.5] [-0.47999999999999998:0.5] [-0.47999999999999998:0.5] [-0.47999999999999998:0.5] [-0.47999999999999998:0.5] [-0.47999999999999998:0.5] [-0.47999999999999998:0.5] [-0.47999999999999998:0.5] [-0.47999999999999998:0.5] [-0.47999999999999998:0.5] [-0.47999999999999998:0.5] [-0.47999999999999998:0.5] [-0.47999999999999998:0.5] [-0.47999999999999998:0.5] [-0.47999999999999998:0.5] [-0.47999999999999998:0.5] [-0.47999999999999998:0.5] [-0.47999999999999998:0.5] [-0.47999999999999998:0.5] [-0.45454545454545453:0.5] [-0.47916666666666669:0.5] [0:1] [0:1] [-0.47999999999999998:0.5] [-0.47999999999999998:0.5]
tree_sizes=1570 1677 1657 1660 1668 1670 1653 1666 1674 1662 1660 1672 1661 1650 1643 1672 1670 1672 1674 1673 1661 1633 1651 1662 1656 1661 1675 1670 1673 1662 1650 1665 1669 1671 1666 1658 1654 1682 1642 1683 1660 1663 1676 1673 1664 1684 1653 1659 1649 1655 1661 1660 1651 1661 1639 1659 1669 1671 1662 1678 1659 1671 1661 1660 1668 1649 1661 1669 1667 1671 1654 1664 1658 1661 1671 1637 1663 1665 1667 1663 1629 1677 1659 1678 1662 1647 1677 1690 1658 1663 1673 1655 1674 1662 1669 1668 1669 1662 1668 1660 1667 1674 1670 1641 1671 1675 1667 1652 1672 1654 1664 1667 1679 1658 1663 1674 1655 1691 1666 1673 1663 1667 1663 1667 1668 1650 1667 1661 1662 1667 1682 1661 1663 1662 1671 1658 1666 1678 1671 1676 1674 1673 1683 1670 1675 1654 1679 1667 1676 1657 1668 1656 1662 1669 1671 1672 1680 1664 1675 1658 1657 1663 1679 1666 1651 1669 1670 1676 1665 1661 1681 1676 1686 1655 1666 1684 1666 1672 1671 1661 1645 1664 1664 1673 1671 1656 1678 1642 1664 1647 1662 1681 1672 1677 1674 1647 1676 1676 1670 1669 1667 1673 1671 1661 1675 1675 1678 1664 1663 1665 1688 1649 1670 1664 1662 1657 1663 1676 1672 1680 1657 1671 1650 1665 1655 1648 1667 1667 1678 1673 1668 1661 1656 1646 1665 1677 1656 1680 1648 1675 1655 1667 1683 1683 1688 1676 1649 1660 1655 1662 1672 1623 1680 1667 1668 1668 1680 1674 1652 1660 1646 1628 1669 1683 1678 1665 1667 1662 1659 1663 1668 1675 1655 1653 1662 1659 1667 1657 1654 1664 1646 1656 1663 1660 1677 1659 1662 1653 1668 1670 1663 1636 1663 1675 1668 1650 1660 1667 1667 1673 1658 1677 1663 1671 1640 1677 1649 1637 1661 1637 1664 1663 1666 1650 1661 1669 1664 1685 1655 1669 1638 1667 1660 1648 1643 1665 1671 1656 1676 1659 1657 1675 1673 1661 1666 1650 1618 1665 1658 1677 1660 1664 1664 1667 1662 1670 1672 1662 1661 1660 1667 1670 1642 1646 1643 1649 1666 1642 1655 1627 1637 1642 1653 1662 1666 1646 1661 1625 1649 1667 1667 1657 1638 1640 1606 1668 1655 1667 1652 1646 1620 1658 1659 1660 1675 1675 1684 1663 1671 1644 1646 1682 1664 1633 1657 1632 1652 1604 1669 1647 1650 1636 1665 1664 1656 1656 1661 1674 1647 1638 1646 1662 1666 1649 1662 1654 1646 1667 1675 1664 1636 1634 1652 1657 1641 1654 1642 1651 1666 1643 1625 1670 1666 1659 1645 1663 1650 1655 1669 1603 1653 1653 1619 1677 1650 1656 1635 1662 1624 1658 1671 1655 1652 1667 1658 1673 1629 1644 1650 1655 1668 1647 1656 1656 1633 1676 1672 1644 1646 1659 1630 1648 1661 1661 1666 1644 1663 1640 1662 1648 1637 1647 1650 1673 1657 1652 1650 1650 1637 1631 1649

Tree=0
num_leaves=15
num_cat=0
split_feature=23 24 27 0 11 1 23 23 7 28 15 14 24 28
split_gain=265.017 157.308 166.122 37.0854 37.0725 33.9838 26.2255 22.4916 21.1809 14.4416 14.8112 11.4085 11.0094 5.92527
threshold=0.077380952380952397 0.2950000000000001 0.21583850931677021 0.24222222222222226 0.021286231884057986 0.39009661835748793 0.054093567251462034 0.04653679653679655 -0.37877551020408157 0.32683658170914548 0.093790707772470686 0.39009661835748793 -1.0000000180025095e-35 0.18237250554323728
decision_type=10 10 2 10 2 8 8 8 2 10 2 2 10 10
left_child=1 2 4 12 8 6 -4 -6 -1 10 11 -3 -2 -7
right_child=3 9 5 -5 7 13 -8 -9 -10 -11 -12 -13 -14 -15
leaf_value=0.5156408391032764 0.51598111865923768 0.5162331799432428 0.51566137292147463 0.51820631196659495 0.51596062417208799 0.51549248709848228 0.51617675580342881 0.51628341628516528 0.515867083549162 0.51533960861461525 0.51577663856685974 0.51575369195707821 0.51699402479514012 0.51527010159126418
leaf_weight=45790 1240 126090 275956 2663 298682 30980 10189 23336 433535 2004 8101 5069 13250 21155
leaf_count=45790 1240 126090 275956 2663 298682 30980 10189 23336 433535 2004 8101 5069 13250 21155
internal_value=0.515878 0.515862 0.515823 0.517113 0.515901 0.515637 0.51568 0.515984 0.515845 0.516176 0.516189 0.516214 0.516909 0.515402
internal_weight=1.29804e+06 1.28089e+06 1.13962e+06 17153 801343 338280 286145 322018 479325 141264 139260 131159 14490 52135
internal_count=1298040 1280887 1139623 17153 801343 338280 286145 322018 479325 141264 139260 131159 14490 52135
is_linear=0
shrinkage=1


Tree=1
num_leaves=15
num_cat=0
split_feature=24 27 11 3 14 27 4 15 21 24 14 21 5 28
split_gain=154.731 132.855 54.2215 43.4724 44.0473 70.0025 27.1467 27.0484 46.7957 13.9141 12.7947 14.4487 11.2615 10.6176
threshold=0.31101190476190482 0.2525510204081633 0.022233201581027654 0.30104166666666676 0.042109929078014148 0.49000000000000005 0.35486111111111113 0.047727272727272736 0.081666666666666679 -0.080729166666666644 0.37888888888888894 0.028594771241830078 0.36811594202898557 -1.0000000180025095e-35
decision_type=10 2 2 8 2 2 2 2 2 10 2 2 10 10
left_child=1 2 6 4 12 -6 9 -4 -9 -1 11 13 -3 -2
right_child=10 3 7 -5 5 -7 -8 8 -10 -11 -12 -13 -14 -15
leaf_value=-8.0309760986833884e-05 0.00027891167389022391 -0.00019824162436750701 5.6749141011003711e-05 -0.00043746660299121313 -6.4100233552748077e-05 0.0008985065939669174 -0.00032050573917357425 0.0001692313035098525 0.00076055657449931207 2.8936388484513441e-05 -0.00010457597673314504 0.00045790500180822218 -0.0004749539732910225 -0.00017383890462787871
leaf_weight=207882 72096 168619 218764 68499 42022 9197 31908 111943 15251 264960 6823 56737 16322 5495
leaf_count=207882 72096 168619 218764 68499 42022 9197 31908 111943 15251 264960 6823 56737 16322 5495
internal_value=1.92062e-06 -3.62404e-05 2.79006e-05 -0.00021544 -0.000150909 0.000108204 -3.81489e-05 0.000124353 0.000240385 -1.90298e-05 0.000314488 0.000335999 -0.000222832 0.000246456
internal_weight=1.29652e+06 1.15537e+06 850708 304659 236160 51219 504750 345958 127194 472842 141151 134328 184941 77591
internal_count=1296518 1155367 850708 304659 236160 51219 504750 345958 127194 472842 141151 134328 184941 77591
is_linear=0
shrinkage=0.01


Tree=2
num_leaves=15
num_cat=0
split_feature=23 27 23 0 28 28 4 4 23 23 28 19 18 0
split_gain=259.124 148.536 45.632 41.0283 38.3679 38.2699 38.2621 26.0019 23.6142 13.8701 9.50388 8.80627 7.95276 7.83047
threshold=0.066964285714285712 0.27888888888888896 0.03229166666666667 0.24222222222222226 -0.23746867167919797 -0.23956521739130432 0.2525510204081633 0.25777777777777783 0.024404761904761933 0.034523809523809519 -0.21583850931677018 -0.45789007092198575 0.011766334440753036 0.092793367346938785
decision_type=10 2 10 10 10 8 2 2 8 8 10 2 2 10
left_child=1 2 5 13 8 12 -7 9 -3 -6 -4 -9 -1 -2
right_child=3 4 10 -5 7 6 -8 11 -10 -11 -12 -13 -14 -15
leaf_value=0.00019917210068041177 0.0005886893807079517 -5.7487702154780039e-05 0.00064912053415900727 0.0023209895899806736 -0.00023467533928226352 1.9398874500838669e-05 -0.00020022060003841683 -8.8039973616839699e-05 0.00065279801177069521 0.00014342835914649935 0.00028385486288134385 -0.00050010464178758881 8.2683804106537047e-05 0.0011110324257494035
leaf_weight=111870 4206 64675 9504 2693 163323 607917 91215 5966 5042 10212 31304 51755 125823 11684
leaf_count=111870 4206 64675 9504 2693 163323 607917 91215 5966 5042 10212 31304 51755 125823 11684
internal_value=-4.05159e-07 -1.74685e-05 4.2309e-05 0.00117184 -0.000211739 2.80147e-05 -9.21247e-06 -0.000273734 -5.66299e-06 -0.00021225 0.0003697 -0.00045804 0.000137637 0.000974796
internal_weight=1.29719e+06 1.27861e+06 977633 18583 300973 936825 699132 231256 69717 173535 40808 57721 237693 15890
internal_count=1297189 1278606 977633 18583 300973 936825 699132 231256 69717 173535 40808 57721 237693 15890
is_linear=0
shrinkage=0.01


Tree=3
num_leaves=15
num_cat=0
split_feature=23 24 27 0 11 3 4 23 23 15 28 14 24 28
split_gain=256.032 155.714 152.908 40.1145 37.222 35.4618 26.6804 22.2641 20.9535 15.1344 12.4599 10.5672 9.21056 8.62635
threshold=0.066964285714285712 0.2950000000000001 0.17928571428571435 0.24222222222222226 0.021286231884057986 0.30104166666666676 0.39678030303030309 0.054093567251462034 0.04653679653679655 0.093790707772470686 0.2558265582655827 0.39009661835748793 -0.066005802707930342 0.14365079365079372
decision_type=10 10 2 10 2 8 2 8 8 2 10 2 8 10
left_child=1 2 4 12 6 7 -1 -4 -6 10 11 -3 -2 -7
right_child=3 9 5 -5 8 13 -8 -9 -10 -11 -12 -13 -14 -15
leaf_value=-1.4067312925601964e-05 0.00026695383006458342 0.00035633740306998632 -0.0001858205727222416 0.0023109740782139322 8.9166879199296096e-05 -0.00030821005386614858 -0.00039009121336375799 0.00029456911577925115 0.00040981175903847817 -0.00011936715860374595 -0.00030527733156081121 -0.00010543907771030582 0.0010607854068689375 -0.00052282817864409011
leaf_weight=435139 1751 124301 294038 2673 280617 40650 19736 9925 22050 8106 3031 5057 14004 36645
leaf_count=435139 1751 124301 294038 2673 280617 40650 19736 9925 22050 8106 3031 5057 14004 36645
internal_value=1.1632e-07 -1.672e-05 -5.54937e-05 0.00117036 2.6676e-05 -0.000218839 -3.04506e-05 -0.000170033 0.00011263 0.000297346 0.000323089 0.000338051 0.000974531 -0.000410363
internal_weight=1.29772e+06 1.2793e+06 1.1388e+06 18428 757542 381258 454875 303963 302667 140495 132389 129358 15755 77295
internal_count=1297723 1279295 1138800 18428 757542 381258 454875 303963 302667 140495 132389 129358 15755 77295
is_linear=0
shrinkage=0.01


Tree=4
num_leaves=15
num_cat=0
split_feature=23 27 23 28 0 28 4 23 4 23 28 5 11 28
split_gain=247.71 139.146 45.9946 41.9487 34.6871 33.452 29.8018 25.1728 21.0627 13.3158 11.214 10.9044 9.25948 8.54052
threshold=0.077380952380952397 0.23499399759903969 0.025657894736842105 -0.019259259259259278 0.24222222222222226 -0.11834733893557424 0.28062500000000007 0.027046783625730989 0.24222222222222226 0.04006410256410254 -0.31725417439703146 0.42590909090909096 -0.39897959183673465 -0.050510204081632641
decision_type=10 2 10 10 10 8 2 8 2 8 10 8 2 10
left_child=1 2 5 7 -2 12 -7 11 9 -5 -9 -3 -1 -4
right_child=4 3 13 8 -6 6 -8 10 -10 -11 -12 -13 -14 -15
leaf_value=-0.00013455957987178223 0.00099943026719445812 -6.8889855221290443e-05 0.00046808798938785973 -0.00024533056368100144 0.0022551599874826916 8.5008416574349275e-06 -0.00022672205295519327 0.00093656560666347173 -0.00046017038923655275 0.00013982805821707305 0.0001943440663411128 -0.00038747037538136689 0.00012094349228256994 0.00021647239167839929
leaf_weight=14734 14365 137820 24361 140699 2662 472302 60767 3053 49196 9484 6546 11715 317692 31844
leaf_count=14734 14365 137820 24361 140699 2662 472302 60767 3053 49196 9484 6546 11715 317692 31844
internal_value=-2.05373e-07 -1.61662e-05 4.88289e-05 -0.000183345 0.00119788 3.07883e-05 -1.82582e-05 -6.20225e-05 -0.000280025 -0.000220806 0.000433754 -9.40563e-05 0.000109528 0.000326083
internal_weight=1.29724e+06 1.28021e+06 921700 358513 17027 865495 533069 159134 199379 150183 9599 149535 332426 56205
internal_count=1297240 1280213 921700 358513 17027 865495 533069 159134 199379 150183 9599 149535 332426 56205
is_linear=0
shrinkage=0.01


Tree=5
num_leaves=15
num_cat=0
split_feature=23 24 27 1 23 0 23 20 26 15 28 24 22 28
split_gain=246.178 150.143 151.518 33.3192 32.4682 32.013 25.9397 21.7531 20.6189 17.3993 14.2561 8.6777 8.38217 7.13177
threshold=0.077380952380952397 0.31101190476190482 0.20900537634408609 0.3802173913043479 0.04653679653679655 0.24222222222222226 0.048809523809523865 0.015877016129032254 0.084219858156028379 0.078888888888888856 -0.050510204081632641 -1.0000000180025095e-35 0.056186868686868681 0.18237250554323728
decision_type=10 10 2 8 10 10 8 2 2 2 10 10 2 10
left_child=1 2 4 6 7 11 -4 -1 12 10 -10 -2 -3 -5
right_child=5 8 3 13 -6 -7 -8 -9 9 -11 -12 -13 -14 -15
leaf_value=-3.9153342169640037e-05 0.00016040372039064949 0.00016340507280633096 -0.00020460127955045684 -0.00035972158412432434 0.00038390775848740169 0.0021961140095230636 0.00026879988435167269 6.7046668824953775e-05 0.00041011313847270567 -0.00012158827376001973 -7.1428816575808471e-05 0.0010750772608309838 -0.00024161415430327837 -0.00060052599678615825
leaf_weight=399109 1212 14033 281781 31473 24233 2722 12014 373002 102442 7245 6428 13177 8018 21523
leaf_count=399109 1212 14033 281781 31473 24233 2722 12014 373002 102442 7245 6428 13177 8018 21523
internal_value=1.0718e-06 -1.48186e-05 -5.2475e-05 -0.000226944 2.34654e-05 0.00119252 -0.000185138 1.21124e-05 0.000296514 0.00034976 0.000381405 0.00100017 1.47622e-05 -0.000458113
internal_weight=1.29841e+06 1.2813e+06 1.14314e+06 346791 796344 17111 293795 772111 138166 116115 108870 14389 22051 52996
internal_count=1298412 1281301 1143135 346791 796344 17111 293795 772111 138166 116115 108870 14389 22051 52996
is_linear=0
shrinkage=0.01


Tree=6
num_leaves=15
num_cat=0
split_feature=24 4 10 4 17 14 6 26 24 26 24 22 14 22
split_gain=143.873 100.777 68.1906 54.3285 55.1377 30.9337 17.9836 16.1503 15.7562 16.3212 11.9868 14.7397 9.24271 9.0892
threshold=0.31101190476190482 0.25777777777777783 0.021980676328502428 0.24222222222222226 0.2473404255319149 0.047727272727272736 0.38318181818181823 0.20483682983682985 -0.17928571428571424 0.16064516129032261 0.48500000000000004 -0.13976744186046511 0.37888888888888894 0.32755102040816336
decision_type=10 2 2 2 2 2 8 2 10 2 10 2 2 2
left_child=1 2 8 5 -5 -4 -3 10 9 -1 11 -2 -9 -10
right_child=7 6 3 4 -6 -7 -8 12 13 -11 -12 -13 -14 -15
leaf_value=2.0360353912899195e-05 0.00036247403558271337 -0.00019724007434681698 3.0351982716502488e-05 -4.5334911127566606e-05 0.0020041422492043525 0.00022235591831420117 -0.0004298866741189978 0.00039290235747430091 -1.6276851037883043e-05 -0.00020349590764701168 0.00063297292285919215 -5.9415170512102457e-05 -5.467976114700842e-05 -0.00017124961012985381
leaf_weight=43408 12245 130763 268678 2285 2995 122325 45062 94513 370201 127664 4360 25319 4727 42252
leaf_count=43408 12245 130763 268678 2285 2995 122325 45062 94513 370201 127664 4360 25319 4727 42252
internal_value=1.93406e-07 -3.6597e-05 2.93148e-06 0.000104193 0.001112 9.04982e-05 -0.000257042 0.000301584 -6.57856e-05 -0.00014652 0.000135873 7.73304e-05 0.00037128 -3.22262e-05
internal_weight=1.2968e+06 1.15563e+06 979808 396283 5280 391003 175825 141164 583525 171072 41924 37564 99240 412453
internal_count=1296797 1155633 979808 396283 5280 391003 175825 141164 583525 171072 41924 37564 99240 412453
is_linear=0
shrinkage=0.01


Tree=7
num_leaves=15
num_cat=0
split_feature=23 24 4 23 20 2 26 28 24 15 28 6 6 22
split_gain=235.505 140.512 83.1743 53.4085 26.4598 25.2519 19.4549 19.2043 17.0709 15.1677 14.3532 13.2145 8.88031 9.17639
threshold=0.091666666666666688 0.2950000000000001 0.24222222222222226 0.048809523809523865 0.020416666666666698 0.24222222222222226 0.096006144393241177 0.12645348837209305 0.12750000000000003 0.078888888888888856 0.011369509043927641 0.41207729468599036 0.025657894736842105 -0.13976744186046511
decision_type=10 10 2 10 2 10 2 10 8 2 10 8 10 2
left_child=1 2 3 4 -1 -2 12 -4 -5 10 -8 -9 13 -3
right_child=5 6 7 8 -6 -7 9 11 -10 -11 -12 -13 -14 -15
leaf_value=-7.4637615386650164e-05 0.0010652863932541789 0.00023888005335616035 -0.00015016303211643373 0.0001991617446098292 3.3286518639981235e-05 0.0021555654728830083 0.00039517060720507265 -0.00027921530406420641 0.00065269043252248553 -9.1908841554663034e-05 -0.00012473278366272408 -0.00056344854351303691 0.00035340186518436365 -0.00023558118875487561
leaf_weight=518868 11755 5995 98300 23524 403634 2692 103531 61129 13078 7542 5505 22835 6319 12513
leaf_count=518868 11755 5995 98300 23524 403634 2692 103531 61129 13078 7542 5505 22835 6319 12513
internal_value=1.4029e-06 -1.28744e-05 -4.97355e-05 -1.24888e-05 -2.73837e-05 0.00127093 0.000284436 -0.000245566 0.000362069 0.00033859 0.000368644 -0.000356891 2.89358e-05 -8.02621e-05
internal_weight=1.29722e+06 1.28277e+06 1.14137e+06 959104 922502 14447 141405 182264 36602 116578 109036 83964 24827 18508
internal_count=1297220 1282773 1141368 959104 922502 14447 141405 182264 36602 116578 109036 83964 24827 18508
is_linear=0
shrinkage=0.01


Tree=8
num_leaves=15
num_cat=0
split_feature=23 24 3 11 0 23 26 28 15 3 28 24 6 24
split_gain=230.079 142.332 80.8659 42.2168 31.4187 26.6963 18.8999 16.0967 16.0339 15.5101 15.2656 12.9928 10.8176 10.5277
threshold=0.077380952380952397 0.2950000000000001 0.30104166666666676 0.022233201581027654 0.24222222222222226 0.048809523809523865 0.084219858156028379 0.28319623971797891 0.078888888888888856 -0.43683510638297868 0.1588137472283814 -0.051682692307692284 0.43405797101449284 -1.0000000180025095e-35
decision_type=10 10 10 2 10 8 2 10 2 8 10 8 8 10
left_child=1 2 3 9 13 -5 -3 8 -8 -1 11 -4 -12 -2
right_child=4 6 10 5 -6 -7 7 -9 -10 -11 12 -13 -14 -15
leaf_value=-0.00030778104982424204 5.205190992050798e-05 1.6130573535329682e-05 -0.00030058325880111074 3.4837995865367233e-05 0.0021490843892426541 0.00032711086813481087 0.00038160992863062106 -0.00049133341390378141 -0.00010403338964878731 -6.1742557354021177e-05 -0.00030693388873186231 -4.5233245429760335e-05 -0.00060067057497369602 0.0010458633851712841
leaf_weight=26892 1230 22273 43379 359505 2714 34275 109158 2279 7147 575403 44580 37436 17982 13127
leaf_count=26892 1230 22273 43379 359505 2714 34275 109158 2279 7147 575403 44580 37436 17982 13127
internal_value=3.38037e-07 -1.50173e-05 -5.21109e-05 -2.01165e-05 0.00115353 6.03562e-05 0.00028483 0.000335044 0.000351507 -7.27793e-05 -0.00027417 -0.000182675 -0.000391866 0.000962839
internal_weight=1.29738e+06 1.28031e+06 1.13945e+06 996075 17071 393780 140857 118584 116305 602295 143377 80815 62562 14357
internal_count=1297380 1280309 1139452 996075 17071 393780 140857 118584 116305 602295 143377 80815 62562 14357
is_linear=0
shrinkage=0.01


Tree=9
num_leaves=15
num_cat=0
split_feature=24 27 11 3 3 27 14 4 24 26 6 22 4 4
split_gain=135.425 124.953 47.1925 37.6585 41.2413 46.3071 24.7079 22.8182 16.5056 14.3164 14.1763 13.5435 13.372 20.7467
threshold=0.2950000000000001 0.2558265582655827 0.022233201581027654 0.25777777777777783 0.24222222222222226 0.49000000000000005 0.04083333333333334 0.24222222222222226 -0.17928571428571424 0.20881782945736438 0.025657894736842105 -0.13976744186046511 0.2525510204081633 0.047727272727272736
decision_type=10 2 2 8 10 2 2 2 10 2 10 2 2 2
left_child=1 2 7 4 6 -6 -3 8 -1 10 11 -2 13 -4
right_child=9 3 12 -5 5 -7 -8 -9 -10 -11 -12 -13 -14 -15
leaf_value=-0.00010566016564437752 0.00032191890321389075 -0.00021429051916867591 9.0859164350002634e-05 -0.00039831586361404291 -0.00014773686581095945 0.0023303748070662824 4.6449132729596616e-05 -0.00021648954049254194 2.8530458976839333e-05 0.00035489580547698457 0.00042453386516353993 -0.00012464833212323174 -3.9918660119253001e-05 0.00028034089974587862
leaf_weight=129074 10081 173688 219898 79082 1561 1418 45733 61121 315805 100928 12183 20737 47065 78816
leaf_count=129074 10081 173688 219898 79082 1561 1418 45733 61121 315805 100928 12183 20737 47065 78816
internal_value=3.65789e-07 -3.57072e-05 2.6188e-05 -0.000210678 -0.000143818 0.00102294 -0.000159809 -3.52979e-05 -1.03357e-05 0.000289612 0.000135671 2.04738e-05 0.00011625 0.000140957
internal_weight=1.29719e+06 1.15326e+06 851779 301482 222400 2979 219421 506000 444879 143929 43001 30818 345779 298714
internal_count=1297190 1153261 851779 301482 222400 2979 219421 506000 444879 143929 43001 30818 345779 298714
is_linear=0
shrinkage=0.01


Tree=10
num_leaves=15
num_cat=0
split_feature=24 4 11 24 4 28 19 6 26 6 2 21 2 22
split_gain=137.706 91.3304 68.4269 57.1346 67.39 18.3606 16.459 15.86 15.7572 13.7461 13.7382 12.755 12.112 10.4269
threshold=0.31101190476190482 0.25521059487624842 0.037087912087912074 -0.0292857142857143 0.24222222222222226 0.10208333333333332 0.020416666666666698 0.34045454545454551 0.16496598639455784 0.0439613526570048 0.32793709528214621 0.20106382978723406 -0.35321969696969691 -0.13976744186046511
decision_type=10 2 2 8 2 10 2 8 2 10 10 2 8 2
left_child=1 2 6 11 -5 -3 12 -7 9 13 -8 -4 -1 -2
right_child=8 5 3 4 -6 7 10 -9 -10 -11 -12 -13 -14 -15
leaf_value=-0.00028650156853119493 0.00029630291062205776 -0.00014608698350670953 5.5569878522555684e-05 0.0002590910368745269 0.0016554692425487473 -0.00024925421767154677 2.1713706494982014e-05 -0.00053361691246549649 0.00035578390787370301 0.00048857877613738042 -0.00030734313110274581 -0.00016742731497253874 -7.7511332132682424e-05 -0.00011756381355438675
leaf_weight=30023 8817 90356 132601 112217 3573 55995 269449 30815 104817 7643 13308 31775 385965 19608
leaf_count=30023 8817 90356 132601 112217 3573 55995 269449 30815 104817 7643 13308 31775 385965 19608
internal_value=-1.52851e-06 -3.75227e-05 2.59271e-07 0.000132325 0.000302481 -0.000246448 -5.26508e-05 -0.000350555 0.000293615 0.000112099 6.1174e-06 1.22782e-05 -9.26688e-05 9.77373e-06
internal_weight=1.29696e+06 1.15608e+06 978911 280166 115790 177166 698745 86810 140885 36068 282757 164376 415988 28425
internal_count=1296962 1156077 978911 280166 115790 177166 698745 86810 140885 36068 282757 164376 415988 28425
is_linear=0
shrinkage=0.01


Tree=11
num_leaves=15
num_cat=0
split_feature=23 24 3 23 2 19 26 19 24 22 23 24 16 24
split_gain=224.25 136.744 80.4179 42.1877 27.9703 25.8618 19.942 11.3928 10.3746 9.55356 12.6556 8.43173 8.34563 7.41814
threshold=0.077380952380952397 0.2950000000000001 0.32256944444444446 0.048809523809523865 0.16333333333333336 0.015877016129032254 0.16496598639455784 0.057777777777777824 0.20362407862407869 -0.13976744186046511 0.043560606060606029 -0.074628844114528095 -0.38318181818181812 -1.0000000180025095e-35
decision_type=10 10 10 8 10 2 2 2 8 2 10 8 2 10
left_child=1 2 3 5 13 -1 9 -8 -5 -3 -11 -4 -13 -2
right_child=4 6 11 8 -6 -7 7 -9 -10 10 -12 12 -14 -15
leaf_value=-8.0001286755868557e-05 0.0001153676530395616 0.00032470771588353418 -0.00038309594920007484 0.00019489903686309391 0.001817676091541256 2.3191329510933176e-05 0.00037941681631309485 -5.1885703889150509e-06 0.00056211260758672478 -0.00010104171893381286 0.00071059991875103013 -0.00048906513760653121 -0.00017621350844659704 0.00096992146047157168
leaf_weight=521816 1205 10694 52462 22543 4539 453672 97298 8197 12016 22843 2091 9943 67039 11383
leaf_count=521816 1205 10694 52462 22543 4539 453672 97298 8197 12016 22843 2091 9943 67039 11383
internal_value=1.6761e-06 -1.35041e-05 -4.98921e-05 -1.97858e-05 0.00113828 -3.19786e-05 0.000280091 0.000349249 0.000323483 7.44575e-05 -3.1696e-05 -0.000284573 -0.000217029 0.000890548
internal_weight=1.29774e+06 1.28061e+06 1.13949e+06 1.01005e+06 17127 975488 141123 105495 34559 35628 24934 129444 76982 12588
internal_count=1297741 1280614 1139491 1010047 17127 975488 141123 105495 34559 35628 24934 129444 76982 12588
is_linear=0
shrinkage=0.01


Tree=12
num_leaves=15
num_cat=0
split_feature=23 27 24 24 10 2 3 23 23 20 15 26 26 28
split_gain=219.354 133.916 76.2259 62.2695 29.5395 29.2117 28.036 21.1399 17.8377 16.9272 13.4317 13.1948 12.3953 12.0365
threshold=0.077380952380952397 0.20900537634408609 0.2950000000000001 0.32213438735177874 0.015877016129032254 0.24222222222222226 0.26020833333333337 0.054093567251462034 0.04653679653679655 -0.048237476808905382 0.093790707772470686 0.40862708719851587 0.084219858156028379 0.21937500000000001
decision_type=10 2 8 10 2 10 8 10 8 2 2 2 2 10
left_child=1 3 6 4 9 -2 7 -3 -6 -1 11 -5 -4 -14
right_child=5 2 12 10 8 -7 -8 -9 -10 -11 -12 -13 13 -15
leaf_value=-0.00014538885845838718 0.00094056929102747646 -0.00018791018248697397 -7.5265073747776242e-05 0.00017705133564426846 7.3351811663465764e-05 0.0020898870364863395 -0.00037998354558873654 0.00027405623046685096 0.00035471970089909265 2.5081541918521587e-06 -0.00014003229319285737 0.00043302943539299513 0.00034713960830422589 -0.00061787832215772322
leaf_weight=98702 14458 251191 10961 33938 317835 2683 84191 10258 24330 356579 6403 51418 32954 1321
leaf_count=98702 14458 251191 10961 33938 317835 2683 84191 10258 24330 356579 6403 51418 32954 1321
internal_value=-1.065e-06 -1.61369e-05 -0.000170423 5.16507e-05 2.3223e-05 0.00112255 -0.000220986 -0.000169667 9.34494e-05 -2.94898e-05 0.00029837 0.000331612 0.000215244 0.000309021
internal_weight=1.29722e+06 1.28008e+06 390876 889205 797446 17141 345640 261449 342165 455281 91759 85356 45236 34275
internal_count=1297222 1280081 390876 889205 797446 17141 345640 261449 342165 455281 91759 85356 45236 34275
is_linear=0
shrinkage=0.01


Tree=13
num_leaves=15
num_cat=0
split_feature=23 27 24 24 23 1 1 11 23 15 28 28 22 24
split_gain=216.087 133.585 80.4447 57.5649 34.3894 30.8127 24.6347 22.8724 20.7308 16.2396 6.57742 6.4911 6.47134 6.39384
threshold=0.091666666666666688 0.17416582406471184 0.2950000000000001 0.31101190476190482 0.04653679653679655 0.39009661835748793 0.24222222222222226 -0.29795918367346935 0.054093567251462034 0.097872340425531903 0.32683658170914548 0.17416582406471184 0.30976190476190485 0.10263157894736842
decision_type=10 2 8 10 10 8 10 2 10 2 10 10 2 8
left_child=1 3 5 4 7 8 -2 -1 -3 12 -4 -7 -5 -6
right_child=6 2 10 9 13 11 -8 -9 -10 -11 -12 -13 -14 -15
leaf_value=-0.00013882300335687261 0.0010101881982945574 -0.00018285371074685226 0.00023239013436495231 0.00036793386653605084 0.00026859057576550832 -0.00032997651934031636 0.0020758973323953952 3.9466168169380979e-05 0.00025734012421476201 -0.00019174978980254125 -0.00064899494805156852 -0.00055502298552632088 6.6329235132673133e-05 0.00060361541155755252
leaf_weight=80807 11715 317853 50286 74454 15761 31860 2762 653569 11013 6132 841 22915 8141 9456
leaf_count=80807 11715 317853 50286 74454 15761 31860 2762 653569 11013 6132 841 22915 8141 9456
internal_value=1.18238e-06 -1.25034e-05 -0.00015505 6.05175e-05 3.2319e-05 -0.000204748 0.00121597 1.98068e-05 -0.000168019 0.000301578 0.000217268 -0.000424697 0.000338573 0.000395466
internal_weight=1.29756e+06 1.28309e+06 434768 848320 759593 383641 14477 734376 328866 88727 51127 54775 82595 25217
internal_count=1297565 1283088 434768 848320 759593 383641 14477 734376 328866 88727 51127 54775 82595 25217
is_linear=0
shrinkage=0.01


Tree=14
num_leaves=15
num_cat=0
split_feature=23 27 24 24 23 23 1 4 1 24 20 28 22 14
split_gain=205.745 129.909 68.7714 62.4284 34.5972 27.1513 25.5727 23.1624 21.1008 11.8863 9.78264 8.63473 7.45313 6.92121
threshold=0.091666666666666688 0.21583850931677021 0.2950000000000001 0.31101190476190482 0.04653679653679655 0.054093567251462034 0.24222222222222226 0.37627551020408168 0.39009661835748793 -0.057189542483660143 0.072948328267477228 0.32025641025641027 0.31725417439703163 0.39009661835748793
decision_type=10 2 8 10 10 10 10 2 8 10 2 10 2 2
left_child=1 3 5 4 7 8 -2 -1 -3 -7 12 13 -5 -4
right_child=6 2 11 10 -6 9 -8 -9 -10 -11 -12 -13 -14 -15
leaf_value=2.566818045654271e-05 0.00097989864198060571 -0.00019669424283805009 0.000250890256880179 0.00035738586376459538 0.00038479887088180401 -7.2279170874830375e-05 0.0020705916755201616 -0.00020930814973576628 -0.00041698278886286944 0.00058879398906133338 -2.0931204075173335e-05 -0.00081268620378436446 4.364265186115624e-05 -0.00038934244019370797
leaf_weight=734362 11686 275409 41376 78275 25754 5031 2727 44474 52041 5738 8755 803 8628 1722
leaf_count=734362 11686 275409 41376 78275 25754 5031 2727 44474 52041 5738 8755 803 8628 1722
internal_value=7.13456e-07 -1.26185e-05 -0.000167124 5.29302e-05 2.41758e-05 -0.0002155 0.00118873 1.2211e-05 -0.000231799 0.000277238 0.000294465 0.000204878 0.000326584 0.000224588
internal_weight=1.29678e+06 1.28237e+06 382120 900248 804590 338219 14413 778836 327450 10769 95658 43901 86903 43098
internal_count=1296781 1282368 382120 900248 804590 338219 14413 778836 327450 10769 95658 43901 86903 43098
is_linear=0
shrinkage=0.01


Tree=15
num_leaves=15
num_cat=0
split_feature=23 3 23 28 28 0 28 21 18 28 15 3 0 28
split_gain=205.425 88.9272 54.6436 43.6553 22.4189 18.9408 18.5912 16.7452 8.41607 8.13211 8.02924 7.47951 5.13514 4.47203
threshold=0.091666666666666688 0.31725417439703163 0.034523809523809519 -0.11834733893557424 0.14365079365079372 0.24222222222222226 -0.21269841269841269 0.26043478260869574 0.0439613526570048 -0.30901722391084091 -0.015555555555555571 0.4587585034013606 0.34021276595744687 0.49000000000000005
decision_type=10 10 8 10 10 10 8 2 2 10 2 10 8 10
left_child=1 2 3 8 9 -2 -4 -5 -1 -3 11 -6 -11 -7
right_child=5 4 6 7 10 13 -8 -9 -10 12 -12 -13 -14 -15
leaf_value=0.00010280436725859456 0.0010075373257073714 1.5075018427171593e-05 0.00064719182593189273 -3.3843679566206368e-05 -0.00035558823754112137 0.0024068255638286691 0.00021733550973405488 -0.00020859935166328276 -1.4453682893459475e-05 -0.00014081928883137511 -0.00030619437478877752 -0.00074110972989672606 -0.00034376290434109746 0.0014856818011227265
leaf_weight=335187 11666 24186 13156 607524 10507 1337 44683 60386 74353 44170 40992 10528 17944 1370
leaf_count=335187 11666 24186 13156 607524 10507 1337 44683 60386 74353 44170 40992 10528 17944 1370
internal_value=-4.95501e-07 -1.38321e-05 1.62288e-05 1.2643e-07 -0.000244115 0.00118823 0.000315657 -4.96892e-05 8.14427e-05 -0.000139338 -0.000389397 -0.000550046 -0.000199944 0.00195387
internal_weight=1.29799e+06 1.28362e+06 1.13529e+06 1.07745e+06 148327 14373 57839 667910 409540 86300 62027 21035 62114 2707
internal_count=1297989 1283616 1135289 1077450 148327 14373 57839 667910 409540 86300 62027 21035 62114 2707
is_linear=0
shrinkage=0.01


Tree=16
num_leaves=15
num_cat=0
split_feature=23 3 23 28 28 2 19 28 3 18 18 28 6 28
split_gain=199.464 91.77 60.9827 40.3718 25.4097 24.3457 18.2433 17.1225 10.7946 9.11733 8.81705 7.69566 6.43029 5.11516
threshold=0.091666666666666688 0.30104166666666676 0.034523809523809519 -0.11834733893557424 0.14365079365079372 0.24222222222222226 0.020416666666666698 -0.21269841269841269 0.47979591836734697 -0.28130434782608693 0.031582446808510641 -0.30901722391084091 0.43813775510204089 0.49000000000000005
decision_type=10 10 8 10 10 10 2 8 10 2 2 10 8 10
left_child=1 2 3 10 11 -2 -5 -4 12 -10 -1 -3 -6 -7
right_child=5 4 7 6 8 13 -8 -9 9 -11 -12 -13 -14 -15
leaf_value=0.00010362215322932068 0.00096611618939397776 1.4825178214782717e-05 0.00065727003815112847 -9.5871216597685375e-05 -0.00027063048539378273 0.0024981316187123832 9.0237444690174471e-06 0.00024238242316723142 -0.0011065401108258089 -0.00048452452718649694 -1.4996517505930166e-05 -0.00018866696460590257 -0.00055096332128370268 0.0015240028484142299
leaf_weight=329296 11765 25598 12985 345013 41949 1379 318283 44747 3417 8789 76863 65357 10557 1336
leaf_count=329296 11765 25598 12985 345013 41949 1379 318283 44747 3417 8789 76863 65357 10557 1336
internal_value=1.42047e-06 -1.17312e-05 1.96757e-05 2.55735e-06 -0.000239338 0.00116843 -4.54923e-05 0.000336247 -0.000391037 -0.000661341 8.11005e-05 -0.000131069 -0.000327595 0.00203203
internal_weight=1.29733e+06 1.28285e+06 1.12719e+06 1.06946e+06 155667 14480 663296 57732 64712 12206 406159 90955 52506 2715
internal_count=1297334 1282854 1127187 1069455 155667 14480 663296 57732 64712 12206 406159 90955 52506 2715
is_linear=0
shrinkage=0.01


Tree=17
num_leaves=15
num_cat=0
split_feature=23 24 27 11 0 1 23 26 7 23 15 28 24 6
split_gain=205.071 125.779 127.008 30.5047 30.2372 29.3019 21.9783 19.2845 18.9754 14.2749 12.1356 11.9679 7.77609 5.69909
threshold=0.059027777777777797 0.31101190476190482 0.17928571428571435 0.021286231884057986 0.24222222222222226 0.39009661835748793 0.048809523809523865 0.084219858156028379 -0.37877551020408157 0.04653679653679655 0.093790707772470686 0.28319623971797891 -1.0000000180025095e-35 0.025657894736842105
decision_type=10 10 2 2 10 8 8 2 2 8 2 8 10 10
left_child=1 2 3 8 12 6 -4 13 -1 -5 11 -9 -2 -3
right_child=4 7 5 9 -6 -7 -8 10 -10 -11 -12 -13 -14 -15
leaf_value=-0.00022537682500410245 0.00024415807887248652 -0.00010120557184765718 -0.00018194697019725134 7.9310993627560586e-05 0.002022069125627207 -0.0004164949190013125 0.00025470108986351368 0.00035919808356648709 -8.835679163619596e-06 0.00033919307162067885 -8.7414763354099549e-05 -0.00037309890703259892 0.00094706371808660856 0.00026728933602618581
leaf_weight=44955 1907 16193 316020 281496 2694 54715 11905 106645 409105 22952 6823 2237 14187 5658
leaf_count=44955 1907 16193 316020 281496 2694 54715 11905 106645 409105 22952 6823 2237 14187 5658
internal_value=-3.64032e-06 -1.89035e-05 -5.33596e-05 2.15355e-05 0.0010334 -0.000201902 -0.000166001 0.000266717 -3.03421e-05 9.90049e-05 0.000318174 0.000343868 0.0008657 -4.39281e-06
internal_weight=1.29749e+06 1.2787e+06 1.14115e+06 758508 18788 382640 327925 137556 454060 304448 115705 108882 16094 21851
internal_count=1297492 1278704 1141148 758508 18788 382640 327925 137556 454060 304448 115705 108882 16094 21851
is_linear=0
shrinkage=0.01


Tree=18
num_leaves=15
num_cat=0
split_feature=23 24 4 23 0 19 26 28 15 15 28 24 28 6
split_gain=190.895 122.08 74.6477 40.5632 26.7662 25.1639 19.1784 16.1975 11.5693 11.2792 10.5254 9.48238 8.32648 7.8481
threshold=0.077380952380952397 0.31101190476190482 0.25521059487624842 0.048809523809523865 0.24222222222222226 0.022233201581027654 0.063164893617021281 0.12645348837209305 -0.015555555555555571 0.078888888888888856 -0.050510204081632641 0.20362407862407869 -0.43969696969696964 0.025657894736842105
decision_type=10 10 2 8 10 2 2 10 2 2 10 8 8 10
left_child=1 2 3 5 -2 -1 13 12 -9 10 -8 -5 -4 -3
right_child=4 6 7 11 -6 -7 9 8 -10 -11 -12 -13 -14 -15
leaf_value=-7.1415886132073595e-05 0.00087510719671980263 -0.00015561933032036954 0.00014515268701112757 0.00018653461635599557 0.0019753724035692704 3.3801058821252926e-05 0.00036154182872958561 -0.00051724367379967623 -0.00025899655847032706 -6.3544913140330209e-05 -4.8031725132511018e-05 0.00052442307548764618 -0.00017776142017730145 0.00031076498223979356
leaf_weight=533525 14364 13687 8693 22343 2687 395586 105802 25766 56107 7348 6533 13647 86380 4880
leaf_count=533525 14364 13687 8693 22343 2687 395586 105802 25766 56107 7348 6533 13647 86380 4880
internal_value=-4.26641e-07 -1.44497e-05 -4.84469e-05 -1.37958e-05 0.00105057 -2.65856e-05 0.000266171 -0.000237269 -0.000340651 0.000312584 0.000337455 0.000315525 -0.000147917 -3.13927e-05
internal_weight=1.29735e+06 1.2803e+06 1.14205e+06 965101 17051 929111 138250 176946 81873 119683 112335 35990 95073 18567
internal_count=1297348 1280297 1142047 965101 17051 929111 138250 176946 81873 119683 112335 35990 95073 18567
is_linear=0
shrinkage=0.01


Tree=19
num_leaves=15
num_cat=0
split_feature=23 24 3 23 11 0 26 28 15 28 24 24 3 23
split_gain=191.81 115.078 76.0597 44.6858 22.1395 20.5601 17.7943 14.9208 14.0823 12.7492 12.6424 10.9288 8.93891 7.77985
threshold=0.091666666666666688 0.31101190476190482 0.30104166666666676 0.048809523809523865 0.022233201581027654 0.16333333333333336 0.20881782945736438 0.14365079365079372 0.081666666666666679 0.011369509043927641 -0.074628844114528095 0.12750000000000003 0.43938775510204087 0.027046783625730989
decision_type=10 10 10 8 2 10 2 10 2 10 8 8 10 10
left_child=1 2 3 4 -1 -2 13 10 9 -8 -4 -5 -9 -3
right_child=5 6 7 11 -6 -7 8 12 -10 -11 -12 -13 -14 -15
leaf_value=-6.5640980572850282e-05 0.00088720119947140609 3.8711015803183905e-05 -0.00030470276839001206 0.00018142452246713031 3.3398870380522498e-05 0.0017174174002774173 0.00039068432978747112 -0.00027542362299778542 -0.00013605700266498867 -0.00017084922903782041 -4.9556030554687271e-05 0.00052927988804168697 -0.0005178237525631683 0.00050191799103909871
leaf_weight=601592 9808 37254 36477 23431 360791 4505 86754 38463 5895 4163 42244 15122 26246 4043
leaf_count=601592 9808 37254 36477 23431 360791 4505 86754 38463 5895 4163 42244 15122 26246 4043
internal_value=-1.68432e-07 -1.30411e-05 -4.59714e-05 -1.50782e-05 -2.84804e-05 0.00115091 0.000259597 -0.000261348 0.000333836 0.000364638 -0.000168172 0.000318676 -0.000374224 8.48188e-05
internal_weight=1.29679e+06 1.28248e+06 1.14437e+06 1.00094e+06 962383 14313 138109 143430 96812 90917 78721 38553 64709 41297
internal_count=1296788 1282475 1144366 1000936 962383 14313 138109 143430 96812 90917 78721 38553 64709 41297
is_linear=0
shrinkage=0.01


Tree=20
num_leaves=15
num_cat=0
split_feature=23 24 4 23 20 0 26 24 15 1 14 6 22 22
split_gain=191.848 114.204 65.9349 46.4214 22.0254 19.1753 16.0793 13.9534 13.5489 11.9733 8.15145 7.00934 6.85144 6.26064
threshold=0.091666666666666688 0.31101190476190482 0.2525510204081633 0.048809523809523865 0.020416666666666698 0.24222222222222226 0.084219858156028379 0.12750000000000003 0.057777777777777824 0.44159090909090915 0.39009661835748793 0.025657894736842105 -0.13976744186046511 0.20881782945736441
decision_type=10 10 2 10 2 10 2 8 2 10 2 10 2 2
left_child=1 2 3 4 -1 -2 11 -5 10 -4 -8 12 -3 -13
right_child=5 6 9 7 -6 -7 8 -9 -10 -11 -12 13 -14 -15
leaf_value=-6.8022433742475103e-05 0.00096913302931539978 0.00019398681311070325 -0.00018356568165000753 0.00017824447596926377 3.0192139239221805e-05 0.0019242695525299705 0.00035442747497317672 0.00057444953494446773 -8.2059427085330299e-05 -0.00040727699395002372 -0.00010815349806592804 0.00042029848918574665 -0.00024044642811780315 -0.0006143694529492054
leaf_weight=520736 11750 5394 150556 23506 406142 2676 104021 14625 8160 28818 3851 5362 10811 632
leaf_count=520736 11750 5394 150556 23506 406142 2676 104021 14625 8160 28818 3851 5362 10811 632
internal_value=2.07967e-06 -1.07966e-05 -4.36144e-05 -1.0856e-05 -2.49542e-05 0.00114875 0.000260673 0.000331027 0.000307858 -0.00021968 0.000337633 1.26807e-05 -9.39808e-05 0.000305949
internal_weight=1.29704e+06 1.28261e+06 1.14438e+06 965009 926878 14426 138231 38131 116032 179374 107872 22199 16205 5994
internal_count=1297040 1282614 1144383 965009 926878 14426 138231 38131 116032 179374 107872 22199 16205 5994
is_linear=0
shrinkage=0.01


Tree=21
num_leaves=15
num_cat=0
split_feature=23 27 24 24 0 10 23 1 24 15 26 23 26 24
split_gain=190.108 124.567 66.9346 57.1469 26.8513 26.4141 25.4064 20.7449 14.9836 14.98 13.9574 13.6867 11.6092 8.1563
threshold=0.077380952380952397 0.21583850931677021 0.2950000000000001 0.31101190476190482 0.16333333333333336 0.015877016129032254 0.054093567251462034 0.39009661835748793 -0.17928571428571424 0.093790707772470686 0.063164893617021281 0.04653679653679655 0.53410852713178303 -1.0000000180025095e-35
decision_type=10 2 8 10 10 2 10 8 10 2 2 10 2 10
left_child=1 3 6 5 13 8 7 -3 -1 12 -4 -7 -5 -2
right_child=4 2 10 9 -6 11 -8 -9 -10 -11 -12 -13 -14 -15
leaf_value=-0.00011520763930198613 0 -0.0001937321265747952 -0.00014412633046706919 0.00019653349818639566 0.0016976150652632314 7.1653758795752048e-05 0.00027972395563864982 -0.00041224282183305604 9.9767092888993283e-06 -0.00018368509079784944 0.00029332150270351432 0.00031894202839330123 0.00042723169007746585 0.00088039796272926577
leaf_weight=135234 1233 275697 9128 43054 4626 318662 10086 51982 325133 6363 34749 24171 45717 11502
leaf_count=135234 1233 275697 9128 43054 4626 318662 10086 51982 325133 6363 34749 24171 45717 11502
internal_value=0 -1.40782e-05 -0.000165449 5.0196e-05 0.00103934 2.27055e-05 -0.000213224 -0.000228491 -2.67319e-05 0.000281971 0.000201629 8.91786e-05 0.000315691 0.000797522
internal_weight=1.29734e+06 1.27998e+06 381642 898334 17361 803200 337765 327679 460367 95134 43877 342833 88771 12735
internal_count=1297337 1279976 381642 898334 17361 803200 337765 327679 460367 95134 43877 342833 88771 12735
is_linear=0
shrinkage=0.01


Tree=22
num_leaves=15
num_cat=0
split_feature=23 27 24 24 11 0 1 4 23 23 28 19 28 28
split_gain=185.356 121.592 62.5525 53.5193 28.0768 26.0413 25.2382 20.9028 16.7437 12.7733 10.3806 9.32102 8.15231 7.68133
threshold=0.066964285714285712 0.21583850931677021 0.2950000000000001 0.31101190476190482 0.021286231884057986 0.16333333333333336 0.39009661835748793 0.39678030303030309 0.054093567251462034 0.04653679653679655 0.33156028368794332 0.057777777777777824 0.32025641025641027 -1.0000000180025095e-35
decision_type=10 2 8 10 2 10 8 2 10 8 10 2 10 10
left_child=1 3 6 4 7 10 8 -1 -3 -6 -2 -5 -4 -7
right_child=5 2 12 11 9 13 -8 -9 -10 -11 -12 -13 -14 -15
leaf_value=-1.3649181283048398e-05 0.00093908505490449576 -0.00018913201462499092 0.00020871297271651582 0.00030324580241936544 7.5102161061609674e-05 0.00053011939985159 -0.00041448998194684023 -0.00033928137234969327 0.00023271563559422648 0.0003173679552461292 0.00030112388906108786 -3.4077402880317899e-05 -0.00079025283633272179 0.0018197847581959807
leaf_weight=458298 10204 275515 43014 86444 299546 604 52193 20613 9676 23576 3611 8874 818 3959
leaf_count=458298 10204 275515 43014 86444 299546 604 52193 20613 9676 23576 3611 8874 818 3959
internal_value=-1.69223e-06 -1.60492e-05 -0.000165685 4.74864e-05 2.08219e-05 0.000995336 -0.000211898 -2.77295e-05 -0.000174712 9.28743e-05 0.000774606 0.000271527 0.000189333 0.0016561
internal_weight=1.29694e+06 1.27857e+06 381216 897351 802033 18378 337384 478911 285191 323122 13815 95318 43832 4563
internal_count=1296945 1278567 381216 897351 802033 18378 337384 478911 285191 323122 13815 95318 43832 4563
is_linear=0
shrinkage=0.01


Tree=23
num_leaves=15
num_cat=0
split_feature=23 27 24 24 20 1 3 23 4 7 15 24 24 14
split_gain=176.67 120.614 64.7019 53.3933 27.4269 23.6757 22.6518 16.2753 15.611 14.6179 13.922 7.1452 6.83647 5.62225
threshold=0.077380952380952397 0.23499399759903969 0.2950000000000001 0.31101190476190482 0.013701201201201165 0.16333333333333336 0.30104166666666676 0.054093567251462034 0.16333333333333336 -0.33156028368794321 0.093790707772470686 -1.0000000180025095e-35 -0.066005802707930342 0.37888888888888894
decision_type=10 2 8 10 2 10 8 10 2 2 2 10 10 2
left_child=1 3 6 4 9 11 7 -3 -6 -1 13 -2 -8 -5
right_child=5 2 -4 10 8 -7 12 -9 -10 -11 -12 -13 -14 -15
leaf_value=-0.00018486838134798117 3.2213267458732738e-05 -0.00019093438413876463 0.00020413115648657248 0.00031301740353904692 0.00010282380514082253 0.0016298635959566255 -0.00049785222922365613 0.00021790376901397609 -5.3902998830979467e-05 -1.5524056688418265e-05 -0.00017740219100754388 0.00085600943204944941 -0.0002942885501037305 -6.9247986488081052e-05
leaf_weight=60152 1244 236893 40595 88185 348399 4544 28819 10084 77461 337693 6562 11408 41772 3889
leaf_count=60152 1244 236893 40595 88185 348399 4544 28819 10084 77461 337693 6562 11408 41772 3889
internal_value=-2.0919e-06 -1.56374e-05 -0.000171399 4.48157e-05 1.84474e-05 0.00100466 -0.000219499 -0.000174118 7.42457e-05 -4.12046e-05 0.000264705 0.000777408 -0.000377837 0.000296544
internal_weight=1.2977e+06 1.2805e+06 358163 922341 823705 17196 317568 246977 425860 397845 98636 12652 70591 92074
internal_count=1297700 1280504 358163 922341 823705 17196 317568 246977 425860 397845 98636 12652 70591 92074
is_linear=0
shrinkage=0.01


Tree=24
num_leaves=15
num_cat=0
split_feature=23 24 2 19 23 0 26 2 15 28 24 28 28 23
split_gain=171.736 108.941 52.4581 36.7106 23.4437 23.3304 17.8669 13.6612 12.5347 12.0239 12.7843 11.0209 8.69312 7.19194
threshold=0.077380952380952397 0.31101190476190482 0.36811594202898557 0.020416666666666698 0.048809523809523865 0.16333333333333336 0.084219858156028379 -0.40212765957446805 0.093790707772470686 0.10208333333333332 -0.074628844114528095 0.28319623971797891 0.33156028368794332 0.054093567251462034
decision_type=10 10 10 2 8 10 2 10 2 10 8 10 10 10
left_child=1 2 3 7 -5 12 13 -1 11 10 -4 -8 -2 -3
right_child=5 6 9 4 -6 -7 8 -9 -10 -11 -12 -13 -14 -15
leaf_value=-0.00025854926918256259 0.00092732105613819657 -4.833021668935436e-05 -0.00032138832790460211 1.8172664814961479e-05 0.00028373047682745376 0.0016182210240546083 0.00034053040356333132 -6.7158441556165841e-05 -0.00011444132946741758 -0.00037206246356573256 0 -0.00036198739457904595 0.00031203481493256207 0.00086358488428837454
leaf_weight=40333 9240 21096 23465 445512 35959 4513 107026 519135 6766 51509 25946 2237 3280 898
leaf_count=40333 9240 21096 23465 445512 35959 4513 107026 519135 6766 51509 25946 2237 3280 898
internal_value=-1.64245e-06 -1.49417e-05 -4.704e-05 -2.59031e-05 3.807e-05 0.000995746 0.000250384 -8.10111e-05 0.000299927 -0.000264751 -0.000152261 0.000325863 0.000768637 -9.62082e-06
internal_weight=1.29692e+06 1.27988e+06 1.14186e+06 1.04094e+06 481471 17033 138023 559468 116029 100920 49411 109263 12520 21994
internal_count=1296915 1279882 1141859 1040939 481471 17033 138023 559468 116029 100920 49411 109263 12520 21994
is_linear=0
shrinkage=0.01


Tree=25
num_leaves=15
num_cat=0
split_feature=23 27 24 24 11 23 0 0 7 23 15 24 14 28
split_gain=171.356 107.365 56.1888 55.3373 29.6902 23.7241 18.2874 18.2633 17.3039 17.1936 12.1621 9.97736 7.16423 5.99431
threshold=0.091666666666666688 0.23499399759903969 0.2950000000000001 0.31101190476190482 0.022233201581027654 0.054093567251462034 0.39009661835748793 0.24222222222222226 -0.37877551020408157 0.04653679653679655 0.097872340425531903 -0.057189542483660143 0.011766334440753036 0.23861283643892342
decision_type=10 2 8 10 2 10 8 10 2 8 2 10 2 10
left_child=1 3 5 4 8 6 -3 -2 -1 -6 12 -7 -5 -4
right_child=7 2 13 10 9 11 -8 -9 -10 -11 -12 -13 -14 -15
leaf_value=-0.00021604199118396033 0.00090749108860938195 -0.00018954809680225092 0.00020954364488913452 0.00043115437758365575 6.9038901550111785e-05 -6.3007802604596474e-05 -0.00041218924403781397 0.0018381418332485239 -1.3034585303977243e-05 0.00033759583308861274 -0.00014914158046960312 0.00053960348609766921 0.0002375079982033767 -0.00049933838555519822
leaf_weight=46405 11713 264840 39861 28217 306008 5106 43226 2687 446025 25939 6447 5750 64027 1203
leaf_count=46405 11713 264840 39861 28217 306008 5106 43226 2687 446025 25939 6447 5750 64027 1203
internal_value=-1.07226e-06 -1.32714e-05 -0.00015977 4.38293e-05 1.70003e-05 -0.000204646 -0.000220889 0.00108358 -3.22275e-05 9.01177e-05 0.000267624 0.00025347 0.000297081 0.000188011
internal_weight=1.29745e+06 1.28305e+06 359986 923068 824377 318922 308066 14400 492430 331947 98691 10856 92244 41064
internal_count=1297454 1283054 359986 923068 824377 318922 308066 14400 492430 331947 98691 10856 92244 41064
is_linear=0
shrinkage=0.01


Tree=26
num_leaves=15
num_cat=0
split_feature=24 27 11 3 14 27 4 24 19 16 14 22 27 6
split_gain=107.016 108.081 39.9827 32.4783 37.1362 48.5835 20.2217 18.1572 14.1434 13.2366 10.8156 9.91721 7.92198 6.76601
threshold=0.31101190476190482 0.17416582406471184 0.022233201581027654 0.30104166666666676 0.042109929078014148 0.49000000000000005 0.39678030303030309 -0.17928571428571424 -0.10208333333333332 0.047727272727272736 0.39009661835748793 0.29676870748299328 0.31322674418604657 0.028594771241830078
decision_type=10 2 2 8 2 2 2 10 2 2 2 2 2 8
left_child=1 2 6 4 12 -6 7 -1 -4 -10 11 13 -3 -2
right_child=10 3 8 -5 5 -7 -8 -9 9 -11 -12 -13 -14 -15
leaf_value=-0.0001055976698539057 0.00026509991465176744 -0.00011181756189836252 -9.5663501693440008e-06 -0.00034837680169773648 -1.8211277317144978e-05 0.00076240959839212624 -0.00033280727870132402 3.5846829025892364e-05 0.00010983878277615169 0.00026623832417830179 -0.00014331065387216728 2.6417655400571523e-05 -0.00022706116167697194 0.00043828023907312971
leaf_weight=128668 89818 107990 60533 77553 57865 9232 19774 307795 169152 80424 6192 13984 137321 31257
leaf_count=128668 89818 107990 60533 77553 57865 9232 19774 307795 169152 80424 6192 13984 137321 31257
internal_value=2.25301e-06 -2.94648e-05 3.94699e-05 -0.000165011 -0.000119392 8.8778e-05 -2.00239e-05 -5.7823e-06 0.000127094 0.00016036 0.000262108 0.00028092 -0.000176453 0.000310066
internal_weight=1.29756e+06 1.15631e+06 766346 389961 312408 67097 456237 436463 310109 249576 141251 135059 245311 121075
internal_count=1297558 1156307 766346 389961 312408 67097 456237 436463 310109 249576 141251 135059 245311 121075
is_linear=0
shrinkage=0.01


Tree=27
num_leaves=15
num_cat=0
split_feature=23 27 28 4 23 1 23 4 28 28 28 1 28 23
split_gain=166.087 109.236 33.6391 29.2132 24.2982 22.3386 17.8524 16.6879 15.332 14.3925 11.1581 10.4268 8.6631 8.49727
threshold=0.077380952380952397 0.22776679841897238 -0.019259259259259278 0.24222222222222226 0.034523809523809519 0.24222222222222226 0.025657894736842105 0.21583850931677021 0.11952380952380955 -0.28024390243902436 -0.29008567931456541 0.3802173913043479 -0.050510204081632641 0.04006410256410254
decision_type=10 2 10 2 10 10 8 2 10 8 10 10 10 8
left_child=1 3 6 4 8 -2 11 13 -1 -5 -8 -3 -6 -4
right_child=5 2 7 9 12 -7 10 -9 -10 -11 -12 -13 -14 -15
leaf_value=8.7908447311944144e-05 0.00082050318797330976 -4.7475251081794253e-05 -0.00021156053298429978 0.00011362009428292383 0.00049130259027929755 0.0018365909860881395 0.00076769766184426561 -0.00039762758930424609 -4.4166631755905433e-06 -0.00016263727888182509 9.7796946278762241e-05 -0.0002835271086731466 0.00017949882799735023 9.4268524181982501e-05
leaf_weight=473273 14405 129032 139394 23645 16038 2626 3857 54130 289172 91132 7350 22005 21070 9576
leaf_count=473273 14405 129032 139394 23645 16038 2626 3857 54130 289172 91132 7350 22005 21070 9576
internal_value=-1.67317e-06 -1.47536e-05 -0.000160932 4.36234e-05 6.50628e-05 0.00097923 -5.33349e-05 -0.000246735 5.28531e-05 -0.000105463 0.00033117 -8.20699e-05 0.000315097 -0.000191699
internal_weight=1.2967e+06 1.27967e+06 365344 914330 799553 17031 162244 203100 762445 114777 11207 151037 37108 148970
internal_count=1296705 1279674 365344 914330 799553 17031 162244 203100 762445 114777 11207 151037 37108 148970
is_linear=0
shrinkage=0.01


Tree=28
num_leaves=15
num_cat=0
split_feature=23 24 4 20 0 23 28 26 24 15 28 22 23 6
split_gain=159.271 101.898 65.8389 33.1171 22.0004 19.9216 18.0528 16.4458 14.6206 13.3123 12.5518 10.7251 10.5391 10.5276
threshold=0.077380952380952397 0.31101190476190482 0.25521059487624842 0.020416666666666698 0.16333333333333336 0.048809523809523865 0.10208333333333332 0.16496598639455784 0.13484848484848486 0.078888888888888856 0.011369509043927641 -0.13976744186046511 0.051315789473684266 0.41207729468599036
decision_type=10 10 2 2 10 8 10 2 10 2 10 2 10 8
left_child=1 2 3 8 -2 -5 -4 11 -1 10 -9 -3 -13 -8
right_child=4 7 6 5 -6 -7 13 9 -10 -11 -12 12 -14 -15
leaf_value=-0.00010241975785246046 0.00073893576309673177 0.00032129683965111962 -0.00012045064460427186 3.3557092818483243e-05 0.0015613536609693549 0.00027926602968783516 -0.00025459995561316574 0.00036411122939676371 8.9888401900952545e-06 -0.0001288195462491866 -0.00017386404239439081 -0.00011027965192793718 0.00077599995465240854 -0.00050429144164753162
leaf_weight=341576 12567 10731 90422 406885 4549 35970 62924 91774 179079 6401 4473 22960 1417 23670
leaf_count=341576 12567 10731 90422 406885 4549 35970 62924 91774 179079 6401 4473 22960 1417 23670
internal_value=1.31403e-06 -1.14947e-05 -4.25467e-05 -9.94764e-06 0.000959501 5.35838e-05 -0.000219813 0.000245372 -6.40434e-05 0.000309338 0.000338793 5.74854e-05 -5.74418e-05 -0.000323213
internal_weight=1.2954e+06 1.27828e+06 1.14053e+06 963510 17116 442855 177016 137756 520655 102648 96247 35108 24377 86594
internal_count=1295398 1278282 1140526 963510 17116 442855 177016 137756 520655 102648 96247 35108 24377 86594
is_linear=0
shrinkage=0.01


Tree=29
num_leaves=15
num_cat=0
split_feature=23 27 28 23 23 0 2 28 4 2 23 28 19 28
split_gain=157.782 110.804 37.3158 31.7145 24.2532 23.6134 22.3001 20.9312 12.5802 11.9477 9.38014 8.13546 7.79704 7.54668
threshold=0.077380952380952397 0.17928571428571435 -0.23956521739130432 0.016954022988505794 0.024404761904761933 0.16333333333333336 0.32256944444444446 0.14365079365079372 0.28334980237154156 -0.40212765957446805 0.037087912087912074 0.33156028368794332 -0.47979591836734686 -1.0000000180025095e-35
decision_type=10 2 10 10 8 10 8 8 2 8 10 10 2 10
left_child=1 3 4 7 12 11 -4 9 -9 -1 -5 -2 -3 -7
right_child=5 2 6 10 -6 13 -8 8 -10 -11 -12 -13 -14 -15
leaf_value=-0.00011643250491772322 0.0008801493229155928 0.00058779989596246922 -0.00015150661000379477 0.00014431347313815837 0.00054968895165285136 0.00048644979994140122 -0.0003523551729644616 -1.8483794873244644e-05 -0.00022756546717798317 8.1666323574043374e-05 0.00033538826922211806 0.00028540513312165348 -3.5497405381820305e-05 0.0017499687924588982
leaf_weight=32687 9332 2044 256809 105978 8033 620 70917 219482 33201 422544 34466 3278 94392 3873
leaf_count=32687 9332 2044 256809 105978 8033 620 70917 219482 33201 422544 34466 3278 94392 3873
internal_value=4.73327e-07 -1.22481e-05 -0.000142592 5.41204e-05 2.17259e-05 0.000954551 -0.000195063 2.68374e-05 -4.60769e-05 6.73756e-05 0.000191424 0.000728027 -2.19574e-05 0.00158273
internal_weight=1.29766e+06 1.28055e+06 432195 848358 104469 17103 327726 707914 252683 455231 140444 12610 96436 4493
internal_count=1297656 1280553 432195 848358 104469 17103 327726 707914 252683 455231 140444 12610 96436 4493
is_linear=0
shrinkage=0.01


Tree=30
num_leaves=15
num_cat=0
split_feature=23 27 24 24 23 3 24 23 0 15 28 15 28 14
split_gain=157.661 107.802 56.2751 46.4362 25.672 22.8363 18.5763 17.9239 16.7919 11.4295 8.78749 8.12397 7.77637 6.48236
threshold=0.091666666666666688 0.18819444444444447 0.2950000000000001 0.31101190476190482 0.023268398268398275 0.30104166666666676 -0.17928571428571424 0.054093567251462034 0.16333333333333336 0.093790707772470686 0.2558265582655827 -0.41918367346938773 -1.0000000180025095e-35 0.39009661835748793
decision_type=10 2 8 10 10 8 10 10 10 2 10 2 10 2
left_child=1 3 5 4 6 7 -1 -3 -2 -5 13 -7 -10 -4
right_child=8 2 10 9 -6 11 -8 -9 12 -11 -12 -13 -14 -15
leaf_value=-6.9921463193932168e-05 0.00080135856270172002 -0.00016068781811553659 0.00022300976620455597 0.00029570926680248783 0.00020852847430339412 -3.6050864157017125e-05 4.2348960572639132e-05 0.00024855564099267275 0.00043752590104506329 -0.00014718562219597531 -0.0006535311524265544 -0.00037544139073592491 0.001715337400862515 -0.00036345172210703111
leaf_weight=210016 9821 281666 45418 85233 70877 8088 493634 11066 619 6159 1224 68191 3950 1926
leaf_count=210016 9821 281666 45418 85233 70877 8088 493634 11066 619 6159 1224 68191 3950 1926
internal_value=3.44022e-07 -1.13042e-05 -0.000143296 5.23128e-05 2.71141e-05 -0.000185451 8.7972e-06 -0.000145113 0.00104116 0.00026553 0.000176367 -0.000339851 0.00154918 0.000198497
internal_weight=1.29789e+06 1.2835e+06 417579 865919 774527 369011 703650 292732 14390 91392 48568 76279 4569 47344
internal_count=1297888 1283498 417579 865919 774527 369011 703650 292732 14390 91392 48568 76279 4569 47344
is_linear=0
shrinkage=0.01


Tree=31
num_leaves=15
num_cat=0
split_feature=23 27 28 28 23 0 23 3 3 11 11 23 28 28
split_gain=150.978 106.562 29.8601 27.9069 22.6777 22.4568 21.42 20.3688 18.0236 12.646 10.2224 9.42188 7.99176 7.95352
threshold=0.066964285714285712 0.23252032520325203 -0.23746867167919797 0.060487804878048841 0.024404761904761933 0.16333333333333336 0.025657894736842105 0.22111111111111112 0.30642923219241447 -0.31909090909090904 0.012347560975609741 0.04006410256410254 0.49000000000000005 0.33156028368794332
decision_type=10 2 10 8 8 10 10 8 8 2 2 8 8 10
left_child=1 3 4 6 -3 13 9 11 10 -1 -5 -4 -10 -2
right_child=5 2 7 8 -6 -7 -8 -9 12 -11 -12 -13 -14 -15
leaf_value=-9.4294592201235629e-05 0.00083374836098970887 -4.6347603786488284e-05 -0.00017613369205829473 -4.649593969022868e-05 0.00054740543224122474 0.0015078003088269325 0.00035141198403053082 -0.00035201630253503996 -0.0001955596903071877 9.0443469755230525e-05 5.9693582178195584e-05 0.00010557787501134276 -0.00088046311551219156 0.00027924102178398873
leaf_weight=40270 10357 79448 187568 201320 6996 4556 29840 75160 35254 443880 164889 12536 1820 3696
leaf_count=40270 10357 79448 187568 201320 6996 4556 29840 75160 35254 443880 164889 12536 1820 3696
internal_value=-2.00406e-06 -1.50393e-05 -0.000160414 4.22537e-05 1.37572e-06 0.000892145 9.11218e-05 -0.000211331 -1.99552e-05 7.50151e-05 1.23506e-06 -0.000158334 -0.00023006 0.000690136
internal_weight=1.29759e+06 1.27898e+06 361708 917273 86444 18609 513990 275264 403283 484150 366209 200104 37074 14053
internal_count=1297590 1278981 361708 917273 86444 18609 513990 275264 403283 484150 366209 200104 37074 14053
is_linear=0
shrinkage=0.01


Tree=32
num_leaves=15
num_cat=0
split_feature=23 24 4 19 1 23 26 28 24 28 15 6 22 28
split_gain=150.817 92.9325 59.4814 31.1855 21.6848 19.3591 17.5375 15.141 14.2263 11.409 11.9103 9.3187 9.13865 8.74209
threshold=0.066964285714285712 0.31101190476190482 0.25521059487624842 0.015877016129032254 0.24222222222222226 0.048809523809523865 0.16064516129032261 0.069805194805194828 0.13484848484848486 0.32683658170914548 0.078888888888888856 0.41207729468599036 -0.13976744186046511 -0.43969696969696964
decision_type=10 10 2 2 10 8 2 8 10 10 2 8 2 10
left_child=1 2 3 8 -2 -5 12 13 -1 10 -8 -9 -3 -4
right_child=4 6 7 5 -6 -7 9 11 -10 -11 -12 -13 -14 -15
leaf_value=-0.0001055786683234157 0.00075466553249632965 0.00028326058184505724 0.00018684251457734764 2.8819024308644917e-05 0.0017434887716540354 0.00027398125416097912 0.00033853042728910614 -0.00023727275008653879 6.0777131690862797e-06 -0.0005457422065121843 -0.00010258278673668436 -0.0004644163858206719 -6.9711556395512627e-05 -0.00014765677430592734
leaf_weight=325620 15700 10491 8648 428087 2658 34882 95423 68530 174915 1553 6430 25176 24170 74687
leaf_count=325620 15700 10491 8648 428087 2658 34882 95423 68530 174915 1553 6430 25176 24170 74687
internal_value=-1.19187e-07 -1.30645e-05 -4.27491e-05 -1.17599e-05 0.00089973 4.7357e-05 0.000231932 -0.000211228 -6.64999e-05 0.000297223 0.000310386 -0.000298633 3.62739e-05 -0.000112579
internal_weight=1.29697e+06 1.27861e+06 1.14054e+06 963504 18358 462969 138067 177041 500535 103406 101853 93706 34661 83335
internal_count=1296970 1278612 1140545 963504 18358 462969 138067 177041 500535 103406 101853 93706 34661 83335
is_linear=0
shrinkage=0.01


Tree=33
num_leaves=15
num_cat=0
split_feature=23 27 28 28 1 23 4 23 11 4 11 28 1 23
split_gain=148.479 108.258 29.3667 28.766 22.3523 20.7435 20.2216 18.7581 13.3698 12.8207 10.4469 10.1558 9.9572 7.98008
threshold=0.066964285714285712 0.23499399759903969 -0.019259259259259278 0.060487804878048841 0.24222222222222226 0.025657894736842105 0.26341350601295105 0.025657894736842105 -0.35321969696969691 0.22111111111111112 -0.29027777777777769 -0.29008567931456541 0.3802173913043479 0.048809523809523865
decision_type=10 2 10 8 10 10 2 8 2 2 2 10 8 8
left_child=1 3 7 5 -2 8 10 12 -1 13 -5 -9 -3 -4
right_child=4 2 9 6 -6 -7 -8 11 -10 -11 -12 -13 -14 -15
leaf_value=-0.00011768093309371701 0.00074238943782644804 -5.4099908668456395e-05 -0.00021013575091104184 -0.00014536158172389599 0.0017402662513680744 0.00034999860449856738 -0.0002098173355003159 0.00075089728415104963 9.2343146128751318e-05 -0.00037694528152604922 2.6828637440882239e-05 0.00011044045508247601 -0.00028648863490827981 0.00012474860329588151
leaf_weight=32355 15823 125821 140053 39628 2689 29908 48600 3882 453727 51908 316372 7217 21736 7380
leaf_count=32355 15823 125821 140053 39628 2689 29908 48600 3882 453727 51908 316372 7217 21736 7380
internal_value=9.64782e-08 -1.27552e-05 -0.000160329 4.46007e-05 0.000889217 9.41093e-05 -1.84642e-05 -5.85559e-05 7.8301e-05 -0.000241178 7.57602e-06 0.000337292 -8.85405e-05 -0.000193167
internal_weight=1.2971e+06 1.27859e+06 357997 920590 18512 515990 404600 158656 486082 199341 356000 11099 147557 147433
internal_count=1297099 1278587 357997 920590 18512 515990 404600 158656 486082 199341 356000 11099 147557 147433
is_linear=0
shrinkage=0.01


Tree=34
num_leaves=15
num_cat=0
split_feature=24 27 11 15 21 27 4 15 21 26 24 21 4 6
split_gain=88.3393 89.7686 32.3846 27.6082 47.044 31.7843 17.584 15.6001 17.2686 14.5768 14.2431 11.9021 11.8499 9.29961
threshold=0.31101190476190482 0.18042553191489366 0.022233201581027654 0.04083333333333334 0.081666666666666679 0.49000000000000005 0.37627551020408168 0.010527482269503509 0.047727272727272736 0.52041666666666686 -0.17928571428571424 0.031582446808510641 0.23124999999999998 0.025657894736842105
decision_type=10 2 2 2 2 2 2 2 2 2 10 2 2 10
left_child=1 2 6 12 11 -6 10 -4 -9 13 -1 -5 -3 -2
right_child=9 3 7 4 5 -7 -8 8 -10 -11 -12 -13 -14 -15
leaf_value=-9.3621867633971928e-05 7.0623228419033557e-05 -0.00016280883773534365 1.2893543599422047e-05 -0.00016008055939173264 0.00017811138423243342 0.0012842799990679299 -0.00028067033157506261 0.0001157966379383358 0.0003421430404402475 0.0003439177965674207 3.1887436004178394e-05 0.00014724941843617654 -0.00031263285897082445 0.00032415895891251044
leaf_weight=128077 54140 234554 105630 51681 6618 4357 24446 164767 42675 66992 307261 16567 69006 19984
leaf_count=128077 54140 234554 105630 51681 6618 4357 24446 164767 42675 66992 307261 16567 69006 19984
internal_value=4.89338e-07 -2.83297e-05 3.36652e-05 -0.000153578 1.23073e-05 0.000620216 -1.96946e-05 0.000112126 0.00016251 0.000236704 -4.96904e-06 -8.50344e-05 -0.000196969 0.000139392
internal_weight=1.29676e+06 1.15564e+06 772856 382783 79223 10975 459784 313072 207442 141116 435338 68248 303560 74124
internal_count=1296755 1155639 772856 382783 79223 10975 459784 313072 207442 141116 435338 68248 303560 74124
is_linear=0
shrinkage=0.01


Tree=35
num_leaves=15
num_cat=0
split_feature=23 27 24 24 4 1 19 4 23 26 28 26 27 28
split_gain=144.765 98.3525 48.5697 43.3924 23.1704 21.8611 19.5231 17.2772 11.9546 11.5351 11.177 10.8646 8.39156 7.79101
threshold=0.066964285714285712 0.22046511627906976 0.2950000000000001 0.31101190476190482 0.24222222222222226 0.16333333333333336 0.016954022988505794 0.22111111111111112 0.054093567251462034 0.063164893617021281 0.49000000000000005 0.52041666666666686 0.39897959183673476 -1.0000000180025095e-35
decision_type=10 2 8 10 2 10 2 2 10 2 10 2 2 10
left_child=1 3 7 4 6 -2 -1 8 -3 -4 -6 -5 -9 -7
right_child=5 2 9 11 10 13 -8 12 -10 -11 -12 -13 -14 -15
leaf_value=-1.0595107581288573e-05 0.00067815776278344771 -0.00016286882677884446 -0.00014982788290014283 0.0001323561584706652 -0.00010220174634541562 0.00037776226826598133 9.4486592981831745e-05 -0.00020172507900723609 0.00019296307691689225 0.00025148613101873941 -0.00076944072588555114 0.00034645338348774545 -0.00040779120798969866 0.001653047935262186
leaf_weight=362390 13953 236681 8978 45959 101691 620 344402 36302 9755 33910 2588 50339 45617 3929
leaf_count=362390 13953 236681 8978 45959 101691 620 344402 36302 9755 33910 2588 50339 45617 3929
internal_value=4.85397e-07 -1.22006e-05 -0.000149334 4.38736e-05 2.00045e-05 0.000878654 4.05663e-05 -0.000190714 -0.00014866 0.000166773 -0.000119071 0.000244593 -0.000316851 0.00148619
internal_weight=1.29711e+06 1.27861e+06 371243 907369 811071 18502 706792 328355 246436 42888 104279 96298 81919 4549
internal_count=1297114 1278612 371243 907369 811071 18502 706792 328355 246436 42888 104279 96298 81919 4549
is_linear=0
shrinkage=0.01


Tree=36
num_leaves=15
num_cat=0
split_feature=23 24 6 3 19 26 1 24 15 24 11 1 24 15
split_gain=135.434 80.2892 52.4744 52.3327 23.5749 17.6802 15.675 14.5119 10.97 10.9011 10.7635 9.52361 8.47771 7.10612
threshold=0.043560606060606029 0.31101190476190482 0.12361111111111113 0.30104166666666676 0.015877016129032254 0.05634920634920635 0.18819444444444447 0.14758064516129035 0.057777777777777824 -0.17928571428571424 -0.33156028368794321 0.4587585034013606 -0.051682692307692284 -0.41918367346938773
decision_type=8 10 10 10 2 2 10 8 2 10 2 8 10 2
left_child=1 3 7 4 9 -3 -4 -2 -7 -1 -6 12 -5 -13
right_child=2 5 6 11 10 8 -8 -9 -10 -11 -12 13 -14 -15
leaf_value=-0.00014188383301744445 0.00015150214741632839 -0.00010591383364126149 0.00083757991268434333 -0.00028233162105208398 -0.00012014062398484732 0.00027985082466089762 0.001710654950381095 0.00049758715515382638 -9.8407012565099495e-05 -4.0282607807744407e-05 4.5830368873350986e-05 0 -0.00010997665424254606 -0.00046442647339862302
leaf_weight=149228 27624 15421 10193 53189 43211 108101 2707 22075 8128 366006 400959 3758 63391 23174
leaf_count=149228 27624 15421 10193 53189 43211 108101 2707 22075 8128 366006 400959 3758 63391 23174
internal_value=4.67445e-07 -2.25186e-05 0.000454253 -5.04026e-05 -2.37259e-05 0.000210851 0.00102347 0.000305848 0.000253139 -6.97684e-05 2.96157e-05 -0.000228528 -0.000188875 -0.000399019
internal_weight=1.29716e+06 1.23457e+06 62599 1.10292e+06 959404 131650 12900 49699 116229 515234 444170 143512 116580 26932
internal_count=1297165 1234566 62599 1102916 959404 131650 12900 49699 116229 515234 444170 143512 116580 26932
is_linear=0
shrinkage=0.01


Tree=37
num_leaves=15
num_cat=0
split_feature=23 24 3 19 23 26 1 28 24 28 3 19 3 6
split_gain=134.003 84.1783 60.489 33.4059 18.7318 15.1579 14.4772 12.7385 16.761 10.2383 9.87746 9.32217 9.26972 7.04088
threshold=0.091666666666666688 0.31101190476190482 0.30104166666666676 0.020416666666666698 0.048809523809523865 0.05634920634920635 0.24222222222222226 0.16333333333333336 -0.051682692307692284 0.28319623971797891 -0.42111111111111105 0.057777777777777824 0.47979591836734697 0.025657894736842105
decision_type=10 10 10 2 8 2 10 10 8 10 8 2 10 10
left_child=1 2 3 10 -5 13 -2 8 -4 11 -1 -7 -9 -3
right_child=6 5 7 4 -6 9 -8 12 -10 -11 -12 -13 -14 -15
leaf_value=-0.00023838250886141002 0.00080162572648989888 -0.00018195840996144036 -0.0002815356873886747 3.2232494978333317e-05 0.00026337906423658795 0.0003020223028236385 0.0016301524768680983 -0.00027983154939826584 3.2166388629395277e-06 -0.00038416135272641838 -5.3821118590018934e-05 -8.3032985738146691e-06 -0.00059842768670221734 0.00028199486230331305
leaf_weight=30889 11725 12334 44311 426004 38269 108950 2700 49076 38358 2366 505134 10418 11528 4418
leaf_count=30889 11725 12334 44311 426004 38269 108950 2700 49076 38358 2366 505134 10418 11528 4418
internal_value=7.19281e-07 -1.00426e-05 -3.82632e-05 -1.07066e-05 5.13516e-05 0.000222772 0.000959091 -0.000230443 -0.000149054 0.000261627 -6.45139e-05 0.000274687 -0.000340956 -5.77811e-05
internal_weight=1.29648e+06 1.28206e+06 1.14357e+06 1.0003e+06 464273 138486 14425 143273 82669 121734 536023 119368 60604 16752
internal_count=1296480 1282055 1143569 1000296 464273 138486 14425 143273 82669 121734 536023 119368 60604 16752
is_linear=0
shrinkage=0.01


Tree=38
num_leaves=15
num_cat=0
split_feature=23 27 24 24 11 4 23 2 2 23 15 24 22 22
split_gain=136.262 94.6161 47.4902 42.5514 23.895 21.0162 20.6152 14.6129 13.7306 13.5058 10.8427 8.25156 6.24034 5.55173
threshold=0.1125 0.23499399759903969 0.2950000000000001 0.31101190476190482 0.021286231884057986 0.39678030303030309 0.054093567251462034 0.32256944444444446 0.24222222222222226 0.048809523809523865 0.081666666666666679 -0.057189542483660143 0.30976190476190485 0.056186868686868681
decision_type=10 2 8 10 2 2 10 8 10 8 2 10 2 2
left_child=1 3 6 4 5 -1 7 -3 -2 -6 12 -8 -5 -4
right_child=8 2 13 10 9 -7 11 -9 -10 -11 -12 -13 -14 -15
leaf_value=-1.1391304043095569e-05 0.00084592173341762949 -0.00016461155411173618 0.00025301628320063244 0.00029549374182256038 6.5414037209844778e-05 -0.00033178070376126649 -5.6584356777226454e-05 -0.0003235383130888611 0.0016685524149825739 0.00030170526579209481 -0.00013413622410729401 0.00048086013933885258 1.59649255428353e-05 3.8090635905259218e-06
leaf_weight=467376 10345 230100 27483 82560 309350 21425 5240 78165 2669 26345 7126 6050 9095 13614
leaf_count=467376 10345 230100 27483 82560 309350 21425 5240 78165 2669 26345 7126 6050 9095 13614
internal_value=-6.76967e-07 -1.10208e-05 -0.00014839 4.26065e-05 1.90684e-05 -2.54979e-05 -0.000189587 -0.00020501 0.00101728 8.40498e-05 0.000238762 0.000228812 0.000268085 0.000171199
internal_weight=1.29694e+06 1.28393e+06 360652 923277 824496 488801 319555 308265 13014 335695 98781 11290 91655 41097
internal_count=1296943 1283929 360652 923277 824496 488801 319555 308265 13014 335695 98781 11290 91655 41097
is_linear=0
shrinkage=0.01


Tree=39
num_leaves=15
num_cat=0
split_feature=23 24 3 19 23 26 1 24 28 24 15 28 23 22
split_gain=132.554 77.0414 57.2354 30.5946 19.1857 14.1294 13.1886 11.7192 11.4695 12.3346 8.47082 8.38253 7.60672 12.5406
threshold=0.091666666666666688 0.31101190476190482 0.32256944444444446 0.020416666666666698 0.048809523809523865 0.52041666666666686 0.24222222222222226 0.13484848484848486 0.16333333333333336 -0.063164893617021253 -0.015555555555555571 0.17416582406471184 0.025657894736842105 -0.13976744186046511
decision_type=10 10 10 2 8 2 10 10 10 8 2 10 10 2
left_child=1 2 3 7 -5 12 -2 -1 9 -4 -10 -7 13 -3
right_child=6 5 8 4 -6 11 -8 -9 10 -11 -12 -13 -14 -15
leaf_value=-9.4173001506592886e-05 0.00080609956720921851 0.00027272731668014208 -0.00028567803010078443 3.0471636403647669e-05 0.00026424076277703468 0.00034323291259969488 0.0015989850240367214 3.4902571966802399e-06 -0.00051799045116921578 -2.6381178782068634e-05 -0.00025260864345757599 -0.00027626930780655774 0.00040277349497066497 -2.0343704878254152e-05
leaf_weight=356607 11707 22272 35395 433502 38263 63402 2696 186566 18548 38667 36712 2206 8376 41904
leaf_count=356607 11707 22272 35395 433502 38263 63402 2696 186566 18548 38667 36712 2206 8376 41904
internal_value=2.99008e-06 -7.7022e-06 -3.46574e-05 -9.38066e-06 4.94969e-05 0.000215323 0.000956899 -6.05731e-05 -0.000232796 -0.000150713 -0.00034225 0.000321934 0.000118494 8.09059e-05
internal_weight=1.29682e+06 1.28242e+06 1.14426e+06 1.01494e+06 471765 138160 14403 543173 129322 74062 55260 65608 72552 64176
internal_count=1296823 1282420 1144260 1014938 471765 138160 14403 543173 129322 74062 55260 65608 72552 64176
is_linear=0
shrinkage=0.01


Tree=40
num_leaves=15
num_cat=0
split_feature=23 24 4 23 19 28 0 15 1 24 28 25 28 28
split_gain=125.768 80.2319 51.4282 29.9927 17.0653 15.4479 15.3418 12.2897 11.1689 10.9856 8.93095 7.56157 6.98247 3.94001
threshold=0.091666666666666688 0.31101190476190482 0.25521059487624842 0.048809523809523865 0.020416666666666698 -0.41945945945945939 0.16333333333333336 0.072948328267477228 0.44159090909090915 0.12750000000000003 0.32683658170914548 0.27500000000000008 -1.0000000180025095e-35 0.49000000000000005
decision_type=10 10 2 8 2 8 10 2 8 8 10 2 10 10
left_child=1 2 3 4 -1 -4 13 10 -7 -5 11 -3 -8 -2
right_child=6 7 5 9 -6 8 12 -9 -10 -11 -12 -13 -14 -15
leaf_value=-5.8400526073602618e-05 0.00081699484572224715 6.6942765591138063e-05 0.00016910031186087324 0.0001272483708757155 2.7952387771027917e-05 -0.00018198110463587888 0.00034288801351688793 -0.00013419011431080381 -0.00040572028171960867 0.00047596957759926369 -0.00042372116548015188 0.00028513989978109009 0.0015707646512637449 0.00032495106280287361
leaf_weight=521863 7449 19057 10878 23459 407074 139597 600 9189 26928 15039 1947 108166 3956 2382
leaf_count=521863 7449 19057 10878 23459 407074 139597 600 9189 26928 15039 1947 108166 3956 2382
internal_value=1.826e-08 -1.03842e-05 -3.78956e-05 -9.16176e-06 -2.05271e-05 -0.000194419 0.00092972 0.000217036 -0.000218348 0.00026428 0.000242256 0.000252694 0.00141597 0.000700961
internal_weight=1.29758e+06 1.2832e+06 1.14484e+06 967435 928937 177403 14387 138359 166525 38498 129170 127223 4556 9831
internal_count=1297584 1283197 1144838 967435 928937 177403 14387 138359 166525 38498 129170 127223 4556 9831
is_linear=0
shrinkage=0.01


Tree=41
num_leaves=15
num_cat=0
split_feature=23 27 28 23 28 3 23 4 0 11 23 19 28 15
split_gain=122.128 92.7298 29.9472 25.2161 22.6079 18.1777 18.0352 14.3745 14.2339 12.6606 7.43407 7.06185 6.42758 5.92498
threshold=0.091666666666666688 0.18237250554323728 -0.23956521739130432 0.023268398268398275 0.084349593495934974 0.30104166666666676 0.025657894736842105 0.27178030303030309 0.16333333333333336 -0.29795918367346935 0.028594771241830078 -0.47979591836734686 -1.0000000180025095e-35 -0.43938775510204076
decision_type=10 2 10 10 10 8 8 2 10 2 8 2 10 2
left_child=1 3 6 4 9 10 11 -6 -2 -1 -4 -3 -10 -7
right_child=8 2 5 -5 7 13 -8 -9 12 -11 -12 -13 -14 -15
leaf_value=-8.5118545942051461e-05 0.00069711257686489781 0.00056983869732111744 -0.00015776135163666127 0.00020958445087383178 -8.3237606766899413e-06 8.888879042804288e-06 0.00051872830170543037 -0.00020638798935628582 0.00037799207949638371 9.2688282330692995e-05 5.0491183360429625e-05 -3.1898311208675195e-05 0.0015436851725606816 -0.00035777703549532395
leaf_weight=44231 9766 1986 237175 86559 280777 4585 6673 42208 622 407590 18246 92554 3886 59890
leaf_count=44231 9766 1986 237175 86559 280777 4585 6673 42208 622 407590 18246 92554 3886 59890
internal_value=-1.5137e-06 -1.17761e-05 -0.000133408 4.76533e-05 2.95234e-05 -0.00018085 1.62428e-05 -3.43015e-05 0.000918241 7.5215e-05 -0.000142767 -1.89226e-05 0.00138986 -0.000331238
internal_weight=1.29675e+06 1.28247e+06 421109 861365 774806 319896 101213 322985 14274 451821 255421 94540 4508 64475
internal_count=1296748 1282474 421109 861365 774806 319896 101213 322985 14274 451821 255421 94540 4508 64475
is_linear=0
shrinkage=0.01


Tree=42
num_leaves=15
num_cat=0
split_feature=24 3 11 15 21 24 28 24 14 21 3 24 25 19
split_gain=77.1233 61.176 45.817 32.7855 47.5836 14.414 12.2887 12.1257 11.7978 9.66508 8.99967 9.46039 8.66377 7.8338
threshold=0.31101190476190482 0.32256944444444446 0.022233201581027654 0.047727272727272736 0.12111111111111113 -0.17928571428571424 0.14365079365079372 -0.074628844114528095 0.37888888888888894 0.028594771241830078 0.47979591836734697 -0.40767045454545447 0.70000000000000018 0.012049941927990694
decision_type=10 10 2 2 2 10 10 8 2 2 10 10 2 2
left_child=1 2 5 -4 -5 12 7 -3 9 -2 -8 -12 -1 -7
right_child=8 6 3 4 -6 13 10 -9 -10 -11 11 -13 -14 -15
leaf_value=-5.6764270016358299e-05 0.0001687058203332956 -0.00028200642453824235 1.4038933804809475e-05 0.00013843098439083503 0.00072835156719275763 -5.993937001503542e-05 -0.00027419318462125014 -1.775183592287123e-05 -0.00018376449336830877 0.00034183538103245501 0.00026832312620258625 -0.000672484059456623 -0.0001969983645657433 2.668264327044016e-05
leaf_weight=83650 77535 32853 268730 133533 15273 255195 46405 37381 6756 56650 1133 11082 94887 176125
leaf_count=83650 77535 32853 268730 133533 15273 255195 46405 37381 6756 56650 1133 11082 94887 176125
internal_value=5.29916e-07 -2.63677e-05 -5.78141e-07 8.00992e-05 0.000199194 -5.58629e-05 -0.000231758 -0.000141795 0.0002214 0.000242027 -0.000339021 -0.00058272 -0.000131465 -2.44987e-05
internal_weight=1.29719e+06 1.15625e+06 1.02739e+06 417536 148806 609857 128854 70234 140941 134185 58620 12215 178537 431320
internal_count=1297188 1156247 1027393 417536 148806 609857 128854 70234 140941 134185 58620 12215 178537 431320
is_linear=0
shrinkage=0.01


Tree=43
num_leaves=15
num_cat=0
split_feature=3 11 28 15 10 10 28 3 11 3 5 25 14 28
split_gain=65.0942 40.4347 32.4167 29.1513 17.7693 48.6398 17.2951 9.27871 9.24297 7.38831 6.98394 6.67377 6.63616 6.03856
threshold=0.30104166666666676 0.023268398268398275 -0.011911514463981863 0.04083333333333334 0.2525510204081633 0.2473404255319149 0.14365079365079372 -0.43683510638297868 -0.33156028368794321 0.47979591836734697 0.30642923219241447 0.92500000000000016 -0.10434782608695649 -0.30217391304347824
decision_type=10 2 8 2 2 2 10 10 2 10 10 2 2 10
left_child=1 2 8 -3 5 -5 13 11 -1 -8 -9 -4 -11 -2
right_child=6 3 7 4 -6 -7 9 10 -10 12 -12 -13 -14 -15
leaf_value=-0.00010007281736546212 2.3776914656426825e-05 3.4319938847830853e-05 -0.00021249994706442658 0.00024565791490723779 5.7944863688536481e-05 0.0015846342162894923 -0.00026520467093194363 -5.7474144206447143e-05 6.8149022813022427e-05 -0.00087696947898869518 -0.00020930697631158237 -0.00072759689143644338 -0.00037055229769142101 -0.00015525067159955278
leaf_weight=36294 26192 236316 13657 109284 54181 2789 52509 337004 315771 4069 33509 3188 8166 64720
leaf_count=36294 26192 236316 13657 109284 54181 2789 52509 337004 315771 4069 33509 3188 8166 64720
internal_value=-9.31635e-07 2.51936e-05 -1.86775e-05 0.000105848 0.000207337 0.000279288 -0.000192793 -8.18306e-05 5.07213e-05 -0.000317922 -7.12884e-05 -0.000311877 -0.000541597 -0.000103343
internal_weight=1.29765e+06 1.14199e+06 739423 402570 166254 112073 155656 387358 352065 64744 370513 16845 12235 90912
internal_count=1297649 1141993 739423 402570 166254 112073 155656 387358 352065 64744 370513 16845 12235 90912
is_linear=0
shrinkage=0.01


Tree=44
num_leaves=15
num_cat=0
split_feature=27 24 24 19 21 1 14 15 27 24 26 27 4 26
split_gain=84.9111 43.6102 36.5037 27.7079 21.3463 20.9171 19.8391 19.1923 37.7644 12.6757 15.092 11.6767 9.77013 9.59974
threshold=0.28024390243902447 0.2950000000000001 0.2950000000000001 0.022233201581027654 0.047727272727272736 0.37627551020408168 0.2525510204081633 0.042572463768115916 0.49000000000000005 -0.18118686868686867 0.16064516129032261 0.020204081632653085 0.24222222222222226 0.36055555555555557
decision_type=2 10 8 2 2 8 2 2 2 10 2 2 2 2
left_child=1 3 5 9 11 7 -6 -2 -9 10 -1 -5 -11 -3
right_child=2 13 -4 4 6 -7 -8 8 -10 12 -12 -13 -14 -15
leaf_value=5.5184788576683254e-05 -0.00018937146878824498 0.00011051515837448499 0.00016367944950754766 9.3276713579607126e-05 0.00039587085732991495 -0.00037250783832738099 -6.8845624878606848e-05 -0.00010804911687753643 0.00064104500637018099 2.0161539366085814e-05 -0.00017881433648633187 -2.539968790029293e-05 -0.00014996968611446596 0.00030310534452672461
leaf_weight=37948 176990 42430 33188 245508 35910 49910 12204 31006 8583 293237 99051 124660 38141 68879
leaf_count=37948 176990 42430 33188 245508 35910 49910 12204 31006 8583 293237 99051 124660 38141 68879
internal_value=-9.33902e-07 4.33703e-05 -0.000148572 1.9911e-05 7.90862e-05 -0.000187574 0.000277376 -0.000144813 5.3635e-05 -3.28712e-05 -0.000113779 5.32296e-05 4.88037e-07 0.000229966
internal_weight=1.29764e+06 997968 299677 886659 418282 266489 48114 216579 39589 468377 136999 370168 331378 111309
internal_count=1297645 997968 299677 886659 418282 266489 48114 216579 39589 468377 136999 370168 331378 111309
is_linear=0
shrinkage=0.01


Tree=45
num_leaves=15
num_cat=0
split_feature=24 3 19 21 11 26 28 24 28 6 3 24 3 24
split_gain=76.4375 54.4207 46.0916 45.5124 35.402 12.1587 12.1425 13.3513 11.67 10.6294 10.5773 9.73039 9.01796 9.22825
threshold=0.31101190476190482 0.30104166666666676 0.022233201581027654 0.050510204081632655 0.081666666666666679 0.096006144393241177 0.14365079365079372 -0.063164893617021253 0.072948328267477228 0.051551870748299318 -0.43938775510204076 0.13078947368421054 0.47979591836734697 -0.40767045454545447
decision_type=10 10 2 2 2 2 10 8 10 10 8 10 10 10
left_child=1 2 10 8 -5 9 7 -3 -4 -2 -1 -12 -8 -14
right_child=5 6 3 4 -6 -7 12 -9 -10 -11 11 -13 13 -15
leaf_value=-0.00026108411986933594 -8.2310371661550985e-05 -0.0002630963116370541 9.4333562385806537e-05 0.00016281903485095868 0.00069389673916320465 0.00026250559083010837 -0.00025416461027304328 -1.8213729491605973e-06 -1.3578452216385945e-05 0.00042769620415356214 -8.5386929985445083e-05 5.3515856657236776e-06 0.00029037160998476402 -0.00064788739215678934
leaf_weight=26026 20240 37450 178787 39383 18576 115483 52357 41423 227124 5110 342905 179412 1110 11043
leaf_count=26026 20240 37450 178787 39383 18576 115483 52357 41423 227124 5110 342905 179412 1110 11043
internal_value=-9.7438e-07 -2.78034e-05 -1.94514e-06 7.13914e-05 0.000333575 0.000218952 -0.000210137 -0.000126264 3.38788e-05 1.93508e-05 -6.40389e-05 -5.41616e-05 -0.000312207 -0.000559673
internal_weight=1.29643e+06 1.1556e+06 1.01221e+06 463870 57959 140833 143383 78873 405911 25350 548343 522317 64510 12153
internal_count=1296429 1155596 1012213 463870 57959 140833 143383 78873 405911 25350 548343 522317 64510 12153
is_linear=0
shrinkage=0.01


Tree=46
num_leaves=15
num_cat=0
split_feature=24 4 10 4 18 19 28 24 26 22 28 3 18 14
split_gain=70.0141 58.737 43.2172 30.9984 23.7014 16.7403 13.0244 12.421 12.4091 10.1408 8.9861 8.03534 8.94607 7.66505
threshold=0.31101190476190482 0.2525510204081633 0.020416666666666698 0.24222222222222226 0.2473404255319149 0.047727272727272736 0.10208333333333332 0.13484848484848486 0.16064516129032261 0.20106382978723406 0.40550595238095244 0.43938775510204087 -0.35857142857142849 0.37888888888888894
decision_type=10 2 2 2 2 2 10 10 2 2 8 8 2 2
left_child=1 2 7 5 -5 -4 -3 10 9 -2 -1 -8 -13 -10
right_child=8 6 3 4 -6 -7 11 -9 13 -11 -12 12 -14 -15
leaf_value=-7.24387458315012e-05 0.00012754915943039897 -0.00010895483251747865 2.1465613157481367e-05 -0.00012126333474800105 0.0015010843952149877 0.00015351065957539196 -0.00021833246589326487 1.4001150165434651e-05 0.0002833036521036714 -0.00030840102690706022 -0.00027487107880810115 -0.00083917915536803821 -0.0003412944025660801 -0.00011128910588580553
leaf_weight=358057 29125 91940 241975 1307 2674 159863 62675 189115 100283 6507 23498 4526 20684 5063
leaf_count=358057 29125 91940 241975 1307 2674 159863 62675 189115 100283 6507 23498 4526 20684 5063
internal_value=-9.4236e-07 -2.6617e-05 3.93817e-06 8.28563e-05 0.000961232 7.40724e-05 -0.000192702 -5.21302e-05 0.000209427 4.70762e-05 -8.49862e-05 -0.000279966 -0.00043196 0.000264052
internal_weight=1.29729e+06 1.15631e+06 976489 405819 3981 401838 179825 570670 140978 35632 381555 87885 25210 105346
internal_count=1297292 1156314 976489 405819 3981 401838 179825 570670 140978 35632 381555 87885 25210 105346
is_linear=0
shrinkage=0.01


Tree=47
num_leaves=15
num_cat=0
split_feature=27 2 15 21 10 14 28 19 28 15 21 21 27 26
split_gain=76.2595 30.197 25.7268 37.4737 24.5962 22.495 17.4686 15.0288 13.6519 13.0599 18.3933 11.5653 12.503 10.3377
threshold=0.17928571428571435 0.32256944444444446 0.028594771241830078 0.12361111111111113 0.016397849462365614 0.2525510204081633 -0.10791925465838507 -0.078888888888888883 -0.23956521739130432 0.010527482269503509 0.047727272727272736 0.29356060606060608 0.39897959183673476 0.16064516129032261
decision_type=2 8 2 2 2 2 8 2 8 2 2 2 2 2
left_child=4 2 8 -4 6 -5 -1 13 -2 -6 -11 12 -3 -8
right_child=1 11 3 5 9 -7 7 -9 -10 10 -12 -13 -14 -15
leaf_value=8.3425522877206981e-05 8.627335067910794e-06 -0.00020811374096198359 1.4860638531895742e-05 0.0010086442294013644 2.8256155470405943e-05 -9.0970591229227744e-05 1.5788611928665544e-05 -7.6165273605878442e-06 -0.00015367675551992391 0.00011466636701478155 0.00033124535088715329 -0.00012403395122818735 -0.00050759963950211767 -0.00029350946393457832
leaf_weight=187821 69655 28566 70092 6537 116868 2532 15435 247413 198625 205599 48759 34741 28163 34683
leaf_count=187821 69655 28566 70092 6537 116868 2532 15435 247413 198625 205599 48759 34741 28163 34683
internal_value=-1.00323e-07 -0.000107306 -6.46319e-05 9.35726e-05 5.4797e-05 0.000698404 7.86628e-06 -3.97312e-05 -0.000111425 0.000116074 0.000156305 -0.000269064 -0.000357341 -0.00019766
internal_weight=1.29549e+06 438911 347441 79161 856578 9069 485352 297531 268280 371226 254358 91470 56729 50118
internal_count=1295489 438911 347441 79161 856578 9069 485352 297531 268280 371226 254358 91470 56729 50118
is_linear=0
shrinkage=0.01


Tree=48
num_leaves=15
num_cat=0
split_feature=23 27 24 24 19 1 23 4 26 1 15 26 11 28
split_gain=114.634 94.5785 46.7604 33.0241 22.7112 20.0876 16.4635 13.2956 12.387 11.3005 11.2795 10.3475 10.2394 7.70813
threshold=0.1125 0.18042553191489366 0.2950000000000001 0.31101190476190482 0.013701201201201165 0.3802173913043479 0.054093567251462034 0.16333333333333336 0.084219858156028379 0.24222222222222226 0.081666666666666679 0.52041666666666686 -0.21269841269841269 0.28319623971797891
decision_type=10 2 8 10 2 8 10 2 2 10 2 2 2 10
left_child=1 3 5 4 12 6 -3 -6 -4 -2 11 -5 -1 -10
right_child=9 2 8 10 7 -7 -8 -9 13 -11 -12 -13 -14 -15
leaf_value=-0.00015888068171150877 0.00077640653472358019 -0.00015425321844288824 -0.00013080886502071703 0.00014321461216449074 0.00010812702734958199 -0.00034863607065700346 0.00023251322072395439 -4.1640059143359672e-05 0.00026406574824814992 0.0015216157595852953 -0.00015800256216203721 0.00036839416385402569 -6.5936388204404949e-06 -0.00062505794021864322
leaf_weight=51344 10266 309854 11589 39005 326358 54512 11348 72106 37545 2701 6790 44203 318782 979
leaf_count=51344 10266 309854 11589 39005 326358 54512 11348 72106 37545 2701 6790 44203 318782 979
internal_value=-1.13031e-06 -1.05992e-05 -0.000132466 4.98075e-05 2.85402e-05 -0.000170775 -0.000140493 8.09498e-05 0.000154142 0.000934261 0.000231091 0.000263207 -2.78011e-05 0.000240645
internal_weight=1.29738e+06 1.28442e+06 425827 858588 768590 375714 321202 398464 50113 12967 89998 83208 370126 38524
internal_count=1297382 1284415 425827 858588 768590 375714 321202 398464 50113 12967 89998 83208 370126 38524
is_linear=0
shrinkage=0.01


Tree=49
num_leaves=15
num_cat=0
split_feature=23 27 24 24 11 0 3 0 27 23 15 28 22 28
split_gain=114.228 81.2878 41.6666 37.9543 18.8143 18.2267 15.166 13.191 10.8523 10.4362 10.3892 7.93828 7.89852 7.01956
threshold=0.059027777777777797 0.28024390243902447 0.31101190476190482 0.2950000000000001 0.021286231884057986 0.16333333333333336 0.32256944444444446 0.36811594202898557 1.0000000180025095e-35 0.054093567251462034 0.078888888888888856 0.33156028368794332 0.30976190476190485 -1.0000000180025095e-35
decision_type=10 2 10 8 2 10 10 8 2 10 2 10 2 10
left_child=1 2 4 7 6 11 -1 9 -6 -3 12 -2 -4 -7
right_child=5 3 10 -5 8 13 -8 -9 -10 -11 -12 -13 -14 -15
leaf_value=-1.0879794487061515e-05 0.00073599273413225334 -0.00017539080169353037 0.00027811996492953093 0.00016736117230494417 0.00011016927747502139 0.00027891283866782218 -0.00021694452927968079 -0.00035617273391588887 -3.5850382905204528e-06 0.00023158199296608587 -0.0001401471983413408 0.0001832883784752827 -1.8544906051256019e-05 0.0014868958295705997
leaf_weight=481802 10537 211698 89358 32415 225416 621 38616 42770 132756 6429 7284 3661 9767 3965
leaf_count=481802 10537 211698 89358 32415 225416 621 38616 42770 132756 6429 7284 3661 9767 3965
internal_value=2.65351e-06 -8.69983e-06 3.47906e-05 -0.00015485 1.21196e-05 0.000776759 -2.6229e-05 -0.000195 6.79229e-05 -0.000163255 0.000221692 0.000595657 0.000248587 0.00133015
internal_weight=1.2971e+06 1.27831e+06 984999 293312 878590 18784 520418 260897 358172 218127 106409 14198 99125 4586
internal_count=1297095 1278311 984999 293312 878590 18784 520418 260897 358172 218127 106409 14198 99125 4586
is_linear=0
shrinkage=0.01


Tree=50
num_leaves=15
num_cat=0
split_feature=23 27 24 24 11 23 7 1 0 23 15 24 17 6
split_gain=110.948 82.4891 40.4528 32.7254 20.6077 17.5344 14.5181 13.0819 12.4747 11.6918 10.7912 9.94197 6.30815 4.97125
threshold=0.091666666666666688 0.23499399759903969 0.31101190476190482 0.31101190476190482 0.021286231884057986 0.048809523809523865 -0.39897959183673465 0.39009661835748793 0.24222222222222226 0.04653679653679655 0.097872340425531903 -0.057189542483660143 0.011766334440753036 -0.21937499999999996
decision_type=10 2 8 10 2 10 2 8 10 8 2 10 2 8
left_child=1 3 5 4 6 7 -1 -3 -2 -6 12 -7 -5 -4
right_child=8 2 13 10 9 11 -8 -9 -10 -11 -12 -13 -14 -15
leaf_value=-0.00021010103900765282 0.00072749259674251168 -0.0001627887471365657 -6.1996374957138737e-05 0.00035626131107825243 6.1772615294029015e-05 -9.403222077404886e-05 -6.9172155645089369e-06 -0.00033935628454272729 0.0015040118575749149 0.00028384011642857451 -0.00018198905392724873 0.00046681218904187221 0.00017917262993640657 0.00021581500037541433
leaf_weight=38175 11718 256054 7866 31012 308625 6141 451240 50717 2644 25792 6432 6356 61144 32033
leaf_count=38175 11718 256054 7866 31012 308625 6141 451240 50717 2644 25792 6432 6356 61144 32033
internal_value=-1.10538e-06 -1.09244e-05 -0.000139512 3.91123e-05 1.84671e-05 -0.000177074 -2.28283e-05 -0.000192081 0.00087282 7.89917e-05 0.00021132 0.000188858 0.000239101 0.000160293
internal_weight=1.29595e+06 1.28159e+06 359167 922420 823832 319268 489415 306771 14362 334417 98588 12497 92156 39899
internal_count=1295949 1281587 359167 922420 823832 319268 489415 306771 14362 334417 98588 12497 92156 39899
is_linear=0
shrinkage=0.01


Tree=51
num_leaves=15
num_cat=0
split_feature=23 3 23 0 5 3 17 15 6 23 26 3 15 23
split_gain=107.873 50.1212 26.2791 17.2023 15.5338 12.7561 8.16037 6.00548 6.90437 6.83893 5.97916 4.6748 3.1109 1.7209
threshold=0.059027777777777797 0.34613526570048314 0.030330882352941183 0.16333333333333336 0.42590909090909096 -0.43683510638297868 -0.38318181818181812 -0.41918367346938773 0.41207729468599036 0.010527482269503509 0.72046511627906984 0.42022727272727278 -0.43938775510204076 0.20833333333333334
decision_type=10 10 10 10 10 8 2 2 8 10 2 10 2 10
left_child=1 2 4 -2 5 -1 11 9 -9 -8 -6 -3 -13 -5
right_child=3 6 -4 13 10 -7 7 8 -10 -11 -12 12 -14 -15
leaf_value=-0.00017298934770223207 0.00057855831403973179 -0.00017946936345655457 0.000212331384418969 0.0010039315254664575 -0.00010901059941193412 1.231685525701195e-05 0.00014307801337566471 -0.00014171548497234063 -0.00033016001102489185 -0.00084133970513254521 -0.00037317415693157325 -8.5941304749318956e-05 -0.00062087367063103549 0.0014851051264692845
leaf_weight=38545 14104 5659 60475 1859 26857 1015690 9004 71074 27393 758 12948 1399 8575 2683
leaf_count=38545 14104 5659 60475 1859 26857 1015690 9004 71074 27393 758 12948 1399 8575 2683
internal_value=-3.82961e-08 -1.10763e-05 9.40836e-06 0.000755002 -1.7817e-06 5.51275e-06 -0.000202251 -0.000170923 -0.000194453 6.33327e-05 -0.000195715 -0.000417146 -0.000548897 0.00129556
internal_weight=1.29702e+06 1.27838e+06 1.15452e+06 18646 1.09404e+06 1.05424e+06 123862 108229 98467 9762 39805 15633 9974 4542
internal_count=1297023 1278377 1154515 18646 1094040 1054235 123862 108229 98467 9762 39805 15633 9974 4542
is_linear=0
shrinkage=0.01


Tree=52
num_leaves=15
num_cat=0
split_feature=27 24 24 15 14 27 19 24 19 4 24 0 22 27
split_gain=74.3152 38.6529 31.7719 26.9449 18.9064 16.1967 37.1718 14.3888 15.5322 11.6258 11.0818 9.41846 9.41668 8.9151
threshold=0.27888888888888896 0.13078947368421054 0.2950000000000001 0.016954022988505794 0.012049941927990694 0.49000000000000005 0.081666666666666679 0.43875000000000003 0.027046783625730989 0.37627551020408168 0.27951388888888895 0.36811594202898557 0.30461293743372225 0.044466403162055308
decision_type=2 10 8 2 2 2 2 10 2 2 10 8 2 2
left_child=1 3 4 -1 11 -6 -7 8 9 -3 -10 -2 -9 -5
right_child=2 7 -4 13 5 6 -8 12 10 -11 -12 -13 -14 -15
leaf_value=-6.4180621624058555e-05 -0.00020496740075147879 5.2142014014376265e-05 0.00015197008705788642 0.00011092955303132251 -0.00013065047718868432 -4.5586272706536972e-05 0.00096249591473030317 0.00027185910739402358 0.00033823475091406501 -0.00032140216694431561 0.00011726895110264009 -0.0004029891432826637 -0.00010625578637166194 -1.8313847945018467e-05
leaf_weight=353028 128052 188669 33966 174176 93463 16581 4673 74309 32961 8697 75281 30133 7105 76417
leaf_count=353028 128052 188669 33966 174176 93463 16581 4673 74309 32961 8697 75281 30133 7105 76417
internal_value=0 4.21251e-05 -0.000135973 -7.84544e-06 -0.000171922 -7.38036e-05 0.000174748 0.000120139 8.85099e-05 3.5525e-05 0.00018484 -0.000242886 0.00023849 7.1398e-05
internal_weight=1.29751e+06 990643 306868 603621 272902 114717 21254 387022 305608 197366 108242 158185 81414 250593
internal_count=1297511 990643 306868 603621 272902 114717 21254 387022 305608 197366 108242 158185 81414 250593
is_linear=0
shrinkage=0.01


Tree=53
num_leaves=15
num_cat=0
split_feature=27 11 3 14 27 3 28 28 20 18 15 21 20 25
split_gain=71.9385 26.0332 23.3542 22.001 27.0807 25.8755 17.0213 15.8891 14.8837 13.773 13.6832 22.0376 12.541 9.3698
threshold=0.2525510204081633 0.022233201581027654 0.25777777777777783 0.028594771241830078 0.49000000000000005 0.16333333333333336 -0.23956521739130432 -0.019259259259259278 -0.057777777777777782 0.011766334440753036 0.010527482269503509 0.047727272727272736 0.12361111111111113 0.82500000000000018
decision_type=2 2 8 2 2 10 8 10 2 2 2 2 2 2
left_child=1 6 3 7 -5 -6 9 -2 13 -1 -3 -12 -13 -8
right_child=2 10 -4 4 5 -7 8 -9 -10 -11 11 12 -14 -15
leaf_value=0.00019648323651140314 -2.8413179491633484e-05 2.1331176729816755e-05 -0.00026690689951939535 -1.4172903478239704e-05 0.00029527304897371037 0.0015188662006545024 -9.7174323067817292e-05 -0.00021053448850155609 -3.510857206095033e-06 -2.0534757542507389e-06 0.0001015263621568511 0.00024801276616063172 0.00062478152283671731 -0.00036293558107201607
leaf_weight=68884 87580 128552 86987 48577 9668 2133 59178 106886 345732 70310 211345 41414 11457 17321
leaf_count=68884 87580 128552 86987 48577 9668 2133 59178 106886 345732 70310 211345 41414 11457 17321
internal_value=-7.94024e-07 4.37752e-05 -0.000125292 -7.68342e-05 8.96203e-05 0.000519306 3.30565e-08 -0.00012867 -3.1528e-05 9.59845e-05 0.000106224 0.000147413 0.000330256 -0.000157752
internal_weight=1.29602e+06 954193 341831 254844 60378 11801 561425 194466 422231 139194 392768 264216 52871 76499
internal_count=1296024 954193 341831 254844 60378 11801 561425 194466 422231 139194 392768 264216 52871 76499
is_linear=0
shrinkage=0.01


Tree=54
num_leaves=15
num_cat=0
split_feature=23 27 24 24 15 1 28 23 23 28 0 28 28 25
split_gain=106.149 78.7091 43.2675 30.5257 18.9508 18.1369 17.5401 13.1605 10.6591 10.2183 9.80112 9.16598 6.96498 5.8569
threshold=0.1125 0.17416582406471184 0.2950000000000001 0.13078947368421054 0.016954022988505794 0.39009661835748793 -0.30217391304347824 0.054093567251462034 0.054093567251462034 0.16333333333333336 0.24222222222222226 0.080322580645161304 0.32683658170914548 0.27500000000000008
decision_type=10 2 8 10 2 8 10 10 10 8 10 10 10 2
left_child=1 3 5 4 9 7 13 -3 -8 -1 -2 -6 -4 -5
right_child=10 2 12 6 11 -7 8 -9 -10 -11 -12 -13 -14 -15
leaf_value=-1.6725678156093781e-05 0.0007561439061837226 -0.00013820395476205576 0.0001709659769043635 1.3512283782072655e-05 0.00013586685795521764 -0.00032321686568697889 7.601664397568079e-05 0.00020478179031638671 0.00043127511044900742 -0.0001499873561698913 0.0014568608058052612 4.0565969874467214e-06 -0.00072446557525235626 0.00031238112381381595
leaf_weight=231323 10247 317558 50264 7706 110364 54717 257354 11524 8774 76888 2656 101995 869 53901
leaf_count=231323 10247 317558 50264 7706 110364 54717 257354 11524 8774 76888 2656 101995 869 53901
internal_value=6.10336e-07 -8.44206e-06 -0.000117838 4.76109e-05 0 -0.000154283 0.000123213 -0.0001261 8.78467e-05 -5.00683e-05 0.000903012 7.27012e-05 0.00015512 0.000275487
internal_weight=1.29614e+06 1.28324e+06 434932 848305 520570 383799 327735 329082 266128 308211 12903 212359 51133 61607
internal_count=1296140 1283237 434932 848305 520570 383799 327735 329082 266128 308211 12903 212359 51133 61607
is_linear=0
shrinkage=0.01


Tree=55
num_leaves=15
num_cat=0
split_feature=23 28 3 23 0 1 3 22 10 28 3 17 26 28
split_gain=105.76 48.0816 35.201 23.7886 15.7421 14.2802 10.3477 9.96011 8.19651 6.34515 6.26262 8.22786 5.75259 5.60576
threshold=0.059027777777777797 0.060487804878048841 0.30642923219241447 0.025657894736842105 0.16333333333333336 0.3802173913043479 -0.43683510638297868 0.35053191489361707 0.023268398268398275 -0.25255102040816318 0.43405797101449284 -0.38318181818181812 0.40212765957446811 0.31016731016731025
decision_type=10 10 8 10 10 10 10 2 2 10 8 2 2 10
left_child=1 3 6 5 13 7 12 -1 -8 -5 -4 -12 -3 -2
right_child=4 2 10 9 -6 -7 8 -9 -10 -11 11 -13 -14 -15
leaf_value=5.647182018589653e-05 0.00070138309736910765 -9.3828067600515975e-05 -0.00019199214037006978 0.00042565721343534001 0.0012672271818178491 -0.00013748757610555979 -6.5090935415113683e-05 -9.0501109652661455e-05 2.3094410923363363e-05 0.00017432934202975644 -0.00069793208697882362 -0.00029953457855683261 -0.00042423665715450218 0.00023533740974783038
leaf_weight=562059 10385 10861 42525 16995 4539 46371 320205 50081 156494 26192 6551 28482 10788 3729
leaf_count=562059 10385 10861 42525 16995 4539 46371 320205 50081 156494 26192 6551 28482 10788 3729
internal_value=1.849e-06 -9.04285e-06 -7.67782e-05 4.6507e-05 0.000749356 3.1544e-05 -4.58627e-05 4.43981e-05 -3.6078e-05 0.000273949 -0.000275029 -0.000374943 -0.000259897 0.000580452
internal_weight=1.29626e+06 1.2776e+06 575906 701698 18653 658511 498348 612140 476699 43187 77558 35033 21649 14114
internal_count=1296257 1277604 575906 701698 18653 658511 498348 612140 476699 43187 77558 35033 21649 14114
is_linear=0
shrinkage=0.01


Tree=56
num_leaves=15
num_cat=0
split_feature=23 27 24 24 1 23 0 23 26 26 24 23 27 24
split_gain=96.802 77.6858 44.0376 32.8469 15.3705 15.1893 14.9746 13.903 12.2451 10.4872 9.98647 8.80917 7.93461 5.66941
threshold=0.077380952380952397 0.18042553191489366 0.2950000000000001 0.26163419913419916 0.36811594202898557 0.016397849462365614 0.16333333333333336 0.034523809523809519 0.52041666666666686 0.084219858156028379 -0.17928571428571424 0.054093567251462034 -0.09891304347826084 -0.25255102040816318
decision_type=10 2 8 10 8 10 10 10 2 2 10 8 2 10
left_child=1 3 4 5 11 10 13 8 -5 -4 -1 -3 -7 -2
right_child=6 2 9 7 -6 12 -8 -9 -10 -11 -12 -13 -14 -15
leaf_value=-7.1717689401887239e-05 -0.00023730697817231862 -0.00013845477011460261 -0.00010175136225844565 5.2809757127944082e-05 -0.00030381660719254374 0.00018830336427874423 0.0012474602582920752 0.00045096917717332859 0.00019782769063855636 0.00023942086876535301 1.937403650856325e-05 0.00015995033705676578 8.6835311258623576e-06 0.00062092515753774244
leaf_weight=198116 769 303604 11646 118881 60106 61974 4514 13892 115495 38223 305839 10131 41372 11854
leaf_count=198116 769 303604 11646 118881 60106 61974 4514 13892 115495 38223 305839 10131 41372 11854
internal_value=1.05162e-06 -8.92731e-06 -0.000119681 4.5887e-05 -0.000156956 6.21849e-06 0.000747601 0.0001428 0.000124401 0.000159143 -1.63768e-05 -0.000128722 0.00011669 0.000566221
internal_weight=1.29642e+06 1.27928e+06 423710 855569 373841 607301 17137 248268 234376 49869 503955 313735 103346 12623
internal_count=1296416 1279279 423710 855569 373841 607301 17137 248268 234376 49869 503955 313735 103346 12623
is_linear=0
shrinkage=0.01


Tree=57
num_leaves=15
num_cat=0
split_feature=3 11 15 21 28 3 28 19 25 28 4 18 28 17
split_gain=55.8468 33.8991 25.0228 37.365 23.2695 18.511 12.8564 12.0235 11.2122 11.204 9.08271 8.73114 7.90591 7.32465
threshold=0.30104166666666676 0.022233201581027654 0.04083333333333334 0.12361111111111113 -0.23956521739130432 0.12361111111111113 0.060487804878048841 -0.26020833333333326 0.82500000000000018 -0.2670542635658914 0.22111111111111112 0.011766334440753036 0.072948328267477228 -0.39897959183673465
decision_type=10 2 2 2 8 10 10 2 2 10 2 2 10 2
left_child=1 4 12 9 11 -5 -2 8 -6 -4 -9 -1 -3 -8
right_child=6 2 3 5 7 -7 13 10 -10 -11 -12 -13 -14 -15
leaf_value=0.00015640288410055908 -8.678260296936523e-05 7.4407282217664353e-05 0.00031779469691668228 -4.6277962343208202e-06 -0.00013195343770456023 0.00077975018253859996 -0.00051815709545254582 -2.8715144941450449e-05 -0.00053348324943280976 9.2616373720437269e-05 -0.0001929162457312796 1.0883037745897092e-05 -3.0258027535220944e-05 -0.0002307704946139875
leaf_weight=78688 76916 186587 27254 3712 32401 14331 10462 427274 8986 121296 36677 87619 117190 67864
leaf_count=78688 76916 186587 27254 3712 32401 14331 10462 427274 8986 121296 36677 87619 117190 67864
internal_value=-1.219e-06 2.29489e-05 8.80658e-05 0.000186596 -2.26096e-05 0.000616743 -0.000179197 -5.6411e-05 -0.000219891 0.000134137 -4.17617e-05 7.99176e-05 3.39312e-05 -0.000269558
internal_weight=1.29726e+06 1.14202e+06 470370 166593 671645 18043 155242 505338 41387 148550 463951 166307 303777 78326
internal_count=1297257 1142015 470370 166593 671645 18043 155242 505338 41387 148550 463951 166307 303777 78326
is_linear=0
shrinkage=0.01


Tree=58
num_leaves=15
num_cat=0
split_feature=23 27 1 23 23 2 22 0 27 21 27 1 15 20
split_gain=95.2056 76.758 23.2946 20.3163 14.7697 14.6009 11.6602 10.8194 10.0356 8.20226 7.75416 5.55284 5.18644 4.35241
threshold=0.091666666666666688 0.17928571428571435 0.3802173913043479 0.016954022988505794 0.028594771241830078 -0.40212765957446805 0.3802173913043479 0.16333333333333336 0.38047619047619052 0.19782608695652174 -0.15261756876663707 0.47979591836734697 -0.20106382978723403 -0.47979591836734686
decision_type=10 2 8 10 8 8 2 10 2 2 2 10 2 2
left_child=1 3 4 5 8 12 -7 -2 -3 11 -5 -4 -1 -11
right_child=7 2 9 10 -6 6 -8 -9 -10 13 -12 -13 -14 -15
leaf_value=-0.00029976107532400003 0.00061395790391378696 -6.8383891179030567e-05 -0.00034588715820261574 0.00022810669839062815 0.00014988282629463195 4.5662903164594942e-05 -0.00013002597873892037 0.0012180923304362951 -0.00018162203980679842 0.00033122692575890714 7.9299817803028599e-05 -0.00067942267906654296 -7.6353365869520477e-05 -0.00021461017152207726
leaf_weight=14253 9936 230136 22479 69852 23770 612802 40178 4506 119751 1496 71911 6804 40644 28300
leaf_count=14253 9936 230136 22479 69852 23770 612802 40178 4506 119751 1496 71911 6804 40644 28300
internal_value=-2.53747e-06 -1.16542e-05 -0.00012008 4.35337e-05 -9.079e-05 2.16011e-05 3.48062e-05 0.000804743 -0.000107227 -0.000304808 0.000152837 -0.000424471 -0.000134917 -0.000186167
internal_weight=1.29682e+06 1.28238e+06 432736 849640 373657 707877 652980 14442 349887 59079 141763 29283 54897 29796
internal_count=1296818 1282376 432736 849640 373657 707877 652980 14442 349887 59079 141763 29283 54897 29796
is_linear=0
shrinkage=0.01


Tree=59
num_leaves=15
num_cat=0
split_feature=23 4 28 23 28 11 19 2 11 19 15 26 18 6
split_gain=97.207 45.2233 28.6024 21.6232 19.8048 18.0176 11.6578 11.4656 10.4077 7.74906 6.51539 5.76982 5.73068 5.62429
threshold=0.091666666666666688 0.2525510204081633 -0.24734042553191488 0.028594771241830078 0.060487804878048841 0.020416666666666698 -0.26020833333333326 0.24222222222222226 -0.41578014184397155 -0.35857142857142849 -0.36181818181818176 0.10990338164251208 0.011766334440753036 0.4045454545454546
decision_type=10 2 10 10 10 2 2 10 2 2 2 2 2 8
left_child=1 2 3 12 8 6 -4 -2 -3 -7 -10 -5 -1 -6
right_child=7 4 5 11 13 9 -8 -9 10 -11 -12 -13 -14 -15
leaf_value=0.00013814183864173201 0.00067368074148323892 -0.00045789882620089832 -0.00021995659191075684 6.9511608927825337e-05 -0.00020433450670601065 -0.00024052437979607167 -3.8079499056041418e-05 0.0014093034160996482 0.00018015611728631437 5.0378902425417268e-05 -5.8906087131584115e-05 0.00057625339284838174 4.0676862443399318e-05 -0.00037901404575841035
leaf_weight=110007 11746 5932 38389 2942 70160 9382 444159 2723 13182 332020 82763 11903 136223 25928
leaf_count=110007 11746 5932 38389 2942 70160 9382 444159 2723 13182 332020 82763 11903 136223 25928
internal_value=-5.01274e-07 -9.71729e-06 1.56175e-05 0.000106841 -0.000148724 -1.32512e-05 -5.26121e-05 0.000814458 -5.12141e-05 4.22947e-05 -2.57438e-05 0.000477882 8.43438e-05 -0.000251792
internal_weight=1.29746e+06 1.28299e+06 1.08502e+06 261075 197965 823950 482548 14469 101877 341402 95945 14845 246230 96088
internal_count=1297459 1282990 1085025 261075 197965 823950 482548 14469 101877 341402 95945 14845 246230 96088
is_linear=0
shrinkage=0.01


Tree=60
num_leaves=15
num_cat=0
split_feature=23 24 4 19 28 24 26 28 28 19 22 23 0 6
split_gain=89.37 59.8986 41.2451 25.0042 16.1543 14.3346 13.1393 11.8668 11.5137 9.25955 8.84173 10.4883 8.52266 7.07574
threshold=0.1125 0.31101190476190482 0.2525510204081633 0.020416666666666698 0.069805194805194828 0.13484848484848486 0.20483682983682985 0.10208333333333332 -1.0000000180025095e-35 0.057777777777777824 -0.13976744186046511 0.025657894736842105 0.24222222222222226 0.3585714285714286
decision_type=10 10 2 2 10 10 2 10 10 2 2 10 10 8
left_child=1 2 3 5 -5 -1 10 -4 9 -8 -3 -12 -2 -9
right_child=12 6 7 4 -6 -7 8 13 -10 -11 11 -13 -14 -15
leaf_value=-8.9826290703215274e-05 0.00069075905396729005 0.00026248816267076538 -8.9950869254645129e-05 0.0001187486119570088 -2.6642405377293341e-06 2.057192910213352e-05 0.00030795372361919025 -0.00018757256758985099 -0.00021933282756849106 -4.3997912466850659e-05 -0.00014426839046456115 0.00036241005787159409 0.0013412721645911477 -0.00037899079146946473
leaf_weight=342181 10201 12357 91771 193854 251016 178619 84887 57756 4847 8035 23882 4906 2699 29965
leaf_count=342181 10201 12357 91771 193854 251016 178619 84887 57756 4847 8035 23882 4906 2699 29965
internal_value=1.35482e-06 -6.94307e-06 -3.07535e-05 -4.84744e-06 5.01749e-05 -5.19055e-05 0.000189123 -0.000169959 0.000252268 0.000277197 3.8339e-05 -5.68504e-05 0.000829468 -0.000253313
internal_weight=1.29698e+06 1.28408e+06 1.14516e+06 965670 444870 520800 138914 179492 97769 92922 41145 28788 12900 87721
internal_count=1296976 1284076 1145162 965670 444870 520800 138914 179492 97769 92922 41145 28788 12900 87721
is_linear=0
shrinkage=0.01


Tree=61
num_leaves=15
num_cat=0
split_feature=23 27 24 24 26 27 21 26 1 22 1 21 11 23
split_gain=93.195 72.6328 36.9676 29.4306 16.835 16.1547 16.8171 14.1256 13.4186 10.6644 10.1014 9.83434 8.97117 8.04232
threshold=0.077380952380952397 0.28024390243902447 0.26163419913419916 0.31101190476190482 0.52041666666666686 0.019259259259259257 0.20972222222222228 0.063164893617021281 0.16333333333333336 -0.45959183673469384 0.37627551020408168 0.16333333333333336 -0.17196196660482374 0.048809523809523865
decision_type=10 2 10 8 2 2 2 2 10 2 8 2 2 10
left_child=1 2 5 10 9 6 -1 -5 -2 -4 13 -12 -6 -3
right_child=8 3 4 7 12 -7 -8 -9 -10 -11 11 -13 -14 -15
leaf_value=4.8864714246785738e-05 0.00055942406946633155 -0.00016544661989322188 -0.00065652855003542831 -0.00024620193430446575 3.6599935427554419e-05 -7.6824933153722122e-05 -0.00012878412103625554 0.00025488813619763693 0.0012048527616842658 6.1789764727357774e-05 -0.00046642715274118222 -0.00018186413641669723 0.00024295917288114099 0.00014614174576922447
leaf_weight=401856 12648 204214 2087 7252 26292 232832 61367 24403 4517 147668 22676 27254 113745 8529
leaf_count=401856 12648 204214 2087 7252 26292 232832 61367 24403 4517 147668 22676 27254 113745 8529
internal_value=-6.63551e-07 -1.05017e-05 3.06301e-05 -0.000148373 0.00012554 -8.84163e-06 2.52647e-05 0.000139131 0.000731198 5.15659e-05 -0.000183136 -0.000311721 0.000204431 -0.000152812
internal_weight=1.29734e+06 1.28018e+06 985847 294328 289792 696055 463223 31655 17165 149755 262673 49930 140037 212743
internal_count=1297340 1280175 985847 294328 289792 696055 463223 31655 17165 149755 262673 49930 140037 212743
is_linear=0
shrinkage=0.01


Tree=62
num_leaves=15
num_cat=0
split_feature=27 24 24 15 15 21 24 4 11 26 27 28 24 26
split_gain=65.9359 38.4571 32.1301 20.3497 18.8456 27.5256 19.5329 14.4536 13.7826 12.8358 11.3298 10.6894 10.5344 10.52
threshold=0.17928571428571435 0.2950000000000001 0.13078947368421054 0.016954022988505794 0.054373522458628872 0.031582446808510641 -0.03062500000000001 0.28334980237154156 0.0337121212121212 0.20204081632653065 0.39897959183673476 -0.28024390243902436 0.27951388888888895 0.084219858156028379
decision_type=2 8 10 2 2 2 10 2 2 2 2 10 10 2
left_child=2 4 3 9 -2 10 -7 8 11 -1 -6 -4 -10 -3
right_child=1 13 7 -5 5 6 -8 -9 12 -11 -12 -13 -14 -15
leaf_value=4.2812854038402325e-05 -0.00016931044805467695 -0.00010103504938155341 0.00023662211484172546 7.626555193070481e-05 -4.1199048507627416e-05 -0.00012736231236674334 0.00048957734118891191 -7.1225055952722175e-05 0.00048882338937566072 -9.4829081445091918e-05 -0.00039124671368065796 6.8203247024287321e-05 0.00020274966645878021 0.00023382416608984629
leaf_weight=99831 310291 12130 49111 215747 42255 7467 15939 32794 16193 209297 11929 166220 67552 39816
leaf_count=99831 310291 12130 49111 215747 42255 7467 15939 32794 16193 209297 11929 166220 67552 39816
internal_value=-6.40309e-07 -0.000100191 5.04313e-05 1.678e-06 -0.000134452 4.56356e-06 0.000291488 0.000127447 0.000149332 -5.02814e-05 -0.000118836 0.000106757 0.000258439 0.000155052
internal_weight=1.29657e+06 439827 856745 524875 387881 77590 23406 331870 299076 309128 54184 215331 83745 51946
internal_count=1296572 439827 856745 524875 387881 77590 23406 331870 299076 309128 54184 215331 83745 51946
is_linear=0
shrinkage=0.01


Tree=63
num_leaves=15
num_cat=0
split_feature=23 27 24 6 24 2 0 24 24 15 1 27 4 22
split_gain=89.8397 73.426 38.2295 33.4702 21.6052 17.4202 17.3788 10.5686 10.322 9.09502 8.58612 7.59243 7.52934 6.10639
threshold=0.043560606060606029 0.14051282051282057 0.31101190476190482 0.12361111111111113 0.32213438735177874 -0.33156028368794321 0.37766439909297056 0.15707236842105268 -0.22821969696969696 0.097872340425531903 0.18819444444444447 0.36023255813953492 0.37627551020408168 -0.13976744186046511
decision_type=8 2 10 10 10 8 8 10 10 2 10 2 2 2
left_child=1 4 6 7 5 12 11 -2 -7 13 -5 -3 -1 -6
right_child=3 2 -4 10 9 8 -8 -9 -10 -11 -12 -13 -14 -15
leaf_value=-7.9215404480740425e-05 0.0001193157187023935 -9.2950350609966403e-05 0.00013204213430634553 0.00068373297259543913 0.00036439433657680975 -3.1436778271727353e-05 -0.00032470122475250219 0.00041594397912867614 6.3739620884978678e-05 -0.00018282391104340056 0.001337639200788077 -0.00018918654183461015 -0.00041607330778528162 0.00016332020477329522
leaf_weight=89727 28094 217027 52150 10129 22327 151960 52909 21506 451315 5807 2691 133938 7227 50056
leaf_count=89727 28094 217027 52150 10129 22327 151960 52909 21506 451315 5807 2691 133938 7227 50056
internal_value=-2.92485e-06 -2.16642e-05 -0.000122442 0.000367175 3.73368e-05 1.96841e-05 -0.000155378 0.000248553 3.97157e-05 0.000195035 0.000823612 -0.000129764 -0.000104646 0.00022577
internal_weight=1.29686e+06 1.23444e+06 456024 62420 778419 700229 403874 49600 603275 78190 12820 350965 96954 72383
internal_count=1296863 1234443 456024 62420 778419 700229 403874 49600 603275 78190 12820 350965 96954 72383
is_linear=0
shrinkage=0.01


Tree=64
num_leaves=15
num_cat=0
split_feature=27 24 24 15 28 0 15 27 19 28 24 21 25 18
split_gain=60.5419 33.0782 28.4922 23.6105 17.5463 15.2561 14.3405 28.2229 12.3076 10.6587 9.52438 9.18607 8.98446 8.90332
threshold=0.27888888888888896 0.13078947368421054 0.2950000000000001 0.020416666666666698 -0.24734042553191488 0.37627551020408168 0.04083333333333334 0.49000000000000005 0.034523809523809519 0.13733075435203099 0.26163419913419916 0.45603864734299526 0.70000000000000018 0.091372912801484255
decision_type=2 10 8 2 10 8 2 2 2 8 8 2 2 2
left_child=1 3 5 9 13 6 -2 -8 11 12 -10 -6 -1 -3
right_child=2 4 -4 -5 8 -7 7 -9 10 -11 -12 -13 -14 -15
leaf_value=3.1112440958514599e-05 -0.00016426418485941151 0.00025940868442058556 0.00014828663947856978 6.7303393200263516e-05 2.9206367648344109e-05 -0.0003322549884685829 -9.2893250687680446e-05 0.00053028310787727709 0.00060147533848551801 -0.00014740578946592322 0.00013562879662111266 -0.00049406490879541892 -8.6280301746682742e-05 7.0406842282240935e-07
leaf_weight=132337 185729 88128 34037 240125 180483 42665 35012 9159 4648 101753 94475 3411 128043 15942
leaf_count=132337 185729 88128 34037 240125 180483 42665 35012 9159 4648 101753 94475 3411 128043 15942
internal_value=-1.24352e-06 3.67826e-05 -0.000124043 -9.52813e-06 0.000108913 -0.000158162 -0.00012572 3.56725e-05 6.79316e-05 -6.05569e-05 0.000157793 1.93293e-05 -2.65011e-05 0.000220068
internal_weight=1.29595e+06 989345 306602 602258 387087 272565 229900 44171 283017 362133 99123 183894 260380 104070
internal_count=1295947 989345 306602 602258 387087 272565 229900 44171 283017 362133 99123 183894 260380 104070
is_linear=0
shrinkage=0.01


Tree=65
num_leaves=15
num_cat=0
split_feature=27 1 15 27 10 10 7 15 3 17 15 26 27 20
split_gain=61.2207 25.1793 22.7484 25.1873 18.6972 18.1021 11.072 8.58066 8.44253 7.7566 7.35915 7.11687 6.89282 6.82232
threshold=0.18237250554323728 0.31725417439703163 0.028594771241830078 0.49000000000000005 0.16333333333333336 0.013701201201201165 -0.39897959183673465 0.025657894736842105 0.35791925465838514 0.025657894736842105 -0.40667311411992257 0.36055555555555557 0.39897959183673476 0.12771739130434787
decision_type=2 8 2 2 2 2 2 2 10 2 2 2 2 2
left_child=5 2 -2 13 -5 6 11 -7 -8 -9 -3 -1 -12 -4
right_child=1 10 3 4 -6 7 8 9 -10 -11 12 -13 -14 -15
leaf_value=-3.7384016645245605e-06 -0.00010188909981164491 1.6004509062760663e-05 0.00012498640583708486 0.00032788646184713909 0.001373698066007468 6.2193411570131361e-05 3.386736353200986e-05 5.3309060694610376e-05 -0.00015294035773916553 0.00020535372673471984 -0.00018823085683954935 -0.00027681783978695412 -0.00038555813002905749 -7.9941682839907609e-05
leaf_weight=17736 269784 8771 30791 9353 2133 243387 403893 49718 25687 107172 36251 21244 36347 34275
leaf_count=17736 269784 8771 30791 9353 2133 243387 403893 49718 25687 107172 36251 21244 36347 34275
internal_value=1.9452e-06 -9.59687e-05 -5.86646e-05 9.3273e-05 0.000525017 5.01803e-05 7.92207e-06 9.95718e-05 2.26263e-05 0.000157364 -0.000254372 -0.000153345 -0.00028745 1.65761e-05
internal_weight=1.29654e+06 427705 346336 76552 11486 868837 468560 400277 429580 156890 81369 38980 72598 65066
internal_count=1296542 427705 346336 76552 11486 868837 468560 400277 429580 156890 81369 38980 72598 65066
is_linear=0
shrinkage=0.01


Tree=66
num_leaves=15
num_cat=0
split_feature=23 27 24 24 27 2 23 0 20 26 28 26 28 23
split_gain=85.1037 69.4179 35.5297 26.1162 19.257 19.2548 13.9997 11.7568 8.95886 8.18178 7.35335 7.06376 6.89617 6.82123
threshold=0.077380952380952397 0.30104166666666676 0.31101190476190482 0.31101190476190482 0.011369509043927641 -0.32111111111111107 0.020416666666666698 0.16333333333333336 -0.47979591836734686 0.40862708719851587 -0.064659977703455954 0.063164893617021281 -0.21583850931677018 0.04006410256410254
decision_type=10 2 10 8 2 8 10 10 2 2 10 2 10 10
left_child=1 2 4 6 5 -1 8 -2 -3 13 -11 -5 -8 -4
right_child=7 3 9 11 -6 -7 12 -9 -10 10 -12 -13 -14 -15
leaf_value=-9.1203515082115795e-05 0.00054073997012418816 0.00033340135696982028 6.528705873456158e-05 -0.00014389807403477882 -5.1615269464981368e-05 6.9249422907228741e-05 0.00039541772302799664 0.0011460296167455639 -0.00022572848322129473 0.00029731141246679507 -0.0002080368463263587 0.00022318556867862869 -5.3534439802972767e-05 0.000580974906215108
leaf_weight=88218 12554 2862 42884 6797 325961 486814 3792 4525 199047 61104 2949 21780 34491 2750
leaf_count=88218 12554 2862 42884 6797 325961 486814 3792 4525 199047 61104 2949 21780 34491 2750
internal_value=1.84682e-06 -7.49136e-06 3.04686e-05 -0.000150346 9.74589e-06 4.45812e-05 -0.0001844 0.000703038 -0.00021765 0.000200411 0.000273568 0.00013482 -8.25384e-06 9.7057e-05
internal_weight=1.29653e+06 1.27945e+06 1.01068e+06 268769 900993 575032 240192 17079 201909 109687 64053 28577 38283 45634
internal_count=1296528 1279449 1010680 268769 900993 575032 240192 17079 201909 109687 64053 28577 38283 45634
is_linear=0
shrinkage=0.01


Tree=67
num_leaves=15
num_cat=0
split_feature=23 24 4 24 21 23 0 28 14 24 22 28 28 28
split_gain=85.6757 54.6833 34.3846 21.1242 13.4277 12.9627 12.8499 12.4385 10.7563 9.86556 8.93091 7.5947 6.87022 6.21505
threshold=0.066964285714285712 0.31101190476190482 0.24222222222222226 0.26163419913419916 0.23691215616681457 0.043560606060606029 0.16333333333333336 -0.39897959183673465 0.37888888888888894 -0.066005802707930342 0.2525510204081633 0.33156028368794332 -0.064659977703455954 -1.0000000180025095e-35
decision_type=10 10 2 8 2 8 10 10 2 10 2 10 10 10
left_child=1 2 3 4 -1 -5 11 -4 10 -9 12 -2 -3 -8
right_child=6 8 7 5 -6 -7 13 9 -10 -11 -12 -13 -14 -15
leaf_value=-1.7318343742069842e-05 0.00065970500851292985 0.00025119520379441793 0.00012595918159397513 6.54673550921734e-05 -0.00015459055393342956 0.00039432382759808877 0.000149116107536944 -0.00028328832093476377 -0.00020826532956527639 -0.00012367990466096327 -7.6961632490134967e-06 0.00012245480428714795 -7.1628299114567343e-05 0.0012888665622522852
leaf_weight=701898 10354 105999 14015 163146 79431 12992 615 62158 6772 105837 17876 3726 6877 3924
leaf_count=701898 10354 105999 14015 163146 79431 12992 615 62158 6772 105837 17876 3726 6877 3924
internal_value=-3.673e-07 -1.02103e-05 -3.29663e-05 -8.98236e-06 -3.13126e-05 8.99005e-05 0.000673007 -0.000158967 0.000178116 -0.000182917 0.000198362 0.000519719 0.00023126 0.00114124
internal_weight=1.29562e+06 1.277e+06 1.13948e+06 957467 781329 176138 18619 182010 137524 167995 130752 14080 112876 4539
internal_count=1295620 1277001 1139477 957467 781329 176138 18619 182010 137524 167995 130752 14080 112876 4539
is_linear=0
shrinkage=0.01


Tree=68
num_leaves=15
num_cat=0
split_feature=23 27 24 24 21 10 0 4 0 11 8 7 21 24
split_gain=80.8011 71.3515 35.9271 28.7978 14.3779 13.0329 12.6877 12.4811 11.8482 9.94791 7.66592 5.32151 5.25837 4.66342
threshold=0.066964285714285712 0.17928571428571435 0.2950000000000001 0.26163419913419916 0.23124999999999998 0.016954022988505794 0.16333333333333336 0.27178030303030309 0.36811594202898557 -0.19352968460111314 0.020416666666666698 -0.39897959183673465 0.29795918367346946 0.089898989898989937
decision_type=10 2 8 10 2 2 10 2 8 2 2 2 2 10
left_child=1 3 8 4 5 -1 -2 9 10 -5 -3 -9 -10 -6
right_child=6 2 -4 7 13 -7 -8 11 12 -11 -12 -13 -14 -15
leaf_value=-1.6097985874604059e-05 0.00050465425115932847 -0.00016324767108878425 0.00013673200056223464 1.5568651781277412e-05 -0.00011071386464561533 8.4865544637341284e-05 0.00112544061544407 -0.0004122968161235749 -0.00035577177996356537 0.00019667657509768208 -6.3509105735457666e-05 1.9377461361126263e-06 -0.00014115375271825511 -0.00054906275865204061
leaf_weight=316745 13901 200311 50324 37243 68456 213981 4494 3411 35867 172513 127249 32371 17567 2556
leaf_count=316745 13901 200311 50324 37243 68456 213981 4494 3411 35867 172513 127249 32371 17567 2556
internal_value=8.97459e-08 -9.35511e-06 -0.000114075 4.39186e-05 6.62486e-06 2.45528e-05 0.000658105 0.000135191 -0.000147282 0.000164664 -0.000124594 -3.6743e-05 -0.000285787 -0.000126937
internal_weight=1.29699e+06 1.27859e+06 431318 847276 601738 530726 18395 245538 380994 209756 327560 35782 53434 71012
internal_count=1296989 1278594 431318 847276 601738 530726 18395 245538 380994 209756 327560 35782 53434 71012
is_linear=0
shrinkage=0.01


Tree=69
num_leaves=15
num_cat=0
split_feature=23 27 28 11 28 23 4 23 0 0 19 22 2 25
split_gain=80.4619 64.5401 22.3805 21.0331 18.832 14.7603 13.3915 12.5608 12.3364 8.40277 8.08524 6.20101 4.59579 5.16786
threshold=0.091666666666666688 0.17416582406471184 -0.23956521739130432 -0.29795918367346935 0.084349593495934974 0.024404761904761933 0.29356060606060608 0.034523809523809519 0.37766439909297056 0.24222222222222226 -0.47979591836734686 0.06881313131313134 -0.37888888888888883 0.82500000000000018
decision_type=10 2 10 2 8 8 2 10 8 10 2 2 8 2
left_child=1 3 5 12 7 10 -6 -5 11 -2 -3 -4 13 -1
right_child=9 2 8 4 6 -7 -8 -9 -10 -11 -12 -13 -14 -15
leaf_value=-0.00015361181953298044 0.0006214844935204444 0.00060930335570549723 -8.8475970781531926e-05 8.7519171889716558e-05 1.9459054862435376e-05 0.00042307211473062184 -0.00020283243384540257 0.00034060817856977214 -0.00030940047806848555 0.0012618450430324946 -3.0149027607580334e-05 -0.00018445871344863204 -7.1407086386794815e-05 -0.00057360593036186712
leaf_weight=12156 11780 2014 175507 427959 283392 8286 29961 20651 42320 2644 94566 111364 69848 4013
leaf_count=12156 11780 2014 175507 427959 283392 8286 29961 20651 42320 2644 94566 111364 69848 4013
internal_value=-1.42741e-06 -9.80752e-06 -0.000108997 4.09295e-05 5.76886e-05 1.79714e-05 -1.70117e-06 9.92388e-05 -0.000149534 0.000741184 -1.64853e-05 -0.000125843 -0.000107175 -0.000259793
internal_weight=1.29646e+06 1.28204e+06 434057 847980 761963 104866 313353 448610 329191 14424 96580 286871 86017 16169
internal_count=1296461 1282037 434057 847980 761963 104866 313353 448610 329191 14424 96580 286871 86017 16169
is_linear=0
shrinkage=0.01


Tree=70
num_leaves=15
num_cat=0
split_feature=23 27 24 7 24 24 4 27 0 20 14 23 22 21
split_gain=78.5531 64.6378 34.3269 26.2627 22.7626 14.5426 14.1103 12.6706 10.8375 6.05499 6.6945 5.30422 6.90404 5.30396
threshold=0.051315789473684266 0.20900537634408609 0.2950000000000001 0.16333333333333336 0.31101190476190482 -0.074628844114528095 0.35486111111111113 -0.019259259259259278 0.37766439909297056 0.011766334440753036 0.39897959183673476 0.028594771241830078 -0.21352583586626137 0.17006802721088435
decision_type=8 2 8 2 10 10 2 2 8 2 2 10 2 2
left_child=1 4 8 5 6 -2 7 -1 -3 10 -6 12 -4 -10
right_child=3 2 11 -5 9 -7 -8 -9 13 -11 -12 -13 -14 -15
leaf_value=5.426975172207065e-05 6.9895798260395509e-05 -0.00013557246689554974 0.00032057717836853745 0.0011056156198123188 0.00032219096163686701 0.00043952658318300588 -0.00014313036099386161 -3.6136641334767493e-05 -0.00040240135407898053 0.00011446667116499778 -0.00017824371125605744 0.00053122925697937325 2.5673425004222611e-05 -0.00018846333354370696
leaf_weight=495688 16613 286941 11003 4594 33393 30708 52921 225164 24566 55245 2824 3224 29453 23398
leaf_count=495688 16613 286941 11003 4594 33393 30708 52921 225164 24566 55245 2824 3224 29453 23398
internal_value=2.8688e-07 -1.55975e-05 -0.000124594 0.000381413 3.20597e-05 0.000310407 1.4383e-05 2.59889e-05 -0.000159024 0.000181272 0.00028233 0.000138699 0.000106639 -0.000298681
internal_weight=1.29574e+06 1.24382e+06 378585 51915 865235 47321 773773 720852 334905 91462 36217 43680 40456 47964
internal_count=1295735 1243820 378585 51915 865235 47321 773773 720852 334905 91462 36217 43680 40456 47964
is_linear=0
shrinkage=0.01


Tree=71
num_leaves=15
num_cat=0
split_feature=23 27 24 24 26 3 1 23 0 23 3 26 27 15
split_gain=76.8168 63.5211 30.4111 27.558 15.4399 13.9373 13.7938 12.4836 10.6988 9.30562 8.78516 8.42535 8.09399 7.22953
threshold=0.077380952380952397 0.17928571428571435 0.2950000000000001 0.26163419913419916 0.43019480519480524 -0.43683510638297868 0.3802173913043479 0.016954022988505794 0.16333333333333336 0.054093567251462034 0.30104166666666676 0.084219858156028379 -0.21583850931677018 -0.40667311411992257
decision_type=10 2 8 10 2 8 8 10 10 10 10 2 2 2
left_child=1 3 6 7 -5 -6 9 10 -2 -3 -1 -4 -9 -8
right_child=8 2 11 4 5 -7 13 12 -10 -11 -12 -13 -14 -15
leaf_value=-1.7119776903363253e-06 0.00051160819067324584 -0.00012258182453431097 -0.00011080815126706539 4.333715860971476e-05 -0.0002850602915952034 0.0002243170092396512 3.0098227495401476e-05 0.0002098825803093176 0.001089138855833205 0.00018300906779836239 -0.00014664776631664463 0.00019348324162524389 2.8981580397696486e-05 -0.00032590557044451956
leaf_weight=454105 12505 316215 11730 110800 5551 129176 6288 43387 4538 10209 46113 39010 58588 48698
leaf_count=454105 12505 316215 11730 110800 5551 129176 6288 43387 4538 10209 46113 39010 58588 48698
internal_value=4.14289e-07 -8.44434e-06 -0.000107133 4.18301e-05 0.000131127 0.000203101 -0.000137767 5.3714e-06 0.000667311 -0.000112931 -1.51338e-05 0.000122544 0.000106247 -0.000284649
internal_weight=1.29691e+06 1.27987e+06 432150 847720 245527 134727 381410 602193 17043 326424 500218 50740 101975 54986
internal_count=1296913 1279870 432150 847720 245527 134727 381410 602193 17043 326424 500218 50740 101975 54986
is_linear=0
shrinkage=0.01


Tree=72
num_leaves=15
num_cat=0
split_feature=27 1 15 11 27 22 28 28 4 22 3 28 3 22
split_gain=51.8595 24.2101 22.3189 21.8001 19.1716 17.6465 14.6705 13.2593 12.2168 9.68335 7.85292 7.75605 6.48998 6.32521
threshold=0.10102040816326531 0.34021276595744687 0.028594771241830078 -0.29795918367346935 0.49000000000000005 0.16496598639455781 -0.23956521739130432 0.060487804878048841 0.29689535388623539 0.31725417439703163 -0.41918367346938773 -0.22613636363636361 -0.44222222222222213 0.49479166666666674
decision_type=2 8 2 2 2 2 8 10 2 2 8 10 10 2
left_child=3 2 6 -1 11 -6 -2 9 13 10 -5 -4 -8 -9
right_child=1 -3 4 7 5 -7 12 8 -10 -11 -12 -13 -14 -15
leaf_value=-0.00010338102787960156 2.3288742485656567e-05 -0.00023492115926942826 0.00021179708381617574 -9.6329932091867183e-05 0.00027664514968857762 0.0012937175488211706 -0.00051259944784382558 4.7767276731857581e-05 -0.00017710000884448775 -3.1504417819263327e-05 0.00013874585392100074 -1.2541513409163169e-05 -0.00011682990607233943 -0.00042775536503678567
leaf_weight=78686 92265 79944 19412 14698 9426 2121 4259 269723 27824 42114 328844 73782 251606 2812
leaf_count=78686 92265 79944 19412 14698 9426 2121 4259 269723 27824 42114 328844 73782 251606 2812
internal_value=1.3182e-06 -7.43961e-05 -4.59915e-05 5.41124e-05 8.18472e-05 0.00046635 -8.45405e-05 7.2221e-05 2.22791e-05 0.000111039 0.0001286 3.38709e-05 -0.000123541 4.27461e-05
internal_weight=1.29752e+06 532815 452871 764701 104741 11547 348130 686015 300359 385656 343542 93194 255865 272535
internal_count=1297516 532815 452871 764701 104741 11547 348130 686015 300359 385656 343542 93194 255865 272535
is_linear=0
shrinkage=0.01


Tree=73
num_leaves=15
num_cat=0
split_feature=23 27 22 11 5 4 27 2 15 22 2 22 21 22
split_gain=76.3752 62.189 27.7551 18.6815 13.5844 11.0803 11.4801 8.09471 7.85399 6.90671 6.40698 4.88546 4.71839 4.08943
threshold=0.04653679653679655 0.20900537634408609 0.12372448979591839 -0.29795918367346935 0.43405797101449284 0.40212765957446817 -1.0000000180025095e-35 0.4010869565217392 -0.43938775510204076 0.21352583586626142 -0.39472517730496448 0.3255434782608696 0.13154392191659278 0.28024390243902447
decision_type=10 2 2 2 8 2 2 10 2 2 8 2 2 2
left_child=1 3 -2 10 7 6 -5 11 -9 -4 -1 -3 -6 -12
right_child=2 4 9 5 12 -7 -8 8 -10 -11 13 -13 -14 -15
leaf_value=-0.00029589645673877774 0.00023611160410367784 -7.3302819044364121e-05 0.00063639973843701157 8.0481782455765237e-05 -0.00045417876440126805 -0.00014926424112241614 -3.6625523678340433e-06 0.00019254541760216844 -0.00028295469007763276 0.0012178346006482374 -3.8625691543752151e-05 -0.00021086466195463952 -0.00021164747884981139 -0.00025847685488264725
leaf_weight=14885 44683 273891 10289 507726 14303 27845 237235 3759 36579 2768 65441 28837 20030 9825
leaf_count=14885 44683 273891 10289 507726 14303 27845 237235 3759 36579 2768 65441 28837 20030 9825
internal_value=1.0521e-07 -1.64217e-05 0.000355633 3.03767e-05 -0.000123509 4.62952e-05 5.36456e-05 -0.000104397 -0.000237889 0.000762209 -0.000105746 -8.65076e-05 -0.00031359 -6.77321e-05
internal_weight=1.2981e+06 1.24036e+06 57740 862957 377399 772806 744961 343066 40338 13057 90151 302728 34333 75266
internal_count=1298096 1240356 57740 862957 377399 772806 744961 343066 40338 13057 90151 302728 34333 75266
is_linear=0
shrinkage=0.01


Tree=74
num_leaves=15
num_cat=0
split_feature=23 24 3 19 11 0 14 24 2 21 16 22 11 24
split_gain=77.5068 49.7958 34.0026 22.3885 11.1853 10.7615 10.0331 8.91986 8.6887 7.21379 7.19536 6.00665 5.95101 4.72271
threshold=0.077380952380952397 0.31101190476190482 0.30104166666666676 0.020416666666666698 -0.3118055555555555 0.16333333333333336 0.39009661835748793 -0.051682692307692284 -0.42590909090909085 0.028594771241830078 -0.38318181818181812 0.095491388044579531 0.010421189752496731 -0.37627551020408156
decision_type=10 10 10 2 2 10 2 8 8 2 2 2 2 10
left_child=1 2 3 8 -5 -2 9 13 -1 12 -9 -11 -3 -4
right_child=5 6 7 4 -6 -7 -8 10 -10 11 -12 -13 -14 -15
leaf_value=-0.000225645684992466 0.00051748514792648284 -0.00014032246044345573 -0.00015211799596628463 -0.00010212539426815793 5.9680460252804901e-05 0.001100093448949411 -0.00021953129796998204 -0.00034431028506330501 -4.256505842388505e-05 0.00033429160925607789 -6.1007531424156878e-05 7.0484349487514732e-05 0.0001569045064077495 -0.00032811965429225875
leaf_weight=27413 12590 7336 26133 47507 414515 4456 6172 10441 509204 42778 67222 11196 70750 39651
leaf_count=27413 12590 7336 26133 47507 414515 4456 6172 10441 509204 42778 67222 11196 70750 39651
internal_value=1.88877e-06 -7.00729e-06 -2.87266e-05 -8.01496e-06 4.29774e-05 0.000671711 0.000172219 -0.000172703 -5.19748e-05 0.00019076 -9.94928e-05 0.000280132 0.000128592 -0.000258668
internal_weight=1.29736e+06 1.28032e+06 1.14209e+06 998639 462022 17046 138232 143447 536617 132060 77663 53974 78086 65784
internal_count=1297364 1280318 1142086 998639 462022 17046 138232 143447 536617 132060 77663 53974 78086 65784
is_linear=0
shrinkage=0.01


Tree=75
num_leaves=15
num_cat=0
split_feature=23 27 24 24 15 10 25 5 15 26 26 23 4 28
split_gain=70.7994 62.1641 32.5664 24.7841 16.4629 15.1863 13.969 11.948 10.1753 9.8626 8.39877 8.14171 7.37604 6.07042
threshold=0.1125 0.17416582406471184 0.2950000000000001 0.32213438735177874 -0.18133462282398449 0.016954022988505794 0.82500000000000018 0.43405797101449284 0.081666666666666679 0.05634920634920635 0.43019480519480524 0.054093567251462034 0.24222222222222226 0.32683658170914548
decision_type=10 2 8 10 2 2 2 8 2 2 2 8 2 10
left_child=1 3 7 4 6 -6 -1 11 10 -4 -5 -3 -2 -11
right_child=12 2 9 8 5 -7 -8 -9 -10 13 -12 -13 -14 -15
leaf_value=-3.5500144012743675e-05 0.00060932835248158625 -0.00012620413591015513 -0.00016619577958382534 0.0001110159245896423 3.3176550934459706e-07 9.5438429127273975e-05 -0.00035276322099621181 -0.00031214092156505824 -0.00017059367395536176 0.00021562194210203269 0.00032083988849099189 0.00014449240960906425 0.001218511466927877 -0.00064948366188964407
leaf_weight=54402 10311 337555 8929 32929 399201 290550 18754 34844 6613 41211 47213 11384 2651 808
leaf_count=54402 10311 337555 8929 32929 399201 290550 18754 34844 6613 41211 47213 11384 2651 808
internal_value=1.19569e-06 -6.20315e-06 -0.000103483 4.35352e-05 2.52772e-05 4.04381e-05 -0.000117254 -0.000135057 0.00020374 0.000133765 0.000235008 -0.000117286 0.000736486 0.000198227
internal_weight=1.29736e+06 1.28439e+06 434731 849662 762907 689751 73156 383783 86755 50948 80142 348939 12962 42019
internal_count=1297355 1284393 434731 849662 762907 689751 73156 383783 86755 50948 80142 348939 12962 42019
is_linear=0
shrinkage=0.01


Tree=76
num_leaves=15
num_cat=0
split_feature=23 27 24 24 28 27 2 4 0 0 23 18 28 28
split_gain=74.8136 58.7468 30.2865 26.3471 14.3302 13.7891 15.2149 11.5235 10.5231 9.67773 7.34964 7.25232 7.17326 6.76226
threshold=0.066964285714285712 0.28024390243902447 0.26163419913419916 0.2950000000000001 -0.23956521739130432 -0.019259259259259278 -0.3118055555555555 0.37627551020408168 0.16333333333333336 0.39009661835748793 0.054093567251462034 0.072948328267477228 0.33156028368794332 0.20900537634408609
decision_type=10 2 10 8 10 2 8 2 10 8 10 2 10 10
left_child=1 2 5 9 11 6 -1 -6 12 10 -3 -4 -2 -5
right_child=8 3 4 13 7 -7 -8 -9 -10 -11 -12 -13 -14 -15
leaf_value=-0.00011221521347264627 0.00062820791606251847 -0.00015065190436499141 0.0002447446639573441 0.00016536105064230688 8.4794162719420269e-05 -6.5763534682706788e-05 5.1605306239575621e-05 -0.00020003714073039611 0.0010595026688710765 -0.00031252239406801018 0.00018726691871437132 2.1070140666316909e-05 0.00010141778775111241 -0.00057458327429215088
leaf_weight=66834 10312 216141 87524 31167 169216 256709 370998 15449 4491 38836 6553 17732 3643 1267
leaf_count=66834 10312 216141 87524 31167 169216 256709 370998 15449 4491 38836 6553 17732 3643 1267
internal_value=3.38768e-07 -8.76216e-06 2.82554e-05 -0.000132832 0.00011411 -7.53991e-06 2.65294e-05 6.08e-05 0.000632616 -0.000166223 -0.000140571 0.00020735 0.000492888 0.000135481
internal_weight=1.29687e+06 1.27843e+06 984462 293964 289921 694541 437832 184665 18446 261530 222694 105256 13955 32434
internal_count=1296872 1278426 984462 293964 289921 694541 437832 184665 18446 261530 222694 105256 13955 32434
is_linear=0
shrinkage=0.01


Tree=77
num_leaves=15
num_cat=0
split_feature=27 24 24 15 28 28 26 15 27 28 19 14 27 19
split_gain=51.872 33.9942 22.2366 18.2643 17.9478 15.6591 15.1481 12.7279 11.4653 11.2006 10.3971 10.0138 9.79438 9.31917
threshold=0.28024390243902447 0.13078947368421054 -0.039736842105263147 0.017549261083743887 0.17006802721088435 -0.24734042553191488 0.52041666666666686 0.028594771241830078 0.49000000000000005 0.13733075435203099 0.027046783625730989 0.011766334440753036 0.39897959183673476 -0.47894503546099287
decision_type=2 10 8 2 10 10 2 2 2 8 2 2 2 2
left_child=1 3 11 9 7 6 -3 -4 -9 -1 -7 12 -2 -13
right_child=2 5 4 -5 -6 10 -8 8 -10 -11 -12 13 -14 -15
leaf_value=-2.4185950913225857e-05 -0.00016797729006840363 8.7232110773401486e-05 1.1865333941480247e-06 5.20862461105348e-05 -0.00015143428410333446 2.2469980800872086e-05 0.0003289712744942258 0.00013479138739931187 0.00069355970842335487 -0.00014987556737763015 0.00014850535989768512 0.00066940816501924601 -0.00040552163452992155 -0.0001394580163127713
leaf_weight=256629 34355 50929 66924 252816 69731 181409 53703 12610 5295 98391 103028 1438 36380 73005
leaf_count=256629 34355 50929 66924 252816 69731 181409 53703 12610 5295 98391 103028 1438 36380 73005
internal_value=-7.9145e-07 3.3867e-05 -0.000116162 -1.28082e-05 -3.24535e-05 0.000106864 0.000211599 6.49992e-05 0.000301798 -5.91053e-05 6.82287e-05 -0.000205071 -0.000290586 -0.000123404
internal_weight=1.29664e+06 996905 299738 607836 154560 389069 104632 84829 17905 355020 284437 145178 70735 74443
internal_count=1296643 996905 299738 607836 154560 389069 104632 84829 17905 355020 284437 145178 70735 74443
is_linear=0
shrinkage=0.01


Tree=78
num_leaves=15
num_cat=0
split_feature=23 24 4 24 21 28 24 23 26 19 28 14 28 24
split_gain=70.3364 48.0119 33.3929 19.2832 13.1794 12.3924 11.8967 10.928 10.8535 10.1343 9.28568 9.01488 7.66167 6.40408
threshold=0.077380952380952397 0.31101190476190482 0.25777777777777783 0.26163419913419916 0.23691215616681457 -0.43969696969696964 -0.066005802707930342 0.04653679653679655 0.05634920634920635 0.16333333333333336 0.28319623971797891 0.37888888888888894 0.30217391304347835 0.17156862745098042
decision_type=8 10 2 10 2 10 10 10 2 2 10 2 8 8
left_child=1 2 3 4 -1 -4 -7 -5 -3 12 11 -10 13 -2
right_child=9 8 5 7 -6 6 -8 -9 10 -11 -12 -13 -14 -15
leaf_value=-1.3154354981259617e-05 0.00081546566893189775 -7.0278835729730462e-05 0.00021135932068437212 6.6525306173636158e-05 -0.00014828064667088368 -0.00028382831455977278 -0.00010900637260018497 0.00037347293176148114 0.00023379256742352996 0.0010413885102864423 -0.00041477778923250462 -0.00016358286507809182 8.7292445014838311e-05 0.00023169502033370322
leaf_weight=707539 6385 16563 8681 164843 80487 62752 104940 12539 113221 4561 2363 5920 3680 2897
leaf_count=707539 6385 16563 8681 164843 80487 62752 104940 12539 113221 4561 2363 5920 3680 2897
internal_value=1.00544e-06 -7.58766e-06 -2.89087e-05 -5.76111e-06 -2.69944e-05 -0.000155439 -0.000174609 8.83983e-05 0.000168512 0.000630235 0.000201311 0.000213792 0.00048304 0.00063663
internal_weight=1.29737e+06 1.27985e+06 1.14178e+06 965408 788026 176373 167692 177382 138067 17523 121504 119141 12962 9282
internal_count=1297371 1279848 1141781 965408 788026 176373 167692 177382 138067 17523 121504 119141 12962 9282
is_linear=0
shrinkage=0.01


Tree=79
num_leaves=15
num_cat=0
split_feature=27 28 11 3 11 27 28 4 19 3 15 21 19 26
split_gain=48.3594 26.0389 20.8965 16.6517 14.1634 19.0561 13.3545 11.6537 9.47694 8.04508 7.93596 9.85331 8.87306 6.60975
threshold=0.060487804878048841 -0.23956521739130432 -0.25255102040816318 0.30104166666666676 0.042572463768115916 0.49000000000000005 0.060487804878048841 0.29689535388623539 0.016397849462365614 -0.45789007092198575 0.024404761904761933 0.022233201581027654 -0.47979591836734686 1.0000000180025095e-35
decision_type=2 10 2 8 2 2 8 2 2 10 2 2 2 2
left_child=2 10 -1 4 9 -6 8 13 -4 -3 12 -12 -2 -8
right_child=1 3 6 -5 5 -7 7 -9 -10 -11 11 -13 -14 -15
leaf_value=-8.5921024272390582e-05 0.00062366985973508432 -0.00058359303846708573 7.1552878273521559e-05 -0.00024224852100011523 -1.8629708796436868e-05 0.00046618433626777396 0.00024242075542103665 -0.00018307077866631957 0.00017736637268042456 -0.00010853783064496451 5.0642506210020552e-06 0.00037066499848342456 -1.5988550875168397e-06 3.0788576697929331e-05
leaf_weight=91069 2311 3642 197656 74457 87135 8928 15823 24733 149974 265401 14531 15321 113847 232480
leaf_count=91069 2311 3642 197656 74457 87135 8928 15823 24733 149974 265401 14531 15321 113847 232480
internal_value=0 -6.73123e-05 5.53784e-05 -0.000105766 -7.78492e-05 2.61293e-05 7.61596e-05 2.36814e-05 0.00011729 -0.000115087 4.82479e-05 0.000193725 1.05986e-05 4.43983e-05
internal_weight=1.29731e+06 585573 711735 439563 365106 96063 620666 273036 347630 269043 146010 29852 116158 248303
internal_count=1297308 585573 711735 439563 365106 96063 620666 273036 347630 269043 146010 29852 116158 248303
is_linear=0
shrinkage=0.01


Tree=80
num_leaves=15
num_cat=0
split_feature=27 24 24 28 26 11 17 27 20 11 28 26 20 21
split_gain=50.172 30.6279 22.4895 20.2671 15.5696 13.0124 12.9354 13.6752 21.7796 12.8809 13.4062 9.34046 8.36891 7.94792
threshold=0.28024390243902447 -0.0292857142857143 0.31101190476190482 0.12034482758620692 0.43019480519480524 0.0337121212121212 0.012049941927990694 0.49000000000000005 0.081666666666666679 0.022233201581027654 0.23252032520325203 0.16064516129032261 -0.048237476808905382 0.25532879818594106
decision_type=2 10 8 10 2 2 2 2 2 2 8 2 2 2
left_child=1 9 6 4 -3 -6 -2 -8 -9 10 -1 -12 -5 -11
right_child=2 3 -4 12 5 -7 7 8 -10 13 11 -13 -14 -15
leaf_value=-3.0097420811796813e-05 -0.00020317588347419568 6.5921758231912174e-05 0.00013380885643189141 -0.00013316959581322331 0.00016142929184905709 0.00037558102815131862 -0.00011601245379530216 0 0.00078345123502683535 6.4382134835619159e-05 0 -0.00029050110335670734 4.7303636785455824e-05 -0.00012404863598075301
leaf_weight=261754 156053 109300 32493 29469 94186 41220 89619 16972 4493 184748 15552 37380 197837 25377
leaf_count=261754 156053 109300 32493 29469 94186 41220 89619 16972 4493 184748 15552 37380 197837 25377
internal_value=-6.24476e-07 3.34587e-05 -0.000114113 9.1918e-05 0.000155094 0.000226849 -0.000144383 -6.15152e-05 0.000164605 -1.90623e-05 -5.95842e-05 -0.000204822 2.37728e-05 4.1481e-05
internal_weight=1.29645e+06 996823 299630 472012 244706 135406 267137 111084 21465 524811 314686 52932 227306 210125
internal_count=1296453 996823 299630 472012 244706 135406 267137 111084 21465 524811 314686 52932 227306 210125
is_linear=0
shrinkage=0.01


Tree=81
num_leaves=15
num_cat=0
split_feature=27 24 24 15 28 14 27 20 15 22 28 28 21 24
split_gain=50.3983 25.8399 22.0209 19.0979 16.3457 11.3003 11.6135 21.9341 10.7436 10.7998 10.3885 8.483 8.1292 7.59876
threshold=0.27888888888888896 0.13078947368421054 0.31101190476190482 0.020416666666666698 -0.24734042553191488 0.020416666666666698 0.49000000000000005 0.081666666666666679 -0.27888888888888885 0.48947251773049655 0.13733075435203099 0.10208333333333332 -0.040833333333333326 -0.17928571428571424
decision_type=2 10 8 2 10 2 2 2 2 2 8 10 2 10
left_child=1 3 5 10 -3 13 -7 -8 -6 -10 -1 -5 -13 -2
right_child=2 4 -4 11 8 6 7 -9 9 -11 -12 12 -14 -15
leaf_value=-1.7565829708712643e-05 -0.00028349226338945276 0.00020649288495669231 0.00013196192212328216 0.00011805284093980001 -0.00022988202180646974 -0.0001081069961028151 -2.0665237470936395e-05 0.00076862666405453956 7.9052490469820345e-05 -0.00059131857808440724 -0.00013693157622257638 -0.00010009842767876076 7.403003272458691e-05 -0.00014235182480007135
leaf_weight=260614 57077 104351 33149 131095 12198 77074 14720 4597 268387 2412 101646 47233 61988 120339
leaf_count=260614 57077 104351 33149 131095 12198 77074 14720 4597 268387 2412 101646 47233 61988 120339
internal_value=9.36078e-07 3.56723e-05 -0.000110989 -5.24325e-06 9.93993e-05 -0.000140513 -5.29196e-05 0.000165705 5.98024e-05 7.29642e-05 -5.11422e-05 6.38212e-05 -9.9844e-07 -0.000187932
internal_weight=1.29688e+06 989924 306956 602576 387348 273807 96391 19317 282997 270799 362260 240316 109221 177416
internal_count=1296880 989924 306956 602576 387348 273807 96391 19317 282997 270799 362260 240316 109221 177416
is_linear=0
shrinkage=0.01


Tree=82
num_leaves=15
num_cat=0
split_feature=23 28 7 23 22 0 20 26 28 26 0 11 22 20
split_gain=70.0045 36.8771 23.0863 17.3825 12.3874 11.9986 10.2127 8.88459 7.58966 8.44057 6.90603 6.22863 5.31615 5.16252
threshold=0.091666666666666688 0.10208333333333332 0.3526152482269504 0.027046783625730989 0.36023255813953492 0.36181818181818187 -0.078888888888888883 0.35355392156862753 -0.31725417439703146 0.10990338164251208 0.16333333333333336 0.023268398268398275 0.04027027027027031 0.012049941927990694
decision_type=10 10 2 8 2 8 2 2 8 2 10 2 2 2
left_child=1 3 6 4 5 -1 7 -3 9 -5 -2 -8 -4 -6
right_child=10 2 12 8 13 -7 11 -9 -10 -11 -12 -13 -14 -15
leaf_value=4.9104015172982834e-05 0.00053612167571517031 -3.6262103943705212e-05 -0.00015565213178226313 -9.934465070491961e-05 -0.00021261960895507893 -0.00010255910237279643 -5.821403540719105e-05 -0.00027727232463008628 0.00015933555032590185 0.00063115829271350235 0.0010210597841693533 2.5952047012860542e-05 -0.0003519429206405273 -1.2387313431970121e-05
leaf_weight=606737 9916 28184 26153 1904 29011 56955 276722 34293 31686 7699 4546 128300 31118 23752
leaf_count=606737 9916 28184 26153 1904 29011 56955 276722 34293 31686 7699 4546 128300 31118 23752
internal_value=-9.4292e-07 -8.76834e-06 -7.32222e-05 3.58293e-05 2.42842e-05 3.60434e-05 -4.99271e-05 -0.000169037 0.000235419 0.000483212 0.000690812 -3.14784e-05 -0.000262843 -0.000123057
internal_weight=1.29698e+06 1.28251e+06 524770 757744 716455 663692 467499 62477 41289 9603 14462 405022 57271 52763
internal_count=1296976 1282514 524770 757744 716455 663692 467499 62477 41289 9603 14462 405022 57271 52763
is_linear=0
shrinkage=0.01


Tree=83
num_leaves=15
num_cat=0
split_feature=23 24 4 24 28 26 15 23 14 24 0 28 6 24
split_gain=66.8762 42.5831 32.4616 18.6867 12.7584 10.9427 10.5868 10.2611 9.37711 8.76462 8.45375 7.78225 5.91956 5.34839
threshold=0.077380952380952397 0.31101190476190482 0.2525510204081633 0.26163419913419916 -0.41945945945945939 0.05634920634920635 0.022233201581027654 0.04653679653679655 0.37888888888888894 -0.087922705314009655 0.24222222222222226 0.28319623971797891 0.04040816326530617 -1.0000000180025095e-35
decision_type=10 10 2 10 8 2 2 10 2 10 10 10 10 10
left_child=1 2 3 6 -4 12 -1 -5 11 -6 13 -7 -3 -2
right_child=10 5 4 7 9 8 -8 -9 -10 -11 -12 -13 -14 -15
leaf_value=-5.4820019740906277e-05 -9.4339026083402764e-05 -0.00018268651263670746 0.00017347439548747546 6.4361520566250604e-05 -0.00027766743949383997 0.00022044938503623085 2.2461848720184685e-05 0.00036284276004828331 -0.0001923553066078267 -0.00012395399901206103 0.001140894722924199 -0.00036105877111523041 0.00028214711422152927 0.0005766688705959751
leaf_weight=516465 1221 13117 11082 163738 56377 113201 269228 12453 6064 112372 2699 2308 3422 13249
leaf_count=516465 1221 13117 11082 163738 56377 113201 269228 12453 6064 112372 2699 2308 3422 13249
internal_value=-2.06273e-06 -1.04034e-05 -3.04878e-05 -7.39918e-06 -0.000153816 0.000155406 -2.83002e-05 8.5634e-05 0.000188313 -0.00017549 0.000617822 0.000208561 -8.46629e-05 0.000517968
internal_weight=1.297e+06 1.27983e+06 1.14172e+06 961884 179831 138112 785693 176191 121573 168749 17169 115509 16539 14470
internal_count=1296996 1279827 1141715 961884 179831 138112 785693 176191 121573 168749 17169 115509 16539 14470
is_linear=0
shrinkage=0.01


Tree=84
num_leaves=15
num_cat=0
split_feature=23 27 24 24 26 28 27 2 0 26 0 4 28 28
split_gain=61.8996 54.4558 25.579 23.9779 16.9047 14.3527 14.0206 14.1541 10.312 8.86208 8.15403 8.02631 7.52257 6.59012
threshold=0.077380952380952397 0.28024390243902447 0.26163419913419916 0.2950000000000001 0.40862708719851587 -0.30217391304347824 -0.019259259259259278 -0.3118055555555555 0.39009661835748793 0.084219858156028379 0.16333333333333336 0.36978260869565222 0.33156028368794332 0.21937500000000001
decision_type=10 2 10 8 2 10 2 8 8 2 10 2 10 10
left_child=1 2 6 8 11 -6 7 -1 -3 -5 12 -4 -2 -11
right_child=10 3 4 9 5 -7 -8 -9 -10 13 -12 -13 -14 -15
leaf_value=-0.00010407997040956385 0.00060875720121592025 -0.00013227154633937421 4.5688841617336017e-05 -0.00014331143780505959 0.00032906593301310099 0.00011686357033572667 -6.3173556021617664e-05 5.3914389514039288e-05 -0.00030991386538257299 0.00026737912380541323 0.00096699669430929986 -0.00024218696672029659 4.2106466548460902e-05 -0.0004992592641714544
leaf_weight=66805 9227 222740 119275 8631 44454 115617 257513 371739 38711 22667 4556 10519 3297 1151
leaf_count=66805 9227 222740 119275 8631 44454 115617 257513 371739 38711 22667 4556 10519 3297 1151
internal_value=6.29838e-07 -7.32872e-06 2.82609e-05 -0.000126819 0.000107195 0.000175988 -4.56761e-06 2.97776e-05 -0.000158692 0.000129052 0.000598625 2.21221e-05 0.000462024 0.000229014
internal_weight=1.2969e+06 1.27982e+06 985922 293900 289865 160071 696057 438544 261451 32449 17080 129794 12524 23818
internal_count=1296902 1279822 985922 293900 289865 160071 696057 438544 261451 32449 17080 129794 12524 23818
is_linear=0
shrinkage=0.01


Tree=85
num_leaves=15
num_cat=0
split_feature=23 27 11 28 28 4 23 23 4 28 2 25 19 26
split_gain=64.213 51.7428 19.7329 19.2165 15.2296 13.2231 12.4868 10.5728 7.73838 7.62264 7.55142 6.03763 5.94415 4.54286
threshold=0.091666666666666688 0.17416582406471184 -0.29795918367346935 -0.019259259259259278 0.060487804878048841 0.29689535388623539 0.028594771241830078 0.034523809523809519 0.22111111111111112 -0.31725417439703146 0.24222222222222226 0.27500000000000008 -0.47979591836734686 0.74734042553191504
decision_type=10 2 2 10 8 2 8 10 2 10 10 2 2 2
left_child=1 2 13 6 7 -6 12 -4 -5 -8 -2 -10 -3 -1
right_child=10 3 4 8 5 -7 9 -9 11 -11 -12 -13 -14 -15
leaf_value=-5.6083499438999562e-05 0.00054508555402113436 0.00043717202285033615 8.0540276433779307e-05 -0.00012602581736558387 2.1768499008822039e-05 -0.00019453875745188421 0.0007025418181966646 0.00031650128593662579 0 0.00011799922875903921 0.0011446736153279376 -0.00030066830021063877 -5.0538813042238992e-05 -0.00021228085688135344
leaf_weight=58063 11769 2519 411466 179554 299203 31204 3396 20014 7818 6981 2724 49756 184281 27984
leaf_count=58063 11769 2519 411466 179554 299203 31204 3396 20014 7818 6981 2724 49756 184281 27984
internal_value=-1.73824e-06 -9.24343e-06 3.61936e-05 -9.8023e-05 5.24321e-05 1.24783e-06 -2.48955e-05 9.15569e-05 -0.000158703 0.000312336 0.000660063 -0.000260077 -4.37945e-05 -0.000107236
internal_weight=1.29673e+06 1.28224e+06 847934 434305 761887 330407 197177 431480 237128 10377 14493 57574 186800 86047
internal_count=1296732 1282239 847934 434305 761887 330407 197177 431480 237128 10377 14493 57574 186800 86047
is_linear=0
shrinkage=0.01


Tree=86
num_leaves=15
num_cat=0
split_feature=23 24 3 19 28 24 28 26 1 28 19 24 28 23
split_gain=60.8484 43.5082 31.7573 17.3837 13.0268 10.6598 14.4791 10.5327 9.41456 9.03247 10.3799 7.1593 6.99518 5.0509
threshold=0.066964285714285712 0.31101190476190482 0.30104166666666676 0.020416666666666698 0.072948328267477228 -0.066005802707930342 0.16333333333333336 0.16496598639455784 0.24222222222222226 -0.064659977703455954 0.057777777777777824 0.13484848484848486 0.43908472479901062 0.054093567251462034
decision_type=10 10 10 2 10 10 10 2 10 10 2 10 10 10
left_child=1 2 3 11 -5 12 -7 13 -2 10 -9 -1 -4 -3
right_child=8 7 5 4 -6 6 -8 9 -10 -11 -12 -13 -14 -15
leaf_value=-7.2850406596396426e-05 0.00047331328407550064 -1.3157058383640322e-05 -0.00024428959449857501 9.689986848081711e-05 -9.987035294507896e-06 2.9266690941034873e-05 -0.0002303314780864217 0.0002670028975989836 0.0011208956643949919 -0.00015412043322669496 -0.00010386935626787222 3.8872778491119333e-06 -0.00072903105721189093 0.00061866149244587428
leaf_weight=352218 15713 33690 54713 204306 257018 44439 41274 88351 2731 6246 8127 184562 3224 1310
leaf_count=352218 15713 33690 54713 204306 257018 44439 41274 88351 2731 6246 8127 184562 3224 1310
internal_value=7.38205e-07 -7.46004e-06 -2.77355e-05 -7.69592e-06 3.72851e-05 -0.000166762 -9.53932e-05 0.000160406 0.000570994 0.000211466 0.000235449 -4.64098e-05 -0.000271818 9.68493e-06
internal_weight=1.29792e+06 1.27948e+06 1.14175e+06 998104 461324 143650 85713 137724 18444 102724 96478 536780 57937 35000
internal_count=1297922 1279478 1141754 998104 461324 143650 85713 137724 18444 102724 96478 536780 57937 35000
is_linear=0
shrinkage=0.01


Tree=87
num_leaves=15
num_cat=0
split_feature=23 24 3 10 28 24 24 26 0 28 23 19 22 23
split_gain=60.0906 41.4008 26.7576 17.0382 10.7749 13.1471 10.4602 10.424 10.1676 8.41483 8.06523 7.59024 6.36658 6.32203
threshold=0.066964285714285712 0.31101190476190482 0.39009661835748793 0.018187830687830701 0.17416582406471184 -0.051682692307692284 -0.17928571428571424 0.05634920634920635 0.24222222222222226 -0.050510204081632641 0.048809523809523865 0.057777777777777824 0.056186868686868681 0.010102040816326542
decision_type=10 10 10 2 10 8 10 2 10 10 8 2 2 8
left_child=1 2 3 6 5 -4 -1 12 -2 11 -5 -9 -3 -6
right_child=8 7 4 10 13 -7 -8 9 -10 -11 -12 -13 -14 -15
leaf_value=-0.00011408692470056374 0.00046334080142672979 6.7441116928642177e-05 -0.00024910233654263243 1.9253232016294943e-05 -0.00046063879698111926 7.9309896180115112e-05 -2.2931028850183169e-05 0.00023133005563028735 0.0011392210896462756 -0.00015867201547232614 0.00017831397539815866 -5.5435179499675256e-05 -0.00033767935560241006 -0.00019767040700524407
leaf_weight=178545 15939 10429 26718 409304 18226 22226 430941 104965 2687 6590 34656 9938 6098 19528
leaf_count=178545 15939 10429 26718 409304 18226 22226 430941 104965 2687 6590 34656 9938 6098 19528
internal_value=-1.20512e-06 -9.44624e-06 -2.92702e-05 -1.53413e-05 -0.000198163 -9.93582e-05 -4.96842e-05 0.000154093 0.000562622 0.000186221 3.17384e-05 0.000206266 -8.02563e-05 -0.000325441
internal_weight=1.29679e+06 1.27816e+06 1.14014e+06 1.05345e+06 86698 48944 609486 138020 18626 121493 443960 114903 16527 37754
internal_count=1296790 1278164 1140144 1053446 86698 48944 609486 138020 18626 121493 443960 114903 16527 37754
is_linear=0
shrinkage=0.01


Tree=88
num_leaves=15
num_cat=0
split_feature=27 1 11 28 28 10 27 22 4 19 21 19 21 22
split_gain=47.6967 21.0555 19.9111 19.7292 12.2608 11.8488 13.1514 9.87494 9.52138 7.72827 7.35125 7.21841 7.12439 6.68715
threshold=0.11410984848484852 0.39009661835748793 -0.25255102040816318 -0.23956521739130432 0.084349593495934974 0.028594771241830078 0.49000000000000005 0.31725417439703163 0.29689535388623539 0.016954022988505794 0.3585714285714286 0.024404761904761933 -1.0000000180025095e-35 -0.15978723404255316
decision_type=2 8 2 10 8 2 2 2 2 2 2 2 2 2
left_child=2 3 -1 11 7 13 -7 9 -6 -4 -3 -2 -13 -5
right_child=1 10 4 5 8 6 -8 -9 -10 -11 -12 12 -14 -15
leaf_value=-8.560062842472882e-05 1.6041746997487969e-05 -0.00031896893641570939 7.9356250201351801e-05 -4.4664649938879752e-05 3.4951499391981684e-05 -3.861593719547625e-05 0.00033235004977067882 -3.780477442762662e-05 -0.00016845752336965383 0.00017422891569642644 -7.7834151089310117e-05 4.510872388330695e-05 0.0003686489916237999 -0.00016166810666783232
leaf_weight=97274 86819 43888 199296 69226 254296 92025 10661 43922 25270 153364 18271 14388 13336 172630
leaf_count=97274 86819 43888 199296 69226 254296 92025 10661 43922 25270 153364 18271 14388 13336 172630
internal_value=-1.7719e-06 -7.57295e-05 4.80328e-05 -5.22592e-05 6.73026e-05 -9.00925e-05 0 0.00010307 1.64564e-05 0.0001207 -0.00024858 6.12797e-05 0.000201845 -0.000128303
internal_weight=1.29467e+06 521244 773422 459085 676148 344542 102686 396582 279566 352660 62159 114543 27724 241856
internal_count=1294666 521244 773422 459085 676148 344542 102686 396582 279566 352660 62159 114543 27724 241856
is_linear=0
shrinkage=0.01


Tree=89
num_leaves=15
num_cat=0
split_feature=23 27 6 5 7 27 22 10 27 6 5 20 21 14
split_gain=54.833 52.8685 22.4135 13.116 12.6683 11.3677 8.96326 7.72854 7.2699 5.86797 4.87241 4.12246 3.57803 3.32203
threshold=0.04006410256410254 0.20900537634408609 0.16333333333333336 0.43683510638297879 -0.40454545454545449 -0.019259259259259278 0.06881313131313134 -0.11851063829787233 0.38047619047619052 0.12361111111111113 0.47979591836734697 -0.47894503546099287 0.14222222222222228 -0.24234042553191487
decision_type=8 2 10 8 2 2 2 2 2 10 10 2 2 2
left_child=1 4 9 6 13 7 11 -6 -8 -2 -7 -3 -5 -1
right_child=2 3 -4 12 5 10 8 -9 -10 -11 -12 -13 -14 -15
leaf_value=-0.00028279135309794645 0.00018866370489851222 0.0003496867869160307 0.00095494903231277265 -0.00042466152334047448 -1.1891592791055462e-05 -1.1438412700336788e-05 -0.00010032590239326147 8.3725210342194551e-05 -0.00025022024348038375 0.00047695895880945071 -0.00053354249898773906 -5.80133070203169e-05 -0.00021087319467455974 -8.0174239114796223e-05
leaf_weight=10073 55493 2489 4559 14396 104626 263505 86149 428852 52910 8304 1800 198429 19218 45943
leaf_count=10073 55493 2489 4559 14396 104626 263505 86149 428852 52910 8304 1800 198429 19218 45943
internal_value=5.38976e-08 -1.52628e-05 0.00027573 -0.000114513 2.80797e-05 3.83027e-05 -9.57511e-05 6.49166e-05 -0.000157578 0.00022668 -1.50998e-05 -5.28082e-05 -0.000303355 -0.000117158
internal_weight=1.29675e+06 1.22839e+06 68356 373591 854799 798783 339977 533478 139059 63797 265305 200918 33614 56016
internal_count=1296746 1228390 68356 373591 854799 798783 339977 533478 139059 63797 265305 200918 33614 56016
is_linear=0
shrinkage=0.01


Tree=90
num_leaves=15
num_cat=0
split_feature=27 24 24 10 14 27 27 19 22 3 4 11 15 15
split_gain=43.5086 22.9201 19.5417 15.8505 14.0318 12.2111 10.2063 19.1365 9.73765 9.31259 8.59645 8.95914 6.62951 6.51314
threshold=0.2558265582655827 0.13078947368421054 0.31101190476190482 0.016954022988505794 0.012049941927990694 0.38047619047619052 0.49000000000000005 0.081666666666666679 0.18819444444444447 -0.41578014184397155 0.37627551020408168 0.04083333333333334 0.010310374149659853 0.010527482269503509
decision_type=2 10 8 2 2 2 2 2 2 8 2 2 2 2
left_child=1 3 4 8 5 -2 -6 -8 12 -3 11 -11 -1 -5
right_child=2 9 -4 13 6 -7 7 -9 -10 10 -12 -13 -14 -15
leaf_value=-0.00012815674100496527 -9.6262322495766563e-05 -0.0001432053725656401 0.00011611688731768046 -2.4390731577303198e-05 -8.6448149737490388e-05 -0.00026545513092442023 -2.3514567066341754e-06 0.00072089697052538798 -0.00014714053763390051 8.4892265805017888e-05 -9.6732095834330361e-05 0.00020088454474404677 4.7334127008329563e-06 8.4343532471491556e-05
leaf_weight=46408 82582 15710 37502 78153 107556 89913 16976 4632 81953 245438 19831 92368 194483 183662
leaf_count=46408 82582 15710 37502 78153 107556 89913 16976 4632 81953 245438 19831 92368 194483 183662
internal_value=-1.38676e-06 3.30493e-05 -9.87439e-05 -5.98923e-06 -0.000125556 -0.000184631 -4.64271e-05 0.000151378 -5.2924e-05 9.42632e-05 0.00010478 0.000116699 -2.07448e-05 5.17714e-05
internal_weight=1.29717e+06 958006 339161 584659 301659 172495 129164 21608 322844 373347 357637 337806 240891 261815
internal_count=1297167 958006 339161 584659 301659 172495 129164 21608 322844 373347 357637 337806 240891 261815
is_linear=0
shrinkage=0.01


Tree=91
num_leaves=15
num_cat=0
split_feature=27 28 11 0 15 27 28 4 22 22 26 3 15 21
split_gain=41.3386 24.5384 17.8332 13.9811 13.1168 15.7117 12.0711 10.519 7.58043 7.1629 6.67163 6.36209 5.98586 8.47977
threshold=0.060487804878048841 -0.23956521739130432 -0.25777777777777772 0.37766439909297056 0.042572463768115916 0.49000000000000005 0.084349593495934974 0.29689535388623539 0.32025641025641027 0.042109929078014148 1.0000000180025095e-35 -0.41918367346938773 0.024404761904761933 -1.0000000180025095e-35
decision_type=2 10 2 8 2 2 10 2 2 2 2 8 2 2
left_child=2 12 -1 4 9 -6 8 10 11 -3 -8 -4 -2 -14
right_child=1 3 6 -5 5 -7 7 -9 -10 -11 -12 -13 13 -15
leaf_value=-7.863631680536151e-05 1.9549624403616267e-05 -6.4440624323818107e-05 -8.02808966726125e-05 -0.00025680548949435789 -1.3792747860666337e-05 0.00043242394695792823 0.00024433232593696052 -0.00018090640233999676 -2.3076878682770395e-05 -0.00016252598773542227 2.6380746743523277e-05 0.00013496550190126287 0 0.00033811365247373332
leaf_weight=89195 116216 168762 14189 49030 77720 8768 15056 23589 38068 135412 220373 309786 13905 15738
leaf_count=89195 116216 168762 14189 49030 77720 8768 15056 23589 38068 135412 220373 309786 13905 15738
internal_value=2.11622e-06 -6.00656e-05 5.34226e-05 -9.73742e-05 -7.72862e-05 3.11105e-05 7.24371e-05 2.01727e-05 0.000109746 -0.000108206 4.04494e-05 0.000125445 5.21953e-05 0.000179156
internal_weight=1.29581e+06 585551 710256 439692 390662 86488 621061 259018 362043 304174 235429 323975 145859 29643
internal_count=1295807 585551 710256 439692 390662 86488 621061 259018 362043 304174 235429 323975 145859 29643
is_linear=0
shrinkage=0.01


Tree=92
num_leaves=15
num_cat=0
split_feature=23 24 1 15 24 26 26 24 20 22 15 14 26 0
split_gain=57.0328 33.6364 23.9531 22.7241 14.5927 13.2603 12.7376 10.4284 8.88947 8.85432 8.18069 6.68949 6.53933 6.47668
threshold=0.037087912087912074 0.37298387096774199 0.45603864734299526 0.11851063829787235 -0.17321428571428568 0.16064516129032261 0.21583850931677021 0.077935222672064777 0.012049941927990694 -0.023532668881506093 0.078888888888888856 0.39009661835748793 0.10471491228070177 0.24222222222222226
decision_type=8 10 8 2 10 2 2 10 2 2 2 2 2 10
left_child=1 2 4 7 5 -1 9 12 -6 -3 11 -8 -2 -5
right_child=3 6 -4 13 8 -7 10 -9 -10 -11 -12 -13 -14 -15
leaf_value=2.4958876510469264e-05 0.00034060984455004586 0.00016628115099468467 -0.00026489188908532539 0.00053494923628213682 -3.7507705231174618e-05 -0.00012287625595118717 0.00025040362649124127 0.00033228107367873653 3.1450851363915156e-05 -0.00014405114878657401 -0.00014981814917805467 -0.00019953131895067292 -1.5705363617227016e-05 0.0011037372831895677
leaf_weight=82184 6534 15691 43764 10129 364367 228479 77329 27041 383779 22141 5958 3375 23659 2690
leaf_count=82184 6534 15691 43764 10129 364367 228479 77329 27041 383779 22141 5958 3375 23659 2690
internal_value=-2.08396e-06 -1.79507e-05 -3.55655e-05 0.000275403 -2.60576e-05 -8.36709e-05 0.00013781 0.000189408 -2.09372e-06 -1.45435e-05 0.000204663 0.000231209 6.04367e-05 0.000656876
internal_weight=1.29712e+06 1.22707e+06 1.10257e+06 70053 1.05881e+06 310663 124494 57234 748146 37832 86662 80704 30193 12819
internal_count=1297120 1227067 1102573 70053 1058809 310663 124494 57234 748146 37832 86662 80704 30193 12819
is_linear=0
shrinkage=0.01


Tree=93
num_leaves=15
num_cat=0
split_feature=23 4 6 28 28 22 28 11 2 2 28 11 28 6
split_gain=57.0453 29.915 20.5996 16.152 13.3636 8.89173 8.64113 8.19595 7.59205 7.41831 7.36565 6.11109 5.75961 5.65488
threshold=0.054093567251462034 0.25521059487624842 0.16333333333333336 0.10208333333333332 0.10208333333333332 0.36023255813953492 -0.19883720930232557 -0.29027777777777769 0.37095282146160968 -0.43938775510204076 -0.41945945945945939 -0.41578014184397155 -0.1633333333333333 0.36811594202898557
decision_type=8 2 10 10 10 2 8 2 10 8 10 2 8 8
left_child=1 3 6 5 10 9 -2 -5 -9 -1 -3 -12 -4 -6
right_child=2 4 12 7 13 -7 -8 8 -10 -11 11 -13 -14 -15
leaf_value=-0.00016096077887336227 0.00052246303928921937 0.00016500367458396089 2.2644445927011929e-05 -0.00016049987067978048 -0.00015963809827853565 -9.4041855956257048e-05 0.00019223712286176657 -1.2929999435718649e-05 -0.00025908494297380129 5.8772595138972404e-05 -0.00039386723703210038 -6.0493794903275681e-05 0.0011146733262248532 -0.0003335582126078613
leaf_weight=15718 10354 13815 615 48095 58472 44209 36585 359609 13002 569679 5910 88542 3934 28427
leaf_count=15718 10354 13815 615 48095 58472 44209 36585 359609 13002 569679 5910 88542 3934 28427
internal_value=2.7437e-06 -1.07177e-05 0.000328935 1.03822e-05 -0.000124422 4.24604e-05 0.000265748 -3.7553e-05 -2.16019e-05 5.28207e-05 -4.99246e-05 -8.16829e-05 0.00097374 -0.000216887
internal_weight=1.29697e+06 1.24548e+06 51488 1.05031e+06 195166 629606 46939 420706 372611 585397 108267 94452 4549 86899
internal_count=1296966 1245478 51488 1050312 195166 629606 46939 420706 372611 585397 108267 94452 4549 86899
is_linear=0
shrinkage=0.01


Tree=94
num_leaves=15
num_cat=0
split_feature=23 27 28 11 28 23 0 4 0 22 22 28 20 28
split_gain=58.1357 49.0245 20.2011 17.6927 12.5815 11.8658 10.9093 10.1195 9.01094 8.53487 6.88347 6.1645 5.8629 4.84451
threshold=0.066964285714285712 0.11410984848484852 -0.23956521739130432 -0.29795918367346935 0.13211600429645545 0.024404761904761933 0.36811594202898557 0.29356060606060608 0.16333333333333336 0.35053191489361707 0.056186868686868681 0.33156028368794332 -0.47979591836734686 -1.0000000180025095e-35
decision_type=10 2 10 2 8 8 10 2 10 2 2 10 2 10
left_child=1 3 5 -1 9 12 10 -6 11 -5 -4 -2 -3 -10
right_child=8 2 6 4 7 -7 -8 -9 13 -11 -12 -13 -14 -15
leaf_value=-9.9787085706564945e-05 0.00054991087902428633 0.00050712061100110248 -6.2790129219754607e-05 0.00010360321692039624 2.2242974780647579e-05 0.0003544999551563115 -0.00026194117881906905 -0.00019209225094874753 6.197567005467608e-05 -5.7571897494561046e-05 -0.00015508281190326458 6.5091699817815965e-05 -1.3946695034012418e-05 0.0010722170976639215
leaf_weight=79516 10318 2197 198261 398431 228283 10019 48388 24375 612 35558 138455 3714 114365 3970
leaf_count=79516 10318 2197 198261 398431 228283 10019 48388 24375 612 35558 138455 3714 114365 3970
internal_value=-1.20046e-06 -9.30623e-06 -8.51176e-05 4.12857e-05 5.76664e-05 2.42796e-05 -0.000121154 1.44437e-06 0.000553559 9.03282e-05 -0.00010083 0.000423767 -3.85528e-06 0.000943955
internal_weight=1.29646e+06 1.27785e+06 511685 766163 686647 126581 385104 252658 18614 433989 336716 14032 116562 4582
internal_count=1296462 1277848 511685 766163 686647 126581 385104 252658 18614 433989 336716 14032 116562 4582
is_linear=0
shrinkage=0.01


Tree=95
num_leaves=15
num_cat=0
split_feature=4 11 22 3 17 4 0 17 17 15 3 25 3 15
split_gain=36.9163 22.6194 13.7126 13.6481 11.0018 17.1527 10.8329 9.32203 9.32018 7.72679 6.77433 5.72548 5.08551 5.07097
threshold=0.25521059487624842 0.024404761904761933 0.32755102040816336 -0.43683510638297868 0.04083333333333334 0.24222222222222226 0.37766439909297056 -0.40454545454545449 0.19018912529550833 -0.36181818181818176 -0.3010416666666666 0.82500000000000018 0.28062500000000007 -0.036666666666666646
decision_type=2 2 2 8 2 2 8 2 2 2 10 2 10 2
left_child=1 2 3 11 -3 8 -5 -2 -6 -9 -11 -1 -4 -12
right_child=7 4 12 6 5 -7 -8 9 -10 10 13 -13 -14 -15
leaf_value=-0.00014409890020978378 -0.00036037037821896623 3.9774265774387425e-05 -0.00011699879898543434 2.3299604915905292e-05 0.00019971741828778332 0.00087415535798973036 -0.00017257150061960092 7.277854623390842e-05 3.7455229158474917e-05 -0.00037056161393367716 -0.00021594246297651723 -0.0005231144755205745 -0.0005213889464787578 -7.8073691871772543e-05
leaf_weight=16504 15786 203705 74183 615941 91268 3234 29565 21137 58663 10993 35698 5428 3297 111334
leaf_count=16504 15786 203705 74183 615941 91268 3234 29565 21137 58663 10993 35698 5428 3297 111334
internal_value=1.83971e-07 2.26508e-05 -8.67377e-06 5.90162e-06 8.81202e-05 0.000152221 1.42812e-05 -0.000126636 0.000136432 -0.000105869 -0.000129955 -0.000239329 -0.000134613 -0.000111755
internal_weight=1.29674e+06 1.10179e+06 744918 667438 356870 153165 645506 194948 149931 179162 158025 21932 77480 147032
internal_count=1296736 1101788 744918 667438 356870 153165 645506 194948 149931 179162 158025 21932 77480 147032
is_linear=0
shrinkage=0.01


Tree=96
num_leaves=15
num_cat=0
split_feature=23 24 3 19 28 28 24 28 15 25 3 3 0 28
split_gain=53.6559 36.9066 30.9696 17.5996 13.1765 8.24837 9.39402 7.8484 8.08102 7.6524 7.56099 5.51783 4.36341 3.96229
threshold=0.1125 0.31101190476190482 0.30104166666666676 0.022233201581027654 0.060487804878048841 0.14365079365079372 -0.051682692307692284 -0.064659977703455954 0.078888888888888856 0.27500000000000008 -0.42111111111111105 0.4587585034013606 0.24222222222222226 0.49000000000000005
decision_type=10 10 10 2 10 10 8 10 2 2 8 10 10 10
left_child=1 2 3 10 -5 6 -4 8 9 -3 -1 -7 -2 -14
right_child=12 7 5 4 -6 11 -8 -9 -10 -11 -12 -13 13 -15
leaf_value=-0.00019476973739692457 0.00054161822559158665 2.8326980537770248e-07 -0.00019512246687783616 0.00010305134649561081 -5.7792887701747925e-06 -0.00018112530355881136 2.3115037293289128e-05 -0.00015701245531443499 -0.00011786262740172946 0.00022197944230639919 -3.4040334656363296e-05 -0.00038140162406899376 0.0014135050079261762 0.00058437963064163472
leaf_weight=31136 10214 18664 42022 195021 257859 43767 36753 7856 9160 102934 516435 20861 1349 1321
leaf_count=31136 10214 18664 42022 195021 257859 43767 36753 7856 9160 102934 516435 20861 1349 1321
internal_value=3.29243e-07 -6.09917e-06 -2.47962e-05 -5.06513e-06 4.10199e-05 -0.000162237 -9.29245e-05 0.000147971 0.000166527 0.000188199 -4.32355e-05 -0.000246251 0.000642391 0.00101563
internal_weight=1.29535e+06 1.28247e+06 1.14385e+06 1.00045e+06 452880 143403 78775 138614 130758 121598 547571 64628 12884 2670
internal_count=1295352 1282468 1143854 1000451 452880 143403 78775 138614 130758 121598 547571 64628 12884 2670
is_linear=0
shrinkage=0.01


Tree=97
num_leaves=15
num_cat=0
split_feature=23 27 6 11 27 4 0 22 17 21 0 5 22 17
split_gain=58.2731 45.1998 17.1538 14.6192 13.7782 9.18983 8.19138 6.06429 5.62829 5.29416 4.91139 4.73744 4.26911 3.64372
threshold=0.054093567251462034 0.30104166666666676 0.12361111111111113 -0.29795918367346935 -0.010874704491725782 0.40212765957446817 0.37766439909297056 0.06881313131313134 0.019615384615384649 0.34944495837187795 0.24222222222222226 0.47801932367149763 0.23979166666666671 -0.40454545454545449
decision_type=8 2 10 2 2 2 8 2 2 2 10 10 2 2
left_child=1 3 -2 12 5 -5 7 -3 -9 -8 -4 -6 13 -1
right_child=2 6 10 4 11 -7 9 8 -10 -11 -12 -13 -14 -15
leaf_value=-0.0003071215205572697 0.00022493525177606912 -6.2123336312966816e-05 0.00054167023331000669 7.2836713605294259e-05 -1.1870489237858885e-05 -0.00015082760318361815 -0.00033628705332670368 -0.00022209165530193923 -4.1428823451725674e-05 -8.8789620728771761e-05 0.0010417037191709059 -0.00036378934749980426 -0.00023788269039611489 -4.6157197409456449e-05
leaf_weight=5807 39060 133902 10097 506672 352529 18975 28191 60983 24657 13001 2688 3872 17396 78012
leaf_count=5807 39060 133902 10097 506672 352529 18975 28191 60983 24657 13001 2688 3872 17396 78012
internal_value=1.71593e-06 -1.19511e-05 0.00033021 1.90625e-05 3.21498e-05 6.47049e-05 -0.000129021 -0.00010451 -0.00017043 -0.000258912 0.000649366 -1.5781e-05 -9.46892e-05 -6.46051e-05
internal_weight=1.29584e+06 1.244e+06 51845 983263 882048 525647 260734 219542 85640 41192 12785 356401 101215 83819
internal_count=1295842 1243997 51845 983263 882048 525647 260734 219542 85640 41192 12785 356401 101215 83819
is_linear=0
shrinkage=0.01


Tree=98
num_leaves=15
num_cat=0
split_feature=23 24 1 19 26 7 24 24 15 0 14 23 14 17
split_gain=49.8174 36.3207 25.6769 18.0693 11.4812 9.34344 9.20228 9.15888 8.04688 7.85671 6.31411 5.09323 4.55935 4.43081
threshold=0.091666666666666688 0.31101190476190482 0.30104166666666676 0.020416666666666698 0.52041666666666686 -0.40454545454545449 0.25290697674418611 -0.063164893617021253 0.054373522458628872 0.24222222222222226 0.39897959183673476 0.043560606060606029 0.011766334440753036 -0.46863636363636357
decision_type=10 10 8 2 2 2 8 8 2 10 2 10 2 2
left_child=1 2 3 5 10 -1 -5 -4 12 -2 11 -3 -6 -9
right_child=9 4 7 6 8 -7 -8 13 -10 -11 -12 -13 -14 -15
leaf_value=-0.00019592604113295953 0.00047042593099245154 5.9233559646789841e-05 -0.00024437301846180455 1.5427877959222602e-05 0.00041067824672902197 -3.3889937824723912e-05 0.00012250602002721105 -0.00056348231075690688 -9.9603681456311398e-05 0.0010844316854934229 -0.00039803140860010668 0.00045850499935761314 0.00021819561393637355 -7.0609628397611508e-05
leaf_weight=38405 11592 66501 59525 352771 18459 504391 104244 1883 6101 2682 2869 3386 41336 83236
leaf_count=38405 11592 66501 59525 352771 18459 504391 104244 1883 6101 2682 2869 3386 41336 83236
internal_value=6.30056e-07 -5.88326e-06 -2.44245e-05 -6.37676e-06 0.00014694 -4.54109e-05 3.99184e-05 -0.000148964 0.000242704 0.000588099 5.97864e-05 7.90262e-05 0.000278135 -8.18849e-05
internal_weight=1.29738e+06 1.28311e+06 1.14446e+06 999811 138652 542796 457015 144644 65896 14274 72756 69887 59795 85119
internal_count=1297381 1283107 1144455 999811 138652 542796 457015 144644 65896 14274 72756 69887 59795 85119
is_linear=0
shrinkage=0.01


Tree=99
num_leaves=15
num_cat=0
split_feature=23 27 15 11 24 24 27 24 3 19 4 3 1 4
split_gain=52.4566 49.224 20.3232 18.7422 17.1691 16.2723 11.3917 11.0148 9.79581 6.52152 7.04558 6.27881 5.53457 4.30854
threshold=0.037087912087912074 0.30104166666666676 0.11851063829787235 -0.29795918367346935 0.26163419913419916 0.37298387096774199 -0.019259259259259278 0.077935222672064777 -0.43683510638297868 -0.47979591836734686 0.078888888888888856 0.0439613526570048 0.24222222222222226 0.39678030303030309
decision_type=8 2 2 2 10 8 2 10 10 2 2 8 10 2
left_child=1 3 7 13 6 9 -5 -2 -6 -3 -11 -7 -4 -1
right_child=2 5 12 4 8 11 -8 -9 -10 10 -12 -13 -14 -15
leaf_value=-9.2747250688303122e-05 5.0420591098250467e-05 0.00030559155880310451 0.00051073909213318126 3.7344097173238532e-05 -0.00021442733819770289 0.00022927735170637142 -5.04732754275167e-05 0.00032931007217398356 0.00011404763423128609 -0.00012828204702515991 -0.00024376566231630202 -9.6238101093094625e-05 0.0010338101166750592 -0.00033318704203222859
leaf_weight=92747 30086 2852 10072 378912 9374 15283 242025 27264 238832 143127 85707 9519 2753 8240
leaf_count=92747 30086 2852 10072 378912 9374 15283 242025 27264 238832 143127 85707 9519 2753 8240
internal_value=-1.10168e-06 -1.63375e-05 0.000264774 1.62075e-05 3.12171e-05 -0.00013955 3.06679e-06 0.000183537 0.000101519 -0.00016566 -0.000171669 0.000103139 0.000625575 -0.000112672
internal_weight=1.29679e+06 1.22662e+06 70175 970130 869143 256488 620937 57350 248206 231686 228834 24802 12825 100987
internal_count=1296793 1226618 70175 970130 869143 256488 620937 57350 248206 231686 228834 24802 12825 100987
is_linear=0
shrinkage=0.01


Tree=100
num_leaves=15
num_cat=0
split_feature=23 27 24 24 24 7 26 26 15 3 0 26 4 27
split_gain=52.3004 46.5956 21.1675 16.9471 15.9124 12.2465 11.3408 10.6814 10.5846 10.3229 9.24972 8.65049 6.62858 6.03249
threshold=0.034523809523809519 0.23499399759903969 -0.03062500000000001 0.13078947368421054 0.37298387096774199 0.16333333333333336 0.52440476190476204 0.084219858156028379 0.016954022988505794 -0.43683510638297868 0.36811594202898557 0.28102564102564109 0.36978260869565222 0.05137227304714987
decision_type=8 2 8 10 8 2 2 2 2 10 8 2 2 2
left_child=1 3 13 8 10 -4 12 -6 11 -8 -3 -1 -5 -2
right_child=2 4 5 6 7 -7 9 -9 -10 -11 -12 -13 -14 -15
leaf_value=1.6128409346890882e-05 0.00018369719812942172 -0.0001151274759540065 0.00033404628756565977 3.6741306247872052e-05 -0.00020287094179474003 0.00088313751408481724 -0.00029210163735356116 0.00019151079232004894 4.2749155073102403e-05 0.00015105337033496108 -0.00026715672538357499 -8.8342489816159423e-05 -0.00021837429552668789 -0.00011994457376990064
leaf_weight=128413 13126 258599 41398 166317 9311 4598 5388 25668 208432 159747 47853 205262 10824 12957
leaf_count=128413 13126 258599 41398 166317 9311 4598 5388 25668 208432 159747 47853 205262 10824 12957
internal_value=-1.20934e-06 -1.66257e-05 0.000260543 2.1654e-05 -0.000115866 0.000389643 7.67576e-05 8.5665e-05 -1.30823e-05 0.000136407 -0.000138967 -4.80477e-05 2.098e-05 3.17135e-05
internal_weight=1.29789e+06 1.22581e+06 72079 884383 341431 45996 342276 34979 542107 165135 306452 333675 177141 26083
internal_count=1297893 1225814 72079 884383 341431 45996 342276 34979 542107 165135 306452 333675 177141 26083
is_linear=0
shrinkage=0.01


Tree=101
num_leaves=15
num_cat=0
split_feature=23 27 24 24 27 7 26 28 23 26 4 0 28 0
split_gain=51.5476 46.8633 24.3813 16.8605 13.9972 13.9097 13.4572 13.2512 8.84844 8.1499 7.47724 6.2976 5.94245 5.90048
threshold=0.059027777777777797 0.30104166666666676 0.26163419913419916 0.31101190476190482 -0.010874704491725782 -0.31050531914893614 0.52041666666666686 -0.30217391304347824 0.048809523809523865 0.084219858156028379 0.37627551020408168 0.24222222222222226 0.32025641025641027 0.37766439909297056
decision_type=10 2 10 8 2 2 2 10 10 2 2 10 10 8
left_child=1 2 4 8 5 -1 10 -8 13 -5 -4 -2 -11 -3
right_child=11 3 6 9 -6 -7 7 -9 -10 12 -12 -13 -14 -15
leaf_value=-0.00010583263788613345 0.00044241611341196477 -0.00014050894595225128 5.5140466925548909e-05 -0.00016442915141333717 -6.4402419750514008e-05 5.0618406135312815e-05 0.0003262923689618455 0.00010997276660721907 0.0001827867903536799 0.00024319297053762142 -0.00020369990854232718 0.00097762788760441316 -0.00073062012801138098 -0.00027673752210631379
leaf_weight=66926 16006 193072 142500 7951 272259 373664 39329 103974 7540 19754 12069 2697 630 38825
leaf_count=66926 16006 193072 142500 7951 272259 373664 39329 103974 7540 19754 12069 2697 630 38825
internal_value=1.73673e-07 -7.42822e-06 2.37095e-05 -0.000125071 -8.00051e-06 2.67847e-05 9.96961e-05 0.000169556 -0.000152419 0.000104962 3.47321e-05 0.000521343 0.000211521 -0.000163449
internal_weight=1.2972e+06 1.27849e+06 1.01072e+06 267772 712849 440590 297872 143303 239437 28335 154569 18703 20384 231897
internal_count=1297196 1278493 1010721 267772 712849 440590 297872 143303 239437 28335 154569 18703 20384 231897
is_linear=0
shrinkage=0.01


Tree=102
num_leaves=15
num_cat=0
split_feature=23 27 28 7 4 28 22 1 1 17 28 23 22 28
split_gain=50.671 44.3545 18.3932 16.4552 14.1658 11.5556 7.7071 6.75634 6.55657 6.13942 5.41838 4.94056 4.57477 4.537
threshold=0.051315789473684266 0.14051282051282057 -0.019259259259259278 0.12361111111111113 0.39678030303030309 0.11952380952380955 0.35053191489361707 0.16843971631205676 0.39678030303030309 -0.37877551020408157 0.45959183673469389 0.010753931544865871 0.095491388044579531 -0.18133462282398449
decision_type=8 2 10 2 2 8 2 10 8 2 10 10 2 8
left_child=1 4 7 13 5 6 -1 12 -4 -7 -6 -9 -3 -2
right_child=3 2 8 -5 10 9 -8 11 -10 -11 -12 -13 -14 -15
leaf_value=8.3155362574910023e-05 0.00040646566638942151 5.1528835680152985e-05 -0.00013046365416934116 0.00061440870909669693 -0.00013296298124481376 -0.00021949160652966473 -6.6377558652061614e-05 -6.9057149519572192e-05 -0.00027997966958343988 3.6956799671815734e-07 -0.0006747351839646613 -0.00030078455532794645 -6.3021721548503013e-05 0.00014183937907560161
leaf_weight=422996 8497 98338 214567 12893 33637 13299 37298 47614 34520 275213 1988 11600 53890 30589
leaf_count=422996 8497 98338 214567 12893 33637 13299 37298 47614 34520 275213 1988 11600 53890 30589
internal_value=-2.34759e-06 -1.51428e-05 -9.3059e-05 0.000303519 3.05627e-05 3.98643e-05 7.09731e-05 -2.42963e-05 -0.000151308 -9.66316e-06 -0.000164092 -0.000114972 1.07795e-05 0.000200161
internal_weight=1.29694e+06 1.24496e+06 460529 51979 784431 748806 460294 211442 249087 288512 35625 59214 152228 39086
internal_count=1296939 1244960 460529 51979 784431 748806 460294 211442 249087 288512 35625 59214 152228 39086
is_linear=0
shrinkage=0.01


Tree=103
num_leaves=15
num_cat=0
split_feature=23 3 28 6 28 3 28 23 5 15 28 2 26 15
split_gain=46.1673 25.8235 18.6233 17.537 9.04448 7.52198 6.89411 6.44012 6.41953 5.86519 5.6184 5.50779 5.42153 5.31819
threshold=0.04653679653679655 0.34613526570048314 0.011369509043927641 0.16333333333333336 0.17416582406471184 -0.43683510638297868 -0.21269841269841269 0.025657894736842105 0.31725417439703163 -0.39897959183673465 -0.1633333333333333 -0.43938775510204076 0.36474501108647456 -0.015555555555555571
decision_type=8 10 10 10 10 10 8 8 10 2 8 8 2 2
left_child=1 2 7 6 9 12 -2 11 -7 -3 -5 -1 -4 -6
right_child=3 4 5 10 13 8 -8 -9 -10 -11 -12 -13 -14 -15
leaf_value=-0.0001520918977312456 0.00043722794534664048 0.00014648309386625769 -4.8754504540285664e-05 0 -0.00040106964824850061 -1.8963237399369414e-05 0.00016194014745435955 0.00021878543234045449 -0.00013451192728185311 -0.00011501469097559991 0.0010068550045470711 4.1692223305059577e-05 -0.00035047410818483938 -0.00017779428337629172
leaf_weight=15020 11920 9759 11458 624 16954 471174 41778 20130 53714 66124 3990 530187 13016 31156
leaf_count=15020 11920 9759 11458 624 16954 471174 41778 20130 53714 66124 3990 530187 13016 31156
internal_value=2.52164e-07 -1.26697e-05 2.53208e-06 0.000275246 -0.000149573 -3.89035e-05 0.000223629 4.28498e-05 -3.08457e-05 -8.09847e-05 0.000868939 3.62978e-05 -0.000210467 -0.00025712
internal_weight=1.297e+06 1.23869e+06 1.1147e+06 58312 123993 549362 53698 565337 524888 75883 4614 545207 24474 48110
internal_count=1297004 1238692 1114699 58312 123993 549362 53698 565337 524888 75883 4614 545207 24474 48110
is_linear=0
shrinkage=0.01


Tree=104
num_leaves=15
num_cat=0
split_feature=4 11 22 28 4 28 21 16 22 17 17 26 22 21
split_gain=27.7334 17.864 15.1775 12.3803 12.2178 11.5134 9.42156 9.13628 8.04263 7.85178 7.46611 6.95588 6.58382 8.87067
threshold=0.2525510204081633 0.023268398268398275 0.32755102040816336 -0.019259259259259278 0.24222222222222226 -0.41945945945945939 0.41207729468599036 0.24222222222222226 -0.4560386473429951 -0.40454545454545449 0.04083333333333334 0.06186224489795919 0.21509740259740265 0.34613526570048314
decision_type=2 2 2 8 2 10 2 2 2 2 2 2 2 2
left_child=1 2 3 8 6 -2 10 -6 -1 -7 -3 -5 13 -11
right_child=5 4 -4 11 7 9 -8 -9 -10 12 -12 -13 -14 -15
leaf_value=-0.00019749067062597032 0.00016878025399912774 4.3950783458622574e-05 -0.00014411774508580916 8.3687246632493427e-05 -3.041195949122653e-05 -0.00034788080735075126 -0.00018772491365456678 0.00095459122527008348 6.4622913188287255e-05 -0.00011716311020548997 0.0001365102725296175 -5.1480983616870369e-05 -0.00021526987915269997 8.281181433467275e-05
leaf_weight=12140 13980 222732 73179 43607 1348 15040 13515 2731 292593 96527 144689 293025 43046 28618
leaf_count=12140 13980 222732 73179 43607 1348 15040 13515 2731 292593 96527 144689 293025 43046 28618
internal_value=2.28277e-06 2.18906e-05 -7.65844e-06 7.86523e-06 7.68079e-05 -0.000106888 7.08871e-05 0.000621942 5.40805e-05 -0.000128087 8.04828e-05 -3.38817e-05 -0.000108249 -7.11925e-05
internal_weight=1.29677e+06 1.09956e+06 714544 641365 385015 197211 380936 4079 304733 183231 367421 336632 168191 125145
internal_count=1296770 1099559 714544 641365 385015 197211 380936 4079 304733 183231 367421 336632 168191 125145
is_linear=0
shrinkage=0.01


Tree=105
num_leaves=15
num_cat=0
split_feature=23 27 2 11 27 28 23 28 28 28 22 26 22 28
split_gain=44.5726 41.3727 15.4777 15.1082 15.4134 12.3796 11.2484 10.2018 9.00577 7.73169 6.3045 5.6764 5.51567 7.24267
threshold=0.04653679653679655 0.36023255813953492 0.16333333333333336 -0.29795918367346935 0.019259259259259257 0.47259759759759767 0.012049941927990694 -0.17006802721088435 -0.23956521739130432 -0.20106382978723403 -0.41578014184397155 0.73401360544217698 0.030306122448979626 -0.45959183673469384
decision_type=10 2 10 2 2 8 8 10 10 10 2 2 2 10
left_child=1 3 9 11 5 -5 12 -8 -6 -2 -9 -1 -3 -14
right_child=2 6 -4 4 8 -7 7 10 -10 -11 -12 -13 13 -15
leaf_value=-5.0248981194040436e-05 0.0004466377204850791 -0.00013020043749589215 0.00083182952304298812 6.5843177166039895e-05 5.1618488909693288e-05 -0.00018287274000475568 0.00027252151584233891 0.00052207219193141298 -5.5066859643630034e-05 0.0001551468481070948 -0.00012889219782423529 -0.00020442394613270177 0.00022320994222536683 -0.00027643492885943299
leaf_weight=71939 11917 69545 4544 532471 109369 20732 9893 1548 284364 41435 29776 36327 2957 70316
leaf_count=71939 11917 69545 4544 532471 109369 20732 9893 1548 284364 41435 29776 36327 2957 70316
internal_value=-1.81705e-06 -1.45107e-05 0.000269352 9.59302e-06 2.24136e-05 5.64671e-05 -0.000152875 -6.59083e-06 -2.5356e-05 0.00022084 -9.57176e-05 -0.000102261 -0.000194881 -0.000255854
internal_weight=1.29713e+06 1.23924e+06 57896 1.0552e+06 946936 553203 184035 41217 393733 53352 31324 108266 142818 73273
internal_count=1297133 1239237 57896 1055202 946936 553203 184035 41217 393733 53352 31324 108266 142818 73273
is_linear=0
shrinkage=0.01


Tree=106
num_leaves=15
num_cat=0
split_feature=24 28 3 3 26 22 19 11 24 26 11 28 25 14
split_gain=37.4167 26.8412 21.5596 18.1639 12.4463 11.7414 13.8097 11.5655 17.1397 8.61843 8.54395 8.04079 7.7573 7.70689
threshold=-0.041241496598639453 0.17006802721088435 0.22111111111111112 0.41918367346938784 0.16064516129032261 0.080697674418604662 -0.23401360544217684 0.028594771241830078 0.39039039039039042 0.14608739837398377 0.25777777777777783 0.43908472479901062 0.82500000000000018 0.36811594202898557
decision_type=10 10 10 8 2 2 2 2 10 2 2 10 2 2
left_child=2 4 5 -3 13 6 12 8 -6 -7 -9 -4 -1 -2
right_child=1 3 11 -5 7 9 -8 10 -10 -11 -12 -13 -14 -15
leaf_value=-0.00012072113811854886 2.9682956465584721e-05 -6.33422129981075e-06 -0.00017882510805839255 -0.00032850279222969059 1.5842745834720656e-05 1.6662455283303395e-05 2.4483073098092432e-05 0.00028752011775035768 0.00020651928939840526 -0.00014248198081840083 0.00011004029790184886 -0.0006204413760400614 -0.00053326055376526685 -0.00028665797062421588
leaf_weight=21250 103693 277665 90421 18692 132418 46030 275493 63403 73535 127085 48652 4385 5922 8312
leaf_count=21250 103693 277665 90421 18692 132418 46030 275493 63403 73535 127085 48652 4385 5922 8312
internal_value=-1.195e-06 4.63862e-05 -6.18196e-05 -2.67586e-05 9.68659e-05 -3.43034e-05 3.17091e-06 0.000128799 8.4071e-05 -9.99938e-05 0.000210735 -0.000199586 -0.000211785 5.9321e-06
internal_weight=1.29696e+06 726370 570586 296357 430013 475780 302665 318008 205953 173115 112055 94806 27172 112005
internal_count=1296956 726370 570586 296357 430013 475780 302665 318008 205953 173115 112055 94806 27172 112005
is_linear=0
shrinkage=0.01


Tree=107
num_leaves=15
num_cat=0
split_feature=23 27 28 28 3 23 22 11 22 18 3 1 5 28
split_gain=43.5632 41.8001 16.5319 11.8526 11.0479 9.77471 9.51348 8.23783 7.02032 6.40027 6.05323 5.43912 4.8004 4.46981
threshold=0.1125 0.28024390243902447 0.13211600429645545 -0.23956521739130432 0.43938775510204087 0.025657894736842105 0.36023255813953492 -0.25255102040816318 0.06881313131313134 0.015877016129032254 -0.39472517730496448 0.24222222222222226 0.39246068455134137 0.49000000000000005
decision_type=10 2 8 10 8 8 2 2 2 2 10 10 8 10
left_child=1 2 6 5 10 -3 7 -1 12 -10 -4 -2 -5 -13
right_child=11 3 4 8 -6 -7 -8 -9 9 -11 -12 13 -14 -15
leaf_value=-4.1791474341175435e-05 0.00046419832480511513 -2.6201077176563858e-05 -0.00016508089090878686 -7.7621056604651678e-05 -0.00034930431278921748 0.00046294169175905843 -8.65853763960038e-05 7.9725277773195585e-05 -0.00027318624024893134 -8.929991419963994e-05 -7.6351144064903312e-06 0.0013984190141843036 -0.00025216489797380082 0.00053377176424311025
leaf_weight=62238 10257 62395 26408 120828 10455 4367 43474 514010 60920 28275 332131 1374 18381 1341
leaf_count=62238 10257 62395 26408 120828 10455 4367 43474 514010 60920 28275 332131 1374 18381 1341
internal_value=-1.1136e-06 -6.96313e-06 2.41882e-05 -0.000111411 -2.87505e-05 5.36449e-06 5.57573e-05 6.65486e-05 -0.000145676 -0.000215235 -1.93167e-05 0.00057539 -0.000100888 0.000983448
internal_weight=1.29685e+06 1.28388e+06 988716 295166 368994 66762 619722 576248 228404 89195 358539 12972 139209 2715
internal_count=1296854 1283882 988716 295166 368994 66762 619722 576248 228404 89195 358539 12972 139209 2715
is_linear=0
shrinkage=0.01


Tree=108
num_leaves=15
num_cat=0
split_feature=27 24 24 15 15 21 24 27 26 4 28 0 28 22
split_gain=35.5568 21.567 16.1077 14.8063 14.2242 13.7676 16.0462 9.61704 9.24438 8.78586 8.73761 7.7238 7.69609 6.99512
threshold=0.084219858156028407 0.31101190476190482 0.13078947368421054 0.04083333333333334 0.016954022988505794 0.031582446808510641 -0.040678433535576368 0.39528508771929832 0.16496598639455784 0.39246068455134137 0.084349593495934974 0.36811594202898557 0.13211600429645545 0.49479166666666674
decision_type=2 8 10 2 2 2 10 2 2 2 10 8 8 2
left_child=2 3 4 11 8 7 -7 -5 -1 13 -10 -2 -6 -4
right_child=1 -3 9 5 12 6 -8 -9 10 -11 -12 -13 -14 -15
leaf_value=5.3636410416389377e-05 -9.642244205029507e-05 0.00010809595289358381 0.00012167775648362019 -5.8054973112521005e-06 0.00013116836660278586 -9.0670344547279688e-05 0.00034845613571839916 -0.00030704532546935452 -2.7679280472528676e-05 -0.00015216750851049815 -0.00017096146844453687 -0.00023430416481461116 1.9339412518587801e-06 -0.00038856349549288649
leaf_weight=77732 334172 66248 266284 61131 106182 13285 21863 12874 128971 12654 64013 46714 82251 2684
leaf_count=77732 334172 66248 266284 61131 106182 13285 21863 12874 128971 12654 64013 46714 82251 2684
internal_value=-6.06854e-07 -6.10486e-05 4.47418e-05 -8.39768e-05 8.15076e-06 1.8467e-05 0.000181631 -5.86252e-05 -3.82121e-05 0.000104292 -7.53635e-05 -0.000113414 7.49177e-05 0.00011647
internal_weight=1.29706e+06 556287 740771 490039 459149 109153 35148 74005 270716 281622 192984 380886 188433 268968
internal_count=1297058 556287 740771 490039 459149 109153 35148 74005 270716 281622 192984 380886 188433 268968
is_linear=0
shrinkage=0.01


Tree=109
num_leaves=15
num_cat=0
split_feature=23 27 28 28 3 18 20 18 23 27 22 26 0 28
split_gain=43.8989 41.5806 15.7971 14.5122 12.4455 8.06875 8.29158 6.7336 6.66698 6.47502 6.16446 5.89621 5.67067 6.10291
threshold=0.066964285714285712 0.22046511627906976 -0.019259259259259278 0.064659977703455954 0.45789007092198591 0.058409090909090917 0.025657894736842105 0.010753931544865871 0.012049941927990694 0.38047619047619052 0.06881313131313134 0.1023024594453166 0.16333333333333336 0.49000000000000005
decision_type=10 2 10 8 8 2 2 2 8 2 2 2 10 10
left_child=1 3 8 5 7 6 -1 -5 9 -3 -4 -10 13 -2
right_child=12 2 10 4 -6 -7 -8 -9 11 -11 -12 -13 -14 -15
leaf_value=5.6950607683952477e-05 0.00049180733195204487 0 -0.00010890229690086505 -7.0308599355111269e-05 -0.00038746703404826248 -1.6714093346280229e-05 0.00015702564006648488 2.0765128558238723e-05 -0.00016328162299488694 -0.00014643456430711021 -0.00022160460656822528 0.00015269722849928696 0.0008009834513598963 -6.9811320670603913e-06
leaf_weight=299078 10913 77668 124967 115618 8764 95723 115458 272032 7191 49584 81314 31302 4489 3012
leaf_count=299078 10913 77668 124967 115618 8764 95723 115458 272032 7191 49584 81314 31302 4489 3012
internal_value=9.58466e-07 -6.00007e-06 -9.50417e-05 3.05026e-05 -1.48259e-05 6.57764e-05 8.48972e-05 -6.32088e-06 -2.21332e-05 -5.71614e-05 -0.000153476 9.28808e-05 0.000485722 0.000381786
internal_weight=1.29711e+06 1.2787e+06 372026 906673 396414 510259 414536 387650 165745 127252 206281 38493 18414 13925
internal_count=1297113 1278699 372026 906673 396414 510259 414536 387650 165745 127252 206281 38493 18414 13925
is_linear=0
shrinkage=0.01


Tree=110
num_leaves=15
num_cat=0
split_feature=23 27 1 28 3 22 28 27 23 28 19 22 27 22
split_gain=45.1595 38.5724 16.1673 13.9418 10.1409 8.77969 8.73857 8.48626 7.8459 9.2037 6.533 6.34945 6.34523 5.94726
threshold=0.034523809523809519 0.32025641025641027 0.12361111111111113 0.13211600429645545 0.47979591836734697 0.32025641025641027 -0.25255102040816318 -0.023268398268398268 0.012049941927990694 -0.15978723404255316 -0.47979591836734686 -0.40108695652173909 0.47646733111849393 0.48456521739130437
decision_type=10 2 10 8 8 2 10 2 8 10 2 2 2 2
left_child=1 3 6 5 13 7 -2 -1 10 -10 -3 -11 -12 -5
right_child=2 8 -4 4 -6 -7 -8 -9 9 11 12 -13 -14 -15
leaf_value=9.1027343480891103e-05 0.00041440859458972105 0.0003015155715501956 0.00056811579817813795 -2.4196818012781413e-05 -0.0005055474828731183 -6.4603206743040864e-05 0.00011184142002950237 1.2498330794250225e-05 0.00022055154399048743 0.00041903595491147195 -0.00013599272535608231 -0.00013396877033442485 -0.00028420567309352091 -0.00043387340047968878
leaf_weight=311180 12170 2985 12841 360706 4514 67163 46810 248479 12352 2195 143288 32086 36897 3586
leaf_count=311180 12170 2985 12841 360706 4514 67163 46810 248479 12352 2195 143288 32086 36897 3586
internal_value=1.83097e-06 -1.24298e-05 0.00024556 1.44972e-05 -3.4242e-05 4.3222e-05 0.0001748 5.62157e-05 -0.000129221 -1.27148e-05 -0.000158718 -9.76515e-05 -0.000166513 -2.83155e-05
internal_weight=1.29725e+06 1.22543e+06 71821 995628 368806 626822 58980 559659 229803 46633 183170 34281 180185 364292
internal_count=1297252 1225431 71821 995628 368806 626822 58980 559659 229803 46633 183170 34281 180185 364292
is_linear=0
shrinkage=0.01


Tree=111
num_leaves=15
num_cat=0
split_feature=27 28 11 3 22 28 3 17 26 27 19 0 11 3
split_gain=34.9752 19.0831 15.6697 10.6546 11.2294 9.10694 8.93098 7.81066 7.24927 7.11174 6.80389 6.35857 6.00744 5.3026
threshold=0.11410984848484852 0.011369509043927641 -0.29795918367346935 -0.41918367346938773 0.39663461538461547 0.10208333333333332 0.30104166666666676 0.04083333333333334 0.072299651567944254 0.49000000000000005 -0.44159090909090903 0.36811594202898557 0.027046783625730989 0.47979591836734697
decision_type=2 10 2 8 2 10 8 2 2 2 2 8 2 8
left_child=2 8 -1 -4 5 -5 7 -3 -2 -9 -8 12 -10 -12
right_child=1 6 3 4 -6 -7 10 9 11 -11 13 -13 -14 -15
leaf_value=-9.1139089647080513e-05 -0.00011807060363785136 -0.00012688850392301537 -0.00012223509312206968 0.00010621071806437829 -0.00010736390083276749 2.8152131476909666e-05 0.00011230184606081713 -3.1206494981451774e-05 3.9439152624765612e-06 0.00031894153047825816 -0.00022686419450541288 -0.00013310192237755676 0.00012684837343191499 -0.00050656362513804194
leaf_weight=79146 44428 167188 31466 381656 35325 247689 4793 41522 129635 6728 37936 23271 57714 8573
leaf_count=79146 44428 167188 31466 381656 35325 247689 4793 41522 129635 6728 37936 23271 57714 8573
internal_value=-5.33033e-07 -6.38523e-05 4.20441e-05 5.72296e-05 6.57713e-05 7.55374e-05 -0.000122989 -9.45209e-05 -1.88676e-06 1.70134e-05 -0.000241939 2.24799e-05 4.19669e-05 -0.000279096
internal_weight=1.29707e+06 521788 775282 696136 664670 629345 266740 215438 255048 48250 51302 210620 187349 46509
internal_count=1297070 521788 775282 696136 664670 629345 266740 215438 255048 48250 51302 210620 187349 46509
is_linear=0
shrinkage=0.01


Tree=112
num_leaves=15
num_cat=0
split_feature=23 24 4 7 26 24 21 22 14 24 21 11 17 24
split_gain=41.8722 31.4713 21.093 15.5291 13.5445 11.2456 11.0573 9.4824 6.94228 6.89174 5.49232 5.38083 5.11916 5.42694
threshold=0.04653679653679655 0.31101190476190482 0.24222222222222226 0.12361111111111113 0.16496598639455784 0.26163419913419916 0.23691215616681457 -0.023532668881506093 0.37888888888888894 -0.17928571428571424 -0.097872340425531903 -0.45789007092198575 -0.40454545454545449 -0.066005802707930342
decision_type=8 10 2 2 2 10 2 2 2 10 2 2 2 10
left_child=1 2 5 9 7 6 -1 -3 10 -2 -6 -7 -4 -14
right_child=3 4 12 -5 8 11 -8 -9 -10 -11 -12 -13 13 -15
leaf_value=-1.3813247353069728e-05 -8.7030159348149922e-06 0.00016081270964242477 -0.00030462241488859987 0.00057104106561241079 -9.6056083302557469e-05 -0.00027849512521464824 -0.00013845406494603194 -0.00018137636373396004 -0.0001694132495855601 0.00025669602894260043 0.00022956857853570373 7.4275391615176596e-05 -0.00018392890534992497 -6.6172914458383761e-05
leaf_weight=680486 13924 13657 15319 12782 5364 4409 79616 19760 4971 31281 89015 158780 64865 101822
leaf_count=680486 13924 13657 15319 12782 5364 4409 79616 19760 4971 31281 89015 158780 64865 101822
internal_value=-3.20385e-07 -1.26449e-05 -3.01411e-05 0.000262287 0.000132784 -1.07099e-05 -2.69086e-05 -4.06295e-05 0.000191414 0.000174289 0.000210741 6.45555e-05 -0.000128546 -0.000112179
internal_weight=1.29605e+06 1.23806e+06 1.1053e+06 57987 132767 923291 760102 33417 99350 45205 94379 163189 182006 166687
internal_count=1296051 1238064 1105297 57987 132767 923291 760102 33417 99350 45205 94379 163189 182006 166687
is_linear=0
shrinkage=0.01


Tree=113
num_leaves=15
num_cat=0
split_feature=23 27 15 11 5 22 3 19 27 21 0 2 26 22
split_gain=41.7967 35.7504 15.681 14.6558 11.9072 8.94525 7.92841 7.85192 8.1656 4.95468 4.26642 4.25818 3.80437 3.20787
threshold=0.034523809523809519 0.11410984848484852 0.11851063829787235 -0.25255102040816318 0.43683510638297879 0.39663461538461547 -0.41918367346938773 -0.47979591836734686 0.38047619047619052 0.32793709528214621 0.24222222222222226 -0.41918367346938773 0.3816526610644258 0.27326839826839833
decision_type=8 2 2 2 8 2 8 2 2 2 10 8 2 2
left_child=1 3 -2 11 7 6 -5 -3 -9 -6 -4 12 -1 -13
right_child=2 4 10 5 9 -7 -8 8 -10 -11 -12 13 -14 -15
leaf_value=-5.6279155848304471e-05 0.00016456020700299809 0.00043680183370428931 0.00045066960483276873 -0.00010587594837483199 -0.00033769976655096258 -0.00010575132645399105 6.5151768331500988e-05 -4.1208491208380905e-05 -0.0001346287132819381 -9.0147411645243421e-05 0.00091315581090543711 -3.2172144936998827e-05 -0.00040887536852341952 -0.00021111710977255211
leaf_weight=5751 59268 3069 10172 28317 24125 35624 574011 314384 134173 12732 2728 72846 7123 11757
leaf_count=5751 59268 3069 10172 28317 24125 35624 574011 314384 134173 12732 2728 72846 7123 11757
internal_value=1.91027e-07 -1.35757e-05 0.00023407 3.04421e-05 -7.99072e-05 4.79219e-05 5.7061e-05 -6.57121e-05 -6.92201e-05 -0.000253013 0.000550988 -8.36471e-05 -0.000253745 -5.74007e-05
internal_weight=1.29608e+06 1.22391e+06 72168 735429 488483 637952 602328 451626 448557 36857 12900 97477 12874 84603
internal_count=1296080 1223912 72168 735429 488483 637952 602328 451626 448557 36857 12900 97477 12874 84603
is_linear=0
shrinkage=0.01


Tree=114
num_leaves=15
num_cat=0
split_feature=23 27 28 2 28 23 4 2 21 20 23 1 6 5
split_gain=41.2514 39.1315 16.8478 15.3838 9.72937 9.57265 9.00945 8.49259 7.0467 6.90327 6.09212 4.48915 4.16475 4.12979
threshold=0.091666666666666688 0.084219858156028407 -0.23956521739130432 -0.3118055555555555 0.060487804878048841 0.025657894736842105 0.37627551020408168 0.36811594202898557 0.29356060606060608 -0.47979591836734686 0.025657894736842105 0.24222222222222226 0.2423404255319149 0.42590909090909096
decision_type=8 2 10 8 8 10 2 8 2 2 8 10 10 10
left_child=1 3 5 6 10 9 -1 13 -9 -3 -5 -6 -2 -4
right_child=12 2 7 4 11 -7 -8 8 -10 -11 -12 -13 -14 -15
leaf_value=-4.2134104598687473e-05 0.00043953178704323885 0.00055312236442997304 -7.4517328642352039e-05 8.4418191870988177e-05 3.2012601999074699e-05 0.00034688516663970443 -0.00039740067036747514 -0.00028823546733510992 -6.6760322810862057e-05 -5.5008286750050245e-06 0.00024848339547826637 -8.8380681073442819e-05 0.00088755788146428196 -0.00023720723645627177
leaf_weight=101903 12077 2248 332690 323683 239933 8714 7710 40437 22904 125541 24580 35469 2740 16574
leaf_count=101903 12077 2248 332690 323683 239933 8714 7710 40437 22904 125541 24580 35469 2740 16574
internal_value=0 -6.05924e-06 -6.99145e-05 4.17173e-05 6.09449e-05 2.62134e-05 -6.74069e-05 -0.000101789 -0.000208631 4.10419e-06 9.60859e-05 1.63974e-05 0.000524569 -8.23255e-05
internal_weight=1.2972e+06 1.28239e+06 549108 733278 623665 136503 109613 412605 63341 127789 348263 275402 14817 349264
internal_count=1297203 1282386 549108 733278 623665 136503 109613 412605 63341 127789 348263 275402 14817 349264
is_linear=0
shrinkage=0.01


Tree=115
num_leaves=15
num_cat=0
split_feature=0 28 15 11 7 22 28 22 21 22 5 7 10 19
split_gain=27.5232 21.5741 10.9303 9.73246 12.7987 9.30445 8.59052 8.18886 8.02783 7.71904 5.49207 5.1291 4.76046 4.5265
threshold=0.37766439909297056 0.011369509043927641 0.025657894736842105 0.023268398268398275 0.43683510638297879 -0.33935483870967736 0.49000000000000005 0.31725417439703163 0.2423404255319149 0.32755102040816336 0.47801932367149763 -0.41578014184397155 0.023268398268398275 -0.10208333333333332
decision_type=10 8 2 2 2 2 8 2 2 2 10 2 2 2
left_child=1 2 7 6 13 -4 9 11 -7 -3 -2 -1 -9 -5
right_child=10 3 5 4 -6 8 -8 12 -10 -11 -12 -13 -14 -15
leaf_value=-0.00011498411067127222 -0.00012158504217495588 -2.8309524066055227e-05 -9.6682630915756685e-05 -6.5218716600298223e-05 -0.00033713516456782244 0.00015331138793273701 -0.00024471127999079617 -0.00013776572268809918 0.00072556948927171756 -0.00017843741104280595 -0.00031930852744673779 5.8180934478515438e-05 6.9597558783050732e-05 6.6064174811752052e-05
leaf_weight=17778 84140 326498 15076 30896 9125 120749 22786 39481 2531 38406 17208 389106 15168 168239
leaf_count=17778 84140 326498 15076 30896 9125 120749 22786 39481 2531 38406 17208 389106 15168 168239
internal_value=2.73401e-06 1.61666e-05 5.8517e-05 -2.64135e-05 2.86283e-05 0.000136553 -5.60583e-05 3.5058e-05 0.000165321 -4.4194e-05 -0.000155461 5.05403e-05 -7.96618e-05 4.55442e-05
internal_weight=1.29719e+06 1.19584e+06 599889 595950 208260 138356 387690 461533 123280 364904 101348 406884 54649 199135
internal_count=1297187 1195839 599889 595950 208260 138356 387690 461533 123280 364904 101348 406884 54649 199135
is_linear=0
shrinkage=0.01


Tree=116
num_leaves=15
num_cat=0
split_feature=23 27 11 23 27 4 20 22 22 22 2 1 22 1
split_gain=40.4689 34.6569 14.4904 12.9699 12.7362 11.5276 6.87078 5.97047 5.08981 4.7364 5.2336 4.16617 2.9098 2.95251
threshold=0.1125 0.33166666666666672 -0.29795918367346935 0.012049941927990694 -0.019259259259259278 0.39678030303030309 -0.47979591836734686 0.035299003322259111 0.32025641025641027 0.27326839826839833 -0.39472517730496448 0.24222222222222226 -0.41578014184397155 0.0439613526570048
decision_type=10 2 2 8 2 2 2 2 2 2 8 10 2 10
left_child=1 2 9 6 5 -4 -3 -8 -6 10 -1 -2 -5 -14
right_child=11 3 4 12 8 -7 7 -9 -10 -11 -12 -13 13 -15
leaf_value=-0.00024561518250974465 0.00045912156800084612 0.00031698946882934898 7.4755896238963589e-05 0.00036766461884915667 2.6044853188126554e-06 -0.0001581981536288661 -0.00010335472439148455 -0.00022041689127406808 -0.00011681104445520634 -0.00026130084357283947 -3.1000842965174566e-05 0.00091670304913856544 -3.2700956082538472e-05 0.00015223852312342646
leaf_weight=13473 10241 2994 518186 2269 363686 22069 87748 89406 39527 14214 75968 2724 45309 10655
leaf_count=13473 10241 2994 518186 2269 363686 22069 87748 89406 39527 14214 75968 2724 45309 10655
internal_value=1.91621e-06 -3.66777e-06 2.10821e-05 -0.00011251 3.34357e-05 6.51835e-05 -0.000154463 -0.000162606 -9.02821e-06 -9.10686e-05 -6.3672e-05 0.000557765 1.67619e-05 1.97996e-06
internal_weight=1.29847e+06 1.2855e+06 1.04712e+06 238381 943468 540255 180148 177154 403213 103655 89441 12965 58233 55964
internal_count=1298469 1285504 1047123 238381 943468 540255 180148 177154 403213 103655 89441 12965 58233 55964
is_linear=0
shrinkage=0.01


Tree=117
num_leaves=15
num_cat=0
split_feature=3 28 19 28 10 22 17 2 22 3 15 14 28 17
split_gain=27.8573 17.6657 11.5876 10.1116 9.56512 9.39225 7.57149 6.06641 5.80853 5.83467 5.57716 6.53667 5.48739 4.61384
threshold=0.34613526570048314 0.011369509043927641 0.025657894736842105 -0.41578014184397155 0.023268398268398275 -0.33935483870967736 -0.38318181818181812 -0.41578014184397155 0.32755102040816336 -0.43683510638297868 0.039230769230769243 -0.15978723404255316 -0.23956521739130432 0.45959183673469389
decision_type=10 10 2 10 2 2 2 8 2 10 2 2 8 2
left_child=1 2 7 -2 8 -4 -5 -1 9 -3 11 -6 -9 -7
right_child=3 4 5 6 10 13 -8 12 -10 -11 -12 -13 -14 -15
leaf_value=-0.00015563994278985674 0.0001801943980852688 -0.00023960982970861155 -6.6905870853344675e-05 -0.00038153694181700012 -0.00022138702436434312 0.00015650659498192988 -0.00013793092998826527 6.6062159454572164e-05 -0.00017060624844803681 -3.3510457943036054e-05 8.4132807265919883e-05 9.5142978546847801e-06 -8.051075843175188e-06 -0.00023609840889744822
leaf_weight=18169 8821 14410 23136 14837 14070 148700 100542 210721 39750 322313 96549 93816 188738 2992
leaf_count=18169 8821 14410 23136 14837 14070 148700 100542 210721 39750 322313 96549 93816 188738 2992
internal_value=-2.00821e-06 1.30432e-05 5.14817e-05 -0.000144443 -2.61078e-05 0.000119874 -0.000169526 2.27785e-05 -5.60369e-05 -4.24216e-05 2.88607e-05 -2.03261e-05 3.09699e-05 0.000148561
internal_weight=1.29756e+06 1.17336e+06 592456 124200 580908 174828 115379 417628 376473 336723 204435 107886 399459 151692
internal_count=1297564 1173364 592456 124200 580908 174828 115379 417628 376473 336723 204435 107886 399459 151692
is_linear=0
shrinkage=0.01


Tree=118
num_leaves=15
num_cat=0
split_feature=23 27 24 11 24 0 26 26 21 24 26 28 0 28
split_gain=38.6539 36.0353 26.2667 12.6762 13.9176 11.7338 9.55963 9.36532 8.53649 6.31785 6.28996 5.39469 5.27201 4.16473
threshold=0.077380952380952397 0.070714285714285688 0.31101190476190482 -0.29795918367346935 0.26163419913419916 0.43405797101449284 0.52041666666666686 0.084219858156028379 0.25532879818594106 0.26163419913419916 0.29217479674796754 0.011369509043927641 0.24222222222222226 0.33156028368794332
decision_type=10 2 8 2 10 8 2 2 2 10 2 10 10 10
left_child=1 3 5 10 8 9 -6 -4 -5 -3 -1 -9 13 -2
right_child=12 2 7 4 6 -7 -8 11 -10 -11 -12 -13 -14 -15
leaf_value=2.973950995584403e-05 0.00049436106030400432 -9.5608429212833918e-05 -0.00010792264878921049 3.9624243668718495e-05 5.5087089645463243e-05 -0.00025863560201897591 0.00020283981772453328 0.00020168813430556664 -0.00010857903994003323 -2.4445028147084993e-06 -0.00015749321976838812 -0.00027208274886994066 0.00088605383307530962 0.00010334713159105447
leaf_weight=29468 10626 371594 14280 416108 86897 38853 89742 50979 42781 91350 44950 2467 2678 3947
leaf_count=29468 10626 371594 14280 416108 86897 38853 89742 50979 42781 91350 44950 2467 2678 3947
internal_value=-7.73628e-07 -7.13691e-06 -6.64091e-05 4.03694e-05 5.48574e-05 -9.13923e-05 0.000130325 0.00011825 2.57417e-05 -7.72899e-05 -8.29516e-05 0.000179244 0.000469358 0.000390559
internal_weight=1.29672e+06 1.27947e+06 569523 709946 635528 501797 176639 67726 458889 462944 74418 53446 17251 14573
internal_count=1296720 1279469 569523 709946 635528 501797 176639 67726 458889 462944 74418 53446 17251 14573
is_linear=0
shrinkage=0.01


Tree=119
num_leaves=15
num_cat=0
split_feature=23 27 24 24 0 26 28 28 20 24 26 18 28 0
split_gain=40.5115 34.6546 18.3586 14.2429 13.759 12.4571 13.2572 12.428 11.6833 7.16168 7.0261 6.12635 5.66658 5.19257
threshold=0.04653679653679655 0.28024390243902447 0.13078947368421054 0.31101190476190482 0.12361111111111113 0.42705167173252284 -0.24734042553191488 0.13211600429645545 0.016954022988505794 -0.18660714285714283 0.05634920634920635 0.011237373737373714 0.23861283643892342 0.39009661835748793
decision_type=10 2 10 8 10 2 8 8 2 8 2 2 10 8
left_child=1 2 7 13 9 -4 -7 8 -1 -2 -5 -9 -12 -3
right_child=4 3 5 10 -6 6 -8 11 -10 -11 12 -13 -14 -15
leaf_value=-3.5414878705515892e-05 -1.5320741047134354e-05 -0.00011452834708919869 8.0097778840407192e-06 -0.00020277547160007928 0.00054882408845618666 0.00025520725098294555 7.3853071199222678e-05 -0.00015354777633278208 7.4310523000208867e-05 0.00025804592211154141 0.00020558435663560953 -3.7903338185226723e-05 -0.0005229200984780526 -0.00024122602918845559
leaf_weight=215943 13503 214661 169170 6253 12808 56216 145320 76952 176005 31396 23220 115527 1095 38785
leaf_count=215943 13503 214661 169170 6253 12808 56216 145320 76952 176005 31396 23220 115527 1095 38785
internal_value=-3.17997e-07 -1.24027e-05 1.64075e-05 -0.000109396 0.000258646 7.14714e-05 0.000124591 -1.84688e-05 1.37812e-05 0.00017517 9.39307e-05 -8.42949e-05 0.000171483 -0.000134038
internal_weight=1.29685e+06 1.23915e+06 955133 284014 57707 370706 201536 584427 391948 44899 30568 192479 24315 253446
internal_count=1296854 1239147 955133 284014 57707 370706 201536 584427 391948 44899 30568 192479 24315 253446
is_linear=0
shrinkage=0.01


Tree=120
num_leaves=15
num_cat=0
split_feature=27 24 24 15 2 27 21 26 27 26 6 15 25 3
split_gain=30.436 23.3081 16.5492 13.4706 12.2524 10.5752 10.5342 9.01843 8.13855 7.51878 7.4933 6.94616 10.3898 6.57449
threshold=1.0000000180025095e-35 0.31101190476190482 -0.22821969696969696 0.042572463768115916 -0.33156028368794321 0.49000000000000005 0.081666666666666679 0.10102040816326532 0.39897959183673476 0.084219858156028379 0.042572463768115916 -0.20106382978723403 0.62500000000000011 0.30104166666666676
decision_type=2 8 10 2 10 2 2 2 2 2 10 2 2 8
left_child=2 3 7 13 -4 8 -7 -1 -5 10 -3 12 -9 -2
right_child=1 9 4 5 -6 6 -8 11 -10 -11 -12 -13 -14 -15
leaf_value=0.00010598341416481363 -7.9520334301500447e-05 -0.00018009484972370096 -5.1579966809220832e-05 2.2427269859591207e-05 9.6000989867847645e-05 2.9650374392501484e-05 0.00070574791692822384 2.9488677638287446e-05 -0.00023471803081411273 0.00016265848592656747 0.00039358638507558884 -5.7202623050143954e-05 -0.00055691916543930311 -0.00018342570989579932
leaf_weight=31759 371515 13175 64514 108329 426773 5169 4303 5088 13875 62539 2728 106339 7114 73605
leaf_count=31759 371515 13175 64514 108329 426773 5169 4303 5088 13875 62539 2728 106339 7114 73605
internal_value=-4.88042e-07 -4.8449e-05 4.84466e-05 -7.04758e-05 7.65599e-05 1.81842e-05 0.000340085 -4.32477e-05 -6.52848e-06 0.000113131 -7.97438e-05 -8.34838e-05 -0.000309993 -9.67706e-05
internal_weight=1.29682e+06 655238 641587 576796 491287 131676 9472 150300 122204 78442 15903 118541 12202 445120
internal_count=1296825 655238 641587 576796 491287 131676 9472 150300 122204 78442 15903 118541 12202 445120
is_linear=0
shrinkage=0.01


Tree=121
num_leaves=15
num_cat=0
split_feature=27 24 28 2 24 3 26 28 26 4 8 27 5 28
split_gain=30.0991 21.9208 18.7845 14.9633 11.8932 10.6784 7.95492 8.57487 7.90036 7.85209 7.35733 10.0909 6.55816 6.22137
threshold=0.019259259259259257 -0.039736842105263147 -0.23956521739130432 -0.3118055555555555 -0.22821969696969696 0.30104166666666676 0.15954545454545457 0.23861283643892342 0.10471491228070177 0.39678030303030309 0.030012004801920792 0.49000000000000005 0.44727272727272732 0.091372912801484255
decision_type=2 8 10 8 10 8 2 10 2 2 2 2 10 10
left_child=3 5 8 9 6 12 -5 -8 -3 -1 -4 -12 -2 -6
right_child=1 2 10 4 13 -7 7 -9 -10 -11 11 -13 -14 -15
leaf_value=-3.954877769582789e-05 -7.2929482619863133e-05 -2.856525323007958e-05 -7.1666877785517478e-05 0.00011530283419457252 0.00012898105034317415 -0.00024382870390802402 -2.3425766005308405e-05 -0.00029574250889682826 0.00018654732711513187 -0.00041674440364302014 4.1765634022482882e-06 0.00036835885741168858 -0.00035298226607683765 5.1219524174067465e-05
leaf_weight=95688 237823 22633 181387 33308 240482 49935 75428 13728 66741 5883 74212 8498 8732 182740
leaf_count=95688 237823 22633 181387 33308 240482 49935 75428 13728 66741 5883 74212 8498 8732 182740
internal_value=1.29159e-06 -4.67535e-05 6.35418e-06 4.95838e-05 7.03533e-05 -0.000110168 -1.62249e-05 -6.57014e-05 0.000131738 -6.1703e-05 -3.59647e-05 4.1969e-05 -8.29737e-05 9.54764e-05
internal_weight=1.29722e+06 649961 353471 647257 545686 296490 122464 89156 89374 101571 264097 82710 246555 423222
internal_count=1297218 649961 353471 647257 545686 296490 122464 89156 89374 101571 264097 82710 246555 423222
is_linear=0
shrinkage=0.01


Tree=122
num_leaves=15
num_cat=0
split_feature=23 27 19 28 22 28 28 2 26 19 26 4 4 4
split_gain=37.4463 32.7732 14.9871 12.6822 11.6574 11.0503 10.792 10.5243 7.22622 6.6272 6.24765 6.12018 4.89902 4.79755
threshold=0.037087912087912074 0.23499399759903969 0.16333333333333336 0.47259759759759767 0.32025641025641027 -0.21269841269841269 -0.019259259259259278 -0.41578014184397155 0.10990338164251208 -0.47979591836734686 0.063164893617021281 -0.18042553191489358 1.0000000180025095e-35 0.43813775510204089
decision_type=8 2 2 10 2 8 10 8 2 2 2 2 2 2
left_child=1 3 5 4 7 8 9 -1 -2 -3 -11 -5 -6 -13
right_child=2 6 -4 11 12 -7 -8 -9 -10 10 -12 13 -14 -15
leaf_value=-0.00010905765216980949 2.1043432708432495e-05 0.00049789936770100397 0.00077369285644307464 0.00010031354051285222 3.2981265834654306e-05 0.00011170187262991037 -0.00014837808893621753 4.7105597132035418e-05 0.00054638551230200858 -0.00018760588451831122 -1.3997680224740635e-05 -0.00020622880454534143 -0.00012849850123954309 -0.00088245127831844405
leaf_weight=45826 3560 2287 4640 6639 26044 50541 190239 713529 11352 25006 124121 27111 65046 1122
leaf_count=45826 3560 2287 4640 6639 26044 50541 190239 713529 11352 25006 124121 27111 65046 1122
internal_value=-2.11554e-06 -1.4981e-05 0.000222656 1.70961e-05 2.47913e-05 0.000183101 -9.81889e-05 3.76415e-05 0.000423009 -3.49306e-05 -4.33131e-05 -0.000169696 -8.20001e-05 -0.000234256
internal_weight=1.29706e+06 1.22697e+06 70093 885317 850445 65453 341653 759355 14912 151414 149127 34872 91090 28233
internal_count=1297063 1226970 70093 885317 850445 65453 341653 759355 14912 151414 149127 34872 91090 28233
is_linear=0
shrinkage=0.01


Tree=123
num_leaves=15
num_cat=0
split_feature=24 28 3 27 22 11 27 26 11 28 28 18 4 3
split_gain=30.2659 25.1069 17.6739 14.0167 11.7764 9.99521 9.40442 9.06483 8.9871 8.48035 7.59423 7.04006 7.39996 6.92378
threshold=-0.057189542483660143 0.011369509043927641 0.22111111111111112 0.056847545219638258 0.12097560975609757 -0.29027777777777769 -0.032971014492753602 0.20881782945736438 -0.23401360544217684 -0.45789007092198575 0.49000000000000005 0.04083333333333334 0.25521059487624842 -0.41578014184397155
decision_type=10 10 10 2 2 2 2 2 2 10 10 2 2 10
left_child=2 7 4 13 5 -1 -7 -2 -9 -4 -11 -5 -13 -3
right_child=1 3 9 11 -6 6 -8 8 -10 10 -12 12 -14 -15
leaf_value=-0.00020194258580286635 2.4807539745691783e-05 -0.000168678650724345 0.00022961634296446266 -0.00011050029140395902 -0.00011382267051207172 7.6556782030648765e-05 -3.8659801232759743e-05 -1.3940615617916128e-05 0.000156083628666926 -0.0002036128894848652 -0.00083561471631561613 0.00011270002274219719 -0.00017908992121918769 5.5194895294577265e-05
leaf_weight=22690 113928 14750 4361 146028 129221 135239 148453 35794 221434 73589 1984 32133 11866 205897
leaf_count=22690 113928 14750 4361 146028 129221 135239 148453 35794 221434 73589 1984 32133 11866 205897
internal_value=5.28969e-07 3.97729e-05 -5.89275e-05 -1.4036e-05 -3.37619e-05 0 1.61597e-05 9.93914e-05 0.000132308 -0.000195687 -0.000220634 -7.70424e-05 3.33192e-05 4.00912e-05
internal_weight=1.29737e+06 781830 515537 410674 435603 306382 283692 371156 257228 79934 75573 190027 43999 220647
internal_count=1297367 781830 515537 410674 435603 306382 283692 371156 257228 79934 75573 190027 43999 220647
is_linear=0
shrinkage=0.01


Tree=124
num_leaves=15
num_cat=0
split_feature=27 11 28 5 28 4 0 19 10 22 15 19 27 21
split_gain=28.0395 15.9393 15.9101 8.67603 8.64957 9.03246 8.03674 7.55474 7.41316 7.29948 6.70019 7.04844 5.93047 5.54556
threshold=0.070714285714285688 -0.25777777777777772 0.011369509043927641 0.33836734693877557 0.084349593495934974 0.29689535388623539 0.36811594202898557 0.016954022988505794 0.04083333333333334 -0.3881944444444444 0.025657894736842105 -0.47979591836734686 0.49000000000000005 0.2423404255319149
decision_type=2 2 10 8 8 2 8 2 2 2 2 2 2 2
left_child=1 -1 6 8 7 -6 10 -3 9 -4 11 -2 -10 -12
right_child=2 4 3 -5 5 -7 -8 -9 12 -11 13 -13 -14 -15
leaf_value=-8.2224578835672188e-05 0.00059227118739904421 5.1862877669827344e-05 0.00010686707362731626 -0.00023236330171802255 3.4771243042824665e-05 -0.00016916229416107193 -0.00015348930781771238 0.00014385221075792346 -2.3472204360414453e-05 -0.00013156056775545812 0.00010073323177787125 -1.3097088434727694e-05 0.00027509597415581883 0.00077698760005775872
leaf_weight=89760 1938 209373 13766 44281 238017 23868 29838 157632 60025 167210 54968 198040 7471 1253
leaf_count=89760 1938 209373 13766 44281 238017 23868 29838 157632 60025 167210 54968 198040 7471 1253
internal_value=5.48152e-07 4.22908e-05 -5.12294e-05 -0.000103055 6.01106e-05 1.60686e-05 1.70899e-06 9.14557e-05 -7.98877e-05 -0.000113257 1.99027e-05 -7.07161e-06 9.14203e-06 0.000116379
internal_weight=1.29744e+06 718650 578790 292753 628890 261885 286037 367005 248472 180976 256199 199978 67496 56221
internal_count=1297440 718650 578790 292753 628890 261885 286037 367005 248472 180976 256199 199978 67496 56221
is_linear=0
shrinkage=0.01


Tree=125
num_leaves=15
num_cat=0
split_feature=23 24 4 19 11 24 14 24 19 15 15 23 4 24
split_gain=38.9193 26.1861 17.4309 12.2954 10.808 10.6859 8.40466 8.06311 7.30174 6.82605 6.66106 5.8662 4.43324 4.13346
threshold=0.048809523809523865 0.31101190476190482 0.25777777777777783 0.16333333333333336 -0.33156028368794321 0.26163419913419916 0.39897959183673476 -0.20916666666666664 -0.47979591836734686 0.011766334440753036 0.010310374149659853 0.028594771241830078 0.40212765957446817 -0.063164893617021253
decision_type=8 10 2 2 2 10 2 10 2 2 2 10 2 8
left_child=1 2 4 7 13 -6 9 -2 -4 12 -10 -11 -3 -1
right_child=3 6 8 -5 5 -7 -8 -9 10 11 -12 -13 -14 -15
leaf_value=-0.0002192776079036506 0 0.00025249531616756179 0.00034037261785458583 0.00075211661640680054 -1.6190954346496071e-05 7.8149527642927601e-05 -0.0002579214273154675 0.00028295805128666126 -0.00020694988750479069 4.3669558522320825e-05 -7.8617735647058335e-05 0.00034808250385035753 -3.8395367043418893e-05 -6.5666832569957832e-05
leaf_weight=28981 13778 49133 3359 4602 708958 144539 5567 39382 66245 66193 106988 7055 5667 46377
leaf_count=28981 13778 49133 3359 4602 708958 144539 5567 39382 66245 66193 106988 7055 5667 46377
internal_value=1.09914e-07 -1.16954e-05 -2.77001e-05 0.000253853 -1.03504e-05 -1.79105e-07 0.000120491 0.000210115 -0.000118786 0.000137183 -0.000127868 7.34122e-05 0.000221866 -0.000125147
internal_weight=1.29682e+06 1.23906e+06 1.10545e+06 57762 928855 853497 133615 53160 176592 128048 173233 73248 54800 75358
internal_count=1296824 1239062 1105447 57762 928855 853497 133615 53160 176592 128048 173233 73248 54800 75358
is_linear=0
shrinkage=0.01


Tree=126
num_leaves=15
num_cat=0
split_feature=23 27 7 24 24 24 15 27 22 24 15 26 14 26
split_gain=40.2375 33.4626 15.4089 15.3426 15.2136 9.94684 10.2264 9.57796 9.42069 9.4108 6.67742 6.33191 5.06615 4.81049
threshold=0.037087912087912074 0.27113095238095247 0.16333333333333336 -0.1645833333333333 0.31101190476190482 0.43875000000000003 0.093790707772470686 -0.010874704491725782 0.27041666666666675 -0.20916666666666664 -0.20106382978723403 0.063164893617021281 0.34613526570048314 0.24121212121212124
decision_type=8 2 2 10 8 10 2 2 2 10 2 2 2 2
left_child=1 3 9 8 -3 7 -7 -5 10 -2 -1 -6 -13 -10
right_child=2 4 -4 5 11 6 -8 -9 13 -11 -12 12 -14 -15
leaf_value=-0.0001970402236471561 -7.6807769268764129e-06 -0.00013258466054649222 0.00079762601817338007 5.5784874885273731e-05 -0.00015794977977276285 0.00018552145855575707 -0.00022046255022676323 -2.5876333062085443e-05 -4.6954783909297133e-05 0.00026308447766451934 -7.2314992338788664e-06 0.00021262744978731087 -0.00041527933269212787 -0.00027913259982318035
leaf_weight=20660 17202 265645 4521 380904 7254 67163 6768 229988 14365 48223 184153 22987 1328 25139
leaf_count=20660 17202 265645 4521 380904 7254 67163 6768 229988 14365 48223 184153 22987 1328 25139
internal_value=-2.17384e-06 -1.55026e-05 0.00023108 1.40126e-05 -0.000107872 3.83097e-05 0.000147943 2.49921e-05 -5.39692e-05 0.000191437 -2.65271e-05 9.91172e-05 0.000177053 -0.000195474
internal_weight=1.2963e+06 1.22635e+06 69946 929140 297214 684823 73931 610892 244317 65425 204813 31569 24315 39504
internal_count=1296300 1226354 69946 929140 297214 684823 73931 610892 244317 65425 204813 31569 24315 39504
is_linear=0
shrinkage=0.01


Tree=127
num_leaves=15
num_cat=0
split_feature=27 24 2 1 15 24 27 26 15 26 28 28 6 3
split_gain=29.8062 21.8829 13.6245 12.6309 12.0577 11.2786 11.1683 7.88783 7.30561 7.29001 6.37236 6.12174 5.98344 5.52922
threshold=0.030931122448979612 0.2950000000000001 -0.33156028368794321 0.39009661835748793 0.054373522458628872 -0.22821969696969696 0.49000000000000005 0.1023024594453166 -0.40667311411992257 0.063164893617021281 0.23861283643892342 0.060487804878048841 0.050510204081632655 -0.40212765957446805
decision_type=2 8 8 8 2 10 2 2 2 2 8 8 10 8
left_child=2 3 -1 4 -2 7 -6 -4 -5 12 -9 -7 -3 -13
right_child=1 9 5 8 6 11 -8 10 -10 -11 -12 13 -14 -15
leaf_value=-6.3396762421124526e-05 -7.8252230660085076e-05 -0.00019746271018962862 0.00013664849016807357 0.00010933739856399835 1.1733298616743191e-05 0.00012488608330355426 0.00039528491557250581 -2.0875812655646073e-05 -0.00024058514906723607 0.00015534906675059547 -0.00023897711620060803 -0.00028891605174598544 0.00036049139197574153 5.8409532229572029e-05
leaf_weight=92485 380534 11126 27087 6556 100154 243754 8231 86514 55671 63885 15945 4662 2292 199518
leaf_count=92485 380534 11126 27087 6556 100154 243754 8231 86514 55671 63885 15945 4662 2292 199518
internal_value=2.69454e-06 -4.67504e-05 4.91203e-05 -6.88836e-05 -5.17218e-05 6.71924e-05 4.1148e-05 -1.4786e-05 -0.000203233 0.00011066 -5.51162e-05 9.09681e-05 -9.9861e-05 5.03281e-05
internal_weight=1.29841e+06 628449 669965 551146 488919 577480 108385 129546 62227 77303 102459 447934 13418 204180
internal_count=1298414 628449 669965 551146 488919 577480 108385 129546 62227 77303 102459 447934 13418 204180
is_linear=0
shrinkage=0.01


Tree=128
num_leaves=15
num_cat=0
split_feature=23 28 3 6 17 11 0 28 1 3 19 23 3 25
split_gain=32.5729 22.4992 16.8349 11.001 9.60596 9.44237 7.92625 7.87243 7.18388 6.99332 5.54998 5.20853 4.31249 4.27136
threshold=0.043560606060606029 0.10208333333333332 0.43405797101449284 0.093790707772470686 -0.38318181818181812 -0.35321969696969691 0.36811594202898557 -0.30217391304347824 0.43405797101449284 -0.43683510638297868 0.45959183673469389 0.010527482269503509 0.084219858156028407 0.92500000000000016
decision_type=8 10 8 10 2 2 8 8 10 10 2 10 10 2
left_child=1 5 8 7 -4 11 10 -2 9 -3 -7 13 -13 -1
right_child=3 2 4 -5 -6 6 -8 -9 -10 -11 -12 12 -14 -15
leaf_value=-2.3519433485215476e-05 0.00049450435762560187 -0.0002267792599776271 -0.0006428183946575707 0.00046662834808039108 -0.00019825140710396223 3.9986747763230025e-05 -8.1979548012923976e-05 0.00010121832127402192 -0.00024798052737657125 -3.0929563660666381e-05 0.00025800690005551414 -0.00015346932226135914 -0.00084510603115112257 -0.00026041960486888758
leaf_weight=32711 5859 19093 6096 14408 26198 617941 53926 42269 17172 435343 11956 2192 1705 10061
leaf_count=32711 5859 19093 6096 14408 26198 617941 53926 42269 17172 435343 11956 2192 1705 10061
internal_value=5.82794e-07 -1.06742e-05 -6.20943e-05 0.000223254 -0.000283151 2.4755e-05 3.41812e-05 0.000149747 -4.68918e-05 -3.92256e-05 4.41738e-05 -0.000112714 -0.000464181 -7.99597e-05
internal_weight=1.29693e+06 1.23439e+06 503902 62536 32294 730492 683823 48128 471608 454436 629897 46669 3897 42772
internal_count=1296930 1234394 503902 62536 32294 730492 683823 48128 471608 454436 629897 46669 3897 42772
is_linear=0
shrinkage=0.01


Tree=129
num_leaves=15
num_cat=0
split_feature=23 27 24 11 24 0 19 24 28 28 14 17 0 14
split_gain=33.3274 28.4035 20.7937 12.9117 12.6523 10.7363 9.40952 7.64266 5.21066 5.07432 5.05913 4.35966 4.1763 4.12924
threshold=0.091666666666666688 0.04653679653679655 0.31101190476190482 -0.11167800453514738 0.26920289855072471 0.36811594202898557 -0.27888888888888885 0.26163419913419916 0.2558265582655827 0.49000000000000005 -0.21869565217391301 -0.40454545454545449 0.24222222222222226 0.39009661835748793
decision_type=10 2 8 2 10 8 2 10 10 8 2 2 10 2
left_child=1 3 5 9 6 7 -5 -3 13 11 -6 -1 -2 -4
right_child=12 2 8 4 10 -7 -8 -9 -10 -11 -12 -13 -14 -15
leaf_value=-0.00025967185433737596 0.00039086360886453851 -8.0347812127454108e-05 0.0001330771419398019 -0.00015113348136730893 -8.3803403057300315e-06 -0.00019995305939396338 4.54544687205109e-05 2.1971240526092218e-05 -0.00048453246673040565 -0.00036366977012591053 0.0001683427913901863 -2.0452307067105589e-05 0.00084242647260316696 -0.00025407007457996288
leaf_weight=8147 11820 375368 67222 25947 18404 62920 381303 90091 1449 4899 118024 126080 2687 2819
leaf_count=8147 11820 375368 67222 25947 18404 62920 381303 90091 1449 4899 118024 126080 2687 2819
internal_value=1.36948e-07 -5.23099e-06 -5.54565e-05 3.88502e-05 6.08719e-05 -7.71457e-05 3.28546e-05 -6.04792e-05 0.000104424 -4.69904e-05 0.000144283 -3.52009e-05 0.000476727 0.000117057
internal_weight=1.29718e+06 1.28267e+06 599869 682804 543678 528379 407250 465459 71490 139126 136428 134227 14507 70041
internal_count=1297180 1282673 599869 682804 543678 528379 407250 465459 71490 139126 136428 134227 14507 70041
is_linear=0
shrinkage=0.01


Tree=130
num_leaves=15
num_cat=0
split_feature=23 27 24 27 20 21 26 28 23 24 28 24 28 28
split_gain=36.8981 30.336 21.3947 13.423 12.1865 10.7258 8.89719 9.43194 8.37026 8.70309 11.3434 7.86476 7.06104 4.44335
threshold=0.054093567251462034 0.38047619047619052 0.26163419913419916 -0.011369509043927665 0.16333333333333336 0.23124999999999998 0.52041666666666686 -0.24734042553191488 0.011766334440753036 -0.057189542483660143 -0.45789007092198575 -0.094916344916344889 0.18819444444444447 -0.024404761904761926
decision_type=8 2 10 2 2 2 2 10 10 10 10 10 10 10
left_child=1 2 3 5 11 -1 -4 -8 9 10 -3 -2 -11 -10
right_child=4 8 6 -5 -6 -7 7 -9 13 12 -12 -13 -14 -15
leaf_value=3.5026746555475107e-05 3.356695358676696e-05 0.00031394460695633185 2.6214124892463955e-05 -6.8390583105692584e-05 0.00075661610077821064 -0.0001142884583867909 0.00023771777710917787 7.2130814663532409e-05 7.5112421725886412e-05 -2.0675061601504501e-05 -0.000343328594221584 0.0003065315883124179 -0.00024126215856053065 -0.00010709926666564642
leaf_weight=376171 16452 2756 166328 335944 4564 55104 54621 95067 20471 34717 40864 30819 25349 37999
leaf_count=376171 16452 2756 166328 335944 4564 55104 54621 95067 20471 34717 40864 30819 25349 37999
internal_value=-6.55336e-07 -1.15593e-05 7.51011e-06 -2.09816e-05 0.00026073 1.58785e-05 7.67764e-05 0.000132757 -0.000139129 -0.000193164 -0.000301094 0.000212173 -0.000114274 -4.27913e-05
internal_weight=1.29723e+06 1.24539e+06 1.08324e+06 767219 51835 431275 316016 149688 162156 103686 43620 47271 60066 58470
internal_count=1297226 1245391 1083235 767219 51835 431275 316016 149688 162156 103686 43620 47271 60066 58470
is_linear=0
shrinkage=0.01


Tree=131
num_leaves=15
num_cat=0
split_feature=23 0 6 28 22 17 5 28 22 10 19 28 0 15
split_gain=33.9269 20.0821 13.2626 12.4581 10.5603 8.45292 7.05269 6.80098 5.96646 5.33502 4.84111 4.14243 6.3619 3.11335
threshold=0.034523809523809519 0.37766439909297056 0.12361111111111113 0.10208333333333332 0.32025641025641027 -0.37877551020408157 0.43405797101449284 -0.30217391304347824 -0.45959183673469384 0.014087301587301539 -0.057777777777777782 0.49000000000000005 0.24222222222222226 -0.43938775510204076
decision_type=8 10 10 10 2 2 10 8 2 2 2 10 10 2
left_child=1 3 7 4 8 -5 -3 -2 -1 -6 -7 12 -4 -8
right_child=2 6 11 5 9 10 13 -9 -10 -11 -12 -13 -14 -15
leaf_value=-0.00013419662705528451 0.0004303722433935829 -9.272305627386709e-05 0.00050011164092637124 -0.00022983786599464005 -0.00016923669800473468 -0.00011065503837074634 5.1537832013813285e-05 0.00010376350130352785 4.4889097328401296e-05 3.956619703420681e-06 -1.7966543862622747e-05 0.00022306965773488267 0.0012562905892804213 -0.0003045139526540434
leaf_weight=19140 7371 69890 7470 22913 38595 66985 2530 51950 579096 32371 364016 4047 1398 28673
leaf_count=19140 7371 69890 7470 22913 38595 66985 2530 51950 579096 32371 364016 4047 1398 28673
internal_value=-1.7391e-06 -1.41886e-05 0.000208824 -2.01002e-06 2.53916e-05 -4.2474e-05 -0.000149189 0.000144872 3.91086e-05 -8.98154e-05 -3.24422e-05 0.000500142 0.000623086 -0.000274681
internal_weight=1.29644e+06 1.22421e+06 72236 1.12312e+06 669202 453914 101093 59321 598236 70966 431001 12915 8868 31203
internal_count=1296445 1224209 72236 1123116 669202 453914 101093 59321 598236 70966 431001 12915 8868 31203
is_linear=0
shrinkage=0.01


Tree=132
num_leaves=15
num_cat=0
split_feature=27 24 24 4 0 26 15 27 28 3 26 22 22 6
split_gain=28.9119 19.1115 16.5931 11.2212 10.8972 10.8679 10.6893 11.7546 9.28775 7.48413 7.42201 7.11428 7.11192 5.71085
threshold=1.0000000180025095e-35 0.31101190476190482 -0.22821969696969696 0.2525510204081633 0.39009661835748793 0.1023024594453166 0.054373522458628872 0.49000000000000005 0.21583850931677021 -0.41918367346938773 0.084219858156028379 0.49479166666666674 0.15978723404255321 0.050510204081632655
decision_type=2 8 10 2 8 2 2 2 10 8 2 2 2 10
left_child=2 4 5 9 6 -1 -2 -8 12 -4 13 -11 -7 -3
right_child=1 10 3 -5 -6 8 7 -9 -10 11 -12 -13 -14 -15
leaf_value=0.00011697177537327741 -7.6677167580721826e-05 -0.00017957972414883402 -8.344890839736184e-05 -5.6014438338449281e-05 -0.00019740257658831559 1.0391788370828956e-05 4.287801433879666e-06 0.0003978027930328925 -0.00027323805113864749 0.00010692945104172749 0.00014808455043584297 -0.00027774286562817183 -0.00017711374850883592 0.00032217583011390601
leaf_weight=32400 405465 13240 22702 57287 58040 66416 105174 8193 22368 407078 62618 4820 28921 2702
leaf_count=32400 405465 13240 22702 57287 58040 66416 105174 8193 22368 407078 62618 4820 28921 2702
internal_value=-5.69951e-07 -4.73122e-05 4.71041e-05 7.52112e-05 -6.72704e-05 -4.48011e-05 -5.26541e-05 3.30014e-05 -8.95881e-05 9.2578e-05 9.88571e-05 0.000102353 -4.61782e-05 -9.26114e-05
internal_weight=1.29742e+06 655432 641992 491887 576872 150105 518832 113367 117705 434600 78560 411898 95337 15942
internal_count=1297424 655432 641992 491887 576872 150105 518832 113367 117705 434600 78560 411898 95337 15942
is_linear=0
shrinkage=0.01


Tree=133
num_leaves=15
num_cat=0
split_feature=23 27 4 6 27 7 7 22 18 18 3 0 15 15
split_gain=33.4008 32.3689 11.0456 10.9981 10.2137 7.65296 7.54015 6.12936 4.62349 4.56768 4.42827 4.28412 4.21494 3.42453
threshold=0.04006410256410254 0.30104166666666676 0.39678030303030309 0.12361111111111113 -0.019259259259259278 0.030012004801920792 -0.33156028368794321 0.031582446808510641 -0.3404545454545454 0.012049941927990694 -0.46404255319148929 0.37627551020408168 -0.41918367346938773 -0.40667311411992257
decision_type=8 2 2 10 2 2 2 2 2 2 10 8 2 2
left_child=1 2 4 -2 6 8 -1 11 -4 -9 -6 -3 -13 -7
right_child=3 7 5 -5 10 13 -8 9 -10 -11 -12 12 -14 -15
leaf_value=-3.5137170060416289e-05 0.00015631855401809975 -3.8746329601253718e-05 -0.00075919178224367727 0.0004824674783403866 -0.00039152984782656817 0.0003642665907610942 6.7814235958540045e-05 -0.00020909085989025142 -0.00024240126124136 -8.1060161230596229e-05 -1.2253957911693505e-05 0.00017071985668211018 -0.0002574497166844353 -6.8470855919955829e-05
leaf_weight=83390 55324 115397 2076 12901 3108 1932 470826 75085 13544 45824 366984 2570 16965 29405
leaf_count=83390 55324 115397 2076 12901 3108 1932 470826 75085 13544 45824 366984 2570 16965 29405
internal_value=3.08159e-06 -8.86858e-06 1.74645e-05 0.00021845 2.50929e-05 -0.000132047 5.22694e-05 -0.000108955 -0.000313139 -0.000160819 -1.55233e-05 -6.22557e-05 -0.000199567 -4.0802e-05
internal_weight=1.29533e+06 1.22711e+06 971265 68225 924308 46957 554216 255841 15620 120909 370092 134932 19535 31337
internal_count=1295331 1227106 971265 68225 924308 46957 554216 255841 15620 120909 370092 134932 19535 31337
is_linear=0
shrinkage=0.01


Tree=134
num_leaves=15
num_cat=0
split_feature=23 24 27 1 26 28 26 21 23 27 14 6 28 24
split_gain=28.2913 29.2913 24.8584 14.2462 13.0632 15.2682 12.2792 12.1622 6.70525 6.52556 7.62131 6.19532 6.55073 6.02097
threshold=0.077380952380952397 0.26163419913419916 1.0000000180025095e-35 0.4587585034013606 0.40862708719851587 -0.30217391304347824 0.14608739837398377 0.21869565217391304 0.011766334440753036 0.32025641025641027 0.011766334440753036 0.16333333333333336 0.31909090909090915 0.48500000000000004
decision_type=8 10 2 10 2 10 2 2 10 2 2 10 8 10
left_child=1 2 6 4 -3 -6 8 -8 -1 -4 -11 12 13 -2
right_child=11 3 9 -5 5 -7 7 -9 -10 10 -12 -13 -14 -15
leaf_value=4.6995319004832207e-05 0.00059384638831160204 1.4091654962604271e-05 -6.0312632921948136e-05 -0.00025759577912557607 0.00028466343795464021 8.14649597709807e-05 5.1176040602507512e-06 -0.00017748585473140248 0.00020707233765182573 -0.00021543052422983062 -8.1973845725985753e-05 0.00072200410925995844 -6.9629177288975838e-05 3.1101549478218506e-05
leaf_weight=78280 6438 166635 273045 12993 50585 140226 299303 41494 39842 74931 102343 4491 3644 2862
leaf_count=78280 6438 166635 273045 12993 50585 140226 299303 41494 39842 74931 102343 4491 3644 2862
internal_value=-2.35528e-06 -7.82999e-06 -3.83888e-05 6.7095e-05 7.89833e-05 0.000135495 1.33494e-05 -1.70288e-05 0.000101246 -9.11814e-05 -0.000138556 0.000397684 0.000282701 0.000423957
internal_weight=1.29711e+06 1.27968e+06 909238 370439 357446 190811 458919 340797 118122 450319 177274 17435 12944 9300
internal_count=1297112 1279677 909238 370439 357446 190811 458919 340797 118122 450319 177274 17435 12944 9300
is_linear=0
shrinkage=0.01


Tree=135
num_leaves=15
num_cat=0
split_feature=27 2 22 0 27 3 15 11 22 27 16 18 11 22
split_gain=24.6746 13.8448 11.6097 10.3171 8.70601 7.99585 7.24995 6.33649 5.08393 4.58757 12.8397 4.10321 4.03013 3.53968
threshold=0.28024390243902447 -0.40212765957446805 0.32025641025641027 0.36811594202898557 1.0000000180025095e-35 -0.41578014184397155 -0.43938775510204076 0.023268398268398275 0.33166666666666672 0.49000000000000005 0.011766334440753036 0.012049941927990694 0.021286231884057986 0.48456521739130437
decision_type=2 8 2 8 2 8 2 2 2 2 2 2 2 2
left_child=1 12 4 8 5 -3 -5 13 9 -2 -11 -10 -1 -4
right_child=3 2 7 6 -6 -7 -8 -9 11 10 -12 -13 -14 -15
leaf_value=-0.00018804127492901487 -5.8701494408556202e-05 -0.0001375601814916056 -9.9474066079770795e-05 0.00018471660884466582 2.6554674061302071e-06 7.6548715414275848e-05 -0.0002575371377653613 4.6336618064787743e-05 -0.00031456408393893418 -0.00031373994245696918 0.00017697780516683041 -3.8112987552584491e-05 -1.2604942043393405e-05 -0.00032897508666512507
leaf_weight=37536 199619 17958 57454 3984 313858 511432 41868 30657 13010 6763 24766 9601 20694 7795
leaf_count=37536 199619 17958 57454 3984 313858 511432 41868 30657 13010 6763 24766 9601 20694 7795
internal_value=-5.79134e-07 2.33034e-05 3.26061e-05 -8.0182e-05 4.44855e-05 6.92283e-05 -0.000218447 -7.15277e-05 -5.50783e-05 -4.0914e-05 7.07471e-05 -0.000198526 -0.000126213 -0.000127365
internal_weight=1.297e+06 997384 939154 299611 843248 529390 45852 95906 253759 231148 31529 22611 58230 65249
internal_count=1296995 997384 939154 299611 843248 529390 45852 95906 253759 231148 31529 22611 58230 65249
is_linear=0
shrinkage=0.01


Tree=136
num_leaves=15
num_cat=0
split_feature=23 27 22 3 0 22 10 0 22 19 19 6 14 11
split_gain=30.1061 26.8445 11.6538 11.2809 8.71398 8.38174 7.72078 5.3556 4.87278 4.56952 4.26296 3.86179 3.51819 3.30922
threshold=0.054093567251462034 0.30104166666666676 0.32025641025641027 -0.43683510638297868 0.12361111111111113 -0.4560386473429951 0.023268398268398275 0.37766439909297056 0.06881313131313134 -0.29795918367346935 -0.47979591836734686 -0.31957446808510631 -0.24234042553191487 -0.41578014184397155
decision_type=10 2 2 8 10 2 2 8 2 2 2 10 2 2
left_child=1 2 3 11 -2 -5 13 8 -3 -9 -10 -1 -8 -4
right_child=4 7 6 5 -6 -7 12 9 10 -11 -12 -13 -14 -15
leaf_value=-0.00034649870808239343 0.00016292545111036558 -4.0383274109485838e-05 -0.00044371941658387343 -0.00014576647938482619 0.00046680976846423078 4.0526592308624095e-05 -0.00027741970322933739 -6.4546839989050012e-05 0.00050204007205720009 -0.00028479314614277289 -0.00014550403497289876 -9.0525877610001562e-05 7.4099764195258394e-05 -0.00012693220713429483
leaf_weight=7727 38543 133836 3560 24816 12769 821124 3115 15449 1006 25864 84438 27410 30334 67240
leaf_count=7727 38543 133836 3560 24816 12769 821124 3115 15449 1006 25864 84438 27410 30334 67240
internal_value=1.75733e-06 -7.99613e-06 1.58489e-05 2.77043e-05 0.000239155 3.50256e-05 -8.40589e-05 -9.82706e-05 -7.83682e-05 -0.000203169 -0.000137512 -0.000147696 4.04451e-05 -0.000143303
internal_weight=1.29723e+06 1.24592e+06 985326 881077 51312 845940 104249 260593 219280 41313 85444 35137 33449 70800
internal_count=1297231 1245919 985326 881077 51312 845940 104249 260593 219280 41313 85444 35137 33449 70800
is_linear=0
shrinkage=0.01


Tree=137
num_leaves=15
num_cat=0
split_feature=23 27 24 24 0 11 28 23 22 15 24 15 24 21
split_gain=33.2538 28.2251 18.5149 14.7788 8.95495 8.586 8.12073 7.75122 7.0651 6.4934 5.38632 5.02386 4.80292 4.77817
threshold=0.091666666666666688 0.070714285714285688 0.31101190476190482 -0.17321428571428568 0.36181818181818187 -0.29795918367346935 0.095491388044579531 0.016954022988505794 -0.022233201581027647 0.042572463768115916 0.46385017421602792 -0.20106382978723403 0.43875000000000003 0.29356060606060608
decision_type=10 2 8 10 8 2 8 8 2 2 10 2 10 2
left_child=1 3 4 7 9 -5 -7 11 12 -3 -10 -1 -4 -6
right_child=-2 2 8 5 13 6 -8 -9 10 -11 -12 -13 -14 -15
leaf_value=-0.00021081522639095231 0.00047549673602761028 -8.2470593862822716e-05 -0.00010471813199381549 -5.9737386141465822e-05 -0.00025038177897704328 0.00011342175196867922 2.8667096259438241e-05 0.00012202023108156411 0.00014929229167161642 1.1675394482473957e-05 -8.5520502118856105e-05 -4.2132763779660248e-05 0.00027218717141670891 -5.8135468172929425e-05
leaf_weight=20213 14542 349251 3808 49879 42837 271380 195691 26212 16693 92026 23469 148129 24012 19163
leaf_count=20213 14542 349251 3808 49879 42837 271380 195691 26212 16693 92026 23469 148129 24012 19163
internal_value=1.24521e-08 -5.35557e-06 -5.77258e-05 3.66498e-05 -7.86824e-05 6.46304e-05 7.79763e-05 -3.75432e-05 9.69735e-05 -6.2769e-05 1.13344e-05 -6.25682e-05 0.000219512 -0.000191452
internal_weight=1.2973e+06 1.28276e+06 571259 711504 503277 516950 467071 194554 67982 441277 40162 168342 27820 62000
internal_count=1297305 1282763 571259 711504 503277 516950 467071 194554 67982 441277 40162 168342 27820 62000
is_linear=0
shrinkage=0.01


Tree=138
num_leaves=15
num_cat=0
split_feature=24 28 22 27 3 1 14 22 28 28 22 21 21 27
split_gain=28.5575 19.6332 17.4329 12.9336 11.2928 10.8812 10.4435 8.18929 8.1367 6.93368 6.84775 6.62301 6.44986 6.37183
threshold=-0.051682692307692284 0.17006802721088435 0.080697674418604662 0.38047619047619052 0.39246068455134137 0.16333333333333336 0.37095282146160968 0.37627551020408168 -0.45959183673469384 -0.126453488372093 -0.39897959183673465 0.23124999999999998 -0.45789007092198575 0.04653679653679655
decision_type=10 10 2 2 8 10 2 2 10 8 2 2 2 2
left_child=2 6 5 9 13 11 7 -2 -5 12 -7 -1 -4 -3
right_child=1 4 3 8 -6 10 -8 -9 -10 -11 -12 -13 -14 -15
leaf_value=2.8413449974911367e-05 0.00010510769185029764 3.7343159038848766e-05 0.0010270047383288833 0.00033743955056706907 -0.00023152452589705571 -0.00035417284672449763 -9.353439026373477e-05 -7.7581613140363976e-05 -0.00037892761240799052 -0.00014869971095289963 -8.1888659537757456e-05 -0.00014009002708207087 -3.0710918311467886e-05 -5.8897151769378642e-05
leaf_weight=256197 389676 152411 577 1645 24155 11700 31961 25992 25261 109021 46451 25626 71581 125258
leaf_count=256197 389676 152411 577 1645 24155 11700 31961 25992 25261 109021 46451 25626 71581 125258
internal_value=-1.95664e-06 3.8138e-05 -5.68394e-05 -0.000128944 -2.41167e-05 -1.26179e-05 8.01815e-05 9.36114e-05 -0.000333982 -9.83243e-05 -0.000137204 1.29838e-05 -2.1795e-05 -5.9635e-06
internal_weight=1.29751e+06 749453 548059 208085 301824 339974 447629 415668 26906 181179 58151 281823 72158 277669
internal_count=1297512 749453 548059 208085 301824 339974 447629 415668 26906 181179 58151 281823 72158 277669
is_linear=0
shrinkage=0.01


Tree=139
num_leaves=15
num_cat=0
split_feature=24 28 3 3 26 20 27 2 26 28 28 28 27 11
split_gain=26.7054 19.4475 16.5474 13.6797 12.4217 13.6093 11.9323 9.36794 9.52461 8.38466 8.163 7.98807 7.68329 7.22927
threshold=-0.051682692307692284 0.17006802721088435 0.30104166666666676 0.39678030303030309 0.16064516129032261 -0.26020833333333326 -0.14946808510638296 -0.41578014184397155 0.15954545454545457 0.23956521739130435 0.13211600429645545 0.43908472479901062 -0.16496598639455781 0.030931122448979612
decision_type=10 8 10 8 2 2 2 8 2 10 10 10 2 2
left_child=2 7 4 -3 6 9 -1 -2 12 -6 -7 -4 -9 -10
right_child=1 3 11 -5 5 10 -8 8 13 -11 -12 -13 -14 -15
leaf_value=0.00016816403908872818 -0.00014298826477938229 -4.583345328612702e-06 -0.00017750930761652254 -0.00025468423216361356 -0.00022092659723839492 -1.0892830855427527e-05 -2.8701943043337856e-05 0.00015830396070685594 8.1090839546041503e-05 -0.0009166371157568661 -0.00011941568441028262 -0.00068928400760182279 -3.9431015050010801e-05 0.00018093071049549728
leaf_weight=51531 18070 277692 62265 23764 29433 222017 75994 25775 209286 1875 101254 3256 82467 112635
leaf_count=51531 18070 277692 62265 23764 29433 222017 75994 25775 209286 1875 101254 3256 82467 112635
internal_value=-1.12499e-06 3.76287e-05 -5.42327e-05 -2.44008e-05 -3.38926e-05 -6.43708e-05 5.06156e-05 7.9413e-05 8.88261e-05 -0.000263634 -4.49776e-05 -0.00020343 7.38033e-06 0.000116118
internal_weight=1.29731e+06 749689 547625 301456 482104 354579 127525 448233 430163 31308 323271 65521 108242 321921
internal_count=1297314 749689 547625 301456 482104 354579 127525 448233 430163 31308 323271 65521 108242 321921
is_linear=0
shrinkage=0.01


Tree=140
num_leaves=15
num_cat=0
split_feature=24 28 3 3 15 14 15 24 21 28 26 14 28 24
split_gain=24.8403 20.136 17.9187 11.0599 11.0002 8.97357 8.39803 12.4482 11.3975 7.72186 8.67243 7.37342 6.23454 6.21834
threshold=-0.057189542483660143 0.17006802721088435 0.37766439909297056 0.39678030303030309 0.022233201581027654 0.37095282146160968 0.028594771241830078 0.43875000000000003 -1.0000000180025095e-35 0.21583850931677021 0.091966173361522213 0.1329931972789116 -0.43969696969696964 -0.037042682926829239
decision_type=10 10 10 8 2 2 2 8 2 8 2 2 10 10
left_child=2 5 4 13 9 6 7 -2 -8 -1 -11 -6 -4 -3
right_child=1 3 12 -5 11 -7 8 -9 -10 10 -12 -13 -14 -15
leaf_value=-4.9762306514275247e-05 2.8726579181055843e-05 -0.00021746290277558419 0.00016139529713565389 -0.0002315990927681884 5.969893107239448e-05 -8.5461736432565998e-05 7.5569161818836428e-05 0.0001700719255758692 0.00028786522754816005 7.9774037621520671e-05 -0.00025112897551845062 -0.00013366447296426562 -0.0002970993429476219 3.9509052275335874e-07
leaf_weight=268550 255866 13757 3141 24544 133863 31935 59899 82696 44434 9717 39982 23056 36156 268340
leaf_count=268550 255866 13757 3141 24544 133863 31935 59899 82696 44434 9717 39982 23056 36156 268340
internal_value=-3.57181e-07 3.51423e-05 -5.43391e-05 -2.79521e-05 -3.72925e-05 7.59512e-05 8.76582e-05 6.33409e-05 0.000166276 -7.11066e-05 -0.000185827 3.1095e-05 -0.000259679 -1.0125e-05
internal_weight=1.29594e+06 781471 514465 306641 475168 474830 442895 338562 104333 318249 49699 156919 39297 282097
internal_count=1295936 781471 514465 306641 475168 474830 442895 338562 104333 318249 49699 156919 39297 282097
is_linear=0
shrinkage=0.01


Tree=141
num_leaves=15
num_cat=0
split_feature=24 28 22 15 3 28 22 21 22 25 19 2 19 24
split_gain=27.4585 16.2636 14.8036 13.6843 12.142 10.8664 9.76313 7.87256 7.39182 6.71734 7.77613 6.2494 6.06887 5.56355
threshold=-0.051682692307692284 0.17006802721088435 0.080697674418604662 -0.015555555555555571 0.39678030303030309 -0.11167800453514738 -0.18944444444444442 0.48900966183574884 0.37627551020408168 0.57500000000000018 0.31441326530612251 -0.41578014184397155 0.04083333333333334 -0.42752100840336132
decision_type=10 10 2 2 8 10 2 2 2 2 2 8 2 10
left_child=2 8 3 13 -3 9 -5 -8 11 -4 -11 -2 -13 -1
right_child=1 4 5 6 -6 -7 7 -9 -10 10 -12 12 -14 -15
leaf_value=6.7502120127631196e-05 -9.7541015221039835e-05 9.8114674452081871e-07 4.919004374549328e-05 -5.9089434377136138e-05 -0.00023479165461799976 -0.00018108749319014386 6.2346820962478651e-05 -0.0011040206124061868 -7.9142340598226525e-05 -0.00016193309368439963 0.00042486079386179536 7.1406169684550618e-05 0.00015794969537375196 -0.00022693812661503106
leaf_weight=7581 17236 278255 45445 117499 23678 122038 176928 575 28033 38544 2371 287849 114274 37077
leaf_count=7581 17236 278255 45445 117499 23678 122038 176928 575 28033 38544 2371 287849 114274 37077
internal_value=-1.03306e-07 3.92178e-05 -5.39192e-05 -1.31103e-05 -1.74113e-05 -0.000120287 1.14908e-05 5.83809e-05 7.75022e-05 -3.40172e-05 -0.000127167 8.80455e-05 9.60754e-05 -0.000176282
internal_weight=1.29738e+06 749325 548058 339660 301933 208398 295002 177503 447392 86360 40915 419359 402123 44658
internal_count=1297383 749325 548058 339660 301933 208398 295002 177503 447392 86360 40915 419359 402123 44658
is_linear=0
shrinkage=0.01


Tree=142
num_leaves=15
num_cat=0
split_feature=24 3 17 24 19 22 22 21 21 27 27 3 24 27
split_gain=26.3064 17.5231 12.8482 11.0997 19.1035 10.6581 10.3688 9.40991 7.88377 7.82339 7.39213 7.25146 6.20781 6.00412
threshold=-0.051682692307692284 0.22111111111111112 -0.31909090909090904 0.43875000000000003 0.025657894736842105 0.080697674418604662 -0.12233560090702948 0.23956521739130435 0.028594771241830078 -0.15261756876663707 -0.010874704491725782 0.42022727272727278 -0.37627551020408156 0.38047619047619052
decision_type=10 10 2 8 2 2 2 2 2 2 2 8 10 2
left_child=1 5 11 4 10 7 -5 9 -6 -1 -4 -2 -3 -7
right_child=2 12 3 6 8 13 -8 -9 -10 -11 -12 -13 -14 -15
leaf_value=9.8195957746619321e-05 -5.6976260199393185e-05 -7.6158458978555654e-05 3.7709833441721752e-05 0.00028518088407333722 7.2298111262217109e-05 -7.2581246904872322e-05 7.2013760073642876e-05 -0.00017670489297825828 0.00021163900637683202 -1.4739214809020215e-05 -5.2047638773642676e-05 -0.00037114698714165866 -0.0002487272367082388 -0.00027805357777629448
leaf_weight=95034 50467 34760 169523 35304 164996 150877 66090 25213 54442 172043 199623 8682 54432 15859
leaf_count=95034 50467 34760 169523 35304 164996 150877 66090 25213 54442 172043 199623 8682 54432 15859
internal_value=-8.35436e-07 -5.34964e-05 3.76624e-05 4.98173e-05 3.31039e-05 -2.84969e-05 0.000146538 7.80257e-06 0.000107007 2.53348e-05 -1.07471e-05 -0.000103614 -0.000181815 -9.23092e-05
internal_weight=1.29734e+06 548218 749127 689978 588584 459026 101394 292290 219438 267077 369146 59149 89192 166736
internal_count=1297345 548218 749127 689978 588584 459026 101394 292290 219438 267077 369146 59149 89192 166736
is_linear=0
shrinkage=0.01


Tree=143
num_leaves=15
num_cat=0
split_feature=23 27 6 28 27 4 18 23 15 28 28 26 28 25
split_gain=30.0742 28.3918 13.0355 12.5604 13.0577 11.8103 9.88662 9.84223 11.0096 9.91998 8.70877 6.62419 4.15939 3.80902
threshold=0.030330882352941183 0.38047619047619052 0.16333333333333336 -0.23956521739130432 -0.010874704491725782 0.39678030303030309 0.011766334440753036 0.011766334440753036 -0.37877551020408157 0.21583850931677021 -0.21269841269841269 0.13484848484848486 -0.1633333333333333 0.77500000000000024
decision_type=8 2 10 10 2 2 2 10 2 10 8 2 8 2
left_child=1 3 10 6 5 -5 -1 8 9 -3 11 -2 -4 -10
right_child=2 7 12 4 -6 -7 -8 -9 13 -11 -12 -13 -14 -15
leaf_value=0.00012826459594175561 3.9243033724258666e-05 0.00018465422942762585 -1.5190740529176415e-05 3.3846905652228905e-05 -5.960311063883548e-05 -0.00020979243776806007 6.9151756899774122e-06 -2.7594173968003991e-05 -0.00017854337526976877 -0.00040152470817361036 9.6584527729564403e-05 0.00047836491016802157 0.00083080229801438168 -0.00031379638600359533
leaf_weight=129150 4977 12232 601 419471 349459 20859 140979 54002 48679 3762 57579 12324 3918 38871
leaf_count=129150 4977 12232 601 419471 349459 20859 140979 54002 48679 3762 57579 12324 3918 38871
internal_value=-1.06461e-07 -1.24276e-05 0.000188436 6.16353e-06 -1.39376e-05 2.22359e-05 6.50448e-05 -0.000137691 -0.000194818 4.48524e-05 0.000156428 0.000353805 0.000711721 -0.000238945
internal_weight=1.29686e+06 1.21746e+06 79399 1.05992e+06 789789 440330 270129 157546 103544 15994 74880 17301 4519 87550
internal_count=1296863 1217464 79399 1059918 789789 440330 270129 157546 103544 15994 74880 17301 4519 87550
is_linear=0
shrinkage=0.01


Tree=144
num_leaves=15
num_cat=0
split_feature=4 19 28 1 28 21 4 17 22 22 21 19 28 18
split_gain=23.0203 12.1796 10.8488 9.73857 9.62647 8.90129 9.25628 7.65185 7.18614 6.84845 8.71238 6.62735 5.41581 5.41157
threshold=0.2525510204081633 0.021286231884057986 -0.41578014184397155 0.27178030303030309 -0.24734042553191488 0.052105948762483707 0.24222222222222226 -0.40454545454545449 0.4095454545454546 -0.0404081632653061 0.37627551020408168 -0.26020833333333326 0.044466403162055308 0.011766334440753036
decision_type=2 2 8 10 8 2 2 2 2 2 2 2 10 2
left_child=1 4 -2 5 13 12 -7 -4 11 10 -9 -6 -3 -1
right_child=2 3 7 -5 8 6 -8 9 -10 -11 -12 -13 -14 -15
leaf_value=0.00010747523756464159 0.00015937889991665216 8.9341616019621378e-05 -0.0003367695530341011 -7.9862643956985516e-05 -0.00012882828033291153 0.00015196477695922624 0.00075025197987210507 -7.8829974256239743e-05 -0.00021187653541598881 -0.00015041938905697395 0.00021407503559822013 -1.2708251642305244e-05 1.4593485006946457e-05 -4.7665243807434441e-06
leaf_weight=82918 14768 183886 15264 49507 57530 59697 2733 48527 22895 106222 12820 343598 207386 88112
leaf_count=82918 14768 183886 15264 49507 57530 59697 2733 48527 22895 106222 12820 343598 207386 88112
internal_value=-1.04771e-06 1.68069e-05 -0.000100434 5.30322e-05 -1.37769e-05 6.76e-05 0.000178671 -0.000121586 -3.93608e-05 -0.0001018 -1.71236e-05 -2.94379e-05 4.97999e-05 4.94756e-05
internal_weight=1.29586e+06 1.09826e+06 197601 503209 595053 453702 62430 182833 424023 167569 61347 401128 391272 171030
internal_count=1295863 1098262 197601 503209 595053 453702 62430 182833 424023 167569 61347 401128 391272 171030
is_linear=0
shrinkage=0.01


Tree=145
num_leaves=15
num_cat=0
split_feature=23 28 3 22 22 26 19 17 10 1 19 19 28 19
split_gain=28.7344 16.9015 12.2031 9.66708 10.3009 7.71912 8.60106 6.74318 6.10642 5.82266 5.32374 5.14877 4.34558 4.0367
threshold=0.066964285714285712 0.13211600429645545 0.40212765957446817 0.32025641025641027 -0.4560386473429951 0.05634920634920635 -0.078888888888888883 -0.37877551020408157 0.019615384615384649 0.20972222222222228 0.2423404255319149 -0.38148936170212761 0.49000000000000005 0.39009661835748793
decision_type=8 8 8 2 2 2 2 2 2 10 2 2 10 2
left_child=1 3 5 4 -1 13 -7 -4 -5 -6 -2 -9 -12 -3
right_child=10 2 7 8 9 6 -8 11 -10 -11 12 -13 -14 -15
leaf_value=-0.00015559259740393857 0.00031574197253963056 0.00010339914610061857 -0.00050227680184872323 -0.00015918900984009278 5.6546340979699104e-05 -0.00017477941449628507 -3.4575883059173826e-05 7.4771729186849011e-05 1.4851717098504088e-05 -2.0711104481934049e-05 0.0012165424077931987 -0.000230984592814551 0.00036804468252037424 -0.00015601575193551013
leaf_weight=27058 16291 50011 7192 44129 562059 50287 346486 7069 36578 117404 1350 22955 1336 6730
leaf_count=27058 16291 50011 7192 44129 562059 50287 346486 7069 36578 117404 1350 22955 1336 6730
internal_value=6.51515e-07 -5.06159e-06 -5.11417e-05 2.36251e-05 3.54983e-05 -3.67767e-05 -5.24221e-05 -0.00022537 -7.9941e-05 4.31529e-05 0.000386907 -0.000157996 0.000806543 7.20949e-05
internal_weight=1.29694e+06 1.27796e+06 490730 787228 706521 453514 396773 37216 80707 679463 18977 30024 2686 56741
internal_count=1296935 1277958 490730 787228 706521 453514 396773 37216 80707 679463 18977 30024 2686 56741
is_linear=0
shrinkage=0.01


Tree=146
num_leaves=15
num_cat=0
split_feature=24 23 28 22 11 18 4 23 22 22 21 7 23 24
split_gain=26.5689 29.8982 16.5686 13.3364 14.8351 10.1483 8.52402 7.16657 6.84711 6.3595 7.67902 5.99565 6.72072 5.95876
threshold=-0.057189542483660143 0.051315789473684266 0.11952380952380955 0.080697674418604662 -0.020416666666666663 0.02105496453900713 0.25777777777777783 0.028594771241830078 -0.45959183673469384 -0.18944444444444442 0.23124999999999998 0.41207729468599036 0.012347560975609741 -0.14194139194139191
decision_type=10 8 10 2 2 2 2 10 2 2 2 2 10 10
left_child=3 2 5 4 8 -2 -4 -7 -1 -6 -11 12 -5 -14
right_child=1 -3 6 11 9 7 -8 -9 -10 10 -12 -13 13 -15
leaf_value=-0.0005137186365983948 0.00010430066206332826 0.00032269713646304431 -5.6512523320581995e-06 -8.692048144758666e-05 -4.6655790633186484e-05 -1.5961357804662484e-05 -0.00014007835018254377 0.00024948015312460219 -0.00012244312270882579 7.2477569700173759e-05 -0.00022135508863146619 -0.00032700289349853521 -0.00039435270865624409 0.00014456064650460412
leaf_weight=4910 258902 35066 273070 162472 97233 146453 57158 10925 58574 154006 9393 13350 12757 2353
leaf_count=4910 258902 35066 273070 162472 97233 146453 57158 10925 58574 154006 9393 13350 12757 2353
internal_value=5.00014e-07 3.72696e-05 2.38207e-05 -5.52387e-05 -1.6076e-05 6.58029e-05 -2.90107e-05 2.27907e-06 -0.000153201 1.72107e-05 5.53992e-05 -0.000121561 -0.000105942 -0.000308434
internal_weight=1.29662e+06 781574 746508 515048 324116 416280 330228 157378 63484 260632 163399 190932 177582 15110
internal_count=1296622 781574 746508 515048 324116 416280 330228 157378 63484 260632 163399 190932 177582 15110
is_linear=0
shrinkage=0.01


Tree=147
num_leaves=15
num_cat=0
split_feature=27 24 28 11 24 26 19 28 2 7 13 27 26 3
split_gain=23.1805 18.0821 16.9411 11.9242 8.89909 9.58577 11.2391 9.26061 8.05847 7.68837 7.18297 8.05069 7.10216 6.57832
threshold=1.0000000180025095e-35 -0.037042682926829239 -0.23956521739130432 -0.25777777777777772 -0.0292857142857143 0.14434523809523811 0.022233201581027654 0.47259759759759767 0.34021276595744687 0.34267676767676775 0.030931122448979612 0.49000000000000005 0.084219858156028379 -0.41918367346938773
decision_type=2 8 10 2 10 2 2 10 10 2 2 2 2 8
left_child=3 8 12 -1 5 -5 -7 13 -2 -10 -4 -12 -3 -6
right_child=1 2 10 4 7 6 -8 -9 9 -11 11 -13 -14 -15
leaf_value=-7.1601860066839031e-05 -7.7868242454053735e-05 -4.3098543615532661e-05 -7.039220172526907e-05 0.00011442078191107593 -0.00015141952051902921 -7.8609044611884911e-05 6.5519305610698024e-05 -0.0001321963627746322 -0.0013247401965293911 -0.00020478585021405847 7.9131659963588385e-06 0.00033311828474307485 0.00017031410214653588 0.00012547934878282322
leaf_weight=81553 252324 19757 182893 79261 8802 120610 97983 15974 629 46923 74341 8507 70457 237190
leaf_count=81553 252324 19757 182893 79261 8802 120610 97983 15974 629 46923 74341 8507 70457 237190
internal_value=-1.52006e-06 -4.33462e-05 4.7685e-06 4.12021e-05 5.7689e-05 2.01713e-05 -1.38671e-05 0.000100231 -0.000100558 -0.000220314 -3.53397e-05 4.16788e-05 0.000123244 0.000115448
internal_weight=1.2972e+06 655831 355955 641373 559820 297854 218593 261966 299876 47552 265741 82848 90214 245992
internal_count=1297204 655831 355955 641373 559820 297854 218593 261966 299876 47552 265741 82848 90214 245992
is_linear=0
shrinkage=0.01


Tree=148
num_leaves=15
num_cat=0
split_feature=24 28 3 26 3 21 26 27 28 28 24 28 27 10
split_gain=24.1191 14.8174 14.5899 11.9256 9.85025 9.4428 9.35893 9.11174 8.28509 7.9255 9.10564 7.26064 6.71125 6.67933
threshold=-0.051682692307692284 0.17006802721088435 0.22111111111111112 0.29217479674796754 0.39678030303030309 0.23124999999999998 0.15954545454545457 -0.14946808510638296 0.49000000000000005 -0.30217391304347824 0.043560606060606029 0.13211600429645545 -0.16496598639455781 0.0337121212121212
decision_type=10 10 10 2 8 2 2 2 10 10 10 10 2 2
left_child=2 6 3 7 -3 11 12 -1 -4 10 -8 -5 -2 -11
right_child=1 4 8 5 -6 -7 9 -9 -10 13 -12 -13 -14 -15
leaf_value=0.00012419537831674855 0.00012601566095807201 -1.8051487455396129e-06 -0.00015386409174894045 -1.3082322807803247e-05 -0.00021440510154423692 -0.00023915066658591677 8.9892120443748277e-06 -2.2914051154409384e-05 -0.00081285363089549643 2.88593638431907e-05 0.0002332864491672464 -0.00012842821746773526 -5.1884611489309288e-05 0.00014017773298085834
leaf_weight=70152 28347 277313 87330 175354 23678 29318 24679 104675 1972 156340 70929 79695 83940 83026
leaf_count=70152 28347 277313 87330 175354 23678 29318 24679 104675 1972 156340 70929 79695 83940 83026
internal_value=-1.36554e-06 3.55352e-05 -5.17597e-05 -2.89361e-05 -1.86313e-05 -6.89302e-05 7.20543e-05 3.59454e-05 -0.000168779 9.85444e-05 0.000175705 -4.92431e-05 -6.70412e-06 6.75976e-05
internal_weight=1.29675e+06 748252 548496 459194 300991 284367 447261 174827 89302 334974 95608 255049 112287 239366
internal_count=1296748 748252 548496 459194 300991 284367 447261 174827 89302 334974 95608 255049 112287 239366
is_linear=0
shrinkage=0.01


Tree=149
num_leaves=15
num_cat=0
split_feature=23 27 11 15 28 27 15 28 1 28 4 8 10 1
split_gain=28.6166 25.5888 11.3824 11.3489 8.36517 8.30737 6.88759 10.2843 7.86756 6.75726 6.14732 6.00647 5.06528 3.47289
threshold=0.034523809523809519 0.30104166666666676 -0.29795918367346935 0.11851063829787235 0.4587585034013606 -1.0000000180025095e-35 -0.40667311411992257 -0.45959183673469384 0.4587585034013606 -0.30217391304347824 -0.18042553191489358 -0.46295454545454545 0.011766334440753036 0.24222222222222226
decision_type=8 2 2 2 10 2 2 10 8 8 2 2 2 10
left_child=1 2 -1 9 5 -4 7 -3 12 -2 -6 -9 -8 -5
right_child=3 6 4 13 10 -7 8 11 -10 -11 -12 -13 -14 -15
leaf_value=-8.6925934654968261e-05 0.0004200933239682818 0.00075728106156954151 5.7435512027649292e-05 0.00037327093878463248 0.00018033261058641683 -6.9194773164601488e-06 -0.00015526149586584422 -0.0008731402315575365 -0.00029302725670903804 9.430839542544123e-05 -0.00018213898034213176 5.340230184729459e-05 -5.5642435534340798e-05 0.00079078341963682852
leaf_weight=101211 7354 2082 497751 10271 5463 334697 83631 737 22034 51888 29921 12794 134789 2724
leaf_count=101211 7354 2082 497751 10271 5463 334697 83631 737 22034 51888 29921 12794 134789 2724
internal_value=1.27903e-06 -1.01023e-05 1.33637e-05 0.00019471 2.50948e-05 3.15247e-05 -9.90219e-05 0.000103496 -0.000112298 0.000135275 -0.000125318 5.36832e-07 -9.39246e-05 0.00046326
internal_weight=1.29735e+06 1.22511e+06 969043 72237 867832 832448 256067 15613 240454 59242 35384 13531 218420 12995
internal_count=1297347 1225110 969043 72237 867832 832448 256067 15613 240454 59242 35384 13531 218420 12995
is_linear=0
shrinkage=0.01


Tree=150
num_leaves=15
num_cat=0
split_feature=27 0 11 28 3 15 27 28 26 19 19 15 25 15
split_gain=22.386 13.5956 11.9527 10.7541 8.62818 6.96298 6.66678 6.41451 6.10066 5.0274 4.40052 4.7838 3.71423 6.11252
threshold=1.0000000180025095e-35 0.37766439909297056 -0.25255102040816318 -0.23956521739130432 -0.41918367346938773 0.042572463768115916 0.49000000000000005 0.47259759759759767 0.020204081632653064 0.016954022988505794 -0.47979591836734686 0.024404761904761933 0.92500000000000016 -0.18133462282398449
decision_type=2 8 2 10 8 2 2 10 2 2 2 2 2 2
left_child=2 3 12 10 -4 -5 -7 9 -9 -6 -2 -12 -1 -14
right_child=1 -3 4 5 7 6 -8 8 -10 -11 11 -13 13 -15
leaf_value=-3.3964641735804405e-05 0.00054332322533808908 -0.00017468766155227274 -0.00011658655208384064 -7.1286668738774827e-05 4.5533519675220817e-05 -1.5878574190833126e-06 0.00028670797667763257 0.00037630156512131281 -0.00015250814549417165 0.00010867397187173819 1.2238006547987051e-05 0.00015053140363303227 -0.00049646329213652227 -7.6366319538511774e-05
leaf_weight=65764 1784 67213 26283 337471 264340 92468 8760 2415 20345 245365 115898 32111 4975 12156
leaf_count=65764 1784 67213 26283 337471 264340 92468 8760 2415 20345 245365 115898 32111 4975 12156
internal_value=1.18691e-06 -3.98808e-05 4.32013e-05 -2.44324e-05 5.98543e-05 -4.94454e-05 2.30719e-05 6.86205e-05 -9.50375e-05 7.59878e-05 4.86227e-05 4.24463e-05 -6.8683e-05 -0.000200183
internal_weight=1.29735e+06 655705 641643 588492 558748 438699 101228 532465 22760 509705 149793 148009 82895 17131
internal_count=1297348 655705 641643 588492 558748 438699 101228 532465 22760 509705 149793 148009 82895 17131
is_linear=0
shrinkage=0.01


Tree=151
num_leaves=15
num_cat=0
split_feature=23 27 24 28 24 24 26 26 20 27 3 3 7 28
split_gain=26.7958 24.5867 14.2902 11.4407 11.2383 10.65 8.89371 8.82763 6.74221 6.60074 6.48483 5.92579 5.24268 5.52438
threshold=0.054093567251462034 0.14051282051282057 0.2950000000000001 0.47259759759759767 -0.21937499999999996 -0.11043360433604334 0.063164893617021281 0.1023024594453166 -0.47979591836734686 0.38047619047619052 0.41207729468599036 -0.43938775510204076 0.2473404255319149 0.49000000000000005
decision_type=8 2 8 10 10 8 2 2 2 2 8 8 2 10
left_child=1 3 8 4 7 -2 -4 -1 -3 -10 -5 -6 -7 -14
right_child=5 2 6 10 11 12 -8 -9 9 -11 -12 -13 13 -15
leaf_value=9.9393034908082652e-05 7.5371187062749106e-06 0.00035048093924088328 -0.00017883525757257502 -0.00012792093591249777 -0.00011873108013857028 0.00028268731327719645 0.00014713976480720182 -6.7936506442033487e-05 -6.0772095627508211e-05 -0.00014554604810013778 -0.00081503523655747649 6.1595054193162716e-05 0.0012046418940096896 0.00026227023664438084
leaf_weight=39675 16162 3456 10255 30405 18744 33204 44086 151826 258788 144222 1458 542810 1358 1333
leaf_count=39675 16162 3456 10255 30405 18744 33204 44086 151826 258788 144222 1458 542810 1358 1333
internal_value=3.10148e-07 -8.95576e-06 -6.69551e-05 2.50562e-05 3.29427e-05 0.000222607 8.50646e-05 -3.31117e-05 -8.73531e-05 -9.11848e-05 -0.000160377 5.5522e-05 0.0003186 0.000749781
internal_weight=1.29778e+06 1.24572e+06 460807 784918 753055 52057 54341 191501 406466 403010 31863 561554 35895 2691
internal_count=1297782 1245725 460807 784918 753055 52057 54341 191501 406466 403010 31863 561554 35895 2691
is_linear=0
shrinkage=0.01


Tree=152
num_leaves=15
num_cat=0
split_feature=3 27 11 3 3 27 15 11 22 27 21 11 5 25
split_gain=22.6501 14.7077 9.78421 9.12881 7.15691 6.95509 7.95159 6.63943 6.39478 6.36549 6.96013 8.93053 4.8664 4.6534
threshold=0.30104166666666676 1.0000000180025095e-35 0.030931122448979612 -0.39472517730496448 -0.47894503546099287 0.49000000000000005 0.15607606679035249 -0.25777777777777772 0.4010869565217392 0.37779990044798412 0.2525510204081633 0.13450834879406312 0.42590909090909096 0.37500000000000006
decision_type=10 2 2 8 8 2 2 2 2 2 2 2 8 2
left_child=1 3 4 -1 -3 -4 -7 -5 -9 -2 13 -12 -6 -11
right_child=9 2 5 7 12 6 -8 8 -10 10 11 -13 -14 -15
leaf_value=-7.7156164608856132e-05 -6.6335478556317642e-05 -0.00063555063169617293 2.6169388089839104e-05 -3.8827017650804944e-05 -3.77059804177054e-05 0.00015646912180741125 0.00085115387959614679 8.4206202472584976e-05 -7.8280418327970479e-05 -0.00012254912643738217 1.0473661848158919e-05 -0.00041468851875350302 -0.00023569177379005279 -0.00042041239308023427
leaf_weight=50248 103469 2064 151021 56332 374703 9762 2030 456236 25385 8125 20530 6451 12910 16698
leaf_count=50248 103469 2064 151021 56332 374703 9762 2030 456236 25385 8125 20530 6451 12910 16698
internal_value=1.2102e-06 1.66574e-05 -2.03538e-05 5.14724e-05 -4.75925e-05 4.46548e-05 0.000278789 6.35432e-05 7.55792e-05 -0.000112075 -0.000202844 -9.01032e-05 -4.43793e-05 -0.000324152
internal_weight=1.29596e+06 1.14069e+06 552490 588201 389677 162813 11792 537953 481621 155273 51804 26981 387613 24823
internal_count=1295964 1140691 552490 588201 389677 162813 11792 537953 481621 155273 51804 26981 387613 24823
is_linear=0
shrinkage=0.01


Tree=153
num_leaves=15
num_cat=0
split_feature=24 28 3 3 27 7 14 28 20 24 21 27 28 28
split_gain=25.8465 13.6247 12.0393 9.55387 9.01874 9.91305 8.86298 7.8328 7.32564 13.237 11.9218 6.49383 6.25698 6.01195
threshold=-0.051682692307692284 0.17006802721088435 0.22111111111111112 0.39897959183673476 -0.126453488372093 0.016954022988505794 0.37095282146160968 0.49000000000000005 0.028594771241830078 0.43875000000000003 0.2423404255319149 1.0000000180025095e-35 0.49000000000000005 -0.35053191489361696
decision_type=8 10 10 8 2 2 2 10 2 10 2 2 10 10
left_child=2 6 4 11 5 -1 8 13 9 -2 -10 12 -3 -4
right_child=1 3 7 -5 -6 -7 -8 -9 10 -11 -12 -13 -14 -15
leaf_value=-2.6449288663116956e-05 1.752019309128902e-05 6.8872487205346339e-05 4.4047922372743282e-05 -0.00021058177712786219 -6.8999530533741933e-05 0.00013365165734731041 -8.8346318286760213e-05 -0.00078468249201514779 0.00013994204874690942 0.0001682188394697852 0.0010592976268710955 -4.795331915953074e-05 -0.00016966484287107939 -0.0001815405462000223
leaf_weight=128874 218807 130168 13842 23042 274658 55150 31841 1981 115763 79733 1436 136556 11947 73213
leaf_count=128874 218807 130168 13842 23042 274658 55150 31841 1981 115763 79733 1436 136556 11947 73213
internal_value=-1.18186e-06 3.69609e-05 -5.34169e-05 -1.48935e-05 -3.2678e-05 2.13696e-05 7.19827e-05 -0.000159915 8.43349e-05 5.787e-05 0.000151489 1.18148e-06 4.86054e-05 -0.000145326
internal_weight=1.29701e+06 749293 547718 301713 458682 184024 447580 89036 415739 298540 117199 278671 142115 87055
internal_count=1297011 749293 547718 301713 458682 184024 447580 89036 415739 298540 117199 278671 142115 87055
is_linear=0
shrinkage=0.01


Tree=154
num_leaves=15
num_cat=0
split_feature=23 27 24 11 24 15 7 26 20 24 5 23 26 5
split_gain=25.9079 23.6758 14.5813 11.7962 10.4927 8.98854 8.01191 7.63982 6.8246 6.71926 4.8172 4.63605 3.52329 3.90004
threshold=0.091666666666666688 0.060487804878048841 0.26163419913419916 -0.25777777777777772 0.13078947368421054 0.016954022988505794 0.43813775510204089 0.61620294599018022 -0.47979591836734686 0.2834821428571429 0.43405797101449284 0.034523809523809519 0.63299319727891168 0.2525510204081633
decision_type=10 2 8 2 10 2 2 2 2 10 10 8 2 10
left_child=1 3 8 12 5 -5 11 -6 -3 -8 -10 -4 -1 -14
right_child=-2 2 6 4 7 -7 9 -9 10 -11 -12 -13 13 -15
leaf_value=-2.3007279009399367e-05 0.00041989907324789473 0.00034455474858834269 2.9921765890087591e-05 -2.4784512599666403e-05 4.9828081632101433e-05 7.4065017102869552e-05 0.00012754072032532639 0.00016458056243498997 -8.0326901914531791e-05 -0.00032700076222406791 -0.00021684578416151845 0.00024294342357394761 -9.373514828633564e-05 -0.00034830256106731862
leaf_weight=54144 14456 3617 146365 222405 131618 156586 4503 105233 373932 10995 28099 11049 27087 7970
leaf_count=54144 14456 3617 146365 222405 131618 156586 4503 105233 373932 10995 28099 11049 27087 7970
internal_value=-1.00739e-06 -5.772e-06 -5.32018e-05 3.31065e-05 4.87034e-05 1.59778e-05 2.35546e-05 0.000100941 -8.5994e-05 -0.000192998 -8.99447e-05 4.50688e-05 -7.42352e-05 -0.00015249
internal_weight=1.29806e+06 1.2836e+06 578560 705043 615842 378991 172912 236851 405648 15498 402031 157414 89201 35057
internal_count=1298059 1283603 578560 705043 615842 378991 172912 236851 405648 15498 402031 157414 89201 35057
is_linear=0
shrinkage=0.01


Tree=155
num_leaves=15
num_cat=0
split_feature=24 28 4 28 26 15 26 20 21 11 24 28 26 25
split_gain=22.6001 16.3676 13.1745 11.9492 11.3427 9.81004 9.70759 8.0238 7.29006 7.07332 11.8671 6.92967 6.87377 6.74297
threshold=-0.051682692307692284 0.17006802721088435 0.21807065217391305 -0.41945945945945939 0.29893617021276603 -0.20106382978723403 0.15954545454545457 -0.026669758812615931 -0.26839539007092195 0.028594771241830078 0.39039039039039042 0.4793792517006803 0.88165266106442586 0.82500000000000018
decision_type=10 10 2 8 2 2 2 2 2 2 8 10 2 2
left_child=2 6 4 -4 -1 -6 -2 13 -7 10 -8 -5 -11 -3
right_child=1 7 3 11 5 8 9 -9 -10 12 -12 -13 -14 -15
leaf_value=3.7054028008179246e-05 -5.1162227363203425e-06 -7.1467745799187895e-05 0.00019962959200229663 -0.00017915250844233849 -0.00029438355133531974 8.736901596848368e-05 1.3511304025813597e-05 2.6857475498313997e-06 -6.9973899253112637e-05 0.00011139034556544082 0.00017019748051137475 -0.00069469248196391627 0.00027537934660443907 -0.00034825244985616102
leaf_weight=174352 112602 38933 8305 77624 17589 33536 141212 250588 233423 81457 73874 2743 38032 11548
leaf_count=174352 112602 38933 8305 77624 17589 33536 141212 250588 233423 81457 73874 2743 38032 11548
internal_value=8.05123e-07 3.65536e-05 -4.79895e-05 -0.000159641 -2.63491e-05 -6.53038e-05 7.4944e-05 -2.03682e-05 -5.0095e-05 0.000101978 6.74682e-05 -0.000197147 0.000163843 -0.000135396
internal_weight=1.29582e+06 748246 547572 88672 458900 284548 447177 301069 266959 334575 215086 80367 119489 50481
internal_count=1295818 748246 547572 88672 458900 284548 447177 301069 266959 334575 215086 80367 119489 50481
is_linear=0
shrinkage=0.01


Tree=156
num_leaves=15
num_cat=0
split_feature=24 28 22 1 22 28 22 26 11 19 25 19 22 25
split_gain=23.251 16.184 13.5259 10.6067 9.24706 9.17983 8.6825 6.86839 9.17181 6.42947 6.48297 5.7122 5.83077 5.4701
threshold=-0.051682692307692284 0.17006802721088435 0.080697674418604662 0.45603864734299526 -0.4560386473429951 -0.13525498891352547 0.37627551020408168 0.20204081632653065 -0.29795918367346935 -0.026669758812615931 0.77500000000000024 -0.13914893617021273 -0.18944444444444442 0.70000000000000018
decision_type=10 10 2 10 2 10 2 2 2 2 2 2 2 2
left_child=2 6 4 9 -1 13 7 -2 -9 10 -3 -6 -13 -4
right_child=1 3 5 -5 11 -7 -8 8 -10 -11 -12 12 -14 -15
leaf_value=-0.00020648826361950853 2.4422879971078478e-05 -8.5213741954048529e-06 4.2950104289878647e-05 -0.00031192255654576077 -9.5842388361310011e-05 -0.00016500963303156896 -9.5232942336558746e-05 -5.7496480665310539e-05 0.0001313497626752391 1.2309054477455169e-05 -0.00025444170886021288 -4.1867530958886047e-05 5.5873574186400119e-05 -0.00012323968703945837
leaf_weight=22343 125904 24250 45879 11928 48535 127789 27888 28247 265028 245442 19592 93045 176227 34655
leaf_count=22343 125904 24250 45879 11928 48535 127789 27888 28247 265028 245442 19592 93045 176227 34655
internal_value=6.40643e-07 3.6916e-05 -4.87948e-05 -1.96631e-05 -9.83462e-06 -0.000112264 7.51031e-05 8.65078e-05 0.000113058 -7.50555e-06 -0.000119112 3.89828e-06 2.19883e-05 -2.81933e-05
internal_weight=1.29675e+06 748279 548473 301212 340150 208323 447067 419179 293275 289284 43842 317807 269272 80534
internal_count=1296752 748279 548473 301212 340150 208323 447067 419179 293275 289284 43842 317807 269272 80534
is_linear=0
shrinkage=0.01


Tree=157
num_leaves=15
num_cat=0
split_feature=23 24 3 24 15 17 24 15 26 22 22 24 22 26
split_gain=25.3288 17.719 12.6141 10.8275 9.79655 9.07007 9.89717 10.6879 8.18353 6.84353 6.52577 6.34153 6.05245 4.46052
threshold=0.04006410256410254 -0.057189542483660143 0.29689535388623539 -0.03062500000000001 0.016954022988505794 -0.40454545454545449 0.43875000000000003 0.021286231884057986 0.18677325581395351 0.16496598639455781 -0.45180023228803712 -0.37627551020408156 0.49479166666666674 0.10990338164251208
decision_type=8 10 10 8 2 2 10 2 2 2 2 8 2 2
left_child=1 2 4 13 8 10 12 -8 -1 -5 -3 -4 -7 -2
right_child=3 5 11 9 -6 6 7 -9 -10 -11 -12 -13 -14 -15
leaf_value=1.1221677654229471e-05 0.00026907574419415456 -0.0007391191776379651 -7.6275207157498157e-05 0.00023598186040773287 3.2364719681996144e-05 1.5465570381465998e-05 0.00016571929421157276 -0.00012876185256260146 -0.00010422233589238111 0.00064130578567296744 -0.00011628077212257045 -0.00028217309709437761 -0.00028276143829302402 -5.3703492957272384e-05
leaf_weight=86256 5501 1828 27380 39023 134598 606649 81717 14395 209340 4791 25204 34321 6871 19061
leaf_count=86256 5501 1828 27380 39023 134598 606649 81717 14395 209340 4791 25204 34321 6871 19061
internal_value=-5.2745e-07 -1.09763e-05 -5.74669e-05 0.000186768 -3.82009e-05 2.00264e-05 2.69113e-05 0.000121299 -7.04341e-05 0.000281029 -0.000159586 -0.0001913 1.20754e-05 1.73902e-05
internal_weight=1.29694e+06 1.22856e+06 491895 68376 430194 736664 709632 96112 295596 43814 27032 61701 613520 24562
internal_count=1296935 1228559 491895 68376 430194 736664 709632 96112 295596 43814 27032 61701 613520 24562
is_linear=0
shrinkage=0.01


Tree=158
num_leaves=15
num_cat=0
split_feature=24 28 1 15 17 28 26 11 18 25 18 17 28 3
split_gain=22.9976 16.2681 14.0096 9.47295 8.923 7.68094 7.51802 10.6406 6.84692 5.63315 5.6214 5.37394 5.01262 4.99057
threshold=-0.057189542483660143 0.011369509043927641 0.34613526570048314 0.022233201581027654 -0.29893617021276592 0.21583850931677021 0.44058823529411767 -0.29795918367346935 -0.38318181818181812 0.70000000000000018 0.011766334440753036 -0.45959183673469384 -0.30217391304347824 0.45698427382053664
decision_type=10 10 10 2 2 8 2 2 2 2 2 2 10 8
left_child=2 6 3 5 13 9 10 -8 -7 -1 11 -2 -9 -3
right_child=1 4 -4 -5 -6 8 7 12 -10 -11 -12 -13 -14 -15
leaf_value=-1.1174336189857577e-06 -0.00043313722334485053 -0.00011151843306238918 -0.00021638988158858034 2.7569969371236909e-05 3.7681115887652063e-06 -0.00092986399809594179 -9.7335123598413394e-05 0.00021787507295354834 -0.00016312645322453194 -9.3740105924818552e-05 -1.844809984633069e-05 0.00010704363377425081 0.00010622620488353704 -0.00045246214290453092
leaf_weight=134671 1862 31726 47978 153212 373840 1210 19441 65648 48534 129384 95795 79667 108704 5073
leaf_count=134671 1862 31726 47978 153212 373840 1210 19441 65648 48534 129384 95795 79667 108704 5073
internal_value=-1.63328e-06 3.25233e-05 -5.35412e-05 -3.67456e-05 -1.07792e-05 -6.82431e-05 8.05177e-05 0.000123628 -0.000182435 -4.66157e-05 3.32328e-05 9.43233e-05 0.00014844 -0.000159368
internal_weight=1.29674e+06 781756 514989 467011 410639 313799 371117 193793 49744 264055 177324 81529 174352 36799
internal_count=1296745 781756 514989 467011 410639 313799 371117 193793 49744 264055 177324 81529 174352 36799
is_linear=0
shrinkage=0.01


Tree=159
num_leaves=15
num_cat=0
split_feature=23 28 4 23 11 22 3 19 26 19 6 19 28 18
split_gain=26.3809 16.5481 13.8607 9.14683 7.8572 6.69355 5.47953 5.46632 5.30751 6.11276 4.33289 3.75041 3.62372 3.6001
threshold=0.059027777777777797 0.011369509043927641 0.22111111111111112 0.025657894736842105 -0.35321969696969691 0.35053191489361707 -0.27888888888888885 -0.44159090909090903 0.065942028985507259 -0.08514492753623186 0.2423404255319149 0.39246068455134137 0.49000000000000005 -0.27888888888888885
decision_type=8 10 2 10 2 2 10 2 2 2 10 2 10 2
left_child=1 3 8 4 -1 -6 13 -8 11 -10 -2 -3 -12 -4
right_child=10 2 6 -5 5 -7 7 -9 9 -11 12 -13 -14 -15
leaf_value=-0.00011303257940551837 0.00030610181896625232 8.4667657415353825e-05 -0.00081961770028360619 0.0001835256463694633 4.2768248091491423e-05 -8.3308825081443105e-05 0.00015132558855361888 -0.00013653356327443178 -0.00012815309723407148 -1.6869320931464117e-05 0.0011211974317462364 -0.00014533260609095986 0.00034135430238463663 -0.00027717332816782302
leaf_weight=39719 16474 66737 1513 37664 513075 45727 6977 97238 56611 394532 1366 7844 1317 9002
leaf_count=39719 16474 66737 1513 37664 513075 45727 6977 97238 56611 394532 1366 7844 1317 9002
internal_value=1.67191e-06 -3.83246e-06 -3.97363e-05 3.22652e-05 2.26956e-05 3.23972e-05 -0.000139357 -0.00011697 -1.7938e-05 -3.09009e-05 0.000369997 6.00705e-05 0.000750375 -0.000358289
internal_weight=1.2958e+06 1.27664e+06 640454 636185 598521 558802 114730 104215 525724 451143 19157 74581 2683 10515
internal_count=1295796 1276639 640454 636185 598521 558802 114730 104215 525724 451143 19157 74581 2683 10515
is_linear=0
shrinkage=0.01


Tree=160
num_leaves=15
num_cat=0
split_feature=23 27 28 2 0 28 15 23 19 22 3 15 28 0
split_gain=23.111 20.8271 13.8834 9.90236 7.05495 6.52621 5.93126 5.8945 5.68056 5.23795 5.14499 4.47545 3.93613 3.79928
threshold=0.077380952380952397 0.019259259259259257 -0.23956521739130432 -0.40212765957446805 0.36811594202898557 0.084349593495934974 0.45603864734299526 0.024404761904761933 -0.47979591836734686 0.48456521739130437 -0.46404255319148929 -0.43938775510204076 0.33156028368794332 0.24222222222222226
decision_type=10 2 10 8 8 8 2 8 2 2 10 2 10 10
left_child=1 3 7 -1 10 6 -5 8 -3 -7 -4 -6 13 -2
right_child=12 2 4 5 11 9 -8 -9 -10 -11 -12 -13 -14 -15
leaf_value=-0.00010009185777355864 0.00039945213494431685 0.0004963872472606057 -0.00045173509446509486 7.0170276773561834e-05 0.00019194946288892477 1.3533289075229722e-05 0.00037646175368711383 0.0002392978902057492 9.2424200343953546e-06 -0.0004327071997632706 -5.4425200361797278e-05 -0.00020064643862987758 0.0001302713697719305 0.00098905468124471109
leaf_weight=49049 10526 2435 3304 334139 2996 247331 6492 13067 146571 2653 421411 51724 5268 1320
leaf_count=49049 10526 2435 3304 334139 2996 247331 6492 13067 146571 2653 421411 51724 5268 1320
internal_value=7.4031e-07 -4.11331e-06 -4.43953e-05 3.6238e-05 -7.14641e-05 4.7611e-05 7.60991e-05 3.54927e-05 1.74143e-05 8.67234e-06 -5.75898e-05 -0.000178594 0.000365777 0.000467917
internal_weight=1.29829e+06 1.28117e+06 641508 639664 479435 590615 340631 162073 149006 249984 424715 54720 17114 11846
internal_count=1298286 1281172 641508 639664 479435 590615 340631 162073 149006 249984 424715 54720 17114 11846
is_linear=0
shrinkage=0.01


Tree=161
num_leaves=15
num_cat=0
split_feature=23 27 24 24 5 7 22 24 24 20 20 22 22 24
split_gain=24.9324 21.8501 17.4042 10.0459 9.93312 8.98785 7.24684 6.86485 6.44513 6.3352 6.33261 5.49162 4.30354 3.98518
threshold=0.034523809523809519 -0.010874704491725782 0.37298387096774199 -0.03062500000000001 0.43683510638297879 -0.33156028368794321 -0.020620748299319726 -0.2214052287581699 -0.27158385093167697 0.2423404255319149 -0.47894503546099287 0.49479166666666674 -0.45180023228803712 0.46702898550724642
decision_type=8 2 8 8 8 2 2 10 8 2 2 2 2 10
left_child=1 5 4 -2 10 12 -4 8 -7 -5 -3 -9 -1 -14
right_child=3 2 6 9 -6 7 -8 11 -10 -11 -12 -13 13 -15
leaf_value=-0.00038608872505055788 2.3506195517426378e-05 0.00030081118588510018 0.00020918870430912823 0.00023992735727456388 -0.00022160351914273207 1.0119552077384907e-05 6.6996673423900865e-06 7.6048767616392394e-05 -0.00022596079344475717 0.00074243198969980897 -6.0659081134720792e-05 -0.00026330969417780013 -5.8867357334654593e-05 0.00025295657650386985
leaf_weight=3845 26093 4862 31659 43204 39706 102392 40731 373464 13011 2734 525387 4789 80861 4285
leaf_count=3845 26093 4862 31659 43204 39706 102392 40731 373464 13011 2734 525387 4789 80861 4285
internal_value=6.44992e-07 -9.96365e-06 -5.02059e-05 0.00018147 -6.87873e-05 3.43503e-05 9.56755e-05 5.10584e-05 -1.62423e-05 0.000270533 -5.72864e-05 7.16708e-05 -5.79954e-05 -4.2814e-05
internal_weight=1.29702e+06 1.22499e+06 642345 72031 569955 582647 72390 493656 115403 45938 530249 378253 88991 85146
internal_count=1297023 1224992 642345 72031 569955 582647 72390 493656 115403 45938 530249 378253 88991 85146
is_linear=0
shrinkage=0.01


Tree=162
num_leaves=15
num_cat=0
split_feature=24 28 1 22 19 19 28 3 22 22 28 7 10 24
split_gain=18.9834 14.5925 12.8773 10.6142 10.1023 7.77151 6.50102 6.06289 5.39912 5.14914 5.31228 4.42508 4.34243 4.15449
threshold=-0.057189542483660143 -0.23956521739130432 0.30558300395256921 0.080697674418604662 0.030931122448979612 -0.17006802721088435 -0.43969696969696964 0.28062500000000007 -0.18944444444444442 0.41864313292884731 0.4793792517006803 -0.43683510638297868 0.079772727272727287 -0.38799283154121861
decision_type=10 10 10 2 2 2 10 8 2 2 10 2 2 8
left_child=2 11 3 5 9 -1 -4 -6 -7 10 -3 -2 13 -8
right_child=1 4 6 -5 7 8 12 -9 -10 -11 -12 -13 -14 -15
leaf_value=-0.00013691688288694538 -0.00019952376582798247 -8.2695631400237009e-06 0.00017920000452276361 -9.2545937579201643e-05 8.1351356503157833e-05 -3.3210535050452426e-05 -7.9256222124849901e-05 -6.2502648184650992e-05 6.1058659423885461e-05 -0.00018657303830168663 -0.00020629891421613096 0.00011557956297402779 -9.0457059476321551e-05 -0.00034189633126020135
leaf_weight=32934 4495 330861 4405 165039 193378 96123 8147 34287 163814 18821 14149 185947 18544 27203
leaf_count=32934 4495 330861 4405 165039 193378 96123 8147 34287 163814 18821 14149 185947 18544 27203
internal_value=7.44558e-07 3.1838e-05 -4.62967e-05 -2.83974e-05 7.27118e-06 7.64977e-06 -0.000186363 5.95542e-05 2.60831e-05 -2.53624e-05 -1.64795e-05 0.000107982 -0.000216808 -0.000282227
internal_weight=1.29815e+06 781938 516209 457910 591496 292871 58299 227665 259937 363831 345010 190442 53894 35350
internal_count=1298147 781938 516209 457910 591496 292871 58299 227665 259937 363831 345010 190442 53894 35350
is_linear=0
shrinkage=0.01


Tree=163
num_leaves=15
num_cat=0
split_feature=23 27 11 28 5 22 23 28 20 22 20 28 28 17
split_gain=22.9021 22.6513 11.0969 10.3796 7.3201 6.53871 6.32224 5.20805 5.01886 4.67915 4.47768 5.81981 4.14087 4.06467
threshold=0.066964285714285712 0.019259259259259257 -0.11167800453514738 -0.23956521739130432 0.43683510638297879 0.4010869565217392 0.024404761904761933 0.47259759759759767 -0.47979591836734686 0.012347560975609741 0.16333333333333336 0.45505050505050515 -0.1633333333333333 -0.40454545454545449
decision_type=8 2 2 10 8 2 10 8 2 2 2 8 8 2
left_child=1 2 13 6 9 7 8 -4 -3 -5 11 -2 -12 -1
right_child=10 3 5 4 -6 -7 -8 -9 -10 -11 12 -13 -14 -15
leaf_value=-0.00025908652384966721 0.00036761131276674046 0.00045677454217665775 7.4206605281789968e-05 -1.9074889096432176e-05 -0.00021283716078879957 -9.1184229555251774e-05 0.00023673899330531903 -0.00010184168157029754 -2.8111650338813085e-06 -8.5493672875293789e-05 -9.7456160310891294e-05 -0.00010270891744123415 0.0007437452873232047 -2.9153640901553721e-05
leaf_weight=8255 10999 2411 462940 178895 33363 27181 12744 17293 146430 265433 614 3337 3949 122867
leaf_count=8255 10999 2411 462940 178895 33363 27181 12744 17293 146430 265433 614 3337 3949 122867
internal_value=9.97735e-07 -4.09041e-06 3.80111e-05 -4.61901e-05 -6.9641e-05 5.92279e-05 2.29517e-05 6.78041e-05 4.44093e-06 -5.882e-05 0.000346554 0.000256044 0.000623993 -4.38638e-05
internal_weight=1.29671e+06 1.27781e+06 638536 639276 477691 507414 161585 480233 148841 444328 18899 14336 4563 131122
internal_count=1296711 1277812 638536 639276 477691 507414 161585 480233 148841 444328 18899 14336 4563 131122
is_linear=0
shrinkage=0.01


Tree=164
num_leaves=15
num_cat=0
split_feature=23 27 28 0 7 27 6 4 28 25 28 28 1 25
split_gain=23.4214 22.2137 9.21453 7.93166 7.23597 7.26016 6.76857 6.43635 6.12837 5.00793 4.14378 3.96088 3.84039 3.38691
threshold=0.054093567251462034 0.23499399759903969 0.47259759759759767 0.39009661835748793 -0.33156028368794321 -0.11952380952380952 0.12361111111111113 -0.19895833333333332 -0.019259259259259278 1.0000000180025095e-35 -0.33156028368794321 0.49000000000000005 0.18819444444444447 0.70000000000000018
decision_type=8 2 8 10 2 2 10 2 10 2 8 10 10 2
left_child=1 2 4 8 -1 -6 10 -4 -3 -9 13 12 -8 -2
right_child=6 3 7 -5 5 -7 11 9 -10 -11 -12 -13 -14 -15
leaf_value=-5.4020978951550467e-05 0.00024607032111246494 -7.4105493142547346e-06 0.00014524380209741196 -0.00019922319566935515 6.7142942888923137e-05 5.1035536105934683e-06 0.00043333020489733711 0.00076847763400411651 -9.8512656991467097e-05 -0.00022000878936633065 0.00010441228430207166 0.00013886085797319402 0.0010326298615187083 0.00089142237373074698
leaf_weight=103603 3078 134670 6413 45955 364570 393212 7361 506 165526 28998 34186 3976 1374 1223
leaf_count=103603 3078 134670 6413 45955 364570 393212 7361 506 165526 28998 34186 3976 1374 1223
internal_value=5.91997e-08 -8.54846e-06 1.76762e-05 -7.6615e-05 2.42497e-05 3.49905e-05 0.000209689 -0.000139127 -5.7744e-05 -0.000201963 0.000142395 0.000411004 0.000531354 0.000437041
internal_weight=1.29465e+06 1.24345e+06 897302 346151 861385 757782 51198 35917 300196 29504 38487 12711 8735 4301
internal_count=1294651 1243453 897302 346151 861385 757782 51198 35917 300196 29504 38487 12711 8735 4301
is_linear=0
shrinkage=0.01


Tree=165
num_leaves=15
num_cat=0
split_feature=1 27 28 4 3 11 19 22 28 27 19 21 19 28
split_gain=20.4724 12.4197 11.1711 9.75758 8.15093 7.75746 6.8268 6.26713 5.84986 4.48375 4.94565 4.34002 3.71463 3.43364
threshold=0.34613526570048314 1.0000000180025095e-35 -0.23956521739130432 0.41751700680272114 -0.45789007092198575 -0.35321969696969691 0.021286231884057986 0.32025641025641027 0.41010101010101013 0.47646733111849393 -0.38148936170212761 0.024404761904761933 0.04083333333333334 -0.39528508771929821
decision_type=10 2 10 2 10 2 2 2 10 2 2 2 2 10
left_child=1 3 11 5 -4 -1 -7 -6 9 13 -11 -3 -13 -2
right_child=8 2 4 -5 7 6 -8 -9 -10 10 -12 12 -14 -15
leaf_value=-7.9273579119797756e-05 0.00010343005995850191 3.242857720598299e-06 -0.00041063504120078927 -0.00019755928668320214 -2.9353943132493088e-05 2.757346627421001e-05 9.8640711805698982e-05 -0.00016285064810385924 -0.0003149702836611347 -3.7734008767193672e-05 -0.00040142421653256358 8.2370560405769844e-05 0.00029768420006421649 -9.1931293855419379e-05
leaf_weight=42531 9927 78050 6100 16248 378496 292361 253907 38937 14156 6548 9365 57579 9504 84427
leaf_count=42531 9927 78050 6100 16248 378496 292361 253907 38937 14156 6548 9365 57579 9504 84427
internal_value=-6.69262e-07 1.22375e-05 -2.12807e-05 4.37898e-05 -4.72639e-05 5.05017e-05 6.0661e-05 -4.18791e-05 -0.00012266 -9.76915e-05 -0.00025369 5.4337e-05 0.000113334 -7.10567e-05
internal_weight=1.29814e+06 1.17371e+06 568666 605047 423533 588799 546268 417433 124423 110267 15913 145133 67083 94354
internal_count=1298136 1173713 568666 605047 423533 588799 546268 417433 124423 110267 15913 145133 67083 94354
is_linear=0
shrinkage=0.01


Tree=166
num_leaves=15
num_cat=0
split_feature=23 27 24 24 3 20 0 3 3 20 1 7 27 4
split_gain=21.6321 23.3351 13.8453 8.41919 6.80994 6.34528 6.00603 5.99009 5.68129 4.10272 4.48696 3.58448 3.40123 2.91442
threshold=0.091666666666666688 0.28024390243902447 0.13078947368421054 0.31101190476190482 -0.41578014184397155 0.016954022988505794 0.28492136910268279 0.47979591836734697 0.051551870748299318 -0.47979591836734686 0.39009661835748793 -0.30217391304347824 0.43513323983169711 0.28334980237154156
decision_type=10 2 10 8 10 2 10 10 10 2 8 2 2 2
left_child=1 2 5 9 13 11 -7 -6 -5 -3 -11 -1 -10 -4
right_child=-2 3 4 8 7 6 -8 -9 12 10 -12 -13 -14 -15
leaf_value=-0.00012413760788939759 0.00038572087836209051 0.00026809070221817089 -8.6814565858278121e-05 0.00017206300280348083 7.8259644360297999e-05 3.6622948077768944e-05 -9.5958376201070084e-05 -0.00041105908144704884 5.2684535795490085e-06 -8.5829835096452406e-05 -0.00019616062954304033 -2.8845439976162598e-05 -0.00036468992290300892 -0.00054425872067863249
leaf_weight=47697 14394 2931 14796 20294 366894 276353 38896 2497 7981 214351 45274 239232 3508 1581
leaf_count=47697 14394 2931 14796 20294 366894 276353 38896 2497 7981 214351 45274 239232 3508 1581
internal_value=2.30634e-07 -4.0741e-06 1.9186e-05 -8.22477e-05 6.59684e-05 -1.07342e-05 2.01689e-05 7.48674e-05 7.09117e-05 -0.000100903 -0.000105187 -4.47918e-05 -0.000105148 -0.000132898
internal_weight=1.29668e+06 1.28228e+06 987946 294339 385768 602178 315249 369391 31783 262556 259625 286929 11489 16377
internal_count=1296679 1282285 987946 294339 385768 602178 315249 369391 31783 262556 259625 286929 11489 16377
is_linear=0
shrinkage=0.01


Tree=167
num_leaves=15
num_cat=0
split_feature=24 23 3 27 26 19 27 24 26 23 3 24 16 10
split_gain=21.2518 19.6081 13.2858 10.4192 9.83207 13.4252 12.4353 9.07627 8.80385 6.50326 5.99406 5.62388 5.67617 5.53267
threshold=-0.057189542483660143 0.051315789473684266 0.37766439909297056 0.084219858156028407 0.20483682983682985 -0.18042553191489358 -0.14946808510638296 0.31101190476190482 0.063164893617021281 0.016954022988505794 -0.41578014184397155 -0.37939393939393934 -0.45959183673469384 0.021980676328502428
decision_type=10 10 10 2 2 2 2 10 2 10 8 10 2 2
left_child=2 3 4 10 6 -6 9 -5 -9 -1 -2 -4 -13 -7
right_child=1 -3 11 7 5 13 -8 8 -10 -11 -12 12 -14 -15
leaf_value=9.5945253147996493e-05 -9.4731524490542887e-05 0.00026259353707546856 -8.0781206341364023e-05 -4.9395038126319048e-05 -0.00024303769459012057 -7.6970934132270915e-05 -4.452602798466227e-05 -0.00016977476166131782 0.00014009134850016784 0.00038219192593683305 6.1867981007332479e-05 0.00033169178227653566 -0.00036411110527422133 1.3892804012608507e-05
leaf_weight=49066 25889 34832 15846 258570 38662 186506 87750 11075 51474 9616 399099 1190 22297 103806
leaf_count=49066 25889 34832 15846 258570 38662 186506 87750 11075 51474 9616 399099 1190 22297 103806
internal_value=-2.23293e-06 3.0623e-05 -5.21386e-05 1.97522e-05 -3.74492e-05 -6.78182e-05 3.05729e-05 -2.31735e-05 8.4741e-05 0.00014338 5.22572e-05 -0.000228907 -0.000327542 -4.43779e-05
internal_weight=1.29568e+06 780939 514739 746107 475406 328974 146432 321119 62549 58682 424988 39333 23487 290312
internal_count=1295678 780939 514739 746107 475406 328974 146432 321119 62549 58682 424988 39333 23487 290312
is_linear=0
shrinkage=0.01


Tree=168
num_leaves=15
num_cat=0
split_feature=23 27 24 24 28 6 19 22 22 24 11 22 24 28
split_gain=20.2242 19.81 10.0898 10.0813 9.34032 8.88926 8.79185 7.7234 6.47927 5.69102 4.93118 4.54941 5.22494 4.35076
threshold=0.054093567251462034 0.23499399759903969 0.31101190476190482 0.13078947368421054 0.41010101010101013 0.16333333333333336 0.015877016129032254 -0.4560386473429951 0.4793792517006803 -0.094916344916344889 0.012347560975609741 0.030306122448979626 -0.051682692307692284 -0.1633333333333333
decision_type=8 2 8 10 8 10 2 2 2 10 2 2 10 8
left_child=1 3 11 4 6 9 -1 -5 -9 -2 -6 -3 -13 -7
right_child=5 2 -4 7 10 13 -8 8 -10 -11 -12 12 -14 -15
leaf_value=-4.0056695138719526e-05 3.0676453549903435e-07 -5.2689034999488398e-05 7.9997452023381697e-05 -0.00029641317047512076 -0.00028038470842810129 -0.00013671389933842332 4.2668788186886931e-05 6.9760506435809653e-05 -0.00033297252976016283 0.00023182264944268921 -4.8361337228220283e-05 -0.00019303369324250562 -7.5593995780759885e-05 0.00073617496211842868
leaf_weight=258617 16589 154171 38419 5988 18287 600 255244 338063 4015 30838 19093 71305 83450 3986
leaf_count=258617 16589 154171 38419 5988 18287 600 255244 338063 4015 30838 19093 71305 83450 3986
internal_value=-1.727e-07 -8.25664e-06 -7.24144e-05 1.64902e-05 -1.00684e-05 0.000192996 9.76168e-07 5.86377e-05 6.4943e-05 0.000151481 -0.000162687 -9.14666e-05 -0.000129902 0.00061542
internal_weight=1.29866e+06 1.24665e+06 347345 899307 551241 52013 513861 348066 342078 47427 37380 308926 154755 4586
internal_count=1298665 1246652 347345 899307 551241 52013 513861 348066 342078 47427 37380 308926 154755 4586
is_linear=0
shrinkage=0.01


Tree=169
num_leaves=15
num_cat=0
split_feature=23 27 24 26 22 28 22 28 24 14 28 19 22 26
split_gain=20.9118 22.8481 12.689 11.1211 8.27052 8.31344 7.95483 7.65301 7.05897 7.46774 7.26639 6.73494 4.80938 4.4501
threshold=0.066964285714285712 0.33166666666666672 0.26163419913419916 0.36055555555555557 0.32025641025641027 0.45505050505050515 -0.45959183673469384 -0.30217391304347824 -0.039736842105263147 0.011766334440753036 0.18042553191489366 -0.47894503546099287 -0.20782520325203249 0.27386363636363642
decision_type=10 2 10 2 2 8 2 10 8 2 10 2 2 2
left_child=1 2 4 6 5 -1 -4 -5 9 -3 12 -11 -10 -6
right_child=-2 8 3 7 13 -7 -8 -9 10 11 -12 -13 -14 -15
leaf_value=1.2707866531502967e-05 0.00033476538648356862 -0.00022973433528408212 -0.00066748234105841345 0.00022797708623899411 0 -0.00015443326223052729 8.8083026937124626e-06 8.022673179017517e-05 0.00019300031492502565 0.00064186284006404642 -0.00012463339637441048 -8.5895536063791477e-05 -1.3110475616820096e-05 -0.00015830962330755461
leaf_weight=623925 18431 57558 1760 48957 27143 31235 129012 127713 14558 1288 53246 59742 49945 51572
leaf_count=623925 18431 57558 1760 48957 27143 31235 129012 127713 14558 1288 53246 59742 49945 51572
internal_value=3.37238e-07 -4.4644e-06 1.56572e-05 6.95982e-05 -6.89966e-06 4.69289e-06 -7.92827e-08 0.000121343 -9.32474e-05 -0.000147793 -3.8056e-05 -7.00143e-05 3.29494e-05 -0.000103764
internal_weight=1.29608e+06 1.27765e+06 1.04132e+06 307442 733875 655160 130772 176670 236337 118588 117749 61030 64503 78715
internal_count=1296085 1277654 1041317 307442 733875 655160 130772 176670 236337 118588 117749 61030 64503 78715
is_linear=0
shrinkage=0.01


Tree=170
num_leaves=15
num_cat=0
split_feature=24 23 28 22 27 15 27 28 28 26 23 27 22 23
split_gain=23.901 20.2629 13.2676 12.1253 11.9621 11.0529 10.2183 9.18688 7.64396 7.17405 6.86318 6.7675 6.51346 6.35169
threshold=-0.057189542483660143 0.051315789473684266 -0.30217391304347824 0.080697674418604662 -0.010874704491725782 0.010753931544865871 0.36410984848484856 -0.45959183673469384 0.47259759759759767 0.68042553191489374 0.010310374149659853 0.04027027027027031 -0.30395962732919252 0.012347560975609741
decision_type=10 10 10 2 2 2 2 10 10 2 10 2 2 8
left_child=3 2 9 5 8 -1 13 10 -4 -2 -8 12 -7 -5
right_child=1 -3 4 6 -6 11 7 -9 -10 -11 -12 -13 -14 -15
leaf_value=-0.00012779484940336218 5.7291474602467865e-05 0.00026932920713335919 6.3172105620176814e-05 -6.7950515740426167e-05 -3.7997105149531757e-05 -6.3502320352617334e-05 0.00083851304980812153 -0.00034281138149822775 -0.00015383086504256924 0.00021171801517978921 -0.00051488607588768133 -4.0049379143727199e-05 0.00010156968158325697 -0.00029880120534417739
leaf_weight=69753 81968 34999 273634 150641 325476 30892 1181 25862 17181 48249 517 120232 102966 13055
leaf_count=69753 81968 34999 273634 150641 325476 30892 1181 25862 17181 48249 517 120232 102966 13055
internal_value=-7.39126e-07 3.40938e-05 2.30239e-05 -5.36457e-05 3.59493e-06 -1.62521e-05 -0.000116804 -0.000295387 5.02472e-05 0.000114745 0.000408618 1.42518e-05 6.32494e-05 -8.65496e-05
internal_weight=1.29661e+06 781507 746508 515099 616291 323843 191256 27560 290815 130217 1698 254090 133858 163696
internal_count=1296606 781507 746508 515099 616291 323843 191256 27560 290815 130217 1698 254090 133858 163696
is_linear=0
shrinkage=0.01


Tree=171
num_leaves=15
num_cat=0
split_feature=24 22 11 17 27 26 22 27 3 2 27 26 3 24
split_gain=18.7704 12.1377 10.2706 9.78585 9.44258 10.8774 8.61108 7.99198 7.10428 7.10336 8.57639 6.67425 4.75318 4.6615
threshold=-0.051682692307692284 0.080697674418604662 1.0000000180025095e-35 -0.40454545454545449 -0.14946808510638296 0.15954545454545457 -0.45959183673469384 0.41010101010101013 0.47979591836734697 -0.41578014184397155 0.019259259259259257 0.16496598639455784 -0.41918367346938773 -0.066005802707930342
decision_type=10 2 2 2 2 2 2 2 8 8 2 2 8 10
left_child=1 2 6 8 5 -4 -1 -3 -2 -5 12 -12 -11 -8
right_child=3 7 4 9 -6 -7 13 -9 -10 10 11 -13 -14 -15
leaf_value=-0.00049563826480198466 -9.6066762480346478e-05 -8.3971298642923596e-05 0.00028421629138899237 -0.00011191841992801061 -2.1650736444814332e-05 3.6954051488505204e-05 -0.00011421329756185806 -0.00028989089962369277 -0.00061781758729353444 -0.00013848313127539703 -5.7134767417164692e-05 3.8732246080026766e-05 8.9128006903092875e-05 0.00011401834466296985
leaf_weight=5413 23952 186853 24547 29706 172826 66000 60410 21144 2969 9341 100527 260573 320743 10375
leaf_count=5413 23952 186853 24547 29706 172826 66000 60410 21144 2969 9341 100527 260573 320743 10375
internal_value=-3.76128e-07 -4.48841e-05 -7.94039e-06 3.21738e-05 2.15461e-05 0.000104325 -0.000110249 -0.000105052 -0.000154785 3.91978e-05 4.57364e-05 1.19604e-05 8.25948e-05 -8.0334e-05
internal_weight=1.29538e+06 547568 339571 747811 263373 90547 76198 207997 26921 720890 691184 361100 330084 70785
internal_count=1295379 547568 339571 747811 263373 90547 76198 207997 26921 720890 691184 361100 330084 70785
is_linear=0
shrinkage=0.01


Tree=172
num_leaves=15
num_cat=0
split_feature=23 24 26 28 4 21 1 28 24 19 28 25 23 11
split_gain=21.0438 16.6108 11.6901 11.2099 9.39143 7.79134 7.75968 7.14133 6.49384 6.09293 7.5221 5.8619 5.12261 4.6433
threshold=0.059027777777777797 0.26163419913419916 0.52041666666666686 0.12034482758620692 0.37627551020408168 -1.0000000180025095e-35 0.26020833333333337 -0.43969696969696964 -0.066005802707930342 0.020416666666666698 0.072948328267477228 0.82500000000000018 0.010310374149659853 -0.23401360544217684
decision_type=10 10 2 10 2 2 8 10 10 2 10 2 10 2
left_child=1 6 4 13 12 -5 9 -8 -9 11 -11 -1 -3 -4
right_child=-2 2 3 5 -6 -7 7 8 -10 10 -12 -13 -14 -15
leaf_value=-2.0204534667315859e-05 0.0003299721381452178 -3.8016971689909168e-05 -8.9536237960682383e-06 0.0001015405973558888 -0.00020431190924746496 -0.00012350639897365474 0.0001781785340502131 -0.00019098284146217833 -3.6327549539722423e-05 6.2920668647514866e-05 -3.1261230324885667e-05 -0.00010154364533088644 6.9880589832277897e-05 0.00019434154346818663
leaf_weight=326068 18833 80202 12388 35195 20678 27314 8237 64580 47789 162157 177354 122384 96950 97086
leaf_count=326068 18833 80202 12388 35195 20678 27314 8237 64580 47789 162157 177354 122384 96950 97086
internal_value=-1.80809e-06 -6.72008e-06 4.97498e-05 0.000110054 -2.52432e-06 2.7227e-06 -2.9738e-05 -0.000104488 -0.00012548 -1.82583e-05 1.36337e-05 -4.24697e-05 2.0863e-05 0.000171063
internal_weight=1.29722e+06 1.27838e+06 369813 171983 197830 62509 908569 120606 112369 787963 339511 448452 177152 109474
internal_count=1297215 1278382 369813 171983 197830 62509 908569 120606 112369 787963 339511 448452 177152 109474
is_linear=0
shrinkage=0.01


Tree=173
num_leaves=15
num_cat=0
split_feature=23 27 24 24 1 26 2 22 17 22 19 11 19 25
split_gain=19.6252 20.3207 9.56701 8.7288 7.86913 7.85962 7.80281 6.32132 6.21697 5.76664 5.02928 4.52066 3.86111 4.08106
threshold=0.059027777777777797 0.18042553191489366 0.26163419913419916 -0.22821969696969696 0.47979591836734697 0.1023024594453166 -0.41918367346938773 0.27041666666666675 0.35166827852998073 0.49479166666666674 0.2423404255319149 0.056186868686868681 -0.47979591836734686 0.82500000000000018
decision_type=8 2 8 10 8 2 8 2 2 2 2 2 2 2
left_child=1 3 12 5 8 -1 -5 -7 -4 -8 -2 -6 13 -3
right_child=10 2 4 6 11 7 9 -9 -10 -11 -12 -13 -14 -15
leaf_value=8.9863350069805192e-05 0.00025129850082013119 0.00045325819250284825 5.3736557073069066e-05 -0.00010427874047426924 -0.00011387352738868265 -3.6900153142178879e-05 5.4599798033995809e-05 -0.00021021829257601512 -0.00023713497619663997 -0.00024299589168358504 0.00072294541864390785 -0.00071698830968433731 -9.2585368806876784e-05 -0.00037874961938106694
leaf_weight=41018 16429 2475 108175 33801 3347 127937 619265 25372 7853 6542 2737 2126 299005 733
leaf_count=41018 16429 2475 108175 33801 3347 127937 619265 25372 7853 6542 2737 2126 299005 733
internal_value=2.71475e-06 -2.02689e-06 -5.86644e-05 2.60411e-05 1.60673e-05 -3.27742e-05 4.34142e-05 -6.57828e-05 3.37856e-05 5.14397e-05 0.00032032 -0.000353898 -8.88085e-05 0.000253633
internal_weight=1.29682e+06 1.27765e+06 423714 853935 121501 194327 659608 153309 116028 625807 19166 5473 302213 3208
internal_count=1296815 1277649 423714 853935 121501 194327 659608 153309 116028 625807 19166 5473 302213 3208
is_linear=0
shrinkage=0.01


Tree=174
num_leaves=15
num_cat=0
split_feature=23 27 28 28 22 0 11 28 25 15 19 26 28 15
split_gain=20.5008 17.8402 11.0284 7.47012 7.22481 7.17665 6.96797 6.75949 4.75181 5.33022 5.06057 4.33219 4.22305 4.06024
threshold=0.043560606060606029 0.17416582406471184 0.47849213691026832 -0.019259259259259278 0.39663461538461547 0.16333333333333336 -0.29795918367346935 -0.20106382978723403 0.27500000000000008 -0.40667311411992257 -0.44159090909090903 0.06030303030303031 -1.0000000180025095e-35 0.023268398268398275
decision_type=10 2 8 10 2 10 2 10 2 2 2 2 10 2
left_child=1 2 4 8 6 7 -1 -2 10 -10 -3 -4 -7 -6
right_child=5 3 11 -5 13 12 -8 -9 9 -11 -12 -13 -14 -15
leaf_value=-5.929713918158024e-05 0.00034439572865811258 -0.00073360373889844806 0.00012803548964685911 -0.00010221690974722597 -0.00015333334340160391 -0.00017694560914403864 4.1145773189556359e-05 8.49317157728732e-05 0.00022473382888209923 -1.0707914391083382e-05 -0.00010369149572926449 -0.00023159026302611656 0.00068023643738946067 9.7472205031035028e-05
leaf_weight=76745 13176 1355 3790 227350 33433 609 672214 44545 10263 150652 28214 23526 3959 7843
leaf_count=76745 13176 1355 3790 227350 33433 609 672214 44545 10263 150652 28214 23526 3959 7843
internal_value=-1.36856e-06 -1.03167e-05 1.68214e-05 -6.34877e-05 2.36838e-05 0.000175611 3.08132e-05 0.000144694 -1.71045e-05 4.12581e-06 -0.000133643 -0.000180587 0.000559354 -0.000104947
internal_weight=1.29767e+06 1.23538e+06 817551 417834 790235 62289 748959 57721 190484 160915 29569 27316 4568 41276
internal_count=1297674 1235385 817551 417834 790235 62289 748959 57721 190484 160915 29569 27316 4568 41276
is_linear=0
shrinkage=0.01


Tree=175
num_leaves=15
num_cat=0
split_feature=23 24 3 26 28 3 28 23 23 3 21 26 28 22
split_gain=19.6664 17.4467 10.3773 9.76069 10.3125 9.08933 7.78239 7.70676 7.29843 7.27456 5.78022 10.5429 5.09938 4.93892
threshold=0.066964285714285712 0.26163419913419916 0.22111111111111112 0.52041666666666686 -0.30217391304347824 -0.42111111111111105 0.41010101010101013 0.010527482269503509 0.04006410256410254 0.47979591836734697 0.23124999999999998 0.12097560975609757 -0.39897959183673465 0.12097560975609757
decision_type=8 10 10 2 10 10 10 10 10 10 2 2 10 2
left_child=1 2 10 7 8 -6 12 9 -5 -3 13 -12 -4 -1
right_child=-2 3 6 4 5 -7 -8 -9 -10 -11 11 -13 -14 -15
leaf_value=1.3455462358416414e-05 0.0003209624307976521 -3.3530348108557671e-05 8.4616941308706658e-05 0.00020497425477108129 -0.00032169657876477813 8.0660249084347851e-05 -0.00036048287957376676 7.9881817235284317e-05 0.00073475938453371919 -0.00052102795344876446 9.9219831956586006e-05 -0.00016152671551251531 -0.00010928968389849273 -4.3951955764779196e-05
leaf_weight=469304 18778 113938 15260 41524 5857 122045 11320 81061 2830 3155 20744 60112 111541 219977
leaf_count=469304 18778 113938 15260 41524 5857 122045 11320 81061 2830 3155 20744 60112 111541 219977
internal_value=-2.58857e-07 -5.00039e-06 -2.86111e-05 5.28126e-05 0.000107877 6.19935e-05 -0.000108459 4.79242e-06 0.000239501 -4.69349e-05 -1.42513e-05 -9.42587e-05 -8.57158e-05 -4.82212e-06
internal_weight=1.29745e+06 1.27867e+06 908258 370410 172256 127902 138121 198154 44354 117093 770137 80856 126801 689281
internal_count=1297446 1278668 908258 370410 172256 127902 138121 198154 44354 117093 770137 80856 126801 689281
is_linear=0
shrinkage=0.01


Tree=176
num_leaves=15
num_cat=0
split_feature=23 27 24 24 24 11 4 24 25 7 19 1 25 19
split_gain=22.8827 18.1086 9.61482 8.78832 8.1243 6.34977 6.06968 5.59364 5.11315 4.76415 4.70585 4.69498 4.3807 4.36572
threshold=0.04653679653679655 0.23499399759903969 -0.1645833333333333 -0.18660714285714283 0.31101190476190482 0.022233201581027654 0.34021276595744687 0.26163419913419916 0.70000000000000018 0.031582446808510641 -0.47979591836734686 0.41207729468599036 0.82500000000000018 -0.097872340425531903
decision_type=10 2 10 8 8 2 2 10 2 2 2 8 2 2
left_child=1 2 5 -2 10 8 7 -4 -1 -8 12 -12 -3 -7
right_child=3 4 6 -5 -6 13 9 -9 -10 -11 11 -13 -14 -15
leaf_value=-1.9503276739667047e-05 -2.7764060015799439e-05 0.00049711954819404178 1.7665062265541926e-05 0.00026127752734268403 6.5081208651969586e-05 -9.8005096115658531e-05 -0.00020797762615042611 8.0084760811043466e-05 -0.0001382063911580893 1.3208547538430242e-06 -7.6998806567268619e-05 -0.00019065851077198096 -0.00036381545756952049 6.4498464887574852e-05
leaf_weight=70120 13552 2465 379063 44344 38265 21736 17412 232745 76719 28215 260613 42817 734 68043
leaf_count=70120 13552 2465 379063 44344 38265 21736 17412 232745 76719 28215 260613 42817 734 68043
internal_value=-1.18205e-06 -1.02857e-05 1.34313e-05 0.000193104 -7.18528e-05 -4.11746e-05 3.31303e-05 4.14602e-05 -8.1728e-05 -7.79018e-05 -8.90395e-05 -9.31379e-05 0.000290056 2.48193e-05
internal_weight=1.29684e+06 1.23895e+06 894053 57896 344894 236618 657435 611808 146839 45627 306629 303430 3199 89779
internal_count=1296843 1238947 894053 57896 344894 236618 657435 611808 146839 45627 306629 303430 3199 89779
is_linear=0
shrinkage=0.01


Tree=177
num_leaves=15
num_cat=0
split_feature=23 24 27 26 28 4 23 3 7 27 26 24 19 22
split_gain=20.3333 17.0424 15.6746 11.1071 10.3471 9.38246 8.11253 8.08177 7.47114 7.75649 7.44576 4.67516 4.73736 4.4646
threshold=0.066964285714285712 0.26163419913419916 0.23499399759903969 0.52041666666666686 -0.30217391304347824 0.35486111111111113 0.04006410256410254 -0.43683510638297868 -0.33156028368794321 -0.15261756876663707 0.64365079365079381 -0.42752100840336132 -0.47979591836734686 0.092429995253915556
decision_type=8 10 2 2 10 2 10 10 2 2 2 10 2 2
left_child=1 2 8 5 6 -3 -5 -6 10 -10 -1 13 -13 -4
right_child=-2 3 11 4 7 -7 -8 -9 9 -11 -12 12 -14 -15
leaf_value=-1.7883897532839345e-05 0.00032624746458024699 2.6914722803758385e-05 0.00022534804032551373 0.00020640234078702968 -0.00031378995656924658 -0.00018412023585066841 0.0007621423847712003 8.1969995131013224e-05 4.9704057882928164e-05 -2.3742147877368744e-05 -0.00022726138850457145 0.00029630977168505882 -0.00010934667077010316 -0.00014885169952012122
leaf_weight=45299 18837 174369 8554 41625 5357 23957 2855 122330 266517 311719 27512 2872 239933 4986
leaf_count=45299 18837 174369 8554 41625 5357 23957 2855 122330 266517 311719 27512 2872 239933 4986
internal_value=9.90714e-08 -4.68588e-06 -2.80426e-05 5.2437e-05 0.000111204 1.26887e-06 0.000242797 6.51243e-05 -1.91552e-06 1.00584e-05 -9.74163e-05 -9.42805e-05 -0.000104421 8.53343e-05
internal_weight=1.29672e+06 1.27788e+06 907392 370493 172167 198326 44480 127687 651047 578236 72811 256345 242805 13540
internal_count=1296722 1277885 907392 370493 172167 198326 44480 127687 651047 578236 72811 256345 242805 13540
is_linear=0
shrinkage=0.01


Tree=178
num_leaves=15
num_cat=0
split_feature=24 3 26 28 27 3 14 19 25 28 28 24 28 19
split_gain=17.2775 14.7536 11.3456 11.1911 10.5056 8.80854 8.74265 8.6876 9.87779 8.26481 6.48431 6.94069 6.245 6.15347
threshold=-0.051682692307692284 0.22111111111111112 0.16064516129032261 0.17006802721088435 -0.14946808510638296 0.39678030303030309 0.37095282146160968 -0.26020833333333326 0.82500000000000018 0.49000000000000005 -0.33935483870967736 -0.42163742690058476 0.13211600429645545 0.04083333333333334
decision_type=10 10 2 8 2 8 2 2 2 10 10 10 10 2
left_child=1 2 4 6 -1 -5 13 8 -4 10 -3 -12 -9 -2
right_child=3 9 7 5 -6 -7 -8 12 -10 -11 11 -13 -14 -15
leaf_value=0.00017558046565534482 5.1967486706285882e-05 4.3418424127437018e-05 -0.00010259857910327625 -2.1674948922615558e-07 -1.377173134771287e-05 -0.00020108377987391245 -9.6197478833266414e-05 -3.8051941079733051e-06 -0.00052382166748578848 -0.00080732997541203616 7.8930895378073718e-05 -0.00022095047748437152 -0.00010087080569483362 0.00014000910554876826
leaf_weight=49185 307387 14774 21143 277778 71829 23719 32008 212804 7690 1951 8618 63859 96725 108084
leaf_count=49185 307387 14774 21143 277778 71829 23719 32008 212804 7690 1951 8618 63859 96725 108084
internal_value=-3.13638e-07 -4.2974e-05 -2.00464e-05 3.08924e-05 6.29432e-05 -1.61205e-05 6.26351e-05 -4.98164e-05 -0.000216025 -0.000160706 -0.000145876 -0.000184877 -3.42349e-05 7.49444e-05
internal_weight=1.29755e+06 548578 459376 748976 121014 301497 447479 338362 28833 89202 87251 72477 309529 415471
internal_count=1297554 548578 459376 748976 121014 301497 447479 338362 28833 89202 87251 72477 309529 415471
is_linear=0
shrinkage=0.01


Tree=179
num_leaves=15
num_cat=0
split_feature=27 24 4 15 5 24 3 14 15 25 28 21 3 28
split_gain=16.2077 13.0203 10.9613 8.54289 7.26915 7.05646 7.98138 5.76856 5.63277 10.376 5.53175 5.03648 4.97068 4.9615
threshold=1.0000000180025095e-35 0.31101190476190482 0.39678030303030309 0.042572463768115916 0.46863636363636368 -0.22821969696969696 -0.43683510638297868 0.39009661835748793 -0.20106382978723403 0.82500000000000018 0.49000000000000005 0.12361111111111113 -0.46404255319148929 0.49000000000000005
decision_type=2 8 2 2 10 10 8 2 2 2 8 2 10 8
left_child=2 3 5 12 11 8 -7 -3 9 -1 -8 -5 -2 -4
right_child=1 7 13 4 -6 6 10 -9 -10 -11 -12 -13 -14 -15
leaf_value=-4.0554060803803648e-05 -0.00042244266018897562 0.00010523722861089315 -0.00013030835607830363 1.3987982150850654e-05 -0.00042597137345366033 -0.00012894142973589702 8.0511365575427015e-05 -0.00033374397152239509 5.3082799914837994e-06 -0.00066576382059653147 -0.00010909520812669311 0.00023864429708545995 -6.7394232965140572e-05 -0.00091871570475840698
leaf_weight=10258 4010 75246 27472 117112 3530 20189 434576 3085 128715 3636 15817 10953 441563 835
leaf_count=10258 4010 75246 27472 117112 3530 20189 434576 3085 128715 3636 15817 10953 441563 835
internal_value=1.66181e-06 -3.32845e-05 3.74176e-05 -4.97364e-05 2.08805e-05 4.63369e-05 6.50235e-05 8.75532e-05 -1.51149e-05 -0.000206436 7.37854e-05 3.34415e-05 -7.06597e-05 -0.000154719
internal_weight=1.297e+06 655499 641498 577168 131595 613191 470582 78331 142609 13894 450393 128065 445573 28307
internal_count=1296997 655499 641498 577168 131595 613191 470582 78331 142609 13894 450393 128065 445573 28307
is_linear=0
shrinkage=0.01


Tree=180
num_leaves=15
num_cat=0
split_feature=23 27 24 4 24 19 22 5 11 10 14 28 24 19
split_gain=17.7784 17.914 12.3978 9.01023 7.48534 7.18479 7.05521 6.77765 5.99969 5.53258 4.57773 4.36384 6.53098 4.30831
threshold=0.077380952380952397 -1.0000000180025095e-35 0.31101190476190482 0.41751700680272114 0.26163419913419916 0.011495771670190282 -0.25255102040816318 0.47801932367149763 -0.17888888888888885 0.042572463768115916 0.39009661835748793 0.31909090909090915 0.25290697674418611 -0.27888888888888885
decision_type=8 2 8 2 10 2 2 10 2 2 2 8 8 2
left_child=1 3 7 4 5 -1 -4 9 -6 -3 -8 12 -2 -9
right_child=11 2 6 -5 8 -7 10 13 -10 -11 -12 -13 -14 -15
leaf_value=-4.6721132375950603e-05 0.00056057542899044929 -6.8724778325850373e-05 0.00026288313931211864 -0.00016566836187318804 -1.8103617222450998e-05 4.5745002823970966e-05 4.8239349339891199e-05 -6.5235068373348576e-05 0.00013266361361583619 0 -0.00035211056715917617 8.1201679745987495e-05 7.8310916549250573e-06 -0.0003562817943584305
leaf_weight=114366 8949 402205 16300 21420 32914 314716 61119 9316 126683 165453 2981 5651 2954 12025
leaf_count=114366 8949 402205 16300 21420 32914 314716 61119 9316 126683 165453 2981 5651 2954 12025
internal_value=6.39721e-07 -3.67392e-06 -3.94169e-05 3.5494e-05 4.28654e-05 2.10293e-05 7.69072e-05 -5.53467e-05 0.000101383 -4.87017e-05 2.91373e-05 0.000316714 0.000425956 -0.000230664
internal_weight=1.29705e+06 1.2795e+06 669399 610099 588679 429082 80400 588999 159597 567658 64100 17554 11903 21341
internal_count=1297052 1279498 669399 610099 588679 429082 80400 588999 159597 567658 64100 17554 11903 21341
is_linear=0
shrinkage=0.01


Tree=181
num_leaves=15
num_cat=0
split_feature=23 27 24 22 26 15 26 24 24 22 15 27 23 22
split_gain=19.2364 18.895 12.1917 9.45709 8.35778 7.46986 7.81012 6.14346 8.83497 7.61462 5.72679 5.68641 5.44954 5.80272
threshold=0.1125 0.30104166666666676 0.13078947368421054 -0.4560386473429951 0.55051020408163276 0.016954022988505794 0.41763565891472876 -0.17928571428571424 -0.38799283154121861 0.082482993197278934 -0.39897959183673465 -0.059411764705882351 0.028594771241830078 -0.22886904761904761
decision_type=8 2 10 2 2 2 2 8 10 2 2 2 10 2
left_child=1 2 5 -4 -5 6 -1 8 9 -3 -10 -7 13 -9
right_child=-2 7 3 4 -6 11 -8 12 10 -11 -12 -13 -14 -15
leaf_value=5.225330184500854e-06 0.00037609445511907263 0.00014113738644627971 -0.00031513085129063325 2.0773976484518102e-05 0.00011393848977667979 7.1096257300936984e-05 -8.7191811312044238e-05 4.1837793157999578e-05 9.7965893632726169e-05 -0.00022238824240494422 -0.00026527814360052137 -2.4016176012736377e-05 0.00015871344129198976 -9.3756886217622427e-05
leaf_weight=175510 13326 14853 6672 209855 179450 138613 189604 40210 4658 9410 46457 114391 11650 142302
leaf_count=175510 13326 14853 6672 209855 179450 138613 189604 40210 4658 9410 46457 114391 11650 142302
internal_value=-1.80931e-06 -5.75674e-06 1.39981e-05 5.73329e-05 6.37957e-05 -1.37146e-05 -4.26851e-05 -8.01912e-05 -0.000157 0 -0.000231586 2.79746e-05 -5.02159e-05 -6.37189e-05
internal_weight=1.29696e+06 1.28364e+06 1.0141e+06 395977 389305 618118 365114 269540 75378 24263 51115 253004 194162 182512
internal_count=1296961 1283635 1014095 395977 389305 618118 365114 269540 75378 24263 51115 253004 194162 182512
is_linear=0
shrinkage=0.01


Tree=182
num_leaves=15
num_cat=0
split_feature=11 27 3 0 22 22 26 3 15 22 21 4 21 18
split_gain=13.8382 14.3747 6.92335 6.83548 6.51615 6.60713 6.16433 6.30948 5.42006 5.66765 5.05554 4.32096 4.17805 11.0027
threshold=-0.29795918367346935 0.019259259259259257 -0.43683510638297868 0.47801932367149763 0.4010869565217392 -0.4560386473429951 0.65978723404255335 -0.45959183673469384 0.028594771241830078 -0.25903225806451607 0.12361111111111113 0.29356060606060608 0.30642923219241447 -0.43938775510204076
decision_type=2 2 8 8 2 2 2 10 2 2 2 2 2 2
left_child=6 2 11 8 5 -4 12 -8 9 -3 -10 -2 -1 -14
right_child=1 3 4 -5 -6 -7 7 -9 10 -11 -12 -13 13 -15
leaf_value=-8.4304447577252493e-05 -7.5964366177957429e-05 4.1105177170702731e-05 -0.00015366609403390968 -0.00021145197123289866 -9.3257239553812718e-05 6.7200044832183817e-05 -0.00069356750560820761 -0.00015929258522601493 1.8657746476574697e-05 -5.1555479111758327e-05 0.00023337483037097001 -0.00053136370583926873 0.0012051215801827601 3.1749208504713715e-05
leaf_weight=59791 20078 80595 13828 18810 28587 514541 2358 47662 119171 357487 12135 2367 836 18596
leaf_count=59791 20078 80595 13828 18810 28587 514541 2358 47662 119171 357487 12135 2367 836 18596
internal_value=1.32735e-07 1.1024e-05 4.63943e-05 -2.37664e-05 5.33716e-05 6.13621e-05 -9.80262e-05 -0.000185119 -1.75123e-05 -3.44398e-05 3.87348e-05 -0.000125391 -4.26539e-05 8.39517e-05
internal_weight=1.29684e+06 1.1676e+06 579401 588198 556956 528369 129243 50020 569388 438082 131306 22445 79223 19432
internal_count=1296842 1167599 579401 588198 556956 528369 129243 50020 569388 438082 131306 22445 79223 19432
is_linear=0
shrinkage=0.01


Tree=183
num_leaves=15
num_cat=0
split_feature=23 24 4 22 24 11 25 4 17 23 25 4 14 17
split_gain=17.4579 15.644 10.1261 7.90899 9.8588 6.00204 5.56618 5.50913 5.23327 4.9526 4.44361 4.2115 4.03082 3.99175
threshold=0.091666666666666688 0.26163419913419916 0.26341350601295105 0.12097560975609757 -0.051682692307692284 -0.23401360544217684 0.50000000000000011 0.39009661835748793 -0.40454545454545449 0.034523809523809519 0.92500000000000016 -0.27888888888888885 0.22111111111111112 0.33836734693877557
decision_type=10 10 2 2 10 2 2 2 2 10 2 2 2 2
left_child=1 3 6 5 7 10 12 -5 -4 -8 -1 -7 -3 -10
right_child=-2 2 8 4 -6 11 9 -9 13 -11 -12 -13 -14 -15
leaf_value=-4.7973799719600562e-05 0.00034476126686850734 3.4413785729673833e-05 -0.00037150839788745095 -0.000100442829968411 -2.8914306223377729e-06 9.3791381739843983e-05 9.0886394628769045e-05 -0.00030241351035453844 -4.260687839888154e-06 0.00028098627481373004 -0.00023226815924699183 -3.5258168762298475e-06 -0.00018363880801063279 -0.00024320852547471549
leaf_weight=59987 14406 93466 5001 161192 130729 48974 184142 14945 56187 15009 16988 479069 9298 8029
leaf_count=59987 14406 93466 5001 161192 130729 48974 184142 14945 56187 15009 16988 479069 9298 8029
internal_value=-1.34918e-06 -5.25957e-06 4.9446e-05 -2.75574e-05 -6.89198e-05 -6.52856e-06 7.45005e-05 -0.000117755 -5.94032e-05 0.000105368 -8.90438e-05 5.44366e-06 1.43879e-05 -3.46137e-05
internal_weight=1.29742e+06 1.28302e+06 371132 911884 306866 605018 301915 176137 69217 199151 76975 528043 102764 64216
internal_count=1297422 1283016 371132 911884 306866 605018 301915 176137 69217 199151 76975 528043 102764 64216
is_linear=0
shrinkage=0.01


Tree=184
num_leaves=15
num_cat=0
split_feature=0 22 27 2 10 8 4 22 22 27 22 4 15 27
split_gain=15.5029 9.348 8.4201 8.48058 6.17395 5.10758 4.50276 4.0891 3.83536 3.74195 3.65073 3.58653 2.90398 3.64252
threshold=0.37766439909297056 0.32025641025641027 1.0000000180025095e-35 -0.33836734693877546 0.023268398268398275 0.028594771241830078 0.39678030303030309 -0.39897959183673465 -0.4759001161440185 0.49000000000000005 -0.020204081632653078 -0.015555555555555571 -0.37877551020408157 0.43405797101449284
decision_type=10 2 2 10 2 2 2 2 2 2 2 2 2 2
left_child=1 2 3 6 11 10 -1 -2 -5 -7 -4 -3 -9 -14
right_child=7 4 5 8 -6 9 -8 12 -10 -11 -12 -13 13 -15
leaf_value=-3.0225269728729687e-05 -0.00032017674318854264 2.110331164060834e-05 7.9319513019992099e-06 -0.00016283444404059552 3.6603611954750337e-05 2.6597769146349441e-05 -0.00037221786393087935 6.7726292121888292e-05 6.8826967022545381e-05 0.00020525229434842661 -5.4613319205805892e-05 -0.00014929649818565372 -8.2153184144077778e-05 -0.00025222062395737448
leaf_weight=70377 9098 14696 168292 7181 36436 143184 4098 9476 461530 12859 207449 68667 66709 15888
leaf_count=70377 9098 14696 168292 7181 36436 143184 4098 9476 461530 12859 207449 68667 66709 15888
internal_value=2.28967e-06 1.23772e-05 2.17364e-05 4.94347e-05 -7.13527e-05 -6.49945e-06 -4.94605e-05 -0.000116538 6.52127e-05 4.1516e-05 -2.652e-05 -0.000118897 -9.608e-05 -0.000115238
internal_weight=1.29594e+06 1.19477e+06 1.07497e+06 543186 119799 531784 74475 101171 468711 156043 375741 83363 92073 82597
internal_count=1295940 1194769 1074970 543186 119799 531784 74475 101171 468711 156043 375741 83363 92073 82597
is_linear=0
shrinkage=0.01


Tree=185
num_leaves=15
num_cat=0
split_feature=24 23 15 28 18 24 15 22 22 28 11 11 19 22
split_gain=16.5799 17.7741 10.8982 10.7282 8.01867 7.16763 12.2488 8.92577 7.10585 7.92361 6.88429 6.2438 5.48934 5.34541
threshold=-0.037042682926829239 0.034523809523809519 0.022233201581027654 0.21583850931677021 -0.38318181818181812 0.43875000000000003 0.022233201581027654 -0.030306122448979591 0.13438086303939964 -0.050510204081632641 -0.31909090909090904 -0.17888888888888885 -0.47894503546099287 0.49479166666666674
decision_type=10 10 2 8 2 10 2 2 2 10 2 2 2 2
left_child=2 5 3 8 11 13 7 -7 12 -10 -4 -5 -1 -2
right_child=1 -3 10 4 -6 6 -8 -9 9 -11 -12 -13 -14 -15
leaf_value=0.00036566183222230467 9.247926638963884e-06 0.00022484024141712652 -0.00016168184094423653 -0.00027530320743624046 -0.00016563906726238008 0.00024841809369367698 -0.00016579476762060492 4.0875511993223755e-05 -4.2345561682843955e-05 -0.00020561802869187843 4.2991945763287099e-05 -0.0014231650890176209 -1.7933684723757768e-05 -0.00028116886927164798
leaf_weight=3787 538726 45407 18086 1143 61346 42095 14788 41606 78147 48586 175596 921 220335 6406
leaf_count=3787 538726 45407 18086 1143 61346 42095 14788 41606 78147 48586 175596 921 220335 6406
internal_value=0 3.35639e-05 -3.80842e-05 -6.70532e-05 -0.000186906 2.00218e-05 9.85504e-05 0.000145617 -4.53052e-05 -0.00010518 2.37224e-05 -0.000803339 -1.13134e-05 5.7786e-06
internal_weight=1.29698e+06 689028 607947 414265 63410 643621 98489 83701 350855 126733 193682 2064 224122 545132
internal_count=1296975 689028 607947 414265 63410 643621 98489 83701 350855 126733 193682 2064 224122 545132
is_linear=0
shrinkage=0.01


Tree=186
num_leaves=15
num_cat=0
split_feature=24 28 27 14 27 3 19 7 21 10 28 1 25 11
split_gain=17.0202 13.5762 11.5994 9.81635 7.82101 7.55085 7.20393 6.87184 6.26715 6.10288 5.64654 5.3181 4.59962 4.38255
threshold=-0.057189542483660143 0.17006802721088435 -0.14946808510638296 0.37095282146160968 0.2558265582655827 0.38148936170212772 0.011495771670190282 -0.26043478260869563 0.061250000000000034 0.016954022988505794 -0.069805194805194801 0.41207729468599036 0.82500000000000018 0.028594771241830078
decision_type=10 10 2 2 2 8 2 2 2 2 10 10 2 2
left_child=2 3 7 13 6 11 -3 -1 -7 10 -9 -4 -8 -2
right_child=1 4 5 -5 -6 8 12 9 -10 -11 -12 -13 -14 -15
leaf_value=-0.00010068078393784893 4.9019538107071393e-05 -0.00010704524030490833 -5.9166646921351336e-05 -0.0001084792805445534 -0.00010811931737798011 -0.0004368896941682649 4.8680024691917862e-06 7.7463434939948979e-05 -0.00012277495481449337 0.00013106669883495436 -7.7949970641672718e-05 -0.0002696001694194747 0.00012219798815995013 0.00011487361640783395
leaf_weight=39917 282838 45125 287450 31884 82294 10360 134708 45712 17432 54594 47823 12631 44694 159692
leaf_count=39917 282838 45125 287450 31884 82294 10360 134708 45712 17432 54594 47823 12631 44694 159692
internal_value=-2.35324e-06 2.70589e-05 -4.69489e-05 6.06015e-05 -2.47079e-05 -8.28723e-05 5.73161e-06 1.55272e-05 -0.000240981 4.70462e-05 -1.67626e-06 -6.81268e-05 3.42669e-05 7.28521e-05
internal_weight=1.29715e+06 781235 515919 474414 306821 327873 224527 188046 27792 148129 93535 300081 179402 442530
internal_count=1297154 781235 515919 474414 306821 327873 224527 188046 27792 148129 93535 300081 179402 442530
is_linear=0
shrinkage=0.01


Tree=187
num_leaves=15
num_cat=0
split_feature=27 5 4 3 22 10 22 4 11 11 19 7 27 26
split_gain=16.0795 10.1556 9.60791 7.10221 6.54301 5.99071 7.83128 5.22527 5.15149 4.70651 4.67735 4.63469 4.61662 4.14941
threshold=0.019259259259259257 0.43683510638297879 0.39678030303030309 -0.43683510638297868 0.32755102040816336 0.042572463768115916 -0.030306122448979591 0.26020833333333337 -0.33836734693877546 0.021286231884057986 -0.47979591836734686 -0.24734042553191488 0.49000000000000005 0.54027027027027041
decision_type=2 8 2 8 2 2 2 2 2 2 2 2 2 2
left_child=2 5 3 13 8 6 -2 12 -5 -6 -9 -4 -7 -1
right_child=1 -3 11 4 9 7 -8 10 -10 -11 -12 -13 -14 -15
leaf_value=0 9.3299125865548014e-06 -0.00018776026540631474 -0.0003704615077414989 -4.4811055554553432e-05 -0.00011570292798039381 3.7945774698859855e-05 -7.7532846521020195e-05 0.00081486512299287816 7.2652917041917455e-05 6.7490425353078476e-05 -9.2543422950197419e-05 -6.9240782513404884e-05 0.00026053774181524495 -0.00023959400754391976
leaf_weight=15806 170103 40195 6819 40083 37217 127069 263985 568 490813 22286 37192 21905 10129 13066
leaf_count=15806 170103 40195 6819 40083 37217 127069 263985 568 490813 22286 37192 21905 10129 13066
internal_value=1.4427e-06 -3.37061e-05 3.67054e-05 4.50354e-05 5.25587e-05 -2.34889e-05 -4.34256e-05 2.58043e-05 6.37276e-05 -4.65864e-05 -7.80358e-05 -0.000141825 5.46032e-05 -0.000107758
internal_weight=1.29724e+06 649241 647995 619271 590399 609046 434088 174958 530896 59503 37760 28724 137198 28872
internal_count=1297236 649241 647995 619271 590399 609046 434088 174958 530896 59503 37760 28724 137198 28872
is_linear=0
shrinkage=0.01


Tree=188
num_leaves=15
num_cat=0
split_feature=4 27 11 19 15 25 22 27 11 17 19 11 21 6
split_gain=13.5039 11.4621 7.99587 7.3526 7.1932 9.98134 7.1642 6.95779 6.24586 5.72667 6.28613 5.7115 5.48553 5.20847
threshold=0.2525510204081633 0.020204081632653085 0.024404761904761933 -0.38148936170212761 -0.23956521739130432 0.82500000000000018 0.1460873983739838 0.39897959183673476 -0.25255102040816318 -0.39897959183673465 -0.47979591836734686 -0.37888888888888883 0.16333333333333336 -0.38021739130434778
decision_type=2 2 2 2 2 2 2 2 2 2 2 2 2 8
left_child=1 4 13 6 5 -1 -2 8 -5 -8 -11 -6 -9 -3
right_child=3 2 -4 7 11 -7 9 12 -10 10 -12 -13 -14 -15
leaf_value=2.0919471721598497e-05 0.0001563908366603541 -0.00023017997487224891 3.6578440248890872e-05 -0.000214405580666878 -8.8570895400122781e-05 -0.00030633326563800286 -0.0010474784115574259 -0.00035639960815502333 -3.6969079090442154e-05 0.00060042149082874935 -0.00016900324946858133 6.3147848519788148e-05 -9.100156075486346e-05 -3.8339690290243782e-05
leaf_weight=30773 23564 14852 172161 24649 25932 13277 664 17450 105247 1171 10205 504837 14736 337291
leaf_count=30773 23564 14852 172161 24649 25932 13277 664 17450 105247 1171 10205 504837 14736 337291
internal_value=8.89314e-07 1.45976e-05 -1.9175e-05 -7.51753e-05 4.54544e-05 -7.70501e-05 5.43911e-05 -0.000103822 -7.08745e-05 -0.000142735 -8.70279e-05 5.56783e-05 -0.000235842 -4.65178e-05
internal_weight=1.29681e+06 1.09912e+06 524304 197686 574819 44050 35604 162082 129896 12040 11376 530769 32186 352143
internal_count=1296809 1099123 524304 197686 574819 44050 35604 162082 129896 12040 11376 530769 32186 352143
is_linear=0
shrinkage=0.01


Tree=189
num_leaves=15
num_cat=0
split_feature=23 28 3 22 22 26 3 15 15 22 11 16 8 4
split_gain=16.6174 12.9134 12.5691 9.4301 9.60009 6.13642 5.89615 5.51665 6.63036 5.46117 5.14124 4.37976 3.31161 3.07936
threshold=0.1125 0.10208333333333332 0.45789007092198591 0.32025641025641027 -0.4560386473429951 0.05634920634920635 -0.35321969696969691 -0.43938775510204076 -0.015555555555555571 0.15978723404255321 -0.39897959183673465 -0.42590909090909085 0.014087301587301539 1.0000000180025095e-35
decision_type=10 8 8 2 2 2 10 2 2 2 2 2 2 2
left_child=1 3 5 4 11 -3 -7 9 -9 -4 -6 -1 13 -5
right_child=-2 2 7 12 10 6 -8 8 -10 -11 -12 -13 -14 -15
leaf_value=-0.00080739301435570619 0.00035485500048200311 5.9598714145748885e-05 0.000425373165962284 3.781329869812446e-06 -9.5700771767158951e-05 -0.00016407946386506821 -3.4262306713913766e-05 -0.00053222027310726773 -0.00016789601971905227 -0.00058088415867136212 4.6505395237395203e-05 -0.00012708448918771951 -7.8682592045757295e-06 -0.00018925784256480771
leaf_weight=1002 12955 63056 2002 10647 26360 38531 400240 8889 12197 718 629038 25166 33488 32759
leaf_count=1002 12955 63056 2002 10647 26360 38531 400240 8889 12197 718 629038 25166 33488 32759
internal_value=-1.42562e-06 -5.04426e-06 -4.31562e-05 2.13288e-05 3.3204e-05 -3.24366e-05 -4.57317e-05 -0.000267831 -0.000322957 0.000148386 4.07397e-05 -0.00015437 -8.35366e-05 -0.000141219
internal_weight=1.29705e+06 1.28409e+06 525633 758460 681566 501827 438771 23806 21086 2720 655398 26168 76894 43406
internal_count=1297048 1284093 525633 758460 681566 501827 438771 23806 21086 2720 655398 26168 76894 43406
is_linear=0
shrinkage=0.01


Tree=190
num_leaves=15
num_cat=0
split_feature=23 27 24 11 24 26 26 26 22 7 15 3 23 25
split_gain=16.796 15.1666 9.59308 8.35751 7.1959 7.87843 7.19833 6.41349 7.29038 5.61363 4.74857 5.53772 5.2926 4.07519
threshold=0.1125 0.060487804878048841 0.26163419913419916 -0.25255102040816318 0.26163419913419916 0.52041666666666686 0.16496598639455784 0.096006144393241177 -0.16496598639455781 0.43813775510204089 -0.40667311411992257 0.30104166666666676 0.010527482269503509 0.82500000000000018
decision_type=10 2 8 2 10 2 2 2 2 2 2 8 10 2
left_child=1 3 10 13 6 -6 -5 8 -4 -9 12 -12 -3 -1
right_child=-2 2 7 4 5 -7 -8 9 -10 -11 11 -13 -14 -15
leaf_value=-2.3381088563630247e-05 0.00036184605329458346 0.00016206251363662047 0.00012946759241456464 8.6657820024185742e-05 2.7321449909899776e-05 0.00016450273557571418 -3.755014468401281e-06 7.5310786272883508e-05 -0.00017535706616331553 -0.00015058586401824251 -5.9069799088670918e-05 -0.00016876013504041215 -0.00041605126310821882 -0.00018228060851623078
leaf_weight=69594 12769 14662 10738 120465 82749 86015 325234 121522 28317 12015 334115 53876 1750 21256
leaf_count=69594 12769 14662 10738 120465 82749 86015 325234 121522 28317 12015 334115 53876 1750 21256
internal_value=9.83543e-07 -2.58731e-06 -4.06322e-05 2.84936e-05 4.17587e-05 9.74189e-05 2.06152e-05 2.16513e-05 -9.07753e-05 5.47581e-05 -6.72878e-05 -7.43798e-05 9.85263e-05 -6.08935e-05
internal_weight=1.29508e+06 1.28231e+06 576995 705313 614463 168764 445699 172592 39055 133537 404403 387991 16412 90850
internal_count=1295077 1282308 576995 705313 614463 168764 445699 172592 39055 133537 404403 387991 16412 90850
is_linear=0
shrinkage=0.01


Tree=191
num_leaves=15
num_cat=0
split_feature=1 24 27 26 19 27 26 3 17 28 17 24 14 24
split_gain=14.5512 13.5171 9.59444 9.67469 10.6679 8.68709 7.62357 9.84861 6.50909 5.64731 4.97593 12.2237 4.62715 4.62019
threshold=0.30558300395256921 0.26163419913419916 0.04653679653679655 0.16843971631205676 -0.11851063829787233 -0.30901722391084091 0.40862708719851587 -0.43683510638297868 -0.32111111111111107 -0.39528508771929821 0.076122931442080391 -0.0292857142857143 -0.21869565217391301 -0.066005802707930342
decision_type=10 10 2 2 2 2 2 10 2 10 2 8 2 10
left_child=1 2 3 5 -5 -1 12 -8 -9 -2 -4 -12 -3 -11
right_child=9 6 10 4 -6 -7 7 8 -10 13 11 -13 -14 -15
leaf_value=0.00020999060110000385 9.8412307631252658e-05 -0.00013138649419859214 -6.1186558232335432e-05 -0.0001435401364632122 1.7916738490326744e-05 3.5976578950831438e-05 -0.00026321980037158973 -0.00011043554296146695 0.0001463970917803372 -0.00018583696670489928 -3.1299879263580645e-05 0.00034675620021404531 3.7847064228767946e-05 -6.5038944639108943e-05
leaf_weight=44605 14311 18412 308758 47712 286908 81926 6573 10403 154710 50484 43324 10625 129431 88237
leaf_count=44605 14311 18412 308758 47712 286908 81926 6573 10403 154710 50484 43324 10625 129431 88237
internal_value=1.94332e-06 1.42227e-05 -7.15721e-06 2.30645e-05 -5.01612e-06 9.7561e-05 6.9441e-05 0.000114797 0.000130032 -8.96051e-05 -4.56641e-05 4.26156e-05 1.6566e-05 -0.00010922
internal_weight=1.29642e+06 1.14339e+06 823858 461151 334620 126531 319529 171686 165113 153032 362707 53949 147843 138721
internal_count=1296419 1143387 823858 461151 334620 126531 319529 171686 165113 153032 362707 53949 147843 138721
is_linear=0
shrinkage=0.01


Tree=192
num_leaves=15
num_cat=0
split_feature=23 24 23 3 3 22 24 24 22 25 18 1 11 25
split_gain=17.0565 14.4414 9.45661 11.8909 8.75289 5.18658 4.98242 5.3964 4.75114 4.69025 4.39411 5.08275 4.32783 4.29692
threshold=0.077380952380952397 0.26163419913419916 0.010310374149659853 0.47979591836734697 0.17369121561668147 0.12097560975609757 -0.45773809523809517 -0.051682692307692284 0.020204081632653085 0.37500000000000006 0.034902597402597386 0.011766334440753036 -0.24456264775413711 0.17500000000000002
decision_type=8 10 8 8 10 2 8 10 2 2 2 10 2 2
left_child=1 4 3 13 5 12 8 -8 -6 -7 11 -4 -1 -3
right_child=-2 2 10 -5 6 9 7 -9 -10 -11 -12 -13 -14 -15
leaf_value=-8.1501704420742743e-05 0.00030826090184600373 -0.00026407276112550492 0.0001558576708939718 -0.00048550933238608444 0.000458040192015805 1.1406387711400056e-05 -0.00015207983946128177 -2.9258391330059269e-05 -2.0431330094220375e-05 -8.0988173799641919e-05 0.0002119161477872541 3.7464415580207893e-05 1.688635741040375e-05 1.8778011323699881e-05
leaf_weight=49524 17717 5540 54525 4991 3012 83182 95455 58299 6313 158863 28490 111225 454819 165812
leaf_count=49524 17717 5540 54525 4991 3012 83182 95455 58299 6313 158863 28490 111225 454819 165812
internal_value=1.13046e-07 -4.12926e-06 4.84614e-05 -4.39314e-06 -2.55916e-05 -1.10447e-05 -9.19851e-05 -0.000105706 0.000130998 -4.91119e-05 9.65998e-05 7.65941e-05 7.16522e-06 9.45359e-06
internal_weight=1.29777e+06 1.28005e+06 370583 176343 909467 746388 163079 153754 9325 242045 194240 165750 504343 171352
internal_count=1297767 1280050 370583 176343 909467 746388 163079 153754 9325 242045 194240 165750 504343 171352
is_linear=0
shrinkage=0.01


Tree=193
num_leaves=15
num_cat=0
split_feature=24 23 28 3 22 21 14 27 22 28 24 24 23 27
split_gain=16.4688 17.5812 10.888 10.5761 8.30575 10.0828 7.54635 7.52689 7.1632 6.48936 6.02619 6.22858 5.62461 6.22298
threshold=-0.057189542483660143 0.051315789473684266 0.17006802721088435 0.38148936170212772 0.078661616161616169 0.2525510204081633 0.37095282146160968 0.39897959183673476 -0.18944444444444442 0.49000000000000005 -0.42752100840336132 -0.46969387755102038 0.012347560975609741 0.41010101010101013
decision_type=10 8 10 10 2 2 2 2 2 10 10 8 10 2
left_child=3 2 6 4 5 8 -2 9 -1 -4 11 -5 13 -6
right_child=1 -3 7 10 12 -7 -8 -9 -10 -11 -12 -13 -14 -15
leaf_value=-4.9247593911471778e-05 5.837657094601302e-05 0.0002452527729248012 1.7346152815926064e-06 -0.00011364780900897341 -5.2759142671103333e-05 -0.00019305922983786601 -0.00010079651620615684 -0.00016206595174641692 5.5794914859643149e-05 -0.00019984491442586204 -0.00025667953918403813 0.00070032295871106526 -0.0002745943221007789 -0.00028648079405437139
leaf_weight=104554 418399 35055 241197 2907 150810 25233 31936 38194 170648 17080 32527 1358 14904 12411
leaf_count=104554 418399 35055 241197 2907 150810 25233 31936 38194 170648 17080 32527 1358 14904 12411
internal_value=-2.57168e-06 2.63314e-05 1.60142e-05 -4.64799e-05 -3.38436e-05 -1.66346e-06 4.70214e-05 -3.09841e-05 1.57783e-05 -1.1482e-05 -0.000210011 0.000138806 -8.79509e-05 -7.07196e-05
internal_weight=1.29721e+06 781861 746806 515352 478560 300435 450335 296471 275202 258277 36792 4265 178125 163221
internal_count=1297213 781861 746806 515352 478560 300435 450335 296471 275202 258277 36792 4265 178125 163221
is_linear=0
shrinkage=0.01


Tree=194
num_leaves=15
num_cat=0
split_feature=24 28 22 10 14 22 28 19 25 25 21 22 21 17
split_gain=14.1249 13.449 10.1997 10.1525 7.49915 7.21727 6.51413 5.74206 9.33874 7.53953 6.14391 5.67087 5.61861 5.54647
threshold=-0.057189542483660143 0.17006802721088435 0.080697674418604662 0.010421189752496731 0.37095282146160968 -0.18944444444444442 -0.31165540540540532 0.011495771670190282 0.82500000000000018 0.82500000000000018 -0.37877551020408157 0.36978260869565222 0.25532879818594106 -0.45959183673469384
decision_type=10 8 2 2 2 2 10 2 2 2 2 2 2 2
left_child=2 4 3 -1 11 -5 -4 8 -3 -9 -11 13 -7 -2
right_child=1 7 6 5 -6 12 -8 9 -10 10 -12 -13 -14 -15
leaf_value=-0.00011625433349336507 -0.00024917235137118224 -4.0811333628086969e-05 5.6026679371677174e-06 -4.7545598780663222e-05 -8.8020574334669681e-05 7.5978387569759513e-05 -0.00013176387277699439 -3.4965239295592871e-05 -0.0003136667995002686 0.00040373253855819464 6.0885562513911099e-05 -6.5304561975133119e-05 -0.00019222285088032036 8.346499616733803e-05
leaf_weight=67815 5028 54160 44605 95192 32103 152910 146697 176674 16465 5843 54047 28768 8171 408900
leaf_count=67815 5028 54160 44605 95192 32103 152910 146697 176674 16465 5843 54047 28768 8171 408900
internal_value=-9.98153e-07 2.57653e-05 -4.16638e-05 -7.38492e-06 5.91418e-05 2.13081e-05 -9.95784e-05 -2.57246e-05 -0.000104858 -1.97182e-06 9.48539e-05 6.98818e-05 6.2184e-05 7.93502e-05
internal_weight=1.29738e+06 781988 515390 324088 474799 256273 191302 307189 70625 236564 59890 442696 161081 413928
internal_count=1297378 781988 515390 324088 474799 256273 191302 307189 70625 236564 59890 442696 161081 413928
is_linear=0
shrinkage=0.01


Tree=195
num_leaves=15
num_cat=0
split_feature=23 27 2 28 21 23 28 19 28 1 4 21 19 28
split_gain=15.7647 14.3842 8.66889 7.56032 8.19617 6.1194 10.3367 4.69453 8.66831 3.71912 3.48917 6.85747 3.74471 3.36328
threshold=0.1125 0.33166666666666672 -0.43683510638297868 0.13211600429645545 -0.43938775510204076 0.012049941927990694 -0.22613636363636361 -0.39472517730496448 -0.45789007092198575 0.28062500000000007 0.031582446808510641 0.30642923219241447 -0.27888888888888885 0.49000000000000005
decision_type=8 2 8 10 2 10 10 2 10 10 2 2 2 10
left_child=1 2 10 4 -4 7 -7 8 -3 -9 12 -12 -1 -5
right_child=-2 5 3 13 -6 6 -8 9 -10 -11 11 -13 -14 -15
leaf_value=-0.00025023945209647357 0.00034270678335007173 0.00055291726505630405 0.00024964430316230102 -7.9122499293436442e-06 3.4340304911668247e-05 0.00028196313285238516 -5.0163176938892365e-05 -8.846118863755312e-05 -3.9703765107640041e-05 -0.00019534698427692163 -0.00040875716487254551 0 2.5455488929682368e-05 -0.00012696436967528135
leaf_weight=6768 13385 2745 18257 345932 615163 11726 46381 104549 23899 48647 9887 7017 17559 25553
leaf_count=6768 13385 2745 18257 345932 615163 11726 46381 104549 23899 48647 9887 7017 17559 25553
internal_value=1.31649e-06 -2.21952e-06 1.37186e-05 1.95756e-05 4.05945e-05 -7.2417e-05 1.63548e-05 -0.000101266 2.02806e-05 -0.000122601 -0.000128294 -0.000239118 -5.00338e-05 -1.61831e-05
internal_weight=1.29747e+06 1.28408e+06 1.04614e+06 1.0049e+06 633420 237947 58107 179840 26644 153196 41231 16904 24327 371485
internal_count=1297468 1284083 1046136 1004905 633420 237947 58107 179840 26644 153196 41231 16904 24327 371485
is_linear=0
shrinkage=0.01


Tree=196
num_leaves=15
num_cat=0
split_feature=23 27 11 28 28 3 27 2 25 19 22 19 3 25
split_gain=15.7216 15.8261 8.71309 7.44129 6.75014 5.47207 5.4125 4.71045 4.64285 4.17231 4.17121 3.96726 3.73577 3.28934
threshold=0.091666666666666688 0.23499399759903969 -0.31909090909090904 -0.019259259259259278 0.13211600429645545 0.45789007092198591 -0.14946808510638296 -0.41918367346938773 0.27500000000000008 -0.44159090909090903 0.06881313131313134 -0.47979591836734686 -0.45789007092198575 0.82500000000000018
decision_type=10 2 2 10 8 8 2 8 2 2 2 2 10 2
left_child=1 2 7 8 6 -6 -4 13 9 -3 12 -10 -5 -1
right_child=-2 3 4 10 5 -7 -8 -9 11 -11 -12 -13 -14 -15
leaf_value=-0.00017271570361778246 0.00032803896939937035 -0.00071291367193835459 8.4349103304331901e-05 -0.00056099330910709092 -3.9990773126141974e-06 -0.00031358793242594179 2.009297212139358e-05 -5.1177555344164584e-05 0.00043242628834226784 -0.0001034715970067869 -0.00015765363075417153 6.6405674326687088e-06 -5.7254583489877154e-05 -0.00059800445990988943
leaf_weight=7705 14391 1199 237910 1503 301305 5823 295504 73104 2227 24128 79438 131776 119790 2541
leaf_count=7705 14391 1199 237910 1503 301305 5823 295504 73104 2227 24128 79438 131776 119790 2541
internal_value=-5.86076e-07 -4.29354e-06 1.75987e-05 -6.05507e-05 2.72959e-05 -9.96942e-06 4.88086e-05 -7.98298e-05 -9.31632e-06 -0.000133588 -0.000101068 1.39501e-05 -6.37577e-05 -0.000281258
internal_weight=1.29834e+06 1.28395e+06 923892 360061 840542 307128 533414 83350 159330 25327 200731 134003 121293 10246
internal_count=1298344 1283953 923892 360061 840542 307128 533414 83350 159330 25327 200731 134003 121293 10246
is_linear=0
shrinkage=0.01


Tree=197
num_leaves=15
num_cat=0
split_feature=23 27 11 23 24 26 15 24 27 24 22 22 24 26
split_gain=15.05 14.9729 8.46665 8.46058 7.72605 8.76751 7.13556 7.64384 6.58729 6.42296 4.8486 4.23192 4.19424 3.89387
threshold=0.04653679653679655 0.36023255813953492 -0.37888888888888883 0.011766334440753036 0.26163419913419916 0.52041666666666686 -0.37877551020408157 -0.03062500000000001 -0.14946808510638296 -0.18660714285714283 -0.41578014184397155 0.16496598639455781 0.37298387096774199 0.68042553191489374
decision_type=10 2 2 8 10 2 2 10 2 8 2 2 8 2
left_child=1 2 13 6 8 -6 -3 -8 -4 -2 -5 -11 -12 -1
right_child=9 3 4 10 5 -7 7 -9 -10 11 12 -13 -14 -15
leaf_value=-4.5382088442818146e-05 -3.0866921902026675e-05 4.6049186346202255e-05 3.2800618174876499e-05 0.00032149430147532406 4.8591746239444891e-06 0.00011558791312051771 -0.00025362930639194421 -8.0306529911408265e-05 -2.9337067146497696e-05 0.00018112876712602589 -5.0894465640209717e-05 0.00050531132969736027 0.0002213365381020382 -0.00021055138720285784
leaf_weight=40195 13602 17424 290341 4441 150411 137343 54168 49222 413357 39752 52338 4632 6321 22693
leaf_count=40195 13602 17424 290341 4441 150411 137343 54168 49222 413357 39752 52338 4632 6321 22693
internal_value=-1.09729e-07 -7.50667e-06 6.9903e-06 -9.07766e-05 1.41541e-05 5.78141e-05 -0.000139798 -0.000171409 -3.65682e-06 0.000157322 2.60821e-06 0.000215669 -2.10381e-05 -0.000105467
internal_weight=1.29624e+06 1.23825e+06 1.05434e+06 183914 991452 287754 120814 103390 703698 57986 63100 44384 58659 62888
internal_count=1296240 1238254 1054340 183914 991452 287754 120814 103390 703698 57986 63100 44384 58659 62888
is_linear=0
shrinkage=0.01


Tree=198
num_leaves=15
num_cat=0
split_feature=23 27 24 4 28 26 24 26 3 1 18 15 28 15
split_gain=13.5612 14.5295 10.5733 9.02552 8.06409 7.97515 6.12024 7.41968 6.22476 5.30449 4.54363 4.8038 4.47969 7.27685
threshold=0.059027777777777797 -0.019259259259259278 0.26163419913419916 0.39678030303030309 -0.23956521739130432 0.05634920634920635 -0.22821969696969696 0.10102040816326532 -0.43683510638297868 0.47979591836734697 -0.30217391304347824 -0.31909090909090904 -0.39528508771929821 -0.35857142857142849
decision_type=8 2 8 2 10 2 10 2 8 8 2 2 10 2
left_child=1 3 12 6 5 -4 7 -1 -8 -6 11 -5 13 -3
right_child=-2 2 4 10 9 -7 8 -9 -10 -11 -12 -13 -14 -15
leaf_value=0.00012285656717357689 0.00026272503135986913 0.00036033673848590963 -0.00012625752544477583 -0.0010608056405262008 -1.3449725225855587e-05 0.00014772539278509492 -0.00011718645589182357 -5.8518512428360992e-05 6.4403601715025055e-05 -0.00034470163160814636 -8.4922107152348475e-05 -0.00025895965123580596 -7.4247947803092435e-05 -1.8079975630387623e-05
leaf_weight=28465 19040 5821 12596 974 122313 64579 19652 107712 419435 5046 22308 4043 424563 39087
leaf_count=28465 19040 5821 12596 974 122313 64579 19652 107712 419435 5046 22308 4043 424563 39087
internal_value=-2.12925e-06 -6.10358e-06 -3.8022e-05 2.95479e-05 2.18746e-05 0.000102616 3.80244e-05 -2.03836e-05 5.62072e-05 -2.68174e-05 -0.000147792 -0.000421147 -6.4181e-05 3.03234e-05
internal_weight=1.29563e+06 1.27659e+06 674005 602589 204534 77175 575264 136177 439087 127359 27325 5017 469471 44908
internal_count=1295634 1276594 674005 602589 204534 77175 575264 136177 439087 127359 27325 5017 469471 44908
is_linear=0
shrinkage=0.01


Tree=199
num_leaves=15
num_cat=0
split_feature=23 27 24 15 24 26 11 19 21 24 26 27 26 11
split_gain=15.5798 15.2025 9.41448 9.77256 8.56616 7.77862 7.73972 6.34752 5.87567 5.2724 4.98992 6.47505 4.58851 4.29167
threshold=0.034523809523809519 0.38047619047619052 0.43875000000000003 0.022233201581027654 -0.03062500000000001 0.40862708719851587 -0.35321969696969691 0.023268398268398275 0.011766334440753036 0.26393188854489169 0.10990338164251208 -0.31909090909090904 0.67006802721088443 0.12771739130434787
decision_type=8 2 10 2 8 2 2 2 2 10 2 2 2 2
left_child=1 2 6 5 10 -4 12 -8 9 -3 11 -2 -1 -10
right_child=4 8 3 -5 -6 -7 7 -9 13 -11 -12 -13 -14 -15
leaf_value=-4.2823809246650525e-05 0.0010159814972744837 -0.00027964106970009331 2.8994101377516178e-05 -0.00014431219490398538 0.00022217302617614032 0.00023734358981385351 -1.9234477175294198e-05 3.5311650301671041e-05 -4.2287194639958045e-05 -9.2129518267745101e-06 -7.7064792544938768e-05 9.9366629423797042e-05 -0.00020548840454678367 -0.00021086635705383082
leaf_weight=46987 945 28542 32015 13504 45991 41763 558460 345136 101949 9957 20497 4707 28081 17922
leaf_count=46987 945 28542 32015 13504 45991 41763 558460 345136 101949 9957 20497 4707 28081 17922
internal_value=-2.77736e-06 -1.1215e-05 2.34013e-06 0.000101873 0.000139999 0.000147345 -6.50634e-06 1.56672e-06 -0.000102638 -0.000210486 -3.39022e-06 0.000258385 -0.000104078 -6.77465e-05
internal_weight=1.29646e+06 1.22432e+06 1.06595e+06 87282 72140 73778 978664 903596 158370 38499 26149 5652 75068 119871
internal_count=1296456 1224316 1065946 87282 72140 73778 978664 903596 158370 38499 26149 5652 75068 119871
is_linear=0
shrinkage=0.01


Tree=200
num_leaves=15
num_cat=0
split_feature=1 23 24 27 19 4 28 14 24 24 28 2 15 27
split_gain=14.9992 12.8227 11.567 11.128 6.62846 6.21272 5.58195 4.81066 4.3868 4.11722 4.11182 3.27538 2.97848 3.77389
threshold=0.30558300395256921 0.091666666666666688 0.26163419913419916 -0.064659977703455954 0.011495771670190282 0.37766439909297056 0.41010101010101013 0.37095282146160968 -0.063164893617021253 0.10676291793313071 -0.45789007092198575 -0.21937499999999996 -0.40667311411992257 0.47801932367149763
decision_type=10 10 10 2 2 2 10 2 8 8 10 8 2 2
left_child=1 2 3 4 -1 7 8 -4 10 -8 -2 -7 -10 -14
right_child=6 -3 5 -5 -6 11 9 -9 12 -11 -12 -13 13 -15
leaf_value=-4.0034259920314265e-05 0.00019534774333765441 0.00030947695639725543 8.4066505053168047e-05 -4.4061278402963e-05 5.6039573842785244e-05 -0.00037653208038562183 -0.00051331399192597912 -7.0693698331630785e-05 0.0001769742818925093 -0.00016118821521924939 -0.00016238392087084339 -4.4902113188349757e-05 -2.0015402415992761e-05 -0.00027404611584158861
leaf_weight=97692 3350 14434 274183 446225 268277 3639 4847 21459 6722 11947 51427 18156 68810 6435
leaf_count=97692 3350 14434 274183 446225 268277 3639 4847 21459 6722 11947 51427 18156 68810 6435
internal_value=7.95282e-07 1.32734e-05 9.4612e-06 -1.05125e-05 3.03115e-05 6.066e-05 -9.19862e-05 7.27313e-05 -7.05528e-05 -0.000264677 -0.000139949 -0.000101693 -2.38072e-05 -4.2149e-05
internal_weight=1.2976e+06 1.14406e+06 1.12963e+06 812194 365969 317437 153538 295642 136744 16794 54777 21795 81967 75245
internal_count=1297603 1144065 1129631 812194 365969 317437 153538 295642 136744 16794 54777 21795 81967 75245
is_linear=0
shrinkage=0.01


Tree=201
num_leaves=15
num_cat=0
split_feature=0 24 15 4 21 14 24 3 14 24 25 24 5 7
split_gain=12.7639 8.84164 8.93851 7.57042 4.72187 8.46679 7.60309 4.60698 4.39014 4.34496 8.72176 4.03684 3.32668 3.28007
threshold=0.37766439909297056 0.26163419913419916 0.020416666666666698 0.39246068455134137 0.057777777777777824 0.49000000000000005 0.17914438502673799 -0.43683510638297868 0.37095282146160968 -0.18118686868686867 0.70000000000000018 -0.14817073170731707 0.47801932367149763 -0.19782608695652171
decision_type=8 10 2 2 2 2 10 8 2 10 2 10 10 2
left_child=1 2 9 7 6 -6 -4 -3 -9 10 -1 -11 -2 -5
right_child=12 3 4 13 5 -7 -8 8 -10 11 -12 -13 -14 -15
leaf_value=-3.1164718700855342e-06 -8.1220125486666331e-05 -0.00013144421534003352 3.4794809078205521e-05 -0.00041289605564025721 0.00020804740448905336 -0.0005227056805772644 -0.00020453929768452864 8.3984364889448871e-05 -6.265403922454569e-05 0.00023723826355812925 -0.00013614752317349829 -1.5601591090439326e-05 -0.00023511304972551671 -6.8523555669738583e-05
leaf_weight=99238 83791 11296 267812 3239 25294 1668 13936 280860 21777 6420 98836 341549 17270 21877
leaf_count=99238 83791 11296 267812 3239 25294 1668 13936 280860 21777 6420 98836 341549 17270 21877
internal_value=6.14956e-08 9.21968e-06 -7.88986e-06 5.24415e-05 3.50715e-05 0.000161674 2.28482e-05 6.58679e-05 7.3333e-05 -3.22334e-05 -6.96495e-05 -1.08485e-05 -0.000107821 -0.000114173
internal_weight=1.29486e+06 1.1938e+06 854753 339049 308710 26962 281748 313933 302637 546043 198074 347969 101061 25116
internal_count=1294863 1193802 854753 339049 308710 26962 281748 313933 302637 546043 198074 347969 101061 25116
is_linear=0
shrinkage=0.01


Tree=202
num_leaves=15
num_cat=0
split_feature=24 23 22 11 28 18 17 22 27 28 27 26 17 23
split_gain=14.7089 14.014 9.25306 8.90926 8.13804 9.5899 7.2372 7.07079 6.88689 7.0691 6.77338 8.48269 6.71288 6.30887
threshold=-0.057189542483660143 0.051315789473684266 0.080697674418604662 1.0000000180025095e-35 0.11952380952380955 0.02105496453900713 -0.45959183673469384 -0.45959183673469384 0.30600358422939072 -0.45959183673469384 -0.14946808510638296 0.15954545454545457 -0.30217391304347824 0.010753931544865871
decision_type=10 10 2 2 10 2 2 2 2 10 2 2 2 10
left_child=2 4 3 7 5 6 -2 -1 -4 13 11 -5 -6 -10
right_child=1 -3 8 10 12 -7 -8 -9 9 -11 -12 -13 -14 -15
leaf_value=-0.00046641119415428181 -0.00030361873359650691 0.00022086812387859918 -6.7928287457151755e-05 0.00024796323033544014 -0.00016738199884229992 -1.5549511689408306e-05 9.0578564948579291e-05 -8.2525701830488542e-05 0.00069733407290764192 -0.00025263635048921327 -2.0924384054854926e-05 2.7076129264378098e-05 -6.5903169820003162e-06 -0.00041218836405377982
leaf_weight=5252 4708 35152 153110 23948 28459 157274 254393 61967 1509 36151 167915 64873 302204 737
leaf_count=5252 4708 35152 153110 23948 28459 157274 254393 61967 1509 36151 167915 64873 302204 737
internal_value=-1.6279e-06 2.56789e-05 -4.31228e-05 -1.04431e-05 1.64532e-05 4.58883e-05 8.32966e-05 -0.000112985 -9.82464e-05 -0.000218345 1.62888e-05 8.6976e-05 -2.05212e-05 0.000319853
internal_weight=1.29765e+06 782190 515462 323955 747038 416375 259101 67219 191507 38397 256736 88821 330663 2246
internal_count=1297652 782190 515462 323955 747038 416375 259101 67219 191507 38397 256736 88821 330663 2246
is_linear=0
shrinkage=0.01


Tree=203
num_leaves=15
num_cat=0
split_feature=23 27 28 4 5 3 22 22 26 23 28 1 14 26
split_gain=12.7782 13.2142 9.18932 7.75516 7.58311 6.12647 5.46351 5.29826 5.11391 7.79211 5.00747 5.81471 4.80373 4.01181
threshold=0.059027777777777797 -0.019259259259259278 -0.31165540540540532 0.39678030303030309 0.43683510638297879 -0.39472517730496448 0.32025641025641027 0.49479166666666674 0.06186224489795919 0.034523809523809519 0.43513323983169711 0.24222222222222226 -0.015555555555555571 0.53410852713178303
decision_type=10 2 10 2 8 8 2 2 2 8 10 10 2 2
left_child=1 3 8 5 6 13 -4 -7 12 -10 11 -2 -3 -1
right_child=10 2 4 -5 -6 7 -8 -9 9 -11 -12 -13 -14 -15
leaf_value=1.3093395267489549e-05 0.00028644198408570026 0.00021126716973533571 -3.0808453939147902e-05 -0.00013417349690841217 -0.00019130921202543613 5.1571880649429199e-05 -0.00014222655709585422 -0.0002464758979111563 5.6267169759876168e-05 0.00053806257479423083 -7.04513505062172e-06 0.00099003031243226152 -0.00018029016872563082 -0.00017060668178471011
leaf_weight=25705 12430 3839 467315 27226 36262 522474 48828 5997 98919 3492 4960 1348 15863 21683
leaf_count=25705 12430 3839 467315 27226 36262 522474 48828 5997 98919 3492 4960 1348 15863 21683
internal_value=2.86297e-07 -3.49306e-06 -3.3924e-05 3.04925e-05 -5.13031e-05 3.83305e-05 -4.14077e-05 4.81315e-05 4.44479e-05 7.30036e-05 0.000259533 0.000357656 -0.000102451 -7.03334e-05
internal_weight=1.29634e+06 1.2776e+06 674518 603085 552405 575859 516143 528471 122113 102411 18738 13778 19702 47388
internal_count=1296341 1277603 674518 603085 552405 575859 516143 528471 122113 102411 18738 13778 19702 47388
is_linear=0
shrinkage=0.01


Tree=204
num_leaves=15
num_cat=0
split_feature=24 28 22 14 15 26 28 20 28 24 28 20 22 22
split_gain=12.6898 12.063 10.2714 7.83652 7.80693 6.56486 6.28736 6.03394 5.66649 6.64777 5.35378 5.4209 4.96346 4.65267
threshold=-0.057189542483660143 0.17006802721088435 0.12097560975609757 0.37888888888888894 0.010753931544865871 0.15954545454545457 -0.30217391304347824 -0.026669758812615931 -0.43142633228840116 -0.42163742690058476 -0.31165540540540532 0.17369121561668147 -0.030306122448979591 -0.29880952380952375
decision_type=10 10 2 2 2 2 10 2 8 8 8 2 2 2
left_child=2 3 4 5 8 12 -7 -3 -1 -10 11 -4 -2 -6
right_child=1 7 10 -5 13 6 -8 -9 9 -11 -12 -13 -14 -15
leaf_value=0.00014046609150871752 9.2414561372001767e-05 -0.00012163941181104884 -3.1043247687583328e-05 -9.7621669434909517e-05 -6.1939802647843227e-05 0.00015964359421005993 6.237516395739429e-05 -3.4810567027072622e-06 8.8660370818934825e-05 -0.00017296593492796634 -0.00013736372048592731 0.00047772674882911155 -4.7004026669428214e-05 3.7588944430528987e-05
leaf_weight=8741 39131 52226 35347 30612 59769 93287 238081 253982 11542 56981 122507 2223 73449 217161
leaf_count=8741 39131 52226 35347 30612 59769 93287 238081 253982 11542 56981 122507 2223 73449 217161
internal_value=-2.50492e-07 2.51313e-05 -3.88434e-05 5.67238e-05 -8.70637e-06 6.74347e-05 8.985e-05 -2.37328e-05 -9.76416e-05 -0.000128458 -0.000105337 -1.0537e-07 1.19034e-06 1.59992e-05
internal_weight=1.29504e+06 780768 514271 474560 354194 443948 331368 306208 77264 68523 160077 37570 112580 276930
internal_count=1295039 780768 514271 474560 354194 443948 331368 306208 77264 68523 160077 37570 112580 276930
is_linear=0
shrinkage=0.01


Tree=205
num_leaves=15
num_cat=0
split_feature=3 24 15 3 28 21 24 24 24 24 17 14 17 25
split_gain=12.833 10.2636 8.04164 7.32231 6.88211 5.57058 8.94693 5.38956 5.31959 8.59451 6.91361 5.20218 4.47346 4.16668
threshold=0.30104166666666676 0.26163419913419916 0.020416666666666698 -0.43683510638297868 -0.30901722391084091 0.081666666666666679 0.13078947368421054 0.17156862745098042 -0.10113636363636362 -0.37627551020408156 -0.40454545454545449 0.41918367346938784 -0.45959183673469384 0.50000000000000011
decision_type=10 10 2 10 10 2 8 10 8 10 2 2 2 2
left_child=1 2 -1 -3 -2 7 -7 -4 9 -6 -10 13 -11 -5
right_child=4 3 5 11 8 6 -8 -9 10 12 -12 -13 -14 -15
leaf_value=-3.1002821523696305e-05 6.3984506236962278e-05 -0.00017143293821964383 3.1889637270998368e-05 2.7312920431706881e-05 -6.3011728164177267e-05 7.3851041255018995e-05 0.0005496187759772513 -0.00016569635959055794 -0.0003361872374264735 0.00025737957070745587 -4.0591623852898565e-05 -0.00010209141749744214 -0.00038746254718181438 0.00010732342031499668
leaf_weight=520986 25534 13078 265324 101169 20802 17269 5206 14523 8843 1079 79559 16544 19725 188484
leaf_count=520986 25534 13078 265324 101169 20802 17269 5206 14523 8843 1079 79559 16544 19725 188484
internal_value=-1.11397e-07 1.14663e-05 -7.16538e-06 5.9605e-05 -8.53504e-05 3.38139e-05 0.000185449 2.15268e-05 -0.000114912 -0.000208521 -7.05103e-05 6.95724e-05 -0.000352544 7.94818e-05
internal_weight=1.29812e+06 1.14258e+06 823308 319275 155542 302322 22475 279847 130008 41606 88402 306197 20804 289653
internal_count=1298125 1142583 823308 319275 155542 302322 22475 279847 130008 41606 88402 306197 20804 289653
is_linear=0
shrinkage=0.01


Tree=206
num_leaves=15
num_cat=0
split_feature=23 27 24 26 3 22 27 22 24 21 11 22 24 18
split_gain=13.5082 15.3265 9.01801 8.74369 9.9703 7.87141 6.38858 6.07251 5.70889 5.56023 4.71231 4.62965 4.32373 5.06346
threshold=0.04653679653679655 0.38047619047619052 0.26163419913419916 0.36055555555555557 -0.43683510638297868 0.32025641025641027 -0.12372448979591837 -0.45959183673469384 -0.18660714285714283 0.011766334440753036 0.47849213691026832 -0.25255102040816318 -0.13254936120789776 1.0000000180025095e-35
decision_type=8 2 10 2 8 2 2 2 8 2 2 2 10 2
left_child=1 2 5 7 -5 6 -1 -4 -2 12 -7 -11 13 -3
right_child=8 9 3 4 -6 10 -8 -9 -10 11 -12 -13 -14 -15
leaf_value=3.7663951566660789e-05 -2.522110818355636e-05 -7.9746441154747734e-05 -0.00055434458575534886 -0.0002723724741293244 0.00011575142792218094 -0.00011264991296784566 -2.4183128506860384e-05 2.3013834261784545e-06 0.00020700294691885384 5.6118602356639645e-05 0.00035617694847530149 -9.3578662436189525e-05 -0.00012847378106500761 -0.00052172509196699772
leaf_weight=294212 13595 4268 1985 6837 172178 81658 386113 132758 44542 26033 2170 96301 26898 7374
leaf_count=294212 13595 4268 1985 6837 172178 81658 386113 132758 44542 26033 2170 96301 26898 7374
internal_value=3.20065e-06 -3.76739e-06 9.79609e-06 5.49484e-05 0.000100756 -8.70415e-06 2.51909e-06 -5.6885e-06 0.000152184 -9.48323e-05 -0.000100144 -6.14769e-05 -0.000199918 -0.000362333
internal_weight=1.29692e+06 1.23878e+06 1.07791e+06 313758 179015 764153 680325 134743 58137 160874 83828 122334 38540 11642
internal_count=1296922 1238785 1077911 313758 179015 764153 680325 134743 58137 160874 83828 122334 38540 11642
is_linear=0
shrinkage=0.01


Tree=207
num_leaves=15
num_cat=0
split_feature=23 28 3 24 24 26 23 25 19 17 19 24 14 25
split_gain=12.8684 11.4384 11.8445 6.94343 6.09968 10.6373 8.79007 8.68642 6.69543 5.97346 5.91583 5.04003 4.48548 4.469
threshold=0.1125 -0.30217391304347824 0.30104166666666676 -0.051682692307692284 0.098913043478260868 0.15954545454545457 0.04006410256410254 0.57500000000000018 0.1526175687666371 -0.40454545454545449 0.014928698752228133 -0.38799283154121861 -0.15978723404255316 0.62500000000000011
decision_type=8 10 10 10 10 2 10 2 2 2 2 8 2 2
left_child=1 4 10 11 7 -6 -7 -1 -9 -5 12 -4 -3 -12
right_child=-2 2 3 9 5 6 -8 8 -10 -11 13 -13 -14 -15
leaf_value=0.00010797623676939719 0.00030983477688689042 -0.00011694712985422797 5.7733640590546944e-06 -0.00029000407837698325 -5.6283020563882631e-05 0.00015621242054843771 0.00060584036745220827 -8.979504738035931e-05 0.00018249248538444032 -9.2857621474470497e-06 -6.9348811236873991e-06 -0.00023776669705364423 -1.6607992670631254e-05 5.4321285455536904e-05
leaf_weight=62113 13509 50430 10255 8586 23962 66122 4715 64859 10432 66906 245075 43646 394720 230325
leaf_count=62113 13509 50430 10255 8586 23962 66122 4715 64859 10432 66906 245075 43646 394720 230325
internal_value=2.84027e-06 -3.71621e-07 -1.44413e-05 -0.000104031 6.3117e-05 0.000124882 0.000186588 2.02834e-05 -5.16638e-05 -4.16206e-05 -1.81567e-06 -0.000190877 -2.80433e-05 2.268e-05
internal_weight=1.29566e+06 1.28215e+06 1.04994e+06 129393 232203 94799 70837 137404 75291 75492 920550 53901 445150 475400
internal_count=1295655 1282146 1049943 129393 232203 94799 70837 137404 75291 75492 920550 53901 445150 475400
is_linear=0
shrinkage=0.01


Tree=208
num_leaves=15
num_cat=0
split_feature=27 11 24 28 28 8 27 22 2 24 7 24 18 7
split_gain=13.9897 8.60569 8.0541 9.58739 6.61952 5.39854 7.34595 5.00686 4.61057 6.34973 5.6437 4.42736 4.37769 4.22453
threshold=0.070714285714285688 -0.29795918367346935 -0.037042682926829239 -0.23956521739130432 0.060487804878048841 0.030931122448979612 0.49000000000000005 0.49479166666666674 0.25777777777777783 -0.42752100840336132 1.0000000180025095e-35 -0.080729166666666644 0.47915762049500654 0.016954022988505794
decision_type=2 2 8 10 8 2 2 2 8 10 2 10 2 2
left_child=1 -1 8 12 11 -5 -7 -6 -2 -10 -11 13 -4 -3
right_child=2 4 3 5 7 6 -8 -9 9 10 -12 -13 -14 -15
leaf_value=-7.184976237088289e-05 -5.3166385394191487e-05 -7.5898037307158897e-06 0.00010372289905701389 -6.6373661589544362e-05 9.5632796612468866e-06 3.1968845420199171e-07 0.00031462759388160475 -0.00040967757919771404 0.00018375716312587963 -0.0010689477429559511 -0.00016897120780293113 9.9735265838548311e-05 -0.00047724725963543715 0.00010599565723314776
leaf_weight=74676 202177 102697 77104 161272 280837 64135 8437 2873 5126 716 58401 209264 1299 47784
leaf_count=74676 202177 102697 77104 161272 280837 64135 8437 2873 5126 716 58401 209264 1299 47784
internal_value=1.10248e-07 2.96169e-05 -3.64559e-05 -1.89613e-06 4.14395e-05 -3.40755e-05 3.7285e-05 5.20779e-06 -7.68472e-05 -0.000150899 -0.000180432 6.99296e-05 9.36967e-05 2.82804e-05
internal_weight=1.2968e+06 718131 578667 312247 643455 233844 72572 283710 266420 64243 59117 359745 78403 150481
internal_count=1296798 718131 578667 312247 643455 233844 72572 283710 266420 64243 59117 359745 78403 150481
is_linear=0
shrinkage=0.01


Tree=209
num_leaves=15
num_cat=0
split_feature=0 24 27 26 28 26 28 27 3 15 24 24 4 22
split_gain=14.0285 11.2294 8.87994 9.9423 9.33219 7.85875 7.45185 7.0909 6.51297 5.24616 7.91237 4.81706 4.81478 4.75452
threshold=0.36181818181818187 0.26163419913419916 0.04027027027027031 0.1023024594453166 0.47259759759759767 0.49489795918367352 -0.30217391304347824 -0.31725417439703146 -0.44222222222222213 0.057777777777777824 0.13078947368421054 0.33666666666666673 0.39246068455134137 -0.39897959183673465
decision_type=8 10 2 2 10 2 10 2 10 2 8 10 2 2
left_child=1 2 3 7 -5 12 11 -1 -8 -4 -11 -7 -3 -2
right_child=13 5 9 4 -6 6 8 -9 -10 10 -12 -13 -14 -15
leaf_value=0.00023720820276163597 -0.00031927517358933387 2.7195847658770771e-05 -6.0477368251104961e-05 8.195211392909952e-06 -0.00023386330576964404 0.00054011829158873809 -0.00033908827573013624 5.0445465388741368e-05 8.1137615831263608e-05 1.0812528202313686e-05 0.00048874704257942478 0.00018467041424812759 -0.00017224782963936835 -8.6899895225787241e-05
leaf_weight=30882 9797 159791 325707 354784 16670 4346 3782 61187 115856 57472 3695 39573 13072 100001
leaf_count=30882 9797 159791 325707 354784 16670 4346 3782 61187 115856 57472 3695 39573 13072 100001
internal_value=2.01263e-07 1.02292e-05 -9.08744e-06 2.039e-05 -2.58886e-06 5.91462e-05 0.000108856 0.000113421 6.75945e-05 -4.44825e-05 4.01968e-05 0.000220561 1.19375e-05 -0.000107916
internal_weight=1.29662e+06 1.18682e+06 850397 463523 371454 336420 163557 92069 119638 386874 61167 43919 172863 109798
internal_count=1296615 1186817 850397 463523 371454 336420 163557 92069 119638 386874 61167 43919 172863 109798
is_linear=0
shrinkage=0.01


Tree=210
num_leaves=15
num_cat=0
split_feature=24 22 23 28 15 28 22 27 14 21 27 21 27 22
split_gain=12.7508 13.8008 12.3421 9.34413 8.62482 8.42763 7.77384 7.43892 7.21671 6.52236 5.48103 5.45638 5.39535 5.29947
threshold=-0.051682692307692284 0.080697674418604662 0.051315789473684266 -0.11167800453514738 -0.1769565217391304 0.17006802721088435 -0.23779761904761901 0.091372912801484255 0.37095282146160968 0.028594771241830078 -0.15261756876663707 -0.43938775510204076 0.41010101010101013 0.37627551020408168
decision_type=10 2 8 10 2 10 2 2 2 2 2 2 2 2
left_child=1 4 5 11 -1 8 -6 9 13 -7 -8 -3 -5 -2
right_child=2 3 -4 12 6 7 10 -9 -10 -11 -12 -13 -14 -15
leaf_value=-0.00016566895688013036 6.7612352309373748e-05 0.00070786066138338473 0.00020967190388954574 -0.00013310536556272954 -5.2607761147133832e-05 5.0393261057330616e-05 0.00012384383402342676 -8.2867897479509334e-05 -9.8320118566640102e-05 -0.00010609820818545289 1.5255511400652915e-05 -3.0255989925924732e-05 -0.00034241179451531122 -7.9633261004014938e-05
leaf_weight=28095 364584 1008 35033 107565 105179 134440 71431 123709 31934 33136 135312 85251 14183 26013
leaf_count=28095 364584 1008 35033 107565 105179 134440 71431 123709 31934 33136 135312 85251 14183 26013
internal_value=-4.50609e-07 -3.71269e-05 2.63499e-05 -0.000101289 2.03695e-06 1.73098e-05 1.72399e-05 -2.40062e-05 4.58633e-05 1.92687e-05 5.29198e-05 -2.12585e-05 -0.000157743 5.77287e-05
internal_weight=1.29687e+06 548024 748849 208007 340017 713816 311922 291285 422531 167576 206743 86259 121748 390597
internal_count=1296873 548024 748849 208007 340017 713816 311922 291285 422531 167576 206743 86259 121748 390597
is_linear=0
shrinkage=0.01


Tree=211
num_leaves=15
num_cat=0
split_feature=27 23 15 24 28 28 22 24 11 1 15 28 1 18
split_gain=12.768 14.0479 8.33766 8.2966 7.21445 6.74688 5.88359 5.60314 5.52098 4.95048 4.89137 7.52694 4.76534 4.42533
threshold=0.04653679653679655 0.1125 -0.18133462282398449 0.26163419913419916 -0.23956521739130432 0.47259759759759767 0.31725417439703163 -0.0292857142857143 0.023268398268398275 0.47979591836734697 -0.37877551020408157 0.21583850931677021 0.41207729468599036 0.45959183673469389
decision_type=2 8 2 8 10 8 2 10 2 8 2 10 10 2
left_child=2 3 -1 10 13 6 7 -4 -8 -6 11 -2 -12 -5
right_child=1 -3 5 4 9 -7 8 -9 -10 -11 12 -13 -14 -15
leaf_value=-7.3499022537184571e-05 0.00016324302977141833 0.00041189414365370969 2.9316181465583474e-05 0.00011085333903689116 -1.7130970866819624e-05 -0.00010174782044761513 -0.0001022985813129724 9.5386426305322936e-05 9.874363409791846e-05 -0.00033953499677477302 -6.2014741814174615e-05 -0.00032272973814309131 -0.00019265195749795051 -0.00046826820415275051
leaf_weight=71649 18591 6957 285845 66051 107681 31573 45358 235669 19416 5000 367496 3814 30514 1325
leaf_count=71649 18591 6957 285845 66051 107681 31573 45358 235669 19416 5000 367496 3814 30514 1325
internal_value=-9.59451e-07 -3.44108e-05 2.84663e-05 -3.96336e-05 1.70333e-05 4.03393e-05 4.80427e-05 5.92308e-05 -4.15713e-05 -3.17119e-05 -6.39745e-05 7.9145e-05 -7.2107e-05 9.89989e-05
internal_weight=1.29694e+06 607429 689510 600472 180057 617861 586288 521514 64774 112681 420415 22405 398010 67376
internal_count=1296939 607429 689510 600472 180057 617861 586288 521514 64774 112681 420415 22405 398010 67376
is_linear=0
shrinkage=0.01


Tree=212
num_leaves=15
num_cat=0
split_feature=23 27 24 26 3 24 27 26 24 26 27 23 24 18
split_gain=12.6498 12.5722 7.6554 7.19249 7.12163 6.87859 6.38006 8.98255 6.0448 5.90616 5.42782 5.18141 6.34379 4.77594
threshold=0.030330882352941183 0.38047619047619052 0.26163419913419916 0.52041666666666686 -0.43683510638297868 -0.037042682926829239 -0.13589015151515149 0.14434523809523811 -0.42752100840336132 0.10990338164251208 -0.31909090909090904 0.011766334440753036 -0.03062500000000001 0.011766334440753036
decision_type=8 2 10 2 10 8 2 2 10 2 2 10 10 2
left_child=1 2 6 13 -5 9 7 -1 -3 10 -2 12 -10 -4
right_child=5 8 3 4 -6 -7 -8 -9 11 -11 -12 -13 -14 -15
leaf_value=0.00011214083813627378 0.00098178554055356718 0.00018073431323582665 4.7651505538914714e-05 -0.00024555098209211339 0.00011212489546237627 0.00019437988678224429 -3.7412626137565143e-05 -9.2879953586342796e-06 -0.00022810914499110308 -6.9973348611859963e-05 0.00014433426327939284 -2.2723636272951992e-05 -6.654312252712655e-05 -6.1850201192750854e-05
leaf_weight=81557 944 7720 93983 5744 140401 49953 429874 239357 49110 23454 5073 51359 49458 69105
leaf_count=81557 944 7720 93983 5744 140401 49953 429874 239357 49110 23454 5073 51359 49458 69105
internal_value=6.0271e-07 -7.34985e-06 5.01502e-06 4.69086e-05 9.7857e-05 0.000122899 -1.22002e-05 2.14792e-05 -9.06802e-05 7.13401e-07 0.000281128 -0.000104859 -0.00014735 1.0683e-06
internal_weight=1.29709e+06 1.21767e+06 1.06002e+06 309233 146145 79424 750788 320914 157647 29471 6017 149927 98568 163088
internal_count=1297092 1217668 1060021 309233 146145 79424 750788 320914 157647 29471 6017 149927 98568 163088
is_linear=0
shrinkage=0.01


Tree=213
num_leaves=15
num_cat=0
split_feature=23 28 4 22 22 26 11 17 21 10 19 22 15 19
split_gain=12.9698 11.4093 9.60893 8.22178 7.21069 6.96536 6.03643 5.56344 5.54164 4.67944 4.67135 4.5057 3.94041 3.60985
threshold=0.091666666666666688 0.10208333333333332 0.19678442028985507 0.32025641025641027 -0.45959183673469384 0.045983086680761107 -0.39472517730496448 -0.38318181818181812 -0.43938775510204076 0.014087301587301539 -0.19782608695652171 -0.047065337763012187 -0.015555555555555571 0.2423404255319149
decision_type=8 10 2 2 2 2 2 2 2 2 2 2 2 2
left_child=1 3 5 4 -1 10 -7 12 -6 -5 -3 -9 -4 -2
right_child=13 2 7 9 8 6 -8 11 -10 -11 -12 -13 -14 -15
leaf_value=-0.00014876636872084977 0.00021575770628309813 0.00043658119568008164 -0.00050543714277915814 -0.00014957725783740539 0.00021622584125402706 -0.00020264525486251696 -2.3556085474710137e-05 1.6460119305935698e-06 3.2687188357142614e-05 5.9119848928018642e-06 6.585058801456117e-05 -0.00014666301753749668 -0.00013424447386588444 0.00063011886978631029
leaf_weight=21409 12098 3737 6235 41466 16951 19951 351871 29643 641474 35624 43012 63542 5795 2695
leaf_count=21409 12098 3737 6235 41466 16951 19951 351871 29643 641474 35624 43012 63542 5795 2695
internal_value=-9.58554e-07 -4.38253e-06 -4.02818e-05 2.04199e-05 3.15496e-05 -1.8723e-05 -3.32478e-05 -0.00012576 3.74589e-05 -7.73377e-05 9.61537e-05 -9.91641e-05 -0.0003292 0.000293386
internal_weight=1.2955e+06 1.28071e+06 523786 756924 679834 418571 371822 105215 658425 77090 46749 93185 12030 14793
internal_count=1295503 1280710 523786 756924 679834 418571 371822 105215 658425 77090 46749 93185 12030 14793
is_linear=0
shrinkage=0.01


Tree=214
num_leaves=15
num_cat=0
split_feature=0 23 27 15 28 28 19 26 28 0 26 23 5 21
split_gain=11.408 9.23041 9.54002 7.36459 5.74898 5.28598 5.21617 3.72121 3.16456 4.33987 3.49869 4.20208 3.09536 3.12649
threshold=0.37766439909297056 0.066964285714285712 -0.019259259259259278 -0.18133462282398449 -0.23956521739130432 0.13211600429645545 -0.47979591836734686 0.45916666666666672 0.33156028368794332 0.24222222222222226 0.16496598639455784 0.14583333333333334 0.47801932367149763 0.34944495837187795
decision_type=10 10 2 2 10 8 2 2 10 10 2 10 10 2
left_child=1 2 3 7 6 -5 -4 -1 9 -3 -10 -12 -2 -14
right_child=12 8 4 5 -6 -7 -8 -9 10 -11 11 -13 13 -15
leaf_value=1.3971028403294054e-05 -7.6069832362159794e-05 0.00025097847123950646 0.00056413626798698191 7.2949126076730038e-05 -4.046688636966806e-05 7.2058274139939965e-06 2.3391986803966181e-05 -0.00014545257654517796 0.00040684640753774816 0.00086418841468376324 -0.00040000097285456109 0.00026355517908476298 -0.00031964941984386267 -2.8241676579092965e-05
leaf_weight=26768 84248 11469 1808 308097 450475 204591 154398 31498 1724 1344 2381 1538 11534 5756
leaf_count=26768 84248 11469 1808 308097 450475 204591 154398 31498 1724 1344 2381 1538 11534 5756
internal_value=1.11753e-07 8.7739e-06 5.26984e-06 3.46296e-05 -2.23115e-05 4.67726e-05 2.98536e-05 -7.16999e-05 0.000230698 0.000317828 2.74814e-05 -0.000131939 -0.000101628 -0.000224394
internal_weight=1.29763e+06 1.19609e+06 1.17764e+06 570954 606681 512688 156206 58266 18456 12813 5643 3919 101538 17290
internal_count=1297629 1196091 1177635 570954 606681 512688 156206 58266 18456 12813 5643 3919 101538 17290
is_linear=0
shrinkage=0.01


Tree=215
num_leaves=15
num_cat=0
split_feature=0 24 23 27 28 23 3 21 25 25 19 17 23 28
split_gain=12.7397 10.7707 11.516 9.05043 7.5831 5.98213 5.88649 5.14768 4.79974 3.52673 6.50558 3.46129 3.32001 3.09377
threshold=0.37766439909297056 0.26163419913419916 0.077380952380952397 0.27605297438124188 0.33156028368794332 0.010310374149659853 0.47979591836734697 0.18819444444444447 0.92500000000000016 0.50000000000000011 0.034523809523809519 -0.38318181818181812 0.20833333333333334 0.3816526610644258
decision_type=10 10 10 2 10 10 8 2 2 2 2 2 10 8
left_child=1 2 3 7 12 6 8 -1 -3 -7 -11 -8 -4 -5
right_child=-2 5 4 13 -6 9 11 -9 -10 10 -12 -13 -14 -15
leaf_value=1.4581229871580187e-05 -0.00010710783603626051 -1.1361882445262547e-05 0.0003642476654111255 -9.1526735980896335e-05 -3.0170989574309293e-05 4.6434218809311791e-05 -0.00094312729133809177 -6.9769040612523993e-05 0.00011897585499831067 8.1098544425043095e-05 0.00025439959779308612 -0.00019070159398201702 0.00093049272249444274 1.962466792211049e-05
leaf_weight=567841 101269 114445 7585 162020 4989 82352 901 82869 37384 70902 31752 2374 1313 29113
leaf_count=567841 101269 114445 7585 162020 4989 82352 901 82869 37384 70902 31752 2374 1313 29113
internal_value=5.59307e-07 9.70237e-06 -9.18774e-06 -1.39338e-05 0.000276301 5.73185e-05 1.12949e-05 3.79271e-06 2.05346e-05 9.57404e-05 0.000135001 -0.00040753 0.000451459 -7.44394e-05
internal_weight=1.29711e+06 1.19584e+06 855730 841843 13887 340110 155104 650710 151829 185006 102654 3275 8898 191133
internal_count=1297109 1195840 855730 841843 13887 340110 155104 650710 151829 185006 102654 3275 8898 191133
is_linear=0
shrinkage=0.01


Tree=216
num_leaves=15
num_cat=0
split_feature=27 4 24 26 3 0 3 24 26 15 14 18 24 24
split_gain=11.4065 6.78193 6.52222 8.0664 6.50968 6.11672 5.61359 5.15036 5.37282 4.84427 4.5062 4.24699 4.22021 3.63721
threshold=1.0000000180025095e-35 0.39678030303030309 -0.22821969696969696 0.1023024594453166 -0.46404255319148929 0.37766439909297056 -0.41578014184397155 0.26163419913419916 0.10102040816326532 -0.37877551020408157 0.081666666666666679 -0.30217391304347824 -0.37939393939393934 -0.42022727272727267
decision_type=2 2 10 2 8 8 8 8 2 2 2 2 8 8
left_child=1 2 3 13 -2 7 -4 10 -9 -7 -6 -3 -13 -1
right_child=4 11 6 -5 5 9 -8 8 -10 -11 -12 12 -14 -15
leaf_value=0.00039197013957502775 -0.00039920197887019396 -0.00037853478327769024 -8.1158119340396951e-05 -5.7756197095956947e-05 -4.6217046314320822e-05 0.00010314587652863758 6.6979363291508039e-05 -6.7694826288797929e-05 6.3616604749210516e-05 -0.00014778778977269323 4.5733664716847602e-05 0.00027914315996700192 -0.00011289014532363355 7.9074477488624671e-05
leaf_weight=4443 4645 5143 26964 112513 348176 8733 443489 40494 133023 57554 62609 3148 20042 25800
leaf_count=4443 4645 5143 26964 112513 348176 8733 443489 40494 133023 57554 62609 3148 20042 25800
internal_value=3.42526e-06 3.34186e-05 4.04441e-05 -1.86008e-05 -2.58956e-05 -2.31823e-05 5.84246e-05 -1.27966e-05 3.27987e-05 -0.000114273 -3.21293e-05 -0.000117562 -5.83496e-05 0.000126068
internal_weight=1.29678e+06 641542 613209 142756 655234 650589 470453 584302 173517 66287 410785 28333 23190 30243
internal_count=1296776 641542 613209 142756 655234 650589 470453 584302 173517 66287 410785 28333 23190 30243
is_linear=0
shrinkage=0.01


Tree=217
num_leaves=15
num_cat=0
split_feature=24 23 2 28 18 27 26 27 21 25 21 24 17 28
split_gain=11.3123 12.4123 8.77849 8.35638 9.00872 7.48221 7.34843 8.72271 8.43413 7.55968 6.2671 6.26376 6.23399 5.88512
threshold=-0.057189542483660143 0.051315789473684266 0.34021276595744687 0.17006802721088435 0.02105496453900713 0.22046511627906976 0.32993197278911568 -0.30901722391084091 0.18042553191489366 0.82500000000000018 0.028594771241830078 -0.42752100840336132 -0.43938775510204076 -0.43969696969696964
decision_type=10 10 10 8 2 2 2 2 2 2 2 10 2 10
left_child=2 3 6 4 12 10 7 -1 -8 -10 -5 -4 -2 -13
right_child=1 -3 11 5 -6 -7 8 -9 9 -11 -12 13 -14 -15
leaf_value=0.00015233171926334478 -0.00018026405295996367 0.00020922804507623498 0.00015810753114700035 3.5292867003290498e-05 -1.4025752190110659e-05 -0.00010218340394430604 -3.3764770351263537e-05 -1.0135479018431898e-05 -9.5714679991535273e-05 -0.00041528367134523056 -0.00010168977539931899 0.00017978835082198088 8.684710958023748e-05 -0.00023853464779296276
leaf_weight=42553 8953 35046 5301 167163 168369 87629 243913 146686 22759 11232 41696 3589 273271 39699
leaf_count=42553 8953 35046 5301 167163 168369 87629 243913 146686 22759 11232 41696 3589 273271 39699
internal_value=1.23665e-06 2.52326e-05 -3.50959e-05 1.65603e-05 4.37134e-05 -2.46049e-05 -2.17154e-05 2.62408e-05 -5.44792e-05 -0.000202223 7.80135e-06 -0.000163111 7.82654e-05 -0.000203149
internal_weight=1.29786e+06 782127 515732 747081 450593 296488 467143 189239 277904 33991 208859 48589 282224 43288
internal_count=1297859 782127 515732 747081 450593 296488 467143 189239 277904 33991 208859 48589 282224 43288
is_linear=0
shrinkage=0.01


Tree=218
num_leaves=15
num_cat=0
split_feature=0 22 3 27 11 15 24 26 22 11 14 15 15 21
split_gain=11.4018 8.76884 8.05721 8.54838 6.90347 6.67355 6.60794 5.47629 4.78517 3.14012 3.07363 2.93019 2.92842 2.55045
threshold=0.37766439909297056 0.32755102040816336 -0.43683510638297868 1.0000000180025095e-35 0.023268398268398275 -0.18133462282398449 0.26163419913419916 0.5803225806451614 -0.39897959183673465 0.17695652173913048 -0.25777777777777772 -0.37877551020408157 -0.43938775510204076 0.45959183673469389
decision_type=8 2 8 2 2 2 8 2 2 2 2 2 2 2
left_child=1 2 7 5 -3 -4 -5 -1 12 -9 -6 -10 -2 -12
right_child=8 4 3 6 10 -7 -8 9 11 -11 13 -13 -14 -15
leaf_value=-2.1569449129709524e-05 0.00010578590753962061 -0.00012776061357797322 -6.4619280520864281e-05 -3.0736300733205284e-05 -0.00025254316696133076 6.0839259813035477e-05 4.6837601686863126e-05 -0.00035087933367022254 8.3014292800731999e-05 -1.2420654681423614e-05 9.0692806083554904e-05 -0.00010074200614052969 -0.00039718082134713404 -0.00032102778231574619
leaf_weight=20585 1253 79672 46336 368283 3226 473758 156301 11941 9507 3800 30584 83079 7786 1552
leaf_count=20585 1253 79672 46336 368283 3226 473758 156301 11941 9507 3800 30584 83079 7786 1552
internal_value=-1.72101e-06 6.89596e-06 1.57518e-05 2.08676e-05 -7.60622e-05 4.9604e-05 -7.56566e-06 -0.000130535 -0.000103428 -0.000271096 3.95691e-05 -8.15473e-05 -0.000324129 6.98473e-05
internal_weight=1.29766e+06 1.19604e+06 1.081e+06 1.04468e+06 115034 520094 524584 36326 101625 15741 35362 92586 9039 32136
internal_count=1297663 1196038 1081004 1044678 115034 520094 524584 36326 101625 15741 35362 92586 9039 32136
is_linear=0
shrinkage=0.01


Tree=219
num_leaves=15
num_cat=0
split_feature=24 23 28 0 22 27 26 23 23 19 27 21 22 24
split_gain=12.5723 13.3122 9.76281 8.84202 7.2663 6.87278 5.89596 5.78053 6.96369 5.76355 5.53688 5.24084 5.17931 4.81179
threshold=-0.057189542483660143 0.051315789473684266 0.11952380952380955 0.34021276595744687 0.12097560975609757 0.091372912801484255 0.16064516129032261 0.012347560975609741 0.016397849462365614 -0.17006802721088435 0.36023255813953492 0.030012004801920792 -0.13021739130434781 0.31101190476190482
decision_type=10 10 10 8 2 2 2 8 10 2 2 2 2 10
left_child=3 2 6 4 9 11 12 10 -9 -1 -6 -4 -2 -8
right_child=1 -3 5 -5 7 -7 13 8 -10 -11 -12 -13 -14 -15
leaf_value=-0.00011502320040808574 9.1954161187785579e-05 0.00021375633774418175 4.0555201409144727e-05 -0.0001686561492035853 -4.173212284606819e-05 -7.9555424390502958e-05 4.1581255675859838e-05 -0.00050190243413856638 -1.7349499728417111e-05 1.4603337258695325e-05 -0.00024053608355083627 -8.6536616392253156e-05 -6.2103171497535816e-05 0.00012689870837976808
leaf_weight=38976 30534 34998 148361 48850 113254 140272 212622 7001 5374 285556 16116 41448 75920 97121
leaf_count=38976 30534 34998 148361 48850 113254 140272 212622 7001 5374 285556 16116 41448 75920 97121
internal_value=-2.1706e-06 2.30916e-05 1.41091e-05 -4.05432e-05 -2.70559e-05 -2.6447e-05 4.63457e-05 -8.67897e-05 -0.000293958 -8.73172e-07 -6.67346e-05 1.26436e-05 -1.7632e-05 6.84307e-05
internal_weight=1.2964e+06 781276 746278 515127 466277 330081 416197 141745 12375 324532 129370 189809 106454 309743
internal_count=1296403 781276 746278 515127 466277 330081 416197 141745 12375 324532 129370 189809 106454 309743
is_linear=0
shrinkage=0.01


Tree=220
num_leaves=15
num_cat=0
split_feature=28 23 11 4 22 26 19 22 11 18 7 11 3 28
split_gain=10.871 9.61397 7.89951 7.52638 6.25103 6.1824 6.13802 5.95542 5.15605 5.20412 4.79995 4.76935 4.45079 4.1195
threshold=0.011369509043927641 0.20833333333333334 -0.35321969696969691 0.22111111111111112 -0.45959183673469384 0.065942028985507259 -0.38148936170212761 0.31725417439703163 -0.35321969696969691 -0.29795918367346935 -0.21869565217391301 0.023268398268398275 0.49468085106382986 0.080322580645161304
decision_type=8 8 2 2 2 2 2 2 2 2 2 2 10 8
left_child=1 2 -1 5 -4 13 8 -6 -5 -10 12 -7 -8 -2
right_child=3 -3 4 6 7 11 10 -9 9 -11 -12 -13 -14 -15
leaf_value=-0.00010803704966349648 -0.00011063837006566705 0.00087976606289844246 -0.00015112923016222715 0.00041612093273193842 5.3877645659552583e-05 -4.8834918047155257e-05 -0.00025387135873541976 -4.8747779559915656e-05 -0.00050317711475540445 6.5450131849486778e-05 -9.9617643558390381e-05 1.9548641736190656e-05 -0.001137504888828481 0.00010039436856065871
leaf_weight=39809 10619 1328 17045 3511 522874 305269 15538 63094 1870 11306 83500 152405 613 66268
leaf_count=39809 10619 1328 17045 3511 522874 305269 15538 63094 1870 11306 83500 152405 613 66268
internal_value=8.60077e-07 3.00067e-05 2.82004e-05 -2.79382e-05 3.72446e-05 -1.20108e-05 -0.000100863 4.27761e-05 7.54927e-05 -1.30719e-05 -0.000130697 -2.59977e-05 -0.000289471 7.08549e-05
internal_weight=1.29505e+06 644150 642822 650899 603013 534561 116338 585968 16687 13176 99651 457674 16151 76887
internal_count=1295049 644150 642822 650899 603013 534561 116338 585968 16687 13176 99651 457674 16151 76887
is_linear=0
shrinkage=0.01


Tree=221
num_leaves=15
num_cat=0
split_feature=1 23 24 26 28 22 22 28 28 24 10 20 10 10
split_gain=11.8949 10.2501 9.20969 8.38103 6.50516 5.58812 5.22649 5.00203 4.75505 4.53939 3.76192 3.35226 2.66277 2.59803
threshold=0.30558300395256921 0.1125 0.26163419913419916 0.36899313501144165 -0.30217391304347824 0.32025641025641027 -0.13976744186046511 -0.39528508771929821 -0.034108527131782938 -0.066005802707930342 0.023268398268398275 -0.39472517730496448 0.39689625850340143 0.050510204081632655
decision_type=8 10 10 2 10 2 2 10 8 10 2 2 2 2
left_child=1 2 5 6 -5 8 -4 -2 -1 13 -7 12 -11 -9
right_child=7 -3 3 4 -6 10 -8 9 -10 11 -12 -13 -14 -15
leaf_value=3.0615152679351764e-05 9.5076152060505527e-05 0.00029160611053524521 0.00010015934529267153 0.00019880159737236248 6.2896625129067355e-05 -0.00012294767414669256 -3.917057436909444e-05 -0.00022810558666263241 -2.1177624431633649e-05 0.00014532828657339944 3.095781140361904e-05 -7.8793277671105824e-05 -0.00058713649060988739 -7.5561582530095711e-05
leaf_weight=305546 14457 13026 36410 49195 128128 64313 103175 32954 422125 10302 20709 78002 505 17943
leaf_count=305546 14457 13026 36410 49195 128128 64313 103175 32954 422125 10302 20709 78002 505 17943
internal_value=1.50153e-06 1.26489e-05 9.40477e-06 5.51423e-05 0.000100773 -8.39372e-06 -2.61082e-06 -8.09247e-05 5.28755e-07 -9.93539e-05 -8.5108e-05 -5.57011e-05 0.000108172 -0.000174925
internal_weight=1.29679e+06 1.14263e+06 1.1296e+06 316908 177323 812693 139585 154163 727671 139706 85022 88809 10807 50897
internal_count=1296790 1142627 1129601 316908 177323 812693 139585 154163 727671 139706 85022 88809 10807 50897
is_linear=0
shrinkage=0.01


Tree=222
num_leaves=15
num_cat=0
split_feature=1 23 22 3 10 28 26 15 1 11 28 2 28 17
split_gain=10.4415 8.9601 7.874 7.68441 6.92211 6.35862 5.3929 4.68663 3.86456 3.44319 3.1596 3.80111 2.70657 2.52234
threshold=0.30558300395256921 0.1125 0.32755102040816336 -0.43683510638297868 0.023268398268398275 0.13211600429645545 0.82025641025641038 -0.40667311411992257 0.47801932367149763 0.37877551020408168 0.23252032520325203 0.47979591836734697 0.49000000000000005 -0.33836734693877546
decision_type=10 10 2 8 2 8 2 2 10 2 10 8 8 2
left_child=1 2 3 6 -4 -5 -1 9 12 10 11 -2 -9 -10
right_child=7 -3 4 5 -6 -7 -8 8 13 -11 -12 -13 -14 -15
leaf_value=-4.4993156410093672e-05 0.00011278624352091027 0.00027400254832666719 -0.00012194741478788285 4.3982259838819637e-05 5.2698247222461364e-05 -8.3228105210980302e-06 -0.00031413129885793692 -5.8409257987531568e-05 -0.00042130596566369974 -0.00065137860392710807 -0.00021229635886612776 0.00059162596371365578 -0.00039761903083429745 -0.00015443829040513312
leaf_weight=26423 7159 13016 77217 609121 31860 374443 10561 113230 4492 541 1868 2258 2435 21344
leaf_count=26423 7159 13016 77217 609121 31860 374443 10561 113230 4492 541 1868 2258 2435 21344
internal_value=2.65159e-06 1.30717e-05 1.00379e-05 1.86926e-05 -7.06606e-05 2.40392e-05 -0.000122677 -7.48055e-05 -9.09078e-05 0.0001153 0.000154876 0.000230939 -6.58199e-05 -0.000202042
internal_weight=1.29597e+06 1.14264e+06 1.12962e+06 1.02055e+06 109077 983564 36984 153327 141501 11826 11285 9417 115665 25836
internal_count=1295968 1142641 1129625 1020548 109077 983564 36984 153327 141501 11826 11285 9417 115665 25836
is_linear=0
shrinkage=0.01


Tree=223
num_leaves=15
num_cat=0
split_feature=27 23 28 15 0 24 26 22 26 24 10 26 24 15
split_gain=11.1143 11.1341 7.30268 6.82926 5.91787 6.05341 5.54706 5.42932 5.35076 4.79884 4.41381 4.37259 5.73502 4.27399
threshold=1.0000000180025095e-35 0.091666666666666688 0.47259759759759767 -0.18133462282398449 0.36811594202898557 0.26163419913419916 0.063164893617021281 0.31725417439703163 0.10102040816326532 -0.0292857142857143 0.016954022988505794 0.36474501108647456 0.28759398496240607 -0.41918367346938773
decision_type=2 8 8 2 10 8 2 2 2 10 2 2 10 2
left_child=2 4 3 11 5 -2 -4 9 -7 -5 -9 -1 -13 -6
right_child=1 -3 6 7 13 8 -8 10 -10 -11 -12 12 -14 -15
leaf_value=3.8202063755750453e-05 -4.3404192514543674e-05 0.0003436048085875833 0.00017991885901776506 3.2014265770174608e-05 0.00012933846721690373 -7.3850057602584845e-05 -0.00018034452010689519 -0.00011110457990040853 5.8286127929126064e-05 9.5522149947437087e-05 6.2472455556265678e-05 -0.00021732452274070009 3.4721605667599246e-05 -0.00014331025672012217
leaf_weight=27228 405113 7932 5046 266966 6190 39791 25642 35685 131537 217600 24620 24918 13862 64920
leaf_count=27228 405113 7932 5046 266966 6190 39791 25642 35685 131537 217600 24620 24918 13862 64920
internal_value=5.57347e-07 -2.83792e-05 3.01683e-05 3.77677e-05 -3.29837e-05 -2.23015e-05 -0.000120117 4.94351e-05 2.74216e-05 6.05955e-05 -3.97433e-05 -5.8085e-05 -0.000126461 -0.00011915
internal_weight=1.29705e+06 655483 641567 610879 647551 576441 30688 544871 171328 484566 60305 66008 38780 71110
internal_count=1297050 655483 641567 610879 647551 576441 30688 544871 171328 484566 60305 66008 38780 71110
is_linear=0
shrinkage=0.01


Tree=224
num_leaves=15
num_cat=0
split_feature=0 23 3 23 4 26 20 23 5 20 4 7 0 12
split_gain=11.2715 10.0462 6.9997 7.24242 5.18802 4.49422 3.99896 3.98291 2.6215 3.51332 2.09459 3.54603 1.91339 1.69719
threshold=0.36811594202898557 0.1125 -0.45789007092198575 0.010990338164251214 -0.26020833333333326 0.95959183673469395 -0.37367021276595741 0.034523809523809519 0.39246068455134137 -0.29795918367346935 0.47196969696969704 0.27888888888888896 0.24222222222222226 -0.058409090909090904
decision_type=8 10 8 10 2 2 2 10 10 2 2 2 10 2
left_child=1 2 3 5 6 -1 -4 -6 -2 10 11 -10 -3 -12
right_child=8 12 4 -5 7 -7 -8 -9 9 -11 13 -13 -14 -15
leaf_value=-6.9598202190587752e-05 -6.0056405492737358e-05 0.00021579488254156804 -0.00012184806744246116 -0.00095754918571093678 -6.0359144533628629e-06 -0.00048243049981460127 7.7279145902309186e-05 7.8905075652290765e-05 -0.00016051040323157334 -0.00022210318060690825 -0.00057058031561236177 0.00022819419206359225 0.00052867172667906282 -6.5440248802332114e-05
leaf_weight=20854 66513 10403 10777 1102 944299 3073 136467 58618 4172 29430 1068 5246 2674 2204
leaf_count=20854 66513 10403 10777 1102 944299 3073 136467 58618 4172 29430 1068 5246 2674 2204
internal_value=-2.35487e-06 6.53529e-06 3.44188e-06 -0.000161939 7.06728e-06 -0.000123927 6.24988e-05 -1.04119e-06 -9.98723e-05 -0.000162026 -2.0315e-05 5.28246e-05 0.000282172 -0.000239853
internal_weight=1.2969e+06 1.18827e+06 1.17519e+06 25029 1.15016e+06 23927 147244 1.00292e+06 108633 42120 12690 9418 13077 3272
internal_count=1296900 1188267 1175190 25029 1150161 23927 147244 1002917 108633 42120 12690 9418 13077 3272
is_linear=0
shrinkage=0.01


Tree=225
num_leaves=15
num_cat=0
split_feature=23 27 24 4 22 24 0 22 3 10 14 22 19 19
split_gain=11.2709 9.78439 6.77048 6.44118 6.38802 5.70909 5.63142 5.52873 5.3809 4.06161 3.84905 3.07299 2.64012 2.50853
threshold=0.1125 -0.010874704491725782 0.31101190476190482 0.39678030303030309 -0.25255102040816318 -0.22821969696969696 0.36811594202898557 0.13921188630490958 -0.39472517730496448 0.028594771241830078 0.39897959183673476 -0.39323708206686925 -0.47979591836734686 0.019615384615384649
decision_type=10 2 8 2 2 10 8 2 8 2 2 2 2 2
left_child=1 3 6 5 13 7 9 -1 -7 -3 -6 -8 -5 -4
right_child=-2 2 4 12 10 8 11 -9 -10 -11 -12 -13 -14 -15
leaf_value=2.3688236361775246e-05 0.000293951358869626 -4.7158943782649605e-05 0.00029330093279675279 0.00056808616607706202 2.8877271176435943e-05 -7.0282465283369764e-05 -0.00033807717187846811 -0.00010986619809337788 6.1800047888802581e-05 1.2978021479997104e-05 -0.00035248306351925442 -0.00010357650517523999 -0.000136622496540201 -1.1377569909359559e-05
leaf_weight=90328 13008 365834 13335 524 61996 33143 6316 47015 409786 161068 2756 61050 26981 3154
leaf_count=90328 13008 365834 13335 524 61996 33143 6316 47015 409786 161068 2756 61050 26981 3154
internal_value=1.09448e-06 -1.85136e-06 -2.80648e-05 2.7234e-05 5.74072e-05 3.43621e-05 -3.98001e-05 -2.18128e-05 5.18486e-05 -2.87188e-05 1.21668e-05 -0.000126022 -0.000122046 0.000233212
internal_weight=1.29629e+06 1.28329e+06 675509 607777 81241 580272 594268 137343 442929 526902 64752 67366 27505 16489
internal_count=1296294 1283286 675509 607777 81241 580272 594268 137343 442929 526902 64752 67366 27505 16489
is_linear=0
shrinkage=0.01


Tree=226
num_leaves=15
num_cat=0
split_feature=27 24 4 24 26 20 27 26 15 8 15 12 24 24
split_gain=11.1425 7.59785 6.74231 6.36053 7.6812 10.9587 10.0154 6.07068 5.88393 8.6367 5.56955 5.46951 6.64117 5.45774
threshold=0.27113095238095247 -0.039736842105263147 0.34021276595744687 0.13078947368421054 0.14608739837398377 0.022233201581027654 -0.14946808510638296 0.55051020408163276 -0.38148936170212761 -0.46295454545454545 0.010990338164251214 0.030931122448979612 0.2834821428571429 -0.42752100840336132
decision_type=2 8 2 10 2 2 2 2 2 2 2 2 10 10
left_child=2 8 3 4 6 -6 -1 -5 9 -2 13 -3 -13 -10
right_child=1 11 -4 7 5 -7 -8 -9 10 -11 -12 12 -14 -15
leaf_value=0.00015285490982729785 -0.0010698395889566768 -4.4273976874922426e-05 -7.8767514594339769e-05 1.8063962329974351e-05 -6.9743546131847088e-05 3.3304625809296872e-05 -1.5035899931657858e-05 0.00010128307351860807 9.7258708359344173e-05 0.00020583285091365131 -6.8786386902198961e-05 0.00018132449231199048 -4.1601391927973545e-05 -0.00023058033210253872
leaf_weight=68633 554 111705 68960 189745 210715 201835 73065 164633 5515 9401 88572 28976 24472 49912
leaf_count=68633 554 111705 68960 189745 210715 201835 73065 164633 5515 9401 88572 28976 24472 49912
internal_value=-2.66889e-07 -5.15969e-05 1.64579e-05 2.37182e-05 2.50541e-06 -1.92559e-05 6.60737e-05 5.68102e-05 -0.000102144 0.000131528 -0.000118509 -4.29502e-06 7.86965e-05 -0.000197416
internal_weight=1.29669e+06 319107 977586 908626 554248 412550 141698 354378 153954 9955 143999 165153 53448 55427
internal_count=1296693 319107 977586 908626 554248 412550 141698 354378 153954 9955 143999 165153 53448 55427
is_linear=0
shrinkage=0.01


Tree=227
num_leaves=15
num_cat=0
split_feature=0 24 26 27 26 20 27 3 24 22 22 22 15 24
split_gain=10.7795 7.53597 8.82579 6.8978 7.60818 7.09109 6.72517 6.07259 5.27232 5.01181 5.56164 4.2866 4.18037 7.01
threshold=0.36811594202898557 0.26163419913419916 0.52041666666666686 0.04027027027027031 0.16496598639455784 -0.11851063829787233 -0.31725417439703146 -0.44222222222222213 0.48500000000000004 -0.45959183673469384 -0.20782520325203249 -0.39897959183673465 0.042572463768115916 0.14758064516129035
decision_type=10 10 2 2 2 2 2 10 10 2 2 2 2 8
left_child=1 3 9 4 6 -6 -1 -4 -9 -3 -11 -2 -5 -14
right_child=11 2 7 12 5 -7 -8 8 -10 10 -12 -13 13 -15
leaf_value=0.00019236913087018265 -0.0002945868550609738 -0.00041755450896076513 -0.00027698190832383627 -5.1341056485120375e-05 -0.0001147930365464955 1.5925468652144697e-05 3.6064561972946475e-05 0.00012871959868454347 -0.00016374035795905256 0.00012553794271473513 -1.6813869161525687e-05 -7.2408395795561095e-05 8.7042813123783618e-06 0.00044817843921664957
leaf_weight=41731 9652 2776 3980 313598 48377 291321 82775 147202 6342 33927 142773 98925 70977 3833
leaf_count=41731 9652 2776 3980 313598 48377 291321 82775 147202 6342 33927 142773 98925 70977 3833
internal_value=2.90633e-06 1.16344e-05 5.16747e-05 -4.15673e-06 2.1821e-05 -2.60292e-06 8.86979e-05 0.000106306 0.000116441 3.55753e-06 1.03501e-05 -9.24429e-05 -3.52811e-05 3.16395e-05
internal_weight=1.29819e+06 1.18961e+06 337000 852612 464204 339698 124506 157524 153544 179476 176700 108577 388408 74810
internal_count=1298189 1189612 337000 852612 464204 339698 124506 157524 153544 179476 176700 108577 388408 74810
is_linear=0
shrinkage=0.01


Tree=228
num_leaves=15
num_cat=0
split_feature=1 22 3 24 26 26 11 28 24 28 22 17 11 19
split_gain=10.9988 8.6142 9.11937 7.58524 7.19051 5.37984 5.20744 4.84576 4.71813 4.52077 4.46861 3.40016 3.15648 3.09894
threshold=0.30558300395256921 0.32755102040816336 -0.43683510638297868 0.26163419913419916 0.43019480519480524 0.89897959183673481 0.023268398268398275 -0.39528508771929821 -0.057189542483660143 0.011369509043927641 -0.43582704186684967 -0.46863636363636357 -0.41578014184397155 -0.42111111111111105
decision_type=10 2 8 10 2 2 2 10 10 10 2 2 2 2
left_child=1 2 5 9 -5 10 12 -2 -9 -4 -1 -10 -3 -13
right_child=7 6 3 4 -6 -7 -8 8 11 -11 -12 13 -14 -15
leaf_value=-0.00052370430470169633 9.6837172965273541e-05 -0.00041427240226281126 3.6347905351610144e-05 1.762363659187093e-05 0.00011923727059612847 -0.00036094622951590591 3.3438359722534076e-05 -0.00017196194017116227 -0.00047275775217430865 -1.3951638393353096e-05 -3.1923978180478477e-05 0.00017109773001862903 -0.00010239003083786183 -5.8355439730201226e-05
leaf_weight=2002 14232 3471 336439 133616 147253 8144 32511 51674 1879 380026 26576 6299 73600 79486
leaf_count=2002 14232 3471 336439 133616 147253 8144 32511 51674 1879 380026 26576 6299 73600 79486
internal_value=1.56856e-06 1.22616e-05 2.12184e-05 2.69419e-05 7.10048e-05 -0.000133401 -7.19823e-05 -7.78658e-05 -9.5927e-05 9.6263e-06 -6.74761e-05 -5.07613e-05 -0.000116841 -4.11521e-05
internal_weight=1.29721e+06 1.14364e+06 1.03406e+06 997334 280869 36722 109582 153570 139338 716465 28578 87664 77071 85785
internal_count=1297208 1143638 1034056 997334 280869 36722 109582 153570 139338 716465 28578 87664 77071 85785
is_linear=0
shrinkage=0.01


Tree=229
num_leaves=15
num_cat=0
split_feature=24 3 28 28 21 15 22 22 24 24 28 18 17 17
split_gain=11.7566 8.43534 7.96129 6.55408 6.12778 6.24637 6.11463 6.39922 5.87965 5.1312 5.78458 5.12873 5.10516 4.7465
threshold=-0.057189542483660143 0.22111111111111112 0.17006802721088435 0.49000000000000005 0.2217021276595745 -0.36181818181818176 0.080697674418604662 -0.18944444444444442 -0.037042682926829239 -0.42752100840336132 -0.43969696969696964 -0.27888888888888885 -0.30217391304347824 -0.45959183673469384
decision_type=10 10 10 10 2 2 2 2 10 10 10 2 2 2
left_child=1 4 13 9 6 -6 7 -1 -4 -3 -11 -7 -10 -2
right_child=2 3 8 -5 5 11 -8 -9 12 10 -12 -13 -14 -15
leaf_value=-4.4387948134159367e-05 -0.00023334143704300099 0.0001174656190484491 -0.00019942749395595333 -0.00070385620477573119 4.5951787359518161e-05 -0.00066938245797853459 -6.2558664266689621e-05 5.9029352083725605e-05 -0.00014556727692686467 0.00015357679407606816 -0.00017298867018044177 -0.00016983275615348393 7.1530202738903868e-06 5.3029878464865381e-05
leaf_weight=94215 5820 8189 16505 1974 13931 2261 132427 163060 23825 5827 63943 29986 266863 469709
leaf_count=94215 5820 8189 16505 1974 13931 2261 132427 163060 23825 5827 63943 29986 266863 469709
internal_value=-5.90834e-07 -3.7679e-05 2.38119e-05 -0.000132179 -2.02797e-05 -0.000129237 -7.29086e-06 2.10409e-05 -1.57939e-05 -0.000117292 -0.000145279 -0.000205848 -5.26222e-06 4.94604e-05
internal_weight=1.29854e+06 515813 782722 79933 435880 46178 389702 257275 307193 77959 69770 32247 290688 475529
internal_count=1298535 515813 782722 79933 435880 46178 389702 257275 307193 77959 69770 32247 290688 475529
is_linear=0
shrinkage=0.01


Tree=230
num_leaves=15
num_cat=0
split_feature=0 22 3 10 23 1 6 15 1 11 4 23 4 4
split_gain=10.8514 8.1497 8.69671 7.28825 6.68532 4.63442 3.29379 2.93483 3.23686 3.61194 2.92509 2.55176 2.65873 2.34977
threshold=0.29356060606060608 0.32025641025641027 -0.43683510638297868 0.023268398268398275 0.14583333333333334 0.30558300395256921 -0.22111111111111106 -0.40667311411992257 0.47979591836734697 0.039230769230769243 -0.015555555555555571 0.010527482269503509 0.11294063079777368 0.057777777777777824
decision_type=10 2 8 2 10 10 10 2 10 2 2 10 2 2
left_child=1 2 6 10 5 -4 -1 11 9 -9 -3 12 -2 -5
right_child=7 3 4 13 -6 -7 -8 8 -10 -11 -12 -13 -14 -15
leaf_value=-0.00028788027128183165 -9.2905242717668357e-05 1.0826341527423954e-05 2.9253904389222267e-05 0.00012320802574478893 0.00040253720964874635 -5.8314392806229564e-05 -7.059194865882687e-05 -0.00011645818162617246 -0.00024072200935392613 -1.3786875942523981e-05 -0.00014862618458117693 -0.00039053004890500552 0.00024014238761967032 -4.7879919767920626e-05
leaf_weight=10311 3493 13494 914364 19995 4682 64501 23330 81838 12766 60184 66492 1028 6969 13097
leaf_count=10311 3493 13494 914364 19995 4682 64501 23330 81838 12766 60184 66492 1028 6969 13097
internal_value=-1.936e-07 1.08795e-05 1.98555e-05 -6.95969e-05 2.52892e-05 2.34529e-05 -0.000138102 -7.56417e-05 -8.71796e-05 -7.31621e-05 -0.000121351 7.71634e-05 0.000126085 5.45909e-05
internal_weight=1.29654e+06 1.13027e+06 1.01719e+06 113078 983547 978865 33641 166278 154788 142022 79986 11490 10462 33092
internal_count=1296544 1130266 1017188 113078 983547 978865 33641 166278 154788 142022 79986 11490 10462 33092
is_linear=0
shrinkage=0.01


Tree=231
num_leaves=15
num_cat=0
split_feature=11 27 23 19 23 28 21 3 23 22 28 26 28 14
split_gain=9.73846 9.68985 9.42191 6.98056 8.77163 5.93559 5.90269 5.15194 5.12601 5.03937 4.85922 4.93045 4.40696 4.00881
threshold=-0.29795918367346935 0.020204081632653085 0.1125 -0.39472517730496448 0.010527482269503509 -0.31165540540540532 0.25532879818594106 0.43405797101449284 0.04006410256410254 0.035299003322259111 0.47259759759759767 0.020204081632653064 -0.11834733893557424 -0.15978723404255316
decision_type=2 2 8 2 10 10 2 10 10 2 8 2 10 2
left_child=3 6 5 4 -1 8 10 13 -3 -7 -2 -12 -8 -5
right_child=1 2 -4 7 -6 9 12 -9 -10 -11 11 -13 -14 -15
leaf_value=0.0001818303270217336 5.6564470237833145e-05 2.8922050603901717e-05 0.00034375711824529846 -0.00020498957447801091 -0.00062278621059839729 -5.7890697648859348e-06 2.4386181362436896e-05 -0.00035952380287681266 0.00038850768822549744 -7.1589283331967827e-05 0.00031606028405466792 -0.0001381204122615059 -0.00013807596328553213 -5.7091601458492006e-05
leaf_weight=15126 494090 103408 7048 24147 1473 230526 36002 7803 4141 237310 2650 21753 30739 80531
leaf_count=15126 494090 103408 7048 24147 1473 230526 36002 7803 4141 237310 2650 21753 30739 80531
internal_value=4.10977e-07 9.54552e-06 -1.92965e-05 -8.19866e-05 0.000108522 -2.37975e-05 3.83007e-05 -0.000110369 4.30567e-05 -3.92306e-05 4.97239e-05 -8.75375e-05 -4.99926e-05 -9.15e-05
internal_weight=1.29675e+06 1.16767e+06 582433 129080 16599 575385 585234 112481 107549 467836 518493 24403 66741 104678
internal_count=1296747 1167667 582433 129080 16599 575385 585234 112481 107549 467836 518493 24403 66741 104678
is_linear=0
shrinkage=0.01


Tree=232
num_leaves=15
num_cat=0
split_feature=3 23 3 28 19 22 22 6 17 28 6 3 3 28
split_gain=8.95736 8.1344 6.72419 5.99942 5.8532 6.04922 4.94977 4.59976 4.35738 4.0203 4.84989 4.77415 3.95481 4.12625
threshold=0.34613526570048314 0.091666666666666688 -0.44222222222222213 -0.030012004801920757 -0.38148936170212761 0.15978723404255321 -0.4560386473429951 -0.19352968460111314 -0.38318181818181812 0.29238505747126442 0.010310374149659853 0.45698427382053664 0.47979591836734697 0.030931122448979612
decision_type=10 10 8 8 2 2 2 10 2 10 8 10 10 10
left_child=1 2 7 6 5 9 -4 -1 -7 10 -2 -11 -6 -14
right_child=4 -3 3 -5 12 8 -8 -9 -10 11 -12 -13 13 -15
leaf_value=-0.00031418594266202849 -3.2054441545953421e-05 0.00024602688653961331 -0.00012664341666732782 -1.0372418320428259e-05 -8.8133787417084516e-05 -0.00099405183058197985 4.1689923571489272e-05 -5.229781336215461e-05 -9.866768676720541e-05 0.00062976942711114774 0.00034952675605884223 -0.00043836369915578296 -1.047038722283818e-05 -0.00038931012006638248
leaf_weight=10059 4772 14429 18008 603263 84908 598 506242 21234 7448 511 10065 1963 4365 9473
leaf_count=10059 4772 14429 18008 603263 84908 598 506242 21234 7448 511 10065 1963 4365 9473
internal_value=1.4511e-06 1.00199e-05 7.05468e-06 1.10925e-05 -7.93121e-05 5.54123e-05 3.58498e-05 -0.000137461 -0.000169288 0.000161595 0.000224796 -0.000205136 -0.000114212 -0.000272006
internal_weight=1.29734e+06 1.17324e+06 1.15881e+06 1.12751e+06 124103 25357 524250 31293 8046 17311 14837 2474 98746 13838
internal_count=1297338 1173235 1158806 1127513 124103 25357 524250 31293 8046 17311 14837 2474 98746 13838
is_linear=0
shrinkage=0.01


Tree=233
num_leaves=15
num_cat=0
split_feature=5 27 23 7 24 0 24 24 7 28 4 21 19 0
split_gain=11.348 7.74523 9.6878 7.1809 6.58 6.404 5.48054 4.75397 4.62692 4.32959 4.15726 3.79528 3.77755 3.24315
threshold=0.33503401360544227 0.04653679653679655 0.1125 -0.33156028368794321 0.26163419913419916 -0.026669758812615931 -0.22821969696969696 -0.37321428571428567 0.43813775510204089 0.49000000000000005 0.37627551020408168 0.3585714285714286 -0.47894503546099287 -0.47979591836734686
decision_type=10 2 8 2 8 8 10 8 2 10 2 2 2 10
left_child=1 3 4 10 12 13 7 -5 -6 -8 -1 -7 -3 -2
right_child=5 2 -4 6 8 11 9 -9 -10 -11 -12 -13 -14 -15
leaf_value=-3.7759412940127963e-05 -0.00026727682122005463 0.00027189445353490707 0.00035083217631489311 3.6068720670221783e-05 4.5062759823496191e-05 -0.00018847037290672453 6.876156710145976e-05 -9.2288546061700463e-05 -0.00017628723336994689 -0.00010307281098218553 -0.00034327334740026286 -7.5536215990538646e-06 -4.9805620504517222e-05 6.8540597787372013e-06
leaf_weight=70811 4643 3657 7011 75103 147585 56980 420818 46728 10043 15053 4792 14997 360499 58709
leaf_count=70811 4643 3657 7011 75103 147585 56980 420818 46728 10043 15053 4792 14997 360499 58709
internal_value=2.24439e-08 1.0138e-05 -1.80776e-05 3.37447e-05 -2.3094e-05 -8.66186e-05 4.61726e-05 -1.29172e-05 3.07664e-05 6.27577e-05 -5.75337e-05 -0.000151194 -4.64904e-05 -1.27749e-05
internal_weight=1.29743e+06 1.1621e+06 528795 633305 521784 135329 557702 121831 157628 435871 75603 71977 364156 63352
internal_count=1297429 1162100 528795 633305 521784 135329 557702 121831 157628 435871 75603 71977 364156 63352
is_linear=0
shrinkage=0.01


Tree=234
num_leaves=15
num_cat=0
split_feature=27 24 28 2 22 26 28 26 24 2 24 24 22 15
split_gain=11.7505 7.8125 8.11157 7.3399 5.68862 5.29354 5.12694 5.41544 4.88771 4.03111 4.22506 4.23647 4.14646 4.08183
threshold=0.019259259259259257 -0.037042682926829239 -0.23956521739130432 -0.40212765957446805 -0.4759001161440185 0.084219858156028379 0.49000000000000005 0.11952380952380953 -0.22821969696969696 0.36811594202898557 -0.42752100840336132 -0.066005802707930342 0.11930641821946171 -0.46628787878787875
decision_type=2 8 10 8 2 2 8 2 10 10 10 10 2 2
left_child=3 9 5 -1 -5 -3 8 -8 -6 13 12 -12 -11 -2
right_child=1 2 -4 4 6 -7 7 -9 -10 10 11 -13 -14 -15
leaf_value=-8.6606916692432741e-05 0.0003678375230258572 -6.0078281329942235e-05 -2.5719015838697218e-05 -0.00021629096139686094 -4.0940403893144898e-06 0.00012527310249256055 0.00017779927083493588 -0.00022259521368788484 6.5237851968783281e-05 0.00046910109895965886 -0.00025447344995993874 -1.3947384662575403e-05 -0.00019391806495728755 -5.6195144097245373e-05
leaf_weight=49205 2270 19519 263560 8476 131140 69918 4422 13491 440687 2019 27868 10299 1689 252672
leaf_count=49205 2270 19519 263560 8476 131140 69918 4422 13491 440687 2019 27868 10299 1689 252672
internal_value=4.23375e-07 -2.95944e-05 2.11839e-06 3.05984e-05 4.02894e-05 8.44854e-05 4.40291e-05 -0.000122066 4.92852e-05 -6.74103e-05 -0.000158692 -0.000190362 0.000159098 -5.22976e-05
internal_weight=1.29724e+06 649814 352997 647421 598216 89437 589740 17913 571827 296817 41875 38167 3708 254942
internal_count=1297235 649814 352997 647421 598216 89437 589740 17913 571827 296817 41875 38167 3708 254942
is_linear=0
shrinkage=0.01


Tree=235
num_leaves=15
num_cat=0
split_feature=4 20 27 11 3 27 21 11 21 3 15 1 11 25
split_gain=11.5018 7.21063 7.01943 6.9087 6.51021 6.16816 6.40834 5.04735 4.77377 4.64744 4.23297 4.10884 4.03813 3.73818
threshold=0.2525510204081633 -0.47979591836734686 -0.10791925465838507 0.030931122448979612 -0.33156028368794321 0.39897959183673476 0.16333333333333336 -0.25255102040816318 0.2423404255319149 -0.46404255319148929 -0.37877551020408157 0.39009661835748793 -0.19782608695652171 0.82500000000000018
decision_type=2 2 2 2 10 2 2 2 2 8 2 10 2 2
left_child=2 -2 8 9 10 7 -7 -6 12 -4 -3 -11 -1 -10
right_child=1 4 3 -5 5 6 -8 -9 13 11 -12 -13 -14 -15
leaf_value=-3.0701613750802232e-05 0.00036476968703344145 0.00016651875854547399 -0.00042220144656619795 4.0747694266322981e-05 -0.00015697693531758751 -0.00032009638464667873 -7.0120314375794006e-05 -2.1372519895105471e-06 2.4502671489825535e-06 -2.098571268501832e-05 -0.00037745479986141115 -0.00017726881460404406 6.7941702152498828e-05 -0.00019271203373282734
leaf_weight=47046 3691 1570 3001 198959 26050 17070 26723 111853 37538 453480 10579 17539 328717 13148
leaf_count=47046 3691 1570 3001 198959 26050 17070 26723 111853 37538 453480 10579 17539 328717 13148
internal_value=-1.16663e-06 -7.14424e-05 1.14328e-05 -8.64416e-06 -7.99086e-05 -6.47105e-05 -0.000168258 -3.16069e-05 4.31864e-05 -2.94387e-05 -0.000304665 -2.68699e-05 5.55115e-05 -4.75916e-05
internal_weight=1.29696e+06 197536 1.09943e+06 672979 193845 181696 43793 137903 426449 474020 12149 471019 375763 50686
internal_count=1296964 197536 1099428 672979 193845 181696 43793 137903 426449 474020 12149 471019 375763 50686
is_linear=0
shrinkage=0.01


Tree=236
num_leaves=15
num_cat=0
split_feature=11 27 19 22 17 26 3 3 22 0 11 8 22 14
split_gain=9.57344 9.34865 5.4726 4.91797 6.03952 4.53237 4.88181 4.02041 4.11626 3.91663 3.89636 3.77888 3.23653 3.90611
threshold=-0.33156028368794321 0.060487804878048841 -0.47979591836734686 -0.4560386473429951 -0.45959183673469384 0.65058139534883741 -0.45959183673469384 -0.43938775510204076 0.49479166666666674 0.47801932367149763 0.012049941927990694 0.031582446808510641 0.18819444444444447 -0.14222222222222219
decision_type=2 2 2 2 2 2 10 8 2 10 2 2 2 2
left_child=5 3 -3 4 -2 12 -7 -5 -9 11 -6 -4 13 -1
right_child=1 2 9 7 10 6 -8 8 -10 -11 -12 -13 -14 -15
leaf_value=-0.00014638462864731102 -0.0011896201466316031 0.00039627178977635696 -3.556623347736709e-05 -9.4587479444416522e-05 -0.00023060907944613188 -0.00065367091706272499 -0.00014531742240010191 4.7444985751009582e-05 -0.00019941557699790739 -0.00016734777060820825 8.2756480994934317e-05 2.372578233437889e-05 -0.00016729621429938647 5.3934821453177611e-05
leaf_weight=13169 527 3116 367237 21328 9323 2025 39512 604812 6783 18291 6724 151349 14636 37264
leaf_count=13169 527 3116 367237 21328 9323 2025 39512 604812 6783 18291 6724 151349 14636 37264
internal_value=1.689e-06 9.84807e-06 -2.08629e-05 3.54274e-05 -0.000134189 -8.90647e-05 -0.000170868 3.99171e-05 4.46571e-05 -2.3342e-05 -9.74428e-05 -1.8204e-05 -3.63788e-05 1.02726e-06
internal_weight=1.2961e+06 1.18949e+06 539993 649497 16574 106606 41537 632923 611595 536877 16047 518586 65069 50433
internal_count=1296096 1189490 539993 649497 16574 106606 41537 632923 611595 536877 16047 518586 65069 50433
is_linear=0
shrinkage=0.01


Tree=237
num_leaves=15
num_cat=0
split_feature=23 28 24 21 24 24 26 26 19 21 11 17 28 15
split_gain=9.68635 8.4657 7.16618 6.47521 6.1751 6.02512 9.95524 5.78214 6.85756 6.23137 4.40486 3.53312 4.46573 3.73719
threshold=0.034523809523809519 0.1588137472283814 -0.037042682926829239 -0.43938775510204076 -0.20916666666666664 0.26163419913419916 0.47140522875816998 0.25265957446808512 0.011237373737373714 -0.39472517730496448 -0.33156028368794321 -0.30217391304347824 0.4793792517006803 -0.28130434782608693
decision_type=10 8 8 2 8 10 2 2 2 2 2 2 8 2
left_child=1 3 7 -1 -2 10 -7 9 -9 -3 -5 13 -13 -4
right_child=4 2 11 5 -6 6 -8 8 -10 -11 -12 12 -14 -15
leaf_value=0.000186293635283429 -5.1184125182263667e-05 -0.00031048496451226398 -0.00043393266845635601 -0.00011074749316342939 0.00016473244228120039 -1.5467191924968657e-05 0.00012011915803009745 -0.00029507561747830493 -9.6951291097599625e-05 2.6560169002651456e-05 -2.1538257772761809e-06 1.1145624528999272e-05 -0.00012885249507824602 -7.6053932389911778e-05
leaf_weight=20786 17265 6211 3469 40355 54300 108047 107878 23023 76337 46283 511077 236011 25208 20931
leaf_count=20786 17265 6211 3469 40355 54300 108047 107878 23023 76337 46283 511077 236011 25208 20931
internal_value=-8.33243e-07 -7.45949e-06 -4.27506e-05 1.20915e-05 0.000112224 7.33296e-06 5.21347e-05 -9.82876e-05 -0.000143169 -1.27624e-05 -1.01559e-05 -1.31177e-05 -2.25087e-06 -0.000128211
internal_weight=1.29718e+06 1.22562e+06 437473 788143 71565 767357 215925 151854 99360 52494 551432 285619 261219 24400
internal_count=1297181 1225616 437473 788143 71565 767357 215925 151854 99360 52494 551432 285619 261219 24400
is_linear=0
shrinkage=0.01


Tree=238
num_leaves=15
num_cat=0
split_feature=1 11 27 28 28 14 26 6 20 26 18 22 16 15
split_gain=9.44242 7.73067 7.02414 5.23829 4.96326 4.76534 4.69441 3.91883 3.75635 3.75243 3.83556 3.5117 2.8045 2.73782
threshold=0.30558300395256921 -0.37888888888888883 0.019259259259259257 -0.23956521739130432 0.47259759759759767 -0.24234042553191487 0.11952380952380953 0.024404761904761933 -0.47979591836734686 0.4555335968379447 0.36515151515151523 -0.36306818181818173 0.11294063079777368 0.45959183673469389
decision_type=10 2 2 10 10 2 2 8 2 2 2 2 2 2
left_child=1 9 4 7 5 -3 -6 -4 -2 10 12 -5 -1 -10
right_child=8 2 3 11 6 -7 -8 -9 13 -11 -12 -13 -14 -15
leaf_value=0 0.00032057859056900875 -4.8343210616712643e-05 8.1721916596373294e-06 6.9472200609895518e-05 0.00014320831156519823 5.6596196267814844e-05 -0.00017118828683704615 0.00012710352077680028 -8.7060124175751573e-05 -0.00017780805939263778 0.00030540417467730333 -3.8106337059200223e-05 -0.0002312804311436523 0.00017171635327747401
leaf_weight=19908 2349 47158 93828 33007 6171 489373 19540 39685 146985 30582 3216 353932 7008 4127
leaf_count=19908 2349 47158 93828 33007 6171 489373 19540 39685 146985 30582 3216 353932 7008 4127
internal_value=1.68573e-07 1.00771e-05 1.62584e-05 -1.01692e-05 4.0775e-05 4.73165e-05 -9.45541e-05 4.37497e-05 -7.34609e-05 -9.96545e-05 -1.93284e-05 -2.88516e-05 -5.92725e-05 -7.97909e-05
internal_weight=1.29687e+06 1.14341e+06 1.08269e+06 520452 562242 536531 25711 133513 153461 60714 30132 386939 26916 151112
internal_count=1296869 1143408 1082694 520452 562242 536531 25711 133513 153461 60714 30132 386939 26916 151112
is_linear=0
shrinkage=0.01


Tree=239
num_leaves=15
num_cat=0
split_feature=4 24 28 26 3 18 21 25 11 24 3 11 22 21
split_gain=9.73325 9.60771 8.82533 5.92624 7.53496 5.53576 5.35729 10.6429 5.21317 8.34835 5.16775 4.58194 4.37253 6.89213
threshold=0.2525510204081633 0.26163419913419916 -0.43142633228840116 0.10471491228070177 -0.41578014184397155 0.011766334440753036 0.2525510204081633 0.82500000000000018 0.063858695652173905 0.15707236842105268 -0.36181818181818176 -0.17196196660482374 0.22776679841897238 0.34021276595744687
decision_type=2 8 8 2 8 2 2 2 2 10 10 2 2 2
left_child=1 6 -2 5 -5 -3 8 -8 -1 -10 -4 -6 13 -12
right_child=2 3 10 4 11 -7 7 -9 9 -11 12 -13 -14 -15
leaf_value=-1.1137583168388449e-05 0.00019095734616918089 5.8310032570920979e-05 -0.00030596442549088746 -0.00015479323473184471 -3.1502983288935639e-06 -0.00013077533526338291 -2.2182890831767499e-05 -0.00030753456460693096 4.0357090651445057e-05 0.00041350576091792783 -8.0667054893583635e-05 0.00011605603221573204 -0.00016130226122948441 9.035831477075512e-05
leaf_weight=594965 12542 34000 9874 12605 38383 28271 57696 17004 123720 6326 104855 186782 40391 30246
leaf_count=594965 12542 34000 9874 12605 38383 28271 57696 17004 123720 6326 104855 186782 40391 30246
internal_value=-4.34466e-07 1.11603e-05 -6.50163e-05 5.94251e-05 8.22001e-05 -2.7055e-05 -6.91059e-06 -8.7549e-05 1.35676e-06 5.87485e-05 -8.25003e-05 9.56024e-05 -6.97512e-05 -4.21552e-05
internal_weight=1.29766e+06 1.09975e+06 197908 300041 237770 62271 799711 74700 725011 130046 185366 225165 175492 135101
internal_count=1297660 1099752 197908 300041 237770 62271 799711 74700 725011 130046 185366 225165 175492 135101
is_linear=0
shrinkage=0.01


Tree=240
num_leaves=15
num_cat=0
split_feature=1 23 22 3 26 22 10 22 22 26 15 18 11 15
split_gain=10.2425 7.75614 6.30555 6.2347 5.75626 5.55039 4.1863 4.14088 3.41617 3.24603 2.78443 3.22157 3.39492 3.11178
threshold=0.30558300395256921 0.04653679653679655 0.32025641025641027 -0.43683510638297868 0.65058139534883741 -0.4759001161440185 0.023268398268398275 -0.39323708206686925 0.16496598639455781 0.97849213691026837 -0.37877551020408157 0.46863636363636368 0.37877551020408168 0.45959183673469389
decision_type=10 10 2 8 2 2 2 2 2 2 2 2 2 2
left_child=1 2 3 4 -1 -5 -4 9 -3 -2 11 12 -9 -12
right_child=7 8 6 5 -6 -7 -8 10 -10 -11 13 -13 -14 -15
leaf_value=-1.101514039334358e-05 -0.00028589752340510812 0.0001004221741218241 -0.00010447120292388485 -0.00016970544836736592 -0.00026836362767568501 2.1537981377723136e-05 2.8140436127199095e-05 0.00015559188011617854 0.00038583132457343762 0.00019741326135411553 -8.2518632336912065e-05 -0.00057897518307544827 -0.00054074350103861305 0.00020887230587116919
leaf_weight=22056 13316 53180 80439 15396 14625 920507 33360 12156 4658 1474 121161 694 724 3721
leaf_count=22056 13316 53180 80439 15396 14625 920507 33360 12156 4658 1474 121161 694 724 3721
internal_value=7.8349e-07 1.10888e-05 5.05254e-06 1.33191e-05 -0.000114453 1.83594e-05 -6.5333e-05 -7.5965e-05 0.000123945 -0.000235672 -5.86836e-05 7.62448e-05 0.000114005 -7.35913e-05
internal_weight=1.29747e+06 1.14422e+06 1.08638e+06 972584 36681 935903 113799 153246 57838 14790 138456 13574 12880 124882
internal_count=1297467 1144221 1086383 972584 36681 935903 113799 153246 57838 14790 138456 13574 12880 124882
is_linear=0
shrinkage=0.01


Tree=241
num_leaves=15
num_cat=0
split_feature=24 23 15 28 28 27 28 22 11 20 18 10 11 25
split_gain=8.88192 9.34473 9.06876 8.26747 7.63901 6.56993 8.74427 5.99691 5.77614 5.61936 5.58478 5.5418 5.04582 4.95449
threshold=-0.057189542483660143 0.051315789473684266 0.016954022988505794 0.21583850931677021 -0.30217391304347824 -0.010874704491725782 0.49000000000000005 0.36023255813953492 -0.31909090909090904 -0.47894503546099287 -0.38318181818181812 0.43938775510204087 -0.13914893617021273 0.27500000000000008
decision_type=10 10 2 8 10 2 10 2 2 2 2 2 2 2
left_child=2 4 3 7 13 6 -6 9 -4 -1 12 -9 -5 -2
right_child=1 -3 8 10 5 -7 -8 11 -10 -11 -12 -13 -14 -15
leaf_value=0.000308692478755374 -8.2100087077137889e-05 0.00017971098274147183 -0.00016111758414996791 -0.00030208989850329354 4.2668586220262768e-05 -3.299117714693341e-05 -0.00026236079408738027 -0.00023400778408129102 4.3395674038747411e-05 -3.4613473066572652e-05 -0.00015637019984005021 0.00052826727820502132 -0.0014569930122358202 0.00010539778171885811
leaf_weight=4839 15897 35030 15085 1162 280950 326136 9698 21324 158094 260044 53389 973 634 113954
leaf_count=4839 15897 35030 15085 1162 280950 326136 9698 21324 158094 260044 53389 973 634 113954
internal_value=-1.19986e-06 2.00267e-05 -3.34416e-05 -6.32959e-05 1.24939e-05 -2.13527e-06 3.23849e-05 -4.16164e-05 2.54055e-05 -2.82251e-05 -0.000175563 -0.000199332 -0.000728204 8.2211e-05
internal_weight=1.29721e+06 781665 515544 342365 746635 616784 290648 287180 173179 264883 55185 22297 1796 129851
internal_count=1297209 781665 515544 342365 746635 616784 290648 287180 173179 264883 55185 22297 1796 129851
is_linear=0
shrinkage=0.01


Tree=242
num_leaves=15
num_cat=0
split_feature=23 27 28 24 25 27 18 24 21 28 28 25 27 16
split_gain=9.67353 10.4217 6.95335 6.01662 5.14883 5.14717 5.03384 4.86447 4.64808 4.40439 8.66038 3.9835 3.96114 3.86474
threshold=0.04006410256410254 0.38047619047619052 0.47849213691026832 0.26163419913419916 1.0000000180025095e-35 -0.14946808510638296 0.020416666666666698 -0.18660714285714283 0.011766334440753036 0.44804318488529016 0.18042553191489366 0.77500000000000024 0.47849213691026832 -0.15978723404255316
decision_type=10 2 8 10 2 2 2 8 2 8 10 2 2 2
left_child=1 2 3 5 -4 -1 -5 -2 11 10 -10 -3 -13 -6
right_child=7 8 4 6 13 -7 -8 -9 9 -11 -12 12 -14 -15
leaf_value=2.5805415424712552e-05 -3.2141539483548467e-05 -8.2230164593369482e-05 0.00078492495284489434 7.8059078369744768e-05 8.42042415170813e-05 -2.800534653535597e-05 -6.9445780110293001e-06 0.00016364054259400927 -1.2374102025639372e-05 0.00013239669812413935 -0.00020714855672009983 -0.00021375372878464736 -0.00060508457865206266 -0.00019916262297304255
leaf_weight=299287 16509 20853 585 190528 5628 436987 108853 51618 76363 11682 32789 14410 3321 28440
leaf_count=299287 16509 20853 585 190528 5628 436987 108853 51618 76363 11682 32789 14410 3321 28440
internal_value=-2.0681e-07 -6.65592e-06 4.55276e-06 9.2424e-06 -0.000134727 -6.09112e-06 4.70523e-05 0.000115758 -8.20961e-05 -5.1232e-05 -7.11628e-05 -0.000177965 -0.000288831 -0.000151467
internal_weight=1.29785e+06 1.22973e+06 1.07031e+06 1.03566e+06 34653 736274 299381 68127 159418 120834 109152 38584 17731 34068
internal_count=1297853 1229726 1070308 1035655 34653 736274 299381 68127 159418 120834 109152 38584 17731 34068
is_linear=0
shrinkage=0.01


Tree=243
num_leaves=15
num_cat=0
split_feature=24 15 23 28 14 24 10 3 1 22 14 22 25 28
split_gain=9.33011 8.67524 8.47743 6.73279 6.61429 5.69131 5.47046 5.38833 5.36172 5.22313 5.21927 4.39857 4.14278 3.56017
threshold=-0.057189542483660143 0.016954022988505794 0.051315789473684266 0.11952380952380955 -0.15978723404255316 -0.039736842105263147 0.010421189752496731 0.47979591836734697 0.011495771670190282 0.13438086303939964 0.37095282146160968 -0.12233560090702948 0.27500000000000008 0.49000000000000005
decision_type=10 2 10 10 2 10 2 8 10 2 2 2 2 8
left_child=1 4 3 10 -1 -5 13 -7 -6 -10 11 -2 -12 -3
right_child=2 6 -4 5 8 7 -8 -9 9 -11 12 -13 -14 -15
leaf_value=-0.00020220150606538559 0.00010282451005572733 -4.9678003116690426e-05 0.00017352903847387202 -0.00017206852188093925 1.0827610557030886e-05 -1.4571739884034035e-06 5.6594131435639242e-05 -0.00027614312355589155 -3.9725335651967568e-05 -0.0001440587577126671 -0.00056027500767223779 2.8735866120683249e-05 -5.5545178090942951e-05 -0.00044128617723929344
leaf_weight=31041 114766 40953 34989 22777 101224 300370 130032 7319 134072 75767 1746 271727 28079 2490
leaf_count=31041 114766 40953 34989 22777 101224 300370 130032 7319 134072 75767 1746 271727 28079 2490
internal_value=-4.28264e-07 -3.34731e-05 2.13265e-05 1.41545e-05 -6.27073e-05 -1.94854e-05 2.40058e-05 -8.09126e-06 -4.86889e-05 -7.75417e-05 4.09293e-05 5.08141e-05 -8.6152e-05 -7.2843e-05
internal_weight=1.29735e+06 515579 781773 746784 342104 330466 173475 307689 311063 209839 416318 386493 29825 43443
internal_count=1297352 515579 781773 746784 342104 330466 173475 307689 311063 209839 416318 386493 29825 43443
is_linear=0
shrinkage=0.01


Tree=244
num_leaves=15
num_cat=0
split_feature=4 24 28 3 19 28 25 19 4 24 22 3 14 1
split_gain=9.02103 10.0555 7.65991 6.34025 4.79424 6.14571 5.22323 12.165 5.11859 4.52852 4.32686 4.15761 4.01624 4.66822
threshold=0.2525510204081633 0.26163419913419916 -0.41578014184397155 -0.28062499999999996 0.020416666666666698 0.05182599355531687 0.82500000000000018 -0.27888888888888885 0.24222222222222226 -0.41578014184397155 0.22776679841897238 -0.43683510638297868 0.41918367346938784 0.011766334440753036
decision_type=2 10 8 10 2 10 2 2 2 8 2 8 2 10
left_child=1 4 -2 -4 6 8 -1 -8 -6 -7 -5 -3 13 -13
right_child=2 11 3 10 5 9 7 -9 -10 -11 -12 12 -14 -15
leaf_value=-8.8860888092441309e-06 0.0001554560472671196 -0.00012933302358817384 -0.00028504593703459433 -3.5550876045241832e-05 5.8625617555802234e-05 -0.00027808034108311406 -0.00036334552479454397 -4.9568607690933372e-05 0.00059840500955378863 -9.3381143628983536e-06 -0.00015633881144183338 0.00013008619369693863 -9.2643694734522515e-05 4.4057447587892837e-05
leaf_weight=319867 14752 11080 14110 129850 159616 6497 14024 107524 1787 190426 38873 100939 14746 172603
leaf_count=319867 14752 11080 14110 129850 159616 6497 14024 107524 1787 190426 38873 100939 14746 172603
internal_value=-7.96826e-07 1.0363e-05 -6.30267e-05 -8.08214e-05 -8.10993e-06 1.90136e-05 -3.01959e-05 -8.60265e-05 6.47988e-05 -1.83611e-05 -6.35599e-05 5.98119e-05 6.71868e-05 7.59134e-05
internal_weight=1.29669e+06 1.09911e+06 197585 182833 799741 358326 441415 121548 161403 196923 168723 299368 288288 273542
internal_count=1296694 1099109 197585 182833 799741 358326 441415 121548 161403 196923 168723 299368 288288 273542
is_linear=0
shrinkage=0.01


Tree=245
num_leaves=15
num_cat=0
split_feature=0 28 4 21 24 18 15 18 15 22 22 20 20 24
split_gain=9.18727 7.71781 6.25909 5.80806 5.59424 4.67814 4.49472 4.76668 4.16959 4.221 4.15878 3.87748 3.86672 4.58476
threshold=0.36811594202898557 0.13211600429645545 0.19678442028985507 -0.43938775510204076 -0.063164893617021253 0.011766334440753036 0.010310374149659853 -0.3404545454545454 -0.41918367346938773 -0.39897959183673465 0.078661616161616169 -0.31050531914893614 0.023268398268398275 0.33666666666666673
decision_type=10 8 2 2 10 2 2 2 2 2 2 2 2 8
left_child=1 3 12 -1 10 -6 7 -4 -2 -10 -5 -8 13 -3
right_child=8 2 6 4 5 -7 11 -9 9 -11 -12 -13 -14 -15
leaf_value=0.00020530386914014418 0.00012964840788220723 -3.219489233452273e-05 -0.00052043223166422115 2.0163172713853232e-05 8.7982072532282479e-05 1.8544035742434004e-05 0.00023858705089844221 -0.00015195362448797164 -0.00032642432791299322 -8.6847264133499608e-05 -5.4476287724345195e-05 -7.9474951352148093e-05 2.6212052726086903e-05 -0.00044775856906015965
leaf_weight=17938 7962 200477 4386 192567 167678 233622 4119 20277 8120 92276 121655 48758 175035 2701
leaf_count=17938 7962 200477 4386 192567 167678 233622 4119 20277 8120 92276 121655 48758 175035 2701
internal_value=-7.27345e-07 7.28151e-06 -2.50017e-05 2.73824e-05 2.28792e-05 4.7633e-05 -0.000106878 -0.000218754 -8.8898e-05 -0.000106532 -8.6392e-06 -5.41192e-05 -8.13574e-06 -3.78735e-05
internal_weight=1.29757e+06 1.18921e+06 455753 733460 715522 401300 77540 24663 108358 100396 314222 52877 378213 203178
internal_count=1297571 1189213 455753 733460 715522 401300 77540 24663 108358 100396 314222 52877 378213 203178
is_linear=0
shrinkage=0.01


Tree=246
num_leaves=15
num_cat=0
split_feature=28 15 22 23 14 28 22 1 21 19 21 26 19 15
split_gain=8.35007 7.73112 7.56769 7.02037 6.88268 5.90111 5.58287 5.33722 5.046 4.82509 4.65976 4.13487 4.42047 3.35429
threshold=0.17006802721088435 -0.21869565217391301 0.36023255813953492 0.20833333333333334 -0.13914893617021273 0.21583850931677021 -0.4560386473429951 0.30104166666666676 0.47326388888888893 -0.43938775510204076 -0.43938775510204076 0.045983086680761107 0.41751700680272114 -0.38148936170212761
decision_type=10 2 2 10 2 10 2 10 2 2 2 2 2 2
left_child=2 4 3 6 5 13 9 11 -4 -1 -8 12 -3 -2
right_child=1 7 8 -5 -6 -7 10 -9 -10 -11 -12 -13 -14 -15
leaf_value=0.00028685526316374072 0.00023574320863325521 0.00011723089616301584 -7.0963460063016673e-05 0.00073806781173800366 -6.3453235569947694e-05 -0.00053444039764244367 0.00018666344816016222 -0.00012237454105559878 -0.00056773239005322295 -0.00015298624311583568 2.785657152479511e-05 -2.1608862690590063e-05 -0.00022033154078537697 -0.00033784857140205037
leaf_weight=2715 1933 38508 56518 1390 18044 7917 19024 47288 2142 25907 744096 325105 4257 2103
leaf_count=2715 1933 38508 56518 1390 18044 7917 19024 47288 2142 25907 744096 325105 4257 2103
internal_value=1.46924e-06 -3.36047e-05 1.98345e-05 2.79695e-05 -0.000188767 -0.000375366 2.66822e-05 -2.23199e-05 -8.96427e-05 -0.00011019 3.18555e-05 -9.37592e-06 8.2914e-05 -5.57342e-05
internal_weight=1.29695e+06 445155 851792 793132 29997 11953 791742 415158 58660 28622 763120 367870 42765 4036
internal_count=1296947 445155 851792 793132 29997 11953 791742 415158 58660 28622 763120 367870 42765 4036
is_linear=0
shrinkage=0.01


Tree=247
num_leaves=15
num_cat=0
split_feature=0 28 23 22 22 22 17 25 28 23 3 21 5 28
split_gain=9.38991 8.52806 8.5409 5.836 6.28189 5.7059 5.36152 5.08038 3.89908 3.55252 3.53671 3.32627 3.93759 3.08725
threshold=0.37766439909297056 0.022233201581027654 0.20833333333333334 -0.4560386473429951 0.095491388044579531 -0.39897959183673465 -0.37877551020408157 1.0000000180025095e-35 0.47979591836734697 0.091666666666666688 0.43938775510204087 0.30104166666666676 0.49000000000000005 0.41010101010101013
decision_type=8 10 10 2 2 2 2 2 10 8 8 2 10 8
left_child=1 2 3 -1 -5 -2 10 8 -8 -9 -3 12 13 -7
right_child=5 6 -4 4 -6 11 7 9 -10 -11 -12 -13 -14 -15
leaf_value=-0.00013326185708236431 -0.00033533596249650093 -0.00010596937019478817 0.00082514827316317616 6.0977942231728352e-05 -6.1493207774124441e-06 -5.7174747226158517e-05 0.00013795042615137704 -2.2932184929988881e-05 0.00085613409312817849 0.00019332636811497374 -0.0004136132252798208 3.0495875436099008e-05 -0.00037746722403978161 -0.00026771495633541261
leaf_weight=21194 9067 22451 1352 364907 224363 55507 10485 536558 838 7676 4627 23518 5028 8111
leaf_count=21194 9067 22451 1352 364907 224363 55507 10485 536558 838 7676 4627 23518 5028 8111
internal_value=-2.63317e-06 5.18018e-06 3.12757e-05 2.94643e-05 3.53686e-05 -9.51187e-05 -2.21709e-05 -1.54135e-05 0.000193964 -1.98259e-05 -0.000159686 -7.11508e-05 -0.000106412 -8.45005e-05
internal_weight=1.29568e+06 1.19445e+06 611816 610464 589270 101231 582635 555557 11323 544234 27078 92164 68646 63618
internal_count=1295682 1194451 611816 610464 589270 101231 582635 555557 11323 544234 27078 92164 68646 63618
is_linear=0
shrinkage=0.01


Tree=248
num_leaves=15
num_cat=0
split_feature=27 7 24 26 4 8 24 24 26 22 22 11 24 26
split_gain=8.79902 6.90863 6.84555 5.54142 4.82078 4.76629 6.37214 4.20671 5.52142 4.64107 4.18277 5.04467 3.77045 3.71796
threshold=1.0000000180025095e-35 -0.33156028368794321 -0.037042682926829239 0.16064516129032261 0.39678030303030309 0.030931122448979612 0.43875000000000003 -0.22821969696969696 0.1023024594453166 0.04027027027027031 -0.13589015151515149 0.011766334440753036 -0.33735465116279068 0.37638888888888894
decision_type=2 2 8 2 2 2 10 10 2 2 2 2 8 2
left_child=1 4 -2 10 -1 6 -5 8 12 -10 11 -4 -3 -6
right_child=2 7 3 5 13 -7 -8 -9 9 -11 -12 -13 -14 -15
leaf_value=-3.8133675700604846e-05 -6.3687211208388481e-05 0.00019965932731911458 0.0001792414045547099 -2.9281344409397553e-05 -9.255052815710426e-05 8.9860813868344514e-05 0.0001343669293520187 5.1943291234826071e-05 2.1281178415744647e-05 -0.00011591203875004638 -0.00010167056014568755 -9.6788959174943189e-05 -5.3738797191826575e-05 -0.0006282714801639917
leaf_weight=85199 299116 17478 13624 149261 2972 79795 28293 426768 47873 50186 72627 12741 8598 2530
leaf_count=85199 299116 17478 13624 149261 2972 79795 28293 426768 47873 50186 72627 12741 8598 2530
internal_value=-2.62267e-06 2.36772e-05 -2.84125e-05 1.11359e-06 -5.70627e-05 2.5654e-05 -3.03341e-06 3.7025e-05 -1.40216e-05 -4.86289e-05 -6.23798e-05 4.4715e-05 0.00011496 -0.00034455
internal_weight=1.29706e+06 641604 655457 356341 90701 257349 177554 550903 124135 98059 98992 26365 26076 5502
internal_count=1297061 641604 655457 356341 90701 257349 177554 550903 124135 98059 98992 26365 26076 5502
is_linear=0
shrinkage=0.01


Tree=249
num_leaves=15
num_cat=0
split_feature=0 23 24 26 28 22 22 10 24 22 11 17 22 24
split_gain=9.99576 7.39603 6.94437 7.47963 6.49456 6.28631 4.11146 3.74006 3.38546 3.51473 2.9798 2.86731 2.65133 3.78671
threshold=0.28492136910268279 0.1125 0.26163419913419916 0.29893617021276603 -0.30217391304347824 -0.13976744186046511 0.32025641025641027 -0.33836734693877546 -0.051682692307692284 -0.39897959183673465 0.47849213691026832 -0.46863636363636357 0.084349593495934974 -0.38047619047619041
decision_type=10 8 10 2 10 2 2 2 8 2 2 2 2 10
left_child=1 2 6 5 -5 -4 7 -1 9 -2 -8 -10 13 -11
right_child=8 -3 3 4 -6 -7 10 -9 11 12 -12 -13 -14 -15
leaf_value=-8.4412645182780496e-05 -0.00032905462156548789 0.00024407569186578849 0.00010721938171832242 0.00018036831434022047 4.9754891983577073e-05 -5.7631648390316743e-05 -8.3533832254385675e-05 5.6467740076932797e-06 -0.0004367301996879556 0.00021735511196936376 0.00032489349676169421 -2.5909644987452426e-05 -0.00016283488653274226 -8.1681177608954175e-05
leaf_weight=49517 7646 13349 31238 53076 138499 88641 82319 669339 1739 5016 1795 95547 32818 26209
leaf_count=49517 7646 13349 31238 53076 138499 88641 82319 669339 1739 5016 1795 95547 32818 26209
internal_value=-6.75657e-07 1.00479e-05 7.21703e-06 4.73127e-05 8.61003e-05 -1.4423e-05 -8.29792e-06 -5.15388e-07 -7.24231e-05 -0.000124721 -7.445e-05 -3.35747e-05 -9.98427e-05 -3.26669e-05
internal_weight=1.29675e+06 1.12777e+06 1.11442e+06 311454 191575 119879 802970 718856 168975 71689 84114 97286 64043 31225
internal_count=1296748 1127773 1114424 311454 191575 119879 802970 718856 168975 71689 84114 97286 64043 31225
is_linear=0
shrinkage=0.01


Tree=250
num_leaves=15
num_cat=0
split_feature=24 23 22 23 27 24 27 24 22 24 22 22 24 17
split_gain=9.56409 10.057 6.61215 7.94094 6.60054 6.28706 6.57938 6.24551 5.84268 5.52449 5.09624 4.94675 4.88517 4.87267
threshold=-0.17928571428571424 0.04006410256410254 0.13438086303939964 0.012347560975609741 0.091372912801484255 -0.42022727272727267 0.36023255813953492 -0.44689849624060146 -0.15978723404255316 -0.23979166666666663 -0.39323708206686925 0.49479166666666674 0.43875000000000003 -0.40454545454545449
decision_type=10 10 2 10 2 8 2 8 2 10 2 2 10 2
left_child=2 4 5 -4 11 -1 10 -5 12 -8 -7 13 -6 -2
right_child=1 -3 3 7 8 6 9 -9 -10 -11 -12 -13 -14 -15
leaf_value=0.00011892588973158378 -0.00014037331316038744 0.00015427607346804608 -8.4322028311372733e-05 0.00030017268785361562 1.1716527010191083e-05 -0.00013212746781970605 -8.9671950729936173e-05 -0.00051425334471550896 -4.5341774827118426e-05 -0.00039254019614441661 1.491315869557954e-05 -0.00025771465927059328 0.00019878003164333161 4.1504014570087468e-05
leaf_weight=30582 15105 50806 98115 1032 84067 28184 26303 7217 281538 7987 142977 5768 16844 499909
leaf_count=30582 15105 50806 98115 1032 84067 28184 26303 7217 281538 7987 142977 5768 16844 499909
internal_value=1.05021e-06 1.73444e-05 -4.42631e-05 -0.000109768 9.60837e-06 -1.46162e-05 -3.46418e-05 -0.000408656 -2.18896e-05 -0.000161121 -9.12571e-06 3.27973e-05 4.32433e-05 3.61106e-05
internal_weight=1.29643e+06 954037 342397 106364 903231 236033 205451 8249 382449 34290 171161 520782 100911 515014
internal_count=1296434 954037 342397 106364 903231 236033 205451 8249 382449 34290 171161 520782 100911 515014
is_linear=0
shrinkage=0.01


Tree=251
num_leaves=15
num_cat=0
split_feature=28 23 20 25 22 22 27 14 22 18 4 25 28 10
split_gain=8.38392 9.06831 8.04458 8.96207 7.3546 6.90893 7.55878 5.60931 5.06366 4.89816 4.62075 4.55932 4.39967 4.00852
threshold=0.17006802721088435 0.20833333333333334 -0.040833333333333326 0.82500000000000018 -0.4759001161440185 0.36023255813953492 -0.1448028673835125 0.44222222222222224 0.48456521739130437 0.16843971631205676 0.1329931972789116 1.0000000180025095e-35 0.40121951219512203 0.012049941927990694
decision_type=10 10 2 2 2 2 2 2 2 2 2 2 10 2
left_child=1 4 3 7 -1 6 -6 -2 11 -5 -9 12 -4 -7
right_child=2 -3 8 9 5 13 -8 10 -10 -11 -12 -13 -14 -15
leaf_value=-0.00019648888452660483 -8.9206111906628684e-05 0.00082267267097675234 4.8170557321264308e-05 -0.00043813503295194963 7.4200510220308739e-05 -0.00017305817654592184 7.8160707888086572e-06 0.0010091026706970296 -0.00038333474745925268 -3.9330749459095408e-05 0 -1.7023961908919012e-05 0.0005648923418099033 -6.5245016024727431e-06
leaf_weight=15686 52938 1401 4884 12258 257140 26671 518809 847 3711 4342 1101 362428 2604 32407
leaf_count=15686 52938 1401 4884 12258 257140 26671 518809 847 3711 4342 1101 362428 2604 32407
internal_value=7.90905e-07 1.91874e-05 -3.43594e-05 -0.000131605 1.7826e-05 2.18886e-05 2.98539e-05 -6.93296e-05 -1.56723e-05 -0.000335654 0.000454755 -1.18997e-05 0.000232023 -8.22195e-05
internal_weight=1.29723e+06 852114 445113 71486 850713 835027 775949 54886 373627 16600 1948 369916 7488 59078
internal_count=1297227 852114 445113 71486 850713 835027 775949 54886 373627 16600 1948 369916 7488 59078
is_linear=0
shrinkage=0.01


Tree=252
num_leaves=15
num_cat=0
split_feature=0 28 27 26 20 25 11 7 22 17 0 26 25 14
split_gain=10.2712 6.58325 6.75168 10.2941 7.2657 4.58272 4.41281 6.5512 4.87016 4.24593 4.33595 3.99877 3.67023 3.62961
threshold=0.37766439909297056 -0.23956521739130432 -0.14946808510638296 0.096006144393241177 0.011766334440753036 0.57500000000000018 0.085144927536231943 0.43683510638297879 0.17416582406471184 0.011495771670190282 0.030931122448979612 0.087595907928388769 1.0000000180025095e-35 0.3585714285714286
decision_type=10 10 2 2 2 2 2 2 2 2 10 2 2 2
left_child=1 9 3 5 -5 -3 8 -8 -4 13 12 -12 -11 -1
right_child=-2 2 6 4 -6 -7 7 -9 -10 10 11 -13 -14 -15
leaf_value=0.00010732340711947919 -9.7063459959131494e-05 8.8710063507097228e-05 -2.2545907305995361e-05 -7.806800974590631e-05 3.8339441503620515e-05 0.00027769572422973256 4.5168872347900234e-05 -0.00023585296114746478 -0.00010062940774860139 -0.00036636749511308501 -9.3767025913315492e-05 0.00015857973323941003 -2.2726026730925967e-06 -0.00012684865304393576
leaf_weight=115565 101260 41670 348976 76261 180386 19065 120181 8885 104258 2830 7661 31839 131337 6903
leaf_count=115565 101260 41670 348976 76261 180386 19065 120181 8885 104258 2830 7661 31839 131337 6903
internal_value=-3.39721e-07 7.82584e-06 -5.60563e-06 3.14575e-05 3.63232e-06 0.000148538 -2.58585e-05 2.55857e-05 -4.05743e-05 4.87327e-05 1.6724e-05 0.000108874 -1.01841e-05 9.38764e-05
internal_weight=1.29708e+06 1.19582e+06 899682 317382 256647 60735 582300 129066 453234 296135 173667 39500 134167 122468
internal_count=1297077 1195817 899682 317382 256647 60735 582300 129066 453234 296135 173667 39500 134167 122468
is_linear=0
shrinkage=0.01


Tree=253
num_leaves=15
num_cat=0
split_feature=1 23 28 18 23 4 19 28 19 24 28 28 28 24
split_gain=8.69398 7.35927 7.41889 6.73221 6.7716 6.35214 6.21837 4.77568 4.29307 3.5901 2.99186 2.77102 2.70409 2.70123
threshold=0.41207729468599036 0.14583333333333334 -0.23956521739130432 0.011766334440753036 0.028594771241830078 0.25521059487624842 -0.31050531914893614 0.41010101010101013 -0.38148936170212761 0.25858879492600428 -0.084349593495934946 0.18042553191489366 -0.44058823529411756 -0.057189542483660143
decision_type=8 10 8 2 10 2 2 10 2 10 10 10 10 10
left_child=1 2 3 9 -5 6 -4 12 -7 -1 -3 -12 -2 -14
right_child=7 10 5 4 -6 8 -8 -9 -10 -11 11 -13 13 -15
leaf_value=5.7236685824947098e-05 0.00019020313630875951 -0.00019079741265511874 -0.00012334102059801888 -1.7110699183177935e-05 0.00019104502747891735 8.1909075409439223e-05 5.6397349216594968e-06 -0.00031568764621375502 -0.00010404108231996012 0.00016421198763158786 0.00078038537467984398 0.00022608446492128733 -0.0001671131934107269 -3.4204117223929619e-05
leaf_weight=81070 3586 657 39305 150784 17425 14008 760645 9456 99134 52580 1968 2037 26545 37803
leaf_count=81070 3586 657 39305 150784 17425 14008 760645 9456 99134 52580 1968 2037 26545 37803
internal_value=-1.38798e-06 5.11052e-06 3.56346e-06 4.65596e-05 4.27711e-06 -1.06179e-05 -6.60583e-07 -0.000104184 -8.07521e-05 9.95496e-05 0.000401592 0.000506325 -7.42895e-05 -8.95035e-05
internal_weight=1.297e+06 1.21961e+06 1.21495e+06 301859 168209 913092 799950 77390 113142 133650 4662 4005 67934 64348
internal_count=1297003 1219613 1214951 301859 168209 913092 799950 77390 113142 133650 4662 4005 67934 64348
is_linear=0
shrinkage=0.01


Tree=254
num_leaves=15
num_cat=0
split_feature=0 22 28 10 22 18 17 2 27 4 22 28 28 28
split_gain=7.97427 6.77661 6.80417 5.88468 5.36661 5.6853 4.29312 5.16387 3.90869 3.25846 3.25191 2.67618 2.56868 2.03813
threshold=0.27178030303030309 0.32025641025641027 0.011369509043927641 0.016397849462365614 -0.4560386473429951 0.011237373737373714 -0.31909090909090904 -0.36085106382978716 -0.18133462282398449 -0.1633333333333333 -0.39897959183673465 0.41751700680272114 -0.39528508771929821 -0.14549731182795694
decision_type=8 2 10 2 2 2 2 10 2 2 2 10 10 10
left_child=1 2 4 9 13 -6 7 -4 -8 -3 -2 -11 -12 -1
right_child=10 3 6 -5 5 -7 8 -9 -10 11 12 -13 -14 -15
leaf_value=-0.00017208006566084335 -0.00020164397024624353 5.6921931344888573e-05 -0.00040005445266274323 2.4254652570982015e-05 9.73682420453576e-05 2.5356710016550595e-05 4.2317351001699136e-05 -6.1426353542842521e-05 -1.9856631203906953e-05 -0.00017719223758738963 7.0199613412204843e-05 1.6700342255066186e-05 -6.1427053820914447e-05 8.5667093288313914e-05
leaf_weight=15270 15293 8501 5431 44737 169425 315411 148430 28518 317182 50396 16236 7965 150585 3667
leaf_count=15270 15293 8501 5431 44737 169425 315411 148430 28518 317182 50396 16236 7965 150585 3667
internal_value=-9.58804e-08 9.90208e-06 1.81477e-05 -6.39597e-05 4.4089e-05 5.05833e-05 -7.95248e-06 -0.000116513 0 -0.00012343 -6.1469e-05 -0.000150217 -4.84355e-05 -0.00012058
internal_weight=1.29705e+06 1.11493e+06 1.00333e+06 111599 503773 484836 499561 33949 465612 66862 182114 58361 166821 18937
internal_count=1297047 1114933 1003334 111599 503773 484836 499561 33949 465612 66862 182114 58361 166821 18937
is_linear=0
shrinkage=0.01


Tree=255
num_leaves=15
num_cat=0
split_feature=4 22 19 22 17 23 19 7 22 11 14 22 21 22
split_gain=9.0848 5.41862 5.37813 8.53773 5.7293 5.25325 5.23737 4.96048 4.92699 4.98755 4.42205 3.15893 2.57693 3.14191
threshold=0.25777777777777783 0.45789007092198591 -0.38148936170212761 0.1460873983739838 -0.41918367346938773 0.14583333333333334 -0.47979591836734686 -0.30217391304347824 -0.4759001161440185 -0.33156028368794321 -0.13914893617021273 -0.43969696969696964 0.47894503546099293 0.070714285714285688
decision_type=2 2 2 2 2 10 2 2 2 2 2 2 2 2
left_child=1 5 3 12 -5 8 -6 10 -1 -10 -4 -9 -2 -14
right_child=2 -3 7 4 6 -7 -8 11 9 -11 -12 -13 13 -15
leaf_value=-0.00017627458625903275 0.00024248689655623348 -0.00014740390219906369 -0.00054743609970843757 -0.0011826156088133792 0.00050131353625607782 0.00034755227649503118 -0.00019522803085626276 -0.00026031057419482031 -6.2548287910538399e-05 2.0686114692367672e-05 -0.00015730125955359237 -5.7395661164839479e-05 -6.0371914990060317e-05 0.00044350307695042876
leaf_weight=13676 14410 21282 3977 537 1188 4694 10040 8247 77516 985344 12290 134520 7304 1479
leaf_count=13676 14410 21282 3977 537 1188 4694 10040 8247 77516 985344 12290 134520 7304 1479
internal_value=-5.97145e-07 1.04833e-05 -6.37244e-05 4.80214e-05 -0.000170141 1.36192e-05 -0.000118744 -8.84769e-05 1.21343e-05 1.45873e-05 -0.00025461 -6.93325e-05 0.000159989 2.11853e-05
internal_weight=1.2965e+06 1.10251e+06 193992 34958 11765 1.08123e+06 11228 159034 1.07654e+06 1.06286e+06 16267 142767 23193 8783
internal_count=1296504 1102512 193992 34958 11765 1081230 11228 159034 1076536 1062860 16267 142767 23193 8783
is_linear=0
shrinkage=0.01


Tree=256
num_leaves=15
num_cat=0
split_feature=17 24 23 15 28 15 28 18 27 4 11 4 2 18
split_gain=8.91015 7.94251 7.07739 5.97455 7.32976 7.91193 5.72622 9.16151 5.43052 3.94534 5.05585 3.58652 4.0907 3.36661
threshold=-0.40454545454545449 -0.051682692307692284 0.051315789473684266 0.016954022988505794 0.23499399759903969 -0.41918367346938773 0.17006802721088435 0.011766334440753036 0.1526175687666371 -0.31957446808510631 0.010421189752496731 0.36978260869565222 -0.18042553191489358 -0.36181818181818176
decision_type=2 10 10 2 8 2 10 2 2 2 2 2 10 2
left_child=11 3 6 4 13 -6 7 -3 -8 -5 -11 -1 -13 -2
right_child=1 2 -4 9 5 -7 8 -9 -10 10 -12 12 -14 -15
leaf_value=-8.6465669031838833e-05 -0.00025625172742119921 0.00010146041864643346 0.00016743143218446072 0.00019036208159305324 -0.0010391043594936203 -0.00014013969322863013 1.9453646260989678e-05 5.1893530456731181e-06 -7.2327689941991465e-05 -9.761228226639968e-05 4.2544173463309896e-05 -0.00084214410201404269 -0.00022540193730725974 -2.2704445156636011e-05
leaf_weight=30384 6325 169349 34906 13619 1009 47623 178605 239139 100637 32682 120244 1275 9304 312525
leaf_count=30384 6325 169349 34906 13619 1009 47623 178605 239139 100637 32682 120244 1275 9304 312525
internal_value=2.01726e-06 6.77122e-06 2.84013e-05 -2.24421e-05 -4.49901e-05 -0.000159471 2.13005e-05 4.51748e-05 -1.35167e-05 2.71301e-05 1.23937e-05 -0.000143082 -0.000302785 -2.74338e-05
internal_weight=1.29763e+06 1.25666e+06 722636 534027 367482 48632 687730 408488 279242 166545 152926 40963 10579 318850
internal_count=1297626 1256663 722636 534027 367482 48632 687730 408488 279242 166545 152926 40963 10579 318850
is_linear=0
shrinkage=0.01


Tree=257
num_leaves=15
num_cat=0
split_feature=17 28 19 18 25 26 14 21 1 10 4 6 10 2
split_gain=7.49615 5.92627 5.71654 5.38942 4.4684 4.46734 4.39441 4.38008 4.20348 3.81935 4.30609 3.77151 6.08451 3.21809
threshold=-0.40454545454545449 -0.23956521739130432 0.011766334440753036 0.011766334440753036 0.77500000000000024 0.040408163265306128 -0.15978723404255316 -0.28945035460992902 0.16843971631205676 -0.24734042553191488 0.43813775510204089 0.025657894736842105 -0.10208333333333332 -0.015681818181818182
decision_type=2 10 2 2 2 2 2 2 10 2 2 8 2 10
left_child=9 3 5 -2 8 -3 -7 -6 -4 -1 -11 -5 -13 -12
right_child=1 2 4 11 7 6 -8 -9 -10 10 13 12 -14 -15
leaf_value=-0.00028916222515758955 8.9267759892893426e-05 7.5434371238279236e-05 -1.0494718791025774e-06 -2.3253779293241163e-05 0.00011817047139310158 -0.00014314236202391006 -3.7698085548937567e-05 1.873400552200378e-05 -9.7384248694806828e-05 -1.5690450642883131e-05 -0.0010790882654581812 -0.00014188426191385814 0.00013948005029364337 -0.00024159532843989255
leaf_weight=11416 137567 27887 283696 125598 53665 48813 216452 261039 54048 24458 546 9566 37503 4403
leaf_count=11416 137567 27887 283696 125598 53665 48813 216452 261039 54048 24458 546 9566 37503 4403
internal_value=2.60711e-07 4.61898e-06 -7.79696e-06 4.25594e-05 8.64568e-06 -4.44943e-05 -5.7216e-05 3.57867e-05 -1.65551e-05 -0.000133068 -7.14278e-05 5.17143e-06 8.16547e-05 -0.000340648
internal_weight=1.29666e+06 1.25583e+06 945600 310234 652448 293152 265265 314704 337744 40823 29407 172667 47069 4949
internal_count=1296657 1255834 945600 310234 652448 293152 265265 314704 337744 40823 29407 172667 47069 4949
is_linear=0
shrinkage=0.01


Tree=258
num_leaves=15
num_cat=0
split_feature=27 4 23 28 25 23 3 22 26 28 23 27 4 21
split_gain=8.27902 7.45281 6.87526 6.11533 4.90244 6.34907 4.76459 4.74337 4.46864 8.60923 4.99044 5.67477 4.64659 4.61046
threshold=1.0000000180025095e-35 0.39678030303030309 0.1125 -0.31165540540540532 0.27500000000000008 0.025657894736842105 -0.45789007092198575 0.012347560975609741 0.072299651567944254 0.47259759759759767 0.010753931544865871 -0.16833333333333331 -0.26020833333333326 0.25532879818594106
decision_type=2 2 8 8 2 10 10 2 2 8 10 2 2 2
left_child=1 8 3 4 -2 -6 -5 -8 10 13 -1 -12 -11 -10
right_child=2 -3 -4 6 5 -7 7 -9 9 12 11 -13 -14 -15
leaf_value=1.6537039190408833e-05 -0.00011212186315958491 -0.0001335690471085771 0.00028619791156307825 -0.00029829483337769894 4.4214039986988208e-05 0.00039314049573891308 -4.2351897683518726e-06 -6.5507801731691366e-05 4.0654357633162384e-05 0.00023013483972180785 0.00025021653613006156 2.9338469927386005e-05 -0.00021334679091211675 -5.2541550772598397e-05
leaf_weight=43362 18661 28473 6951 7299 92511 5559 215678 308814 435627 2589 30177 19467 21456 60183
leaf_count=43362 18661 28473 6951 7299 92511 5559 215678 308814 435627 2589 30177 19467 21456 60183
internal_value=-1.14451e-06 2.43751e-05 -2.61594e-05 -2.95549e-05 3.58458e-05 6.43099e-05 -4.39673e-05 -4.03691e-05 3.17626e-05 2.02676e-05 9.56884e-05 0.000164214 -0.000164325 2.92812e-05
internal_weight=1.29681e+06 641334 655473 648522 116731 98070 531791 524492 612861 519855 93006 49644 24045 495810
internal_count=1296807 641334 655473 648522 116731 98070 531791 524492 612861 519855 93006 49644 24045 495810
is_linear=0
shrinkage=0.01


Tree=259
num_leaves=15
num_cat=0
split_feature=28 26 23 18 3 21 22 21 27 27 5 3 19 15
split_gain=8.17584 9.38167 8.43052 7.45452 8.17212 6.47495 5.72483 5.5066 5.42805 4.45166 4.34778 3.88314 3.43114 3.09256
threshold=0.10208333333333332 0.05634920634920635 0.20833333333333334 -0.3404545454545454 0.45959183673469389 -0.43938775510204076 -0.45959183673469384 -0.37367021276595741 -0.14946808510638296 -0.2474489795918367 0.3585714285714286 0.051551870748299318 -0.057777777777777782 -0.43938775510204076
decision_type=10 2 10 2 8 2 2 2 2 2 10 10 2 2
left_child=2 7 5 4 11 -1 13 -2 -8 -9 12 -3 -5 -7
right_child=1 3 -4 10 -6 6 8 9 -10 -11 -12 -13 -14 -15
leaf_value=0.00020134156199803696 -0.0001960720354626499 -0.00026386910964855615 0.00081567854542206897 -0.00010201348564634526 -0.00063995241684313602 0.00022963622390934375 5.805436818653486e-05 0.00024874483713271191 -2.3020626069975505e-07 5.5693086412171767e-05 -0.00013240132937811716 6.4013623623296124e-07 -1.4936526248574081e-05 -0.00019244361505251151
leaf_weight=18980 6474 11359 1329 52394 3843 1853 237071 16721 487006 44039 43252 10411 343447 18268
leaf_count=18980 6474 11359 1329 52394 3843 1853 237071 16721 487006 44039 43252 10411 343447 18268
internal_value=-6.49674e-07 -3.07777e-05 2.0274e-05 -4.67924e-05 -0.000212862 1.88464e-05 1.41509e-05 7.94635e-05 1.88116e-05 0.000109324 -3.70356e-05 -0.000136013 -2.65386e-05 -0.000152054
internal_weight=1.29645e+06 531940 764507 464706 25613 763178 744198 67234 724077 60760 439093 21770 395841 20121
internal_count=1296447 531940 764507 464706 25613 763178 744198 67234 724077 60760 439093 21770 395841 20121
is_linear=0
shrinkage=0.01


Tree=260
num_leaves=15
num_cat=0
split_feature=24 28 26 10 19 14 14 1 27 28 19 26 28 24
split_gain=8.65754 7.26119 7.60028 7.18119 5.90336 6.49876 5.36073 4.89332 4.62001 6.57617 5.18305 4.35696 4.05284 3.96927
threshold=-0.057189542483660143 -0.30217391304347824 0.68042553191489374 0.016954022988505794 -0.18042553191489358 0.010527482269503509 0.21509740259740265 0.34944495837187795 0.024404761904761933 0.49000000000000005 0.011495771670190282 0.52041666666666686 -0.45789007092198575 -0.38799283154121861
decision_type=10 10 2 2 2 2 2 10 2 10 2 2 8 8
left_child=3 2 6 7 5 11 -2 -1 9 10 -3 -5 -9 -14
right_child=1 8 -4 4 -6 -7 -8 12 -10 -11 -12 -13 13 -15
leaf_value=-5.0221675369233011e-05 6.2771149756695555e-05 -2.1965423198564101e-05 0.00018404553853283191 -9.7177112026471265e-05 3.7209743346161699e-05 5.5967730298380608e-05 -0.00015529869232357141 0.00033196953736214457 -2.1760062871290403e-05 -0.00019009348450963631 6.6595794273172714e-05 -0.00043054884665278249 0 -0.00028602173624139431
leaf_weight=292421 71232 92891 50021 9047 166551 12019 13339 1375 317273 12809 225288 7346 6658 20228
leaf_count=292421 71232 92891 50021 9047 166551 12019 13339 1375 317273 12809 225288 7346 6658 20228
internal_value=-1.55446e-06 1.93775e-05 8.62306e-05 -3.33914e-05 1.43447e-05 -0.000118624 2.8017e-05 -6.25066e-05 5.45079e-06 3.16247e-05 4.06465e-05 -0.000248448 -0.000188541 -0.00021631
internal_weight=1.2985e+06 782853 134592 515645 194963 28412 84571 320682 648261 330988 318179 16393 28261 26886
internal_count=1298498 782853 134592 515645 194963 28412 84571 320682 648261 330988 318179 16393 28261 26886
is_linear=0
shrinkage=0.01


Tree=261
num_leaves=15
num_cat=0
split_feature=0 23 27 3 15 4 27 26 21 27 15 3 23 16
split_gain=8.18447 6.83434 6.55563 6.02142 4.26768 4.23531 4.12847 3.59315 3.0781 2.69984 2.53796 3.12121 2.57164 2.2705
threshold=0.37766439909297056 0.1125 0.18042553191489366 -0.39472517730496448 -0.37877551020408157 0.41751700680272114 0.38944444444444448 0.49489795918367352 0.14222222222222228 -0.072172619047619055 -0.37877551020408157 -0.44222222222222213 0.010527482269503509 -0.15978723404255316
decision_type=10 8 2 8 2 2 2 2 2 2 2 10 10 2
left_child=1 2 3 7 13 -5 -6 -1 -8 -3 12 -12 -4 -2
right_child=4 9 10 5 6 -7 8 -9 -10 -11 11 -13 -14 -15
leaf_value=0 0.00027883934151796161 -2.9435557782625079e-05 0.00011902753362942069 3.4298188732958511e-05 -6.5816420788532255e-05 -0.00010249906365639948 -0.00033782579796712287 -0.00016073181337314575 -0.000107781060457513 0.00030810557345660667 -0.00030657980912084066 -3.0946502058700201e-05 -0.00029255629947104564 -8.8644740918635473e-06
leaf_weight=29246 4276 2854 17725 730029 65732 23251 11673 26858 12628 10529 4182 348732 1622 7115
leaf_count=29246 4276 2854 17725 730029 65732 23251 11673 26858 12628 10529 4182 348732 1622 7115
internal_value=1.79754e-06 9.14006e-06 6.56861e-06 2.2563e-05 -8.44176e-05 3.00355e-05 -0.000107649 -7.7228e-05 -0.000219546 0.000233891 -2.81264e-05 -3.43003e-05 8.29311e-05 9.6547e-05
internal_weight=1.29645e+06 1.19503e+06 1.18164e+06 809384 101424 753280 90033 56104 24301 13383 372261 352914 19347 11391
internal_count=1296452 1195028 1181645 809384 101424 753280 90033 56104 24301 13383 372261 352914 19347 11391
is_linear=0
shrinkage=0.01


Tree=262
num_leaves=15
num_cat=0
split_feature=4 28 3 22 22 22 28 1 19 7 17 7 3 15
split_gain=8.06615 7.24642 5.62168 4.94376 4.91951 4.82102 5.66851 4.45632 4.59213 4.02596 3.97621 3.90004 3.51876 3.39739
threshold=0.26341350601295105 -0.41945945945945939 -0.3010416666666666 -0.4560386473429951 0.32755102040816336 0.22776679841897238 0.4793792517006803 0.39009661835748793 0.04083333333333334 0.13450834879406312 0.26043478260869574 0.012049941927990694 0.011237373737373714 -0.41918367346938773
decision_type=2 8 10 2 2 2 8 10 2 2 2 2 10 2
left_child=3 10 -3 9 7 6 -4 8 -5 11 -2 13 -6 -1
right_child=1 2 5 4 12 -7 -8 -9 -10 -11 -12 -13 -14 -15
leaf_value=0.00035154549659931075 0.00023446840879914164 -0.00029310727687619512 -1.9510107498313542e-05 8.6228799611157806e-06 3.9190049988917251e-05 -0.00016386975850655013 -0.00037194994707614553 -8.5130761947332627e-05 5.6127189428323403e-05 -0.00036319747737531191 -0.00026111360125805755 0.00018666361018964867 -8.9557478781638003e-05 -0.00018294529608187766
leaf_weight=1260 11324 11590 117727 642690 29302 37269 4762 39049 299127 5685 1832 4811 74554 14271
leaf_count=1260 11324 11590 117727 642690 29302 37269 4762 39049 299127 5685 1832 4811 74554 14271
internal_value=-1.01522e-06 -6.2265e-05 -7.97487e-05 9.13198e-06 1.24253e-05 -6.40771e-05 -3.34656e-05 1.93774e-05 2.37425e-05 -0.000126955 0.000163134 -5.94132e-05 -5.29436e-05 -0.000137592
internal_weight=1.29525e+06 184504 171348 1.11075e+06 1.08472e+06 159758 122489 980866 941817 26027 13156 20342 103856 15531
internal_count=1295253 184504 171348 1110749 1084722 159758 122489 980866 941817 26027 13156 20342 103856 15531
is_linear=0
shrinkage=0.01


Tree=263
num_leaves=15
num_cat=0
split_feature=17 24 22 15 28 25 28 22 28 26 11 22 16 3
split_gain=7.68373 8.11947 7.90739 6.72004 6.94919 5.39898 5.91923 5.19213 4.84144 7.54513 5.50185 4.62496 4.49703 4.47128
threshold=-0.40454545454545449 -0.051682692307692284 0.078661616161616169 -0.18133462282398449 0.23499399759903969 0.37500000000000006 -0.090326340326340307 -0.45180023228803712 0.17006802721088435 0.15954545454545457 0.028594771241830078 -0.23779761904761901 0.010310374149659853 0.43938775510204087
decision_type=2 10 2 2 8 2 10 2 10 2 2 2 2 8
left_child=7 2 3 4 -2 6 -4 -1 9 -3 -11 -5 -7 -9
right_child=1 8 5 11 -6 12 -8 13 -10 10 -12 -13 -14 -15
leaf_value=-0.0005487364213579085 -9.4972936514125321e-05 -2.45958012733929e-05 8.1398700791698064e-05 -3.644170842396207e-05 -0.00064441944169466904 1.7533343374040484e-05 -9.0098835745838451e-05 -4.887033762252433e-05 -5.3953004116285151e-06 4.0954462597283133e-05 0.00012753390309060077 4.5887821993887083e-05 -0.0001412843724111761 -0.00032543927535485075
leaf_weight=2853 20574 108443 37837 102927 2629 21078 42899 30634 288758 209699 114283 201025 105058 7345
leaf_count=2853 20574 108443 37837 102927 2629 21078 42899 30634 288758 209699 114283 201025 105058 7345
internal_value=-5.64674e-08 4.31208e-06 -2.52153e-05 5.29842e-06 -0.000158596 -7.36152e-05 -9.35475e-06 -0.000135074 2.62183e-05 4.73981e-05 7.15884e-05 1.79099e-05 -0.000114507 -0.000103169
internal_weight=1.29604e+06 1.25521e+06 534027 327155 23203 206872 80736 40832 721183 432425 323982 303952 126136 37979
internal_count=1296042 1255210 534027 327155 23203 206872 80736 40832 721183 432425 323982 303952 126136 37979
is_linear=0
shrinkage=0.01


Tree=264
num_leaves=15
num_cat=0
split_feature=0 24 26 28 24 3 22 4 24 22 28 20 26 15
split_gain=7.47886 6.16823 6.00878 7.2453 5.91069 5.14577 4.84339 4.31949 4.22908 4.32751 3.83354 5.10905 4.33533 3.08051
threshold=0.36811594202898557 0.26163419913419916 0.43019480519480524 -0.30217391304347824 0.33666666666666673 -0.44222222222222213 0.32025641025641027 1.0000000180025095e-35 0.27718676122931446 -0.16496598639455781 0.011369509043927641 0.20972222222222228 0.05634920634920635 0.011766334440753036
decision_type=8 8 2 10 10 10 2 2 8 2 10 2 2 2
left_child=1 6 8 4 -4 -5 10 -8 -3 -10 11 -1 -12 -9
right_child=-2 2 3 5 -6 -7 7 13 9 -11 12 -13 -14 -15
leaf_value=9.0065058269688759e-06 -7.9226547887998062e-05 0.00012711154520995651 0.00051699020809680763 -0.00030676917379649871 0.00015046331777231702 5.6281539257910941e-05 4.9998165454316417e-05 -0.00020669874272686989 7.7597831895653759e-05 -5.2387214851754292e-05 6.6744383624657252e-05 0.00011500803722815874 -3.2458333653535701e-05 -6.4433934198523414e-05
leaf_weight=306186 108881 22414 5013 4006 42382 124258 20250 24161 33642 105985 50177 53579 352747 43730
leaf_count=306186 108881 22414 5013 4006 42382 124258 20250 24161 33642 105985 50177 53579 352747 43730
internal_value=7.34979e-08 7.36358e-06 4.35359e-05 8.40499e-05 0.000189894 4.47018e-05 -6.95828e-06 -7.71459e-05 -1.98573e-07 -2.08525e-05 1.11396e-06 2.48773e-05 -2.00295e-05 -0.000115512
internal_weight=1.29741e+06 1.18853e+06 337700 175659 47395 128264 850830 88141 162041 139627 762689 359765 402924 67891
internal_count=1297411 1188530 337700 175659 47395 128264 850830 88141 162041 139627 762689 359765 402924 67891
is_linear=0
shrinkage=0.01


Tree=265
num_leaves=15
num_cat=0
split_feature=0 23 24 26 27 26 28 24 15 28 27 14 24 28
split_gain=8.18041 7.06386 6.26607 7.76782 5.87877 11.6417 5.73637 4.52147 3.46247 3.44813 3.17106 3.12135 2.55467 2.43785
threshold=0.36811594202898557 0.1125 0.26163419913419916 0.52041666666666686 -0.1448028673835125 0.14434523809523811 -0.30217391304347824 0.27718676122931446 -0.41918367346938773 -0.39528508771929821 0.47801932367149763 -0.29795918367346935 -0.087922705314009655 0.22046511627906976
decision_type=10 10 10 2 2 2 10 10 2 10 2 2 10 10
left_child=1 2 4 7 5 -1 -5 -4 13 -6 12 -12 -10 -2
right_child=8 -3 3 6 9 -7 -8 -9 10 -11 11 -13 -14 -15
leaf_value=0.00013376740433144587 0.00019629946493599922 0.00024045557178186815 0.00012613621796779 0.00019448695742643537 5.0839188888017239e-05 -8.677665136696182e-06 5.7351350270910408e-05 -2.1800439106145746e-05 -0.00015268807288767487 -3.6168747039306198e-05 -0.00072689239694184575 -0.00019316095857128433 -3.8978620689361391e-05 -0.00027391721315303996
leaf_weight=76509 6695 13057 23846 42238 49987 228118 113791 154206 30367 485801 1308 9436 59603 1271
leaf_count=76509 6695 13057 23846 42238 49987 228118 113791 154206 30367 485801 1308 9436 59603 1271
internal_value=1.48371e-06 9.10618e-06 6.50809e-06 4.31567e-05 -8.02484e-06 2.70008e-05 9.46701e-05 -1.81742e-06 -8.15294e-05 -2.7995e-05 -9.75674e-05 -0.000261115 -7.76955e-05 0.000117435
internal_weight=1.29623e+06 1.18755e+06 1.1745e+06 334081 840415 304627 156029 178052 108680 535788 100714 10744 89970 7966
internal_count=1296233 1187553 1174496 334081 840415 304627 156029 178052 108680 535788 100714 10744 89970 7966
is_linear=0
shrinkage=0.01


Tree=266
num_leaves=15
num_cat=0
split_feature=0 27 2 24 11 24 27 21 24 22 28 22 21 28
split_gain=8.19781 6.30584 6.45586 5.06604 4.18766 6.0847 4.1415 6.00817 4.59751 3.73586 3.52433 3.4581 3.488 3.43619
threshold=0.2525510204081633 0.04653679653679655 -0.33836734693877546 0.26163419913419916 0.072948328267477228 -1.0000000180025095e-35 0.38944444444444448 0.16333333333333336 -0.42752100840336132 0.48456521739130437 0.45698427382053664 -0.45180023228803712 0.45959183673469389 -0.24734042553191488
decision_type=10 2 8 8 2 10 2 2 10 2 8 2 2 8
left_child=1 2 11 4 -3 -6 -2 -8 -9 10 -4 -1 -13 -5
right_child=6 3 9 13 5 -7 7 8 -10 -11 -12 12 -14 -15
leaf_value=-0.00036948255416590319 -3.6632417769944267e-05 -5.3506458948237276e-05 5.3316094567428116e-05 9.5087078934749992e-05 -9.3218184582393597e-06 0.00024220494585986251 -0.00028933210188585511 0.00043044463480574154 -8.5763031227987073e-05 -0.00019517866192690904 -6.0150664668543462e-05 -2.0966790781245213e-05 -0.00030733990356699104 -5.7479987512589491e-06
leaf_weight=3329 156512 288789 489377 55476 54435 11630 17691 1859 21776 6402 28748 70554 4555 85167
leaf_count=3329 156512 288789 489377 55476 54435 11630 17691 1859 21776 6402 28748 70554 4555 85167
internal_value=-1.12216e-06 9.52661e-06 3.12637e-05 -1.68645e-05 -3.7035e-05 3.45115e-05 -6.03986e-05 -0.000149672 -4.38423e-05 4.39485e-05 4.69622e-05 -5.31779e-05 -3.87449e-05 3.38138e-05
internal_weight=1.2963e+06 1.09846e+06 602965 495497 354854 66065 197838 41326 23635 524527 518125 78438 75109 140643
internal_count=1296300 1098462 602965 495497 354854 66065 197838 41326 23635 524527 518125 78438 75109 140643
is_linear=0
shrinkage=0.01


Tree=267
num_leaves=15
num_cat=0
split_feature=24 26 23 27 26 28 28 28 28 24 18 28 19 2
split_gain=9.80519 8.38244 8.3534 5.85921 6.65311 5.68615 5.64717 5.03213 4.98106 4.77534 7.28968 4.633 4.59173 4.39544
threshold=-0.17928571428571424 0.021980676328502421 0.04006410256410254 0.084219858156028407 1.0000000180025095e-35 0.21583850931677021 -0.019259259259259278 0.084349593495934974 0.49000000000000005 -0.37321428571428567 -0.47979591836734686 -0.41578014184397155 -0.15978723404255316 -0.3118055555555555
decision_type=10 2 8 2 2 8 10 8 8 8 2 10 2 10
left_child=1 7 3 8 -5 9 -6 11 -2 12 -11 -1 -3 -7
right_child=2 5 -4 4 6 13 -8 -9 -10 10 -12 -13 -14 -15
leaf_value=0.00036304217565397747 3.6744508009084153e-05 -9.7054681254917261e-05 0.00014122857673635772 -0.00020031949616746859 3.2164704161681837e-05 -0.00033506301709208033 -4.6299756482550191e-05 0.00027219602473564847 -0.00016149707391189172 0.0010400326979450054 -0.00010207799592195262 -8.1709990356796625e-05 2.9909319150902142e-05 -0.00010623219156136009
leaf_weight=2873 501895 38129 50958 19395 169585 9843 199304 12229 12949 555 88589 12615 112465 65045
leaf_count=2873 501895 38129 50958 19395 169585 9843 199304 12229 12949 555 88589 12615 112465 65045
internal_value=1.24872e-07 -4.57626e-05 1.66216e-05 9.55716e-06 -1.97249e-05 -6.05133e-05 -1.01469e-05 0.000120584 3.16993e-05 -3.65812e-05 -9.45961e-05 0 -2.03887e-06 -0.000136722
internal_weight=1.29643e+06 342343 954086 903128 388284 314626 368889 27717 514844 239738 89144 15488 150594 74888
internal_count=1296429 342343 954086 903128 388284 314626 368889 27717 514844 239738 89144 15488 150594 74888
is_linear=0
shrinkage=0.01


Tree=268
num_leaves=15
num_cat=0
split_feature=28 23 17 22 18 23 26 5 21 22 3 3 26 21
split_gain=6.8213 7.84966 6.40035 5.34605 5.93928 5.91073 4.02628 4.86101 4.33981 3.91112 3.84197 3.65692 3.92313 3.59512
threshold=0.024404761904761933 0.20833333333333334 -0.38318181818181812 -0.4560386473429951 0.011237373737373714 0.025657894736842105 0.05634920634920635 0.30217391304347835 -0.24734042553191488 -0.45180023228803712 0.18042553191489366 0.44222222222222224 0.55684754521963831 -0.37367021276595741
decision_type=8 10 2 2 2 10 2 8 2 2 10 8 2 2
left_child=1 3 9 -1 10 -6 13 8 -8 -2 -5 -11 -13 -4
right_child=2 -3 6 4 5 -7 7 -9 -10 11 -12 12 -14 -15
leaf_value=-0.00012706748369514613 -0.00061659221857678656 0.00079280614079625319 -0.00016787765651647761 9.0282153635764674e-05 -1.2697066571900901e-05 0.00010889496170532393 5.4820298088389578e-05 -0.00010612905433980979 -2.8630015652287309e-05 -8.1274108715058014e-05 5.2388138124516577e-06 -0.00010133750061282564 -0.00068033222226475843 7.2747685059969472e-05
leaf_weight=23684 1855 1317 6754 171710 345227 45205 74176 67472 384710 22773 78032 2593 2370 69240
leaf_count=23684 1855 1317 6754 171710 345227 45205 74176 67472 384710 22773 78032 2593 2370 69240
internal_value=-5.03106e-07 2.18251e-05 -2.4053e-05 2.02469e-05 2.57444e-05 1.30499e-06 -1.69434e-05 -2.68046e-05 -1.50752e-05 -0.000167744 6.38308e-05 -0.00013658 -0.000384112 5.09615e-05
internal_weight=1.29712e+06 665175 631943 663858 640174 390432 602352 526358 458886 29591 249742 27736 4963 75994
internal_count=1297118 665175 631943 663858 640174 390432 602352 526358 458886 29591 249742 27736 4963 75994
is_linear=0
shrinkage=0.01


Tree=269
num_leaves=15
num_cat=0
split_feature=22 10 22 17 24 22 19 14 14 5 3 24 3 14
split_gain=7.44507 7.12238 6.43295 6.30481 4.94535 9.77473 7.22879 5.95607 4.80376 4.64622 3.7175 3.9785 3.6087 4.19133
threshold=0.32025641025641027 0.019615384615384649 -0.4560386473429951 -0.45959183673469384 0.43875000000000003 -0.12233560090702948 0.022233201581027654 -0.15978723404255316 0.021980676328502428 0.30642923219241447 0.30642923219241447 -0.03062500000000001 0.47894503546099293 0.25777777777777783
decision_type=2 2 2 2 10 2 2 2 2 10 10 10 10 2
left_child=2 10 3 -1 6 -6 7 -4 -7 -8 -2 -12 13 -5
right_child=1 -3 4 12 5 8 9 -9 -10 -11 11 -13 -14 -15
leaf_value=-0.00076595441727849605 -0.00010977270338144303 1.2330737712424628e-05 -0.00011107910951392584 -0.0001128245699475522 0.00021416414709750191 8.6215125010075873e-05 4.098148884288534e-05 -1.0049428694223774e-05 -9.269469590780472e-05 -5.8327232102986799e-05 -0.00049377117218462111 -7.3994268925306323e-05 0.0002381215488040761 -0.0010262395895314022
leaf_weight=1486 66668 54150 66680 31765 33916 31835 441127 475733 28376 52510 5658 4069 2874 517
leaf_count=1486 66668 54150 66680 31765 33916 31835 441127 475733 28376 52510 5658 4069 2874 517
internal_value=-3.26423e-06 -7.48955e-05 4.72441e-06 -0.000125618 8.97718e-06 7.8387e-05 2.64201e-06 -2.25251e-05 1.40058e-06 3.03566e-05 -0.000137114 -0.00032133 -9.76359e-05 -0.000128476
internal_weight=1.29736e+06 130545 1.16682e+06 36642 1.13018e+06 94127 1.03605e+06 542413 60211 493637 76395 9727 35156 32282
internal_count=1297364 130545 1166819 36642 1130177 94127 1036050 542413 60211 493637 76395 9727 35156 32282
is_linear=0
shrinkage=0.01


Tree=270
num_leaves=15
num_cat=0
split_feature=24 17 28 27 7 14 19 3 28 14 25 25 21 6
split_gain=7.1841 6.88886 5.81525 5.32926 6.82318 4.36977 4.79203 4.35944 4.02468 5.67172 4.09966 3.98843 4.05669 3.55953
threshold=-0.057189542483660143 -0.40454545454545449 0.17006802721088435 -0.14946808510638296 -0.26043478260869563 0.37888888888888894 -0.43938775510204076 0.47979591836734697 0.27888888888888896 0.028594771241830078 1.0000000180025095e-35 0.70000000000000018 0.011766334440753036 0.27664399092970526
decision_type=10 2 10 2 2 2 2 8 10 2 2 2 2 10
left_child=3 7 5 4 13 6 -3 -2 9 -4 -10 12 -6 -1
right_child=1 2 8 -5 11 -7 -8 -9 10 -11 -12 -13 -14 -15
leaf_value=-0.0002290700813741086 -9.0273066279039434e-05 0.00024985036023999276 -0.00013025682127195805 -5.2605520712250677e-05 -1.6332610503085476e-07 -7.0975938276398435e-05 4.9868952227770882e-05 -0.00049727688798451161 0.00031302533326171605 7.8458063998299891e-05 4.8647332147769196e-06 -7.5235483259491596e-06 0.0001509619642077099 -3.0023424220855161e-05
leaf_weight=14206 24036 12421 50700 327985 27371 28861 418795 3015 4407 17325 221806 71664 48593 25607
leaf_count=14206 24036 12421 50700 327985 27371 28861 418795 3015 4407 17325 221806 71664 48593 25607
internal_value=6.77822e-07 1.98168e-05 2.54735e-05 -2.82779e-05 1.41308e-05 4.76885e-05 5.57006e-05 -0.000136795 -9.16054e-06 -7.6658e-05 1.10049e-05 4.56035e-05 9.61164e-05 -0.000101812
internal_weight=1.29679e+06 781366 754315 515426 187441 460077 431216 27051 294238 68025 226213 147628 75964 39813
internal_count=1296792 781366 754315 515426 187441 460077 431216 27051 294238 68025 226213 147628 75964 39813
is_linear=0
shrinkage=0.01


Tree=271
num_leaves=15
num_cat=0
split_feature=1 2 24 23 28 27 26 24 24 28 24 25 26 24
split_gain=7.70657 6.50209 6.43716 7.75259 7.23457 7.14578 6.05226 5.59563 3.86126 3.79405 3.11827 2.93704 5.13773 2.55291
threshold=0.30558300395256921 -0.40212765957446805 0.26163419913419916 0.077380952380952397 0.33156028368794332 -0.14946808510638296 0.29893617021276603 0.48500000000000004 0.27718676122931446 -0.39528508771929821 -0.066005802707930342 0.27500000000000008 0.021980676328502421 -0.42163742690058476
decision_type=10 8 10 10 10 2 2 8 10 10 10 2 2 8
left_child=1 11 3 5 -5 -3 8 -8 -4 -2 13 12 -1 -11
right_child=9 2 6 4 -6 -7 7 -9 -10 10 -12 -13 -14 -15
leaf_value=0.00048896354475733291 8.6564410682352715e-05 3.5270911214832843e-05 0.00013793516743036856 0.00039880554024328274 -7.2504541083795318e-05 -2.8671792843240964e-05 9.9568069193558875e-05 -0.00016903380937387434 -2.787409384059368e-05 3.5259768645895294e-05 -4.7761394272618086e-05 -0.00012336579262384417 -6.0895904770472457e-05 -0.00017419946013090434
leaf_weight=2221 14190 268360 16343 9085 4924 500361 177375 8028 99282 6434 88262 51132 6955 44208
leaf_count=2221 14190 268360 16343 9085 4924 500361 177375 8028 99282 6434 88262 51132 6955 44208
internal_value=-1.48718e-06 7.40559e-06 1.30537e-05 -2.02344e-06 0.000231024 -6.31036e-06 5.23563e-05 8.77732e-05 -4.17538e-06 -6.81373e-05 -8.41586e-05 -9.3591e-05 6.90425e-05 -0.000146995
internal_weight=1.29716e+06 1.14407e+06 1.08376e+06 782730 14009 768721 301028 185403 115625 153094 138904 60308 9176 50642
internal_count=1297160 1144066 1083758 782730 14009 768721 301028 185403 115625 153094 138904 60308 9176 50642
is_linear=0
shrinkage=0.01


Tree=272
num_leaves=15
num_cat=0
split_feature=24 22 3 22 22 14 17 28 21 19 3 24 4 15
split_gain=8.78597 6.32215 6.44201 5.70867 6.35376 4.93954 6.23929 4.21959 8.17042 5.10162 3.92182 3.46286 4.08369 3.26921
threshold=-0.21937499999999996 0.49479166666666674 -0.44222222222222213 0.13438086303939964 -0.4560386473429951 0.36181818181818187 -0.47979591836734686 0.21583850931677021 0.48431818181818187 -0.43938775510204076 0.43405797101449284 -0.38047619047619041 0.20972222222222228 -0.44159090909090903
decision_type=10 2 8 2 2 2 2 10 2 2 8 8 2 2
left_child=3 2 -2 4 11 6 -4 8 -6 -9 -5 -1 -13 -7
right_child=1 -3 5 10 7 13 -8 9 -10 -11 -12 12 -14 -15
leaf_value=0.00016837265612484168 -0.00016028642240855097 -0.00023562531759500406 -0.00036342463033078902 -9.2110500044988649e-05 1.1647280874809643e-05 -0.00065878098521646655 2.7430352231817444e-05 -0.00086724678954458944 0.00055557528672972524 -7.1737994988013592e-05 -0.00034399054774586393 -0.00015055184180074545 -0.00052815680636976328 -6.0231470581292297e-05
leaf_weight=2044 20257 10075 4090 94321 155629 937 883507 826 2813 46090 6731 10154 4206 55556
leaf_count=2044 20257 10075 4090 94321 155629 937 883507 826 2813 46090 6731 10154 4206 55556
internal_value=-1.60398e-06 1.33513e-05 1.59843e-05 -4.68394e-05 -1.82891e-05 1.97987e-05 2.55943e-05 -3.01117e-06 2.15039e-05 -8.64376e-05 -0.000109195 -0.000207686 -0.000263327 -7.07246e-05
internal_weight=1.29724e+06 974422 964347 322814 221762 944090 887597 205358 158442 46916 101052 16404 14360 56493
internal_count=1297236 974422 964347 322814 221762 944090 887597 205358 158442 46916 101052 16404 14360 56493
is_linear=0
shrinkage=0.01


Tree=273
num_leaves=15
num_cat=0
split_feature=11 24 28 25 24 28 27 24 28 10 17 19 28 18
split_gain=7.73416 7.6716 6.00312 6.60775 7.78484 5.5983 5.17322 5.28969 6.16004 5.24043 4.49146 4.91618 4.34963 4.12059
threshold=-0.45789007092198575 -0.057189542483660143 -0.30217391304347824 0.27500000000000008 0.46906887755102045 0.41751700680272114 0.36023255813953492 -0.42752100840336132 -0.45789007092198575 0.018187830687830701 -0.31909090909090904 0.050510204081632655 0.21583850931677021 0.011766334440753036
decision_type=2 10 10 2 10 8 2 10 10 2 2 2 8 2
left_child=5 6 3 4 -3 -1 9 -8 -9 12 -4 -12 -2 -5
right_child=1 2 10 13 -6 -7 7 8 -10 -11 11 -13 -14 -15
leaf_value=-0.0001007060271281251 -1.7431904154900634e-05 -1.4167850576552164e-05 -8.0343905210524742e-05 0.00018360418423563659 -0.00066929341120783141 -0.00049763617662339319 0.00013686904971290463 0.00028311046579849748 -0.00014357841724001169 3.4503225334071909e-05 0 6.1196645125021208e-05 -0.00012085896387406078 6.2175076354470117e-05
leaf_weight=21192 208437 14736 47432 49389 2083 4360 8620 3504 71498 162905 386636 198487 50841 66884
leaf_count=21192 208437 14736 47432 49389 2083 4360 8620 3504 71498 162905 386636 198487 50841 66884
internal_value=2.54552e-06 6.03027e-06 2.60141e-05 8.70981e-05 -9.71921e-05 -0.00016966 -2.41604e-05 -9.60587e-05 -0.000123234 -9.84781e-06 1.31141e-05 2.07417e-05 -3.78295e-05 0.000114016
internal_weight=1.297e+06 1.27145e+06 765647 133092 16819 25552 505805 83622 75002 422183 632555 585123 259278 116273
internal_count=1297004 1271452 765647 133092 16819 25552 505805 83622 75002 422183 632555 585123 259278 116273
is_linear=0
shrinkage=0.01


Tree=274
num_leaves=15
num_cat=0
split_feature=0 22 10 28 25 28 11 19 17 5 21 15 11 17
split_gain=6.80943 6.18882 6.16803 5.41559 4.58614 4.69572 4.28312 3.42059 3.2849 2.64364 2.81291 2.59929 2.46051 2.47675
threshold=0.37766439909297056 0.32025641025641027 0.023268398268398275 0.011369509043927641 1.0000000180025095e-35 0.47849213691026832 -0.39897959183673465 0.20972222222222228 -0.37877551020408157 0.43405797101449284 0.37877551020408168 0.45831524099001308 -0.41578014184397155 0.13733075435203099
decision_type=10 2 2 10 2 10 2 2 2 10 2 2 2 2
left_child=1 3 12 6 5 -5 -1 -8 -6 -2 -11 -4 -3 -14
right_child=9 2 11 4 8 -7 7 -9 -10 10 -12 -13 13 -15
leaf_value=-0.00010361199158146267 -4.4373738204480044e-05 -0.00035936242626398538 3.1104902320885814e-05 0.0001292110034696641 -0.00012179369609940004 0.00088572183861914083 3.2291278188752422e-05 0.00011117109857556639 -6.9724406104145744e-06 -0.00020963106808225235 8.1939232431300646e-06 0.00055234048213657243 -0.00011618996270168819 6.3851731018622787e-05
leaf_weight=20930 69904 3843 35395 9419 26289 921 456829 63017 498221 23695 7558 991 71154 8333
leaf_count=20930 69904 3843 35395 9419 26289 921 456829 63017 498221 23695 7558 991 71154 8333
internal_value=-3.6007e-07 6.28361e-06 -6.1874e-05 1.38975e-05 -8.61957e-06 0.000199732 3.62233e-05 4.19116e-05 -1.27853e-05 -7.91609e-05 -0.000155998 4.61699e-05 -0.000109411 -9.69362e-05
internal_weight=1.2965e+06 1.19534e+06 119716 1.07563e+06 534850 10340 540776 519846 524510 101157 31253 36386 83330 79487
internal_count=1296499 1195342 119716 1075626 534850 10340 540776 519846 524510 101157 31253 36386 83330 79487
is_linear=0
shrinkage=0.01


Tree=275
num_leaves=15
num_cat=0
split_feature=27 28 15 25 24 4 26 15 1 24 26 17 10 28
split_gain=7.23947 6.89684 6.21032 7.96435 6.89205 6.13527 6.0933 5.97204 5.94446 4.79865 5.03304 4.40022 4.30755 4.27954
threshold=0.039230769230769243 0.47259759759759767 -0.18133462282398449 0.82500000000000018 0.28759398496240607 -0.3010416666666666 0.096006144393241177 -0.43938775510204076 0.39009661835748793 -0.037042682926829239 0.26253132832080206 -0.38318181818181812 -0.33166666666666661 -0.45959183673469384
decision_type=2 8 2 2 10 2 2 2 8 8 2 2 2 10
left_child=1 2 3 -1 -5 -3 -7 13 9 -9 -11 12 -4 -2
right_child=7 5 11 4 -6 6 -8 8 -10 10 -12 -13 -14 -15
leaf_value=7.4428662597418984e-06 0.00053167528444636621 0.00032657075290914094 -0.00046696830717717948 -0.00037878871015534265 4.4063338010547325e-06 0.00012193855347633011 -0.00023761876932015466 -5.1468732431379858e-05 -0.00012275767480905166 -4.4686133357613613e-05 3.9875647858574364e-05 4.6008296094002423e-05 -4.2137592889951699e-05 8.9762825213633157e-05
leaf_weight=49740 2682 2751 2913 12015 7450 5798 23113 246835 61358 112645 187125 554336 14399 13589
leaf_count=49740 2682 2751 2913 12015 7450 5798 23113 246835 61358 112645 187125 554336 14399 13589
internal_value=2.61469e-07 2.30483e-05 3.0204e-05 -5.90858e-05 -0.000230606 -0.000120829 -0.000164468 -2.42397e-05 -2.9342e-05 -1.88003e-05 7.99954e-06 4.10664e-05 -0.000115423 0.000164533
internal_weight=1.29675e+06 672515 640853 69205 19465 31662 28911 624234 607963 546605 299770 571648 17312 16271
internal_count=1296749 672515 640853 69205 19465 31662 28911 624234 607963 546605 299770 571648 17312 16271
is_linear=0
shrinkage=0.01


Tree=276
num_leaves=15
num_cat=0
split_feature=23 1 24 4 3 22 24 3 21 22 28 3 28 24
split_gain=7.95098 7.0607 7.17833 5.0471 5.3898 3.92456 4.77092 3.87982 3.68237 4.7102 4.19859 3.63075 2.96782 5.34363
threshold=0.066964285714285712 0.41207729468599036 0.26163419913419916 0.35791925465838514 -0.19895833333333332 0.12097560975609757 -0.11583184257602859 -0.43683510638297868 0.14222222222222228 -0.43969696969696964 0.41010101010101013 0.13154392191659278 0.31909090909090915 0.48500000000000004
decision_type=8 10 10 2 10 2 10 8 2 2 10 10 8 10
left_child=1 2 5 7 -5 11 -7 -4 9 -3 -11 -1 13 -2
right_child=12 8 3 4 -6 6 -8 -9 -10 10 -12 -13 -14 -15
leaf_value=1.3397150580808067e-05 0.00040399250928657964 -0.00063019411501304937 -0.00012405262146405804 -0.00051410084380747591 -3.7769923821321623e-05 -8.8337814566759101e-05 -6.0244303027281844e-06 6.0912576819473475e-05 -2.436117798418745e-05 -8.9068616760521203e-05 -0.00038175343194761036 -5.6848121108723244e-05 1.5513118063819404e-05 -6.6862433255431109e-05
leaf_weight=483272 9801 2082 11680 2604 29584 127263 159531 300748 37860 31262 5945 86747 6040 3058
leaf_count=483272 9801 2082 11680 2604 29584 127263 159531 300748 37860 31262 5945 86747 6040 3058
internal_value=5.39233e-08 -2.93283e-06 2.99799e-06 4.15603e-05 -7.72812e-05 -1.24771e-05 -4.26556e-05 5.39006e-05 -9.56779e-05 -0.00016363 -0.000136668 2.65417e-06 0.000203673 0.000289697
internal_weight=1.29748e+06 1.27858e+06 1.20143e+06 344616 32188 856813 286794 312428 77149 39289 37207 570019 18899 12859
internal_count=1297477 1278578 1201429 344616 32188 856813 286794 312428 77149 39289 37207 570019 18899 12859
is_linear=0
shrinkage=0.01


Tree=277
num_leaves=15
num_cat=0
split_feature=27 23 28 17 3 26 28 24 24 26 27 2 22 22
split_gain=6.66168 7.73271 5.75316 5.86371 5.4782 5.26287 5.09794 5.38436 5.04339 6.63285 3.77525 3.75551 3.67666 3.23104
threshold=-0.019259259259259278 0.1125 0.47259759759759767 -0.38318181818181812 -0.46404255319148929 0.06030303030303031 -0.23956521739130432 -0.057189542483660143 -0.21937499999999996 0.16064516129032261 -0.41578014184397155 0.12111111111111113 0.035299003322259111 0.48456521739130437
decision_type=2 8 8 2 10 2 8 8 10 2 2 8 2 2
left_child=2 4 3 -1 -2 -4 7 -6 9 -5 -7 -12 -8 -10
right_child=1 -3 5 8 6 10 12 -9 13 -11 11 -13 -14 -15
leaf_value=-0.00013002575394904713 -0.0003579177011599133 0.00024610871448243788 0.00019654783453773938 9.1032659713146299e-05 -4.9532519069110562e-05 -0.00042599999030888279 -1.3491438306254566e-05 6.5914686420463458e-05 5.6116175823744076e-05 -5.7452444550402659e-05 -4.643227867751793e-05 -0.00043120148937193027 -6.7791931597256398e-05 -0.00021061896495651385
leaf_weight=22309 5000 10445 4420 42008 65078 4901 245221 105837 405968 105456 15915 3078 257206 4544
leaf_count=22309 5000 10445 4420 42008 65078 4901 245221 105837 405968 105456 15915 3078 257206 4544
internal_value=-2.25904e-06 -2.358e-05 2.18218e-05 2.86551e-05 -2.77779e-05 -0.000117153 -2.52803e-05 2.17811e-05 3.50539e-05 -1.49491e-05 -0.000176455 -0.000110425 -4.13493e-05 5.30891e-05
internal_weight=1.29739e+06 688787 608599 580285 678342 28314 673342 170915 557976 147464 23894 18993 502427 410512
internal_count=1297386 688787 608599 580285 678342 28314 673342 170915 557976 147464 23894 18993 502427 410512
is_linear=0
shrinkage=0.01


Tree=278
num_leaves=15
num_cat=0
split_feature=27 4 3 11 2 20 1 28 4 20 28 28 11 18
split_gain=7.07482 6.63387 4.99209 4.56563 4.48037 3.94124 3.88208 3.77824 6.1015 3.6005 3.35877 3.2759 2.44115 2.41005
threshold=0.11410984848484852 0.39678030303030309 -0.46404255319148929 -0.35321969696969691 0.061250000000000034 -0.47979591836734686 0.30104166666666676 0.47259759759759767 -0.3010416666666666 0.016397849462365614 -0.23956521739130432 0.4793792517006803 0.052105948762483707 -0.32111111111111107
decision_type=2 2 10 2 10 2 10 8 2 2 10 8 2 2
left_child=1 3 -2 -1 11 -4 10 9 -9 -5 -7 13 -6 -3
right_child=2 4 5 7 12 6 -8 8 -10 -11 -12 -13 -14 -15
leaf_value=-6.2939275288733014e-05 -0.0003965149398294064 -0.00054003753754636326 0.00028460961414833235 1.5275695190377387e-05 -0.00011883179289420067 3.4045818822898208e-05 -8.7119770213327027e-05 0.00042600096297845192 -0.00011953462621300839 6.2194678927938738e-05 -3.1151755664619637e-05 -0.00089144484164741791 0.00010132937925630102 -0.00015260732258176834
leaf_weight=53367 3657 2001 4052 342314 11448 104703 90942 2196 27188 317009 318570 794 8902 10869
leaf_count=53367 3657 2001 4052 342314 11448 104703 90942 2196 27188 317009 318570 794 8902 10869
internal_value=5.1093e-07 1.96791e-05 -2.79341e-05 2.59717e-05 -0.000116714 -2.52732e-05 -2.7775e-05 3.29051e-05 -7.77041e-05 3.78805e-05 -1.49531e-05 -0.000256959 -2.10487e-05 -0.000215286
internal_weight=1.29801e+06 776088 521924 742074 34014 518267 514215 688707 29384 659323 423273 13664 20350 12870
internal_count=1298012 776088 521924 742074 34014 518267 514215 688707 29384 659323 423273 13664 20350 12870
is_linear=0
shrinkage=0.01


Tree=279
num_leaves=15
num_cat=0
split_feature=23 28 21 22 17 3 18 22 19 28 28 28 4 4
split_gain=6.96004 6.74511 7.76475 6.75168 5.65633 6.71445 4.56276 3.28961 3.09213 3.55656 3.02826 5.30003 3.75432 2.46282
threshold=0.054093567251462034 0.10208333333333332 -0.43938775510204076 -0.45959183673469384 -0.37877551020408157 0.47979591836734697 0.011237373737373714 -1.0000000180025095e-35 0.15978723404255321 -0.1633333333333333 0.47849213691026832 0.30217391304347835 0.050510204081632655 0.1329931972789116
decision_type=8 10 2 2 2 8 2 2 2 8 10 10 2 2
left_child=1 2 7 13 5 -3 -5 -1 -2 -10 11 -6 -12 -4
right_child=8 4 3 6 10 -7 -8 -9 9 -11 12 -13 -14 -15
leaf_value=0.00011256704503014106 8.8496984279238451e-05 -0.00010879133593795676 -9.4124481525699951e-05 4.5679407125368053e-05 -4.9515593511994206e-05 -0.00056683765608406148 -6.4480342658276622e-06 0.00039180126964178785 -0.00031629896940445749 0.0004749092754313762 -4.3323627482012332e-05 2.0140548549436767e-05 -0.00025287321328406047 -0.00033785867322402548
leaf_weight=12354 47139 24383 13991 279217 233587 3746 419253 6792 613 3991 29198 204445 12380 6244
leaf_count=12354 47139 24383 13991 279217 233587 3746 419253 6792 613 3991 29198 204445 12380 6244
internal_value=-1.0216e-07 -4.84621e-06 1.44293e-05 9.09054e-06 -3.29166e-05 -0.000170911 1.43473e-05 0.000213237 0.000113514 0.000362915 -2.47597e-05 -1.69362e-05 -0.000106453 -0.000170856
internal_weight=1.29733e+06 1.24559e+06 737851 718705 507739 28129 698470 19146 51743 4604 479610 438032 41578 20235
internal_count=1297333 1245590 737851 718705 507739 28129 698470 19146 51743 4604 479610 438032 41578 20235
is_linear=0
shrinkage=0.01


Tree=280
num_leaves=15
num_cat=0
split_feature=22 3 1 23 27 19 26 21 28 28 21 22 28 18
split_gain=7.18531 6.64918 7.02067 5.43581 6.01141 4.74101 4.61452 4.42005 6.40129 3.97345 3.65143 3.23611 3.2207 3.09136
threshold=0.32025641025641027 -0.43683510638297868 0.30558300395256921 0.1125 -0.13944444444444443 -0.47979591836734686 0.87627551020408168 0.41918367346938784 0.43813775510204089 -0.33935483870967736 0.29795918367346946 -0.39897959183673465 0.41010101010101013 0.43938775510204087
decision_type=2 8 10 8 2 2 2 2 8 8 2 2 8 2
left_child=1 6 3 4 -3 -2 10 9 -9 -7 -1 -4 -13 -12
right_child=5 2 11 -5 -6 7 -8 8 -10 -11 13 12 -14 -15
leaf_value=-0.00012941181903601079 0.00059454133047431672 5.5370953940758383e-05 -0.00019944079179447284 0.00022546409677040184 3.5343617794815043e-06 7.9378114712479097e-05 -0.00030836880802575416 -0.00038506526586465286 0.00073715450991612837 -8.1587817489525621e-05 0.0001604711492830773 -1.6753390882757596e-05 -0.0001802893600728115 -0.00054434530950864095
leaf_weight=20505 1061 347335 13538 13335 632478 17805 9562 7248 527 103873 8697 106648 13674 652
leaf_count=20505 1061 347335 13538 13335 632478 17805 9562 7248 527 103873 8697 106648 13674 652
internal_value=3.13633e-06 1.10319e-05 1.55206e-05 2.47043e-05 2.19407e-05 -6.71964e-05 -0.000116542 -7.28654e-05 -0.000304888 -5.77859e-05 -5.40719e-05 -5.2391e-05 -3.55918e-05 0.00010795
internal_weight=1.29694e+06 1.16642e+06 1.12701e+06 993148 979813 130514 39416 129453 7775 121678 29854 133860 120322 9349
internal_count=1296938 1166424 1127008 993148 979813 130514 39416 129453 7775 121678 29854 133860 120322 9349
is_linear=0
shrinkage=0.01


Tree=281
num_leaves=15
num_cat=0
split_feature=23 28 4 19 15 18 23 26 19 18 10 23 25 26
split_gain=6.95543 5.89517 6.28919 6.64379 5.09154 4.48311 6.2043 9.78499 4.26302 6.6857 3.51015 3.47074 3.34396 4.38047
threshold=0.1125 -0.31165540540540532 0.22111111111111112 -0.38148936170212761 0.010990338164251214 0.011766334440753036 0.028594771241830078 0.10990338164251208 -0.35857142857142849 -0.1633333333333333 0.23666512059369207 0.010527482269503509 0.77500000000000024 0.05634920634920635
decision_type=10 8 2 2 2 2 8 2 2 2 2 10 2 2
left_child=1 5 8 11 -5 12 -7 -8 9 -3 -10 -4 13 -1
right_child=-2 2 3 4 -6 6 7 -9 10 -11 -12 -13 -14 -15
leaf_value=-3.8192297770988296e-05 0.00023066724369303471 0.00012909976897696926 0.00014030875189324999 -0.00014077860425380749 -2.2485821846384386e-05 -1.833227155372635e-05 -0.00040077188098151388 0.00041399129490859478 -4.415385388106733e-06 -0.00019581156011272654 5.7799271047632425e-05 -0.00014140551624975499 2.6877812156260792e-05 0.00018295488842471402
leaf_weight=10741 12942 8396 20641 88695 62837 110247 1801 7423 746360 24721 103163 5448 45311 48133
leaf_count=10741 12942 8396 20641 88695 62837 110247 1801 7423 746360 24721 103163 5448 45311 48133
internal_value=5.34138e-09 -2.29692e-06 -1.21607e-05 -6.64553e-05 -9.19246e-05 4.43286e-05 2.26136e-06 0.000251578 -1.20037e-06 -0.000112528 3.1046e-06 8.03209e-05 9.22786e-05 0.000142099
internal_weight=1.29686e+06 1.28392e+06 1.06026e+06 177621 151532 223656 119471 9224 882640 33117 849523 26089 104185 58874
internal_count=1296859 1283917 1060261 177621 151532 223656 119471 9224 882640 33117 849523 26089 104185 58874
is_linear=0
shrinkage=0.01


Tree=282
num_leaves=15
num_cat=0
split_feature=27 4 3 11 22 24 14 19 17 17 22 27 27 3
split_gain=7.96266 5.54785 4.65762 4.43322 4.92631 4.30415 4.89533 6.76721 4.51887 4.90114 3.96032 3.80593 3.77384 2.74436
threshold=0.27113095238095247 0.41751700680272114 -0.47894503546099287 -0.33156028368794321 -0.4759001161440185 -0.039736842105263147 0.011766334440753036 -0.47894503546099287 0.028594771241830078 0.31866537717601556 -0.1797435897435897 0.3816526610644258 -0.2722332015810276 0.020416666666666698
decision_type=2 2 10 2 2 8 2 2 2 2 2 2 2 10
left_child=1 3 -2 -1 -5 6 11 -8 10 -10 -7 -4 -6 -3
right_child=2 13 5 4 12 8 7 -9 9 -11 -12 -13 -14 -15
leaf_value=-5.4570389709483679e-05 -0.00055883458462861724 -0.00034154002411470761 -5.5621370629428483e-05 -0.00018557461715026208 6.2210251843660132e-05 5.5396932981646851e-05 0.00065891810768901513 -3.6463134750765308e-05 0.00014229311992240023 -8.6803060731532381e-05 -7.345221830201553e-05 -0.00020222007909207596 1.5071349306404826e-05 -7.4333168210070826e-05
leaf_weight=75292 1748 4538 32552 10897 235061 32786 1419 77930 33696 12743 85736 40737 621970 29590
leaf_count=75292 1748 4538 32552 10897 235061 32786 1419 77930 33696 12743 85736 40737 621970 29590
internal_value=1.61998e-07 1.43501e-05 -4.31658e-05 1.89093e-05 2.53184e-05 -4.02279e-05 -7.85104e-05 -2.36251e-05 -4.62262e-06 7.87809e-05 -3.75559e-05 -0.000137521 2.80355e-05 -0.00011077
internal_weight=1.2967e+06 977348 319347 943220 867928 317599 152638 79349 164961 46439 118522 73289 857031 34128
internal_count=1296695 977348 319347 943220 867928 317599 152638 79349 164961 46439 118522 73289 857031 34128
is_linear=0
shrinkage=0.01


Tree=283
num_leaves=15
num_cat=0
split_feature=24 22 11 23 23 27 28 24 24 17 28 25 24 28
split_gain=7.59059 7.2602 7.5008 6.28965 5.50073 6.09711 6.20252 5.62931 5.25792 5.22206 5.16775 5.18441 7.52677 5.53869
threshold=-0.057189542483660143 0.080697674418604662 -0.020416666666666663 0.028594771241830078 0.012347560975609741 0.38047619047619052 -0.45789007092198575 -0.17321428571428568 -0.44689849624060146 -0.40454545454545449 0.31725417439703163 0.4250000000000001 0.38403361344537817 0.16333333333333336
decision_type=10 2 2 10 10 2 10 10 8 2 10 2 10 10
left_child=1 2 -1 9 5 -3 -7 8 -6 -2 11 13 -13 -5
right_child=3 4 -4 10 7 6 -8 -9 -10 -11 -12 12 -14 -15
leaf_value=-9.7197025330359539e-05 -0.00012300952133649919 -3.8588306317566077e-05 2.3904023819345713e-05 -5.8622786988141357e-05 0.00024764564338283893 0.00036483392670537537 -0.00026084044252907364 3.5779427960867581e-05 -0.00046039026889122426 1.8430926914408649e-05 -5.5869136361358508e-05 0.00035402947986000818 -6.1306230580693549e-05 0.00047515669534972053
leaf_weight=63636 27064 153012 260524 11934 1117 1671 21272 4359 9652 703200 11670 20428 5398 2311
leaf_count=63636 27064 153012 260524 11934 1117 1671 21272 4359 9652 703200 11670 20428 5398 2311
internal_value=1.08542e-06 -2.86907e-05 3.73951e-08 2.07425e-05 -7.75822e-05 -6.1624e-05 -0.000213922 -0.000261162 -0.000384117 1.31475e-05 0.000127351 0.000181459 0.00026606 2.59498e-05
internal_weight=1.29725e+06 515243 324160 782005 191083 175955 22943 15128 10769 730264 51741 40071 25826 14245
internal_count=1297248 515243 324160 782005 191083 175955 22943 15128 10769 730264 51741 40071 25826 14245
is_linear=0
shrinkage=0.01


Tree=284
num_leaves=15
num_cat=0
split_feature=24 26 24 27 26 23 24 17 15 18 24 22 3 22
split_gain=6.36522 7.92387 6.82723 5.66992 6.02468 6.00757 5.21883 5.18405 4.97506 5.03793 4.85955 4.50482 4.76267 4.13
threshold=-0.22821969696969696 0.16064516129032261 -0.31142241379310337 1.0000000180025095e-35 0.08248299319727892 0.077380952380952397 0.43875000000000003 -0.40454545454545449 0.019615384615384649 -0.35857142857142849 -0.42022727272727267 0.49479166666666674 -0.39472517730496448 0.080697674418604662
decision_type=10 2 8 2 2 8 10 2 2 2 8 2 8 2
left_child=1 10 8 7 -5 6 -6 -2 9 -3 -1 12 -9 -10
right_child=3 2 -4 4 5 -7 -8 11 13 -11 -12 -13 -14 -15
leaf_value=0.00023113223341889616 -0.00015015508822147148 -0.00036755053781043352 -0.00017362006335460485 -8.802793283474119e-05 -1.3792373356522278e-05 0.00031530169455498398 9.9536797542425511e-05 -7.1677121572238765e-05 9.6736968892292084e-05 -6.2503467904249018e-05 1.0313582555505164e-05 -0.00024927371707485164 5.2885259410663861e-05 -0.00010584820932453597
leaf_weight=11822 14583 5752 51755 87424 373360 6072 45585 32807 36642 108257 65666 5259 438343 13756
leaf_count=11822 14583 5752 51755 87424 373360 6072 45585 32807 36642 108257 65666 5259 438343 13756
internal_value=-1.15111e-06 -4.21216e-05 -7.32753e-05 1.08089e-05 -1.24159e-05 3.0671e-06 -1.3889e-06 3.51093e-05 -4.15018e-05 -7.81661e-05 4.43977e-05 4.08441e-05 4.41477e-05 4.08436e-05
internal_weight=1.29708e+06 293650 216162 1.00343e+06 512441 425017 418945 490992 164407 114009 77488 476409 471150 50398
internal_count=1297083 293650 216162 1003433 512441 425017 418945 490992 164407 114009 77488 476409 471150 50398
is_linear=0
shrinkage=0.01


Tree=285
num_leaves=15
num_cat=0
split_feature=27 23 2 22 15 14 28 11 26 27 18 22 17 15
split_gain=6.30968 7.73713 5.99348 4.65346 4.54361 5.26751 4.05941 3.7925 3.75326 3.70583 3.64761 3.22304 3.21223 3.14741
threshold=1.0000000180025095e-35 0.091666666666666688 -0.40212765957446805 0.06881313131313134 -0.43938775510204076 0.17369121561668147 0.45698427382053664 -0.25777777777777772 0.06030303030303031 0.36410984848484856 0.015877016129032254 0.39663461538461547 0.49000000000000005 0.45959183673469389
decision_type=2 8 8 2 2 2 8 2 2 2 2 2 2 2
left_child=2 3 -1 4 5 -2 7 -4 -8 -5 -11 -9 -6 -10
right_child=1 -3 6 9 12 -7 8 11 13 10 -12 -13 -14 -15
leaf_value=-8.2992982834517243e-05 0.00031020469578479839 0.00028983176021811946 -3.5843464926454481e-05 -3.4164914046436827e-05 -6.21427728963024e-06 -0.00030321248962129503 0.00017633439498546789 5.349815189757903e-05 -0.00015099542161243243 -0.00016658634014335685 -1.1605665159256933e-05 -5.8519041398254264e-05 -0.00041555731125328865 0.00021470937069464948
leaf_weight=49194 8387 7884 61100 192415 371969 1630 5009 470901 26508 49584 22511 26912 1927 2516
leaf_count=49194 8387 7884 61100 192415 371969 1630 5009 470901 26508 49584 22511 26912 1927 2516
internal_value=5.92989e-07 -2.11881e-05 2.29013e-05 -2.50173e-05 -2.69874e-06 0.000207332 3.17378e-05 3.82299e-05 -7.39922e-05 -5.72968e-05 -0.000118614 4.73819e-05 -8.40752e-06 -0.000118241
internal_weight=1.29845e+06 656307 642140 648423 383913 10017 592946 558913 34033 264510 72095 497813 373896 29024
internal_count=1298447 656307 642140 648423 383913 10017 592946 558913 34033 264510 72095 497813 373896 29024
is_linear=0
shrinkage=0.01


Tree=286
num_leaves=15
num_cat=0
split_feature=0 24 23 27 7 28 24 3 18 15 17 25 21 23
split_gain=7.11052 7.06876 7.81298 6.86661 6.40758 6.00457 4.4315 4.46779 4.11205 3.50457 2.92663 2.92229 5.5209 3.15799
threshold=0.28492136910268279 0.26163419913419916 0.077380952380952397 -0.1448028673835125 -0.25777777777777772 0.33156028368794332 0.27951388888888895 0.47979591836734697 0.011766334440753036 0.042572463768115916 -0.42590909090909085 0.50000000000000011 0.063858695652173905 0.024404761904761933
decision_type=10 10 10 2 2 10 10 10 2 2 2 2 2 10
left_child=1 2 3 4 -1 -4 11 8 -8 -5 -9 13 -13 -3
right_child=-2 6 5 9 -6 -7 7 10 -10 -11 -12 12 -14 -15
leaf_value=-6.3694883670785258e-05 -6.0501924001705535e-05 0.00012157924482218082 0.00038191857841147786 -4.5430849768527406e-05 5.1963008782809831e-05 -4.4269853939521972e-05 8.093459640683655e-05 -0.00093278940803975818 1.0051494513549433e-06 2.2017741388173061e-05 -0.00016797577005360051 0.00033901429403433567 -2.1669761769196471e-05 -0.00014050893729082584
leaf_weight=60225 169556 24590 9014 414652 231069 5033 118860 663 142065 93956 2694 13968 5877 5556
leaf_count=60225 169556 24590 9014 414652 231069 5033 118860 663 142065 93956 2694 13968 5877 5556
internal_value=-9.99338e-08 8.95119e-06 -6.56988e-06 -1.07118e-05 2.79474e-05 0.000227104 4.9245e-05 3.27626e-05 3.75312e-05 -3.29119e-05 -0.000328651 0.000135773 0.000230701 7.22714e-05
internal_weight=1.29778e+06 1.12822e+06 813949 799902 291294 14047 314273 264282 260925 508608 3357 49991 19845 30146
internal_count=1297778 1128222 813949 799902 291294 14047 314273 264282 260925 508608 3357 49991 19845 30146
is_linear=0
shrinkage=0.01


Tree=287
num_leaves=15
num_cat=0
split_feature=11 23 4 24 26 19 26 24 21 3 19 4 3 18
split_gain=7.55716 5.86738 5.41933 6.78467 6.78828 5.39286 4.84372 4.77751 4.68845 4.40044 3.21702 3.70221 4.13391 3.52719
threshold=-0.35321969696969691 0.091666666666666688 0.21807065217391305 0.26163419913419916 0.10102040816326532 -0.47979591836734686 0.4555335968379447 -0.46906887755102039 0.2525510204081633 -0.35321969696969691 -0.38148936170212761 0.092793367346938785 0.47979591836734697 -0.15978723404255316
decision_type=2 8 2 10 2 2 2 8 2 10 2 2 10 2
left_child=6 2 3 8 -5 -4 7 -1 -2 -7 11 13 -13 -8
right_child=1 -3 5 4 -6 9 10 -9 -10 -11 -12 12 -14 -15
leaf_value=0.00039527910200535632 4.3704266621932616e-06 0.00020337950596257834 0.00037045311295844986 -4.5801437173258664e-05 8.0948031567800238e-05 -0.00024687852014221838 0.00027939236498552357 -4.0328919796421731e-05 -8.9320181840241126e-05 -3.9603666014635241e-05 -0.00019239496564426046 0.00047510721489588175 -0.0003196069539765861 -0.00045312752434614924
leaf_weight=2662 667141 14829 3059 52334 213819 10929 927 44040 58032 182564 40531 2586 827 1985
leaf_count=2662 667141 14829 3059 52334 213819 10929 927 44040 58032 182564 40531 2586 827 1985
internal_value=-1.02796e-06 5.68302e-06 3.18929e-06 1.27237e-05 5.59122e-05 -4.47451e-05 -8.76169e-05 -1.48333e-05 -3.08614e-06 -5.14698e-05 -0.000159516 4.6428e-05 0.000273647 -0.0002096
internal_weight=1.29626e+06 1.20271e+06 1.18788e+06 991326 266153 196552 93558 46702 725173 193493 46856 6325 3413 2912
internal_count=1296265 1202707 1187878 991326 266153 196552 93558 46702 725173 193493 46856 6325 3413 2912
is_linear=0
shrinkage=0.01


Tree=288
num_leaves=15
num_cat=0
split_feature=0 23 27 26 23 24 26 28 15 28 5 21 22 19
split_gain=8.71445 5.35845 5.1802 6.78458 7.84772 5.72498 5.56215 5.531 5.21483 3.70979 3.64306 2.74179 2.36577 1.98496
threshold=0.28062500000000007 0.14583333333333334 -0.15261756876663707 0.12097560975609757 0.010753931544865871 0.26163419913419916 0.43826219512195125 0.49000000000000005 0.057777777777777824 -0.084349593495934946 0.43405797101449284 0.3585714285714286 -0.39323708206686925 -0.43683510638297868
decision_type=8 10 2 2 10 8 2 8 2 10 8 2 2 2
left_child=1 2 3 4 -1 8 -7 -5 -4 -3 12 -12 13 -2
right_child=10 9 5 7 -6 6 -8 -9 -10 -11 11 -13 -14 -15
leaf_value=1.2541351980352282e-05 0.00016337817410103686 -0.00034978856218653633 -4.0182159148893224e-05 2.2790353685287479e-05 0.00020853432744186471 -1.4883091254245711e-05 8.6199966921500122e-05 -0.00022460736630820134 4.5546106308780058e-05 0.00046160716839906249 -0.00021618497435782922 -8.671124309747265e-06 -3.1588398291372244e-05 -0.00022848271994154858
leaf_weight=38660 1381 610 434338 292567 44154 109615 107325 9306 84504 4025 24592 9005 125413 10466
leaf_count=38660 1381 610 434338 292567 44154 109615 107325 9306 84504 4025 24592 9005 125413 10466
internal_value=-1.22792e-06 8.85373e-06 7.42228e-06 3.71729e-05 0.000117405 -8.09147e-06 3.49871e-05 1.50622e-05 -2.61616e-05 0.000348196 -6.77908e-05 -0.000161464 -4.4641e-05 -0.000180242
internal_weight=1.29596e+06 1.1251e+06 1.12047e+06 384687 82814 735782 216940 301873 518842 4635 170857 33597 137260 11847
internal_count=1295961 1125104 1120469 384687 82814 735782 216940 301873 518842 4635 170857 33597 137260 11847
is_linear=0
shrinkage=0.01


Tree=289
num_leaves=15
num_cat=0
split_feature=24 23 3 26 21 27 25 28 24 24 24 28 16 27
split_gain=8.20069 7.01044 6.51637 7.27336 9.83918 8.18286 7.97345 5.39489 5.06508 4.98569 6.0458 4.94129 5.69546 5.22164
threshold=-0.057189542483660143 0.034523809523809519 0.36811594202898557 0.16064516129032261 0.2423404255319149 -0.14946808510638296 0.82500000000000018 0.10922587486744435 -0.45773809523809517 -0.42752100840336132 -0.46969387755102038 0.17006802721088435 0.021980676328502428 0.39897959183673476
decision_type=10 10 10 2 2 2 2 10 8 10 8 10 2 2
left_child=2 11 3 5 7 -1 -6 -5 -7 10 -4 12 -2 -13
right_child=1 -3 9 4 6 8 -8 -9 -10 -11 -12 13 -14 -15
leaf_value=0.00014272593456052964 5.903804158727096e-05 0.00013790144820524888 -8.2393105112163313e-05 2.3919894115565709e-06 -0.0001141166924795864 0.00035999774898511474 -0.00046537268011945617 -8.4434184022378104e-05 -4.0573770354914956e-05 -0.00019180748615208921 0.00067425351337105182 -4.1263348772640854e-06 -1.5923788586009179e-05 -0.00013036371684260859
leaf_weight=49980 285565 46594 3364 204766 24945 3291 8905 109482 71120 37126 1503 255321 156289 37689
leaf_count=49980 285565 46594 3364 204766 24945 3291 8905 109482 71120 37126 1503 255321 156289 37689
internal_value=-1.48729e-06 1.88995e-05 -3.25114e-05 -2.18269e-05 -4.5323e-05 4.36836e-05 -0.000207442 -2.77627e-05 -2.24406e-05 -0.000152005 0.000145382 1.13128e-05 3.24553e-05 -2.04674e-05
internal_weight=1.29594e+06 781458 514482 472489 348098 124391 33850 314248 74411 41993 4867 734864 441854 293010
internal_count=1295940 781458 514482 472489 348098 124391 33850 314248 74411 41993 4867 734864 441854 293010
is_linear=0
shrinkage=0.01


Tree=290
num_leaves=15
num_cat=0
split_feature=24 22 11 22 27 15 23 14 23 24 22 27 22 11
split_gain=5.67659 6.18418 7.04027 6.80541 5.85724 6.50701 5.22298 4.97112 4.90178 6.70646 4.53424 5.76919 4.32593 4.0193
threshold=-0.057189542483660143 0.080697674418604662 -0.1236111111111111 -0.45959183673469384 0.38047619047619052 -0.21869565217391301 0.051315789473684266 -0.097872340425531903 0.012347560975609741 -0.22821969696969696 0.012347560975609741 -0.15261756876663707 0.49479166666666674 -0.41578014184397155
decision_type=10 2 2 2 2 2 8 2 8 10 2 2 2 2
left_child=1 2 3 7 8 -6 12 -1 -3 -10 -4 -12 13 -2
right_child=6 4 10 -5 5 -7 -8 -9 9 -11 11 -13 -14 -15
leaf_value=-0.00074187064285674066 -9.5074079479758744e-05 -3.4151917200878004e-05 -1.115367676738194e-05 -7.4829085302239974e-05 0.00010261672043390742 -0.0002970385448296359 0.00013532130181428099 2.2539468272071745e-05 -0.00039446868993443102 7.993247030382676e-05 0.00017905808922267705 1.8429115248837355e-05 -0.00021944805449991241 1.7908039894027455e-05
leaf_weight=2755 32889 153313 173491 45924 4996 19854 35031 1122 8836 4352 34062 66533 8091 705397
leaf_count=2755 32889 153313 173491 45924 4996 19854 35031 1122 8836 4352 34062 66533 8091 705397
internal_value=-1.04642e-06 -2.68353e-05 -1.13249e-07 -0.000109577 -7.19084e-05 -0.00021548 1.59196e-05 -0.000513073 -5.02969e-05 -0.000235661 1.96678e-05 7.31209e-05 1.02748e-05 1.28339e-05
internal_weight=1.29665e+06 515238 323887 49801 191351 24850 781408 3877 166501 13188 274086 100595 746377 738286
internal_count=1296646 515238 323887 49801 191351 24850 781408 3877 166501 13188 274086 100595 746377 738286
is_linear=0
shrinkage=0.01


Tree=291
num_leaves=15
num_cat=0
split_feature=28 23 15 14 19 3 14 15 26 23 11 19 15 11
split_gain=5.76493 7.03707 5.73967 8.88689 6.52932 6.10719 5.29812 4.61237 3.95694 3.92647 3.80237 4.85142 3.77255 3.54866
threshold=0.17006802721088435 0.20833333333333334 0.010310374149659853 0.44222222222222224 0.43813775510204089 0.44222222222222224 -0.13914893617021273 0.45603864734299526 0.039230769230769243 0.010310374149659853 -0.33156028368794321 -0.47979591836734686 0.072948328267477228 0.47801932367149763
decision_type=10 10 2 2 2 10 2 2 2 8 2 2 2 2
left_child=1 7 3 4 6 -5 -2 10 9 -4 -1 -12 -11 -9
right_child=2 -3 8 5 -6 -7 -8 13 -10 12 11 -13 -14 -15
leaf_value=-6.4576946709961496e-05 -0.0002450968001645802 0.0007260811008176607 -0.00010126859331670979 0.00059621457488604932 -0.00086332863502546538 -0.00057645971653753382 -5.4319323138479753e-05 0.00015889489224337651 -2.1783314179436137e-05 9.932176210488905e-05 0.0003528319455896771 1.7120657316442696e-05 0.00044373305779695177 0.00096000289017664296
leaf_weight=58351 22741 1398 7953 2693 1222 504 42031 13720 341800 22361 4336 772860 3809 593
leaf_count=58351 22741 1398 7953 2693 1222 504 42031 13720 341800 22361 4336 772860 3809 593
internal_value=2.1797e-06 1.74499e-05 -2.69564e-05 -0.000110706 -0.000135996 0.000401603 -0.000121771 1.62464e-05 -1.14612e-05 9.10464e-05 1.31584e-05 1.90336e-05 0.000150642 0.000194375
internal_weight=1.29637e+06 851258 445114 69191 65994 3197 64772 849860 375923 34123 835547 777196 26170 14313
internal_count=1296372 851258 445114 69191 65994 3197 64772 849860 375923 34123 835547 777196 26170 14313
is_linear=0
shrinkage=0.01


Tree=292
num_leaves=15
num_cat=0
split_feature=24 26 23 27 26 28 28 27 28 15 23 17 3 3
split_gain=5.96081 7.91472 5.70162 5.54437 5.46174 6.37088 5.26079 5.25963 5.21037 6.26078 4.99594 4.42505 4.16881 4.02747
threshold=-0.21937499999999996 0.16496598639455784 0.04006410256410254 -0.010874704491725782 0.06186224489795919 0.17006802721088435 0.49000000000000005 -0.14946808510638296 0.21583850931677021 0.32111111111111112 0.016954022988505794 -0.39897959183673465 0.41207729468599036 0.45698427382053664
decision_type=10 2 10 2 2 8 10 2 10 2 10 2 8 8
left_child=1 7 3 6 -5 -6 11 10 9 -3 -1 -2 -8 -9
right_child=2 8 -4 4 5 -7 12 13 -10 -11 -12 -13 -14 -15
leaf_value=9.3271957721743621e-05 -0.00012695158497259772 -5.5895443607132919e-05 0.00011512717168143006 -9.9117151690814918e-05 2.6979957510505532e-05 -5.3814947353508822e-05 -0.0001206854734651145 1.8080009673346904e-06 -0.00015552233954452114 0.00019634908610566441 0.00045565170983501683 4.5723457035242126e-05 -0.00093017430643007671 -0.00039646850702817219
leaf_weight=30125 15317 174433 51734 67868 267931 153456 11972 49353 51745 10381 4436 405089 686 2666
leaf_count=30125 15317 174433 51734 67868 267931 153456 11972 49353 51745 10381 4436 405089 686 2666
internal_value=5.66886e-07 -3.66262e-05 1.29364e-05 7.17156e-06 -1.5854e-05 -2.37201e-06 3.3254e-05 4.49718e-05 -6.66179e-05 -4.15616e-05 0.000140688 3.936e-05 -0.000167135 -1.80489e-05
internal_weight=1.29719e+06 323139 974053 922319 489255 421387 433064 86580 236559 184814 34561 420406 12658 52019
internal_count=1297192 323139 974053 922319 489255 421387 433064 86580 236559 184814 34561 420406 12658 52019
is_linear=0
shrinkage=0.01


Tree=293
num_leaves=15
num_cat=0
split_feature=0 22 10 7 22 27 26 14 22 21 27 16 22 14
split_gain=7.18211 5.54861 6.28173 4.63721 4.84187 5.40591 3.52234 3.21063 3.08403 2.94319 3.36046 2.99625 2.7117 2.60786
threshold=0.37766439909297056 0.32025641025641027 0.023268398268398275 -0.43683510638297868 -0.4759001161440185 -0.15261756876663707 0.97894503546099298 -0.24234042553191487 -0.39323708206686925 0.37877551020408168 0.40121951219512203 0.010527482269503509 -0.23979166666666663 -0.24234042553191487
decision_type=10 2 2 2 2 2 2 2 2 2 2 2 2 2
left_child=1 3 -3 7 6 -6 -5 -1 -2 10 -10 -11 -9 -4
right_child=8 2 13 4 5 -7 -8 12 9 11 -12 -13 -14 -15
leaf_value=-0.00028359721269489925 -0.00025324563682101045 -0.00010707245921233337 -0.00021488467151407781 -0.00020016813809097645 5.2523105369449668e-05 3.3620100049175049e-06 0.00031164509616812483 0.00013789107183899933 -5.4697880956861965e-05 0.00019381393136060041 -0.00021877512417238171 -7.8696489969751085e-05 -9.9828655367198641e-05 7.7541698708733891e-05
leaf_weight=7494 9656 83273 3314 14974 331947 690319 1432 5999 59524 8135 16115 7813 22678 33034
leaf_count=7494 9656 83273 3314 14974 331947 690319 1432 5999 59524 8135 16115 7813 22678 33034
internal_value=-1.35158e-06 5.47934e-06 -5.90817e-05 1.26925e-05 1.65935e-05 1.93549e-05 -0.000153617 -9.84884e-05 -8.22368e-05 -6.38722e-05 -9.00587e-05 5.84393e-05 -4.90443e-05 5.00391e-05
internal_weight=1.29571e+06 1.19446e+06 119621 1.07484e+06 1.03867e+06 1.02227e+06 16406 36171 101243 91587 75639 15948 28677 36348
internal_count=1295707 1194464 119621 1074843 1038672 1022266 16406 36171 101243 91587 75639 15948 28677 36348
is_linear=0
shrinkage=0.01


Tree=294
num_leaves=15
num_cat=0
split_feature=4 24 3 24 26 15 26 19 25 3 11 19 22 21
split_gain=5.65767 6.85518 5.27307 4.79284 4.87321 4.6949 4.21044 8.47888 6.0116 4.04489 3.98019 3.93036 5.3978 3.79205
threshold=0.2525510204081633 0.26163419913419916 -0.19895833333333332 0.27951388888888895 0.16496598639455784 -0.37877551020408157 0.50510204081632659 -0.28945035460992902 0.82500000000000018 -0.41578014184397155 -0.31909090909090904 -0.38148936170212761 0.1460873983739838 0.36811594202898557
decision_type=2 10 10 10 2 2 2 2 2 8 2 2 2 2
left_child=1 6 5 13 -5 -2 -1 8 -8 -6 -9 12 -4 -3
right_child=2 3 11 4 9 -7 7 10 -10 -11 -12 -13 -14 -15
leaf_value=1.8282531508138471e-05 0.00017359607499599277 0.00016251715331120763 0.00016641237618858504 -3.949454825937079e-05 -0.00013499237033875696 -0.00025967335269975523 -4.8541983935484645e-05 -0.00014557336209036238 -0.00035171445999234352 7.1924260827273677e-05 -6.1850298489541893e-06 -5.0651285908558906e-05 -0.00011348237574830549 -0.00029196678863897677
leaf_weight=413916 2824 45998 20722 65183 9885 17710 13482 21859 13202 176150 337265 146434 10193 1864
leaf_count=413916 2824 45998 20722 65183 9885 17710 13482 21859 13202 176150 337265 146434 10193 1864
internal_value=2.52718e-06 1.14135e-05 -4.66644e-05 5.22638e-05 3.46324e-05 -0.000198609 -3.82634e-06 -2.76237e-05 -0.000199684 6.07665e-05 -1.47539e-05 -2.88995e-05 7.31558e-05 0.000144173
internal_weight=1.29669e+06 1.0988e+06 197883 299080 251218 20534 799724 385808 26684 186035 359124 177349 30915 47862
internal_count=1296687 1098804 197883 299080 251218 20534 799724 385808 26684 186035 359124 177349 30915 47862
is_linear=0
shrinkage=0.01


Tree=295
num_leaves=15
num_cat=0
split_feature=24 4 24 28 18 18 28 18 11 16 25 28 25 19
split_gain=6.19975 4.94599 7.11468 4.94982 4.81182 4.65428 4.41372 4.63026 4.87322 4.3672 4.25803 5.98654 3.91236 8.54824
threshold=-0.17928571428571424 0.39678030303030309 -0.37939393939393934 -0.42770034843205568 -0.45959183673469384 0.45831524099001308 0.064659977703455954 0.010990338164251214 -0.3118055555555555 -0.36181818181818176 1.0000000180025095e-35 0.47849213691026832 0.92500000000000016 -0.26020833333333326
decision_type=10 2 8 10 2 2 10 2 2 2 2 10 2 2
left_child=1 12 3 -3 -4 -5 7 8 -2 -8 11 -11 -1 -14
right_child=6 2 4 5 -6 -7 9 -9 -10 10 -12 -13 13 -15
leaf_value=-8.0608413539019897e-06 -5.5162226042634132e-05 0.0004390047021707508 0.00047600596742627011 -0.0001369089596557187 -0.00036219313582878129 0.00083853227441214677 -0.00014627871057644251 8.6232000478221443e-06 9.187883233224542e-05 0.00012687242221628506 -9.4708318178212244e-06 0.0010457160627653503 -0.00042140923163601921 -5.5371266915743315e-05
leaf_weight=244287 25998 2178 688 9728 13733 506 23077 337171 158789 7435 400854 800 7133 64136
leaf_count=244287 25998 2178 688 9728 13733 506 23077 337171 158789 7435 400854 800 7133 64136
internal_value=-1.88834e-06 -3.8412e-05 -0.000168958 4.19018e-06 -0.000320034 -8.5518e-05 1.11869e-05 3.07741e-05 7.10285e-05 -1.24006e-05 -4.77414e-06 0.000220125 -2.72146e-05 -9.24435e-05
internal_weight=1.29651e+06 342389 26833 12412 14421 10234 954124 521958 184787 432166 409089 8235 315556 71269
internal_count=1296513 342389 26833 12412 14421 10234 954124 521958 184787 432166 409089 8235 315556 71269
is_linear=0
shrinkage=0.01


Tree=296
num_leaves=15
num_cat=0
split_feature=24 26 24 20 15 1 7 21 2 17 26 11 24 18
split_gain=5.77623 5.8871 7.6988 6.35002 6.53485 5.82396 5.76005 5.11455 4.9529 4.43619 4.72444 4.70663 6.97615 4.48671
threshold=-0.057189542483660143 0.22792207792207794 -0.42022727272727267 -0.15978723404255316 -0.46628787878787875 0.10990338164251214 -0.18133462282398449 0.48876262626262634 0.45603864734299526 -0.31909090909090904 0.22792207792207794 0.0337121212121212 0.43614130434782616 0.21269841269841275
decision_type=10 2 8 2 2 10 2 2 10 2 2 2 10 2
left_child=1 2 -1 4 7 -4 -6 -3 -5 13 -11 12 -12 -2
right_child=9 3 5 8 6 -7 -8 -9 -10 10 11 -13 -14 -15
leaf_value=0.00023821574596992055 -4.838779367112815e-05 -0.0002721047839461239 3.416806753707036e-05 -2.5738180529454961e-05 -0.00032827383907514825 -0.00011229750011757395 -0.00010141585894094805 0.00048080563821760875 -0.00034551266348210104 -1.3156570146410976e-05 9.1165367527386383e-07 8.7300936455062103e-05 0.00012820434441554083 -0.00050572341113170195
leaf_weight=14996 56733 1283 119585 286253 17450 35115 32904 2758 4943 233544 284400 153763 50835 2247
leaf_count=14996 56733 1283 119585 286253 17450 35115 32904 2758 4943 233544 284400 153763 50835 2247
internal_value=-2.04583e-07 -2.62188e-05 2.18942e-05 -4.99305e-05 -0.000149253 7.2673e-07 -0.000180643 0.000234317 -3.12728e-05 1.69092e-05 2.37469e-05 4.14331e-05 2.03048e-05 -6.63447e-05
internal_weight=1.29681e+06 515287 169696 345591 54395 154700 50354 4041 291196 781522 722542 488998 335235 58980
internal_count=1296809 515287 169696 345591 54395 154700 50354 4041 291196 781522 722542 488998 335235 58980
is_linear=0
shrinkage=0.01


Tree=297
num_leaves=15
num_cat=0
split_feature=24 22 11 22 28 14 23 18 14 27 15 23 24 15
split_gain=5.69384 6.54766 5.46309 6.35153 5.14404 6.46381 6.06996 5.48225 4.693 4.58517 5.68714 4.7052 8.555 4.58693
threshold=-0.057189542483660143 0.080697674418604662 -0.25255102040816318 -0.47979591836734686 0.17006802721088435 0.37095282146160968 0.20833333333333334 0.011766334440753036 -0.33836734693877546 0.38944444444444448 -0.21869565217391301 0.012347560975609741 -0.20916666666666664 0.010990338164251214
decision_type=10 2 2 2 10 2 10 2 2 2 2 8 10 2
left_child=1 2 3 -1 5 6 7 -2 -6 11 -11 -3 -13 -12
right_child=4 9 -4 -5 8 -7 -8 -9 -10 10 13 12 -14 -15
leaf_value=-0.0009685742335987541 8.4310947658208969e-05 -3.7939588191767906e-05 1.5501829698539588e-05 -9.5613906689817797e-05 -0.00021907332308619256 -9.9191482275884599e-05 0.00071457499636836232 1.3340842103897457e-05 -7.3415052296316326e-06 9.1046621928929996e-05 -0.00048009793110795167 -0.00041121538766678798 0.00012440665448343487 -0.00015243999326924841
leaf_weight=862 199025 154442 290202 32908 10871 32097 1363 242863 295698 4998 7380 8991 4350 11095
leaf_count=862 199025 154442 290202 32908 10871 32097 1363 242863 295698 4998 7380 8991 4350 11095
internal_value=-6.48644e-08 -2.58979e-05 1.40178e-06 -0.000118869 1.69189e-05 3.75351e-05 4.75041e-05 4.53738e-05 -1.49495e-05 -7.22974e-05 -0.000203656 -5.37381e-05 -0.000234332 -0.000285006
internal_weight=1.29714e+06 515228 323972 33770 781917 475348 443251 441888 306569 191256 23473 167783 13341 18475
internal_count=1297145 515228 323972 33770 781917 475348 443251 441888 306569 191256 23473 167783 13341 18475
is_linear=0
shrinkage=0.01


Tree=298
num_leaves=15
num_cat=0
split_feature=27 23 28 26 11 19 25 24 23 28 15 28 24 26
split_gain=6.76883 7.47735 5.48484 5.19707 3.96477 4.11932 6.07357 5.63716 3.40538 7.28849 4.36297 9.43449 4.1651 3.35037
threshold=0.33166666666666672 0.14583333333333334 0.47849213691026832 0.04819976771196284 -0.39897959183673465 0.025657894736842105 0.82500000000000018 0.46470099667774095 0.012049941927990694 -0.17006802721088435 -0.37877551020408157 0.21583850931677021 -0.039736842105263147 0.1023024594453166
decision_type=2 8 8 2 2 2 2 10 10 10 2 10 8 2
left_child=2 8 4 -4 -1 7 -7 -6 10 13 11 -2 -12 -10
right_child=1 -3 3 -5 5 6 -8 -9 9 -11 12 -13 -14 -15
leaf_value=-7.4498984194014932e-05 0.00017739223168447373 0.00054348123873453882 0.00016749892193117019 -0.00015174809502594357 -2.9375249179113201e-06 2.6190358434926676e-05 0.00012806622426012144 0.00011180597622167163 -5.6611296882370159e-05 -4.8713385255227635e-05 -0.00014053471354833592 -0.00035065668425340039 -3.7582443850938324e-05 0.00029449499099830747
leaf_weight=45612 15881 2116 5920 33737 580505 267958 75329 46193 3430 45617 83188 4274 76362 11001
leaf_count=45612 15881 2116 5920 33737 580505 267958 75329 46193 3430 45617 83188 4274 76362 11001
internal_value=9.80165e-07 -4.67092e-05 1.19393e-05 -0.000103325 1.647e-05 2.07788e-05 4.86337e-05 5.47268e-06 -5.205e-05 1.2722e-05 -7.38602e-05 6.38922e-05 -9.14505e-05 0.00020897
internal_weight=1.29712e+06 241869 1.05525e+06 39657 1.0156e+06 969985 343287 626698 239753 60048 179705 20155 159550 14431
internal_count=1297123 241869 1055254 39657 1015597 969985 343287 626698 239753 60048 179705 20155 159550 14431
is_linear=0
shrinkage=0.01


Tree=299
num_leaves=15
num_cat=0
split_feature=4 20 22 27 23 3 1 18 23 22 2 22 27 0
split_gain=6.54617 5.79994 8.01553 5.77404 6.71938 5.11114 4.45532 4.16283 5.35389 4.08923 3.98639 3.74356 3.5681 3.37539
threshold=0.2525510204081633 -0.38148936170212761 0.1460873983739838 -0.1448028673835125 0.091666666666666688 -0.28062499999999996 1.0000000180025095e-35 -0.33836734693877546 0.010527482269503509 0.49479166666666674 -0.39897959183673465 -0.4759001161440185 0.41751700680272114 -0.47894503546099287
decision_type=2 2 2 2 8 10 10 2 10 2 10 2 2 10
left_child=3 2 -2 9 6 -3 13 -4 -9 10 -1 -12 -7 -5
right_child=1 5 7 4 -6 12 -8 8 -10 -11 11 -13 -14 -15
leaf_value=-5.5668788681149539e-05 0.00016950841985201081 -0.00028377794397402523 -0.00076327628698483305 -0.00029043140948716164 0.00022903838068456225 -4.0265975571969449e-05 -2.6549759153327697e-05 4.0111971764722187e-05 -0.00046231287914150085 -0.00026133018962006335 -0.00023121556627415683 5.8246122046087874e-05 -0.00016728364586548902 3.7467163611983295e-05
leaf_weight=36175 23485 11428 1016 3176 11750 123580 527883 8070 2835 4416 4485 337156 27285 173627
leaf_count=36175 23485 11428 1016 3176 11750 123580 527883 8070 2835 4416 4485 337156 27285 173627
internal_value=-7.70604e-07 -5.37651e-05 6.17192e-05 8.73828e-06 -7.97167e-06 -7.91448e-05 -1.19671e-05 -0.000148105 -8.78456e-05 4.01368e-05 4.37419e-05 5.43563e-05 -6.34397e-05 3.14025e-05
internal_weight=1.29637e+06 197699 35406 1.09867e+06 716436 162293 704686 11921 10905 382232 377816 341641 150865 176803
internal_count=1296367 197699 35406 1098668 716436 162293 704686 11921 10905 382232 377816 341641 150865 176803
is_linear=0
shrinkage=0.01


Tree=300
num_leaves=15
num_cat=0
split_feature=11 24 26 23 4 24 18 28 28 15 25 19 18 15
split_gain=5.02642 4.79196 7.27965 6.25541 5.99323 5.93343 5.82426 5.53338 4.98997 4.44284 8.36898 4.30999 6.95643 5.75757
threshold=-0.33156028368794321 0.26163419913419916 0.52041666666666686 0.077380952380952397 0.35486111111111113 0.48500000000000004 0.011766334440753036 0.49000000000000005 -0.23956521739130432 -0.43938775510204076 0.82500000000000018 -0.39472517730496448 -0.20106382978723403 -0.45959183673469384
decision_type=2 10 2 10 2 10 2 10 10 2 2 2 2 2
left_child=11 3 4 9 6 8 -3 -5 -4 10 -2 12 -1 -14
right_child=1 2 5 7 -6 -7 -8 -9 -10 -11 -12 -13 13 -15
leaf_value=0.00049325340741550024 0.00028326170704935731 7.5846204231994752e-05 0.00017656986581372124 0.00034154264870470011 -0.00016298070902970779 -0.00021244240999097874 -4.4803715163745977e-05 -7.9279197687566008e-05 5.6890193646456515e-05 -1.2820533873853309e-05 -0.00023574402109070622 -8.9562422444135453e-05 -0.00037047934209321644 0.00013149411305546349
leaf_weight=3381 12400 80750 55145 9471 21181 6258 79044 4508 97770 819200 4082 93036 3345 7129
leaf_count=3381 12400 80750 55145 9471 21181 6258 79044 4508 97770 819200 4082 93036 3345 7129
internal_value=7.71151e-07 6.69529e-06 3.84251e-05 -5.972e-06 -4.80376e-06 8.77626e-05 1.59778e-05 0.000203701 0.000100248 -9.51595e-06 0.000152883 -6.48884e-05 9.8616e-05 -2.6014e-05
internal_weight=1.2967e+06 1.18981e+06 340148 849661 180975 159173 159794 13979 152915 835682 16482 106891 13855 10474
internal_count=1296700 1189809 340148 849661 180975 159173 159794 13979 152915 835682 16482 106891 13855 10474
is_linear=0
shrinkage=0.01


Tree=301
num_leaves=15
num_cat=0
split_feature=0 22 8 28 26 15 19 27 24 25 15 27 24 5
split_gain=6.95184 5.26656 4.26889 3.97424 6.35464 5.50753 4.8199 4.21242 4.02097 3.94103 3.6965 3.87675 6.52269 2.94047
threshold=0.28492136910268279 0.32025641025641027 0.023268398268398275 0.13211600429645545 0.05634920634920635 -0.28130434782608693 0.23124999999999998 -0.15261756876663707 -0.42022727272727267 0.57500000000000018 -0.40667311411992257 0.38944444444444448 -0.42752100840336132 0.43405797101449284
decision_type=8 2 2 10 2 2 2 2 10 2 2 2 10 10
left_child=1 3 -3 6 8 -6 7 -1 -5 -8 -2 13 -13 -12
right_child=10 2 -4 4 5 -7 9 -9 -10 -11 11 12 -14 -15
leaf_value=6.1033819969393033e-05 0.00011222469039824533 -9.2814254211746064e-05 4.6500976825662924e-05 0.00061601368196808704 -0.00021328691897059234 -1.5776555275306576e-05 3.0378938090199473e-05 2.3414173868002923e-06 7.9792484593603754e-05 0.00018134854769673216 -2.7812188586930713e-05 0.00044019439089828334 -0.00020142642352595673 -0.00017438791024430739
leaf_weight=183130 11506 83033 29598 1458 14797 325177 33621 371479 48762 36846 109058 1638 31582 15818
leaf_count=183130 11506 83033 29598 1458 14797 325177 33621 371479 48762 36846 109058 1638 31582 15818
internal_value=-7.35881e-08 8.87916e-06 -5.59374e-05 1.60994e-05 -8.88215e-06 -2.4463e-05 3.17417e-05 2.17758e-05 9.59934e-05 0.000109748 -5.97878e-05 -7.24983e-05 -0.00016885 -4.66229e-05
internal_weight=1.2975e+06 1.1279e+06 112631 1.01527e+06 390194 339974 625076 554609 50220 70467 169602 158096 33220 124876
internal_count=1297503 1127901 112631 1015270 390194 339974 625076 554609 50220 70467 169602 158096 33220 124876
is_linear=0
shrinkage=0.01


Tree=302
num_leaves=15
num_cat=0
split_feature=0 22 3 26 24 14 24 8 24 17 15 14 22 24
split_gain=5.64 5.06283 4.48999 3.86237 3.63558 3.62552 3.55427 3.55009 2.4002 2.93868 2.7235 2.30208 2.27547 2.21795
threshold=0.29356060606060608 0.32755102040816336 -0.43683510638297868 0.89897959183673481 0.24695121951219515 0.41918367346938784 0.23252032520325203 0.023268398268398275 -0.063164893617021253 -0.40454545454545449 -0.43938775510204076 0.16843971631205676 -0.43582704186684967 -0.37939393939393934
decision_type=10 2 8 2 10 2 10 2 8 2 2 2 2 10
left_child=1 2 3 12 6 -6 -4 -3 13 -10 11 -11 -1 -2
right_child=8 7 4 -5 5 -7 -8 -9 9 10 -12 -13 -14 -15
leaf_value=-0.00037500435799040285 -2.5001133585072691e-05 -9.1252074837253866e-05 6.0098503814415644e-06 -0.00029922020826687309 5.1577930195917875e-05 -0.00011116890957371282 -0.00039260449123746234 3.8020624403983649e-05 -0.00022537910225264087 0.00036299075115476441 -2.1315076925620277e-05 -0.00021747151268909702 -1.305028759878248e-05 -0.00014893861509329912
leaf_weight=1887 23726 80007 638896 7488 332254 14163 2240 28542 6805 3278 92783 792 24562 39632
leaf_count=1887 23726 80007 638896 7488 332254 14163 2240 28542 6805 3278 92783 792 24562 39632
internal_value=-1.04594e-07 7.88892e-06 1.48122e-05 -9.81378e-05 1.87244e-05 4.48366e-05 4.56855e-06 -5.69845e-05 -5.43679e-05 -2.4349e-05 -9.90809e-06 0.000242593 -4.00476e-05 -0.000103004
internal_weight=1.29706e+06 1.13004e+06 1.02149e+06 33937 987553 346417 641136 108549 167016 103658 96853 4070 26449 63358
internal_count=1297055 1130039 1021490 33937 987553 346417 641136 108549 167016 103658 96853 4070 26449 63358
is_linear=0
shrinkage=0.01


Tree=303
num_leaves=15
num_cat=0
split_feature=24 23 15 28 25 28 26 19 3 14 26 27 28 11
split_gain=5.62615 6.18738 5.89282 6.58104 6.2026 6.17778 5.94415 4.52334 4.28459 4.56828 3.80315 8.4043 4.17514 3.47899
threshold=-0.051682692307692284 0.051315789473684266 0.016954022988505794 0.23499399759903969 0.70000000000000018 -0.35053191489361696 0.045983086680761107 0.29795918367346946 -0.46404255319148929 -0.19782608695652171 0.22792207792207794 -0.26020833333333326 -0.30217391304347824 -0.31909090909090904
decision_type=10 10 2 8 2 8 2 2 10 2 2 2 10 2
left_child=2 8 3 4 5 -1 -5 -6 9 -2 11 -10 -12 -4
right_child=1 -3 13 6 7 -7 -8 -9 10 -11 12 -13 -14 -15
leaf_value=0.00012078718923547268 -0.00059473740564055166 0.00014924252670328933 -0.00011943774251526545 0.00014339713579320374 -8.7088053772837003e-05 -2.0513631238794215e-05 -0.00019164041572618278 0.00016393675777801498 0.00010837886296166201 -6.2551475582501214e-05 9.6145959120141227e-05 -4.7630374302716124e-05 1.8005535096975215e-05 3.9305534600475756e-05
leaf_weight=40485 2283 35005 15051 5906 146050 130535 44387 7468 42481 6033 83058 183168 396978 158121
leaf_count=40485 2283 35005 15051 5906 146050 130535 44387 7468 42481 6033 83058 183168 396978 158121
internal_value=1.52406e-06 1.93606e-05 -2.28e-05 -4.51177e-05 -2.85082e-05 1.27622e-05 -0.000151694 -7.46784e-05 1.29503e-05 -0.000212421 1.56495e-05 -1.81259e-05 3.15888e-05 2.53335e-05
internal_weight=1.29701e+06 749006 548003 374831 324538 171020 50293 153518 714001 8316 705685 225649 480036 173172
internal_count=1297009 749006 548003 374831 324538 171020 50293 153518 714001 8316 705685 225649 480036 173172
is_linear=0
shrinkage=0.01


Tree=304
num_leaves=15
num_cat=0
split_feature=27 26 28 23 23 21 28 26 23 4 24 27 24 24
split_gain=6.13444 6.88486 7.81987 6.44045 5.64941 5.33207 5.0929 5.64925 7.56115 4.9201 4.8766 4.34558 3.92352 3.37709
threshold=-0.09891304347826084 0.08248299319727892 0.47259759759759767 0.1125 0.012049941927990694 0.20972222222222228 -0.31165540540540532 0.039230769230769243 0.04006410256410254 -0.29893617021276592 -0.37627551020408156 -0.31909090909090904 -0.45773809523809517 0.28759398496240607
decision_type=2 2 8 8 10 2 10 2 10 2 10 2 10 10
left_child=1 4 5 6 -1 12 7 10 -9 -4 -2 -6 -3 -7
right_child=3 2 9 -5 11 13 -8 8 -10 -11 -12 -13 -14 -15
leaf_value=7.2052132731821906e-05 0.00026367447814209708 -0.00023853363010437563 0.00031378616416086148 0.00022996929142709758 0.00050999689564054011 -0.00010619014490088541 -3.1156620673846769e-05 4.1887963759086636e-05 0.00048910173807537006 -0.00023255986164672304 -0.00024154383090983116 0.00015428743557503269 4.227950408768304e-05 5.6572433440112584e-05
leaf_weight=67408 2235 5019 1768 10498 5602 46536 642267 124279 3914 17941 11506 9839 329813 17290
leaf_count=67408 2235 5019 1768 10498 5602 46536 642267 124279 3914 17941 11506 9839 329813 17290
internal_value=1.43181e-06 2.8849e-05 1.22751e-05 -1.58225e-05 0.000112178 2.19557e-05 -1.9152e-05 3.49585e-05 5.57875e-05 -0.000181988 -0.000157147 0.000285355 3.79785e-05 -6.16284e-05
internal_weight=1.29592e+06 501216 418367 794699 82849 398658 784201 141934 128193 19709 13741 15441 334832 63826
internal_count=1295915 501216 418367 794699 82849 398658 784201 141934 128193 19709 13741 15441 334832 63826
is_linear=0
shrinkage=0.01


Tree=305
num_leaves=15
num_cat=0
split_feature=1 7 24 26 24 18 27 26 15 14 11 14 22 22
split_gain=5.88917 5.34086 4.64003 6.25441 5.83206 4.70545 4.21034 4.26077 4.00733 3.87677 3.07463 2.44816 3.64432 3.02174
threshold=0.28334980237154156 -0.40454545454545449 0.26163419913419916 0.52041666666666686 0.48500000000000004 0.011766334440753036 0.20900537634408609 0.096006144393241177 -0.37877551020408157 0.081666666666666679 0.34045454545454551 -0.24234042553191487 -0.44023809523809515 -0.1473930481283422
decision_type=10 2 10 2 10 2 2 2 2 2 2 2 2 2
left_child=1 11 6 5 -5 -4 7 -3 10 -8 -2 12 -1 -13
right_child=8 2 3 4 -6 -7 9 -9 -10 -11 -12 13 -14 -15
leaf_value=-0.00071809227163414533 0.00012519568167848402 7.3552330600894117e-05 5.8319491888178974e-05 0.0001096714872544773 -0.00020013406404537274 -5.1439538096371497e-05 -5.3414521201524072e-05 1.3206038904247191e-06 -7.2462936444122765e-05 6.5736285396081532e-05 -0.00039970860753830339 7.814868146028589e-05 -0.0001487353346749688 -9.9927312857798608e-05
leaf_weight=1321 16077 100168 77331 131722 6302 78858 194824 446978 152132 31546 1174 12710 9704 36481
leaf_count=1321 16077 100168 77331 131722 6302 78858 194824 446978 152132 31546 1174 12710 9704 36481
internal_value=-9.74828e-07 7.25812e-06 1.24503e-05 4.62522e-05 9.53048e-05 2.71145e-06 -3.67905e-07 1.45995e-05 -5.59755e-05 -3.6677e-05 8.76718e-05 -8.43052e-05 -0.000219852 -5.33041e-05
internal_weight=1.29733e+06 1.12794e+06 1.06773e+06 294213 138024 156189 773516 547146 169383 226370 17251 60216 11025 49191
internal_count=1297328 1127945 1067729 294213 138024 156189 773516 547146 169383 226370 17251 60216 11025 49191
is_linear=0
shrinkage=0.01


Tree=306
num_leaves=15
num_cat=0
split_feature=27 28 4 26 23 20 1 15 25 21 22 7 4 22
split_gain=5.6249 5.21725 6.2261 6.08485 4.98359 4.76546 4.73056 4.72496 9.13418 4.71542 4.53616 3.72866 3.14419 2.9983
threshold=0.019259259259259257 0.47259759759759767 -0.19895833333333332 0.020204081632653064 0.14583333333333334 -0.47979591836734686 0.45603864734299526 -0.18133462282398449 0.82500000000000018 0.16333333333333336 0.32025641025641027 -0.39472517730496448 -0.41918367346938773 0.31725417439703163
decision_type=2 8 2 2 8 2 8 2 2 2 2 2 2 2
left_child=1 7 -3 -4 5 -2 10 8 -1 -8 -7 -5 -10 -9
right_child=4 2 3 11 -6 6 9 13 12 -11 -12 -13 -14 -15
leaf_value=2.091035696786512e-05 0.00030243462546834755 0.00023107650178258842 0.00028752131785138963 -0.00063684259547453718 0.00039513776890488068 -9.7002797540020263e-06 -0.00027032558840539496 4.4954641174282427e-05 -0.00056775786317753542 -3.5372344449050343e-05 -0.00010327460355491182 -0.00017735455076667116 -0.00018396366478908599 -2.9222561222629675e-05
leaf_weight=47876 4454 4584 2603 1994 2854 549333 15293 489086 2580 20130 57352 21645 16434 60816
leaf_count=47876 4454 4584 2603 1994 2854 549333 15293 489086 2580 20130 57352 21645 16434 60816
internal_value=-2.0336e-07 2.0627e-05 -0.000106131 -0.000166198 -2.10222e-05 -2.29074e-05 -2.52123e-05 2.70112e-05 -5.21604e-05 -0.000137669 -1.85961e-05 -0.000217458 -0.000237699 3.66964e-05
internal_weight=1.29703e+06 647618 30826 26242 649416 646562 642108 616792 66890 35423 606685 23639 19014 549902
internal_count=1297034 647618 30826 26242 649416 646562 642108 616792 66890 35423 606685 23639 19014 549902
is_linear=0
shrinkage=0.01


Tree=307
num_leaves=15
num_cat=0
split_feature=22 10 23 28 24 22 25 28 28 4 22 19 24 16
split_gain=5.62617 5.39119 5.19381 5.15704 4.24812 3.91289 3.49737 4.45822 3.97828 3.12471 3.43882 3.94558 2.60773 2.50248
threshold=0.32025641025641027 0.019615384615384649 0.1125 0.011369509043927641 -0.47871376811594196 -0.43969696969696964 1.0000000180025095e-35 0.47979591836734697 0.47849213691026832 0.011237373737373714 0.45789007092198591 0.39246068455134137 -0.18118686868686867 0.010990338164251214
decision_type=2 2 10 8 10 2 2 8 8 2 2 2 10 2
left_child=2 9 3 4 -1 -6 7 -5 -8 10 11 -2 -12 -11
right_child=1 -3 -4 6 5 -7 8 -9 -10 13 12 -13 -14 -15
leaf_value=-0.00076876539076079495 0.00011249009030634209 9.7131539592427681e-06 0.00020218490628133912 9.5773899937516238e-05 -8.2897319040512856e-05 2.9618051322148584e-05 -1.5790830822791793e-05 0.00086882331631642554 -0.00011515288121501559 -0.00028202973767213311 -0.00081565904833004769 -0.0004123836465963786 -6.3335593505867e-05 -0.00011966690215636172
leaf_weight=673 13164 54347 12980 10081 32647 543057 523278 821 43822 12448 834 1589 1245 47054
leaf_count=673 13164 54347 12980 10081 32647 543057 523278 821 43822 12448 834 1589 1245 47054
internal_value=-3.66457e-06 -6.58988e-05 3.27674e-06 1.01368e-06 2.22043e-05 2.3185e-05 -2.00654e-05 0.000156964 -2.35224e-05 -0.000120123 0 5.38521e-05 -0.000380283 -0.00015415
internal_weight=1.29804e+06 130681 1.16736e+06 1.15438e+06 576377 575704 578002 10902 567100 76334 16832 14753 2079 59502
internal_count=1298040 130681 1167359 1154379 576377 575704 578002 10902 567100 76334 16832 14753 2079 59502
is_linear=0
shrinkage=0.01


Tree=308
num_leaves=15
num_cat=0
split_feature=11 15 1 19 11 19 18 25 25 2 21 19 18 15
split_gain=4.76046 4.56646 4.35929 5.01417 4.04655 3.29203 3.70973 3.09218 3.06105 2.96494 2.88971 2.83433 4.60728 5.46674
threshold=-0.33156028368794321 0.45959183673469389 0.27178030303030309 0.034523809523809519 0.031582446808510641 -0.47979591836734686 -0.061914893617021259 0.82500000000000018 0.82500000000000018 -0.43683510638297868 -0.24734042553191488 -0.39472517730496448 -0.21869565217391301 -0.45959183673469384
decision_type=2 2 10 2 2 2 2 2 2 8 2 2 2 2
left_child=11 2 3 9 -3 6 -4 10 -5 -2 -6 12 -1 -14
right_child=1 4 5 8 7 -7 -8 -9 -10 -11 -12 -13 13 -15
leaf_value=0.00038877274674765634 -0.00011399863554235311 -1.391837089600527e-05 -0.00013474581226985175 2.7572076858284307e-05 0.00021377969225973319 -5.2693576293138412e-05 0.0007432263493377621 0.00048661688599332893 0.00010633910328483942 -4.1962176148606925e-07 -0.00031532903534670672 -8.4395840957313356e-05 -0.00036924428443260135 0.00011932812806154464
leaf_weight=3389 23783 9498 764 226894 8964 151249 1101 4056 63757 698880 1122 93345 3342 7173
leaf_count=3389 23783 9498 764 226894 8964 151249 1101 4056 63757 698880 1122 93345 3342 7173
internal_value=-5.81664e-07 5.14565e-06 2.33064e-06 9.86993e-06 0.000142755 -4.73679e-05 0.000367865 0.000250081 4.49545e-05 -4.1995e-06 0.00015187 -6.44118e-05 6.75842e-05 -3.31644e-05
internal_weight=1.29732e+06 1.19007e+06 1.16643e+06 1.01331e+06 23640 153114 1865 14142 290651 722663 10086 107249 13904 10515
internal_count=1297317 1190068 1166428 1013314 23640 153114 1865 14142 290651 722663 10086 107249 13904 10515
is_linear=0
shrinkage=0.01


Tree=309
num_leaves=15
num_cat=0
split_feature=11 19 26 24 24 14 19 4 26 3 3 24 21 18
split_gain=5.51325 5.25641 7.34764 5.61409 5.49134 4.82191 5.01315 4.66832 4.37906 4.09469 3.9861 3.82067 3.62712 5.23637
threshold=-0.33156028368794321 -0.47979591836734686 0.89897959183673481 -0.22821969696969696 -0.25878787878787873 0.37766439909297056 0.030012004801920792 0.29689535388623539 0.64365079365079381 -0.45959183673469384 0.28062500000000007 -0.10113636363636362 0.39689625850340143 -0.18042553191489358
decision_type=2 2 2 10 10 2 2 2 2 8 8 10 2 2
left_child=8 2 -2 4 -3 6 -5 -4 12 -10 -6 -7 -1 -14
right_child=1 3 7 5 10 11 -8 -9 9 -11 -12 -13 13 -15
leaf_value=-4.9166721960706777e-05 0.00051762838816555765 -2.481534044164087e-05 -0.0010463090739007738 5.5020008226779675e-06 -0.00014754609045668912 -0.00083152907195537299 5.7186183372155518e-05 0.00024331845655379926 -0.00059399459234831464 -0.00012549709468742809 -0.0005986407041680328 -7.096773979097395e-05 0.00060545800793984368 3.6395209193526101e-05
leaf_weight=55034 4128 248923 553 602017 11984 676 273698 507 1999 39907 2435 45797 2074 7932
leaf_count=55034 4128 248923 553 602017 11984 676 273698 507 1999 39907 2435 45797 2074 7932
internal_value=0 6.15985e-06 0.000323766 4.74385e-06 -3.59426e-05 1.6395e-05 2.16899e-05 -0.00040231 -6.87938e-05 -0.000148602 -0.000225913 -8.27294e-05 -1.69066e-05 0.000157491
internal_weight=1.29766e+06 1.19072e+06 5188 1.18553e+06 263342 922188 875715 1060 106946 41906 14419 46473 65040 10006
internal_count=1297664 1190718 5188 1185530 263342 922188 875715 1060 106946 41906 14419 46473 65040 10006
is_linear=0
shrinkage=0.01


Tree=310
num_leaves=15
num_cat=0
split_feature=7 27 23 28 22 28 24 22 22 21 24 18 28 28
split_gain=5.51232 5.89382 7.09993 5.86564 4.19601 4.18768 4.06153 3.86561 3.80209 3.76894 3.18629 2.84759 3.82892 3.60769
threshold=-0.41578014184397155 -0.14946808510638296 0.091666666666666688 -0.31165540540540532 -0.4759001161440185 0.084349593495934974 -0.057189542483660143 0.012347560975609741 0.32025641025641027 -0.38318181818181812 0.13078947368421054 -0.27888888888888885 0.23252032520325203 0.32025641025641027
decision_type=2 2 8 10 2 8 8 2 2 2 10 2 10 10
left_child=11 4 3 6 9 8 -3 -5 -6 -2 -7 12 -1 -14
right_child=1 2 -4 7 5 10 -8 -9 -10 -11 -12 -13 13 -15
leaf_value=-0.00011603301549189784 0.00046645200620801431 -1.8966568775347941e-05 0.00023730657575542327 4.7021608037056876e-06 8.6893405245163283e-05 -2.8701117871085371e-05 8.6562059229662044e-05 -4.3753170150887838e-05 -4.5907986149790983e-05 -0.00030940044906708954 5.9246848034948425e-05 -6.1464082535275008e-05 -0.0010327845766279456 -0.00025394376919934925
leaf_weight=6435 676 59871 11620 276019 193301 104121 91745 404248 23952 5488 68030 49731 1072 1656
leaf_count=6435 676 59871 11620 276019 193301 104121 91745 404248 23952 5488 68030 49731 1072 1656
internal_value=2.37056e-06 6.88605e-06 -8.01993e-06 -1.14836e-05 3.8747e-05 4.29098e-05 4.46929e-05 -2.40483e-05 7.21136e-05 -0.000219263 5.88e-06 -9.21169e-05 -0.000255134 -0.000571782
internal_weight=1.29796e+06 1.23907e+06 843503 831883 395568 389404 151616 680267 217253 6164 172151 58894 9163 2728
internal_count=1297965 1239071 843503 831883 395568 389404 151616 680267 217253 6164 172151 58894 9163 2728
is_linear=0
shrinkage=0.01


Tree=311
num_leaves=15
num_cat=0
split_feature=11 20 23 20 22 25 23 15 4 22 14 28 4 25
split_gain=5.66095 5.15021 8.16706 4.76924 6.45977 5.21215 6.36685 4.81612 4.38735 4.42158 4.31651 4.07384 5.5141 4.30961
threshold=-0.29795918367346935 -0.39472517730496448 0.010527482269503509 0.030012004801920792 -0.43969696969696964 0.82500000000000018 0.010527482269503509 0.45959183673469389 0.19476486246672584 -0.45959183673469384 -0.39897959183673465 0.13211600429645545 0.22111111111111112 0.37500000000000006
decision_type=2 2 8 2 2 2 8 2 2 2 2 8 2 2
left_child=1 2 -1 11 10 6 -6 -7 -3 -10 -5 -2 -13 -14
right_child=3 8 -4 4 5 7 -8 -9 9 -11 -12 12 13 -15
leaf_value=0.00017288592597043808 9.35493706014266e-06 -4.7462999570170166e-05 -0.00059609113450756197 8.8654474822397623e-05 -1.5660546597473737e-05 9.2804180553538471e-05 8.1418497534267405e-05 0.00039659450738998902 -0.00076370442640286129 -0.00016158332763083853 -0.00030624558427721083 -2.079067099997397e-05 -1.0311992779251552e-05 -0.00024328971312275835
leaf_weight=15069 529551 80709 1505 3870 166150 78201 113418 5674 1302 30129 8883 227548 12997 21584
leaf_count=15069 529551 80709 1505 3870 166150 78201 113418 5674 1302 30129 8883 227548 12997 21584
internal_value=3.78913e-07 -6.25361e-05 0.000101154 7.33874e-06 3.6666e-05 4.44953e-05 2.36166e-05 0.000113726 -8.69987e-05 -0.000187551 -0.000184065 -6.55937e-06 -3.88235e-05 -0.000156603
internal_weight=1.29659e+06 128714 16574 1.16788e+06 376196 363443 279568 83875 112140 31431 12753 791680 262129 34581
internal_count=1296590 128714 16574 1167876 376196 363443 279568 83875 112140 31431 12753 791680 262129 34581
is_linear=0
shrinkage=0.01


Tree=312
num_leaves=15
num_cat=0
split_feature=1 24 26 24 3 28 24 19 28 26 24 25 22 22
split_gain=5.38956 5.55534 5.42019 6.05315 5.96994 4.65235 3.98897 3.59978 5.7171 5.53189 5.63364 5.09765 4.82735 2.93386
threshold=0.27178030303030309 0.26163419913419916 0.40862708719851587 0.48500000000000004 -0.44222222222222213 -0.44058823529411756 0.27718676122931446 0.12361111111111113 0.095491388044579531 0.20881782945736438 -0.42022727272727267 0.57500000000000018 -0.47979591836734686 -0.061862244897959183
decision_type=10 10 2 10 8 10 10 2 10 2 8 2 2 2
left_child=1 7 6 4 -4 -2 -3 9 11 10 -1 -9 -11 -8
right_child=5 2 3 -5 -6 -7 13 8 -10 12 -12 -13 -14 -15
leaf_value=0.00025649028860538238 0.00018694633457054169 0.00013264486077521533 -0.00025910158271682778 -0.00020030685160421315 0.00010753577875799457 -6.0465612696910003e-05 4.9707175724738888e-05 8.9623263349341695e-06 -2.5137645398900823e-05 -0.00060492958994203927 1.6879371995017955e-05 0.00016365762051625738 -3.2249390774316574e-05 -5.4469833980621598e-05
leaf_weight=10426 7891 19593 4524 7096 154426 174176 39569 39854 77335 1480 175561 46845 454622 84165
leaf_count=10426 7891 19593 4524 7096 154426 174176 39569 39854 77335 1480 175561 46845 454622 84165
internal_value=8.45688e-07 9.10213e-06 4.51341e-05 8.40217e-05 9.69072e-05 -4.95748e-05 0 -4.68909e-06 3.70657e-05 -1.5403e-05 3.04766e-05 9.28957e-05 -3.41774e-05 -2.09121e-05
internal_weight=1.29756e+06 1.1155e+06 309373 166046 158950 182067 143327 806123 164034 642089 185987 86699 456102 123734
internal_count=1297563 1115496 309373 166046 158950 182067 143327 806123 164034 642089 185987 86699 456102 123734
is_linear=0
shrinkage=0.01


Tree=313
num_leaves=15
num_cat=0
split_feature=5 11 22 15 2 15 22 17 21 21 4 14 15 21
split_gain=6.08223 4.58231 5.99254 5.07159 4.73524 4.6799 5.64797 3.36323 2.92889 2.33873 2.67309 2.32681 2.3162 2.06209
threshold=0.43683510638297879 0.027046783625730989 0.32755102040816336 0.45959183673469389 0.4354764107308049 -0.41918367346938773 -0.4560386473429951 -0.46863636363636357 0.25777777777777783 0.30104166666666676 -0.24734042553191488 -0.36181818181818176 0.021286231884057986 -0.35261524822695028
decision_type=10 2 2 2 8 2 2 2 2 2 2 2 2 2
left_child=1 2 5 4 8 -1 -7 -6 -3 10 -2 -4 -13 -5
right_child=9 3 11 13 7 6 -8 -9 -10 -11 -12 12 -14 -15
leaf_value=0.00015874826711749959 3.2197971250851301e-05 4.6873650888594199e-05 0.000447083948276932 0.00028481968452139563 -0.00076101942281596674 -0.00016468004067605573 1.293912763866814e-06 -9.7857413429074824e-05 -3.2650891693662052e-05 -1.235428293813487e-05 -0.00018434637954682241 -0.00012402433559014045 -3.6452077716509814e-06 -1.0662386664341427e-05
leaf_weight=18242 6678 297245 784 10891 815 21087 727010 17907 54399 20788 31595 62748 22144 2769
leaf_count=18242 6678 297245 784 10891 815 21087 727010 17907 54399 20788 31595 62748 22144 2769
internal_value=-1.69361e-07 4.54464e-06 -8.35378e-06 3.32396e-05 2.61676e-05 4.7492e-07 -3.34502e-06 -0.000128445 3.44858e-05 -9.93282e-05 -0.00014578 -8.76706e-05 -9.29782e-05 0.000222738
internal_weight=1.2951e+06 1.23604e+06 852015 384026 370366 766339 748097 18722 351644 59061 38273 85676 84892 13660
internal_count=1295102 1236041 852015 384026 370366 766339 748097 18722 351644 59061 38273 85676 84892 13660
is_linear=0
shrinkage=0.01


Tree=314
num_leaves=15
num_cat=0
split_feature=24 23 24 11 4 22 27 22 24 18 18 4 21 14
split_gain=5.81938 5.76167 5.21091 7.18789 6.32978 5.5493 4.57282 5.33858 5.6447 4.39943 4.24691 3.53563 3.52766 3.75537
threshold=-0.17928571428571424 0.04653679653679655 -0.37627551020408156 0.47849213691026832 0.39678030303030309 0.2901612903225807 -0.010874704491725782 -0.15978723404255316 0.43875000000000003 -0.47979591836734686 -0.45959183673469384 0.40212765957446817 0.48876262626262634 0.25777777777777783
decision_type=10 10 8 2 2 2 2 2 8 2 2 2 2 2
left_child=2 6 5 4 9 12 11 8 -8 -4 -6 -2 13 -1
right_child=1 -3 3 -5 10 -7 7 -9 -10 -11 -12 -13 -14 -15
leaf_value=3.0660711710257552e-06 3.6547657886656049e-05 0.00012392171250242412 0.00079543070847102161 0.0006863610684216501 0.00053090996404673251 -0.00013520520517220597 1.1618773811365837e-05 -3.3674367822855205e-05 0.00019197562202619665 -6.6711393307594737e-05 -0.00034239298612186386 -0.00011497396363545942 0.00031029573095923279 0.0001999536449190964
leaf_weight=132890 409991 44171 586 1220 556 24838 103235 359455 20969 156161 11694 15911 4258 10478
leaf_count=132890 409991 44171 586 1220 556 24838 103235 359455 20969 156161 11694 15911 4258 10478
internal_value=-3.25233e-07 1.23513e-05 -3.56931e-05 -7.49511e-05 -8.06367e-05 2.88004e-06 6.8997e-06 -1.40985e-05 4.23133e-05 -6.32817e-05 -0.000300187 3.08159e-05 2.63183e-05 1.76687e-05
internal_weight=1.29641e+06 953732 342681 170217 168997 172464 909561 483659 124204 156747 12250 425902 147626 143368
internal_count=1296413 953732 342681 170217 168997 172464 909561 483659 124204 156747 12250 425902 147626 143368
is_linear=0
shrinkage=0.01


Tree=315
num_leaves=15
num_cat=0
split_feature=1 3 6 24 19 27 4 14 24 19 22 2 27 5
split_gain=6.09021 4.43191 6.09229 4.24822 4.41337 4.43302 4.10435 4.65701 4.07145 3.36317 3.35828 3.1567 2.82972 2.72153
threshold=0.27178030303030309 -0.44222222222222213 -0.28062499999999996 0.26163419913419916 0.12361111111111113 -0.14946808510638296 0.41751700680272114 0.011766334440753036 0.13078947368421054 -0.47979591836734686 -0.39897959183673465 -0.18042553191489358 0.38944444444444448 0.42590909090909096
decision_type=10 8 10 10 2 2 2 2 8 2 2 10 2 8
left_child=1 2 -1 4 5 -3 7 -5 -6 13 -11 -12 -13 -2
right_child=9 3 -4 6 8 -7 -8 -9 -10 10 11 12 -14 -15
leaf_value=-0.00035174548250290773 0.00052314445895210681 2.3396283396607201e-05 -2.2471269976223501e-05 9.4094983408828949e-05 3.7825120210020579e-05 -3.2065432482661844e-05 -0.00013054229944957531 1.3282290814004154e-05 0.00034309807622553534 -0.00019990556068195863 -0.00019427052066054289 -5.1225043339177348e-06 -0.00010253113099021704 -0.00016620519329620196
leaf_weight=7844 1782 223925 20597 136976 155516 402477 12801 150832 4524 15552 13165 109151 41416 759
leaf_count=7844 1782 223925 20597 136976 155516 402477 12801 150832 4524 15552 13165 109151 41416 759
internal_value=0 8.75582e-06 -0.000114367 1.2005e-05 -1.79138e-07 -1.21912e-05 4.39803e-05 5.18482e-05 4.66483e-05 -5.36573e-05 -5.89199e-05 -4.53418e-05 -3.21171e-05 0.000305489
internal_weight=1.29732e+06 1.11549e+06 28441 1.08705e+06 786442 626402 300609 287808 160040 181825 179284 163732 150567 2541
internal_count=1297317 1115492 28441 1087051 786442 626402 300609 287808 160040 181825 179284 163732 150567 2541
is_linear=0
shrinkage=0.01


Tree=316
num_leaves=15
num_cat=0
split_feature=22 23 28 20 17 22 14 14 28 23 17 22 18 16
split_gain=6.10788 5.82925 5.43767 5.30805 4.9362 4.64434 4.81836 4.24945 3.78771 3.73549 3.65069 4.51817 5.00702 3.35962
threshold=-0.4560386473429951 0.012049941927990694 0.10208333333333332 0.23691215616681457 -0.45959183673469384 0.12097560975609757 -0.24234042553191487 0.43405797101449284 -0.28474903474903468 0.20833333333333334 -0.29893617021276592 -0.36306818181818173 0.02105496453900713 -0.058409090909090904
decision_type=2 10 8 2 2 2 2 2 10 10 2 2 2 2
left_child=1 4 3 5 -1 7 -7 -2 -3 -5 13 -12 -13 -4
right_child=2 8 10 9 -6 6 -8 -9 -10 -11 11 12 -14 -15
leaf_value=-0.00072587961306808146 3.5929871249277016e-05 -0.00040331938895650466 -6.6763127645270599e-05 8.7973314212319472e-05 -0.00013486404509471889 -0.00021914220186067544 -1.3360228635215497e-05 -0.00019599675266764385 0.00054080137285238096 0.00062364855315536264 0.00011547396582832782 -4.7227599706238669e-05 2.0589506218656625e-05 -0.00029990033479539407
leaf_weight=1505 417425 502 35446 81336 32501 12043 217141 8013 1974 1341 25951 271979 180800 7661
leaf_count=1505 417425 502 35446 81336 32501 12043 217141 8013 1974 1341 25951 271979 180800 7661
internal_value=2.75317e-07 -0.000127251 3.99437e-06 2.14973e-05 -0.000161964 1.19093e-05 -2.43071e-05 3.14897e-05 0.000337026 9.7047e-05 -2.06778e-05 -1.26697e-05 -2.00812e-05 -0.00010891
internal_weight=1.29562e+06 36482 1.25914e+06 737299 34006 654622 229184 425438 2476 82677 521837 478730 452779 43107
internal_count=1295618 36482 1259136 737299 34006 654622 229184 425438 2476 82677 521837 478730 452779 43107
is_linear=0
shrinkage=0.01


Tree=317
num_leaves=15
num_cat=0
split_feature=17 24 22 11 22 23 22 24 26 23 27 24 27 22
split_gain=6.12976 6.31582 5.83943 6.30106 5.05413 4.69815 5.25137 8.52275 6.26948 4.64616 5.11299 5.05145 4.42909 4.22108
threshold=-0.40454545454545449 -0.057189542483660143 0.078661616161616169 -0.15261756876663707 -0.45959183673469384 0.051315789473684266 -0.13589015151515149 0.43875000000000003 0.26043478260869574 0.012347560975609741 0.36023255813953492 -0.14194139194139191 -0.14946808510638296 -0.45959183673469384
decision_type=2 10 2 2 2 10 2 10 2 10 2 10 2 2
left_child=4 2 3 13 -1 6 7 -3 -8 10 -4 -11 -5 -2
right_child=1 5 9 12 -6 -7 8 -9 -10 11 -12 -13 -14 -15
leaf_value=-0.00054270319123228365 -0.00046748114715334274 2.8849470603503867e-05 -3.0153542470645323e-05 7.638169528646489e-05 -9.0132839362069958e-05 0.00013518802398594196 -4.6910201980991926e-05 0.0001995865423189272 2.537810966042105e-05 -0.00031576338002186157 -0.00018471452049289121 0.00017939039006782128 -8.6816929503173903e-06 -8.1655810596795527e-05
leaf_weight=2675 3108 152940 149234 93493 38296 35111 183153 36338 347764 12756 25164 2373 175824 38858
leaf_count=2675 3108 152940 149234 93493 38296 35111 183153 36338 347764 12756 25164 2373 175824 38858
internal_value=-6.40376e-08 3.83904e-06 -2.36695e-05 2.88271e-06 -0.000120451 2.21185e-05 1.65639e-05 6.17891e-05 3.83832e-07 -6.7437e-05 -5.26301e-05 -0.000236095 2.07371e-05 -0.000110976
internal_weight=1.29709e+06 1.25612e+06 500810 311283 40971 755306 720195 189278 530917 189527 174398 15129 269317 41966
internal_count=1297087 1256116 500810 311283 40971 755306 720195 189278 530917 189527 174398 15129 269317 41966
is_linear=0
shrinkage=0.01


Tree=318
num_leaves=15
num_cat=0
split_feature=22 27 26 28 23 17 23 20 3 23 28 22 27 22
split_gain=6.10995 5.91979 7.18715 7.28743 6.96123 5.54376 5.42702 5.30667 5.25306 5.77051 4.3007 5.52155 3.98639 3.65812
threshold=-0.4560386473429951 -0.14946808510638296 0.096006144393241177 0.49000000000000005 0.011766334440753036 -0.45959183673469384 0.1125 0.011766334440753036 0.47894503546099293 0.012049941927990694 -0.23956521739130432 -0.40108695652173909 -0.30901722391084091 0.10440891472868215
decision_type=2 2 2 8 10 2 8 2 10 10 10 2 2 2
left_child=5 2 4 7 13 -1 10 -4 9 -7 -3 -12 -6 -2
right_child=1 6 3 -5 12 8 -8 -9 -10 -11 11 -13 -14 -15
leaf_value=-0.00073237545794204177 0.00013158330247722366 2.5421969551503996e-05 -3.1005218417011865e-05 -0.00023940918732130869 0.00039340799755472521 -0.00017655384329449592 0.00021552514787674407 5.2731720548200222e-05 0.00030820028506373516 0.00032331743243924467 0.000122097707564345 -3.2982140016667691e-05 0.00013063418823620733 -3.4604255861533074e-05
leaf_weight=1463 29798 209344 115029 10839 12074 29769 10445 219495 2843 2462 23805 594744 11941 23434
leaf_count=1463 29798 209344 115029 10839 12074 29769 10445 219495 2843 2462 23805 594744 11941 23434
internal_value=8.49952e-07 4.56696e-06 3.51007e-05 1.54973e-05 0.000122353 -0.000126598 -1.07895e-05 2.38483e-05 -0.000100415 -0.000137413 -1.36818e-05 -2.69648e-05 0.00026403 5.78622e-05
internal_weight=1.29748e+06 1.26095e+06 422610 345363 77247 36537 838338 334524 35074 32231 827893 618549 24015 53232
internal_count=1297485 1260948 422610 345363 77247 36537 838338 334524 35074 32231 827893 618549 24015 53232
is_linear=0
shrinkage=0.01


Tree=319
num_leaves=15
num_cat=0
split_feature=11 1 19 24 22 25 23 26 24 27 24 11 19 25
split_gain=6.06761 5.05191 5.14015 5.75143 7.98132 4.83196 6.31231 3.79674 4.03308 3.3187 3.14271 3.13083 3.02084 2.71471
threshold=-0.35857142857142849 0.34021276595744687 0.04083333333333334 0.43875000000000003 -0.022233201581027647 0.82500000000000018 0.010527482269503509 0.4555335968379447 -0.45773809523809517 -0.22046511627906973 0.46969387755102043 -0.45789007092198575 -0.39472517730496448 0.37500000000000006
decision_type=2 10 2 10 2 2 8 2 8 2 10 2 2 2
left_child=7 2 3 9 -5 6 -4 8 -1 -2 -7 -9 -13 -10
right_child=1 -3 5 4 -6 10 -8 11 13 -11 -12 12 -14 -15
leaf_value=0.00033746192941698207 2.5388202882572106e-05 -5.7150755104647545e-05 -1.3924817208830392e-05 0.00018923394016696419 -1.4821550467270283e-05 0.00013302521610638013 8.6444819257207065e-05 -0.00027605984745014223 -0.00012789258944091852 -2.3535858765922456e-05 -0.00018813338011608449 0.0001673319763474073 -0.0001261071164840583 3.4498192745131366e-05
leaf_weight=3052 191942 111139 156104 36247 40149 69229 104236 12908 18747 496175 3109 3930 27846 22392
leaf_count=3052 191942 111139 156104 36247 40149 69229 104236 12908 18747 496175 3109 3930 27846 22392
internal_value=1.1538e-06 7.04212e-06 1.3572e-05 -6.67378e-07 8.1606e-05 4.63846e-05 2.61469e-05 -7.85628e-05 -1.20933e-05 -9.84543e-06 0.0001188 -0.000143622 -8.88587e-05 -3.87779e-05
internal_weight=1.2972e+06 1.20833e+06 1.09719e+06 764513 76396 332678 260340 88875 44191 688117 72338 44684 31776 41139
internal_count=1297205 1208330 1097191 764513 76396 332678 260340 88875 44191 688117 72338 44684 31776 41139
is_linear=0
shrinkage=0.01


Tree=320
num_leaves=15
num_cat=0
split_feature=22 10 22 16 23 19 27 23 2 24 4 14 17 22
split_gain=4.74966 5.70232 4.69434 5.96644 5.02158 4.79381 4.07317 6.22019 4.9696 3.73662 3.66841 3.54034 3.41821 3.27982
threshold=0.32025641025641027 0.019615384615384649 -0.4560386473429951 -0.42590909090909085 0.012049941927990694 -0.43938775510204076 -0.1448028673835125 0.1125 -0.23979166666666663 -0.33156028368794321 0.39678030303030309 -0.24234042553191487 -0.40454545454545449 0.40550595238095244
decision_type=2 2 2 2 8 2 2 8 8 8 2 2 2 2
left_child=2 12 3 -1 5 -5 8 -8 10 -6 -4 13 -2 -3
right_child=1 11 6 4 9 -7 7 -9 -10 -11 -12 -13 -14 -15
leaf_value=-0.00062504359377591389 -0.00069368182836455298 -2.8169769202080246e-05 -1.241427399848447e-05 0.00023282849197246534 -0.00020278864060668399 -0.00015168797049675049 -7.4758971597049722e-06 0.00023829053625834708 5.6828740559096446e-05 0.00060911953161036671 -0.00029962264734684603 4.3235119878364886e-05 -0.00010535677654673536 -0.00064184213381470053
leaf_weight=2096 1018 2394 87603 3600 763 28500 741682 10436 285702 1769 4704 50161 75258 1474
leaf_count=2096 1018 2394 87603 3600 763 28500 741682 10436 285702 1769 4704 50161 75258 1474
internal_value=-6.13405e-07 -5.7895e-05 5.75777e-06 -0.000105432 -7.30665e-05 -0.000107612 9.39814e-06 -4.02495e-06 3.6185e-05 0.000352672 -2.73848e-05 2.02347e-05 -0.000113629 -0.000270091
internal_weight=1.29716e+06 130305 1.16686e+06 36728 34632 32100 1.13013e+06 752118 378009 2532 92307 54029 76276 3868
internal_count=1297160 130305 1166855 36728 34632 32100 1130127 752118 378009 2532 92307 54029 76276 3868
is_linear=0
shrinkage=0.01


Tree=321
num_leaves=15
num_cat=0
split_feature=24 22 22 26 23 24 24 17 11 24 22 18 11 18
split_gain=5.9677 5.57826 6.40554 6.04564 5.7262 7.2258 5.12739 4.77168 4.68143 4.39738 3.79969 3.62139 3.58904 3.73197
threshold=-0.057189542483660143 0.080697674418604662 -0.23779761904761901 0.52440476190476204 0.012347560975609741 -0.14194139194139191 -0.42752100840336132 -0.40454545454545449 -0.25255102040816318 -0.44689849624060146 -0.45959183673469384 0.14222222222222228 -0.41578014184397155 0.011237373737373714
decision_type=10 2 2 2 10 10 10 2 2 8 2 2 2 2
left_child=1 2 -1 6 -3 9 -4 10 -5 -6 -2 -12 -9 -14
right_child=7 4 3 8 5 -7 -8 12 -10 -11 11 -13 13 -15
leaf_value=-6.6592227853949361e-05 -0.0005757451391253651 -5.582212243856941e-05 0.00030227833089778086 -0.0002392940714146018 0.0002324341784686462 0.00024644202814302554 5.6880916652584693e-05 -8.656732791887459e-05 -6.4331317319621569e-06 -0.00041259823304323241 -5.8469566274098771e-05 -0.00068923453906402274 5.3186315763712848e-05 6.2265134451230137e-06
leaf_weight=108410 1701 175784 9345 9578 1099 2312 106135 30547 90676 11615 24416 956 272050 452360
leaf_count=108410 1701 175784 9345 9578 1099 2312 106135 30547 90676 11615 24416 956 272050 452360
internal_value=-2.69901e-06 -2.91525e-05 -3.80249e-06 2.76119e-05 -7.20586e-05 -0.000259958 7.70064e-05 1.46819e-05 -2.89858e-05 -0.000354441 -0.000115594 -8.34973e-05 1.93938e-05 2.39037e-05
internal_weight=1.29698e+06 514954 324144 215734 190810 15026 115480 782030 100254 12714 27073 25372 754957 724410
internal_count=1296984 514954 324144 215734 190810 15026 115480 782030 100254 12714 27073 25372 754957 724410
is_linear=0
shrinkage=0.01


Tree=322
num_leaves=15
num_cat=0
split_feature=0 3 22 10 28 20 3 5 11 21 6 12 22 18
split_gain=4.74079 4.7798 4.93347 4.59466 3.55163 6.47694 3.30804 2.88714 2.53126 2.1613 2.11676 2.27163 2.0623 1.745
threshold=0.37766439909297056 -0.43683510638297868 0.32025641025641027 0.023268398268398275 0.10208333333333332 0.2217021276595745 0.4587585034013606 0.49000000000000005 -0.41578014184397155 0.17369121561668147 -0.28062499999999996 -0.27888888888888885 -0.42928571428571421 -0.18042553191489358
decision_type=8 8 2 2 8 2 8 10 2 2 10 2 2 2
left_child=1 10 4 8 5 -3 -6 12 -4 -9 13 -12 -2 -1
right_child=7 2 3 -5 6 -7 -8 9 -10 -11 11 -13 -14 -15
leaf_value=-0.00046212127922516097 -0.00023529648849452959 1.9260362935230668e-05 -0.00035987340595044375 4.2604828526043556e-05 -1.2610588441008629e-06 0.00011926396519533574 -0.00016309942117362675 -0.00041150459129591949 -8.1840957590932007e-05 -9.6727928454810197e-05 0.00011214160956382786 -0.0001029532538136831 -3.583027259978989e-05 -0.00014809556347875524
leaf_weight=2471 5594 543944 3496 34859 408970 73757 13045 4008 77491 5515 6126 22924 86306 8297
leaf_count=2471 5594 543944 3496 34859 408970 73757 13045 4008 77491 5515 6126 22924 86306 8297
internal_value=-2.35747e-07 5.31043e-06 9.04629e-06 -5.27936e-05 1.59655e-05 3.12504e-05 -6.33589e-06 -6.58975e-05 -9.42262e-05 -0.000232447 -0.000102347 -5.6555e-05 -4.83056e-05 -0.000223051
internal_weight=1.2968e+06 1.19538e+06 1.15556e+06 115846 1.03972e+06 617701 422015 101423 80987 9523 39818 29050 91900 10768
internal_count=1296803 1195380 1155562 115846 1039716 617701 422015 101423 80987 9523 39818 29050 91900 10768
is_linear=0
shrinkage=0.01


Tree=323
num_leaves=15
num_cat=0
split_feature=0 22 27 15 23 16 22 21 5 11 10 14 15 16
split_gain=4.72865 4.04789 3.78402 5.34671 4.49773 4.68227 2.98493 2.87054 3.7574 2.85177 2.63598 3.82553 2.55755 2.31635
threshold=0.28492136910268279 0.36023255813953492 -0.18660714285714283 -0.18133462282398449 0.1125 0.011766334440753036 -0.4759001161440185 0.30104166666666676 0.43683510638297879 0.12111111111111113 0.023268398268398275 -0.24234042553191487 -0.44159090909090903 -0.097872340425531903
decision_type=8 2 2 2 8 2 2 2 8 2 2 2 2 2
left_child=1 2 3 12 5 -4 -5 8 9 -2 -3 -12 -1 -9
right_child=7 10 4 6 -6 -7 -8 13 -10 -11 11 -13 -14 -15
leaf_value=0.00013861798548309479 -8.6734772015442432e-05 -9.6295556068122604e-05 2.7303782651147459e-05 -0.00020339680195286783 0.0002004179697382525 -2.445652920876501e-05 5.9735534940477612e-05 0.0001532030829892591 -0.00019283444209524745 1.8996900434221375e-05 -0.00040436190031675068 8.0285525029487274e-05 -0.00011195124524917692 -2.0224599064757312e-05
leaf_weight=4629 68725 58060 297708 4326 11030 422805 279479 10428 21601 39921 1774 18253 29308 28695
leaf_count=4629 68725 58060 297708 4326 11030 422805 279479 10428 21601 39921 1774 18253 29308 28695
internal_value=-1.57878e-08 7.36272e-06 1.25558e-05 4.13702e-05 0 -3.02808e-06 5.56168e-05 -4.93055e-05 -7.19284e-05 -4.7609e-05 -6.20319e-05 3.58034e-05 -7.68805e-05 2.5243e-05
internal_weight=1.29674e+06 1.12737e+06 1.04928e+06 317742 731543 720513 283805 169370 130247 108646 78087 20027 33937 39123
internal_count=1296742 1127372 1049285 317742 731543 720513 283805 169370 130247 108646 78087 20027 33937 39123
is_linear=0
shrinkage=0.01


Tree=324
num_leaves=15
num_cat=0
split_feature=24 23 22 23 3 22 24 24 11 17 22 3 18 15
split_gain=5.40155 5.58514 4.90833 8.45484 5.80343 5.22742 4.85657 4.37663 4.43258 3.68713 4.44356 3.58316 4.58578 3.86264
threshold=-0.17928571428571424 0.04006410256410254 0.13438086303939964 0.012347560975609741 0.42022727272727278 -0.39323708206686925 -0.44689849624060146 -0.38799283154121861 -0.15261756876663707 -0.47979591836734686 -0.45180023228803712 -0.46404255319148929 -0.19782608695652171 -0.43938775510204076
decision_type=8 8 2 10 8 2 10 10 2 2 2 8 2 2
left_child=2 9 5 4 -4 7 -5 -1 -9 10 -2 12 -11 -13
right_child=1 -3 3 6 -6 -7 -8 8 -10 11 -12 13 -14 -15
leaf_value=0.00012533391742094036 -0.0011557036246720124 0.0001139679491533761 -4.1771753675166286e-05 0.00024209803984706063 -0.00033343663589692897 1.2127483883324993e-05 -0.00049153190477372493 -0.00037873661194469708 -9.6438664381697011e-05 -0.00059544008001191889 -0.00015556902342840322 0.00016269925377583288 -6.1694039410236938e-05 7.4672527471551454e-06
leaf_weight=6086 512 51417 90977 972 7425 198308 7177 7492 23579 2127 4334 16353 7295 873368
leaf_count=6086 512 51417 90977 972 7425 198308 7177 7492 23579 2127 4334 16353 7295 873368
internal_value=3.23419e-07 1.25544e-05 -3.37554e-05 -9.00981e-05 -6.40939e-05 -8.13136e-06 -0.000400289 -0.000117053 -0.000165503 6.75268e-06 -0.000268074 8.26814e-06 -0.00018552 1.03547e-05
internal_weight=1.29742e+06 955406 342016 106551 98402 235465 8149 37157 31071 903989 4846 899143 9422 889721
internal_count=1297422 955406 342016 106551 98402 235465 8149 37157 31071 903989 4846 899143 9422 889721
is_linear=0
shrinkage=0.01


Tree=325
num_leaves=15
num_cat=0
split_feature=22 28 23 15 18 24 3 22 25 16 18 11 19 17
split_gain=5.64647 6.19105 5.25594 5.49085 5.13995 5.45977 6.94139 5.61407 5.05803 5.04207 5.01563 6.76715 4.63495 4.2743
threshold=-0.4560386473429951 0.060487804878048841 0.012049941927990694 -0.43938775510204076 0.023268398268398275 0.13078947368421054 -0.46404255319148929 -0.36306818181818173 0.17500000000000002 -0.42590909090909085 0.010990338164251214 -0.43938775510204076 -0.43938775510204076 -0.31909090909090904
decision_type=2 10 10 2 2 8 10 2 2 2 2 2 2 2
left_child=2 10 3 -1 5 7 -7 -3 -6 -5 -2 12 -12 -10
right_child=1 4 -4 9 8 6 -8 -9 13 -11 11 -13 -14 -15
leaf_value=0.00024860754435098006 5.8864241688599077e-05 8.3517624458408316e-05 0.00031866437501906021 -0.00073645941799121886 0.00018882146170498659 -0.00055064594493278035 7.7784313844480358e-06 -8.9993435099732275e-05 -0.00026196717371880507 -0.00016450183312683497 -0.0012002867101461301 7.3866670107627975e-06 -0.0002314539137728731 1.609379657639639e-05
leaf_weight=2988 249272 20350 2461 1664 16750 2252 172302 203249 5727 29387 563 431371 5675 153318
leaf_count=2988 249272 20350 2461 1664 16750 2252 172302 203249 5727 29387 563 431371 5675 153318
internal_value=-7.48116e-07 2.77837e-06 -0.000123377 -0.000156242 -2.14359e-05 -4.1348e-05 3.92743e-07 -7.40669e-05 2.34916e-05 -0.000196187 2.30552e-05 2.58873e-06 -0.000324236 5.88781e-06
internal_weight=1.29733e+06 1.26083e+06 36500 34039 573948 398153 174554 223599 175795 31051 686881 437609 6238 159045
internal_count=1297329 1260829 36500 34039 573948 398153 174554 223599 175795 31051 686881 437609 6238 159045
is_linear=0
shrinkage=0.01


Tree=326
num_leaves=15
num_cat=0
split_feature=22 20 11 17 11 22 10 3 27 20 4 18 3 18
split_gain=4.86567 4.26057 5.43562 5.42167 3.96832 3.96362 6.33322 3.94908 3.98164 3.71854 3.57604 4.33599 3.76615 3.53168
threshold=-0.4560386473429951 -0.42111111111111105 0.012049941927990694 -0.45959183673469384 0.019615384615384649 0.32025641025641027 0.25532879818594106 -0.43683510638297868 -0.15261756876663707 0.011766334440753036 0.092793367346938785 0.18042553191489366 -1.0000000180025095e-35 -0.18042553191489358
decision_type=2 2 2 2 2 2 2 8 2 2 2 2 10 2
left_child=1 -1 -3 -4 -5 7 10 -2 9 -9 12 -12 -7 -10
right_child=5 2 3 4 -6 6 -8 8 13 -11 11 -13 -14 -15
leaf_value=0.00017440677519830742 -9.1479950854400679e-05 -0.00025746292817636885 -0.00093427814981212123 0.00044719300183160396 -2.6821329379962703e-05 8.29006113796067e-05 0.00010600252014371015 -6.7242334216469484e-06 6.0476017569466351e-05 6.3148754737407607e-05 -0.00025994262365916699 2.1689274326263733e-05 -8.1936605257230832e-05 -7.7036766764730511e-06
leaf_weight=4421 37115 19654 576 2134 9685 17462 21974 110387 85925 240488 19242 7370 64810 655760
leaf_count=4421 37115 19654 576 2134 9685 17462 21974 110387 85925 240488 19242 7370 64810 655760
internal_value=4.80636e-07 -0.000113358 -0.000154003 7.65118e-06 5.63193e-05 3.79831e-06 -4.82631e-05 9.85561e-06 1.33257e-05 4.1081e-05 -7.96732e-05 -0.000180826 -4.6584e-05 1.54778e-07
internal_weight=1.297e+06 36470 32049 12395 11819 1.26053e+06 130858 1.12968e+06 1.09256e+06 350875 108884 26612 82272 741685
internal_count=1297003 36470 32049 12395 11819 1260533 130858 1129675 1092560 350875 108884 26612 82272 741685
is_linear=0
shrinkage=0.01


Tree=327
num_leaves=15
num_cat=0
split_feature=27 23 14 4 21 24 24 17 28 18 20 24 26 14
split_gain=5.01195 6.97134 4.80801 5.05465 4.96692 4.31417 4.17494 4.91746 3.79311 3.66986 4.79754 3.27136 5.53038 4.88816
threshold=-0.019259259259259278 0.1125 -0.20106382978723403 0.39678030303030309 -0.43938775510204076 -0.37939393939393934 0.25290697674418611 0.31866537717601556 -0.24734042553191488 -0.19782608695652171 0.093790707772470686 0.26920289855072471 0.15954545454545457 0.011766334440753036
decision_type=2 8 2 2 2 8 8 2 10 2 2 10 2 2
left_child=2 6 4 11 -1 -5 9 8 -8 10 -2 12 -4 -13
right_child=1 -3 3 5 -6 -7 7 -9 -10 -11 -12 13 -14 -15
leaf_value=0.00018201208688230883 -3.8418190054617372e-05 0.00023547776536972812 8.5082701331568446e-05 0.00024028299699270503 -8.8492513089529393e-05 -0.00017885272288122034 8.5366510241258799e-05 -0.00014484071825811323 -5.2512214660981385e-06 -5.028508479284802e-05 0.0001599772559647491 0.00015112308680171981 -5.5290974316044224e-07 2.6523409507086119e-05
leaf_weight=7568 30603 10555 101866 2781 61406 18172 71724 18107 128198 410146 20085 55428 287752 74563
leaf_count=7568 30603 10555 101866 2781 61406 18172 71724 18107 128198 410146 20085 55428 287752 74563
internal_value=-7.6114e-07 -1.92533e-05 2.01052e-05 3.01742e-05 -5.83705e-05 -0.000121765 -2.3259e-05 1.26899e-05 2.71095e-05 -4.03322e-05 3.96085e-05 3.63595e-05 2.17601e-05 7.98856e-05
internal_weight=1.29895e+06 689418 609536 540562 68974 20953 678863 218029 199922 460834 50688 519609 389618 129991
internal_count=1298954 689418 609536 540562 68974 20953 678863 218029 199922 460834 50688 519609 389618 129991
is_linear=0
shrinkage=0.01


Tree=328
num_leaves=15
num_cat=0
split_feature=17 27 26 28 23 19 23 28 22 22 22 27 1 10
split_gain=5.16005 4.5804 6.62597 7.32936 6.82738 6.46748 5.89744 4.87214 4.06411 3.91966 3.8742 3.42589 3.37926 3.04371
threshold=-0.40454545454545449 -0.14946808510638296 0.09449404761904763 0.47259759759759767 0.011237373737373714 0.011766334440753036 0.091666666666666688 -0.23956521739130432 -0.4560386473429951 0.39663461538461547 -0.082482993197278878 -0.31165540540540532 0.011766334440753036 -0.20643939393939389
decision_type=2 2 2 8 10 2 8 8 2 2 2 2 10 2
left_child=8 2 4 5 -2 -4 7 12 -1 13 -9 -6 -3 -10
right_child=1 6 3 -5 11 -7 -8 10 9 -11 -12 -13 -14 -15
leaf_value=-0.00047896354203485049 4.3491438675054135e-05 8.4897112903207288e-05 -3.9977385713861309e-05 -0.00019272212104749293 0.00036463890083138667 5.3293335645084906e-05 0.00021137495454555581 8.9005898012774919e-06 -0.00019936808584891999 -0.00071081135535558588 -4.5624053915365074e-05 0.00013178046428360789 -5.0084698427416583e-07 -3.217375630217725e-06
leaf_weight=2840 48964 67906 113244 16845 12593 215184 11706 187036 11737 978 423430 13821 143703 25247
leaf_count=2840 48964 67906 113244 16845 12593 215184 11706 187036 11737 978 423430 13821 143703 25247
internal_value=-1.33443e-06 2.24198e-06 2.91644e-05 1.05241e-05 0.000114145 2.10416e-05 -1.13047e-05 -1.45128e-05 -0.000112016 -8.37383e-05 -2.88696e-05 0.000243961 2.67627e-05 -6.62887e-05
internal_weight=1.29523e+06 1.25443e+06 420651 345273 75378 328428 833781 822075 40802 37962 610466 26414 211609 36984
internal_count=1295234 1254432 420651 345273 75378 328428 833781 822075 40802 37962 610466 26414 211609 36984
is_linear=0
shrinkage=0.01


Tree=329
num_leaves=15
num_cat=0
split_feature=24 26 23 15 14 24 4 28 24 17 14 24 22 22
split_gain=5.97889 6.72589 5.96909 5.32288 5.72521 5.22821 6.49333 4.98009 4.51246 4.24052 4.36509 4.54269 4.15342 4.03122
threshold=-0.17928571428571424 0.18677325581395351 0.04006410256410254 0.018187830687830701 0.069805194805194828 -0.42022727272727267 -0.27888888888888885 0.11257406188281767 -0.39208074534161486 -0.47979591836734686 0.36181818181818187 0.43875000000000003 -0.45180023228803712 -0.29118217054263557
decision_type=10 2 10 2 2 8 2 10 8 2 2 10 2 2
left_child=1 5 9 4 -3 -1 -7 13 -9 12 11 -11 -2 -5
right_child=2 3 -4 7 -6 6 -8 8 -10 10 -12 -13 -14 -15
leaf_value=0.00021446079374556421 -0.0011467166351742323 -0.00012826129446271225 0.00011404424849879013 -0.00014008908174956142 5.5224414389983873e-05 0.00020147700974928288 -3.6491121726277041e-05 -0.00041187778845704022 -5.4750688472591765e-05 1.8326447484880165e-06 -8.0286601282941931e-05 7.6519443108613336e-05 -0.00018232741858620894 9.9094902555664914e-05
leaf_weight=13129 519 132775 50796 8384 19256 13571 73837 3974 35955 750173 57166 91487 4302 41782
leaf_count=13129 519 132775 50796 8384 19256 13571 73837 3974 35955 750173 57166 91487 4302 41782
internal_value=-4.28305e-06 -4.01297e-05 8.55522e-06 -6.87143e-05 -0.000104823 2.8413e-05 1.18343e-07 -7.44756e-06 -9.10739e-05 2.59189e-06 4.21177e-06 9.98686e-06 -0.000293015 5.85173e-05
internal_weight=1.29711e+06 342663 954443 242126 152031 100537 87408 90095 39929 903647 898826 841660 4821 50166
internal_count=1297106 342663 954443 242126 152031 100537 87408 90095 39929 903647 898826 841660 4821 50166
is_linear=0
shrinkage=0.01


Tree=330
num_leaves=15
num_cat=0
split_feature=11 27 22 14 25 6 3 22 22 16 14 28 14 28
split_gain=5.76006 4.22816 4.07137 5.20229 4.1823 3.95895 4.46514 3.88056 3.95918 3.98809 3.60031 3.35922 2.98926 6.07818
threshold=-0.33156028368794321 0.30104166666666676 0.23979166666666671 0.010310374149659853 0.92500000000000016 0.47979591836734697 0.40212765957446817 0.49479166666666674 -0.4560386473429951 -0.42590909090909085 -0.45959183673469384 0.47849213691026832 0.012049941927990694 -0.41578014184397155
decision_type=2 2 2 2 2 8 10 2 2 2 2 8 2 10
left_child=2 7 3 4 10 6 -5 8 9 -2 -1 -10 -3 -14
right_child=1 12 -4 5 -6 -7 -8 -9 11 -11 -12 -13 13 -15
leaf_value=-0.00060641569749793648 -0.00074976861840006775 -6.1233168530475221e-05 -0.00020912075365470733 3.1726191966196365e-05 -0.00033501431513509219 0.00047398157880282186 -0.00032981290383153188 -0.00018748739558285165 2.4970366636759625e-05 -8.2517761475299167e-05 -5.1329842029573518e-05 -7.984429251729892e-05 0.00029907477929410302 -1.0414715043601356e-05
leaf_weight=1232 947 139130 17761 46240 8072 1866 3683 9258 875302 22044 28185 31556 6746 104782
leaf_count=1232 947 139130 17761 46240 8072 1866 3683 9258 875302 22044 28185 31556 6746 104782
internal_value=-1.40321e-07 6.15801e-06 -7.04263e-05 -4.24923e-05 -0.000132323 2.19589e-05 4.43504e-06 1.59183e-05 1.79763e-05 -0.000111401 -7.56563e-05 2.12898e-05 -3.02895e-05 8.04395e-06
internal_weight=1.2968e+06 1.18976e+06 107039 89278 37489 51789 49923 939107 929849 22991 29417 906858 250658 111528
internal_count=1296804 1189765 107039 89278 37489 51789 49923 939107 929849 22991 29417 906858 250658 111528
is_linear=0
shrinkage=0.01


Tree=331
num_leaves=15
num_cat=0
split_feature=24 26 28 22 27 26 28 24 28 28 21 21 19 17
split_gain=4.99951 6.1165 8.77666 4.80919 4.34513 5.82169 6.27065 4.10858 4.94594 3.98346 3.91189 5.15358 3.80276 3.74964
threshold=-0.22821969696969696 0.16496598639455784 0.21583850931677021 0.49479166666666674 1.0000000180025095e-35 0.04819976771196284 -0.23956521739130432 -0.42022727272727267 -0.37367021276595741 0.095491388044579531 0.48431818181818187 0.18042553191489366 -0.31957446808510631 -0.38318181818181812
decision_type=10 2 10 2 2 2 10 8 8 10 2 2 2 2
left_child=1 7 10 4 13 9 -7 -1 -9 -6 11 -3 -10 -2
right_child=3 2 -4 -5 5 6 -8 8 12 -11 -12 -13 -14 -15
leaf_value=0.0002092642377359956 -0.00010512876215485909 -1.1908965860736283e-05 -0.00019092948001382494 -0.00020565445856593131 -0.00015898475452314663 7.26171627218369e-05 -1.5601319232012009e-05 0.0001927490420382206 -0.00031136346444385235 9.6160791639544186e-08 0.00027886366154118345 -0.00015349276779202671 -6.3914793008459229e-06 3.9881289972792028e-05
leaf_weight=12016 18430 135961 43457 10151 39395 105854 336608 11926 4471 25588 3941 31878 50367 467554
leaf_count=12016 18430 135961 43457 10151 39395 105854 336608 11926 4471 25588 3941 31878 50367 467554
internal_value=4.91538e-08 -3.6192e-05 -6.38387e-05 1.06966e-05 1.29382e-05 -7.4801e-06 5.4365e-06 3.89611e-05 7.85305e-06 -9.58856e-05 -3.15098e-05 -3.89813e-05 -3.18189e-05 3.43197e-05
internal_weight=1.2976e+06 294017 215237 1.00358e+06 993429 507445 442462 78780 66764 64983 171780 167839 54838 485984
internal_count=1297597 294017 215237 1003580 993429 507445 442462 78780 66764 64983 171780 167839 54838 485984
is_linear=0
shrinkage=0.01


Tree=332
num_leaves=15
num_cat=0
split_feature=24 23 1 21 25 27 20 17 18 28 25 28 25 14
split_gain=5.65024 4.58446 4.37093 4.7002 7.23978 4.54625 3.58185 3.49078 3.51745 6.23695 3.42097 3.30739 3.18913 3.26294
threshold=-0.051682692307692284 0.051315789473684266 0.16333333333333336 -0.27888888888888885 0.50000000000000011 -0.1448028673835125 -0.26020833333333326 -0.47979591836734686 0.011237373737373714 0.10208333333333332 0.92500000000000016 -0.43969696969696964 0.27500000000000008 0.2525510204081633
decision_type=10 10 10 2 2 2 2 2 2 10 2 10 2 2
left_child=2 7 3 12 5 -5 -6 -2 9 -9 -10 -4 -1 -14
right_child=1 -3 11 4 6 -7 -8 8 10 -11 -12 -13 13 -15
leaf_value=-9.1287061300428514e-05 -0.00025614669567229008 0.00012951172277612071 0.00011353838330220837 0.00010808176173652505 -0.0001686784111183991 -9.0117329198667893e-06 -4.1282178350244487e-05 8.5732600711630001e-05 -2.0619095729277282e-05 -9.0697374261065142e-06 4.3244259432030181e-05 -9.721397698212536e-05 0.0001459097979572152 -0.00020904653599345663
leaf_weight=8469 4797 35084 7914 53654 24679 85721 227782 149810 317158 128312 113932 100053 36897 2716
leaf_count=8469 4797 35084 7914 53654 24679 85721 227782 149810 317158 128312 113932 100053 36897 2716
internal_value=-2.63566e-09 1.78244e-05 -2.44313e-05 -1.03602e-05 -2.18711e-05 3.58509e-05 -5.38563e-05 1.2294e-05 1.4153e-05 4.18879e-05 -3.67099e-06 -8.14852e-05 8.28177e-05 0.000120802
internal_weight=1.29698e+06 749093 547885 439918 391836 139375 252461 714009 709212 278122 431090 107967 48082 39613
internal_count=1296978 749093 547885 439918 391836 139375 252461 714009 709212 278122 431090 107967 48082 39613
is_linear=0
shrinkage=0.01


Tree=333
num_leaves=15
num_cat=0
split_feature=4 28 24 3 23 28 24 22 25 28 2 25 14 28
split_gain=4.74997 6.81493 5.40604 4.54702 4.39031 4.78393 3.98256 3.42385 4.01275 3.38315 6.01082 3.15179 5.61821 4.39806
threshold=0.2525510204081633 -0.43142633228840116 0.26163419913419916 -0.26020833333333326 0.077380952380952397 0.33156028368794332 0.27951388888888895 0.45789007092198591 0.92500000000000016 0.49000000000000005 0.33503401360544227 0.27500000000000008 0.2525510204081633 -0.30217391304347824
decision_type=2 8 8 10 10 10 8 2 2 8 10 2 2 8
left_child=2 -2 4 -3 7 -6 -4 -1 -9 -5 -11 12 -8 -13
right_child=1 3 6 9 5 -7 11 8 -10 10 -12 13 -14 -15
leaf_value=-7.6898088711811153e-06 0.0001767946481691493 -0.00022876657174707168 0.00012582324187029715 -4.0058120347985201e-05 0.00030760321992713194 -7.5546815612383768e-05 -3.552303503506768e-05 -3.2163562156014058e-05 -0.00035445589986438873 -0.00075037386712909371 -6.0429609170544405e-06 0.00010783190457866662 -0.00062956097687169945 1.0091696152507756e-05
leaf_weight=767338 12621 15248 47900 164980 8917 4963 27628 10876 6200 1882 2752 65544 1700 157472
leaf_count=767338 12621 15248 47900 164980 8917 4963 27628 10876 6200 1882 2752 65544 1700 157472
internal_value=-2.21203e-06 -4.7381e-05 5.88074e-06 -6.28509e-05 -7.69218e-06 0.000168455 4.20683e-05 -1.08479e-05 -0.000150981 -4.77547e-05 -0.000315097 2.60497e-05 -7.10402e-05 3.89529e-05
internal_weight=1.29602e+06 197483 1.09854e+06 184862 798294 13880 300244 784414 17076 169614 4634 252344 29328 223016
internal_count=1296021 197483 1098538 184862 798294 13880 300244 784414 17076 169614 4634 252344 29328 223016
is_linear=0
shrinkage=0.01


Tree=334
num_leaves=15
num_cat=0
split_feature=28 26 21 17 21 11 14 26 14 19 19 11 5 19
split_gain=4.76513 7.21263 6.14381 5.58717 4.70279 3.88333 4.94336 4.39761 4.09391 3.82502 3.1871 2.88041 2.70684 2.83751
threshold=0.10208333333333332 0.045983086680761107 -0.43938775510204076 -0.38318181818181812 -0.37367021276595741 -0.33156028368794321 -0.43257575757575756 0.15954545454545457 0.47979591836734697 -0.47979591836734686 0.21583850931677021 1.0000000180025095e-35 0.30642923219241447 0.023268398268398275
decision_type=10 2 2 2 2 2 2 2 2 2 2 2 10 2
left_child=2 4 -1 -3 -2 6 -4 9 -8 -7 -9 -6 13 -5
right_child=1 3 5 12 11 7 8 10 -10 -11 -12 -13 -14 -15
leaf_value=0.00019440394076112482 -0.00017311294655394702 -0.00019275216483706292 -0.00062635000621712557 -4.3662150032666124e-05 0.00022773721333997941 0.00059000715223530848 -3.9750730719800712e-05 2.4566020128851045e-05 -0.00066129626819586256 -2.8689098176296786e-05 0.00010951677722262606 6.378163931550008e-05 -9.3434320580072146e-05 1.0269155950903119e-05
leaf_weight=18900 6537 21781 1567 213357 15066 998 48758 468614 1089 175783 49087 40182 56260 178409
leaf_count=18900 6537 21781 1567 213357 15066 998 48758 468614 1089 175783 49087 40182 56260 178409
internal_value=2.5453e-07 -2.27179e-05 1.62614e-05 -3.61198e-05 7.86994e-05 1.17065e-05 -7.20344e-05 1.79495e-05 -5.39703e-05 -2.50167e-05 3.26794e-05 0.000109045 -2.84368e-05 -1.90255e-05
internal_weight=1.29639e+06 531592 764796 469807 61785 745896 51414 694482 49847 176781 517701 55248 448026 391766
internal_count=1296388 531592 764796 469807 61785 745896 51414 694482 49847 176781 517701 55248 448026 391766
is_linear=0
shrinkage=0.01


Tree=335
num_leaves=15
num_cat=0
split_feature=7 4 5 26 4 15 23 25 14 16 24 4 19 18
split_gain=4.8174 3.87416 4.53842 3.40799 3.70376 4.57324 3.1165 2.93122 2.92073 2.82198 2.77904 2.48957 2.42648 2.29427
threshold=-0.40454545454545449 -0.26020833333333326 0.33836734693877557 0.36055555555555557 0.063858695652173905 -0.1769565217391304 0.059027777777777797 0.77500000000000024 -0.22170212765957442 0.010527482269503509 0.46841755319148942 -0.45789007092198575 -0.47979591836734686 0.010102040816326542
decision_type=2 2 10 2 2 2 8 2 2 2 8 2 2 2
left_child=3 11 6 10 5 7 12 -5 -6 -10 -1 -2 -3 -13
right_child=1 2 -4 4 8 -7 -8 -9 9 -11 -12 13 -14 -15
leaf_value=9.7683823677896427e-06 -4.9306401422058983e-05 0.00024988872818938691 -6.9225941538055192e-05 -2.3852562631443972e-05 -0.00063981969287812176 7.1552864176287908e-06 0.00012776258519582877 -0.00046680227291362268 -1.3399846242185267e-05 -0.00037941055113536982 -0.00058550719776199556 0.00012758140990273191 -1.8002632202406742e-06 3.6541188100875866e-05
leaf_weight=27612 21547 3842 99206 2573 2199 16346 19231 4129 3961 4969 803 41551 962556 87363
leaf_count=27612 21547 3842 99206 2573 2199 16346 19231 4129 3961 4969 803 41551 962556 87363
internal_value=-2.49247e-06 1.82056e-06 -4.74955e-06 -8.80882e-05 -0.000155404 -8.12672e-05 1.70992e-06 -0.000301308 -0.000306183 -0.00022048 -6.05831e-06 4.939e-05 -7.67836e-07 6.61199e-05
internal_weight=1.29789e+06 1.2353e+06 1.08484e+06 62592 34177 23048 985629 6702 11129 8930 28415 150461 966398 128914
internal_count=1297888 1235296 1084835 62592 34177 23048 985629 6702 11129 8930 28415 150461 966398 128914
is_linear=0
shrinkage=0.01


Tree=336
num_leaves=15
num_cat=0
split_feature=27 23 2 20 4 22 28 3 26 28 26 4 28 28
split_gain=4.64486 5.08431 4.75496 4.29602 4.21087 4.01218 3.71245 3.70472 3.54457 3.32683 3.64953 3.03071 3.01251 2.9906
threshold=-0.019259259259259278 0.1125 -0.3118055555555555 -0.47979591836734686 0.37627551020408168 0.48456521739130437 -0.1236111111111111 -0.46404255319148929 0.06030303030303031 -0.17928571428571424 0.30116279069767443 0.23935688405797104 0.45959183673469389 0.47259759759759767
decision_type=2 8 8 2 2 2 10 10 2 8 2 2 10 8
left_child=2 3 4 6 -1 13 -2 -5 -9 -7 -11 -8 -6 -4
right_child=1 -3 5 7 12 9 11 8 -10 10 -12 -13 -14 -15
leaf_value=-2.3286106139475905e-05 0.00052174038542756088 0.00020330159379378343 4.2106932870599419e-05 -0.00029541589590381602 -0.00020219045141095082 0.0001087150285293907 -0.00070236274409072458 -7.8900708180161506e-05 -1.1009448007817685e-05 2.4181779971901821e-05 -0.00059395552253515779 0.00019577284430206433 -0.00091676509812890425 -7.4321449534889804e-05
leaf_weight=91566 2709 10323 480099 4938 6607 1915 523 89007 579758 1323 2752 1259 684 22943
leaf_count=91566 2709 10323 480099 4938 6607 1915 523 89007 579758 1323 2752 1259 684 22943
internal_value=1.09712e-06 -1.66641e-05 2.12635e-05 -2.00574e-05 -4.20654e-05 3.36214e-05 0.000287624 -2.21542e-05 -2.00904e-05 -0.000222888 -0.000386043 -5.17521e-05 -0.00027369 3.67368e-05
internal_weight=1.29641e+06 688517 607889 678194 98857 509032 4491 673703 668765 5990 4075 1782 7291 503042
internal_count=1296406 688517 607889 678194 98857 509032 4491 673703 668765 5990 4075 1782 7291 503042
is_linear=0
shrinkage=0.01


Tree=337
num_leaves=15
num_cat=0
split_feature=22 28 23 26 24 24 3 21 22 21 19 3 7 28
split_gain=4.97067 5.0063 6.27253 5.82843 7.63818 4.63242 5.18655 4.48815 4.07739 3.62373 2.9391 2.69984 3.18035 4.31074
threshold=0.39663461538461547 0.10208333333333332 0.20833333333333334 0.045983086680761107 -0.38799283154121861 -0.039736842105263147 -0.44222222222222213 -0.43938775510204076 -0.45959183673469384 -0.42590909090909085 0.011237373737373714 0.40212765957446817 0.023268398268398275 0.27346041055718479
decision_type=2 8 10 2 10 10 10 2 2 2 2 8 2 10
left_child=1 2 7 4 -3 10 -7 -1 -9 -6 -5 12 13 -2
right_child=11 3 -4 5 9 6 -8 8 -10 -11 -12 -13 -14 -15
leaf_value=0.00017384458398392259 -0.00016759774112481821 0.0004759333158878223 0.00069679786544699866 -0.00014960767974683318 -0.00028985673864868856 -0.00027499685773229525 5.7692537548069053e-07 -0.00012416135312794325 1.9901396010675191e-05 6.0574378158859383e-05 -5.0228229240673693e-05 -0.00031099776450453312 5.5746619565312863e-05 5.7509250959862986e-05
leaf_weight=18471 32984 4366 1371 38895 3102 7002 265008 20174 686195 52313 135082 4977 15476 11226
leaf_count=18471 32984 4366 1371 38895 3102 7002 265008 20174 686195 52313 135082 4977 15476 11226
internal_value=-1.68255e-07 4.29428e-06 2.11372e-05 -1.98304e-05 7.27345e-05 -3.23056e-05 -6.40948e-06 1.98149e-05 1.5744e-05 4.04021e-05 -7.26205e-05 -8.565e-05 -6.63418e-05 -0.000109759
internal_weight=1.29664e+06 1.23198e+06 726211 505768 59781 445987 272010 724840 706369 55415 173977 64663 59686 44210
internal_count=1296642 1231979 726211 505768 59781 445987 272010 724840 706369 55415 173977 64663 59686 44210
is_linear=0
shrinkage=0.01


Tree=338
num_leaves=15
num_cat=0
split_feature=0 3 4 22 14 26 10 21 18 5 24 27 15 23
split_gain=4.50224 4.26806 3.82095 4.39004 4.2926 3.51927 3.05521 2.94141 2.62545 2.40998 1.98239 1.93665 2.06146 2.50029
threshold=0.28492136910268279 -0.44222222222222213 -0.26020833333333326 0.32025641025641027 0.29795918367346946 0.50510204081632659 0.014087301587301539 0.41207729468599036 -0.1031914893617021 0.49000000000000005 -0.42752100840336132 -0.47894503546099287 -0.37877551020408157 0.010527482269503509
decision_type=8 8 2 2 2 2 2 2 2 10 10 2 2 10
left_child=1 5 7 4 -4 -1 -5 -3 -9 11 -11 -2 13 -13
right_child=9 2 3 6 -6 -7 -8 8 -10 10 -12 12 -14 -15
leaf_value=-7.082887581811899e-06 0.00023782651227752507 7.3146191358077178e-05 1.7178968428789445e-05 -0.00010380706340401261 -7.297572833855975e-05 -0.00024084603598416976 8.9994048282507081e-06 0.00016868817947414554 -0.00022825283546234386 0.00033227909231871961 -0.00024025757755575386 0.00011708393601983631 -5.3538212928234548e-05 -0.00036325368592203278
leaf_weight=14039 2475 126177 811576 60007 56391 12342 39252 2200 6123 603 9057 12523 143970 1160
leaf_count=14039 2475 126177 811576 60007 56391 12342 39252 2200 6123 603 9057 12523 143970 1160
internal_value=7.47954e-07 7.99632e-06 1.10312e-05 4.05334e-06 1.12869e-05 -0.000117598 -5.88966e-05 6.0987e-05 -0.000119704 -4.72343e-05 -0.000201322 -3.77478e-05 -4.22688e-05 7.40998e-05
internal_weight=1.2979e+06 1.12811e+06 1.10173e+06 967226 867967 26381 99259 134500 8323 169788 9660 160128 157653 13683
internal_count=1297895 1128107 1101726 967226 867967 26381 99259 134500 8323 169788 9660 160128 157653 13683
is_linear=0
shrinkage=0.01


Tree=339
num_leaves=15
num_cat=0
split_feature=22 24 22 23 22 26 24 27 17 3 24 22 24 26
split_gain=4.53945 4.52119 5.59281 5.76068 5.48917 5.15625 4.94819 4.74204 4.09203 3.74012 4.01843 3.63528 7.00289 5.57568
threshold=0.48456521739130437 -0.057189542483660143 0.080697674418604662 0.012347560975609741 -0.23779761904761901 0.47140522875816998 -0.17321428571428568 0.36023255813953492 -0.40454545454545449 0.47979591836734697 0.26393188854489169 -0.16496598639455781 0.43875000000000003 0.28102564102564109
decision_type=2 10 2 10 2 2 10 2 2 8 10 2 10 2
left_child=1 2 4 7 -1 -6 -5 -4 9 -3 -11 12 -10 -13
right_child=-2 8 3 6 5 -7 -8 -9 11 10 -12 13 -14 -15
leaf_value=-5.4446859673471258e-05 -0.0001870811732109211 -6.140424068162045e-05 -2.7451386444997017e-05 -0.00037783263900277011 8.1906669404550276e-05 -1.5784826039146037e-05 3.5561975110260536e-05 -0.000176770292363602 2.990420894000396e-05 -9.1980967483879655e-05 -0.0008571679530764494 -3.1878859452406889e-05 0.00019270337895988413 3.2645332590138545e-05
leaf_weight=108823 12906 23890 147576 10103 107108 108182 3879 25028 136133 1651 1310 210709 32999 366499
leaf_count=108823 12906 23890 147576 10103 107108 108182 3879 25028 136133 1651 1310 210709 32999 366499
internal_value=-4.76499e-07 1.37637e-06 -2.1688e-05 -6.5311e-05 3.33273e-06 3.26784e-05 -0.000261017 -4.92795e-05 1.66494e-05 -0.000104444 -0.00044116 2.10466e-05 6.18479e-05 9.03885e-06
internal_weight=1.2968e+06 1.28389e+06 510699 186586 324113 215290 13982 172604 773191 26851 2961 746340 169132 577208
internal_count=1296796 1283890 510699 186586 324113 215290 13982 172604 773191 26851 2961 746340 169132 577208
is_linear=0
shrinkage=0.01


Tree=340
num_leaves=15
num_cat=0
split_feature=4 19 24 15 24 21 15 27 21 28 24 18 11 11
split_gain=4.67848 6.52366 5.26587 4.98843 4.73816 4.43548 4.67876 4.36205 6.10247 4.23479 4.19611 3.85697 5.26546 3.50909
threshold=0.2525510204081633 -0.38148936170212761 0.26163419913419916 -0.015555555555555571 0.27951388888888895 0.2525510204081633 0.010527482269503509 -0.15261756876663707 0.093790707772470686 0.084349593495934974 -0.41476388168136996 0.020416666666666698 -0.29795918367346935 -0.1236111111111111
decision_type=2 2 8 2 10 2 2 2 2 10 8 2 2 2
left_child=2 13 5 10 -4 7 -7 9 -9 -1 -3 12 -6 -2
right_child=1 3 4 -5 11 6 -8 8 -10 -11 -12 -13 -14 -15
leaf_value=7.6835598813665949e-05 0.00020453880198813005 0.00019637779848843877 0.00013694224809795397 -3.1682287953076835e-05 -9.0880126839512577e-05 -4.1086990191936298e-05 -0.00025979363610897845 -2.417414159700516e-05 0.00010216650221488448 -4.7504825585042473e-06 -0.00017695311731847168 -1.5250042759224992e-05 8.7479035048747752e-05 0
leaf_weight=135308 13887 3142 48876 112335 18959 63336 11698 428005 41920 118846 46381 109820 123168 21599
leaf_count=135308 13887 3142 48876 112335 18959 63336 11698 428005 41920 118846 46381 109820 123168 21599
internal_value=2.9412e-06 -4.18608e-05 1.10067e-05 -6.8882e-05 4.66728e-05 -2.38231e-06 -7.55928e-05 5.16311e-06 -1.28394e-05 3.85672e-05 -0.000152651 2.90407e-05 6.34744e-05 8.0538e-05
internal_weight=1.29728e+06 197344 1.09994e+06 161858 300823 799113 75034 724079 469925 254154 49523 251947 142127 35486
internal_count=1297280 197344 1099936 161858 300823 799113 75034 724079 469925 254154 49523 251947 142127 35486
is_linear=0
shrinkage=0.01


Tree=341
num_leaves=15
num_cat=0
split_feature=4 28 24 24 24 19 24 26 28 23 28 26 26 27
split_gain=4.47644 6.49583 4.90601 4.89582 4.89467 4.96347 4.14464 4.55278 5.25961 4.10546 7.17873 4.91286 4.44154 4.33928
threshold=0.26020833333333337 -0.41945945945945939 -0.45773809523809517 0.26163419913419916 -0.21937499999999996 -0.39472517730496448 0.27951388888888895 0.15954545454545457 -0.30217391304347824 0.077380952380952397 0.30217391304347835 0.16496598639455784 0.05634920634920635 -0.1448028673835125
decision_type=2 8 8 10 10 2 10 2 10 8 8 2 2 2
left_child=3 -2 -3 9 -4 -6 -5 -8 -9 13 11 -11 -12 -1
right_child=1 2 4 6 5 -7 7 8 -10 10 12 -13 -14 -15
leaf_value=2.2356487302669849e-05 0.00016778590229825149 0.0001920681856439581 -0.00017081424238689309 0.00012668071078479577 0.00010175234262787725 -6.9560364736109335e-05 -4.7785996075423034e-05 0.0001291630291283179 1.4936660093540828e-05 -1.4050575377131034e-05 0.00032236967623399038 0.00048644465250276134 -0.00030873272092282007 -2.6280304656630255e-05
leaf_weight=288063 13204 7231 39274 48356 19932 107856 63435 58217 133493 2671 1530 6351 3845 503400
leaf_count=288063 13204 7231 39274 48356 19932 107856 63435 58217 133493 2671 1530 6351 3845 503400
internal_value=-2.15422e-07 -4.54292e-05 -6.17566e-05 7.39938e-06 -7.29258e-05 -4.2603e-05 4.16422e-05 2.54065e-05 4.9782e-05 -5.45993e-06 0.00016177 0.000334991 -0.000123431 -8.54041e-06
internal_weight=1.29686e+06 187497 174293 1.10936e+06 167062 127788 303501 255145 191710 805860 14397 9022 5375 791463
internal_count=1296858 187497 174293 1109361 167062 127788 303501 255145 191710 805860 14397 9022 5375 791463
is_linear=0
shrinkage=0.01


Tree=342
num_leaves=15
num_cat=0
split_feature=17 27 3 18 3 22 26 3 24 7 3 26 24 22
split_gain=4.63763 4.44472 4.13117 3.9336 4.00681 4.41629 3.91557 5.54015 4.50865 3.77963 3.98615 3.18607 4.83361 2.94786
threshold=-0.40454545454545449 0.019259259259259257 0.47979591836734697 -0.17888888888888885 -0.34021276595744671 0.22540322580645164 0.080816326530612256 0.011237373737373714 -0.15881374722838135 -0.31050531914893614 -0.39472517730496448 0.68237250554323736 0.46551268498942927 0.48456521739130437
decision_type=2 2 8 2 10 2 2 10 8 2 8 2 10 2
left_child=2 9 -1 4 -3 -6 7 -5 -8 11 -11 -2 -13 -12
right_child=1 3 -4 6 5 -7 8 -9 -10 10 13 12 -14 -15
leaf_value=-6.9157557283120545e-05 5.5675756212536663e-06 -0.00018644784784091245 -0.00038179480554204498 4.6181592741593849e-05 0.00011769409407190976 -0.00012597227860167788 -6.6924363814326564e-05 -0.00013215237748717408 3.5303964293009734e-06 -0.00013755073808453241 3.7507925462863508e-05 -0.00014911410232670109 0.00027345443595374941 -0.00018057800683817811
leaf_weight=36135 61111 6107 4868 23146 50192 8616 122314 67806 350172 13704 511811 32334 2906 6226
leaf_count=36135 61111 6107 4868 23146 50192 8616 122314 67806 350172 13704 511811 32334 2906 6226
internal_value=-2.37184e-06 1.02002e-06 -0.000107032 -1.77592e-05 5.58043e-05 8.14797e-05 -2.62881e-05 -8.6439e-05 -1.46453e-05 1.98548e-05 3.03282e-05 -3.76338e-05 -0.000113396 3.48279e-05
internal_weight=1.29745e+06 1.25644e+06 41003 628353 64915 58808 563438 90952 472486 628092 531741 96351 35240 518037
internal_count=1297448 1256445 41003 628353 64915 58808 563438 90952 472486 628092 531741 96351 35240 518037
is_linear=0
shrinkage=0.01


Tree=343
num_leaves=15
num_cat=0
split_feature=27 24 23 21 25 28 27 23 21 28 25 23 21 25
split_gain=4.11747 5.56744 5.42816 6.01134 4.5344 4.43245 4.46543 3.96209 3.72632 3.56807 2.77831 2.77626 2.83641 5.71193
threshold=0.38047619047619052 -0.42752100840336132 0.011766334440753036 0.19782608695652174 0.77500000000000024 0.47752525252525257 -0.41010101010101002 0.14583333333333334 -0.45959183673469384 0.44804318488529016 1.0000000180025095e-35 0.066964285714285712 -0.28130434782608693 0.77500000000000024
decision_type=2 10 10 2 2 8 2 10 2 10 2 10 2 2
left_child=5 -2 3 4 -3 11 -7 9 -8 -4 -10 12 13 -1
right_child=1 2 7 -5 -6 6 8 -9 10 -11 -12 -13 -14 -15
leaf_value=-6.4223476793293494e-06 0.00021147683637444016 -9.1538922065626872e-05 -3.2583959245689373e-05 -1.9187768979527967e-05 -0.00027808262424920606 -0.00036433148288363441 0.00032115412969202484 0.00044809776180000128 0.00049392390035504384 0.0001793834284601164 -9.2453298976396799e-05 0.0001772630405689147 3.0496669722080963e-06 0.00012566708437635152
leaf_weight=72473 7993 29391 56878 44877 24413 5291 2459 2004 809 9222 36342 9941 935059 59105
leaf_count=72473 7993 29391 56878 44877 24413 5291 2459 2004 809 9222 36342 9941 935059 59105
internal_value=-3.16484e-07 -4.54844e-05 -5.79824e-05 -0.000105402 -0.00017675 6.6961e-06 -9.05763e-05 1.02888e-05 -5.32267e-05 -2.55051e-06 -7.88381e-05 1.07812e-05 9.20094e-06 5.26859e-05
internal_weight=1.29626e+06 174778 166785 98681 53804 1.12148e+06 44901 68104 39610 66100 37151 1.07658e+06 1.06664e+06 131578
internal_count=1296257 174778 166785 98681 53804 1121479 44901 68104 39610 66100 37151 1076578 1066637 131578
is_linear=0
shrinkage=0.01


Tree=344
num_leaves=15
num_cat=0
split_feature=1 3 6 28 21 25 28 14 27 28 15 15 28 28
split_gain=5.31785 5.60214 5.96644 4.15297 3.65783 4.71414 3.41556 3.16579 4.38105 3.27279 2.91056 2.8603 2.3244 3.84228
threshold=0.30104166666666676 -0.44222222222222213 0.19782608695652174 -0.39528508771929821 -0.26043478260869563 0.82500000000000018 0.095491388044579531 -0.1633333333333333 -0.15261756876663707 -0.43969696969696964 -0.40667311411992257 0.010310374149659853 -0.22046511627906973 0.23252032520325203
decision_type=10 8 10 10 2 2 10 2 2 10 2 2 10 10
left_child=1 2 -1 -2 5 6 -3 9 -9 -6 12 -7 -5 -14
right_child=3 4 -4 10 7 11 -8 8 -10 -11 -12 -13 13 -15
leaf_value=-0.00027591224607737382 0.00010485619087324612 9.1849460031076364e-05 9.594266614210896e-06 -0.00021015395048866979 0.00018885214339347194 -0.00037341161168026387 -2.2181487074358534e-05 4.0204375965219125e-05 -6.5753112470578712e-06 -7.3464139955180989e-05 -8.4102322239967676e-05 0.0001875262127922278 0.00032316225466256669 -0.00018691577149430373
leaf_weight=14277 14515 46460 14616 1846 5020 901 59761 301195 594813 74796 132104 29203 5322 1961
leaf_count=14277 14515 46460 14616 1846 5020 901 59761 301195 594813 74796 132104 29203 5322 1961
internal_value=-5.31773e-07 6.9265e-06 -0.00013046 -5.53643e-05 1.0523e-05 5.90581e-05 2.74133e-05 3.71166e-06 9.11638e-06 -5.65835e-05 -7.2045e-05 0.000169706 9.91198e-05 0.000181682
internal_weight=1.29679e+06 1.14104e+06 28893 155748 1.11215e+06 136325 106221 975824 896008 79816 141233 30104 9129 7283
internal_count=1296790 1141042 28893 155748 1112149 136325 106221 975824 896008 79816 141233 30104 9129 7283
is_linear=0
shrinkage=0.01


Tree=345
num_leaves=15
num_cat=0
split_feature=0 27 26 23 28 19 24 26 17 23 28 27 3 24
split_gain=4.45737 3.42996 7.62999 4.55961 4.42096 4.83698 3.79924 6.28701 5.8696 5.4277 3.96146 3.51112 2.92023 2.30672
threshold=0.36181818181818187 -0.14946808510638296 0.15954545454545457 0.011766334440753036 0.49000000000000005 0.011766334440753036 0.26163419913419916 0.10102040816326532 0.011766334440753036 0.091666666666666688 -0.30217391304347824 -0.30901722391084091 0.011237373737373714 -0.024695121951219531
decision_type=10 2 2 10 8 2 8 2 2 10 10 2 8 8
left_child=1 2 3 -1 5 -4 9 8 -8 12 -9 -5 -3 -6
right_child=-2 6 4 11 13 -7 7 10 -10 -11 -12 -13 -14 -15
leaf_value=5.5540798834155752e-05 -6.148900781569661e-05 1.6570147866721142e-05 -4.5958978913651931e-05 0.00029944238338967761 1.7860788866232817e-07 3.9301936260238285e-05 2.4001730897057618e-05 0.0001291009390422833 -0.00019150271500534101 0.00021762407431246948 2.4792966134423619e-05 9.3455848459800267e-05 -3.8618065995804005e-05 -0.0003207241218611106
leaf_weight=68615 109489 124113 100346 17188 3198 196726 28153 51043 22627 9295 130703 17034 411801 6262
leaf_count=68615 109489 124113 100346 17188 3198 196726 28153 51043 22627 9295 130703 17034 411801 6262
internal_value=-4.1696e-07 5.19071e-06 2.86345e-05 0.00010318 3.52693e-06 1.04011e-05 -7.11065e-06 2.66752e-05 -7.14395e-05 -2.15751e-05 5.42544e-05 0.000197806 -2.5781e-05 -0.000209105
internal_weight=1.29659e+06 1.1871e+06 409369 102837 306532 297072 777735 232526 50780 545209 181746 34222 535914 9460
internal_count=1296593 1187104 409369 102837 306532 297072 777735 232526 50780 545209 181746 34222 535914 9460
is_linear=0
shrinkage=0.01


Tree=346
num_leaves=15
num_cat=0
split_feature=1 3 6 22 10 21 28 25 28 23 7 3 21 11
split_gain=4.56421 5.02583 6.6136 4.30366 4.88362 3.46859 4.1302 2.99808 2.80566 2.80494 2.33981 2.98081 2.85146 3.84354
threshold=0.30558300395256921 -0.44222222222222213 -0.19352968460111314 0.32025641025641027 0.023268398268398275 -0.45959183673469384 0.45959183673469389 0.82500000000000018 -0.39528508771929821 0.010990338164251214 0.030012004801920792 0.22111111111111112 0.30104166666666676 0.085144927536231943
decision_type=10 8 10 2 2 2 10 2 10 10 2 10 2 2
left_child=1 2 -1 5 -5 7 -7 -3 -2 -4 11 -10 -12 -14
right_child=8 3 9 4 -6 6 -8 -9 10 -11 12 -13 13 -15
leaf_value=-0.00034456727246321811 8.0196146359776623e-05 7.9978112089370594e-05 1.4062933510269299e-05 -9.2226537277319647e-05 5.3241678354705037e-05 1.8101879605070545e-05 -7.3031160157765901e-05 0.00039211938867946965 -9.6507527989568722e-05 -0.00043580707193592599 -7.4338970692250692e-05 -0.00037236881970879941 0.00012206633555182049 -0.0001404942873755852
leaf_weight=9274 14285 13593 18116 79032 32313 932192 52423 4135 19225 1491 88260 5112 18707 7862
leaf_count=9274 14285 13593 18116 79032 32313 932192 52423 4135 19225 1491 88260 5112 18707 7862
internal_value=-1.08228e-06 5.77147e-06 -0.000124389 9.17414e-06 -4.9741e-05 1.57488e-05 1.32191e-05 0.00015453 -5.23087e-05 -1.86787e-05 -6.61269e-05 -0.000155724 -4.68729e-05 4.32362e-05
internal_weight=1.29602e+06 1.14257e+06 28881 1.11369e+06 111345 1.00234e+06 984615 17728 153451 19607 139166 24337 114829 26569
internal_count=1296020 1142569 28881 1113688 111345 1002343 984615 17728 153451 19607 139166 24337 114829 26569
is_linear=0
shrinkage=0.01


Tree=347
num_leaves=15
num_cat=0
split_feature=24 26 3 24 17 22 22 24 17 11 19 2 26 22
split_gain=4.52262 6.1707 4.96054 5.08233 5.38744 4.31506 5.15534 4.42089 4.05153 3.14465 4.61263 4.2289 6.2433 4.35579
threshold=0.26163419913419916 0.52041666666666686 -0.44222222222222213 0.48500000000000004 -0.31909090909090904 -0.45959183673469384 -0.2041245791245791 0.26920289855072471 0.21869565217391304 0.020416666666666698 0.47979591836734697 -0.3118055555555555 0.63299319727891168 0.32025641025641027
decision_type=10 2 10 10 2 2 2 10 2 2 2 10 2 2
left_child=9 5 -3 4 -4 -2 8 -8 -7 11 -11 12 -1 -13
right_child=1 2 3 -5 -6 6 7 -9 -10 10 -12 13 -14 -15
leaf_value=-2.5221485533698517e-05 -0.00037447432097113587 -0.00026118407612097202 -0.0001002296334700066 -0.00019849601462190971 0.00010792516315937876 0.00013176360041386581 0.00022782637909807553 -4.0760500327096677e-05 -0.00022517560798219482 4.0963583147150809e-06 0.00028229715140715015 -8.6829324261837757e-06 -0.00023933320063511285 -0.00010208337788333114
leaf_weight=34958 3201 4336 13409 6251 149655 35150 6357 151350 3437 363923 6063 439923 22696 56490
leaf_count=34958 3201 4336 13409 6251 149655 35150 6357 151350 3437 363923 6063 439923 22696 56490
internal_value=-1.88708e-06 2.74693e-05 7.10776e-05 7.97682e-05 9.06228e-05 -1.03399e-05 -4.2434e-06 -2.97397e-05 9.91781e-05 -1.37741e-05 8.7386e-06 -2.88614e-05 -0.000110037 -1.93726e-05
internal_weight=1.2972e+06 373146 173651 169315 163064 199495 196294 157707 38587 924053 369986 554067 57654 496413
internal_count=1297199 373146 173651 169315 163064 199495 196294 157707 38587 924053 369986 554067 57654 496413
is_linear=0
shrinkage=0.01


Tree=348
num_leaves=15
num_cat=0
split_feature=11 28 26 5 3 23 6 4 23 4 25 15 14 6
split_gain=5.53847 6.6185 4.07536 3.87127 3.57859 5.22875 4.18352 4.1362 3.29888 2.50375 2.46973 2.36483 2.31784 2.3454
threshold=-0.45789007092198575 0.41751700680272114 0.56980519480519487 0.43683510638297879 -0.45789007092198575 0.010990338164251214 -0.21352583586626137 -0.25777777777777772 0.034523809523809519 -0.45789007092198575 0.82500000000000018 -0.42111111111111105 -0.41918367346938773 0.45603864734299526
decision_type=2 8 2 8 8 10 10 2 10 2 2 2 2 10
left_child=1 2 12 4 5 6 -2 9 -9 -6 11 -5 -1 -14
right_child=3 -3 -4 10 7 -7 -8 8 -10 -11 -12 -13 13 -15
leaf_value=-0.0005880005387221824 -0.00028276727350601174 -0.0004985263205922858 -0.00022549943289560539 0.00019299564980874981 -3.8719642965547875e-05 -0.00080077097101137809 1.3149266200797444e-05 -1.5635358186345643e-06 6.8704480657015882e-05 7.5267106679103603e-05 -0.00019902107593822009 -6.3341848014656274e-05 4.0920598108087242e-05 0.00059870509065689903
leaf_weight=526 6964 4392 9393 3907 22176 1070 14650 966507 71724 132513 12826 40057 10480 828
leaf_count=526 6964 4392 9393 3907 22176 1070 14650 966507 71724 132513 12826 40057 10480 828
internal_value=1.3444e-06 -0.000144188 -6.93995e-05 4.29853e-06 8.09105e-06 -0.000116216 -8.08328e-05 1.04802e-05 3.26207e-06 5.87318e-05 -7.63492e-05 -3.98677e-05 5.19931e-05 8.45632e-05
internal_weight=1.29801e+06 25619 21227 1.27239e+06 1.2156e+06 22684 21614 1.19292e+06 1.03823e+06 154689 56790 43964 11834 11308
internal_count=1298013 25619 21227 1272394 1215604 22684 21614 1192920 1038231 154689 56790 43964 11834 11308
is_linear=0
shrinkage=0.01


Tree=349
num_leaves=15
num_cat=0
split_feature=0 3 26 27 26 28 23 23 3 15 24 15 28 28
split_gain=4.03795 3.80463 5.38366 3.57683 7.57702 5.51508 4.6306 4.3564 4.4152 2.61575 2.28296 2.2529 3.61856 2.23787
threshold=0.2525510204081633 -0.43683510638297868 0.87627551020408168 -0.15261756876663707 0.084219858156028379 0.49000000000000005 0.011237373737373714 0.14583333333333334 0.011495771670190282 -0.1769565217391304 -0.063164893617021253 -0.39897959183673465 -0.11834733893557424 -0.43969696969696964
decision_type=10 8 2 2 2 8 10 8 8 2 8 2 10 10
left_child=1 2 11 4 6 -6 -3 8 -5 -4 13 12 -1 -2
right_child=10 3 9 7 5 -7 -8 -9 -10 -11 -12 -13 -14 -15
leaf_value=0.00069899523145615979 0.00011054953458180439 6.5936870789159611e-05 -0.00058624240761869298 3.8296270123851774e-05 2.4998849434985912e-05 -0.00021795488908238683 0.00024904544427121968 0.00031675381339273757 -1.8427021739218134e-05 -0.00019058759243380379 -1.42114362447983e-05 -5.4809202757090634e-05 -2.6020325189494671e-05 -0.00010015708357087424
leaf_weight=1076 5302 34031 2550 186852 289007 9634 23973 4275 515743 6006 123679 24385 1698 69006
leaf_count=1076 5302 34031 2550 186852 289007 9634 23973 4275 515743 6006 123679 24385 1698 69006
internal_value=7.21028e-07 8.23147e-06 -9.31925e-05 1.1666e-05 3.74871e-05 1.70587e-05 0.000142142 -1.31953e-06 -3.29892e-06 -0.000312176 -4.08252e-05 -2.30738e-05 0.000244852 -8.47152e-05
internal_weight=1.29722e+06 1.09923e+06 35715 1.06352e+06 356645 298641 58004 706870 702595 8556 197987 27159 2774 74308
internal_count=1297217 1099230 35715 1063515 356645 298641 58004 706870 702595 8556 197987 27159 2774 74308
is_linear=0
shrinkage=0.01


Tree=350
num_leaves=15
num_cat=0
split_feature=0 0 21 24 22 22 24 15 22 5 23 4 17 24
split_gain=4.89768 3.5971 3.42042 3.07856 6.91851 3.87488 2.6401 2.21581 2.9684 2.73201 2.44022 2.14485 1.87679 1.83671
threshold=0.28492136910268279 -0.47979591836734686 -0.24734042553191488 0.43875000000000003 -0.12233560090702948 -0.47979591836734686 -0.41763565891472859 -0.37877551020408157 -0.45959183673469384 0.36811594202898557 0.010527482269503509 0.25777777777777783 0.010990338164251214 -0.42752100840336132
decision_type=10 8 2 10 2 2 10 2 2 10 10 2 2 10
left_child=1 -1 6 5 -5 -4 12 10 -9 -10 -2 -8 -3 -11
right_child=7 2 3 4 -6 -7 11 8 9 13 -12 -13 -14 -15
leaf_value=-0.00021197244087064318 0.00010150910191682794 -0.00055888253639622748 -0.00040824797557194439 0.00018022827725879868 -2.9186584067939123e-06 -5.5195125166559431e-07 8.0442976255047438e-05 -0.00033855164569342899 -2.4002679153606686e-05 0.00016859072825014528 -0.000342503109284795 -1.6021370455263594e-05 9.9229042608358703e-05 -0.00013116374563834423
leaf_weight=7284 14646 1179 2335 31165 60060 882948 114361 3775 103068 2055 1326 28250 574 44054
leaf_count=7284 14646 1179 2335 31165 60060 882948 114361 3775 103068 2055 1326 28250 574 44054
internal_value=1.74733e-06 9.28891e-06 1.07541e-05 4.00428e-06 5.93245e-05 -1.66255e-06 5.62025e-05 -4.84406e-05 -6.02448e-05 -5.29944e-05 6.27117e-05 6.11239e-05 -0.000326506 -0.000117144
internal_weight=1.29708e+06 1.12816e+06 1.12087e+06 976508 91225 885283 144364 168924 152952 149177 15972 142611 1753 46109
internal_count=1297080 1128156 1120872 976508 91225 885283 144364 168924 152952 149177 15972 142611 1753 46109
is_linear=0
shrinkage=0.01


Tree=351
num_leaves=15
num_cat=0
split_feature=22 10 22 27 7 4 23 21 1 11 24 4 18 22
split_gain=4.44024 5.48572 3.88103 4.17345 4.41473 4.1262 3.84336 3.63184 3.62821 2.68657 4.01767 2.60641 2.87771 2.45258
threshold=0.32025641025641027 0.023268398268398275 -0.4759001161440185 -0.15261756876663707 -0.069805194805194801 0.41751700680272114 0.14583333333333334 0.47326388888888893 0.011766334440753036 -0.41578014184397155 -0.051682692307692284 -0.061249999999999992 0.18042553191489366 -0.2267316017316017
decision_type=2 2 2 2 2 2 8 2 10 2 10 2 2 2
left_child=2 9 7 4 5 -4 8 -1 -5 10 -2 -11 -13 -6
right_child=1 -3 3 6 13 -7 -8 -9 -10 11 -12 12 -14 -15
leaf_value=-0.00017039345503438015 -0.00063181013985532471 3.8102004936363488e-05 2.1113213535707121e-07 2.5089377192221132e-05 -3.2745228285061957e-06 -0.00030363845995250052 0.00029286145393071246 0.00035426942616830051 -2.1660509622867275e-05 4.3438203319466426e-05 -1.1088498142227054e-05 -0.00012952030706050804 0.00010145699117025046 7.6857722662939323e-05
leaf_weight=18553 2303 41928 131088 242879 46652 4617 4298 1384 522646 12647 2088 66034 5724 194372
leaf_count=18553 2303 41928 131088 242879 46652 4617 4298 1384 522646 12647 2088 66034 5724 194372
internal_value=-3.63627e-07 -5.56509e-05 5.80662e-06 8.2367e-06 3.55195e-05 -9.91196e-06 -5.07581e-06 -0.00013242 -6.78889e-06 -0.000100257 -0.000343682 -8.72263e-05 -0.000110674 6.12232e-05
internal_weight=1.29721e+06 130724 1.16649e+06 1.14655e+06 376729 135705 769823 19937 765525 88796 4391 84405 71758 241024
internal_count=1297213 130724 1166489 1146552 376729 135705 769823 19937 765525 88796 4391 84405 71758 241024
is_linear=0
shrinkage=0.01


Tree=352
num_leaves=15
num_cat=0
split_feature=28 26 24 19 24 22 22 23 19 26 27 21 23 18
split_gain=4.54586 5.43383 5.94275 6.75622 5.11846 4.52 4.62915 4.32279 4.23606 4.00011 3.91664 3.86021 3.83255 3.42085
threshold=0.17006802721088435 0.045983086680761107 -0.23123827392120072 -0.040833333333333326 -0.40300179211469528 0.36023255813953492 -0.4759001161440185 0.043560606060606029 -0.36085106382978716 0.42052631578947369 -0.26138716356107655 0.47326388888888893 0.20833333333333334 -0.3404545454545454
decision_type=8 2 8 2 10 2 2 10 2 2 2 2 8 2
left_child=5 4 13 9 8 6 -1 10 -2 -4 -6 -7 -8 -3
right_child=1 2 3 -5 7 11 12 -9 -10 -11 -12 -13 -14 -15
leaf_value=-0.00014679362738119115 -0.00027218150471060992 -0.0004011689082328298 -1.5994275254661677e-05 7.4251786924400203e-07 0.000180528580491395 -5.2413459624351479e-05 2.4732222477900014e-05 0.00031591741297648551 0.0007013146488367148 -0.00020133357827796367 -3.7791908093347024e-05 -0.00049366245518336958 0.0005513540992928709 -0.00010250259858335944
leaf_weight=15824 513 4169 20028 276247 10868 56802 774731 5398 2136 29111 33332 2074 1387 64039
leaf_count=15824 513 4169 20028 276247 10868 56802 774731 5398 2136 29111 33332 2074 1387 64039
internal_value=2.34057e-06 -2.34978e-05 -3.62681e-05 -1.83684e-05 7.21276e-05 1.59156e-05 2.22288e-05 4.85676e-05 0.000501382 -0.000126409 1.52192e-05 -6.8491e-05 2.57141e-05 -0.000121214
internal_weight=1.29666e+06 445841 393594 325386 52247 850818 791942 49598 2649 49139 44200 58876 776118 68208
internal_count=1296659 445841 393594 325386 52247 850818 791942 49598 2649 49139 44200 58876 776118 68208
is_linear=0
shrinkage=0.01


Tree=353
num_leaves=15
num_cat=0
split_feature=11 19 3 18 28 18 24 25 14 21 26 17 28 17
split_gain=4.8645 6.88959 5.01932 4.78081 4.19668 4.67453 4.32717 4.17775 4.16707 4.09888 5.10749 3.90436 3.82636 3.46544
threshold=-0.29795918367346935 -0.39472517730496448 0.41918367346938784 -0.21869565217391301 0.011369509043927641 0.011237373737373714 -0.063164893617021253 1.0000000180025095e-35 0.010310374149659853 0.47979591836734697 0.04124149659863946 -0.45959183673469384 0.4793792517006803 0.3957881024750326
decision_type=2 2 8 2 10 2 8 2 2 2 2 2 10 2
left_child=1 3 8 -1 5 6 -2 12 -3 13 -11 -8 -6 -5
right_child=4 2 -4 9 7 -7 11 -9 -10 10 -12 -13 -14 -15
leaf_value=0.00042529752626857835 1.0474253325847168e-05 -0.00014662433094631992 -0.00031431600029662777 7.9553489397165021e-05 0.00012311472688080334 3.9621188200695895e-06 -0.00025801367729189962 -1.5811363538849718e-05 -1.5361594250803809e-05 -0.0011849825314716336 -8.7313866494779529e-05 0.00010881622017112429 0.00084060327395862043 0.00076702095881362603
leaf_weight=4166 94349 39546 8923 8159 10500 367582 2921 567046 63798 508 2995 124666 821 825
leaf_count=4166 94349 39546 8923 8159 10500 367582 2921 567046 63798 508 2995 124666 821 825
internal_value=6.80007e-07 -5.75874e-05 -8.59047e-05 0.000131495 7.13782e-06 2.593e-05 6.21785e-05 -1.19648e-05 -6.58842e-05 3.09941e-05 -0.000255931 0.000100177 0.000178005 0.000146257
internal_weight=1.2968e+06 128920 112267 16653 1.16788e+06 589518 221936 578367 103344 12487 3503 127587 11321 8984
internal_count=1296805 128920 112267 16653 1167885 589518 221936 578367 103344 12487 3503 127587 11321 8984
is_linear=0
shrinkage=0.01


Tree=354
num_leaves=15
num_cat=0
split_feature=3 6 24 26 24 17 17 23 22 3 19 26 23 3
split_gain=4.49146 4.77005 4.23991 7.74211 6.94488 5.61473 4.85994 4.6179 4.19703 3.41706 4.35093 3.38899 2.52688 2.27667
threshold=-0.44222222222222213 -0.26020833333333326 0.26163419913419916 0.52041666666666686 0.48500000000000004 0.3585714285714286 -0.30217391304347824 0.077380952380952397 -0.45959183673469384 0.1329931972789116 -0.47979591836734686 0.10471491228070177 0.010990338164251214 -0.45789007092198575
decision_type=8 10 10 2 10 2 2 10 2 10 2 2 10 10
left_child=1 -1 7 5 6 8 -5 9 -4 11 -11 -2 -3 -14
right_child=2 12 3 4 -6 -7 -8 -9 -10 10 -12 -13 13 -15
leaf_value=-0.00031404386227115526 4.3786776910151735e-05 -6.7916563904761936e-06 -0.00037149945938508137 -8.5888599897343513e-05 -0.00024399594755492271 -0.00021015108802156419 0.0001099597279132946 0.0001716127905455082 9.1607545220556259e-06 0.0003059227279427629 -5.7533123792779399e-05 -1.2451921036458942e-05 -0.00075552371399709173 0
leaf_weight=8962 131646 20604 2940 13664 6288 13265 149868 13907 178460 3329 177676 574772 896 807
leaf_count=8962 131646 20604 2940 13664 6288 13265 149868 13907 178460 3329 177676 574772 896 807
internal_value=-3.29643e-07 -0.000118741 2.572e-06 3.13706e-05 8.07367e-05 -1.15415e-05 9.34108e-05 -9.04053e-06 2.81987e-06 -1.1906e-05 -5.06778e-05 -1.92883e-06 -3.88996e-05 -0.000409082
internal_weight=1.29708e+06 31269 1.26582e+06 364485 169820 194665 163532 901330 181400 887423 181005 706418 22307 1703
internal_count=1297084 31269 1265815 364485 169820 194665 163532 901330 181400 887423 181005 706418 22307 1703
is_linear=0
shrinkage=0.01


Tree=355
num_leaves=15
num_cat=0
split_feature=11 19 23 26 21 2 3 27 21 27 26 23 28 28
split_gain=4.41923 4.93977 7.39079 4.65657 4.31476 4.01579 3.97583 3.84487 3.83916 3.79087 8.81646 8.10066 6.98027 5.35624
threshold=-0.31909090909090904 -0.39472517730496448 0.010527482269503509 0.40862708719851587 -0.47894503546099287 0.051551870748299318 -0.13914893617021273 -0.2474489795918367 0.39689625850340143 -0.23746867167919797 0.11952380952380953 0.011495771670190282 0.49000000000000005 -0.31165540540540532
decision_type=2 2 10 2 2 10 10 2 2 2 2 10 8 10
left_child=1 2 5 8 -5 6 -1 -4 -3 10 11 -2 -12 -11
right_child=9 3 7 4 -6 -7 -8 -9 -10 13 12 -13 -14 -15
leaf_value=0.00021256500519050269 5.3162130226570274e-05 -3.1881685187518663e-05 7.5520241006482466e-05 0.00042125610340772656 -0.00016350212974068821 0.00035718179530555159 -0.00028266563060845107 -0.00095164145628504851 0.00040800620057752939 4.6645040440748825e-05 1.8150815559936886e-05 0.00029151135601121703 -0.00030085461450092278 -1.6411324348444227e-05
leaf_weight=3979 38314 45634 515 1263 51870 6733 2725 927 2067 165212 219873 23096 7072 727521
leaf_count=3979 38314 45634 515 1263 51870 6733 2725 927 2067 165212 219873 23096 7072 727521
internal_value=-3.10927e-07 -5.93095e-05 0.000109891 -8.45766e-05 -0.000149015 0.00018462 6.75742e-06 -0.000564642 -1.21669e-05 5.44399e-06 3.69784e-05 0.000143302 8.07402e-06 -4.70819e-06
internal_weight=1.2968e+06 115713 14879 100834 53133 13437 6704 1442 47701 1.18109e+06 288355 61410 226945 892733
internal_count=1296801 115713 14879 100834 53133 13437 6704 1442 47701 1181088 288355 61410 226945 892733
is_linear=0
shrinkage=0.01


Tree=356
num_leaves=15
num_cat=0
split_feature=22 27 21 28 28 22 19 17 11 28 24 17 27 24
split_gain=3.88701 3.87947 5.39669 4.2381 5.76715 4.02927 4.84269 4.76822 4.33912 4.24821 3.46441 2.44455 2.35776 2.32452
threshold=0.49479166666666674 0.38047619047619052 0.011766334440753036 0.44804318488529016 0.18042553191489366 -0.4560386473429951 -0.43683510638297868 -0.46863636363636357 -0.45789007092198575 0.41751700680272114 0.13078947368421054 0.012049941927990694 0.47849213691026832 0.2834821428571429
decision_type=2 2 2 8 10 2 2 2 2 8 10 2 2 10
left_child=1 5 12 4 -4 6 13 -8 9 -7 -10 -2 -3 -1
right_child=11 2 3 -5 -6 8 7 -9 10 -11 -12 -13 -14 -15
leaf_value=0.00047808149076994887 -0.00033938461960936021 -0.00010831002553723569 1.3853945116284826e-05 0.00015251225146208181 -0.00013755834474215033 -6.394406611097868e-05 -0.001062770837652126 -0.00012565169115655796 7.222363324914245e-07 -0.00044931151056000533 3.7702010618782891e-05 -5.2721315007459745e-05 -0.0003172694819574966 -0.00023444260721731941
leaf_weight=1943 5245 31503 84512 14059 35650 17302 562 26065 640451 3500 420980 7576 6810 534
leaf_count=1943 5245 31503 84512 14059 35650 17302 562 26065 640451 3500 420980 7576 6810 534
internal_value=8.1666e-07 2.57005e-06 -4.15148e-05 -1.13905e-05 -3.08201e-05 9.44128e-06 -0.000106555 -0.000146675 1.25887e-05 -0.000130281 1.54173e-05 -0.000172385 -0.000146257 0.000312279
internal_weight=1.29669e+06 1.28387e+06 172534 134221 120162 1.11134e+06 29104 26627 1.08223e+06 20802 1.06143e+06 12821 38313 2477
internal_count=1296692 1283871 172534 134221 120162 1111337 29104 26627 1082233 20802 1061431 12821 38313 2477
is_linear=0
shrinkage=0.01


Tree=357
num_leaves=15
num_cat=0
split_feature=11 20 23 26 24 24 3 4 18 20 25 23 21 22
split_gain=4.65823 4.54185 5.63476 4.89438 4.66021 4.5366 4.42729 3.67253 7.66507 3.34551 5.26501 4.52811 4.37705 4.24779
threshold=-0.31909090909090904 -0.39472517730496448 0.010527482269503509 0.29217479674796754 -0.23499399759903958 -0.46906887755102039 0.12632978723404256 0.092793367346938785 -0.13914893617021273 0.030012004801920792 0.82500000000000018 0.010527482269503509 -0.37877551020408157 -0.41945945945945939
decision_type=2 2 8 2 10 8 10 2 2 2 2 8 2 2
left_child=1 2 7 5 -5 -3 -4 8 -1 -2 11 -11 -12 -14
right_child=9 3 6 4 -6 -7 -8 -9 -10 10 12 -13 13 -15
leaf_value=0.00048705321324281039 -2.757357935544286e-06 0.00048227530034623871 3.7699730282681557e-06 -0.00029146119097382759 -8.7164761729134935e-05 -1.9091965691283433e-05 -0.0010713217845661196 0.00030690820909630651 -0.00029378893544563335 -1.8872202394730199e-05 0.00025213446147830587 6.1269750212756445e-05 -0.00039112639130892184 8.0644211682249036e-05
leaf_weight=1898 798778 1892 750 15073 46167 37406 679 7954 3687 177426 15892 116652 1940 69775
leaf_count=1898 798778 1892 750 15073 46167 37406 679 7954 3687 177426 15892 116652 1940 69775
internal_value=2.89253e-06 -5.76812e-05 0.000103939 -8.20438e-05 -0.00013795 4.31797e-06 -0.000487292 0.000168651 -2.29408e-05 8.84509e-06 3.32048e-05 1.2816e-05 0.0001013 6.7448e-05
internal_weight=1.29597e+06 115506 14968 100538 61240 39298 1429 13539 5585 1.18046e+06 381685 294078 87607 71715
internal_count=1295969 115506 14968 100538 61240 39298 1429 13539 5585 1180463 381685 294078 87607 71715
is_linear=0
shrinkage=0.01


Tree=358
num_leaves=15
num_cat=0
split_feature=28 26 24 24 21 19 25 23 26 23 11 25 21 25
split_gain=3.84611 6.13548 6.9563 5.16322 4.66774 4.53005 5.17839 4.34291 4.01573 5.03346 3.4933 4.38543 3.4363 3.53086
threshold=0.13211600429645545 0.045983086680761107 -0.42022727272727267 -0.22821969696969696 -0.43938775510204076 -0.057777777777777782 0.82500000000000018 0.20833333333333334 0.65058139534883741 0.012049941927990694 -0.22821969696969696 0.82500000000000018 -0.43938775510204076 0.17500000000000002
decision_type=8 2 10 10 2 2 2 10 2 10 2 2 2 2
left_child=4 2 -2 8 -1 6 -5 10 -3 -10 11 -6 -4 -14
right_child=1 3 12 5 7 -7 -8 -9 9 -11 -12 -13 13 -15
leaf_value=0.00016532210125911644 0.000636185895314455 -4.1922831843001425e-05 -0.00031958845953569659 -4.2331524124453208e-05 -1.0366921005076295e-05 -2.0290879649424603e-06 -0.00026194650417308527 0.00057107206869575541 -0.00012544638416921026 -0.000426514787651266 1.6303287985730447e-05 -0.00017510356464240474 0.00016811287499295357 2.2237105445419225e-06
leaf_weight=19781 2129 47805 2348 41974 68025 298952 14649 1374 31712 6906 685686 21382 21635 32444
leaf_count=19781 2129 47805 2348 41974 68025 298952 14649 1374 31712 6906 685686 21382 21635 32444
internal_value=-8.49301e-08 -2.18285e-05 7.41948e-05 -3.46179e-05 1.35463e-05 -1.76659e-05 -9.9689e-05 9.64045e-06 -0.000104015 -0.000180092 8.60429e-06 -5.01044e-05 5.24265e-05 6.91502e-05
internal_weight=1.2968e+06 500554 58556 441998 796248 355575 56623 776467 86423 38618 775093 89407 56427 54079
internal_count=1296802 500554 58556 441998 796248 355575 56623 776467 86423 38618 775093 89407 56427 54079
is_linear=0
shrinkage=0.01


Tree=359
num_leaves=15
num_cat=0
split_feature=11 4 21 3 18 28 22 28 17 4 21 23 3 25
split_gain=4.68641 3.86317 7.50626 3.88935 3.58678 3.45669 4.19431 4.60382 4.60107 3.51855 3.28493 5.75489 4.95392 4.92367
threshold=-0.33836734693877546 -0.26020833333333326 0.41207729468599036 -0.37367021276595741 -0.1211111111111111 -0.41578014184397155 0.32025641025641027 0.4587585034013606 0.023268398268398275 0.024404761904761933 0.31441326530612251 0.010527482269503509 0.078888888888888856 0.82500000000000018
decision_type=2 2 2 8 2 10 2 10 2 2 2 8 10 2
left_child=10 2 -2 4 -4 9 7 -7 -8 -3 -1 13 -13 -12
right_child=1 5 3 -5 -6 6 8 -9 -10 -11 11 12 -14 -15
leaf_value=-9.7818734985504279e-05 7.1854751871241679e-05 6.9434364935108147e-06 6.0505934987780095e-05 -9.536361715374456e-05 -0.00079505134872300323 6.3731840694306874e-06 -0.00010386039886591642 -9.083807522568694e-05 5.6952065773744422e-05 0.00015035442024270986 0.00015949947285324092 0 -0.0010713086496624837 -0.00017869069634814997
leaf_weight=77002 137794 42691 586 6783 1800 823618 78397 51773 22751 29080 17622 945 836 5623
leaf_count=77002 137794 42691 586 6783 1800 823618 78397 51773 22751 29080 17622 945 836 5623
internal_value=-2.96972e-07 5.23283e-06 5.32531e-05 -0.000222959 -0.000572557 -1.47066e-06 -6.42155e-06 5.89284e-07 -6.7392e-05 6.54722e-05 -6.53717e-05 3.32649e-05 -0.000511926 7.63878e-05
internal_weight=1.2973e+06 1.19527e+06 146963 9169 2386 1.04831e+06 976539 875391 101148 71771 102028 25026 1781 23245
internal_count=1297301 1195273 146963 9169 2386 1048310 976539 875391 101148 71771 102028 25026 1781 23245
is_linear=0
shrinkage=0.01


Tree=360
num_leaves=15
num_cat=0
split_feature=27 23 26 28 7 4 27 23 4 5 19 14 26 19
split_gain=3.85262 4.64727 4.18085 5.29751 3.64894 4.66095 3.4948 5.01268 3.47011 3.41549 3.90424 3.24204 2.78734 2.32512
threshold=1.0000000180025095e-35 0.1125 1.0000000180025095e-35 0.49000000000000005 -0.23956521739130432 0.37627551020408168 -0.23746867167919797 0.011237373737373714 0.081666666666666679 0.49000000000000005 -0.47979591836734686 0.042109929078014148 0.06186224489795919 0.2423404255319149
decision_type=2 8 2 8 2 2 2 10 2 8 2 2 2 2
left_child=2 9 6 4 5 -4 7 -1 11 10 -2 -5 -12 -10
right_child=1 -3 3 8 -6 -7 -8 -9 13 -11 12 -13 -14 -15
leaf_value=6.3995553964139195e-05 0.00029183751221085503 0.00023762947403536689 -1.5587157009123291e-05 -0.00017310284533398997 2.90964677168802e-05 -0.00026831706868100919 2.2482715661826034e-05 0.00040747452979771282 -0.00058820774830507122 -0.00018852188432966864 -7.1749009688109087e-05 0.00018019634492833403 -1.0600356911621704e-05 -0.00013231404095304523
leaf_weight=9522 4052 7048 119087 8892 461529 7804 17902 8048 2688 11867 86758 3599 545220 2267
leaf_count=9522 4052 7048 119087 8892 461529 7804 17902 8048 2688 11867 86758 3599 545220 2267
internal_value=-2.98307e-07 -1.73806e-05 1.70997e-05 1.08671e-05 1.60054e-05 -3.13728e-05 0.000122697 0.000223077 -0.000160691 -2.02021e-05 -1.70135e-05 -6.88877e-05 -1.90426e-05 -0.000385885
internal_weight=1.29628e+06 654945 641338 605866 588420 126891 35472 17570 17446 647897 636030 12491 631978 4955
internal_count=1296283 654945 641338 605866 588420 126891 35472 17570 17446 647897 636030 12491 631978 4955
is_linear=0
shrinkage=0.01


Tree=361
num_leaves=15
num_cat=0
split_feature=22 16 11 19 28 28 18 11 19 26 22 22 11 19
split_gain=3.92668 5.20848 4.09986 6.8639 4.36967 3.74892 4.42498 4.6796 4.43216 4.22147 3.91325 3.53208 3.40195 2.87116
threshold=-0.4560386473429951 -0.42590909090909085 0.012049941927990694 -0.43938775510204076 -0.27207792207792203 0.064659977703455954 0.010990338164251214 -0.43938775510204076 -0.43683510638297868 1.0000000180025095e-35 0.48924606845513419 -0.47979591836734686 0.013701201201201165 -0.19138321995464849
decision_type=2 2 2 2 8 10 2 2 2 2 2 2 2 2
left_child=1 -1 3 11 -5 6 -2 8 -8 13 -11 -3 -4 -7
right_child=5 2 12 4 -6 9 7 -9 -10 10 -12 -13 -14 -15
leaf_value=-0.0005960746730676301 5.1118726135484465e-05 -0.00017183967928350807 0.00064106032199428664 1.9864135778031411e-05 -0.00031582228312184449 0.000379743406840089 -0.00111178902129177 2.4332819756220669e-06 -0.00018095431503769712 -2.0874058331190993e-05 -0.00028882417827797227 0.00056863702258457894 1.8776996624449486e-05 6.1326916832154333e-05
leaf_weight=2038 251506 918 959 5135 14007 3202 582 432267 5690 532408 5524 1807 11707 29127
leaf_count=2038 251506 918 959 5135 14007 3202 582 432267 5690 532408 5524 1807 11707 29127
internal_value=-9.63808e-07 -0.000103124 -7.31139e-05 -0.000156454 -0.000224216 1.97706e-06 1.76772e-05 -1.43369e-06 -0.000272601 -1.69682e-05 -2.3683e-05 0.000308273 6.84015e-05 9.38244e-05
internal_weight=1.29688e+06 36571 34533 21867 19142 1.26031e+06 690045 438539 6272 570261 537932 2725 12666 32329
internal_count=1296877 36571 34533 21867 19142 1260306 690045 438539 6272 570261 537932 2725 12666 32329
is_linear=0
shrinkage=0.01


Tree=362
num_leaves=15
num_cat=0
split_feature=24 26 24 26 2 20 3 11 11 4 10 11 20 15
split_gain=5.0407 4.70092 4.70819 6.31182 5.64388 3.8673 7.19835 4.32463 3.83452 3.95949 3.72277 3.35268 3.41604 4.75314
threshold=-0.051682692307692284 0.5803225806451614 -0.46906887755102039 0.021054964539007095 0.37766439909297056 -0.28945035460992902 0.37627551020408168 0.2525510204081633 -0.33836734693877546 -0.33836734693877546 0.37627551020408168 -0.45789007092198575 -0.43938775510204076 -0.062608695652173904
decision_type=10 2 10 2 10 2 8 2 2 2 2 2 2 2
left_child=1 2 3 -1 -4 6 -3 -8 -7 -10 -5 -2 -13 -14
right_child=11 5 4 10 -6 8 7 -9 9 -11 -12 12 13 -15
leaf_value=0.00073050786562320412 -0.00013082525978305002 -0.000282981665914981 6.7040297583950446e-06 0.00013945821570600405 -0.00015880106671295067 -0.0002037099763219872 0.00018717470931808495 -0.00053119414745451802 0.0001328388566389675 -4.3009719466186566e-05 -0.00064424918873769719 0.00015653920234619853 -3.9072841965176068e-05 2.8875424823697884e-05
leaf_weight=1836 14887 17754 277276 11581 22241 13778 6283 950 13699 182490 626 18057 124316 591497
leaf_count=1836 14887 17754 277276 11581 22241 13778 6283 950 13699 182490 626 18057 124316 591497
internal_value=5.63414e-07 -2.24433e-05 2.807e-06 0.000181807 -5.48706e-06 -5.62686e-05 -0.000174252 8.84953e-05 -4.20829e-05 -3.05762e-05 9.66627e-05 1.74574e-05 2.05068e-05 1.70328e-05
internal_weight=1.29727e+06 548514 313560 14043 299517 234954 24987 7233 209967 196189 12207 748757 733870 715813
internal_count=1297271 548514 313560 14043 299517 234954 24987 7233 209967 196189 12207 748757 733870 715813
is_linear=0
shrinkage=0.01


Tree=363
num_leaves=15
num_cat=0
split_feature=22 19 16 27 14 28 15 28 22 18 22 10 28 4
split_gain=3.8876 3.7055 4.54335 3.65616 3.60571 7.31102 3.75691 7.31871 4.23497 3.545 3.51157 4.38626 3.95686 4.93074
threshold=-0.4759001161440185 -0.42111111111111105 -0.45959183673469384 0.32025641025641027 0.012049941927990694 -0.41578014184397155 -0.37877551020408157 0.20900537634408609 -0.039230769230769201 -0.41918367346938773 0.32025641025641027 0.023268398268398275 0.47259759759759767 -0.3010416666666666
decision_type=2 2 2 2 2 10 2 10 2 2 2 2 10 2
left_child=1 -1 -3 10 6 -6 7 -5 -8 -7 12 -12 -2 -14
right_child=3 2 -4 4 5 9 8 -9 -10 -11 11 -13 13 -15
leaf_value=0.00020306796494290886 1.9421008825545454e-05 -0.0010575539148535405 -0.00016129743031879565 0.00025668303667916736 0.00033529340936001238 0.00034092143472579236 -1.5925688941581593e-05 -0.00038357062665206755 -0.00013532210311292548 -2.2345479878409674e-05 -8.9658005314324191e-05 4.6842445622504388e-05 0.00026577892695399277 -0.00011624700677411809
leaf_weight=2643 887572 598 16741 8032 6426 2752 52266 2265 70775 99435 72679 34496 3673 37164
leaf_count=2643 887572 598 16741 8032 6426 2752 52266 2265 70775 99435 72679 34496 3673 37164
internal_value=-1.6573e-06 -0.000140057 -0.000194116 4.84259e-07 -3.44896e-05 8.03611e-06 -6.9354e-05 0.000112865 -8.48497e-05 -1.2259e-05 8.68449e-06 -4.54431e-05 1.49654e-05 -8.11349e-05
internal_weight=1.29752e+06 19982 17339 1.27754e+06 241951 108613 133338 10297 123041 102187 1.03558e+06 107175 928409 40837
internal_count=1297517 19982 17339 1277535 241951 108613 133338 10297 123041 102187 1035584 107175 928409 40837
is_linear=0
shrinkage=0.01


Tree=364
num_leaves=15
num_cat=0
split_feature=24 22 22 28 21 23 15 28 24 24 1 17 28 24
split_gain=4.05066 6.73909 5.74476 4.75872 7.60912 5.53851 4.45418 5.22677 4.39684 6.38747 4.00875 3.96966 4.83392 5.98415
threshold=-0.051682692307692284 0.080697674418604662 -0.23779761904761901 -0.13525498891352547 -0.45789007092198575 0.012660256410256367 -0.1769565217391304 0.024404761904761933 -0.33735465116279068 -0.29795918367346935 0.13154392191659278 -0.40454545454545449 -0.39897959183673465 0.46628787878787886
decision_type=10 2 2 10 2 10 2 10 8 8 8 2 10 10
left_child=1 2 10 4 -3 -6 -4 -8 -5 -10 -1 12 -2 -14
right_child=11 3 6 8 5 -7 7 -9 9 -11 -12 -13 13 -15
leaf_value=-1.4434795935318428e-05 0.00039125489442295915 0.001129264125504301 -0.00011875510371310311 -3.1321734611800136e-05 1.173131271132484e-05 -0.00030651860509829805 0.00010101663503994059 1.8803687063389289e-07 -0.00042096835492950465 -0.00011843147868025298 -0.0001518295812247884 2.1755520496541214e-05 -9.5168648600721045e-05 -0.00070856683802431074
leaf_weight=88547 1820 586 16532 53420 73949 5894 104701 102186 7919 66459 28196 721834 23391 1729
leaf_count=88547 1820 586 16532 53420 73949 5894 104701 102186 7919 66459 28196 721834 23391 1729
internal_value=2.12936e-06 -1.84931e-05 8.85688e-06 -6.33158e-05 -2.6712e-06 -1.13968e-05 3.86374e-05 5.13609e-05 -0.000101247 -0.000151061 -4.78787e-05 1.72729e-05 -0.000101709 -0.000138662
internal_weight=1.29716e+06 548389 340162 208227 80429 79843 223419 206887 127798 74378 116743 748774 26940 25120
internal_count=1297163 548389 340162 208227 80429 79843 223419 206887 127798 74378 116743 748774 26940 25120
is_linear=0
shrinkage=0.01


Tree=365
num_leaves=15
num_cat=0
split_feature=11 28 18 22 21 17 27 19 3 15 28 3 15 14
split_gain=3.63389 5.03834 4.20318 4.06085 5.29464 4.43784 4.01558 5.42726 3.69342 3.22205 3.22144 4.22034 3.12795 3.0594
threshold=-0.45789007092198575 0.41751700680272114 -0.21869565217391301 -0.4759001161440185 0.47326388888888893 -0.44727272727272721 0.11410984848484852 -0.47979591836734686 -0.47894503546099287 -0.35857142857142849 0.47259759759759767 0.30642923219241447 -0.42111111111111105 -0.41918367346938773
decision_type=2 8 2 2 2 2 2 2 10 2 8 8 2 2
left_child=1 2 9 4 5 -2 10 -8 -9 -1 -5 -12 -4 -7
right_child=3 -3 12 6 -6 13 7 8 -10 -11 11 -13 -14 -15
leaf_value=0.00068305987302733258 -0.00095863855469677066 -0.00043153631602941482 -0.00061050272949110572 2.2348168277951144e-05 0.00045485110037003882 0.0001517496498466879 0.00036949555604199382 -0.00040161491023163909 -1.9544100138623161e-05 5.3912156679309461e-05 -4.4501065419810682e-05 -0.00047159432992170409 -8.92293065388675e-05 -0.00021324091679787913
leaf_weight=1090 733 4323 1276 714266 1343 2628 3564 2549 497501 3714 31438 2524 15264 14487
leaf_count=1090 733 4323 1276 714266 1343 2628 3564 2549 497501 3714 31438 2524 15264 14487
internal_value=-1.51566e-06 -0.00011932 -5.46269e-05 8.39939e-07 -0.000143479 -0.000190251 3.07668e-06 -1.87249e-05 -2.15541e-05 0.00020324 1.77909e-05 -7.7164e-05 -0.000131361 -0.000155427
internal_weight=1.2967e+06 25667 21344 1.27103e+06 19191 17848 1.25184e+06 503614 500050 4804 748228 33962 16540 17115
internal_count=1296700 25667 21344 1271033 19191 17848 1251842 503614 500050 4804 748228 33962 16540 17115
is_linear=0
shrinkage=0.01


Tree=366
num_leaves=15
num_cat=0
split_feature=0 27 26 23 23 19 14 27 26 24 18 5 21 24
split_gain=4.11166 3.12568 6.41207 5.23017 3.94921 3.6724 5.07843 3.59625 3.30732 4.84385 3.19498 2.23521 3.37367 2.27945
threshold=0.27178030303030309 -0.14946808510638296 0.091966173361522213 0.011766334440753036 0.1125 0.29356060606060608 -0.21869565217391301 -0.30901722391084091 0.14434523809523811 0.26163419913419916 0.011237373737373714 0.29356060606060608 0.34944495837187795 -0.41763565891472859
decision_type=10 2 2 10 8 2 2 2 2 8 2 10 2 10
left_child=1 2 3 -1 8 6 -4 -5 10 -10 -3 -2 -13 -14
right_child=11 4 5 7 -6 -7 -8 -9 9 -11 -12 12 13 -15
leaf_value=5.5538681824092814e-05 -1.3242545440166469e-05 6.9748071270480368e-06 -0.00013648870631993907 0.00036964540880958448 0.00018789346673714002 0.00010229111144647693 1.2960330584849527e-05 0.00011445030150710244 -1.3315524297599219e-05 5.305782317349896e-05 -7.9694498225672266e-05 -0.00011914020820561077 0.000401440667630044 1.5690537817502477e-06
leaf_weight=44215 106589 70648 24966 11438 10561 39784 254302 11548 389969 152981 104655 59777 1604 14038
leaf_count=44215 106589 70648 24966 11438 10561 39784 254302 11548 389969 152981 104655 59777 1604 14038
internal_value=9.86381e-07 8.20219e-06 3.12091e-05 0.000120037 -3.94978e-06 1.24046e-05 -2.94014e-07 0.000242774 -6.81313e-06 5.33069e-06 -4.45957e-05 -4.30557e-05 -8.47903e-05 4.45603e-05
internal_weight=1.29708e+06 1.11507e+06 386253 67201 728814 319052 279268 22986 718253 542950 175303 182008 75419 15642
internal_count=1297075 1115067 386253 67201 728814 319052 279268 22986 718253 542950 175303 182008 75419 15642
is_linear=0
shrinkage=0.01


Tree=367
num_leaves=15
num_cat=0
split_feature=11 19 3 14 22 7 22 3 25 22 14 21 16 28
split_gain=4.06172 4.65411 3.5865 3.66974 3.48132 3.42108 3.97829 3.84497 4.17993 2.95554 3.99952 3.57232 3.17968 2.98596
threshold=-0.29795918367346935 -0.39472517730496448 0.40212765957446817 0.010310374149659853 0.18819444444444447 0.13914893617021282 0.030306122448979626 0.33503401360544227 0.37500000000000006 0.37627551020408168 0.49000000000000005 0.41918367346938784 0.023268398268398275 0.030931122448979612
decision_type=2 2 10 2 2 2 2 10 2 2 2 2 2 10
left_child=1 5 3 -3 -5 7 -7 -1 -9 13 11 12 -11 -2
right_child=9 2 -4 4 -6 6 -8 8 -10 10 -12 -13 -14 -15
leaf_value=7.6713750813258241e-05 2.7062985714157178e-05 -0.00013324434813175912 -0.00025885442600617932 3.3274817558134866e-05 -0.00013625935931256534 0.00052150451661850752 0 -0.0010906171943878733 -2.0286384272951769e-05 -7.9403168898433134e-05 0.00074660493137415358 -0.00034494973655948121 8.8535120516645388e-05 -5.9530835356945881e-06
leaf_weight=8962 574860 39321 9787 47164 16257 3373 2657 627 1010 53268 609 4224 14148 520988
leaf_count=8962 574860 39321 9787 47164 16257 3373 2657 627 1010 53268 609 4224 14148 520988
internal_value=1.32562e-06 -5.18587e-05 -7.50897e-05 -5.72856e-05 -9.71405e-06 0.000103527 0.000293679 -1.87702e-06 -0.00044978 7.23209e-06 -5.46449e-05 -6.1906e-05 -4.37121e-05 1.13391e-05
internal_weight=1.29726e+06 129158 112529 102742 63421 16629 6030 10599 1637 1.1681e+06 72249 71640 67416 1.09585e+06
internal_count=1297255 129158 112529 102742 63421 16629 6030 10599 1637 1168097 72249 71640 67416 1095848
is_linear=0
shrinkage=0.01


Tree=368
num_leaves=15
num_cat=0
split_feature=27 23 7 22 28 28 3 22 28 28 26 26 4 28
split_gain=4.5263 4.18787 3.85468 3.60421 3.47022 4.29205 3.84051 3.75145 3.33445 3.10503 3.35655 2.95262 3.52294 2.71992
threshold=1.0000000180025095e-35 0.14583333333333334 -0.31050531914893614 0.48456521739130437 -0.3876262626262626 -0.46076923076923076 -0.47894503546099287 0.010527482269503509 -0.45959183673469384 -0.17928571428571424 0.30116279069767443 0.66333333333333344 0.37766439909297056 -0.084349593495934946
decision_type=2 8 2 2 10 10 10 2 10 8 2 2 2 10
left_child=2 4 11 -4 5 -2 -6 -8 -7 -5 -11 -1 -13 -3
right_child=1 13 3 9 6 8 7 -9 -10 10 -12 12 -14 -15
leaf_value=2.3092286654840331e-06 -0.00012678995471652928 -0.00021032842720800448 3.0670932502041319e-05 9.9236718874076935e-05 -0.00036477563720289208 0.00036496788752204918 2.8679377970757009e-06 -4.8660084910259777e-05 6.1259427573315259e-05 2.3474181071453352e-05 -0.00055664818252036013 -8.4231347713206075e-05 -0.00050510983100518015 0.00051996047160447062
leaf_weight=62955 11670 588 534682 2056 3412 3951 236988 346077 50993 1371 2905 36121 2143 2285
leaf_count=62955 11670 588 534682 2056 3412 3951 236988 346077 50993 1371 2905 36121 2143 2285
internal_value=-1.66239e-06 -2.01594e-05 1.71834e-05 2.78127e-05 -2.18793e-05 4.63403e-05 -2.96793e-05 -2.76651e-05 8.36637e-05 -0.000208706 -0.000363748 -3.93329e-05 -0.000108625 0.000360002
internal_weight=1.2982e+06 655964 642233 541014 653091 66614 586477 583065 54944 6332 4276 101219 38264 2873
internal_count=1298197 655964 642233 541014 653091 66614 586477 583065 54944 6332 4276 101219 38264 2873
is_linear=0
shrinkage=0.01


Tree=369
num_leaves=15
num_cat=0
split_feature=11 24 15 25 21 4 25 23 23 24 7 11 24 25
split_gain=4.10925 3.98277 4.20265 3.31077 3.8646 3.42807 3.20939 3.16592 2.96677 4.94013 2.68528 2.62123 2.45069 2.83475
threshold=-0.45789007092198575 -0.057189542483660143 0.022233201581027654 0.27500000000000008 -0.3404545454545454 -0.28062499999999996 0.70000000000000018 0.028594771241830078 0.022233201581027654 0.17156862745098042 -0.41578014184397155 0.42590909090909096 -0.45773809523809517 0.37500000000000006
decision_type=2 10 2 2 2 2 2 10 10 10 2 2 8 2
left_child=12 2 6 4 -4 -5 -2 8 10 -10 -3 -8 13 -1
right_child=1 7 3 5 -6 -7 11 -9 9 -11 -12 -13 -14 -15
leaf_value=0.00073550336368691845 -9.225883533663084e-06 -6.8737912074784394e-05 -0.00022432914854054916 0.00015178126462905898 0.00018523543724587775 -1.177965258795435e-05 -7.6563767326297695e-05 9.2677135869632948e-05 3.6541797813404372e-05 -0.00012107010384343265 2.3707945332598526e-05 0.00019853762098399783 -0.00015377827963297824 -4.7158034420859824e-05
leaf_weight=674 178600 33000 2546 14255 19555 125496 161821 51852 37616 41689 602154 3478 23713 1268
leaf_count=674 178600 33000 2546 14255 19555 125496 161821 51852 37616 41689 602154 3478 23713 1268
internal_value=2.01423e-07 2.75174e-06 -1.90008e-05 2.29019e-05 0.000136673 4.69226e-06 -3.88091e-05 1.71472e-05 1.16232e-05 -4.59347e-05 1.88573e-05 -7.05905e-05 -0.000125069 0.000209768
internal_weight=1.29772e+06 1.27206e+06 505751 161852 22101 139751 343899 766311 714459 79305 635154 165299 25655 1942
internal_count=1297717 1272062 505751 161852 22101 139751 343899 766311 714459 79305 635154 165299 25655 1942
is_linear=0
shrinkage=0.01


Tree=370
num_leaves=15
num_cat=0
split_feature=24 22 15 24 26 23 24 17 26 26 22 24 23 24
split_gain=3.99463 7.99621 4.73414 5.09197 5.44439 4.69462 4.66487 4.35141 3.87037 3.78333 5.62171 4.67527 7.20746 3.6124
threshold=-0.057189542483660143 0.080697674418604662 0.010527482269503509 -0.42022727272727267 0.65058139534883741 0.012347560975609741 -0.14194139194139191 -0.31909090909090904 0.08248299319727892 0.28102564102564109 -0.12233560090702948 0.48500000000000004 0.051315789473684266 0.28759398496240607
decision_type=10 2 2 8 2 10 10 2 2 2 2 10 10 10
left_child=1 2 3 4 -1 -3 8 -2 -7 10 -9 12 -11 -12
right_child=7 5 -4 -5 -6 6 -8 9 -10 11 13 -13 -14 -15
leaf_value=0.00032254786526190348 -6.6380544612317061e-05 -5.6512904238087128e-05 3.0037943636079056e-05 -0.00010081731468409879 -0.00014165356247335142 4.9915424425648163e-05 0.00016162989639861627 7.191544016938238e-05 -0.00039924271495791726 3.663720476565734e-05 -6.2054950496447431e-06 -0.00019789183564302763 0.00025019762635303705 -0.00010016418341570057
leaf_weight=6361 59059 176112 256600 57635 4082 2209 2320 66803 10427 433569 139053 8054 16461 58444
leaf_count=6361 59059 176112 256600 57635 4082 2209 2320 66803 10427 433569 139053 8054 16461 58444
internal_value=1.73936e-06 -1.98353e-05 1.029e-05 -6.37016e-05 0.000138239 -7.11829e-05 -0.000241876 1.60169e-05 -0.000318355 2.27951e-05 -7.23724e-06 4.01882e-05 4.4517e-05 -3.41631e-05
internal_weight=1.29719e+06 515746 324678 68078 10443 191068 14956 781443 12636 722384 264300 458084 450030 197497
internal_count=1297189 515746 324678 68078 10443 191068 14956 781443 12636 722384 264300 458084 450030 197497
is_linear=0
shrinkage=0.01


Tree=371
num_leaves=15
num_cat=0
split_feature=27 26 23 23 7 26 24 18 24 15 8 24 27 17
split_gain=3.73266 5.39961 7.00213 4.57629 4.15059 3.8689 5.14468 4.38554 4.31897 3.69698 3.69456 3.26326 3.09018 2.97909
threshold=-0.1448028673835125 0.08248299319727892 0.011237373737373714 0.091666666666666688 -0.33156028368794321 0.14434523809523811 0.26163419913419916 0.43747286148501963 -0.45773809523809517 0.46863636363636368 -0.015555555555555571 -0.45773809523809517 -0.30901722391084091 0.011237373737373714
decision_type=2 2 10 8 2 2 8 2 8 2 2 10 2 2
left_child=1 2 -1 5 -3 8 -7 -8 10 11 -2 -6 -4 -10
right_child=3 4 12 -5 9 6 7 -9 13 -11 -12 -13 -14 -15
leaf_value=3.2451623981401113e-05 0.00060471507886919235 -6.7499848211111441e-05 0.0003565738173933422 0.00018436476381090069 -0.00020468336444837338 -2.1152618796407937e-05 5.1116338722834987e-05 -0.0001977358327289227 -1.6113915447942836e-05 0.00027416922305390775 -2.017494199474385e-06 2.2902035844800654e-05 0.00012506530024247348 -9.3349581927732933e-05
leaf_weight=48806 1821 60906 12017 11639 6414 451542 179714 7326 91525 5757 2016 293106 12132 112822
leaf_count=48806 1821 60906 12017 11639 6414 451542 179714 7326 91525 5757 2016 293106 12132 112822
internal_value=-2.01155e-07 2.34886e-05 0.000102081 -1.23552e-05 7.74799e-06 -1.50953e-05 -2.8408e-06 4.12059e-05 -5.25399e-05 2.28595e-05 0.000278366 1.79263e-05 0.00024154 -5.8904e-05
internal_weight=1.29754e+06 439138 72955 858405 366183 846766 638582 187040 208184 305277 3837 299520 24149 204347
internal_count=1297543 439138 72955 858405 366183 846766 638582 187040 208184 305277 3837 299520 24149 204347
is_linear=0
shrinkage=0.01


Tree=372
num_leaves=15
num_cat=0
split_feature=27 23 22 16 22 11 15 23 5 18 3 11 26 22
split_gain=4.1244 4.17338 3.29758 3.90929 3.18498 2.85707 2.66314 3.03333 5.37584 2.9503 2.86424 2.54033 3.35491 2.4476
threshold=0.27113095238095247 0.14583333333333334 -0.4560386473429951 -0.45959183673469384 0.48456521739130437 0.012049941927990694 -0.37877551020408157 0.010527482269503509 0.11294063079777368 0.45959183673469389 -0.44222222222222213 -0.45789007092198575 0.34738243123336293 -0.09045454545454544
decision_type=2 8 2 2 2 2 2 10 10 2 10 2 2 2
left_child=2 6 3 -1 11 -5 7 9 -9 -2 -8 12 -4 -12
right_child=1 -3 4 5 -6 -7 10 8 -10 -11 13 -13 -14 -15
leaf_value=-0.00083191879915487591 0.00013375466902924447 0.00040723746485605189 4.6593201788454299e-05 -0.00016307832081907114 -0.00016775358698821783 5.7936710365878983e-05 -0.00033198867446311255 -0.00082204793335673891 0.00025888584123342443 -0.00034030826105076536 2.8669481575210194e-06 1.7554034696786871e-05 -0.00022246423451675418 -5.8936498490268357e-05
leaf_weight=719 20161 2144 8211 15435 9584 9162 3400 990 798 1370 93722 924188 10200 196603
leaf_count=719 20161 2144 8211 15435 9584 9162 3400 990 798 1370 93722 924188 10200 196603
internal_value=9.83731e-08 -3.10884e-05 1.03127e-05 -0.000102186 1.33356e-05 -7.95371e-05 -3.4151e-05 6.82128e-05 -0.000323242 0.000102154 -4.23804e-05 1.52092e-05 -0.000100852 -3.88821e-05
internal_weight=1.29669e+06 319188 977499 25316 952183 24597 317044 23319 1788 21531 293725 942599 18411 290325
internal_count=1296687 319188 977499 25316 952183 24597 317044 23319 1788 21531 293725 942599 18411 290325
is_linear=0
shrinkage=0.01


Tree=373
num_leaves=15
num_cat=0
split_feature=4 20 3 23 25 25 21 3 25 23 27 11 17 7
split_gain=4.19989 6.39437 4.69794 4.10406 7.34077 5.05691 3.59277 3.63237 3.46399 3.03976 2.97361 3.32489 2.871 2.62158
threshold=0.2525510204081633 -0.38148936170212761 -0.3010416666666666 0.010527482269503509 0.77500000000000024 0.50000000000000011 -0.28945035460992902 0.1526175687666371 0.57500000000000018 0.048809523809523865 0.49000000000000005 0.18042553191489366 -0.40454545454545449 -0.43938775510204076
decision_type=2 2 10 10 2 2 2 8 2 10 2 2 2 2
left_child=6 3 -3 10 5 -5 7 8 -1 13 12 -12 -2 -8
right_child=1 2 -4 4 -6 -7 9 -9 -10 -11 11 -13 -14 -15
leaf_value=2.6306274207848964e-05 -0.00017852249658353855 -0.00027279727686461671 -5.3289441984374153e-05 -0.0001327140432988307 0.00057938104862489178 -0.00091296007873913954 -9.9449823567024733e-05 -3.8892113444708705e-05 0.00015209807043510789 7.3265019520706731e-05 2.4251315897256499e-05 -0.00068272711516141247 0.00021671886425581326 1.2715866205126125e-06
leaf_weight=42474 1924 10512 151963 5448 1224 1013 26593 27161 46692 57591 3668 792 21427 899359
leaf_count=42474 1924 10512 151963 5448 1224 1013 26593 27161 46692 57591 3668 792 21427 899359
internal_value=1.35705e-06 -4.10165e-05 -6.76808e-05 8.01837e-05 -0.00012228 -0.000260054 9.01144e-06 6.15763e-05 9.25168e-05 2.76375e-06 0.000137216 -9.49454e-05 0.00018285 -1.58901e-06
internal_weight=1.29784e+06 197971 162475 35496 7685 6461 1.09987e+06 116327 89166 983543 27811 4460 23351 925952
internal_count=1297841 197971 162475 35496 7685 6461 1099870 116327 89166 983543 27811 4460 23351 925952
is_linear=0
shrinkage=0.01


Tree=374
num_leaves=15
num_cat=0
split_feature=7 27 22 23 18 3 11 21 22 4 8 16 15 15
split_gain=4.20178 4.47714 4.27031 3.69794 3.83235 4.87116 4.08143 3.654 3.47392 2.98415 2.79241 2.29935 2.15584 2.12029
threshold=-0.43683510638297868 -0.09891304347826084 -0.4759001161440185 0.1125 -0.18042553191489358 0.47979591836734697 -0.45789007092198575 -0.38318181818181812 0.48456521739130437 0.012049941927990694 -0.46295454545454545 0.010990338164251214 0.091372912801484255 -0.43938775510204076
decision_type=2 2 2 8 2 8 2 2 2 2 2 2 2 2
left_child=11 2 7 4 5 -3 -6 -2 10 -10 -4 -1 -9 -13
right_child=1 3 8 -5 6 -7 -8 12 9 -11 -12 13 -14 -15
leaf_value=-3.0681024117765036e-05 0.0003904776432735608 6.8324526683071577e-05 0.00025269344466852164 0.00017692847517441565 -0.00022360324499821435 -0.00022729565269735525 -1.7455938846729463e-05 -0.00022566165338523572 -0.00047987221340322267 0 3.3241591442190236e-05 0.00016945317888742648 -0.00084960662142318031 -0.00021190143631027327
leaf_weight=24834 845 84761 5917 10447 9770 5925 672418 5710 2409 3017 451495 1503 667 17116
leaf_count=24834 845 84761 5917 10447 9770 5925 672418 5710 2409 3017 451495 1503 667 17116
internal_value=1.49708e-06 4.87148e-06 2.92852e-05 -9.74062e-06 -1.23033e-05 4.86724e-05 -2.04532e-05 -0.000211393 3.31069e-05 -0.00021758 3.61476e-05 -9.51392e-05 -0.000295994 -0.000179484
internal_weight=1.29683e+06 1.25338e+06 470060 783321 772874 90686 682188 7222 462838 5426 457412 43453 6377 18619
internal_count=1296834 1253381 470060 783321 772874 90686 682188 7222 462838 5426 457412 43453 6377 18619
is_linear=0
shrinkage=0.01


Tree=375
num_leaves=15
num_cat=0
split_feature=22 11 3 6 0 23 17 4 11 14 20 25 11 22
split_gain=3.61558 4.3388 3.68425 5.22869 3.48959 3.41191 2.96444 3.33938 3.01001 2.83478 2.80773 4.44692 2.76019 2.7365
threshold=0.32755102040816336 0.32793709528214621 -0.45789007092198575 -0.010527482269503561 0.27178030303030309 0.010990338164251214 0.016397849462365614 1.0000000180025095e-35 -0.39897959183673465 -0.27888888888888885 0.23124999999999998 0.57500000000000018 0.020416666666666698 -0.39323708206686925
decision_type=2 2 8 10 10 10 2 2 2 2 2 2 2 2
left_child=2 6 3 12 10 -5 7 -2 -9 -3 -4 -12 -1 -6
right_child=1 9 4 5 13 -7 -8 8 -10 -11 11 -13 -14 -15
leaf_value=-0.00042470950427568035 1.9686311959857995e-05 -0.00029110484689095643 8.4569794435362326e-06 3.6960073997682017e-05 -0.00015990795124434058 -0.00065059959229816339 -2.4203752123844759e-06 -0.00061866918208645222 -0.00013503093668608301 0.00015028905051907551 -7.5216028384142432e-07 0.00010762950945040268 -7.4511357299023503e-05 -2.070868954046611e-05
leaf_weight=6106 14852 1579 835752 14592 15779 756 39131 1355 54287 14142 72201 78340 3934 144682
leaf_count=6106 14852 1579 835752 14592 15779 756 39131 1355 54287 14142 72201 78340 3934 144682
internal_value=4.58996e-07 -5.05624e-05 5.94081e-06 -0.000113122 8.60319e-06 1.01799e-06 -7.30038e-05 -0.000111757 -0.00014738 0.000104001 1.56603e-05 5.54503e-05 -0.000290541 -3.45866e-05
internal_weight=1.29749e+06 125346 1.17214e+06 25388 1.14675e+06 15348 109625 70494 55642 15721 986293 150541 10040 160461
internal_count=1297488 125346 1172142 25388 1146754 15348 109625 70494 55642 15721 986293 150541 10040 160461
is_linear=0
shrinkage=0.01


Tree=376
num_leaves=15
num_cat=0
split_feature=0 21 25 14 27 26 24 28 15 22 22 14 18 11
split_gain=4.039 3.55982 4.41118 3.87293 3.5057 7.56078 3.59351 3.41005 5.78839 3.23113 3.19475 2.98097 2.87733 2.64073
threshold=0.28492136910268279 -0.26043478260869563 0.77500000000000024 -0.1633333333333333 -0.15261756876663707 0.16843971631205676 0.081439393939393992 0.21583850931677021 -0.21869565217391301 -0.3594871794871794 -0.39323708206686925 0.25777777777777783 -0.14222222222222219 0.47849213691026832
decision_type=10 2 2 2 2 2 8 10 2 2 2 2 2 2
left_child=1 2 11 7 5 -5 -6 -3 -9 -4 -2 -1 -13 -11
right_child=10 3 9 4 6 -7 -8 8 -10 13 -12 12 -14 -15
leaf_value=2.4487532729537409e-05 -0.00018235427824884546 -3.121864102916295e-05 -6.8513146286507768e-05 0.00011868549636243285 -2.8123206404462137e-05 5.5401020064725889e-06 2.0962704134073988e-05 -0.00047727745669863531 -6.5602007532173764e-05 0.0001334449198473527 -3.0188121658600291e-05 0.00011932698748136246 -0.00033501714280455552 0.00051520062263168877
leaf_weight=67649 15293 68190 7716 80317 334095 225508 268904 4999 11476 50801 153739 1874 4630 1942
leaf_count=67649 15293 68190 7716 80317 334095 225508 268904 4999 11476 50801 153739 1874 4630 1942
internal_value=1.42217e-06 8.27515e-06 5.65407e-05 1.7051e-06 7.76087e-06 3.53538e-05 -6.18388e-06 -6.29433e-05 -0.000192401 0.000119955 -4.41357e-05 4.42949e-06 -0.000199502 0.000148098
internal_weight=1.29713e+06 1.1281e+06 134612 993489 908824 305825 602999 84665 16475 60459 169032 74153 6504 52743
internal_count=1297133 1128101 134612 993489 908824 305825 602999 84665 16475 60459 169032 74153 6504 52743
is_linear=0
shrinkage=0.01


Tree=377
num_leaves=15
num_cat=0
split_feature=4 15 7 24 24 11 27 26 28 28 24 24 14 6
split_gain=3.94077 6.09162 5.73464 3.84562 5.91472 4.16031 3.3716 6.25549 4.8751 4.63098 5.53568 3.68006 3.48607 3.46028
threshold=0.39678030303030309 -0.41918367346938773 0.020416666666666698 -0.21937499999999996 0.28759398496240607 0.41751700680272114 -0.1448028673835125 0.15954545454545457 -0.23956521739130432 0.49000000000000005 -0.0292857142857143 -0.42022727272727267 0.20106382978723406 0.024404761904761933
decision_type=2 2 2 8 10 2 2 2 10 8 10 8 2 8
left_child=6 -2 -3 5 -5 -4 7 11 13 10 -9 -1 -13 -8
right_child=1 2 3 4 -6 -7 8 9 -10 -11 -12 12 -14 -15
leaf_value=0.00037847391563633297 0.00016574604105680326 -0.00026699716014141775 -0.00022358313788899795 7.4837238034964828e-05 -0.00017289138083213896 0.00034895696787692827 8.3781522898678045e-06 -2.4916811266524241e-05 -2.0697339715090526e-05 -0.00021161067455109658 6.1203765898089081e-05 0.00010447804658434154 -7.5972979951161013e-05 9.8226959926208811e-05
leaf_weight=4461 10165 15395 15917 31131 13953 1338 140287 167656 589145 9433 134172 89018 11970 62277
leaf_count=4461 10165 15395 15917 31131 13953 1338 140287 167656 589145 9433 134172 89018 11970 62277
internal_value=1.24753e-06 -6.33694e-05 -9.37212e-05 -5.04376e-05 -1.17306e-06 -0.000177396 5.97267e-06 2.90088e-05 -6.11441e-06 6.35386e-06 1.32673e-05 9.55944e-05 8.27907e-05 3.61507e-05
internal_weight=1.29632e+06 87899 77734 62339 45084 17255 1.20842e+06 416710 791709 311261 301828 105449 100988 202564
internal_count=1296318 87899 77734 62339 45084 17255 1208419 416710 791709 311261 301828 105449 100988 202564
is_linear=0
shrinkage=0.01


Tree=378
num_leaves=15
num_cat=0
split_feature=27 3 19 23 25 24 14 0 22 24 10 23 3 14
split_gain=4.52827 4.35664 4.16906 3.82074 3.72088 6.00664 4.596 3.26467 3.12078 7.08866 5.06567 2.66462 3.16953 2.36586
threshold=-0.14946808510638296 -0.46404255319148929 0.011766334440753036 0.14583333333333334 0.82500000000000018 -0.46906887755102039 -0.1211111111111111 0.15430839002267574 -0.034487315010570833 0.43875000000000003 0.028594771241830078 0.010990338164251214 -0.45789007092198575 -0.34267676767676764
decision_type=2 8 2 8 2 8 2 10 2 10 2 8 10 2
left_child=2 13 4 8 11 6 -6 -4 9 -3 -10 -1 -13 -2
right_child=1 3 7 -5 5 -7 -8 -9 10 -11 -12 12 -14 -15
leaf_value=3.8606340324958057e-05 -0.00082556481984278859 -4.1238883734253728e-06 6.3402057451771043e-05 0.00028771052629091308 -0.0013489405103270867 -7.5261910119445706e-05 -0.0002434577320485482 -3.0880726889995992e-05 -4.9317723612766477e-05 0.0001475694931081526 1.4064029683853033e-05 -0.00082892051008031341 -5.7465760580626318e-05 -0.00019723382190049463
leaf_weight=87459 719 267188 242013 4250 658 33282 1078 42834 353628 34773 195016 548 27035 5701
leaf_count=87459 719 267188 242013 4250 658 33282 1078 42834 353628 34773 195016 548 27035 5701
internal_value=2.95243e-07 -1.29632e-05 2.66208e-05 -1.09771e-05 -1.58855e-05 -0.00010622 -0.000681327 4.91187e-05 -1.25058e-05 1.32466e-05 -2.6734e-05 1.13529e-05 -7.39685e-05 -0.000272626
internal_weight=1.29618e+06 861275 434907 854855 150060 35018 1736 284847 850605 301961 548644 115042 27583 6420
internal_count=1296182 861275 434907 854855 150060 35018 1736 284847 850605 301961 548644 115042 27583 6420
is_linear=0
shrinkage=0.01


Tree=379
num_leaves=15
num_cat=0
split_feature=28 14 23 26 27 18 15 15 7 27 26 28 27 23
split_gain=3.82801 4.55102 4.25365 9.10453 4.52037 3.77782 4.57311 4.05138 3.35551 3.31748 4.64957 6.53435 6.11413 5.72408
threshold=-0.30217391304347824 0.011766334440753036 0.028594771241830078 0.13484848484848486 0.35565476190476192 0.47915762049500654 -0.47979591836734686 -0.36181818181818176 -0.42590909090909085 -0.054951690821256054 0.1023024594453166 0.47752525252525257 -0.32322303921568618 0.012049941927990694
decision_type=8 2 10 2 2 2 2 2 2 2 2 8 2 10
left_child=1 8 5 -4 -5 6 -3 -7 -1 10 12 -12 13 -2
right_child=9 2 3 4 -6 7 -8 -9 -10 -11 11 -13 -14 -15
leaf_value=-0.00017406651231476118 0.00011551349084587553 0.00044915476935584293 -0.00031012559714323982 0.00028131381383837516 0.001038379953446325 -0.0010480555461195311 -1.9690580347180282e-05 -0.0001405392687551102 9.8050353626826929e-05 -2.5275388759758832e-05 4.0173796818363512e-06 -0.00018688706131432352 1.0313530840244416e-05 0.00044824399458420181
leaf_weight=4675 28891 2112 2469 5808 966 704 116744 1971 96950 601368 349379 18886 59405 6438
leaf_count=4675 28891 2112 2469 5808 966 704 116744 1971 96950 601368 349379 18886 59405 6438
internal_value=-1.71957e-06 3.50213e-05 -3.76962e-06 0.000202712 0.000394113 -1.9725e-05 -1.1096e-05 -0.000391486 8.52323e-05 -9.77001e-06 1.03045e-05 -5.69289e-06 7.28067e-05 0.000177029
internal_weight=1.29677e+06 232399 130774 9243 6774 121531 118856 2675 101625 1.06437e+06 462999 368265 94734 35329
internal_count=1296766 232399 130774 9243 6774 121531 118856 2675 101625 1064367 462999 368265 94734 35329
is_linear=0
shrinkage=0.01


Tree=380
num_leaves=15
num_cat=0
split_feature=11 26 21 19 4 6 5 23 21 21 14 19 25 22
split_gain=4.25904 4.53389 3.53252 3.1008 3.9044 3.07041 2.90496 2.89715 4.20402 3.4708 2.68117 3.83535 6.13847 3.5386
threshold=-0.33156028368794321 0.29217479674796754 -0.47894503546099287 -0.38148936170212761 0.4354764107308049 -0.34021276595744671 0.4793792517006803 0.010527482269503509 0.37095282146160968 0.37095282146160968 0.37766439909297056 -0.47979591836734686 0.82500000000000018 -0.33166666666666661
decision_type=2 2 2 2 2 10 10 8 2 2 2 2 2 2
left_child=1 7 -3 5 -5 -4 10 8 -1 -9 11 12 -2 -12
right_child=6 2 3 4 -6 -7 -8 9 -10 -11 13 -13 -14 -15
leaf_value=0 0.00059888054162716281 0.00039307565261971055 -0.00041982823523231726 -0.00013046918794369343 -0.00047796865261806322 0.00012424624492575611 -0.00011388202877927338 -8.5727664166822194e-05 0.0002780393524558482 -0.00083652751098556603 -0.00048085312043528756 7.9049001244496935e-06 -0.00022865551053058805 -4.6406020871282759e-05
leaf_weight=30309 2650 1312 1186 51554 3534 7557 20671 3909 6580 760 1962 1111014 1288 52923
leaf_count=30309 2650 1312 1186 51554 3534 7557 20671 3909 6580 760 1962 1111014 1288 52923
internal_value=-1.84711e-06 -6.23861e-05 -0.000114514 -0.000125435 -0.000153331 4.6893e-05 3.55373e-06 1.86066e-05 4.89793e-05 -0.00021482 5.65475e-06 9.03724e-06 0.000320638 -6.25084e-05
internal_weight=1.29721e+06 106701 65143 63831 55088 8743 1.19051e+06 41558 36889 4669 1.16984e+06 1.11495e+06 3938 54885
internal_count=1297209 106701 65143 63831 55088 8743 1190508 41558 36889 4669 1169837 1114952 3938 54885
is_linear=0
shrinkage=0.01


Tree=381
num_leaves=15
num_cat=0
split_feature=11 24 24 11 3 18 28 14 15 11 19 15 24 12
split_gain=4.14685 3.36691 4.94573 7.6105 6.86732 4.29419 4.05504 3.50196 4.73731 6.60253 4.64594 4.59523 3.63201 3.18889
threshold=-0.35857142857142849 -0.22821969696969696 -0.37627551020408156 0.47849213691026832 0.072172619047619027 -0.40454545454545449 0.21937500000000001 0.37766439909297056 -0.43938775510204076 0.37877551020408168 0.030012004801920792 -0.44159090909090903 0.46773820536540245 0.011495771670190282
decision_type=2 10 8 2 8 2 10 2 2 2 2 2 10 2
left_child=-1 2 5 4 -4 6 -2 8 9 -3 -10 -9 -13 -7
right_child=1 7 3 -5 -6 13 -8 11 10 -11 -12 12 -14 -15
leaf_value=-6.4474435591153621e-05 -0.00012986527907637562 0.00025561422275931098 -3.8298296248697135e-05 0.00072523693572155751 -0.00022122472698890436 7.7304170119610392e-05 -0.00084355124250056347 -0.00077952831619573521 1.1277687897602013e-06 -0.00076975897421277311 5.0579570765486155e-05 -2.2482977366334901e-05 -0.00030842315779776937 -1.5373018317317691e-05
leaf_weight=88715 5981 13007 81078 1161 27750 61805 952 893 596848 644 279581 42246 5010 92029
leaf_count=88715 5981 13007 81078 1161 27750 61805 952 893 596848 644 279581 42246 5010 92029
internal_value=1.48502e-06 6.35007e-06 -2.46723e-05 -7.63759e-05 -8.52231e-05 1.0515e-05 -0.000232512 1.53346e-05 1.98542e-05 0.000204886 1.69373e-05 -6.75873e-05 -5.34503e-05 2.16671e-05
internal_weight=1.2977e+06 1.20898e+06 270756 109989 108828 160767 6933 938229 890080 13651 876429 48149 47256 153834
internal_count=1297700 1208985 270756 109989 108828 160767 6933 938229 890080 13651 876429 48149 47256 153834
is_linear=0
shrinkage=0.01


Tree=382
num_leaves=15
num_cat=0
split_feature=0 5 19 24 22 26 22 24 19 14 28 25 24 21
split_gain=4.28873 3.42756 3.06769 4.67877 7.80648 5.60562 3.89426 3.63456 3.79487 3.40283 5.10931 3.36559 3.14783 2.99087
threshold=0.2525510204081633 0.30217391304347835 0.030012004801920792 0.43875000000000003 -0.12233560090702948 0.05634920634920635 -0.4560386473429951 0.089898989898989937 0.28492136910268279 -0.15978723404255316 0.21583850931677021 0.57500000000000018 0.070598006644518277 0.3585714285714286
decision_type=10 10 2 10 2 2 2 8 2 2 10 2 8 2
left_child=2 -2 3 9 -5 -6 7 8 -4 10 -1 -8 -13 -3
right_child=1 13 6 4 5 -7 11 -9 -10 -11 -12 12 -14 -15
leaf_value=-4.4425780242902848e-05 -1.3646472187150661e-05 -0.000132019204058159 -0.00029331742566372895 0.00020206004017844052 -0.00031314982795067062 2.9321327285138873e-05 6.1351454862219491e-07 -0.00059171209311313286 0.0001664327921935074 -8.3646817851292547e-06 -0.00029272056339309227 2.806396332541948e-05 0.00011303723011330948 2.449050196795794e-05
leaf_weight=47293 123514 59199 3771 27495 5414 40201 159589 1725 3345 618812 10173 105497 75851 14994
leaf_count=47293 123514 59199 3771 27495 5414 40201 159589 1725 3345 618812 10173 105497 75851 14994
internal_value=-3.30847e-06 -4.61994e-05 4.37914e-06 -7.00212e-06 6.89173e-05 -1.06865e-05 2.88488e-05 -0.000177775 -7.30107e-05 -1.52541e-05 -8.89155e-05 3.42963e-05 6.37718e-05 -9.99854e-05
internal_weight=1.29687e+06 197707 1.09917e+06 749388 73110 45615 349778 8841 7116 676278 57466 340937 181348 74193
internal_count=1296873 197707 1099166 749388 73110 45615 349778 8841 7116 676278 57466 340937 181348 74193
is_linear=0
shrinkage=0.01


Tree=383
num_leaves=15
num_cat=0
split_feature=22 17 28 26 21 23 19 19 14 21 11 22 22 22
split_gain=4.04497 4.69968 3.84756 5.79583 3.96361 3.96604 3.81712 3.55843 5.82352 3.40004 3.52292 3.31889 3.10147 2.10846
threshold=-0.4759001161440185 -0.45959183673469384 0.12645348837209305 0.039230769230769243 -0.43938775510204076 0.20833333333333334 -0.46295454545454545 -0.020416666666666663 0.44222222222222224 -0.37367021276595741 0.010421189752496731 -0.41578014184397155 0.36023255813953492 -1.0000000180025095e-35
decision_type=2 2 8 2 2 10 2 2 2 2 2 2 2 2
left_child=1 -1 4 9 13 12 -3 8 -5 -4 -11 -9 -6 -2
right_child=2 6 3 7 5 -7 -8 11 -10 10 -12 -13 -14 -15
leaf_value=-0.00089361243956329192 7.4085276501181102e-05 0.00043498612301697258 -0.00017252587874009101 -0.00010723356894413484 1.6538087274342304e-05 0.00056229482328759703 -0.00014593539267046237 0.00015440067570260101 0.00034342059074674849 0.00028238799285301323 6.3057011845189207e-05 -2.2821424691733773e-05 -6.1862852715893838e-05 0.00029611316623007281
leaf_weight=806 12118 1182 4407 78800 703428 1306 17990 10846 2944 9897 30436 362187 54230 7077
leaf_count=806 12118 1182 4407 78800 703428 1306 17990 10846 2944 9897 30436 362187 54230 7077
internal_value=-6.00353e-07 -0.000141799 1.58431e-06 -2.00486e-05 1.55095e-05 1.18772e-05 -0.000108493 -3.07816e-05 -9.06243e-05 8.83757e-05 0.000117638 -1.7587e-05 1.08867e-05 0.000157541
internal_weight=1.29765e+06 19978 1.27768e+06 499517 778159 758964 19172 454777 81744 44740 40333 373033 757658 19195
internal_count=1297654 19978 1277676 499517 778159 758964 19172 454777 81744 44740 40333 373033 757658 19195
is_linear=0
shrinkage=0.01


Tree=384
num_leaves=15
num_cat=0
split_feature=11 26 24 22 28 26 24 15 24 24 15 24 3 26
split_gain=3.81674 4.60317 6.29573 3.64611 3.38277 4.27105 4.84269 6.87493 4.60883 3.39565 5.49836 5.16724 4.07972 3.68383
threshold=-0.33156028368794321 0.29217479674796754 -0.46906887755102039 0.23979166666666671 0.13211600429645545 0.05634920634920635 -0.11583184257602859 0.29795918367346946 -0.37627551020408156 -0.037042682926829239 0.010527482269503509 -0.42163742690058476 -0.43683510638297868 0.16064516129032261
decision_type=2 2 8 2 10 2 10 2 8 8 2 10 10 2
left_child=1 2 -1 -3 5 8 7 -7 -2 10 11 -6 -11 -12
right_child=4 3 -4 -5 9 6 -8 -9 -10 12 13 -13 -14 -15
leaf_value=0.00052806678701709429 0.00011916525523215781 -7.6152359442818715e-05 -4.7189418194278702e-06 -0.00028178722249747534 6.8400776979682046e-05 -1.9683024531638579e-05 4.8733548229125876e-05 0.00022853334010092139 -7.5352590074721865e-05 -0.00021443947561227119 6.8885808736480659e-05 -0.00022050860552234327 1.1027412837139096e-05 -5.3395435816625768e-05
leaf_weight=2342 14321 54904 39191 10446 7658 231646 405013 11712 78317 8256 33293 29372 277279 93484
leaf_count=2342 14321 54904 39191 10446 7658 231646 405013 11712 78317 8256 33293 29372 277279 93484
internal_value=1.26136e-07 -5.70919e-05 2.4638e-05 -0.000109493 5.28915e-06 1.84355e-05 2.7539e-05 -7.61126e-06 -4.49552e-05 -1.63236e-05 -5.26316e-05 -0.00015995 4.40098e-06 -2.10456e-05
internal_weight=1.29723e+06 106883 41533 65350 1.19035e+06 741009 648371 243358 92638 449342 163807 37030 285535 126777
internal_count=1297234 106883 41533 65350 1190351 741009 648371 243358 92638 449342 163807 37030 285535 126777
is_linear=0
shrinkage=0.01


Tree=385
num_leaves=15
num_cat=0
split_feature=0 27 26 28 19 27 17 1 26 28 28 27 1 22
split_gain=3.83436 3.32104 5.44035 4.31817 4.83399 3.56158 4.62421 3.16863 4.42262 3.38543 3.1481 2.60117 2.26298 2.18336
threshold=0.29356060606060608 -0.14946808510638296 0.096006144393241177 0.46076923076923082 0.021286231884057986 -0.32322303921568618 0.011766334440753036 0.011495771670190282 0.09449404761904763 0.095491388044579531 -0.23956521739130432 0.49000000000000005 -0.47979591836734686 -0.39897959183673465
decision_type=10 2 2 8 2 2 2 10 2 8 8 2 8 2
left_child=1 2 5 4 -4 6 -1 10 9 -9 -3 -10 -12 -2
right_child=13 7 3 -5 -6 -7 -8 8 11 -11 12 -13 -14 -15
leaf_value=5.8891347835520907e-05 -0.00016509934601099212 8.6292238198585713e-05 -1.46891301976444e-05 -0.00014869249447684718 6.538519136647525e-05 4.1952141058357832e-05 0.00030098036890040491 -0.00013422149390844169 -1.3241180346290509e-05 -5.551510434317665e-06 -0.00028877149244561364 9.4473258980707446e-05 6.6222349616731328e-06 -3.4395132551578734e-05
leaf_weight=15459 14140 60075 171889 15888 133686 37543 16931 54137 398550 33663 2630 23711 166942 152258
leaf_count=15459 14140 60075 171889 15888 133686 37543 16931 54137 398550 33663 2630 23711 166942 152258
internal_value=-8.45624e-07 5.72434e-06 2.92949e-05 1.18005e-05 2.02447e-05 0.000109279 0.000186379 -6.70687e-06 -2.06261e-05 -8.52323e-05 2.40779e-05 -7.12107e-06 1.85885e-06 -4.5685e-05
internal_weight=1.2975e+06 1.1311e+06 391396 321463 305575 69933 32390 739708 510061 87800 229647 422261 169572 166398
internal_count=1297502 1131104 391396 321463 305575 69933 32390 739708 510061 87800 229647 422261 169572 166398
is_linear=0
shrinkage=0.01


Tree=386
num_leaves=15
num_cat=0
split_feature=17 24 22 15 22 24 26 24 22 23 24 15 11 24
split_gain=3.74675 3.36278 4.99079 4.88974 4.26361 5.85705 4.82163 4.1125 4.09028 4.00486 4.93973 4.00359 3.71657 3.52243
threshold=-0.40454545454545449 -0.057189542483660143 0.078661616161616169 -0.19782608695652171 -0.13976744186046511 0.43875000000000003 0.19782608695652179 0.28759398496240607 -0.21352583586626137 0.012347560975609741 -0.14194139194139191 0.093790707772470686 -0.41578014184397155 -0.19416099773242626
decision_type=2 10 2 2 2 10 2 10 2 10 10 2 2 10
left_child=-1 2 3 13 5 -3 7 -6 -5 -4 -11 -7 -8 -2
right_child=1 4 9 8 6 11 12 -9 -10 10 -12 -13 -14 -15
leaf_value=-9.1463674203067711e-05 -8.9466119598924623e-05 3.2824601693149267e-05 -4.1175956519557324e-05 -2.8935391918418265e-05 -7.8042531987105707e-06 0.00020763287232135799 -0.0001390372917073389 -0.00011765104042890128 4.94509313218744e-05 -0.00028943785249081403 0.00020296846860361084 -0.00016964031457201848 2.9698444298229913e-05 -0.00052446771696419746
leaf_weight=41064 20668 150509 174436 103361 117460 32912 13449 48407 185369 12821 2346 2985 389534 2093
leaf_count=41064 20668 150509 174436 103361 117460 32912 13449 48407 185369 12821 2346 2985 389534 2093
internal_value=2.4876e-06 5.5825e-06 -1.4469e-05 1.00718e-05 1.89259e-05 6.04469e-05 5.26694e-06 -4.00446e-05 2.12859e-05 -5.49438e-05 -0.000211271 0.000175414 2.39917e-05 -0.000130849
internal_weight=1.29741e+06 1.25635e+06 501094 311491 755256 186406 568850 165867 288730 189603 15167 35897 402983 22761
internal_count=1297414 1256350 501094 311491 755256 186406 568850 165867 288730 189603 15167 35897 402983 22761
is_linear=0
shrinkage=0.01


Tree=387
num_leaves=15
num_cat=0
split_feature=27 21 23 11 22 28 25 11 3 21 22 22 19 3
split_gain=3.72973 6.16456 4.38753 4.70925 4.3826 3.89088 4.33897 3.63851 3.7972 3.69369 2.96348 3.03844 3.76602 2.68655
threshold=0.38047619047619052 0.011766334440753036 0.14583333333333334 0.13450834879406312 -0.09891304347826084 0.49000000000000005 1.0000000180025095e-35 0.042572463768115916 0.028594771241830078 0.081666666666666679 0.48456521739130437 -0.4560386473429951 -0.43683510638297868 0.45603864734299526
decision_type=2 2 8 2 2 8 2 2 10 2 2 2 2 8
left_child=5 -2 3 4 -3 10 -7 8 -8 -9 11 12 -1 -5
right_child=1 2 -4 13 -6 6 7 9 -10 -11 -12 -13 -14 -15
leaf_value=0.00028113599949121073 -0.00015492358231604177 9.3938497825678732e-05 0.00044486343517883675 -9.1182005781825928e-05 -3.7604026716569659e-05 0.00069597763737098983 -0.0001100640899109337 0.00024542184074182426 -0.00041526920216457464 -0.00017958267446366443 -0.0001581605503103914 1.4251433752125859e-05 -0.00012514308056407191 -0.00037159759407041394
leaf_weight=2455 38456 37326 2069 12875 78624 651 16801 4625 5593 3600 10377 1051762 26443 4892
leaf_count=2455 38456 37326 2069 12875 78624 651 16801 4625 5593 3600 10377 1051762 26443 4892
internal_value=-3.09974e-08 -4.30986e-05 -1.1205e-05 -1.84959e-05 4.48404e-06 6.62877e-06 -0.000103265 -0.000121305 -0.000187675 5.57579e-05 9.8062e-06 1.14473e-05 -8.95644e-05 -0.00017013
internal_weight=1.29655e+06 174242 135786 133717 115950 1.12231e+06 31270 30619 22394 8225 1.09104e+06 1.08066e+06 28898 17767
internal_count=1296549 174242 135786 133717 115950 1122307 31270 30619 22394 8225 1091037 1080660 28898 17767
is_linear=0
shrinkage=0.01


Tree=388
num_leaves=15
num_cat=0
split_feature=7 5 22 24 26 25 28 15 26 11 24 28 24 16
split_gain=4.35844 4.08297 3.77088 3.11808 4.77581 2.96419 2.75173 2.51594 2.44816 4.29714 2.69095 2.38151 2.32914 2.04018
threshold=-0.41918367346938773 0.43683510638297879 0.37627551020408168 0.26163419913419916 0.52041666666666686 0.82500000000000018 0.45505050505050515 0.023268398268398275 0.3816526610644258 0.04083333333333334 0.46841755319148942 0.45293466223698786 -0.42752100840336132 0.010990338164251214
decision_type=2 10 2 10 2 2 10 2 2 2 8 10 10 2
left_child=8 2 3 6 -5 12 -2 11 10 13 -1 -4 -3 -10
right_child=1 5 7 4 -6 -7 -8 -9 9 -11 -12 -13 -14 -15
leaf_value=1.2638113012092253e-06 5.2274343978833354e-06 0.00024611568487683882 -0.00010794393598442065 1.4428510473412158e-06 7.8449340832854772e-05 -0.00021942265712203126 -7.5208139551519946e-05 5.8561006833292013e-05 -0.00014283945496562753 1.2522343610079847e-05 -0.0006264909414965327 0.00015335849180007858 -6.1222702973658984e-05 -0.00035910826726436826
leaf_weight=24387 747146 2603 55426 173597 151553 12300 45089 13550 10541 10084 697 3628 38224 8389
leaf_count=24387 747146 2603 55426 173597 151553 12300 45089 13550 10541 10084 697 3628 38224 8389
internal_value=-8.61884e-07 2.93865e-06 6.79133e-06 1.13518e-05 3.74284e-05 -8.27883e-05 6.11416e-07 -6.29788e-05 -8.87441e-05 -0.000151409 -1.50564e-05 -9.13758e-05 -4.08764e-05 -0.000240307
internal_weight=1.29721e+06 1.24312e+06 1.18999e+06 1.11738e+06 325150 53127 792235 72604 54098 29014 25084 59054 40827 18930
internal_count=1297214 1243116 1189989 1117385 325150 53127 792235 72604 54098 29014 25084 59054 40827 18930
is_linear=0
shrinkage=0.01


Tree=389
num_leaves=15
num_cat=0
split_feature=22 23 19 17 28 22 17 18 28 3 23 18 23 28
split_gain=3.91274 5.2306 5.28626 4.08071 3.78951 3.67477 3.57145 3.53537 3.493 3.39191 3.34497 3.45221 3.27351 3.11459
threshold=-0.4560386473429951 0.012049941927990694 -0.43683510638297868 -0.47979591836734686 0.17416582406471184 0.37627551020408168 0.012049941927990694 0.45959183673469389 -0.28024390243902436 0.30104166666666676 0.20833333333333334 -0.17888888888888885 0.010102040816326542 -0.13525498891352547
decision_type=2 10 2 2 8 2 2 2 8 8 8 2 8 10
left_child=1 2 -1 -4 5 10 -7 -8 -5 -6 11 -2 -11 -3
right_child=4 13 3 8 9 6 7 -9 -10 12 -12 -13 -14 -15
leaf_value=0.00018528983697377836 7.3879208211862616e-05 -7.9967282575929671e-05 -0.00097767536760346406 1.8802410143826546e-05 -1.2420606966443931e-05 -0.00014841287076923892 5.0188011441710482e-05 -0.00040686871339625918 -0.00023050353017410648 -0.00017595428071631326 0.00051089246926016934 9.8009967119749335e-06 -2.1272341642303907e-05 0.0006189261485313
leaf_weight=4332 96348 978 649 7291 377201 26819 23515 1815 21709 26799 1380 676390 28972 1520
leaf_count=4332 96348 978 649 7291 377201 26819 23515 1815 21709 26799 1380 676390 28972 1520
internal_value=-2.26966e-06 -0.000104369 -0.000137469 -0.000185653 6.64475e-07 1.32452e-05 -6.78803e-05 1.62095e-05 -0.000166795 -2.32748e-05 1.87493e-05 1.78296e-05 -9.61432e-05 0.000333537
internal_weight=1.29572e+06 36479 33981 29649 1.25924e+06 826267 52149 25330 29000 432972 774118 772738 55771 2498
internal_count=1295718 36479 33981 29649 1259239 826267 52149 25330 29000 432972 774118 772738 55771 2498
is_linear=0
shrinkage=0.01


Tree=390
num_leaves=15
num_cat=0
split_feature=28 26 24 23 11 18 19 21 24 28 21 21 26 24
split_gain=3.58431 5.0544 6.82292 4.69624 4.10263 3.95151 4.22001 3.87413 3.67375 3.43961 3.38969 3.06223 2.87904 3.87151
threshold=0.17006802721088435 0.045983086680761107 -0.41240409207161116 0.20833333333333334 -0.45959183673469384 -0.32111111111111107 0.47979591836734697 -0.43938775510204076 0.10263157894736842 0.3816526610644258 0.42111111111111121 -0.43938775510204076 0.039230769230769243 -0.13254936120789776
decision_type=10 2 10 10 2 2 2 2 8 10 2 2 2 8
left_child=3 2 -2 7 9 6 -6 -1 -7 10 -3 -4 13 -9
right_child=1 4 11 -5 5 8 -8 12 -10 -11 -12 -13 -14 -15
leaf_value=0.0001448047496494884 0.00057536654236631268 1.264765257349881e-05 -0.00031860320639481832 0.00059328279386449019 -0.00018775536360235231 -5.4435388110401479e-05 0.00042788252229375282 5.9368445680908802e-05 9.2257611504394235e-06 -0.00050699112877268635 -0.00081586060799597449 6.0925243238509802e-05 1.4041457946566468e-05 -9.9777231785900861e-05
leaf_weight=21344 2548 4174 2203 1390 22174 175851 1142 21605 185723 3318 548 47326 756207 50831
leaf_count=21344 2548 4174 2203 1390 22174 175851 1142 21605 185723 3318 548 47326 756207 50831
internal_value=6.49128e-07 -2.23256e-05 7.00548e-05 1.26931e-05 -3.4646e-05 -2.98866e-05 -0.000156264 1.17063e-05 -2.1653e-05 -0.000258663 -7.76106e-05 4.34203e-05 8.24121e-06 -5.18953e-05
internal_weight=1.29638e+06 445007 52077 851377 392930 384890 23316 849987 361574 8040 4722 49529 828643 72436
internal_count=1296384 445007 52077 851377 392930 384890 23316 849987 361574 8040 4722 49529 828643 72436
is_linear=0
shrinkage=0.01


Tree=391
num_leaves=15
num_cat=0
split_feature=1 11 19 24 26 25 25 23 19 28 15 28 28 26
split_gain=4.60888 3.48132 3.83744 4.64786 4.53912 3.60834 3.38774 5.28579 3.2779 2.93969 2.86693 2.58761 2.61508 2.138
threshold=0.34021276595744687 -0.37888888888888883 0.030012004801920792 0.43875000000000003 0.53410852713178303 0.57500000000000018 0.82500000000000018 0.010527482269503509 0.34944495837187795 -0.45789007092198575 0.45959183673469389 0.41010101010101013 -0.19883720930232557 0.084219858156028379
decision_type=10 2 2 10 2 2 2 8 2 10 2 10 10 2
left_child=1 13 3 5 -5 -3 7 -4 -8 -2 11 12 -11 -1
right_child=9 2 6 4 -6 -7 8 -9 -10 10 -12 -13 -14 -15
leaf_value=5.2572177743329824e-05 0.00017971459071107349 1.4026663693040099e-05 -1.6716751993847164e-05 -1.6964763128655051e-06 0.0001527007287864433 -3.2528026906801647e-05 5.4757043835633465e-05 7.2503144104410988e-05 0.00020092953523750517 -0.00014400262151110499 0.0002364938116861724 -0.00020885840684475282 -2.9287939348941062e-05 -9.5249113694335829e-05
leaf_weight=11798 4891 295145 164564 40141 35583 380153 60838 110913 20980 27264 2950 13318 77107 51464
leaf_count=11798 4891 295145 164564 40141 35583 380153 60838 110913 20980 27264 2950 13318 77107 51464
internal_value=-1.25862e-06 4.88796e-06 9.03027e-06 -3.76802e-06 7.04624e-05 -1.21365e-05 3.60156e-05 1.90966e-05 9.26116e-05 -5.88628e-05 -6.87882e-05 -7.67012e-05 -5.95446e-05 -6.72059e-05
internal_weight=1.29711e+06 1.17158e+06 1.10832e+06 751022 75724 675298 357295 275477 81818 125530 120639 117689 104371 63262
internal_count=1297109 1171579 1108317 751022 75724 675298 357295 275477 81818 125530 120639 117689 104371 63262
is_linear=0
shrinkage=0.01


Tree=392
num_leaves=15
num_cat=0
split_feature=5 24 26 27 21 3 14 14 18 24 14 22 17 27
split_gain=3.60728 3.16687 4.10668 7.91067 5.26401 5.20962 4.98074 4.09866 3.86557 3.55426 3.49575 2.88623 3.08159 2.38689
threshold=0.43683510638297879 -0.057189542483660143 0.28102564102564109 -0.30901722391084091 -0.26839539007092195 0.33836734693877557 -0.078888888888888883 0.37095282146160968 0.011766334440753036 0.46702898550724642 0.31725417439703163 0.49479166666666674 0.49000000000000005 0.3585714285714286
decision_type=10 10 2 2 2 8 2 2 2 10 2 2 2 2
left_child=1 2 3 8 10 -5 -6 11 -1 -9 -4 12 -3 -11
right_child=-2 7 4 5 6 -7 -8 9 -10 13 -12 -13 -14 -15
leaf_value=3.8672793159713972e-05 -7.6594202421063356e-05 2.6531199831332651e-05 9.1964297945828507e-05 5.2617477880751666e-06 -0.00017685199491761623 -0.00020984331384012606 -3.9022820610785494e-05 -3.7841416939530358e-05 0.00024009700966571529 -0.00021392648253418627 -0.00035904174786411931 -0.00017201960796117376 -0.00025353914942340171 -0.00083723674836980112
leaf_weight=18217 59057 685902 36765 129109 29650 12311 239863 45219 20954 5543 1777 7486 3929 746
leaf_count=18217 59057 685902 36765 129109 29650 12311 239863 45219 20954 5543 1777 7486 3929 746
internal_value=-2.2078e-07 3.39999e-06 -1.63727e-05 2.13832e-05 -3.86037e-05 -1.32557e-05 -5.4299e-05 1.63428e-05 0.000147198 -6.95927e-05 7.03658e-05 2.27338e-05 2.48914e-05 -0.000292995
internal_weight=1.29653e+06 1.23747e+06 488646 180591 308055 141420 269513 748825 39171 51508 38542 697317 689831 6289
internal_count=1296528 1237471 488646 180591 308055 141420 269513 748825 39171 51508 38542 697317 689831 6289
is_linear=0
shrinkage=0.01


Tree=393
num_leaves=15
num_cat=0
split_feature=21 11 19 23 18 28 18 27 25 22 14 27 28 23
split_gain=3.70657 3.46599 5.91644 7.10486 4.37131 4.43901 4.2773 4.17631 3.2071 3.78269 3.14252 3.12126 4.44626 4.15293
threshold=-0.45959183673469384 -0.31909090909090904 -0.37367021276595741 0.010527482269503509 0.32111111111111112 -0.28024390243902436 -0.19782608695652171 0.14051282051282057 0.27500000000000008 -0.17327315541601254 -0.45959183673469384 -0.054951690821256054 0.4587585034013606 0.1125
decision_type=2 2 2 8 2 10 2 2 2 2 2 2 8 8
left_child=8 2 3 6 10 -6 -2 -5 9 -1 -4 12 -3 -13
right_child=1 11 4 7 5 -7 -8 -9 -10 -11 -12 13 -14 -15
leaf_value=0.00016403199835039449 0.0004258420333146683 2.812213747677029e-05 -0.0006978613855297335 -0.00013035738595877774 -0.00039756190941239695 0.0001528187638700331 6.5258464403308958e-05 -0.0012835965835438401 0.00016916586246796799 -0.00059791396723023118 -0.00010859912143436087 -1.5049973169985937e-05 -0.00011113278283129324 0.00018511253811945798
leaf_weight=1258 4749 469797 933 997 1658 11370 11577 509 20107 1256 79596 658077 24029 10510
leaf_count=1258 4749 469797 933 997 1658 11370 11577 509 20107 1256 79596 658077 24029 10510
internal_value=-6.08713e-07 -2.88517e-06 -5.61817e-05 0.000109994 -8.81779e-05 8.03973e-05 0.000172043 -0.000541788 0.000126237 -0.000204978 -0.000115825 2.19632e-06 2.12848e-05 -1.18578e-05
internal_weight=1.29642e+06 1.2738e+06 111389 17832 93557 13028 16326 1506 22621 2514 80529 1.16241e+06 493826 668587
internal_count=1296423 1273802 111389 17832 93557 13028 16326 1506 22621 2514 80529 1162413 493826 668587
is_linear=0
shrinkage=0.01


Tree=394
num_leaves=15
num_cat=0
split_feature=0 3 23 26 21 5 21 7 23 28 28 28 18 18
split_gain=3.68498 2.90098 4.54911 3.48403 3.12547 2.24953 3.70155 2.27463 2.03816 3.1579 2.05561 1.99947 2.72066 1.99785
threshold=0.2525510204081633 -0.45789007092198575 0.010990338164251214 0.95959183673469395 -0.28130434782608693 0.28130434782608704 0.3585714285714286 -0.14222222222222219 0.14583333333333334 -0.084349593495934946 0.49000000000000005 0.10208333333333332 0.010990338164251214 -0.18042553191489358
decision_type=8 8 10 2 2 8 2 2 10 10 8 10 2 2
left_child=1 2 3 13 11 -2 7 -7 10 -10 -6 12 -3 -1
right_child=5 4 -4 -5 8 6 -8 -9 9 -11 -12 -13 -14 -15
leaf_value=-0.0002085071949960678 -1.3861561544995977e-05 0.00015699896427941233 -0.00078961441696306423 -0.00040005510423657897 3.2195382454740657e-06 -0.00023689054518640708 5.4595422858601224e-05 -8.5897231800569537e-05 -0.00043721353034534359 0.00031709584004997331 -8.0986743401736654e-05 1.8409253862483036e-05 3.1862480461652998e-06 3.0473692087994927e-05
leaf_weight=4553 118118 33314 940 2882 928914 12885 15421 50935 611 4019 29916 62484 18178 14576
leaf_count=4553 118118 33314 940 2882 928914 12885 15421 50935 611 4019 29916 62484 18178 14576
internal_value=-2.01475e-06 5.09738e-06 -0.000106058 -7.53994e-05 7.49328e-06 -4.18203e-05 -8.31154e-05 -0.000116862 1.60313e-06 0.000210859 5.60725e-07 5.70193e-05 0.000103285 -2.48632e-05
internal_weight=1.29775e+06 1.10039e+06 22951 22011 1.07744e+06 197359 79241 63820 963460 4630 958830 113976 51492 19129
internal_count=1297746 1100387 22951 22011 1077436 197359 79241 63820 963460 4630 958830 113976 51492 19129
is_linear=0
shrinkage=0.01


Tree=395
num_leaves=15
num_cat=0
split_feature=3 26 24 26 24 11 24 17 23 27 21 21 3 3
split_gain=3.63936 4.98225 3.24728 6.02207 5.64831 7.84443 3.66269 3.36382 3.12392 3.3459 2.80415 2.48005 2.3327 2.08595
threshold=-0.39472517730496448 0.91010101010101019 -0.2214052287581699 0.021980676328502421 -0.37627551020408156 0.43813775510204089 -0.46906887755102039 -0.47979591836734686 0.04006410256410254 0.091372912801484255 0.48876262626262634 0.40212765957446817 0.36085106382978727 -0.45789007092198575
decision_type=8 2 10 2 8 2 8 2 10 2 2 2 10 10
left_child=1 -1 3 6 10 -6 11 -4 9 -9 -5 -2 -8 -3
right_child=2 13 7 4 5 -7 12 8 -10 -11 -12 -13 -14 -15
leaf_value=-2.4800676427973787e-05 0.0008562404742056348 -0.00038714405430444968 -0.00025215464821304231 -4.9758948733969607e-06 -0.00010329443353034726 0.00054728816623514245 0.00012837532696558182 2.8338674598162195e-05 9.147413528713135e-05 -1.0836544945902603e-05 0.00025517342090127654 0 -0.00024507571492206738 -0.00013469139366052981
leaf_weight=59630 1120 5511 4693 142671 108824 1869 18890 503151 51669 383327 4262 550 1783 9508
leaf_count=59630 1120 5511 4693 142671 108824 1869 18890 503151 51669 383327 4262 550 1783 9508
internal_value=1.38195e-06 -6.63706e-05 5.54274e-06 -2.43223e-05 -3.80715e-05 -9.20241e-05 0.000132854 1.44428e-05 1.58092e-05 1.13649e-05 2.37099e-06 0.000586417 9.46842e-05 -0.000229381
internal_weight=1.29746e+06 74649 1.22281e+06 279969 257626 110693 22343 942840 938147 886478 146933 1670 20673 15019
internal_count=1297458 74649 1222809 279969 257626 110693 22343 942840 938147 886478 146933 1670 20673 15019
is_linear=0
shrinkage=0.01


Tree=396
num_leaves=15
num_cat=0
split_feature=22 22 23 28 15 28 28 18 23 22 17 17 21 14
split_gain=3.12446 3.2092 4.83811 4.20923 4.0498 3.16009 2.92699 4.777 4.22889 3.4833 3.92063 3.75843 2.99191 2.67453
threshold=0.48456521739130437 -0.4560386473429951 0.012049941927990694 0.27664399092970526 -0.43938775510204076 -0.13525498891352547 0.022233201581027654 0.011237373737373714 0.20833333333333334 -0.36306818181818173 -0.37877551020408157 0.023268398268398275 -0.19138321995464849 -0.31909090909090904
decision_type=2 2 10 8 2 10 10 2 10 2 2 2 2 2
left_child=1 2 3 4 -1 -4 7 12 -9 10 -8 -11 -3 -5
right_child=-2 6 5 13 -6 -7 9 8 -10 11 -12 -13 -14 -15
leaf_value=0.0002778708643864635 -0.00015465538166178008 0.0001197739271457826 -8.7245225571678018e-05 -0.00097382523476810718 -0.00011954386408861758 0.00061882526179492985 -0.00024612677159774294 -5.202447140241234e-06 0.00055126472274317356 -3.5080660735299525e-05 0.000116765531547364 1.9191107812217886e-05 3.4839925744871782e-05 -0.00028768671472163989
leaf_weight=2785 12995 53358 972 786 27677 1517 3224 378747 1367 393720 32934 188004 195465 2997
leaf_count=2785 12995 53358 972 786 27677 1517 3224 378747 1367 393720 32934 188004 195465 2997
internal_value=-3.7525e-07 1.1637e-06 -9.092e-05 -0.000122509 -8.22015e-05 0.00033128 3.90096e-06 1.91054e-05 -3.11797e-06 -1.1527e-05 8.35612e-05 -1.74893e-05 5.31751e-05 -0.000438829
internal_weight=1.29655e+06 1.28355e+06 36734 34245 30462 2489 1.24682e+06 628937 380114 617882 36158 581724 248823 3783
internal_count=1296548 1283553 36734 34245 30462 2489 1246819 628937 380114 617882 36158 581724 248823 3783
is_linear=0
shrinkage=0.01


Tree=397
num_leaves=15
num_cat=0
split_feature=11 26 15 14 17 1 3 11 4 4 4 4 21 11
split_gain=4.60408 5.11617 3.26911 5.952 4.62683 4.32 3.8147 3.66761 3.5518 3.3004 3.81065 3.18677 3.1668 3.18867
threshold=-0.35321969696969691 0.45916666666666672 -0.43938775510204076 0.17369121561668147 0.45831524099001308 0.45603864734299526 -0.40212765957446805 0.39689625850340143 0.28062500000000007 0.47894503546099293 0.18819444444444447 -0.26020833333333326 0.19782608695652174 0.2423404255319149
decision_type=2 2 2 2 2 10 8 2 2 2 2 2 2 2
left_child=1 -1 3 4 7 6 8 -2 -4 10 -5 -8 -7 -14
right_child=2 -3 5 9 -6 12 11 -9 -10 -11 -12 -13 13 -15
leaf_value=5.1649437006529235e-06 0.00020897206369507073 -0.00014213936273523828 -5.2018961461563951e-05 0 0.00089171118135429703 -0.00018617064612926778 5.7698801750635245e-05 -0.00055390957375938364 -0.0003437537886929931 0.00050273309407946004 -0.00056483734596126625 3.6432134073480896e-06 7.798498406757682e-05 -0.0002540687573474612
leaf_weight=46811 15071 46744 44001 2890 985 20659 123076 635 4677 648 2123 973194 12413 3767
leaf_count=46811 15071 46744 44001 2890 985 20659 123076 635 4677 648 2123 973194 12413 3767
internal_value=-5.20789e-07 -6.8116e-05 4.70623e-06 0.000124533 0.000220298 2.41416e-06 5.8686e-06 0.000176119 -8.06847e-05 -0.000152493 -0.000243421 9.73943e-06 -0.000104127 0
internal_weight=1.29769e+06 93555 1.20414e+06 22352 16691 1.18179e+06 1.14495e+06 15706 48678 5661 5013 1.09627e+06 36839 16180
internal_count=1297694 93555 1204139 22352 16691 1181787 1144948 15706 48678 5661 5013 1096270 36839 16180
is_linear=0
shrinkage=0.01


Tree=398
num_leaves=15
num_cat=0
split_feature=22 24 26 3 24 3 28 26 2 22 22 23 24 26
split_gain=3.62542 3.18076 5.96481 5.44336 5.41534 5.22352 4.61975 5.49423 5.18549 4.22537 4.00794 4.89664 3.28723 2.66951
threshold=0.49479166666666674 0.13078947368421054 0.52440476190476204 -0.43683510638297868 0.48500000000000004 0.47979591836734697 0.41010101010101013 0.06030303030303031 0.072172619047619027 -0.20782520325203249 0.13438086303939964 0.010310374149659853 -0.018308080808080798 0.040408163265306128
decision_type=2 10 2 10 10 10 8 2 10 2 2 8 8 2
left_child=1 6 5 -4 -5 9 10 -8 -9 -3 12 -12 -1 -7
right_child=-2 2 3 4 -6 13 7 8 -10 -11 11 -13 -14 -15
leaf_value=5.488803057689275e-06 -0.00016595390621758216 7.9928658170067842e-05 -0.00023373267853978255 7.6807284385329859e-05 -0.00022425436976615602 4.5497214312789163e-05 0.00013493865927406424 -6.6100565729808059e-05 -0.00028414417528250429 -2.3126436687733217e-05 1.7367561393241445e-05 -7.7203794403506816e-05 9.7544410138655866e-05 -0.00052884951897886451
leaf_weight=461242 12819 48909 6080 217063 6093 996 8983 37501 15709 212610 93660 130327 42462 2880
leaf_count=461242 12819 48909 6080 217063 6093 996 8983 37501 15709 212610 93660 130327 42462 2880
internal_value=1.32309e-06 3.01619e-06 2.29193e-05 6.03013e-05 6.84498e-05 -9.25678e-06 -9.40934e-06 -9.21434e-05 -0.000131049 -3.73778e-06 -2.2968e-06 -3.75252e-05 1.33091e-05 -0.000373607
internal_weight=1.29733e+06 1.28452e+06 494631 229236 223156 265395 789884 62193 53210 261519 727691 223987 503704 3876
internal_count=1297334 1284515 494631 229236 223156 265395 789884 62193 53210 261519 727691 223987 503704 3876
is_linear=0
shrinkage=0.01


Tree=399
num_leaves=15
num_cat=0
split_feature=2 24 24 25 4 22 4 14 24 25 17 15 21 22
split_gain=3.95411 3.27636 5.56456 6.20975 5.67555 5.49332 3.93711 3.86951 4.35893 6.39176 3.81065 4.22042 3.69584 3.06817
threshold=-0.43683510638297868 -0.2214052287581699 -0.37627551020408156 0.70000000000000018 -0.3010416666666666 0.34409722222222228 0.36811594202898557 0.36181818181818187 0.46702898550724642 0.27500000000000008 -0.47979591836734686 -0.43938775510204076 0.48876262626262634 -0.38021739130434778
decision_type=8 8 10 2 2 2 2 2 10 2 2 2 2 2
left_child=-1 2 5 4 -4 12 -5 10 13 -10 -3 -12 -2 -9
right_child=1 7 3 6 -6 -7 -8 8 9 -11 11 -13 -14 -15
leaf_value=-9.5201655023874278e-05 2.044859299542795e-05 -0.00028491677450113566 0.0002680180249257299 -0.00012737819084593244 -4.0533810432439365e-05 -0.0001714801462994903 -0.00045705642371045844 -0.00064948691525013036 -0.0012466853118816548 -0.00020116648028401844 0.00018206456639442277 1.446447864543764e-05 0.00032298424503363315 -2.6310812840029515e-05
leaf_weight=43219 144728 4177 6671 57982 55442 15005 3955 806 669 5789 15318 890140 4171 48602
leaf_count=43219 144728 4177 6671 57982 55442 15005 3955 806 669 5789 15318 890140 4171 48602
internal_value=-1.14731e-06 2.07197e-06 -2.75027e-05 -7.8061e-05 -6.90072e-06 1.05798e-05 -0.000148935 1.09235e-05 -6.9756e-05 -0.000314646 1.59117e-05 1.73336e-05 2.91311e-05 -3.71227e-05
internal_weight=1.29667e+06 1.25346e+06 287954 124050 62113 163904 61937 965501 55866 6458 909635 905458 148899 49408
internal_count=1296674 1253455 287954 124050 62113 163904 61937 965501 55866 6458 909635 905458 148899 49408
is_linear=0
shrinkage=0.01


Tree=400
num_leaves=15
num_cat=0
split_feature=27 21 25 19 26 27 23 2 21 25 8 26 14 4
split_gain=4.1343 5.18374 3.63241 3.96024 4.02084 3.44612 3.35163 2.93742 2.73111 5.25926 2.69429 2.5639 2.73366 2.98108
threshold=0.38047619047619052 0.011766334440753036 0.77500000000000024 0.011495771670190282 0.16064516129032261 0.4793792517006803 0.14583333333333334 -0.43938775510204076 -0.45959183673469384 0.27500000000000008 -0.45959183673469384 0.41763565891472876 -0.19782608695652171 0.031582446808510641
decision_type=2 2 2 2 2 2 8 8 2 2 2 2 2 2
left_child=7 2 3 4 -2 -4 10 11 9 -9 -3 -1 13 -13
right_child=1 6 5 -5 -6 -7 -8 8 -10 -11 -12 12 -14 -15
leaf_value=3.096611940469218e-06 -0.00023917725395709199 -0.00036597994005675802 -0.00018736068645155396 -0.00013624910404307436 0.00037513812316764352 -0.00055984311562146854 0.00038063313985908608 -0.00032355193142815172 5.7721489784618038e-06 0.00017592549210695702 -1.8246693065233125e-05 -0.00017051184611788572 -8.7528095490927834e-05 -0.0006910059960991183
leaf_weight=17855 1472 2276 14583 15904 3474 3154 2065 2331 1064050 19047 131749 3343 14445 1822
leaf_count=17855 1472 2276 14583 15904 3474 3154 2065 2331 1064050 19047 131749 3343 14445 1822
internal_value=-1.99589e-06 -4.72691e-05 -0.000149676 -5.83008e-05 0.000186213 -0.00025537 -1.80094e-05 5.0202e-06 8.05033e-06 0.000120023 -2.43838e-05 -8.19613e-05 -0.000160925 -0.00036022
internal_weight=1.29757e+06 174677 38587 20850 4946 17737 136090 1.12289e+06 1.08543e+06 21378 134025 37465 19610 5165
internal_count=1297570 174677 38587 20850 4946 17737 136090 1122893 1085428 21378 134025 37465 19610 5165
is_linear=0
shrinkage=0.01


Tree=401
num_leaves=15
num_cat=0
split_feature=11 26 14 18 27 4 21 18 4 16 23 27 14 26
split_gain=2.95009 4.04025 3.49614 3.34965 2.79614 2.77044 4.33714 4.35076 3.32974 2.64134 2.51273 2.15711 4.43376 4.10489
threshold=-0.45789007092198575 0.67006802721088443 -0.41918367346938773 -0.22111111111111106 -0.45959183673469384 -0.29893617021276592 0.4139685476410731 -0.1031914893617021 -0.41578014184397155 -0.20106382978723403 0.054093567251462034 -0.14946808510638296 -0.21869565217391301 0.267479674796748
decision_type=2 2 2 2 2 2 2 2 2 2 8 2 2 2
left_child=1 2 -1 -3 -4 6 -2 9 -9 -8 11 12 -7 -13
right_child=5 3 4 -5 -6 10 7 8 -10 -11 -12 13 -14 -15
leaf_value=-0.00076465066303859524 5.6882353690169053e-05 5.6945177553247473e-05 0.00053875295994998732 -0.00037514003974668185 -1.4473258553387783e-05 -9.4115510512718243e-05 -0.00018905633473897577 -0.00058023198943904833 -0.00010756747149214702 0.00044828746499931982 6.3618922947868291e-05 -4.9977921448241513e-05 2.442930130592047e-05 0
leaf_weight=588 133966 2227 968 7290 14429 34955 1064 2686 3792 1501 51857 253189 318095 470485
leaf_count=588 133966 2227 968 7290 14429 34955 1064 2686 3792 1501 51857 253189 318095 470485
internal_value=-1.19115e-06 -0.000107687 -8.61005e-06 -0.000270894 1.84579e-05 9.21312e-07 4.24056e-05 -0.000168689 -0.000308357 0.000172314 -4.30892e-06 -7.60848e-06 1.26067e-05 -1.75121e-05
internal_weight=1.29709e+06 25502 15985 9517 15397 1.27159e+06 143009 9043 6478 2565 1.12858e+06 1.07672e+06 353050 723674
internal_count=1297092 25502 15985 9517 15397 1271590 143009 9043 6478 2565 1128581 1076724 353050 723674
is_linear=0
shrinkage=0.01


Tree=402
num_leaves=15
num_cat=0
split_feature=22 4 18 28 28 22 19 28 15 25 18 24 18 28
split_gain=3.35609 3.70146 3.49582 3.4834 3.55597 3.31181 4.4248 3.21714 3.99057 8.21826 7.00229 2.87635 6.5393 5.8894
threshold=0.32025641025641027 1.0000000180025095e-35 0.21869565217391304 -0.31909090909090904 0.36023255813953492 0.44023809523809526 -0.37877551020408157 0.17006802721088435 -0.015555555555555571 0.37500000000000006 -0.33836734693877546 -0.042892156862745105 0.022474747474747484 0.16333333333333336
decision_type=2 2 2 8 10 2 2 10 2 2 2 10 2 10
left_child=7 5 3 -3 -5 -2 -7 11 9 -9 -11 -1 -13 -14
right_child=1 2 -4 4 -6 6 -8 8 -10 10 -12 12 13 -15
leaf_value=-1.2940197653063909e-06 8.2133916338940634e-05 3.6040144875012642e-05 8.5717296011173234e-05 -0.00016656021525764128 7.4490770161800301e-06 -0.0010208735556112055 -7.8841374833860754e-05 0.00012270450626137227 -4.6288840650366401e-06 -0.00044071468460787585 -0.00010271868542498088 7.2629178351811102e-05 -1.7689739505879614e-05 0.00050506091025644291
leaf_weight=379296 29261 14972 11196 55995 14448 583 4071 12428 350041 7796 30725 222966 161102 2179
leaf_count=379296 29261 14972 11196 55995 14448 583 4071 12428 350041 7796 30725 222966 161102 2179
internal_value=7.4886e-07 -4.73122e-05 -7.89714e-05 -0.000100912 -0.000130446 4.19876e-05 -0.000203872 6.15234e-06 -1.67545e-05 -9.94688e-05 -0.000171931 1.81901e-05 3.74011e-05 -1.05207e-05
internal_weight=1.29706e+06 130526 96611 85415 70443 33915 4654 1.16653e+06 400990 50949 38521 765543 386247 163281
internal_count=1297059 130526 96611 85415 70443 33915 4654 1166533 400990 50949 38521 765543 386247 163281
is_linear=0
shrinkage=0.01


Tree=403
num_leaves=15
num_cat=0
split_feature=17 22 10 28 26 20 27 28 20 22 11 22 14 16
split_gain=4.88106 3.19733 2.87127 2.66757 3.80223 3.79945 4.23121 3.78794 3.70159 3.57382 3.18532 3.05017 2.88354 2.65638
threshold=-0.40454545454545449 -0.18133462282398449 -0.20643939393939389 0.17006802721088435 0.045983086680761107 0.39009661835748793 -0.30901722391084091 0.30217391304347835 0.45959183673469389 0.37627551020408168 -0.45789007092198575 -0.4759001161440185 0.30981087470449176 -0.45959183673469384
decision_type=2 2 2 8 2 2 2 10 2 2 2 2 2 2
left_child=1 -1 13 8 5 6 -5 12 9 11 -9 -2 -6 -3
right_child=3 2 -4 4 7 -7 -8 10 -10 -11 -12 -13 -14 -15
leaf_value=-0.00022840930923951656 -0.00012806794740811061 8.7526251528085078e-05 2.4531663068886133e-05 0.00029873353886237294 -8.1396952468952658e-05 -0.00016561857404421608 4.8246960441150837e-05 -0.00022965601137150997 0.00016285957226310085 -7.0914327836204017e-05 2.7448219523520252e-06 1.8415524597736235e-05 8.3288825776591305e-05 -0.00031612591346129066
leaf_weight=14450 14443 2135 18633 8506 134605 6173 34808 6049 16217 50865 225770 745432 11363 5711
leaf_count=14450 14443 2135 18633 8506 134605 6173 34808 6049 16217 50865 225770 745432 11363 5711
internal_value=-8.28486e-07 -0.000108307 -4.16147e-05 2.65518e-06 -1.76036e-05 6.4631e-05 9.81473e-05 -2.84555e-05 1.31588e-05 1.01268e-05 -3.19284e-06 1.55913e-05 -6.83699e-05 -0.000202473
internal_weight=1.29516e+06 40929 26479 1.25423e+06 427274 49487 43314 377787 826957 810740 231819 759875 145968 7846
internal_count=1295160 40929 26479 1254231 427274 49487 43314 377787 826957 810740 231819 759875 145968 7846
is_linear=0
shrinkage=0.01


Tree=404
num_leaves=15
num_cat=0
split_feature=17 3 24 24 24 21 25 14 15 27 26 19 27 19
split_gain=4.12174 2.7789 3.3883 4.22607 6.07748 2.68832 6.19933 3.08404 2.90433 2.86711 6.18644 4.0136 2.77213 2.58824
threshold=-0.40454545454545449 0.47979591836734697 0.26393188854489169 -0.28490259740259732 -0.18118686868686867 -0.28945035460992902 0.82500000000000018 -0.1633333333333333 0.010310374149659853 -0.13944444444444443 1.0000000180025095e-35 -0.47979591836734686 0.43908472479901062 0.47801932367149763
decision_type=2 8 10 10 10 2 2 2 2 2 2 2 2 2
left_child=1 -1 3 -3 -5 6 12 -7 -8 10 -9 -11 -2 -10
right_child=5 2 -4 4 -6 7 8 9 13 11 -12 -13 -14 -15
leaf_value=-6.7284424927615394e-05 1.6311660401819683e-05 -0.00066795115038626926 -0.0007571632706092912 0.00099657973176291571 -0.00018991618014391155 -5.3724934837778622e-05 -0.00039596809445068161 0.00019796944647716062 0.000137538713425894 0.00038799242980390518 1.6436986644045917e-05 -1.0026827789805244e-05 -0.00033010124976625977 0.00037501972156499518
leaf_weight=36115 107954 1088 1344 556 1828 103343 855 19976 25213 2537 325056 663820 2353 5904
leaf_count=36115 107954 1088 1344 556 1828 103343 855 19976 25213 2537 325056 663820 2353 5904
internal_value=2.87287e-07 -9.8438e-05 -0.000325645 -0.000149463 7.51368e-05 3.52609e-06 4.44674e-05 -1.67266e-06 0.00016712 3.61648e-06 2.70356e-05 -8.4647e-06 8.64146e-06 0.000183593
internal_weight=1.29794e+06 40931 4816 3472 2384 1.25701e+06 142279 1.11473e+06 31972 1.01139e+06 345032 666357 110307 31117
internal_count=1297942 40931 4816 3472 2384 1257011 142279 1114732 31972 1011389 345032 666357 110307 31117
is_linear=0
shrinkage=0.01


Tree=405
num_leaves=15
num_cat=0
split_feature=4 15 15 2 23 22 21 27 26 23 15 26 11 21
split_gain=3.49041 4.30088 4.55101 4.66014 4.05196 3.45921 4.83983 3.38248 6.41942 4.89997 3.78308 3.15339 4.0237 4.18746
threshold=0.34613526570048314 -0.41918367346938773 -0.015555555555555571 -0.38148936170212761 0.010527482269503509 -0.19895833333333332 0.063858695652173905 -0.14946808510638296 0.1023024594453166 0.010753931544865871 0.46863636363636368 0.05634920634920635 0.031582446808510641 0.4139685476410731
decision_type=2 2 2 8 10 2 2 2 2 10 2 2 2 2
left_child=7 4 3 -3 -2 6 -4 8 9 -1 -10 -9 -13 -14
right_child=1 2 5 -5 -6 -7 -8 11 10 -11 -12 12 13 -15
leaf_value=2.9485848895499593e-05 0.00018670945010909639 -0.0005805348958199066 -2.7124940515297557e-05 -0.00012873735020587607 -0.00045703786457718706 -6.731847616708865e-05 0.00027935195775296618 -5.7848350740370347e-05 6.9401632467484975e-06 0.00019051206357038672 0.00026526542124542812 -1.2590076973995926e-05 5.152922132647329e-05 -0.00017063502967596818
leaf_weight=36934 11178 2505 14352 32978 1046 54138 7910 97407 320280 39811 5779 477084 186174 8831
leaf_count=36934 11178 2505 14352 32978 1046 54138 7910 97407 320280 39811 5779 477084 186174 8831
internal_value=2.23547e-06 -4.8161e-05 -6.7796e-05 -0.000161525 0.000129072 -2.38676e-05 8.04461e-05 7.59645e-06 3.10837e-05 0.000113412 1.16131e-05 -4.6594e-06 3.00495e-06 4.1312e-05
internal_weight=1.29641e+06 124107 111883 35483 12224 76400 22262 1.1723e+06 402804 76745 326059 769496 672089 195005
internal_count=1296407 124107 111883 35483 12224 76400 22262 1172300 402804 76745 326059 769496 672089 195005
is_linear=0
shrinkage=0.01


Tree=406
num_leaves=15
num_cat=0
split_feature=22 21 18 22 24 14 19 24 28 26 15 4 24 15
split_gain=3.3073 4.84096 3.74927 3.54646 7.62353 4.20216 4.17243 3.98566 5.15377 4.88038 3.33989 3.167 3.02019 2.81621
threshold=-0.4560386473429951 -0.015555555555555571 -0.35857142857142849 -0.034487315010570833 0.43875000000000003 0.41207729468599036 0.022233201581027654 0.45199692780337947 -0.024404761904761926 0.31866537717601556 0.093790707772470686 -0.081666666666666651 0.2950000000000001 0.044466403162055308
decision_type=2 2 2 2 10 2 2 10 10 2 2 2 8 2
left_child=1 11 -3 4 12 10 13 8 -8 -9 -6 -1 -2 -5
right_child=3 2 -4 6 5 -7 7 9 -10 -11 -12 -13 -14 -15
leaf_value=-4.2737494177304974e-05 1.8038939567998781e-05 -0.00035877422858822763 4.1596144252142261e-05 -3.2551838142584518e-05 0.00020096794055911164 -0.00035726320813929353 7.3544186159674941e-05 5.9659862924650029e-05 -3.8179042533832735e-06 -0.00026453611896048681 -0.00011440486966377849 -0.00036439067102696107 -0.00016936202348230651 0.00012836944130428579
leaf_weight=5214 366673 2636 20469 434535 38103 1510 132309 7912 244717 10819 3555 8292 8779 11082
leaf_count=5214 366673 2636 20469 434535 38103 1510 132309 7912 244717 10819 3555 8292 8779 11082
internal_value=1.58922e-06 -9.2064e-05 -2.82365e-06 4.33447e-06 2.81341e-05 0.00015405 -7.4713e-06 1.61104e-05 2.32514e-05 -0.000126006 0.000173328 -0.000242474 1.35758e-05 -2.84817e-05
internal_weight=1.2966e+06 36611 23105 1.25999e+06 418620 43168 841374 395757 377026 18731 41658 13506 375452 445617
internal_count=1296605 36611 23105 1259994 418620 43168 841374 395757 377026 18731 41658 13506 375452 445617
is_linear=0
shrinkage=0.01


Tree=407
num_leaves=15
num_cat=0
split_feature=7 4 21 3 27 17 25 15 11 28 28 12 28 28
split_gain=3.63465 3.34147 3.75449 3.08291 3.7208 3.41203 2.97344 2.81779 2.71657 2.64364 3.84226 2.61145 2.59197 2.50377
threshold=-0.40454545454545449 -0.26020833333333326 0.41207729468599036 -0.35321969696969691 -0.1448028673835125 0.47979591836734697 0.27500000000000008 -0.37877551020408157 -0.37367021276595741 0.1526175687666371 0.27113095238095247 0.010990338164251214 -0.054373522458628858 0.47259759759759767
decision_type=2 2 2 10 2 2 2 2 2 10 10 2 10 8
left_child=6 2 9 5 13 12 -1 -6 -4 -2 -11 -8 -3 -5
right_child=1 3 8 4 7 -7 11 -9 -10 10 -12 -13 -14 -15
leaf_value=8.3962496149898015e-05 8.8696426906761182e-05 2.8998311013538731e-05 0.00030750306580879102 3.3375066211359927e-05 7.9982274479641782e-05 -0.00054326474707268963 -4.0567196215361565e-05 -1.8137805395861439e-05 -0.00021430479900676224 -0.00013845237960296406 5.8656497649804349e-05 -0.00018282991262410847 -0.00013790678267938786 -9.2186588466658392e-05
leaf_weight=9584 95166 15156 1092 307291 30464 1617 29053 691310 8108 14481 31118 24246 23088 16630
leaf_count=9584 95166 15156 1092 307291 30464 1617 29053 691310 8108 14481 31118 24246 23088 16630
internal_value=-2.27343e-06 1.47741e-06 4.57414e-05 -4.60995e-06 -1.29049e-06 -9.09319e-05 -7.64433e-05 -1.39546e-05 -0.000149029 5.8687e-05 -3.28704e-06 -0.000105853 -7.09813e-05 2.68354e-05
internal_weight=1.2984e+06 1.23552e+06 149965 1.08556e+06 1.0457e+06 39861 62883 721774 9200 140765 45599 53299 38244 323921
internal_count=1298404 1235521 149965 1085556 1045695 39861 62883 721774 9200 140765 45599 53299 38244 323921
is_linear=0
shrinkage=0.01


Tree=408
num_leaves=15
num_cat=0
split_feature=28 15 22 23 18 24 11 18 25 3 7 24 25 18
split_gain=3.6497 4.2489 5.02085 3.86589 3.36848 5.08965 3.69108 2.96481 6.36706 5.31819 5.33675 3.61175 5.32558 5.57166
threshold=0.12645348837209305 0.45603864734299526 -0.010102040816326539 0.20833333333333334 0.011237373737373714 -0.057189542483660143 -0.43938775510204076 -0.3404545454545454 0.37500000000000006 0.47979591836734697 -0.30217391304347824 -0.46906887755102039 0.50000000000000011 0.37494572297003914
decision_type=10 2 2 10 2 10 2 2 2 8 2 10 2 2
left_child=1 3 -3 4 5 -1 -6 8 -2 10 -10 12 -9 -14
right_child=7 2 -4 -5 6 -7 -8 11 9 -11 -12 -13 13 -15
leaf_value=-1.0044625079086716e-05 0.00013880860997408343 1.8769586393141265e-05 0.0004192153544856487 0.00054940834919049025 -0.00023498819999948241 7.2044482099598554e-05 -1.6065103146997959e-06 0.00053952640117524192 -0.00048224263107118014 -0.00066276296337556672 -5.9358632641701345e-05 -1.7132746476927683e-05 -6.9607477251171131e-05 0.00064934978944031013
leaf_weight=129864 7001 7382 5657 1339 6880 178624 463582 2832 3828 2319 14588 465157 7195 1259
leaf_count=129864 7001 7382 5657 1339 6880 178624 463582 2832 3828 2319 14588 465157 7195 1259
internal_value=2.30392e-06 1.56947e-05 0.000194861 1.26616e-05 1.16983e-05 3.73905e-05 -5.08471e-06 -1.87071e-05 -0.000119337 -0.000207952 -0.000148953 -1.27852e-05 0.000163699 3.41072e-05
internal_weight=1.29751e+06 793328 13039 780289 778950 308488 470462 504179 27736 20735 18416 476443 11286 8454
internal_count=1297507 793328 13039 780289 778950 308488 470462 504179 27736 20735 18416 476443 11286 8454
is_linear=0
shrinkage=0.01


Tree=409
num_leaves=15
num_cat=0
split_feature=0 3 26 4 24 24 17 11 21 17 15 14 4 15
split_gain=3.01952 2.74871 3.94499 3.41142 3.01815 5.29405 3.02384 2.54774 2.07083 2.39144 1.96967 2.72428 2.13 1.91094
threshold=0.37766439909297056 -0.43683510638297868 0.65345368916797497 -0.26020833333333326 -0.2214052287581699 -0.37321428571428567 0.49000000000000005 0.093790707772470686 0.4139685476410731 -0.058409090909090904 -0.39897959183673465 0.11851063829787235 0.35791925465838514 -0.37877551020408157
decision_type=10 8 2 2 10 8 2 2 2 2 2 2 2 2
left_child=1 2 10 8 5 -5 -6 -4 -3 -10 11 -1 -12 -2
right_child=13 3 7 4 6 -7 -8 -9 9 -11 12 -13 -14 -15
leaf_value=0.00048216211327403317 6.827652456006751e-05 6.2450891275001366e-05 -0.00028987921465273785 8.1173044783066578e-06 1.1353636370570617e-05 -9.0035142970972586e-05 -0.00024690843603947823 -5.9739348636047405e-06 0.00013554363870909547 -0.00022122007318598627 0 -0.00025340942355433636 -0.00039058029130201427 -6.8333760901422895e-05
leaf_weight=1763 11338 134053 10566 135027 782846 92102 4548 4822 2736 5524 20434 643 1507 89849
leaf_count=1763 11338 134053 10566 135027 782846 92102 4548 4822 2736 5524 20434 643 1507 89849
internal_value=-2.53594e-07 4.15895e-06 -7.75551e-05 6.9918e-06 5.30194e-07 -3.15526e-05 9.82288e-06 -0.000202882 5.28436e-05 -9.94105e-05 4.38262e-07 0.000273058 -2.81227e-05 -5.27285e-05
internal_weight=1.29776e+06 1.19657e+06 39735 1.15684e+06 1.01452e+06 227129 787394 15388 142313 8260 24347 2406 21941 101187
internal_count=1297758 1196571 39735 1156836 1014523 227129 787394 15388 142313 8260 24347 2406 21941 101187
is_linear=0
shrinkage=0.01


Tree=410
num_leaves=15
num_cat=0
split_feature=24 26 27 21 14 27 14 28 23 4 23 18 24 25
split_gain=3.04846 3.35311 7.21 4.07671 5.53749 5.74784 5.19797 4.89493 3.78958 3.78199 5.64508 3.87543 3.60484 3.22724
threshold=-0.057189542483660143 0.28102564102564109 -0.30901722391084091 -0.26839539007092195 -0.1769565217391304 -0.10321969696969698 0.31725417439703163 0.47849213691026832 0.011766334440753036 0.18042553191489366 0.010310374149659853 0.47752525252525257 -0.41476388168136996 0.57500000000000018
decision_type=10 2 2 2 2 2 2 10 10 2 10 2 8 2
left_child=1 2 8 6 5 -5 12 -8 -1 10 -4 -11 -3 -6
right_child=-2 3 9 4 13 -7 7 -9 -10 11 -12 -13 -14 -15
leaf_value=6.1202821809423167e-05 1.2502707241247479e-05 -0.00037646849141877571 0.00012302940031416149 -0.00038936996054241848 6.5534461141842373e-06 -7.2333697202504321e-05 -0.00010514874613437807 -0.0012560723042584199 0.00026537719275259786 -0.00014371373838815339 -3.3499376930303375e-05 0.00061611017334464659 0.00010073635063947083 -6.5943630908206783e-05
leaf_weight=27369 782750 1627 30795 9478 98564 15177 1346 546 14037 26781 91235 672 37372 159823
leaf_count=27369 782750 1627 30795 9478 98564 15177 1346 546 14037 26781 91235 672 37372 159823
internal_value=4.91014e-08 -1.88274e-05 1.43035e-05 -3.84435e-05 -5.19818e-05 -0.00019546 5.453e-05 -0.00045458 0.000131158 -1.7866e-05 5.75781e-06 -0.000123957 8.00312e-05 -3.81731e-05
internal_weight=1.29757e+06 514822 190889 323933 283042 24655 40891 1892 41406 149483 122030 27453 38999 258387
internal_count=1297572 514822 190889 323933 283042 24655 40891 1892 41406 149483 122030 27453 38999 258387
is_linear=0
shrinkage=0.01


Tree=411
num_leaves=15
num_cat=0
split_feature=22 3 26 22 26 17 22 28 17 28 28 28 3 21
split_gain=3.43249 3.837 3.77028 3.6324 5.18095 4.07143 3.52405 3.66703 3.49828 3.11477 3.08727 3.22704 3.64034 2.96073
threshold=0.32025641025641027 -0.43683510638297868 0.87627551020408168 -0.4759001161440185 0.97894503546099298 -0.45959183673469384 -0.46076923076923076 -0.030012004801920757 0.021507863089731741 0.11952380952380955 -0.33935483870967736 0.47590011614401861 0.41918367346938784 0.011766334440753036
decision_type=2 8 2 2 2 2 2 10 2 8 8 10 10 2
left_child=1 2 -1 4 5 -3 7 -5 10 -8 -2 12 -12 -13
right_child=8 3 -4 6 -6 -7 9 -9 -10 -11 11 13 -14 -15
leaf_value=-3.5991478226329618e-05 5.4179885835769867e-05 -0.00095528219884814293 -0.00026622390869401332 1.1697451389587494e-05 0.00039530111517531262 -0.00014850275265547487 2.3220133969520171e-05 0.00075350423923635349 2.4264266869892765e-05 -1.1029595596618176e-05 -0.00010914159921735894 -9.4715923563242421e-05 -0.00041585356540795997 0.00039776437052800741
leaf_weight=29991 13136 665 9501 1538 1681 16689 664393 1300 42690 440938 65622 2434 4202 2307
leaf_count=29991 13136 665 9501 1538 1681 16689 664393 1300 42690 440938 65622 2434 4202 2307
internal_value=-7.49716e-07 4.66516e-06 -9.21565e-05 8.08419e-06 -0.000128756 -0.000181306 1.04621e-05 0.000362493 -4.94293e-05 9.53012e-06 -8.56426e-05 -0.000110678 -0.000128046 0.000138704
internal_weight=1.29709e+06 1.1667e+06 39492 1.1272e+06 19035 17354 1.10817e+06 2838 130391 1.10533e+06 87701 74565 69824 4741
internal_count=1297087 1166696 39492 1127204 19035 17354 1108169 2838 130391 1105331 87701 74565 69824 4741
is_linear=0
shrinkage=0.01


Tree=412
num_leaves=15
num_cat=0
split_feature=4 21 24 24 16 4 24 28 28 17 19 11 28 26
split_gain=2.94292 5.54236 3.96573 5.78475 4.86923 6.3843 3.65465 4.14053 3.04393 4.17252 3.60115 2.86335 4.25331 2.52579
threshold=-0.27888888888888885 0.4139685476410731 -0.17928571428571424 -0.37321428571428567 -0.45959183673469384 0.37627551020408168 -0.13254936120789776 -0.3876262626262626 -0.45401691331923882 0.41663048198002611 0.012660256410256367 -0.45789007092198575 0.39619252873563227 0.28730158730158734
decision_type=2 2 10 8 2 2 10 10 10 2 2 2 10 2
left_child=1 -1 3 8 -5 -6 7 -4 9 -2 -10 12 -8 -13
right_child=2 -3 6 4 5 -7 11 -9 10 -11 -12 13 -14 -15
leaf_value=5.5375543452281146e-05 0.00019064630056515159 -0.00018368451101296161 -0.00048158209095998844 0.00038178762284973438 -7.0685028778511561e-05 -0.00031286759950641682 -4.0080712587621047e-05 0.00012908950522482566 -5.4373746506292128e-05 -0.00072665780161203133 4.5760036225781322e-05 -1.9543051841995021e-05 -0.00047218440091738502 1.7365462393412886e-05
leaf_weight=152414 12264 10306 1128 2171 121410 12069 9483 32526 79385 502 65404 293804 3078 501379
leaf_count=152414 12264 10306 1128 2171 121410 12069 9483 32526 79385 502 65404 293804 3078 501379
internal_value=2.54354e-07 4.0047e-05 -5.42619e-06 -3.71099e-05 -8.4989e-05 -9.28142e-05 5.57917e-06 0.000107689 3.923e-06 0.000152063 -8.93417e-06 1.28733e-06 -0.00014844 3.69077e-06
internal_weight=1.29732e+06 162720 1.1346e+06 293205 135650 133479 841398 33654 157555 12766 144789 807744 12561 795183
internal_count=1297323 162720 1134603 293205 135650 133479 841398 33654 157555 12766 144789 807744 12561 795183
is_linear=0
shrinkage=0.01


Tree=413
num_leaves=15
num_cat=0
split_feature=0 11 14 22 4 14 22 22 24 24 15 23 24 15
split_gain=4.12249 3.60983 4.1848 3.10647 3.10258 3.48821 2.99441 2.6512 2.64177 2.6328 6.60282 2.81284 1.94012 1.84627
threshold=0.27178030303030309 0.4354764107308049 -0.33836734693877546 0.32025641025641027 -0.015555555555555571 0.02105496453900713 0.45293466223698786 0.072172619047619027 0.28759398496240607 0.43875000000000003 0.021286231884057986 0.077380952380952397 -0.46906887755102039 -0.33836734693877546
decision_type=10 2 2 2 2 2 2 2 10 10 2 10 10 2
left_child=1 3 7 9 6 -6 -5 -3 -9 11 -11 -1 -4 -2
right_child=13 2 12 4 5 -7 -8 8 -10 10 -12 -13 -14 -15
leaf_value=1.88505989025055e-06 4.0166779252499145e-05 5.2546720492782719e-06 -0.00044883574583037947 9.912839296405457e-05 -0.00011999841168253608 1.9432382425246103e-05 -0.00024068908241944148 -0.00078974133842450505 -5.3637613584474565e-05 0.000111670092690639 -9.4120474517240957e-05 0.00014429096330834671 0.00015511783826244367 -5.6115764073181672e-05
leaf_weight=869626 22381 4287 513 20036 57095 25664 2938 1018 1117 65165 20339 14105 33332 159582
leaf_count=869626 22381 4287 513 20036 57095 25664 2938 1018 1117 65165 20339 14105 33332 159582
internal_value=2.00576e-09 7.22603e-06 0.000100209 3.71484e-06 -4.77068e-05 -7.63986e-05 5.43399e-05 -0.00013134 -0.00041927 9.35547e-06 6.23659e-05 4.19239e-06 0.000145038 -4.41079e-05
internal_weight=1.2972e+06 1.11524e+06 40267 1.07497e+06 105733 82759 22974 6422 2135 969235 85504 883731 33845 181963
internal_count=1297198 1115235 40267 1074968 105733 82759 22974 6422 2135 969235 85504 883731 33845 181963
is_linear=0
shrinkage=0.01


Tree=414
num_leaves=15
num_cat=0
split_feature=1 7 19 26 7 18 27 26 28 28 1 16 22 6
split_gain=3.07785 3.02647 3.98554 3.03971 2.88383 2.70372 3.54454 8.80425 3.4019 2.86377 2.41818 2.11472 2.09526 1.84915
threshold=0.34021276595744687 0.11294063079777368 -0.21869565217391301 0.95959183673469395 -0.40454545454545449 -0.14222222222222219 -0.32322303921568618 0.267479674796748 0.11952380952380955 -0.31165540540540532 0.45603864734299526 0.010753931544865871 -0.43582704186684967 0.47801932367149763
decision_type=10 2 2 2 2 2 2 2 10 10 10 2 2 10
left_child=4 -2 3 11 13 8 7 -7 -6 -8 -4 -3 -10 -1
right_child=1 2 10 -5 5 6 9 -9 12 -11 -12 -13 -14 -15
leaf_value=-8.4445147788524754e-05 -0.00014513213048712414 9.6952409993056204e-05 -2.3659498280524556e-05 0.00029637391312198742 9.2119473180549719e-05 0.00015650671820840304 3.5047674325638756e-05 -7.5965635483872022e-06 -0.0002980992238482498 -1.3232027317782571e-05 -0.00015354237933677404 -7.0900795558364116e-05 9.340845278729535e-07 7.0910386956205018e-05
leaf_weight=52289 25195 17612 42293 4837 80045 49884 149320 93940 2456 689479 22246 12912 45819 8764
leaf_count=52289 25195 17612 42293 4837 80045 49884 149320 93940 2456 689479 22246 12912 45819 8764
internal_value=1.4377e-07 -4.69818e-05 -2.19241e-05 6.29618e-05 5.1995e-06 8.90047e-06 3.23031e-06 4.91146e-05 5.20854e-05 -4.60159e-06 -6.88988e-05 2.49659e-05 -1.36755e-05 -6.16505e-05
internal_weight=1.29709e+06 125095 99900 35361 1.172e+06 1.11094e+06 982623 143824 128320 838799 64539 30524 48275 61053
internal_count=1297091 125095 99900 35361 1171996 1110943 982623 143824 128320 838799 64539 30524 48275 61053
is_linear=0
shrinkage=0.01


Tree=415
num_leaves=15
num_cat=0
split_feature=11 26 28 4 4 19 18 17 28 4 28 18 23 28
split_gain=3.05892 4.74624 4.47458 3.02234 2.88021 4.42878 3.71079 3.06582 4.27395 4.19159 3.19938 4.13795 3.73507 2.77507
threshold=-0.29795918367346935 0.73401360544217698 0.49000000000000005 0.050510204081632655 -0.26020833333333326 -0.36085106382978716 -0.082553191489361702 0.4045454545454546 0.4587585034013606 0.21583850931677021 0.011369509043927641 0.32415458937198072 0.20833333333333334 -0.38047619047619041
decision_type=2 2 8 2 2 2 2 2 10 2 8 2 10 10
left_child=1 -1 -3 -4 5 6 13 10 -9 -10 12 -12 -6 -2
right_child=4 2 3 -5 7 -7 -8 8 9 -11 11 -13 -14 -15
leaf_value=-3.3151845116218694e-06 -0.00029748575977931623 -0.00010988701724909225 -0.00020575796049168669 -0.0010737882937187143 1.7809115897873233e-05 6.3214379301751013e-05 -0.00027280975867583829 -6.4976842368030414e-05 -5.4077668008274372e-05 -0.00094125462145684474 -2.2328684808202505e-05 0.00012797443716297674 0.00053475475243450405 0.00028350076911836514
leaf_weight=85128 1136 42037 981 831 495646 129701 7498 29395 1128 1156 478707 18995 1403 2719
leaf_count=85128 1136 42037 981 831 495646 129701 7498 29395 1128 1156 478707 18995 1403 2719
internal_value=-9.83638e-07 -4.72157e-05 -0.000131754 -0.000621491 4.09823e-06 4.64753e-05 -0.000142083 -1.6962e-06 -9.85501e-05 -0.000516867 1.35836e-06 -1.65313e-05 1.93319e-05 0.00010442
internal_weight=1.29646e+06 128977 43849 1812 1.16748e+06 141054 11353 1.02643e+06 31679 2284 994751 497702 497049 3855
internal_count=1296461 128977 43849 1812 1167484 141054 11353 1026430 31679 2284 994751 497702 497049 3855
is_linear=0
shrinkage=0.01


Tree=416
num_leaves=15
num_cat=0
split_feature=27 3 7 4 18 3 11 17 1 21 11 12 8 22
split_gain=3.43023 4.02644 3.98799 3.14286 3.04222 3.75508 3.4532 2.7058 2.68601 2.50485 2.28874 2.25098 2.15037 2.04509
threshold=-0.15261756876663707 -0.46404255319148929 -0.23956521739130432 0.39678030303030309 -0.17888888888888885 0.47979591836734697 -0.45789007092198575 -0.38318181818181812 0.011766334440753036 0.40212765957446817 0.019615384615384649 0.1329931972789116 -0.46295454545454545 -0.061862244897959183
decision_type=2 10 2 2 2 10 2 2 10 2 2 2 2 2
left_child=2 10 3 11 5 -3 13 -7 -8 -5 -2 -1 -4 -6
right_child=1 4 12 9 6 7 8 -9 -10 -11 -12 -13 -14 -15
leaf_value=1.5908097640188389e-05 -0.00039444705877365871 5.5320933469452437e-05 0.00026160493689376935 -0.00038704045279809932 -2.031834343547053e-05 -0.00038670172153887323 1.4452191262427523e-05 2.2184320372592207e-05 -2.72191008118134e-05 4.0532047663468649e-05 -7.2056245036542535e-07 -8.4406213274061095e-05 3.6402324988997371e-05 -0.00031172534253928632
leaf_weight=66773 4311 98201 4342 4228 4266 3414 218090 2826 525910 1848 2479 33400 319949 6317
leaf_count=66773 4311 98201 4342 4228 4266 3414 218090 2826 525910 1848 2479 33400 319949 6317
internal_value=-9.91325e-07 -1.24843e-05 2.20512e-05 -3.09612e-05 -1.05301e-05 3.99653e-05 -1.7559e-05 -0.000196796 -1.49636e-05 -0.000252105 -0.000255179 -1.72411e-05 3.95125e-05 -0.000197132
internal_weight=1.29635e+06 865814 430540 106249 859024 104441 754583 6240 744000 6076 6790 100173 324291 10583
internal_count=1296354 865814 430540 106249 859024 104441 754583 6240 744000 6076 6790 100173 324291 10583
is_linear=0
shrinkage=0.01


Tree=417
num_leaves=15
num_cat=0
split_feature=2 27 26 24 19 28 10 24 28 24 24 26 22 26
split_gain=3.5765 4.6469 5.17258 4.29802 4.09744 3.92756 3.91647 3.90962 3.52603 4.32928 3.02454 2.97101 2.83978 2.66322
threshold=-0.40212765957446805 -0.1448028673835125 0.096006144393241177 -0.14194139194139191 0.093790707772470686 0.47259759759759767 0.14678030303030307 -0.45773809523809517 -0.23956521739130432 -0.057189542483660143 0.28759398496240607 1.0000000180025095e-35 -0.41578014184397155 0.17445652173913045
decision_type=10 2 2 8 2 8 2 8 10 8 10 2 2 2
left_child=-1 2 3 4 -2 7 -5 -4 9 12 -7 -11 -3 -10
right_child=1 8 5 6 -6 10 -8 -9 13 11 -12 -13 -14 -15
leaf_value=-7.4221653456465743e-05 0.00029519530022010127 -0.00019501804090680996 -0.00020877088536046696 9.3347691328209847e-05 1.1402117422008431e-06 -0.00019267541582049781 -0.00014571883321612641 2.7557227742926105e-05 -5.6788570176086351e-05 -0.00011331933348839105 0.00023318210744535848 7.2390327436519674e-05 -1.0868834722093017e-05 -9.8542791440377467e-06
leaf_weight=63002 17806 9572 7139 39622 6737 13746 8203 300960 165422 9131 1835 124822 70685 457707
leaf_count=63002 17806 9572 7139 39622 6737 13746 8203 300960 165422 9131 1835 124822 70685 457707
internal_value=-7.13832e-07 3.01683e-06 3.12589e-05 0.00010775 0.00021571 1.40636e-05 5.17089e-05 2.19819e-05 -1.03054e-05 2.46272e-05 -0.000140561 5.95051e-05 -3.3212e-05 -2.23623e-05
internal_weight=1.29639e+06 1.23339e+06 396048 72368 24543 323680 47825 308099 837339 214210 15581 133953 80257 623129
internal_count=1296389 1233387 396048 72368 24543 323680 47825 308099 837339 214210 15581 133953 80257 623129
is_linear=0
shrinkage=0.01


Tree=418
num_leaves=15
num_cat=0
split_feature=24 26 24 23 28 21 18 27 26 27 17 3 28 24
split_gain=2.98356 5.52086 4.16769 4.82795 5.77582 4.1386 5.403 4.49693 3.68016 4.66466 4.78735 4.40581 4.15021 4.35593
threshold=-0.051682692307692284 0.4819354838709678 -0.46906887755102039 0.017549261083743887 -0.41578014184397155 -0.27888888888888885 -0.37877551020408157 0.40550595238095244 0.20881782945736438 -0.26020833333333326 0.011237373737373714 -0.44222222222222213 0.17006802721088435 0.2950000000000001
decision_type=10 2 8 10 8 2 2 2 2 2 2 8 10 8
left_child=1 2 -1 4 -4 7 -7 -3 9 -2 -11 -10 -13 -14
right_child=8 5 3 -5 -6 6 -8 -9 11 10 -12 12 13 -15
leaf_value=0.00019239677973550515 7.2675596427164619e-05 7.5341073563919044e-05 0.00012354381899809798 9.9529384165322277e-05 -3.3725059337664637e-05 -0.00032927922785939306 -5.7873633713046129e-05 -0.00045647861185414544 -0.00017277252297654073 1.4840401292063376e-05 -8.7444782581548065e-05 5.4021414638624478e-05 2.6056588852703557e-06 -0.00031712521373987917
leaf_weight=12228 42355 33333 26416 43877 198466 7638 224600 1655 10832 79637 106187 305157 200498 4348
leaf_count=12228 42355 33333 26416 43877 198466 7638 224600 1655 10832 79637 106187 305157 200498 4348
internal_value=-1.29389e-06 -1.90414e-05 1.18192e-05 3.48961e-06 -1.51165e-05 -5.16033e-05 -6.69331e-05 4.92906e-05 1.16557e-05 -2.1761e-05 -4.34483e-05 2.63533e-05 3.06424e-05 -4.03895e-06
internal_weight=1.29723e+06 548213 280987 268759 224882 267226 232238 34988 749014 228179 185824 520835 510003 204846
internal_count=1297227 548213 280987 268759 224882 267226 232238 34988 749014 228179 185824 520835 510003 204846
is_linear=0
shrinkage=0.01


Tree=419
num_leaves=15
num_cat=0
split_feature=5 11 21 25 4 15 11 23 26 26 25 15 27 21
split_gain=3.10251 2.9784 2.47776 6.49764 3.08818 2.60791 3.44076 2.68939 2.46182 2.36074 2.25705 2.1759 2.07833 2.06824
threshold=0.43683510638297879 -0.39897959183673465 -0.28945035460992902 0.82500000000000018 -0.1211111111111111 -0.45959183673469384 0.33836734693877557 0.034523809523809519 0.72821969696969713 0.54027027027027041 0.77500000000000024 0.49000000000000005 -0.47894503546099287 0.29356060606060608
decision_type=8 2 2 2 2 2 2 8 2 2 2 2 2 2
left_child=1 8 3 4 -3 6 -4 -7 10 12 13 -5 -2 -1
right_child=9 2 5 11 -6 7 -8 -9 -10 -11 -12 -13 -14 -15
leaf_value=-0.00014512998574781025 0.00039444784412785152 8.0990952979452589e-05 0.00019393674262742252 0.00015187042157918218 -3.2889202047640198e-05 -5.4353484697354751e-06 -0.0004740848424163848 5.7961317279657757e-05 -0.00016193572509555561 -0.00014209799877840646 7.3467077257425195e-05 0.00049181769805662593 -3.0324937374084386e-05 7.395577591614185e-05
leaf_weight=15948 1187 37572 11252 27398 64709 965974 802 71874 18927 26425 14882 2126 31766 5700
leaf_count=15948 1187 37572 11252 27398 64709 965974 802 71874 18927 26425 14882 2126 31766 5700
internal_value=-9.36548e-07 2.42901e-06 5.81376e-06 4.66845e-05 8.65149e-06 6.54139e-07 0.000146896 -1.01588e-06 -6.91505e-05 -7.1561e-05 -2.02458e-05 0.000177413 -1.40794e-05 -8.6056e-05
internal_weight=1.29654e+06 1.23716e+06 1.18171e+06 131805 102281 1.0499e+06 12054 1.03785e+06 55457 59378 36530 29524 32953 21648
internal_count=1296542 1237164 1181707 131805 102281 1049902 12054 1037848 55457 59378 36530 29524 32953 21648
is_linear=0
shrinkage=0.01


Tree=420
num_leaves=15
num_cat=0
split_feature=22 11 28 26 24 24 20 20 21 21 20 25 14 22
split_gain=3.30268 3.56582 3.29325 5.46519 5.57566 4.08721 3.99679 3.8762 5.42402 3.65747 3.59758 3.17231 3.12196 3.08306
threshold=0.32025641025641027 0.021286231884057986 0.13211600429645545 0.05634920634920635 -0.43118686868686867 -0.47871376811594196 0.37095282146160968 -0.057777777777777782 0.34944495837187795 -0.43938775510204076 -0.37367021276595741 0.82500000000000018 -0.24234042553191487 -0.45959183673469384
decision_type=2 2 8 2 10 10 2 2 2 2 2 2 2 2
left_child=2 -2 5 4 -4 10 -6 8 -5 -7 -1 -9 -3 -11
right_child=1 12 3 7 6 9 -8 11 -10 13 -12 -13 -14 -15
leaf_value=0 -8.8796027103816067e-05 -0.00025567590512215092 0.00065394390744734007 -0.00016867753889166073 9.2193043827369647e-05 0.00015813743034593267 -0.00015634153973884162 -3.3472000174116188e-05 1.9584492949451807e-05 -0.00010289172683061844 -0.0010514773980184239 3.5900518507556496e-05 4.0418892931313056e-05 2.0644111059781926e-05
leaf_weight=623 79359 3832 1630 41064 48355 18898 7391 236966 23970 20752 665 90978 47519 674628
leaf_count=623 79359 3832 1630 41064 48355 18898 7391 236966 23970 20752 665 90978 47519 674628
internal_value=9.18972e-07 -4.67188e-05 6.28543e-06 -1.48615e-05 7.61633e-05 1.96365e-05 5.86967e-05 -2.82282e-05 -9.88296e-05 2.0693e-05 -0.000541668 -1.41351e-05 1.77254e-05 1.69139e-05
internal_weight=1.29663e+06 130710 1.16592e+06 450354 57376 715566 55746 392978 65034 714278 1288 327944 51351 695380
internal_count=1296630 130710 1165920 450354 57376 715566 55746 392978 65034 714278 1288 327944 51351 695380
is_linear=0
shrinkage=0.01


Tree=421
num_leaves=15
num_cat=0
split_feature=3 26 15 18 18 28 15 4 22 27 26 26 18 19
split_gain=2.70777 5.31903 3.7225 4.13745 3.91397 4.34431 3.37705 3.03288 3.25719 3.12012 5.34404 3.27218 2.84606 4.3164
threshold=-0.43683510638297868 0.87627551020408168 -0.36181818181818176 -0.19782608695652171 0.23888339920948617 -0.24734042553191488 -0.1769565217391304 -0.25777777777777772 0.32025641025641027 -0.1448028673835125 0.087595907928388769 0.26253132832080206 0.010102040816326542 -0.37367021276595741
decision_type=8 2 2 2 2 10 2 2 2 2 2 2 2 2
left_child=1 2 4 -4 5 -1 -3 12 9 10 -9 -11 -2 -14
right_child=7 6 3 -5 -6 -7 -8 8 -10 11 -12 -13 13 -15
leaf_value=0.0010965772106320615 0.0001027857483140436 -0.00055716680370563199 -0.00030395273126630133 0 -0.00022069527843557099 0.00021496720017914528 -0.00015196170802011925 0.00011956778510162931 -5.4773279661645322e-05 -4.03170833242162e-05 9.2310009897065774e-06 6.0107419302984488e-06 -0.00023520770274740527 2.9215626859004345e-05
leaf_weight=773 52909 3100 5544 23120 1202 2506 7097 53005 112849 234826 260112 432320 6560 100924
leaf_count=773 52909 3100 5544 23120 1202 2506 7097 53005 112849 234826 260112 432320 6560 100924
internal_value=-6.19461e-07 -7.83431e-05 -1.59276e-05 -5.86851e-05 0.000250749 0.000432753 -0.000278217 2.04421e-06 -3.88902e-06 1.93838e-06 2.80058e-05 -1.02511e-05 4.26668e-05 1.2792e-05
internal_weight=1.29685e+06 43342 33145 28664 4481 3279 10197 1.2535e+06 1.09311e+06 980263 313117 667146 160393 107484
internal_count=1296847 43342 33145 28664 4481 3279 10197 1253505 1093112 980263 313117 667146 160393 107484
is_linear=0
shrinkage=0.01


Tree=422
num_leaves=15
num_cat=0
split_feature=22 23 28 19 28 26 24 19 24 14 21 21 22 17
split_gain=3.38846 4.61017 4.50232 3.82996 3.4418 4.6517 5.28662 4.61813 5.01126 4.76928 3.36953 3.30083 3.13341 3.02122
threshold=-0.4560386473429951 0.012049941927990694 -0.13525498891352547 -0.42111111111111105 0.17006802721088435 0.045983086680761107 -0.41240409207161116 -0.057777777777777782 -0.23499399759903958 0.44222222222222224 -0.37367021276595741 -0.43938775510204076 0.36023255813953492 -0.46863636363636357
decision_type=2 10 10 2 10 2 10 2 8 2 2 2 2 2
left_child=1 3 -3 -1 11 6 -6 9 -9 -7 -8 -2 -13 -5
right_child=4 2 -4 13 5 7 10 8 -10 -11 -12 12 -14 -15
leaf_value=0.0001426978819818529 0.0001406319789831355 -0.00018343165503324947 0.00067208023365979369 -0.0008063809601948777 0.00051524829353797208 -0.00013541979532772969 -0.00018235234460670818 -0.00010722854316074301 -1.5572490937836852e-06 0.00032073822419235488 7.4855267223236283e-05 1.5489516052808196e-05 -6.054831697308497e-05 -0.00015182058363924137
leaf_weight=4428 19845 978 1471 745 2520 55199 5724 53770 275049 2352 42950 745396 58321 28717
leaf_count=4428 19845 978 1471 745 2520 55199 5724 53770 275049 2352 42950 745396 58321 28717
internal_value=-1.66346e-06 -9.68705e-05 0.000318393 -0.000127789 1.05634e-06 -2.15819e-05 6.77949e-05 -3.35024e-05 -1.89292e-05 -0.00011624 4.39823e-05 1.31207e-05 9.93437e-06 -0.000169471
internal_weight=1.29746e+06 36339 2449 33890 1.26113e+06 437564 51194 386370 328819 57551 48674 823562 803717 29462
internal_count=1297465 36339 2449 33890 1261126 437564 51194 386370 328819 57551 48674 823562 803717 29462
is_linear=0
shrinkage=0.01


Tree=423
num_leaves=15
num_cat=0
split_feature=1 19 21 14 24 14 23 3 22 3 24 22 26 8
split_gain=2.6234 2.74506 2.48713 3.79903 3.1787 4.81865 3.17974 3.08405 2.36504 2.75398 2.14767 2.14571 2.38327 2.22735
threshold=0.30104166666666676 -0.47979591836734686 -0.28130434782608693 -0.1633333333333333 0.26163419913419916 0.011766334440753036 0.077380952380952397 0.1329931972789116 0.40550595238095244 0.28334980237154156 0.46969387755102043 -0.39323708206686925 0.97937925170068041 0.010990338164251214
decision_type=10 2 2 2 10 2 10 8 2 10 8 2 2 2
left_child=2 -2 7 8 6 -6 -5 10 -4 -10 -1 12 -3 -13
right_child=1 11 3 4 5 -7 -8 -9 9 -11 -12 13 -14 -15
leaf_value=8.815671056829519e-05 0.00030123640488902593 -0.00020058682453394952 -5.2021258357248371e-05 -6.8071699112940801e-06 9.4385482406880134e-05 3.187775013587392e-06 0.00014556368584634584 -2.6026512667977008e-05 -0.00059065607405014845 0.00018677936044120456 -0.00026544616096288909 -6.9183329356065158e-05 0.00023966372301269329 1.0686822487474088e-05
leaf_weight=86755 2337 13138 87618 664974 94426 151784 13971 38200 1675 553 1709 71206 1294 67418
leaf_count=86755 2337 13138 87618 664974 94426 151784 13971 38200 1675 553 1709 71206 1294 67418
internal_value=1.41249e-06 -3.71061e-05 6.68165e-06 1.4371e-06 7.49503e-06 3.82863e-05 -3.62694e-06 4.84701e-05 -6.06064e-05 -0.000384254 8.09777e-05 -4.2474e-05 -0.000158993 -3.01237e-05
internal_weight=1.29706e+06 155393 1.14166e+06 1.015e+06 925155 246210 678945 126664 89846 2228 88464 153056 14432 138624
internal_count=1297058 155393 1141665 1015001 925155 246210 678945 126664 89846 2228 88464 153056 14432 138624
is_linear=0
shrinkage=0.01


Tree=424
num_leaves=15
num_cat=0
split_feature=22 23 19 28 28 26 28 22 4 28 25 12 23 18
split_gain=3.04194 4.65268 4.08301 4.41039 3.39654 3.35021 3.11418 3.04492 3.53632 3.20494 2.78263 2.77396 2.48163 2.42234
threshold=-0.4560386473429951 0.012049941927990694 -0.42111111111111105 -0.28024390243902436 -0.13525498891352547 0.9900000000000001 -0.25931034482758614 0.32025641025641027 -0.1633333333333333 -0.47894503546099287 0.37500000000000006 0.45603864734299526 0.1125 0.018874643874643885
decision_type=2 10 2 10 10 2 10 2 2 8 2 2 8 2
left_child=1 2 6 -4 -3 -5 -1 11 -9 -10 -8 12 -2 -11
right_child=7 4 3 5 -6 -7 10 8 9 13 -12 -13 -14 -15
leaf_value=-0.00027451351139512286 9.0224970512516704e-06 -0.00010876271525066036 4.4602904596000168e-05 -0.00026703332067031741 0.00062858236085136911 0.00022282562915612681 0.00076171782524444361 7.4903527410071343e-05 0.00046985353483634774 -0.00010648443892390703 0.0001093957601747047 -8.0550880357910045e-05 0.00014659790603875172 -6.4772777066857613e-06
leaf_weight=1146 1083499 968 7386 20818 1492 1427 1011 21062 1087 70382 2250 34279 13304 37935
leaf_count=1146 1083499 968 7386 20818 1492 1427 1011 21062 1087 70382 2250 34279 13304 37935
internal_value=3.35034e-10 -8.99738e-05 -0.000120979 -0.00016372 0.000326481 -0.000234235 0.000159509 2.62738e-06 -4.30804e-05 -6.60698e-05 0.000321339 7.92622e-06 1.0719e-05 -7.17378e-05
internal_weight=1.29805e+06 36498 34038 29631 2460 22245 4407 1.26155e+06 130466 109404 3261 1.13108e+06 1.0968e+06 108317
internal_count=1298046 36498 34038 29631 2460 22245 4407 1261548 130466 109404 3261 1131082 1096803 108317
is_linear=0
shrinkage=0.01


Tree=425
num_leaves=15
num_cat=0
split_feature=2 14 22 20 11 5 21 25 14 22 22 25 4 27
split_gain=3.06697 3.29543 3.22576 4.66165 3.59032 3.01209 2.60714 6.97501 3.95012 2.98249 2.53807 2.39184 2.25649 2.20162
threshold=-0.43683510638297868 -0.24234042553191487 -0.23979166666666663 -0.43938775510204076 0.019615384615384649 0.43683510638297879 -0.28130434782608693 0.77500000000000024 -0.27888888888888885 -0.3594871794871794 0.065942028985507231 0.82500000000000018 -0.015555555555555571 -0.44058823529411756
decision_type=8 2 2 2 2 10 2 2 2 2 2 2 2 2
left_child=1 12 3 -3 10 6 7 8 -2 -9 -4 -7 -1 -8
right_child=5 2 4 -5 -6 11 13 9 -10 -11 -12 -13 -14 -15
leaf_value=-0.00010764640098512614 0.00012242248377745542 0.00088641457102375224 -0.00032165884401390136 5.5304552478535845e-05 5.9289407624171119e-05 -3.3803137190577808e-05 7.5499175696499169e-05 -5.3670359754673648e-05 -5.3069319570403366e-05 0.00014973257842090373 -7.2103984411817088e-05 -0.00019366200152572732 -0.00044547349338333847 -2.7712439802837049e-06
leaf_weight=4809 16062 779 7059 5763 10355 41614 37247 8046 62804 55555 10627 12351 3769 1019837
leaf_count=4809 16062 779 7059 5763 10355 41614 37247 8046 62804 55555 10627 12351 3769 1019837
internal_value=-7.42576e-07 -8.36382e-05 -3.90863e-05 0.000159215 -8.64321e-05 2.08794e-06 5.39914e-06 4.55566e-05 -1.69446e-05 0.000123528 -0.000173442 -7.09547e-05 -0.000259681 0
internal_weight=1.29668e+06 43161 34583 6542 28041 1.25352e+06 1.19955e+06 142467 78866 63601 17686 53965 8578 1.05708e+06
internal_count=1296677 43161 34583 6542 28041 1253516 1199551 142467 78866 63601 17686 53965 8578 1057084
is_linear=0
shrinkage=0.01


Tree=426
num_leaves=15
num_cat=0
split_feature=27 3 19 23 15 25 4 26 22 17 22 11 17 10
split_gain=3.75391 3.51584 3.67819 3.37721 3.24527 10.2813 4.39378 2.84377 2.8231 2.68122 2.36085 2.44823 2.20294 3.05514
threshold=-0.010874704491725782 -0.46404255319148929 -0.47979591836734686 0.091666666666666688 -0.23956521739130432 0.82500000000000018 -0.41918367346938773 0.1023024594453166 0.080697674418604662 0.31866537717601556 0.48456521739130437 0.012049941927990694 -0.38318181818181812 -0.29893617021276592
decision_type=2 10 2 8 2 2 2 2 2 2 2 2 2 2
left_child=4 -2 9 7 5 -1 8 -4 -7 -3 12 -12 13 -6
right_child=1 2 3 -5 10 6 -8 -9 -10 -11 11 -13 -14 -15
leaf_value=3.1363488598346994e-05 -0.00027898717972333936 0.00038688090853490745 -6.0849872856950922e-05 0.00015502966463590829 -0.00032518723390850498 -0.00046225688563921222 -0.00020294119363759792 -8.4853974430774513e-06 -0.0013745043784075626 -0.00024245075889387142 -0.00037677558706515895 1.4880757302464832e-05 3.1421491936100873e-05 -8.9653022517047909e-06
leaf_weight=38732 5048 3692 129248 11344 3982 1568 13547 535484 518 765 2950 3170 533110 14023
leaf_count=38732 5048 3692 129248 11344 3982 1568 13547 535484 518 765 2950 3170 533110 14023
internal_value=2.24662e-07 -1.58193e-05 -1.38219e-05 -1.5752e-05 1.82584e-05 -5.5314e-05 -0.000271948 -1.87123e-05 -0.000704798 0.000272045 2.54903e-05 -0.0001691 2.77066e-05 -8.06096e-05
internal_weight=1.29718e+06 685581 680533 676076 611600 54365 15633 664732 2086 4457 557235 6120 551115 18005
internal_count=1297181 685581 680533 676076 611600 54365 15633 664732 2086 4457 557235 6120 551115 18005
is_linear=0
shrinkage=0.01


Tree=427
num_leaves=15
num_cat=0
split_feature=28 21 26 24 24 15 18 11 21 21 19 19 26 27
split_gain=3.72922 4.90559 4.44414 5.18425 5.1075 4.33534 4.52077 4.1944 3.77621 3.63301 4.90505 3.52339 3.23847 5.84532
threshold=0.10208333333333332 -0.43938775510204076 0.045983086680761107 -0.40300179211469528 -0.039736842105263147 0.011237373737373714 -0.38318181818181812 -0.45789007092198575 -0.37367021276595741 0.41918367346938784 -1.0000000180025095e-35 0.011495771670190282 0.06186224489795919 -0.16833333333333331
decision_type=10 2 2 10 8 2 2 2 2 2 2 2 2 2
left_child=1 -1 3 9 5 6 -4 -6 -5 10 -2 -7 13 -3
right_child=2 12 4 8 7 11 -8 -9 -10 -11 -12 -13 -14 -15
leaf_value=0.0001737217360544268 0.0011188854513645445 7.8781113579560094e-05 -0.00048882010332888131 -0.00019191804613084197 -0.00026061079487307842 0.00018436457265958963 -0.00011632764194846422 1.6484213698241246e-06 6.4990572554795783e-05 -0.00031477627830138818 0.00025098111300341826 -4.8595462247146875e-05 1.9009915650241217e-05 -8.861010232105188e-05
leaf_weight=18946 1066 28872 3500 6382 6227 6857 62657 280874 52108 508 1999 109054 643327 74027
leaf_count=18946 1066 28872 3500 6382 6227 6857 62657 280874 52108 508 1999 109054 643327 74027
internal_value=5.69703e-07 1.47241e-05 -1.97614e-05 5.95983e-05 -3.03236e-05 -7.17652e-05 -0.000136509 -3.93795e-06 3.64373e-05 0.000430006 0.000563414 -3.45509e-05 1.06464e-05 -4.135e-05
internal_weight=1.2964e+06 765172 531232 62063 469169 182068 66157 287101 58490 3573 3065 115911 746226 102899
internal_count=1296404 765172 531232 62063 469169 182068 66157 287101 58490 3573 3065 115911 746226 102899
is_linear=0
shrinkage=0.01


Tree=428
num_leaves=15
num_cat=0
split_feature=2 4 22 22 26 27 28 28 14 4 11 15 26 21
split_gain=3.53508 3.23136 3.1706 2.83028 2.93354 2.65449 2.65072 2.91163 2.51517 2.62921 2.51626 3.32061 2.75983 2.48773
threshold=-0.40212765957446805 -0.27888888888888885 0.32025641025641027 -0.4759001161440185 0.97937925170068041 -0.15261756876663707 -0.31909090909090904 0.36023255813953492 -0.25777777777777772 0.031582446808510641 0.021286231884057986 -0.46628787878787875 0.63299319727891168 0.41207729468599036
decision_type=8 2 2 2 2 2 10 10 2 2 2 2 2 2
left_child=8 13 3 4 -3 -5 -4 -8 9 -1 11 -10 -13 -2
right_child=1 2 6 5 -6 -7 7 -9 10 -11 -12 12 -14 -15
leaf_value=-8.6605273607494871e-05 5.8406647733318292e-05 -0.00017125717653484213 5.0503392265361138e-05 2.9690157688245103e-05 0.0003179536174666968 -6.3011923773015587e-06 -0.00010443278613263546 3.4460861391763344e-05 0.00061386155841793152 -0.00040903484872152076 5.2643038987770644e-05 -3.4949234790693717e-05 -0.00022397420826125744 -0.00011267581536678716
leaf_weight=7072 133199 14653 19798 295089 1296 668279 73934 18589 634 4236 17426 20498 12868 8965
leaf_count=7072 133199 14653 19798 295089 1296 668279 73934 18589 634 4236 17426 20498 12868 8965
internal_value=-1.15326e-06 2.54668e-06 -3.26783e-06 2.47461e-06 -0.000129571 4.69223e-06 -5.36015e-05 -7.62029e-05 -7.43955e-05 -0.000210117 -4.39581e-05 -9.43516e-05 -0.000108762 4.74049e-05
internal_weight=1.29654e+06 1.2338e+06 1.09164e+06 979317 15949 963368 112321 92523 62734 11308 51426 34000 33366 142164
internal_count=1296536 1233802 1091638 979317 15949 963368 112321 92523 62734 11308 51426 34000 33366 142164
is_linear=0
shrinkage=0.01


Tree=429
num_leaves=15
num_cat=0
split_feature=0 5 19 21 25 22 14 15 11 22 21 11 11 1
split_gain=3.03406 2.84603 2.91375 2.74153 3.48145 2.79153 2.59527 2.7433 5.91008 2.35695 3.63755 2.90239 2.32118 2.35298
threshold=0.2525510204081633 0.32111111111111112 -0.28062499999999996 -0.19138321995464849 0.57500000000000018 -0.3594871794871794 -0.1633333333333333 -0.43938775510204076 0.32111111111111112 -0.36306818181818173 0.4587585034013606 -0.45789007092198575 0.26043478260869574 0.23124999999999998
decision_type=10 10 2 2 2 2 2 2 2 2 2 2 2 10
left_child=3 -2 12 4 -1 -6 7 8 -5 10 -8 -11 13 -3
right_child=1 2 -4 6 5 -7 9 -9 -10 11 -12 -13 -14 -15
leaf_value=-1.6679625584511108e-06 -6.8401147914420004e-06 -0.0001160652275049581 -0.00012593563252574655 0.00019199851895907024 -6.0237387196283505e-05 0.00011002547474603257 4.8133654849819242e-05 -8.1358379177577333e-05 -0.00089767982412979671 -0.00017688660140220978 0.00043342809325576701 3.0258746795302247e-06 -0.00025313682540420044 0.00014915240438285825
leaf_weight=82213 128531 4692 50624 7368 10774 76509 61025 60687 524 9065 2578 788672 2615 10955
leaf_count=82213 128531 4692 50624 7368 10774 76509 61025 60687 524 9065 2578 788672 2615 10955
internal_value=1.17741e-06 -3.48909e-05 -8.67914e-05 7.6814e-06 4.46726e-05 8.86636e-05 9.06642e-07 -5.82587e-05 0.000115534 5.65234e-06 6.4242e-05 9.43195e-07 2.00807e-05 6.76988e-05
internal_weight=1.29683e+06 197417 68886 1.09942e+06 169496 87283 929919 68579 7892 861340 63603 797737 18262 15647
internal_count=1296832 197417 68886 1099415 169496 87283 929919 68579 7892 861340 63603 797737 18262 15647
is_linear=0
shrinkage=0.01


Tree=430
num_leaves=15
num_cat=0
split_feature=22 23 28 19 28 17 28 25 28 17 23 25 11 17
split_gain=3.16327 6.33219 3.90219 3.84326 4.44393 4.15736 3.43054 3.42797 3.16658 3.70476 5.82221 4.32692 3.29502 2.90235
threshold=-0.4560386473429951 0.012049941927990694 -0.030012004801920757 -0.43938775510204076 -0.25255102040816318 -0.47979591836734686 -0.29516317016317012 0.37500000000000006 -0.23956521739130432 0.011766334440753036 0.028594771241830078 1.0000000180025095e-35 0.17695652173913048 -0.29893617021276592
decision_type=2 10 10 2 10 2 8 2 10 2 8 2 2 2
left_child=1 3 -3 4 -1 -5 -7 -6 9 12 11 -11 13 -2
right_child=8 2 -4 5 7 6 -8 -9 -10 10 -12 -13 -14 -15
leaf_value=-0.00041903685363164792 -3.8803940632336379e-05 0 0.00077528360681062365 -0.00097819331912375415 0.00086629768148129113 5.6189657362461875e-05 -0.00020474077299045872 0.00011368515641690588 -6.4348915638577928e-06 -0.0004423350206423359 0.00017122397407493502 -1.4029698245395023e-05 -1.9340100397798407e-05 0.00011630895509605851
leaf_weight=957 13568 1160 1286 629 921 6220 23228 2108 955835 2401 17581 147954 31797 91860
leaf_count=957 13568 1160 1286 629 921 6220 23228 2108 955835 2401 17581 147954 31797 91860
internal_value=-1.40633e-07 -9.19221e-05 0.000396263 -0.00012789 0.000159983 -0.000167051 -0.000148608 0.00035305 2.49309e-06 3.05557e-05 -7.64344e-07 -2.10775e-05 6.9103e-05 9.60617e-05
internal_weight=1.2975e+06 36509 2446 34063 3986 30077 29448 3029 1.261e+06 305161 167936 150355 137225 105428
internal_count=1297505 36509 2446 34063 3986 30077 29448 3029 1260996 305161 167936 150355 137225 105428
is_linear=0
shrinkage=0.01


Tree=431
num_leaves=15
num_cat=0
split_feature=22 22 21 21 24 27 26 22 24 26 24 24 4 11
split_gain=2.87926 2.83581 3.8452 3.71514 3.50787 3.00816 4.15662 4.8295 3.34174 3.09629 3.92085 3.35902 2.34549 2.60097
threshold=0.49479166666666674 -0.4560386473429951 0.012049941927990694 0.013701201201201165 -0.2214052287581699 -0.14946808510638296 0.14434523809523811 0.12372448979591839 0.061250000000000034 0.12097560975609757 0.26163419913419916 -0.46969387755102038 -0.097872340425531903 0.011237373737373714
decision_type=2 2 2 2 8 2 2 2 10 2 8 8 2 2
left_child=1 2 12 -4 -5 6 7 -3 -8 11 -11 -7 -1 -14
right_child=-2 5 3 4 -6 9 8 -9 -10 10 -12 -13 13 -15
leaf_value=-2.3689352059454787e-07 -0.0001511580544360391 0.00013137569865582057 0.00063039722044969679 -0.00023309059148359846 8.4259216049550342e-05 0.00033066456873288413 -2.023319396568377e-05 -9.8488880002740003e-06 4.6223009116846385e-05 -1.3873342628337375e-05 4.0064136397111956e-05 -4.9455615823546678e-05 -0.00043950315902910097 -0.00014588328640782289
leaf_weight=5379 12682 65845 944 5047 11138 2333 187365 37701 126670 455087 191387 181197 4930 9053
leaf_count=5379 12682 65845 944 5047 11138 2333 187365 37701 126670 455087 191387 181197 4930 9053
internal_value=-1.23409e-06 2.23597e-07 -8.66403e-05 2.09322e-05 -1.28722e-05 2.78856e-06 2.46984e-05 7.96674e-05 6.47741e-06 -8.19833e-06 2.04842e-06 -4.44548e-05 -0.000183344 -0.000251622
internal_weight=1.29676e+06 1.28408e+06 36491 17129 16185 1.24758e+06 417581 103546 314035 830004 646474 183530 19362 13983
internal_count=1296758 1284076 36491 17129 16185 1247585 417581 103546 314035 830004 646474 183530 19362 13983
is_linear=0
shrinkage=0.01


Tree=432
num_leaves=15
num_cat=0
split_feature=0 19 24 22 14 14 19 24 11 1 22 15 5 16
split_gain=2.81992 2.93844 2.77689 6.69454 3.00719 2.96468 3.12444 2.59397 2.5871 2.46235 2.40729 2.40513 3.00034 2.45154
threshold=0.26020833333333337 0.10208333333333332 0.43875000000000003 -0.12233560090702948 0.072948328267477228 -0.15978723404255316 -0.45959183673469384 0.46969387755102043 0.12111111111111113 0.37627551020408168 -0.41945945945945939 -0.37877551020408157 0.29356060606060608 -0.037045454545454541
decision_type=10 2 10 2 2 2 2 10 2 10 2 2 10 2
left_child=1 2 5 -4 -5 6 -1 9 -9 -3 -7 13 -13 -2
right_child=11 7 3 4 -6 10 -8 8 -10 -11 -12 12 -14 -15
leaf_value=0.00018745802482582021 0.00020653780160346161 5.1032193967567467e-05 0.00017529434934022929 2.3856668330526033e-05 -0.00016374306333490418 8.5759026086922109e-05 -8.7972974819496613e-05 -0.00028323469160103105 7.5662066473346367e-05 -9.0229423769963097e-05 -5.6539406172529482e-06 -1.2061748057968036e-05 -9.8135682741021075e-05 -3.2104301170738437e-05
leaf_weight=4331 7920 225081 29084 43360 10605 30063 64970 4912 3213 12907 681334 102033 68192 9037
leaf_count=4331 7920 225081 29084 43360 10605 30063 64970 4912 3213 12907 681334 102033 68192 9037
internal_value=5.82126e-07 6.66025e-06 -1.9924e-06 5.29343e-05 -1.24609e-05 -7.87399e-06 -7.03195e-05 3.71487e-05 -0.000137644 4.32439e-05 -1.74839e-06 -3.52962e-05 -4.67203e-05 7.76047e-05
internal_weight=1.29704e+06 1.10986e+06 863747 83049 53965 780698 69301 246113 8125 237988 711397 187182 170225 16957
internal_count=1297042 1109860 863747 83049 53965 780698 69301 246113 8125 237988 711397 187182 170225 16957
is_linear=0
shrinkage=0.01


Tree=433
num_leaves=15
num_cat=0
split_feature=11 4 26 24 18 17 24 27 26 26 25 18 24 3
split_gain=3.12511 3.47368 3.26153 3.89571 3.33234 3.02298 4.19014 3.07176 5.65613 4.89692 2.82257 2.76161 2.71944 3.75627
threshold=-0.29795918367346935 -0.27888888888888885 0.40967365967365971 -0.46906887755102039 0.34045454545454551 0.38318181818181823 -0.41578014184397155 -0.14946808510638296 0.096006144393241177 0.084219858156028379 0.4250000000000001 0.29568645640074215 -0.40108695652173909 -0.040833333333333326
decision_type=2 2 2 8 2 2 10 2 2 2 2 2 10 10
left_child=2 12 3 11 10 7 -7 8 -3 -9 -5 -1 13 -2
right_child=1 5 -4 4 -6 6 -8 9 -10 -11 -12 -13 -14 -15
leaf_value=0.00049096502267814213 -0.0002346711182368038 0.0001180855264622581 -9.3635268803022586e-05 -0.00011726790086972902 0.00019276431727707207 0.0005379367159230907 -0.00010615969022316963 -6.9658002433604509e-05 8.705233735060724e-06 2.8547480505554389e-06 3.1169521244949498e-05 -0.00014883402419401336 6.569832058203365e-05 0.00027048824123965129
leaf_weight=2657 6520 57831 68013 24911 6907 1022 36887 111394 263310 564133 25894 816 125172 1851
leaf_count=2657 6520 57831 68013 24911 6907 1022 36887 111394 263310 564133 25894 816 125172 1851
internal_value=6.89854e-07 5.87438e-06 -4.5952e-05 6.56433e-06 -1.25169e-05 -2.92401e-07 -8.79628e-05 3.01236e-06 2.84967e-05 -9.05841e-06 -4.10253e-05 0.000332011 5.38729e-05 -0.000119331
internal_weight=1.29732e+06 1.16812e+06 129198 61185 57712 1.03458e+06 37909 996668 321141 675527 50805 3473 133543 8371
internal_count=1297318 1168120 129198 61185 57712 1034577 37909 996668 321141 675527 50805 3473 133543 8371
is_linear=0
shrinkage=0.01


Tree=434
num_leaves=15
num_cat=0
split_feature=1 3 26 24 26 24 21 21 11 23 3 15 2 4
split_gain=3.11402 3.79088 4.12652 3.64135 5.55171 5.7748 4.71163 2.89219 3.23533 4.3458 3.6592 2.66645 2.65423 2.63912
threshold=0.41207729468599036 -0.41578014184397155 0.63299319727891168 0.26163419913419916 0.52041666666666686 0.48500000000000004 0.4354764107308049 0.16333333333333336 0.26043478260869574 0.010527482269503509 0.46295454545454551 -0.21869565217391301 0.39678030303030309 0.49444444444444452
decision_type=8 8 2 10 2 10 2 2 2 10 10 2 10 2
left_child=1 2 -1 -3 6 -6 -5 -2 9 12 -10 -4 -9 -11
right_child=7 3 11 4 5 -7 -8 8 10 13 -12 -13 -14 -15
leaf_value=-6.0944849825379182e-06 -0.000119921341935577 -3.7435887309363263e-06 -0.00036163313321380266 7.8731911253087377e-06 9.1983400553084018e-05 -0.00021820733724553726 -0.00025126684217396537 -2.3079835719985484e-05 -6.2072949745472153e-05 -0.0002767732068223383 -0.00063458187738510842 -0.00011232599141596482 0.00019359882635787204 0.0002373230737467873
leaf_weight=34389 40766 832262 6107 168659 147930 6199 7315 8845 4928 5351 1502 16588 14616 1163
leaf_count=34389 40766 832262 6107 168659 147930 6199 7315 8845 4928 5351 1502 16588 14616 1163
internal_value=-4.35406e-07 3.43987e-06 -7.6073e-05 7.37076e-06 3.54831e-05 7.9309e-05 -2.73253e-06 -6.20587e-05 1.91602e-06 4.63969e-05 -0.000200704 -0.000180773 0.000110638 -0.000180317
internal_weight=1.29662e+06 1.21945e+06 57084 1.16236e+06 330103 154129 175974 77171 36405 29975 6430 22695 23461 6514
internal_count=1296620 1219449 57084 1162365 330103 154129 175974 77171 36405 29975 6430 22695 23461 6514
is_linear=0
shrinkage=0.01


Tree=435
num_leaves=15
num_cat=0
split_feature=22 22 17 3 18 11 27 26 28 27 22 24 10 28
split_gain=4.11197 2.74934 4.39394 3.56469 3.30052 3.10685 2.95706 5.47295 4.77993 3.6964 2.87024 5.21847 4.8954 1.98263
threshold=0.48456521739130437 -0.4560386473429951 -0.47979591836734686 0.47894503546099293 0.010310374149659853 0.012049941927990694 -0.16496598639455781 0.14434523809523811 0.49000000000000005 -0.36285266457680249 -0.079473684210526321 0.43875000000000003 0.028594771241830078 -0.26043478260869563
decision_type=2 2 2 10 2 2 2 2 10 2 2 10 2 10
left_child=1 2 -1 5 -5 -4 7 9 -9 -3 11 -8 -12 -2
right_child=13 6 3 4 -6 -7 10 8 -10 -11 12 -13 -14 -15
leaf_value=-0.00084900592606906302 3.6957183528623131e-05 0.00017126189369650851 -0.00017395295033292995 -6.5565541483456218e-05 0.00057749315061568648 2.5906286469404854e-05 5.2282744558181938e-06 1.2622263877882465e-05 -0.00021572274095609043 4.3981903378974841e-05 -3.9762129408121714e-05 0.00014674818633739914 2.025072082799287e-05 -0.0002471680854127303
leaf_weight=739 3040 36550 20400 1467 1573 12186 224822 292673 9454 63168 381060 29552 210552 9836
leaf_count=739 3040 36550 20400 1467 1573 12186 224822 292673 9454 63168 381060 29552 210552 9836
internal_value=6.34757e-09 1.81254e-06 -8.38541e-05 -6.70702e-05 0.000257558 -9.82967e-05 4.33332e-06 2.66834e-05 5.37565e-06 9.09389e-05 -6.24759e-06 2.17889e-05 -1.83531e-05 -0.000177764
internal_weight=1.29707e+06 1.2842e+06 36365 35626 3040 32586 1.24783e+06 401845 302127 99718 845986 254374 591612 12876
internal_count=1297072 1284196 36365 35626 3040 32586 1247831 401845 302127 99718 845986 254374 591612 12876
is_linear=0
shrinkage=0.01


Tree=436
num_leaves=15
num_cat=0
split_feature=2 22 19 16 22 26 27 26 18 16 18 11 18 28
split_gain=3.19742 2.91958 2.81684 3.10902 2.55532 3.29629 2.73328 4.40062 3.89205 2.53846 2.50164 3.08829 2.30003 3.20669
threshold=-0.40212765957446805 0.37627551020408168 -0.31957446808510631 0.023268398268398275 -0.4759001161440185 0.97937925170068041 -0.15261756876663707 0.14608739837398377 -0.17888888888888885 -0.45959183673469384 0.19782608695652174 0.28130434782608704 -0.26043478260869563 0.21583850931677021
decision_type=8 2 2 2 2 2 2 2 2 2 2 2 2 10
left_child=12 4 10 -4 5 9 7 -6 -8 -2 11 -3 13 -1
right_child=1 2 3 -5 6 -7 8 -9 -10 -11 -12 -13 -14 -15
leaf_value=-7.936499178843646e-05 -0.00082630300175641545 -0.00046689446330695127 -7.0007328700774751e-05 9.2355643263428126e-05 9.4793401915192979e-05 0.00033429319033336679 6.0218731856922157e-05 1.3357898329661433e-05 -7.9614854495785159e-06 -0.00012466670974562764 1.6375438516742e-05 9.5506996226229267e-05 -4.1878920655538013e-05 -0.0004781215426106659
leaf_weight=6468 549 4516 52533 15078 88757 1501 95298 267756 689090 16266 2587 1138 53159 3099
leaf_count=6468 549 4516 52533 15078 88757 1501 95298 267756 689090 16266 2587 1138 53159 3099
internal_value=1.33691e-06 4.89697e-06 -5.51526e-05 -3.33524e-05 8.85226e-06 -0.000108169 1.07575e-05 3.37167e-05 2.83916e-07 -0.000149502 -0.00023029 -0.000348404 -6.8279e-05 -0.000211777
internal_weight=1.2978e+06 1.23507e+06 75852 67611 1.15922e+06 18316 1.1409e+06 356513 784388 16815 8241 5654 62726 9567
internal_count=1297795 1235069 75852 67611 1159217 18316 1140901 356513 784388 16815 8241 5654 62726 9567
is_linear=0
shrinkage=0.01


Tree=437
num_leaves=15
num_cat=0
split_feature=3 21 22 26 19 6 21 7 19 10 9 18 3 26
split_gain=2.95766 3.92286 4.35681 4.40505 3.88807 3.61041 3.17645 3.00095 2.95808 2.87371 2.86672 2.59267 2.30686 3.40594
threshold=0.30104166666666676 0.1104702750665484 -0.11167800453514738 0.93908472479901073 -0.020416666666666663 0.41207729468599036 -0.28945035460992902 0.032624113475177303 -0.38148936170212761 0.011237373737373714 0.063164893617021281 -0.45959183673469384 -0.3010416666666666 0.88762626262626265
decision_type=10 2 2 2 2 10 2 2 2 2 2 2 8 2
left_child=6 4 3 10 5 -2 -1 9 -5 -4 -3 -9 13 -8
right_child=1 2 7 8 -6 -7 12 11 -10 -11 -12 -13 -14 -15
leaf_value=5.2845702276639985e-05 -0.00015045067251842102 0.00014569899532524474 -0.00030892281712153287 0.00075503848809995962 -5.8176063630768345e-05 -0.00054345501915462719 -1.2720727276783103e-05 0.00040660242864423734 0.00017638846463268552 2.9570130881544358e-05 -0.00010894145055411051 -1.7528301269449741e-05 5.3388624612331085e-06 -0.00014222868078013847
leaf_weight=127234 10149 13192 7021 1665 64446 3199 92809 1489 2266 3663 6520 41675 894994 26235
leaf_count=127234 10149 13192 7021 1665 64446 3199 92809 1489 2266 3663 6520 41675 894994 26235
internal_value=1.53479e-07 -4.07679e-05 9.24122e-06 0.000122706 -9.09663e-05 -0.000246987 5.74775e-06 -4.00246e-05 0.000429494 -0.000190088 5.99479e-05 -2.17513e-06 -1.32309e-07 -4.15166e-05
internal_weight=1.29656e+06 155285 77491 23643 77794 13348 1.14127e+06 53848 3931 10684 19712 43164 1.01404e+06 119044
internal_count=1296557 155285 77491 23643 77794 13348 1141272 53848 3931 10684 19712 43164 1014038 119044
is_linear=0
shrinkage=0.01


Tree=438
num_leaves=15
num_cat=0
split_feature=1 3 26 12 19 16 2 24 24 26 23 1 25 11
split_gain=3.0293 2.76162 4.08284 2.77096 2.48225 4.87724 2.82086 2.90929 2.46389 3.94132 2.96551 2.31311 2.9552 2.24224
threshold=0.30558300395256921 -0.44222222222222213 0.93908472479901073 0.011237373737373714 -0.25777777777777772 -0.079772727272727259 0.47849213691026832 0.2834821428571429 -0.2214052287581699 1.0000000180025095e-35 0.04006410256410254 0.47979591836734697 0.27500000000000008 -0.41578014184397155
decision_type=10 8 2 2 2 2 10 10 10 2 10 10 2 2
left_child=1 2 -1 13 5 -2 -7 -8 9 -5 -10 -6 -13 -3
right_child=4 3 -4 8 11 6 7 -9 10 -11 -12 12 -14 -15
leaf_value=-3.5013381589165978e-05 0.00017472620938597725 -6.0106001346099525e-05 -0.00035630115252559345 0.00015799571799810254 -4.9796753594352742e-05 -9.9391004798427671e-05 0.00022729546321026515 -0.00032505100229382347 1.9052076091223577e-06 -4.6232773109156541e-05 8.0997494245530987e-05 0.00021511798767416643 -0.00025929579083889013 4.1028462433617312e-05
leaf_weight=24178 14275 23374 4800 9977 96392 24212 5588 1109 560673 161826 51880 1431 10388 307236
leaf_count=24178 14275 23374 4800 9977 96392 24212 5588 1109 560673 161826 51880 1431 10388 307236
internal_value=1.35614e-06 6.97416e-06 -8.9299e-05 9.50344e-06 -4.0344e-05 2.14075e-05 -4.84408e-05 0.000131247 -6.94081e-07 -3.41956e-05 8.65325e-06 -6.64057e-05 -0.000199278 3.37871e-05
internal_weight=1.29734e+06 1.14394e+06 28978 1.11497e+06 153395 45184 30909 6697 784356 171803 612553 108211 11819 330610
internal_count=1297339 1143944 28978 1114966 153395 45184 30909 6697 784356 171803 612553 108211 11819 330610
is_linear=0
shrinkage=0.01


Tree=439
num_leaves=15
num_cat=0
split_feature=4 19 22 3 14 18 10 28 18 15 3 28 25 18
split_gain=3.3866 5.657 6.78514 5.1278 4.54251 6.10272 4.32779 3.47564 3.87565 3.15661 3.13615 3.81019 3.06274 3.26477
threshold=0.25521059487624842 -0.38148936170212761 0.1460873983739838 -0.3010416666666666 0.010753931544865871 -0.33836734693877546 0.12771739130434787 -0.43142633228840116 -0.1211111111111111 0.010990338164251214 0.47849213691026832 0.19139194139194141 0.70000000000000018 -0.1211111111111111
decision_type=2 2 2 10 2 2 2 8 2 2 10 10 2 2
left_child=10 2 -2 12 5 -4 -6 8 -5 -9 -1 -12 -3 -14
right_child=1 3 4 7 6 -7 -8 9 -10 -11 11 -13 13 -15
leaf_value=9.797724932127207e-06 0.00017796153403768663 -0.00011945826480046723 -0.00093664453151735426 0.00060348547913637062 -0.00044999670393240377 0.00018031692635524322 0.00021325696860523231 -9.6254004246492769e-05 3.1432499544139012e-05 -3.333376699090301e-07 0 -0.0007961031518162379 -0.00090704010697211434 -0.00028810570152228371
leaf_weight=1099017 23276 5740 530 1616 4718 5434 1173 84305 4896 58912 1490 1066 1316 3132
leaf_count=1099017 23276 5740 530 1616 4718 5434 1173 84305 4896 58912 1490 1066 1316 3132
internal_value=2.13469e-06 -3.62416e-05 7.82796e-05 -6.15885e-05 -0.000114901 7.56078e-05 -0.0003128 -4.65738e-05 0.000178209 -5.70075e-05 8.95703e-06 -0.000340386 -0.000279231 -0.000478454
internal_weight=1.29662e+06 195048 35131 159917 11855 5964 5891 149729 6512 143217 1.10157e+06 2556 10188 4448
internal_count=1296621 195048 35131 159917 11855 5964 5891 149729 6512 143217 1101573 2556 10188 4448
is_linear=0
shrinkage=0.01


Tree=440
num_leaves=15
num_cat=0
split_feature=11 4 21 15 14 14 18 1 3 14 19 23 4 14
split_gain=2.59757 2.8775 7.20552 3.46844 12.1457 5.57798 3.16474 3.07723 2.98705 2.58644 2.71695 4.14199 4.09791 3.491
threshold=-0.35321969696969691 -0.27888888888888885 0.41207729468599036 -0.43938775510204076 0.19476486246672584 -0.1633333333333333 -0.1031914893617021 0.47979591836734697 -0.41918367346938773 0.11851063829787235 -0.39472517730496448 0.010527482269503509 0.16843971631205676 -0.45959183673469384
decision_type=2 2 2 2 2 2 2 10 10 2 2 8 2 2
left_child=9 2 -2 4 5 -3 -4 8 -5 10 11 12 -1 -12
right_child=1 3 6 7 -6 -7 -8 -9 -10 -11 13 -13 -14 -15
leaf_value=-7.8037782217482747e-05 6.6030773422026906e-05 9.0133247776121722e-05 7.8123903539012419e-05 -0.00010877339125734237 -0.00031559324037558838 0.00049674752678514076 -0.00033911881610919987 -0.00013664883105936947 1.7441963857833758e-06 2.4863333620279744e-05 -0.00073920007301536196 -0.00059733690591683088 0.00037039938511457374 -0.00010255402917595551
leaf_weight=3913 132396 7474 2358 25060 4464 6496 6616 16989 1001454 30456 890 813 4059 52914
leaf_count=3913 132396 7474 2358 25060 4464 6496 6616 16989 1001454 30456 890 813 4059 52914
internal_value=9.22026e-07 4.88102e-06 4.72667e-05 -7.33425e-07 0.000135192 0.00028142 -0.000226153 -3.16374e-06 -9.24924e-07 -4.99538e-05 -8.68389e-05 7.41397e-05 0.000146579 -0.000113683
internal_weight=1.29635e+06 1.20331e+06 141370 1.06194e+06 18434 13970 8974 1.0435e+06 1.02651e+06 93045 62589 8785 7972 53804
internal_count=1296352 1203307 141370 1061937 18434 13970 8974 1043503 1026514 93045 62589 8785 7972 53804
is_linear=0
shrinkage=0.01


Tree=441
num_leaves=15
num_cat=0
split_feature=11 14 3 24 26 24 14 23 24 27 26 26 25 16
split_gain=2.80732 4.04438 3.2299 2.61732 4.91229 5.34675 3.8231 4.25685 3.58932 3.2257 5.91855 4.33622 3.12376 2.85405
threshold=-0.37888888888888883 0.11851063829787235 -0.47979591836734686 -0.22821969696969696 0.021980676328502421 -0.25878787878787873 0.37766439909297056 0.011237373737373714 0.46702898550724642 -0.26020833333333326 0.19098277608915909 0.26253132832080206 0.50000000000000011 0.010527482269503509
decision_type=2 2 8 8 2 8 2 8 8 2 2 2 2 2
left_child=1 2 -1 4 12 -6 9 8 -8 11 -11 -5 13 -2
right_child=3 -3 -4 6 5 -7 7 -9 -10 10 -12 -13 -14 -15
leaf_value=-0.00067944942744782783 2.2195861571263743e-06 4.5446134635615846e-05 -9.7506706753391662e-05 0.00012123974366921888 -2.2762165336903321e-05 -0.00022547524425577811 -5.1101229682451292e-05 0.0007302812037794569 -0.00031909615872948691 -3.6307029024899085e-05 2.701754836908875e-05 1.9868097522450199e-05 -4.0112459706159253e-05 0.00031374435949650057
leaf_weight=990 4591 25013 48866 64979 238440 13815 43002 642 5741 208595 503216 122995 7257 9280
leaf_count=990 4591 25013 48866 64979 238440 13815 43002 642 5741 208595 503216 122995 7257 9280
internal_value=1.93487e-06 -5.74697e-05 -0.000109704 5.59747e-06 -2.16237e-05 -3.39854e-05 1.34695e-05 -7.20715e-05 -8.32991e-05 1.8198e-05 8.41817e-06 5.50713e-05 0.000124531 0.000212822
internal_weight=1.29742e+06 74869 49856 1.22255e+06 273383 252255 949170 49385 48743 899785 711811 187974 21128 13871
internal_count=1297422 74869 49856 1222553 273383 252255 949170 49385 48743 899785 711811 187974 21128 13871
is_linear=0
shrinkage=0.01


Tree=442
num_leaves=15
num_cat=0
split_feature=17 22 22 15 14 4 25 4 10 15 24 26 24 25
split_gain=3.05917 3.378 3.31566 2.78315 7.25496 4.01399 3.94069 3.31846 2.70549 2.6752 2.53919 8.05964 6.54807 4.33154
threshold=-0.40454545454545449 -0.45180023228803712 0.39663461538461547 -0.43938775510204076 0.17369121561668147 -0.43683510638297868 0.62500000000000011 -0.078888888888888883 0.38318181818181823 -0.46628787878787875 -0.2214052287581699 0.021980676328502421 -0.37321428571428567 0.50000000000000011
decision_type=2 2 2 2 2 2 2 2 2 2 10 2 8 2
left_child=1 -1 -3 4 5 -2 7 -6 -7 -8 11 13 -13 -5
right_child=3 2 -4 10 6 8 9 -9 -10 -11 -12 12 -14 -15
leaf_value=-0.00041926002203246707 -0.00040944733947649624 -4.4458950072777808e-05 -0.00064229613131061276 0.00024809719326319399 0.00042008671282584459 0.00026308403834595815 0 -0.00018775181576936975 -0.00036862227090772636 -0.00077473871938901469 7.3764342741255852e-06 -2.7396923148662535e-06 -0.00010585638487317699 -3.875658296173955e-05
leaf_weight=2858 975 37244 959 15507 1262 17464 635 3080 664 1458 947043 159976 100760 7716
leaf_count=2858 975 37244 959 15507 1262 17464 635 3080 664 1458 947043 159976 100760 7716
internal_value=-1.09589e-06 -8.60451e-05 -6.03008e-05 1.65638e-06 0.000104983 0.000203547 -0.000182915 -4.01131e-06 0.000238234 -0.000539208 -4.63079e-07 -2.67144e-05 -4.27044e-05 0.000151504
internal_weight=1.2976e+06 41061 38203 1.25654e+06 25538 19103 6435 4342 18128 2093 1.231e+06 283959 260736 23223
internal_count=1297601 41061 38203 1256540 25538 19103 6435 4342 18128 2093 1231002 283959 260736 23223
is_linear=0
shrinkage=0.01


Tree=443
num_leaves=15
num_cat=0
split_feature=17 22 22 4 28 25 11 22 10 20 14 23 14 17
split_gain=3.23372 2.83645 2.97299 2.79753 3.50449 7.56963 4.04946 3.87702 3.75779 3.2171 3.30841 3.10505 3.10194 2.85346
threshold=-0.40454545454545449 -0.18133462282398449 0.39663461538461547 -0.29893617021276592 0.4793792517006803 1.0000000180025095e-35 0.011766334440753036 0.32025641025641027 0.25532879818594106 -0.061249999999999992 0.02105496453900713 0.077380952380952397 -1.0000000180025095e-35 -0.058409090909090904
decision_type=2 2 2 2 10 2 2 2 2 2 2 10 2 2
left_child=1 -1 -3 9 7 -6 -7 11 -9 10 -2 -5 -11 -12
right_child=3 2 -4 4 5 6 -8 8 -10 12 13 -13 -14 -15
leaf_value=-0.00020139227209325317 -6.310817988158568e-05 -4.0200318611453677e-06 -0.00056581991473838146 4.5667680529679416e-06 0.00083973386670533018 -0.00022765211840005201 -3.0142993700684275e-05 -8.0451662016785866e-05 7.8355744648252718e-05 0.00017227886260710434 0.00028203730139048869 0.00016439931017588701 4.0758092926288983e-05 8.3949777994367045e-06
leaf_weight=14460 40536 25684 980 944584 849 17380 26822 94811 17490 26892 5827 12326 56513 11700
leaf_count=14460 40536 25684 980 944584 849 17380 26822 94811 17490 26892 5827 12326 56513 11700
internal_value=-1.04729e-06 -8.83167e-05 -2.58546e-05 1.78702e-06 -3.50643e-06 -8.99012e-05 -0.000108491 1.05986e-07 -5.54501e-05 4.36917e-05 -1.30165e-05 6.65744e-06 8.35283e-05 0.000101114
internal_weight=1.29685e+06 41124 26664 1.25573e+06 1.11426e+06 45051 44202 1.06921e+06 112301 141468 58063 956910 83405 17527
internal_count=1296854 41124 26664 1255730 1114262 45051 44202 1069211 112301 141468 58063 956910 83405 17527
is_linear=0
shrinkage=0.01


Tree=444
num_leaves=15
num_cat=0
split_feature=11 19 16 14 25 4 21 2 4 14 22 14 14 17
split_gain=2.61153 3.70906 3.00486 3.02485 3.27537 2.75586 6.07088 2.62247 2.60095 2.97461 3.37076 2.73966 2.73439 2.53946
threshold=-0.29795918367346935 -0.38148936170212761 -0.42590909090909085 0.010527482269503509 0.37500000000000006 -0.27888888888888885 0.41207729468599036 -0.42590909090909085 0.4354764107308049 0.084219858156028407 0.27718676122931446 0.010527482269503509 0.39897959183673476 0.38318181818181823
decision_type=2 2 2 2 2 2 2 10 2 2 2 2 2 2
left_child=1 2 -1 -4 -5 6 -2 -8 9 10 -3 -10 -11 -7
right_child=5 8 3 4 -6 13 7 -9 11 12 -12 -13 -14 -15
leaf_value=0.00057702718128128515 6.4773470394729541e-05 -6.4750146181231198e-05 0.00016849359809972274 -0.000388871119112358 7.4820202657818456e-05 2.0346620025980258e-06 -0.00069415867070623876 -0.00014139405409970685 -7.6890403927799687e-05 7.5744465449063703e-05 -0.00029018048418549548 -0.00047830697996071681 -0.00010913118226773713 -8.1253472817420269e-05
leaf_weight=1210 125472 59399 9492 2567 3547 994900 1023 7336 4357 26543 7600 3040 11377 37994
leaf_count=1210 125472 59399 9492 2567 3547 994900 1023 7336 4357 26543 7600 3040 11377 37994
internal_value=-1.96017e-07 -4.2889e-05 9.48923e-05 5.54846e-05 -0.000115054 4.50358e-06 4.72044e-05 -0.000212856 -6.37867e-05 -5.06446e-05 -9.07813e-05 -0.000246045 1.94816e-05 -1.00019e-06
internal_weight=1.29586e+06 129132 16816 15606 6114 1.16672e+06 133831 8359 112316 104919 66999 7397 37920 1.03289e+06
internal_count=1295857 129132 16816 15606 6114 1166725 133831 8359 112316 104919 66999 7397 37920 1032894
is_linear=0
shrinkage=0.01


Tree=445
num_leaves=15
num_cat=0
split_feature=4 28 24 24 7 17 15 22 14 21 24 24 22 1
split_gain=3.50148 5.68192 4.51115 6.41746 5.17441 4.43153 4.20387 3.80313 3.70088 3.49883 3.13579 3.82331 3.29293 3.26924
threshold=0.2525510204081633 -0.43142633228840116 -0.40108695652173909 -0.21937499999999996 0.18042553191489366 0.27411873840445272 0.019615384615384649 0.18819444444444447 0.084219858156028407 -0.28945035460992902 0.26163419913419916 0.27951388888888895 0.26020833333333337 0.4793792517006803
decision_type=2 8 8 10 2 2 2 2 2 2 10 10 2 10
left_child=9 5 7 6 -5 -2 -4 8 -3 -1 -11 12 -12 -13
right_child=1 2 3 4 -6 -7 -8 -9 -10 10 11 13 -14 -15
leaf_value=5.857646299726284e-05 0.00024327070718800167 0.00014819128581909823 -0.00025819513194912379 -0.00010529644770284739 1.9178835542054126e-05 -0.00030166012077683681 -3.1636163598296883e-05 -0.00010576354896118487 0.00069854517250145297 -1.0251054661208981e-05 8.3901464075150441e-05 1.7248420681534019e-05 0.00035726072607188993 -0.00040719983026079118
leaf_weight=116305 10772 6151 24753 58119 77778 1684 12721 4116 1605 719121 35537 221747 5153 1822
leaf_count=116305 10772 6151 24753 58119 77778 1684 12721 4116 1605 719121 35537 221747 5153 1822
internal_value=-2.34358e-07 -3.9002e-05 -5.30274e-05 -6.60578e-05 -3.38358e-05 0.000167136 -0.000182096 0.000134702 0.000266172 6.70802e-06 5.42833e-07 3.00293e-05 0.000119281 1.36497e-05
internal_weight=1.29738e+06 197699 185243 173371 135897 12456 37474 11872 7756 1.09968e+06 983380 264259 40690 223569
internal_count=1297384 197699 185243 173371 135897 12456 37474 11872 7756 1099685 983380 264259 40690 223569
is_linear=0
shrinkage=0.01


Tree=446
num_leaves=15
num_cat=0
split_feature=11 26 21 23 24 24 21 22 14 3 22 17 23 3
split_gain=2.91449 3.79617 4.32265 5.26498 3.30264 2.56894 2.61896 2.42129 3.15503 2.38182 2.23294 5.58903 4.68656 5.44833
threshold=-0.33836734693877546 0.65058139534883741 0.39689625850340143 0.010527482269503509 -0.28062499999999996 0.28759398496240607 0.20106382978723406 0.18819444444444447 -0.43257575757575756 -0.47894503546099287 -0.4560386473429951 -0.44727272727272721 0.012049941927990694 0.47894503546099293
decision_type=2 2 2 10 10 10 2 2 2 8 2 2 10 10
left_child=1 2 7 4 -4 9 -7 8 -1 -3 11 -2 13 -13
right_child=10 5 3 -5 -6 6 -8 -9 -10 -11 -12 12 -14 -15
leaf_value=-0.00045222175275739574 -0.00074508654952269574 -0.00064601190146254235 0.00056597071636215173 -0.00052928642553872146 0.00013452798424036755 -0.00011746265195378316 0.00026394935574728089 -0.00016586643664959696 1.5532507738204213e-05 -0.00014831568213461016 7.9112047885605035e-06 -0.00012729940814570966 0.00036200795126735202 0.00039640456682464228
leaf_weight=1493 1207 1032 2669 887 6134 4225 3081 11443 39726 31231 1162435 26227 2512 2124
leaf_count=1493 1207 1032 2669 887 6134 4225 3081 11443 39726 31231 1162435 26227 2512 2124
internal_value=1.21442e-06 -5.0085e-05 -9.80401e-07 0.000192593 0.000268893 -0.000126699 3.93197e-05 -3.71773e-05 -7.14006e-07 -0.000165224 5.61676e-06 -7.6607e-05 -4.9422e-05 -8.69687e-05
internal_weight=1.29643e+06 101921 62352 9690 8803 39569 7306 52662 41219 32263 1.1945e+06 32070 30863 28351
internal_count=1296426 101921 62352 9690 8803 39569 7306 52662 41219 32263 1194505 32070 30863 28351
is_linear=0
shrinkage=0.01


Tree=447
num_leaves=15
num_cat=0
split_feature=24 22 15 14 15 10 22 12 27 14 3 14 14 18
split_gain=2.99083 5.34372 4.86174 4.64417 4.29277 5.05156 3.89367 3.70753 4.73951 3.67084 6.29514 3.58708 3.51751 5.52651
threshold=-0.057189542483660143 0.080697674418604662 -0.21869565217391301 0.37095282146160968 -0.43938775510204076 0.37627551020408168 -0.21352583586626137 -1.0000000180025095e-35 0.41010101010101013 -0.24234042553191487 -0.46404255319148929 0.010990338164251214 0.010990338164251214 0.26043478260869574
decision_type=10 2 2 2 2 2 2 2 2 2 8 2 2 2
left_child=1 2 12 4 5 -2 -4 -3 -9 10 -6 -10 13 -1
right_child=3 7 6 -5 9 -7 -8 8 11 -11 -12 -13 -14 -15
leaf_value=-0.00031393616251193084 0.00023021725940719915 1.7398911874485384e-05 -3.1477660842530746e-05 -7.614843085107902e-05 -0.00067823948194133707 -0.00063457460275256178 4.3615805164358487e-05 -6.6370576968057508e-05 -0.00047064402882161419 2.2461452532052057e-05 -3.9702893048828491e-05 -0.00013570460462769429 1.3570170365346934e-05 0.00021035629731787944
leaf_weight=12296 14069 45348 107199 55518 1587 690 192610 131573 5197 644544 65096 9308 9823 2330
leaf_count=12296 14069 45348 107199 55518 1587 690 192610 131573 5197 644544 65096 9308 9823 2330
internal_value=-4.1524e-07 -1.913e-05 5.51871e-06 1.18956e-05 1.86701e-05 0.000187634 1.66655e-05 -6.10389e-05 -8.55941e-05 1.51209e-05 -5.53792e-05 -0.00025785 -0.000129928 -0.000228337
internal_weight=1.29719e+06 515684 324258 781504 725986 14759 299809 191426 146078 711227 66683 14505 24449 14626
internal_count=1297188 515684 324258 781504 725986 14759 299809 191426 146078 711227 66683 14505 24449 14626
is_linear=0
shrinkage=0.01


Tree=448
num_leaves=15
num_cat=0
split_feature=4 24 22 7 28 24 28 24 26 15 4 4 7 3
split_gain=2.92622 4.23167 4.36782 4.01913 4.11646 3.62798 4.66041 3.71835 2.82521 2.73249 2.49654 2.36025 2.44725 2.2999
threshold=0.25521059487624842 -0.38799283154121861 0.16064516129032261 0.057777777777777824 0.4793792517006803 -0.21937499999999996 -0.45959183673469384 0.2834821428571429 0.040408163265306128 -0.47979591836734686 0.32256944444444446 0.37627551020408168 0.34613526570048314 0.47849213691026832
decision_type=2 8 2 2 8 8 10 10 2 2 2 2 2 10
left_child=13 2 8 4 9 6 -5 -7 -2 -3 -6 12 -4 -1
right_child=1 3 11 5 10 7 -8 -9 -10 -11 -12 -13 -14 -15
leaf_value=6.2433835819772116e-06 0.00075505785640446292 0.000401927110903271 0.00032579940692764912 0.00043857058236441976 -5.2339651251215521e-05 6.0134566961371979e-05 -0.00014896307630562309 -6.7177741730372025e-05 0.00019629151083799641 -0.00011112754328458131 -0.00076087028241059651 -0.00028306684941596861 -0.00038760225090869429 -0.00029749322158802638
leaf_weight=1099462 1094 1032 1825 1397 864 59771 26414 37117 7515 52980 1584 2937 620 2492
leaf_count=1099462 1094 1032 1825 1397 864 59771 26414 37117 7515 52980 1584 2937 620 2492
internal_value=-7.68669e-07 -3.648e-05 0.000130476 -4.95417e-05 -0.000119632 -1.75644e-05 -0.000118327 1.10521e-05 0.000271019 -0.000100747 -0.000523411 -8.87895e-05 0.000132388 5.52847e-06
internal_weight=1.2971e+06 195150 13991 181159 56460 124699 27811 96888 8609 54012 2448 5382 2445 1.10195e+06
internal_count=1297104 195150 13991 181159 56460 124699 27811 96888 8609 54012 2448 5382 2445 1101954
is_linear=0
shrinkage=0.01


Tree=449
num_leaves=15
num_cat=0
split_feature=22 15 23 28 18 28 26 27 1 18 11 26 20 11
split_gain=2.73493 4.67355 5.18997 2.88924 2.75243 2.7398 4.91612 5.99165 3.98977 3.79092 3.99411 3.48467 3.28847 3.28876
threshold=-0.4560386473429951 -0.43938775510204076 0.012049941927990694 -0.28024390243902436 -0.43938775510204076 0.13211600429645545 0.039230769230769243 -0.16833333333333331 0.011237373737373714 0.011237373737373714 -0.43938775510204076 0.039230769230769243 0.37095282146160968 1.0000000180025095e-35
decision_type=2 2 10 8 2 8 2 2 10 2 2 2 2 2
left_child=1 -1 3 -3 -5 6 7 -2 -9 -8 -11 12 13 -7
right_child=5 2 -4 4 -6 11 9 8 -10 10 -12 -13 -14 -15
leaf_value=0.00029197031108581543 8.7489697842097952e-05 1.0965093981044581e-05 0.00031874426086570879 -0.00062315597415613425 -0.00017699309610711756 0.00027438015239511515 5.5064678559493141e-05 2.2613649155080955e-05 -0.00017858151912402765 -0.00024546008166685191 1.0958414129704649e-05 -2.0742946928579672e-05 -0.00015064148100351983 5.3603208520760068e-05
leaf_weight=3023 18685 7787 2492 1546 21710 8969 270904 13347 35146 6153 424595 447223 5652 29463
leaf_count=3023 18685 7787 2492 1546 21710 8969 270904 13347 35146 6153 424595 447223 5652 29463
internal_value=3.5842e-06 -8.16206e-05 -0.000116215 -0.000152126 -0.000208019 6.08009e-06 1.78832e-05 -6.37094e-05 -0.000122589 2.57381e-05 7.22429e-06 -1.23292e-05 7.23418e-05 0.000105925
internal_weight=1.2967e+06 36558 33535 31043 23256 1.26014e+06 768830 67178 48493 701652 430748 491307 44084 38432
internal_count=1296695 36558 33535 31043 23256 1260137 768830 67178 48493 701652 430748 491307 44084 38432
is_linear=0
shrinkage=0.01


Tree=450
num_leaves=15
num_cat=0
split_feature=27 26 28 27 22 15 28 6 11 26 15 5 22 10
split_gain=2.46856 4.82088 4.52978 3.79602 3.72257 3.46482 2.84362 3.20442 3.19793 3.19926 2.67919 2.6724 2.62377 4.99382
threshold=-0.15261756876663707 0.15301003344481609 0.49000000000000005 -0.36285266457680249 0.12645348837209305 -0.23956521739130432 -0.31165540540540532 0.024404761904761933 0.011766334440753036 0.039230769230769243 0.46863636363636368 0.47801932367149763 -0.079473684210526321 0.093790707772470686
decision_type=2 2 10 2 2 2 10 8 2 2 2 10 2 2
left_child=1 3 5 4 -1 -3 7 8 9 -2 -7 12 -8 -14
right_child=6 2 -4 -5 -6 10 11 -9 -10 -11 -12 -13 13 -15
leaf_value=0.00022697128003578782 -0.00019792216748369185 -9.5568801227908961e-05 -0.00021475031498333579 2.9911998315797097e-05 2.1707419805775484e-05 1.0851187074202693e-05 1.1231423253672507e-05 9.3925888657848391e-05 -4.4176861483564598e-05 0.00010298922395938248 0.00022791397325686049 -0.00013295672136184289 -4.896324905898585e-05 2.718072555491388e-05
leaf_weight=25025 3891 31203 9733 70140 14185 274757 219084 48529 69464 33295 5824 20651 356885 112979
leaf_count=25025 3891 31203 9733 70140 14185 274757 219084 48529 69464 33295 5824 20651 356885 112979
internal_value=-2.39074e-06 1.71354e-05 -2.28167e-06 7.44995e-05 0.000153485 4.25677e-06 -1.21542e-05 2.65379e-05 -3.84619e-06 7.06829e-05 1.54661e-05 -2.06579e-05 -1.72477e-05 -3.05905e-05
internal_weight=1.29564e+06 430867 321517 109350 39210 311784 864778 155179 106650 37186 280581 709599 688948 469864
internal_count=1295645 430867 321517 109350 39210 311784 864778 155179 106650 37186 280581 709599 688948 469864
is_linear=0
shrinkage=0.01


Tree=451
num_leaves=15
num_cat=0
split_feature=4 19 3 22 14 18 10 15 24 3 24 18 11 14
split_gain=2.99811 4.97542 5.77052 5.4965 4.40064 5.6217 4.66814 4.19164 3.2811 2.72829 2.70865 3.09718 6.85364 5.60359
threshold=0.2525510204081633 -0.38148936170212761 -0.23979166666666663 0.1460873983739838 0.010753931544865871 -0.27888888888888885 0.093790707772470686 0.010990338164251214 -0.38047619047619041 0.47849213691026832 0.26163419913419916 0.011766334440753036 -0.29795918367346935 -0.33836734693877546
decision_type=2 2 10 2 2 2 2 2 8 10 8 2 2 2
left_child=9 3 -3 -2 5 -5 -6 8 -4 10 -1 12 -12 -13
right_child=1 2 7 4 6 -7 -8 -9 -10 -11 11 13 -14 -15
leaf_value=-2.2358293860271118e-06 0.00015997211662442716 -0.00025519463604414545 0.00012747172459445582 -0.00074759957160365541 -0.00045099140831226619 0.00020028351911473115 0.00020757695645377909 2.3034565076952915e-05 -0.00010248454095497322 -0.00032715867331693311 -0.0001035422076307176 -0.00027626672770756549 9.4289292847480564e-05 1.4954168619688653e-05
leaf_weight=797668 23601 13812 6601 699 4577 5298 1335 60240 81446 2437 20247 6911 124148 148255
leaf_count=797668 23601 13812 6601 699 4577 5298 1335 60240 81446 2437 20247 6911 124148 148255
internal_value=1.20567e-07 -3.57175e-05 -5.93039e-05 7.11026e-05 -0.000102495 8.44813e-05 -0.000297177 -4.08508e-05 -8.48999e-05 6.588e-06 7.35751e-06 3.30025e-05 6.63401e-05 1.78494e-06
internal_weight=1.29728e+06 197609 162099 35510 11909 5997 5912 148287 88047 1.09967e+06 1.09723e+06 299561 144395 155166
internal_count=1297275 197609 162099 35510 11909 5997 5912 148287 88047 1099666 1097229 299561 144395 155166
is_linear=0
shrinkage=0.01


Tree=452
num_leaves=15
num_cat=0
split_feature=1 3 6 12 23 4 10 27 21 7 16 27 24 10
split_gain=2.94168 2.34509 4.89495 2.72122 2.68418 2.40667 2.65683 2.29778 2.12629 5.57855 4.35341 3.01107 3.09574 2.98953
threshold=0.30104166666666676 -0.44222222222222213 0.23956521739130435 0.011237373737373714 0.037087912087912074 0.28334980237154156 -0.24734042553191488 0.4587585034013606 0.30104166666666676 0.18819444444444447 0.010753931544865871 0.41366459627329194 0.28759398496240607 0.15978723404255321
decision_type=8 8 10 2 10 2 2 2 2 2 2 2 10 2
left_child=1 2 -1 7 -5 -4 -7 -3 11 -10 13 -2 -13 -11
right_child=8 3 5 4 -6 6 -8 -9 9 10 -12 12 -14 -15
leaf_value=-0.00020996412485980561 -3.9264345198560013e-05 3.5026142534032055e-05 0.00010906691151597548 -9.7268254123357639e-06 5.5363191322669382e-05 0.00026568493895749674 -0.00047949608472142919 -0.00012219670529598373 -0.0001702018495245748 0.00028647511724549197 -4.617874224128029e-05 -0.0001142635492468793 -0.00043666531157198499 -6.5550490933260772e-06
leaf_weight=15072 94212 318307 11547 713511 69459 632 1554 9494 11012 11728 12273 18062 3706 4670
leaf_count=15072 94212 318307 11547 713511 69459 632 1554 9494 11012 11728 12273 18062 3706 4670
internal_value=-1.7016e-06 3.84416e-06 -8.51622e-05 6.17955e-06 -3.91404e-06 4.96402e-05 -0.000250281 3.038e-05 -4.2493e-05 2.01165e-05 9.42707e-05 -6.41737e-05 -0.000170583 0.000201208
internal_weight=1.29524e+06 1.13958e+06 28805 1.11077e+06 782970 13733 2186 327801 155663 39683 28671 115980 21768 16398
internal_count=1295239 1139576 28805 1110771 782970 13733 2186 327801 155663 39683 28671 115980 21768 16398
is_linear=0
shrinkage=0.01


Tree=453
num_leaves=15
num_cat=0
split_feature=17 15 10 24 26 24 14 21 24 3 21 11 3 24
split_gain=2.59016 2.80565 4.31059 2.88551 4.53839 5.70658 3.30299 2.77384 4.07687 3.92948 2.6979 2.24333 2.00619 3.32989
threshold=-0.38318181818181812 0.45603864734299526 0.44727272727272732 0.26163419913419916 0.52041666666666686 0.48500000000000004 -0.21869565217391301 0.020416666666666698 0.17156862745098042 0.30104166666666676 -0.11851063829787233 0.031582446808510641 0.43938775510204087 0.26393188854489169
decision_type=2 2 2 10 2 10 2 2 10 10 2 2 10 10
left_child=12 3 10 7 6 -6 -5 9 -9 -2 11 -3 -1 -14
right_child=1 2 -4 4 5 -7 -8 8 -10 -11 -12 -13 13 -15
leaf_value=-3.7816935652902316e-05 -1.5379665398760725e-05 1.2588674421241441e-06 0.00058623971185796625 -0.00012107777080470147 7.6743527393944007e-05 -0.0002309204219452329 7.9551884075967759e-06 2.0431452730949353e-05 -0.00013633861617665452 -0.00012355614346628541 -0.00041335982452377393 0.00019404287596582579 -7.6916021426391403e-05 -0.0004988864177180286
leaf_weight=41841 469292 13304 1747 22563 155824 6224 162238 348681 17379 36302 1082 11551 6797 2707
leaf_count=41841 469292 13304 1747 22563 155824 6224 162238 348681 17379 36302 1082 11551 6797 2707
internal_value=1.07041e-06 3.96112e-06 0.00010352 1.67432e-06 2.60895e-05 6.47375e-05 -7.63827e-06 -8.00662e-06 1.29057e-05 -2.32068e-05 6.97852e-05 9.20719e-05 -6.85017e-05 -0.00020038
internal_weight=1.29753e+06 1.24619e+06 27684 1.2185e+06 346849 162048 184801 871654 366060 505594 25937 24855 51345 9504
internal_count=1297532 1246187 27684 1218503 346849 162048 184801 871654 366060 505594 25937 24855 51345 9504
is_linear=0
shrinkage=0.01


Tree=454
num_leaves=15
num_cat=0
split_feature=22 14 0 3 4 19 17 14 22 14 6 10 15 27
split_gain=2.50663 4.71414 2.6957 2.88848 2.46218 2.38585 3.37662 2.86426 2.35037 2.22693 2.15016 2.25072 2.0849 2.23317
threshold=0.36023255813953492 0.49000000000000005 0.28492136910268279 -0.43683510638297868 -0.26020833333333326 -0.29795918367346935 -0.37877551020408157 0.010310374149659853 -0.39323708206686925 0.3585714285714286 -0.3118055555555555 0.2423404255319149 -0.39897959183673465 0.40121951219512203
decision_type=2 2 8 8 2 2 2 2 2 2 10 2 2 2
left_child=2 5 3 10 -5 6 -2 -8 -4 -6 11 -1 -10 -14
right_child=1 -3 8 4 9 -7 7 -9 12 -11 -12 -13 13 -15
leaf_value=-0.00029786844290869536 -0.00099235453788649531 0.00067040233015129601 -0.00015040132250562297 5.6622541110262644e-05 1.2466463286893326e-05 -3.6015356333941168e-05 8.3683061713277045e-05 -0.00025878257810281507 0.00011957675495878777 -6.1622599932650474e-05 -2.9905132636021323e-05 6.7250613123291173e-05 -1.1111918026434652e-05 -0.00011919187853074368
leaf_weight=6966 513 892 15364 123537 848899 76675 3411 7693 9911 42495 25781 2063 109774 23374
leaf_count=6966 513 892 15364 123537 848899 76675 3411 7693 9911 42495 25781 2063 109774 23374
internal_value=2.01927e-06 -4.9105e-05 5.81809e-06 1.1642e-05 1.4739e-05 -5.67364e-05 -0.000190874 -0.000150887 -3.25825e-05 8.9006e-06 -7.77864e-05 -0.000211128 -1.97166e-05 -3.03128e-05
internal_weight=1.29735e+06 89184 1.20816e+06 1.04974e+06 1.01493e+06 88292 11617 11104 158423 891394 34810 9029 143059 133148
internal_count=1297348 89184 1208164 1049741 1014931 88292 11617 11104 158423 891394 34810 9029 143059 133148
is_linear=0
shrinkage=0.01


Tree=455
num_leaves=15
num_cat=0
split_feature=7 1 21 22 14 7 21 11 1 21 4 17 27 3
split_gain=3.22823 3.14535 3.06811 3.30749 2.56433 2.27057 2.8717 2.99382 2.4797 2.15459 3.13614 2.17822 1.9685 1.8502
threshold=-0.40454545454545449 0.30558300395256921 -0.45959183673469384 -0.47979591836734686 0.011237373737373714 1.0000000180025095e-35 0.30104166666666676 0.2423404255319149 0.45603864734299526 1.0000000180025095e-35 0.039230769230769243 -0.39897959183673465 -0.16496598639455781 0.20972222222222228
decision_type=2 10 2 2 2 2 2 2 10 2 2 2 2 10
left_child=9 2 -2 12 -5 13 8 -8 -7 10 11 -1 -4 -3
right_child=1 5 3 4 -6 6 7 -9 -10 -11 -12 -13 -14 -15
leaf_value=-0.00033820934280490346 0.00013572130857216795 -8.4054418008512615e-05 -0.00056002901628762151 2.9031532980547734e-05 -4.1813491295229716e-06 -1.982296189622795e-05 0.00010142585288632143 -0.00015046143959706468 -0.00013343939518817142 -0.0001153162785395442 -0.00017428937451200913 0.00012038009912650386 -0.00010071577363111921 -0.00030888687876736673
leaf_weight=1085 18394 17738 1538 343241 716883 69114 26707 5649 27067 40514 6606 14290 2918 4864
leaf_count=1085 18394 17738 1538 343241 716883 69114 26707 5649 27067 40514 6606 14290 2918 4864
internal_value=-1.89934e-06 1.62774e-06 7.61514e-06 5.37314e-06 6.54388e-06 -4.10752e-05 -2.45342e-05 5.65121e-05 -5.21117e-05 -7.20267e-05 6.40204e-06 8.60073e-05 -0.000266247 -0.000133801
internal_weight=1.29661e+06 1.23411e+06 1.08297e+06 1.06458e+06 1.06012e+06 151139 128537 32356 96181 62495 21981 15375 4456 22602
internal_count=1296608 1234113 1082974 1064580 1060124 151139 128537 32356 96181 62495 21981 15375 4456 22602
is_linear=0
shrinkage=0.01


Tree=456
num_leaves=15
num_cat=0
split_feature=24 26 24 28 24 4 14 19 26 28 19 14 14 19
split_gain=2.73573 5.96538 5.40104 4.7114 4.08592 4.03368 4.01945 4.00461 3.15617 2.94249 4.51632 2.62149 2.56987 2.91238
threshold=-0.2214052287581699 1.0000000180025095e-35 -0.27525510204081627 0.23499399759903969 -0.46969387755102038 -0.3010416666666666 -0.078888888888888883 0.12771739130434787 0.091966173361522213 -0.41578014184397155 -0.35857142857142849 0.012660256410256367 0.36181818181818187 0.030012004801920792
decision_type=10 2 8 10 8 2 2 2 2 10 2 2 2 2
left_child=1 4 3 7 -1 6 -4 -3 -5 -6 -11 -7 13 -2
right_child=12 2 5 8 9 11 -8 -9 -10 10 -12 -13 -14 -15
leaf_value=0.00087363220054740176 -8.2115288205546598e-07 -2.603881310873011e-05 0.00084108115821915895 0.00013616347371775073 0.00049376988032044341 -0.00027237235455106662 0 8.1758685932456775e-05 -0.00018298966760349253 -0.0006433990383107863 0.00011394326686208511 -9.6050756886851415e-05 -5.7011887095320731e-05 3.7042475672052381e-05
leaf_weight=767 639522 175076 680 3434 1875 17095 3667 42867 24539 826 13274 18074 58686 296707
leaf_count=767 639522 175076 680 3434 1875 17095 3667 42867 24539 826 13274 18074 58686 296707
internal_value=-8.83921e-07 -2.72565e-05 -3.81023e-05 -2.05222e-05 0.000155834 -0.000146738 0.000136644 -4.69774e-06 -0.000142727 0.000119336 6.73223e-05 -0.000182626 7.09582e-06 1.11465e-05
internal_weight=1.29709e+06 302174 285432 245916 16742 39516 4347 217943 27973 15975 14100 35169 994915 936229
internal_count=1297089 302174 285432 245916 16742 39516 4347 217943 27973 15975 14100 35169 994915 936229
is_linear=0
shrinkage=0.01


Tree=457
num_leaves=15
num_cat=0
split_feature=24 14 24 25 26 27 24 2 7 15 11 14 24 17
split_gain=2.82273 4.39455 4.38816 7.76521 3.83512 6.35377 3.45689 3.23002 3.32147 2.97773 5.78384 3.45783 4.25528 3.23209
threshold=-0.051682692307692284 0.36811594202898557 0.46702898550724642 0.17500000000000002 0.35355392156862753 -0.44058823529411756 -0.42022727272727267 0.37766439909297056 0.37877551020408168 -0.43938775510204076 0.37877551020408168 -0.26043478260869563 -0.040678433535576368 0.47915762049500654
decision_type=10 2 10 2 2 2 8 10 2 2 2 2 10 2
left_child=4 9 -3 -4 5 6 -1 -7 -9 10 -2 12 -11 -13
right_child=1 2 3 -5 -6 7 -8 8 -10 11 -12 13 -14 -15
leaf_value=0.00065849964453115306 0.00020322791065660573 -3.8215739166336834e-05 -0.001507212594756311 -0.00020897476842001933 -3.8687905589528331e-05 1.367085567619072e-05 0.00016429567874230434 -0.00081918515812680825 -9.7475075981361649e-05 0.00017093687067579376 -0.00081725388032410451 2.7454854008381938e-05 -8.5502178068395731e-05 -0.00018476303894251052
leaf_weight=1704 14156 49005 509 6044 314163 203533 10760 675 17176 7298 565 610420 53295 7225
leaf_count=1704 14156 49005 509 6044 314163 203533 10760 675 17176 7298 565 610420 53295 7225
internal_value=1.38069e-06 1.40271e-05 -7.14213e-05 -0.000315034 -1.5838e-05 1.47314e-05 0.000234409 2.22497e-06 -0.000126578 2.09215e-05 0.000161865 1.78174e-05 -5.41139e-05 2.49229e-05
internal_weight=1.29653e+06 748517 55558 6553 548011 233848 12464 221384 17851 692959 14721 678238 60593 617645
internal_count=1296528 748517 55558 6553 548011 233848 12464 221384 17851 692959 14721 678238 60593 617645
is_linear=0
shrinkage=0.01


Tree=458
num_leaves=15
num_cat=0
split_feature=5 26 28 23 14 26 19 2 19 26 26 28 28 27
split_gain=2.84232 2.3216 2.22645 3.59632 4.62286 4.53862 3.17053 4.79709 4.15367 5.0354 3.09561 2.98112 2.87095 2.56339
threshold=0.43683510638297879 0.54027027027027041 -0.23956521739130432 0.028594771241830078 0.011766334440753036 0.10990338164251208 -0.45789007092198575 0.45789007092198591 -0.26020833333333326 0.021980676328502421 1.0000000180025095e-35 -0.3876262626262626 -0.3876262626262626 -0.1448028673835125
decision_type=10 2 8 8 2 2 2 10 2 2 2 10 10 2
left_child=2 -2 3 4 -1 11 7 10 9 -8 -4 -5 -7 -10
right_child=1 -3 6 5 -6 12 8 -9 13 -11 -12 -13 -14 -15
leaf_value=6.047310815836436e-05 -1.0427033279770143e-05 -0.00013766912337803721 -0.00069733700117124693 -0.00054251300437489942 -1.925551776876102e-05 0.00045225170075702156 0.00017801528880147146 0.00052231723347947675 2.3313866078136307e-05 -0.00010823536557033565 9.1800035059338891e-05 5.0232653166305753e-05 0.00013973847969587011 -1.3121983840157883e-05
leaf_weight=137341 32744 26310 520 1222 153791 4812 6729 2780 297635 63475 8534 2522 8674 549585
leaf_count=137341 32744 26310 520 1222 153791 4812 6729 2780 297635 63475 8534 2522 8674 549585
internal_value=1.23775e-07 -6.76286e-05 3.38103e-06 2.66781e-05 1.82535e-05 0.000167258 -4.31758e-06 0.000158199 -6.44712e-06 -8.03647e-05 4.29491e-05 -0.000135506 0.000253548 -2.86338e-07
internal_weight=1.29667e+06 59054 1.23762e+06 308362 291132 17230 929258 11834 917424 70204 9054 3744 13486 847220
internal_count=1296674 59054 1237620 308362 291132 17230 929258 11834 917424 70204 9054 3744 13486 847220
is_linear=0
shrinkage=0.01


Tree=459
num_leaves=15
num_cat=0
split_feature=28 25 24 19 25 6 24 24 10 27 19 24 25 15
split_gain=3.4217 4.51191 6.5124 4.84903 4.58844 4.46593 3.88868 3.57791 3.40618 3.35071 3.85385 4.70414 4.14708 4.02131
threshold=-0.31165540540540532 0.57500000000000018 0.022233201581027654 0.18819444444444447 0.37500000000000006 0.4587585034013606 0.33666666666666673 -0.049390243902439006 0.020416666666666698 -0.1448028673835125 0.011766334440753036 -0.22821969696969696 0.92500000000000016 -0.23956521739130432
decision_type=8 2 8 2 2 10 10 10 2 2 2 10 2 2
left_child=1 4 3 -3 7 -6 -4 -1 -8 10 12 -12 -2 -14
right_child=9 2 6 -5 5 -7 8 -9 -10 -11 11 -13 13 -15
leaf_value=0.00010970112335055596 1.7740825030837008e-07 -9.5252837929147498e-05 0.00035200057018617295 0.00015211431420282374 0.00021396588773650368 -0.00053805166562282108 0.000142792705385888 -3.1292601831326065e-05 -3.0778313923206748e-05 -1.9488312401407867e-05 -3.9988485748814616e-05 6.3080074515194415e-05 -0.00035403671051310171 -6.3082294188279237e-05
leaf_weight=37716 92317 64052 4912 8958 28194 788 21999 33954 22804 704610 56890 195289 6799 16961
leaf_count=37716 92317 64052 4912 8958 28194 788 21999 33954 22804 704610 56890 195289 6799 16961
internal_value=6.97921e-07 3.63252e-05 -4.14312e-06 -6.44861e-05 8.5965e-05 0.00019243 8.387e-05 4.24876e-05 5.37822e-05 -6.69202e-06 1.77105e-05 3.97093e-05 -2.98235e-05 -0.000147636
internal_weight=1.29624e+06 223377 122725 73010 100652 28982 49715 71670 44803 1.07287e+06 368256 252179 116077 23760
internal_count=1296243 223377 122725 73010 100652 28982 49715 71670 44803 1072866 368256 252179 116077 23760
is_linear=0
shrinkage=0.01


Tree=460
num_leaves=15
num_cat=0
split_feature=11 19 23 26 19 2 27 28 1 19 25 23 28 25
split_gain=2.92048 4.6364 7.64357 4.15245 3.30811 3.16239 2.72537 2.63672 2.38441 2.55624 5.69623 3.98225 2.24196 3.95088
threshold=-0.29795918367346935 -0.39472517730496448 0.010527482269503509 0.52041666666666686 0.47849213691026832 -0.23979166666666663 0.11410984848484852 0.49000000000000005 0.45603864734299526 0.04083333333333334 0.82500000000000018 0.010527482269503509 -0.019259259259259278 1.0000000180025095e-35
decision_type=2 2 10 2 2 10 2 8 10 2 2 8 8 2
left_child=1 2 5 -3 7 -1 -4 -5 9 12 11 -11 -2 -14
right_child=8 3 6 4 -6 -7 -8 -9 -10 10 -12 -13 13 -15
leaf_value=-3.3933063366573634e-05 1.2032608050746168e-05 -1.351673158722781e-05 -0.00022112734388591329 -0.00014027722264945862 0.00017635391856489556 0.00027379217646039255 -0.0011838770171600872 -0.00051271836268736225 -7.4882896743405544e-05 -2.4531386585267564e-05 0.00010531672478291953 5.3788453694345751e-05 0.00020192967575218524 -2.6512562484356394e-05
leaf_weight=4670 407886 60591 950 46536 3092 10436 506 2053 37855 161241 75411 108485 7700 369600
leaf_count=4670 407886 60591 950 46536 3092 10436 506 2053 37855 161241 75411 108485 7700 369600
internal_value=-1.83336e-06 -4.70324e-05 0.000108435 -7.02358e-05 -0.000136148 0.000176686 -0.000578018 -0.000156662 3.1259e-06 5.76518e-06 2.84586e-05 6.85823e-06 -4.17185e-06 -2.17694e-05
internal_weight=1.29701e+06 128834 16562 112272 51681 15106 1456 48589 1.16818e+06 1.13032e+06 345137 269726 785186 377300
internal_count=1297012 128834 16562 112272 51681 15106 1456 48589 1168178 1130323 345137 269726 785186 377300
is_linear=0
shrinkage=0.01


Tree=461
num_leaves=15
num_cat=0
split_feature=22 17 26 21 27 7 12 19 25 23 27 26 26 22
split_gain=2.75081 4.23804 3.44321 2.88302 2.46293 3.42201 3.41201 3.16173 3.19614 2.86325 2.85253 7.45684 2.69752 2.4885
threshold=-0.4759001161440185 -0.45959183673469384 0.97849213691026837 0.47326388888888893 -0.019259259259259278 -0.26043478260869563 0.12632978723404256 -0.47979591836734686 0.82500000000000018 0.14583333333333334 -0.38832199546485252 0.28730158730158734 0.1023024594453166 1.0000000180025095e-35
decision_type=2 2 2 2 2 2 2 2 2 8 2 2 2 2
left_child=1 -1 3 -3 5 6 -2 8 -6 12 11 -7 -9 -10
right_child=4 2 -4 -5 7 10 -8 9 13 -11 -12 -13 -14 -15
leaf_value=-0.00082533407491127439 5.9389342646792931e-06 -0.00016365404462490921 0.00033317867257686047 0.00034438064149301098 0.0004170115942274008 0.00020303741370641227 -0.00010833705097653075 -5.5225110738807095e-05 0.00025283728763952239 0.00024574663165175111 1.7302466594510165e-05 8.1891152335307447e-06 -4.5337684453186321e-06 -0.00069763651875146503
leaf_weight=815 78845 16288 1752 1162 3244 31602 38750 130934 509 4240 397148 52792 538219 530
leaf_count=815 78845 16288 1752 1162 3244 31602 38750 130934 509 4240 397148 52792 538219 530
internal_value=1.37882e-07 -0.000116148 -8.43612e-05 -0.000128052 1.98469e-06 1.67756e-05 -3.14641e-05 -1.10478e-05 0.000259367 -1.28134e-05 2.86184e-05 8.15117e-05 -1.44976e-05 -0.000203827
internal_weight=1.29683e+06 20017 19202 17450 1.27681e+06 599137 117595 677676 4283 673393 481542 84394 669153 1039
internal_count=1296830 20017 19202 17450 1276813 599137 117595 677676 4283 673393 481542 84394 669153 1039
is_linear=0
shrinkage=0.01


Tree=462
num_leaves=15
num_cat=0
split_feature=22 0 5 2 4 5 28 6 22 15 5 23 19 11
split_gain=2.90726 2.63867 2.58331 2.07857 2.37842 2.11465 1.9851 2.42857 1.7977 1.75229 1.74675 1.73181 1.69331 1.73926
threshold=0.49479166666666674 0.26020833333333337 0.49000000000000005 -0.40212765957446805 -0.29893617021276592 0.31441326530612251 0.43405797101449284 0.47849213691026832 0.31725417439703163 -0.22533849129593808 0.039230769230769243 0.010310374149659853 -0.25777777777777772 0.26043478260869574
decision_type=2 10 10 8 2 8 8 8 2 2 10 10 2 2
left_child=1 3 6 5 -5 9 7 -3 -6 -1 -8 -7 13 -4
right_child=-2 2 12 4 8 11 10 -9 -10 -11 -12 -13 -14 -15
leaf_value=-0.00020743916563381281 -0.00014781598269241765 -2.0948669072744904e-05 2.6146465995247147e-05 5.7725394338045582e-05 1.2037754095531291e-05 -2.575952685286911e-05 -5.3315820007163703e-06 0.00016211235643207383 -3.4668227212462685e-05 -4.9404707488110011e-05 -0.00023229361718884924 0.00021548648029030287 -0.00031999986894509926 -0.00052956446566364453
leaf_weight=9301 12818 154672 3952 105073 847942 7778 6306 7576 91024 32263 8105 4647 4995 641
leaf_count=9301 12818 154672 3952 105073 847942 7778 6306 7576 91024 32263 8105 4647 4995 641
internal_value=1.96889e-06 3.48755e-06 -3.12787e-05 9.41197e-06 1.25638e-05 -5.09803e-05 -2.24081e-05 -1.22131e-05 7.478e-06 -8.55031e-05 -0.000135082 6.20838e-05 -0.000191533 -4.51763e-05
internal_weight=1.29709e+06 1.28428e+06 186247 1.09803e+06 1.04404e+06 53989 176659 162248 938966 41564 14411 12425 9588 4593
internal_count=1297093 1284275 186247 1098028 1044039 53989 176659 162248 938966 41564 14411 12425 9588 4593
is_linear=0
shrinkage=0.01


Tree=463
num_leaves=15
num_cat=0
split_feature=15 11 27 3 24 3 18 3 20 7 21 18 12 28
split_gain=2.40046 3.41991 2.58587 2.34794 2.18392 2.12034 1.96586 1.93256 3.48375 3.58831 2.24416 5.90536 2.60552 2.13296
threshold=0.49000000000000005 1.0000000180025095e-35 -0.26020833333333326 0.092793367346938785 0.27579787234042558 -0.44222222222222213 0.054373522458628872 0.30104166666666676 -0.38148936170212761 0.039230769230769243 0.41207729468599036 0.47752525252525257 0.011237373737373714 0.47979591836734697
decision_type=2 2 2 8 10 8 2 10 2 2 2 2 2 8
left_child=5 2 -2 6 -5 -1 -4 10 9 -9 12 -12 -7 -10
right_child=1 -3 3 4 -6 7 -8 8 13 -11 11 -13 -14 -15
leaf_value=-8.1518526345016049e-05 0.00035987250433604728 0.0003446006424516241 0.00031833193551939571 -0.00080356579346012465 -9.8032642972611947e-06 3.4860259842595406e-05 -0.00022508987400932388 -0.00013828164272094718 -4.4824073752524917e-05 0.00012986884699356827 -3.8121152102372631e-05 -0.00061385016175097425 -8.9537593287103799e-08 -0.00024932802245264949
leaf_weight=31106 1357 4908 1292 824 733 295106 1336 6359 119960 21957 41532 1871 763403 5408
leaf_count=31106 1357 4908 1292 824 733 295106 1336 6359 119960 21957 41532 1871 763403 5408
internal_value=1.26139e-06 0.00015219 -1.28932e-05 -0.000141098 -0.000449849 1.1948e-08 3.07277e-05 2.05586e-06 -3.11293e-05 6.85819e-05 6.7115e-06 -6.36713e-05 9.62599e-06 -5.38908e-05
internal_weight=1.29715e+06 10450 5542 4185 1557 1.2867e+06 2628 1.2556e+06 153684 28316 1.10191e+06 43403 1.05851e+06 125368
internal_count=1297152 10450 5542 4185 1557 1286702 2628 1255596 153684 28316 1101912 43403 1058509 125368
is_linear=0
shrinkage=0.01


Tree=464
num_leaves=15
num_cat=0
split_feature=22 23 26 16 14 22 24 19 10 21 24 18 14 3
split_gain=2.64964 3.42997 3.20785 3.31737 2.62415 2.43311 5.90734 3.90129 3.67223 3.4649 3.46376 3.281 2.66214 2.49305
threshold=-0.4560386473429951 0.012049941927990694 0.97752525252525257 -0.42590909090909085 -0.43257575757575756 -0.079473684210526321 0.43875000000000003 0.020416666666666698 0.024404761904761933 0.43405797101449284 0.2950000000000001 0.27664399092970526 -0.22170212765957442 0.28062500000000007
decision_type=2 10 2 2 2 2 10 2 2 2 8 2 2 10
left_child=1 2 3 -1 -5 6 10 -8 13 12 -2 -9 -10 -7
right_child=5 -3 -4 4 -6 8 7 11 9 -11 -12 -13 -14 -15
leaf_value=-0.00055965947676225945 1.6620938215243861e-05 0.00027262912118095327 0.00016879187728836506 0.00011227658997078706 -0.00015524499551225067 -1.3373176565195665e-05 0.00018584289524902078 0 -5.3260198577833432e-05 -0.0001314106045748967 -0.00019644220339453831 -0.00067634048492820414 3.7657362733922037e-05 -8.0146951309464595e-05
leaf_weight=1831 324172 2485 3612 4174 24568 487647 32727 5448 35997 14274 7795 810 288509 63515
leaf_count=1831 324172 2485 3612 4174 24568 487647 32727 5448 35997 14274 7795 810 288509 63515
internal_value=1.31063e-06 -8.24442e-05 -0.000109155 -0.000142987 -0.000115343 3.77042e-06 2.53002e-05 0.000141813 -5.17012e-06 2.06949e-05 1.15258e-05 -8.36359e-05 2.74792e-05 -2.11229e-05
internal_weight=1.29756e+06 36670 34185 30573 28742 1.26089e+06 370952 38985 889942 338780 331967 6258 324506 551162
internal_count=1297564 36670 34185 30573 28742 1260894 370952 38985 889942 338780 331967 6258 324506 551162
is_linear=0
shrinkage=0.01


Tree=465
num_leaves=15
num_cat=0
split_feature=1 28 21 24 26 24 18 26 21 15 24 23 24 26
split_gain=2.91378 3.10121 3.04642 3.13782 3.20769 7.51826 3.58817 2.47732 3.00285 2.62516 2.39034 2.21439 2.28794 2.21289
threshold=0.16843971631205676 -0.39528508771929821 -0.28945035460992902 0.26163419913419916 0.40862708719851587 0.48500000000000004 0.011766334440753036 0.1023024594453166 0.23691215616681457 -0.25777777777777772 -0.040678433535576368 0.010990338164251214 0.46628787878787886 0.22111111111111112
decision_type=8 10 2 10 2 10 2 2 2 2 10 10 8 2
left_child=2 -2 13 7 6 -6 -5 9 -9 -4 -3 -12 -13 -1
right_child=1 10 3 4 5 -7 -8 8 -10 -11 11 12 -14 -15
leaf_value=-5.0332449814275923e-06 7.4364121037465906e-05 -7.6593130110942938e-05 0.0001887424990284492 5.2449755401153968e-05 8.2339929839618482e-05 -0.00025207390879210479 -6.0382610604298452e-05 -1.0925153458181229e-05 -8.5460394953110525e-05 1.6505777966951722e-05 -2.4747711061398684e-05 0.00017897973917269734 -0.00035386273532036567 9.2581900466760062e-05
leaf_weight=34827 25193 108512 9645 52737 127322 7056 60364 499138 60872 116410 118579 9087 848 66462
leaf_count=34827 25193 108512 9645 52737 127322 7056 60364 499138 60872 116410 118579 9087 848 66462
internal_value=-8.91262e-07 -3.06865e-05 6.6297e-06 9.45326e-07 3.14998e-05 6.45518e-05 -7.50563e-06 -1.00327e-05 -1.9081e-05 2.99265e-05 -4.19795e-05 -1.25185e-05 0.000130387 5.87228e-05
internal_weight=1.29705e+06 262219 1.03483e+06 933544 247479 134378 113101 686065 560010 126055 237026 128514 9935 101289
internal_count=1297052 262219 1034833 933544 247479 134378 113101 686065 560010 126055 237026 128514 9935 101289
is_linear=0
shrinkage=0.01


Tree=466
num_leaves=15
num_cat=0
split_feature=17 24 25 28 17 19 4 26 15 10 26 27 28 2
split_gain=2.57384 3.01823 3.97495 4.6856 4.2202 4.19043 4.10951 3.78928 3.44971 6.31376 3.64108 5.32804 4.06758 3.43162
threshold=-0.40454545454545449 -0.051682692307692284 0.50000000000000011 -0.35857142857142849 0.012049941927990694 0.27178030303030309 0.24222222222222226 0.18677325581395351 -0.41918367346938773 0.37877551020408168 0.16496598639455784 -0.32322303921568618 0.49000000000000005 0.38148936170212772
decision_type=2 8 2 10 2 2 2 2 2 2 2 2 10 10
left_child=-1 2 3 -2 -5 7 -7 -4 9 13 11 -10 -12 -3
right_child=1 8 5 4 -6 6 -8 -9 10 -11 12 -13 -14 -15
leaf_value=-7.8278063821585547e-05 0.00013539059921143453 0.00010813982704663982 2.2675700913064008e-05 -3.6338899110364364e-05 7.0595987563384433e-05 0.00010358845588382831 -0.00013257827945973013 -6.8034995437910763e-05 0.00011624536126318784 -0.00060170973366173908 3.0842485942776443e-05 -4.6844904495119747e-05 -0.00011821026023762474 0.00042408260578988131
leaf_weight=41052 29782 14740 56615 111061 55261 35054 9233 236555 22800 1056 499188 160846 18929 4673
leaf_count=41052 29782 14740 56615 111061 55261 35054 9233 236555 22800 1056 499188 160846 18929 4673
internal_value=-3.42954e-07 2.18104e-06 -1.58281e-05 1.98773e-05 -6.28449e-07 -3.66662e-05 5.36692e-05 -5.04152e-05 1.55271e-05 0.000143616 1.17477e-05 -2.6432e-05 2.53384e-05 0.000185791
internal_weight=1.29684e+06 1.25579e+06 533561 196104 166322 337457 44287 293170 722232 20469 701763 183646 518117 19413
internal_count=1296845 1255793 533561 196104 166322 337457 44287 293170 722232 20469 701763 183646 518117 19413
is_linear=0
shrinkage=0.01


Tree=467
num_leaves=15
num_cat=0
split_feature=17 3 11 18 11 24 14 19 22 24 24 14 8 11
split_gain=3.17521 2.88369 3.63523 2.39743 2.36139 4.3388 3.18705 3.82551 2.45164 5.63719 3.40542 3.24099 2.92337 3.49731
threshold=-0.40454545454545449 0.47979591836734697 0.031582446808510641 0.20106382978723406 0.4354764107308049 -0.46906887755102039 -0.36181818181818176 0.45603864734299526 -0.034487315010570833 0.43875000000000003 0.2950000000000001 0.39009661835748793 -0.47871376811594196 -0.45789007092198575
decision_type=2 10 2 2 2 8 2 2 2 10 8 2 2 2
left_child=1 3 -3 -1 8 -6 -7 -8 9 10 -2 -11 -10 -14
right_child=4 2 -4 -5 5 6 7 -9 12 11 -12 -13 13 -15
leaf_value=-4.0751061701516777e-05 1.2440456908306784e-05 -9.708964865685584e-05 -0.00068534083807310386 -0.00059071164994061972 -0.00067173281475452814 -0.00013086367810933184 9.4503785827955645e-05 0.0006141077432091699 0.00020569947782706467 0.00014238131273741687 -0.00018660145639718415 -0.0002959275994075244 -0.00017750800540641994 -8.3671323116200289e-06
leaf_weight=35358 366285 3032 1737 819 763 6000 42274 1490 6254 44084 8787 1709 12444 765792
leaf_count=35358 366285 3032 1737 819 763 6000 42274 1490 6254 44084 8787 1709 12444 765792
internal_value=1.06071e-06 -8.55631e-05 -0.00031793 -5.40786e-05 3.90903e-06 7.08901e-05 8.29189e-05 0.000112921 1.0762e-06 2.05696e-05 7.69596e-06 0.00012535 -9.34347e-06 -1.11109e-05
internal_weight=1.29683e+06 40946 4769 36177 1.25588e+06 50527 49764 43764 1.20536e+06 420865 375072 45793 784490 778236
internal_count=1296828 40946 4769 36177 1255882 50527 49764 43764 1205355 420865 375072 45793 784490 778236
is_linear=0
shrinkage=0.01


Tree=468
num_leaves=15
num_cat=0
split_feature=17 3 18 26 24 18 3 15 11 26 21 21 1 19
split_gain=3.12292 3.0679 4.6922 2.8337 4.58471 2.64582 5.34746 4.92956 4.0047 5.36579 3.36672 3.04054 2.62949 2.43694
threshold=-0.38318181818181812 0.40212765957446817 0.19476486246672584 0.5913729128014843 0.28759398496240607 -0.1633333333333333 -0.35321969696969691 -0.42111111111111105 -0.45959183673469384 0.36899313501144165 0.088932806324110728 -0.43938775510204076 0.16843971631205676 -0.43938775510204076
decision_type=2 8 2 2 10 2 10 2 2 2 2 2 8 2
left_child=1 2 13 4 -3 6 7 -2 9 -7 -9 -8 -10 -1
right_child=5 3 -4 -5 -6 8 11 10 12 -11 -12 -13 -14 -15
leaf_value=0.00037819210806901539 0.00045737226852204043 7.598214403359773e-05 -0.00064098276140888636 -0.00039250202134285167 -0.00054499033888405469 4.2634949047166475e-05 0.00027244780890560682 -3.8452301912975757e-05 9.5562420720867593e-06 -0.00034083046591694248 -0.00033357843897116498 6.0873967143214972e-05 -3.0828305526737662e-05 -2.8531348893877495e-05
leaf_weight=1527 1380 4820 1224 5209 1555 6543 7407 9801 911613 7907 6685 99070 195736 36742
leaf_count=1527 1380 4820 1224 5209 1555 6543 7407 9801 911613 7907 6685 99070 195736 36742
internal_value=1.91967e-06 -7.46787e-05 -3.18067e-05 -0.000218206 -7.09679e-05 5.08354e-06 4.88507e-05 -0.00011055 2.0542e-07 -0.000165148 -0.000159983 7.5881e-05 2.39068e-06 -1.14901e-05
internal_weight=1.29722e+06 51077 39493 11584 6375 1.24614e+06 124343 17866 1.1218e+06 14450 16486 106477 1.10735e+06 38269
internal_count=1297219 51077 39493 11584 6375 1246142 124343 17866 1121799 14450 16486 106477 1107349 38269
is_linear=0
shrinkage=0.01


Tree=469
num_leaves=15
num_cat=0
split_feature=0 22 21 25 28 26 14 21 14 28 28 27 26 22
split_gain=3.15199 2.6201 2.24916 5.49924 2.78305 2.61251 2.35633 2.34868 2.26892 2.96742 6.54364 2.72559 4.53863 4.093
threshold=0.37766439909297056 -0.39897959183673465 -0.28130434782608693 0.77500000000000024 -0.39009661835748788 0.043961352657004842 0.25532879818594106 -0.39897959183673465 -0.1633333333333333 0.21583850931677021 0.26253132832080206 -0.10791925465838507 0.080816326530612256 -0.2474489795918367
decision_type=10 2 2 2 10 2 2 2 2 10 10 2 2 2
left_child=2 -2 3 4 7 -5 -6 -1 9 -4 -11 12 -10 -13
right_child=1 -3 8 5 6 -7 -8 -9 11 10 -12 13 -14 -15
leaf_value=0.0008848874679559793 -0.0002167781517084436 -3.6936445210185402e-05 -1.8151208010554551e-05 -0.00013266145640185466 -5.0623616240369863e-06 0.00013087899542458154 -0.00020363827636793496 7.3878538928015333e-05 0.00010825904814130984 -0.00045231733955129766 -3.9846228568299004e-05 5.3328089902595502e-05 1.0881282010151767e-05 -1.9601160613397186e-05
leaf_weight=612 8996 92309 78190 3911 67407 57307 6596 1079 56964 5421 13900 90606 306135 506494
leaf_count=612 8996 92309 78190 3911 67407 57307 6596 1079 56964 5421 13900 90606 306135 506494
internal_value=3.20888e-07 -5.32087e-05 4.88548e-06 4.30232e-05 -1.3619e-05 0.000113547 -2.31746e-05 0.000386153 -2.28851e-08 -4.60103e-05 -0.00015718 4.61616e-06 2.62416e-05 -8.48417e-06
internal_weight=1.29593e+06 101305 1.19462e+06 136912 75694 61218 74003 1691 1.05771e+06 97511 19321 960199 363099 597100
internal_count=1295927 101305 1194622 136912 75694 61218 74003 1691 1057710 97511 19321 960199 363099 597100
is_linear=0
shrinkage=0.01


Tree=470
num_leaves=15
num_cat=0
split_feature=17 3 24 28 24 22 28 24 22 22 24 11 12 11
split_gain=2.69008 3.49346 2.79841 3.59576 2.82152 2.62423 2.25129 3.20323 2.01057 2.18258 2.23575 3.08609 1.85169 2.14224
threshold=-0.40454545454545449 0.43938775510204087 0.26393188854489169 0.091372912801484255 -0.040678433535576368 -0.4759001161440185 -0.43969696969696964 0.46628787878787886 0.48456521739130437 0.4793792517006803 0.28759398496240607 -0.26874999999999999 0.45603864734299526 0.4354764107308049
decision_type=2 10 10 10 10 2 10 10 2 2 10 2 2 2
left_child=1 5 3 4 -3 -1 -7 -8 9 12 11 -11 13 -2
right_child=8 2 -4 -5 -6 6 7 -9 -10 10 -12 -13 -14 -15
leaf_value=-0.00053327206883714616 0 0.00043286785568279619 -0.00055825808095825232 -0.0003352415714399351 -0.00029850660966406655 0.00037803396033943932 -1.2479416554804918e-05 -0.00049862972072642862 -0.00012534162656366142 -0.0001483871662681664 -0.00019540819255366629 0.00068079603201886218 -6.8661166898004543e-05 6.9817480182712602e-05
leaf_weight=1024 1158075 1460 2396 3727 776 1360 28930 1429 12700 556 656 1538 37554 45662
leaf_count=1024 1158075 1460 2396 3727 776 1360 28930 1429 12700 556 656 1538 37554 45662
internal_value=-2.77847e-06 -8.2386e-05 -0.000265363 -0.000142424 0.000165587 -3.47375e-05 -1.76485e-05 -3.63976e-05 -1.50828e-07 1.10339e-06 0.000282377 0.000446427 4.55394e-07 2.63677e-06
internal_weight=1.29784e+06 41102 8359 5963 2236 32743 31719 30359 1.25674e+06 1.24404e+06 2750 2094 1.24129e+06 1.20374e+06
internal_count=1297843 41102 8359 5963 2236 32743 31719 30359 1256741 1244041 2750 2094 1241291 1203737
is_linear=0
shrinkage=0.01


Tree=471
num_leaves=15
num_cat=0
split_feature=22 11 17 3 26 1 18 28 11 28 4 28 11 7
split_gain=2.67473 3.78825 3.119 2.85141 4.27473 2.76647 2.88995 4.32494 3.30707 2.62389 2.53163 3.00344 2.19487 2.14841
threshold=0.32025641025641027 0.32793709528214621 0.020416666666666698 -0.43683510638297868 0.91751700680272119 0.30558300395256921 0.011237373737373714 0.05182599355531687 -0.45789007092198575 0.41010101010101013 0.012347560975609741 -0.26043478260869563 0.18042553191489366 0.032624113475177303
decision_type=2 2 2 10 2 10 2 10 2 8 2 8 2 2
left_child=3 2 10 4 -1 6 7 -5 -8 13 -2 -12 -6 -7
right_child=1 -3 -4 5 12 9 8 -9 -10 -11 11 -13 -14 -15
leaf_value=-2.8201118293233644e-05 -5.9542814429886731e-05 9.5672080060806009e-05 7.3389960151359369e-06 6.606515568337705e-05 -0.00038160142627326947 -0.00011657307556474341 -0.00023572229785823081 -5.2408188326938076e-06 6.7598776893130389e-07 -0.00016470958493203073 1.0264931484710634e-05 -0.00023843332254592186 0 -2.434126461237599e-06
leaf_weight=31863 49293 16422 37807 191063 6058 19918 5968 151999 644020 14528 6030 20882 1877 99245
leaf_count=31863 49293 16422 37807 191063 6058 19918 5968 151999 644020 14528 6030 20882 1877 99245
internal_value=-2.61394e-06 -4.55705e-05 -6.61798e-05 2.16354e-06 -8.09767e-05 5.127e-06 1.08998e-05 3.43847e-05 -1.44948e-06 -3.75277e-05 -0.000103047 -0.0001816 -0.000289027 -2.17666e-05
internal_weight=1.29697e+06 130434 114012 1.16654e+06 39798 1.12674e+06 993050 343062 649988 133691 76205 26912 7935 119163
internal_count=1296973 130434 114012 1166539 39798 1126741 993050 343062 649988 133691 76205 26912 7935 119163
is_linear=0
shrinkage=0.01


Tree=472
num_leaves=15
num_cat=0
split_feature=17 24 26 27 28 21 20 14 18 26 3 27 21 21
split_gain=2.67459 2.66666 3.69495 4.59046 4.42688 3.34206 3.27138 3.0142 2.65094 3.19384 5.05985 3.58847 3.06248 2.41945
threshold=-0.40454545454545449 -0.051682692307692284 0.5803225806451614 -0.38832199546485252 -0.41578014184397155 -0.37367021276595741 0.4045454545454546 0.31909090909090915 -0.41918367346938773 0.5803225806451614 -0.44222222222222213 -0.30217391304347824 0.29795918367346946 0.40212765957446817
decision_type=2 10 2 2 10 2 2 2 2 2 10 2 2 2
left_child=-1 2 3 -2 -5 7 -7 -4 12 11 -11 -10 -3 -14
right_child=1 8 5 4 -6 6 -8 -9 9 10 -12 -13 13 -15
leaf_value=-7.9348138575633065e-05 0.00011170471820590432 7.1025581793235839e-05 0.00011465089477604943 0.00011571953417440901 -1.9641680056162137e-05 -5.2604644607315144e-05 -0.0006046574631590533 -0.00060615202380438988 6.5817325291881996e-05 -0.00024408058197384711 4.2615478659209204e-05 -1.8650200476294436e-05 0.00066361338292201882 5.5812279271436963e-05
leaf_weight=40976 37804 11227 16717 26830 240631 210372 1087 587 58956 6253 302306 339913 1838 1196
leaf_count=40976 37804 11227 16717 26830 240631 210372 1087 587 58956 6253 302306 339913 1838 1196
internal_value=1.28911e-07 2.74645e-06 -1.41651e-05 8.52322e-06 -5.94979e-06 -4.45715e-05 -5.55929e-05 8.8365e-05 1.5302e-05 1.25342e-05 3.6706e-05 -6.08962e-06 0.000150466 0.000434189
internal_weight=1.29669e+06 1.25572e+06 534028 305265 267461 228763 211459 17304 721689 707428 308559 398869 14261 3034
internal_count=1296693 1255717 534028 305265 267461 228763 211459 17304 721689 707428 308559 398869 14261 3034
is_linear=0
shrinkage=0.01


Tree=473
num_leaves=15
num_cat=0
split_feature=0 24 19 25 3 24 7 4 27 14 28 14 14 28
split_gain=2.77545 2.28805 2.12121 4.72728 3.21765 1.96684 1.94875 2.46025 2.7306 2.42878 2.98397 2.83453 1.89754 2.65423
threshold=0.28062500000000007 -0.03062500000000001 0.19476486246672584 0.82500000000000018 -0.39472517730496448 -0.26043478260869563 -0.35261524822695028 -0.26020833333333326 -0.15261756876663707 -0.13914893617021273 0.21583850931677021 -0.064523589269195172 0.49000000000000005 1.0000000180025095e-35
decision_type=10 10 2 2 10 10 2 2 2 2 10 2 2 10
left_child=2 -2 6 12 -5 -6 9 -8 -9 10 -1 -11 -4 -14
right_child=1 -3 3 4 5 -7 7 8 -10 11 -12 -13 13 -15
leaf_value=-8.0361944703242797e-05 -7.5314349824662908e-05 -1.8579723983488142e-06 1.3503694182923149e-05 -0.00017376614098997052 0.00029202738894652097 0.00011472861920675384 5.7750415190819348e-05 2.5363272810517928e-05 -1.4872616365585521e-05 0.00026846219319574127 -0.0003893340165127087 -3.5009207245764993e-05 0.00038194421604022434 -0.00037858503887427231
leaf_weight=15070 84736 86600 145305 3193 8246 31764 74487 244378 543492 3265 4090 49956 521 2523
leaf_count=15070 84736 86600 145305 3193 8246 31764 74487 244378 543492 3265 4090 49956 521 2523
internal_value=-8.46445e-07 -3.83624e-05 4.83409e-06 3.51554e-05 0.000127255 0.000152039 -1.34753e-06 2.8027e-06 -2.3543e-06 -5.12065e-05 -0.000147933 -1.58141e-05 8.1295e-06 -0.000238322
internal_weight=1.29763e+06 171336 1.12629e+06 191552 43203 40010 934738 862357 787870 72381 19160 53221 148349 3044
internal_count=1297626 171336 1126290 191552 43203 40010 934738 862357 787870 72381 19160 53221 148349 3044
is_linear=0
shrinkage=0.01


Tree=474
num_leaves=15
num_cat=0
split_feature=21 14 15 11 17 15 14 22 18 22 24 10 24 26
split_gain=2.11764 3.23147 4.0344 4.81386 4.17495 3.44749 2.82999 3.99548 3.3867 2.88543 5.61453 3.62946 2.57635 2.55522
threshold=-0.28130434782608693 -0.15978723404255316 -0.43938775510204076 0.34045454545454551 0.11167800453514744 -0.08347826086956521 -1.0000000180025095e-35 0.11055555555555559 0.47979591836734697 -0.030306122448979591 0.43875000000000003 0.019615384615384649 0.46551268498942927 0.97849213691026837
decision_type=2 2 2 2 2 2 2 2 2 2 10 2 10 2
left_child=-1 2 3 4 -2 12 7 8 -3 10 -8 -11 -4 -7
right_child=1 6 5 -5 -6 13 9 -9 -10 11 -12 -13 -14 -15
leaf_value=3.5601256520934357e-05 3.2424115787639357e-05 -9.7745828152041108e-06 -0.00014816703314408572 -0.0007327148741944527 0.00044447816500945287 -3.565750851819801e-05 7.4677948699752702e-06 0.00017576294975852214 0.00056751178306464094 -3.6523894343690389e-05 0.00014274805268878112 1.0645481914965558e-05 7.9699669515213991e-05 0.00020771795856809922
leaf_weight=152658 7899 36799 51534 615 3692 46891 275672 21969 1041 347175 34612 306323 5310 4732
leaf_count=152658 7899 36799 51534 615 3692 46891 275672 21969 1041 347175 34612 306323 5310 4732
internal_value=5.97316e-07 -4.04648e-06 -5.29971e-05 0.000118416 0.000166341 -7.25659e-05 1.69523e-06 6.84582e-05 5.35788e-06 -2.41693e-06 2.26561e-05 -1.43677e-05 -0.00012635 -1.27567e-05
internal_weight=1.29692e+06 1.14426e+06 120673 12206 11591 108467 1.02359e+06 59809 37840 963782 310284 653498 56844 51623
internal_count=1296922 1144264 120673 12206 11591 108467 1023591 59809 37840 963782 310284 653498 56844 51623
is_linear=0
shrinkage=0.01


Tree=475
num_leaves=15
num_cat=0
split_feature=4 16 19 18 11 1 4 22 11 14 3 11 22 18
split_gain=2.43588 3.9068 3.06226 4.0351 2.67729 2.48397 2.37705 2.22718 3.99262 3.02767 2.55597 2.4023 2.1922 3.63196
threshold=-0.27888888888888885 0.010102040816326542 -0.33836734693877546 0.010310374149659853 -0.37888888888888883 0.29689535388623539 -0.41578014184397155 0.32025641025641027 -0.41578014184397155 0.023268398268398275 0.48468085106382985 0.45959183673469389 -0.47979591836734686 -0.44727272727272721
decision_type=2 2 2 2 2 10 2 2 2 2 8 2 2 2
left_child=1 -1 3 -3 -4 -6 -5 12 -9 11 -11 -10 13 -2
right_child=7 2 4 6 5 -7 -8 8 9 10 -12 -13 -14 -15
leaf_value=0.00010569121004969994 -0.00092710662783424425 0.0001429861146171677 -0.00014132442747374753 -0.00052734791398880028 5.3393557377824988e-05 -0.00012799222146215691 -0.00014706356030208336 -0.00037443588184769432 -7.5149408705869937e-05 7.1226128806036663e-05 -0.00052904209448882775 0.00023382514551581205 2.3978406211963431e-07 -0.00010184630188022252
leaf_weight=53575 613 3096 9332 2636 80928 8243 5278 3624 83297 26809 716 2548 1012451 5165
leaf_count=53575 613 3096 9332 2636 80928 8243 5278 3624 83297 26809 716 2548 1012451 5165
internal_value=-4.02708e-07 3.57103e-05 1.19897e-06 -0.000156651 1.91512e-05 3.6286e-05 -0.00027767 -5.61727e-06 -4.69431e-05 -3.62002e-05 5.44658e-05 -6.56213e-05 -8.39366e-07 -0.000195025
internal_weight=1.29831e+06 163088 109513 11010 98503 89171 7914 1.13522e+06 116994 113370 27525 85845 1.01823e+06 5778
internal_count=1298311 163088 109513 11010 98503 89171 7914 1135223 116994 113370 27525 85845 1018229 5778
is_linear=0
shrinkage=0.01


Tree=476
num_leaves=15
num_cat=0
split_feature=22 28 28 25 25 23 4 21 28 23 28 4 19 21
split_gain=2.25391 2.086 4.12784 3.88243 5.34066 3.84216 2.85012 2.08493 2.85594 2.05969 3.24017 2.22048 5.37329 4.00651
threshold=0.49479166666666674 -0.31165540540540532 -0.31909090909090904 0.57500000000000018 0.27500000000000008 0.028594771241830078 -0.33836734693877546 0.011766334440753036 0.47590011614401861 0.14583333333333334 -0.084349593495934946 0.20106382978723406 -0.39472517730496448 0.38148936170212772
decision_type=2 8 10 2 2 8 2 2 8 10 10 2 2 2
left_child=1 2 3 4 -1 -5 -4 -2 -9 11 -11 13 -13 -3
right_child=7 9 6 5 -6 -7 -8 8 -10 10 -12 12 -14 -15
leaf_value=-4.1978496701626549e-05 -0.00037461189684688301 3.7333259682795142e-06 -0.00041162151692286642 -3.3831512549033809e-05 0.00011684608235676424 0.00024023762908671035 0.00026933084880351724 -0.00010885052702074716 0.00057712961166544118 -0.00043259555062625312 0.00031330000296501173 9.5779918667519815e-05 -5.9329421110566239e-05 -0.00011493256533425858
leaf_weight=31085 2841 839493 621 110055 64876 5343 9546 9316 637 648 4022 25735 163578 29446
leaf_count=31085 2841 839493 621 110055 64876 5343 9546 9316 637 648 4022 25735 163578 29446
internal_value=-1.59555e-06 -2.56457e-07 2.76339e-05 1.80104e-05 6.50851e-05 -2.08761e-05 0.000224679 -0.000133657 -6.17733e-05 -6.09743e-06 0.00020317 -7.04983e-06 -3.80844e-05 -2.53799e-07
internal_weight=1.29724e+06 1.28445e+06 221526 211359 95961 115398 10167 12794 9953 1.06292e+06 4670 1.05825e+06 189313 868939
internal_count=1297242 1284448 221526 211359 95961 115398 10167 12794 9953 1062922 4670 1058252 189313 868939
is_linear=0
shrinkage=0.01


Tree=477
num_leaves=15
num_cat=0
split_feature=4 28 3 24 24 21 17 3 28 24 26 23 2 21
split_gain=2.54172 3.90199 4.25706 4.04522 4.76295 3.17303 2.98687 2.71767 3.30832 2.70466 3.35277 3.16989 2.44283 2.2926
threshold=0.2525510204081633 -0.41945945945945939 -0.28062499999999996 -0.40108695652173909 -0.21937499999999996 -0.28945035460992902 0.26043478260869574 0.47849213691026832 0.14365079365079372 0.26163419913419916 0.10471491228070177 0.077380952380952397 0.49444444444444452 0.022233201581027654
decision_type=2 8 10 8 10 2 2 10 10 10 2 8 10 2
left_child=5 6 13 12 -5 -1 -2 9 -9 11 -11 -7 -4 -3
right_child=1 2 3 4 -6 7 -8 8 -10 10 -12 -13 -14 -15
leaf_value=5.5868143557557851e-05 0.00018970022513084203 -0.00038994733303993284 0.00010069922690286948 -0.00014874692896500505 -1.4820100409014288e-05 -1.1730920172014446e-05 -0.00022510336202294425 0 -0.00076281034074859411 -4.1414353202406816e-05 4.6858960188717576e-05 0.00013845633389994843 0.00060064455262172605 -0.00011492266167714895
leaf_weight=115971 11900 4875 9648 33947 125039 702583 1968 1197 1030 53760 210032 14313 1131 9298
leaf_count=115971 11900 4875 9648 33947 125039 702583 1968 1197 1030 53760 210032 14313 1131 9298
internal_value=4.3319e-07 -3.25407e-05 -4.48577e-05 -3.07485e-05 -4.36074e-05 6.39606e-06 0.000128637 5.28338e-07 -0.000348121 1.35172e-06 2.87551e-05 -8.68998e-06 0.000156092 -0.0002117
internal_weight=1.29669e+06 197806 183938 169765 158986 1.09889e+06 13868 982915 2227 980688 263792 716896 10779 14173
internal_count=1296692 197806 183938 169765 158986 1098886 13868 982915 2227 980688 263792 716896 10779 14173
is_linear=0
shrinkage=0.01


Tree=478
num_leaves=15
num_cat=0
split_feature=11 26 25 21 3 27 22 19 25 23 19 22 27 3
split_gain=2.88828 3.60853 2.56463 3.80784 2.86302 2.41225 2.35507 2.26254 5.07241 4.60796 2.53257 2.47375 2.9887 5.89401
threshold=-0.33156028368794321 0.53410852713178303 0.57500000000000018 0.39246068455134137 0.065942028985507231 -0.46076923076923076 -0.079473684210526321 0.028594771241830078 0.82500000000000018 0.010527482269503509 0.47979591836734697 -0.030306122448979591 -0.21352583586626137 0.011766334440753036
decision_type=2 2 2 2 10 2 2 2 2 8 2 2 2 8
left_child=1 2 5 -4 -5 -1 -7 11 9 -9 -10 -2 13 -13
right_child=7 -3 3 4 -6 6 -8 8 10 -11 -12 12 -14 -15
leaf_value=0.00035964717481494355 1.6926474761248066e-05 -0.00011427496279488933 2.7177059872600256e-05 0.00069700008487384724 0.00010403679367160869 2.2961477153204866e-05 -0.00014945836636884232 -2.8402700391706288e-05 7.7310529276788836e-05 5.1384659760761148e-05 0.00033035876095092564 -6.7992867672915066e-05 -3.439243273291617e-05 6.8668712019601089e-05
leaf_weight=1317 292514 48776 21385 1615 1927 13737 17895 180197 84188 120882 4240 48749 369884 88963
leaf_count=1317 292514 48776 21385 1615 1927 13737 17895 180197 84188 120882 4240 48749 369884 88963
internal_value=-1.03436e-06 -5.09043e-05 1.98724e-06 7.90132e-05 0.000383226 -5.53769e-05 -7.36373e-05 3.4115e-06 2.31933e-05 3.53215e-06 8.97939e-05 -6.18118e-06 -1.95566e-05 2.00733e-05
internal_weight=1.29627e+06 106652 57876 24927 3542 32949 31632 1.18962e+06 389507 301079 88428 800110 507596 137712
internal_count=1296269 106652 57876 24927 3542 32949 31632 1189617 389507 301079 88428 800110 507596 137712
is_linear=0
shrinkage=0.01


Tree=479
num_leaves=15
num_cat=0
split_feature=0 21 25 15 14 15 28 19 15 14 6 14 4 15
split_gain=2.24146 3.16697 3.58535 2.48771 2.35675 3.60889 2.30613 2.49603 2.17717 2.16869 1.98703 2.09895 2.03293 1.96797
threshold=0.2525510204081633 -0.28130434782608693 0.82500000000000018 0.010310374149659853 -0.24234042553191487 -0.43938775510204076 0.095491388044579531 0.4354764107308049 0.13914893617021282 -0.31909090909090904 -0.27041666666666664 -0.14222222222222219 0.4793792517006803 -0.40667311411992257
decision_type=8 2 2 2 2 2 10 2 2 2 8 2 2 2
left_child=1 2 6 -4 5 9 -1 -8 -7 -3 -2 12 -12 -13
right_child=10 4 3 -5 -6 8 7 -9 -10 -11 11 13 -14 -15
leaf_value=7.8994784101247563e-05 -9.2609236468516528e-05 0.00025479088808431542 -0.00042462250355511323 0.00017252640368363756 2.4977570460196168e-07 -0.00011487903043269489 3.2095635632757688e-05 -0.00011121259375645083 6.95942057922797e-05 -0.00018814278942949384 -6.1352051531137015e-05 0.00017833848342161575 -0.00034126960660176529 -6.473400510145439e-06
leaf_weight=39418 45478 5107 687 25178 921808 47812 31358 19664 7172 1329 31031 6065 2907 112228
leaf_count=39418 45478 5107 687 25178 921808 47812 31358 19664 7172 1329 31031 6065 2907 112228
internal_value=-3.45394e-06 2.09434e-06 5.14563e-05 0.000155458 -3.71427e-06 -6.36932e-05 2.13769e-05 -2.2551e-05 -9.02687e-05 0.000158623 -3.44613e-05 -1.68914e-05 -8.62407e-05 2.75277e-06
internal_weight=1.29724e+06 1.09953e+06 116305 25865 983228 61420 90440 51022 54984 6436 197709 152231 33938 118293
internal_count=1297242 1099533 116305 25865 983228 61420 90440 51022 54984 6436 197709 152231 33938 118293
is_linear=0
shrinkage=0.01


Tree=480
num_leaves=15
num_cat=0
split_feature=4 28 18 3 15 4 28 5 18 28 3 27 27 26
split_gain=2.26004 5.18847 4.29264 2.4976 4.13968 2.32731 2.15353 2.10584 2.11548 4.11916 3.75884 3.12975 2.80222 10.9283
threshold=0.2525510204081633 -0.43142633228840116 0.43747286148501963 -0.28062499999999996 -0.37877551020408157 0.35791925465838514 0.011369509043927641 0.47894503546099293 0.011237373737373714 0.10208333333333332 0.4793792517006803 0.31322674418604657 -0.26020833333333326 0.267479674796748
decision_type=2 8 2 10 2 2 8 8 2 10 8 2 2 2
left_child=7 2 -2 4 6 -6 -3 8 9 11 -11 -1 13 -10
right_child=1 3 -4 -5 5 -7 -8 -9 12 10 -12 -13 -14 -15
leaf_value=7.0754194834789694e-05 0.00021832716345348649 0.00069709687338085063 -0.00052133758187332337 -3.1750003937296641e-05 -0.00011446490287996661 -0.00040065124005291198 0 -0.00011894402729937248 0.00015294385631508116 -8.9022199110038193e-06 -0.00071199223813796903 -3.6008076532339512e-05 -1.1398661302353184e-05 -2.1922724709269782e-05
leaf_weight=192355 11691 709 817 170582 7182 5196 1096 12948 53408 143369 763 31631 557851 107368
leaf_count=192355 11691 709 817 170582 7182 5196 1096 12948 53408 143369 763 31631 557851 107368
internal_value=2.03957e-06 -2.90956e-05 0.000167502 -4.25695e-05 -0.00017055 -0.00023709 0.000268805 7.65223e-06 9.18849e-06 2.86844e-05 -1.28471e-05 5.55432e-05 -7.56675e-07 3.59812e-05
internal_weight=1.29697e+06 197273 12508 184765 14183 12378 1805 1.09969e+06 1.08674e+06 368118 144132 223986 718627 160776
internal_count=1296966 197273 12508 184765 14183 12378 1805 1099693 1086745 368118 144132 223986 718627 160776
is_linear=0
shrinkage=0.01


Tree=481
num_leaves=15
num_cat=0
split_feature=2 5 24 24 15 26 24 28 18 14 14 4 24 14
split_gain=2.26859 2.23057 2.55714 2.01168 3.97494 3.67913 4.10789 3.6546 3.26867 2.15972 1.74138 2.29618 1.89547 3.60525
threshold=-0.41918367346938773 0.43683510638297879 -0.42752100840336132 -0.051682692307692284 0.016954022988505794 0.28730158730158734 0.48500000000000004 -0.054373522458628858 0.011237373737373714 0.1329931972789116 -0.24234042553191487 -0.46863636363636357 -0.46906887755102039 0.21509740259740265
decision_type=8 8 10 10 2 2 8 8 2 2 2 2 8 2
left_child=10 3 -3 4 7 8 -7 -2 -5 -6 11 -1 13 -12
right_child=1 2 -4 5 9 6 -8 -9 -10 -11 12 -13 -14 -15
leaf_value=0.0003529987963624741 5.2890974927602905e-08 0.00019834843368432835 -8.1019755787862502e-05 2.9555008062927693e-05 4.3868228084190194e-05 3.7091179140362932e-05 -0.00019038542531480234 -6.6052905607863978e-05 -4.3659640749863036e-05 -6.1463849231145181e-05 0 -0.00022040196209676099 -5.0720713460121476e-05 0.00093886412761598665
leaf_weight=710 176679 3451 49456 99882 140524 428460 8046 157261 155448 22380 1392 10021 41495 563
leaf_count=710 176679 3451 49456 99882 140524 428460 8046 157261 155448 22380 1392 10021 41495 563
internal_value=-1.46513e-06 1.27531e-06 -6.222e-05 4.12682e-06 -1.11895e-05 1.51696e-05 3.28282e-05 -3.09885e-05 -1.49015e-05 2.92125e-05 -6.48142e-05 -0.000179581 -3.57691e-05 0.000265851
internal_weight=1.29577e+06 1.24159e+06 52907 1.18868e+06 496844 691836 436506 333940 255330 162904 54181 10731 43450 1955
internal_count=1295768 1241587 52907 1188680 496844 691836 436506 333940 255330 162904 54181 10731 43450 1955
is_linear=0
shrinkage=0.01


Tree=482
num_leaves=15
num_cat=0
split_feature=24 22 28 23 24 15 18 16 16 18 28 14 15 24
split_gain=2.92194 5.24862 4.57809 6.01442 4.70232 4.09186 4.52865 4.47536 4.06177 3.85392 3.74162 3.4725 4.37941 3.89906
threshold=-0.051682692307692284 0.080697674418604662 -0.13525498891352547 0.012660256410256367 -0.44689849624060146 -0.21869565217391301 0.084219858156028407 -0.28130434782608693 -0.44727272727272721 0.016954022988505794 0.2558265582655827 0.37888888888888894 -0.43938775510204076 0.46702898550724642
decision_type=10 2 10 10 8 2 2 2 2 2 10 2 2 10
left_child=1 5 3 -3 -5 6 7 -1 -4 -10 -8 12 -2 -13
right_child=11 2 8 4 -6 -7 10 -9 9 -11 -12 13 -14 -15
leaf_value=3.3698823703944816e-05 0.0001928494086566017 2.9985814233492345e-05 0.00041936155412376173 0.00028134403928173633 -0.00043398724503871929 1.9704560880819504e-05 0.00012986131190152232 -0.00032640752691501007 -0.00012905867917848256 -1.7872887167442904e-07 -0.00065759710720992941 -2.9191626900310887e-05 1.8422823048627886e-05 -0.0002938470997223729
leaf_weight=4811 14748 74235 1516 1076 4890 314692 7970 11037 95010 31317 642 47432 680457 6371
leaf_count=4811 14748 74235 1516 1076 4890 314692 7970 11037 95010 31317 642 47432 680457 6371
internal_value=3.29361e-06 -1.42431e-05 -5.38084e-05 5.06406e-06 -0.000299871 9.93896e-06 -0.000114462 -0.000215211 -9.09754e-05 -9.7347e-05 6.74677e-05 1.61453e-05 2.21671e-05 -6.11026e-05
internal_weight=1.2962e+06 547196 208044 80201 5966 339152 24460 15848 127843 126327 8612 749008 695205 53803
internal_count=1296204 547196 208044 80201 5966 339152 24460 15848 127843 126327 8612 749008 695205 53803
is_linear=0
shrinkage=0.01


Tree=483
num_leaves=15
num_cat=0
split_feature=17 18 21 27 28 12 26 26 28 28 28 22 22 28
split_gain=2.84183 3.04374 3.34466 3.0263 3.59821 3.512 3.48747 3.21035 3.70984 3.34223 2.8861 2.80361 2.34414 2.57134
threshold=-0.40454545454545449 -0.1633333333333333 -0.43938775510204076 -0.010102040816326539 0.47259759759759767 0.20972222222222228 1.0000000180025095e-35 0.080816326530612256 0.095491388044579531 -0.31165540540540532 0.20106382978723406 -0.39897959183673465 0.39663461538461547 -0.41945945945945939
decision_type=2 2 2 2 8 2 2 2 8 10 10 2 2 10
left_child=12 2 -2 4 5 -3 -6 8 -5 -9 -4 -12 13 -1
right_child=1 3 10 7 6 -7 -8 9 -10 -11 11 -13 -14 -15
leaf_value=0.00024809538433962544 0.00024080563882625987 3.0331844847978565e-05 6.4011136838768812e-05 -0.00012152637783468228 0.00028277235419958913 -4.5974466193356445e-05 -0.00013825122364009019 4.8310445262153506e-05 5.5640726576670444e-06 -2.0465707817173422e-05 -0.00036728150362739549 -1.7427127200254538e-05 -0.00058316557410474288 -9.0775557338645989e-05
leaf_weight=2336 8430 437928 89092 58602 2105 69673 23259 85157 37052 411171 2494 31217 928 37716
leaf_count=2336 8430 437928 89092 58602 2105 69673 23259 85157 37052 411171 2494 31217 928 37716
internal_value=-6.71226e-07 1.97894e-06 4.75678e-05 -3.31277e-06 1.39408e-05 1.97988e-05 -0.000102098 -1.8897e-05 -7.19851e-05 -8.60484e-06 3.40529e-05 -4.42302e-05 -8.26341e-05 -7.02451e-05
internal_weight=1.29716e+06 1.25618e+06 131233 1.12495e+06 532965 507601 25364 591982 95654 496328 122803 33711 40980 40052
internal_count=1297160 1256180 131233 1124947 532965 507601 25364 591982 95654 496328 122803 33711 40980 40052
is_linear=0
shrinkage=0.01


Tree=484
num_leaves=15
num_cat=0
split_feature=28 16 23 6 24 4 24 21 21 21 6 28 3 6
split_gain=2.80932 3.23283 4.41415 2.74963 2.52045 4.6468 8.11875 7.02887 4.772 4.07675 3.77237 3.25817 2.31492 6.28239
threshold=-0.31165540540540532 0.011766334440753036 0.04006410256410254 -0.21937499999999996 -0.051682692307692284 0.081666666666666679 -0.45773809523809517 0.23124999999999998 0.066699604743083021 0.3585714285714286 0.39246068455134137 0.49000000000000005 -0.46404255319148929 0.19476486246672584
decision_type=10 2 8 8 10 2 8 2 2 2 10 10 10 10
left_child=1 3 -3 -1 5 7 9 8 -2 -7 -9 -8 13 -6
right_child=4 2 -4 -5 12 6 11 10 -10 -11 -12 -13 -14 -15
leaf_value=-1.3396138260612476e-05 -6.3028638965548266e-06 -2.1152302166542649e-05 0.00023476490364502807 0.00010150545985068726 -0.00047280089420839288 -5.98142917848068e-06 -0.00010286704841645404 -0.00023257289911451627 0.00015524377791694918 0.00036729634183759168 9.1867690761482905e-05 -0.00042224630233910491 6.0285478957000649e-06 0.0001035096249663211
leaf_weight=27994 295270 111883 7163 76650 3600 6091 93222 19723 19480 5366 4230 3377 618526 3844
leaf_count=27994 295270 111883 7163 76650 3600 6091 93222 19723 19480 5366 4230 3377 618526 3844
internal_value=-2.29236e-06 2.9913e-05 -5.49623e-06 7.04812e-05 -9.03598e-06 -2.71883e-05 -8.43188e-05 -8.87291e-06 3.60139e-06 0.00016628 -0.000174021 -0.000114356 3.87162e-06 -0.00017125
internal_weight=1.29642e+06 223690 119046 104644 1.07273e+06 446759 108056 338703 314750 11457 23953 96599 625970 7444
internal_count=1296419 223690 119046 104644 1072729 446759 108056 338703 314750 11457 23953 96599 625970 7444
is_linear=0
shrinkage=0.01


Tree=485
num_leaves=15
num_cat=0
split_feature=23 4 21 18 24 2 24 19 26 28 24 24 18 24
split_gain=2.25065 2.11425 4.71561 4.04738 4.21612 4.09436 2.73062 5.63008 2.69833 2.54914 2.53582 4.54451 4.05909 2.22337
threshold=0.1125 -0.29893617021276592 0.41207729468599036 -0.1211111111111111 -0.066005802707930342 -0.42590909090909085 0.46969387755102043 -0.42111111111111105 0.22335600907029482 -0.35565476190476181 -0.42022727272727267 -0.22821969696969696 0.38762626262626265 -0.42752100840336132
decision_type=10 2 2 2 10 10 8 2 2 10 10 10 2 10
left_child=1 2 13 4 -4 -5 10 9 -9 -8 12 -12 -3 -1
right_child=-2 6 3 5 -6 -7 7 8 -10 -11 11 -13 -14 -15
leaf_value=-0.00016369717784855679 0.00013141066830776228 5.0407127232348132e-05 0.00070825271396053754 -0.00091211867383143201 -0.00013598815834536056 -0.00019986740925440993 0.00012138010386457935 -4.5841239072709907e-06 -0.00020318017346938701 0.00078230414655216672 -4.7136226434847168e-05 4.6266793981406169e-06 0.00050954828238185723 5.7423827552294902e-05
leaf_weight=4639 13006 39963 906 975 1582 6111 2535 10762 20413 824 211908 846451 2043 133673
leaf_count=4639 13006 39963 906 975 1582 6111 2535 10762 20413 824 211908 846451 2043 133673
internal_value=5.26544e-07 -7.77392e-07 3.47593e-05 -0.000179156 0.00015988 -0.000302446 -5.43461e-06 -9.30146e-05 -0.000135592 0.000292989 -2.65848e-06 -5.70921e-06 7.34868e-05 4.97871e-05
internal_weight=1.29579e+06 1.28278e+06 147886 9574 2488 7086 1.1349e+06 34534 31175 3359 1.10036e+06 1.05836e+06 42006 138312
internal_count=1295791 1282785 147886 9574 2488 7086 1134899 34534 31175 3359 1100365 1058359 42006 138312
is_linear=0
shrinkage=0.01


Tree=486
num_leaves=15
num_cat=0
split_feature=28 26 24 21 20 24 24 15 21 15 11 3 11 14
split_gain=2.80012 5.17546 5.26724 4.28996 4.0022 3.64841 3.90648 3.99789 3.58932 4.82101 3.28601 3.17283 3.09173 4.60545
threshold=0.10208333333333332 0.045983086680761107 -0.38047619047619041 -0.37367021276595741 0.21583850931677021 0.33666666666666673 -0.039736842105263147 0.011237373737373714 0.42111111111111121 0.010753931544865871 -0.45789007092198575 -0.44222222222222213 -0.25777777777777772 -0.43257575757575756
decision_type=10 2 10 2 2 10 8 2 2 2 2 8 2 2
left_child=4 2 8 -4 12 6 7 -3 9 -2 -8 -6 13 -1
right_child=1 5 3 -5 11 -7 10 -9 -10 -11 -12 -13 -14 -15
leaf_value=-0.00052851283618281534 0.00099997021684092129 -0.0001243373280786797 -0.00020480486884568634 7.2413725096427507e-05 -0.00037373465239065812 -0.00036721076753023487 -0.00022858867638050494 -2.6518355350164373e-05 -0.00034614441089622709 0.00024418915003805003 2.2168636159496274e-06 8.1131803257200819e-05 1.1149777405870932e-05 -4.6007568741354558e-05
leaf_weight=2058 1328 66216 6219 51330 1534 3168 6302 116130 529 2750 278135 93746 605956 61514
leaf_count=2058 1328 66216 6219 51330 1534 3168 6302 116130 529 2750 278135 93746 605956 61514
internal_value=5.46018e-07 -1.70458e-05 6.85658e-05 4.19259e-05 1.28246e-05 -2.84331e-05 -2.60672e-05 -6.22057e-05 0.000394591 0.000498214 -2.79376e-06 7.34821e-05 4.14737e-06 -6.21237e-05
internal_weight=1.29692e+06 532107 62156 57549 764808 469951 466783 182346 4607 4078 284437 95280 669528 63572
internal_count=1296915 532107 62156 57549 764808 469951 466783 182346 4607 4078 284437 95280 669528 63572
is_linear=0
shrinkage=0.01


Tree=487
num_leaves=15
num_cat=0
split_feature=27 22 14 22 1 24 15 24 28 27 27 4 28 15
split_gain=2.71503 2.9329 2.83955 3.76532 3.42111 3.26351 4.05919 3.95808 3.72722 3.53524 3.19113 2.90697 2.6989 3.87487
threshold=0.33166666666666672 0.49479166666666674 0.011766334440753036 -0.41945945945945939 0.11294063079777368 -0.1039136302294197 -0.43938775510204076 -0.45773809523809517 -0.45789007092198575 0.49000000000000005 0.49000000000000005 0.49444444444444452 0.49000000000000005 -0.1769565217391304
decision_type=2 2 2 2 8 10 2 8 8 2 2 2 8 2
left_child=1 12 5 4 -4 7 -7 -2 -9 -8 -5 -12 -1 -14
right_child=2 -3 3 10 -6 6 9 8 -10 -11 11 -13 13 -15
leaf_value=8.9478080621344791e-06 0.00012983869766071375 -0.00016410841136976922 0.00033149470528017616 -3.9082770528946626e-05 -0.00041561553703716283 0.0002658988838560163 -2.5556492275560238e-05 0.00026764808278657268 -0.00021469176778504722 -0.00026735498577767902 5.9627282123080448e-05 0.00057101943945606862 -0.00095726459943369841 -7.1928685114084517e-05
leaf_weight=1015280 4336 10199 5286 102974 657 4282 58995 1636 29867 6799 25543 1180 507 28757
leaf_count=1015280 4336 10199 5286 102974 657 4282 58995 1636 29867 6799 25543 1180 507 28757
internal_value=-2.38464e-06 4.51621e-06 -3.26408e-05 -2.11513e-06 0.000243688 -7.14492e-05 -3.1207e-05 -0.000149288 -0.000188668 -5.10104e-05 -1.3615e-05 8.33927e-05 6.19185e-06 -8.83888e-05
internal_weight=1.2963e+06 1.05474e+06 241555 135640 5943 105915 70076 35839 31503 65794 129697 26723 1.04454e+06 29264
internal_count=1296298 1054743 241555 135640 5943 105915 70076 35839 31503 65794 129697 26723 1044544 29264
is_linear=0
shrinkage=0.01


Tree=488
num_leaves=15
num_cat=0
split_feature=4 28 17 18 21 4 17 20 1 16 26 5 2 26
split_gain=2.30173 4.79936 2.8786 2.41712 3.75434 6.48179 3.25237 3.24041 3.06244 3.02228 3.57544 2.93973 2.90809 2.7512
threshold=0.2525510204081633 -0.41945945945945939 0.26043478260869574 -0.1031914893617021 0.41207729468599036 -0.40212765957446805 0.34613526570048314 -0.45789007092198575 1.0000000180025095e-35 0.23956521739130435 0.87902439024390255 0.43405797101449284 -0.32111111111111107 0.71583850931677029
decision_type=2 8 2 2 2 2 2 2 10 2 2 10 8 2
left_child=3 2 -2 7 8 6 -6 9 -5 10 -1 -10 -9 -7
right_child=1 -3 -4 4 5 13 -8 12 11 -11 -12 -13 -14 -15
leaf_value=0.00040241011480897967 0.00020676895263244298 -4.4186694928992267e-05 -0.00019796390374274839 3.818220594953778e-05 -0.00069877115861794489 1.0545060465297603e-05 0.00013350748131097404 -6.0885066823901465e-05 -2.5091002414692933e-06 0.0010579996156044663 -0.00031144983650982061 -0.00016392887320485684 5.914476031852365e-05 -0.00019323862199759986
leaf_weight=2627 12037 183382 1981 211095 2498 19025 506 24487 704524 510 908 11475 109997 9962
leaf_count=2627 12037 183382 1981 211095 2498 19025 506 24487 704524 510 908 11475 109997 9962
internal_value=9.82235e-07 -3.04273e-05 0.000147403 6.65847e-06 9.86604e-07 -0.000105477 -0.00054861 4.57094e-05 4.69302e-06 0.000325435 0.00021046 -5.13868e-06 3.70657e-05 -5.84675e-05
internal_weight=1.29501e+06 197400 14018 1.09761e+06 959085 31991 3004 138529 927094 4045 3535 715999 134484 28987
internal_count=1295014 197400 14018 1097614 959085 31991 3004 138529 927094 4045 3535 715999 134484 28987
is_linear=0
shrinkage=0.01


Tree=489
num_leaves=15
num_cat=0
split_feature=28 15 25 28 14 18 25 28 24 19 11 25 27 15
split_gain=2.80296 3.67647 10.1751 4.8674 4.36898 4.36799 3.29849 3.27774 3.1647 5.44706 3.0145 3.13133 3.01259 3.00563
threshold=0.17006802721088435 -0.21869565217391301 0.50000000000000011 0.23956521739130435 0.26631205673758873 0.45959183673469389 0.82500000000000018 0.30217391304347835 -0.44689849624060146 -0.066699604743082994 -0.45959183673469384 1.0000000180025095e-35 0.35565476190476192 0.45603864734299526
decision_type=10 2 2 10 2 2 2 10 10 2 2 2 2 2
left_child=13 2 5 6 -5 -2 -4 8 9 -3 -9 -12 -10 -1
right_child=1 7 3 4 -6 -7 -8 10 12 -11 11 -13 -14 -15
leaf_value=8.1500341197879004e-06 0.00024910275239483514 0.00051918932940567221 8.260671147522814e-05 -0.00046436556847397357 -4.0495539877877719e-05 -0.00070060748540067886 -0.00031529909542309678 -0.00022158658286794468 -3.8175478924368499e-05 -7.5898401526093784e-05 0.00025920513763544268 8.7454950052656964e-06 -0.00016000688649840615 0.00015389576156432051
leaf_weight=837082 7237 2611 5909 9904 3436 502 3165 5544 121000 3567 5103 252840 24730 14421
leaf_count=837082 7237 2611 5909 9904 3436 502 3165 5544 121000 3567 5103 252840 24730 14421
internal_value=0 -2.03019e-05 -0.000127024 -0.000235546 -0.000357471 0.000183376 -5.29356e-05 -1.2482e-05 -4.95066e-05 0.000170879 8.75023e-06 1.38197e-05 -5.90587e-05 1.06541e-05
internal_weight=1.29705e+06 445548 30153 22414 13340 7739 9074 415395 151908 6178 263487 257943 145730 851503
internal_count=1297051 445548 30153 22414 13340 7739 9074 415395 151908 6178 263487 257943 145730 851503
is_linear=0
shrinkage=0.01


Tree=490
num_leaves=15
num_cat=0
split_feature=23 11 14 19 14 4 6 3 15 14 11 4 15 18
split_gain=2.10979 2.03602 2.53792 3.54268 3.13451 2.70955 2.6013 4.73854 2.4538 7.92369 4.33043 2.29367 2.23019 3.50216
threshold=0.14583333333333334 -0.35321969696969691 0.11851063829787235 -0.39472517730496448 -0.45959183673469384 0.15430839002267574 0.47979591836734697 0.40212765957446817 -0.43938775510204076 0.17888888888888896 0.39689625850340143 0.18042553191489366 -0.29795918367346935 -0.14222222222222219
decision_type=10 2 2 2 2 2 10 10 2 2 2 2 2 2
left_child=1 2 3 5 -5 -1 7 -4 9 10 -3 -11 -10 -14
right_child=-2 8 6 4 -6 -7 -8 -9 12 11 -12 -13 13 -15
leaf_value=-7.8556889547019769e-05 0.00021253170465612378 0.00025234530230982942 4.5279432139436246e-05 -0.00071336913914029439 -0.00010207628747040893 0.0002703293850922049 0.00044902807961433007 -0.00043017338419680453 -5.8377695187886038e-05 -5.5758779040616307e-06 -0.0005714662582812374 -0.00042169868439524645 5.5760455784481034e-05 -1.7963215103854912e-06
leaf_weight=4096 4665 15877 26886 868 53101 4629 1403 2268 59859 2849 641 2743 118132 998688
leaf_count=4096 4665 15877 26886 868 53101 4629 1403 2268 59859 2849 641 2743 118132 998688
internal_value=3.05544e-07 -4.37986e-07 -4.54663e-05 -8.2011e-05 -0.000112503 0.000103135 2.85317e-05 7.22279e-06 3.03974e-06 0.000107418 0.000218463 -0.000215172 1.05269e-06 4.26504e-06
internal_weight=1.2967e+06 1.29204e+06 93251 62694 53969 8725 30557 29154 1.19879e+06 22110 16518 5592 1.17668e+06 1.11682e+06
internal_count=1296705 1292040 93251 62694 53969 8725 30557 29154 1198789 22110 16518 5592 1176679 1116820
is_linear=0
shrinkage=0.01


end of trees

feature_importances:
btc_vol_24h=779
vol_12h_cs_rank=758
funding_rate_binance=551
btc_ret_12h=509
ret_12h=452
breadth_pct_positive=441
oi_change_24h=342
top_long_pct=316
taker_cvd_24h=302
global_ls_ratio=278
oi_zscore_7d=275
ls_divergence=267
top_ls_ratio=229
top_ls_zscore=178
regime_composite=174
top_ls_change_24h=170
oi_change_1h=151
oi_change_4h=136
oi_change_12h=93
oi_change_12h_cs=86
taker_cvd_12h=85
global_long_pct=85
oi_ret_interaction_12h=73
oi_ret_interaction=66
top_ls_change_12h=45
taker_buy_sell_ratio=17
taker_flow_zscore=14
taker_imbalance=1
taker_imbalance_cs=1

parameters:
[boosting: gbdt]
[objective: regression]
[metric: l2]
[tree_learner: serial]
[device_type: cpu]
[data_sample_strategy: bagging]
[data: ]
[valid: ]
[num_iterations: 3000]
[learning_rate: 0.01]
[num_leaves: 15]
[num_threads: 14]
[seed: 2024]
[deterministic: 0]
[force_col_wise: 0]
[force_row_wise: 0]
[histogram_pool_size: -1]
[max_depth: 5]
[min_data_in_leaf: 500]
[min_sum_hessian_in_leaf: 0.001]
[bagging_fraction: 0.7]
[pos_bagging_fraction: 1]
[neg_bagging_fraction: 1]
[bagging_freq: 1]
[bagging_seed: 4542]
[bagging_by_query: 0]
[feature_fraction: 0.7]
[feature_fraction_bynode: 1]
[feature_fraction_seed: 13336]
[extra_trees: 0]
[extra_seed: 29642]
[early_stopping_round: 0]
[early_stopping_min_delta: 0]
[first_metric_only: 0]
[max_delta_step: 0]
[lambda_l1: 3]
[lambda_l2: 3]
[linear_lambda: 0]
[min_gain_to_split: 0.02]
[drop_rate: 0.1]
[max_drop: 50]
[skip_drop: 0.5]
[xgboost_dart_mode: 0]
[uniform_drop: 0]
[drop_seed: 2449]
[top_rate: 0.2]
[other_rate: 0.1]
[min_data_per_group: 100]
[max_cat_threshold: 32]
[cat_l2: 10]
[cat_smooth: 10]
[max_cat_to_onehot: 4]
[top_k: 20]
[monotone_constraints: ]
[monotone_constraints_method: basic]
[monotone_penalty: 0]
[feature_contri: ]
[forcedsplits_filename: ]
[refit_decay_rate: 0.9]
[cegb_tradeoff: 1]
[cegb_penalty_split: 0]
[cegb_penalty_feature_lazy: ]
[cegb_penalty_feature_coupled: ]
[path_smooth: 0]
[interaction_constraints: ]
[verbosity: -1]
[saved_feature_importance_type: 0]
[use_quantized_grad: 0]
[num_grad_quant_bins: 4]
[quant_train_renew_leaf: 0]
[stochastic_rounding: 1]
[linear_tree: 0]
[max_bin: 255]
[max_bin_by_feature: ]
[min_data_in_bin: 3]
[bin_construct_sample_cnt: 200000]
[data_random_seed: 6648]
[is_enable_sparse: 1]
[enable_bundle: 1]
[use_missing: 1]
[zero_as_missing: 0]
[feature_pre_filter: 1]
[pre_partition: 0]
[two_round: 0]
[header: 0]
[label_column: ]
[weight_column: ]
[group_column: ]
[ignore_column: ]
[categorical_feature: ]
[forcedbins_filename: ]
[precise_float_parser: 0]
[parser_config_file: ]
[objective_seed: 12337]
[num_class: 1]
[is_unbalance: 0]
[scale_pos_weight: 1]
[sigmoid: 1]
[boost_from_average: 1]
[reg_sqrt: 0]
[alpha: 0.9]
[fair_c: 1]
[poisson_max_delta_step: 0.7]
[tweedie_variance_power: 1.5]
[lambdarank_truncation_level: 30]
[lambdarank_norm: 1]
[label_gain: ]
[lambdarank_position_bias_regularization: 0]
[eval_at: ]
[multi_error_top_k: 1]
[auc_mu_weights: ]
[num_machines: 1]
[local_listen_port: 12400]
[time_out: 120]
[machine_list_filename: ]
[machines: ]
[gpu_platform_id: -1]
[gpu_device_id: -1]
[gpu_use_dp: 0]
[num_gpu: 1]

end of parameters

pandas_categorical:[]
