tree
version=v4
num_class=1
num_tree_per_iteration=1
label_index=0
max_feature_idx=28
objective=regression
feature_names=oi_change_1h oi_change_4h oi_change_12h oi_change_24h oi_zscore_7d oi_ret_interaction oi_ret_interaction_12h oi_change_12h_cs taker_buy_sell_ratio taker_imbalance taker_cvd_12h taker_cvd_24h taker_flow_zscore taker_imbalance_cs top_ls_ratio top_long_pct top_ls_change_12h top_ls_change_24h top_ls_zscore global_ls_ratio global_long_pct ls_divergence funding_rate_binance btc_ret_12h btc_vol_24h regime_composite breadth_pct_positive ret_12h vol_12h_cs_rank
feature_infos=[-0.47999999999999998:0.5] [-0.47999999999999998:0.5] [-0.47999999999999998:0.5] [-0.47999999999999998:0.5] [-0.47999999999999998:0.5] [-0.47999999999999998:0.5] [-0.47999999999999998:0.5] [-0.47999999999999998:0.5] [-0.47999999999999998:0.5] [-0.47999999999999998:0.5] [-0.47999999999999998:0.5] [-0.47999999999999998:0.5] [-0.47999999999999998:0.5] [-0.47999999999999998:0.5] [-0.47999999999999998:0.5] [-0.47999999999999998:0.5] [-0.47999999999999998:0.5] [-0.47999999999999998:0.5] [-0.47999999999999998:0.5] [-0.47999999999999998:0.5] [-0.47999999999999998:0.5] [-0.47999999999999998:0.5] [-0.47999999999999998:0.5] [-0.45454545454545453:0.5] [-0.47916666666666669:0.5] [0:1] [0:1] [-0.47999999999999998:0.5] [-0.47999999999999998:0.5]
tree_sizes=1561 1671 1665 1665 1667 1678 1677 1670 1659 1670 1661 1674 1664 1657 1671 1665 1662 1657 1651 1672 1665 1672 1659 1661 1665 1680 1666 1671 1679 1668 1663 1656 1666 1661 1665 1658 1668 1654 1653 1668 1671 1662 1671 1634 1669 1655 1665 1648 1665 1668 1647 1665 1676 1649 1672 1671 1674 1641 1672 1651 1680 1648 1679 1649 1674 1671 1660 1669 1679 1671 1670 1669 1636 1664 1670 1666 1667 1661 1682 1667 1664 1669 1650 1653 1669 1669 1687 1659 1662 1657 1653 1665 1652 1664 1671 1677 1673 1653 1673 1672 1656 1668 1665 1672 1648 1678 1644 1682 1677 1671 1654 1662 1671 1666 1684 1681 1669 1661 1660 1662 1684 1656 1687 1647 1629 1655 1663 1678 1678 1655 1671 1668 1678 1672 1652 1682 1674 1678 1655 1674 1670 1671 1672 1679 1678 1671 1649 1682 1672 1657 1661 1681 1675 1667 1659 1683 1679 1674 1669 1668 1665 1681 1676 1682 1679 1670 1636 1680 1671 1656 1657 1676 1655 1674 1660 1677 1678 1661 1673 1675 1685 1671 1671 1664 1669 1663 1676 1677 1679 1671 1672 1674 1646 1673 1649 1670 1654 1655 1671 1666 1654 1675 1676 1679 1690 1662 1667 1674 1653 1674 1663 1664 1656 1668 1669 1669 1662 1657 1654 1665 1657 1664 1679 1683 1678 1652 1672 1640 1673 1638 1660 1670 1669 1675 1682 1674 1685 1670 1683 1661 1678 1648 1671 1649 1677 1635 1653 1651 1671 1648 1663 1663 1657 1672 1651 1663 1675 1665 1674 1659 1665 1645 1676 1675 1667 1641 1683 1669 1670 1664 1658 1679 1659 1667 1678 1655 1615 1626 1654 1657 1661 1647 1655 1647 1672 1668 1666 1659 1672 1651 1673 1674 1657 1678 1651 1648 1675 1679 1670 1669 1666 1674 1666 1664 1653 1655 1668 1668 1669 1669 1653 1670 1648 1676 1638 1655 1655 1676 1670 1655 1667 1676 1671 1665 1650 1658 1661 1655 1647 1654 1661 1655 1657 1644 1675 1650 1662 1665 1643 1668 1627 1674 1639 1666 1651 1671 1676 1649 1657 1666 1676 1629 1655 1656 1667 1634 1635 1673 1647 1660 1639 1664 1667 1627 1668 1671 1654 1655 1660 1664 1662 1654 1675 1671 1658 1666 1659 1660 1624 1664 1630 1658 1667 1665 1660 1655 1660 1614 1658 1665 1651 1655 1657 1652 1645 1673 1633 1677 1654 1658 1656 1661 1669 1638 1655 1633 1656 1671 1663 1670 1658 1659 1655 1656 1623 1668 1640 1663 1661 1669 1655 1632 1649 1645 1662 1663 1669 1652 1636 1625 1644 1643 1659 1667 1653 1664 1627 1673 1650 1654 1659 1643 1655 1630 1642 1643 1661 1667 1636 1665 1661 1650 1648 1633 1663 1615 1613 1635 1641 1659 1669 1637 1654 1651 1629 1607 1667 1636

Tree=0
num_leaves=15
num_cat=0
split_feature=24 27 11 3 14 27 4 19 21 26 24 24 21 14
split_gain=159.127 145.344 56.1698 43.8246 45.7819 72.1946 26.3753 20.6509 65.2451 19.4958 16.5969 13.2209 11.2921 11.9982
threshold=0.2950000000000001 0.2525510204081633 0.021286231884057986 0.30104166666666676 0.050510204081632655 0.49000000000000005 0.33684560780834083 0.023268398268398275 0.081666666666666679 0.15954545454545457 -0.17928571428571424 0.48500000000000004 -0.097872340425531903 0.37888888888888894
decision_type=8 2 2 8 2 2 2 2 2 2 10 10 2 2
left_child=1 2 6 4 -3 -6 10 -4 -9 11 -1 -2 -11 -14
right_child=9 3 7 -5 5 -7 -8 8 -10 12 -12 -13 13 -15
leaf_value=0.51576692204460528 0.51592006262864754 0.5156461661815811 0.5159133150517432 0.51543024331605058 0.51581542744373565 0.51683363775785596 0.51557982164085248 0.51602428841713399 0.51677428679763382 0.51582739870001082 0.51589833389512674 0.51654071196497509 0.51630652282554657 0.51580791077181809
leaf_weight=135553 31865 186112 144243 68711 40545 8395 36220 191367 12368 5637 329516 3865 98514 4966
leaf_count=135553 31865 186112 144243 68711 40545 8395 36220 191367 12368 5637 329516 3865 98514 4966
internal_value=0.51588 0.51584 0.515907 0.515653 0.515718 0.51599 0.51584 0.516005 0.51607 0.516192 0.51586 0.515988 0.516259 0.516282
internal_weight=1.29788e+06 1.15303e+06 849267 303763 235052 48940 501289 347978 203735 144847 465069 35730 109117 103480
internal_count=1297877 1153030 849267 303763 235052 48940 501289 347978 203735 144847 465069 35730 109117 103480
is_linear=0
shrinkage=1


Tree=1
num_leaves=15
num_cat=0
split_feature=23 24 27 23 0 10 1 23 11 14 24 21 24 11
split_gain=260.233 160.452 160.009 36.3985 36.2995 33.9968 26.8627 21.0592 14.5422 14.0835 10.325 10.2322 6.96855 6.62595
threshold=0.077380952380952397 0.31101190476190482 0.20900537634408609 0.048809523809523865 0.24222222222222226 0.013701201201201165 0.39009661835748793 0.048809523809523865 -0.31909090909090904 0.37888888888888894 -1.0000000180025095e-35 0.028594771241830078 -0.063966175668303302 1.0000000180025095e-35
decision_type=10 10 2 8 10 2 8 10 2 2 10 2 8 2
left_child=1 2 5 6 10 8 -4 -7 -1 11 -2 13 -5 -3
right_child=4 9 3 12 -6 7 -8 -9 -10 -11 -12 -13 -14 -15
leaf_value=-0.00016147860511301311 0.00012157181629199322 -2.8583320339501853e-05 -0.00021306940056238356 5.9656688335192873e-05 0.0023124560315810612 7.7097355260804929e-05 -0.00046047226821707525 0.00038464814048717942 -7.6500327341742084e-06 -0.00013621327742129361 0.001109161970518379 0.00043734573678319691 0.00054784539598318205 0.00028584891409228836
leaf_weight=73959 1227 7217 281836 5974 2656 331296 52330 23937 366419 6699 13170 53887 6029 70376
leaf_count=73959 1227 7217 281836 5974 2656 331296 52330 23937 366419 6699 13170 53887 6029 70376
internal_value=2.35366e-06 -1.39743e-05 -5.29467e-05 -0.000232422 0.00122944 2.51056e-05 -0.000251906 9.79089e-05 -3.35537e-05 0.000307834 0.00102712 0.000330689 0.000307444 0.000256217
internal_weight=1.29701e+06 1.27996e+06 1.14178e+06 346169 17053 795611 334166 355233 440378 138179 14397 131480 12003 77593
internal_count=1297012 1279959 1141780 346169 17053 795611 334166 355233 440378 138179 14397 131480 12003 77593
is_linear=0
shrinkage=0.01


Tree=2
num_leaves=15
num_cat=0
split_feature=23 24 27 0 11 3 4 23 23 15 28 24 28 22
split_gain=258.555 154.819 155.555 34.9879 34.656 32.6879 25.4438 23.7145 19.5177 13.7505 13.4639 10.5642 10.1066 9.24677
threshold=0.077380952380952397 0.2950000000000001 0.20900537634408609 0.24222222222222226 0.021286231884057986 0.30104166666666676 0.35486111111111113 0.054093567251462034 0.04653679653679655 0.072948328267477228 0.2558265582655827 -0.1645833333333333 0.14644607843137261 0.30461293743372225
decision_type=10 10 2 10 2 8 2 8 8 2 10 8 10 2
left_child=1 2 4 11 6 7 -1 -4 -6 10 13 -2 -7 -3
right_child=3 9 5 -5 8 12 -8 -9 -10 -11 -12 -13 -14 -15
leaf_value=-1.2771467784489128e-05 9.0105681001965044e-05 0.00036631752729466936 -0.00019980569341957952 0.0022792168112111414 8.08012458045627e-05 -0.00030708052755921782 -0.00031290257290812691 0.00028526059304460704 0.00038273543627583722 -8.6410590467367134e-05 -0.00033074823675499496 0.0011022923348780447 -0.00054481222798641966 8.2866829163524207e-05
leaf_weight=443905 1189 115867 261740 2675 296270 39050 30187 10430 23153 8663 3037 13292 34564 13092
leaf_count=443905 1189 115867 261740 2675 296270 39050 30187 10430 23153 8663 3037 13292 34564 13092
internal_value=1.39984e-07 -1.61837e-05 -5.48499e-05 0.00121954 2.22502e-05 -0.000231867 -3.19469e-05 -0.000181104 0.000102784 0.000296783 0.000322161 0.00102129 -0.000419128 0.000337777
internal_weight=1.29711e+06 1.27996e+06 1.1393e+06 17156 793515 345784 474092 272170 319423 140659 131996 14481 73614 128959
internal_count=1297114 1279958 1139299 17156 793515 345784 474092 272170 319423 140659 131996 14481 73614 128959
is_linear=0
shrinkage=0.01


Tree=3
num_leaves=15
num_cat=0
split_feature=24 27 3 14 27 10 15 21 4 26 24 24 15 28
split_gain=150.757 138.021 47.8188 48.2982 65.55 47.0787 23.0964 32.4519 20.6663 18.6888 14.0795 13.5054 10.9996 13.9535
threshold=0.31101190476190482 0.17416582406471184 0.30104166666666676 0.042109929078014148 0.49000000000000005 0.021286231884057986 0.010527482269503509 0.047727272727272736 0.37627551020408168 0.16496598639455784 0.48500000000000004 -0.17928571428571424 0.13450834879406312 0.28416149068322988
decision_type=10 2 8 2 2 2 2 2 2 2 10 10 2 10
left_child=1 5 3 -3 -5 8 -7 -8 11 10 -2 -1 13 -11
right_child=9 2 -4 4 -6 6 7 -9 -10 12 -12 -13 -14 -15
leaf_value=-9.5219345470630819e-05 4.2223851087401725e-05 -0.00020010188681126174 -0.00041284330350883908 -2.2006119833071223e-05 0.00088489958322388127 1.2672142115014703e-05 0.00013253857694842545 0.0004430779607639261 -0.0003073698050311375 0.00041770140861046684 0.0006793872855391012 2.7928077882951327e-05 -6.0870275802698135e-05 -0.00040967563673074817
leaf_weight=126035 32296 245751 77578 57816 9231 103303 166026 42397 24413 97480 3903 303117 5334 2043
leaf_count=126035 32296 245751 77578 57816 9231 103303 166026 42397 24413 97480 3903 303117 5334 2043
internal_value=2.52774e-07 -3.73943e-05 -0.00019042 -0.000135156 0.000102443 4.06255e-05 0.000135248 0.000195857 -2.43413e-05 0.000308901 0.000111803 -8.16884e-06 0.000376652 0.000400404
internal_weight=1.29672e+06 1.15567e+06 390376 312798 67047 765291 311726 208423 453565 141056 36199 429152 104857 99523
internal_count=1296723 1155667 390376 312798 67047 765291 311726 208423 453565 141056 36199 429152 104857 99523
is_linear=0
shrinkage=0.01


Tree=4
num_leaves=15
num_cat=0
split_feature=24 27 10 3 14 27 15 21 3 7 14 21 28 15
split_gain=148.338 134.186 45.5522 44.4015 47.9111 63.897 23.0469 32.8517 18.1927 14.9215 13.0914 12.4984 9.37297 10.6244
threshold=0.31101190476190482 0.18042553191489366 0.016954022988505794 0.30104166666666676 0.042109929078014148 0.49000000000000005 0.047727272727272736 0.047727272727272736 0.33684560780834083 -0.39897959183673465 0.37888888888888894 0.028594771241830078 -0.059411764705882351 0.093790707772470686
decision_type=10 2 2 8 2 2 2 2 10 2 2 2 10 2
left_child=1 2 8 4 -3 -6 -4 -8 9 -1 11 12 13 -2
right_child=10 3 6 -5 5 -7 7 -9 -10 -11 -12 -13 -14 -15
leaf_value=-0.00021253664750938957 0.00031426074331479282 -0.00020178981270553307 6.369495436757961e-05 -0.00040677542765519734 -2.2462848897913023e-05 0.00088026153600840836 0.00012362325083746552 0.00047939540436564446 -0.00026018792060046142 7.4606552420428392e-06 -0.00012040537504624517 0.00044041703786896124 -0.00012428854487326935 -0.00011359134552873638
leaf_weight=33539 65244 241006 209730 76479 55296 9123 81350 38358 31384 379404 6769 56861 6248 6260
leaf_count=33539 65244 241006 209730 76479 55296 9123 81350 38358 31384 379404 6769 56861 6248 6260
internal_value=-2.82957e-07 -3.77111e-05 3.79589e-05 -0.000191102 -0.000136995 0.00010495 0.000127082 0.000237883 -2.8053e-05 -1.03362e-05 0.000305441 0.000327079 0.000243794 0.000276381
internal_weight=1.29705e+06 1.15567e+06 773765 381904 305425 64419 329438 119708 444327 412943 141382 134613 77752 71504
internal_count=1297051 1155669 773765 381904 305425 64419 329438 119708 444327 412943 141382 134613 77752 71504
is_linear=0
shrinkage=0.01


Tree=5
num_leaves=15
num_cat=0
split_feature=24 27 3 14 27 10 4 19 21 24 14 21 27 24
split_gain=146.751 126.623 47.5846 43.8617 64.0175 42.0441 25.2694 18.0941 29.5024 16.4348 12.1991 13.4419 9.58779 8.11368
threshold=0.31101190476190482 0.17416582406471184 0.30104166666666676 0.042109929078014148 0.49000000000000005 0.016954022988505794 0.35486111111111113 -0.10208333333333332 0.047727272727272736 -0.17928571428571424 0.37888888888888894 0.028594771241830078 0.31322674418604657 -0.074628844114528095
decision_type=10 2 8 2 2 2 2 2 2 10 2 2 2 8
left_child=1 5 3 12 -5 6 9 -7 -9 -1 11 -2 -3 -4
right_child=10 2 13 4 -6 7 -8 8 -10 -11 -12 -13 -14 -15
leaf_value=-0.00010494465748092024 0.00023836665488770022 -0.0001199044436460754 -0.00053215672158662768 -2.5175581143440704e-05 0.00087368806235412855 -3.0823475459793681e-05 -0.00031386598682659394 0.00010740615562720072 0.0003759431518254635 3.3914754723966897e-05 -0.00010815378727660261 0.00044227953382451509 -0.00024649913090993259 -0.0003204922764644753
leaf_weight=120356 77586 108113 31219 57733 9171 61545 28632 213380 50818 291819 6730 56828 137610 46404
leaf_count=120356 77586 108113 31219 57733 9171 61545 28632 213380 50818 291819 6730 56828 137610 46404
internal_value=-4.34566e-07 -3.75999e-05 -0.000184243 -0.000129077 9.76232e-05 3.70174e-05 -2.65909e-05 0.000123186 0.000159176 -6.56018e-06 0.00030395 0.000324809 -0.000190924 -0.000406025
internal_weight=1.29794e+06 1.1568e+06 390250 312627 66904 766550 440807 325743 264198 412175 141144 134414 245723 77623
internal_count=1297944 1156800 390250 312627 66904 766550 440807 325743 264198 412175 141144 134414 245723 77623
is_linear=0
shrinkage=0.01


Tree=6
num_leaves=15
num_cat=0
split_feature=23 24 3 20 0 23 28 24 15 28 24 3 24 22
split_gain=239.505 144.374 88.0328 43.3406 37.3461 26.4162 15.8661 15.7698 13.7475 13.453 12.6284 9.35341 9.23542 8.73546
threshold=0.066964285714285712 0.2950000000000001 0.30104166666666676 0.022233201581027654 0.24222222222222226 0.048809523809523865 0.14365079365079372 -0.063966175668303302 0.057777777777777824 0.2558265582655827 -0.18118686868686867 0.47979591836734697 -1.0000000180025095e-35 0.2525510204081633
decision_type=10 10 10 2 10 8 10 10 2 10 10 10 10 2
left_child=1 2 3 10 12 -5 7 -4 9 13 -1 -8 -2 -3
right_child=4 8 6 5 -6 -7 11 -9 -10 -11 -12 -13 -14 -15
leaf_value=-0.00015550638915363949 0.000240336966077007 0.00035935847076421071 -0.0003429681556596736 3.0145803377183111e-05 0.0022321273249791603 0.00032398003725401256 -0.00034377729924891371 -5.8362824482783398e-05 -8.5603496818383498e-05 -0.00034127705062992649 -4.977447798128628e-05 -0.00065559384414498037 0.0010290342601272549 0.00011573405263093978
leaf_weight=160225 1778 111202 36510 412568 2672 33086 52267 42363 9238 3042 387985 12170 13975 17407
leaf_count=160225 1778 111202 36510 412568 2672 33086 52267 42363 9238 3042 387985 12170 13975 17407
internal_value=-8.37752e-07 -1.71814e-05 -5.46143e-05 -2.11708e-05 0.00113104 5.20298e-05 -0.000286333 -0.000190494 0.000284737 0.000310953 -8.07321e-05 -0.000403162 0.000941983 0.000326621
internal_weight=1.29649e+06 1.27806e+06 1.13717e+06 993864 18425 445654 143310 78873 140889 131651 548210 64437 15753 128609
internal_count=1296488 1278063 1137174 993864 18425 445654 143310 78873 140889 131651 548210 64437 15753 128609
is_linear=0
shrinkage=0.01


Tree=7
num_leaves=15
num_cat=0
split_feature=23 24 27 0 10 23 26 1 23 19 28 15 24 24
split_gain=239.84 139.744 139.292 32.8448 32.7605 31.5641 23.6032 23.0448 19.256 15.4595 15.4333 16.4944 9.06306 8.69787
threshold=0.077380952380952397 0.31101190476190482 0.22046511627906976 0.24222222222222226 0.014495798319327681 0.048809523809523865 0.096006144393241177 0.41207729468599036 0.04653679653679655 -0.057777777777777782 0.28416149068322988 0.078888888888888856 -1.0000000180025095e-35 -0.063966175668303302
decision_type=10 10 2 10 2 8 2 8 10 2 10 2 10 8
left_child=1 2 4 12 9 7 -3 -4 -6 -1 11 -8 -2 -7
right_child=3 6 5 -5 8 13 10 -9 -10 -11 -12 -13 -14 -15
leaf_value=-0.00014745035259410689 0.00012920158655122595 1.60791889685445e-06 -0.00020942407506684566 0.0022024057888353284 7.0533965326410628e-05 3.142728480852722e-06 0.00039417036612843275 -0.00045433666637747166 0.00036290362308159628 -6.7205773758518469e-06 -0.00047794726346394537 -0.00010020642159241035 0.0010599320651810227 0.00055349759283029778
leaf_weight=99907 1218 24403 273503 2678 328330 5803 104040 45030 24257 359298 2197 7114 13195 5905
leaf_count=99907 1218 24403 273503 2678 328330 5803 104040 45030 24257 359298 2197 7114 13195 5905
internal_value=-1.37046e-07 -1.58769e-05 -5.21913e-05 0.00117652 1.82142e-05 -0.00022535 0.00028496 -0.000244145 9.07362e-05 -3.74046e-05 0.000345696 0.000362258 0.000983403 0.00028335
internal_weight=1.29688e+06 1.27979e+06 1.14203e+06 17091 811792 330241 137754 318533 352587 459205 113351 111154 14413 11708
internal_count=1296878 1279787 1142033 17091 811792 330241 137754 318533 352587 459205 113351 111154 14413 11708
is_linear=0
shrinkage=0.01


Tree=8
num_leaves=15
num_cat=0
split_feature=23 27 24 24 0 19 23 23 0 15 4 24 28 23
split_gain=234.232 139.005 80.8129 63.5752 35.5136 34.435 22.9557 22.2916 15.281 14.823 13.7857 11.3517 8.20038 7.57664
threshold=0.077380952380952397 0.28024390243902447 0.31101190476190482 0.31101190476190482 0.24222222222222226 0.014495798319327681 0.04006410256410254 0.04653679653679655 0.38148936170212772 0.093790707772470686 0.35486111111111113 -1.0000000180025095e-35 0.23861283643892342 0.011237373737373714
decision_type=10 2 10 8 10 2 10 10 8 2 2 10 10 8
left_child=1 2 5 6 11 10 8 -7 -3 -4 -1 -2 13 -5
right_child=4 3 9 12 -6 7 -8 -9 -10 -11 -12 -13 -14 -15
leaf_value=-3.8301842578719691e-05 8.6193400108342901e-06 -0.0002434159780361061 0.00033267788818467216 8.4252458906009553e-05 0.0022178235405850601 5.2908881448174815e-05 0.00020601802476059665 0.00034712477130880738 -0.00045996781057282233 -0.000143099550551791 -0.0002575661409984908 0.0010458614596538629 -0.0006250730430739567 0.00040275394713495027
leaf_weight=404526 1211 213240 99192 14938 2726 416103 10165 27504 38962 6918 30937 13116 1095 15535
leaf_count=404526 1211 213240 99192 14938 2726 416103 10165 27504 38962 6918 30937 13116 1095 15535
internal_value=-6.86806e-07 -1.62329e-05 4.06832e-05 -0.000207099 0.00116344 9.18099e-06 -0.000258164 7.12204e-05 -0.000276995 0.000301373 -5.39498e-05 0.000960301 0.000216353 0.000247631
internal_weight=1.29617e+06 1.27912e+06 985180 293935 17053 879070 262367 443607 252202 106110 435463 14327 31568 30473
internal_count=1296168 1279115 985180 293935 17053 879070 262367 443607 252202 106110 435463 14327 31568 30473
is_linear=0
shrinkage=0.01


Tree=9
num_leaves=15
num_cat=0
split_feature=24 27 11 3 14 27 7 20 21 26 24 24 14 21
split_gain=135.613 119.398 44.8874 36.9289 41.1143 56.8548 18.1531 16.679 30.4685 15.9168 14.3742 12.5315 10.6845 11.1165
threshold=0.31101190476190482 0.17416582406471184 0.022233201581027654 0.30104166666666676 0.04083333333333334 0.49000000000000005 -0.37877551020408157 -0.061249999999999992 0.047727272727272736 0.16064516129032261 -0.2214052287581699 0.48500000000000004 0.37888888888888894 -0.1211111111111111
decision_type=10 2 2 8 2 2 2 2 2 2 10 10 2 2
left_child=1 2 6 4 -3 -6 -1 -4 -9 11 -8 -2 13 -11
right_child=9 3 7 -5 5 -7 10 8 -10 12 -12 -13 -14 -15
leaf_value=-0.00021947510117322402 4.1659713347815925e-05 -0.00019177511770851493 -7.7430423812224297e-06 -0.00037521462488005353 -2.9611777817846472e-05 0.00080575543543587151 -0.0001085371545652201 0.00011454685319462018 0.00040812284721487082 -9.1162786540815476e-05 2.7341253726700428e-05 0.00065770416480945314 -9.7161806974073298e-05 0.00039851464264183687
leaf_weight=44642 31846 244570 69691 77586 58908 9442 104291 196823 43263 4767 306744 3702 4926 95881
leaf_count=44642 31846 244570 69691 77586 58908 9442 104291 196823 43263 4767 306744 3702 4926 95881
internal_value=-1.66219e-06 -3.74121e-05 3.51458e-05 -0.000179713 -0.000131141 8.53789e-05 -2.79393e-05 0.000128039 0.000167578 0.000290955 -7.06243e-06 0.000106709 0.000352704 0.000375022
internal_weight=1.29708e+06 1.15596e+06 765454 390506 312920 68350 455677 309777 240086 141122 411035 35548 105574 100648
internal_count=1297082 1155960 765454 390506 312920 68350 455677 309777 240086 141122 411035 35548 105574 100648
is_linear=0
shrinkage=0.01


Tree=10
num_leaves=15
num_cat=0
split_feature=23 27 24 24 11 2 23 4 2 23 15 26 26 24
split_gain=230.332 141.314 76.05 69.6801 33.1462 32.2156 25.7686 24.3598 21.432 19.9272 15.9495 13.1363 11.7527 10.1786
threshold=0.077380952380952397 0.21583850931677021 0.2950000000000001 0.31101190476190482 0.021286231884057986 0.24222222222222226 0.054093567251462034 0.24222222222222226 0.36811594202898557 0.04653679653679655 0.093790707772470686 0.084219858156028379 0.36055555555555557 -1.0000000180025095e-35
decision_type=10 2 8 10 2 10 10 2 8 8 2 2 2 10
left_child=1 3 6 4 7 13 8 -1 -3 -6 12 -4 -5 -2
right_child=5 2 11 10 9 -7 -8 -9 -10 -11 -12 -13 -14 -15
leaf_value=-6.0348929084880144e-06 6.9814268202776929e-05 -0.00020423441786610589 -8.8114723771742101e-05 0.00018834902934521621 7.6040071412170946e-05 0.0021643247164849755 0.00026978651534617664 -0.00022575778305118719 -0.00040592829903734502 0.00037404466622507378 -0.00017287984695551402 0.00031163181992633422 0.00042838044947074552 0.0010395256221305089
leaf_weight=421642 1252 259959 10803 32809 299832 2679 9945 57365 66649 24329 6408 33016 56510 13245
leaf_count=421642 1252 259959 10803 32809 299832 2679 9945 57365 66649 24329 6408 33016 56510 13245
internal_value=-2.05022e-06 -1.75193e-05 -0.000179107 5.08241e-05 2.03878e-05 0.00114814 -0.000230171 -3.24124e-05 -0.000245488 9.85018e-05 0.000305869 0.000212396 0.000340556 0.000957879
internal_weight=1.29644e+06 1.27927e+06 380372 898895 803168 17176 336553 479007 326608 324161 95727 43819 89319 14497
internal_count=1296443 1279267 380372 898895 803168 17176 336553 479007 326608 324161 95727 43819 89319 14497
is_linear=0
shrinkage=0.01


Tree=11
num_leaves=15
num_cat=0
split_feature=24 27 11 15 27 9 15 4 26 4 24 24 22 18
split_gain=129.967 117.798 42.1253 36.8398 32.6907 65.7726 23.2366 21.8994 17.778 16.0107 14.7123 11.2586 13.5451 10.567
threshold=0.31101190476190482 0.18042553191489366 0.022233201581027654 0.020416666666666698 0.49000000000000005 0.081666666666666679 0.010527482269503509 0.39678030303030309 0.16496598639455784 0.23124999999999998 -0.17928571428571424 0.48500000000000004 -0.13976744186046511 0.047727272727272736
decision_type=10 2 2 2 2 2 2 2 2 2 10 10 2 2
left_child=1 2 7 9 -5 -6 -4 10 11 -3 -1 12 -2 -8
right_child=8 3 6 4 5 -7 13 -9 -10 -11 -12 -13 -14 -15
leaf_value=-9.7399845764294327e-05 0.00032773391714615994 -0.00019757052360793408 6.6336116704966261e-06 -9.9421091206046007e-05 -1.0134433944008802e-05 0.0013945062883578799 0.00013556976445242393 -0.00034713455361205244 0.0003548549358011379 -0.00037739489230877285 2.9287845386008084e-05 0.00060651403408580812 -0.00010793000304951789 0.00028543381346562172
leaf_weight=129957 10611 187282 105804 110288 12020 4588 133681 19911 104793 68158 310754 3868 21676 73819
leaf_count=129957 10611 187282 105804 110288 12020 4588 133681 19911 104793 68158 310754 3868 21676 73819
internal_value=2.07413e-06 -3.285e-05 3.80618e-05 -0.000176468 -3.69185e-05 0.000376277 0.000127532 -2.27289e-05 0.000288781 -0.000245674 -8.0022e-06 9.64259e-05 3.43374e-05 0.000189032
internal_weight=1.29721e+06 1.15626e+06 773926 382336 126896 16608 313304 460622 140948 255440 440711 36155 32287 207500
internal_count=1297210 1156262 773926 382336 126896 16608 313304 460622 140948 255440 440711 36155 32287 207500
is_linear=0
shrinkage=0.01


Tree=12
num_leaves=15
num_cat=0
split_feature=23 3 23 28 0 28 19 28 3 18 28 17 28 23
split_gain=221.154 85.3454 55.7593 39.7882 30.6007 25.281 18.7093 17.5206 10.1232 8.86744 8.05806 7.10621 5.94605 8.96815
threshold=0.077380952380952397 0.30104166666666676 0.03229166666666667 -0.11834733893557424 0.24222222222222226 0.14365079365079372 0.011766334440753036 -0.21269841269841269 0.47979591836734697 0.042109929078014148 -0.30901722391084091 -0.38467117988394578 0.32732919254658394 0.14583333333333334
decision_type=10 10 8 10 10 10 2 8 10 2 10 2 10 10
left_child=1 2 3 9 12 10 -5 -4 -7 -1 -3 -10 -2 -14
right_child=4 5 7 6 -6 8 -8 -9 11 -11 -12 -13 13 -15
leaf_value=0.00010119170027951026 0.0010750863720311323 2.4348773602172896e-05 0.00065091410640520956 -0.00013012447651571831 0.0021311328740687202 -0.00032278180086146006 -1.2715316011607228e-05 0.0002275341346224844 -0.0010602445757171735 -1.9312592470982045e-05 -0.0001839964254330529 -0.00049617356359115436 0.00036867730503343968 0.0017008867176475041
leaf_weight=332237 10516 25625 12854 190864 2648 52230 472209 42763 3191 74325 65136 9020 3229 625
leaf_count=332237 10516 25625 12854 190864 2648 52230 472209 42763 3191 74325 65136 9020 3229 625
internal_value=1.98601e-06 -1.30433e-05 1.72523e-05 1.17205e-06 0.00113437 -0.000232883 -4.65569e-05 0.000325953 -0.00038457 7.90881e-05 -0.000124844 -0.000646258 0.000948205 0.000593654
internal_weight=1.29747e+06 1.28045e+06 1.12525e+06 1.06964e+06 17018 155202 663073 55617 64441 406562 90761 12211 14370 3854
internal_count=1297472 1280454 1125252 1069635 17018 155202 663073 55617 64441 406562 90761 12211 14370 3854
is_linear=0
shrinkage=0.01


Tree=13
num_leaves=15
num_cat=0
split_feature=23 24 27 23 23 4 0 1 26 19 24 23 24 26
split_gain=219.523 130.374 134.654 34.2986 33.2405 28.1762 28.1162 24.8016 19.3559 12.4074 9.80729 7.12059 6.76909 5.04485
threshold=0.091666666666666688 0.31101190476190482 0.20900537634408609 0.048809523809523865 0.04653679653679655 0.2525510204081633 0.24222222222222226 0.37627551020408168 0.084219858156028379 0.057777777777777824 -0.063966175668303302 0.054093567251462034 0.10263157894736842 0.52041666666666686
decision_type=10 10 2 8 10 2 10 8 2 2 8 10 8 2
left_child=1 2 4 7 5 -1 -2 -4 11 13 -5 -3 -6 -10
right_child=6 8 3 10 12 -7 -8 -9 9 -11 -12 -13 -14 -15
leaf_value=3.49038309842224e-05 0.0010125823901042845 -3.4414699712086123e-05 -0.00019293722504256928 3.8407096326970333e-06 0.00024938266412232623 -0.00014520133844611341 0.0021645858557424813 -0.00042311277286168964 0.00027836369596119444 -1.0597337727818432e-05 0.00056397371003991201 0.00080645205911210164 0.00059194352269482204 0.0004201752344071802
leaf_weight=670328 11706 21131 278359 6158 15940 99762 2672 56658 46097 9746 6582 1054 9529 60563
leaf_count=670328 11706 21131 278359 6158 15940 99762 2672 56658 46097 9746 6582 1054 9529 60563
internal_value=5.05865e-07 -1.32543e-05 -4.83885e-05 -0.00021254 2.33287e-05 1.15325e-05 0.00122916 -0.000231957 0.000276366 0.000327961 0.000295647 4.28608e-06 0.000378781 0.000359177
internal_weight=1.29628e+06 1.28191e+06 1.14332e+06 347757 795559 770090 14378 335017 138591 116406 12740 22185 25469 106660
internal_count=1296285 1281907 1143316 347757 795559 770090 14378 335017 138591 116406 12740 22185 25469 106660
is_linear=0
shrinkage=0.01


Tree=14
num_leaves=15
num_cat=0
split_feature=24 27 11 2 11 27 24 26 19 21 19 24 26 14
split_gain=126.479 112.445 39.8317 35.1847 36.9676 53.7589 18.0576 16.954 16.6764 28.2741 15.9282 11.8667 10.4556 9.45595
threshold=0.31101190476190482 0.18042553191489366 0.021286231884057986 0.36811594202898557 0.030931122448979612 0.49000000000000005 -0.17928571428571424 0.16496598639455784 -0.061249999999999992 0.047727272727272736 0.011495771670190282 0.48500000000000004 0.16496598639455784 0.37888888888888894
decision_type=10 2 2 8 2 2 10 2 2 2 2 10 2 2
left_child=1 2 6 4 -3 -6 12 11 -4 -10 -8 -2 -1 -9
right_child=7 3 8 -5 5 -7 10 13 9 -11 -12 -13 -14 -15
leaf_value=1.948302777983036e-05 3.2675896096408266e-05 -0.00019755449434809047 -1.152482112876638e-05 -0.00037801504271703617 -4.2878513823104546e-05 0.00073880373863393321 -8.969921558017575e-05 0.00036958206191230615 0.00011185978458450907 0.00039328225442347053 6.3908021511093835e-05 0.00062016542422953095 -0.00017484930462126702 -7.0889364536436768e-05
leaf_weight=38302 32350 222161 71131 68836 81273 9858 96383 100252 201519 43566 224794 3865 97443 5003
leaf_count=38302 32350 222161 71131 68836 81273 9858 96383 100252 201519 43566 224794 3865 97443 5003
internal_value=1.79531e-06 -3.27417e-05 3.65856e-05 -0.000173085 -0.00012796 4.13715e-05 -2.30705e-05 0.000284037 0.000122881 0.000162012 1.77177e-05 9.62495e-05 -0.000119796 0.000348359
internal_weight=1.29674e+06 1.15527e+06 773138 382128 313292 91131 456922 141470 316216 245085 321177 36215 135745 105255
internal_count=1296736 1155266 773138 382128 313292 91131 456922 141470 316216 245085 321177 36215 135745 105255
is_linear=0
shrinkage=0.01


Tree=15
num_leaves=15
num_cat=0
split_feature=27 3 4 14 27 15 19 21 4 28 28 28 28 28
split_gain=107.301 39.0051 37.2441 36.9195 50.7638 42.8858 34.4394 43.2723 33.1307 20.6531 19.8957 18.3184 13.913 13.5135
threshold=0.2525510204081633 0.25777777777777783 0.2525510204081633 0.028594771241830078 0.49000000000000005 0.16333333333333336 0.021286231884057986 0.047727272727272736 0.12361111111111113 -0.24734042553191488 -0.019259259259259278 -0.28024390243902436 0.084349593495934974 0.10208333333333332
decision_type=2 8 2 2 2 2 2 2 2 8 10 8 10 10
left_child=2 3 6 10 -5 -6 9 12 -9 -1 -2 -4 -8 -3
right_child=1 13 11 4 5 -7 7 8 -10 -11 -12 -13 -14 -15
leaf_value=0.00012151667750465209 -4.5405690415450102e-05 -0.00021746345909432496 0.00013045537480208924 -1.7013136711515458e-05 0.00042698073507556496 0.0020043987807976628 0.00016700719025136926 0.00028538245744619251 0.00091941334874358544 -2.8038789821710782e-05 -0.00024882172840333199 -0.00017780460550541235 3.9477791921087695e-05 -0.00046884067885822022
leaf_weight=130868 87672 46150 24205 48575 9642 2122 175435 38999 10550 313115 107610 92950 168438 40988
leaf_count=130868 87672 46150 24205 48575 9642 2122 175435 38999 10550 313115 107610 92950 168438 40988
internal_value=-1.43745e-06 -0.000153229 5.30361e-05 -9.07829e-05 0.000125139 0.000714505 7.64212e-05 0.000144557 0.000421034 1.5977e-05 -0.000157654 -0.000113858 0.000104628 -0.000336063
internal_weight=1.29732e+06 342759 954560 255621 60339 11764 837405 393422 49549 443983 195282 117155 343873 87138
internal_count=1297319 342759 954560 255621 60339 11764 837405 393422 49549 443983 195282 117155 343873 87138
is_linear=0
shrinkage=0.01


Tree=16
num_leaves=15
num_cat=0
split_feature=23 27 28 23 0 28 23 0 4 11 23 1 23 28
split_gain=211.031 112.741 37.7056 33.8248 31.1665 29.9113 26.4873 24.3183 18.8278 15.4199 12.2807 6.93882 6.69875 5.43943
threshold=0.077380952380952397 0.23499399759903969 -0.23746867167919797 0.023268398268398275 0.24222222222222226 0.13211600429645545 0.025657894736842105 0.37766439909297056 0.25777777777777783 -0.33836734693877546 0.030330882352941183 0.3802173913043479 0.04653679653679655 -0.20106382978723403
decision_type=10 2 10 10 10 8 8 8 2 2 8 8 10 10
left_child=1 3 6 5 -2 9 11 10 -7 -1 -4 -3 -5 -14
right_child=4 2 7 12 -6 8 -8 -9 -10 -11 -12 -13 13 -15
leaf_value=-0.00011928369844925692 0.00091369597680031984 1.0469744090976952e-05 -0.00020194241114958444 0.00017120327094497894 0.0020993093620491634 -2.0603257551383031e-05 0.00067516709647571008 -0.00045455081457003563 -0.00024350453490902036 8.6927616213777761e-05 8.8351423835222393e-05 -0.00025387062493600497 0.00062970797174883696 0.00028304976915859967
leaf_weight=39085 14575 68053 218975 62890 2681 264958 5744 38511 44302 483056 15461 11591 6031 21446
leaf_count=39085 14575 68053 218975 62890 2681 264958 5744 38511 44302 483056 15461 11591 6031 21446
internal_value=1.55843e-06 -1.32275e-05 -0.000163761 4.526e-05 0.00109997 2.52477e-05 1.93151e-05 -0.000221144 -5.26333e-05 7.14336e-05 -0.000182669 -2.76325e-05 0.000229039 0.000360291
internal_weight=1.29736e+06 1.2801e+06 358335 921768 17256 831401 85388 272947 309260 522141 234436 79644 90367 27477
internal_count=1297359 1280103 358335 921768 17256 831401 85388 272947 309260 522141 234436 79644 90367 27477
is_linear=0
shrinkage=0.01


Tree=17
num_leaves=15
num_cat=0
split_feature=23 27 23 28 28 0 4 23 4 23 28 27 7 1
split_gain=204.516 119.414 37.1956 32.5861 31.6692 28.377 27.6744 22.9529 19.0888 10.3297 9.41441 7.23311 6.40701 5.75777
threshold=0.077380952380952397 0.27859477124183013 0.037087912087912074 -0.23956521739130432 -0.23746867167919797 0.24222222222222226 0.24222222222222226 0.025657894736842105 0.23124999999999998 0.04006410256410254 -0.20106382978723403 0.39897959183673476 -0.41918367346938773 0.39678030303030309
decision_type=10 2 10 8 10 10 2 8 2 8 10 2 2 8
left_child=1 2 3 12 7 -2 -5 13 9 -6 -4 -10 -1 -3
right_child=5 4 10 6 8 -7 -8 -9 11 -11 -12 -13 -14 -15
leaf_value=-0.00011666356447364456 0.00090594201363939676 -6.2967143518665167e-06 0.00061685094557999544 1.7001098568474884e-05 -0.00020883378504313468 0.0020338553646565669 -0.00016835908342039321 0.00071760963033522284 -0.00024955595283939787 0.00012399635358423749 0.00025134035537855825 -0.00047920869935695918 0.00013886955247651217 -0.00026529630278044421
leaf_weight=10123 14379 55422 9401 607859 160619 2713 92829 4172 22273 9782 30734 38967 227924 10212
leaf_count=10123 14379 55422 9401 607859 160619 2713 92829 4172 22273 9782 30734 38967 227924 10212
internal_value=4.84562e-07 -1.4e-05 3.95683e-05 2.6787e-05 -0.000188047 0.00108706 -7.51371e-06 -9.02132e-07 -0.000244314 -0.00018955 0.000337743 -0.00039619 0.000127876 -4.70618e-05
internal_weight=1.29741e+06 1.28032e+06 978870 938735 301447 17092 700688 69806 231641 170401 40135 61240 238047 65634
internal_count=1297409 1280317 978870 938735 301447 17092 700688 69806 231641 170401 40135 61240 238047 65634
is_linear=0
shrinkage=0.01


Tree=18
num_leaves=15
num_cat=0
split_feature=23 24 27 23 4 23 0 4 28 14 24 25 24 28
split_gain=210.552 118.64 115.73 32.458 27.9297 26.1942 25.8249 18.0276 12.8515 12.3561 9.851 8.46621 7.356 4.25845
threshold=0.091666666666666688 0.31101190476190482 0.28024390243902447 0.04653679653679655 0.24222222222222226 0.048809523809523865 0.24222222222222226 0.23124999999999998 0.28416149068322988 0.37888888888888894 -0.063966175668303302 0.27500000000000008 0.10263157894736842 0.49000000000000005
decision_type=10 10 2 10 2 8 10 2 10 2 8 2 8 10
left_child=1 2 3 4 -1 7 -2 -4 9 11 -7 -3 -5 -8
right_child=6 8 5 12 -6 10 13 -9 -10 -11 -12 -13 -14 -15
leaf_value=1.905388518023022e-05 0.00099507370336307781 0.00010184447165479135 -0.0001977545128318349 0.00020966310755133472 -0.00014901081298835604 -4.4655811624846072e-05 0.0025500060023444654 -0.00038651756862293548 -0.00043673761191473961 -0.00013798422336888696 0.00059565065724055579 0.00033153181440704038 0.00054212127675893913 0.001626610300073667
leaf_weight=736807 11788 19255 183658 18152 114195 4551 1328 70644 2545 6760 4902 110102 10973 1316
leaf_count=736807 11788 19255 183658 18152 114195 4551 1328 70644 2545 6760 4902 110102 10973 1316
internal_value=-2.44856e-07 -1.37851e-05 -4.72938e-05 7.73649e-06 -3.46372e-06 -0.000231037 0.00120073 -0.000250314 0.000262421 0.000275723 0.000284296 0.000297578 0.000335991 0.0021041
internal_weight=1.29698e+06 1.28254e+06 1.14388e+06 880127 851002 263755 14432 254302 138662 136117 9453 129357 29125 2644
internal_count=1296976 1282544 1143882 880127 851002 263755 14432 254302 138662 136117 9453 129357 29125 2644
is_linear=0
shrinkage=0.01


Tree=19
num_leaves=15
num_cat=0
split_feature=23 27 23 28 28 4 0 23 4 28 28 23 0 18
split_gain=202.599 115.81 36.2575 35.0814 28.5088 27.9031 25.1531 24.27 20.3647 11.6631 11.4702 11.1536 10.303 8.29486
threshold=0.091666666666666688 0.23499399759903969 0.025657894736842105 -0.019259259259259278 -0.23956521739130432 0.24222222222222226 0.24222222222222226 0.025657894736842105 0.21509740259740265 -0.050510204081632641 -0.31725417439703146 0.04006410256410254 0.36085106382978727 0.011766334440753036
decision_type=10 2 10 10 8 2 10 8 2 10 10 8 8 2
left_child=1 2 4 7 13 -6 -2 12 11 -4 -9 -5 -3 -1
right_child=6 3 9 8 5 -7 -8 10 -10 -11 -12 -13 -14 -15
leaf_value=0.00019525896148115695 0.00097513347730047832 -5.1707300843321654e-05 0.00045506707620823116 -0.00021361544686148435 2.5009666265376363e-05 -0.00016724964318282401 0.0020623011790379202 0.00083606921059957158 -0.00041885399008258835 0.00016632536831674333 0.00016155098707923288 0.00012905951855569879 -0.00028986425269496427 7.1507475775956452e-05
leaf_weight=105160 11765 125596 24902 136822 558979 87269 2690 3851 53330 33041 7739 10093 21359 113904
leaf_count=105160 11765 125596 24902 136822 558979 87269 2690 3851 53330 33041 7739 10093 21359 113904
internal_value=2.74924e-06 -1.05025e-05 4.87214e-05 -0.000162983 3.24656e-05 -9.07167e-07 0.00117991 -5.16155e-05 -0.000251007 0.000290952 0.000388419 -0.000189867 -8.65313e-05 0.000131052
internal_weight=1.2965e+06 1.28204e+06 923255 358790 865312 646248 14455 158545 200245 57943 11590 146915 146955 219064
internal_count=1296500 1282045 923255 358790 865312 646248 14455 158545 200245 57943 11590 146915 146955 219064
is_linear=0
shrinkage=0.01


Tree=20
num_leaves=15
num_cat=0
split_feature=24 27 11 3 11 27 7 26 3 19 17 22 6 26
split_gain=110.534 101.33 38.7476 36.4605 36.5666 51.9996 17.6709 16.0811 14.0169 13.8974 19.5544 10.9138 11.4234 9.5707
threshold=0.31101190476190482 0.18819444444444447 0.022233201581027654 0.30104166666666676 0.044466403162055308 0.49000000000000005 -0.33156028368794321 0.21583850931677021 0.32111111111111112 1.0000000180025095e-35 0.047727272727272736 0.20106382978723406 0.027046783625730989 0.36899313501144165
decision_type=8 2 2 8 2 2 2 2 10 2 2 2 10 2
left_child=1 2 6 4 -3 -6 13 11 -8 -4 -11 12 -2 -1
right_child=7 3 9 -5 5 -7 8 -9 -10 10 -12 -13 -14 -15
leaf_value=-4.9409185497285197e-05 6.0930556541617744e-05 -0.00018606130880365128 9.7091844470869642e-06 -0.00036468725975131246 -2.7763715141020158e-05 0.00077206875215631303 1.3353676574423824e-05 0.00033245787429800349 -0.00021656578029682498 9.4923347531023476e-05 0.00029502738870760506 -0.00023937721710056919 0.00046308563279746402 -0.00030039343470851325
leaf_weight=28622 25408 218831 89089 75982 71157 9166 372290 98764 28542 157820 71213 7714 9905 33192
leaf_count=28622 25408 218831 89089 75982 71157 9166 372290 98764 28542 157820 71213 7714 9905 33192
internal_value=-1.44736e-06 -3.37946e-05 3.10725e-05 -0.000168881 -0.000119045 6.31605e-05 -2.72913e-05 0.000262036 -2.94483e-06 0.000116045 0.000157276 9.96813e-05 0.000174611 -0.000184672
internal_weight=1.2977e+06 1.1559e+06 780768 375136 299154 80323 462646 141791 400832 318122 229033 43027 35313 61814
internal_count=1297695 1155904 780768 375136 299154 80323 462646 141791 400832 318122 229033 43027 35313 61814
is_linear=0
shrinkage=0.01


Tree=21
num_leaves=15
num_cat=0
split_feature=23 24 3 23 20 0 28 24 24 15 28 14 3 28
split_gain=188.873 110.742 72.3594 44.3348 23.5402 21.4838 15.2549 16.9396 14.0197 11.8536 11.3911 10.6451 9.137 3.61731
threshold=0.091666666666666688 0.31101190476190482 0.32256944444444446 0.048809523809523865 0.020416666666666698 0.24222222222222226 0.14644607843137261 -0.063966175668303302 0.12750000000000003 0.078888888888888856 0.2558265582655827 0.39009661835748793 0.43938775510204087 0.49000000000000005
decision_type=10 10 10 8 2 10 10 10 8 2 10 2 10 10
left_child=1 2 3 4 -1 -2 7 -4 -5 10 11 -3 -8 -7
right_child=5 9 6 8 -6 13 12 -9 -10 -11 -12 -13 -14 -15
leaf_value=-7.4423400534913195e-05 0.00094610124925007086 0.00031079898729934665 -0.00033472131891070243 0.00016001994726478532 2.4390263745501325e-05 0.0023823219858603597 -0.00027493067279525814 -2.4747787470434572e-05 0.00055311210203007951 -9.2453129977361248e-05 -0.0003333110648623447 -0.00015941726159385267 -0.00053068258439499896 0.0015273495121156157
leaf_weight=543052 11802 121786 33262 23437 432964 1295 32158 37994 15133 9131 2932 4925 25853 1383
leaf_count=543052 11802 121786 33262 23437 432964 1295 32158 37994 15133 9131 2932 4925 25853 1383
internal_value=-5.78076e-07 -1.34238e-05 -4.58111e-05 -1.73894e-05 -3.05586e-05 0.00113498 -0.000268649 -0.000169871 0.000315059 0.00025331 0.000277895 0.000292283 -0.000389447 0.00195418
internal_weight=1.29711e+06 1.28263e+06 1.14385e+06 1.01459e+06 976016 14480 129267 71256 38570 138774 129643 126711 58011 2678
internal_count=1297107 1282627 1143853 1014586 976016 14480 129267 71256 38570 138774 129643 126711 58011 2678
is_linear=0
shrinkage=0.01


Tree=22
num_leaves=15
num_cat=0
split_feature=23 24 27 20 2 0 23 4 26 7 15 24 14 6
split_gain=189.701 111.9 116.796 30.543 26.7836 21.9201 20.9282 19.052 19.0402 15.5637 12.5098 8.4044 8.2995 6.43341
threshold=0.091666666666666688 0.2950000000000001 0.18042553191489366 0.013701201201201165 0.34021276595744687 0.24222222222222226 0.054093567251462034 0.20106382978723406 0.096006144393241177 -0.33156028368794321 0.081666666666666679 -0.074628844114528095 0.39009661835748793 0.025657894736842105
decision_type=10 10 2 2 8 10 8 2 2 2 2 8 2 10
left_child=1 2 3 9 6 -2 -4 -5 13 -1 12 -6 -10 -3
right_child=5 8 4 7 11 -7 -8 -9 10 -11 -12 -13 -14 -15
leaf_value=-0.00019168543059649754 0.00094513514366579773 -9.392366341701234e-05 -0.00016518726507600494 0.00011443263093202566 -0.00048565759321550706 0.0019607018662252647 0.00027309802350754519 -7.7154009888476431e-05 0.00034851402957795702 -1.344600171493435e-05 -0.00010004128490081927 -0.00027005332612068289 -0.00010689898726927758 0.00027249757014093833
leaf_weight=58236 11793 18540 287564 334900 31317 2694 11271 61229 105256 311606 7050 45495 4055 6458
leaf_count=58236 11793 18540 287564 334900 31317 2694 11271 61229 105256 311606 7050 45495 4055 6458
internal_value=-1.3368e-06 -1.42101e-05 -4.70954e-05 2.37033e-05 -0.000191538 0.00113643 -0.000148554 8.47433e-05 0.000251155 -4.15944e-05 0.000304947 -0.000358363 0.000331343 0
internal_weight=1.29746e+06 1.28298e+06 1.14162e+06 765971 375647 14487 298835 396129 141359 369842 116361 76812 109311 24998
internal_count=1297464 1282977 1141618 765971 375647 14487 298835 396129 141359 369842 116361 76812 109311 24998
is_linear=0
shrinkage=0.01


Tree=23
num_leaves=15
num_cat=0
split_feature=23 27 24 24 15 11 4 1 23 23 15 26 26 24
split_gain=176.806 109.823 62.4944 54.5396 28.9165 28.7696 22.1979 21.3853 17.4545 16.0765 15.2271 11.008 10.136 9.85897
threshold=0.077380952380952397 0.20900537634408609 0.2950000000000001 0.31101190476190482 0.2473404255319149 0.022233201581027654 0.35486111111111113 0.41207729468599036 0.054093567251462034 0.04653679653679655 0.093790707772470686 0.51250781738586626 0.063164893617021281 -1.0000000180025095e-35
decision_type=8 2 8 10 2 2 2 8 10 10 2 2 2 10
left_child=1 3 7 5 13 6 -1 8 -3 -7 11 -5 -4 -2
right_child=4 2 12 10 -6 9 -8 -9 -10 -11 -12 -13 -14 -15
leaf_value=-1.4564223091056989e-05 6.6414399938084283e-05 -0.00018673741686648388 -9.7516381916112321e-05 0.00018581887723107413 0.0019562235944791655 6.9857335530266662e-05 -0.00029466979781995177 -0.00040541496423050289 0.00023291249217319431 0.00033850697846236205 -0.00019735634817602717 0.0004122378771175312 0.00026908000562839233 0.00090755573566735483
leaf_weight=446616 1645 289743 9419 41278 2682 293911 30231 45624 10197 24187 6378 46353 35754 13225
leaf_count=446616 1645 289743 9419 41278 2682 293911 30231 45624 10197 24187 6378 46353 35754 13225
internal_value=-4.01685e-06 -1.77135e-05 -0.00015746 4.36781e-05 0.000992712 1.67015e-05 -3.23869e-05 -0.000203227 -0.000172368 9.03818e-05 0.000271467 0.000305937 0.000191976 0.000816553
internal_weight=1.29724e+06 1.27969e+06 390737 888954 17552 794945 476847 345564 299940 318098 94009 87631 45173 14870
internal_count=1297243 1279691 390737 888954 17552 794945 476847 345564 299940 318098 94009 87631 45173 14870
is_linear=0
shrinkage=0.01


Tree=24
num_leaves=15
num_cat=0
split_feature=23 24 3 23 19 0 24 28 24 28 14 25 28 6
split_gain=186.906 104.804 66.0766 41.5684 25.2915 18.909 14.6386 14.6331 13.03 11.2901 11.8481 8.29168 7.30081 7.10297
threshold=0.091666666666666688 0.31101190476190482 0.30104166666666676 0.048809523809523865 0.020416666666666698 0.16333333333333336 0.12750000000000003 0.14365079365079372 -0.074628844114528095 0.28416149068322988 0.37888888888888894 0.27500000000000008 -1.0000000180025095e-35 0.43938775510204087
decision_type=10 10 8 8 2 10 8 10 8 10 2 2 10 8
left_child=1 2 3 4 -1 -2 -5 8 -4 10 11 -3 -7 -9
right_child=5 9 7 6 -6 12 -8 13 -10 -11 -12 -13 -14 -15
leaf_value=-7.1114570479260413e-05 0.0008811383134577816 9.017739526294923e-05 -0.00028761020808286967 0.00015214240040326994 3.2091444834655522e-05 0.00057651315036850168 0.00055468716927005262 -0.0002899049275108844 -2.9571286483436287e-05 -0.00041102296327261059 -0.00014411397835960711 0.00031745170769152025 0.0018357408952165716 -0.00053177793267017166
leaf_weight=536768 9947 19256 36882 23496 425341 608 14982 47542 42305 2499 6715 109869 3934 16975
leaf_count=536768 9947 19256 36882 23496 425341 608 14982 47542 42305 2499 6715 109869 3934 16975
internal_value=2.8211e-06 -9.91521e-06 -4.13677e-05 -1.25378e-05 -2.54568e-05 0.00113213 0.00030969 -0.000241893 -0.00015014 0.000250027 0.000262418 0.000283794 0.00167427 -0.000354031
internal_weight=1.29712e+06 1.28263e+06 1.14429e+06 1.00059e+06 962109 14489 38478 143704 79187 138339 135840 129125 4542 64517
internal_count=1297119 1282630 1144291 1000587 962109 14489 38478 143704 79187 138339 135840 129125 4542 64517
is_linear=0
shrinkage=0.01


Tree=25
num_leaves=15
num_cat=0
split_feature=23 24 2 23 11 0 26 24 19 24 24 22 23 14
split_gain=179.972 106.449 62.4883 43.1292 23.9721 18.7966 18.083 12.334 10.235 10.2198 7.29715 6.4295 7.75954 6.09093
threshold=0.091666666666666688 0.31101190476190482 0.36811594202898557 0.048809523809523865 0.020416666666666698 0.24222222222222226 0.084219858156028379 0.12750000000000003 0.057777777777777824 -0.074628844114528095 0.2834821428571429 -0.13976744186046511 0.054093567251462034 0.39009661835748793
decision_type=10 10 10 10 2 10 2 8 2 8 10 2 10 2
left_child=1 2 3 4 -1 -2 11 -5 13 -4 -11 -3 -13 -8
right_child=5 6 9 7 -6 -7 8 -9 -10 10 -12 12 -14 -15
leaf_value=-7.1670468386942753e-05 0.00093269991644721179 0.00024690468603135037 -0.00040264530951232677 0.00016566786643785306 2.8504353394400417e-05 0.0018743728723144418 0.0003426754641055137 0.00053855070554632205 -8.4340704401538074e-06 -0.00012118669126586599 -0.00036215149096457337 -0.00018720511561365127 0.0007026005168083079 -5.2261864127009917e-05
leaf_weight=616072 11716 6645 41239 23354 389652 2704 103007 14656 9694 41257 18495 14339 1038 3922
leaf_count=616072 11716 6645 41239 23354 389652 2704 103007 14656 9694 41257 18495 14339 1038 3922
internal_value=8.59704e-07 -1.16011e-05 -4.33191e-05 -2.03053e-05 -3.28295e-05 0.00111171 0.000250058 0.000310265 0.000299694 -0.00028086 -0.000196289 -1.14446e-05 -0.000125064 0.000327908
internal_weight=1.29779e+06 1.28337e+06 1.14472e+06 1.04373e+06 1.00572e+06 14420 138645 38010 116623 100991 59752 22022 15377 106929
internal_count=1297790 1283370 1144725 1043734 1005724 14420 138645 38010 116623 100991 59752 22022 15377 106929
is_linear=0
shrinkage=0.01


Tree=26
num_leaves=15
num_cat=0
split_feature=23 24 4 23 19 0 26 24 6 19 24 14 23 22
split_gain=173.087 101.558 67.9914 39.2422 21.4548 21.3116 16.4835 12.4879 11.5209 10.8147 7.4017 7.18507 7.10855 8.79694
threshold=0.091666666666666688 0.31101190476190482 0.2525510204081633 0.048809523809523865 0.020416666666666698 0.16333333333333336 0.084219858156028379 0.12750000000000003 0.38318181818181823 0.057777777777777824 0.2834821428571429 0.39009661835748793 0.054093567251462034 -0.13976744186046511
decision_type=10 10 2 8 2 10 2 8 8 2 10 2 10 2
left_child=1 2 3 4 -1 -2 12 -5 -4 11 -10 -8 13 -3
right_child=5 6 8 7 -6 -7 9 -9 10 -11 -12 -13 -14 -15
leaf_value=-6.6887141070373494e-05 0.00082153956347569832 0.0002509455853004261 -0.00017617355906825069 0.00015505846497323631 3.0059364675621848e-05 0.0016632186569446742 0.00033531307792201141 0.00052672091722483769 -0.00030486543218980633 -2.5377043094610099e-05 -0.00066065775042034591 -0.00010160480051078941 0.00079783254125685786 -0.00018642163575641131
leaf_weight=520585 9942 6699 134149 23416 406047 4512 102439 15077 38369 9774 7139 3798 1042 14501
leaf_count=520585 9942 6699 134149 23416 406047 4512 102439 15077 38369 9774 7139 3798 1042 14501
internal_value=-1.40605e-06 -1.36894e-05 -4.46298e-05 -1.13464e-05 -2.43732e-05 0.00108665 0.000242286 0.000301441 -0.000223259 0.000290101 -0.000361379 0.000319408 -5.76701e-06 -4.67869e-05
internal_weight=1.29749e+06 1.28304e+06 1.14478e+06 965125 926632 14454 138253 38493 179657 116011 45508 106237 22242 21200
internal_count=1297489 1283035 1144782 965125 926632 14454 138253 38493 179657 116011 45508 106237 22242 21200
is_linear=0
shrinkage=0.01


Tree=27
num_leaves=15
num_cat=0
split_feature=23 24 3 19 0 23 28 24 14 28 3 15 3 28
split_gain=166.163 101.31 63.3879 32.5492 24.4514 20.6145 17.6459 12.1979 10.6303 10.5489 9.99471 9.79943 8.52152 8.20641
threshold=0.077380952380952397 0.2950000000000001 0.30104166666666676 0.018187830687830701 0.16333333333333336 0.054093567251462034 0.14365079365079372 -0.063164893617021253 0.39897959183673476 0.2558265582655827 -0.40212765957446805 0.093790707772470686 0.45789007092198591 0.32732919254658394
decision_type=10 10 10 2 10 8 10 8 2 10 8 2 10 10
left_child=1 2 3 10 13 -5 7 -4 9 11 -1 -3 -8 -2
right_child=4 8 6 5 -6 -7 12 -9 -10 -11 -12 -13 -14 -15
leaf_value=-0.00022536839775636199 0.00090149174807357501 0.00029031801784608943 -0.0002718075321328309 2.5571166102155884e-05 0.0016177843520993266 0.00029304770032571485 -0.00028160557109154112 -2.1993862877314239e-05 -0.00018466735524497199 -0.00032347179807765142 -5.8827340679374784e-05 -9.3025541628155979e-05 -0.00052783180397142891 0.00030709713563229076
leaf_weight=39095 9321 125301 37415 440515 4480 30869 43148 41520 5608 3016 486557 6919 21660 3328
leaf_count=39095 9321 125301 37415 440515 4480 30869 43148 41520 5608 3016 486557 6919 21660 3328
internal_value=-1.11672e-06 -1.42174e-05 -4.54799e-05 -1.71437e-05 0.000977176 4.31525e-05 -0.000241814 -0.000140791 0.000238779 0.000256564 -7.1272e-05 0.000270029 -0.000364382 0.000747585
internal_weight=1.29875e+06 1.28162e+06 1.14078e+06 997036 17129 471384 143743 78935 140844 135236 525652 132220 64808 12649
internal_count=1298752 1281623 1140779 997036 17129 471384 143743 78935 140844 135236 525652 132220 64808 12649
is_linear=0
shrinkage=0.01


Tree=28
num_leaves=15
num_cat=0
split_feature=24 27 11 14 27 19 4 15 21 24 27 14 21 24
split_gain=96.7454 93.0907 38.9184 26.9427 28.486 56.4296 21.6082 19.0954 27.1197 17.3962 16.5929 9.32639 11.1032 8.67919
threshold=0.31101190476190482 0.27859477124183013 0.022233201581027654 0.011766334440753036 0.49000000000000005 0.081666666666666679 0.39678030303030309 0.047727272727272736 0.081666666666666679 -0.17928571428571424 0.38944444444444448 0.39897959183673476 0.028594771241830078 -0.057189542483660143
decision_type=10 2 2 2 2 2 2 2 2 10 2 2 2 10
left_child=1 2 6 10 -5 -6 9 -4 -9 -1 -3 12 -2 -12
right_child=11 3 7 4 5 -7 -8 8 -10 -11 13 -13 -14 -15
leaf_value=-0.00011268829612761551 0.00018611924327312777 -0.00017353699003265228 4.488633105158786e-05 -0.00016162676154940153 -1.661142349528332e-05 0.0012025619052935131 -0.00033630702650388366 0.0001439285783880377 0.00059115078276533153 1.7347814142862537e-05 -0.00052630111822293368 -0.00014482242827991708 0.00037044521829623673 -0.00029527159983326081
leaf_weight=145327 77970 57719 227689 124018 20572 4640 22695 117731 15397 351343 32021 5700 57673 35012
leaf_count=145327 77970 57719 227689 124018 20572 4640 22695 117731 15397 351343 32021 5700 57673 35012
internal_value=1.02856e-06 -2.91896e-05 2.08864e-05 -0.000190169 -9.91965e-05 0.000206691 -3.44946e-05 0.000100685 0.00019589 -2.06412e-05 -0.000298746 0.000247988 0.000264719 -0.000406098
internal_weight=1.29551e+06 1.15416e+06 880182 273982 149230 25212 519365 360817 133128 496670 124752 141343 135643 67033
internal_count=1295507 1154164 880182 273982 149230 25212 519365 360817 133128 496670 124752 141343 135643 67033
is_linear=0
shrinkage=0.01


Tree=29
num_leaves=15
num_cat=0
split_feature=23 27 28 2 23 0 4 28 23 11 11 28 23 28
split_gain=164.181 98.3855 30.3155 29.9792 26.3449 25.3621 23.5559 20.4808 19.5374 14.7276 10.3915 8.34495 8.25415 7.88846
threshold=0.077380952380952397 0.23499399759903969 0.060487804878048841 0.35486111111111113 0.034523809523809519 0.16333333333333336 0.26341350601295105 -0.23956521739130432 0.025657894736842105 -0.33156028368794321 -0.3118055555555555 0.10208333333333332 0.030330882352941183 -1.0000000180025095e-35
decision_type=10 2 8 8 10 10 2 10 8 2 2 10 8 10
left_child=1 2 4 7 9 -2 10 8 -3 -1 -4 -5 -9 -7
right_child=5 3 6 11 -6 13 -8 12 -10 -11 -12 -13 -14 -15
leaf_value=-0.00011291287319709944 0.00073752729281449192 -5.9481035346316996e-06 -0.00015684990844640903 -0.00022566444511313565 0.00044926237790640769 0.00047679872362070194 -0.00022938380405247664 -0.00017143028918078441 0.00060560758956973546 9.3232617036507817e-05 2.2801611988538297e-05 -0.00043808008597163219 6.7288480709775883e-05 0.0017857738777009753
leaf_weight=37353 12481 61627 35775 38399 19882 598 48850 199682 5696 459468 320796 37376 15427 3944
leaf_count=37353 12481 61627 35775 38399 19882 598 48850 199682 5696 459468 320796 37376 15427 3944
internal_value=-3.83488e-07 -1.33792e-05 4.12309e-05 -0.000154044 9.20316e-05 0.000975114 -2.344e-05 -0.000106499 4.53729e-05 7.76728e-05 4.69176e-06 -0.000330847 -0.00015417 0.00162046
internal_weight=1.29735e+06 1.28033e+06 922124 358207 516703 17023 405421 282432 67323 496821 356571 75775 215109 4542
internal_count=1297354 1280331 922124 358207 516703 17023 405421 282432 67323 496821 356571 75775 215109 4542
is_linear=0
shrinkage=0.01


Tree=30
num_leaves=15
num_cat=0
split_feature=23 24 4 23 19 0 28 15 28 24 6 28 22 22
split_gain=155.029 89.7844 62.1599 38.1453 22.877 20.8533 17.1642 11.4881 11.1407 11.0341 10.2441 9.38805 8.59883 6.89335
threshold=0.091666666666666688 0.31101190476190482 0.25521059487624842 0.048809523809523865 0.016954022988505794 0.24222222222222226 0.10208333333333332 0.078888888888888856 0.030931122448979612 0.15707236842105268 0.3585714285714286 -0.43969696969696964 0.2525510204081633 0.12372448979591839
decision_type=10 10 2 8 2 10 10 2 10 10 8 10 2 2
left_child=1 2 3 4 -1 -2 11 8 12 -5 -8 -4 -3 -10
right_child=5 7 6 9 -6 -7 10 -9 13 -11 -12 -13 -14 -15
leaf_value=-6.5330400936947365e-05 0.00084537153747986447 0.00030800180444687719 0.00019637554066725892 0.00016663138253507082 3.433193689306929e-05 0.0018378524942629373 -0.00023210805405510964 -0.00010980201026093455 4.0014644270461679e-06 0.00051854257037944179 -0.00046290151977425623 -0.00014757237071049537 6.5460668456408404e-05 -0.00083402037423208509
leaf_weight=508814 11770 106567 8714 23813 420397 2677 57142 9130 4061 14614 29802 81863 17320 1263
leaf_count=508814 11770 106567 8714 23813 420397 2677 57142 9130 4061 14614 29802 81863 17320 1263
internal_value=1.66671e-06 -9.90624e-06 -3.89988e-05 -7.40982e-06 -2.02086e-05 0.0010317 -0.000211013 0.000230695 0.000254989 0.000301276 -0.000311576 -0.000114146 0.000274338 -0.000189527
internal_weight=1.29795e+06 1.2835e+06 1.14516e+06 967638 929211 14447 177521 138341 129211 38427 86944 90577 123887 5324
internal_count=1297947 1283500 1145159 967638 929211 14447 177521 138341 129211 38427 86944 90577 123887 5324
is_linear=0
shrinkage=0.01


Tree=31
num_leaves=15
num_cat=0
split_feature=23 27 4 0 23 3 11 23 15 5 2 27 27 4
split_gain=153.027 102.445 28.3717 24.0686 22.5215 21.7733 15.8554 12.3375 12.1374 6.94701 6.68415 6.60258 4.15386 4.10724
threshold=0.066964285714285712 0.27859477124183013 0.24222222222222226 0.16333333333333336 0.037087912087912074 0.30104166666666676 -0.29795918367346935 0.028594771241830078 -0.43938775510204076 0.42590909090909096 -0.3118055555555555 0.39897959183673476 0.49000000000000005 0.43938775510204087
decision_type=10 2 2 10 10 8 2 8 2 8 8 2 2 2
left_child=1 2 4 -2 6 7 -1 9 -7 -3 -4 -10 -5 -12
right_child=3 5 10 12 -6 8 -8 -9 11 -11 13 -13 -14 -15
leaf_value=-9.1082105182706735e-05 0.00069129187653667876 -0.0001322022278967034 -0.000272417397073731 0.0012383725076793154 0.00029131254998862458 7.2753632513103362e-05 5.9554266357023717e-05 0.00014529141617934815 -0.00023278105856487771 -0.00036838496995057188 -4.1050684601716566e-05 -0.00044721593453791384 0.0019176806049737585 -0.0002005805832107701
leaf_weight=77039 14057 200487 20172 2590 39042 6711 737477 15358 23211 13457 83412 41220 1953 20271
leaf_count=77039 14057 200487 20172 2590 39042 6711 737477 15358 23211 13457 83412 41220 1953 20271
internal_value=-4.71064e-07 -1.36027e-05 3.60137e-05 0.000899943 5.65598e-05 -0.000175115 4.52696e-05 -0.00012748 -0.000328216 -0.000147203 -0.000105337 -0.000370447 0.00153807 -7.25345e-05
internal_weight=1.29646e+06 1.27786e+06 977413 18600 853558 300444 814516 229302 71142 213944 123855 64431 4543 103683
internal_count=1296457 1277857 977413 18600 853558 300444 814516 229302 71142 213944 123855 64431 4543 103683
is_linear=0
shrinkage=0.01


Tree=32
num_leaves=15
num_cat=0
split_feature=23 27 23 23 5 2 11 4 27 2 27 2 21 6
split_gain=151.609 97.7213 27.6479 26.9006 21.7982 18.9979 18.4836 11.453 11.1165 9.99301 7.73571 6.33836 4.84565 1.46672
threshold=0.091666666666666688 0.20106382978723406 0.016954022988505794 0.028594771241830078 0.43405797101449284 0.24222222222222226 -0.29795918367346935 0.37627551020408168 0.38047619047619052 0.031582446808510641 -0.050510204081632641 -0.37888888888888883 0.19782608695652174 0.0439613526570048
decision_type=10 2 10 8 8 10 2 2 2 10 2 8 2 10
left_child=1 2 6 4 8 -2 11 -8 -3 10 -4 -1 -6 -5
right_child=5 3 9 13 12 -7 7 -9 -10 -11 -12 -13 -14 -15
leaf_value=-0.00028841314296845549 0.00084233611764055621 -8.9997737006610471e-05 0.00019112106933681224 6.8156134188671082e-05 -0.0005256564797971921 0.0017867525976661466 5.2692347886180308e-05 -0.00012132130655750376 -0.00020760534015675907 0.00031399874784770652 1.8636470770233386e-05 -7.0710799237376401e-05 -0.00028253420157632928 0.00024847368701898671
leaf_weight=16576 11640 204874 67683 7087 16682 2713 607011 40239 133871 37702 42887 73129 17799 15550
leaf_count=16576 11640 204874 67683 7087 16682 2713 607011 40239 133871 37702 42887 73129 17799 15550
internal_value=1.31308e-06 -1.01157e-05 4.82641e-05 -0.000140739 -0.000161085 0.00102328 2.31492e-05 4.18272e-05 -0.000136566 0.000172887 0.000124493 -0.000111281 -0.000401063 0.000193363
internal_weight=1.29544e+06 1.28109e+06 885227 395863 373226 14353 736955 647250 338745 148272 110570 89705 34481 22637
internal_count=1295443 1281090 885227 395863 373226 14353 736955 647250 338745 148272 110570 89705 34481 22637
is_linear=0
shrinkage=0.01


Tree=33
num_leaves=15
num_cat=0
split_feature=27 11 3 15 21 27 28 19 28 15 21 19 4 18
split_gain=92.4051 35.0247 31.8321 23.9353 37.5382 26.4494 22.7695 20.3343 16.1153 14.4072 31.6963 26.1846 12.2142 12.1294
threshold=0.27859477124183013 0.022233201581027654 0.26020833333333337 0.028594771241830078 0.12361111111111113 0.49000000000000005 -0.23956521739130432 -0.057777777777777782 -0.22613636363636361 0.010527482269503509 0.047727272727272736 0.12361111111111113 0.22111111111111112 0.011766334440753036
decision_type=2 2 8 2 2 2 8 2 10 2 2 2 2 2
left_child=1 6 3 8 -5 -6 13 -8 -2 -3 -11 -12 -9 -1
right_child=2 9 -4 4 5 -7 7 12 -10 10 11 -13 -14 -15
leaf_value=0.00019756598175498815 1.7217704706516179e-05 3.1826151333528923e-05 -0.00032311622445210645 3.6102986562438169e-06 -0.0001928341100303696 0.0013035533999378802 -0.00018468117451080323 1.2294779245171885e-05 -0.00020006336752237565 0.00010373654833567843 0.0002597483658835618 0.00079531335600770809 -0.00018108646009035439 1.3870497389433749e-05
leaf_weight=71705 45566 133952 80443 42236 1620 4049 79106 320036 133180 219227 45365 11549 36356 72831
leaf_count=71705 45566 133952 80443 42236 1620 4049 79106 320036 133180 219227 45365 11549 36356 72831
internal_value=-5.0656e-07 4.64739e-05 -0.000152077 -9.12356e-05 0.000106903 0.000870774 -3.4859e-06 -3.96308e-05 -0.000144507 0.00011721 0.000158518 0.000368989 -7.34947e-06 0.000105212
internal_weight=1.29722e+06 990127 307094 226651 47905 5669 580034 435498 178746 410093 276141 56914 356392 144536
internal_count=1297221 990127 307094 226651 47905 5669 580034 435498 178746 410093 276141 56914 356392 144536
is_linear=0
shrinkage=0.01


Tree=34
num_leaves=15
num_cat=0
split_feature=23 27 24 24 19 2 0 4 23 7 24 19 28 25
split_gain=151.223 96.6546 53.5781 41.2447 26.4771 18.7839 18.2243 17.1671 14.2066 13.1255 9.82395 8.41532 5.88531 6.71336
threshold=0.091666666666666688 0.17416582406471184 0.2950000000000001 0.32213438735177874 0.013701201201201165 0.34021276595744687 0.24222222222222226 0.20106382978723406 0.054093567251462034 -0.33156028368794321 -0.063966175668303302 0.072948328267477228 0.23861283643892342 0.27500000000000008
decision_type=10 2 8 10 2 8 10 2 10 2 10 2 10 2
left_child=1 3 5 4 9 8 -2 -6 -3 -1 -7 -5 13 -4
right_child=6 2 12 11 7 10 -8 -9 -10 -11 -12 -13 -14 -15
leaf_value=-0.00017098307314356628 0.00084395837801518199 -0.00014942829171568788 -6.8386745734908848e-05 0.00029157269907918406 0.00011358559393830578 -0.00044782359770457455 0.0017714404711733937 -6.9584263668085063e-05 0.00021578594071143694 -6.4172990354553153e-06 -0.00021650679470386407 -4.2206740480351815e-05 -0.00046797604631388143 0.00024320805077450956
leaf_weight=57608 11738 294707 8127 78138 334915 31528 2694 60178 10982 308190 46034 8190 1363 41455
leaf_count=57608 11738 294707 8127 78138 334915 31528 2694 60178 10982 308190 46034 8190 1363 41455
internal_value=1.66905e-06 -9.77328e-06 -0.000131109 5.23758e-05 2.88292e-05 -0.000171649 0.0010195 8.56101e-05 -0.000136208 -3.24173e-05 -0.000310935 0.000259559 0.000173268 0.000191528
internal_weight=1.29585e+06 1.28142e+06 434196 847219 760891 383251 14432 395093 305689 365798 77562 86328 50945 49582
internal_count=1295847 1281415 434196 847219 760891 383251 14432 395093 305689 365798 77562 86328 50945 49582
is_linear=0
shrinkage=0.01


Tree=35
num_leaves=15
num_cat=0
split_feature=23 27 28 28 1 23 23 4 4 11 11 27 19 22
split_gain=149.797 92.9492 29.9386 29.8462 23.6983 21.7093 21.2817 20.8048 17.18 13.8277 9.62718 8.84922 7.2852 7.11029
threshold=0.066964285714285712 0.23499399759903969 0.063301282051282062 -0.23746867167919797 0.24222222222222226 0.024404761904761933 0.027046783625730989 0.27128623188405804 0.10527482269503548 -0.35857142857142849 0.012347560975609741 0.41010101010101013 -0.47979591836734686 0.056186868686868681
decision_type=10 2 8 10 10 8 10 2 2 2 2 2 2 2
left_child=1 2 6 5 -2 12 9 10 13 -1 -4 -10 -3 -5
right_child=4 3 7 8 -6 -7 -8 -9 11 -11 -12 -13 -14 -15
leaf_value=-0.00013084883770206869 0.00073723239775319864 0.0005788350461739222 -4.7425233347970274e-05 -0.00010029823608043624 0.0017619366082880234 0.00054711877514924316 0.00036837533104506939 -0.00022249672342522324 -0.00021650535010036474 8.747896272262481e-05 5.7256343145184463e-05 -0.0004207836912989921 -5.1168368767888434e-05 -0.00022887799253293689
leaf_weight=30846 15981 1872 194105 117418 2697 6954 25865 47696 43291 461597 160489 43391 76402 69218
leaf_count=30846 15981 1872 194105 117418 2697 6954 25865 47696 43291 461597 160489 43391 76402 69218
internal_value=-1.91577e-06 -1.4922e-05 3.82506e-05 -0.00015153 0.000887059 1.15228e-05 8.85045e-05 -2.64218e-05 -0.000202484 7.37416e-05 0 -0.000319119 -3.56964e-05 -0.000148148
internal_weight=1.29782e+06 1.27914e+06 920598 358546 18678 85228 518308 402290 273318 492443 354594 86682 78274 186636
internal_count=1297822 1279144 920598 358546 18678 85228 518308 402290 273318 492443 354594 86682 78274 186636
is_linear=0
shrinkage=0.01


Tree=36
num_leaves=15
num_cat=0
split_feature=24 27 1 11 10 27 4 24 26 20 17 28 20 22
split_gain=87.5698 87.1241 30.8292 27.6767 25.7152 37.1878 16.9909 15.5863 14.8081 12.047 12.6251 8.84332 10.2476 8.80181
threshold=0.31101190476190482 0.18042553191489366 0.3802173913043479 0.021286231884057986 0.04083333333333334 0.49000000000000005 0.39246068455134137 -0.17928571428571424 0.16496598639455784 -0.10208333333333332 0.047727272727272736 0.011369509043927641 0.057777777777777824 0.20106382978723406
decision_type=10 2 8 2 2 2 2 10 2 2 2 10 2 2
left_child=1 3 4 6 -3 -6 7 -1 13 -5 -11 12 -10 -2
right_child=8 2 -4 9 5 -7 -8 -9 11 10 -12 -13 -14 -15
leaf_value=-9.5657439474183589e-05 0.00013456005755009581 -0.00016986233696237397 -0.00037224387692510671 -1.9888723478923776e-05 -4.3660133879378434e-05 0.00059745609533650476 -0.00029829776709163006 3.5211844547149051e-05 0.00035043554541017418 8.6885977036907616e-05 0.00023847959268041767 -0.00010025365921729988 3.5335699596185881e-06 -0.0002694662966643791
leaf_weight=129086 29454 236592 54363 61673 81446 10170 20452 308333 90057 172834 81302 5229 9598 6564
leaf_count=129086 29454 236592 54363 61673 81446 10170 20452 308333 90057 172834 81302 5229 9598 6564
internal_value=6.83606e-07 -2.79757e-05 -0.000151433 3.30331e-05 -0.000114764 2.71979e-05 -1.6583e-05 -3.34058e-06 0.000236072 0.000105063 0.000135503 0.00029622 0.000317327 6.00802e-05
internal_weight=1.29715e+06 1.15625e+06 382571 773680 328208 91616 457871 437419 140902 315809 254136 104884 99655 36018
internal_count=1297153 1156251 382571 773680 328208 91616 457871 437419 140902 315809 254136 104884 99655 36018
is_linear=0
shrinkage=0.01


Tree=37
num_leaves=15
num_cat=0
split_feature=23 27 24 24 3 23 4 2 23 26 26 28 24 23
split_gain=153.17 87.9543 52.0307 40.3293 23.7882 23.1102 19.4771 17.4261 13.3484 11.776 11.051 9.19274 9.10651 7.95674
threshold=0.091666666666666688 0.17928571428571435 0.2950000000000001 0.31101190476190482 0.30104166666666676 0.04653679653679655 0.37627551020408168 0.24222222222222226 0.054093567251462034 0.063164893617021281 0.43019480519480524 0.28416149068322988 -0.063966175668303302 0.04006410256410254
decision_type=10 2 8 10 8 10 2 10 8 2 2 10 10 10
left_child=1 3 4 5 8 6 -1 -2 -3 -4 13 -11 -6 -5
right_child=7 2 9 10 12 -7 -8 -9 -10 11 -12 -13 -14 -15
leaf_value=2.6409308625695954e-05 0.00085354694292628886 -0.00014053313330742435 -0.00013260346300077307 7.1230818256305494e-05 -0.00045696545605700302 0.0003230771816707827 -0.00019516483825262828 0.0017634086087234958 0.00021239555979489061 0.00027331061379935902 0.0003415885869286702 -0.00068637798155325811 -0.00023372885412790918 0.00064585690895993726
leaf_weight=692836 11730 293386 9988 33740 31296 24976 42060 2679 11054 39700 52747 1004 46267 2616
leaf_count=692836 11730 293386 9988 33740 31296 24976 42060 2679 11054 39700 52747 1004 46267 2616
internal_value=-2.16761e-08 -1.15725e-05 -0.000127628 4.75421e-05 -0.000167614 2.38965e-05 1.36865e-05 0.00102513 -0.000127618 0.000173098 0.000248848 0.000248853 -0.000324204 0.000113453
internal_weight=1.29608e+06 1.28167e+06 432695 848975 382003 759872 734896 14409 304440 50692 89103 40704 77563 36356
internal_count=1296079 1281670 432695 848975 382003 759872 734896 14409 304440 50692 89103 40704 77563 36356
is_linear=0
shrinkage=0.01


Tree=38
num_leaves=15
num_cat=0
split_feature=23 27 24 24 1 0 4 20 23 26 26 28 28 23
split_gain=138.55 92.256 51.3452 45.1752 22.8261 22.5835 21.6652 21.4101 13.7605 12.058 9.63586 9.08372 7.855 7.65966
threshold=0.077380952380952397 0.20900537634408609 0.31101190476190482 0.31101190476190482 0.39009661835748793 0.24222222222222226 0.2525510204081633 0.016954022988505794 0.043560606060606029 0.084219858156028379 0.52041666666666686 0.47849213691026832 0.21937500000000001 0.04006410256410254
decision_type=10 2 8 10 8 10 2 2 10 2 2 8 10 10
left_child=1 3 4 6 8 -2 7 -1 -3 -4 13 -8 -11 -5
right_child=5 2 9 10 -6 -7 11 -9 -10 12 -12 -13 -14 -15
leaf_value=-1.6778679236268753e-05 0.00072888427906169753 -0.00016343393386326777 -0.0001100428267094652 0.00010728975483436626 -0.00037566084107487526 0.0017351952930339096 -9.9572286954524732e-05 9.4199506645601853e-05 0.00016928353357950827 0.00030416616894514745 0.00034529920701855353 -0.00057492951779831904 -0.00047766212831124244 0.00065779114374120819
leaf_weight=355424 14485 281014 10798 42050 52481 2710 95766 339555 12915 32089 49665 4228 1307 2718
leaf_count=355424 14485 281014 10798 42050 52481 2710 95766 339555 12915 32089 49665 4228 1307 2718
internal_value=-2.06311e-06 -1.40654e-05 -0.000142189 4.21698e-05 -0.000183183 0.000889502 1.75655e-05 3.74004e-05 -0.000148711 0.000178451 0.000248973 -0.000119988 0.00027263 0.000141424
internal_weight=1.2972e+06 1.28001e+06 390604 889406 346410 17195 794973 694979 293929 44194 94433 99994 33396 44768
internal_count=1297205 1280010 390604 889406 346410 17195 794973 694979 293929 44194 94433 99994 33396 44768
is_linear=0
shrinkage=0.01


Tree=39
num_leaves=15
num_cat=0
split_feature=24 27 15 21 24 4 19 1 28 26 24 27 22 6
split_gain=82.956 76.6309 33.8053 38.911 26.7376 24.5033 23.5501 17.1026 15.047 13.6319 13.2913 12.2306 9.75036 10.6656
threshold=0.31101190476190482 0.070714285714285688 0.042572463768115916 0.052105948762483707 -0.0292857142857143 0.25521059487624842 0.016954022988505794 0.39009661835748793 0.060487804878048841 0.16496598639455784 0.13078947368421054 0.3816526610644258 0.20106382978723406 0.0439613526570048
decision_type=10 2 2 2 8 2 2 8 10 2 10 2 2 10
left_child=1 5 7 11 -5 6 10 -3 -8 12 -1 -4 13 -2
right_child=9 2 3 4 -6 -7 8 -9 -10 -11 -12 -13 -14 -15
leaf_value=-4.5701358451348256e-05 3.3341639634181488e-05 -0.00013779554916758577 -1.8769900410999913e-05 -3.4522055629675406e-05 0.00058631929298556351 -0.00012078820887597592 0.00021661470919592246 -0.00033916037377372261 6.8405918890457058e-05 0.00028718531009940386 9.6697942578557319e-05 -0.00033513312386025332 -0.00028954685011143823 0.00048909543469661545
leaf_weight=186394 22685 348516 68250 11129 18033 78179 122243 48297 157719 105127 101065 14950 6472 6701
leaf_count=186394 22685 348516 68250 11129 18033 78179 122243 48297 157719 105127 101065 14950 6472 6701
internal_value=6.6766e-07 -2.72669e-05 -0.000119011 3.38914e-05 0.000348382 4.50438e-05 6.79454e-05 -0.000162382 0.000133229 0.000229681 4.25959e-06 -7.5987e-05 6.02475e-05 0.000138329
internal_weight=1.29576e+06 1.15478e+06 509175 112362 29162 645600 567421 396813 279962 140985 287459 83200 35858 29386
internal_count=1295760 1154775 509175 112362 29162 645600 567421 396813 279962 140985 287459 83200 35858 29386
is_linear=0
shrinkage=0.01


Tree=40
num_leaves=15
num_cat=0
split_feature=24 27 11 3 15 21 7 15 21 24 14 21 28 11
split_gain=84.4491 75.7501 28.3795 25.3684 26.6584 43.8536 16.5396 14.8526 16.428 13.7529 10.0855 11.8484 10.0234 7.69348
threshold=0.31101190476190482 0.17928571428571435 0.022233201581027654 0.30104166666666676 0.042572463768115916 0.12361111111111113 -0.37877551020408157 0.010527482269503509 0.052105948762483707 -0.17928571428571424 0.37888888888888894 0.028594771241830078 -1.0000000180025095e-35 0.010753931544865871
decision_type=10 2 2 8 2 2 2 2 2 10 2 2 10 2
left_child=1 2 6 4 -3 -6 -1 -4 -9 -8 11 12 13 -2
right_child=10 3 7 -5 5 -7 9 8 -10 -11 -12 -13 -14 -15
leaf_value=-0.00020313083814509645 -0.00010763180143941837 -0.00014990582295086732 5.3749631392164792e-06 -0.00030425418240359598 -1.6307981769635368e-05 0.00079026414422387605 -9.2172958797893047e-05 0.00010858543869420803 0.0003368971287198487 3.546571634983744e-05 -0.00014379130703881575 0.00036086351672536785 -0.00024059467338957423 0.00023525736111299002
leaf_weight=44969 7152 245697 104147 77607 58609 7605 118390 166085 39163 294105 6731 56362 5482 64652
leaf_count=44969 7152 245697 104147 77607 58609 7605 118390 166085 39163 294105 6731 56362 5482 64652
internal_value=-5.58e-07 -2.86983e-05 2.89522e-05 -0.000142274 -0.000101872 7.59093e-05 -2.10225e-05 0.00010294 0.0001523 -1.09548e-06 0.000231031 0.000250136 0.000168986 0.000200683
internal_weight=1.29676e+06 1.15638e+06 766859 389518 311911 66214 457464 309395 205248 412495 140379 133648 77286 71804
internal_count=1296756 1156377 766859 389518 311911 66214 457464 309395 205248 412495 140379 133648 77286 71804
is_linear=0
shrinkage=0.01


Tree=41
num_leaves=15
num_cat=0
split_feature=23 27 24 24 4 19 0 0 23 26 26 23 28 28
split_gain=140.926 84.8732 49.3213 39.2022 22.4335 21.6299 20.4068 15.7409 11.0498 10.3797 9.39384 8.62978 8.41167 8.16599
threshold=0.077380952380952397 0.28024390243902447 0.31101190476190482 0.2950000000000001 0.24222222222222226 0.016954022988505794 0.24222222222222226 0.39009661835748793 0.054093567251462034 0.52041666666666686 0.084219858156028379 0.043560606060606029 0.47849213691026832 0.23861283643892342
decision_type=10 2 10 8 2 2 10 8 10 2 2 10 10 10
left_child=1 2 4 7 5 -1 -2 8 -3 11 -5 -4 -6 -12
right_child=6 3 9 10 12 -7 -8 -9 -10 -11 13 -13 -14 -15
leaf_value=-2.5081094976786346e-05 0.00074983283525399311 -0.00018248342967110452 0.00010459070220756952 -0.00011474188714456295 -0.00010530361211046756 8.1222255689514825e-05 0.0017154726817287275 -0.00038902252649122691 0.00022349202482838012 0.00033210626858103429 0.00030773822269027762 0.00072671768954912764 -0.0005381972915058181 -0.00059317863377827517
leaf_weight=391628 14381 215765 49770 8657 109383 373844 2663 38774 6851 54413 22869 2354 4721 1028
leaf_count=391628 14381 215765 49770 8657 109383 373844 2663 38774 6851 54413 22869 2354 4721 1028
internal_value=-4.65233e-07 -1.2517e-05 3.19146e-05 -0.000161676 7.26595e-06 2.67966e-05 0.000902742 -0.000202482 -0.000169852 0.000235128 0.000165045 0.000133303 -0.000123491 0.000267658
internal_weight=1.2971e+06 1.28006e+06 986113 293944 879576 765472 17044 261390 222616 106537 32554 52124 114104 23897
internal_count=1297101 1280057 986113 293944 879576 765472 17044 261390 222616 106537 32554 52124 114104 23897
is_linear=0
shrinkage=0.01


Tree=42
num_leaves=15
num_cat=0
split_feature=24 27 19 1 10 27 21 14 26 28 7 24 24 14
split_gain=83.7505 82.6064 28.3103 24.8215 28.5509 33.5341 17.7863 15.2418 13.8853 12.3331 11.7423 8.82571 8.05843 7.63316
threshold=0.31101190476190482 0.17416582406471184 0.022233201581027654 0.30104166666666676 0.042572463768115916 0.49000000000000005 0.047727272727272736 0.2525510204081633 0.15954545454545457 0.095491388044579531 -0.38318181818181812 0.48500000000000004 0.13484848484848486 0.37888888888888894
decision_type=8 2 2 8 2 2 2 2 2 10 2 10 10 2
left_child=1 2 10 4 -3 -6 9 -8 11 -4 -1 -2 -12 -10
right_child=8 3 6 -5 5 -7 7 -9 13 -11 12 -13 -14 -15
leaf_value=-0.00018144488772341868 2.4893968646672378e-06 -0.00016137140323927823 0.00013959353146660424 -0.00030313947287165732 -1.685513886119003e-05 0.00061568944472905208 0.00040214347364666149 -3.6910579588167747e-05 0.00030714072120568796 1.4900159876419557e-05 -3.9405096606212504e-05 0.00050553267409562442 5.9607301476436507e-05 -8.4819901794643926e-05
leaf_weight=41965 31661 229472 149299 78717 72735 9459 31534 10390 101740 170517 234406 3934 126521 5098
leaf_count=41965 31661 229472 149299 78717 72735 9459 31534 10390 101740 170517 234406 3934 126521 5098
internal_value=2.28354e-06 -2.5907e-05 3.44885e-05 -0.000144278 -0.000104056 5.55938e-05 9.87197e-05 0.000292623 0.000231092 7.32051e-05 -2.31078e-05 5.8967e-05 -4.61351e-06 0.000288155
internal_weight=1.29745e+06 1.15502e+06 764632 390383 311666 82194 361740 41924 142433 319816 402892 35595 360927 106838
internal_count=1297448 1155015 764632 390383 311666 82194 361740 41924 142433 319816 402892 35595 360927 106838
is_linear=0
shrinkage=0.01


Tree=43
num_leaves=15
num_cat=0
split_feature=24 3 19 21 11 28 24 26 24 26 28 24 15 28
split_gain=76.9499 57.3314 49.7595 49.046 35.3655 13.2472 13.8944 12.9925 11.8252 13.3664 11.7791 9.4324 9.39915 11.8375
threshold=0.31101190476190482 0.30104166666666676 0.022233201581027654 0.047727272727272736 0.081666666666666679 0.1588137472283814 -0.051682692307692284 0.16496598639455784 0.13484848484848486 0.20881782945736438 0.072948328267477228 0.48500000000000004 0.13450834879406312 0.28416149068322988
decision_type=10 10 2 2 2 10 8 2 10 2 10 10 2 10
left_child=1 2 8 10 -5 6 -3 11 9 -1 -4 -2 13 -9
right_child=7 5 3 4 -6 -7 -8 12 -10 -11 -12 -13 -14 -15
leaf_value=-5.110723301295051e-06 0 -0.00025062501119458522 9.6009197757927122e-05 0.00018123800928645435 0.00070269868444644025 -0.00032354903186769226 1.1315639172154431e-05 0.00031404488707773937 0 -0.00013799852609495947 -1.3114839702345229e-05 0.00052644610805923785 -0.00013011185638205254 -0.0004397844518695268
leaf_weight=108526 32291 43479 176403 44451 18532 62640 37508 98006 185590 253859 224277 3797 5304 2093
leaf_count=108526 32291 43479 176403 44451 18532 62640 37508 98006 185590 253859 224277 3797 5304 2093
internal_value=-9.03095e-08 -2.70723e-05 -4.98642e-07 7.5715e-05 0.000335174 -0.000214031 -0.000128945 0.00022 -6.50408e-05 -9.82848e-05 3.48535e-05 5.51855e-05 0.000276141 0.00029797
internal_weight=1.29676e+06 1.15526e+06 1.01164e+06 463663 62983 143627 80987 141491 547975 362385 400680 36088 105403 100099
internal_count=1296756 1155265 1011638 463663 62983 143627 80987 141491 547975 362385 400680 36088 105403 100099
is_linear=0
shrinkage=0.01


Tree=44
num_leaves=15
num_cat=0
split_feature=23 24 27 1 1 21 23 11 26 15 28 22 25 23
split_gain=130.428 77.1853 77.0637 23.297 23.1921 18.173 15.5813 15.3975 13.5191 11.8611 11.8602 11.1162 10.0689 7.90402
threshold=0.066964285714285712 0.31101190476190482 0.10922587486744435 0.16333333333333336 0.39009661835748793 0.18819444444444447 0.048809523809523865 0.022233201581027654 0.16064516129032261 0.078888888888888856 0.011369509043927641 -0.13976744186046511 0.82500000000000018 0.051315789473684266
decision_type=10 10 2 10 8 2 8 2 2 2 10 2 2 10
left_child=1 2 5 -2 6 7 -4 -1 11 10 -10 -3 -7 -13
right_child=3 8 4 -5 -6 12 -8 -9 9 -11 -12 13 -14 -15
leaf_value=7.9967389685832135e-06 0.00062721865713896664 0.00031044059022879871 -0.0001248827810789975 0.00146050030617649 -0.00032634376224667283 -4.0930465426297853e-05 0.00020027216167574577 0.00011349565710744704 0.00032042630611561914 -0.00014597814517479572 -0.00019891366297285006 -0.00012296147200186567 -0.0002790320436957706 0.00067284070376999591
leaf_weight=348436 13916 10541 383404 4549 58263 82628 15255 230178 92641 6386 4542 22796 22780 1309
leaf_count=348436 13916 10541 383404 4549 58263 82628 15255 230178 92641 6386 4542 22796 22780 1309
internal_value=-2.18496e-08 -1.20914e-05 -3.91502e-05 0.000834333 -0.000139716 2.79838e-05 -0.000112364 5.00174e-05 0.000211054 0.000268305 0.00029584 3.90388e-05 -9.26783e-05 -7.84234e-05
internal_weight=1.29762e+06 1.27916e+06 1.14094e+06 18465 456922 684022 398659 578614 138215 103569 97183 34646 105408 24105
internal_count=1297624 1279159 1140944 18465 456922 684022 398659 578614 138215 103569 97183 34646 105408 24105
is_linear=0
shrinkage=0.01


Tree=45
num_leaves=15
num_cat=0
split_feature=23 27 23 23 11 1 27 4 4 23 17 11 27 25
split_gain=123.598 76.6609 24.7338 22.2414 21.1699 17.8564 16.5706 14.6763 6.96746 6.21769 5.39227 2.8523 2.45404 3.09813
threshold=0.091666666666666688 0.27859477124183013 0.03229166666666667 0.012049941927990694 -0.33156028368794321 0.24222222222222226 0.38047619047619052 0.34021276595744687 0.18819444444444447 0.04006410256410254 -0.41010101010101002 -0.29083333333333328 -0.14365079365079361 0.77500000000000024
decision_type=10 2 10 8 2 10 2 2 2 8 2 2 2 2
left_child=1 2 4 6 10 -2 11 -6 -8 -5 -1 -3 13 -4
right_child=5 3 12 9 7 -7 8 -9 -10 -11 -12 -13 -14 -15
leaf_value=-0.00045540465609001296 0.0007465992511941316 -0.00024054276687840383 0.00047170661030205272 -4.008979907760642e-05 4.7326951009595361e-05 0.0016631521945198377 -0.00020732910982232771 -0.0001152233836578162 -0.00035880289937841958 0.0001994285719573155 -0.00011190683988035569 -8.3982369236030324e-05 0.00019720092659815784 0.00020394490920857121
leaf_weight=4937 11712 13659 10313 57759 795796 2697 69813 59615 56065 13331 75918 91883 25115 8369
leaf_count=4937 11712 13659 10313 57759 795796 2697 69813 59615 56065 13331 75918 91883 25115 8369
internal_value=-3.3963e-07 -1.07108e-05 3.22166e-05 -0.000149884 2.13161e-05 0.000920547 -0.000197411 3.59631e-05 -0.00027504 4.40991e-06 -0.000133268 -0.000104535 0.00026454 0.000353415
internal_weight=1.29698e+06 1.28257e+06 980063 302510 936266 14409 231420 855411 125878 71090 80855 105542 43797 18682
internal_count=1296982 1282573 980063 302510 936266 14409 231420 855411 125878 71090 80855 105542 43797 18682
is_linear=0
shrinkage=0.01


Tree=46
num_leaves=15
num_cat=0
split_feature=24 3 11 15 24 28 24 24 28 3 24 3 22 28
split_gain=73.7076 60.8437 43.8787 28.7026 27.0745 14.8394 10.8818 10.5174 9.78826 9.42142 9.71666 8.07959 7.81223 7.47985
threshold=0.31101190476190482 0.30104166666666676 0.022233201581027654 0.047727272727272736 -0.0292857142857143 0.14365079365079372 -0.051682692307692284 -0.057189542483660143 0.23499399759903969 0.47979591836734697 -0.40767045454545447 -0.43938775510204076 0.2525510204081633 -0.33935483870967736
decision_type=10 8 2 2 8 10 8 10 8 8 10 8 2 10
left_child=1 2 7 -4 -5 6 13 8 -1 -7 -11 -9 -2 -3
right_child=12 5 3 4 -6 9 -8 11 -10 10 -12 -13 -14 -15
leaf_value=-6.9362925291305237e-05 0.00024407480145870419 -3.7929925949351959e-06 1.7571037594051239e-05 6.7940464132291536e-05 0.00034158082986979801 -0.00027278679729061717 0 -0.00026023408367578801 -0.00021873676143734783 0.0003022406649151697 -0.00067218963596642428 -2.8331970657700327e-06 2.3283324130967879e-05 -0.00031311778371005363
leaf_weight=236820 122500 10638 263836 80052 66456 52391 36517 12726 54236 1080 11188 297564 18789 31701
leaf_count=236820 122500 10638 263836 80052 66456 52391 36517 12726 54236 1080 11188 297564 18789 31701
internal_value=-6.4574e-07 -2.70381e-05 2.66518e-07 8.00201e-05 0.000192273 -0.000219723 -0.000127021 -5.41057e-05 -9.73026e-05 -0.000332306 -0.000583909 -1.34891e-05 0.000214927 -0.000236112
internal_weight=1.29649e+06 1.1552e+06 1.01169e+06 410344 146508 143515 78856 601346 291056 64659 12268 310290 141289 42339
internal_count=1296494 1155205 1011690 410344 146508 143515 78856 601346 291056 64659 12268 310290 141289 42339
is_linear=0
shrinkage=0.01


Tree=47
num_leaves=15
num_cat=0
split_feature=23 27 24 24 23 27 23 1 1 15 22 24 24 3
split_gain=123.043 79.6441 42.1409 33.1768 22.8203 18.7771 16.2803 13.0202 10.8854 9.98139 7.971 7.87345 6.33565 5.13828
threshold=0.1125 0.28024390243902447 0.31101190476190482 0.31101190476190482 0.04653679653679655 -1.0000000180025095e-35 0.048809523809523865 0.24222222222222226 0.45603864734299526 0.078888888888888856 0.30976190476190485 -0.057189542483660143 0.11498397435897441 0.078661616161616169
decision_type=10 2 10 8 10 2 10 10 8 2 2 10 10 8
left_child=1 2 4 6 5 -1 8 -2 -3 10 -4 -8 -6 -5
right_child=7 3 9 13 12 -7 11 -9 -10 -11 -12 -13 -14 -15
leaf_value=3.6572851621120867e-05 0.00080162852676818558 -0.00018292272685754165 0.00027711594869853274 0.00023864009073379239 0.00016893445438258958 -6.0626382883440487e-05 -7.709186588047657e-05 0.0016033900288696906 -0.00039133450602911376 -0.00011690107624010938 -2.1346758639948088e-05 0.00048943823963598458 0.00047667242532935386 -2.9672138438933226e-05
leaf_weight=536908 10279 225478 89511 21453 18647 315546 4705 2668 28557 8013 9736 4951 10878 10415
leaf_count=536908 10279 225478 89511 21453 18647 315546 4705 2668 28557 8013 9736 4951 10878 10415
internal_value=-3.54763e-07 -1.01536e-05 3.28573e-05 -0.000154212 1.00604e-05 5.58118e-07 -0.000191094 0.000969498 -0.000206473 0.000220027 0.000247535 0.000210346 0.000283368 0.000150015
internal_weight=1.29774e+06 1.2848e+06 989239 295559 881979 852454 263691 12947 254035 107260 99247 9656 29525 31868
internal_count=1297745 1284798 989239 295559 881979 852454 263691 12947 254035 107260 99247 9656 29525 31868
is_linear=0
shrinkage=0.01


Tree=48
num_leaves=15
num_cat=0
split_feature=23 27 28 11 1 28 4 1 23 23 28 19 23 28
split_gain=124.895 70.6849 34.5061 25.1246 21.7216 21.6349 15.8136 14.7801 14.323 13.323 8.07249 7.3708 6.71371 6.69413
threshold=0.066964285714285712 0.17416582406471184 -0.019259259259259278 -0.29795918367346935 0.16333333333333336 0.084349593495934974 0.29257246376811596 0.39009661835748793 0.034523809523809519 0.027046783625730989 0.32732919254658394 -0.47979591836734686 0.04006410256410254 -1.0000000180025095e-35
decision_type=10 2 10 2 10 8 2 8 10 8 10 2 8 10
left_child=1 3 9 -1 10 8 -7 12 -5 11 -2 -3 -4 -6
right_child=4 2 7 5 13 6 -8 -9 -10 -11 -12 -13 -14 -15
leaf_value=-0.00011886268002660542 0.00076228134078451613 0.00050660450031391228 -0.0001758246607379292 9.3365840841968791e-05 0.00038935083110397238 2.0231748270918805e-05 -0.00022064727394166387 -0.00038605531493034558 0.00037341347834756735 0.00033055385803688593 0.00020262072794139386 -4.3620687071071707e-05 9.1477605730908471e-05 0.001575676335937375
leaf_weight=86526 10227 2457 191604 428704 623 281578 30168 35085 19161 10452 3663 183510 9728 3946
leaf_count=86526 10227 2457 191604 428704 623 281578 30168 35085 19161 10452 3663 183510 9728 3946
internal_value=1.09186e-06 -1.06729e-05 -0.000114633 4.24721e-05 0.000817735 6.08894e-05 -2.98404e-06 -0.000196028 0.000105417 -1.65092e-05 0.000616925 -3.61817e-05 -0.000162759 0.00142084
internal_weight=1.29743e+06 1.27897e+06 432836 846137 18459 759611 311746 236417 447865 196419 13890 185967 201332 4569
internal_count=1297432 1278973 432836 846137 18459 759611 311746 236417 447865 196419 13890 185967 201332 4569
is_linear=0
shrinkage=0.01


Tree=49
num_leaves=15
num_cat=0
split_feature=23 27 24 24 0 19 0 28 23 2 26 15 26 28
split_gain=128.339 75.8601 39.8561 39.3485 20.4333 19.6731 16.0884 14.6867 12.8343 12.6744 11.804 11.0206 9.61441 7.75606
threshold=0.059027777777777797 0.23499399759903969 0.31101190476190482 0.31101190476190482 0.16333333333333336 0.016954022988505794 0.36811594202898557 0.072948328267477228 0.048809523809523865 -0.35321969696969691 0.084219858156028379 0.097872340425531903 0.52041666666666686 0.23861283643892342
decision_type=10 2 8 10 10 2 8 10 10 8 2 2 2 10
left_child=1 3 6 5 -2 9 8 -7 -3 -1 -4 12 -5 -12
right_child=4 2 10 11 -6 7 -8 -9 -10 -11 13 -13 -14 -15
leaf_value=-0.00018006782238925184 0.00062625615463637809 -0.00015972288307825863 -0.0001340583459162926 0.00014316346423205717 0.0014046633600298454 0.00012729388202964361 -0.00034508895310904109 5.9053637486043034e-06 0.00018539493070308141 -1.5941324670795625e-05 0.00029366320834212632 -0.00017084950281901837 0.00035004202347192737 -0.00054870802511043529
leaf_weight=54133 14345 259570 10038 43789 4550 181611 47768 222122 11160 364427 28526 6544 47651 1110
leaf_count=54133 14345 259570 10038 43789 4550 181611 47768 222122 11160 364427 28526 6544 47651 1110
internal_value=-2.55071e-06 -1.46663e-05 -0.000138157 3.3364e-05 0.000815481 1.07533e-05 -0.000175433 6.05843e-05 -0.000145384 -3.72409e-05 0.000160323 0.000222803 0.000251308 0.000261048
internal_weight=1.29734e+06 1.27845e+06 358172 920277 18895 822293 318498 403733 270730 418560 39674 97984 91440 29636
internal_count=1297344 1278449 358172 920277 18895 822293 318498 403733 270730 418560 39674 97984 91440 29636
is_linear=0
shrinkage=0.01


Tree=50
num_leaves=15
num_cat=0
split_feature=27 11 3 15 21 14 2 15 21 19 4 15 21 27
split_gain=62.8772 26.7898 25.5829 23.263 28.5164 27.0566 18.9278 11.8433 19.0178 12.2543 11.2881 11.0308 9.92429 8.44185
threshold=0.17928571428571435 0.021286231884057986 0.30104166666666676 0.028594771241830078 0.12361111111111113 0.26631205673758873 -0.39897959183673465 0.010527482269503509 0.047727272727272736 0.12361111111111113 0.4139685476410731 -0.43938775510204076 0.010421189752496731 0.39619252873563227
decision_type=2 2 10 2 2 2 8 2 2 2 2 2 2 2
left_child=1 6 3 -2 12 -6 -1 -3 -9 -10 -8 -4 -5 -13
right_child=2 7 11 4 5 -7 10 8 9 -11 -12 13 -14 -15
leaf_value=-0.00020700318404562809 -0.00010340579081177051 3.2551357513539485e-05 0.00011588382088050853 -7.2076294931711573e-05 0.00095189972036303265 -0.00024122284967183192 3.0435091607065611e-05 0.000111764648566751 0.0002567617687257528 0.0006686208366920379 -0.00024555622149792663 -0.00017279262565162673 0.00017014335162513722 -0.00038457021518065507
leaf_weight=39421 274135 113689 7286 43519 6643 2610 447478 191375 39489 9019 15306 35360 27607 42069
leaf_count=39421 274135 113689 7286 43519 6643 2610 447478 191375 39489 9019 15306 35360 27607 42069
internal_value=3.28452e-07 5.02716e-05 -9.69103e-05 -5.94913e-05 8.99052e-05 0.000612145 3.26361e-06 0.000116955 0.000156831 0.000333993 2.12407e-05 -0.000253139 2.15208e-05 -0.000288254
internal_weight=1.29501e+06 855777 439229 354514 80379 9253 502205 353572 239883 48508 462784 84715 71126 77429
internal_count=1295006 855777 439229 354514 80379 9253 502205 353572 239883 48508 462784 84715 71126 77429
is_linear=0
shrinkage=0.01


Tree=51
num_leaves=15
num_cat=0
split_feature=24 27 1 10 27 11 4 26 24 6 21 28 14 21
split_gain=66.8357 63.9489 28.6723 24.9068 29.9453 23.1269 17.4771 12.4235 12.246 10.1715 8.34604 8.5911 8.1919 7.70981
threshold=0.31101190476190482 0.10102040816326531 0.39009661835748793 0.042572463768115916 0.49000000000000005 0.021286231884057986 0.39678030303030309 0.16496598639455784 -0.17928571428571424 0.0439613526570048 -0.097872340425531903 0.030931122448979612 0.37888888888888894 0.25532879818594106
decision_type=10 2 8 2 2 2 2 2 10 10 2 10 2 2
left_child=1 5 3 -3 -5 6 8 9 -1 -2 -9 12 -12 -7
right_child=7 2 -4 4 -6 13 -8 10 -10 -11 11 -13 -14 -15
leaf_value=-8.2622237978618538e-05 -4.1235623111117873e-05 -0.00013373711672601724 -0.00032204689651114032 -9.3785198755404734e-06 0.00056913963852279353 0.00012528805755015934 -0.00031679761936080126 -0.0001134439363158395 3.9872694839991189e-05 0.00036770160076141475 0.00032637408896205332 -0.00010929561772482336 -8.9249780496811887e-05 -4.6527297213454501e-05
leaf_weight=116318 28377 294226 58228 107061 9752 250208 17836 5509 273367 7712 89339 5188 4889 28887
leaf_count=116318 28377 294226 58228 107061 9752 250208 17836 5509 273367 7712 89339 5188 4889 28887
internal_value=8.51125e-07 -2.41999e-05 -0.000114187 -8.46665e-05 3.8675e-05 3.72582e-05 -1.07038e-05 0.000206402 3.23155e-06 4.53439e-05 0.000261509 0.000282591 0.000304489 0.000107397
internal_weight=1.2969e+06 1.15588e+06 469267 411039 116813 686616 407521 141014 389685 36089 104925 99416 94228 279095
internal_count=1296897 1155883 469267 411039 116813 686616 407521 141014 389685 36089 104925 99416 94228 279095
is_linear=0
shrinkage=0.01


Tree=52
num_leaves=15
num_cat=0
split_feature=23 24 4 24 0 15 28 26 23 28 15 28 24 24
split_gain=112.145 67.9715 44.3786 26.2696 19.0566 17.0625 16.2234 14.7232 14.4681 10.3022 10.7624 8.513 7.92738 7.72342
threshold=0.066964285714285712 0.31101190476190482 0.2525510204081633 0.26163419913419916 0.16333333333333336 0.020416666666666698 0.10208333333333332 0.05634920634920635 0.043560606060606029 0.32732919254658394 0.078888888888888856 0.32732919254658394 -0.074628844114528095 -0.03062500000000001
decision_type=10 10 2 8 10 2 8 2 8 10 2 10 8 10
left_child=1 2 3 5 11 -1 12 -3 -5 10 -9 -2 -4 -8
right_child=4 7 6 8 -6 -7 13 9 -10 -11 -12 -13 -14 -15
leaf_value=-6.9458730641904886e-05 0.00073455819496307114 -8.155907684245301e-05 -0.00019070239342676261 7.4071009551470024e-05 0.0013391757231965178 2.8119953001964388e-05 -0.00039408039732153786 0.00027230512824868725 0.00042036755580312352 -0.00051493311543679106 -0.00011380524189885143 0.00016607127968408763 -3.0285358893045612e-06 -0.00020064816705517443
leaf_weight=506969 10264 16426 41222 164326 4544 276639 35300 112028 13076 1771 7601 3745 50302 52413
leaf_count=506969 10264 16426 41222 164326 4544 276639 35300 112028 13076 1771 7601 3745 50302 52413
internal_value=-4.37079e-07 -1.16661e-05 -3.70427e-05 -1.00669e-05 0.000771361 -3.4972e-05 -0.000181508 0.000198056 9.97717e-05 0.000236137 0.000247519 0.000584795 -8.78873e-05 -0.000278848
internal_weight=1.29663e+06 1.27807e+06 1.14025e+06 961010 18553 783608 179237 137826 177402 121400 119629 14009 91524 87713
internal_count=1296626 1278073 1140247 961010 18553 783608 179237 137826 177402 121400 119629 14009 91524 87713
is_linear=0
shrinkage=0.01


Tree=53
num_leaves=15
num_cat=0
split_feature=24 27 1 15 27 11 4 24 15 22 16 15 15 24
split_gain=66.8091 64.4124 24.4176 25.529 36.356 24.3855 15.6375 11.7419 10.3143 9.17255 8.0735 7.79824 7.65682 7.19148
threshold=0.31101190476190482 0.17416582406471184 0.3802173913043479 0.042572463768115916 0.49000000000000005 0.021286231884057986 0.33503401360544227 -0.17928571428571424 0.010527482269503509 0.2525510204081633 0.047727272727272736 -0.40212765957446805 0.12771739130434787 -0.041241496598639453
decision_type=10 2 8 2 2 2 2 10 2 2 2 2 2 10
left_child=1 5 3 -3 -5 6 7 -1 13 12 -10 -4 -2 -7
right_child=9 2 11 4 -6 8 -8 -9 10 -11 -12 -13 -14 -15
leaf_value=-8.6613112155300081e-05 0.00025321259979310565 -0.00014519977618967578 0 -1.688518347440817e-05 0.00066672818186048447 -7.680710302049857e-05 -0.00022897892883318229 2.9646154874318631e-05 8.8712535490638716e-05 -2.225305022650979e-06 0.00022014827513530002 -0.00037009469182954147 -9.4445817156967927e-05 8.9573993041233897e-05
leaf_weight=122826 116098 263696 6287 62259 8876 48303 33485 296533 136236 18627 72227 48794 6569 56075
leaf_count=122826 116098 263696 6287 62259 8876 48303 33485 296533 136236 18627 72227 48794 6569 56075
internal_value=-2.28482e-06 -2.7405e-05 -0.000132039 -9.9812e-05 6.80167e-05 2.58393e-05 -2.10126e-05 -4.33384e-06 9.37538e-05 0.000202949 0.000134398 -0.000327384 0.000234349 1.22904e-05
internal_weight=1.29689e+06 1.1556e+06 389912 334831 71135 765685 452844 419359 312841 141294 208463 55081 122667 104378
internal_count=1296891 1155597 389912 334831 71135 765685 452844 419359 312841 141294 208463 55081 122667 104378
is_linear=0
shrinkage=0.01


Tree=54
num_leaves=15
num_cat=0
split_feature=23 27 28 28 23 4 0 23 4 28 4 26 21 25
split_gain=114.22 72.1514 31.0024 21.6985 17.7632 14.938 13.8392 13.4297 13.0383 8.02796 7.32212 7.27645 6.54691 6.47628
threshold=0.091666666666666688 0.17928571428571435 -0.019259259259259278 0.063301282051282062 0.034523809523809519 0.29257246376811596 0.24222222222222226 0.025657894736842105 0.23124999999999998 -0.31725417439703146 0.39246068455134137 0.072299651567944254 0.10208333333333332 0.27500000000000008
decision_type=10 2 10 8 10 2 10 8 2 10 2 2 2 2
left_child=1 3 7 4 10 12 -2 11 -4 -9 -1 -3 -5 -10
right_child=6 2 8 5 -6 -7 -8 9 13 -11 -12 -13 -14 -15
leaf_value=8.2982626261947099e-05 0.00073209750419242047 -0.00018145425141049607 -0.00015110226470895318 2.4113346237728146e-05 0.00037721900813248945 -0.0001999272284407321 0.0015498254211240173 0.00064157589534383653 -5.0800179157043443e-05 0.00010810832954423396 -0.00010901962754434881 -1.5856247662000349e-05 -0.00010773431513809964 -0.00036763273802316115
leaf_weight=435966 11806 32337 179514 290179 20264 38967 2629 4305 7682 8704 20675 150933 43243 49325
leaf_count=435966 11806 32337 179514 290179 20264 38967 2629 4305 7682 8704 20675 150933 43243 49325
internal_value=-1.05402e-06 -1.10374e-05 -0.000116142 4.24889e-05 8.71628e-05 -1.46431e-05 0.000883397 -2.30602e-05 -0.000193259 0.000287059 7.42231e-05 -4.52413e-05 6.92264e-06 -0.000325469
internal_weight=1.29653e+06 1.28209e+06 432800 849294 476905 372389 14435 196279 236521 13009 456641 183270 333422 57007
internal_count=1296529 1282094 432800 849294 476905 372389 14435 196279 236521 13009 456641 183270 333422 57007
is_linear=0
shrinkage=0.01


Tree=55
num_leaves=15
num_cat=0
split_feature=27 0 28 4 28 19 11 0 27 28 18 11 26 13
split_gain=61.9373 25.41 25.1921 20.0308 16.9969 15.9828 12.2664 11.2415 10.9359 9.72471 8.48295 8.30588 8.16453 7.82656
threshold=0.28024390243902447 0.36811594202898557 0.063301282051282062 0.2525510204081633 0.011369509043927641 0.016397849462365614 0.023268398268398275 0.012049941927990694 0.49000000000000005 -0.24734042553191488 0.011766334440753036 0.025657894736842105 0.06186224489795919 0.020416666666666698
decision_type=2 8 8 2 10 2 2 10 2 10 2 2 2 2
left_child=2 4 5 6 7 9 12 -2 -9 10 -1 -7 -4 -6
right_child=1 -3 3 -5 13 11 -8 8 -10 -11 -12 -13 -14 -15
leaf_value=0.00016439817906550942 -0.0001008836690821676 -0.00034435593100579873 0.00011090381911371092 -0.00019604645429007457 -0.00022546112481448851 8.957086276058079e-05 8.5248719642661293e-05 4.1067433211814124e-05 0.00043380213720640255 -1.825665064015008e-05 1.4799260682807119e-05 0.00020820836861958089 -5.7529221976621774e-05 -7.0339407419834799e-05
leaf_weight=78547 56609 45848 33076 56662 82413 135134 127866 52131 8253 167641 74179 106692 217069 54859
leaf_count=78547 56609 45848 33076 56662 82413 135134 127866 52131 8253 167641 74179 106692 217069 54859
internal_value=-1.47747e-06 -0.000127445 3.64161e-05 -2.06998e-05 -8.82113e-05 8.06299e-05 5.50581e-06 9.6189e-08 9.52602e-05 3.41814e-05 9.19361e-05 0.000142039 -3.51368e-05 -0.00016369
internal_weight=1.29698e+06 300113 996866 434673 254265 562193 378011 116993 60384 320367 152726 241826 250145 137272
internal_count=1296979 300113 996866 434673 254265 562193 378011 116993 60384 320367 152726 241826 250145 137272
is_linear=0
shrinkage=0.01


Tree=56
num_leaves=15
num_cat=0
split_feature=24 27 19 0 21 8 27 10 24 26 26 28 4 6
split_gain=61.7016 60.8008 26.8786 17.6233 17.5532 15.2443 30.6033 13.8091 10.9809 14.5318 10.7436 10.6406 8.78307 8.43458
threshold=0.31101190476190482 0.28024390243902447 0.022233201581027654 0.36811594202898557 0.047727272727272736 0.044466403162055308 0.49000000000000005 0.047727272727272736 -0.21937499999999996 0.16064516129032261 0.084219858156028379 0.080322580645161304 0.28062500000000007 0.042572463768115916
decision_type=10 2 2 8 2 2 2 2 10 2 2 10 2 10
left_child=1 2 8 5 11 -3 -7 -6 9 -1 13 -4 -10 -2
right_child=10 3 4 -5 7 6 -8 -9 12 -11 -12 -13 -14 -15
leaf_value=5.958166074884176e-05 -0.00010123613515732207 -0.00016379859560721038 0.0001115419407946977 -0.00033998039221063862 -0.00012635651232570865 -8.6497757819751364e-05 0.00052411610744014839 0.00032668919809429961 1.353309693536415e-05 -0.00017476100892466404 0.00023844305964520657 3.7833601443985238e-06 -0.00016004526958744676 0.00035607449335223917
leaf_weight=36220 17807 171345 168368 42779 7920 42853 10142 41566 303145 96555 118369 202381 32242 5210
leaf_count=36220 17807 171345 168368 42779 7920 42853 10142 41566 303145 96555 118369 202381 32242 5210
internal_value=2.79701e-06 -2.13071e-05 1.84384e-05 -0.000153605 7.65165e-05 -0.000117928 2.98164e-05 0.000253572 -3.36302e-05 -0.000110608 0.000200003 5.28011e-05 -3.06547e-06 1.00785e-06
internal_weight=1.2969e+06 1.15552e+06 888397 267119 420235 224340 52995 49486 468162 132775 141386 370749 335387 23017
internal_count=1296902 1155516 888397 267119 420235 224340 52995 49486 468162 132775 141386 370749 335387 23017
is_linear=0
shrinkage=0.01


Tree=57
num_leaves=15
num_cat=0
split_feature=24 4 11 4 17 28 17 24 28 28 6 22 24 24
split_gain=65.4963 52.8936 38.4889 30.6513 26.3914 14.778 12.5971 12.1632 12.5353 8.38184 8.07906 7.69291 7.17746 6.91553
threshold=0.31101190476190482 0.25521059487624842 0.021286231884057986 0.24222222222222226 0.2473404255319149 0.080322580645161304 0.047727272727272736 0.13484848484848486 0.40550595238095244 -0.45959183673469384 0.41207729468599036 0.2525510204081633 -0.063966175668303302 -0.42752100840336132
decision_type=10 2 2 2 2 8 2 10 8 10 8 2 10 10
left_child=1 2 7 6 -5 9 -4 8 -1 -3 -7 -2 -11 -12
right_child=11 5 3 4 -6 10 -8 -9 -10 12 13 -13 -14 -15
leaf_value=-6.4342652876668311e-05 0.00023358264853023714 0.00027622752363470578 3.1111860614691722e-05 0 0.0014514996477963894 -0.00021293574040544402 0.0001519079472131446 1.8327750083913004e-05 -0.00029750281983224517 -0.0002194554353393673 0.00014069614735688889 1.3983487062086213e-05 -2.9088568556121854e-05 -0.00047506672711167855
leaf_weight=363110 122139 5833 267920 2183 3006 66541 128002 189636 24719 36294 1901 18687 44525 22878
leaf_count=363110 122139 5833 267920 2183 3006 66541 128002 189636 24719 36294 1901 18687 44525 22878
internal_value=1.01899e-06 -2.37513e-05 5.05926e-06 8.03356e-05 0.00084422 -0.000182332 7.0242e-05 -4.71764e-05 -7.92831e-05 -8.82669e-05 -0.000271254 0.000204657 -0.000114954 -0.000426605
internal_weight=1.29737e+06 1.15655e+06 978576 401111 5189 177972 395922 577465 387829 86652 91320 140826 80819 24779
internal_count=1297374 1156548 978576 401111 5189 177972 395922 577465 387829 86652 91320 140826 80819 24779
is_linear=0
shrinkage=0.01


Tree=58
num_leaves=15
num_cat=0
split_feature=23 24 3 11 1 3 26 23 22 23 15 24 17 14
split_gain=106.63 59.8543 47.829 22.1973 18.0602 14.9803 14.7496 12.2937 11.1417 10.5427 9.25555 8.3489 7.80673 5.62382
threshold=0.066964285714285712 0.31101190476190482 0.32256944444444446 0.020416666666666698 0.16333333333333336 -0.43683510638297868 0.20881782945736438 0.048809523809523865 -0.13976744186046511 0.025657894736842105 0.078888888888888856 -0.087922705314009655 -0.41010101010101002 0.011766334440753036
decision_type=10 10 10 2 10 8 2 8 2 10 2 8 2 2
left_child=1 2 3 5 -2 -1 8 -5 -3 -10 13 -4 -13 -8
right_child=4 6 11 7 -6 -7 10 -9 9 -11 -12 12 -14 -15
leaf_value=-0.00028495768858413905 0.00056845481205282258 0.00027446472720817674 -0.00032443057377499774 2.6141651144623768e-05 0.0013022397844395703 -4.1638353263699255e-05 0.00039777750869443492 0.00022244601816665032 -0.00016750167001686599 0.00036263173180713218 -0.00012503108139309789 -0.00044055314098273584 -0.00012192089565192865 0.00022369794335569485
leaf_weight=26530 14007 12406 47223 378317 4558 571634 27307 34917 24085 4415 6026 8705 73200 63670
leaf_count=26530 14007 12406 47223 378317 4558 571634 27307 34917 24085 4415 6026 8705 73200 63670
internal_value=-1.92614e-06 -1.28765e-05 -3.66917e-05 -1.35209e-05 0.000750408 -5.24817e-05 0.000183858 4.28029e-05 2.37884e-05 -8.42955e-05 0.000251046 -0.00021794 -0.000156167 0.00027629
internal_weight=1.297e+06 1.27844e+06 1.14053e+06 1.0114e+06 18565 598164 137909 413234 40906 28500 97003 129128 81905 90977
internal_count=1297000 1278435 1140526 1011398 18565 598164 137909 413234 40906 28500 97003 129128 81905 90977
is_linear=0
shrinkage=0.01


Tree=59
num_leaves=15
num_cat=0
split_feature=23 3 23 3 0 22 26 17 3 0 22 15 22 7
split_gain=104.96 48.9597 29.5605 15.3201 13.2982 12.7066 9.46642 8.96789 7.25873 6.6595 4.51494 3.82412 2.72665 2.43032
threshold=0.1125 0.30104166666666676 0.04006410256410254 -0.43683510638297868 0.24222222222222226 0.32755102040816336 0.63299319727891168 -0.41010101010101002 0.42111111111111121 0.36811594202898557 -0.17327315541601254 -0.40212765957446805 0.3255434782608696 0.023268398268398275
decision_type=10 10 8 8 10 2 2 2 10 10 2 2 2 2
left_child=1 2 3 6 -2 -5 -1 8 -3 10 -9 -11 -10 -4
right_child=4 7 13 5 -6 -7 -8 9 12 11 -12 -13 -14 -15
leaf_value=-6.0264799271568551e-05 0.00072841805872481678 -0.00014577718565856397 -0.00026618773183749613 2.1862164550291089e-05 0.0015406713802649668 -9.4740122353171449e-05 -0.00036348115577564664 -7.2404168955242695e-08 -0.00054375469509071071 2.0934863071773161e-05 -0.00014931026295397415 -0.00030232258446650779 -0.0012867181271423314 0.00024813463361164417
leaf_weight=26189 10281 6324 876 926270 2637 103887 17289 28281 8021 3927 75370 32685 600 54408
leaf_count=26189 10281 6324 876 926270 2637 103887 17289 28281 8021 3927 75370 32685 600 54408
internal_value=5.57728e-08 -8.94464e-06 1.39259e-05 2.2857e-06 0.000896867 1.0074e-05 -0.000181545 -0.000175486 -0.000409507 -0.000150329 -0.000108882 -0.000266832 -0.000599371 0.000239428
internal_weight=1.29704e+06 1.28413e+06 1.12892e+06 1.07364e+06 12918 1.03016e+06 43478 155208 14945 140263 103651 36612 8621 55284
internal_count=1297045 1284127 1128919 1073635 12918 1030157 43478 155208 14945 140263 103651 36612 8621 55284
is_linear=0
shrinkage=0.01


Tree=60
num_leaves=15
num_cat=0
split_feature=3 27 28 10 27 11 3 28 28 20 3 4 20 3
split_gain=54.0397 35.6659 28.3499 21.3498 22.7864 19.673 14.4954 13.0069 11.5324 8.817 8.63225 8.28558 7.32873 6.93838
threshold=0.34613526570048314 1.0000000180025095e-35 -0.23956521739130432 0.028594771241830078 0.49000000000000005 -0.29795918367346935 -0.41918367346938773 0.063301282051282062 0.12034482758620692 0.024404761904761933 -0.47894503546099287 1.0000000180025095e-35 -0.47979591836734686 0.45789007092198591
decision_type=10 2 10 2 2 2 8 8 10 2 10 2 2 10
left_child=1 5 9 10 -5 -1 -7 -8 -2 12 -4 -11 -3 -10
right_child=8 2 3 4 -6 6 7 -9 13 11 -12 -13 -14 -15
leaf_value=-9.6860485707289307e-05 -0.00011104494179869753 0.00076049454290939378 -0.00083047955271161667 -9.1917730901474975e-06 0.00048168726408575572 -0.0001287192474700964 0.00014971973764495779 4.7900613441342894e-05 -0.00021193476882437181 5.4958764491495214e-06 -0.00011997968635378197 0.00032474096338226823 2.8825934227673987e-05 -0.00044158432147110084
leaf_weight=60371 67854 1388 1732 119410 10258 27782 288901 223690 33185 12471 294892 24439 107839 22780
leaf_count=60371 67854 1388 1732 119410 10258 27782 288901 223690 33185 12471 294892 24439 107839 22780
internal_value=-6.85498e-07 2.02616e-05 -3.61876e-05 -7.74283e-05 2.94204e-05 7.41e-05 9.32558e-05 0.000105346 -0.000199395 8.39084e-05 -0.000124238 0.000217698 3.84189e-05 -0.000305966
internal_weight=1.29699e+06 1.17317e+06 572429 426292 129668 600744 540373 512591 123819 146137 296624 36910 109227 55965
internal_count=1296992 1173173 572429 426292 129668 600744 540373 512591 123819 146137 296624 36910 109227 55965
is_linear=0
shrinkage=0.01


Tree=61
num_leaves=15
num_cat=0
split_feature=24 27 19 3 14 27 21 14 7 26 28 28 15 14
split_gain=59.2545 60.8084 24.0024 18.4213 19.5111 22.6705 13.7856 13.9476 12.6245 11.5673 10.4348 8.8753 8.93437 8.38253
threshold=0.31101190476190482 0.17928571428571435 0.021286231884057986 0.30104166666666676 0.042109929078014148 0.49000000000000005 0.047727272727272736 0.26043478260869574 -0.32111111111111107 0.096006144393241177 0.091372912801484255 0.28416149068322988 0.13450834879406312 0.37888888888888894
decision_type=10 2 2 8 2 2 2 2 2 2 10 10 2 2
left_child=1 2 8 4 -3 -6 10 -8 -1 -2 -4 12 13 -11
right_child=9 3 6 -5 5 -7 7 -9 -10 11 -12 -13 -14 -15
leaf_value=-0.00015829814007920932 0 -0.00013191482098698387 0.00012584072696116255 -0.00026314324994839214 -1.1954723793700616e-05 0.00052444704925247042 0.00036108651855026972 -6.1094710579105547e-05 -1.0618249821891536e-06 0.00028887619968527459 1.1919743964103803e-05 -0.00035300866002824748 -0.00013102375271230077 -0.00014726541518213522
leaf_weight=60172 25394 243789 150850 77393 57790 9103 31837 10222 339866 102984 173552 2454 5744 4509
leaf_count=60172 25394 243789 150850 77393 57790 9103 31837 10222 339866 102984 173552 2454 5744 4509
internal_value=7.2243e-07 -2.28943e-05 2.87123e-05 -0.000124901 -9.0365e-05 6.06122e-05 8.71968e-05 0.00025777 -2.47886e-05 0.0001942 6.49872e-05 0.000236622 0.000249674 0.000270299
internal_weight=1.29566e+06 1.15457e+06 766499 388075 310682 66893 366461 42059 400038 141085 324402 115691 113237 107493
internal_count=1295659 1154574 766499 388075 310682 66893 366461 42059 400038 141085 324402 115691 113237 107493
is_linear=0
shrinkage=0.01


Tree=62
num_leaves=15
num_cat=0
split_feature=24 27 3 11 27 11 19 24 15 14 21 3 28 28
split_gain=60.0627 58.2421 25.2891 25.134 23.2418 20.1633 13.2116 10.8955 9.88735 8.58418 9.89731 7.85728 7.77411 7.6492
threshold=0.31101190476190482 0.060487804878048841 0.30104166666666676 0.030931122448979612 0.49000000000000005 0.021286231884057986 -0.057777777777777782 -0.17928571428571424 -0.29795918367346935 0.39897959183673476 0.028594771241830078 -0.44727272727272721 -0.043167701863354051 0.1526175687666371
decision_type=10 2 8 2 2 2 2 10 2 2 2 8 10 10
left_child=1 5 3 11 -5 6 -1 -8 -7 10 12 -3 -2 -4
right_child=9 2 13 4 -6 8 7 -9 -10 -11 -12 -13 -14 -15
leaf_value=-0.00011863204087038355 0.00016624941904688125 -0.00051151367731848321 -0.00016911620371263432 7.7680773689980634e-06 0.00050737811426482639 -0.00014701661599551382 -6.8986429705815763e-05 6.3875573779991247e-05 0.00012392487785764465 -0.00018104499083292699 0.00031202188586059457 -0.00011295131448587312 -0.00021480190680697134 -0.00035707360799039719
leaf_weight=80951 72173 5075 48466 117645 10122 14149 86738 212965 245316 5708 57465 294056 5714 40587
leaf_count=80951 72173 5075 48466 117645 10122 14149 86738 212965 245316 5708 57465 294056 5714 40587
internal_value=1.10521e-06 -2.26412e-05 -0.000101717 -6.96431e-05 4.75941e-05 4.10489e-05 -5.21266e-06 2.53232e-05 0.000109033 0.00019593 0.000212053 -0.000119819 0.000137902 -0.000255126
internal_weight=1.29713e+06 1.15607e+06 515951 426898 127767 640119 380654 299703 259465 141060 135352 299131 77887 89053
internal_count=1297130 1156070 515951 426898 127767 640119 380654 299703 259465 141060 135352 299131 77887 89053
is_linear=0
shrinkage=0.01


Tree=63
num_leaves=15
num_cat=0
split_feature=23 24 4 23 24 26 15 1 24 17 24 3 6 22
split_gain=98.2718 57.1079 42.61 24.9175 17.3671 11.0169 10.4601 10.3387 9.20586 8.49189 7.40285 6.44218 6.35689 5.23033
threshold=0.1125 0.31101190476190482 0.24222222222222226 0.048809523809523865 0.26163419913419916 0.063164893617021281 0.078888888888888856 0.24222222222222226 -0.20916666666666664 -0.41010101010101002 -0.050641025641025621 0.011766334440753036 0.025657894736842105 0.20106382978723406
decision_type=10 10 2 8 10 2 2 10 8 2 10 10 10 2
left_child=1 2 3 4 -1 12 11 -2 -5 -4 -11 -7 -3 -14
right_child=7 5 9 8 -6 6 -8 -9 -10 10 -12 -13 13 -15
leaf_value=-3.5042229668239905e-05 0.00071974259431509052 -0.00015573953907283648 -0.00039919925193973214 2.5560059260441951e-05 7.8559501874060449e-05 0.00037550375076093 -0.00012762202920092925 0.0014379235515300942 0.00035038416149912356 -0.00022455390935926015 -8.9851072744747526e-05 0.00019920161445921447 0.00037634220461075542 -0.00061656058777569318
leaf_weight=760475 10202 13527 15132 13393 163401 28407 8003 2657 26195 74760 92265 83579 4522 578
leaf_count=760475 10202 13527 15132 13393 163401 28407 8003 2657 26195 74760 92265 83579 4522 578
internal_value=9.96597e-07 -7.69106e-06 -3.09096e-05 -4.3594e-06 -1.49174e-05 0.000183983 0.000219148 0.00087077 0.000241261 -0.000171171 -0.000150326 0.0002442 -4.09248e-05 0.000257638
internal_weight=1.2971e+06 1.28424e+06 1.14562e+06 963464 923876 138616 119989 12859 39588 182157 167025 111986 18627 5100
internal_count=1297096 1284237 1145621 963464 923876 138616 119989 12859 39588 182157 167025 111986 18627 5100
is_linear=0
shrinkage=0.01


Tree=64
num_leaves=15
num_cat=0
split_feature=23 3 28 23 0 28 11 3 22 28 28 3 23 28
split_gain=100.319 48.7669 28.8701 19.1557 17.2009 16.3926 12.6619 9.07342 9.02536 7.97578 7.14405 6.52781 7.38763 4.8377
threshold=0.059027777777777797 0.30104166666666676 -0.020416666666666663 0.025657894736842105 0.16333333333333336 0.16333333333333336 0.021286231884057986 -0.43683510638297868 0.32025641025641027 0.49000000000000005 -1.0000000180025095e-35 0.43938775510204087 0.010102040816326542 -0.41945945945945939
decision_type=10 10 10 8 10 10 2 10 2 10 10 10 10 10
left_child=1 2 3 8 9 13 7 -4 -1 -2 -6 -7 -13 -3
right_child=4 5 6 -5 10 11 -8 -9 -10 -11 -12 12 -14 -15
leaf_value=6.5576394566366623e-05 0.00067795965593206301 0.00011075315768450186 -0.0002972754184071395 0.00028994245580015013 0.00022761254860409374 -0.00021598159901055615 2.184868740744828e-05 -6.077812236711051e-05 -7.4302555194548383e-05 8.5116924037714268e-05 0.0014316407884594916 -0.00059801241629318437 -0.00024583565962092951 -0.00011749406068870182
leaf_weight=445703 11074 10301 17133 36088 635 36031 239197 334292 51255 3006 3909 12829 11876 84154
leaf_count=445703 11074 10301 17133 36088 635 36031 239197 334292 51255 3006 3909 12829 11876 84154
internal_value=1.60776e-06 -8.98113e-06 1.39434e-05 6.73175e-05 0.000730213 -0.000175158 -3.41769e-05 -7.23959e-05 5.10889e-05 0.000553566 0.00127024 -0.000303539 -0.000429981 -9.22817e-05
internal_weight=1.29748e+06 1.27886e+06 1.12367e+06 533046 18624 155191 590622 351425 496958 14080 4544 60736 24705 94455
internal_count=1297483 1278859 1123668 533046 18624 155191 590622 351425 496958 14080 4544 60736 24705 94455
is_linear=0
shrinkage=0.01


Tree=65
num_leaves=15
num_cat=0
split_feature=24 27 15 21 14 19 11 4 2 25 24 21 28 14
split_gain=53.2925 54.2654 22.0777 25.7129 30.4035 19.7805 15.5536 12.2655 10.576 10.4205 9.85477 9.51769 8.77766 7.96593
threshold=0.31101190476190482 1.0000000180025095e-35 0.04083333333333334 0.12361111111111113 0.2525510204081633 -0.081666666666666651 0.016954022988505794 0.23124999999999998 0.43938775510204087 0.82500000000000018 -0.17928571428571424 0.12111111111111113 -0.43969696969696964 0.39009661835748793
decision_type=10 2 2 2 2 2 2 2 10 2 10 2 8 2
left_child=1 5 7 8 -5 9 10 -3 -4 -1 -7 -8 -9 -2
right_child=13 2 3 4 -6 6 11 12 -10 -11 -12 -13 -14 -15
leaf_value=-1.8424970962113634e-05 0.00020034393968708313 -9.8249408197065451e-05 1.0362630817986332e-06 0.00093836566068972995 -0.00010004052619784734 -6.7676870008330874e-05 0.00012864046321931305 0.00015976583509583162 -0.00043056155051032205 -0.00024567040836917796 6.5703339599278336e-05 0.00046047662363463799 -0.00025735873520915718 -0.00016464412971547865
leaf_weight=91479 134927 357447 116251 6334 4993 78088 184693 5287 5959 26019 189525 9152 81047 6164
leaf_count=91479 134927 357447 116251 6334 4993 78088 184693 5287 5959 26019 189525 9152 81047 6164
internal_value=6.84799e-07 -2.16805e-05 -9.03015e-05 2.22411e-05 0.000478078 4.66947e-05 7.62203e-05 -0.000124234 -1.97732e-05 -6.9007e-05 2.66713e-05 0.000144469 -0.000231462 0.000184183
internal_weight=1.29736e+06 1.15627e+06 577318 133537 11327 578956 461458 443781 122210 117498 267613 193845 86334 141091
internal_count=1297365 1156274 577318 133537 11327 578956 461458 443781 122210 117498 267613 193845 86334 141091
is_linear=0
shrinkage=0.01


Tree=66
num_leaves=15
num_cat=0
split_feature=23 27 24 24 15 26 0 28 0 4 22 26 26 28
split_gain=100.429 64.8993 32.6324 28.0455 16.2703 15.6746 15.2434 15.1227 13.9275 11.2087 10.0833 9.03312 8.76318 8.61541
threshold=0.077380952380952397 0.17928571428571435 0.2950000000000001 0.26568627450980398 0.010753931544865871 0.52041666666666686 0.16333333333333336 -0.30217391304347824 0.36085106382978727 0.39246068455134137 0.32025641025641027 0.084219858156028379 0.62645348837209314 0.32732919254658394
decision_type=10 2 8 10 2 2 10 10 8 2 2 2 2 10
left_child=1 3 8 4 12 9 13 -7 -3 -5 -6 -4 -1 -2
right_child=6 2 11 5 10 7 -8 -9 -10 -11 -12 -13 -14 -15
leaf_value=-2.4699838463382138e-05 0.00073281340063498267 -0.00011658088680989388 -0.0001133351292766584 7.7117148749965593e-05 5.0894952461089488e-05 0.00039140215663678677 0.0012634753381105146 0.00014180525591318152 -0.00029072232630377272 -0.00030812984060515675 -0.00010333004158404265 0.00020219181184610781 -0.00018089484537711872 0.00012619533773179558
leaf_weight=94244 9344 327803 11696 115841 402881 34046 4529 87115 53788 8052 47266 38934 58584 3295
leaf_count=94244 9344 327803 11696 115841 402881 34046 4529 87115 53788 8052 47266 38934 58584 3295
internal_value=3.94046e-07 -9.772e-06 -0.00010952 4.10323e-05 4.31937e-06 0.000131244 0.000760111 0.000212197 -0.000141208 5.18304e-05 3.46339e-05 0.000128707 -8.47732e-05 0.000577108
internal_weight=1.29742e+06 1.28025e+06 432221 848029 602975 245054 17168 121161 381591 123893 450147 50630 152828 12639
internal_count=1297418 1280250 432221 848029 602975 245054 17168 121161 381591 123893 450147 50630 152828 12639
is_linear=0
shrinkage=0.01


Tree=67
num_leaves=15
num_cat=0
split_feature=23 27 24 24 2 21 2 23 27 28 25 11 28 21
split_gain=92.9607 58.9144 33.6256 27.4218 14.657 14.241 13.3618 11.9875 10.7264 10.1138 10.0864 7.96195 7.13475 7.05611
threshold=0.077380952380952397 0.20106382978723406 0.2950000000000001 0.26163419913419916 0.16333333333333336 0.18819444444444447 0.23124999999999998 0.034523809523809519 -0.097872340425531903 -0.28024390243902436 0.82500000000000018 0.020416666666666698 0.32732919254658394 0.29356060606060608
decision_type=10 2 8 10 10 2 8 10 2 10 2 2 10 2
left_child=1 3 6 5 12 8 11 9 -1 -5 -7 -3 -2 -8
right_child=4 2 -4 7 -6 10 13 -9 -10 -11 -12 -13 -14 -15
leaf_value=5.5611100587132692e-05 0.0006924977315543164 -0.00015238267939823066 0.00014220762155043074 0.00020584239952907654 0.0012233376269595081 -6.4858798653539307e-05 -0.00029633205323072458 0.00040523416061568056 -3.439718358656107e-05 6.2977765591170419e-05 -0.00033187374300852439 -3.5107331492285581e-05 0.0001384744371383849 -0.00012272994730208538
leaf_weight=310068 9306 143373 45572 70064 4530 66993 72093 14087 230676 172893 18097 98389 3294 35736
leaf_count=310068 9306 143373 45572 70064 4530 66993 72093 14087 230676 172893 18097 98389 3294 35736
internal_value=-1.61043e-06 -1.14426e-05 -0.000112944 3.39543e-05 0.000730077 -1.71532e-06 -0.000146292 0.000120916 1.7159e-05 0.000104303 -0.00012201 -0.000104781 0.000550108 -0.000239081
internal_weight=1.29517e+06 1.27804e+06 395163 882878 17130 625834 349591 257044 540744 242957 85090 241762 12600 107829
internal_count=1295171 1278041 395163 882878 17130 625834 349591 257044 540744 242957 85090 241762 12600 107829
is_linear=0
shrinkage=0.01


Tree=68
num_leaves=15
num_cat=0
split_feature=24 4 11 24 4 28 26 11 24 28 6 19 21 28
split_gain=52.7461 45.616 31.1449 35.9203 26.5683 13.5431 11.7221 10.4807 9.23821 10.6811 8.47115 8.3153 8.08198 7.48978
threshold=0.31101190476190482 0.25777777777777783 0.030931122448979612 -0.0292857142857143 0.24222222222222226 -0.39897959183673465 0.084219858156028379 -0.33156028368794321 -0.063966175668303302 0.49000000000000005 0.051551870748299318 0.022233201581027654 0.25777777777777783 0.12034482758620692
decision_type=10 2 2 8 2 8 2 2 10 10 10 2 2 10
left_child=1 2 7 12 -5 -3 10 -1 9 -7 -2 -9 -4 -10
right_child=6 5 3 4 -6 8 -8 11 13 -11 -12 -13 -14 -15
leaf_value=-0.00014271049148437928 -0.00012398397486606191 0.00013381218155063292 2.7718213708438988e-05 0.00019918450310068154 0.0010722494701032568 -0.00027116827576330077 0.00022326679726978151 -4.5680677057958441e-05 -4.1779179464919279e-05 -0.0010962536934768163 0.00034048396227629487 3.0493602465408458e-05 -0.00016701840274478254 -0.0002147335512883838
leaf_weight=75471 18076 13427 144023 114626 3611 58478 118179 391082 46134 1637 5003 225726 25008 56088
leaf_count=75471 18076 13427 144023 114626 3611 58478 118179 391082 46134 1637 5003 225726 25008 56088
internal_value=5.61129e-07 -2.17184e-05 4.86918e-06 9.24294e-05 0.000226128 -0.000170061 0.000182988 -3.14217e-05 -0.000195382 -0.000294189 -2.19671e-05 -1.77554e-05 -9.17885e-07 -0.000136974
internal_weight=1.29657e+06 1.15531e+06 979547 287268 118237 175764 141258 692279 162337 60115 23079 616808 169031 102222
internal_count=1296569 1155311 979547 287268 118237 175764 141258 692279 162337 60115 23079 616808 169031 102222
is_linear=0
shrinkage=0.01


Tree=69
num_leaves=15
num_cat=0
split_feature=23 27 24 24 28 15 26 0 28 0 4 27 26 28
split_gain=92.9734 58.6425 34.5884 22.9996 20.1361 16.4436 14.6059 13.3019 13.0215 12.4677 11.0673 11.0199 8.51303 7.77709
threshold=0.077380952380952397 0.28024390243902447 0.13078947368421054 0.2950000000000001 -0.24734042553191488 0.016954022988505794 0.43019480519480524 0.16333333333333336 0.13733075435203099 0.36811594202898557 0.37627551020408168 -0.059411764705882351 0.084219858156028379 0.21937500000000001
decision_type=10 2 10 8 10 2 2 10 8 8 2 2 2 10
left_child=1 2 5 9 6 8 -4 -2 -1 -3 -6 -7 -5 -14
right_child=7 3 4 12 10 11 -8 -9 -10 -11 -12 -13 13 -15
leaf_value=-2.3091015862546997e-05 0.00056254306517692135 -0.00013136392071161042 8.5414660589544158e-05 -0.00014758688464143428 7.5409411466426411e-05 0.00010496297948566467 0.0003256505565676305 0.0012046921393632415 -0.00015855816820485081 -0.00031888119838894879 -0.00019686303132303293 -2.9543094544728517e-05 0.00025870334475599881 -0.00057304039311306925
leaf_weight=256868 12651 218274 44686 8643 263624 137862 59612 4528 98415 42729 15768 108637 22739 1159
leaf_count=256868 12651 218274 44686 8643 263624 137862 59612 4528 98415 42729 15768 108637 22739 1159
internal_value=3.00031e-06 -6.79261e-06 3.01385e-05 -0.000130877 0.000104344 -1.71244e-05 0.000223016 0.000733726 -6.07015e-05 -0.000162181 5.99339e-05 4.55621e-05 0.00011927 0.000217044
internal_weight=1.2962e+06 1.27902e+06 985472 293544 383690 601782 104298 17179 355283 261003 279392 246499 32541 23898
internal_count=1296195 1279016 985472 293544 383690 601782 104298 17179 355283 261003 279392 246499 32541 23898
is_linear=0
shrinkage=0.01


Tree=70
num_leaves=15
num_cat=0
split_feature=23 27 24 24 15 0 23 26 0 26 23 26 21 3
split_gain=88.3455 56.1446 28.1159 27.1697 17.451 15.634 15.25 12.5102 11.7289 10.8306 10.5323 6.88535 5.97504 5.54143
threshold=0.091666666666666688 0.21937500000000001 0.2950000000000001 0.13078947368421054 0.016397849462365614 0.37766439909297056 0.034523809523809519 0.52440476190476204 0.24222222222222226 0.14608739837398377 0.054093567251462034 0.063164893617021281 0.17006802721088435 0.072172619047619027
decision_type=10 2 8 10 2 8 10 2 10 2 10 2 2 10
left_child=1 3 5 4 9 10 7 -5 -2 -1 -3 -4 -7 -6
right_child=8 2 11 6 13 12 -8 -9 -10 -11 -12 -13 -14 -15
leaf_value=3.9376886685121103e-05 0.00063669317023321958 -0.00012527565454754005 -0.00011512144178299786 2.9233164539059436e-05 8.511948175497605e-05 -0.00042012597764846504 0.00039733790390296744 0.0001521034046515592 0.0013841654240052024 -9.0528744438835715e-05 0.00019142885548767129 0.00019295971460461196 -0.00019250470951209868 -3.4688751238791048e-05
leaf_weight=87373 11794 277991 9048 172146 175699 24311 16889 161090 2680 238972 10837 34578 23288 49071
leaf_count=87373 11794 277991 9048 172146 175699 24311 16889 161090 2680 238972 10837 34578 23288 49071
internal_value=5.96649e-07 -8.1571e-06 -0.000110112 3.48041e-05 -8.90946e-06 -0.000141127 0.000103697 8.87209e-05 0.000777425 -5.56569e-05 -0.000113287 0.000128373 -0.000309411 5.88298e-05
internal_weight=1.29577e+06 1.28129e+06 380053 901240 551115 336427 350125 333236 14474 326345 288828 43626 47599 224770
internal_count=1295767 1281293 380053 901240 551115 336427 350125 333236 14474 326345 288828 43626 47599 224770
is_linear=0
shrinkage=0.01


Tree=71
num_leaves=15
num_cat=0
split_feature=24 27 24 20 21 14 27 15 3 3 27 14 15 25
split_gain=55.0287 40.0965 26.97 22.5779 39.7607 28.285 17.9813 13.3545 10.3971 9.99251 9.90231 8.56832 8.14612 9.91738
threshold=-0.036607142857142831 0.28024390243902447 0.31101190476190482 0.030012004801920792 0.052105948762483707 0.2525510204081633 0.060487804878048841 0.016954022988505794 -0.42111111111111105 0.081666666666666679 0.14051282051282057 0.39009661835748793 -0.21869565217391301 0.82500000000000018
decision_type=8 2 10 2 2 2 2 2 8 10 2 2 2 2
left_child=1 7 3 6 10 -6 8 12 -2 -3 -5 -4 13 -1
right_child=2 9 11 4 5 -7 -8 -9 -10 -11 -12 -13 -14 -15
leaf_value=-0.00011056459607588609 -0.00027255533314655251 -0.00015257013282128258 0.00019853203163446072 9.443599271650683e-05 0.00056088237972809647 -5.7534043362052842e-05 -9.9479213539536098e-05 4.745381049180552e-05 6.3076469297987831e-05 -0.00032533592499411223 -7.3052664428326571e-05 -0.00017888506448770472 -4.5935490211730197e-05 -0.00049581422600889272
leaf_weight=27749 9717 91812 135306 114825 28437 9880 161355 160328 173948 53785 50773 6209 264275 8944
leaf_count=27749 9717 91812 135306 114825 28437 9880 161355 160328 173948 53785 50773 6209 264275 8944
internal_value=-2.40695e-06 -7.18958e-05 5.86291e-05 2.68312e-05 0.000110277 0.000400649 -2.24008e-05 -2.61563e-05 4.5152e-05 -0.000216603 4.29018e-05 0.000181757 -6.54687e-05 -0.00020532
internal_weight=1.29734e+06 606893 690450 548935 203915 38317 345020 461296 183665 145597 165598 141515 300968 36693
internal_count=1297343 606893 690450 548935 203915 38317 345020 461296 183665 145597 165598 141515 300968 36693
is_linear=0
shrinkage=0.01


Tree=72
num_leaves=15
num_cat=0
split_feature=23 28 3 23 22 4 22 1 26 28 26 10 17 3
split_gain=84.7149 41.4465 31.2928 25.6365 12.8597 12.2385 12.1213 10.1358 9.99619 7.67043 9.10709 6.96556 6.54935 5.5729
threshold=0.1125 0.10208333333333332 0.43405797101449284 0.027046783625730989 0.32025641025641027 0.22111111111111112 -0.45698427382053647 0.24222222222222226 0.06186224489795919 -0.31725417439703146 0.36055555555555557 0.014087301587301539 -0.38467117988394578 -0.28062499999999996
decision_type=10 10 8 8 2 2 2 10 2 8 2 2 2 10
left_child=1 3 5 4 6 8 -1 -2 -3 10 -5 -6 -4 -7
right_child=7 2 12 9 11 13 -8 -9 -10 -11 -12 -13 -14 -15
leaf_value=-0.00017534662743538766 0.0006539648408380738 8.6245354382475891e-05 -0.00067753527187258483 0.00017428121748322618 -0.0001845274139633724 -0.00042101013757714546 4.9416525322183393e-05 0.0013560146768040293 -5.4999592230257625e-05 0.00020445040705860591 0.00080303463134647857 5.71508542368018e-06 -0.0003067231410336932 -0.00014534940960531209
leaf_weight=24913 10284 57884 6075 4271 41314 8557 614882 2728 366901 32731 5397 35472 26121 59132
leaf_count=24913 10284 57884 6075 4271 41314 8557 614882 2728 366901 32731 5397 35472 26121 59132
internal_value=9.89045e-07 -7.12666e-06 -7.5489e-05 4.00917e-05 2.59079e-05 -5.56699e-05 4.06168e-05 0.000803735 -3.56815e-05 0.000279085 0.000528515 -9.62557e-05 -0.000377679 -0.000180658
internal_weight=1.29666e+06 1.28365e+06 524670 758980 716581 492474 639795 13012 424785 42399 9668 76786 32196 67689
internal_count=1296662 1283650 524670 758980 716581 492474 639795 13012 424785 42399 9668 76786 32196 67689
is_linear=0
shrinkage=0.01


Tree=73
num_leaves=15
num_cat=0
split_feature=23 27 24 24 23 28 1 26 28 1 26 21 27 23
split_gain=83.9307 57.493 31.992 25.2806 16.3689 17.8961 14.7648 14.2105 16.256 13.6784 9.60734 7.45839 7.42038 6.93277
threshold=0.066964285714285712 0.17928571428571435 0.2950000000000001 0.13078947368421054 0.016954022988505794 0.14365079365079372 0.24222222222222226 0.43019480519480524 -0.30217391304347824 0.39009661835748793 0.063164893617021281 0.34021276595744687 -0.15261756876663707 0.054093567251462034
decision_type=10 2 8 10 10 8 10 2 8 8 2 2 2 10
left_child=1 3 9 4 5 -1 -2 -5 -9 13 -4 -11 -6 -3
right_child=6 2 10 7 12 -7 -8 8 -10 11 -12 -13 -14 -15
leaf_value=1.1099718754213248e-05 0.00055124262000763504 -0.00011834158779321472 -0.00014346456548018543 3.4443733591581221e-05 0.0002043146024854626 -0.0001300729291226719 0.0013683668243438789 0.00035180749772989364 0.00011758656936169966 -0.00036027282813845367 0.00020131006729830485 -0.00010383886455538852 2.1336020845721922e-05 0.00015170042540653506
leaf_weight=303430 15717 317083 9986 147886 47181 127351 2655 37794 141212 37698 40571 16758 42552 9702
leaf_count=303430 15717 317083 9986 147886 47181 127351 2655 37794 141212 37698 40571 16758 42552 9702
internal_value=9.97206e-08 -9.51625e-06 -0.000103451 3.83134e-05 -4.91617e-06 -3.05659e-05 0.000671165 0.00010724 0.000167211 -0.000134836 0.000132612 -0.00028192 0.000117883 -0.000110231
internal_weight=1.29758e+06 1.2792e+06 431798 847406 520514 430781 18372 326892 179006 381241 50557 54456 89733 326785
internal_count=1297576 1279204 431798 847406 520514 430781 18372 326892 179006 381241 50557 54456 89733 326785
is_linear=0
shrinkage=0.01


Tree=74
num_leaves=15
num_cat=0
split_feature=23 24 3 19 28 15 28 3 28 24 0 22 3 22
split_gain=81.8507 45.4914 40.6568 21.5915 13.6467 9.44888 9.58563 9.25868 9.23136 10.5831 8.59222 8.10768 7.07832 4.24262
threshold=0.1125 0.31101190476190482 0.30104166666666676 0.015877016129032254 0.060487804878048841 0.078888888888888856 -0.064659977703455954 -0.40212765957446805 0.1588137472283814 -0.051682692307692284 0.24222222222222226 -0.13976744186046511 0.4587585034013606 0.12372448979591839
decision_type=10 10 10 2 10 2 10 8 10 8 10 2 10 2
left_child=1 2 3 7 -5 6 11 -1 9 -4 -2 -3 -10 -8
right_child=10 5 8 4 -6 -7 13 -9 12 -11 -12 -13 -14 -15
leaf_value=-0.00020161109418964058 0.00065081563826258819 0.00033032660258941699 -0.00022318582679423983 9.9933217256856135e-05 -6.7770553254293131e-06 -0.00014275201312222022 -3.7956003560461205e-05 -4.1023037496150916e-05 -0.00020480180914702784 5.5548709448445736e-06 0.0013031154933719944 0.00015093063064069702 -0.00043483766303531869 -0.00064303189295313967
leaf_weight=38970 10253 36598 43381 211955 274661 9420 6104 476500 42386 37425 2693 84935 20234 1467
leaf_count=38970 10253 36598 43381 211955 274661 9420 6104 476500 42386 37425 2693 84935 20234 1467
internal_value=-1.94675e-06 -9.94742e-06 -3.0668e-05 -8.09784e-06 3.96413e-05 0.00016118 0.000183592 -5.32229e-05 -0.000188148 -0.000116878 0.000789093 0.000205207 -0.000279628 -0.000159368
internal_weight=1.29698e+06 1.28404e+06 1.14551e+06 1.00209e+06 486616 138524 129104 515470 143426 80806 12946 121533 62620 7571
internal_count=1296982 1284036 1145512 1002086 486616 138524 129104 515470 143426 80806 12946 121533 62620 7571
is_linear=0
shrinkage=0.01


Tree=75
num_leaves=15
num_cat=0
split_feature=24 11 24 7 3 24 21 19 26 26 24 11 19 26
split_gain=47.2354 24.9548 26.22 24.8075 24.5247 15.3439 21.4657 15.0712 13.6634 9.83608 9.02826 9.01078 8.67523 7.86776
threshold=-0.024695121951219531 0.030931122448979612 0.37689393939393945 0.43683510638297879 0.30104166666666676 0.27951388888888895 0.052105948762483707 0.022233201581027654 0.20881782945736438 0.18274582560296851 -0.063966175668303302 -0.45789007092198575 0.052105948762483707 0.16064516129032261
decision_type=8 2 10 2 10 10 2 2 2 2 10 2 2 2
left_child=4 2 11 5 7 6 -3 8 -1 -4 -6 -2 -11 -7
right_child=1 3 9 -5 10 13 -8 -9 -10 12 -12 -13 -14 -15
leaf_value=2.0027009442433563e-05 -0.00034973790544036854 5.732049733346939e-05 2.9146305009742578e-06 -0.00033211480875056592 -0.00028377860942875344 -1.2504139060735277e-05 0.00047207886620511367 2.3179449813628679e-05 -0.00012023312672912933 0.00025345363391749527 -7.9180594242577018e-05 -1.2290751871520826e-05 -0.00016127377908499961 0.00017429876335498852
leaf_weight=99147 8125 19317 28297 9521 58007 30229 36177 268153 229262 68828 35094 315944 5350 85466
leaf_count=99147 8125 19317 28297 9521 58007 30229 36177 268153 229262 68828 35094 315944 5350 85466
internal_value=6.30106e-07 6.49676e-05 2.31598e-05 0.000163482 -5.59762e-05 0.000191226 0.000328256 -3.23584e-05 -7.77973e-05 0.000162617 -0.000206984 -2.08469e-05 0.000223132 0.000125232
internal_weight=1.29692e+06 607254 426544 180710 689663 171189 55494 596562 328409 102475 93101 324069 74178 115695
internal_count=1296917 607254 426544 180710 689663 171189 55494 596562 328409 102475 93101 324069 74178 115695
is_linear=0
shrinkage=0.01


Tree=76
num_leaves=15
num_cat=0
split_feature=23 27 24 24 6 23 28 23 2 27 23 21 28 28
split_gain=79.0646 55.152 26.7705 24.8067 12.9394 12.5577 12.0706 11.342 10.9361 9.08975 8.43584 7.93676 7.57617 7.34971
threshold=0.077380952380952397 0.23499399759903969 0.2950000000000001 0.26920289855072471 0.16333333333333336 0.016397849462365614 0.1588137472283814 0.010753931544865871 0.36811594202898557 -0.059411764705882351 0.054093567251462034 0.2423404255319149 0.31909090909090915 0.21937500000000001
decision_type=8 2 8 10 10 10 8 10 8 2 10 2 8 10
left_child=1 3 8 5 12 6 -1 -5 10 -7 -3 -10 -2 -4
right_child=4 2 13 7 -6 9 -8 -9 11 -11 -12 -13 -14 -15
leaf_value=9.8455378044589592e-06 0.00065206321191550991 -0.00012956076721617687 0.00014999517191719984 6.2569978770168419e-05 0.0011313873969598426 0.00016658647096073591 -8.9965381344890626e-05 0.00020109909499914735 -0.00036556516604216698 -1.6192491198808885e-05 0.00016352660588059558 -0.00014268991905208025 0.00010374250094380961 -0.00059448524387348451
leaf_weight=370187 9326 242070 39294 165233 4519 67549 179810 92873 35321 45089 10144 30262 3644 1355
leaf_count=370187 9326 242070 39294 165233 4519 67549 179810 92873 35321 45089 10144 30262 3644 1355
internal_value=-2.42465e-06 -1.15789e-05 -0.000116833 2.93643e-05 0.000665309 -2.98674e-06 -2.27313e-05 0.000112534 -0.000147783 9.31552e-05 -0.000117652 -0.000263192 0.000500381 0.000124399
internal_weight=1.29668e+06 1.27919e+06 358446 920741 17489 662635 549997 258106 317797 112638 252214 65583 12970 40649
internal_count=1296676 1279187 358446 920741 17489 662635 549997 258106 317797 112638 252214 65583 12970 40649
is_linear=0
shrinkage=0.01


Tree=77
num_leaves=15
num_cat=0
split_feature=27 11 0 15 21 15 27 21 22 14 27 22 19 15
split_gain=48.7416 23.4952 17.524 14.0793 15.1779 12.1377 22.7166 19.5633 11.9415 11.3441 10.7327 8.51731 6.26102 5.79434
threshold=0.27859477124183013 -0.29795918367346935 0.34021276595744687 0.023268398268398275 0.031582446808510641 0.028594771241830078 0.49000000000000005 0.16333333333333336 0.39663461538461547 0.26631205673758873 0.039230769230769243 -0.033712121212121214 -0.47979591836734686 -0.41918367346938773
decision_type=2 2 8 2 2 2 2 2 2 2 2 2 2 2
left_child=1 -1 5 8 -5 11 -7 -8 10 -6 -3 -2 -13 -4
right_child=2 3 13 4 9 6 7 -9 -10 -11 -12 12 -14 -15
leaf_value=-0.00011271460571241704 -3.1768527255548275e-05 6.5192576478348288e-05 2.0367762494548255e-05 6.6463739799511762e-05 0.00029670441156193119 -5.0553046935616867e-05 0.00025665365301527339 0.0013432325507712149 -0.00014989155704459099 -2.9533854709620089e-05 -2.6598890380627997e-05 0.00050732757783003362 -0.00017215280529658608 -0.00031551303333207632
leaf_weight=97523 82079 389173 5597 206751 57649 41127 9592 2034 37062 12875 188804 1347 119390 45805
leaf_count=97523 82079 389173 5597 206751 57649 41127 9592 2034 37062 12875 188804 1347 119390 45805
internal_value=3.94722e-07 3.4559e-05 -0.000109671 5.06888e-05 0.000109879 -7.56228e-05 5.91309e-05 0.000449631 2.39554e-05 0.000236722 3.51558e-05 -0.000110821 -0.000164311 -0.000278357
internal_weight=1.29681e+06 989837 306971 892314 277275 255569 52753 11626 615039 70524 577977 202816 120737 51402
internal_count=1296808 989837 306971 892314 277275 255569 52753 11626 615039 70524 577977 202816 120737 51402
is_linear=0
shrinkage=0.01


Tree=78
num_leaves=15
num_cat=0
split_feature=3 11 28 20 21 14 28 28 20 26 22 11 25 3
split_gain=43.8393 26.2946 18.5102 16.7794 37.301 15.8379 13.0805 11.4806 11.0416 10.2484 8.22782 7.84302 7.67959 6.93688
threshold=0.30104166666666676 0.022233201581027654 -0.069805194805194801 0.031582446808510641 0.12361111111111113 0.27888888888888896 0.12034482758620692 -0.27207792207792203 -0.24734042553191488 0.64365079365079381 -0.45698427382053647 -0.33156028368794321 1.0000000180025095e-35 0.47979591836734697
decision_type=10 2 8 2 2 2 10 10 2 2 2 2 2 10
left_child=1 2 10 -3 7 -6 -2 -5 9 -4 -1 -10 -12 -8
right_child=6 3 8 4 5 -7 13 -9 11 -11 12 -13 -14 -15
leaf_value=-0.00021775931427379363 -7.6651344531272688e-05 2.6712033827240855e-05 -0.00010114630268493428 0.00028086675344969121 0.00076787085768829607 -3.1663175292573952e-05 -0.00021292740887351991 7.0991015742670634e-05 -0.00017651440043097306 -0.00047257401159657084 -0.00034460699996958529 -3.0985073762989215e-05 5.9930709465846481e-05 -0.00047424199110802364
leaf_weight=11682 86805 271462 19927 31679 12789 2984 55388 151779 42180 12113 4753 312750 268901 12789
leaf_count=11682 86805 271462 19927 31679 12789 2984 55388 151779 42180 12113 4753 312750 268901 12789
internal_value=-7.14742e-07 2.06622e-05 -1.94345e-05 7.79972e-05 0.000147724 0.000614733 -0.000158562 0.000107399 -6.45216e-05 -0.000242535 4.16071e-05 -4.83657e-05 5.27911e-05 -0.000262405
internal_weight=1.29798e+06 1.143e+06 672306 470693 199231 15773 154982 183458 386970 32040 285336 354930 273654 68177
internal_count=1297981 1142999 672306 470693 199231 15773 154982 183458 386970 32040 285336 354930 273654 68177
is_linear=0
shrinkage=0.01


Tree=79
num_leaves=15
num_cat=0
split_feature=24 28 27 26 4 15 17 27 27 11 24 26 28 24
split_gain=46.4311 34.7211 30.1433 23.0177 18.3293 15.3546 14.6924 16.6221 15.1114 13.3457 25.182 11.9266 14.2869 11.8939
threshold=-0.024695121951219531 0.022233201581027654 0.20900537634408609 0.40862708719851587 0.27128623188405804 0.016954022988505794 0.04083333333333334 0.091372912801484255 0.49000000000000005 0.0337121212121212 0.27951388888888895 0.16496598639455784 0.13733075435203099 0.37298387096774199
decision_type=10 10 2 2 2 2 2 2 2 2 10 2 8 10
left_child=2 3 5 -2 6 11 7 -3 -8 13 -11 -1 -13 -5
right_child=1 4 -4 9 -6 -7 8 -9 -10 10 -12 12 -14 -15
leaf_value=4.4051767568349804e-05 4.6139531851309392e-05 5.9927597999049534e-05 -0.00015500878690715407 5.4406634256983414e-05 -0.00018837851222437387 6.2003102949425429e-05 0.00012170769936346939 -0.00011122426599512819 0.00075207110644845367 0.00083323343612258624 0.00025040688313357566 -5.1216494909148513e-05 -0.00024673789192187459 0.00027130324595996195
leaf_weight=85541 119320 138933 214311 47340 46226 175876 55994 95859 4106 9666 33079 166813 48409 55280
leaf_count=85541 119320 138933 214311 47340 46226 175876 55994 95859 4106 9666 33079 166813 48409 55280
internal_value=-4.43277e-07 6.3438e-05 -5.64958e-05 0.000149384 -3.1634e-06 -1.21378e-05 2.577e-05 -9.82167e-06 0.000165308 0.000233922 0.000382953 -5.55929e-05 -9.53365e-05 0.000171543
internal_weight=1.29675e+06 605803 690950 264685 341118 476639 294892 234792 60100 145365 42745 300763 215222 102620
internal_count=1296753 605803 690950 264685 341118 476639 294892 234792 60100 145365 42745 300763 215222 102620
is_linear=0
shrinkage=0.01


Tree=80
num_leaves=15
num_cat=0
split_feature=27 24 10 24 3 14 27 28 26 4 28 10 15 15
split_gain=43.0881 26.7875 19.665 18.4724 13.4329 17.0063 21.6596 12.885 13.7871 10.6175 10.5154 10.0764 8.71301 8.58781
threshold=0.2525510204081633 0.13078947368421054 0.016954022988505794 0.31101190476190482 0.25777777777777783 0.047727272727272736 0.49000000000000005 -0.24734042553191488 0.43019480519480524 0.37627551020408168 0.40550595238095244 0.027046783625730989 -0.41918367346938773 0.010527482269503509
decision_type=2 10 2 8 10 2 2 10 2 2 8 2 2 2
left_child=1 2 10 4 5 -2 -7 8 -3 11 -1 -9 -6 -4
right_child=3 7 13 -5 12 6 -8 9 -10 -11 -12 -13 -14 -15
leaf_value=-4.5978243121331036e-05 -0.00012763248481093952 5.8395253174143677e-05 -3.1901433422709661e-05 0.00011109588149673023 6.7323094661397352e-05 -1.6835084796012592e-05 0.00053191619181596427 3.7910604091118207e-05 0.00029857268593997847 -0.00019320655698577054 -0.00028672566054929765 0.00017351460683516224 -0.00027053060212045717 9.3577528110681653e-05
leaf_weight=302333 177812 41497 77197 37879 8394 37924 8847 178380 57526 15007 19369 79638 71213 183383
leaf_count=302333 177812 41497 77197 37879 8394 37924 8847 178380 57526 15007 19369 79638 71213 183383
internal_value=-4.12019e-07 3.40805e-05 -8.22159e-06 -9.6729e-05 -0.000122708 -8.29349e-05 8.63504e-05 0.000100366 0.000198231 6.47606e-05 -6.05689e-05 7.9883e-05 -0.000234528 5.62892e-05
internal_weight=1.2964e+06 954330 582282 342069 304190 224583 46771 372048 99023 273025 321702 258018 79607 260580
internal_count=1296399 954330 582282 342069 304190 224583 46771 372048 99023 273025 321702 258018 79607 260580
is_linear=0
shrinkage=0.01


Tree=81
num_leaves=15
num_cat=0
split_feature=23 4 28 23 28 19 1 22 28 17 11 28 11 28
split_gain=72.9538 33.4947 19.6756 17.7066 16.2884 12.2956 9.81326 8.82568 8.45186 7.28628 7.22075 6.77616 6.41838 6.4085
threshold=0.066964285714285712 0.24222222222222226 0.011369509043927641 0.025657894736842105 0.10208333333333332 0.16333333333333336 0.39009661835748793 0.36023255813953492 -0.41945945945945939 -0.37877551020408157 -0.41578014184397155 0.31909090909090915 0.023268398268398275 0.4793792517006803
decision_type=8 2 10 8 10 2 10 2 10 2 2 8 2 10
left_child=1 2 3 7 8 11 12 -1 -3 -6 -10 -2 -4 -11
right_child=5 4 6 -5 9 -7 -8 -9 10 13 -12 -13 -14 -15
leaf_value=5.1500293592773626e-05 0.00060489067325725958 0.00018078908102146178 -4.5640082820402727e-05 0.00026402540541071258 -0.00046377477035548705 0.0010740466549462467 -0.00023412611752330738 -0.00011013686013971103 -0.0004154864930646983 -0.00016479834348116779 -5.7662655372092652e-05 0.00010723766052753239 2.9681944412018105e-05 -0.0004977516292249181
leaf_weight=468894 10300 14162 343736 37941 11634 4579 22561 36294 6050 70896 91438 3941 168138 6416
leaf_count=468894 10300 14162 343736 37941 11634 4579 22561 36294 6050 70896 91438 3941 168138 6416
internal_value=1.55823e-07 -8.92243e-06 1.31393e-05 5.55461e-05 -0.000127582 0.000618202 -2.99012e-05 3.98279e-05 -4.68128e-05 -0.000228626 -8.01886e-05 0.00046933 -2.084e-05 -0.000192836
internal_weight=1.29698e+06 1.27816e+06 1.07756e+06 543129 200596 18820 534435 505188 111650 88946 97488 14241 511874 77312
internal_count=1296980 1278160 1077564 543129 200596 18820 534435 505188 111650 88946 97488 14241 511874 77312
is_linear=0
shrinkage=0.01


Tree=82
num_leaves=15
num_cat=0
split_feature=27 11 1 28 28 17 27 3 19 21 21 19 21 3
split_gain=49.6213 20.738 20.1767 16.983 12.9078 10.6081 15.8273 10.2404 9.36265 7.9443 7.69946 7.26644 7.51706 6.1874
threshold=0.17416582406471184 -0.29795918367346935 0.36811594202898557 -0.23956521739130432 0.060487804878048841 0.028594771241830078 0.49000000000000005 0.35791925465838514 0.016397849462365614 0.034523809523809519 0.30104166666666676 0.024404761904761933 0.025657894736842105 -0.43683510638297868
decision_type=2 2 8 10 8 2 2 8 2 2 2 2 2 10
left_child=1 -1 3 11 8 -5 -7 13 -3 -10 -4 -2 -13 -6
right_child=2 4 10 5 7 6 -8 -9 9 -11 -12 12 -14 -15
leaf_value=-0.00010240933079952117 1.0688625547179336e-05 5.6208747619553018e-05 -0.00033007214634971896 -0.00013054935064846094 -0.00018902557558350301 -5.290340347438272e-05 0.00036671407676784184 -0.00020415939686250814 0.00012204575679831549 0.00030311264453790804 -0.00010220916267549667 6.5156095123012139e-05 0.00045071594176904916 3.7307834368214236e-05
leaf_weight=86385 70319 247329 41865 215437 12543 57537 10644 20167 158700 28981 23662 12795 8606 301897
leaf_count=86385 70319 247329 41865 215437 12543 57537 10644 20167 158700 28981 23662 12795 8606 301897
internal_value=0 4.43731e-05 -8.62111e-05 -5.78394e-05 6.08878e-05 -9.61325e-05 1.2178e-05 1.40875e-05 9.6817e-05 0.00015017 -0.000248256 6.02436e-05 0.000221645 2.81823e-05
internal_weight=1.29687e+06 856002 440865 375338 769617 283618 68181 334607 435010 187681 65527 91720 21401 314440
internal_count=1296867 856002 440865 375338 769617 283618 68181 334607 435010 187681 65527 91720 21401 314440
is_linear=0
shrinkage=0.01


Tree=83
num_leaves=15
num_cat=0
split_feature=23 27 24 24 0 4 7 27 3 23 0 7 15 20
split_gain=71.7005 51.442 25.2815 23.9754 11.6659 11.5788 11.2653 13.975 9.17001 8.44546 8.40387 5.60735 5.44831 4.09692
threshold=0.1125 0.23499399759903969 0.2950000000000001 0.26163419913419916 0.36811594202898557 0.35791925465838514 -0.33156028368794321 -0.14946808510638296 -0.43683510638297868 0.054093567251462034 0.16333333333333336 -0.23956521739130432 -0.37877551020408157 -0.21869565217391301
decision_type=10 2 8 10 8 2 2 2 8 10 10 2 2 2
left_child=1 3 4 6 9 8 13 -8 -5 -3 -2 -7 -6 -1
right_child=10 2 -4 5 12 11 7 -9 -10 -11 -12 -13 -14 -15
leaf_value=-0.00022414003567690466 0.00054431624102563932 -0.00012473578102900401 0.00012484791933279265 -0.00015716797261601864 -1.8240989568066631e-05 -0.00044033839654509426 6.7070155641121092e-05 -3.1176389646423966e-05 0.00014475202279580764 0.00015324803129653796 0.0010908356859201278 -2.8162597749961595e-05 -0.00032725433686241488 -6.3684763698017866e-05
leaf_weight=24196 8405 259767 41013 10410 6876 4047 270657 310891 236269 11311 4583 18939 40772 48889
leaf_count=24196 8405 259767 41013 10410 6876 4047 270657 310891 236269 11311 4583 18939 40772 48889
internal_value=4.72121e-07 -6.98329e-06 -0.000108459 3.24791e-05 -0.000138576 0.000111832 -1.63426e-07 1.44968e-05 0.000131887 -0.000113024 0.00073968 -0.000102085 -0.000283295 -0.000117224
internal_weight=1.29702e+06 1.28404e+06 359739 924298 318726 269665 654633 581548 246679 271078 12988 22986 47648 73085
internal_count=1297025 1284037 359739 924298 318726 269665 654633 581548 246679 271078 12988 22986 47648 73085
is_linear=0
shrinkage=0.01


Tree=84
num_leaves=15
num_cat=0
split_feature=27 24 24 11 28 28 28 4 19 19 27 3 28 24
split_gain=44.0972 27.2784 19.613 17.4062 16.4731 14.4455 12.7392 11.9504 11.4268 10.1434 12.1212 9.87818 9.87176 11.1385
threshold=0.28024390243902447 0.13078947368421054 -0.039230769230769201 0.020416666666666698 0.17006802721088435 -0.24734042553191488 0.40550595238095244 0.37627551020408168 0.034523809523809519 0.028594771241830078 0.49000000000000005 0.081666666666666679 -0.45789007092198575 -0.42752100840336132
decision_type=2 10 8 2 10 10 8 2 2 2 2 8 10 10
left_child=1 3 11 6 9 -3 -1 8 -7 -4 -11 -2 -13 -14
right_child=2 5 4 -5 -6 7 -8 -9 -10 10 -12 12 13 -15
leaf_value=-3.9774484209436146e-05 -0.00012427964343706668 0.00019929879797184007 6.9258464090566808e-06 5.2264398926400024e-05 -0.00014072813326557174 3.0109181043884432e-05 -0.00029263429125581011 -0.00020325951462952453 0.00016754536871382359 0.00011227022296401458 0.00067703434214962468 0.00020716281410074059 0.00012706821909428165 -0.00037969707671897245
leaf_weight=320808 91316 104720 65635 265663 69333 176381 21300 16004 92646 14155 5287 3569 4695 45795
leaf_count=320808 91316 104720 65635 265663 69333 176381 21300 16004 92646 14155 5287 3569 4695 45795
internal_value=1.44042e-06 3.34248e-05 -0.000104885 -8.40643e-06 -2.61759e-05 9.87322e-05 -5.56079e-05 6.16773e-05 7.75515e-05 6.68269e-05 0.000267474 -0.000188278 -0.000295816 -0.000331975
internal_weight=1.29731e+06 997522 299785 607771 154410 389751 342108 285031 269027 85077 19442 145375 54059 50490
internal_count=1297307 997522 299785 607771 154410 389751 342108 285031 269027 85077 19442 145375 54059 50490
is_linear=0
shrinkage=0.01


Tree=85
num_leaves=15
num_cat=0
split_feature=3 11 19 21 14 3 11 25 4 0 1 11 21 4
split_gain=41.3095 23.7911 17.9604 37.5727 16.93 12.7187 8.62903 7.78931 7.38937 6.80514 6.08858 6.57741 6.473 6.07817
threshold=0.30104166666666676 0.021286231884057986 0.028594771241830078 0.12361111111111113 0.27888888888888896 -0.41578014184397155 -0.29795918367346935 0.82500000000000018 -0.081666666666666651 0.20106382978723406 0.44159090909090915 -0.39897959183673465 0.27178030303030309 0.27128623188405804
decision_type=10 2 2 2 2 8 2 2 2 8 8 2 2 2
left_child=1 5 13 9 -5 7 -7 -1 -8 -4 11 -2 -12 -3
right_child=10 2 3 4 -6 6 8 -9 -10 -11 12 -13 -14 -15
leaf_value=-0.00011583059138529552 -0.00036949494896959051 3.5655640073785712e-05 0.00013558502826886167 0.00076904460699935495 -5.6652344447614344e-05 -9.5570530598412438e-05 8.4783383067037771e-05 -0.00046568350439330267 -7.7924576703136659e-06 -1.7965048681578403e-05 -0.00040484255261735887 -9.6629065255435779e-05 -0.00011372468255232355 -0.00015385919503292861
leaf_weight=29171 9684 247472 159766 12996 2987 89134 107615 8294 431769 34817 17401 114221 14246 18119
leaf_count=29171 9684 247472 159766 12996 2987 89134 107615 8294 431769 34817 17401 114221 14246 18119
internal_value=2.60043e-06 2.3445e-05 7.74315e-05 0.000146433 0.000612875 -1.51088e-05 -4.39002e-06 -0.000194113 1.06225e-05 0.000107956 -0.000150256 -0.000118206 -0.000274766 2.26121e-05
internal_weight=1.29769e+06 1.14214e+06 476157 210566 15983 665983 628518 37465 539384 194583 155552 123905 31647 265591
internal_count=1297692 1142140 476157 210566 15983 665983 628518 37465 539384 194583 155552 123905 31647 265591
is_linear=0
shrinkage=0.01


Tree=86
num_leaves=15
num_cat=0
split_feature=23 27 24 24 15 3 23 24 22 25 3 27 24 23
split_gain=69.6424 46.8654 26.5052 18.4331 14.0376 13.2671 11.3023 9.50683 8.65925 7.13721 7.11346 6.93783 6.03093 5.79909
threshold=0.059027777777777797 0.30217391304347835 0.13078947368421054 0.31101190476190482 0.020416666666666698 0.24222222222222226 0.04006410256410254 0.43875000000000003 0.06881313131313134 0.82500000000000018 0.087922705314009711 -0.054951690821256054 -0.063966175668303302 0.011766334440753036
decision_type=10 2 10 8 2 10 10 10 2 2 10 2 10 10
left_child=1 2 4 8 9 -2 7 -4 13 -1 -5 -6 -10 -3
right_child=5 3 6 10 11 -7 -8 -9 12 -11 -12 -13 -14 -15
leaf_value=-3.1905439549208575e-05 0.00049266724008592685 -0.00015796663318659885 5.0250829825695851e-05 0.00022348360291855689 8.9748569629219995e-05 0.0012590102269949067 0.00034495407838359743 0.00017439625508792688 -0.00032040859925012684 -0.00013552411300167094 -0.0001158191842393267 -1.8087878114048504e-05 -0.00015815345360132495 -2.8221935252992154e-05
leaf_weight=287618 16104 84548 299182 19350 133964 2711 16382 78174 41087 86984 8945 106863 54532 59209
leaf_count=287618 16104 84548 299182 19350 133964 2711 16382 78174 41087 86984 8945 106863 54532 59209
internal_value=9.32556e-07 -7.94466e-06 2.3232e-05 -0.000125597 -1.77195e-05 0.000604865 8.73166e-05 7.60498e-05 -0.000154181 -5.60471e-05 0.000115158 4.17737e-05 -0.000228195 -0.000104739
internal_weight=1.29565e+06 1.27684e+06 1.00917e+06 267671 615429 18815 393738 377356 239376 374602 28295 240827 95619 143757
internal_count=1295653 1276838 1009167 267671 615429 18815 393738 377356 239376 374602 28295 240827 95619 143757
is_linear=0
shrinkage=0.01


Tree=87
num_leaves=15
num_cat=0
split_feature=27 1 2 28 22 28 15 27 15 15 10 4 22 22
split_gain=42.2773 23.5668 19.1292 18.4789 15.1167 13.8847 12.5528 14.9991 8.66318 7.25641 7.2268 6.50981 6.39648 6.3935
threshold=0.10922587486744435 0.41207729468599036 -0.33156028368794321 -0.23956521739130432 0.32025641025641027 0.060487804878048841 0.028594771241830078 0.49000000000000005 0.024404761904761933 -0.40212765957446805 0.021286231884057986 0.37627551020408168 -0.45698427382053647 0.095491388044579531
decision_type=2 10 8 10 2 8 2 2 2 2 2 2 2 2
left_child=2 3 11 8 5 12 13 -8 -2 -3 -6 -1 -4 -5
right_child=1 9 4 6 10 -7 7 -9 -10 -11 -12 -13 -14 -15
leaf_value=-6.0078055273571042e-05 1.581862775854589e-05 3.683522670593426e-05 -0.0001054444472707336 -8.0329120057577062e-05 -0.00015202559979804087 2.7217655010237087e-05 -2.7093321923955344e-05 0.00038460798919187042 0.00022571124894872366 -0.00031237784300885507 5.5571363617309907e-05 -0.00037115982837407455 0.00013253557767464161 -0.00018266105046765445
leaf_weight=91987 93592 6637 11558 166454 43871 264231 79641 9944 25024 47110 26876 7315 324627 98129
leaf_count=91987 93592 6637 11558 166454 43871 264231 79641 9944 25024 47110 26876 7315 324627 98129
internal_value=-1.07371e-06 -7.01596e-05 4.61003e-05 -4.75245e-05 6.52917e-05 8.1606e-05 -8.37402e-05 1.82823e-05 6.03564e-05 -0.000268697 -7.27388e-05 -8.33063e-05 0.000124264 -0.000118397
internal_weight=1.297e+06 526531 770465 472784 671163 600416 354168 89585 118616 53747 70747 99302 336185 264583
internal_count=1296996 526531 770465 472784 671163 600416 354168 89585 118616 53747 70747 99302 336185 264583
is_linear=0
shrinkage=0.01


Tree=88
num_leaves=15
num_cat=0
split_feature=23 27 24 24 26 28 6 22 19 28 0 26 22 22
split_gain=66.0743 46.6436 26.0442 19.402 15.1542 14.5066 13.1821 12.5505 12.268 9.28546 8.98859 8.1475 7.83147 6.77882
threshold=0.077380952380952397 0.27859477124183013 0.26163419913419916 0.31101190476190482 0.52041666666666686 -0.30217391304347824 0.16333333333333336 0.32025641025641027 0.011237373737373714 0.31909090909090915 0.36811594202898557 0.063164893617021281 -0.45959183673469384 0.06881313131313134
decision_type=8 2 10 8 2 10 10 2 2 8 8 2 2 2
left_child=1 2 7 10 12 -6 9 8 -1 -2 13 -5 -4 -3
right_child=6 3 4 11 5 -7 -8 -9 -10 -11 -12 -13 -14 -15
leaf_value=-7.2986158342251226e-05 0.00061276075485536046 -7.2488104190193231e-05 -0.00057878707290992364 -0.00017264717515291832 0.00034796249143830872 0.00011890249858741092 0.0010765185755977681 -0.00012848610515302504 3.3318526734341598e-05 1.2267201711053235e-05 -0.0002742106585294695 0.00020484613258121837 4.5738365141461861e-05 -0.00018559184827850194
leaf_weight=140502 9315 136799 2027 7355 38541 100491 4586 74299 476538 3701 43810 24679 146258 87970
leaf_count=140502 9315 136799 2027 7355 38541 100491 4586 74299 476538 3701 43810 24679 146258 87970
internal_value=2.44818e-06 -5.90203e-06 2.75393e-05 -0.00011487 0.000107565 0.000182622 0.000610922 -5.67599e-06 9.06375e-06 0.000444362 -0.000142666 0.000117229 3.69875e-05 -0.00011689
internal_weight=1.29687e+06 1.27927e+06 978656 300613 287317 139032 17602 691339 617040 13016 268579 32034 148285 224769
internal_count=1296871 1279269 978656 300613 287317 139032 17602 691339 617040 13016 268579 32034 148285 224769
is_linear=0
shrinkage=0.01


Tree=89
num_leaves=15
num_cat=0
split_feature=23 24 4 24 28 26 15 28 22 24 23 1 22 15
split_gain=68.1211 39.0274 32.6028 16.3224 13.4102 11.0792 11.2328 11.0253 10.2898 9.0499 8.4554 8.145 6.5828 4.13458
threshold=0.1125 0.31101190476190482 0.25521059487624842 0.26163419913419916 -0.39897959183673465 0.084219858156028379 0.081666666666666679 -0.046536796536796536 0.32025641025641027 -0.063966175668303302 0.04653679653679655 0.24222222222222226 0.19416099773242632 -0.25777777777777772
decision_type=10 10 2 8 8 2 2 10 2 10 8 10 2 2
left_child=1 2 3 8 13 12 7 -7 -1 -6 -5 -2 -3 -4
right_child=11 5 4 10 9 6 -8 -9 -10 -11 -12 -13 -14 -15
leaf_value=-1.1768093784166859e-05 0.00058522815532166821 3.2640354349364954e-05 0.00039708576040819072 6.2425783591365635e-05 -0.00027443445537536583 0.00023950437841869159 -0.0001874059050335455 -0.00019418137025420647 -0.00013108327951353568 -0.00011953757168837854 0.00032814460610931426 0.0012164195605445362 -0.00039195905299983173 2.2633994246090092e-05
leaf_weight=708739 10211 17807 4480 165132 60762 103119 7330 6136 80610 102619 12990 2731 4562 9176
leaf_count=708739 10211 17807 4480 165132 60762 103119 7330 6136 80610 102619 12990 2731 4562 9176
internal_value=-7.74069e-07 -8.07714e-06 -2.73135e-05 -4.45004e-06 -0.000152086 0.000150146 0.000189315 0.000214868 -2.39913e-05 -0.000177332 8.19776e-05 0.00072099 -5.26537e-05 0.000147734
internal_weight=1.2964e+06 1.28346e+06 1.14451e+06 967471 177037 138954 116585 109255 789349 163381 178122 12942 22369 13656
internal_count=1296404 1283462 1144508 967471 177037 138954 116585 109255 789349 163381 178122 12942 22369 13656
is_linear=0
shrinkage=0.01


Tree=90
num_leaves=15
num_cat=0
split_feature=27 28 7 3 11 27 28 22 3 15 1 6 4 22
split_gain=40.63 27.5127 18.1138 15.868 14.8294 13.4652 10.5253 8.59233 8.23279 6.81927 6.34731 6.59421 5.95146 5.61984
threshold=1.0000000180025095e-35 -0.23956521739130432 -0.33156028368794321 0.30104166666666676 0.030931122448979612 0.49000000000000005 0.060487804878048841 0.32025641025641027 -0.45789007092198575 -0.43938775510204076 0.40212765957446817 0.024404761904761933 0.39678030303030309 0.23979166666666671
decision_type=2 10 2 8 2 2 8 2 8 2 10 8 2 2
left_child=2 10 12 4 8 -6 7 -4 -3 13 11 -2 -1 -5
right_child=1 3 6 9 5 -7 -8 -9 -10 -11 -12 -13 -14 -15
leaf_value=-5.330985877830338e-05 2.9762611413087833e-05 -0.0005555554657946393 0.00013590578255293578 0.00028344602484766399 -6.2738947769785593e-06 0.00037561082532290731 2.957487143668186e-05 -3.6534744607789685e-05 -9.9979106065594105e-05 -0.0002471933950359396 -0.000159587228420564 0.00017245298784455162 -0.00039557010673094129 -0.00062438683900950173
leaf_weight=85145 105177 4051 272066 4176 109701 10066 247045 32031 287199 73970 12496 47253 5443 798
leaf_count=85145 105177 4051 272066 4176 109701 10066 247045 32031 287199 73970 12496 47253 5443 798
internal_value=8.4511e-08 -5.53051e-05 5.66564e-05 -9.29332e-05 -6.78864e-05 2.55803e-05 7.82223e-05 0.000117644 -0.000106424 -0.00022295 5.62981e-05 7.41957e-05 -7.42182e-05 0.000131482
internal_weight=1.29662e+06 654887 641730 489961 411017 119767 551142 304097 291250 78944 164926 152430 90588 4974
internal_count=1296617 654887 641730 489961 411017 119767 551142 304097 291250 78944 164926 152430 90588 4974
is_linear=0
shrinkage=0.01


Tree=91
num_leaves=15
num_cat=0
split_feature=4 24 27 15 24 27 21 21 25 10 28 28 18 18
split_gain=39.6981 38.3229 26.5104 15.1324 26.9136 15.0092 13.0996 10.9466 10.5956 9.8933 9.62059 9.6102 6.47357 5.81867
threshold=0.2525510204081633 0.26163419913419916 0.019259259259259257 0.054373522458628872 0.13078947368421054 0.39897959183673476 0.2525510204081633 0.16333333333333336 0.82500000000000018 0.016397849462365614 -0.28024390243902436 0.21937500000000001 0.056186868686868681 0.0337121212121212
decision_type=2 10 2 2 8 2 2 2 2 2 8 10 2 2
left_child=1 2 6 -4 -5 10 9 -7 -8 -1 -2 12 13 -3
right_child=5 11 3 4 -6 7 8 -9 -10 -11 -12 -13 -14 -15
leaf_value=2.0824428752137939e-05 7.5012109629726242e-05 0.00016335472844594047 -9.9630712426949147e-05 1.5530868426080622e-05 0.00088133842368746333 -0.0004834548409776525 -3.722021719902292e-05 -0.00016481973769167415 -0.00042890257381625633 0.00012482350568540971 -0.00011996881209830416 3.5475891687991106e-05 4.2738374762409815e-05 0.00033691636117261654
leaf_weight=225392 31941 148576 311935 65552 3801 17420 29981 29483 9056 154942 118960 88834 39010 22696
leaf_count=225392 31941 148576 311935 65552 3801 17420 29981 29483 9056 154942 118960 88834 39010 22696
internal_value=3.05498e-06 2.65352e-05 -9.51064e-06 -6.98885e-05 6.34514e-05 -0.00012734 4.53129e-05 -0.000283825 -0.000128879 6.32715e-05 -7.8498e-05 0.00012312 0.000160002 0.000186535
internal_weight=1.29758e+06 1.09978e+06 800659 381288 69353 197804 419371 46903 39037 380334 150901 299116 210282 171272
internal_count=1297579 1099775 800659 381288 69353 197804 419371 46903 39037 380334 150901 299116 210282 171272
is_linear=0
shrinkage=0.01


Tree=92
num_leaves=15
num_cat=0
split_feature=23 27 24 24 11 19 1 0 15 26 26 15 23 24
split_gain=67.61 45.9119 23.449 19.8218 15.8206 12.4495 11.5199 10.9562 9.57541 8.20198 8.02907 6.38356 5.8145 5.36571
threshold=0.077380952380952397 0.22046511627906976 0.2950000000000001 0.31101190476190482 -0.33156028368794321 0.013701201201201165 0.39009661835748793 0.24222222222222226 0.093790707772470686 0.43019480519480524 0.063164893617021281 -0.40212765957446805 0.054093567251462034 -0.17573529411764702
decision_type=10 2 8 10 2 2 8 10 2 2 2 2 10 10
left_child=1 3 6 4 -1 -6 12 13 9 -5 -4 -8 -3 -2
right_child=7 2 10 8 5 -7 11 -9 -10 -11 -12 -13 -14 -15
leaf_value=-0.0001281974641086103 -0.00028224887668129502 -0.0001145765469197812 -0.00014543706519739747 7.8583509204856614e-05 -1.4960520989924119e-05 6.7033825645473058e-05 2.94866987342774e-05 0.0012130961751782052 -0.00020314188128537435 0.00027351934598900552 0.00018804967230531719 -0.00031034025567524312 0.00012854216567248587 0.00055501966502161386
leaf_weight=71976 760 267426 9071 37730 360519 379712 6116 2713 6506 52132 33866 45209 10095 13744
leaf_count=71976 760 267426 9071 37730 360519 379712 6116 2713 6506 52132 33866 45209 10095 13744
internal_value=-4.92935e-07 -8.88725e-06 -0.000102517 2.93926e-05 1.32634e-05 2.70592e-05 -0.000131257 0.000621909 0.000165017 0.000192012 0.000116892 -0.000269262 -0.000105624 0.00050903
internal_weight=1.29758e+06 1.28036e+06 371783 908575 812207 740231 328846 17217 96368 89862 42937 51325 277521 14504
internal_count=1297575 1280358 371783 908575 812207 740231 328846 17217 96368 89862 42937 51325 277521 14504
is_linear=0
shrinkage=0.01


Tree=93
num_leaves=15
num_cat=0
split_feature=23 27 24 24 2 22 0 4 0 23 23 2 21 6
split_gain=69.491 47.1388 23.2054 20.982 11.875 12.1189 11.6989 9.87788 9.02748 7.78368 6.31575 5.07494 5.02737 4.51554
threshold=0.077380952380952397 0.22776679841897238 0.26163419913419916 0.31101190476190482 -0.32111111111111107 0.27041666666666675 0.16333333333333336 0.37627551020408168 0.39009661835748793 0.034523809523809519 0.048809523809523865 -0.23436821537125485 0.17006802721088435 -0.09891304347826084
decision_type=10 2 10 8 8 2 10 2 8 10 10 10 2 8
left_child=1 2 4 8 -1 -6 -2 9 10 -4 -3 -9 -10 -5
right_child=6 3 7 13 5 -7 -8 11 12 -11 -12 -13 -14 -15
leaf_value=-0.00012261762389168264 0.00046880675692366236 -0.00012178779733310162 0.0001097301635568956 -6.0388414081332e-05 3.1487234640412445e-05 -9.4000516535402756e-05 0.0010693762496312982 -0.00045750975159410253 -0.00037537478807795694 0.00034965610294017245 0.00011533179497749598 -3.2274940335259077e-05 -0.00015760412675179124 0.00017385202143676616
leaf_weight=74695 12620 269551 232540 11220 482048 91515 4560 3459 21840 14500 11589 15896 21925 29257
leaf_count=74695 12620 269551 232540 11220 482048 91515 4560 3459 21840 14500 11589 15896 21925 29257
internal_value=-1.56705e-06 -1.00701e-05 2.82592e-05 -0.000106101 -3.9854e-06 1.14123e-05 0.000630118 0.000106836 -0.000132889 0.000123938 -0.000111906 -0.000109879 -0.000266982 0.000108181
internal_weight=1.29722e+06 1.28004e+06 914653 365382 648258 573563 17180 266395 324905 247040 281140 19355 43765 40477
internal_count=1297215 1280035 914653 365382 648258 573563 17180 266395 324905 247040 281140 19355 43765 40477
is_linear=0
shrinkage=0.01


Tree=94
num_leaves=15
num_cat=0
split_feature=23 27 11 27 23 3 0 15 1 23 26 2 5 2
split_gain=66.6698 42.7342 17.1387 13.2374 12.6797 12.2037 10.2933 8.62513 8.92834 6.1583 5.6917 5.24768 5.06288 4.66224
threshold=0.091666666666666688 0.30217391304347835 -0.29795918367346935 -0.010102040816326539 0.012049941927990694 -0.41918367346938773 0.24222222222222226 -0.41918367346938773 0.45959183673469389 0.010527482269503509 0.29217479674796754 -0.43938775510204076 0.47801932367149763 0.04083333333333334
decision_type=10 2 2 2 8 8 10 2 8 10 2 8 10 10
left_child=1 2 10 5 7 -4 -2 9 -9 -3 -1 -12 -5 -6
right_child=6 4 3 12 13 -7 -8 8 -10 -11 11 -13 -14 -15
leaf_value=-8.3615340144486092e-06 0.0005454096659697152 0.00012999926578552008 -0.00013817464800321041 -6.7442052037508118e-06 -3.9329174273622899e-05 7.7925908821470849e-05 0.0012485500684932674 -0.00015207870338272076 -0.00036970315703635775 -0.00069763098986568267 -0.00046522679000233201 -0.00013300941711762119 -0.0003726077605564028 0.0001774694660378539
leaf_weight=40232 11667 13641 27424 363054 53975 517506 2658 166865 21538 952 5303 55576 3824 12149
leaf_count=40232 11667 13641 27424 363054 53975 517506 2658 166865 21538 952 5303 55576 3824 12149
internal_value=-1.28558e-07 -7.73296e-06 2.20014e-05 3.57236e-05 -0.000119758 6.69947e-05 0.000678205 -0.000158934 -0.000177122 7.38197e-05 -0.000101444 -0.000162462 -1.06424e-05 5.59345e-08
internal_weight=1.29636e+06 1.28204e+06 1.01292e+06 911808 269120 544930 14325 202996 188403 14593 101111 60879 366878 66124
internal_count=1296364 1282039 1012919 911808 269120 544930 14325 202996 188403 14593 101111 60879 366878 66124
is_linear=0
shrinkage=0.01


Tree=95
num_leaves=15
num_cat=0
split_feature=3 24 11 3 26 21 21 24 17 3 22 24 17 6
split_gain=35.9873 29.876 18.0951 11.5382 13.4599 9.81671 25.2311 9.22451 9.37899 8.53724 8.92109 8.07672 7.20892 6.57104
threshold=0.30104166666666676 0.26163419913419916 0.022233201581027654 -0.41578014184397155 0.40862708719851587 0.2525510204081633 0.2423404255319149 -0.087922705314009655 -0.38467117988394578 -0.41578014184397155 0.32025641025641027 -0.37627551020408156 0.3585714285714286 0.16333333333333336
decision_type=10 10 2 10 2 2 2 8 2 8 2 10 2 10
left_child=1 2 9 -3 12 6 -4 11 -9 -1 -11 -2 -5 -6
right_child=7 3 5 4 13 -7 -8 8 -10 10 -12 -13 -14 -15
leaf_value=-0.00022239483417165094 -0.00012405098185890449 -0.0001421529141323736 5.4995030567666072e-05 6.3348844443621152e-05 0.00020588581610571713 -0.00012636342525176953 0.00092273465201746262 -0.00035356976066489221 -5.2156146576484064e-05 -2.3352011712904222e-05 -0.0001596113137355519 -0.00037521432498858988 -0.00023391877742423594 2.6359455651735567e-05
leaf_weight=26870 26005 18061 285514 129258 138053 29350 3393 11708 91403 423832 54350 26167 8670 24382
leaf_count=26870 26005 18061 285514 129258 138053 29350 3393 11708 91403 423832 54350 26167 8670 24382
internal_value=8.49675e-07 2.02987e-05 -1.14813e-05 0.000102562 0.000117378 4.75287e-05 6.52993e-05 -0.000141956 -8.66812e-05 -4.87257e-05 -3.89028e-05 -0.000250612 4.44408e-05 0.000179124
internal_weight=1.29702e+06 1.14173e+06 823309 318424 300363 318257 288907 155283 103111 505052 478182 52172 137928 162435
internal_count=1297016 1141733 823309 318424 300363 318257 288907 155283 103111 505052 478182 52172 137928 162435
is_linear=0
shrinkage=0.01


Tree=96
num_leaves=15
num_cat=0
split_feature=24 28 3 3 22 14 28 27 15 24 22 26 28 25
split_gain=35.3338 24.8095 23.7247 17.5934 14.3661 14.0975 12.8767 12.5186 11.3366 18.8666 14.9935 10.1237 9.32759 8.79306
threshold=-0.050641025641025621 0.17006802721088435 0.22111111111111112 0.39678030303030309 0.12097560975609757 0.36181818181818187 -0.39528508771929821 -0.011911514463981863 0.028594771241830078 0.43875000000000003 0.020204081632653085 0.15954545454545457 -0.14365079365079361 0.4250000000000001
decision_type=8 10 10 8 2 2 10 2 2 10 2 2 10 2
left_child=2 5 4 -3 7 8 -4 11 9 -2 -10 -1 13 -6
right_child=1 3 6 -5 12 -7 -8 -9 10 -11 -12 -13 -14 -15
leaf_value=0.00019618289665927359 2.7785772929776409e-05 -5.3587870750591213e-06 0.0001115466044143662 -0.00029006017378397974 0.00013112983905435701 -0.0001113855453453437 -0.00025704211862771916 -5.9541850803441335e-05 2.009434241572414e-05 0.00020408637598502656 0.00027776303166646436 1.6601884129224204e-05 -0.00018347341702687763 -0.00012594138285100423
leaf_weight=43304 228639 277981 10657 23565 23230 32260 78470 160203 33491 82904 71028 115732 85905 31058
leaf_count=43304 228639 277981 10657 23565 23230 32260 78470 160203 33491 82904 71028 115732 85905 31058
internal_value=-2.2441e-06 4.23494e-05 -6.3257e-05 -2.77096e-05 -3.42129e-05 8.95386e-05 -0.000212631 2.75199e-06 0.00010519 7.47985e-05 0.000195488 6.56915e-05 -0.000118599 -1.53861e-05
internal_weight=1.29843e+06 749868 548559 301546 459432 448322 89127 319239 416062 311543 104519 159036 140193 54288
internal_count=1298427 749868 548559 301546 459432 448322 89127 319239 416062 311543 104519 159036 140193 54288
is_linear=0
shrinkage=0.01


Tree=97
num_leaves=15
num_cat=0
split_feature=23 24 23 0 19 7 22 26 0 23 24 7 0 24
split_gain=62.0929 36.5401 16.4543 15.1861 13.1937 12.6168 8.37034 8.3688 8.12959 7.55074 6.35691 6.10461 5.08209 4.84592
threshold=0.1125 0.26163419913419916 0.010527482269503509 0.26020833333333337 0.015877016129032254 0.45959183673469389 0.32025641025641027 0.55684754521963831 0.16333333333333336 0.034523809523809519 -0.063164893617021253 0.26839539007092206 0.011766334440753036 0.46906887755102045
decision_type=10 10 10 10 2 2 2 2 10 10 8 2 8 10
left_child=1 3 5 4 6 7 -1 -3 -2 12 -5 -6 -4 -7
right_child=8 2 9 10 11 13 -8 -9 -10 -11 -12 -13 -14 -15
leaf_value=-4.4853598502080658e-05 0.00049761728824234699 -1.8152525059603463e-05 0.00022672738944097656 -0.00020572149970815543 3.3475503934728887e-05 -0.00041903641414419958 -0.00017976999282407098 0.00010901111071283779 0.0010348375484272034 0.00032760345195562813 -5.7185357924728554e-05 -0.00010984087982027473 8.7611075982927549e-05 0.0001804769308843517
leaf_weight=377788 8500 115133 37408 70686 329045 8478 52618 93535 4548 22462 49772 32597 92743 1525
leaf_count=377788 8500 115133 37408 70686 329045 8478 52618 93535 4548 22462 49772 32597 92743 1525
internal_value=1.06203e-06 -5.89152e-06 7.77185e-05 -3.99441e-05 -2.39893e-05 2.1944e-05 -6.14182e-05 3.87053e-05 0.000687364 0.000157436 -0.0001446 2.04738e-05 0.000127831 -0.000324613
internal_weight=1.29684e+06 1.28379e+06 371284 912506 792048 218671 430406 208668 13048 152613 120458 361642 130151 10003
internal_count=1296838 1283790 371284 912506 792048 218671 430406 208668 13048 152613 120458 361642 130151 10003
is_linear=0
shrinkage=0.01


Tree=98
num_leaves=15
num_cat=0
split_feature=23 27 11 28 23 4 28 2 27 15 28 27 28 28
split_gain=59.9641 38.9399 17.7895 14.3596 13.7122 13.7038 12.5458 11.0713 10.852 8.6118 14.7074 7.52517 6.86455 5.62877
threshold=0.066964285714285712 0.32025641025641027 -0.29795918367346935 0.10208333333333332 0.012049941927990694 0.19678442028985507 -0.17006802721088435 0.16333333333333336 -0.019259259259259278 -0.37877551020408157 0.21583850931677021 0.39619252873563227 0.32732919254658394 -1.0000000180025095e-35
decision_type=10 2 2 10 8 2 10 10 2 2 10 2 10 10
left_child=1 2 -1 8 9 -5 -6 12 -4 10 -3 -11 -2 -9
right_child=7 4 3 5 6 -7 -8 13 -10 11 -12 -13 -14 -15
leaf_value=-0.00010619201713546038 0.00055385428058372043 0.00017139938306920505 0.00010192360841866146 9.2819239553706885e-06 0.00026749866520417833 -0.00016092837293745608 -7.2705531159939223e-05 4.2306322270255544e-05 1.3924077126038284e-05 -0.00010429308004600799 -0.00049170845908096323 -0.00024440408490459582 4.1180497932213326e-05 0.0011368409146726465
leaf_weight=102911 10338 15761 321748 305759 14353 55905 44162 599 249815 64326 4236 98510 3669 3935
leaf_count=102911 10338 15761 321748 305759 14353 55905 44162 599 249815 64326 4236 98510 3669 3935
internal_value=6.66793e-08 -8.10539e-06 1.85156e-05 3.23001e-05 -0.000122516 -1.69469e-05 1.02391e-05 0.000564655 6.35141e-05 -0.000165167 2.93794e-05 -0.000189242 0.000421743 0.000998975
internal_weight=1.29603e+06 1.27749e+06 1.03614e+06 933227 241348 361664 58515 18541 571563 182833 19997 162836 14007 4534
internal_count=1296027 1277486 1036138 933227 241348 361664 58515 18541 571563 182833 19997 162836 14007 4534
is_linear=0
shrinkage=0.01


Tree=99
num_leaves=15
num_cat=0
split_feature=27 28 4 10 10 4 19 21 28 4 27 21 19 1
split_gain=38.9111 21.8266 16.9528 16.7279 11.838 12.8739 10.518 9.59143 7.51171 6.97139 6.91451 8.19218 6.80037 7.60287
threshold=1.0000000180025095e-35 -0.23956521739130432 0.25777777777777783 1.0000000180025095e-35 0.04083333333333334 0.24222222222222226 0.016954022988505794 0.047727272727272736 0.084349593495934974 0.39678030303030309 0.39897959183673476 0.2423404255319149 -0.47979591836734686 0.3802173913043479
decision_type=2 10 2 2 2 2 2 2 8 2 2 2 2 8
left_child=3 12 4 9 -3 -6 -5 8 -8 -1 -4 -12 -2 -14
right_child=1 2 10 6 5 -7 7 -9 -10 -11 11 -13 13 -15
leaf_value=-8.4836603425733787e-06 0.00057437658671543094 -9.1111333220305883e-05 -0.00013425922699019028 4.3349843325042917e-05 1.3914709852932076e-05 0.00075462322065582093 0.00017106071785411234 0.00030314818616613767 4.5494843589337106e-05 -0.00024681539546187592 -0.00046719055933370753 -0.00016756272234944833 6.0936379260271253e-05 -0.00017909758788503834
leaf_weight=155768 2419 291099 51341 248358 108081 2399 101574 30615 91253 13354 18247 19121 148194 14433
leaf_count=155768 2419 291099 51341 248358 108081 2399 101574 30615 91253 13354 18247 19121 148194 14433
internal_value=2.28622e-06 -5.18725e-05 -8.53783e-05 5.77095e-05 -5.76374e-05 3.02903e-05 8.83117e-05 0.000138152 0.000111795 -2.74839e-05 -0.000210615 -0.000314701 4.74785e-05 3.94462e-05
internal_weight=1.29626e+06 655334 490288 640922 401579 110480 471800 223442 192827 169122 88709 37368 165046 162627
internal_count=1296256 655334 490288 640922 401579 110480 471800 223442 192827 169122 88709 37368 165046 162627
is_linear=0
shrinkage=0.01


Tree=100
num_leaves=15
num_cat=0
split_feature=23 27 24 7 24 5 26 26 6 28 3 28 6 28
split_gain=60.1711 41.5685 28.1075 15.6145 14.7461 14.3643 9.71764 9.09054 8.9118 8.60751 8.15627 6.99273 6.08536 5.53431
threshold=0.091666666666666688 0.039230769230769243 0.2950000000000001 -0.39897959183673465 -0.22821969696969696 0.43405797101449284 0.1023024594453166 0.063164893617021281 0.16333333333333336 0.084349593495934974 0.32256944444444446 -1.0000000180025095e-35 0.0439613526570048 -0.1633333333333333
decision_type=8 2 8 2 10 8 2 2 10 10 8 10 10 8
left_child=1 3 5 -1 6 10 -5 12 -2 -6 -3 -9 -4 -10
right_child=8 2 7 4 9 -7 -8 11 13 -11 -12 -13 -14 -15
leaf_value=-0.00011386537231327126 0.00046191624044235601 -6.2311173584515882e-05 -0.00022165655192434987 0.00013101588392214469 0.00012557143793328102 -0.0002753997107171053 -7.230214551409856e-05 0.00019077768541559754 5.3292110092802032e-05 3.9017402261832625e-05 -0.0001829941098289737 -0.00027355444112091488 0.00037761254901431257 0.0011380016772013031
leaf_weight=55511 10327 437276 10828 29813 265734 39912 110175 58392 600 204614 64648 3380 1976 3989
leaf_count=55511 10327 437276 10828 29813 265734 39912 110175 58392 600 204614 64648 3380 1976 3989
internal_value=-8.7171e-07 -8.24121e-06 -6.74369e-05 4.65146e-05 6.1151e-05 -9.25195e-05 -2.87857e-05 0.000114396 0.000630514 8.79824e-05 -7.7916e-05 0.000164873 -0.000126764 0.00100284
internal_weight=1.29718e+06 1.28226e+06 616412 665847 610336 541836 139988 74576 14916 470348 501924 61772 12804 4589
internal_count=1297175 1282259 616412 665847 610336 541836 139988 74576 14916 470348 501924 61772 12804 4589
is_linear=0
shrinkage=0.01


Tree=101
num_leaves=15
num_cat=0
split_feature=23 27 6 28 11 28 19 28 22 0 19 22 5 28
split_gain=55.9725 34.2157 22.375 18.5327 14.7089 11.9741 8.40435 8.33848 8.15355 7.80665 7.77414 6.97925 6.65444 5.76202
threshold=0.04653679653679655 0.11257406188281767 0.16333333333333336 -0.010874704491725782 -0.25777777777777772 0.13525498891352553 -0.069805194805194801 -0.21269841269841269 0.32025641025641027 0.37766439909297056 -0.47979591836734686 -0.36535926170072502 0.42590909090909096 -0.1633333333333333
decision_type=8 2 10 10 2 10 2 8 2 10 2 2 8 8
left_child=1 4 7 10 -1 8 -7 -2 -6 11 -3 -5 -12 -4
right_child=2 3 13 9 5 6 -8 -9 -10 -11 12 -13 -14 -15
leaf_value=-8.6015997880292458e-05 0.00048089729155620538 0.0005230616206295431 4.4819807306418709e-05 6.0732936416489083e-05 9.4670458524605993e-05 -0.00017744166372748825 1.095152183145105e-05 0.00017796051064271532 -4.6427377628924802e-05 -0.00027670672719773545 -4.9786644542711754e-06 -0.00013109656414853266 -0.00023432063620829516 0.0011181671087569446
leaf_weight=95856 11886 2675 640 20625 367836 26707 207339 41643 45783 34120 215127 209814 13463 3959
leaf_count=95856 11886 2675 640 20625 367836 26707 207339 41643 45783 34120 215127 209814 13463 3959
internal_value=8.0935e-07 -1.33922e-05 0.000304102 -7.77513e-05 2.94861e-05 4.66273e-05 -1.04199e-05 0.000245811 7.89798e-05 -0.000134923 -1.22181e-05 -0.000113796 -1.86201e-05 0.000975445
internal_weight=1.29747e+06 1.23934e+06 58128 495824 743521 647665 234046 53529 413619 264559 231265 230439 228590 4599
internal_count=1297473 1239345 58128 495824 743521 647665 234046 53529 413619 264559 231265 230439 228590 4599
is_linear=0
shrinkage=0.01


Tree=102
num_leaves=15
num_cat=0
split_feature=23 24 28 26 3 3 22 21 7 28 28 3 18 28
split_gain=56.403 33.4555 19.3906 19.8827 18.7533 14.255 10.6795 9.66715 9.13895 8.68844 8.4348 8.15414 7.96395 6.80405
threshold=0.077380952380952397 0.26163419913419916 0.091372912801484255 0.36055555555555557 0.30104166666666676 0.43938775510204087 0.32025641025641027 0.23124999999999998 0.16333333333333336 -0.30217391304347824 -0.39528508771929821 -0.46863636363636357 0.078661616161616169 0.4793792517006803
decision_type=8 10 10 2 10 8 2 2 2 10 10 10 2 10
left_child=1 4 3 12 6 11 7 -1 -2 -5 -6 -4 -3 -12
right_child=8 2 5 9 10 -7 -8 -9 -10 -11 13 -13 -14 -15
leaf_value=-1.241217210084597e-06 0.00042192819526690775 6.2861212780539194e-05 -0.00052302171476216203 0.00030691772603065403 8.0627583000400315e-05 -0.00037006401136344352 -0.00013327767307424047 -0.00011987404793912732 0.00095270440901428595 0.00013912039695272458 -0.00018693719081072397 1.9674354941059852e-05 -0.000172113603241673 -0.00065906373377196321
leaf_weight=647691 13022 80443 2824 54066 11591 10772 83678 76909 4537 74382 85666 130349 17539 3222
leaf_count=647691 13022 80443 2824 54066 11591 10772 83678 76909 4537 74382 85666 130349 17539 3222
internal_value=-1.91372e-06 -9.66466e-06 7.04132e-05 0.000128121 -4.23345e-05 -2.01561e-05 -2.62736e-05 -1.38747e-05 0.000560921 0.000209988 -0.000171229 7.92943e-06 2.049e-05 -0.00020441
internal_weight=1.29669e+06 1.27913e+06 370375 226430 908757 143945 808278 724600 17559 128448 100479 133173 97982 88888
internal_count=1296691 1279132 370375 226430 908757 143945 808278 724600 17559 128448 100479 133173 97982 88888
is_linear=0
shrinkage=0.01


Tree=103
num_leaves=15
num_cat=0
split_feature=24 28 3 3 27 26 27 19 24 21 26 15 11 28
split_gain=35.2069 27.6267 21.1611 15.9284 13.8452 12.8669 10.2211 10.1011 15.8827 13.9964 11.909 9.2688 9.13254 7.80195
threshold=-0.051682692307692284 0.17006802721088435 0.37766439909297056 0.39246068455134137 0.04027027027027031 0.16064516129032261 0.070714285714285688 0.028594771241830078 0.37689393939393945 0.034523809523809519 0.084219858156028379 -0.21869565217391301 0.0337121212121212 -0.35053191489361696
decision_type=8 10 10 8 2 2 2 2 10 2 2 2 2 10
left_child=2 7 4 6 5 -1 -3 8 -2 -9 -10 -7 -11 -4
right_child=1 3 13 -5 -6 11 -8 9 10 12 -12 -13 -14 -15
leaf_value=0.00011425369882197517 1.4280946256754368e-05 4.6072936259293173e-05 4.6854212473009973e-05 -0.00027417686700217302 -9.9282093275014708e-05 -0.0002946167832955926 -7.6536732884932497e-05 9.9907002566198424e-05 -8.1344687829738803e-05 -9.9512734633638297e-05 0.00020898294187049045 -1.8490917201437824e-05 0.00037650972729596599 -0.00032831315733675289
leaf_weight=78750 209530 158593 6366 24164 226504 13037 118929 90256 16562 4424 90944 185936 36297 36758
leaf_count=78750 209530 158593 6366 24164 226504 13037 118929 90256 16562 4424 90944 185936 36297 36758
internal_value=1.4439e-06 4.59833e-05 -5.95062e-05 -2.79152e-05 -4.12515e-05 5.96932e-06 -6.36225e-06 9.58124e-05 6.51378e-05 0.000169829 0.000163976 -3.6738e-05 0.000324054 -0.000272236
internal_weight=1.29705e+06 749699 547351 301686 504227 277723 277522 448013 317036 130977 107506 198973 40721 43124
internal_count=1297050 749699 547351 301686 504227 277723 277522 448013 317036 130977 107506 198973 40721 43124
is_linear=0
shrinkage=0.01


Tree=104
num_leaves=15
num_cat=0
split_feature=23 24 4 24 21 28 24 14 28 24 25 1 28 14
split_gain=55.4915 30.9307 26.4144 14.8154 11.9779 10.4806 8.96946 8.3508 8.399 7.89851 6.65164 6.27793 4.7413 4.05427
threshold=0.1125 0.31101190476190482 0.25521059487624842 0.26163419913419916 0.23691215616681457 -0.43969696969696964 0.27951388888888895 0.39897959183673476 0.2558265582655827 -0.063966175668303302 0.27500000000000008 0.16333333333333336 -1.0000000180025095e-35 0.29795918367346946
decision_type=10 10 2 8 2 8 8 2 10 10 2 10 10 2
left_child=1 2 3 4 -1 13 -5 8 10 -7 -3 -2 -13 -4
right_child=11 7 5 6 -6 9 -8 -9 -10 -11 -12 12 -14 -15
leaf_value=-8.354957711061897e-06 0.00048227142392800483 -6.1008892554600177e-06 0.00027135747204884832 0.00019703166688722081 -0.00013724176382353805 -0.00024160659092197574 3.6269234076831792e-05 -0.00023861541729776543 -0.00037256217956126852 -9.9583226203642201e-05 0.00019268522169927846 8.6933287119788275e-05 0.0010869703254505064 -0.00045497138900761543
leaf_weight=709375 8359 19503 7949 47650 80356 63564 130272 5690 2963 105151 110865 615 3932 820
leaf_count=709375 8359 19503 7949 47650 80356 63564 130272 5690 2963 105151 110865 615 3932 820
internal_value=1.51244e-07 -6.38357e-06 -2.3506e-05 -2.90528e-06 -2.15078e-05 -0.000135652 7.94949e-05 0.000134438 0.000150589 -0.000153272 0.000162717 0.000652545 0.000958451 0.000199885
internal_weight=1.29706e+06 1.28416e+06 1.14514e+06 967653 789731 177484 177922 139021 133331 168715 130368 12906 4547 8769
internal_count=1297064 1284158 1145137 967653 789731 177484 177922 139021 133331 168715 130368 12906 4547 8769
is_linear=0
shrinkage=0.01


Tree=105
num_leaves=15
num_cat=0
split_feature=27 24 24 5 15 21 28 19 26 28 11 19 24 19
split_gain=35.4854 23.873 17.0389 14.9502 13.4599 14.0642 11.8152 10.9695 10.1729 13.266 10.0033 7.95525 7.61314 7.31883
threshold=0.060487804878048841 0.31101190476190482 -0.22821969696969696 0.45603864734299526 0.042572463768115916 0.12361111111111113 0.095491388044579531 -0.078888888888888883 0.16064516129032261 0.21583850931677021 -0.22821969696969696 -0.47979591836734686 -0.023268398268398268 -0.1633333333333333
decision_type=2 8 10 8 2 2 10 2 2 10 2 2 10 2
left_child=2 3 8 4 11 -6 10 -8 -1 13 -4 -2 -12 -10
right_child=1 -3 6 -5 5 -7 7 -9 9 -11 12 -13 -14 -15
leaf_value=8.2752180262630367e-05 0.00042314765793621291 0.0001150572498087733 -3.2734860858081199e-05 -0.00029904857840680043 -6.0612374796574422e-06 0.00038525205333733373 -0.00015053656586593627 4.7690839217987677e-05 -0.00021914401017178919 -0.00031434575232226286 8.0036727012763024e-05 -0.00010018692444582781 0.0001864957728560155 1.7436666700574262e-06
leaf_weight=46566 2903 70098 39995 29835 97153 10126 32332 202643 18528 21824 129307 375763 142966 77366
leaf_count=46566 2903 70098 39995 29835 97153 10126 32332 202643 18528 21824 129307 375763 142966 77366
internal_value=-2.57993e-07 -5.79149e-05 4.71751e-05 -8.14817e-05 -6.80605e-05 3.06047e-05 7.40071e-05 2.0286e-05 -4.20215e-05 -9.16343e-05 0.000114334 -9.60923e-05 0.000136048 -4.06275e-05
internal_weight=1.2974e+06 585878 711527 515780 485945 107279 547243 234975 164284 117718 312268 378666 272273 95894
internal_count=1297405 585878 711527 515780 485945 107279 547243 234975 164284 117718 312268 378666 272273 95894
is_linear=0
shrinkage=0.01


Tree=106
num_leaves=15
num_cat=0
split_feature=23 24 4 4 23 21 28 26 2 22 26 28 28 26
split_gain=54.766 29.0159 21.2564 13.8095 13.3115 12.9062 10.6435 10.6117 8.69967 8.27155 8.10635 7.27896 7.06897 6.39017
threshold=0.077380952380952397 0.26163419913419916 0.27128623188405804 0.21807065217391305 0.034523809523809519 0.23691215616681457 0.20106382978723406 0.14142857142857146 0.24222222222222226 0.32025641025641027 0.49489795918367352 -0.29361054766734279 -0.43969696969696964 0.096006144393241177
decision_type=10 10 2 2 8 2 10 2 10 2 2 10 10 2
left_child=1 3 4 5 10 9 12 -7 -2 -1 -3 -4 -5 -6
right_child=8 2 11 6 13 7 -8 -9 -10 -11 -12 -13 -14 -15
leaf_value=3.9544634415626482e-06 0.00046219938074281396 3.2262930183373744e-05 0.00010914084192387876 0.00017901056472090102 0 5.1011210112993095e-05 -0.00027232796707188188 -0.0002159969403013316 0.0010994579581300357 -0.00011125024230419688 0.00014012612198167188 -0.00014523289340672086 -0.00010285062791343809 0.00042805809342500605
leaf_weight=624240 14490 144985 14070 9776 4456 20073 37995 55785 2629 69190 135763 54005 92160 17379
leaf_count=624240 14490 144985 14070 9776 4456 20073 37995 55785 2629 69190 135763 54005 92160 17379
internal_value=1.55471e-07 -7.33724e-06 6.72063e-05 -3.77592e-05 0.000103172 -2.1091e-05 -0.000129178 -0.000144948 0.000561992 -7.49776e-06 8.45308e-05 -9.22148e-05 -7.55204e-05 0.000341443
internal_weight=1.297e+06 1.27988e+06 370658 909219 302583 769288 139931 75858 17119 693430 280748 68075 101936 21835
internal_count=1296996 1279877 370658 909219 302583 769288 139931 75858 17119 693430 280748 68075 101936 21835
is_linear=0
shrinkage=0.01


Tree=107
num_leaves=15
num_cat=0
split_feature=23 27 15 24 24 28 19 28 28 26 22 14 19 24
split_gain=56.4076 42.0926 21.7313 20.4692 13.4949 12.2579 12.2863 11.7971 10.7308 11.6938 8.96443 8.073 11.906 9.55848
threshold=0.04006410256410254 0.32630878438331862 0.16333333333333336 0.13078947368421054 0.31101190476190482 0.13525498891352553 0.016954022988505794 -0.21269841269841269 -0.24734042553191488 0.52041666666666686 -0.45698427382053647 0.011766334440753036 -0.47894503546099287 -0.063966175668303302
decision_type=8 2 2 10 8 10 2 8 10 2 2 2 2 10
left_child=1 3 7 5 11 6 -1 -2 9 -5 -10 13 -13 -3
right_child=2 4 -4 8 -6 -7 -8 -9 10 -11 -12 12 -14 -15
leaf_value=-4.3509527918895746e-05 0.00048055028368460055 -0.00033867446106766188 0.00094136339750413092 4.6406003980377926e-05 9.0317553681102387e-05 -9.0491639535147087e-05 6.6058495514011574e-05 0.00015411497457125107 -0.00046673939194425004 0.0002610369184242573 4.1717850501444087e-05 0.00079213109406139036 -0.00011817252286912257 -0.00013920076152694978
leaf_weight=230509 14493 45510 4623 50759 22587 198257 183976 49274 3499 51593 283469 1446 104507 52486
leaf_count=230509 14493 45510 4623 50759 22587 198257 183976 49274 3499 51593 283469 1446 104507 52486
internal_value=-2.04252e-06 -1.76251e-05 0.000277443 1.01775e-05 -0.000140738 -2.58133e-05 5.05179e-06 0.000228797 6.68993e-05 0.000154893 3.54089e-05 -0.000166476 -0.000105444 -0.000232151
internal_weight=1.29699e+06 1.2286e+06 68390 1.00206e+06 226536 612742 414485 63767 389320 102352 286968 203949 105953 97996
internal_count=1296988 1228598 68390 1002062 226536 612742 414485 63767 389320 102352 286968 203949 105953 97996
is_linear=0
shrinkage=0.01


Tree=108
num_leaves=15
num_cat=0
split_feature=23 27 20 24 27 7 24 23 15 15 28 26 24 3
split_gain=52.4149 34.159 23.3988 21.1362 16.8127 13.6765 12.1292 10.7898 10.5121 9.9617 9.12877 7.80843 7.32739 5.79113
threshold=0.034523809523809519 0.37779990044798412 0.16333333333333336 0.43875000000000003 -0.010874704491725782 -0.33156028368794321 -1.0000000180025095e-35 0.011766334440753036 0.022233201581027654 -0.40212765957446805 0.20900537634408609 0.40862708719851587 -0.03062500000000001 -0.46863636363636357
decision_type=8 2 2 10 2 2 10 10 2 2 10 2 10 10
left_child=1 3 6 4 5 -1 -2 9 11 10 -3 -5 -11 -6
right_child=2 7 -4 8 13 -7 -8 -9 -10 12 -12 -13 -14 -15
leaf_value=-8.7696667671499884e-05 4.7373962251081782e-05 0.00021170502483782287 0.00095858131640787886 8.2855590113166142e-05 -0.00044838370583263518 5.1195652226434977e-05 0.00032303228517208192 -3.4005651175767751e-05 -0.00010081060787787028 -0.00032382509733712184 -0.00041157404714311759 0.00029276057478161242 -0.00014924138977535133 -5.0570006355733958e-05
leaf_weight=83734 26579 9567 4546 31634 3709 458387 41043 55862 13368 50434 3096 41760 47703 425435
leaf_count=83734 26579 9567 4546 31634 3709 458387 41043 55862 13368 50434 3096 41760 47703 425435
internal_value=5.10966e-07 -1.48988e-05 0.000262419 6.03503e-06 -7.29426e-06 2.96872e-05 0.000215135 -0.000147971 0.000155592 -0.000205156 5.68885e-05 0.000202704 -0.000239275 -5.40812e-05
internal_weight=1.29686e+06 1.22469e+06 72168 1.05803e+06 971265 542121 67622 166662 86762 110800 12663 73394 98137 429144
internal_count=1296857 1224689 72168 1058027 971265 542121 67622 166662 86762 110800 12663 73394 98137 429144
is_linear=0
shrinkage=0.01


Tree=109
num_leaves=15
num_cat=0
split_feature=24 28 3 3 15 28 28 14 14 15 24 28 18 26
split_gain=34.146 22.5226 22.1156 12.8432 12.0454 10.9469 10.2372 9.87154 10.385 11.6871 10.4571 9.00011 7.89332 7.32434
threshold=-0.039230769230769201 0.17006802721088435 0.22111111111111112 0.39678030303030309 0.018187830687830701 0.43908472479901062 0.13525498891352553 0.36811594202898557 0.04083333333333334 -0.057777777777777782 0.32213438735177874 -0.41578014184397155 0.10113636363636365 0.15954545454545457
decision_type=8 10 10 8 2 8 10 2 2 2 10 8 2 2
left_child=2 7 4 12 6 11 -1 8 10 -10 -2 -4 -3 -8
right_child=1 3 5 -5 -6 -7 13 -9 9 -11 -12 -13 -14 -15
leaf_value=-3.0013972260667899e-05 3.7795171825165492e-05 -2.358094734209855e-05 0.00010901686100029961 -0.00024985672688466218 4.1526174352553542e-05 -0.00067511723547601014 -2.7621546530975343e-06 -9.1194908254127677e-05 5.1829283770041463e-05 0.00029741136301809879 0.00016380654128172347 -0.00019624943692550024 0.00011903104812240434 -0.00022074684870153919
leaf_weight=249388 187663 221684 10682 22012 173255 4409 21531 25653 30751 53945 102200 90211 47038 56860
leaf_count=249388 187663 221684 10682 22012 173255 4409 21531 25653 30751 53945 102200 90211 47038 56860
internal_value=1.1748e-06 4.92577e-05 -5.35682e-05 -1.76408e-05 -2.5811e-05 -0.000185349 -6.14952e-05 9.79309e-05 0.000110965 0.000208606 8.2329e-05 -0.00016363 1.27175e-06 -0.00016126
internal_weight=1.29728e+06 690946 606336 290734 501034 105302 327779 400212 374559 84696 289863 100893 268722 78391
internal_count=1297282 690946 606336 290734 501034 105302 327779 400212 374559 84696 289863 100893 268722 78391
is_linear=0
shrinkage=0.01


Tree=110
num_leaves=15
num_cat=0
split_feature=23 24 4 3 21 25 28 28 11 21 6 17 25 24
split_gain=47.7132 28.8107 20.2757 16.1467 10.8075 11.9735 10.7776 9.59946 8.69146 7.5371 6.68086 6.67146 6.6336 6.53778
threshold=0.1125 0.26163419913419916 0.27128623188405804 0.30104166666666676 0.23691215616681457 0.82500000000000018 -0.24734042553191488 0.29238505747126442 -0.37888888888888883 0.45603864734299526 0.43813775510204089 0.010102040816326542 0.27500000000000008 -0.051682692307692284
decision_type=10 10 2 10 2 2 10 10 2 2 10 2 2 8
left_child=1 3 6 4 8 -6 12 13 -1 -8 -4 -12 -3 -5
right_child=-2 2 10 7 5 -7 9 -9 -10 -11 11 -13 -14 -15
leaf_value=-0.00017718280435877206 0.00060486933905395815 -1.3576652639493438e-06 -4.5364125229569785e-05 -0.0001710844931507104 -6.3429347379829578e-05 -0.0003497782981299145 6.7409710401523866e-05 -0.00037509340808313549 -2.4921464263855564e-07 -0.00040331901607005806 -0.00066782825486567325 -0.00011737452279429347 0.00021447512571104761 1.7242301479857956e-05
leaf_weight=28929 12969 16403 58353 57083 68377 18714 186959 16583 696057 3445 3670 5927 95781 26817
leaf_count=28929 12969 16403 58353 57083 68377 18714 186959 16583 696057 3445 3670 5927 95781 26817
internal_value=1.41531e-06 -4.66216e-06 6.96743e-05 -3.48789e-05 -2.00397e-05 -0.000125314 0.000104773 -0.000154503 -7.35145e-06 5.8729e-05 -8.61806e-05 -0.000331142 0.00018265 -0.000110533
internal_weight=1.29607e+06 1.2831e+06 370538 912560 812077 87091 302588 100483 724986 190404 67950 9597 112184 83900
internal_count=1296067 1283098 370538 912560 812077 87091 302588 100483 724986 190404 67950 9597 112184 83900
is_linear=0
shrinkage=0.01


Tree=111
num_leaves=15
num_cat=0
split_feature=23 27 24 24 26 28 5 7 23 26 10 1 28 28
split_gain=52.7166 35.0412 19.747 14.3903 12.2922 12.5533 11.4416 11.301 8.55188 7.86525 7.00885 6.13473 5.64871 4.97284
threshold=0.091666666666666688 0.091372912801484255 0.2950000000000001 -0.22821969696969696 0.16064516129032261 0.2525510204081633 0.43405797101449284 -0.41918367346938773 0.034523809523809519 0.063164893617021281 0.020416666666666698 0.24222222222222226 0.28416149068322988 0.49000000000000005
decision_type=10 2 8 10 2 10 8 2 10 2 2 10 10 10
left_child=1 3 6 4 -1 -6 10 -5 -9 -4 -3 -2 -11 -13
right_child=11 2 9 7 5 -7 -8 8 -10 12 -12 13 -14 -15
leaf_value=9.4550449009531739e-05 0.00049807751796896609 -0.000107542268395229 -0.00013469214425587063 -0.00011785352332962364 -5.3431462093773257e-05 -0.00035191515085067392 -0.00025557492990593985 6.6107518371641438e-05 0.00025020144721986051 0.0001650056657870168 -2.6250451966020732e-05 0.0014924984129967992 -0.00054988120955814926 0.0005777107645511979
leaf_weight=48484 11861 254789 11802 31978 106722 16314 37674 510520 26691 52155 183664 1329 1108 1355
leaf_count=48484 11861 254789 11802 31978 106722 16314 37674 510520 26691 52155 183664 1329 1108 1355
internal_value=2.29442e-06 -4.47548e-06 -6.56624e-05 4.01897e-05 -3.99958e-05 -9.32604e-05 -8.80254e-05 6.44057e-05 7.53113e-05 9.75196e-05 -7.35587e-05 0.000600889 0.000149541 0.001043
internal_weight=1.29645e+06 1.2819e+06 541192 740709 171520 123036 476127 569189 537211 65065 438453 14545 53263 2684
internal_count=1296446 1281901 541192 740709 171520 123036 476127 569189 537211 65065 438453 14545 53263 2684
is_linear=0
shrinkage=0.01


Tree=112
num_leaves=15
num_cat=0
split_feature=27 1 7 28 28 10 27 4 22 22 19 26 17 19
split_gain=33.6225 20.2835 16.5728 15.7317 10.2569 10.0049 10.4432 8.44204 8.1417 6.97256 6.41001 6.16783 5.22861 4.57578
threshold=1.0000000180025095e-35 0.34021276595744687 -0.33836734693877546 -0.23956521739130432 0.060487804878048841 0.028594771241830078 0.49000000000000005 0.39678030303030309 0.32025641025641027 0.012347560975609741 0.024404761904761933 0.06186224489795919 -0.38467117988394578 0.37095282146160968
decision_type=2 8 2 10 8 2 2 2 2 2 2 2 2 2
left_child=2 3 7 10 8 9 -7 -1 -4 -5 -2 13 -13 -6
right_child=1 -3 4 5 11 6 -8 -9 -10 -11 -12 12 -14 -15
leaf_value=-5.2740321318004281e-05 2.0922565841649568e-05 -0.0001938637798560059 0.0001262385205614507 -3.8484838515734806e-05 0.00018380225036547523 -1.3994355770081903e-05 0.00031532998286665871 -0.00046335370347627296 -4.1242219517216114e-05 -0.00013644494503527705 0.00017537197168560184 -0.00025923768303749223 1.0546570783319872e-05 -0.00015161917264500783
leaf_weight=82073 108519 87772 273660 131963 32194 115766 10491 5361 32178 164595 35977 7442 204090 4554
leaf_count=82073 108519 87772 273660 131963 32194 115766 10491 5361 32178 164595 35977 7442 204090 4554
internal_value=-1.91988e-06 -5.23355e-05 4.95123e-05 -3.0385e-05 6.97303e-05 -6.12043e-05 1.31392e-05 -7.82751e-05 0.000108519 -9.29564e-05 5.95882e-05 2.18275e-05 9.0981e-07 0.00014141
internal_weight=1.29664e+06 655083 641552 567311 554118 422815 126257 87434 305838 296558 144496 248280 211532 36748
internal_count=1296635 655083 641552 567311 554118 422815 126257 87434 305838 296558 144496 248280 211532 36748
is_linear=0
shrinkage=0.01


Tree=113
num_leaves=15
num_cat=0
split_feature=23 27 11 24 26 24 0 26 27 5 22 28 28 28
split_gain=50.9192 36.9731 16.3162 15.7099 14.7848 14.6774 9.97473 7.78168 7.64536 7.34447 5.78676 5.25932 4.5874 4.23407
threshold=0.066964285714285712 0.22046511627906976 -0.29795918367346935 0.26920289855072471 0.52041666666666686 0.2950000000000001 0.24222222222222226 0.063164893617021281 -0.019259259259259278 0.39009661835748793 0.06881313131313134 0.20900537634408609 0.49000000000000005 0.49000000000000005
decision_type=10 2 2 10 2 8 10 2 2 10 2 10 8 10
left_child=1 2 12 8 -5 9 -2 -7 -4 10 -3 -9 -1 -8
right_child=6 5 3 4 -6 7 13 11 -10 -11 -12 -13 -14 -15
leaf_value=-8.8503323928408053e-05 0.00041665001689551967 -6.2940816927723741e-05 3.4501539747800756e-05 2.7662933078961054e-05 0.00019008329739649701 -0.00018227751133423028 0.0014964805575244031 0.00017408953792793101 -4.2415611341355156e-05 -0.00023826273927116709 -0.00015577271475860092 -0.00045598745885273026 -0.00044315144482642301 0.00064436888827217942
leaf_weight=88039 15868 171891 399907 114214 110990 8976 1355 32441 190704 44695 112084 1354 3856 1347
leaf_count=88039 15868 171891 399907 114214 110990 8976 1355 32441 190704 44695 112084 1354 3856 1347
internal_value=-4.28266e-06 -1.18535e-05 2.25114e-05 3.67681e-05 0.000107845 -9.59132e-05 0.000515521 7.79145e-05 9.61467e-06 -0.000118626 -9.96882e-05 0.00014792 -0.000103725 0.00108396
internal_weight=1.29772e+06 1.27915e+06 907710 815815 225204 371441 18570 42771 590611 328670 283975 33795 91895 2702
internal_count=1297721 1279151 907710 815815 225204 371441 18570 42771 590611 328670 283975 33795 91895 2702
is_linear=0
shrinkage=0.01


Tree=114
num_leaves=15
num_cat=0
split_feature=24 28 3 20 3 28 22 14 28 14 28 20 3 18
split_gain=31.3362 22.3886 18.3562 14.7321 14.2607 10.4353 10.1345 9.62988 9.35059 8.65358 7.48118 7.43587 8.24195 7.42406
threshold=-0.039230769230769201 0.17006802721088435 0.18042553191489366 0.016954022988505794 0.39678030303030309 -0.41010101010101002 0.37627551020408168 0.36181818181818187 0.1079192546583851 0.04083333333333334 0.23499399759903969 0.023268398268398275 -0.41578014184397155 0.011237373737373714
decision_type=10 8 10 2 8 10 2 2 10 2 8 2 10 2
left_child=2 6 3 10 11 -4 7 9 -5 -2 -1 12 -3 -12
right_child=1 4 5 8 -6 -7 -8 -9 -10 -11 13 -13 -14 -15
leaf_value=-5.7039532468820684e-05 9.3631082102888736e-05 -0.00039412705544434701 0.00010154177342014636 9.1604947543042509e-05 -0.00026540464038255575 -0.00019648891998596624 -9.6212422310316037e-05 -8.4087915728673184e-05 -3.9550524502886482e-05 0.00021187101353790545 -0.00056943278615107168 5.408393361308474e-05 -3.3778644665887141e-05 -0.00014976774171207298
leaf_weight=238927 268079 6689 13065 125981 22019 106420 25878 24259 95232 81362 5299 128830 132790 22601
leaf_count=238927 268079 6689 13065 125981 22019 106420 25878 24259 95232 81362 5299 128830 132790 22601
internal_value=-1.18157e-07 4.59763e-05 -5.25124e-05 -2.52412e-05 -2.07694e-05 -0.000163648 9.45477e-05 0.000107838 3.50072e-05 0.000121249 -7.53024e-05 -5.78693e-07 -5.12831e-05 -0.000230602
internal_weight=1.29743e+06 689906 607525 488040 290328 119485 399578 373700 221213 349441 266827 268309 139479 27900
internal_count=1297431 689906 607525 488040 290328 119485 399578 373700 221213 349441 266827 268309 139479 27900
is_linear=0
shrinkage=0.01


Tree=115
num_leaves=15
num_cat=0
split_feature=28 4 24 24 26 20 11 26 17 22 22 20 11 21
split_gain=27.5738 21.4218 21.3216 11.4815 10.0452 9.4853 9.09388 11.83 8.97578 8.89152 9.43032 7.45836 7.0791 7.02229
threshold=0.011369509043927641 0.25521059487624842 -0.057189542483660143 -0.0292857142857143 0.16064516129032261 -0.08514492753623186 -0.24734042553191488 0.47140522875816998 0.050510204081632655 -0.39323708206686925 0.078661616161616169 -0.13914893617021273 -0.15261756876663707 0.012049941927990694
decision_type=10 2 10 8 2 2 2 2 2 2 2 2 2 2
left_child=2 3 9 4 13 -6 -4 -8 -5 12 11 -11 -1 -2
right_child=1 -3 6 8 5 -7 7 -9 -10 10 -12 -13 -14 -15
leaf_value=-0.0005094158636743389 -5.7472654854322808e-05 -0.00017651067418257828 -2.8923467667443922e-05 -4.4990223616485085e-06 -0.00027746415383142053 -7.7076988082480817e-05 5.403621607150871e-05 0.00017578362580229594 0.00013542024823949507 -0.00010741073019873152 -6.8647946937239174e-05 9.0396625982194729e-05 -0.00010800713948310085 0.00014873625532201367
leaf_weight=5339 36358 104198 49581 239214 28026 157005 157682 163555 56611 22821 107487 112499 26977 30085
leaf_count=5339 36358 104198 49581 239214 28026 157005 157682 163555 56611 22821 107487 112499 26977 30085
internal_value=8.21505e-07 -4.50583e-05 4.71424e-05 -1.9976e-05 -6.96817e-05 -0.000107595 9.66433e-05 0.000116117 2.21765e-05 -1.94676e-05 1.15024e-06 5.68141e-05 -0.000175294 3.54485e-05
internal_weight=1.29744e+06 651497 645941 547299 251474 185031 370818 321237 295825 275123 242807 135320 32316 66443
internal_count=1297438 651497 645941 547299 251474 185031 370818 321237 295825 275123 242807 135320 32316 66443
is_linear=0
shrinkage=0.01


Tree=116
num_leaves=15
num_cat=0
split_feature=23 27 28 11 28 23 4 0 4 28 19 28 23 3
split_gain=43.7752 34.3544 20.7452 14.5398 9.28437 8.54369 7.6354 7.15689 7.09247 6.82006 5.98307 5.23505 5.03715 4.9625
threshold=0.091666666666666688 1.0000000180025095e-35 -0.019259259259259278 -0.25777777777777772 0.1079192546583851 0.025657894736842105 0.22111111111111112 0.24222222222222226 0.20106382978723406 -0.31725417439703146 -0.47979591836734686 0.10208333333333332 0.025657894736842105 0.4793792517006803
decision_type=10 2 10 2 10 8 2 10 2 10 2 10 10 8
left_child=1 3 5 -1 12 10 13 -2 -6 -7 -3 -8 -5 -4
right_child=7 2 6 4 8 9 11 -9 -10 -11 -12 -13 -14 -15
leaf_value=-7.7398370176626175e-05 0.00043866580340614741 0.00044300477041877819 -8.2367851410398583e-05 8.8519847221347396e-05 3.8133182506786352e-05 0.00045345662326371671 -3.058603880138405e-05 0.0010271162732800462 -0.00012555447642419108 6.8192889582221363e-05 -1.5409035982546472e-05 -0.00024454814319170576 0.00024641254019342314 -0.00081397006944679414
leaf_weight=81136 11787 2870 268193 312776 187814 7012 14692 2648 30765 14016 282461 57442 21871 937
leaf_count=81136 11787 2870 268193 312776 187814 7012 14692 2648 30765 14016 282461 57442 21871 937
internal_value=1.30726e-06 -4.83623e-06 -5.60912e-05 4.7443e-05 6.58067e-05 3.5489e-06 -0.000109719 0.000548882 1.49555e-05 0.000198136 -1.06883e-05 -0.000201388 9.89308e-05 -8.50355e-05
internal_weight=1.29642e+06 1.28198e+06 647623 634362 553226 306359 341264 14435 218579 21028 285331 72134 334647 269130
internal_count=1296420 1281985 647623 634362 553226 306359 341264 14435 218579 21028 285331 72134 334647 269130
is_linear=0
shrinkage=0.01


Tree=117
num_leaves=15
num_cat=0
split_feature=24 3 4 15 8 12 4 27 24 19 17 26 19 27
split_gain=30.6156 17.0278 16.7308 12.4451 11.9748 14.8528 14.5438 13.0263 9.5587 9.14964 8.36703 7.54975 11.1702 9.20427
threshold=-0.057189542483660143 0.32256944444444446 0.25521059487624842 0.022233201581027654 0.030931122448979612 0.2525510204081633 0.24222222222222226 0.070714285714285688 0.39039039039039042 -0.38148936170212761 -0.44727272727272721 0.19782608695652179 -0.18042553191489358 0.020204081632653085
decision_type=8 10 2 2 2 2 2 2 8 2 2 2 2 2
left_child=1 3 4 11 7 6 -6 -2 -9 10 -4 13 -13 -1
right_child=2 -3 9 -5 5 -7 -8 8 -10 -11 -12 12 -14 -15
leaf_value=8.8047728110041829e-05 7.8659525801437174e-05 -0.00022755985519231877 -0.00070368828681715873 3.4684799604526663e-05 0.00017376264784858301 1.978816036526688e-05 0.00082632375386598245 -6.6534621628219193e-05 0.00010555626442385784 -0.0001030603361054792 0.00017749556843537465 -0.00026667936271503463 -7.5050506890844411e-05 -0.00011263546091527839
leaf_weight=51997 255246 53519 1127 152916 121628 83409 3540 152628 40831 104764 19366 36929 178337 40772
leaf_count=51997 255246 53519 1127 152916 121628 83409 3540 152628 40831 104764 19366 36929 178337 40772
internal_value=1.28615e-06 -5.86099e-05 4.07025e-05 -3.89275e-05 6.09111e-05 0.000123565 0.000192477 3.17195e-05 -3.00574e-05 -6.51012e-05 0.000127476 -7.55678e-05 -0.000108067 0
internal_weight=1.29701e+06 514470 782539 460951 657282 208577 125168 448705 193459 125257 20493 308035 215266 92769
internal_count=1297009 514470 782539 460951 657282 208577 125168 448705 193459 125257 20493 308035 215266 92769
is_linear=0
shrinkage=0.01


Tree=118
num_leaves=15
num_cat=0
split_feature=23 27 28 11 28 4 23 23 19 6 3 28 22 3
split_gain=52.9199 31.8391 15.2195 12.3455 10.7076 9.25136 8.29673 7.62989 7.59556 6.46507 6.59317 6.37648 5.16393 4.19625
threshold=0.1125 0.11257406188281767 -0.019259259259259278 -0.29795918367346935 0.13525498891352553 0.29257246376811596 0.028594771241830078 0.027046783625730989 -0.47979591836734686 0.32415458937198072 -0.45789007092198575 -0.28835386338185887 0.06881313131313134 0.24222222222222226
decision_type=10 2 10 2 10 2 8 10 2 8 10 10 2 10
left_child=1 3 6 -1 7 -6 8 -5 -3 10 -4 -8 -11 -2
right_child=13 2 9 4 5 -7 11 -9 -10 12 -12 -13 -14 -15
leaf_value=-8.2813968716037475e-05 0.00053920932224026715 0.00050909662281861353 -0.00052969835065217754 6.8615613218067897e-05 1.6561879468662477e-05 -0.00018964270668685342 0.0005232802148042989 0.00025327123327896934 -2.8778116735893421e-05 -0.00012175047378959404 -8.794657453934301e-05 6.5613567867511095e-05 -0.00033390547036864454 0.0010053004081963328
leaf_weight=79306 10257 2649 3457 413260 227501 24050 4863 23810 222601 24593 226119 8626 22584 2658
leaf_count=79306 10257 2649 3457 413260 227501 24050 4863 23810 222601 24593 226119 8626 22584 2658
internal_value=7.97563e-07 -5.58934e-06 -6.64011e-05 3.51933e-05 4.88276e-05 -3.03546e-06 -7.76377e-06 7.87453e-05 -2.23127e-05 -0.000116875 -9.47361e-05 0.000232913 -0.000223961 0.000637668
internal_weight=1.29633e+06 1.28342e+06 515492 767927 688621 251551 238739 437070 225250 276753 229576 13489 47177 12915
internal_count=1296334 1283419 515492 767927 688621 251551 238739 437070 225250 276753 229576 13489 47177 12915
is_linear=0
shrinkage=0.01


Tree=119
num_leaves=15
num_cat=0
split_feature=23 24 28 23 3 26 28 15 17 24 24 20 0 3
split_gain=43.7565 24.7076 18.4312 15.5771 13.7532 12.3465 11.6248 11.4074 9.0017 8.53796 8.47535 5.47452 5.46031 4.71235
threshold=0.1125 -0.17928571428571424 0.011369509043927641 0.028594771241830078 0.29689535388623539 0.16064516129032261 -0.41945945945945939 0.018187830687830701 -0.30217391304347824 0.43875000000000003 -0.37627551020408156 0.012049941927990694 0.24222222222222226 0.44222222222222224
decision_type=10 10 8 10 8 2 10 2 2 10 10 2 10 8
left_child=1 4 3 9 5 -1 -6 -7 13 -3 -8 -10 -2 -4
right_child=12 2 8 -5 6 7 10 -9 11 -11 -12 -13 -14 -15
leaf_value=5.7256953894102591e-05 0.00046958961337736812 2.9866808341957974e-05 -0.00012637047135381936 0.0003030776602943742 0.00023610197002836547 -0.00014697186396131414 -0.00014075669978947026 3.2610756823710319e-06 -4.9971749607063392e-05 0.00013624777086239807 -0.00041342830196827458 2.156844866604532e-05 0.00099175889314748167 -0.00046209625379068183
leaf_weight=78853 10272 343426 30241 26559 4834 130854 23550 81722 184228 97147 22951 254486 2690 4975
leaf_count=78853 10272 343426 30241 26559 4834 130854 23550 81722 184228 97147 22951 254486 2690 4975
internal_value=2.42624e-06 -3.38792e-06 2.30635e-05 6.76548e-05 -7.60977e-05 -4.93794e-05 -0.000227182 -8.90765e-05 -2.0825e-05 5.33928e-05 -0.000275999 -8.40499e-06 0.000580474 -0.000174686
internal_weight=1.29679e+06 1.28383e+06 941062 467132 342764 291429 51335 212576 473930 440573 46501 438714 12962 35216
internal_count=1296788 1283826 941062 467132 342764 291429 51335 212576 473930 440573 46501 438714 12962 35216
is_linear=0
shrinkage=0.01


Tree=120
num_leaves=15
num_cat=0
split_feature=23 27 24 15 28 23 28 23 3 19 6 27 0 24
split_gain=46.26 31.3814 18.3611 12.4174 10.762 9.43002 9.30761 8.82289 8.65447 7.37638 7.14461 6.36227 5.91069 5.06782
threshold=0.091666666666666688 0.30217391304347835 0.13078947368421054 0.016954022988505794 -0.019259259259259278 0.04006410256410254 0.16333333333333336 0.012049941927990694 0.47979591836734697 -0.47979591836734686 0.2423404255319149 -1.0000000180025095e-35 0.31725417439703163 -0.45773809523809517
decision_type=8 2 10 2 10 10 10 10 10 2 10 2 10 8
left_child=1 2 3 6 7 8 -1 9 -4 -3 -2 -5 -6 -14
right_child=10 4 5 11 12 -7 -8 -9 -10 -11 -12 -13 13 -15
leaf_value=-2.0984585139893981e-05 0.00044945344372651619 0.00052394985511695273 6.7730902549442007e-05 8.1444270345898718e-05 -0.00012325334374188842 0.00029614720807442799 -0.00013823470500311916 0.00013492663562142342 -0.00050741689466808789 -8.8560319564563551e-05 0.0010307948091374611 -2.1262716593296597e-05 0.00017238864374970284 -0.00031573668897563479
leaf_weight=275348 12085 1997 374334 153722 125008 18380 90160 26147 2620 85517 2710 98620 2215 28421
leaf_count=275348 12085 1997 374334 153722 125008 18380 90160 26147 2620 85517 2710 98620 2215 28421
internal_value=2.22038e-06 -4.17084e-06 2.13076e-05 -1.27033e-05 -0.000100137 7.45372e-05 -4.99897e-05 -2.58433e-05 6.36498e-05 -7.42231e-05 0.000558152 4.11858e-05 -0.000154196 -0.000279452
internal_weight=1.29728e+06 1.28249e+06 1.01318e+06 617850 269305 395334 365508 113661 376954 87514 14795 252342 155644 30636
internal_count=1297284 1282489 1013184 617850 269305 395334 365508 113661 376954 87514 14795 252342 155644 30636
is_linear=0
shrinkage=0.01


Tree=121
num_leaves=15
num_cat=0
split_feature=23 27 24 7 1 24 26 26 23 28 28 1 6 21
split_gain=44.2631 30.8991 21.5276 14.3742 12.3773 11.4671 9.1167 8.02326 7.80146 6.98739 6.92293 6.62028 6.59221 5.38833
threshold=0.1125 0.019259259259259257 0.31101190476190482 -0.39897959183673465 0.39009661835748793 -0.22821969696969696 0.10102040816326532 0.084219858156028379 0.054093567251462034 0.32732919254658394 0.084349593495934974 0.24222222222222226 0.050510204081632655 0.16333333333333336
decision_type=10 2 8 2 8 10 2 2 10 10 10 10 10 2
left_child=1 3 4 -1 8 6 -5 12 -3 -9 -7 -2 -4 -6
right_child=11 2 7 5 13 10 -8 9 -10 -11 -12 -13 -14 -15
leaf_value=-0.00010969987464236992 0.00046305272192803107 -6.5455594930744089e-05 -0.00018565003683106902 0.00013816019429989677 -0.00029830170609875998 0.00011841605287215434 -6.3366211093763674e-05 0.00016935961013647409 0.00014245349698865291 -0.00068967326816126763 3.9144529510067408e-05 0.0010369192894502152 0.00039034177137906245 -0.00011097111816938264
leaf_weight=54690 10263 484587 13213 28357 31986 254207 106966 60354 18657 946 196943 2668 2311 30873
leaf_count=54690 10263 484587 13213 28357 31986 254207 106966 60354 18657 946 196943 2668 2311 30873
internal_value=1.89895e-06 -3.94078e-06 -5.29489e-05 4.51554e-05 -7.42964e-05 5.96476e-05 -2.09124e-05 0.000103964 -5.76873e-05 0.00015558 8.38782e-05 0.000583989 -9.79133e-05 -0.000206782
internal_weight=1.29702e+06 1.28409e+06 642927 641163 566103 586473 135323 76824 503244 61300 451150 12931 15524 62859
internal_count=1297021 1284090 642927 641163 566103 586473 135323 76824 503244 61300 451150 12931 15524 62859
is_linear=0
shrinkage=0.01


Tree=122
num_leaves=15
num_cat=0
split_feature=23 27 24 26 28 24 28 19 7 23 14 19 24 26
split_gain=45.1316 31.694 19.4328 12.4238 13.9686 11.2727 10.5607 11.1865 9.72618 8.76932 7.67161 8.23945 8.01306 7.09268
threshold=0.059027777777777797 0.30217391304347835 0.13078947368421054 0.43826219512195125 -0.30217391304347824 0.31101190476190482 0.13525498891352553 0.016954022988505794 0.16333333333333336 0.015388257575757571 0.011766334440753036 -0.47894503546099287 -0.1039136302294197 0.063164893617021281
decision_type=8 2 10 2 10 8 10 2 2 10 2 2 10 2
left_child=1 2 6 -4 -5 10 7 -1 -2 -8 12 -12 -3 -7
right_child=8 5 3 4 -6 13 9 -9 -10 -11 11 -13 -14 -15
leaf_value=-3.4368650669895236e-05 0.00035311034726567592 -0.00030098132127135969 1.3104790051206668e-05 0.00028523799353949122 8.3984198779527751e-05 -0.00019621869780974638 -0.00011219847042109132 7.0842993467512774e-05 0.00089110927947587642 3.6724125076075937e-05 0.00065859308899579192 -8.2227409494408743e-05 -0.00012245740493680378 0.00017400775134179279
leaf_weight=223206 14587 39992 183101 43756 167040 6746 155406 184420 4537 52671 1508 127602 70344 21513
leaf_count=223206 14587 39992 183101 43756 167040 6746 155406 184420 4537 52671 1508 127602 70344 21513
internal_value=2.53862e-07 -6.94304e-06 1.86823e-05 7.35472e-05 0.000125905 -0.000103695 -1.63691e-05 1.31583e-05 0.000482434 -7.43572e-05 -0.000126038 -7.33272e-05 -0.000187443 8.45542e-05
internal_weight=1.29643e+06 1.2773e+06 1.0096e+06 393897 210796 267705 615703 407626 19124 208077 239446 129110 110336 28259
internal_count=1296429 1277305 1009600 393897 210796 267705 615703 407626 19124 208077 239446 129110 110336 28259
is_linear=0
shrinkage=0.01


Tree=123
num_leaves=15
num_cat=0
split_feature=27 11 0 8 21 4 27 15 21 15 27 27 7 25
split_gain=33.4793 15.6451 15.1077 12.2714 7.55804 7.24478 5.94588 15.8142 5.57029 5.45349 5.5108 4.77173 4.62908 5.08496
threshold=0.039230769230769243 -0.17888888888888885 0.3585714285714286 0.028594771241830078 0.25777777777777783 0.2525510204081633 0.49000000000000005 0.16333333333333336 0.034523809523809519 -0.41918367346938773 0.4587585034013606 -0.39528508771929821 -0.32111111111111107 0.92500000000000016
decision_type=2 2 8 2 2 2 2 2 2 2 2 2 2 2
left_child=1 12 3 -2 5 8 -5 -8 -3 -4 -11 -7 13 -1
right_child=2 4 9 6 -6 11 7 -9 -10 10 -12 -13 -14 -15
leaf_value=-9.0880965653108078e-05 -6.2482452686819619e-05 8.038282105467228e-05 8.7505614712976644e-05 2.3352148920942228e-05 -3.601969338344751e-05 -0.00025299701720889244 9.1087672483828813e-05 0.0010443467439412361 0.00017162213618143938 -0.00016409546714029369 -0.00038775554780014546 1.245794865486943e-05 -1.5972910664304628e-05 -0.00040279748758689017
leaf_weight=24629 392977 377310 6508 143768 56994 8346 10878 2092 82373 52493 14354 34944 81804 6791
leaf_count=24629 392977 377310 6508 143768 56994 8346 10878 2092 82373 52493 14354 34944 81804 6791
internal_value=2.13356e-06 5.1048e-05 -5.06675e-05 -3.2613e-05 7.27487e-05 8.51335e-05 4.20847e-05 0.000247362 9.67987e-05 -0.00018555 -0.000212586 -3.80409e-05 -5.60103e-05 -0.000159284
internal_weight=1.29626e+06 673191 623070 549715 559967 502973 156738 12970 459683 73355 66847 43290 113224 31420
internal_count=1296261 673191 623070 549715 559967 502973 156738 12970 459683 73355 66847 43290 113224 31420
is_linear=0
shrinkage=0.01


Tree=124
num_leaves=15
num_cat=0
split_feature=23 27 24 20 11 24 26 0 28 26 24 28 28 15
split_gain=42.0114 33.401 15.7302 13.9868 13.4018 11.9729 9.96838 9.42452 9.3564 9.03665 6.20973 5.7274 5.07187 4.69174
threshold=0.054093567251462034 0.11257406188281767 0.2950000000000001 0.16333333333333336 -0.29795918367346935 0.26163419913419916 0.063164893617021281 0.36811594202898557 0.47402159244264513 0.52041666666666686 -0.074628844114528095 0.20900537634408609 -0.1633333333333333 -0.37877551020408157
decision_type=8 2 8 2 2 10 2 10 8 2 10 10 8 2
left_child=1 4 7 10 -1 8 -4 -3 -6 -7 -2 -8 -5 -9
right_child=3 2 6 12 5 9 11 13 -10 -11 -12 -13 -14 -15
leaf_value=-9.2112833763257303e-05 6.8174100660878018e-05 -7.7670878862361908e-05 -0.00019532771761356988 0 2.7417645310341206e-05 4.2478785877211833e-05 0.0001586385207731476 1.4966198826892974e-05 -0.00020748474493779935 0.00018252379013218491 0.00031165562366243673 -0.00045504877568181674 0.0009436345155946277 -0.00024946821123852681
leaf_weight=79487 16463 381021 10890 630 464382 91880 47158 7491 17574 93832 30609 1545 3934 50582
leaf_count=79487 16463 381021 10890 630 464382 91880 47158 7491 17574 93832 30609 1545 3934 50582
internal_value=-1.58138e-07 -1.17661e-05 -7.51614e-05 0.000279314 3.0507e-05 4.51504e-05 7.7009e-05 -9.58824e-05 1.87887e-05 0.000113401 0.000227147 0.000138528 0.000810283 -0.000214842
internal_weight=1.29748e+06 1.24584e+06 498687 51636 747155 667668 59593 439094 481956 185712 47072 48703 4564 58073
internal_count=1297478 1245842 498687 51636 747155 667668 59593 439094 481956 185712 47072 48703 4564 58073
is_linear=0
shrinkage=0.01


Tree=125
num_leaves=15
num_cat=0
split_feature=23 27 24 24 3 23 5 22 23 28 23 28 3 22
split_gain=43.2571 31.2857 14.5446 13.1032 11.0429 9.6195 8.52254 7.47145 9.02597 7.48191 6.21241 4.86349 4.75606 4.152
threshold=0.1125 0.17416582406471184 0.31101190476190482 -0.22821969696969696 -0.43683510638297868 0.034523809523809519 0.36811594202898557 0.16064516129032261 0.012347560975609741 0.21583850931677021 0.054093567251462034 0.32732919254658394 0.24222222222222226 -0.21352583586626137
decision_type=10 2 8 10 8 10 8 2 10 8 10 10 10 2
left_child=1 3 6 7 -5 -6 10 9 -9 -1 -3 13 -2 -4
right_child=12 2 11 4 5 -7 -8 8 -10 -11 -12 -13 -14 -15
leaf_value=3.3073158986947224e-05 0.00046836415598754285 -8.604496161384826e-05 0.00025777365289052733 -0.00015773951182583782 4.8629995504447341e-05 0.00022590064458133721 -0.00021363314760312901 -0.00010071171976561995 -0.00055927994732601189 -0.00015731141422788687 0.00014970245858902646 -0.00065783850701018622 0.0009559430917711251 4.3725661260525346e-05
leaf_weight=109351 10289 319104 12235 24634 598492 32381 54080 54207 4705 25435 11491 855 2713 36901
leaf_count=109351 10289 319104 12235 24634 598492 32381 54080 54207 4705 25435 11491 855 2713 36901
internal_value=-1.19805e-06 -7.03376e-06 -7.60508e-05 2.82575e-05 4.96318e-05 5.77774e-05 -9.69403e-05 -4.39217e-05 -0.000137871 -2.63379e-06 -7.77587e-05 8.40873e-05 0.000572606 9.76472e-05
internal_weight=1.29687e+06 1.28387e+06 434666 849205 655507 630873 384675 193698 58912 134786 330595 49991 13002 49136
internal_count=1296873 1283871 434666 849205 655507 630873 384675 193698 58912 134786 330595 49991 13002 49136
is_linear=0
shrinkage=0.01


Tree=126
num_leaves=15
num_cat=0
split_feature=24 3 4 11 4 27 22 19 24 24 27 24 17 19
split_gain=26.9265 16.4076 16.1261 13.295 13.871 12.139 12.0698 12.1672 11.2843 10.1613 9.66259 8.53467 8.26027 9.21171
threshold=-0.057189542483660143 0.37766439909297056 0.2525510204081633 0.0337121212121212 0.24222222222222226 -0.010874704491725782 0.080322580645161304 -0.1769565217391304 0.37298387096774199 -0.0292857142857143 0.36515151515151523 -0.37939393939393934 -0.41010101010101002 -0.39472517730496448
decision_type=8 10 2 2 2 2 2 2 8 8 2 10 2 2
left_child=1 6 3 5 9 -2 7 -1 -7 -5 -8 -3 -4 -14
right_child=2 11 12 4 -6 8 10 -9 -10 -11 -12 -13 13 -15
leaf_value=-0.0001803191347358984 8.1709255977053803e-05 -6.9353209019074589e-05 -0.00033185496364231988 7.8835778396166815e-06 0.00074022582137684247 -5.9993522919786512e-05 -7.7413643232190397e-05 2.2403919913530752e-05 0.00010585026585271602 0.00016223511468938364 -0.00031119438513169557 -0.0003726927431772052 0.00016529985630022879 -7.8482511063728472e-05
leaf_weight=33282 218855 15809 10613 62330 3622 179406 153308 267876 53108 138017 20129 23428 18351 98043
leaf_count=33282 218855 15809 10613 62330 3622 179406 153308 267876 53108 138017 20129 23428 18351 98043
internal_value=1.62071e-06 -5.45951e-05 3.85808e-05 5.85918e-05 0.000125637 2.82276e-05 -3.82718e-05 0 -2.19836e-05 0.000114365 -0.000104724 -0.000251253 -6.44355e-05 -3.97861e-05
internal_weight=1.29618e+06 513832 782345 655338 203969 451369 474595 301158 232514 200347 173437 39237 127007 116394
internal_count=1296177 513832 782345 655338 203969 451369 474595 301158 232514 200347 173437 39237 127007 116394
is_linear=0
shrinkage=0.01


Tree=127
num_leaves=15
num_cat=0
split_feature=23 27 24 24 22 28 28 22 18 14 19 3 28 24
split_gain=38.9255 27.3483 18.7165 10.4246 9.05955 9.59258 8.93199 8.94446 8.71391 7.72561 9.1108 6.74565 6.45951 5.96805
threshold=0.091666666666666688 0.30217391304347835 0.26163419913419916 0.31101190476190482 0.32025641025641027 0.45505050505050515 -0.24734042553191488 -0.45698427382053647 0.056186868686868681 0.011766334440753036 -0.47894503546099287 0.078661616161616169 0.23861283643892342 -0.1039136302294197
decision_type=10 2 10 8 2 10 10 2 2 2 2 10 10 10
left_child=1 2 4 9 5 -1 8 -8 -4 13 -11 12 -5 -3
right_child=-2 3 6 11 -6 -7 7 -9 -10 10 -12 -13 -14 -15
leaf_value=1.07347469573367e-05 0.00051747464868199817 -0.00027759082429777872 0.00019919811996811892 0.00023627427395203455 -0.00011327202975688194 -0.00017091430008894285 -0.00055096343328288279 5.1183566548045702e-05 -4.0406793266460731e-05 0.00070676834488974456 -7.4149349396859343e-05 -0.00013462959989605689 -0.00057421930609544852 -0.00012307688963065583
leaf_weight=608555 14345 39834 87740 18214 76245 30523 2489 189970 18111 1502 128727 9331 1017 70478
leaf_count=608555 14345 39834 87740 18214 76245 30523 2489 189970 18111 1502 128727 9331 1017 70478
internal_value=-4.72214e-07 -6.28906e-06 1.74771e-05 -9.592e-05 -1.0235e-05 2.0113e-06 8.40285e-05 4.32319e-05 0.000157919 -0.000117419 -6.48962e-05 8.40844e-05 0.00019177 -0.00017915
internal_weight=1.29708e+06 1.28274e+06 1.01363e+06 269103 715323 639078 298310 192459 105851 240541 130229 28562 19231 110312
internal_count=1297081 1282736 1013633 269103 715323 639078 298310 192459 105851 240541 130229 28562 19231 110312
is_linear=0
shrinkage=0.01


Tree=128
num_leaves=15
num_cat=0
split_feature=23 27 24 24 15 26 26 28 0 26 22 28 0 24
split_gain=37.9228 28.0283 15.7752 13.8381 11.2463 10.5551 9.7844 9.59192 9.03697 7.85518 7.59101 5.15 5.14442 4.58698
threshold=0.091666666666666688 0.17928571428571435 0.31101190476190482 0.13078947368421054 0.016954022988505794 0.61043360433604354 0.20483682983682985 -0.30217391304347824 0.36811594202898557 0.063164893617021281 -0.45959183673469384 0.13525498891352553 0.24222222222222226 0.26163419913419916
decision_type=10 2 8 10 2 2 2 10 8 2 2 10 10 10
left_child=1 3 8 4 6 10 -1 -7 13 -4 -5 -6 -2 -3
right_child=12 2 9 5 11 7 -8 -9 -10 -11 -12 -13 -14 -15
leaf_value=3.6707423597876251e-05 0.00041483518528799671 -9.2190700098281644e-05 -0.00015682918044661965 -0.00053771309115453259 9.3347046692907285e-05 0.00029978648233806626 -8.3060870759999635e-05 9.8876781920479245e-05 -0.00021556190761298964 0.00015774429906968107 3.4627166029721376e-05 -5.9836055987684579e-06 0.00091567464067039651 3.8961753144886602e-06
leaf_weight=100859 11639 269899 9820 2339 120867 30453 208958 112669 53117 39849 182659 90919 2673 60163
leaf_count=100859 11639 269899 9820 2339 120867 30453 208958 112669 53117 39849 182659 90919 2673 60163
internal_value=-1.18093e-06 -6.91686e-06 -7.24332e-05 2.64219e-05 -5.53154e-06 7.73085e-05 -4.39742e-05 0.000141841 -9.42077e-05 9.49407e-05 2.72201e-05 5.05636e-05 0.000510643 -7.45854e-05
internal_weight=1.29688e+06 1.28257e+06 432848 849723 521603 328120 309817 143122 383179 49669 184998 211786 14312 330062
internal_count=1296883 1282571 432848 849723 521603 328120 309817 143122 383179 49669 184998 211786 14312 330062
is_linear=0
shrinkage=0.01


Tree=129
num_leaves=15
num_cat=0
split_feature=23 27 24 7 5 24 28 28 22 22 15 22 4 4
split_gain=38.4176 28.761 21.5113 13.2775 10.3796 9.6498 7.12938 6.62427 6.4262 6.21967 6.20974 5.57762 5.46164 4.84403
threshold=0.077380952380952397 -0.019259259259259278 0.2950000000000001 -0.40454545454545449 0.43405797101449284 0.26163419913419916 0.21937500000000001 0.10208333333333332 -0.45401691331923882 -0.25255102040816318 0.020416666666666698 0.12372448979591839 0.24222222222222226 0.39678030303030309
decision_type=10 2 8 2 8 10 10 8 2 2 2 2 2 2
left_child=1 3 4 13 10 7 9 -5 -7 -4 -3 -8 -2 -1
right_child=12 2 6 5 -6 8 11 -9 -10 -11 -12 -13 -14 -15
leaf_value=-8.4267094291386857e-05 0.00038799740365040336 -8.4662860629476278e-05 0.00029161432543708889 6.690895103537906e-05 -0.00022531693293423863 -0.00031211839191279839 -0.00012138365867111791 -1.5083354697789407e-05 0.00013653185099404757 7.065251672379117e-05 -1.4165069284324367e-05 -0.0013347398204649041 0.00088755157390649545 -0.00045934961543355374
leaf_weight=44549 14549 359834 16079 236640 41010 3221 1327 167977 147388 64708 193118 568 2734 3786
leaf_count=44549 14549 359834 16079 236640 41010 3221 1327 167977 147388 64708 193118 568 2734 3786
internal_value=5.96989e-07 -5.70281e-06 -5.04889e-05 4.44566e-05 -7.15553e-05 5.83311e-05 0.00010048 3.27958e-05 0.000126732 0.000115011 -6.0096e-05 -0.000502411 0.000468898 -0.000114294
internal_weight=1.29749e+06 1.2802e+06 676644 603561 593962 555226 82682 404617 150609 80787 552952 1895 17283 48335
internal_count=1297488 1280205 676644 603561 593962 555226 82682 404617 150609 80787 552952 1895 17283 48335
is_linear=0
shrinkage=0.01


Tree=130
num_leaves=15
num_cat=0
split_feature=23 27 24 24 28 19 28 18 0 0 28 21 18 3
split_gain=39.5406 27.2263 14.6985 11.7595 9.1568 8.92315 8.19733 7.79291 7.78645 6.6765 6.37888 5.31033 5.30559 5.21354
threshold=0.066964285714285712 0.28024390243902447 -0.22821969696969696 0.2950000000000001 0.11952380952380955 -0.057777777777777782 0.21583850931677021 0.061250000000000034 0.16333333333333336 0.39009661835748793 0.32732919254658394 0.34944495837187795 -0.078888888888888883 0.051551870748299318
decision_type=10 2 10 8 10 2 8 2 10 8 10 2 2 8
left_child=1 2 6 9 7 -6 -1 -4 10 -3 -2 -11 -8 -5
right_child=8 3 4 13 5 -7 12 -9 -10 11 -12 -13 -14 -15
leaf_value=-2.3830800013353226e-05 0.00046551755488989595 -9.2551945721027994e-05 8.6413578012092346e-05 0.00017993813397711571 -0.0001351410159557209 1.8859975380784062e-05 -0.00044396431889335419 -2.1876706562801555e-05 0.00082224250381064212 -0.00031370497980149806 -1.336021674057794e-05 -5.5572070444090112e-05 -0.00012998025328435844 -8.4326283135893317e-05
leaf_weight=180304 10258 222612 377735 21259 43957 260660 6500 80132 4560 26822 3651 11774 35311 11325
leaf_count=180304 10258 222612 377735 21259 43957 260660 6500 80132 4560 26822 3651 11774 35311 11325
internal_value=-2.72114e-07 -6.93264e-06 1.82508e-05 -9.14327e-05 3.91271e-05 -3.26538e-06 -5.32784e-05 6.7396e-05 0.00045906 -0.000113828 0.000337684 -0.000235747 -0.000179538 8.71696e-05
internal_weight=1.29686e+06 1.27839e+06 984599 293792 762484 304617 222115 457867 18469 261208 13909 38596 41811 32584
internal_count=1296860 1278391 984599 293792 762484 304617 222115 457867 18469 261208 13909 38596 41811 32584
is_linear=0
shrinkage=0.01


Tree=131
num_leaves=15
num_cat=0
split_feature=27 24 11 15 24 21 14 26 3 5 3 1 26 4
split_gain=25.3139 19.0535 14.9677 11.7358 9.58178 9.19553 11.9691 7.96177 7.56199 7.31743 6.44262 6.59502 6.00091 5.55494
threshold=0.011369509043927641 0.2950000000000001 -0.25777777777777772 0.054373522458628872 -0.22821969696969696 0.12361111111111113 0.2525510204081633 0.10102040816326532 -0.41918367346938773 0.47979591836734697 -0.47894503546099287 0.39009661835748793 0.096006144393241177 0.41751700680272114
decision_type=2 8 2 2 10 2 2 2 8 10 10 10 2 2
left_child=2 3 -1 10 7 9 -7 -4 -6 -5 -2 -12 -3 -10
right_child=1 12 4 5 8 6 -8 -9 13 -11 11 -13 -14 -15
leaf_value=-8.3139277973474972e-05 -0.00054743133867336715 -6.3139323112117621e-05 0.00013630103313657424 4.8259042632714001e-06 -0.00011353075557478112 0.00058182536237945262 -7.4342641509849149e-05 -5.4997410858597289e-05 9.8773634731321849e-05 -0.00053209348330637916 -7.2864322844015043e-05 -0.00019489796564940706 0.00014501043282876911 -0.0001182437767458124
leaf_weight=82476 3080 17588 27588 111177 18498 6292 4847 102359 403032 2593 393257 50348 62224 12023
leaf_count=82476 3080 17588 27588 111177 18498 6292 4847 102359 403032 2593 393257 50348 62224 12023
internal_value=-1.80743e-06 -4.58169e-05 4.25255e-05 -6.60577e-05 6.09719e-05 1.94317e-05 0.000293666 -1.41513e-05 8.35574e-05 -7.16137e-06 -9.00308e-05 -8.67837e-05 9.87644e-05 9.24141e-05
internal_weight=1.29738e+06 651406 645976 571594 563500 124909 11139 129947 433553 113770 446685 443605 79812 415055
internal_count=1297382 651406 645976 571594 563500 124909 11139 129947 433553 113770 446685 443605 79812 415055
is_linear=0
shrinkage=0.01


Tree=132
num_leaves=15
num_cat=0
split_feature=23 27 24 26 28 24 0 0 27 26 28 4 19 1
split_gain=36.1614 30.0548 16.726 11.3999 9.96526 8.66165 8.11599 7.95371 7.23892 6.65156 5.67277 5.57788 5.56398 5.86784
threshold=0.059027777777777797 0.30217391304347835 0.26568627450980398 0.52041666666666686 -0.30217391304347824 0.31101190476190482 0.26020833333333337 0.16333333333333336 -0.1321160042964554 0.063164893617021281 0.49000000000000005 0.37095282146160968 -0.47979591836734686 0.45959183673469389
decision_type=10 2 10 2 10 8 10 10 2 2 10 2 2 8
left_child=1 2 6 11 -5 12 8 10 -1 -7 -2 -4 -3 -14
right_child=7 5 3 4 -6 9 -8 -9 -10 -11 -12 -13 13 -15
leaf_value=3.9173691006029698e-05 0.00042056184945880089 0.00031625220467837748 3.9051136744380599e-05 0.00028090527288959273 9.3212454834096955e-05 -0.00021095814392294574 -0.00010282658527486128 0.00080251609737889507 -2.8611021470343221e-05 0.00014896352356704251 -5.6868411540015924e-05 -0.00018145228391246092 -0.00010962335953048373 -0.00027803203698951643
leaf_weight=300262 11075 2835 142169 39440 103199 6673 80815 4569 331253 21694 3072 12445 213618 23235
leaf_count=300262 11075 2835 142169 39440 103199 6673 80815 4569 331253 21694 3072 12445 213618 23235
internal_value=-7.53588e-07 -7.16957e-06 1.77968e-05 8.08149e-05 0.000145325 -0.000101312 -8.45858e-06 0.000435558 3.57063e-06 6.32254e-05 0.000314778 2.11054e-05 -0.000120911 -0.000126274
internal_weight=1.29635e+06 1.27764e+06 1.00958e+06 297253 142639 268055 712330 18716 631515 28367 14147 154614 239688 236853
internal_count=1296354 1277638 1009583 297253 142639 268055 712330 18716 631515 28367 14147 154614 239688 236853
is_linear=0
shrinkage=0.01


Tree=133
num_leaves=15
num_cat=0
split_feature=23 28 4 24 26 24 15 2 24 26 18 18 17 15
split_gain=35.8418 19.8003 18.1845 13.5491 15.4991 12.8596 8.74991 8.04939 7.69176 9.42446 7.06418 6.94879 6.07831 5.3635
threshold=0.054093567251462034 0.10208333333333332 0.22111111111111112 0.26163419913419916 0.16496598639455784 -0.11043360433604334 0.020416666666666698 0.24222222222222226 -0.039230769230769201 0.15954545454545457 0.052105948762483707 0.011766334440753036 -0.38467117988394578 0.45959183673469389
decision_type=10 10 2 10 2 8 2 10 8 2 2 2 2 2
left_child=1 3 8 6 11 -2 -1 -7 9 -3 -6 -5 -4 -8
right_child=5 2 12 4 10 7 13 -9 -10 -11 -12 -13 -14 -15
leaf_value=-3.0483160418126702e-05 2.3522552323094683e-05 4.9246030281148149e-05 -0.00040410380334261048 5.1514552138232326e-05 0.00017625281643092011 0.00032136906734438317 4.3970511949791121e-05 0.00089521048196927896 5.1951130772477583e-06 -0.00012914845318406424 1.0905670607936064e-05 -0.00016914340172739992 -0.00015233356307414338 0.00029341557979658037
leaf_weight=365117 16113 39433 11038 30712 124806 32754 147482 2718 256045 116396 33081 26440 84306 9216
leaf_count=365117 16113 39433 11038 30712 124806 32754 147482 2718 256045 116396 33081 26440 84306 9216
internal_value=1.4858e-06 -9.20118e-06 -5.7303e-05 2.38694e-05 9.06723e-05 0.00025979 -3.60283e-06 0.000366257 -2.84077e-05 -8.38126e-05 0.0001418 -5.00462e-05 -0.000181808 5.88381e-05
internal_weight=1.29566e+06 1.24407e+06 507218 736854 215039 51585 521815 35472 411874 155829 157887 57152 95344 156698
internal_count=1295657 1244072 507218 736854 215039 51585 521815 35472 411874 155829 157887 57152 95344 156698
is_linear=0
shrinkage=0.01


Tree=134
num_leaves=15
num_cat=0
split_feature=23 24 4 0 22 1 28 23 28 4 28 15 0 28
split_gain=36.7815 20.2472 15.2911 12.3153 8.9095 7.37868 6.43062 6.42021 5.67301 5.5783 5.3475 7.04318 4.97181 3.81233
threshold=0.1125 0.26163419913419916 0.26341350601295105 0.26020833333333337 0.32025641025641027 0.47752525252525257 0.13525498891352553 0.034523809523809519 -0.39528508771929821 0.011237373737373714 -0.28024390243902436 0.010310374149659853 0.16333333333333336 0.41010101010101013
decision_type=10 10 2 10 2 10 10 8 10 2 10 2 10 10
left_child=1 3 5 4 6 7 -1 -3 -5 -6 -4 -12 -2 -10
right_child=12 2 10 8 9 -7 -8 -9 13 -11 11 -13 -14 -15
leaf_value=2.1011536643167627e-05 0.00038209218607145187 8.0791771374421741e-05 8.9791762707505979e-05 6.2381126424075294e-05 4.1312612386185815e-05 -0.00040280318121511445 -4.0567487379383162e-05 0.000257514234609222 -0.00012968006657736769 -0.00015607396639909861 -0.00026930094691290783 -3.2533255720349845e-05 0.00080745973126852236 -0.00034495957407837321
leaf_weight=428054 8389 276581 15087 14259 18070 2993 280702 22417 97096 65068 20353 33730 4496 9216
leaf_count=428054 8389 276581 15087 14259 18070 2993 280702 22417 97096 65068 20353 33730 4496 9216
internal_value=1.42102e-06 -3.8928e-06 5.83516e-05 -2.92448e-05 -1.48663e-05 8.91156e-05 -3.33451e-06 9.41441e-05 -0.000123429 -0.000112811 -7.55262e-05 -0.0001222 0.000532998 -0.000148634
internal_weight=1.29651e+06 1.28363e+06 371161 912465 791894 301991 708756 298998 120571 83138 69170 54083 12885 106312
internal_count=1296511 1283626 371161 912465 791894 301991 708756 298998 120571 83138 69170 54083 12885 106312
is_linear=0
shrinkage=0.01


Tree=135
num_leaves=15
num_cat=0
split_feature=23 1 24 26 3 22 24 15 23 24 6 15 1 15
split_gain=38.1922 22.265 22.9094 11.5744 10.5387 8.65233 9.16045 7.60976 7.44711 7.32339 6.46379 4.70097 4.6526 3.47796
threshold=0.091666666666666688 0.34021276595744687 0.26163419913419916 0.52041666666666686 -0.43683510638297868 0.12097560975609757 -0.11583184257602859 -0.015555555555555571 0.010310374149659853 -0.057189542483660143 0.2423404255319149 -0.35857142857142849 0.4793792517006803 -0.47979591836734686
decision_type=8 10 10 2 10 2 10 2 10 10 10 2 10 2
left_child=1 2 5 8 -5 7 -7 -1 -4 13 -2 -11 -13 -3
right_child=10 9 3 4 -6 6 -8 -9 -10 11 -12 12 -14 -15
leaf_value=-9.0481991763651689e-05 0.00040105072364797777 0.00030761992240985024 -4.9354823927021155e-05 -0.00027445564524391575 0.00015829095563971382 -0.00013110051157930218 -1.4639036801397753e-05 1.7075380478747516e-05 8.2008369223164526e-05 0.00012622285602321653 0.00095514940644138031 -6.3242870531611493e-05 -0.0002862303961210967 -0.00024238374351572087
leaf_weight=76248 12174 1128 78799 5799 147523 121753 153160 478366 95022 10291 2691 54490 11475 47615
leaf_count=76248 12174 1128 78799 5799 147523 121753 153160 478366 95022 10291 2691 54490 11475 47615
internal_value=-3.40652e-07 -6.20942e-06 7.46778e-06 7.83541e-05 0.000141723 -2.04519e-05 -6.63273e-05 2.23396e-06 2.22845e-05 -0.000133008 0.000503549 -7.1235e-05 -0.000102499 -0.000229022
internal_weight=1.29653e+06 1.28167e+06 1.15667e+06 327143 153322 829527 274913 554614 173821 124999 14865 76256 65965 48743
internal_count=1296534 1281669 1156670 327143 153322 829527 274913 554614 173821 124999 14865 76256 65965 48743
is_linear=0
shrinkage=0.01


Tree=136
num_leaves=15
num_cat=0
split_feature=3 24 27 26 3 24 26 28 14 24 28 24 28 3
split_gain=23.1714 19.9555 16.3633 11.0758 10.5385 10.4115 9.93443 9.4635 9.40148 19.2957 7.47041 9.5193 9.77586 6.42612
threshold=0.34613526570048314 0.26163419913419916 1.0000000180025095e-35 0.1023024594453166 -0.43683510638297868 -0.22821969696969696 0.40862708719851587 -0.30217391304347824 0.069805194805194828 0.13078947368421054 0.16333333333333336 -0.086161187698833505 -0.43969696969696964 0.47979591836734697
decision_type=10 10 2 2 10 10 2 10 2 8 10 8 10 10
left_child=1 2 3 -1 -3 -5 -6 -8 -4 -10 11 12 -2 -12
right_child=10 4 8 5 6 -7 7 -9 9 -11 13 -13 -14 -15
leaf_value=0.0001313108859691802 0.00029959445089647628 -0.00019897601862939505 -7.8488535236645598e-05 -7.5514428595477613e-05 3.0853253735491871e-05 4.2165351156469896e-05 0.00026197008110539208 9.6176438062911733e-05 9.7131390046837892e-06 0.00075251431364864549 -0.00016053900981665133 2.052615627825034e-05 -0.000284628542757686 -0.00043169535995463224
leaf_weight=87571 3203 12931 340065 109068 146439 241712 48501 122462 60552 3715 38354 46863 23895 11628
leaf_count=87571 3203 12931 340065 109068 146439 241712 48501 122462 60552 3715 38354 46863 23895 11628
internal_value=4.47703e-07 1.42104e-05 -1.15825e-05 3.06943e-05 8.00987e-05 5.48933e-06 9.15646e-05 0.00014339 -5.74905e-05 5.31512e-05 -0.00012956 -6.51611e-05 -0.000214441 -0.000224244
internal_weight=1.29696e+06 1.17302e+06 842683 438351 330333 350780 317402 170963 404332 64267 123943 73961 27098 49982
internal_count=1296959 1173016 842683 438351 330333 350780 317402 170963 404332 64267 123943 73961 27098 49982
is_linear=0
shrinkage=0.01


Tree=137
num_leaves=15
num_cat=0
split_feature=27 24 11 0 11 28 24 24 19 19 26 26 6 26
split_gain=24.2275 17.2092 14.1171 10.8328 10.4267 9.55426 9.03233 8.93528 8.27552 6.78786 6.78499 6.45838 6.40556 6.12952
threshold=1.0000000180025095e-35 0.31101190476190482 -0.25777777777777772 0.36811594202898557 0.030931122448979612 0.13525498891352553 -1.0000000180025095e-35 -0.0292857142857143 -0.078888888888888883 0.016954022988505794 0.65058139534883741 0.096006144393241177 0.050510204081632655 0.41763565891472876
decision_type=2 8 2 10 2 8 10 10 2 2 2 2 10 2
left_child=2 3 -1 4 -2 7 -6 9 13 -4 -9 12 -3 -7
right_child=1 11 5 -5 6 8 -8 10 -10 -11 -12 -13 -14 -15
leaf_value=-7.9169524905856886e-05 -7.6243939092911041e-05 -0.00015753999539703845 5.6006215044180847e-06 -0.00018243370791172801 -4.2851170386705559e-05 -9.8784133689363174e-06 0.00011008914820611972 9.3671936261353444e-05 2.9862854960485109e-05 0.00011928387922083014 0.00023718426528978546 0.00014441163693105534 0.00036516504991517006 -0.00034385974392087305
leaf_weight=81316 352442 14656 125799 65881 91584 11491 66597 75623 186185 90897 59832 61264 2765 10876
leaf_count=81316 352442 14656 125799 65881 91584 11491 66597 75623 186185 90897 59832 61264 2765 10876
internal_value=1.20481e-07 -4.26362e-05 4.38009e-05 -6.16019e-05 -4.59524e-05 6.16886e-05 2.13506e-05 9.34632e-05 7.89102e-06 5.34265e-05 0.000157288 9.59367e-05 -7.28077e-05 -0.000173643
internal_weight=1.29721e+06 655189 642019 576504 510623 560703 158181 352151 208552 216696 135455 78685 17421 22367
internal_count=1297208 655189 642019 576504 510623 560703 158181 352151 208552 216696 135455 78685 17421 22367
is_linear=0
shrinkage=0.01


Tree=138
num_leaves=15
num_cat=0
split_feature=23 1 28 0 3 22 22 18 3 28 28 26 19 15
split_gain=36.414 18.8484 14.4858 12.3722 12.0353 11.0394 7.86138 6.03261 6.00902 5.18223 5.07198 5.31364 4.90104 4.8139
threshold=0.048809523809523865 0.41207729468599036 0.10208333333333332 0.16333333333333336 0.4587585034013606 0.36023255813953492 -0.45698427382053647 -0.11851063829787233 -0.39472517730496448 -1.0000000180025095e-35 -0.20106382978723403 0.10990338164251208 0.012049941927990694 -0.40212765957446805
decision_type=10 10 8 10 8 2 2 2 10 10 10 2 2 2
left_child=1 2 5 10 8 6 -1 -6 -4 -5 11 -2 -7 -3
right_child=3 13 4 9 7 12 -8 -9 -10 -11 -12 -13 -14 -15
leaf_value=-0.00014355203961575314 1.1057498004818154e-05 7.3279382905317426e-05 -0.00016959266775896622 -6.5979626035846914e-05 -0.00064576753615541 -0.00020864152672668752 4.5266531516202812e-05 -0.00018181881980897322 -2.610712057544542e-05 0.00088294535645809167 0.00014826647220198013 0.00050902606312784528 -8.5567599106999707e-06 -0.00018941210597800512
leaf_weight=22790 2991 7578 31457 606 4493 26578 620395 8176 425062 3925 41174 8855 23297 69464
leaf_count=22790 2991 7578 31457 606 4493 26578 620395 8176 425062 3925 41174 8855 23297 69464
internal_value=-2.6539e-07 -1.17078e-05 -1.64084e-06 0.0002456 -4.45726e-05 2.73799e-05 3.85288e-05 -0.000348837 -3.60609e-05 0.000749455 0.000201936 0.00038586 -0.000115788 -0.000163182
internal_weight=1.29684e+06 1.23929e+06 1.16225e+06 57551 469188 693060 643185 12669 456519 4531 53020 11846 49875 77042
internal_count=1296841 1239290 1162248 57551 469188 693060 643185 12669 456519 4531 53020 11846 49875 77042
is_linear=0
shrinkage=0.01


Tree=139
num_leaves=15
num_cat=0
split_feature=27 28 7 0 28 10 3 26 17 7 20 25 18 15
split_gain=24.6978 15.8588 12.9958 9.66853 8.38929 7.41968 6.84717 6.56761 5.80316 5.533 5.44676 5.06304 5.16993 5.45883
threshold=1.0000000180025095e-35 -0.23956521739130432 -0.40454545454545449 0.36811594202898557 0.060487804878048841 0.028594771241830078 -0.44727272727272721 0.06186224489795919 -0.38467117988394578 0.43683510638297879 0.016397849462365614 0.27500000000000008 0.46863636363636368 -0.37877551020408157
decision_type=2 10 2 8 8 2 10 2 2 2 2 2 2 2
left_child=2 11 -1 5 10 6 -3 -6 -9 -7 -4 -2 13 -13
right_child=1 3 4 -5 7 9 -8 8 -10 -11 -12 12 -14 -15
leaf_value=-0.00011331965194741811 -8.6571394070655985e-05 -0.00049420682066528081 5.3232590599264462e-05 -0.00019846770459662404 0.00013270740997022688 2.312754466786791e-05 -7.8681087126222064e-05 -0.00026318609598666029 3.1138967012358243e-06 -0.00023365162346900676 0.00013581803700380785 0.00026871259957563594 -0.0003853705110421557 5.2079570767283481e-05
leaf_weight=49083 26267 4046 182909 54740 39629 122666 299902 8494 217409 8999 144262 12954 2485 123341
leaf_count=49083 26267 4046 182909 54740 39629 122666 299902 8494 217409 8999 144262 12954 2485 123341
internal_value=-1.22427e-06 -4.44254e-05 4.28465e-05 -7.29856e-05 5.58301e-05 -5.71471e-05 -8.43159e-05 1.39348e-05 -6.7696e-06 5.34451e-06 8.97402e-05 4.02446e-05 6.44647e-05 7.28948e-05
internal_weight=1.29719e+06 655400 641786 490353 592703 435613 303948 265532 225903 131665 327171 165047 138780 136295
internal_count=1297186 655400 641786 490353 592703 435613 303948 265532 225903 131665 327171 165047 138780 136295
is_linear=0
shrinkage=0.01


Tree=140
num_leaves=15
num_cat=0
split_feature=23 27 24 24 27 7 3 3 14 20 24 0 3 21
split_gain=33.2982 24.7478 13.8 9.05223 8.95347 12.3334 8.37859 7.05167 6.46214 8.58976 8.01293 5.7387 4.96153 4.02455
threshold=0.059027777777777797 0.30217391304347835 0.26163419913419916 0.31101190476190482 -0.12778327560613556 -0.23956521739130432 -0.41918367346938773 0.47979591836734697 0.011766334440753036 -0.47894503546099287 -0.1039136302294197 0.24222222222222226 0.22111111111111112 0.29356060606060608
decision_type=10 2 10 8 2 2 10 10 2 2 10 10 10 2
left_child=1 2 4 8 5 -1 13 -8 10 -10 -3 -2 -5 -4
right_child=11 3 6 12 -6 -7 7 -9 9 -11 -12 -13 -14 -15
leaf_value=-8.5478534924260903e-05 0.00034168750751200483 -0.00028339825580969724 -0.00025155815172831528 0.0001495463394137683 -4.3033569614581387e-05 6.0108078191518447e-05 8.90325532431187e-05 -0.00043209790833263789 0.00067952153513257951 -7.4229776695419172e-05 -0.00010496765037787475 0.00085176866458622918 -0.00015781912095720585 0.00013089034888689102
leaf_weight=74502 16064 39964 11331 21619 372766 264064 280024 2599 1520 127632 70374 2686 6851 3518
leaf_count=74502 16064 39964 11331 21619 372766 264064 280024 2599 1520 127632 70374 2686 6851 3518
internal_value=-1.80769e-06 -7.97498e-06 1.46899e-05 -9.3414e-05 -9.19061e-06 2.79824e-05 7.18948e-05 8.41296e-05 -0.000113503 -6.5111e-05 -0.000169872 0.000416483 7.45197e-05 -0.000158921
internal_weight=1.29551e+06 1.27676e+06 1.0088e+06 267960 711332 338566 297472 282623 239490 129152 110338 18750 28470 14849
internal_count=1295514 1276764 1008804 267960 711332 338566 297472 282623 239490 129152 110338 18750 28470 14849
is_linear=0
shrinkage=0.01


Tree=141
num_leaves=15
num_cat=0
split_feature=4 10 28 22 3 4 18 17 28 19 28 22 19 26
split_gain=20.9686 13.0556 11.1133 10.4795 9.63563 9.41564 7.21512 7.11549 6.97988 6.31212 6.46025 6.12336 6.27296 5.76167
threshold=0.2525510204081633 0.024404761904761933 -0.41945945945945939 0.32755102040816336 -0.43683510638297868 0.24222222222222226 0.2473404255319149 -0.41010101010101002 -0.041103603603603593 -0.37367021276595741 -0.24734042553191488 0.23836580086580092 -0.38148936170212761 0.89663461538461553
decision_type=2 2 8 2 8 2 2 2 8 2 10 2 2 2
left_child=1 3 -2 4 13 9 -7 -4 -6 -3 -11 12 -9 -1
right_child=2 5 7 -5 8 6 -8 11 -10 10 -12 -13 -14 -15
leaf_value=-0.00011184411507287698 0.00017415331490744951 -0.00013145625092017866 -0.00032557972414402707 -0.0001189321525368817 4.7176086763426356e-05 -3.5842332659605462e-05 0.00083307621892424188 9.1812481878085104e-05 -1.8924503473802356e-05 0.00014921666021208422 4.4487093326624934e-05 -0.00020942226059449898 -9.6101422638230667e-05 -0.0005044942677227773
leaf_weight=16226 13976 16457 15207 77428 291201 1359 2772 21065 353142 76868 258957 38685 108925 4989
leaf_count=16226 13976 16457 15207 77428 291201 1359 2772 21065 353142 76868 258957 38685 108925 4989
internal_value=-2.01297e-06 1.50192e-05 -9.6803e-05 -8.81281e-06 3.95338e-06 6.47839e-05 0.000540147 -0.000117563 1.09022e-05 5.91199e-05 6.85494e-05 -9.86255e-05 -6.54176e-05 -0.000205653
internal_weight=1.29726e+06 1.0994e+06 197858 742986 665558 356413 4131 183882 644343 352282 335825 168675 129990 21215
internal_count=1297257 1099399 197858 742986 665558 356413 4131 183882 644343 352282 335825 168675 129990 21215
is_linear=0
shrinkage=0.01


Tree=142
num_leaves=15
num_cat=0
split_feature=23 24 4 24 15 19 19 0 7 24 25 14 17 25
split_gain=29.9827 17.0092 14.9883 12.4771 11.4903 10.3351 7.69482 7.38351 6.72101 6.7061 6.33995 6.11499 5.97574 3.01825
threshold=0.034523809523809519 0.43875000000000003 0.25777777777777783 -1.0000000180025095e-35 0.021286231884057986 0.020416666666666698 -0.47979591836734686 0.24222222222222226 0.3526152482269504 -0.18118686868686867 0.92500000000000016 0.011766334440753036 -0.41010101010101002 0.77500000000000024
decision_type=8 10 2 10 2 2 2 10 2 10 2 2 2 2
left_child=1 2 5 -2 10 9 13 -5 -7 -1 11 -3 -8 -4
right_child=3 4 6 7 -6 8 12 -9 -10 -11 -12 -13 -14 -15
leaf_value=-9.2956563517789976e-05 2.4917295959148836e-05 0.00020745105464369781 0.00065805389650179015 0.00026581909311091957 -0.00014284476360297752 3.8148705081640589e-05 -0.00031220509073909785 0.00081563006231576726 -0.00015072689674932709 -1.4022610836742116e-05 0.0003217420825924449 1.1516815914569536e-05 -9.8870067085295673e-05 3.5755682419716885e-05
leaf_weight=152011 26676 32874 1720 42802 14647 406268 14496 2655 19699 372864 18914 31563 158661 1622
leaf_count=152011 26676 32874 1720 42802 14647 406268 14496 2655 19699 372864 18914 31563 158661 1622
internal_value=-2.64592e-07 -1.19513e-05 -2.29584e-05 0.000197836 0.000114362 -7.21482e-06 -0.000107601 0.000298643 2.93427e-05 -3.69405e-05 0.000159924 0.000111948 -0.000116908 0.0003653
internal_weight=1.29747e+06 1.22534e+06 1.12734e+06 72133 97998 950842 176499 45457 425967 524875 83351 64437 173157 3342
internal_count=1297472 1225339 1127341 72133 97998 950842 176499 45457 425967 524875 83351 64437 173157 3342
is_linear=0
shrinkage=0.01


Tree=143
num_leaves=15
num_cat=0
split_feature=24 28 22 28 15 3 27 26 11 24 15 27 22 22
split_gain=23.6603 18.9171 17.5681 12.8299 12.3048 12.0683 10.2307 8.55251 8.68143 11.5755 8.73022 8.14423 7.56522 5.75414
threshold=-0.050641025641025621 0.17006802721088435 0.080322580645161304 -0.082364341085271284 -0.19782608695652171 0.39678030303030309 -0.010874704491725782 0.15954545454545457 0.0337121212121212 0.37298387096774199 -0.015555555555555571 0.36023255813953492 -0.23779761904761901 0.36978260869565222
decision_type=8 10 2 10 2 8 2 2 2 10 2 2 2 2
left_child=2 7 4 -4 -1 -3 12 13 9 -9 -10 -5 -6 -2
right_child=1 5 3 11 6 -7 -8 8 10 -11 -12 -13 -14 -15
leaf_value=-0.0002131535389635915 2.1436637985286717e-05 -5.527683231627423e-06 -3.4477080801492832e-05 -0.000155317026886611 -2.7218057842800661e-05 -0.00024038132079463276 -4.2497461823942989e-05 1.2404676139171438e-05 5.8988997380623585e-05 0.00016470042748512094 0.00023972271872553703 -0.00038597683816975274 0.00012241987970790317 -0.00027140211309540643
leaf_weight=26233 105420 277637 93293 95890 50652 23780 163008 141945 42776 77375 73552 18524 99740 7161
leaf_count=26233 105420 277637 93293 95890 50652 23780 163008 141945 42776 77375 73552 18524 99740 7161
internal_value=5.05603e-07 3.70243e-05 -4.94561e-05 -0.000121907 -5.05852e-06 -2.4158e-05 1.22661e-05 7.82338e-05 0.000103534 6.62722e-05 0.000173525 -0.000192933 7.18228e-05 2.53668e-06
internal_weight=1.29699e+06 749646 547340 207707 339633 301417 313400 448229 335648 219320 116328 114414 150392 112581
internal_count=1296986 749646 547340 207707 339633 301417 313400 448229 335648 219320 116328 114414 150392 112581
is_linear=0
shrinkage=0.01


Tree=144
num_leaves=15
num_cat=0
split_feature=23 27 24 27 7 22 19 23 21 28 22 11 27 22
split_gain=33.2286 25.1952 13.2698 11.4226 13.1524 11.168 10.5146 8.27162 8.8907 8.16175 8.08659 6.50358 6.14395 5.08509
threshold=0.043560606060606029 0.38047619047619052 0.43875000000000003 -0.010874704491725782 -0.33156028368794321 0.12372448979591839 0.022233201581027654 0.011766334440753036 0.16333333333333336 -0.30217391304347824 -0.12233560090702948 0.024404761904761933 0.47849213691026832 -0.41945945945945939
decision_type=10 2 10 2 2 2 2 8 2 10 2 2 2 2
left_child=1 2 3 4 -1 9 10 8 12 -2 -4 -5 -3 -9
right_child=5 7 6 11 -6 -7 -8 13 -10 -11 -12 -13 -14 -15
leaf_value=-8.971900608786334e-05 0.00051202551198061875 -0.00021955011490742732 0.00030668219615500984 -7.0367585619391182e-05 4.6459143205583659e-05 0.00048485195932769471 -0.00010117623297590647 0.00030980997290705042 -8.8687065489013816e-05 0.00010698530787948156 8.7988668479616292e-05 1.0731150148448909e-05 -0.00049680813461394722 -5.7557812136025759e-05
leaf_weight=83666 5690 41681 28624 291773 462040 13146 16753 4042 52090 43322 42655 148679 10220 52211
leaf_count=83666 5690 41681 28624 291773 462040 13146 16753 4042 52090 43322 42655 148679 10220 52211
internal_value=-5.83385e-07 -1.19665e-05 5.45608e-06 -5.01604e-06 2.55254e-05 0.000224987 0.000123104 -0.000128943 -0.000181843 0.000154649 0.000176241 -4.29239e-05 -0.000274749 -3.06126e-05
internal_weight=1.29659e+06 1.23443e+06 1.07419e+06 986158 545706 62158 88032 160244 103991 49012 71279 440452 51901 56253
internal_count=1296592 1234434 1074190 986158 545706 62158 88032 160244 103991 49012 71279 440452 51901 56253
is_linear=0
shrinkage=0.01


Tree=145
num_leaves=15
num_cat=0
split_feature=23 1 28 23 27 28 19 22 22 27 21 1 28 28
split_gain=32.586 20.2345 14.3873 8.79049 8.75327 7.34915 7.08121 5.66529 5.2158 4.97617 7.29898 4.5871 5.25507 4.44692
threshold=0.077380952380952397 0.30558300395256921 0.018620689655172443 0.025657894736842105 0.27859477124183013 -0.39528508771929821 -0.078888888888888883 0.36978260869565222 0.06881313131313134 0.39619252873563227 0.27178030303030309 0.16333333333333336 0.32732919254658394 -1.0000000180025095e-35
decision_type=10 8 10 10 2 10 2 2 2 2 2 10 10 10
left_child=1 2 3 7 6 -3 -4 -1 -6 -7 -11 12 -2 -13
right_child=11 5 4 -5 8 9 -8 -9 -10 10 -12 13 -14 -15
leaf_value=4.4796169759539477e-05 0.00045287986443439391 0.0001039337920509773 -0.00010082161108524949 0.0001923260094546819 -4.9084292928655033e-05 -9.4362785036573144e-05 1.3220798081867401e-05 -8.5690186031153076e-05 -0.00018426531898943149 -0.00035162838098437002 -8.0532403800620878e-05 -3.2279027168479055e-05 -1.5086616564514045e-06 0.00083298026933743244
leaf_weight=493678 9311 14282 63820 38712 79046 99104 369873 35529 45471 21833 18853 620 3322 3987
leaf_count=493678 9311 14282 63820 38712 79046 99104 369873 35529 45471 21833 18853 620 3322 3987
internal_value=2.34672e-06 -3.44621e-06 1.1235e-05 4.66898e-05 -2.47827e-05 -0.000110946 -3.4925e-06 3.59787e-05 -9.86937e-05 -0.000133116 -0.000226761 0.000434181 0.000331047 0.000710083
internal_weight=1.29744e+06 1.2802e+06 1.12613e+06 567919 558210 154072 433693 529207 124517 139790 40686 17240 12633 4607
internal_count=1297441 1280201 1126129 567919 558210 154072 433693 529207 124517 139790 40686 17240 12633 4607
is_linear=0
shrinkage=0.01


Tree=146
num_leaves=15
num_cat=0
split_feature=23 27 11 23 22 27 15 22 8 26 2 22 0 22
split_gain=31.7961 23.0023 11.7652 8.47072 8.19921 8.26 7.64892 6.46557 6.25136 5.17178 5.97112 4.02458 3.13589 2.79113
threshold=0.1125 0.30217391304347835 -0.29795918367346935 0.012049941927990694 0.49500000000000005 -0.010874704491725782 -0.40212765957446805 -0.019259259259259278 -0.46295454545454545 0.52440476190476204 -0.39897959183673465 -0.41578014184397155 0.16333333333333336 0.23979166666666671
decision_type=10 2 2 8 2 2 2 2 2 2 8 2 10 2
left_child=1 2 9 6 5 -4 8 -8 -3 13 -11 -5 -2 -1
right_child=12 3 4 11 -6 -7 7 -9 -10 10 -12 -13 -14 -15
leaf_value=1.2879152444806078e-05 0.00037201341518597791 -0.00077727549835477478 5.6442666839823092e-05 0.00039966230206339845 -0.00026866009365705579 -5.0512822563516968e-06 -6.7756263985007133e-05 -0.00018730755418103369 0.00014050195983000743 -0.00044063720925247197 -0.00011535469502928667 -4.4397654837380694e-06 0.00071432876733515339 -0.00017302677724472689
leaf_weight=45638 8389 771 537228 2556 9173 366677 79619 107900 14786 6713 39333 63960 4510 9759
leaf_count=45638 8389 771 537228 2556 9173 366677 79619 107900 14786 6713 39333 63960 4510 9759
internal_value=1.8653e-07 -4.75329e-06 1.70397e-05 -8.68744e-05 2.84151e-05 3.1464e-05 -0.000118967 -0.000136709 9.29481e-05 -8.5052e-05 -0.000163454 1.06549e-05 0.000494164 -1.9337e-05
internal_weight=1.29701e+06 1.28411e+06 1.01452e+06 269592 913078 903905 203076 187519 15557 101443 46046 66516 12899 55397
internal_count=1297012 1284113 1014521 269592 913078 903905 203076 187519 15557 101443 46046 66516 12899 55397
is_linear=0
shrinkage=0.01


Tree=147
num_leaves=15
num_cat=0
split_feature=24 28 22 28 15 3 14 27 27 19 21 24 22 27
split_gain=20.8944 17.2398 16.0144 11.0114 10.9013 10.2034 9.74865 9.39084 7.54411 7.40864 12.5177 10.8411 6.46724 6.3928
threshold=-0.051682692307692284 0.17006802721088435 0.080322580645161304 -0.126453488372093 -0.015555555555555571 0.39678030303030309 0.36811594202898557 -0.011911514463981863 0.41010101010101013 0.028594771241830078 0.2423404255319149 0.43875000000000003 1.0000000180025095e-35 0.084349593495934974
decision_type=10 8 2 10 2 8 2 2 2 2 2 10 2 2
left_child=2 6 4 -4 -1 13 9 12 -5 11 -11 -2 -6 -3
right_child=1 5 3 8 7 -7 -8 -9 -10 10 -12 -13 -14 -15
leaf_value=-0.00015050863864295622 2.3728389088579265e-05 3.3213776967371431e-05 -2.5052129179691832e-05 -0.00014637334998792445 2.5972875711627353e-05 -0.00022310209872059152 -9.3532201665255497e-05 -3.6552109032869584e-05 -0.00039160102523016452 0.00014285713807148871 0.0011014216984306208 0.00016012849877547868 0.00016785430869914 -6.4194371011643542e-05
leaf_weight=44446 218913 163311 81753 112012 91714 23708 32136 153731 14347 115434 1386 79765 49986 114562
leaf_count=44446 218913 163311 81753 112012 91714 23708 32136 153731 14347 115434 1386 79765 49986 114562
internal_value=7.90045e-08 3.44257e-05 -4.68253e-05 -0.000115915 -4.43167e-06 -2.39407e-05 7.38154e-05 1.74446e-05 -0.000174463 8.68314e-05 0.000154515 6.02571e-05 7.62371e-05 -6.83813e-06
internal_weight=1.2972e+06 749215 547989 208112 339877 301581 447634 295431 126359 415498 116820 298678 141700 277873
internal_count=1297204 749215 547989 208112 339877 301581 447634 295431 126359 415498 116820 298678 141700 277873
is_linear=0
shrinkage=0.01


Tree=148
num_leaves=15
num_cat=0
split_feature=0 22 27 7 15 21 4 5 22 17 22 22 15 22
split_gain=19.2376 14.8646 10.9786 10.5964 5.9853 7.07947 5.71905 5.53504 5.2346 5.19852 4.25144 4.2252 3.78697 2.75942
threshold=0.36811594202898557 0.32755102040816336 0.10102040816326531 -0.33156028368794321 0.028594771241830078 0.12361111111111113 1.0000000180025095e-35 0.43405797101449284 -0.4759001161440185 0.018874643874643885 -0.45060975609756093 -0.033712121212121214 -0.37877551020408157 -0.39323708206686925
decision_type=10 2 2 2 2 2 2 10 2 2 2 2 2 2
left_child=1 2 3 10 11 -6 -3 13 -5 -8 -1 -4 -9 -2
right_child=7 6 4 8 5 -7 9 12 -10 -11 -12 -13 -14 -15
leaf_value=-0.00038059890953585701 -0.0002727177359998667 2.6091806056372448e-05 4.1557950035798905e-06 -0.00018344995778979607 2.2512506667568639e-05 0.0002968357453940958 -0.00019386382164210503 1.6711137299334286e-05 6.9144842984770409e-05 -2.898954417151819e-05 -3.8739472576121772e-05 -6.8381269483241774e-05 -0.00028432172203975994 -6.0958002200175793e-05
leaf_weight=3838 6876 28308 141863 8261 91664 10531 55984 4724 555499 29749 80400 182843 26990 69728
leaf_count=3838 6876 28308 141863 8261 91664 10531 55984 4724 555499 29749 80400 182843 26990 69728
internal_value=5.96802e-07 1.22433e-05 2.37829e-05 4.97336e-05 -1.55378e-05 5.10824e-05 -9.62582e-05 -0.00012696 6.53893e-05 -0.000137006 -5.46842e-05 -3.65979e-05 -0.000238538 -8.03672e-05
internal_weight=1.29726e+06 1.18894e+06 1.0749e+06 647998 426901 102195 114041 108318 563760 85733 84238 324706 31714 76604
internal_count=1297258 1188940 1074899 647998 426901 102195 114041 108318 563760 85733 84238 324706 31714 76604
is_linear=0
shrinkage=0.01


Tree=149
num_leaves=15
num_cat=0
split_feature=23 28 4 22 22 21 26 19 6 17 19 10 28 28
split_gain=29.0481 20.1257 17.5086 10.4006 9.69485 7.46024 7.16871 7.31784 6.49481 6.18202 4.6559 4.53633 4.49152 4.48475
threshold=0.066964285714285712 0.10208333333333332 0.21807065217391305 0.35791925465838514 -0.45959183673469384 -0.43938775510204076 0.045983086680761107 -0.057777777777777782 0.2423404255319149 -0.38467117988394578 0.39246068455134137 0.012049941927990694 0.4793792517006803 0.49000000000000005
decision_type=8 8 2 2 2 2 2 2 10 2 2 2 10 10
left_child=1 3 6 4 -1 -6 10 -8 -2 -4 -3 -5 -11 -10
right_child=8 2 9 11 5 -7 7 -9 13 12 -12 -13 -14 -15
leaf_value=-0.00017188145099351641 0.00031004577721570163 0.00012598345958232554 -0.00039301988682703622 -0.00020446607684216901 0.00025036358937038786 3.8498574900113121e-05 -0.00015989569853127629 -2.4127606691783516e-05 0.00126962115721253 -0.00012218611230874221 -0.00018605566997729849 -2.1051369365524673e-05 -0.00038256190543612941 0.00041472221481851315
leaf_weight=21430 16046 41845 11534 25156 17107 661921 45262 331836 1344 79715 5325 29946 7376 1393
leaf_count=21430 16046 41845 11534 25156 17107 661921 45262 331836 1344 79715 5325 29946 7376 1393
internal_value=-4.22121e-07 -6.1814e-06 -5.3894e-05 2.67989e-05 3.72368e-05 4.38814e-05 -2.59111e-05 -4.05042e-05 0.000389921 -0.000173963 9.0112e-05 -0.000105338 -0.000144595 0.000846399
internal_weight=1.29724e+06 1.27845e+06 522893 755560 700458 679028 424268 377098 18783 98625 47170 55102 87091 2737
internal_count=1297236 1278453 522893 755560 700458 679028 424268 377098 18783 98625 47170 55102 87091 2737
is_linear=0
shrinkage=0.01


Tree=150
num_leaves=15
num_cat=0
split_feature=23 27 3 22 27 23 27 15 22 26 22 22 15 1
split_gain=30.6864 22.8057 11.2031 11.5101 6.98242 6.76617 6.84712 6.39379 5.72889 5.5604 4.30424 3.11741 3.0587 2.63823
threshold=0.1125 0.30217391304347835 -0.39472517730496448 0.32025641025641027 -0.010874704491725782 0.012049941927990694 0.38047619047619052 -0.37877551020408157 0.48456521739130437 0.87902439024390255 -0.41578014184397155 -0.40108695652173909 -0.21869565217391301 0.028594771241830078
decision_type=10 2 8 2 2 8 2 2 2 2 2 2 2 10
left_child=1 2 9 4 -4 6 -3 -8 -5 11 -7 -1 -11 -12
right_child=-2 5 3 8 -6 10 7 -9 -10 12 13 -13 -14 -15
leaf_value=-0.00033250688399749146 0.00048230313007280361 -4.2206341318809535e-05 6.0247074770640296e-05 -5.2451580681179468e-05 1.9159352363250312e-06 0.00040249484387670542 2.242393820629701e-05 -0.00018972875759956615 -0.00030936148308130209 -0.0005298539257989561 -5.3614710534435452e-05 -3.5430946502994062e-05 -0.00019282255122470563 9.4942835793792032e-05
leaf_weight=3861 12986 77464 498921 88033 350440 2545 16038 109463 9714 3730 48377 47262 11864 15794
leaf_count=3861 12986 77464 498921 88033 350440 2545 16038 109463 9714 3730 48377 47262 11864 15794
internal_value=-1.28176e-06 -6.19897e-06 1.55163e-05 2.43651e-05 3.62155e-05 -8.79446e-05 -0.000116662 -0.000162378 -7.82986e-05 -0.000109647 -1.27563e-07 -5.84722e-05 -0.000275448 -1.6581e-05
internal_weight=1.29649e+06 1.28351e+06 1.01382e+06 947108 849361 269681 202965 125501 97747 66717 66716 51123 15594 64171
internal_count=1296492 1283506 1013825 947108 849361 269681 202965 125501 97747 66717 66716 51123 15594 64171
is_linear=0
shrinkage=0.01


Tree=151
num_leaves=15
num_cat=0
split_feature=23 24 4 3 28 28 18 28 22 24 28 0 24 28
split_gain=28.9215 22.0793 13.5234 13.1629 8.93526 8.91523 8.52396 7.40476 6.95495 6.95382 6.78023 5.35952 5.27458 4.94102
threshold=0.066964285714285712 0.26163419913419916 0.3802173913043479 0.22111111111111112 0.22046511627906976 0.4793792517006803 0.056186868686868681 -0.39897959183673465 0.12097560975609757 -0.11583184257602859 0.12645348837209305 0.16333333333333336 0.33666666666666673 0.32732919254658394
decision_type=10 10 2 10 8 10 2 10 2 10 10 10 10 10
left_child=1 3 4 8 6 7 -3 -5 10 -10 -1 13 -6 -2
right_child=11 2 -4 5 12 -7 -8 -9 9 -11 -12 -13 -14 -15
leaf_value=3.4459394047690192e-05 0.00040510333503105414 0.00014221694285316945 -0.00012951523678307809 9.8009602461765727e-05 1.174323694512168e-05 -0.00058384159177674911 -1.0959186437030007e-05 -0.00013509408977823402 -0.00011869679418708193 -1.2719419097824243e-05 -3.9092195763701085e-05 0.00069764914836549594 -0.00046581528455559617 -1.5825746309768652e-05
leaf_weight=305879 10206 187657 34441 15237 100650 4095 44608 118873 111567 140739 212192 4509 2364 3651
leaf_count=305879 10206 187657 34441 15237 100650 4095 44608 118873 111567 140739 212192 4509 2364 3651
internal_value=-5.8812e-07 -6.27257e-06 5.88492e-05 -3.28051e-05 7.82891e-05 -0.000122702 0.00011267 -0.000108385 -1.66383e-05 -5.97012e-05 4.27611e-06 0.000393362 4.79603e-07 0.000292054
internal_weight=1.29667e+06 1.2783e+06 369720 908582 335279 138205 232265 134110 770377 252306 518071 18366 103014 13857
internal_count=1296668 1278302 369720 908582 335279 138205 232265 134110 770377 252306 518071 18366 103014 13857
is_linear=0
shrinkage=0.01


Tree=152
num_leaves=15
num_cat=0
split_feature=24 28 3 3 27 14 15 25 19 21 24 28 27 19
split_gain=21.7049 18.3968 13.6661 10.5975 9.58792 8.75135 6.6017 8.50788 6.18478 13.6039 11.5031 5.74586 5.74297 6.4227
threshold=-0.057189542483660143 0.17006802721088435 0.39009661835748793 0.39897959183673476 -0.019259259259259278 0.39009661835748793 -0.20106382978723403 0.82500000000000018 0.028594771241830078 0.2423404255319149 0.43875000000000003 0.43908472479901062 0.070714285714285688 -0.057777777777777782
decision_type=10 10 10 8 2 2 2 2 2 2 10 10 2 2
left_child=2 5 4 12 6 8 7 -1 10 -10 -2 -4 13 -3
right_child=1 3 11 -5 -6 -7 -8 -9 9 -11 -12 -13 -14 -15
leaf_value=-5.2698333557700574e-05 2.11810698432464e-05 -0.00014436692964282501 -0.00020792130780887639 -0.00023106431645117997 -8.2898965852567716e-05 -0.00010278243931046594 2.140579310695269e-05 -0.00056886763881681816 0.00012760472370718356 0.0011171100745602926 0.00016011480554135928 -0.00076609764685170141 -6.3828415245979135e-05 5.0329100030490732e-05
leaf_weight=13306 234836 19169 34333 23944 239179 27387 221888 4269 131109 1410 80173 1998 121541 142645
leaf_count=13306 234836 19169 34333 23944 239179 27387 221888 4269 131109 1410 80173 1998 121541 142645
internal_value=-1.93983e-06 3.12261e-05 -5.23751e-05 -2.89934e-05 -3.81071e-05 7.02548e-05 6.50693e-06 -0.000179859 8.09117e-05 0.000138384 5.66375e-05 -0.000239504 -1.18099e-05 2.70771e-05
internal_weight=1.29719e+06 782214 514973 307299 478642 474915 239463 17575 447528 132519 315009 36331 283355 161814
internal_count=1297187 782214 514973 307299 478642 474915 239463 17575 447528 132519 315009 36331 283355 161814
is_linear=0
shrinkage=0.01


Tree=153
num_leaves=15
num_cat=0
split_feature=4 28 11 2 22 28 17 19 28 16 1 4 22 22
split_gain=19.107 13.8336 12.7085 9.80455 10.313 8.55887 7.6464 7.34682 6.1942 6.42517 6.1575 5.82507 5.54863 4.04439
threshold=0.25521059487624842 -0.41945945945945939 0.030931122448979612 -0.43938775510204076 0.32755102040816336 -0.011911514463981863 -0.41010101010101002 -0.37367021276595741 0.4793792517006803 0.010527482269503509 0.26111660079051391 0.24222222222222226 0.27326839826839833 -0.25255102040816318
decision_type=2 8 2 8 2 8 2 2 8 2 10 2 2 2
left_child=2 -2 3 -1 5 -5 -3 13 12 -10 11 -9 -8 -4
right_child=1 6 7 4 -6 -7 8 10 9 -11 -12 -13 -14 -15
leaf_value=-0.00022959293832862574 0.00021629629754276938 -0.00032979424636036251 0.00017729814296879823 5.0861312694239052e-05 -0.00010840864742778396 -1.9494924785972762e-05 -5.2735512953765492e-05 9.4881360244763235e-05 -4.1273590743607605e-05 -0.0006795752369334714 -2.8089297693325348e-05 0.00046770933663795429 -0.00020734226187202529 -0.00021265365823446952
leaf_weight=18765 13665 15024 3246 329408 76515 363183 131081 251847 2992 3602 42565 4304 28505 13188
leaf_count=18765 13665 15024 3246 329408 76515 363183 131081 251847 2992 3602 42565 4304 28505 13188
internal_value=1.5245e-06 -8.97341e-05 1.76744e-05 -3.75723e-06 1.71468e-06 1.39245e-05 -0.000112981 7.13479e-05 -9.31935e-05 -0.000394647 8.27352e-05 0.000101268 -8.05425e-05 -0.000133788
internal_weight=1.29789e+06 194869 1.10302e+06 787871 769106 692591 181204 315150 166180 6594 298716 256151 159586 16434
internal_count=1297890 194869 1103021 787871 769106 692591 181204 315150 166180 6594 298716 256151 159586 16434
is_linear=0
shrinkage=0.01


Tree=154
num_leaves=15
num_cat=0
split_feature=24 22 4 19 11 22 4 19 24 19 26 24 4 10
split_gain=20.6611 12.7613 11.8267 11.7383 10.7919 8.91915 8.59884 7.92017 7.50116 8.60851 7.05011 6.82813 6.81427 6.55705
threshold=-0.057189542483660143 0.13438086303939964 0.2525510204081633 -0.15978723404255316 0.0337121212121212 -0.18944444444444442 0.24222222222222226 -0.38148936170212761 0.43875000000000003 0.022233201581027654 0.16064516129032261 -0.38799283154121861 0.085144927536231943 0.17006802721088435
decision_type=10 2 2 2 2 2 2 2 8 2 2 8 2 2
left_child=1 3 4 11 8 -5 13 -4 -2 -10 -7 12 -1 -6
right_child=2 -3 7 5 6 10 -8 -9 9 -11 -12 -13 -14 -15
leaf_value=-0.0001791010380690515 6.4005507841477483e-06 -0.00012478358443309822 0.00012368115316318458 -6.7112765121485893e-05 0.00016285948129445219 0.00014808825745246388 0.00059712181992351715 -8.9669932350873872e-05 0.00017443836712326046 -0.00012190979698662368 1.2306570075693578e-05 -0.00022016915611043056 0.00026470725914019648 4.773923325308476e-05
leaf_weight=7019 385061 152188 20705 104737 94706 51113 3600 106155 54801 11812 154201 39339 6772 105656
leaf_count=7019 385061 152188 20705 104737 94706 51113 3600 106155 54801 11812 154201 39339 6772 105656
internal_value=1.2535e-06 -4.7886e-05 3.36562e-05 -1.55793e-05 5.07809e-05 7.86318e-06 0.000111194 -5.461e-05 2.34331e-05 0.000121436 4.62573e-05 -0.00015294 3.66641e-05 0.000102305
internal_weight=1.29786e+06 515369 782496 363181 655636 310051 203962 126860 451674 66613 205314 53130 13791 200362
internal_count=1297865 515369 782496 363181 655636 310051 203962 126860 451674 66613 205314 53130 13791 200362
is_linear=0
shrinkage=0.01


Tree=155
num_leaves=15
num_cat=0
split_feature=23 27 11 24 24 23 15 11 21 27 27 22 23 22
split_gain=26.3634 23.7178 12.2453 11.1998 10.706 9.52455 8.15975 6.87363 6.83306 6.74216 5.62708 5.61917 4.27089 3.69333
threshold=0.037087912087912074 0.38047619047619052 -0.39897959183673465 -0.057189542483660143 -0.03062500000000001 0.011766334440753036 0.016954022988505794 0.16333333333333336 0.29356060606060608 -0.010874704491725782 0.47801932367149763 -0.41945945945945939 0.010102040816326542 0.23979166666666671
decision_type=8 2 2 10 8 10 2 2 2 2 2 2 10 2
left_child=1 2 13 6 -2 8 -4 -6 10 -5 -3 -7 -10 -1
right_child=4 5 3 9 7 11 -8 -9 12 -11 -12 -13 -14 -15
leaf_value=-0.00010456882908265099 2.2178407628460659e-05 -0.00019239733348744092 -5.8223332620821363e-05 7.1639231585495812e-05 0.00023818007793026242 0.0003417607823849449 3.9067475924771439e-05 0.00065386121836367745 3.7376554406598838e-05 5.2379369583077193e-06 -0.00041598783595613568 -4.7201651281853945e-05 -0.00017313868969799255 -0.00033254639853112582
leaf_weight=44310 25269 50622 275558 322980 40269 3993 125075 4533 17821 292378 14964 51195 20506 8696
leaf_count=44310 25269 50622 275558 322980 40269 3993 125075 4533 17821 292378 14964 51195 20506 8696
internal_value=-5.68427e-07 -1.1356e-05 5.57114e-06 1.33289e-05 0.000188064 -0.000125276 -2.77748e-05 0.000280949 -0.000181694 4.01386e-05 -0.000243885 -1.84986e-05 -7.4477e-05 -0.000142553
internal_weight=1.29817e+06 1.2281e+06 1.069e+06 1.01599e+06 70071 159101 400633 44802 103913 615358 65586 55188 38327 53006
internal_count=1298169 1228098 1068997 1015991 70071 159101 400633 44802 103913 615358 65586 55188 38327 53006
is_linear=0
shrinkage=0.01


Tree=156
num_leaves=15
num_cat=0
split_feature=23 27 11 24 26 23 28 27 15 28 24 2 22 6
split_gain=29.4367 21.4935 12.9703 12.1902 12.3265 7.73895 11.9007 7.35431 6.71704 8.9502 5.50129 5.13147 4.84484 4.70497
threshold=0.059027777777777797 0.32630878438331862 -0.29795918367346935 0.26163419913419916 0.36055555555555557 0.012049941927990694 -0.17006802721088435 -0.14946808510638296 -0.37877551020408157 0.21583850931677021 -0.039230769230769201 -0.43938775510204076 -0.40108695652173909 0.16333333333333336
decision_type=8 2 2 10 2 10 10 2 2 10 8 8 2 10
left_child=1 2 11 7 -5 8 -7 -4 9 -3 -10 -1 -8 -2
right_child=13 5 3 4 -6 6 12 -9 10 -11 -12 -13 -14 -15
leaf_value=-0.00032715655857987603 0.00029819863942624628 0.00015804834471282463 4.1169292600845305e-05 2.8712347518705234e-06 0.00013925435474193573 0.00026408849271596964 0.00038763763995495521 -2.6088767079657123e-05 -0.00020181945233682858 -0.00035864511079938637 -8.3426549342642092e-05 -7.0380905604585517e-05 -9.6869116504141495e-05 0.00067574756176513179
leaf_weight=8573 14652 15852 284715 114626 158586 13936 2150 378764 83232 4231 76537 95105 40940 4539
leaf_count=8573 14652 15852 284715 114626 158586 13936 2150 378764 83232 4231 76537 95105 40940 4539
internal_value=4.21399e-07 -5.39677e-06 1.41526e-05 2.59246e-05 8.21453e-05 -9.13833e-05 9.63722e-06 2.72814e-06 -0.00012358 4.76627e-05 -0.000145294 -9.19116e-05 -7.19729e-05 0.00038915
internal_weight=1.29644e+06 1.27725e+06 1.04037e+06 936691 273212 236878 57026 663479 179852 20083 159769 103678 43090 19191
internal_count=1296438 1277247 1040369 936691 273212 236878 57026 663479 179852 20083 159769 103678 43090 19191
is_linear=0
shrinkage=0.01


Tree=157
num_leaves=15
num_cat=0
split_feature=1 24 27 7 26 3 26 17 24 17 24 17 26 4
split_gain=20.4745 16.9384 11.0588 10.896 10.225 10.6976 7.97703 6.0116 14.2674 5.8315 5.66395 5.86939 5.03777 4.70391
threshold=0.27178030303030309 0.26163419913419916 1.0000000180025095e-35 -0.25777777777777772 0.40862708719851587 -0.43683510638297868 0.15954545454545457 0.065942028985507231 -0.0292857142857143 -0.32111111111111107 -0.063164893617021253 -0.47752525252525252 0.50510204081632659 0.37095282146160968
decision_type=10 10 2 2 2 8 2 2 8 2 8 2 2 2
left_child=1 2 3 12 13 -6 -5 -4 -9 -7 -2 -12 -1 -3
right_child=10 4 7 6 5 9 -8 8 -10 -11 11 -13 -14 -15
leaf_value=-5.1721985337984716e-06 -0.00017087325932414345 3.2692546102711823e-05 -6.4269116739575273e-05 0.00013474044844638669 -0.00027172391907959512 -8.5470264568667084e-05 2.3269678949029444e-05 -3.0800740419115969e-05 0.00036684020824203121 0.00016368252291012821 -0.00057293089378833764 -4.4785242860616565e-05 -0.00016455275224603214 -0.00018733241816589212
leaf_weight=44217 68376 132152 324102 86007 6258 9858 257043 45839 11204 149752 2154 111444 36565 10461
leaf_count=44217 68376 132152 324102 86007 6258 9858 257043 45839 11204 149752 2154 111444 36565 10461
internal_value=-3.93007e-07 1.56557e-05 -8.45537e-06 2.66479e-05 7.867e-05 0.00013208 5.13052e-05 -4.75687e-05 4.67905e-05 0.000148105 -9.8755e-05 -5.50787e-05 -7.76887e-05 1.63392e-05
internal_weight=1.29543e+06 1.11346e+06 804977 423832 308481 165868 343050 381145 57043 159610 181974 113598 80782 142613
internal_count=1295432 1113458 804977 423832 308481 165868 343050 381145 57043 159610 181974 113598 80782 142613
is_linear=0
shrinkage=0.01


Tree=158
num_leaves=15
num_cat=0
split_feature=5 2 27 28 11 22 8 26 5 28 27 4 15 15
split_gain=17.7831 11.9224 13.8428 8.96355 6.53915 7.24392 5.85854 5.269 5.24212 4.53398 4.08029 3.42064 4.12392 3.6294
threshold=0.33836734693877557 -0.40212765957446805 0.04653679653679655 -0.23956521739130432 -0.11167800453514738 0.39663461538461547 0.044466403162055308 0.41763565891472876 0.024404761904761933 0.14365079365079372 -0.061737804878048773 0.39678030303030309 -0.39897959183673465 -0.23956521739130432
decision_type=10 8 2 10 2 2 2 2 10 10 2 2 2 2
left_child=1 11 4 8 -3 -6 -5 10 -4 -9 -2 13 -13 -1
right_child=7 2 3 6 5 -7 -8 9 -10 -11 -12 12 -14 -15
leaf_value=-0.0002845795652478479 5.9543450072451539e-05 -1.717435406533611e-05 1.4802479595040481e-05 -6.2994742418984526e-05 7.9909008983814449e-05 -8.6326337725856219e-05 2.5658749954943711e-05 -9.5847129166283062e-05 0.00015243199341397702 -0.0002616940041754944 -0.00010409254558355044 0.00027447723051447846 -0.00063586194257992518 -6.6312644972617494e-05
leaf_weight=9933 24675 102126 96972 284996 464788 27606 100384 39357 39063 29465 39218 565 2552 35497
leaf_count=9933 24675 102126 96972 284996 464788 27606 100384 39357 39063 29465 39218 565 2552 35497
internal_value=3.19812e-06 1.57202e-05 2.24173e-05 -1.51457e-05 5.54118e-05 7.05277e-05 -3.98244e-05 -0.000106446 5.45464e-05 -0.000167296 -4.04282e-05 -0.000137598 -0.00046113 -0.000114711
internal_weight=1.2972e+06 1.16448e+06 1.11594e+06 521415 594520 492394 385380 132715 136035 68822 63893 48547 3117 45430
internal_count=1297197 1164482 1115935 521415 594520 492394 385380 132715 136035 68822 63893 48547 3117 45430
is_linear=0
shrinkage=0.01


Tree=159
num_leaves=15
num_cat=0
split_feature=28 27 11 19 22 19 22 25 5 3 28 22 18 27
split_gain=18.4221 13.1845 9.31976 9.29798 8.40183 7.32837 7.29769 6.76638 6.30431 6.06504 5.59109 5.24689 4.90735 4.831
threshold=0.011369509043927641 0.070714285714285688 -0.33156028368794321 0.025657894736842105 -0.33935483870967736 -0.097872340425531903 0.48456521739130437 0.92500000000000016 0.36811594202898557 0.4354764107308049 0.23956521739130435 0.36410984848484856 0.34045454545454551 0.022233201581027654
decision_type=10 2 2 2 2 2 2 2 8 10 8 2 2 2
left_child=2 5 -1 11 -5 7 9 10 -3 -7 -2 13 -6 -4
right_child=1 8 3 4 12 6 -8 -9 -10 -11 -12 -13 -14 -15
leaf_value=-0.00010038087411648892 2.7280196055371048e-05 -7.02500119723015e-05 6.8125541121490799e-05 -6.5476855229202623e-05 0.00015421124346443084 3.2323632264627585e-05 -0.00044672373347104811 -0.00034058027199537484 -0.00020860710147050819 -0.00030113288553568001 -0.00021337788593723693 -9.7630012063342714e-05 -5.7932320245332443e-05 -1.6622864037791357e-06
leaf_weight=45916 29215 254842 193984 23465 136640 296768 3291 10027 38185 5539 14296 33519 11632 201314
leaf_count=45916 29215 254842 193984 23465 136640 296768 3291 10027 38185 5539 14296 33519 11632 201314
internal_value=-1.0834e-06 -3.8605e-05 3.67222e-05 4.7255e-05 0.000109475 1.92764e-06 2.09172e-05 -0.000105901 -8.8384e-05 2.61117e-05 -5.11104e-05 2.22659e-05 0.000137365 3.2509e-05
internal_weight=1.29863e+06 652163 646470 600554 171737 359136 305598 53538 293027 302307 43511 428817 148272 395298
internal_count=1298633 652163 646470 600554 171737 359136 305598 53538 293027 302307 43511 428817 148272 395298
is_linear=0
shrinkage=0.01


Tree=160
num_leaves=15
num_cat=0
split_feature=23 27 11 19 3 27 21 28 28 28 15 11 28 28
split_gain=27.0931 21.859 12.6132 9.36635 8.56124 9.39536 7.67573 5.41626 5.19838 8.56487 7.76082 4.42444 3.60417 3.5122
threshold=0.04653679653679655 0.37779990044798412 -0.29795918367346935 0.15607606679035249 -0.43683510638297868 -0.010102040816326539 0.011766334440753036 -0.21269841269841269 0.18237250554323728 0.44804318488529016 -0.3876262626262626 -0.33156028368794321 -0.1633333333333333 0.49000000000000005
decision_type=8 2 2 2 8 2 2 8 10 10 2 2 8 10
left_child=1 2 13 7 -4 -6 11 -2 10 -10 -8 -3 -5 -1
right_child=3 6 4 12 5 -7 8 -9 9 -11 -12 -13 -14 -15
leaf_value=-8.199015126385247e-05 0.00036261156525874415 -0.00053480983522317916 -0.00014541271768547394 -1.2389235549388538e-05 5.3820703505701281e-05 -9.8830632467023497e-06 0.00021982280552832256 0.00011852917504620877 -0.00024351426373955771 6.5826957332132882e-05 -6.6360793792929183e-05 -0.00019613635826346552 0.00075369120278119572 -0.00036732916894879024
leaf_weight=104678 11905 4457 30553 634 504212 426829 10905 41781 33684 12000 70996 37035 4034 4572
leaf_count=104678 11905 4457 30553 634 504212 426829 10905 41781 33684 12000 70996 37035 4034 4572
internal_value=7.86403e-07 -9.10087e-06 7.55685e-06 0.000211378 1.9151e-05 2.4584e-05 -0.000114778 0.000173231 -7.60014e-05 -0.000161603 -2.78829e-05 -0.000233275 0.00064328 -9.42156e-05
internal_weight=1.29828e+06 1.23992e+06 1.07084e+06 58354 961594 931041 169077 53686 127585 45684 81901 41492 4668 109250
internal_count=1298275 1239921 1070844 58354 961594 931041 169077 53686 127585 45684 81901 41492 4668 109250
is_linear=0
shrinkage=0.01


Tree=161
num_leaves=15
num_cat=0
split_feature=23 27 23 21 3 28 18 27 6 27 28 0 23 28
split_gain=26.5062 20.4684 11.487 11.0718 10.5075 9.19572 8.55073 8.44782 6.32467 4.97094 4.96658 5.34259 4.76114 3.18062
threshold=0.059027777777777797 0.38944444444444448 0.011766334440753036 0.16333333333333336 -0.44727272727272721 -0.23956521739130432 0.011766334440753036 -0.14365079365079361 -0.27041666666666664 0.47849213691026832 0.32732919254658394 0.24222222222222226 0.010753931544865871 -0.019259259259259278
decision_type=10 2 8 2 8 8 2 2 10 2 10 10 10 8
left_child=1 4 3 9 8 6 -6 -7 -1 -3 11 -2 -5 -4
right_child=10 2 13 12 5 7 -8 -9 -10 -11 -12 -13 -14 -15
leaf_value=-0.00042126792906638705 0.00040954495055120353 -0.00023046800099876382 0.00010195376229474629 -2.7005402508484283e-05 0.00012516131871240135 3.7258555084189518e-05 1.3413239600068962e-05 -2.8659140020994255e-05 -8.689007890070974e-05 -0.00048212494849055981 0.00012003933515030109 0.0010969315104864879 -0.00027945060779312653 -5.3983711626671783e-05
leaf_weight=7839 11679 39425 20221 42286 125677 321822 151929 490878 21583 10224 5692 1326 9172 37009
leaf_count=7839 11679 39425 20221 42286 125677 321822 151929 490878 21583 10224 5692 1326 9172 37009
internal_value=-1.71556e-07 -5.66341e-06 -0.000112099 -0.00017618 9.36072e-06 1.44186e-05 6.41124e-05 -2.51936e-06 -0.000177033 -0.000282921 0.00037357 0.000482175 -7.25985e-05 5.91752e-07
internal_weight=1.29676e+06 1.27806e+06 158337 101107 1.11973e+06 1.09031e+06 277606 812700 29422 49649 18697 13005 51458 57230
internal_count=1296762 1278065 158337 101107 1119728 1090306 277606 812700 29422 49649 18697 13005 51458 57230
is_linear=0
shrinkage=0.01


Tree=162
num_leaves=15
num_cat=0
split_feature=27 24 3 22 24 17 17 24 22 27 22 24 15 3
split_gain=17.7583 11.8106 10.6004 9.17618 8.54854 8.07197 10.5204 7.49895 6.53142 6.3082 6.29379 8.31464 7.46198 6.76113
threshold=0.28024390243902447 -0.22821969696969696 -0.41918367346938773 0.49500000000000005 -0.039230769230769201 0.028594771241830078 0.31725417439703163 -0.27158385093167697 0.13438086303939964 1.0000000180025095e-35 0.080322580645161304 -0.40108695652173909 -0.39897959183673465 0.025657894736842105
decision_type=2 10 8 2 8 2 2 8 2 2 2 10 2 8
left_child=1 7 -3 9 10 -6 -7 8 -1 -4 11 -2 -12 -13
right_child=4 2 3 -5 5 6 -8 -9 -10 -11 12 13 -14 -15
leaf_value=1.4750131716106691e-05 0.00014329846356595037 -0.00013758720595316199 6.9686969994081838e-05 -0.00030222881997111448 -6.2986712653493397e-05 0.00019914384942180675 -0.00015140370937316865 -0.00021157979977857064 -0.00010612010438860349 8.9123542004445384e-06 0.00018491669336008173 -3.0002944067317714e-05 -0.00024986598725799676 -0.00021697810819863348
leaf_weight=130660 14472 33732 460587 7573 112508 30122 11863 24665 67705 273380 4219 42285 47907 36325
leaf_count=130660 14472 33732 460587 7573 112508 30122 11863 24665 67705 273380 4219 42285 47907 36325
internal_value=-3.14792e-06 1.70943e-05 3.55647e-05 4.34822e-05 -7.06741e-05 -1.86674e-05 9.93773e-05 -4.69757e-05 -2.63545e-05 4.70913e-05 -0.000125798 -7.60262e-05 -0.000214091 -0.000116789
internal_weight=1.298e+06 998302 775272 741540 299701 154493 41985 223030 198365 733967 145208 93082 52126 78610
internal_count=1298003 998302 775272 741540 299701 154493 41985 223030 198365 733967 145208 93082 52126 78610
is_linear=0
shrinkage=0.01


Tree=163
num_leaves=15
num_cat=0
split_feature=23 28 24 4 0 18 23 2 26 24 24 26 18 3
split_gain=26.9734 16.8404 12.0662 11.1523 9.41611 8.1702 7.70451 6.22082 5.96908 5.90522 5.86633 7.31408 4.95115 6.90583
threshold=0.054093567251462034 0.063301282051282062 -0.063164893617021253 0.22111111111111112 0.16333333333333336 0.050510204081632655 0.018187830687830701 0.37766439909297056 0.20204081632653065 -0.089316239316239318 -0.051682692307692284 0.1023024594453166 -0.29795918367346935 0.47979591836734697
decision_type=10 10 10 2 10 2 10 10 2 8 8 2 2 8
left_child=1 2 6 10 9 8 7 -1 -4 -2 11 -3 13 -5
right_child=4 3 5 12 -6 -7 -8 -9 -10 -11 -12 -13 -14 -15
leaf_value=-2.8950237974019504e-05 2.2680141572349058e-05 5.8020636834278498e-05 1.5507846951816649e-05 -0.00019227592450520346 0.00065954118673147764 -2.5723496531539379e-05 0.00011441234335496059 -0.00021099492094414984 0.00011361141741284164 0.00026154112881291613 -2.3763451665348807e-06 -0.00010941070235390656 -0.00011415146550562642 -0.00068763373413960262
leaf_weight=247609 16046 32090 89108 13098 4560 86334 35135 20399 209843 30711 286417 134922 86602 3704
leaf_count=247609 16046 32090 89108 13098 4560 86334 35135 20399 209843 30711 286417 134922 86602 3704
internal_value=-1.21821e-06 -1.05006e-05 2.25426e-05 -5.14065e-05 0.000223431 5.97006e-05 -2.45853e-05 -4.29204e-05 8.44706e-05 0.000180217 -2.99512e-05 -7.706e-05 -0.000145195 -0.000303366
internal_weight=1.29658e+06 1.24526e+06 688428 556833 51317 385285 303143 268008 298951 46757 453429 167012 103404 16802
internal_count=1296578 1245261 688428 556833 51317 385285 303143 268008 298951 46757 453429 167012 103404 16802
is_linear=0
shrinkage=0.01


Tree=164
num_leaves=15
num_cat=0
split_feature=23 27 24 26 10 23 22 20 24 26 21 22 24 7
split_gain=27.1642 19.1309 10.8336 9.62519 8.4365 7.63897 6.39764 6.26167 5.36533 5.28318 5.23012 5.06934 4.48364 4.3318
threshold=0.059027777777777797 0.30217391304347835 0.13078947368421054 0.52440476190476204 0.016954022988505794 0.012049941927990694 -0.45959183673469384 -0.47979591836734686 -0.036607142857142831 0.28102564102564109 0.23124999999999998 -0.40108695652173909 0.25290697674418611 0.16333333333333336
decision_type=8 2 10 2 2 10 2 2 10 2 2 2 8 2
left_child=1 2 4 6 9 7 -4 -3 -9 -1 -6 -7 -13 -2
right_child=13 5 3 -5 10 11 -8 8 -10 -11 -12 12 -14 -15
leaf_value=7.7714447191772204e-06 0.00028891368346840347 0.00033305519548323937 -0.00047895261048559376 0.00010923708988967381 4.776367995874645e-05 0.00039968448162136495 1.6641972557725535e-05 -0.00016642924548354474 -6.2071305363969214e-05 -7.3200008301658992e-05 -8.7917676665344314e-05 -5.1025620489354369e-05 0.00015211895515509079 0.00065211054888287536
leaf_weight=128440 14530 3122 2633 188414 241768 3261 203290 102397 97351 213456 32057 47712 14054 4535
leaf_count=128440 14530 3122 2633 188414 241768 3261 203290 102397 97351 213456 32057 47712 14054 4535
internal_value=2.30285e-06 -3.26396e-06 1.66376e-05 5.75716e-05 -9.52989e-06 -7.84107e-05 1.01526e-05 -0.000108661 -0.00011572 -4.26939e-05 3.1769e-05 1.55039e-05 -4.31206e-06 0.00037697
internal_weight=1.29702e+06 1.27796e+06 1.01006e+06 394337 615721 267897 205923 202870 199748 341896 273825 65027 61766 19065
internal_count=1297020 1277955 1010058 394337 615721 267897 205923 202870 199748 341896 273825 65027 61766 19065
is_linear=0
shrinkage=0.01


Tree=165
num_leaves=15
num_cat=0
split_feature=3 24 27 21 25 3 11 24 28 24 28 15 19 25
split_gain=18.1743 16.2693 13.0528 8.18339 9.04155 7.8973 7.89369 12.7657 7.62608 7.02942 6.4848 6.41282 6.92061 9.08685
threshold=0.34613526570048314 0.26163419913419916 1.0000000180025095e-35 0.2525510204081633 0.92500000000000016 -0.43683510638297868 0.028594771241830078 0.15707236842105268 0.23861283643892342 -0.074628844114528095 0.11952380952380955 -0.015555555555555571 -0.31050531914893614 0.37500000000000006
decision_type=10 10 2 2 2 10 2 8 10 8 8 2 2 2
left_child=1 2 3 10 -5 -3 -4 -8 9 -2 -1 -10 13 -13
right_child=8 5 6 4 -6 -7 7 -9 11 -11 -12 12 -14 -15
leaf_value=7.5057327140429231e-05 -0.00016877280019870125 -0.00017032012715413315 -7.9479070425513365e-05 -3.1579287002020637e-05 -0.00039327030373589118 8.1035282098366787e-05 -2.9105494913981224e-06 0.00052693466650554916 -0.00042732191081758041 1.3783843110593225e-05 -7.121148014829868e-06 -0.00026802536549532028 -0.00020395921474024707 0.00081844204149588123
leaf_weight=229897 36297 12935 295217 36334 8603 318151 104219 4747 11910 49703 163831 1413 23119 1612
leaf_count=229897 36297 12935 295217 36334 8603 318151 104219 4747 11910 49703 163831 1413 23119 1612
internal_value=-4.27421e-07 1.17135e-05 -1.15883e-05 2.61405e-05 -0.000101513 7.11232e-05 -5.261e-05 1.99102e-05 -0.000115557 -6.292e-05 4.07867e-05 -0.000233712 -0.000144326 0.000301275
internal_weight=1.29799e+06 1.17393e+06 842848 438665 44937 331086 404183 108966 124054 86000 393728 38054 26144 3025
internal_count=1297988 1173934 842848 438665 44937 331086 404183 108966 124054 86000 393728 38054 26144 3025
is_linear=0
shrinkage=0.01


Tree=166
num_leaves=15
num_cat=0
split_feature=23 27 0 24 11 24 21 3 23 20 21 27 7 2
split_gain=23.6248 20.9788 12.0988 11.9932 10.5832 9.64666 8.29128 5.6953 4.35878 3.70648 3.55927 4.78792 2.82198 2.80669
threshold=0.1125 0.11257406188281767 0.36811594202898557 0.26568627450980398 -0.29795918367346935 0.26920289855072471 0.23124999999999998 -0.41918367346938773 0.028594771241830078 -0.47979591836734686 0.29795918367346946 0.38944444444444448 0.27888888888888896 -0.3118055555555555
decision_type=10 2 8 8 2 10 2 10 8 2 2 2 2 8
left_child=1 4 3 9 13 6 -6 -7 -5 -3 11 -4 -12 -1
right_child=-2 2 10 8 5 7 -8 -9 -10 -11 12 -13 -14 -15
leaf_value=-0.00017340166962802225 0.00042389398653251611 0.00032425027832380155 -0.00014551792981176779 2.5811411100630274e-05 3.1454715671737991e-05 -0.00013791166468843898 -0.00010288484339932792 0.00011514197136679592 0.0002283510448639919 -7.2197381702119429e-05 -0.00025380568321567583 -0.00036561047551620366 0 -4.2023118820530367e-05
leaf_weight=23509 12959 2346 24293 118813 453108 9259 51050 175789 11744 320375 6206 17526 14438 55823
leaf_count=23509 12959 2346 24293 118813 453108 9259 51050 175789 11744 320375 6206 17526 14438 55823
internal_value=-8.61884e-07 -5.17222e-06 -5.45293e-05 -3.64664e-05 2.79108e-05 4.05299e-05 1.77917e-05 0.000102316 4.42651e-05 -6.92195e-05 -0.000185119 -0.000238494 -7.55243e-05 -8.13387e-05
internal_weight=1.29724e+06 1.28428e+06 515741 453278 768538 689206 504158 185048 130557 322721 62463 41819 20644 79332
internal_count=1297238 1284279 515741 453278 768538 689206 504158 185048 130557 322721 62463 41819 20644 79332
is_linear=0
shrinkage=0.01


Tree=167
num_leaves=15
num_cat=0
split_feature=23 27 24 27 23 23 21 7 24 22 24 15 0 22
split_gain=22.7822 20.5539 12.1939 8.86646 10.7342 8.3128 8.52888 6.7426 5.75462 5.20996 5.22124 4.70089 4.52436 4.48285
threshold=0.059027777777777797 0.38047619047619052 0.26163419913419916 -0.14946808510638296 0.011766334440753036 0.011766334440753036 0.19782608695652174 -0.41918367346938773 -0.14817073170731707 -0.41945945945945939 0.25290697674418611 0.047727272727272736 0.24222222222222226 -0.45698427382053647
decision_type=10 2 10 2 10 8 2 2 10 2 8 2 10 2
left_child=1 2 3 4 -1 6 8 -4 -3 -7 -11 -5 -2 -9
right_child=12 5 7 11 -6 9 -8 13 -10 10 -12 -13 -14 -15
leaf_value=-1.5844127613685535e-05 0.00027932237388499895 -0.00040339395510870495 -0.00013592520585555248 -5.4618229266290155e-05 0.00010276738872838271 0.00032882544536018854 -6.55016894921033e-05 -0.00020537275107012501 -0.00017866785600434125 -8.5421226578379235e-05 0.00015160589955271573 2.3431973553142775e-05 0.00073089303047695693 7.8272214754095446e-05
leaf_weight=195025 16145 16858 16146 364077 124978 4036 48845 5616 38146 50452 11322 97316 2709 305724
leaf_count=195025 16145 16858 16146 364077 124978 4036 48845 5616 38146 50452 11322 97316 2709 305724
internal_value=8.32697e-07 -4.23321e-06 1.14257e-05 -1.00091e-05 3.03867e-05 -0.000106754 -0.000162513 6.26613e-05 -0.000248107 -1.83074e-05 -4.14878e-05 -3.8091e-05 0.000345902 7.30575e-05
internal_weight=1.2974e+06 1.27854e+06 1.10888e+06 781396 320003 169659 103849 327486 55004 65810 61774 461393 18854 311340
internal_count=1297395 1278541 1108882 781396 320003 169659 103849 327486 55004 65810 61774 461393 18854 311340
is_linear=0
shrinkage=0.01


Tree=168
num_leaves=15
num_cat=0
split_feature=23 27 2 28 28 20 22 1 22 3 1 0 4 20
split_gain=23.8661 20.2352 10.9341 10.5789 7.45666 6.72461 6.36037 5.84798 5.0878 4.85702 4.80683 3.52442 3.35599 5.0705
threshold=0.091666666666666688 0.10922587486744435 -0.40212765957446805 -0.019259259259259278 0.063301282051282062 -0.47979591836734686 0.35053191489361707 0.20106382978723406 0.49500000000000005 -0.45789007092198575 0.36811594202898557 0.24222222222222226 0.031582446808510641 -0.28945035460992902
decision_type=10 2 8 10 8 2 2 8 2 10 8 10 2 2
left_child=1 2 12 5 6 -3 -4 -7 -6 -5 -11 -2 13 -1
right_child=11 3 4 9 8 7 -8 -9 -10 10 -12 -13 -14 -15
leaf_value=-0.00026419700568655429 0.00032684789685411892 0.00050278294768304652 7.9598621651877686e-05 -0.00044346453924371811 6.5550617558979163e-06 1.8453996141396659e-05 -6.7446091499588333e-05 -9.8226724828449652e-05 -0.00040224222836008012 -7.1107218360963367e-05 -0.00018921616167740394 0.00074392939316438836 -0.00020913804631773344 2.6564865341791589e-05
leaf_weight=7922 11662 2592 367601 3960 307802 181797 31750 56172 3071 233836 40939 2661 20777 24129
leaf_count=7922 11662 2592 367601 3960 307802 181797 31750 56172 3071 233836 40939 2661 20777 24129
internal_value=6.52484e-07 -3.85889e-06 2.88862e-05 -5.20321e-05 3.92415e-05 -3.31815e-06 6.78324e-05 -8.96303e-06 2.41636e-06 -9.39663e-05 -8.88154e-05 0.000406569 -0.000109757 -4.43844e-05
internal_weight=1.29667e+06 1.28235e+06 763052 519296 710224 240561 399351 237969 310873 278735 274775 14323 52828 32051
internal_count=1296671 1282348 763052 519296 710224 240561 399351 237969 310873 278735 274775 14323 52828 32051
is_linear=0
shrinkage=0.01


Tree=169
num_leaves=15
num_cat=0
split_feature=23 27 4 28 28 0 11 4 26 3 28 26 5 22
split_gain=21.9115 17.0306 11.4971 9.67999 8.8742 8.18289 7.89055 6.6039 6.38608 9.21293 5.7925 13.1015 5.77442 5.53334
threshold=0.037087912087912074 0.091372912801484255 0.39678030303030309 -1.0000000180025095e-35 0.47402159244264513 0.12361111111111113 -0.29795918367346935 -0.3010416666666666 0.096006144393241177 1.0000000180025095e-35 -0.30217391304347824 0.10990338164251208 0.44727272727272732 0.035299003322259111
decision_type=10 2 2 10 8 10 2 2 2 10 10 2 8 2
left_child=1 2 4 8 6 10 -1 -6 9 -3 11 -2 -10 -5
right_child=5 3 -4 13 7 -7 -8 -9 12 -11 -12 -13 -14 -15
leaf_value=-6.620889561074575e-05 -0.00040546822579246142 0.00012127089617660157 -0.00016141908827211997 -5.0201877735760873e-05 0.00028875055473085196 0.00040095697983498257 4.9875542753412471e-05 -0.00020049999420082353 3.0209125468213945e-05 -0.00018965113183755117 8.1357685274567073e-05 0.00062269287724687106 -0.00023114701377774949 -0.0001407242625567829
leaf_weight=64845 1563 12739 32577 140076 3061 12887 585742 24441 185364 36763 49762 5469 8837 132985
leaf_count=64845 1563 12739 32577 140076 3061 12887 585742 24441 185364 36763 49762 5469 8837 132985
internal_value=0 -9.8029e-06 2.19308e-05 -5.35017e-05 3.07842e-05 0.000172486 3.82589e-05 -0.00014493 -7.55437e-06 -0.000109029 0.000120097 0.000389824 1.81584e-05 -9.43986e-05
internal_weight=1.29711e+06 1.22743e+06 710666 516764 678089 69681 650587 27502 243703 49502 56794 7032 194201 273061
internal_count=1297111 1227430 710666 516764 678089 69681 650587 27502 243703 49502 56794 7032 194201 273061
is_linear=0
shrinkage=0.01


Tree=170
num_leaves=15
num_cat=0
split_feature=23 27 28 22 7 22 10 4 28 28 23 19 26 28
split_gain=24.3217 19.1777 10.725 10.1603 10.1398 9.21581 8.62651 6.45238 5.971 5.55776 9.00855 5.0122 4.52667 3.9688
threshold=0.04653679653679655 0.32025641025641027 0.47849213691026832 0.32025641025641027 0.16333333333333336 -0.45698427382053647 0.023268398268398275 -0.19895833333333332 -0.21269841269841269 -0.019259259259259278 0.012049941927990694 -0.47979591836734686 0.06030303030303031 -0.1633333333333333
decision_type=8 2 10 2 2 2 2 2 8 10 10 2 2 8
left_child=1 2 3 5 8 -1 -5 -4 -2 10 11 -3 -9 -6
right_child=4 9 7 6 13 -7 -8 12 -10 -11 -12 -13 -14 -15
leaf_value=-0.00016615328305488516 0.00035430267514702631 0.00041827650269217877 0.00011825619340984485 -0.00014634363249261471 -5.1528358180833055e-05 2.8268300874458724e-05 4.7928720337996831e-05 9.5858553192283745e-05 9.9079650011329407e-05 -0.00013642099665803282 0.00015588323239651157 -9.8301664837179158e-05 -0.00028938035763368476 0.00077016889086479177
leaf_weight=25064 11983 1903 6086 69274 612 844857 33818 3379 41731 136301 19307 75616 23353 3910
leaf_count=25064 11983 1903 6086 69274 612 844857 33818 3379 41731 136301 19307 75616 23353 3910
internal_value=-4.0481e-06 -1.34587e-05 5.45421e-06 1.14803e-05 0.000195636 2.26316e-05 -8.23246e-05 -0.000172283 0.000156592 -9.51866e-05 -3.68292e-05 -8.52176e-05 -0.000239558 0.000652371
internal_weight=1.29719e+06 1.23896e+06 1.00583e+06 973013 58236 869921 103092 32818 53714 233127 96826 77519 26732 4522
internal_count=1297194 1238958 1005831 973013 58236 869921 103092 32818 53714 233127 96826 77519 26732 4522
is_linear=0
shrinkage=0.01


Tree=171
num_leaves=15
num_cat=0
split_feature=0 24 15 4 27 14 7 28 11 24 24 17 19 25
split_gain=16.822 14.4252 11.7051 7.30993 6.79079 6.02659 5.97838 5.90091 4.62498 15.3481 6.40739 4.14828 3.61317 3.14557
threshold=0.37766439909297056 0.26163419913419916 0.022233201581027654 0.39246068455134137 -0.010102040816326539 0.36811594202898557 -0.33836734693877546 -0.24734042553191488 0.061250000000000034 0.13078947368421054 0.17156862745098042 -0.41010101010101002 -0.47979591836734686 0.17500000000000002
decision_type=10 10 2 2 2 2 2 10 2 8 10 2 2 2
left_child=1 2 4 5 6 7 -1 -3 10 -10 -4 -5 -6 -7
right_child=-2 3 8 11 12 13 -8 -9 9 -11 -12 -13 -14 -15
leaf_value=-0.00011643209779770922 -0.00012380264220926575 0.00014899580403774696 2.8143875253924033e-05 -0.00050299941602404091 0.00029483206915561789 -0.00059492455275588472 1.5723341901410539e-05 5.5708432368237082e-05 6.3025831773073419e-05 0.00057997553072513803 -0.000196313613009124 -5.5693898238979077e-05 -7.6913450208276489e-05 -4.8039437901344023e-05
leaf_weight=40030 101500 109948 201871 2313 2604 1118 235607 181254 78840 6218 13551 22824 278145 22087
leaf_count=40030 101500 109948 201871 2313 2604 1118 235607 181254 78840 6218 13551 22824 278145 22087
internal_value=-1.80537e-07 1.02824e-05 -1.1546e-05 6.54561e-05 -3.87341e-05 7.86288e-05 -3.36145e-06 9.10348e-05 3.86972e-05 0.000101188 1.38827e-05 -9.81015e-05 -7.33555e-05 -7.57541e-05
internal_weight=1.29791e+06 1.19641e+06 856866 339544 556386 314407 275637 291202 300480 85058 215422 25137 280749 23205
internal_count=1297910 1196410 856866 339544 556386 314407 275637 291202 300480 85058 215422 25137 280749 23205
is_linear=0
shrinkage=0.01


Tree=172
num_leaves=15
num_cat=0
split_feature=23 27 4 28 15 23 3 22 28 22 26 28 18 28
split_gain=21.8395 16.2403 9.13589 9.05296 7.92037 9.2173 7.39177 7.01489 6.56845 6.20785 5.14941 5.05522 4.83104 4.35347
threshold=0.077380952380952397 0.10922587486744435 0.39678030303030309 -0.3876262626262626 -0.27888888888888885 0.024404761904761933 -0.47894503546099287 0.056186868686868681 0.47402159244264513 0.39663461538461547 0.084219858156028379 -0.41578014184397155 0.45698427382053664 0.32732919254658394
decision_type=10 2 2 10 2 8 10 2 10 2 2 8 2 10
left_child=1 2 8 4 12 -6 -5 -8 9 -1 -10 -4 -3 -2
right_child=13 3 11 6 5 -7 7 -9 10 -11 -12 -13 -14 -15
leaf_value=4.7052214102865749e-05 0.00046347535078422364 0.00038807033956441279 0.00028177337263102448 -0.00058748593888050037 -3.377250898211618e-05 0.00043423739151352849 -2.4210897176340798e-05 -0.00010340381266510758 0.00016413587569083705 -8.9029371688851156e-05 -0.00016996944519419768 -0.00017107461299577221 -0.00046147257795963565 0.00010778696885471994
leaf_weight=661995 11872 9507 2629 2655 38274 4719 269333 192908 5553 35164 25269 30965 686 5190
leaf_count=661995 11872 9507 2629 2655 38274 4719 269333 192908 5553 35164 25269 30965 686 5190
internal_value=1.68236e-06 -3.03358e-06 2.63241e-05 -4.62468e-05 7.70902e-05 1.69262e-05 -6.0422e-05 -5.7326e-05 3.37975e-05 4.0145e-05 -0.000108793 -0.000134721 0.000327834 0.000357076
internal_weight=1.29672e+06 1.27966e+06 761575 518082 53186 42993 464896 462241 727981 697159 30822 33594 10193 17062
internal_count=1296719 1279657 761575 518082 53186 42993 464896 462241 727981 697159 30822 33594 10193 17062
is_linear=0
shrinkage=0.01


Tree=173
num_leaves=15
num_cat=0
split_feature=1 28 22 22 17 27 20 17 22 25 28 28 15 22
split_gain=15.4268 12.5886 8.38805 8.08961 7.94186 7.81147 7.67892 6.22198 5.42751 4.7087 4.58649 4.54737 4.12364 4.18273
threshold=0.41207729468599036 0.011369509043927641 0.32025641025641027 -0.45401691331923882 0.023268398268398275 0.091372912801484255 0.025657894736842105 -0.38467117988394578 -0.36535926170072502 0.27500000000000008 0.095491388044579531 0.41010101010101013 -0.40212765957446805 -0.39897959183673465
decision_type=10 8 2 2 2 2 2 2 2 2 8 10 2 2
left_child=1 2 3 -1 5 7 -5 -3 -7 10 -6 12 -2 -14
right_child=11 4 -4 6 9 8 -8 -9 -10 -11 -12 -13 13 -15
leaf_value=-0.00013079327878921074 0.00011352441248301929 -0.00021200722166438252 -7.1937384870400346e-05 3.5678700257830345e-05 -0.00017688414324679613 6.3258657568905275e-05 0.00011857706466159245 7.0102734071889244e-07 -0.0001187715610210654 1.2603945694715847e-05 0.00023263062349782753 -0.00034679969686704693 -0.00039342415777713767 -0.00010767586065373368
leaf_weight=22846 7341 14586 59307 368322 3133 18108 161501 235028 153594 165591 18149 9224 5770 54778
leaf_count=22846 7341 14586 59307 368322 3133 18108 161501 235028 153594 165591 18149 9224 5770 54778
internal_value=1.31468e-07 8.82385e-06 4.08624e-05 5.30216e-05 -2.33649e-05 -4.74593e-05 6.1005e-05 -1.16106e-05 -9.93988e-05 3.07966e-05 0.000170919 -0.000137015 -0.000108056 -0.00013542
internal_weight=1.29728e+06 1.22016e+06 611976 552669 608189 421316 529823 249614 171702 186873 21282 77113 67889 60548
internal_count=1297278 1220165 611976 552669 608189 421316 529823 249614 171702 186873 21282 77113 67889 60548
is_linear=0
shrinkage=0.01


Tree=174
num_leaves=15
num_cat=0
split_feature=23 27 28 7 23 26 3 24 3 28 24 26 22 11
split_gain=20.0504 17.3698 12.9028 11.0225 9.10595 8.56378 8.11703 6.41702 6.3087 6.16119 5.93534 5.24012 4.59935 3.26272
threshold=0.1125 -0.054951690821256054 -0.31165540540540532 -0.33156028368794321 0.04006410256410254 0.10990338164251208 0.30104166666666676 -0.057189542483660143 -0.46863636363636357 0.084349593495934974 -0.050641025641025621 0.084219858156028379 0.35053191489361707 0.4793792517006803
decision_type=8 2 8 2 10 2 8 8 10 10 10 2 2 2
left_child=1 3 4 13 7 -6 8 -3 -4 12 -8 -11 -5 -1
right_child=-2 2 6 9 5 -7 10 -9 -10 11 -12 -13 -14 -15
leaf_value=-7.5925967092950903e-05 0.00038530899107997937 -4.6759356842585466e-05 -0.00041172540234528479 0.00010120280465396504 -0.00019062360717583417 0.00077033513158136823 -0.00024237877787194599 9.7072735669281795e-05 -3.6718408981334398e-05 0.00012473311560375525 -7.5702861872708945e-05 -8.2012593832191743e-06 -4.6843465762037667e-05 0.00034981354306423532
leaf_weight=83044 13379 52571 4541 246130 1236 3229 36388 75006 501130 36015 53606 166132 22649 1814
leaf_count=83044 13379 52571 4541 246130 1236 3229 36388 75006 501130 36015 53606 166132 22649 1814
internal_value=2.08857e-07 -3.78291e-06 -3.59538e-05 3.82855e-05 5.33647e-05 0.000497659 -5.58036e-05 3.75686e-05 -4.01478e-05 5.72239e-05 -0.000143435 1.53357e-05 8.86155e-05 -6.64594e-05
internal_weight=1.29687e+06 1.28349e+06 727707 555784 132042 4465 595665 127577 505671 470926 89994 202147 268779 84858
internal_count=1296870 1283491 727707 555784 132042 4465 595665 127577 505671 470926 89994 202147 268779 84858
is_linear=0
shrinkage=0.01


Tree=175
num_leaves=15
num_cat=0
split_feature=23 28 3 24 24 24 3 24 21 15 3 14 19 28
split_gain=21.9704 14.0596 11.6056 10.5129 10.4586 9.87012 8.99829 8.84555 7.59344 7.00416 6.41864 6.21448 5.55197 5.54142
threshold=0.04006410256410254 0.13525498891352553 0.47979591836734697 -0.063164893617021253 -0.03062500000000001 -0.036607142857142831 0.37766439909297056 -0.40767045454545447 0.2217021276595745 0.011237373737373714 -0.43683510638297868 0.36811594202898557 0.15607606679035249 -0.43969696969696964
decision_type=8 10 8 10 8 8 10 10 2 2 8 2 2 10
left_child=1 3 5 6 -2 9 8 -4 -1 -3 -7 -5 -6 -8
right_child=4 2 7 11 12 10 13 -9 -10 -11 -12 -13 -14 -15
leaf_value=7.959355431738413e-06 6.6970941591924809e-06 -0.00019208053558373981 0.00046731621707000543 6.0066165087579326e-05 0.00022670688682793671 -0.00025329735912064835 0.0001710400294094739 -0.00043709191156671888 -0.00013336639683300059 -5.6321344898358732e-05 -1.3482137497131866e-06 -8.7144541967293571e-05 0.00060178738892739431 -0.00027570681611764717
leaf_weight=274892 24438 61788 1159 388577 39175 10499 3128 11568 44071 101131 279352 30800 4528 20288
leaf_count=274892 24438 61788 1159 388577 39175 10499 3128 11568 44071 101131 279352 30800 4528 20288
internal_value=-1.10894e-06 -1.08362e-05 -5.41486e-05 1.5592e-05 0.000173637 -4.56997e-05 -2.54653e-05 -0.000352284 -1.14746e-05 -0.000107996 -1.05804e-05 4.91826e-05 0.000266293 -0.000214733
internal_weight=1.29539e+06 1.22725e+06 465497 761756 68141 452770 342379 12727 318963 162919 289851 419377 43703 23416
internal_count=1295394 1227253 465497 761756 68141 452770 342379 12727 318963 162919 289851 419377 43703 23416
is_linear=0
shrinkage=0.01


Tree=176
num_leaves=15
num_cat=0
split_feature=24 1 28 3 14 26 27 21 14 19 24 21 27 19
split_gain=17.6639 12.1373 11.2826 9.87364 8.83715 8.69517 9.68233 8.84085 8.05706 6.96796 11.065 9.67143 5.60315 6.60441
threshold=-0.050641025641025621 0.30558300395256921 0.17006802721088435 0.39678030303030309 0.36811594202898557 0.28730158730158734 -0.14946808510638296 -0.27888888888888885 -0.078888888888888883 0.028594771241830078 0.43875000000000003 0.2423404255319149 0.04653679653679655 0.011495771670190282
decision_type=10 8 10 8 2 2 2 2 2 2 10 2 2 2
left_child=1 5 4 12 9 6 -1 -7 -9 10 -2 -11 13 -4
right_child=2 -3 3 -5 -6 7 -8 8 -10 11 -12 -13 -14 -15
leaf_value=0.00011841388191680016 1.3346897807527787e-05 -0.00017115715198768358 -9.4282696203936775e-05 -0.00021110102363652077 -9.5644026953442226e-05 8.8219523469284795e-05 -3.0472798555597945e-05 -0.0002457158068131962 -6.0149768796394801e-05 0.00013141788682444192 0.00015101974440831305 0.00097367037454487541 -4.8134763689150137e-05 7.3944393085677258e-05
leaf_weight=72737 218626 65099 28629 23748 32144 35966 108832 26099 239337 115380 79940 1389 125478 123617
leaf_count=72737 218626 65099 28629 23748 32144 35966 108832 26099 239337 115380 79940 1389 125478 123617
internal_value=2.16033e-07 -4.29003e-05 3.1808e-05 -1.53988e-05 6.36787e-05 -2.55497e-05 2.90073e-05 -5.85151e-05 -7.85111e-05 7.6082e-05 5.03099e-05 0.000141718 1.22964e-06 4.2112e-05
internal_weight=1.29702e+06 548070 748951 301472 447479 482971 181569 301402 265436 415335 298566 116769 277724 152246
internal_count=1297021 548070 748951 301472 447479 482971 181569 301402 265436 415335 298566 116769 277724 152246
is_linear=0
shrinkage=0.01


Tree=177
num_leaves=15
num_cat=0
split_feature=23 27 28 22 22 22 25 4 14 15 22 28 27 4
split_gain=22.3957 15.5496 9.40854 9.85917 8.48334 8.34541 7.26493 6.76736 6.14921 6.96659 5.4562 5.45231 4.68013 4.63388
threshold=0.04653679653679655 0.37779990044798412 0.47849213691026832 0.32025641025641027 -0.45698427382053647 0.16496598639455781 1.0000000180025095e-35 -0.17888888888888885 0.011766334440753036 -0.43938775510204076 -0.41945945945945939 -0.20106382978723403 0.47801932367149763 -0.14222222222222219
decision_type=10 2 8 2 2 2 2 2 2 2 2 10 2 2
left_child=1 2 3 4 -1 11 -4 -8 9 -3 -10 -2 -11 -5
right_child=5 8 6 13 -6 -7 7 -9 10 12 -12 -13 -14 -15
leaf_value=-0.0001524778727653523 0.00034797086790083114 0.00017213771462409476 0.00095386974073474935 5.7432421237465104e-05 2.820038192168997e-05 0.00060423078222821697 0.00010586326576850944 -0.00024295146125182779 0.00027923029142072034 -0.00013773975590998318 -5.9051105157752549e-05 0.00010266585076631156 -0.00032001803762123098 -0.00010914321509162634
leaf_weight=26713 11865 5702 571 20336 898756 4616 6821 27746 5021 52444 86069 41306 19902 88336
leaf_count=26713 11865 5702 571 20336 898756 4616 6821 27746 5021 52444 86069 41306 19902 88336
internal_value=1.74083e-06 -7.21501e-06 6.85183e-06 1.23467e-05 2.29523e-05 0.00019418 -0.000154 -0.00017325 -9.63205e-05 -0.000161586 -4.00667e-05 0.000157986 -0.000188309 -7.76948e-05
internal_weight=1.2962e+06 1.23842e+06 1.06928e+06 1.03414e+06 925469 57787 35138 34567 169138 78048 91090 53171 72346 108672
internal_count=1296204 1238417 1069279 1034141 925469 57787 35138 34567 169138 78048 91090 53171 72346 108672
is_linear=0
shrinkage=0.01


Tree=178
num_leaves=15
num_cat=0
split_feature=23 27 28 24 28 3 22 15 26 22 3 24 4 27
split_gain=21.1346 15.3412 12.4534 10.7383 8.82715 7.05124 7.36337 6.88041 6.36128 6.04652 5.8814 5.30468 4.32284 4.16391
threshold=0.091666666666666688 1.0000000180025095e-35 -0.23956521739130432 -0.057189542483660143 0.47402159244264513 -0.35857142857142849 0.4010869565217392 -0.47979591836734686 0.06186224489795919 0.06881313131313134 0.31725417439703163 -0.050641025641025621 -0.26020833333333326 -1.0000000180025095e-35
decision_type=8 2 10 8 8 8 2 2 2 2 8 8 2 2
left_child=1 4 3 7 5 -1 -7 -3 -5 -4 12 -11 -6 -2
right_child=13 2 9 8 10 6 -8 -9 -10 11 -12 -13 -14 -15
leaf_value=-5.980762488191873e-05 6.4496703541484687e-05 0.00054084109026587173 -3.3522842480296587e-05 -6.9509710331064125e-05 0.00024021249987582756 5.9942803792558422e-05 -0.0001064735611995576 -8.3588473605658028e-05 0.00013865406245803187 -0.00017225631701031614 -0.0006188011107978327 -6.4938746356441596e-05 -0.00014581714955914506 0.00047032504195399964
leaf_weight=63551 3488 1804 285747 17626 3274 514978 27909 60501 82968 74887 2379 123442 22612 11308
leaf_count=63551 3488 1804 285747 17626 3274 514978 27909 60501 82968 74887 2379 123442 22612 11308
internal_value=9.56434e-07 -3.35888e-06 -3.76474e-05 3.78678e-05 3.15454e-05 3.96353e-05 5.13318e-05 -6.50019e-05 0.000101881 -6.31215e-05 -0.000140953 -0.000105614 -9.58121e-05 0.000376715
internal_weight=1.29647e+06 1.28168e+06 646975 162899 634703 606438 542887 62305 100594 484076 28265 198329 25886 14796
internal_count=1296474 1281678 646975 162899 634703 606438 542887 62305 100594 484076 28265 198329 25886 14796
is_linear=0
shrinkage=0.01


Tree=179
num_leaves=15
num_cat=0
split_feature=4 24 15 21 14 26 3 19 22 15 24 14 26 14
split_gain=16.312 13.6658 9.85299 8.41446 9.87252 7.51623 9.99199 7.14664 9.19124 6.81142 5.32865 5.09775 4.98842 10.0337
threshold=0.25521059487624842 0.26163419913419916 0.020416666666666698 0.081666666666666679 0.30981087470449176 0.36055555555555557 -0.43683510638297868 -0.38148936170212761 0.1460873983739838 -0.015555555555555571 0.48500000000000004 -0.28130434782608693 0.40212765957446811 1.0000000180025095e-35
decision_type=2 10 2 2 2 2 10 2 2 2 10 2 2 2
left_child=1 2 12 -4 -5 -3 -7 8 -2 11 -8 -9 -1 -14
right_child=7 5 3 4 -6 6 10 9 -10 -11 -12 -13 13 -15
leaf_value=3.3957510178685576e-06 0.00016118784786091971 1.7480734156975978e-05 2.6448057553570005e-05 0.00036282773461759324 -0.00012292355115286484 -0.00026427338524406634 0.00014674016491528672 -0.00041922260073714359 -0.00017967207772028021 -6.7043350182604405e-05 -0.00012556781956443627 -0.00015797073639023561 -0.00022299024353938024 -3.7437505518619424e-05
leaf_weight=227843 23478 131464 271344 15646 5599 6498 154991 9499 11873 111144 7414 39370 33161 247578
leaf_count=227843 23478 131464 271344 15646 5599 6498 154991 9499 11873 111144 7414 39370 33161 247578
internal_value=1.96182e-06 1.692e-05 -4.61133e-06 4.15797e-05 0.0002334 7.44502e-05 0.000118613 -8.22239e-05 4.58524e-05 -0.000110707 0.000134122 -0.000209389 -3.12442e-05 -5.94641e-05
internal_weight=1.2969e+06 1.10154e+06 801171 292589 21245 300367 168903 195364 35351 160013 162405 48869 508582 280739
internal_count=1296902 1101538 801171 292589 21245 300367 168903 195364 35351 160013 162405 48869 508582 280739
is_linear=0
shrinkage=0.01


Tree=180
num_leaves=15
num_cat=0
split_feature=0 24 22 15 19 24 22 17 26 22 22 24 22 4
split_gain=16.4026 11.6725 13.4201 9.05918 7.55725 12.4804 10.0664 7.5839 6.40446 5.70149 5.58873 5.13638 4.50131 4.49503
threshold=0.34021276595744687 -0.050641025641025621 0.080322580645161304 -0.19782608695652171 0.028594771241830078 0.43875000000000003 -0.13021739130434781 -0.31957446808510631 0.44058823529411767 0.49500000000000005 -0.18944444444444442 -0.074628844114528095 -0.41945945945945939 0.011495771670190282
decision_type=8 10 2 2 2 10 2 2 2 2 2 8 2 2
left_child=1 2 3 -1 5 9 -7 -6 -9 -3 -5 12 -2 -4
right_child=11 4 13 10 7 6 -8 8 -10 -11 -12 -13 -14 -15
leaf_value=-0.00018743479569255416 -0.00050056763353032493 -3.9106966386985239e-06 -2.666135468926792e-05 -2.4934778710898578e-05 -8.3035116142289383e-05 0.00027637217300505683 4.1167782764155666e-05 4.7402709336832508e-05 0.00015891672581698702 -0.00031013993185466854 6.4882812143045123e-05 -5.7367819787464842e-05 -0.0001582960187106211 -0.00013014623969832351
leaf_weight=20526 4333 361212 67001 113062 23718 29375 48795 100879 107361 6187 177407 77737 43198 116163
leaf_count=20526 4333 361212 67001 113062 23718 29375 48795 100879 107361 6187 177407 77737 43198 116163
internal_value=7.40295e-07 1.23914e-05 -2.45288e-05 1.5382e-05 3.93638e-05 1.51845e-05 0.000129945 8.56797e-05 0.000105041 -9.15174e-06 2.98191e-05 -0.000107996 -0.000190159 -9.24565e-05
internal_weight=1.29695e+06 1.17169e+06 494159 310995 677527 445569 78170 231958 208240 367399 290469 125268 47531 183164
internal_count=1296954 1171686 494159 310995 677527 445569 78170 231958 208240 367399 290469 125268 47531 183164
is_linear=0
shrinkage=0.01


Tree=181
num_leaves=15
num_cat=0
split_feature=23 24 22 26 24 1 20 14 22 14 6 15 21 26
split_gain=19.3181 10.6753 11.9063 10.0798 9.74306 9.44959 8.87556 7.18089 7.07728 5.86752 5.73532 5.07746 4.87724 4.55679
threshold=0.04006410256410254 0.43875000000000003 -0.12233560090702948 0.53410852713178303 -0.18660714285714283 0.45603864734299526 0.020416666666666698 -0.1633333333333333 -0.45698427382053647 0.021980676328502428 0.16333333333333336 0.093790707772470686 0.26043478260869574 0.04124149659863946
decision_type=8 10 2 2 8 10 2 2 2 2 10 2 2 2
left_child=1 5 11 13 -2 6 7 -1 -8 -5 -6 -3 -7 -4
right_child=4 2 3 9 10 12 8 -9 -10 -11 -12 -13 -14 -15
leaf_value=-0.00013335460114735447 -4.6604629499494879e-05 0.00026461139694280072 -0.00035806408398144225 0.00025861856467240314 0.00019762356196732761 -0.00025023115315054071 -0.0002433264785497636 -2.4983013091242941e-05 2.5285824329054729e-05 -4.2889360171596299e-05 0.00057364786608895017 -0.00014292481903491232 -3.2572528517974258e-05 -5.5964424587704291e-05
leaf_weight=69414 16457 34946 6252 17142 47361 25740 9993 526861 480616 10104 4552 3249 17734 26708
leaf_count=69414 16457 34946 6252 17142 47361 25740 9993 526861 480616 10104 4552 3249 17734 26708
internal_value=2.74894e-07 -8.80522e-06 9.10439e-05 2.92275e-06 0.000163897 -1.75241e-05 -1.17116e-05 -3.76498e-05 1.9752e-05 0.000145713 0.000231204 0.000229151 -0.000162142 -0.000114206
internal_weight=1.29713e+06 1.22876e+06 98401 60206 68370 1.13036e+06 1.08688e+06 596275 490609 27246 51913 38195 43474 32960
internal_count=1297129 1228759 98401 60206 68370 1130358 1086884 596275 490609 27246 51913 38195 43474 32960
is_linear=0
shrinkage=0.01


Tree=182
num_leaves=15
num_cat=0
split_feature=23 28 3 24 24 26 17 15 23 19 17 14 28 26
split_gain=17.6106 14.4825 11.685 8.20433 8.03453 7.72235 7.70409 7.47092 7.23892 7.20611 7.141 5.75431 5.42439 8.1453
threshold=0.034523809523809519 0.13525498891352553 0.43405797101449284 -0.036607142857142831 -0.063164893617021253 0.15954545454545457 -0.37877551020408157 0.16333333333333336 0.018187830687830701 0.28492136910268279 0.022474747474747484 0.3585714285714286 -0.21269841269841269 0.10990338164251208
decision_type=8 10 8 8 10 2 2 2 10 2 2 2 8 2
left_child=1 4 3 5 8 -3 -4 12 9 -1 11 -6 13 -2
right_child=7 2 6 -5 10 -7 -8 -9 -10 -11 -12 -13 -14 -15
leaf_value=-4.8204649409842804e-05 -0.00011139705632229338 2.2649006713688331e-05 -0.00055938060559710149 -5.3805251777861547e-06 9.1136291820024569e-05 -0.00013802914418936093 -0.00015892649055582251 0.00054821413781504572 0.00011462911518180724 0.00011839108935282608 -6.0715595019406292e-06 -0.0001104741062663837 7.6934770702854135e-05 0.00041941091436542604
leaf_weight=275328 3712 40053 6153 279721 254497 114702 23907 4538 37551 28579 149664 14856 52160 11870
leaf_count=275328 3712 40053 6153 279721 254497 114702 23907 4538 37551 28579 149664 14856 52160 11870
internal_value=1.846e-06 -7.08041e-06 -5.10914e-05 -3.78165e-05 1.97643e-05 -9.62497e-05 -0.000241941 0.000153541 -1.61764e-05 -3.24385e-05 4.9124e-05 7.99041e-05 0.000126636 0.000291038
internal_weight=1.29729e+06 1.22501e+06 464536 434476 760475 154755 30060 72280 341458 303907 419017 269353 67742 15582
internal_count=1297291 1225011 464536 434476 760475 154755 30060 72280 341458 303907 419017 269353 67742 15582
is_linear=0
shrinkage=0.01


Tree=183
num_leaves=15
num_cat=0
split_feature=23 27 28 22 3 7 23 15 28 4 4 28 4 22
split_gain=18.7396 16.5803 9.52406 9.29347 9.43297 6.89103 6.65824 6.4997 6.6021 5.5083 5.39069 5.06884 4.19881 4.10902
threshold=0.043560606060606029 0.38047619047619052 0.49000000000000005 0.32025641025641027 -0.43683510638297868 0.12361111111111113 0.012049941927990694 -0.41918367346938773 0.20900537634408609 0.43813775510204089 1.0000000180025095e-35 -0.10208333333333332 -0.19895833333333332 -0.41578014184397155
decision_type=8 2 8 2 8 2 10 2 10 2 2 10 2 2
left_child=1 2 3 4 -1 -2 7 8 -3 12 -5 -8 -4 -13
right_child=5 6 9 10 -6 -7 11 -9 -10 -11 -12 13 -14 -15
leaf_value=-0.00013892378184443189 0.00011402921629167319 0.00022970884894278387 0.000159237686664695 3.3681626485261195e-05 2.6247939357852799e-05 0.0003754949559128307 0.00021259160816531554 -0.00016030779056434605 -0.00032907186696324344 -0.00099334853838724388 -0.00012019734507788791 0.00050004555822059612 -0.00021763620856208088 -8.7205475654080999e-05
leaf_weight=35903 49730 8515 3379 31415 902695 12874 9718 114591 2779 839 80168 1241 19784 23545
leaf_count=35903 49730 8515 3379 31415 902695 12874 9718 114591 2779 839 80168 1241 19784 23545
internal_value=-4.65867e-07 -9.04811e-06 5.08609e-06 9.61511e-06 1.98974e-05 0.000168292 -0.000103895 -0.000137655 8.95089e-05 -0.000191803 -7.66058e-05 1.84063e-05 -0.00016135 -5.65355e-05
internal_weight=1.29718e+06 1.23457e+06 1.07418e+06 1.05018e+06 938598 62604 160389 125885 11294 24002 111583 34504 23163 24786
internal_count=1297176 1234572 1074183 1050181 938598 62604 160389 125885 11294 24002 111583 34504 23163 24786
is_linear=0
shrinkage=0.01


Tree=184
num_leaves=15
num_cat=0
split_feature=23 28 4 24 21 24 26 24 26 24 11 18 15 26
split_gain=19.9126 13.8094 11.1257 8.33409 7.99302 8.41461 8.68297 6.67125 6.31453 6.15026 5.92626 5.45962 6.51175 5.30008
threshold=0.034523809523809519 0.13525498891352553 0.22111111111111112 -0.03062500000000001 -0.43938775510204076 0.37298387096774199 0.05634920634920635 0.13078947368421054 0.15954545454545457 0.17156862745098042 -0.3118055555555555 -0.33836734693877546 -0.015555555555555571 0.10990338164251208
decision_type=8 10 2 8 2 10 2 8 2 10 2 2 2 2
left_child=1 4 7 13 -1 10 -7 8 -3 -9 -6 12 -4 -2
right_child=3 2 11 -5 5 6 -8 9 -10 -11 -12 -13 -14 -15
leaf_value=0.00021454219776308054 0.00028853914223912254 2.9316656272107992e-05 -0.00058337289939141505 0.00024263288234166721 -0.00010453264170766262 -0.00014241471659874198 0.0001191776517106242 0.00034736645952983931 -9.8452181150712349e-05 6.7829179060030004e-06 6.1557327454661162e-06 -0.00012112918411225547 -0.00011294467153015209 -5.599814002312374e-05
leaf_weight=19954 5692 51121 6087 46055 52868 14303 106496 5486 154871 164100 565975 76700 6063 20470
leaf_count=19954 5692 51121 6087 46055 52868 14303 106496 5486 154871 164100 565975 76700 6063 20470
internal_value=2.37473e-07 -9.25972e-06 -5.22315e-05 0.000161617 1.69745e-05 1.16031e-05 8.79531e-05 -2.83271e-05 -6.65982e-05 1.79834e-05 -3.2524e-06 -0.000152936 -0.000351178 1.78399e-05
internal_weight=1.29624e+06 1.22402e+06 464428 72217 759596 739642 120799 375578 205992 169586 618843 88850 12150 26162
internal_count=1296241 1224024 464428 72217 759596 739642 120799 375578 205992 169586 618843 88850 12150 26162
is_linear=0
shrinkage=0.01


Tree=185
num_leaves=15
num_cat=0
split_feature=23 27 28 24 4 24 26 0 26 3 22 19 28 28
split_gain=16.8192 16.3767 12.1317 10.0031 8.60589 7.75367 9.85795 7.3792 7.00685 6.98844 5.03194 5.03137 4.82364 3.23233
threshold=0.1125 -0.019259259259259278 -0.23956521739130432 0.098913043478260868 0.39678030303030309 -0.22821969696969696 0.1023024594453166 0.37766439909297056 0.21583850931677021 -0.43683510638297868 0.056186868686868681 -0.47979591836734686 0.49000000000000005 -0.42770034843205568
decision_type=8 2 8 8 2 10 2 10 2 8 2 2 10 10
left_child=1 4 3 11 5 6 -1 10 -5 -7 -4 -3 13 -6
right_child=-2 2 7 8 12 9 -8 -9 -10 -11 -12 -13 -14 -15
leaf_value=0.00013838332785700425 0.00035139090214779493 0.00046479941801979945 -2.1746062849017635e-05 -2.0058575466978688e-06 0.00029482896012224854 -0.00012316233810466144 -6.9113382549725093e-05 -0.00017585313758483026 0.00019119990758434532 6.9763937109791285e-05 -8.9284786169012127e-05 -4.7441417640144624e-05 -0.00089546224470513362 -0.00014547937357909131
leaf_weight=29013 13354 1947 260447 30159 1743 19540 107779 52768 48411 421704 193380 91174 829 24886
leaf_count=29013 13354 1947 260447 30159 1743 19540 107779 52768 48411 421704 193380 91174 829 24886
internal_value=-1.59679e-06 -5.29278e-06 -3.90583e-05 3.34726e-05 3.24825e-05 4.07397e-05 -2.48828e-05 -6.36992e-05 0.000116659 6.11516e-05 -5.05915e-05 -3.63946e-05 -0.000140238 -0.000115503
internal_weight=1.29713e+06 1.28378e+06 678286 171691 605494 578036 136792 506595 78570 441244 453827 93121 27458 26629
internal_count=1297134 1283780 678286 171691 605494 578036 136792 506595 78570 441244 453827 93121 27458 26629
is_linear=0
shrinkage=0.01


Tree=186
num_leaves=15
num_cat=0
split_feature=24 22 28 22 26 28 27 3 21 11 27 22 11 27
split_gain=13.848 15.6159 12.0447 9.72032 9.55269 9.4246 9.04458 7.60507 7.24753 6.80902 6.48939 6.21315 5.73895 5.70785
threshold=-0.050641025641025621 0.080322580645161304 0.17006802721088435 -0.45698427382053647 0.15954545454545457 -0.126453488372093 0.41010101010101013 0.39897959183673476 -0.45789007092198575 -0.3118055555555555 -0.22046511627906973 -0.20670914542728633 1.0000000180025095e-35 -0.14946808510638296
decision_type=10 2 8 2 2 10 2 8 2 2 2 2 2 2
left_child=1 3 4 12 10 8 -7 -4 -3 -6 -2 -12 -1 -5
right_child=2 5 7 13 9 6 -8 -9 -10 -11 11 -13 -14 -15
leaf_value=-0.00043270128652920603 0.00013828380458312948 0.0010582453568919424 -3.3264914458801888e-06 7.7702188567610469e-05 -5.3234296384151419e-05 -0.00012670914935668741 -0.00039332583722637957 -0.00019263984987715784 -2.7924208046009432e-05 0.00010466560231391835 0.00010813683868161006 -9.5899890781403146e-05 -7.9748937155323744e-05 -1.0776322917522723e-05
leaf_weight=7170 21913 615 278483 112089 29725 111888 14524 23002 81123 305642 18717 71769 13672 207329
leaf_count=7170 21913 615 278483 112089 29725 111888 14524 23002 81123 305642 18717 71769 13672 207329
internal_value=2.94396e-06 -3.52137e-05 3.09133e-05 6.43968e-06 6.38275e-05 -0.000103447 -0.000157588 -1.78716e-05 -1.93463e-05 9.05805e-05 -1.57291e-05 -5.33612e-05 -0.000202654 2.01788e-05
internal_weight=1.29766e+06 548410 749251 340260 447766 208150 126412 301485 81738 335367 112399 90486 20842 319418
internal_count=1297661 548410 749251 340260 447766 208150 126412 301485 81738 335367 112399 90486 20842 319418
is_linear=0
shrinkage=0.01


Tree=187
num_leaves=15
num_cat=0
split_feature=23 27 24 28 24 26 3 23 21 27 25 3 14 0
split_gain=18.0458 13.4672 9.93149 8.33075 7.58405 7.2513 7.19881 6.85162 8.32315 6.73928 5.74537 5.25463 5.04603 4.93546
threshold=0.03229166666666667 0.38047619047619052 0.26163419913419916 0.47752525252525257 -0.20916666666666664 0.52041666666666686 -0.44727272727272721 0.011766334440753036 0.14222222222222228 -0.1321160042964554 0.77500000000000024 0.47979591836734697 0.36181818181818187 0.081666666666666679
decision_type=10 2 10 10 10 2 8 8 2 2 2 10 2 10
left_child=1 2 3 9 -2 11 -7 8 10 -1 -3 -4 -5 -6
right_child=4 7 5 12 13 6 -8 -9 -10 -11 -12 -13 -14 -15
leaf_value=2.4273952663975531e-05 -2.6795468308520652e-05 -0.00013627911048632411 1.0814015725204213e-05 -0.00017171388957420733 0.00014773511142795787 -0.0003104970771739052 0.00011366383497142353 -4.8475687179874167e-06 -5.6556528318123928e-05 -3.698123674402154e-05 -0.00035410563321276511 -0.00052952903751577005 -0.00090172213303256607 0.00035815561917497526
leaf_weight=313933 17546 27110 161540 21533 38615 4078 142676 54969 53917 418826 22885 1816 1013 16242
leaf_count=313933 17546 27110 161540 21533 38615 4078 142676 54969 53917 418826 22885 1816 1013 16242
internal_value=-7.17962e-07 -9.81314e-06 2.96737e-06 -1.65661e-05 0.000152656 5.06397e-05 0.000101667 -9.57032e-05 -0.000143475 -1.0697e-05 -0.000236604 4.61386e-06 -0.000205959 0.000210599
internal_weight=1.2967e+06 1.2243e+06 1.06542e+06 755305 72403 310110 146754 158881 103912 732759 49995 163356 22546 54857
internal_count=1296699 1224296 1065415 755305 72403 310110 146754 158881 103912 732759 49995 163356 22546 54857
is_linear=0
shrinkage=0.01


Tree=188
num_leaves=15
num_cat=0
split_feature=1 24 19 28 24 4 28 22 3 28 24 24 28 24
split_gain=12.9846 10.7049 8.48076 7.03501 6.48996 6.47349 5.98515 5.00853 4.92252 4.61483 4.34334 4.20885 4.15276 4.05098
threshold=0.28334980237154156 0.26163419913419916 0.020416666666666698 0.044466403162055308 0.24695121951219515 0.41751700680272114 0.41010101010101013 0.36023255813953492 -0.43683510638297868 0.29795918367346946 0.27951388888888895 -0.057189542483660143 -0.43969696969696964 -0.41578014184397155
decision_type=10 10 2 10 10 2 10 2 8 10 10 10 10 8
left_child=1 2 7 4 -4 8 11 -1 -3 -9 -10 12 -2 -5
right_child=6 5 3 13 -6 -7 -8 9 10 -11 -12 -13 -14 -15
leaf_value=-2.3540561579115623e-05 0.0001581715057774467 -0.00012799976191094282 7.3622079210278074e-05 -0.00024534005312643438 0.00065985594746371088 -0.0001495877014852329 -0.0002515489760992864 -0.00019928740543304524 0.00017079792901315903 5.7233127722655896e-05 6.4367772016996123e-05 -1.5592031964173884e-05 -0.00014858570568044766 3.8087948397923275e-07
leaf_weight=413129 4700 11562 156584 6936 1923 13534 18248 30868 46137 8858 242980 90518 55296 195678
leaf_count=413129 4700 11562 156584 6936 1923 13534 18248 30868 46137 8858 242980 90518 55296 195678
internal_value=1.75894e-06 1.40193e-05 -5.08509e-06 3.10178e-05 8.09359e-05 6.36047e-05 -8.00236e-05 -3.39409e-05 7.33019e-05 -0.000141334 8.14571e-05 -5.90243e-05 -0.000124048 -7.88623e-06
internal_weight=1.29695e+06 1.12819e+06 813976 361121 158507 314213 168762 452855 300679 39726 289117 150514 59996 202614
internal_count=1296951 1128189 813976 361121 158507 314213 168762 452855 300679 39726 289117 150514 59996 202614
is_linear=0
shrinkage=0.01


Tree=189
num_leaves=15
num_cat=0
split_feature=23 27 24 28 26 2 24 26 22 20 3 2 28 4
split_gain=17.6161 14.541 10.7417 9.50104 8.91315 8.66982 7.50619 8.33182 7.0319 5.38443 4.17707 4.05869 3.7078 4.32701
threshold=0.091666666666666688 -0.010874704491725782 0.26163419913419916 -0.24734042553191488 0.084219858156028379 -0.40212765957446805 -0.22821969696969696 0.1023024594453166 0.49500000000000005 -0.47979591836734686 0.30104166666666676 0.43938775510204087 0.4793792517006803 -0.040833333333333326
decision_type=10 2 8 10 2 8 10 2 2 2 8 10 10 2
left_child=1 5 9 4 -4 12 7 -7 -8 -3 -11 -5 -1 -14
right_child=-2 2 3 11 -6 6 8 -9 -10 10 -12 -13 13 -15
leaf_value=-7.5437831548711754e-05 0.00034822981176484824 0.00031070422824808279 -9.0993885907346926e-05 -7.6651042915300496e-06 0.00017187309163808881 0.00013051174992506138 6.8521745720786286e-05 -6.4375755816001263e-05 -0.00030984373964046261 -5.2041509537049129e-05 -0.00013896188414996946 -0.00019756343879563911 2.1593368078963821e-05 -0.00085561825608436481
leaf_weight=46372 14463 3833 16321 116840 59287 27862 424354 102326 4939 400674 64824 12505 858 1335
leaf_count=46372 14463 3833 16321 116840 59287 27862 424354 102326 4939 400674 64824 12505 858 1335
internal_value=1.20162e-06 -2.68982e-06 -3.46888e-05 2.56066e-05 0.000114732 3.27457e-05 4.39077e-05 -2.24347e-05 6.40966e-05 -6.10833e-05 -6.42111e-05 -2.62605e-05 -9.52202e-05 -0.000499192
internal_weight=1.29679e+06 1.28233e+06 674284 204953 75608 608046 559481 130188 429293 469331 465498 129345 48565 2193
internal_count=1296793 1282330 674284 204953 75608 608046 559481 130188 429293 469331 465498 129345 48565 2193
is_linear=0
shrinkage=0.01


Tree=190
num_leaves=15
num_cat=0
split_feature=4 27 28 11 11 17 15 1 15 15 3 4 28 28
split_gain=14.304 11.2594 10.2232 7.48346 6.75942 6.7371 5.85253 5.34153 5.27087 6.04471 5.14457 4.8491 4.62133 4.60507
threshold=0.2525510204081633 0.070714285714285688 -0.41945945945945939 0.030931122448979612 -0.33156028368794321 -0.41010101010101002 -0.23956521739130432 0.39009661835748793 -0.36266924564796899 -1.0000000180025095e-35 -0.46863636363636357 0.24222222222222226 0.21583850931677021 0.23499399759903969
decision_type=2 2 8 2 2 2 2 10 2 2 8 2 8 8
left_child=1 4 -2 7 -1 -4 12 10 13 -10 -3 -5 -6 -7
right_child=2 3 5 11 6 8 -8 -9 9 -11 -12 -13 -14 -15
leaf_value=-7.1572401758955936e-05 0.00018136773925255898 -0.00056788116005273008 -0.00030198121192025456 3.13492864633671e-05 -3.3164014470786124e-05 0.00016498718617346771 5.860378305267745e-05 -0.00023337262018386336 -0.00020694948925218147 -6.1961760642058222e-05 -3.746664681287258e-05 0.0005286719460121822 -0.00041231913743831276 -0.00025567703311178474
leaf_weight=49245 13881 1845 15167 131510 33910 13839 543038 15145 39236 111740 316509 1997 3584 3158
leaf_count=49245 13881 1845 15167 131510 33910 13839 543038 15145 39236 111740 316509 1997 3584 3158
internal_value=-1.01941e-06 1.30497e-05 -7.94912e-05 -2.41174e-05 4.06583e-05 -9.94293e-05 5.02305e-05 -4.94846e-05 -8.09564e-05 -9.98436e-05 -4.06402e-05 3.90247e-05 -7.02371e-05 8.50328e-05
internal_weight=1.2938e+06 1.09678e+06 197021 467006 629777 183140 580532 333499 167973 150976 318354 133507 37494 16997
internal_count=1293804 1096783 197021 467006 629777 183140 580532 333499 167973 150976 318354 133507 37494 16997
is_linear=0
shrinkage=0.01


Tree=191
num_leaves=15
num_cat=0
split_feature=1 24 15 28 25 15 21 14 24 28 18 11 24 11
split_gain=14.7291 12.0369 9.78876 6.4678 8.07217 6.15608 6.04746 7.35172 5.2778 5.15717 4.88504 4.62035 4.38444 4.34403
threshold=0.30558300395256921 0.26163419913419916 0.020416666666666698 -0.30217391304347824 0.27500000000000008 -0.30217391304347824 0.11294063079777368 0.29795918367346946 0.46906887755102045 -0.39528508771929821 0.011766334440753036 -0.39897959183673465 -0.063966175668303302 -0.41578014184397155
decision_type=10 10 2 10 2 2 2 2 10 10 2 2 10 2
left_child=1 2 11 4 8 -5 -4 -8 -3 -2 -6 -1 -11 -7
right_child=9 3 6 5 10 13 7 -9 -10 12 -12 -13 -14 -15
leaf_value=-0.00017313065120401597 8.6759201453103928e-05 -7.8835794589728944e-06 2.5018056649870904e-05 -0.00017531929172748351 0.00028584612872957103 -0.00015511247075439049 0.00036081412240178493 -7.0746242755026343e-05 -0.00058801556309488723 -0.00018633821882273432 0.00011442506953474897 -2.8782786405185048e-05 -6.886733860771743e-05 5.7960210619439486e-05
leaf_weight=23309 14236 10061 282877 12987 26653 9948 11749 5785 1880 50806 46838 501317 88376 211881
leaf_count=23309 14236 10061 282877 12987 26653 9948 11749 5785 1880 50806 46838 501317 88376 211881
internal_value=-1.29634e-06 1.10061e-05 -9.16015e-06 6.30526e-05 0.00013768 3.57719e-05 3.63096e-05 0.000216731 -0.000101856 -9.33296e-05 0.000177012 -3.52543e-05 -0.000111967 4.82677e-05
internal_weight=1.2987e+06 1.14528e+06 825037 320248 85432 234816 300411 17534 11941 153418 73491 524626 139182 221829
internal_count=1298703 1145285 825037 320248 85432 234816 300411 17534 11941 153418 73491 524626 139182 221829
is_linear=0
shrinkage=0.01


Tree=192
num_leaves=15
num_cat=0
split_feature=23 27 7 19 11 19 5 4 21 26 11 27 10 18
split_gain=17.5206 14.9136 7.41286 5.60882 5.44499 4.80119 4.30457 4.21522 3.54864 3.02155 4.05705 2.24379 2.09246 2.07666
threshold=0.054093567251462034 0.23499399759903969 -0.41918367346938773 0.16333333333333336 -0.41578014184397155 -0.47979591836734686 0.39009661835748793 0.4139685476410731 0.10208333333333332 0.37638888888888894 0.04083333333333334 0.49000000000000005 0.093790707772470686 0.34045454545454551
decision_type=8 2 2 2 2 2 10 2 2 2 2 2 2 2
left_child=1 2 9 -2 13 12 -7 -6 -8 -1 -11 -5 -3 -4
right_child=3 5 4 11 7 6 8 -9 -10 10 -12 -13 -14 -15
leaf_value=-1.7085952785663134e-05 0.00014765215472080059 0.0001614309552182566 -0.00013120950822301136 0.00030721905403556185 3.1125380626323358e-05 -5.2540109445943602e-05 -0.00026305754603607326 -9.3226836829766565e-05 -7.9559759536625545e-05 -0.00026563176795562602 -3.8082450396915374e-06 0.00078529264184371494 0.00077951274323116552 0.00011852869707231763
leaf_weight=22305 47191 2737 29806 2626 787615 299281 18910 28122 25302 17555 9282 1949 758 3620
leaf_count=22305 47191 2737 29806 2626 787615 299281 18910 28122 25302 17555 9282 1949 758 3620
internal_value=6.95533e-07 -6.77487e-06 1.47061e-05 0.000180974 2.16461e-05 -6.24724e-05 -6.62974e-05 2.68013e-05 -0.000158735 -0.000104598 -0.000176204 0.000517818 0.000304611 -0.000103257
internal_weight=1.29706e+06 1.24529e+06 898305 51766 849163 346988 343493 815737 44212 49142 26837 4575 3495 33426
internal_count=1297059 1245293 898305 51766 849163 346988 343493 815737 44212 49142 26837 4575 3495 33426
is_linear=0
shrinkage=0.01


Tree=193
num_leaves=15
num_cat=0
split_feature=23 28 3 24 18 23 19 18 6 24 26 28 26 17
split_gain=19.1976 13.1631 9.60162 8.71262 9.59338 7.836 7.50639 6.99757 6.91173 6.17076 7.96099 6.06812 6.86636 5.80459
threshold=0.034523809523809519 0.11952380952380955 0.4587585034013606 -0.063164893617021253 0.018187830687830701 0.017549261083743887 0.27888888888888896 -0.037045454545454541 0.16333333333333336 -0.039230769230769201 0.15954545454545457 -0.21269841269841269 0.10990338164251208 -0.45959183673469384
decision_type=8 10 8 10 2 10 2 2 10 8 2 8 2 2
left_child=1 3 9 5 13 6 -1 -4 11 10 -3 12 -2 -5
right_child=8 2 7 4 -6 -7 -8 -9 -10 -11 -12 -13 -14 -15
leaf_value=-5.4784293059478393e-05 -6.2723715930366208e-05 2.8235349396788113e-05 -0.00046344152736269289 -0.00026105814559611914 -1.2630826522033987e-05 0.00011577572010587855 0.0001139574803818226 -0.00010139953748388079 0.00053712705862638129 -1.2127224490624104e-05 -0.00012879434712290201 8.0070333413947327e-05 0.00042514063411807523 9.3349974389098003e-05
leaf_weight=266571 3683 43150 9266 4664 158474 37224 29154 13254 4570 292978 124882 51975 11793 245886
leaf_count=266571 3683 43150 9266 4664 158474 37224 29154 13254 4570 292978 124882 51975 11793 245886
internal_value=3.48404e-08 -9.26697e-06 -4.98807e-05 1.71599e-05 4.80987e-05 -2.0758e-05 -3.80465e-05 -0.000251738 0.000158724 -3.99535e-05 -8.82914e-05 0.000132619 0.00030711 8.66299e-05
internal_weight=1.29752e+06 1.2255e+06 483530 741973 409024 332949 295725 22520 72021 461010 168032 67451 15476 250550
internal_count=1297524 1225503 483530 741973 409024 332949 295725 22520 72021 461010 168032 67451 15476 250550
is_linear=0
shrinkage=0.01


Tree=194
num_leaves=15
num_cat=0
split_feature=23 27 11 24 24 22 24 22 26 22 6 24 28 26
split_gain=15.7357 15.2362 10.3131 6.78672 6.51791 6.5008 6.24757 6.09165 4.99579 4.88399 4.50541 4.23759 4.11935 9.86705
threshold=0.037087912087912074 0.28024390243902447 -0.31909090909090904 -0.20916666666666664 -0.22821969696969696 0.13921188630490958 0.37298387096774199 0.49500000000000005 0.063164893617021281 -0.11834733893557424 0.16333333333333336 -0.42752100840336132 -0.30217391304347824 0.10990338164251208
decision_type=8 2 2 8 10 2 8 2 2 2 10 10 8 2
left_child=1 2 -1 -2 5 -4 11 -6 9 -8 12 -3 13 -5
right_child=3 6 4 10 7 -7 8 -9 -10 -11 -12 -13 -14 -15
leaf_value=-9.1587155119311414e-05 -2.7843928906826276e-05 9.5297106197555882e-05 1.2964818455560698e-05 -0.00029666122224405458 3.9931562298334631e-05 -0.0001083767632922883 0.00018360061039745704 -0.0002515836133867085 0.00014674164853956776 -0.0003659735890563244 0.00050308179016248249 -9.743191381502488e-05 0.00013320084339139691 0.0005997427073639387
leaf_weight=88481 16817 11814 126501 1533 655771 67540 2479 7218 20899 4379 4612 241725 41856 5454
leaf_count=88481 16817 11814 126501 1533 655771 67540 2479 7218 20899 4379 4612 241725 41856 5454
internal_value=2.50463e-07 -8.06261e-06 1.11319e-05 0.000145801 2.17721e-05 -2.91171e-05 -7.26867e-05 3.67114e-05 6.91352e-05 -0.00016295 0.00020099 -8.83321e-05 0.000171821 0.00039873
internal_weight=1.29708e+06 1.22681e+06 945511 70272 857030 194041 281296 662989 27757 6858 53455 253539 48843 6987
internal_count=1297079 1226807 945511 70272 857030 194041 281296 662989 27757 6858 53455 253539 48843 6987
is_linear=0
shrinkage=0.01


Tree=195
num_leaves=15
num_cat=0
split_feature=23 0 28 11 24 22 18 24 5 21 28 19 28 18
split_gain=16.1866 14.0293 9.52768 6.53752 6.51014 6.4853 6.39811 5.94007 4.08912 4.16864 3.67778 3.26149 4.20106 2.93501
threshold=0.054093567251462034 0.36811594202898557 0.011369509043927641 -0.33836734693877546 -0.039230769230769201 0.14365079365079372 0.011237373737373714 -0.089316239316239318 0.43405797101449284 0.3585714285714286 0.49000000000000005 0.2423404255319149 0.49000000000000005 -0.19782608695652171
decision_type=8 8 10 2 10 2 2 8 10 2 10 2 10 2
left_child=1 2 3 13 5 -4 -5 -2 -3 -10 -6 -9 -13 -1
right_child=7 8 4 6 10 -7 -8 11 9 -11 -12 12 -14 -15
leaf_value=6.2449230641019979e-05 1.282343464275335e-05 -7.4538616532295049e-05 -3.1542635798759402e-05 8.7087468695838354e-05 1.2257671414887192e-05 -0.00014830117825323765 1.5379473372543884e-05 0.00021783585595976215 -0.0002798734777676999 -1.7456059031980778e-05 -0.00012716969995162276 0.00098891438729090207 0.0001650870958668592 -0.00014179374586043575
leaf_weight=9028 16035 77041 166502 199090 310051 67163 335304 32922 23263 8521 20132 1340 1342 29280
leaf_count=9028 16035 77041 166502 199090 310051 67163 335304 32922 23263 8521 20132 1340 1342 29280
internal_value=1.12515e-06 -6.04533e-06 4.31512e-06 3.30662e-05 -2.48343e-05 -6.52327e-05 4.2151e-05 0.000174627 -0.000114521 -0.000210474 3.66453e-06 0.000246648 0.000588512 -9.28759e-05
internal_weight=1.29701e+06 1.24538e+06 1.13655e+06 572702 563848 233665 534394 51639 108825 31784 330183 35604 2682 38308
internal_count=1297014 1245375 1136550 572702 563848 233665 534394 51639 108825 31784 330183 35604 2682 38308
is_linear=0
shrinkage=0.01


Tree=196
num_leaves=15
num_cat=0
split_feature=1 3 11 27 15 26 26 15 5 26 21 15 28 11
split_gain=14.5525 9.39833 8.00544 9.2008 6.79113 6.29139 4.84952 4.7588 4.38364 3.26944 4.97902 2.71578 2.70694 2.68906
threshold=0.34021276595744687 -0.42111111111111105 -0.29795918367346935 0.019259259259259257 0.028594771241830078 0.63299319727891168 1.0000000180025095e-35 -0.37877551020408157 0.43813775510204089 0.31031746031746038 -0.47894503546099287 0.45959183673469389 0.41010101010101013 0.37877551020408168
decision_type=10 8 2 2 2 2 2 2 10 2 2 2 8 2
left_child=1 5 9 6 -5 -1 -4 13 11 -3 -11 12 -9 -2
right_child=7 2 3 4 -6 -7 -8 8 -10 10 -12 -13 -14 -15
leaf_value=-3.4924071202366329e-05 0.00010130931301911684 0 0.00017955217022395047 -2.6497035951800419e-05 6.0393078836257139e-05 -0.00028016245339718669 4.6056209522942217e-05 -8.5392783234266125e-05 -0.00026125129924604607 0.00047769310696147582 -0.00013261057200287361 0.00021049127369969487 -0.00026439808096942723 -0.0005364652038287209
leaf_weight=26805 13447 39610 28995 387542 117050 17512 494798 78951 19737 1346 57013 2745 9706 681
leaf_count=26805 13447 39610 28995 387542 117050 17512 494798 78951 19737 1346 57013 2745 9706 681
internal_value=-6.92544e-07 1.02459e-05 1.58901e-05 2.41404e-05 -6.28148e-06 -0.00013252 5.35043e-05 -0.000103154 -0.000125226 -7.04055e-05 -0.000117997 -9.55168e-05 -0.000105337 6.83369e-05
internal_weight=1.29594e+06 1.17067e+06 1.12635e+06 1.02838e+06 504592 44317 523793 125267 111139 97969 58359 91402 88657 14128
internal_count=1295938 1170671 1126354 1028385 504592 44317 523793 125267 111139 97969 58359 91402 88657 14128
is_linear=0
shrinkage=0.01


Tree=197
num_leaves=15
num_cat=0
split_feature=23 27 24 28 15 26 5 22 22 22 3 19 28 26
split_gain=17.338 13.2605 9.52925 8.31116 8.05443 7.30245 7.2519 6.38011 6.36775 5.28742 5.13842 5.0137 4.93334 4.56617
threshold=0.037087912087912074 -0.010874704491725782 0.37298387096774199 0.47402159244264513 -0.23956521739130432 0.084219858156028379 0.4354764107308049 0.16496598639455781 -0.13976744186046511 0.31866537717601556 0.41207729468599036 -0.47979591836734686 -0.20106382978723403 0.40862708719851587
decision_type=10 2 8 8 2 2 10 2 2 2 8 2 10 2
left_child=1 3 6 4 13 8 11 12 -4 -6 -5 -3 -2 -1
right_child=7 2 5 10 9 -7 -8 -9 -10 -11 -12 -13 -14 -15
leaf_value=2.0090184896841692e-05 0.00028792667954221946 0.00036191113150009193 0.00015068518071553264 -0.00011892472039537141 5.719130102341598e-05 0.00011718358891257458 -0.00018470377647268632 0.00050649986586530772 -0.00028829195622700777 -4.4076991222180788e-05 -0.00077928031570691822 -4.6962814107559078e-05 7.8055927608170327e-05 -0.00016442472695871763
leaf_weight=23628 14715 2997 4997 23537 447579 58202 39896 4805 9388 57928 1261 527663 50042 30241
leaf_count=23628 14715 2997 4997 23537 447579 58202 39896 4805 9388 57928 1261 527663 50042 30241
internal_value=-6.14294e-07 -9.34225e-06 -4.0687e-05 2.51153e-05 3.31015e-05 6.70443e-05 -5.44456e-05 0.00015294 -0.000133717 4.5527e-05 -0.000153804 -4.45951e-05 0.00012622 -8.29394e-05
internal_weight=1.29688e+06 1.22732e+06 643143 584174 559376 72587 570556 69562 14385 505507 24798 530660 64757 53869
internal_count=1296879 1227317 643143 584174 559376 72587 570556 69562 14385 505507 24798 530660 64757 53869
is_linear=0
shrinkage=0.01


Tree=198
num_leaves=15
num_cat=0
split_feature=23 27 11 23 19 27 28 28 26 4 28 28 0 27
split_gain=14.2822 14.1398 9.62704 9.08326 9.50837 7.55971 7.64702 5.85818 5.62067 4.9619 4.35639 3.74585 3.7182 3.00298
threshold=0.091666666666666688 0.41010101010101013 -0.29795918367346935 0.011766334440753036 -0.25777777777777772 -0.019259259259259278 -0.23956521739130432 0.47402159244264513 0.29217479674796754 0.4354764107308049 0.18237250554323728 0.49000000000000005 0.24222222222222226 0.47849213691026832
decision_type=10 2 2 8 2 2 10 8 2 2 10 10 10 2
left_child=1 2 8 4 10 7 -7 -4 -1 -10 -3 12 -2 -6
right_child=11 3 5 -5 13 6 -8 -9 9 -11 -12 -13 -14 -15
leaf_value=5.069051545404699e-06 0.00033782028375210668 3.136185654367602e-05 4.8164537081232375e-05 8.903010091947439e-06 -0.00020861778446859211 5.1076090718568498e-05 -3.664957354911301e-05 -0.00011862985336980611 -0.00011764979038156767 -0.00050134639427195423 -0.00020297664763225631 5.9044806645073903e-05 0.00092588119321359262 -0.00039237065368176249
leaf_weight=44763 8694 24786 518363 45700 35489 136673 362688 21849 65224 3614 11563 4368 1321 12704
leaf_count=44763 8694 24786 518363 45700 35489 136673 362688 21849 65224 3614 11563 4368 1321 12704
internal_value=-1.74824e-06 -5.28343e-06 5.84695e-06 -0.000104061 -0.000165478 1.54226e-05 -1.25792e-05 4.13623e-05 -8.15147e-05 -0.000138251 -4.2369e-05 0.000311551 0.000418635 -0.0002577
internal_weight=1.2978e+06 1.28342e+06 1.15317e+06 130242 84542 1.03957e+06 499361 540212 113601 68838 36349 14383 10015 48193
internal_count=1297799 1283416 1153174 130242 84542 1039573 499361 540212 113601 68838 36349 14383 10015 48193
is_linear=0
shrinkage=0.01


Tree=199
num_leaves=15
num_cat=0
split_feature=23 27 28 4 28 11 22 27 4 19 23 28 28 0
split_gain=15.1228 13.2753 10.0489 8.78324 6.13579 5.87818 5.60618 5.7678 4.95695 4.80587 4.33258 4.01867 3.86298 3.79524
threshold=0.077380952380952397 -0.010874704491725782 -0.23956521739130432 0.41751700680272114 0.47402159244264513 -0.29795918367346935 0.06881313131313134 0.38047619047619052 -0.26874999999999999 -0.47979591836734686 0.025657894736842105 0.49000000000000005 0.31909090909090915 0.24222222222222226
decision_type=8 2 10 2 10 2 2 2 2 2 10 10 8 10
left_child=1 3 9 4 5 -1 -4 -8 -6 -3 -11 -5 13 -2
right_child=12 2 6 11 8 -7 7 -9 -10 10 -12 -13 -14 -15
leaf_value=-5.232706873368756e-05 0.00032752739793467022 0.00047252266259687376 -2.9044817674106482e-05 -0.00014263774482619915 0.00025667107541647123 5.5236495929569008e-05 -6.7093681650370551e-05 -0.00019182599275933195 -0.00016477454222228665 1.1604108594456508e-05 0.00021743977351982313 -0.00095057468133645127 7.0393924665556107e-05 0.00091417292437770154
leaf_weight=56216 10519 2444 296979 20755 3128 503854 155716 49304 22784 156852 10977 648 5640 1317
leaf_count=56216 10519 2444 296979 20755 3128 503854 155716 49304 22784 156852 10977 648 5640 1317
internal_value=1.85737e-07 -3.78168e-06 -3.44175e-05 3.00775e-05 3.73874e-05 4.43862e-05 -5.69558e-05 -9.72385e-05 -0.000112718 3.18537e-05 2.52494e-05 -0.00016863 0.000292361 0.000395553
internal_weight=1.29713e+06 1.27966e+06 672272 607385 585982 560070 501999 205020 25912 170273 167829 21403 17476 11836
internal_count=1297133 1279657 672272 607385 585982 560070 501999 205020 25912 170273 167829 21403 17476 11836
is_linear=0
shrinkage=0.01


Tree=200
num_leaves=15
num_cat=0
split_feature=23 27 2 24 22 10 27 22 19 22 22 24 6 14
split_gain=15.3229 14.4389 8.76195 8.27613 7.31738 7.47565 5.97565 4.9442 4.46097 4.52079 3.66582 4.34103 2.99019 2.96612
threshold=0.066964285714285712 0.22046511627906976 -0.33836734693877546 0.31101190476190482 0.32025641025641027 0.023268398268398275 -0.14365079365079361 -0.2474489795918367 -0.47979591836734686 0.06881313131313134 -0.45060975609756093 0.46702898550724642 0.2423404255319149 0.41918367346938784
decision_type=8 2 8 8 2 2 2 2 2 2 2 10 10 2
left_child=1 2 10 8 6 -6 -4 -5 -3 -10 -1 -12 -2 -9
right_child=12 3 4 7 5 -7 -8 13 9 -11 11 -13 -14 -15
leaf_value=-0.000355588755256163 0.00022620581951583924 0.00029414468695703947 6.9802055550951446e-05 0.00028250157475201855 -0.00012356524860866007 7.9195429858125416e-05 1.1720255162343845e-05 3.5356169868069709e-05 -4.7554352473996285e-05 -0.00012387966573091665 -7.2177199209601896e-05 0.00023570678606069442 0.00059405712110733775 -0.00048446716316429282
leaf_weight=4342 16337 3210 322691 8976 58382 26220 396021 31711 194470 131388 95201 4768 2722 1130
leaf_count=4342 16337 3210 322691 8976 58382 26220 396021 31711 194470 131388 95201 4768 2722 1130
internal_value=-1.00117e-06 -5.22021e-06 1.62363e-05 -5.7809e-05 2.74594e-05 -6.03701e-05 3.784e-05 7.43416e-05 -7.4694e-05 -7.84221e-05 -6.99047e-05 -5.7186e-05 0.000280401 1.6514e-05
internal_weight=1.29757e+06 1.27851e+06 907625 370885 803314 84602 718712 41817 329068 325858 104311 99969 19059 32841
internal_count=1297569 1278510 907625 370885 803314 84602 718712 41817 329068 325858 104311 99969 19059 32841
is_linear=0
shrinkage=0.01


Tree=201
num_leaves=15
num_cat=0
split_feature=24 28 2 20 25 14 22 11 27 22 15 21 28 24
split_gain=12.7496 12.3058 10.5464 8.28813 8.24483 8.15561 7.64591 7.67555 6.50513 6.49419 6.16818 5.53729 5.28079 5.88796
threshold=-0.057189542483660143 0.17006802721088435 0.36811594202898557 -0.026669758812615931 0.77500000000000024 0.36811594202898557 0.078661616161616169 -0.26874999999999999 0.27664399092970526 0.36978260869565222 -0.24234042553191487 0.23956521739130435 -0.43969696969696964 -0.42752100840336132
decision_type=10 10 8 2 2 2 2 2 2 2 2 2 10 10
left_child=2 5 6 4 -3 9 7 -1 -5 -2 -6 -9 -4 -14
right_child=1 3 12 8 10 -7 -8 11 -10 -11 -12 -13 13 -15
leaf_value=-0.00015878661501072183 7.8635236369077287e-05 -2.3822696815729656e-05 0.00019239892116237452 2.6748418846624469e-05 -0.00050325592869369354 -9.6106941785612811e-05 -7.7483169462837768e-05 3.4160319555001917e-05 -9.4746735066018474e-05 -7.5968361742743238e-05 -0.00015777582863501108 -0.00014008450155234312 0.00010308905356026143 -0.00026779531296172363
leaf_weight=25851 414365 28885 3255 198130 8057 32146 174991 252253 56671 28877 15549 19607 4759 34501
leaf_count=25851 414365 28885 3255 198130 8057 32146 174991 252253 56671 28877 15549 19607 4759 34501
internal_value=-3.39887e-09 2.54025e-05 -3.86564e-05 -2.38471e-05 -0.000138267 5.73007e-05 -2.50141e-05 5.72637e-06 -1.56717e-07 6.84948e-05 -0.000277012 2.14817e-05 -0.00018962 -0.000222069
internal_weight=1.2979e+06 782680 515217 307292 52491 475388 472702 297711 254801 443242 23606 271860 42515 39260
internal_count=1297897 782680 515217 307292 52491 475388 472702 297711 254801 443242 23606 271860 42515 39260
is_linear=0
shrinkage=0.01


Tree=202
num_leaves=15
num_cat=0
split_feature=5 22 24 11 17 17 27 26 22 18 21 27 4 22
split_gain=11.2561 10.4904 8.05982 6.59797 5.80175 5.98869 5.47946 9.51371 3.91299 3.51284 3.35161 3.59178 3.02822 2.90712
threshold=0.4354764107308049 0.32025641025641027 -0.041241496598639453 0.023268398268398275 -0.41010101010101002 0.49000000000000005 -0.14946808510638296 0.16064516129032261 -0.45959183673469384 -0.17888888888888885 0.21583850931677021 0.39619252873563227 -0.015555555555555571 0.45789007092198591
decision_type=10 2 8 2 2 2 2 2 2 2 2 2 2 2
left_child=1 2 6 12 8 -6 7 -1 -4 -8 11 -2 13 -3
right_child=10 3 4 -5 5 -7 9 -9 -10 -11 -12 -13 -14 -15
leaf_value=0.00014704759520475273 -0.00013371467701673225 4.8314241525359302e-05 -0.00063860398390385646 2.5471352517375646e-05 4.8342391281997287e-05 -0.00030694969302107856 5.8900167606184779e-05 -1.59363454312489e-05 -8.3706528492142303e-05 -5.1354595617847005e-05 -5.1050725558725718e-05 -0.00036913956477164952 -0.00015885236037304831 -0.00037556101011400843
leaf_weight=49791 22903 13364 1379 39259 600809 4757 32003 126714 20385 277949 27126 9472 69338 1837
leaf_count=49791 22903 13364 1379 39259 600809 4757 32003 126714 20385 277949 27126 9472 69338 1837
internal_value=-1.67594e-07 6.26867e-06 1.59978e-05 -8.10183e-05 3.96989e-05 4.55004e-05 -1.45053e-05 2.98722e-05 -0.000120327 -3.98734e-05 -0.000134536 -0.000203548 -0.000130825 -1.00078e-06
internal_weight=1.29709e+06 1.23758e+06 1.11379e+06 123798 627330 605566 486457 176505 21764 309952 59501 32375 84539 15201
internal_count=1297086 1237585 1113787 123798 627330 605566 486457 176505 21764 309952 59501 32375 84539 15201
is_linear=0
shrinkage=0.01


Tree=203
num_leaves=15
num_cat=0
split_feature=4 28 22 3 10 17 28 3 6 20 15 22 22 22
split_gain=11.3384 10.6014 7.78994 7.74146 5.98973 5.2625 5.02726 4.25829 4.23275 4.06738 3.57024 3.4561 2.68955 3.26992
threshold=0.2525510204081633 -0.41945945945945939 0.4095454545454546 -0.43683510638297868 0.04083333333333334 -0.41010101010101002 -0.011911514463981863 -0.23979166666666663 -0.36085106382978716 -0.37367021276595741 -0.3876262626262626 0.21509740259740265 0.38705936920222639 -0.41945945945945939
decision_type=2 8 2 8 2 2 8 10 10 2 2 2 2 2
left_child=2 -2 3 8 6 12 -5 10 -1 -6 -7 -9 13 -3
right_child=1 5 -4 4 9 7 -8 11 -10 -11 -12 -13 -14 -15
leaf_value=-0.00033338852862453499 0.00019391380847595799 -0.00057738686578370606 -0.00012068668357643006 3.2967597955424119e-05 -0.00010974802885652126 0.00018999500735327133 -1.9100163819388417e-05 -3.1557169524402006e-05 -6.9598252312820885e-05 6.8899716517768328e-05 -0.00028560778350958388 -0.00014123881107184927 -0.00099634250464949092 -0.00017224003975525707
leaf_weight=7917 13831 2510 43775 354190 13264 1696 388640 113617 28408 263655 14166 38985 519 12134
leaf_count=7917 13831 2510 43775 354190 13264 1696 388640 113617 28408 263655 14166 38985 519 12134
internal_value=-2.55343e-06 -7.23437e-05 9.94904e-06 1.53927e-05 2.05282e-05 -9.25647e-05 5.686e-06 -7.6253e-05 -0.00012794 6.02333e-05 -0.000232838 -5.97762e-05 -0.000271762 -0.000243835
internal_weight=1.29731e+06 197458 1.09985e+06 1.05607e+06 1.01975e+06 183627 742830 168464 36325 276919 15862 152602 15163 14644
internal_count=1297307 197458 1099849 1056074 1019749 183627 742830 168464 36325 276919 15862 152602 15163 14644
is_linear=0
shrinkage=0.01


Tree=204
num_leaves=15
num_cat=0
split_feature=23 1 24 26 28 22 28 24 21 17 23 22 10 21
split_gain=14.7508 13.1378 12.727 8.70526 8.48354 7.25733 5.80564 6.80032 4.62875 4.54452 4.45354 4.35632 3.92555 2.61514
threshold=0.091666666666666688 0.20106382978723406 0.26163419913419916 0.40862708719851587 -0.30217391304347824 0.32025641025641027 -0.43969696969696964 -0.041241496598639453 0.19782608695652174 -0.47752525252525252 0.010102040816326542 -0.39897959183673465 0.020416666666666698 0.49479166666666674
decision_type=10 10 10 2 10 2 10 10 2 2 10 2 2 2
left_child=1 2 5 10 -5 8 13 11 -1 -9 -4 -8 -7 -3
right_child=-2 6 3 4 -6 12 7 9 -10 -11 -12 -13 -14 -15
leaf_value=8.8141318618383486e-06 0.00031653410242036195 7.9760426536386705e-05 -7.8376198606088711e-05 0.00023532034617425012 7.0590024995490473e-05 -0.00015115979435324352 -0.00034447151887761666 -0.00047169455491514225 -7.1522880563768668e-05 -2.7808471996739645e-05 4.6570701412182625e-05 -0.00012479145508308641 -1.1173064659988527e-06 0.00052877744471860387
leaf_weight=602971 14426 10586 41574 44130 110345 53162 10346 2359 81389 123072 90604 83977 26550 1529
leaf_count=602971 14426 10586 41574 44130 110345 53162 10346 2359 81389 123072 90604 83977 26550 1529
internal_value=-1.38516e-06 -4.98508e-06 1.00245e-05 6.68601e-05 0.000117848 -1.12591e-05 -7.31305e-05 -8.49647e-05 -6.96557e-07 -3.6407e-05 7.04325e-06 -0.000149216 -0.000101563 0.000139022
internal_weight=1.29702e+06 1.28259e+06 1.05072e+06 286653 154475 764072 231869 219754 684360 125431 132178 94323 79712 12115
internal_count=1297020 1282594 1050725 286653 154475 764072 231869 219754 684360 125431 132178 94323 79712 12115
is_linear=0
shrinkage=0.01


Tree=205
num_leaves=15
num_cat=0
split_feature=23 27 11 24 24 24 5 17 19 18 15 17 24 24
split_gain=13.6708 13.0725 10.122 7.25222 6.70625 5.80854 4.99367 4.58298 4.57392 4.3385 3.84159 2.97096 3.60584 2.59147
threshold=0.066964285714285712 0.084349593495934974 -0.29795918367346935 -0.22821969696969696 0.32213438735177874 -0.25878787878787873 0.43405797101449284 -0.38467117988394578 -0.47894503546099287 0.47915762049500654 -0.41918367346938773 -0.41010101010101002 -0.23979166666666663 -0.42752100840336132
decision_type=10 2 2 10 8 8 8 2 2 2 2 2 10 10
left_child=1 2 11 5 6 -4 8 -5 -3 10 -6 12 -1 -8
right_child=-2 4 3 7 9 -7 13 -9 -10 -11 -12 -13 -14 -15
leaf_value=-0.00085459926406786376 0.00026754098521427494 0.00026911086484303549 -1.020257045868938e-05 -0.00011135168314783301 0.00038871716232412984 -0.00027199786917117617 0.0001499516306928191 5.8443215394227657e-05 -4.9174450932405274e-05 -0.00072200400744421034 4.3787455515579608e-05 -7.0000314236816642e-05 -0.00017421853997910594 -0.0001870865655649879
leaf_weight=1047 18578 4531 140983 16311 3449 9040 2335 488282 440882 703 58871 71769 3778 35719
leaf_count=1047 18578 4531 140983 16311 3449 9040 2335 488282 440882 703 58871 71769 3778 35719
internal_value=-1.71974e-06 -5.65894e-06 2.19664e-05 3.47259e-05 -4.26768e-05 -2.61828e-05 -5.53553e-05 5.28945e-05 -4.58675e-05 5.41056e-05 6.33762e-05 -8.66889e-05 -0.000328511 -0.000165607
internal_weight=1.29628e+06 1.2777e+06 731210 654616 546490 150023 483467 504593 445413 63023 62320 76594 4825 38054
internal_count=1296278 1277700 731210 654616 546490 150023 483467 504593 445413 63023 62320 76594 4825 38054
is_linear=0
shrinkage=0.01


Tree=206
num_leaves=15
num_cat=0
split_feature=23 27 28 22 22 6 28 10 23 21 15 23 28 22
split_gain=16.3288 14.2422 8.85874 7.62687 7.34372 6.85868 6.27323 5.68141 5.31695 6.83814 5.16586 4.62205 4.05346 4.02302
threshold=0.043560606060606029 0.38047619047619052 0.49000000000000005 0.32025641025641027 -0.45698427382053647 0.16333333333333336 -0.21269841269841269 0.023268398268398275 0.011766334440753036 0.27178030303030309 -0.18042553191489358 0.010527482269503509 -0.1633333333333333 -0.41578014184397155
decision_type=8 2 10 2 2 10 8 2 10 2 2 10 8 2
left_child=1 2 3 4 -1 6 -2 -5 9 -3 -4 -11 -7 -10
right_child=5 8 10 7 -6 12 -8 -9 13 11 -12 -13 -14 -15
leaf_value=-0.00014255902463526941 0.00032125783915357137 -0.00020296494331183769 -0.0011908037583508683 -0.00011816347858257194 2.4328185243998809e-05 -0.00018230941260042482 7.1129432453212552e-05 3.3382209851915982e-05 0.00028107213319771978 1.5407841664840122e-05 -0.00016071461966504723 -0.00025302668122054053 0.00065042534910394827 -4.0823755594228562e-05
leaf_weight=27105 13091 63142 505 74663 912100 621 45142 36597 4180 32922 23592 7917 3982 52244
leaf_count=27105 13091 63142 505 74663 912100 621 45142 36597 4180 32922 23592 7917 3982 52244
internal_value=6.88172e-07 -7.28986e-06 5.80451e-06 1.01805e-05 1.94795e-05 0.000157957 0.000127888 -6.8046e-05 -9.51953e-05 -0.000137645 -0.000183693 -3.59108e-05 0.000531521 -1.64317e-05
internal_weight=1.2978e+06 1.23497e+06 1.07456e+06 1.05046e+06 939205 62836 58233 111260 160405 103981 24097 40839 4603 56424
internal_count=1297803 1234967 1074562 1050465 939205 62836 58233 111260 160405 103981 24097 40839 4603 56424
is_linear=0
shrinkage=0.01


Tree=207
num_leaves=15
num_cat=0
split_feature=23 1 24 26 27 24 2 24 28 28 23 28 14 0
split_gain=14.4064 11.7238 9.05899 9.06022 7.72317 7.53501 5.66762 5.64011 6.55449 5.55116 5.39258 3.41217 3.22413 3.05539
threshold=0.04653679653679655 0.30558300395256921 0.26163419913419916 0.40862708719851587 0.23499399759903969 -0.18660714285714283 -0.33156028368794321 -0.063966175668303302 -0.43969696969696964 -0.30217391304347824 0.010102040816326542 0.49000000000000005 0.010990338164251214 0.16333333333333336
decision_type=10 10 10 2 2 8 8 10 10 10 10 10 2 10
left_child=1 2 4 10 6 -2 -1 8 12 -5 -4 -10 -3 -7
right_child=5 7 3 9 -6 13 -8 -9 11 -11 -12 -13 -14 -15
leaf_value=-8.0459200902545193e-05 -5.1098290339751432e-05 -1.541162350184947e-05 -9.5078138752127192e-05 0.0001958330630607983 -6.8243345587816072e-05 0.0001876332424024238 1.5224731217493134e-05 -4.3128295531103723e-05 -0.00018571491548641291 6.4151114324762564e-05 3.6087924024213144e-05 -0.00070043441737939753 0.00053797155581903993 0.00046800139393936144
leaf_weight=70325 13525 2405 47847 44929 200091 39490 515160 96213 51446 115713 90594 1366 1741 4515
leaf_count=70325 13525 2405 47847 44929 200091 39490 515160 96213 51446 115713 90594 1366 1741 4515
internal_value=-1.12466e-06 -8.33732e-06 3.20104e-06 5.00607e-05 -1.46012e-05 0.000153536 3.68015e-06 -9.0239e-05 -0.000169285 0.00010117 -9.02915e-06 -0.000199635 0.000209957 0.000217111
internal_weight=1.29536e+06 1.23783e+06 1.08466e+06 299083 785576 57530 585485 153171 56958 160642 138441 52812 4146 44005
internal_count=1295360 1237830 1084659 299083 785576 57530 585485 153171 56958 160642 138441 52812 4146 44005
is_linear=0
shrinkage=0.01


Tree=208
num_leaves=15
num_cat=0
split_feature=28 11 17 27 28 26 19 21 19 0 3 2 3 28
split_gain=11.2142 8.98264 8.46732 6.34856 6.19748 6.08926 5.25558 5.25558 8.17587 5.0814 4.78548 4.34342 4.20561 3.85359
threshold=0.011369509043927641 -0.39897959183673465 -0.30217391304347824 1.0000000180025095e-35 0.47402159244264513 1.0000000180025095e-35 0.025657894736842105 0.2423404255319149 0.21869565217391304 0.1329931972789116 0.44222222222222224 -0.43938775510204076 -0.45789007092198575 0.13733075435203099
decision_type=10 2 2 2 10 2 2 2 2 8 8 10 10 10
left_child=1 -1 10 4 -4 -6 -3 9 -9 -8 11 -2 -5 -12
right_child=2 6 3 12 5 -7 7 8 -10 -11 13 -13 -14 -15
leaf_value=-0.00015529804416914561 -0.00046463817087161446 1.5789923854093139e-05 2.606165355193418e-05 -0.00037451188069623692 0.00033306380852723505 -0.00017632794978411881 0.00010759258437229168 -0.00046220267680537275 0.00098480334189442902 -1.1336196493851788e-05 7.400030460454933e-05 -8.4075162110838978e-05 -4.9310506310832833e-05 -0.00048924437863940933
leaf_weight=25943 3292 440247 269935 4059 2543 25740 127793 500 1450 49366 1388 40333 297505 6406
leaf_count=25943 3292 440247 269935 4059 2543 25740 127793 500 1450 49366 1388 40333 297505 6406
internal_value=-2.73951e-06 2.67794e-05 -3.2037e-05 -2.14206e-05 1.12125e-05 -0.000129436 3.44553e-05 8.01659e-05 0.000598275 7.42837e-05 -0.000155281 -0.000113511 -5.37908e-05 -0.000385101
internal_weight=1.2965e+06 645299 651201 599782 298218 28283 619356 179109 1950 177159 51419 43625 301564 7794
internal_count=1296500 645299 651201 599782 298218 28283 619356 179109 1950 177159 51419 43625 301564 7794
is_linear=0
shrinkage=0.01


Tree=209
num_leaves=15
num_cat=0
split_feature=23 0 28 24 24 23 17 24 26 6 22 28 28 15
split_gain=14.1022 12.3221 9.43563 8.22719 6.5716 7.64631 6.69098 6.14543 6.62008 4.00968 3.56166 3.4051 3.35266 3.30893
threshold=0.04006410256410254 0.37766439909297056 0.063301282051282062 -0.18660714285714283 -0.063164893617021253 0.018187830687830701 0.011766334440753036 -0.039230769230769201 0.16064516129032261 0.16333333333333336 0.49500000000000005 0.31016731016731025 -0.1633333333333333 -0.41918367346938773
decision_type=8 8 8 8 10 10 2 8 2 10 2 8 8 2
left_child=1 2 4 -2 5 -1 -6 8 -4 11 -9 -5 -11 -3
right_child=3 13 7 9 6 -7 -8 10 -10 12 -12 -13 -14 -15
leaf_value=-2.8455824104873397e-05 -5.3919545782724702e-05 8.1266471004944917e-05 2.2521650706116187e-05 0.00021962456417274598 0.00010322421735174862 0.00013456369719932551 1.5190847952825286e-05 4.2420147169060167e-07 -0.00010950624344261392 -0.00016263132723245974 -0.00032645068337403308 1.7734877923589651e-05 0.00059190473684978115 -0.00013065299144730764
leaf_weight=245887 16560 7816 50972 36164 160634 32555 188690 300506 145064 619 3366 11296 4021 93611
leaf_count=245887 16560 7816 50972 36164 160634 32555 188690 300506 145064 619 3366 11296 4021 93611
internal_value=-6.33597e-07 -8.44795e-06 1.02168e-06 0.000138811 2.68604e-05 -9.28685e-06 5.57587e-05 -3.13657e-05 -7.50244e-05 0.000200645 -3.10106e-06 0.000172209 0.000484744 -0.000114025
internal_weight=1.29776e+06 1.2291e+06 1.12767e+06 68660 627766 278442 349324 499908 196036 52100 303872 47460 4640 101427
internal_count=1297761 1229101 1127674 68660 627766 278442 349324 499908 196036 52100 303872 47460 4640 101427
is_linear=0
shrinkage=0.01


Tree=210
num_leaves=15
num_cat=0
split_feature=23 27 28 2 0 24 26 28 19 24 15 28 24 24
split_gain=15.7547 12.9738 7.90984 7.83581 5.90263 5.7528 5.72019 5.18139 5.04891 4.98329 4.51654 4.45616 3.559 3.27755
threshold=0.054093567251462034 -0.019259259259259278 -0.31165540540540532 -0.40212765957446805 0.37766439909297056 -0.057189542483660143 0.06186224489795919 0.47402159244264513 0.16333333333333336 -0.2214052287581699 -0.36266924564796899 -0.1633333333333333 0.26163419913419916 -0.21937499999999996
decision_type=8 2 10 8 8 8 2 10 2 10 2 8 8 10
left_child=1 3 5 -1 12 10 -7 9 13 -5 -3 -10 -4 -2
right_child=8 2 4 7 -6 6 -8 -9 11 -11 -12 -13 -14 -15
leaf_value=-9.3575774426063449e-05 1.7041315100953569e-06 0.00023711203592924516 -5.7498872771253161e-05 -9.1436721334791028e-06 -0.00014883920705158668 -0.00010449538173508436 0.00013519005927919818 -0.00010891626930687231 -0.0002470105571994259 6.3186366766971233e-05 -7.9495055074079896e-05 0.00061784634415142775 4.1526326799835818e-06 0.00019141240850756037
leaf_weight=48295 12831 4988 353179 124770 57349 11833 58996 22506 645 393418 43552 3971 126213 34335
leaf_count=48295 12831 4988 353179 124770 57349 11833 58996 22506 645 393418 43552 3971 126213 34335
internal_value=1.32419e-06 -5.7606e-06 -3.63647e-05 2.82803e-05 -5.2762e-05 3.71133e-05 9.47209e-05 3.92204e-05 0.000172248 4.57128e-05 -4.63297e-05 0.000490422 -4.12049e-05 0.000140444
internal_weight=1.29688e+06 1.2451e+06 656110 588989 536741 119369 70829 540694 51782 518188 48540 4616 479392 47166
internal_count=1296881 1245099 656110 588989 536741 119369 70829 540694 51782 518188 48540 4616 479392 47166
is_linear=0
shrinkage=0.01


Tree=211
num_leaves=15
num_cat=0
split_feature=5 27 2 24 15 24 22 22 0 15 22 25 15 7
split_gain=11.1045 7.97526 7.88525 6.10122 6.19246 6.97361 5.4866 5.10729 4.83774 4.43287 4.25488 3.73211 3.48598 3.38701
threshold=0.30642923219241447 1.0000000180025095e-35 -0.40212765957446805 0.26163419913419916 0.052105948762483707 0.15707236842105268 -0.4759001161440185 0.39663461538461547 0.17369121561668147 -0.40212765957446805 -0.20670914542728633 0.92500000000000016 -0.37877551020408157 0.43813775510204089
decision_type=10 2 8 8 2 10 2 2 8 2 2 2 2 2
left_child=1 2 -1 4 9 -6 -4 -8 11 -3 -5 -2 -10 -12
right_child=8 3 6 10 5 -7 7 -9 12 -11 13 -13 -14 -15
leaf_value=-0.00010258420316477091 1.1660606898746822e-05 0.00014371844198376305 -0.00022324822088040739 0.00013313618699461855 2.4339565395478125e-05 0.00046909034336779256 5.9871800344948569e-05 -7.5786394100432283e-05 5.6618968254406224e-05 -6.1491239734163888e-05 2.248242793539637e-05 -0.00017440968126335933 -0.00015607201942449388 -0.00019675491492431014
leaf_weight=36669 62505 10812 7275 35776 69116 3728 507141 29165 8440 308921 127385 12972 69705 7442
leaf_count=36669 62505 10812 7275 35776 69116 3728 507141 29165 8440 308921 127385 12972 69705 7442
internal_value=2.3007e-06 1.30481e-05 3.90801e-05 -1.37196e-05 -3.5456e-05 4.75312e-05 4.86922e-05 5.24382e-05 -7.74973e-05 -5.44568e-05 3.6122e-05 -1.99269e-05 -0.000132715 1.01546e-05
internal_weight=1.29705e+06 1.14343e+06 580250 563180 392577 72844 543581 536306 153622 319733 170603 75477 78145 134827
internal_count=1297052 1143430 580250 563180 392577 72844 543581 536306 153622 319733 170603 75477 78145 134827
is_linear=0
shrinkage=0.01


Tree=212
num_leaves=15
num_cat=0
split_feature=23 27 7 3 28 24 24 24 22 0 17 28 27 22
split_gain=13.1291 13.2451 8.49399 7.8031 7.26196 7.37063 6.54927 6.69097 4.75299 4.31416 3.01297 2.34146 2.15882 1.83549
threshold=0.1125 -0.010874704491725782 -0.41918367346938773 -0.46863636363636357 -0.23956521739130432 -0.057189542483660143 -0.22821969696969696 -0.27158385093167697 0.47646733111849393 0.36811594202898557 -0.29795918367346935 0.4587585034013606 -0.024404761904761926 -0.45060975609756093
decision_type=8 2 2 10 8 8 10 8 2 10 2 10 2 2
left_child=1 2 10 -3 5 -5 7 -4 -8 -6 13 -12 -2 -1
right_child=12 3 6 4 9 -7 8 -9 -10 -11 11 -13 -14 -15
leaf_value=-0.00090351132128858977 6.1329260757110777e-05 -0.00042471400642601898 6.351693581423763e-06 -5.6069706796869846e-05 -3.7322013780056821e-05 7.9368968293604941e-05 6.582752824866709e-05 -0.00022041606470568333 -0.00020971441380614986 -0.00013106895677540481 -4.5040680295767733e-05 -0.00036627472439909603 0.00038088283507599737 -0.00024987877610927291
leaf_weight=514 2943 5019 117254 64653 444148 105511 428159 14605 6300 55599 33724 2475 10492 5619
leaf_count=514 2943 5019 117254 64653 444148 105511 428159 14605 6300 55599 33724 2475 10492 5619
internal_value=2.1892e-06 -1.04287e-06 3.27597e-05 -3.15704e-05 -2.85783e-05 2.77333e-05 4.30109e-05 -1.85425e-05 6.17615e-05 -4.78125e-05 -0.000103665 -6.78613e-05 0.000313145 -0.000309963
internal_weight=1.29702e+06 1.28358e+06 608650 674930 669911 170164 566318 131859 434459 499747 42332 36199 13435 6133
internal_count=1297015 1283580 608650 674930 669911 170164 566318 131859 434459 499747 42332 36199 13435 6133
is_linear=0
shrinkage=0.01


Tree=213
num_leaves=15
num_cat=0
split_feature=23 24 4 26 3 14 11 26 22 24 24 22 28 24
split_gain=13.1965 11.0915 9.16857 7.39476 10.0549 6.53293 5.79277 7.80467 6.64956 9.0845 5.01212 4.8114 3.92559 6.43112
threshold=0.077380952380952397 0.26163419913419916 0.3802173913043479 0.52041666666666686 -0.43683510638297868 -0.21869565217391301 -0.3118055555555555 0.43019480519480524 0.078661616161616169 -0.11583184257602859 -0.46906887755102039 -0.4759001161440185 0.32732919254658394 0.48500000000000004
decision_type=10 10 2 2 8 2 2 2 2 10 8 2 10 10
left_child=1 6 3 5 -5 -3 7 10 11 -10 -1 -8 13 -2
right_child=12 2 -4 4 -6 -7 8 -9 9 -11 -12 -13 -14 -15
leaf_value=0.00037240684493395558 0.00050846559461952716 -0.00014171588647784813 -0.00011076521396201056 -0.0002990476415249171 0.00012609694646532394 3.9195416709726085e-05 -0.00017549263995497415 -0.00019366614362591861 -0.00010608943826729787 -7.7945214553205894e-07 -3.3059610862554716e-05 1.5537611800453733e-05 4.1927229805753149e-05 -2.5816464512010194e-05
leaf_weight=3332 9054 22834 34574 5734 150630 156642 13535 43171 147486 185546 35437 481431 5217 2859
leaf_count=3332 9054 22834 34574 5734 150630 156642 13535 43171 147486 185546 35437 481431 5217 2859
internal_value=1.54469e-06 -2.12124e-06 4.39834e-05 6.00046e-05 0.000110309 1.60097e-05 -2.09224e-05 -0.00010118 -1.29434e-05 -4.75075e-05 1.04055e-06 1.02522e-05 0.000277251 0.000377751
internal_weight=1.29748e+06 1.28035e+06 370414 335840 156364 179476 909938 81940 827998 333032 38769 494966 17130 11913
internal_count=1297482 1280352 370414 335840 156364 179476 909938 81940 827998 333032 38769 494966 17130 11913
is_linear=0
shrinkage=0.01


Tree=214
num_leaves=15
num_cat=0
split_feature=0 24 27 26 19 15 24 26 28 19 24 18 4 18
split_gain=10.6937 10.7798 7.74591 11.8104 8.08171 7.86052 10.4473 7.46003 7.33083 7.20607 6.22206 4.45633 4.39651 4.25479
threshold=0.36811594202898557 0.26163419913419916 -0.14946808510638296 0.15954545454545457 0.011766334440753036 0.057777777777777824 0.15707236842105268 0.52041666666666686 0.12034482758620692 0.025657894736842105 0.48500000000000004 0.011237373737373714 0.39246068455134137 0.011766334440753036
decision_type=10 8 2 2 2 2 10 2 10 2 10 2 2 2
left_child=1 2 3 11 -5 -4 -7 12 10 -10 -9 -1 13 -3
right_child=-2 7 5 4 -6 6 -8 8 9 -11 -12 -13 -14 -15
leaf_value=4.0150138611307464e-05 -9.5604703184879196e-05 7.5815301952222684e-05 -5.103308785400794e-05 -9.8099482637310675e-05 3.2021124729819393e-05 2.2354169411306042e-05 0.00047157464708522183 0.00017463496185037933 -0.00013110594626556863 0.00010417100502692597 -0.00016508303113145915 0.00019490390089584671 -0.00016139549805083527 -2.5088063493141372e-05
leaf_weight=31232 108471 84609 449373 68453 157384 91128 5502 97447 21301 33379 5614 48154 13513 81971
leaf_count=31232 108471 84609 449373 68453 157384 91128 5502 97447 21301 33379 5614 48154 13513 81971
internal_value=-5.349e-07 8.11275e-06 -1.08262e-05 2.94676e-05 -7.28741e-06 -3.3406e-05 4.82566e-05 5.59209e-05 0.000106155 1.19663e-05 0.000155834 0.000134402 1.17543e-05 2.59829e-05
internal_weight=1.29753e+06 1.18906e+06 851226 305223 225837 546003 96630 337834 157741 54680 103061 79386 180093 166580
internal_count=1297531 1189060 851226 305223 225837 546003 96630 337834 157741 54680 103061 79386 180093 166580
is_linear=0
shrinkage=0.01


Tree=215
num_leaves=15
num_cat=0
split_feature=0 23 11 24 26 24 22 26 22 2 21 12 5 21
split_gain=13.396 11.2095 7.52104 7.40167 8.32277 4.75692 4.55406 3.60919 3.41852 3.04258 2.87089 2.59859 2.42173 2.83055
threshold=0.36811594202898557 0.054093567251462034 -0.35857142857142849 0.26163419913419916 0.52041666666666686 -0.089316239316239318 0.041241496598639467 0.64365079365079381 -0.39323708206686925 -0.39472517730496448 0.48947251773049655 0.20972222222222228 0.49000000000000005 0.39897959183673476
decision_type=10 8 2 10 2 8 2 2 2 8 2 2 10 2
left_child=1 2 7 6 -5 -3 -4 10 -2 -9 -1 -7 -10 -14
right_child=8 5 3 4 -6 11 -8 9 12 -11 -12 -13 13 -15
leaf_value=-5.0044252564297991e-05 -0.00028197506603790107 7.9670712867955094e-06 1.6380108754169125e-05 1.6916812139455465e-06 0.00010829903730904058 0.00019114026574153662 -3.2411559334487816e-05 -0.00042681592238857506 -7.2754661540642214e-05 -0.00013609946436222373 0.00047928740045216942 0.00051866418935299092 -0.00036225844177377507 4.361409378748435e-05
leaf_weight=45064 10265 16034 398666 156211 138829 32958 367111 4368 89830 25361 1037 2755 6195 2203
leaf_count=45064 10265 16034 398666 156211 138829 32958 367111 4368 89830 25361 1037 2755 6195 2203
internal_value=-6.20809e-07 9.06686e-06 2.4868e-06 9.39004e-06 5.19573e-05 0.000153013 -6.97132e-06 -9.36865e-05 -0.00010701 -0.000179861 -3.74563e-05 0.000217288 -8.84124e-05 -0.00025224
internal_weight=1.29689e+06 1.18839e+06 1.13665e+06 1.06082e+06 295040 51747 765777 75830 108493 29729 46101 35713 98228 8398
internal_count=1296887 1188394 1136647 1060817 295040 51747 765777 75830 108493 29729 46101 35713 98228 8398
is_linear=0
shrinkage=0.01


Tree=216
num_leaves=15
num_cat=0
split_feature=11 27 28 4 26 26 28 15 26 5 15 20 4 4
split_gain=10.4533 11.1493 6.44773 5.97687 5.74419 5.52545 5.47922 5.66764 5.19373 5.15927 5.36062 3.64975 4.86816 3.73059
threshold=-0.33836734693877546 0.019259259259259257 -0.31165540540540532 0.40212765957446817 0.05634920634920635 0.29217479674796754 0.13525498891352553 0.45959183673469389 0.039230769230769243 0.4793792517006803 0.085144927536231943 -0.38148936170212761 0.4354764107308049 0.072172619047619027
decision_type=2 2 10 2 2 2 8 2 2 10 2 2 2 2
left_child=5 3 4 6 -3 -1 7 -2 -8 10 -4 13 -13 -7
right_child=1 2 9 -5 -6 11 8 -9 -10 -11 -12 12 -14 -15
leaf_value=-6.2365950504563875e-06 6.1879842838992916e-05 -0.00012751414631627446 -4.9003561071932531e-05 -0.00013016594528673204 7.5046435927167193e-05 -0.00020426162892800905 0.00015358402761114404 0.0003775486181529563 -1.3134705803821477e-05 -0.00023257275739971709 4.1010407489903232e-05 -0.00016268441079192564 -0.0005556531034069974 0.0002191359988745115
leaf_weight=39692 351995 16348 398464 20524 94265 3644 20684 5820 192470 13521 78967 50373 3444 4782
leaf_count=39692 351995 16348 398464 20524 94265 3644 20684 5820 192470 13521 78967 50373 3444 4782
internal_value=-2.00846e-06 6.2727e-06 -2.40098e-05 3.71215e-05 4.48352e-05 -9.92237e-05 4.3188e-05 6.71013e-05 2.90451e-06 -3.95821e-05 -3.40523e-05 -0.000158036 -0.000188419 3.24622e-05
internal_weight=1.29499e+06 1.19306e+06 601565 591493 110613 101935 570969 357815 213154 490952 477431 62243 53817 8426
internal_count=1294993 1193058 601565 591493 110613 101935 570969 357815 213154 490952 477431 62243 53817 8426
is_linear=0
shrinkage=0.01


Tree=217
num_leaves=15
num_cat=0
split_feature=23 27 4 0 11 7 7 15 15 1 2 16 17 5
split_gain=11.9032 10.8115 7.14731 5.59671 5.19604 5.08962 4.42286 4.13301 3.50013 3.39777 3.41553 2.41301 2.28384 2.28154
threshold=0.04653679653679655 -1.0000000180025095e-35 0.39678030303030309 0.39009661835748793 -0.29795918367346935 0.2473404255319149 -0.23401360544217684 -0.37877551020408157 -0.23956521739130432 0.011237373737373714 -0.45789007092198575 -0.037045454545454541 -0.39897959183673465 0.4793792517006803
decision_type=8 2 2 8 2 2 2 2 2 8 8 2 2 10
left_child=1 2 4 9 12 -2 -4 11 -6 10 -3 -5 -1 -9
right_child=5 3 6 7 8 -7 -8 13 -10 -11 -12 -13 -14 -15
leaf_value=-0.00027675335431760696 0.00011824491206402316 -0.00026703547155095079 -0.00035067720058429069 0.00025579138508716913 -5.1412911195114867e-05 0.00056676749387271858 -5.7454442005297837e-05 -0.00012421155164141887 4.9748860365878278e-05 -4.0303074696548816e-05 2.1129825159468952e-05 -8.1169724168498965e-05 -3.7741227865416467e-05 -0.0002930967106232843
leaf_weight=4368 55408 4210 6991 4086 36614 2694 20837 44671 466908 422850 157700 4238 56278 10236
leaf_count=4368 55408 4210 6991 4086 36614 2694 20837 44671 466908 422850 157700 4238 56278 10236
internal_value=-2.77992e-07 -6.8561e-06 2.40067e-05 -3.50982e-05 3.17668e-05 0.000139586 -0.000132226 -0.00012459 4.2333e-05 -2.53694e-05 1.34468e-05 8.06641e-05 -5.54635e-05 -0.000156256
internal_weight=1.29809e+06 1.23999e+06 591996 647991 564168 58102 27828 63231 503522 584760 161910 8324 60646 54907
internal_count=1298089 1239987 591996 647991 564168 58102 27828 63231 503522 584760 161910 8324 60646 54907
is_linear=0
shrinkage=0.01


Tree=218
num_leaves=15
num_cat=0
split_feature=27 4 28 2 20 28 5 10 2 3 18 15 20 3
split_gain=11.3791 8.9588 8.7797 5.61201 5.16982 4.854 4.33391 4.47405 4.30891 4.18299 3.92909 4.29213 3.45523 3.31893
threshold=1.0000000180025095e-35 0.39678030303030309 -0.23956521739130432 -0.33156028368794321 -0.47979591836734686 0.47402159244264513 0.33836734693877557 0.085144927536231943 -0.22281323877068554 0.39897959183673476 0.46863636363636368 -0.36266924564796899 -0.46295454545454545 -0.46863636363636357
decision_type=2 2 10 8 2 8 8 2 10 10 2 2 2 10
left_child=1 3 4 -1 -2 -5 7 13 -3 -9 12 -12 -6 -4
right_child=2 8 6 5 10 -7 -8 9 -10 -11 11 -13 -14 -15
leaf_value=-3.6906804352731246e-05 0.00049013480813751007 -0.00035612092472650763 -0.00047645826548390295 5.7342739413234967e-05 -0.0004312672669045347 -8.4584788382432026e-05 -0.00012568225396303716 4.6834520790072003e-05 -6.9789147875460878e-05 -0.00017581114758213136 -0.0011281478622983429 -0.00012433042962424481 3.8215709036796567e-05 -5.2883523830702158e-05
leaf_weight=84847 2453 7162 1876 503021 1571 25141 66169 81594 21284 9373 571 2023 158309 331362
leaf_count=84847 2453 7162 1876 503021 1571 25141 66169 81594 21284 9373 571 2023 158309 331362
internal_value=3.25601e-07 3.02892e-05 -2.89591e-05 3.83784e-05 3.40478e-05 5.05296e-05 -5.02114e-05 -3.83676e-05 -0.000142965 2.35589e-05 2.69684e-05 -0.000357894 3.34069e-05 -5.53624e-05
internal_weight=1.29676e+06 641455 655301 613009 164927 528162 490374 424205 28446 90967 162474 2594 159880 333238
internal_count=1296756 641455 655301 613009 164927 528162 490374 424205 28446 90967 162474 2594 159880 333238
is_linear=0
shrinkage=0.01


Tree=219
num_leaves=15
num_cat=0
split_feature=0 20 28 18 27 21 11 28 25 28 21 11 4 5
split_gain=10.5643 8.1924 7.51656 6.09312 5.12225 5.15621 4.89741 4.783 4.40085 4.32879 4.1567 3.81702 3.27182 3.1323
threshold=0.28062500000000007 0.024404761904761933 0.17006802721088435 -0.34066731141199219 0.38944444444444448 0.16333333333333336 0.010753931544865871 -0.23956521739130432 0.77500000000000024 0.30217391304347835 0.13450834879406312 0.010421189752496731 0.085144927536231943 0.47979591836734697
decision_type=8 2 8 2 2 2 2 10 2 10 2 2 2 10
left_child=1 2 -1 8 13 -6 12 -8 -4 -5 -9 -7 -3 -2
right_child=4 6 3 9 5 11 7 10 -10 -11 -12 -13 -14 -15
leaf_value=1.0793117148359701e-05 -3.452177170704825e-05 3.2682774244875145e-05 -5.6679560249509102e-05 -0.00010567277967259894 -0.00031121933877134957 4.9930662839507191e-05 0.00015496639792677907 4.1671780613091976e-05 -0.00058046808717476459 -1.1488357336412304e-05 0.00029752331790124797 -0.00021041916001695614 -7.2964739999979494e-05 -0.00029576644167575965
leaf_weight=512014 127998 82956 2999 83160 16324 11481 53898 214383 3825 120101 6589 10793 45271 4799
leaf_count=512014 127998 82956 2999 83160 16324 11481 53898 214383 3825 120101 6589 10793 45271 4799
internal_value=-8.14866e-07 1.03023e-05 -9.8238e-06 -6.02131e-05 -7.3972e-05 -0.000175632 4.64299e-05 7.02432e-05 -0.000354795 -5.01705e-05 4.94405e-05 -7.48881e-05 -4.38334e-06 -4.4195e-05
internal_weight=1.29659e+06 1.1252e+06 722099 210085 171395 38598 403097 274870 6824 203261 220972 22274 128227 132797
internal_count=1296591 1125196 722099 210085 171395 38598 403097 274870 6824 203261 220972 22274 128227 132797
is_linear=0
shrinkage=0.01


Tree=220
num_leaves=15
num_cat=0
split_feature=23 1 24 26 28 15 23 22 24 28 15 22 28 28
split_gain=12.7094 11.543 8.79537 8.39252 8.52464 5.82874 5.60594 5.48616 5.28559 4.95887 5.12335 4.62071 3.06496 2.48978
threshold=0.1125 0.41207729468599036 0.26163419913419916 0.40862708719851587 -0.30217391304347824 0.020416666666666698 0.010102040816326542 0.36023255813953492 0.17156862745098042 0.41010101010101013 -0.40212765957446805 -0.39897959183673465 0.18819444444444447 0.49000000000000005
decision_type=10 10 10 2 10 2 10 2 10 10 2 2 10 10
left_child=1 2 5 6 -5 7 -4 -1 -7 10 12 -12 -3 -2
right_child=13 9 3 4 -6 8 -8 -9 -10 -11 11 -13 -14 -15
leaf_value=-2.2473255531267685e-05 0.00040591353914767577 0.0002792813998088189 -8.8679891002435768e-05 0.0002050037629005492 5.1429133709689274e-05 3.1691699333036147e-05 3.616876158860505e-05 -0.00013610836625088188 -0.000162453485201179 -0.00033986552071500287 -0.00039356616694493008 -9.3023251352572132e-05 -0.00018497609222825604 9.6832906116602388e-05
leaf_weight=509876 8909 5424 54202 49751 135355 291299 106680 46522 14690 9287 5741 54576 1844 4088
leaf_count=509876 8909 5424 54202 49751 135355 291299 106680 46522 14690 9287 5741 54576 1844 4088
internal_value=-3.14367e-08 -3.20129e-06 4.33361e-06 4.69457e-05 9.28702e-05 -1.27276e-05 -5.70781e-06 -3.20292e-05 2.22716e-05 -0.000122031 -9.16398e-05 -0.000122145 0.000157339 0.00031105
internal_weight=1.29824e+06 1.28525e+06 1.20838e+06 345988 185106 862387 160882 556398 305989 76872 67585 60317 7268 12997
internal_count=1298244 1285247 1208375 345988 185106 862387 160882 556398 305989 76872 67585 60317 7268 12997
is_linear=0
shrinkage=0.01


Tree=221
num_leaves=15
num_cat=0
split_feature=24 15 14 17 3 26 18 3 10 27 14 25 20 17
split_gain=9.92779 10.312 8.71582 7.40068 5.69712 5.49707 5.67298 5.63422 5.28959 5.55608 5.6828 5.20829 5.33767 4.98927
threshold=-0.057189542483660143 0.016954022988505794 -0.15978723404255316 -0.41010101010101002 -0.44727272727272721 0.44562647754137119 -0.36515151515151512 0.46295454545454551 0.010990338164251214 -0.19023809523809521 0.28130434782608704 0.57500000000000018 -0.47894503546099287 0.32793709528214621
decision_type=8 2 2 2 8 2 2 8 2 2 2 2 2 2
left_child=1 2 5 -2 -5 7 -7 -1 -3 10 -10 12 -4 -6
right_child=3 8 11 4 13 6 -8 -9 9 -11 -12 -13 -14 -15
leaf_value=-2.7153153902430451e-05 -0.00013876086380169511 -6.4633299772406296e-05 0.00041638144658198473 -0.00015302123933288534 4.1984728365378268e-05 -0.00071349482653738721 -0.00024994058888003516 -0.00074763446303691269 0.00019015258433430077 1.9140250741324523e-05 -0.00035580363680310718 -8.7225400286319816e-05 -1.3714207394844573e-05 -5.4753812528923304e-05
leaf_weight=14017 26769 43293 2939 16526 680814 3519 12349 1185 37391 90075 1970 161619 145884 57581
leaf_count=14017 26769 43293 2939 16526 680814 3519 12349 1185 37391 90075 1970 161619 145884 57581
internal_value=1.95901e-06 -3.21404e-05 -6.40158e-05 2.443e-05 3.02569e-05 -0.000223959 -0.000354747 -8.54243e-05 3.07084e-05 6.28302e-05 0.000162041 -4.79095e-05 -5.01075e-06 3.44001e-05
internal_weight=1.29593e+06 514241 341512 781690 754921 31070 15868 15202 172729 129436 39361 310442 148823 738395
internal_count=1295931 514241 341512 781690 754921 31070 15868 15202 172729 129436 39361 310442 148823 738395
is_linear=0
shrinkage=0.01


Tree=222
num_leaves=15
num_cat=0
split_feature=23 27 28 3 22 23 24 24 24 23 22 28 4 6
split_gain=11.4411 9.22285 8.28284 6.99154 7.34194 6.48553 6.18545 5.99905 6.87912 5.92591 5.45953 5.15381 5.06298 4.32535
threshold=0.037087912087912074 0.38047619047619052 0.49000000000000005 -0.45789007092198575 0.49500000000000005 0.011766334440753036 -0.20916666666666664 -0.45773809523809517 -0.03062500000000001 0.010990338164251214 -0.41578014184397155 -0.019259259259259278 0.34613526570048314 0.16333333333333336
decision_type=8 2 8 8 2 10 8 8 10 10 2 10 2 10
left_child=1 2 3 9 -5 7 -2 -3 -9 -1 -7 -12 -4 -8
right_child=6 5 12 4 -6 10 13 8 -10 -11 11 -13 -14 -15
leaf_value=-0.00012020620619100902 -3.8997252854591865e-05 0.00020360989446311365 -0.00013524538399525189 1.5942150110215722e-05 -0.00025419833302661125 0.00035830309038151556 0.00015055322341414108 -0.0002252672474170634 -5.714381856120345e-05 -0.00086253901392779517 0.00011478127709211897 -9.4048640514287013e-05 -0.00067691249100729092 0.00047758344645097695
leaf_weight=24170 16953 5252 21527 1009070 10148 4175 48494 48987 49565 1141 18534 32416 1917 4530
leaf_count=24170 16953 5252 21527 1009070 10148 4175 48494 48987 49565 1141 18534 32416 1917 4530
internal_value=1.43792e-06 -5.63224e-06 4.91812e-06 9.1179e-06 1.32223e-05 -7.67161e-05 0.000125822 -0.00012329 -0.000141021 -0.000154953 1.04435e-05 -1.74919e-05 -0.000180898 0.000179084
internal_weight=1.29688e+06 1.2269e+06 1.06797e+06 1.04453e+06 1.01922e+06 158929 69977 103804 98552 25311 55125 50950 23444 53024
internal_count=1296879 1226902 1067973 1044529 1019218 158929 69977 103804 98552 25311 55125 50950 23444 53024
is_linear=0
shrinkage=0.01


Tree=223
num_leaves=15
num_cat=0
split_feature=24 22 28 22 26 3 26 28 15 3 22 28 24 25
split_gain=11.8228 9.50186 8.44616 7.76542 7.28853 6.60952 5.93739 8.59409 6.80334 5.43296 5.06585 4.82982 4.69135 4.59972
threshold=-0.057189542483660143 0.12097560975609757 0.17006802721088435 -0.43683510638297868 0.15954545454545457 0.39678030303030309 0.43826219512195125 0.1588137472283814 0.012347560975609741 0.3802173913043479 -0.02970588235294119 -0.30217391304347824 -0.036607142857142831 0.4250000000000001
decision_type=10 2 10 2 2 8 2 10 2 10 2 10 10 2
left_child=1 3 4 -1 10 12 8 -8 -5 13 -2 -6 -4 -3
right_child=2 9 5 6 11 -7 7 -9 -10 -11 -12 -13 -14 -15
leaf_value=-0.00016079392665274475 7.2964717690851249e-05 -1.4777776224370343e-05 -0.00018435107721252812 -8.2237559755207482e-06 0.000131987451017646 -0.00017433635561496841 1.2821895882050571e-05 -0.00013995922516576271 0.00012562768022504283 -0.00029136848273503366 -6.3729976169678971e-05 4.9681123716103077e-05 5.8430204597214285e-06 -0.00012943160772946354
leaf_weight=30737 41070 59211 13619 85597 100301 24585 116746 53582 67700 13912 79284 254459 268141 87853
leaf_count=30737 41070 59211 13619 85597 100301 24585 116746 53582 67700 13912 79284 254459 268141 87853
internal_value=-7.02683e-07 -3.79068e-05 2.37935e-05 -8.87266e-06 5.02082e-05 -1.70755e-05 5.46506e-06 -3.50657e-05 5.06942e-05 -0.000101633 -1.68339e-05 7.3037e-05 -3.24549e-06 -8.34748e-05
internal_weight=1.2968e+06 515338 781459 354362 475114 306345 323625 170328 153297 160976 120354 354760 281760 147064
internal_count=1296797 515338 781459 354362 475114 306345 323625 170328 153297 160976 120354 354760 281760 147064
is_linear=0
shrinkage=0.01


Tree=224
num_leaves=15
num_cat=0
split_feature=1 24 15 26 3 24 27 26 15 1 21 14 24 28
split_gain=10.9997 9.27573 7.51914 6.6214 8.97466 6.26583 5.6058 10.5443 4.94282 5.64154 4.73567 8.38508 5.72202 3.65041
threshold=0.30558300395256921 0.26163419913419916 0.020416666666666698 0.36055555555555557 -0.43683510638297868 0.48500000000000004 -0.14365079365079361 0.14608739837398377 -0.40212765957446805 0.47979591836734697 0.081666666666666679 0.47801932367149763 0.17156862745098042 -0.39528508771929821
decision_type=10 10 2 2 10 10 2 2 2 10 2 2 10 8
left_child=1 2 6 -3 -5 -6 7 -1 -2 -10 12 -12 -4 -8
right_child=8 3 10 4 5 -7 13 -9 9 -11 11 -13 -14 -15
leaf_value=0.00014078917022481354 0.00011710489179099907 6.0225861056720711e-06 3.3905317009909522e-05 -0.00025768319412859247 0.00012484084854867317 -0.00017057057391955927 3.7539834380520846e-05 -2.8382028569808222e-05 -6.8834396450402589e-05 -0.00025345520705561135 0.00024574485465725675 -0.0003566459164245852 -0.00016980859203399057 -6.5676110853766067e-05
leaf_weight=49191 11878 139257 262927 6773 166433 7417 38467 146289 122579 19355 19752 2577 14511 289972
leaf_count=49191 11878 139257 262927 6773 166433 7417 38467 146289 122579 19355 19752 2577 14511 289972
internal_value=1.6575e-06 1.2359e-05 -5.35601e-06 5.80682e-05 9.80275e-05 0.000112062 -2.82415e-05 1.40366e-05 -7.77097e-05 -9.42266e-05 3.4542e-05 0.000174841 2.31405e-05 -5.34958e-05
internal_weight=1.29738e+06 1.14357e+06 823686 319880 180623 173850 523919 195480 153812 141934 299767 22329 277438 328439
internal_count=1297378 1143566 823686 319880 180623 173850 523919 195480 153812 141934 299767 22329 277438 328439
is_linear=0
shrinkage=0.01


Tree=225
num_leaves=15
num_cat=0
split_feature=1 22 3 23 24 26 11 24 27 24 21 16 2 21
split_gain=11.0812 9.78544 10.1042 7.46128 7.99412 5.38645 5.25251 4.88184 3.91314 3.72874 3.49954 3.32874 3.0836 3.45465
threshold=0.30558300395256921 0.32755102040816336 -0.43683510638297868 0.1125 0.26163419913419916 0.65345368916797497 0.023268398268398275 -0.063164893617021253 0.47801932367149763 -0.37627551020408156 0.25777777777777783 -0.41918367346938773 -0.28062499999999996 0.32793709528214621
decision_type=8 2 8 10 10 2 2 8 2 10 2 2 10 2
left_child=1 2 5 4 -4 -1 -3 9 12 -2 -10 -11 -9 -14
right_child=7 6 3 -5 -6 -7 -8 8 10 11 -12 -13 13 -15
leaf_value=-4.0306535744913856e-05 -5.8092686308959064e-05 -0.00012196588735973979 7.3551458372398834e-06 0.00026682917901253304 7.0687844989838269e-05 -0.00028911980139085413 2.9419974716533808e-05 -0.00029339331234996455 -0.00044632946012920164 0.00016430564707236594 -6.8933747670288256e-05 -0.00024752616255612316 -2.881839889335353e-05 0.00013670785998739311
leaf_weight=22258 25654 77022 706131 12985 278409 14651 32218 3663 4038 2006 6882 30560 65082 15625
leaf_count=22258 25654 77022 706131 12985 278409 14651 32218 3663 4038 2006 6882 30560 65082 15625
internal_value=2.17441e-06 1.2905e-05 2.24331e-05 2.847e-05 2.5295e-05 -0.000139901 -7.70437e-05 -7.75733e-05 -3.30872e-05 -0.000149864 -0.000211318 -0.000221224 -9.65658e-06 2.85993e-06
internal_weight=1.29718e+06 1.14367e+06 1.03443e+06 997525 984540 36909 109240 153510 95290 58220 10920 32566 84370 80707
internal_count=1297184 1143674 1034434 997525 984540 36909 109240 153510 95290 58220 10920 32566 84370 80707
is_linear=0
shrinkage=0.01


Tree=226
num_leaves=15
num_cat=0
split_feature=23 27 2 28 22 26 3 28 22 5 28 6 28 3
split_gain=12.0376 11.125 7.92304 7.89496 6.57296 5.23837 8.17334 4.39725 4.14627 4.08312 3.62918 3.56771 3.26961 3.11559
threshold=0.054093567251462034 -1.0000000180025095e-35 -0.40212765957446805 -0.019259259259259278 0.49500000000000005 0.096006144393241177 1.0000000180025095e-35 0.49000000000000005 0.025657894736842105 0.4587585034013606 -0.17928571428571424 0.12372448979591839 -0.19883720930232557 -0.47894503546099287
decision_type=8 2 8 10 2 2 10 10 2 8 10 10 8 10
left_child=1 2 -1 5 7 6 -3 -4 13 -7 -6 12 -2 -5
right_child=11 3 4 8 10 9 -8 -9 -10 -11 -12 -13 -14 -15
leaf_value=-9.6910977031376328e-05 0.00027627338118153371 0.00011008846676797179 4.4696362976065912e-05 -0.00052824043124415673 5.4396131510450383e-05 3.0307937871714521e-05 -0.00015099119707695689 -0.00014230069734961112 -9.9635617357844835e-05 -0.00019668225955137171 -0.0004495728400382721 0.00029524095873801573 5.163911765640631e-05 -2.5180175137408004e-05
leaf_weight=48423 8413 16260 527323 1245 1994 239903 44632 12807 184660 8164 4281 12883 30576 155603
leaf_count=48423 8413 16260 527323 1245 1994 239903 44632 12807 184660 8164 4281 12883 30576 155603
internal_value=4.81187e-07 -5.71308e-06 2.55137e-05 -3.43149e-05 3.64185e-05 2.21914e-06 -8.07804e-05 4.02062e-05 -6.74545e-05 2.27144e-05 -0.000284699 0.000149757 0.000100897 -2.93746e-05
internal_weight=1.29717e+06 1.2453e+06 594828 650467 546405 308959 60892 540130 341508 248067 6275 51872 38989 156848
internal_count=1297167 1245295 594828 650467 546405 308959 60892 540130 341508 248067 6275 51872 38989 156848
is_linear=0
shrinkage=0.01


Tree=227
num_leaves=15
num_cat=0
split_feature=23 28 4 22 22 27 3 24 10 24 24 3 24 11
split_gain=10.7902 9.85662 7.07258 6.92756 7.15173 6.91465 5.63059 4.55735 4.3032 3.9936 6.3136 4.81866 3.54955 3.00932
threshold=0.054093567251462034 0.13525498891352553 0.22111111111111112 -0.45959183673469384 0.36023255813953492 -0.14365079365079361 0.4793792517006803 -0.089316239316239318 0.012049941927990694 -0.45773809523809517 -0.03062500000000001 0.49468085106382986 0.13078947368421054 0.011237373737373714
decision_type=8 8 2 2 2 2 10 8 2 8 10 10 8 2
left_child=1 3 6 13 5 -5 12 -2 -6 11 -11 -4 -3 -1
right_child=7 2 9 4 8 -7 -8 -9 -10 10 -12 -13 -14 -15
leaf_value=-0.00028710308821570067 0 -4.9003260132617227e-05 2.6601154717864007e-05 7.4301962903378105e-05 -0.0001859002651426009 7.1890187534932602e-06 -0.00077848858185373352 0.00020338674706243764 -7.7435380044491459e-06 -0.00025850563149122305 -7.5195755261412195e-05 0.00098738597744572323 1.2153583506530556e-05 -4.789257472610834e-05
leaf_weight=10088 16159 211986 4473 230384 24935 463659 985 35871 30522 29244 54551 600 170689 11740
leaf_count=10088 16159 211986 4473 230384 24935 463659 985 35871 30522 29244 54551 600 170689 11740
internal_value=-4.83819e-07 -6.40868e-06 -4.2391e-05 1.55959e-05 2.07459e-05 2.95103e-05 -2.36738e-05 0.000140575 -8.83944e-05 -0.000122855 -0.000139535 0.000146663 -2.16465e-05 -0.000159844
internal_weight=1.29589e+06 1.24386e+06 472528 771328 749500 694043 383660 52030 55457 88868 83795 5073 382675 21828
internal_count=1295886 1243856 472528 771328 749500 694043 383660 52030 55457 88868 83795 5073 382675 21828
is_linear=0
shrinkage=0.01


Tree=228
num_leaves=15
num_cat=0
split_feature=1 22 3 28 23 10 24 25 28 10 24 15 14 25
split_gain=10.6372 9.66257 8.64561 7.5817 7.28635 6.72818 5.62895 5.15023 3.91065 3.6898 4.31251 3.5759 3.17737 2.83405
threshold=0.34021276595744687 0.32025641025641027 -0.43683510638297868 0.011369509043927641 0.20833333333333334 0.023268398268398275 -0.063164893617021253 1.0000000180025095e-35 -0.43969696969696964 0.061250000000000034 -0.38799283154121861 -0.40212765957446805 0.010990338164251214 0.92500000000000016
decision_type=10 2 8 10 10 2 8 2 10 2 10 2 2 2
left_child=1 2 13 4 -4 -3 8 -5 12 10 -10 -8 -2 -1
right_child=6 5 3 7 -6 -7 11 -9 9 -11 -12 -13 -14 -15
leaf_value=-8.2278960547086709e-05 -9.2627010214665247e-05 -0.00012529709859901447 5.0913319809270678e-05 0.00022358263645233821 0.00078787227241883544 3.9717883016051032e-05 0.00019837937400942065 -6.2373721392715431e-06 -3.7778809457639084e-05 -6.7183771683235755e-05 -0.00032798535147570286 -5.2668752250761483e-05 0.00049995598295523962 -0.00029830070529654424
leaf_weight=29297 2166 81597 513984 9943 1348 35097 6132 492574 6917 15276 22799 70366 1479 7925
leaf_count=29297 2166 81597 513984 9943 1348 35097 6132 492574 6917 15276 22799 70366 1479 7925
internal_value=1.49811e-06 1.08799e-05 2.04525e-05 2.59513e-05 5.29038e-05 -7.54102e-05 -8.61115e-05 -1.62906e-06 -0.000170366 -0.00019617 -0.000261454 -3.21459e-05 0.00013981 -0.000129099
internal_weight=1.2969e+06 1.17176e+06 1.05507e+06 1.01785e+06 515332 116694 125135 502517 48637 44992 29716 76498 3645 37222
internal_count=1296900 1171765 1055071 1017849 515332 116694 125135 502517 48637 44992 29716 76498 3645 37222
is_linear=0
shrinkage=0.01


Tree=229
num_leaves=15
num_cat=0
split_feature=23 27 28 28 17 24 23 19 1 21 28 26 24 26
split_gain=10.6022 10.5858 8.81159 6.83957 7.21073 6.42319 5.63128 5.51537 5.03674 4.23563 4.08033 4.21916 4.20462 5.69602
threshold=0.066964285714285712 -0.019259259259259278 -0.31165540540540532 0.47402159244264513 -0.41010101010101002 -0.21937499999999996 0.025657894736842105 -0.47979591836734686 0.37627551020408168 0.29356060606060608 0.32732919254658394 0.16496598639455784 0.48500000000000004 0.16496598639455784
decision_type=10 2 10 8 2 10 8 2 8 2 10 2 10 2
left_child=1 3 6 4 -1 -6 7 -3 -4 -10 12 -12 13 -2
right_child=10 2 8 -5 5 -7 -8 -9 9 -11 11 -13 -14 -15
leaf_value=-0.00016389515980396585 6.7634520313149984e-05 0.00052809842796413631 -3.7228625836320345e-05 -0.00012929308747828449 -1.6136981250234169e-05 6.048587231522758e-05 0.00031847393870156743 1.8457456566475435e-05 -0.00018827721189334764 -1.2198114908789575e-05 0.00042586887246632416 -0.00016803242525524772 0 0.00059906584090659454
leaf_weight=17828 3068 2168 488848 26866 148374 410651 7137 112775 43193 20532 1714 3922 3030 6752
leaf_count=17828 3068 2168 488848 26866 148374 410651 7137 112775 43193 20532 1714 3922 3030 6752
internal_value=-4.98485e-07 -3.96014e-06 -3.12019e-05 2.64327e-05 3.3738e-05 4.00953e-05 4.55592e-05 2.83446e-05 -4.82152e-05 -0.000132019 0.000237226 7.39308e-06 0.000335672 0.00043616
internal_weight=1.29686e+06 1.27837e+06 674653 603719 576853 559025 122080 114943 552573 63725 18486 5636 12850 9820
internal_count=1296858 1278372 674653 603719 576853 559025 122080 114943 552573 63725 18486 5636 12850 9820
is_linear=0
shrinkage=0.01


Tree=230
num_leaves=15
num_cat=0
split_feature=23 27 4 24 22 3 7 22 24 0 3 26 27 26
split_gain=10.923 7.89231 7.91885 6.06321 11.3398 5.00552 4.85059 4.80732 4.63776 4.39441 4.23411 3.92146 3.95652 3.71002
threshold=0.037087912087912074 -0.019259259259259278 0.39678030303030309 0.43875000000000003 -0.020620748299319726 -0.47894503546099287 -0.057777777777777782 0.49500000000000005 -0.20916666666666664 0.36811594202898557 -0.31909090909090904 0.096006144393241177 -0.27888888888888885 0.084219858156028379
decision_type=8 2 2 10 2 10 2 2 8 10 8 2 2 2
left_child=1 2 7 5 -5 -3 -4 10 11 -7 -1 12 -2 -6
right_child=8 3 6 4 13 9 -8 -9 -10 -11 -12 -13 -14 -15
leaf_value=-3.4144397852323491e-05 0.00094369390182848223 -0.00040620931514888544 -0.00032742171968920471 0.00020821284856754551 -0.00028247886760154081 -2.7174777103937844e-05 -4.5473439383566562e-05 -0.00024801511662688082 0.00016813684152259308 -0.00011353719032304607 4.3944638327762607e-05 -0.00010498026580854172 9.6267160783618805e-05 -9.2424765152467581e-06
leaf_weight=81125 695 3712 9544 28857 6473 517623 17777 6160 53403 66864 466882 13040 3176 22455
leaf_count=81125 695 3712 9544 28857 6473 517623 17777 6160 53403 66864 466882 13040 3176 22455
internal_value=1.14339e-06 -5.77699e-06 2.09188e-05 -2.98539e-05 6.76978e-05 -3.94887e-05 -0.000145089 2.9158e-05 0.000122374 -3.71063e-05 3.23297e-05 -2.03693e-05 0.000256771 -7.14424e-05
internal_weight=1.29779e+06 1.22747e+06 581488 645984 57785 588199 27321 554167 70314 584487 548007 16911 3871 28928
internal_count=1297786 1227472 581488 645984 57785 588199 27321 554167 70314 584487 548007 16911 3871 28928
is_linear=0
shrinkage=0.01


Tree=231
num_leaves=15
num_cat=0
split_feature=24 23 22 11 27 22 24 27 23 24 2 22 22 14
split_gain=11.3072 11.8741 8.96984 10.2267 6.01782 5.77824 7.06371 5.1676 5.77976 6.40208 4.96451 4.9603 4.64883 4.47903
threshold=-0.057189542483660143 0.051315789473684266 0.080322580645161304 1.0000000180025095e-35 0.084349593495934974 -0.15978723404255316 0.43875000000000003 0.41010101010101013 0.012347560975609741 -0.20916666666666664 -0.41918367346938773 -0.45959183673469384 0.49500000000000005 0.011766334440753036
decision_type=10 10 2 2 2 2 10 2 8 10 8 2 2 2
left_child=2 4 3 11 10 6 -6 8 -4 -10 -2 -1 -12 -9
right_child=1 -3 7 -5 5 -7 -8 13 9 -11 12 -13 -14 -15
leaf_value=-0.00040845384070401929 -9.0519973011719758e-05 0.0002055750384262768 -5.4423588994389892e-05 2.5614513322008573e-05 8.4268242634984543e-06 -4.1104246624310944e-05 0.00023743443219988086 -0.00039072279491765105 -0.00042098508631945248 3.3827147965441027e-05 5.3913441797222704e-05 -8.7061100318757044e-05 -0.0002650414195630779 -8.3512308460942237e-05
leaf_weight=5277 26619 34849 157875 256610 66161 238221 17009 10148 9186 4490 394470 62349 4590 9478
leaf_count=5277 26619 34849 157875 256610 66161 238221 17009 10148 9186 4490 394470 62349 4590 9478
internal_value=1.08755e-06 2.50789e-05 -3.52507e-05 -3.12132e-06 1.66182e-05 -1.5978e-05 5.56285e-05 -8.95844e-05 -7.17485e-05 -0.000269497 4.1299e-05 -0.000112601 5.01677e-05 -0.000243925
internal_weight=1.29733e+06 781919 515413 324236 747070 321391 83170 191177 171551 13676 425679 67626 399060 19626
internal_count=1297332 781919 515413 324236 747070 321391 83170 191177 171551 13676 425679 67626 399060 19626
is_linear=0
shrinkage=0.01


Tree=232
num_leaves=15
num_cat=0
split_feature=24 28 15 25 28 22 14 24 28 1 11 14 6 21
split_gain=9.86687 7.55469 6.41859 6.73228 8.21743 5.52311 5.79656 5.18455 4.73775 4.64481 4.50395 5.38167 4.96219 4.68431
threshold=-0.17928571428571424 0.063301282051282062 0.016954022988505794 0.57500000000000018 -0.25931034482758614 -0.43683510638297868 0.12632978723404256 -0.41763565891472859 -0.22613636363636361 0.45603864734299526 -0.33156028368794321 0.47979591836734697 0.025657894736842105 0.40212765957446817
decision_type=8 10 2 2 10 2 2 10 10 10 2 2 8 2
left_child=2 10 3 4 -1 -4 8 -6 -7 -3 11 -2 13 -12
right_child=1 9 5 -5 7 6 -8 -9 -10 -11 12 -13 -14 -15
leaf_value=0.00012859592517712687 -4.3948580470800739e-05 -7.6795163000130834e-06 -0.00027846289293542411 -0.00013102974725418855 9.9943444734359774e-05 0.0002086086663670076 -0.00011467324852178714 -0.00011461842131044999 2.6838344968354985e-05 -0.00017779830401637114 3.6945403572519376e-05 -0.0008448053221992147 9.7690044462819611e-05 -0.00014037347262149948
leaf_weight=27368 36521 415804 6254 115891 13721 17732 23343 59879 78002 16723 317801 862 152227 15568
leaf_count=27368 36521 415804 6254 115891 13721 17732 23343 59879 78002 16723 317801 862 152227 15568
internal_value=1.5403e-08 1.65399e-05 -4.60384e-05 -7.89798e-05 -1.89377e-05 1.07209e-05 2.61676e-05 -7.42083e-05 6.0825e-05 -1.43274e-05 4.21259e-05 -6.3284e-05 5.03028e-05 2.85736e-05
internal_weight=1.2977e+06 955506 342190 216859 100968 125331 119077 73600 95734 432527 522979 37383 485596 333369
internal_count=1297696 955506 342190 216859 100968 125331 119077 73600 95734 432527 522979 37383 485596 333369
is_linear=0
shrinkage=0.01


Tree=233
num_leaves=15
num_cat=0
split_feature=23 4 24 19 22 18 26 22 23 24 22 15 2 26
split_gain=10.4614 7.89821 8.32801 6.14712 8.41843 5.38754 6.26981 5.31948 5.29407 5.13199 4.84684 3.91138 3.90693 3.71312
threshold=0.034523809523809519 0.25521059487624842 0.26163419913419916 -0.38148936170212761 0.1460873983739838 0.011766334440753036 0.15301003344481609 -0.45959183673469384 0.010527482269503509 -0.20916666666666664 0.45959183673469389 0.010310374149659853 -0.45789007092198575 0.096006144393241177
decision_type=8 2 10 2 2 2 2 2 10 8 2 2 8 2
left_child=1 2 10 4 -3 12 -7 -5 -6 13 -1 -9 -4 -2
right_child=9 3 5 7 8 6 -8 11 -10 -11 -12 -13 -14 -15
leaf_value=-8.7629526682175744e-06 0.00023363441077307558 0.00016468351109426963 -0.00021113287294075608 -0.00039447506814833163 -3.691652566692142e-05 -0.00012448462985951164 4.2104429120882459e-05 -0.00014926794408193149 -0.00053276719612613428 0.00016534818956954317 -0.0001821731906121651 -4.2849596281977803e-05 0.00010249051430137875 -0.00011373871056542013
leaf_weight=738113 3982 23395 4024 5627 8805 29056 101308 53503 2917 54539 16501 100880 141027 13200
leaf_count=738113 3982 23395 4024 5627 8805 29056 101308 53503 2917 54539 16501 100880 141027 13200
internal_value=3.75787e-07 -6.47296e-06 4.55091e-06 -6.48183e-05 5.4454e-05 5.16388e-05 4.74233e-06 -9.11827e-05 -0.000162972 0.000117782 -1.25953e-05 -7.99265e-05 9.3579e-05 -3.14611e-05
internal_weight=1.29688e+06 1.22516e+06 1.03003e+06 195127 35117 275415 130364 160010 11722 71721 754614 154383 145051 17182
internal_count=1296877 1225156 1030029 195127 35117 275415 130364 160010 11722 71721 754614 154383 145051 17182
is_linear=0
shrinkage=0.01


Tree=234
num_leaves=15
num_cat=0
split_feature=23 24 27 4 3 17 24 21 24 22 10 10 24 22
split_gain=10.4141 8.7673 8.36808 7.52931 5.43351 4.74842 4.6505 4.44663 5.61221 4.37926 4.04952 3.17205 4.23308 4.16956
threshold=0.091666666666666688 0.26163419913419916 -0.019259259259259278 0.35791925465838514 -0.43683510638297868 -0.41010101010101002 0.27951388888888895 0.20972222222222228 0.089898989898989937 -0.18133462282398449 0.016397849462365614 0.019615384615384649 0.17156862745098042 0.095491388044579531
decision_type=8 10 2 2 8 2 10 2 8 2 2 2 10 2
left_child=1 2 7 4 -3 -5 -6 10 -9 -7 -1 13 -13 -4
right_child=-2 3 11 5 6 9 -8 8 -10 -11 -12 12 -14 -15
leaf_value=-3.6052076336327551e-06 0.00026241627421330399 -0.00015398778538089781 -4.0539875454137243e-05 -0.00042919454807297566 0.00014885358793746318 0.00011824358493347796 4.41399855188011e-05 -5.0315237485453918e-05 -0.00056365045641801868 -0.00011839036055574982 6.284907176193638e-05 -9.5428072244777904e-06 -0.00025447778927049078 -0.00012025783724095146
leaf_weight=227556 14809 12117 169302 3730 50973 10614 264831 56794 2227 28870 152709 187017 7350 108949
leaf_count=227556 14809 12117 169302 3730 50973 10614 264831 56794 2227 28870 152709 187017 7350 108949
internal_value=-1.19109e-06 -4.25767e-06 -2.09551e-05 3.6688e-05 5.30958e-05 -8.71203e-05 6.11378e-05 1.04094e-05 -7.02205e-05 -5.40151e-05 2.30033e-05 -5.01709e-05 -1.89632e-05 -7.18622e-05
internal_weight=1.29785e+06 1.28304e+06 911904 371135 327921 43214 315804 439286 59021 39484 380265 472618 194367 278251
internal_count=1297848 1283039 911904 371135 327921 43214 315804 439286 59021 39484 380265 472618 194367 278251
is_linear=0
shrinkage=0.01


Tree=235
num_leaves=15
num_cat=0
split_feature=23 28 24 26 24 20 24 22 22 17 20 10 24 28
split_gain=10.8607 9.33852 6.66558 8.10748 7.08477 6.69487 6.48563 6.31906 6.29805 4.62224 4.61376 4.53262 4.23793 3.42046
threshold=0.034523809523809519 0.10208333333333332 -0.039230769230769201 0.15954545454545457 -0.42022727272727267 -0.061249999999999992 -0.18660714285714283 -0.45698427382053647 0.32025641025641027 -0.30217391304347824 0.2217021276595745 0.014087301587301539 0.34807692307692312 0.31016731016731025
decision_type=8 8 8 2 10 2 8 2 2 2 2 2 10 8
left_child=1 7 3 4 -3 -5 -2 -1 10 -4 -9 -10 -11 -8
right_child=6 2 9 5 -6 -7 13 8 11 12 -12 -13 -14 -15
leaf_value=-0.00014114220456545328 -4.5861275025424655e-05 0.00037424925474042006 -0.00013945236586915038 -0.00026493150443969378 -1.7407565028999511e-05 -9.1101698044192728e-05 0.00021927696319481592 2.1386209825120185e-05 -0.00013527734408314997 3.2098060385856693e-06 0.00010393735683505269 1.7973373573030883e-05 -0.00042321176454375317 3.4986068507069219e-05
leaf_weight=24802 17772 5161 26067 27975 42892 112540 40697 546236 41402 281666 77643 35576 2347 13928
leaf_count=24802 17772 5161 26067 27975 42892 112540 40697 546236 41402 281666 77643 35576 2347 13928
internal_value=-2.45845e-07 -7.30662e-06 -4.064e-05 -8.75489e-05 2.40537e-05 -0.000125928 0.00011874 1.55576e-05 2.11463e-05 -1.2016e-05 3.17084e-05 -6.40636e-05 -2.12822e-07 0.000172841
internal_weight=1.2967e+06 1.22431e+06 498648 188568 48053 140515 72397 725659 700857 310080 623879 76978 284013 54625
internal_count=1296704 1224307 498648 188568 48053 140515 72397 725659 700857 310080 623879 76978 284013 54625
is_linear=0
shrinkage=0.01


Tree=236
num_leaves=15
num_cat=0
split_feature=23 11 28 4 24 26 26 23 2 2 15 24 15 21
split_gain=9.97343 8.68252 7.94352 7.1952 5.73341 9.59269 5.60179 5.25464 5.13581 4.64582 5.33056 4.7961 3.81346 3.5222
threshold=0.091666666666666688 -0.29795918367346935 -0.020416666666666663 0.26020833333333337 -0.063164893617021253 0.28730158730158734 0.68042553191489374 0.019615384615384649 0.36978260869565222 -0.39472517730496448 -0.20106382978723403 -0.46969387755102038 -1.0000000180025095e-35 0.39689625850340143
decision_type=10 2 8 2 10 2 2 10 8 8 2 10 2 2
left_child=1 6 4 8 7 -6 13 -3 -4 10 -8 -11 -5 -1
right_child=-2 2 3 12 5 -7 9 -9 -10 11 -12 -13 -14 -15
leaf_value=-5.9658119464818684e-05 0.00026106855693909753 -2.159998039433678e-05 -1.7025906108739082e-07 -0.00020336271178098144 -1.1879021990828625e-05 0.00010402924254321911 -0.0008293409840767833 0.00012229221791098984 -0.00017056573621608573 -0.00059812853883957232 -0.00019991725535886817 -0.00010318533486433421 -5.9017532164477504e-05 0.00012116631595688334
leaf_weight=69061 14337 210870 503780 27194 112862 192356 2172 28832 18343 2093 4014 39177 58899 12679
leaf_count=69061 14337 210870 503780 27194 112862 192356 2172 28832 18343 2093 4014 39177 58899 12679
internal_value=-1.15961e-06 -4.11543e-06 4.56979e-06 -2.02428e-05 3.23196e-05 6.10713e-05 -8.18657e-05 -4.16577e-06 -6.21492e-06 -0.000168427 -0.00042606 -0.000129055 -0.000104965 -3.12393e-05
internal_weight=1.29667e+06 1.28233e+06 1.15314e+06 608216 544920 305218 129196 239702 522123 47456 6186 41270 86093 81740
internal_count=1296669 1282332 1153136 608216 544920 305218 129196 239702 522123 47456 6186 41270 86093 81740
is_linear=0
shrinkage=0.01


Tree=237
num_leaves=15
num_cat=0
split_feature=24 23 22 11 22 28 17 26 22 19 23 24 24 14
split_gain=10.1346 10.686 8.37955 8.63976 7.82406 7.71917 6.96893 6.6258 6.06232 6.13643 5.49948 6.26198 6.66795 5.35301
threshold=-0.057189542483660143 0.051315789473684266 0.078661616161616169 -0.15261756876663707 -0.45959183673469384 0.12645348837209305 -0.30217391304347824 0.15954545454545457 -0.18944444444444442 -0.26020833333333326 0.012347560975609741 -0.20916666666666664 -0.44913793103448268 -0.097872340425531903
decision_type=10 10 2 2 2 8 2 2 2 2 10 10 8 2
left_child=2 5 3 4 13 7 -7 -2 -5 -10 -4 12 -12 -1
right_child=1 -3 10 8 -6 6 -8 -9 9 -11 11 -13 -14 -15
leaf_value=-0.00082766473588817612 -2.6212537292423171e-05 0.00019301810516205491 -7.100885358860626e-05 -4.1475168375399898e-05 -9.1825675162762662e-05 -0.00017400235717324598 -8.1268498749398645e-06 6.5192707322322832e-05 -0.00019258614994985667 6.9710308622399712e-05 0.00031972853310190976 2.2239816672447291e-05 -0.000498352388719658 5.2180449662123686e-06
leaf_weight=2540 105128 35048 179288 105725 42270 27754 295949 317833 9390 159758 1069 4777 9202 1006
leaf_count=2540 105128 35048 179288 105725 42270 27754 295949 317833 9390 159758 1069 4777 9202 1006
internal_value=-3.64332e-07 2.2304e-05 -3.48288e-05 -3.33121e-06 -0.00013054 1.42499e-05 -2.2443e-05 4.24028e-05 1.77642e-05 5.49688e-05 -8.66503e-05 -0.000270964 -0.000410218 -0.000583118
internal_weight=1.29674e+06 781712 515025 320689 45816 746664 323703 422961 274873 169148 194336 15048 10271 3546
internal_count=1296737 781712 515025 320689 45816 746664 323703 422961 274873 169148 194336 15048 10271 3546
is_linear=0
shrinkage=0.01


Tree=238
num_leaves=15
num_cat=0
split_feature=0 23 24 26 3 24 15 24 26 24 21 5 23 3
split_gain=9.11186 7.50794 7.27113 8.05896 7.52462 5.53776 3.26239 5.38406 4.16566 2.54827 2.45128 3.40174 2.30926 2.05004
threshold=0.36811594202898557 0.059027777777777797 0.26568627450980398 0.36055555555555557 -0.43683510638297868 0.27718676122931446 0.020416666666666698 0.17156862745098042 0.38832199546485263 -0.25255102040816318 0.30104166666666676 0.47801932367149763 0.010527482269503509 0.34613526570048314
decision_type=10 10 10 2 10 10 2 10 2 10 2 10 10 8
left_child=1 2 6 5 -5 -4 8 -8 -1 -3 11 13 -12 -2
right_child=10 9 3 4 -6 -7 7 -9 -10 -11 12 -13 -14 -15
leaf_value=4.7038426837306622e-06 -5.9397246893012261e-05 -0.00026393627746083186 0.00013974503776962284 -0.00024153363108991036 9.9307666014644751e-05 -3.7333418813522555e-05 2.5054091844417042e-05 -0.00017140626371687278 -5.0907299247498247e-05 0.000235524961794075 3.8442081319355142e-05 -0.00028536397317126461 -0.00018324979106498302 -0.00018791870892534844
leaf_weight=241142 52957 1026 20538 6667 180501 124758 278835 14655 302546 17609 22267 10552 5937 16775
leaf_count=241142 52957 1026 20538 6667 180501 124758 278835 14655 302546 17609 22267 10552 5937 16775
internal_value=-7.66099e-07 7.22013e-06 4.02093e-06 4.36048e-05 8.70028e-05 -1.2094e-05 -1.16631e-05 1.51403e-05 -2.6187e-05 0.000206378 -8.85142e-05 -0.000116714 -7.17547e-06 -9.07518e-05
internal_weight=1.29676e+06 1.18828e+06 1.16964e+06 332464 187168 145296 837178 293490 543688 18635 108488 80284 28204 69732
internal_count=1296765 1188277 1169642 332464 187168 145296 837178 293490 543688 18635 108488 80284 28204 69732
is_linear=0
shrinkage=0.01


Tree=239
num_leaves=15
num_cat=0
split_feature=1 3 23 27 28 19 4 6 27 11 7 3 28 28
split_gain=8.42416 8.17227 6.91888 7.91199 6.17793 5.14261 4.53222 3.84571 3.42906 4.11175 3.56819 3.1326 3.07073 2.97312
threshold=0.30558300395256921 -0.43683510638297868 0.1125 -0.010102040816326539 -0.31165540540540532 -0.47979591836734686 0.41751700680272114 -0.27041666666666664 0.47801932367149763 0.26043478260869574 0.46863636363636368 -0.46863636363636357 -0.39528508771929821 0.49000000000000005
decision_type=10 8 10 2 10 2 2 10 2 2 2 10 8 10
left_child=1 7 3 6 -5 -2 -3 11 12 10 -10 -1 -7 -4
right_child=5 2 13 4 -6 8 -8 -9 9 -11 -12 -13 -14 -15
leaf_value=-0.00051356500731865957 0.0003975173240214786 4.5086691196000211e-05 0.0003477554683873107 5.6757841847374016e-05 -2.9492641749421536e-05 9.2063895688025392e-05 -0.00013523834133416602 -6.6912201989040984e-05 -0.00033164698635420578 -0.00056892252993107507 -1.5336206869633515e-05 -0.00015684798408843647 -7.3437804424951586e-05 1.1447269422933461e-05
leaf_weight=4030 2308 520771 8901 101520 452996 12203 14240 28874 5956 2703 9418 7300 120562 3997
leaf_count=4030 2308 520771 8901 101520 452996 12203 14240 28874 5956 2703 9418 7300 120562 3997
internal_value=1.04745e-06 1.04051e-05 1.55367e-05 1.27815e-05 -1.36477e-05 -6.85713e-05 4.02303e-05 -0.000129552 -7.59095e-05 -0.000205767 -0.000139869 -0.000286479 -5.79981e-05 0.000245888
internal_weight=1.29578e+06 1.14263e+06 1.10242e+06 1.08953e+06 554516 153150 535011 40204 150842 18077 15374 11330 132765 12898
internal_count=1295779 1142629 1102425 1089527 554516 153150 535011 40204 150842 18077 15374 11330 132765 12898
is_linear=0
shrinkage=0.01


Tree=240
num_leaves=15
num_cat=0
split_feature=4 24 19 19 22 26 22 7 16 3 27 25 19 7
split_gain=10.0298 9.04494 7.17422 6.55204 9.45909 5.68923 5.64652 5.58214 5.46322 5.37215 5.22877 4.84408 12.4865 4.83326
threshold=0.2525510204081633 0.26163419913419916 0.020416666666666698 -0.38148936170212761 0.1460873983739838 0.16496598639455784 -0.45959183673469384 0.2525510204081633 0.011766334440753036 -0.43683510638297868 0.39897959183673476 0.82500000000000018 -0.27888888888888885 -0.31050531914893614
decision_type=2 10 2 2 2 2 2 2 2 8 2 2 2 2
left_child=1 2 11 4 -2 8 -5 -4 -3 -7 13 -1 -13 -8
right_child=3 5 7 6 -6 9 10 -9 -10 -11 -12 12 -14 -15
leaf_value=-1.4748390496653044e-05 0.00017134999450697658 6.1746974019601317e-05 3.7245138269170893e-05 -0.00040935866109625296 -0.00017331839427395484 -0.0001684464917007704 -0.00022178592957916162 -0.00010171189781155225 -0.00010100243938901297 9.2994088826933843e-05 -0.00020061482946756861 -0.00037165097958154767 -5.2358293338474275e-05 -3.1386550682879384e-05
leaf_weight=320080 23543 43967 326891 5569 11965 8086 15278 31618 38732 208522 30926 13881 107844 110402
leaf_count=320080 23543 43967 326891 5569 11965 8086 15278 31618 38732 208522 30926 13881 107844 110402
internal_value=-2.54101e-06 9.22433e-06 -8.28224e-06 -6.81372e-05 5.43587e-05 5.61348e-05 -9.5143e-05 2.49057e-05 -1.41147e-05 8.30938e-05 -8.37701e-05 -3.52809e-05 -8.90238e-05 -5.47755e-05
internal_weight=1.2973e+06 1.09962e+06 800314 197683 35508 299307 162175 358509 82699 216608 156606 441805 121725 125680
internal_count=1297304 1099621 800314 197683 35508 299307 162175 358509 82699 216608 156606 441805 121725 125680
is_linear=0
shrinkage=0.01


Tree=241
num_leaves=15
num_cat=0
split_feature=0 23 22 10 7 22 22 15 14 4 0 21 7 5
split_gain=9.4736 7.34618 5.96653 6.7229 4.47063 4.45239 4.36959 3.53364 2.32543 2.21026 1.98981 1.92419 3.54493 3.14449
threshold=0.37766439909297056 0.066964285714285712 0.32025641025641027 0.023268398268398275 -0.43683510638297868 -0.4759001161440185 -0.39897959183673465 0.010310374149659853 -0.24234042553191487 -0.061249999999999992 0.16333333333333336 0.31725417439703163 0.26043478260869574 0.41751700680272114
decision_type=10 10 2 2 2 2 2 2 2 2 10 2 2 10
left_child=1 2 4 9 7 -6 -2 -1 -5 -4 -3 13 -13 -8
right_child=6 10 3 8 5 -7 11 -9 -10 -11 -12 12 -14 -15
leaf_value=-0.00019500867101348988 -0.00030250411377985971 0.00014391504876851271 5.8423630462746523e-06 -0.00019988016183065957 -0.00014570379723734164 1.9659497184284542e-05 -5.033741279372935e-05 0 7.763296633890453e-05 -0.00013326403310095732 0.00039270491205160797 -0.00013236477358852494 0.00011973766926085441 -0.00019595249647090789
leaf_weight=18054 9076 13974 13151 3272 16509 1004825 47371 18532 32957 70248 4518 9921 12691 22174
leaf_count=18054 9076 13974 13151 3272 16509 1004825 47371 18532 32957 70248 4518 9921 12691 22174
internal_value=6.9526e-07 8.58024e-06 5.4481e-06 -6.14465e-05 1.3041e-05 1.69567e-05 -9.21648e-05 -9.54447e-05 5.17271e-05 -0.00011097 0.000206376 -7.1115e-05 7.79845e-06 -9.72037e-05
internal_weight=1.29727e+06 1.19604e+06 1.17755e+06 119628 1.05792e+06 1.02133e+06 101233 36586 36229 83399 18492 92157 22612 69545
internal_count=1297273 1196040 1177548 119628 1057920 1021334 101233 36586 36229 83399 18492 92157 22612 69545
is_linear=0
shrinkage=0.01


Tree=242
num_leaves=15
num_cat=0
split_feature=28 23 3 19 11 24 26 22 24 26 24 23 17 3
split_gain=9.23359 8.63553 7.47573 7.38603 7.31518 5.47126 7.62013 5.87518 5.28453 6.86542 5.38897 5.14328 4.90535 4.07597
threshold=0.022233201581027654 0.20833333333333334 0.43405797101449284 -0.44159090909090903 -0.33156028368794321 -0.082207207207207186 0.40862708719851587 -0.39323708206686925 -0.040678433535576368 0.15954545454545457 -0.46906887755102039 0.077380952380952397 -0.39897959183673465 -0.43683510638297868
decision_type=8 10 8 2 2 10 2 2 8 2 10 10 2 10
left_child=1 4 8 -4 -1 7 -7 -6 9 10 -2 13 -5 -10
right_child=2 -3 3 12 5 6 -8 -9 11 -11 -12 -13 -14 -15
leaf_value=-9.5805445057388914e-05 0.00040926002738009358 0.00081159416620826927 0.00019061860577125004 -0.0004793868419570799 -0.00013653882731116693 8.0116260302890401e-06 9.9792368284752246e-05 1.4582756625167242e-05 -0.00017330786202488053 -8.5719664107899705e-05 1.0895930298016888e-05 0.00025785237806213063 -0.00015986195840795897 6.7228406214535278e-06
leaf_weight=47299 3605 1394 4961 6076 29192 168298 197518 215866 13070 184124 61604 7903 26238 330588
leaf_count=47299 3605 1394 4961 6076 29192 168298 197518 215866 13070 184124 61604 7903 26238 330588
internal_value=-6.62472e-07 2.55518e-05 -2.78027e-05 -0.000165323 2.38377e-05 3.3151e-05 5.765e-05 -3.29831e-06 -1.92212e-05 -5.44463e-05 3.33969e-05 5.67589e-06 -0.000220909 -3.82443e-08
internal_weight=1.29774e+06 659567 638169 37275 658173 610874 365816 245058 600894 249333 65209 351561 32314 343658
internal_count=1297736 659567 638169 37275 658173 610874 365816 245058 600894 249333 65209 351561 32314 343658
is_linear=0
shrinkage=0.01


Tree=243
num_leaves=15
num_cat=0
split_feature=0 23 28 26 19 21 22 21 27 21 16 17 21 22
split_gain=10.0407 7.64077 7.96586 7.21231 6.92342 6.16107 5.42847 3.34115 5.00903 3.26794 3.20806 3.05458 2.0753 2.02136
threshold=0.28334980237154156 0.1125 0.13525498891352553 0.039230769230769243 -0.040833333333333326 -0.43938775510204076 0.36023255813953492 0.30104166666666676 0.39619252873563227 -0.43683510638297868 -0.10113636363636362 -0.38467117988394578 0.13450834879406312 -0.43683510638297868
decision_type=8 10 8 2 2 2 2 2 2 2 2 2 2 2
left_child=1 2 5 9 -5 -1 -7 8 13 -4 11 -9 -10 -2
right_child=7 -3 3 4 -6 6 -8 10 12 -11 -12 -13 -14 -15
leaf_value=0.00022059020879565538 -0.00026458574471514238 0.00025182749939954292 -0.00033587598365496008 -0.00014177747096197216 -2.1375954180877663e-05 3.2122695085993431e-05 -7.798013546643723e-05 -0.00011099211640963012 -0.00030580210094670031 0.00012823885850708793 -4.4457916385719536e-05 0.0002691544684953396 -9.2030914821800681e-05 -5.8051747616579264e-05
leaf_weight=16410 5068 13007 1550 56035 330801 625930 48088 2824 14411 35079 28914 7412 7313 103626
leaf_count=16410 5068 13007 1550 56035 330801 625930 48088 2824 14411 35079 28914 7412 7313 103626
internal_value=0 1.08123e-05 7.97035e-06 -2.61387e-05 -3.88952e-05 2.89342e-05 2.42226e-05 -7.17238e-05 -9.60634e-05 0.000107754 8.59235e-06 0.000161344 -0.000235243 -6.79647e-05
internal_weight=1.29647e+06 1.1269e+06 1.11389e+06 423465 386836 690428 674018 169568 130418 36629 39150 10236 21724 108694
internal_count=1296468 1126900 1113893 423465 386836 690428 674018 169568 130418 36629 39150 10236 21724 108694
is_linear=0
shrinkage=0.01


Tree=244
num_leaves=15
num_cat=0
split_feature=0 23 24 27 26 26 17 17 3 28 24 28 25 24
split_gain=8.68603 7.10324 8.08556 7.13644 10.3437 5.97976 6.28987 5.59152 4.20648 3.65046 4.43879 3.15183 3.06058 2.86655
threshold=0.27178030303030309 0.077380952380952397 0.26163419913419916 -0.15261756876663707 0.267479674796748 0.16496598639455784 -0.30217391304347824 0.011766334440753036 0.011237373737373714 0.32732919254658394 0.48500000000000004 -0.39528508771929821 0.57500000000000018 -0.03062500000000001
decision_type=10 10 10 2 2 2 2 2 8 10 10 10 2 10
left_child=1 2 3 4 -1 7 -7 -4 -5 10 12 -2 -3 -13
right_child=11 9 5 8 -6 6 -8 -9 -10 -11 -12 13 -14 -15
leaf_value=0.00010971972579247713 6.3166829624209837e-05 0.00026531107748833054 5.2015591770403299e-05 2.0719693236309617e-05 -1.5832684625096134e-05 -0.00010884624698795776 9.240363511972827e-05 -0.00011146798765654509 -4.8475818663500793e-05 -3.1598916786639723e-06 -2.2268205487066911e-05 -0.00012290717042076618 0.00066085433082142798 -3.8662626050507222e-05
leaf_weight=102606 17079 5632 46142 112248 181158 16666 205084 38107 395589 5241 2907 77830 3393 86890
leaf_count=102606 17079 5632 46142 112248 181158 16666 205084 38107 395589 5241 2907 77830 3393 86890
internal_value=-1.04972e-06 9.37918e-06 6.19328e-06 -1.06504e-05 2.94607e-05 4.98645e-05 7.71418e-05 -2.15756e-05 -3.31223e-05 0.00021122 0.000307875 -6.51628e-05 0.000417511 -7.86517e-05
internal_weight=1.29657e+06 1.11477e+06 1.0976e+06 791601 283764 305999 221750 84249 507837 17173 11932 181799 9025 164720
internal_count=1296572 1114773 1097600 791601 283764 305999 221750 84249 507837 17173 11932 181799 9025 164720
is_linear=0
shrinkage=0.01


Tree=245
num_leaves=15
num_cat=0
split_feature=11 27 23 26 3 5 26 26 27 4 23 21 21 2
split_gain=9.24143 7.6955 7.79732 6.44678 5.55867 5.25651 4.47496 4.12472 5.90651 3.66338 3.51774 5.30339 5.06101 3.21417
threshold=-0.35321969696969691 0.019259259259259257 0.1125 0.29217479674796754 -0.41918367346938773 0.4793792517006803 0.084219858156028379 1.0000000180025095e-35 -0.32426470588235284 0.41751700680272114 0.010527482269503509 0.36811594202898557 0.39689625850340143 -0.39897959183673465
decision_type=2 2 8 2 8 8 2 2 2 2 8 2 2 8
left_child=3 4 5 10 -2 6 -3 8 -6 -9 12 -12 -1 -5
right_child=1 2 -4 13 7 -7 -8 9 -10 -11 11 -13 -14 -15
leaf_value=-9.0829044700099393e-06 -9.8615880228470791e-05 -7.8360382158459353e-05 0.00031376056833190308 -0.00036360273176617617 0.00036931440671342556 -0.00020254973088397772 -4.3220911753348291e-06 3.7921826876220772e-05 6.4218537135756189e-05 -0.0001107355720611085 -8.6400010437228745e-05 -0.0010307435723882312 0.0003393545480680812 -0.00013312569082475067
leaf_weight=27561 30459 98417 6994 7124 8934 15691 485083 518212 23081 17026 3272 751 4879 49848
leaf_count=27561 30459 98417 6994 7124 8934 15691 485083 518212 23081 17026 3272 751 4879 49848
internal_value=-1.91913e-07 7.2204e-06 -1.7853e-05 -9.60168e-05 3.26993e-05 -2.17753e-05 -1.68616e-05 3.98038e-05 0.000150321 3.31364e-05 7.02646e-06 -0.000270775 4.24242e-05 -0.00016249
internal_weight=1.29733e+06 1.2039e+06 606185 93435 597712 599191 583500 567253 32015 535238 36463 4023 32440 56972
internal_count=1297332 1203897 606185 93435 597712 599191 583500 567253 32015 535238 36463 4023 32440 56972
is_linear=0
shrinkage=0.01


Tree=246
num_leaves=15
num_cat=0
split_feature=24 22 15 17 22 19 22 17 24 25 4 22 18 16
split_gain=9.46994 10.7366 9.26845 6.92307 6.00685 5.5062 4.97507 6.313 4.4059 4.77007 4.53298 4.374 4.31752 3.92789
threshold=-0.057189542483660143 0.080322580645161304 0.010753931544865871 -0.41010101010101002 -0.18944444444444442 -0.45789007092198575 0.32755102040816336 0.25777777777777783 -0.45773809523809517 0.82500000000000018 0.39678030303030309 -0.45959183673469384 0.023268398268398275 0.010310374149659853
decision_type=10 2 2 2 2 2 2 2 8 2 2 2 2 2
left_child=1 2 8 11 12 -6 7 -5 9 -1 -10 -2 -4 -3
right_child=3 13 4 6 5 -7 -8 -9 10 -11 -12 -13 -14 -15
leaf_value=0.00022189004214618685 -0.00063641648292475541 1.7556013042936873e-06 -9.2386146026146225e-06 4.7315042638729871e-05 -0.00096766934901876614 7.0262109871755912e-05 -4.819261567224338e-05 -4.9146739447093963e-05 -9.6023338547340036e-05 -0.00028304763902281603 -0.00034492528153833799 -0.00010137218931640505 -0.00022505882071728896 -0.0001141257718666524
leaf_weight=7436 1656 35379 82377 601242 506 161080 77136 76175 51038 2457 8715 25165 10497 155933
leaf_count=7436 1656 35379 82377 601242 506 161080 77136 76175 51038 2457 8715 25165 10497 155933
internal_value=1.17677e-07 -3.31317e-05 1.84336e-06 2.20884e-05 2.99112e-05 6.68083e-05 2.77335e-05 3.64235e-05 -0.000100272 9.34057e-05 -0.000132843 -0.000135593 -3.3961e-05 -9.25395e-05
internal_weight=1.29679e+06 515418 324106 781374 254460 161586 754553 677417 69646 9893 59753 26821 92874 191312
internal_count=1296792 515418 324106 781374 254460 161586 754553 677417 69646 9893 59753 26821 92874 191312
is_linear=0
shrinkage=0.01


Tree=247
num_leaves=15
num_cat=0
split_feature=23 27 28 24 15 22 24 4 21 28 28 22 24 4
split_gain=9.06289 9.24552 9.15053 5.53136 6.55767 6.35616 5.49552 5.19993 4.6514 4.68698 7.88784 4.12586 4.1252 3.8736
threshold=0.04653679653679655 0.37779990044798412 0.49000000000000005 0.13078947368421054 0.020416666666666698 0.48947251773049655 -0.18660714285714283 0.44159090909090915 0.011766334440753036 0.44804318488529016 0.18237250554323728 -0.43683510638297868 0.26568627450980398 -0.19895833333333332
decision_type=10 2 8 10 2 2 8 2 2 8 10 2 10 2
left_child=1 2 3 4 -1 -5 -2 13 12 10 -10 -11 -3 -4
right_child=6 8 7 5 -6 -7 -8 -9 9 11 -12 -13 -14 -15
leaf_value=-3.279695320858812e-05 -5.1611802995619506e-05 -0.00022645462813439404 0.0001511015655659059 4.2512153716584243e-05 3.3595971646690426e-05 -0.00036900723699648654 0.00017671615696750219 -0.0010528370493115436 -1.0787605785773507e-05 0.00089658359774868503 -0.00019321266430618421 9.3407542992699546e-05 0 -0.00021168153817815893
leaf_weight=409346 13606 30551 3335 399388 233404 3772 44119 682 81868 689 33587 11494 11022 20504
leaf_count=409346 13606 30551 3335 399388 233404 3772 44119 682 81868 689 33587 11494 11022 20504
internal_value=-7.51763e-08 -5.80184e-06 5.03005e-06 9.53435e-06 -8.64075e-06 3.85848e-05 0.000122379 -0.000185849 -7.45006e-05 -4.42559e-05 -6.41203e-05 0.000141502 -0.000166627 -0.000159658
internal_weight=1.29737e+06 1.23964e+06 1.07043e+06 1.04591e+06 642750 403160 57725 24521 169211 127638 115455 12183 41573 23839
internal_count=1297367 1239642 1070431 1045910 642750 403160 57725 24521 169211 127638 115455 12183 41573 23839
is_linear=0
shrinkage=0.01


Tree=248
num_leaves=15
num_cat=0
split_feature=4 28 27 26 24 27 28 25 28 24 17 24 24 19
split_gain=9.16564 8.2137 7.48083 5.70779 8.74992 7.90762 7.27898 6.44928 5.95882 5.31884 4.89059 4.71524 7.32579 5.12792
threshold=0.25521059487624842 -0.41945945945945939 0.019259259259259257 0.1023024594453166 -0.22821969696969696 -0.30901722391084091 0.49000000000000005 0.57500000000000018 0.23861283643892342 0.26163419913419916 0.26043478260869574 -0.063966175668303302 -0.40108695652173909 -0.38148936170212761
decision_type=2 8 2 2 10 2 8 2 8 8 2 10 8 2
left_child=2 10 3 5 8 7 -6 -1 -5 -4 -2 12 -3 -13
right_child=1 11 9 4 6 -7 -8 -9 -10 -11 -12 13 -14 -15
leaf_value=0.00012610875012156902 0.00024608407446751487 6.8933152014085292e-05 -3.7220140540190616e-05 -2.8702157004155296e-05 5.160502326554401e-05 3.9032517387312065e-05 -0.00019423544673925671 0.0004134182298140051 -0.00023993867438204929 3.2891617029239105e-05 -0.00028974546273660429 0.00010648818456374332 -0.00020631106349279206 -7.3893138067511002e-05
leaf_weight=24376 11937 11782 381456 88152 344785 71804 12431 11849 15850 150632 1936 18555 50323 100934
leaf_count=24376 11937 11782 381456 88152 344785 71804 12431 11849 15850 150632 1936 18555 50323 100934
internal_value=-1.57229e-06 -6.46971e-05 9.60414e-06 3.4819e-05 1.9413e-05 0.000100313 4.29643e-05 0.000220941 -6.11892e-05 -1.73153e-05 0.0001691 -8.27259e-05 -0.00015361 -4.56294e-05
internal_weight=1.2968e+06 195467 1.10134e+06 569247 461218 108029 357216 36225 104002 532088 13873 181594 62105 119489
internal_count=1296802 195467 1101335 569247 461218 108029 357216 36225 104002 532088 13873 181594 62105 119489
is_linear=0
shrinkage=0.01


Tree=249
num_leaves=15
num_cat=0
split_feature=0 22 3 4 26 23 27 18 11 22 26 10 11 22
split_gain=10.4304 7.0748 6.5643 5.62776 5.45409 5.4075 5.84303 3.7338 2.61727 2.39249 2.57725 2.27831 2.22424 2.17198
threshold=0.36811594202898557 0.32025641025641027 -0.43683510638297868 -0.1633333333333333 0.61043360433604354 0.1125 -0.15261756876663707 0.023268398268398275 0.093790707772470686 -0.39323708206686925 0.97979591836734703 0.2525510204081633 -0.41578014184397155 0.43513323983169711
decision_type=8 2 8 2 2 10 2 2 2 2 2 2 2 2
left_child=1 2 4 13 -1 6 -4 11 -6 10 -2 -5 -9 -3
right_child=9 3 5 7 8 -7 -8 12 -10 -11 -12 -13 -14 -15
leaf_value=-9.6214107548455402e-06 -0.00029064634881861324 0.00014077062451999653 5.2814696632271203e-05 -0.00014607808974095063 -0.0003489931119144641 0.00022479932918832365 1.9250256022235402e-06 -0.00037869022017836853 -5.5227592912179618e-05 -7.8278393615192237e-05 0.00026975294610708623 3.2230839713475797e-05 4.2503996721358731e-05 -0.00013753726635090706
leaf_weight=20861 9331 15928 338138 69507 10458 12935 681975 1322 4640 98222 842 7689 21445 3296
leaf_count=20861 9331 15928 338138 69507 10458 12935 681975 1322 4640 98222 842 7689 21445 3296
internal_value=2.39401e-08 8.6138e-06 1.67839e-05 -6.44117e-05 -0.0001159 2.14318e-05 1.8823e-05 -9.46933e-05 -0.000260727 -9.38564e-05 -0.000241249 -0.000127929 1.66825e-05 9.14798e-05
internal_weight=1.29659e+06 1.18819e+06 1.06901e+06 119187 35959 1.03305e+06 1.02011e+06 99963 15098 108395 10173 77196 22767 19224
internal_count=1296589 1188194 1069007 119187 35959 1033048 1020113 99963 15098 108395 10173 77196 22767 19224
is_linear=0
shrinkage=0.01


Tree=250
num_leaves=15
num_cat=0
split_feature=27 24 28 17 28 26 4 26 24 26 15 17 8 2
split_gain=8.12602 6.95913 6.72707 6.46168 6.39104 6.37563 5.23612 4.94265 4.93879 8.23811 4.19918 4.14695 4.10268 3.70598
threshold=0.019259259259259257 -0.036607142857142831 0.47402159244264513 -0.41010101010101002 -0.23956521739130432 0.021054964539007095 -0.3010416666666666 0.1023024594453166 -0.0292857142857143 0.20204081632653065 -0.47979591836734686 0.010990338164251214 0.030931122448979612 -0.38148936170212761
decision_type=2 8 8 2 10 2 2 2 10 2 2 2 2 10
left_child=2 10 3 -1 7 -4 -7 11 9 -5 -2 -3 -6 -8
right_child=1 4 5 8 12 6 13 -9 -10 -11 -12 -13 -14 -15
leaf_value=-0.00015014330534192288 0.00033289192972918154 0.00011424246339899887 0.00029999443690143581 8.516416902608985e-05 -4.5627062141630717e-05 0.00027134807545403433 -0.00060212449667356891 0.00012222524406227696 7.0672085534150242e-05 -2.1755466485835167e-05 -6.355164189623998e-05 -0.00016219199061167719 3.9463387874587468e-05 -0.00017089277402055258
leaf_weight=18598 2670 9060 3217 106419 181027 2419 2261 66754 268546 222560 294683 13285 82145 23030
leaf_count=18598 2670 9060 3217 106419 181027 2419 2261 66754 268546 222560 294683 13285 82145 23030
internal_value=7.05543e-07 -2.42546e-05 2.58113e-05 3.30736e-05 5.73853e-06 -0.000117885 -0.000167509 7.90057e-05 3.88271e-05 1.27405e-05 -5.98877e-05 -4.87662e-05 -1.89533e-05 -0.000210698
internal_weight=1.29667e+06 649624 647050 616123 352271 30927 27710 89099 597525 328979 297353 22345 263172 25291
internal_count=1296674 649624 647050 616123 352271 30927 27710 89099 597525 328979 297353 22345 263172 25291
is_linear=0
shrinkage=0.01


Tree=251
num_leaves=15
num_cat=0
split_feature=28 23 19 25 21 18 15 28 23 27 14 18 14 28
split_gain=9.62179 7.10144 6.93132 8.95769 6.50037 5.66244 5.32483 5.08834 5.08565 4.85844 5.59822 5.18896 4.55861 4.12991
threshold=0.13525498891352553 0.20833333333333334 -0.040833333333333326 0.82500000000000018 -0.43938775510204076 0.17369121561668147 -0.28130434782608693 0.13733075435203099 0.021286231884057986 -0.054951690821256054 -0.24234042553191487 -0.17888888888888885 0.44159090909090915 0.21583850931677021
decision_type=10 10 2 2 2 2 2 10 8 2 2 2 2 10
left_child=1 4 3 12 -1 6 -5 -4 -9 10 -6 -11 13 -2
right_child=2 -3 7 5 9 -7 -8 8 -10 11 -12 -13 -14 -15
leaf_value=0.00019890537730716051 2.943847915193467e-05 0.00074198410188758832 -0.00035706836670212623 -0.00067874482898155983 -7.7139049655117957e-05 -3.844709113716164e-06 -0.00026348852425244271 -3.1753469399439896e-05 5.4350346180398393e-05 8.6614471814404855e-05 5.8823594143624276e-05 -1.8102284219741672e-05 0.00038239285232385549 -0.00013743851323110712
leaf_weight=19990 23103 1367 4357 4857 33510 4853 9639 320522 87097 53774 299241 392070 2225 40152
leaf_count=19990 23103 1367 4357 4857 33510 4853 9639 320522 87097 53774 299241 392070 2225 40152
internal_value=5.13474e-07 2.20026e-05 -3.40278e-05 -0.000116402 2.07299e-05 -0.000305804 -0.000404804 -1.69928e-05 -1.32816e-05 1.6116e-05 4.50406e-05 -5.40443e-06 -5.99647e-05 -7.60163e-05
internal_weight=1.29676e+06 799952 496805 84829 798585 19349 14496 411976 407619 778595 332751 445844 65480 63255
internal_count=1296757 799952 496805 84829 798585 19349 14496 411976 407619 778595 332751 445844 65480 63255
is_linear=0
shrinkage=0.01


Tree=252
num_leaves=15
num_cat=0
split_feature=23 11 24 26 18 22 19 23 4 26 24 24 4 17
split_gain=9.47372 7.25195 6.96967 10.6447 6.55571 5.7156 5.34454 7.96201 4.79612 3.81347 3.79263 3.72695 3.36789 3.30324
threshold=0.04653679653679655 -0.29795918367346935 0.26163419913419916 0.52041666666666686 0.011766334440753036 0.061862244897959169 -0.39472517730496448 0.010527482269503509 0.3802173913043479 0.29217479674796754 -0.11583184257602859 -0.18660714285714283 0.092793367346938785 -0.31957446808510631
decision_type=10 2 10 2 2 2 2 8 2 2 8 8 2 2
left_child=1 6 5 4 -4 -3 7 12 9 -8 -7 -2 -1 -5
right_child=11 2 3 13 -6 10 8 -9 -10 -11 -12 -13 -14 -15
leaf_value=-1.341141573522031e-05 -1.5283546428526382e-05 1.2263897833962482e-05 4.5437988018957859e-05 -5.6541968638986471e-05 -8.1180388651773123e-05 -7.8715058983614591e-05 0 -0.00059462807632120081 -0.00029353693473907174 -0.00012674722635742209 -1.2178370861932963e-05 0.00017174991245329463 0.00028596333058346091 0.00012031166167040881
leaf_weight=6149 13663 448712 92456 11214 73187 154354 39343 1516 11581 61097 195384 44171 8968 135195
leaf_count=6149 13663 448712 92456 11214 73187 154354 39343 1516 11581 61097 195384 44171 8968 135195
internal_value=1.93318e-06 -3.88223e-06 4.32641e-06 4.44192e-05 -1.03259e-05 -1.13053e-05 -7.49683e-05 9.13459e-05 -9.99324e-05 -7.73025e-05 -4.163e-05 0.000127047 0.000162227 0.00010656
internal_weight=1.29699e+06 1.23916e+06 1.1105e+06 312052 165643 798450 128654 16633 112021 100440 349738 57834 15117 146409
internal_count=1296990 1239156 1110502 312052 165643 798450 128654 16633 112021 100440 349738 57834 15117 146409
is_linear=0
shrinkage=0.01


Tree=253
num_leaves=15
num_cat=0
split_feature=4 28 24 27 26 19 3 24 24 26 3 24 17 24
split_gain=9.17092 9.11908 8.0725 7.05138 13.171 5.93601 5.8072 5.56677 8.26899 5.4373 7.12471 6.53722 5.04878 9.93506
threshold=0.25521059487624842 -0.41945945945945939 0.26163419913419916 -0.14365079365079361 0.15954545454545457 0.011766334440753036 -0.28062499999999996 -0.45773809523809517 -0.21937499999999996 0.50510204081632659 -0.41578014184397155 0.48500000000000004 0.081666666666666679 0.13078947368421054
decision_type=2 8 10 2 2 2 10 8 10 2 10 10 2 8
left_child=2 -2 3 4 -1 -6 -3 -8 -9 -4 -11 -12 -5 -14
right_child=1 6 9 12 5 -7 7 8 -10 10 11 -13 13 -15
leaf_value=0.00014847471854375661 0.00018423693710108019 -0.00027936970354039268 1.4945338412160818e-05 -4.0714768156391953e-05 -8.7843122768537434e-05 2.790957928183616e-05 0.0002122468471125506 -0.00020843483759814475 -3.7915183574079134e-05 -0.00019059994184135115 0.0001332055135934316 -0.00019608968735517848 1.6975014584380052e-05 0.00048221396992318712
leaf_weight=74746 13784 13857 158247 436074 62338 152814 6861 37194 123717 7867 128145 6252 70465 4922
leaf_count=74746 13784 13857 158247 436074 62338 152814 6861 37194 123717 7867 128145 6252 70465 4922
internal_value=7.1615e-08 -6.30406e-05 1.12917e-05 -5.2492e-06 3.41053e-05 -5.48986e-06 -8.19746e-05 -6.54874e-05 -7.75198e-05 5.55001e-05 0.000100399 0.00011766 -2.76142e-05 4.77663e-05
internal_weight=1.29728e+06 195413 1.10187e+06 801359 289898 215152 181629 167772 160911 300511 142264 134397 511461 75387
internal_count=1297283 195413 1101870 801359 289898 215152 181629 167772 160911 300511 142264 134397 511461 75387
is_linear=0
shrinkage=0.01


Tree=254
num_leaves=15
num_cat=0
split_feature=0 22 23 3 4 5 18 11 18 15 3 22 19 19
split_gain=8.38864 7.7733 5.62903 5.37698 5.02966 4.12957 3.84534 3.54568 3.224 2.8149 2.77849 2.75814 2.3885 1.9089
threshold=0.28334980237154156 0.32025641025641027 0.1125 -0.44727272727272721 0.011237373737373714 0.37877551020408168 0.019615384615384649 -0.29795918367346935 -0.34066731141199219 -0.37877551020408157 -0.20106382978723403 0.45789007092198591 -0.34021276595744671 0.061250000000000034
decision_type=10 2 10 8 2 10 2 2 2 2 8 2 2 2
left_child=1 2 3 8 11 -2 10 -5 -1 -7 -6 13 -13 -3
right_child=5 4 -4 7 6 9 -8 -9 -10 -11 -12 12 -14 -15
leaf_value=-0.00045602868282925633 -3.3272291305041466e-05 0.00015766157251328794 0.00022496532510152864 -4.2299249927898075e-05 -0.00044031884997390483 4.9205958917855948e-05 -1.2436497684159286e-05 2.4920213017732087e-05 -8.8771099465170618e-05 -0.00016953605856761874 -0.00013742969134227507 -0.00085842593252443919 -9.4942171786249898e-05 -1.6794041390037297e-05
leaf_weight=2766 118065 14286 12998 85735 3325 6535 28690 891892 21213 44890 52936 517 2599 10672
leaf_count=2766 118065 14286 12998 85735 3325 6535 28690 891892 21213 44890 52936 517 2599 10672
internal_value=-5.68124e-07 9.26786e-06 1.80545e-05 1.53388e-05 -6.93411e-05 -6.61837e-05 -0.000107795 1.89945e-05 -0.000132437 -0.000141154 -0.000155886 4.59497e-05 -0.00023194 8.18697e-05
internal_weight=1.29712e+06 1.12763e+06 1.0146e+06 1.00161e+06 113025 169490 84951 977627 23979 51425 56261 28074 3116 24958
internal_count=1297119 1127629 1014604 1001606 113025 169490 84951 977627 23979 51425 56261 28074 3116 24958
is_linear=0
shrinkage=0.01


Tree=255
num_leaves=15
num_cat=0
split_feature=0 28 23 17 25 22 22 24 28 22 22 21 21 27
split_gain=9.90938 6.7327 5.80454 5.46159 5.22211 5.00774 5.33809 4.89852 4.43271 3.86371 3.1359 2.49011 2.36231 3.37399
threshold=0.37766439909297056 0.011369509043927641 0.20833333333333334 -0.36181818181818176 1.0000000180025095e-35 -0.45401691331923882 0.16064516129032261 -0.041241496598639453 0.47849213691026832 -0.39897959183673465 -0.45959183673469384 0.47326388888888893 0.30104166666666676 0.39619252873563227
decision_type=10 8 10 2 2 2 2 8 8 2 2 2 2 2
left_child=1 2 5 10 8 -1 -7 -6 -5 -2 -3 -12 13 -11
right_child=9 3 -4 4 7 6 -8 -9 -10 12 11 -13 -14 -15
leaf_value=-0.00011517515973016061 -0.00029260734095097515 -0.00061425193999847599 0.00068132497100294501 0.0001406152241565779 -4.8648287308601734e-05 5.5714429271205404e-05 -1.1904158051897928e-05 1.187696615699648e-05 0.00086658920293120132 -6.5999703292086816e-05 -0.00010518650421369336 -0.00065642860548727937 1.0774014514413301e-05 -0.00023648146948989046
leaf_weight=22474 9038 1403 1377 10585 223447 414381 161611 331722 938 53525 27104 868 23593 15174
leaf_count=22474 9038 1403 1377 10585 223447 414381 161611 331722 938 53525 27104 868 23593 15174
internal_value=7.46675e-07 8.81483e-06 3.24829e-05 -1.49529e-05 -8.0048e-06 3.09364e-05 3.66901e-05 -1.24296e-05 0.000202524 -9.41761e-05 -0.000147957 -0.000123433 -7.44102e-05 -0.0001041
internal_weight=1.29724e+06 1.19591e+06 599843 596067 566692 598466 575992 555169 11523 101330 29375 27972 92292 68699
internal_count=1297240 1195910 599843 596067 566692 598466 575992 555169 11523 101330 29375 27972 92292 68699
is_linear=0
shrinkage=0.01


Tree=256
num_leaves=15
num_cat=0
split_feature=5 23 27 28 20 28 22 14 28 28 0 0 21 0
split_gain=7.85411 6.64627 5.71798 5.54226 5.26079 4.09232 5.41863 3.65775 3.50514 4.58617 5.97856 3.44712 4.35581 3.11129
threshold=0.3585714285714286 0.037087912087912074 -0.11952380952380952 0.47402159244264513 0.011766334440753036 -0.31165540540540532 0.32025641025641027 0.011766334440753036 -0.20106382978723403 -0.11834733893557424 0.16333333333333336 0.20106382978723406 0.30104166666666676 -0.47979591836734686
decision_type=8 10 2 8 2 10 2 2 10 10 10 8 2 10
left_child=1 2 3 4 -1 7 -7 -4 -3 -10 -11 13 -13 -2
right_child=11 8 5 -5 -6 6 -8 -9 9 10 -12 12 -14 -15
leaf_value=-1.0101623879871443e-05 -0.0002717228205047998 0.00023914300419570914 9.4295700819271733e-05 -0.00013991607907028745 6.5818993210413137e-05 -1.6791022883983464e-05 -0.00012006067337532921 -1.1727199031259116e-05 -0.00018484961489295446 6.4553838028425764e-05 0.00047041860619759484 -0.00018338299993480165 3.7876277393539508e-06 8.6044016516282214e-07
leaf_weight=139802 4536 14958 57737 17996 259554 503991 56693 73588 6405 44542 3991 43536 16968 51357
leaf_count=139802 4536 14958 57737 17996 259554 503991 56693 73588 6405 44542 3991 43536 16968 51357
internal_value=3.42506e-07 8.10081e-06 2.11405e-06 3.13718e-05 3.91666e-05 -1.54881e-05 -2.72871e-05 3.46584e-05 0.000102687 6.49767e-05 9.85743e-05 -7.79999e-05 -0.000130399 -2.07378e-05
internal_weight=1.29565e+06 1.17926e+06 1.10936e+06 417352 399356 692009 560684 131325 69896 54938 48533 116397 60504 55893
internal_count=1295654 1179257 1109361 417352 399356 692009 560684 131325 69896 54938 48533 116397 60504 55893
is_linear=0
shrinkage=0.01


Tree=257
num_leaves=15
num_cat=0
split_feature=24 22 23 28 22 25 17 28 22 1 25 17 28 28
split_gain=8.3744 8.79637 8.28891 6.78483 6.67532 6.43163 6.34998 6.25559 5.5386 5.38416 5.32167 4.90142 4.67051 4.51345
threshold=-0.050641025641025621 0.080322580645161304 0.051315789473684266 -0.126453488372093 -0.23779761904761901 0.70000000000000018 -0.41010101010101002 0.47979591836734697 -0.19895833333333332 0.10527482269503548 1.0000000180025095e-35 0.010310374149659853 -0.39897959183673465 0.41864313292884731
decision_type=10 2 10 10 2 2 2 10 2 8 2 2 10 8
left_child=1 4 6 5 9 -3 12 8 -8 13 -9 -7 -2 -1
right_child=2 3 -4 -5 -6 11 7 10 -10 -11 -12 -13 -14 -15
leaf_value=-7.4651123840076402e-06 0.00034881088506271161 6.7785815270607835e-05 0.00017265380219431067 -0.00012617835068751747 3.4250001022037299e-05 0.00017941562181837109 8.3846786986902739e-05 0.0008742231990667153 1.1991190069269872e-05 -0.0001747949642339878 -0.00015490934760412433 -0.00015908148534862548 -0.00017189854308773223 -0.00049139481547967134
leaf_weight=84985 1812 46574 34967 126692 223128 4898 135234 502 526064 29942 24829 30347 25099 1974
leaf_count=84985 1812 46574 34967 126692 223128 4898 135234 502 526064 29942 24829 30347 25099 1974
internal_value=4.79769e-07 -2.91785e-05 2.22548e-05 -8.03194e-05 2.09412e-06 -8.94072e-06 1.48417e-05 2.07857e-05 2.67312e-05 -5.90242e-05 -0.000133229 -0.000111178 -0.000135688 -1.8812e-05
internal_weight=1.29705e+06 548540 748507 208511 340029 81819 713540 686629 661298 116901 25331 35245 26911 86959
internal_count=1297047 548540 748507 208511 340029 81819 713540 686629 661298 116901 25331 35245 26911 86959
is_linear=0
shrinkage=0.01


Tree=258
num_leaves=15
num_cat=0
split_feature=0 3 24 23 26 23 28 17 28 26 23 24 24 28
split_gain=8.10576 6.7358 6.6408 8.38947 7.03128 6.07141 5.82123 5.30813 5.18658 5.18555 4.30908 3.09074 2.45071 2.57353
threshold=0.37766439909297056 -0.45789007092198575 0.26163419913419916 0.066964285714285712 0.28730158730158734 0.010990338164251214 0.32732919254658394 -0.32111111111111107 0.13525498891352553 0.91751700680272119 0.010102040816326542 -0.074628844114528095 -0.42752100840336132 -0.43969696969696964
decision_type=8 8 10 8 2 10 10 2 10 2 10 8 10 10
left_child=1 5 3 8 10 9 -5 -6 -3 -1 -4 12 -2 -14
right_child=11 2 4 6 7 -7 -8 -9 -10 -11 -12 -13 13 -15
leaf_value=-4.8753828301007392e-05 5.7631163699950436e-05 8.677585628068207e-06 -9.7957958329199793e-05 0.00036305200883896953 -0.00010517596432479041 -0.00089458360558810127 -3.7793166950232233e-05 9.5995262250863527e-05 -4.273747929782612e-05 -0.00041975509047387449 2.7008243101764213e-05 -4.4465688443121055e-05 9.6817757609128662e-05 -0.0002135433542973135
leaf_weight=19499 4415 501048 40304 10221 13942 1078 5413 190721 321773 4749 86997 62493 2777 31672
leaf_count=19499 4415 501048 40304 10221 13942 1078 5413 190721 321773 4749 86997 62493 2777 31672
internal_value=-2.81029e-06 4.444e-06 7.95988e-06 -6.99716e-06 4.58276e-05 -0.000156837 0.000222367 8.21432e-05 -1.13925e-05 -0.000122695 -1.23223e-05 -8.86853e-05 -0.000159009 -0.000187648
internal_weight=1.2971e+06 1.19574e+06 1.17042e+06 838455 331964 25326 15634 204663 822821 24248 127301 101357 38864 34449
internal_count=1297102 1195745 1170419 838455 331964 25326 15634 204663 822821 24248 127301 101357 38864 34449
is_linear=0
shrinkage=0.01


Tree=259
num_leaves=15
num_cat=0
split_feature=28 26 19 22 22 18 21 26 2 27 28 28 21 17
split_gain=8.20388 9.27777 7.72713 7.56987 6.71146 5.11269 4.83957 4.70951 3.80155 3.63439 5.83453 4.18017 3.62051 3.04208
threshold=0.17006802721088435 0.039230769230769243 -0.020416666666666663 0.37627551020408168 -0.45959183673469384 -0.33836734693877546 -0.43938775510204076 0.67470930232558157 -0.40212765957446805 0.26253132832080206 0.49000000000000005 0.39897959183673476 -0.37367021276595741 -0.45959183673469384
decision_type=8 2 2 2 2 2 2 2 8 2 8 8 2 2
left_child=3 12 5 4 13 7 -6 -3 -8 10 -4 -11 -2 -1
right_child=1 2 9 -5 6 -7 8 -9 -10 11 -12 -13 -14 -15
leaf_value=-0.00076569710321999871 -0.00016684727904867517 -0.00016543368850976037 1.8406364343713022e-06 -0.00010066301808443203 0.00018448845365654594 -0.00011435113995519154 -7.7144432588152276e-05 -0.00064249932650446023 2.931422628464905e-05 -0.00014959782985109061 -0.00016655771058109265 -3.9318272924365562e-06 0.00014138773184574707 -0.00012166718078330614
leaf_weight=778 4179 5043 232387 52362 19420 60181 35034 3802 721282 48140 22537 34077 35607 22184
leaf_count=778 4179 5043 232387 52362 19420 60181 35034 3802 721282 48140 22537 34077 35607 22184
internal_value=-2.47601e-06 -3.72393e-05 -5.1565e-05 1.57047e-05 2.33716e-05 -0.000148077 2.83914e-05 -0.000374038 2.43429e-05 -3.17151e-05 -1.2931e-05 -8.95899e-05 0.000108248 -0.000144892
internal_weight=1.29701e+06 445953 406167 851060 798698 69026 775736 8845 756316 337141 254924 82217 39786 22962
internal_count=1297013 445953 406167 851060 798698 69026 775736 8845 756316 337141 254924 82217 39786 22962
is_linear=0
shrinkage=0.01


Tree=260
num_leaves=15
num_cat=0
split_feature=5 24 23 3 26 21 24 21 14 15 26 18 24 24
split_gain=7.80853 6.00288 6.9172 5.57356 5.3366 6.92689 6.2905 3.82209 3.68619 4.02902 3.65599 3.08206 2.85856 2.75497
threshold=0.4354764107308049 -0.057189542483660143 0.051315789473684266 0.39009661835748793 0.28102564102564109 -0.26839539007092195 -0.4366987179487179 0.23691215616681457 0.37888888888888894 -0.43938775510204076 0.56048780487804895 0.11294063079777368 0.46702898550724642 -0.37321428571428567
decision_type=10 10 10 10 2 2 8 2 2 2 2 2 10 10
left_child=1 3 8 4 6 -6 -1 13 9 -3 -2 -9 -10 -5
right_child=10 2 -4 7 5 -7 -8 11 12 -11 -12 -13 -14 -15
leaf_value=0.00027262166987021379 -4.3156338165514706e-05 0.00020159357461738259 0.00015872547312944922 -0.00011736835779538984 8.8874120248014416e-05 -5.8941994254477066e-05 1.4387757988542683e-05 -0.00010786934597240396 -3.8336467423737147e-05 1.8056903403657506e-05 -0.0002025489736037054 0.00028147248413410374 -0.00027021334463187745 -0.00038289298873208906
leaf_weight=10051 33724 12221 35311 7927 36040 255770 160112 9031 43831 651533 25922 2608 6145 8610
leaf_count=10051 33724 12221 35311 7927 36040 255770 160112 9031 43831 651533 25922 2608 6145 8610
internal_value=-1.16265e-06 4.19347e-06 2.20181e-05 -2.29847e-05 -1.45848e-05 -4.05824e-05 2.98217e-05 -0.000159628 1.5212e-05 2.14823e-05 -0.000112938 -1.80009e-05 -6.74626e-05 -0.000257472
internal_weight=1.29884e+06 1.23919e+06 749041 490149 461973 291810 170163 28176 713730 663754 59646 11639 49976 16537
internal_count=1298836 1239190 749041 490149 461973 291810 170163 28176 713730 663754 59646 11639 49976 16537
is_linear=0
shrinkage=0.01


Tree=261
num_leaves=15
num_cat=0
split_feature=11 27 23 19 23 26 28 4 19 26 27 3 3 4
split_gain=7.79918 6.4906 7.59054 6.0001 9.20994 6.0164 5.67094 5.44096 5.39089 5.2521 5.19403 5.08174 4.32196 4.33205
threshold=-0.29795918367346935 0.070714285714285688 0.091666666666666688 -0.39472517730496448 0.010527482269503509 0.71897435897435902 0.47402159244264513 -0.3010416666666666 -0.47979591836734686 0.020204081632653064 0.1588137472283814 -0.39472517730496448 -0.45959183673469384 0.28062500000000007
decision_type=2 2 8 2 10 2 8 2 2 2 2 8 8 2
left_child=3 6 8 4 -1 -5 11 -8 -3 -9 -6 -2 -7 -14
right_child=1 2 -4 5 10 12 7 9 -10 -11 -12 -13 13 -15
leaf_value=0.0001762107069014652 -7.5037920645669082e-05 0.00041261872946025897 0.00028760985590932776 -4.7433502143584774e-05 -0.00018711560960936368 -0.00069858937654810563 0.00041050942159959094 0.00026626298813891484 -2.6763112142810884e-05 -0.00020021294904365138 -0.0014679124804465155 4.1676676094307471e-05 -0.00012400547818747625 -0.0003977742788741918
leaf_weight=15204 39711 2797 7905 72825 1015 1712 1823 2642 514062 22996 508 576492 30415 7353
leaf_count=15204 39711 2797 7905 72825 1015 1712 1823 2642 514062 22996 508 576492 30415 7353
internal_value=-1.62184e-06 6.50211e-06 -1.95672e-05 -7.54179e-05 0.000100362 -0.000101868 2.78024e-05 -0.000112542 -2.4325e-05 -0.000150947 -0.000636033 3.4106e-05 -0.000201507 -0.000178127
internal_weight=1.29746e+06 1.16843e+06 524764 129032 16727 112305 643664 27461 516859 25638 1523 616203 39480 37768
internal_count=1297460 1168428 524764 129032 16727 112305 643664 27461 516859 25638 1523 616203 39480 37768
is_linear=0
shrinkage=0.01


Tree=262
num_leaves=15
num_cat=0
split_feature=1 22 7 22 27 18 19 22 21 7 22 4 19 19
split_gain=9.76361 6.99604 6.40666 6.30044 5.73356 3.82885 3.3312 3.00089 2.83301 2.70458 3.10135 3.05994 2.68024 2.44854
threshold=0.28334980237154156 0.37627551020408168 -0.40454545454545449 -0.4759001161440185 -0.14365079365079361 -0.25777777777777772 -0.47979591836734686 -0.45060975609756093 0.45698427382053664 1.0000000180025095e-35 -0.39897959183673465 0.37627551020408168 -0.39472517730496448 0.023268398268398275
decision_type=10 2 2 2 2 2 2 2 2 2 2 2 2 2
left_child=1 2 5 -4 -5 7 -2 -1 -7 11 -11 -8 -12 -3
right_child=6 13 3 4 -6 8 9 -9 -10 10 12 -13 -14 -15
leaf_value=-0.00088027087609523244 0.00029395321231925073 -0.00011943591352637768 -0.00018284330680483596 6.0227239904600943e-05 9.1070206869589303e-06 -2.4867189563355861e-05 -0.0001264016339142158 -0.00021232616645585186 -0.00031179587647414637 -0.00020798982027570175 9.0210252409331858e-05 -0.00045799240190845357 -5.8220330422246796e-05 1.9028181783076772e-05
leaf_weight=769 2434 52983 14589 330668 657366 43649 25747 8713 3774 12510 13506 3231 111659 16359
leaf_count=769 2434 52983 14589 330668 657366 43649 25747 8713 3774 12510 13506 3231 111659 16359
internal_value=2.61197e-07 1.0899e-05 1.72913e-05 2.31732e-05 2.62461e-05 -8.58115e-05 -7.05811e-05 -0.000269921 -4.83523e-05 -7.60904e-05 -5.72708e-05 -0.000164452 -4.19624e-05 -8.63378e-05
internal_weight=1.29796e+06 1.12887e+06 1.05953e+06 1.00262e+06 988034 56905 169087 9482 47423 166653 137675 28978 125165 69342
internal_count=1297957 1128870 1059528 1002623 988034 56905 169087 9482 47423 166653 137675 28978 125165 69342
is_linear=0
shrinkage=0.01


Tree=263
num_leaves=15
num_cat=0
split_feature=0 23 28 18 22 27 23 28 27 27 19 0 28 2
split_gain=8.37533 6.34204 5.67527 6.69828 4.4378 4.26517 4.14711 3.8594 3.57264 2.98249 4.74492 2.68852 2.97671 2.21434
threshold=0.28334980237154156 0.059027777777777797 0.030931122448979612 0.011237373737373714 0.49500000000000005 0.41751700680272114 0.025657894736842105 0.49000000000000005 0.070714285714285688 0.38944444444444448 -0.28945035460992902 0.24222222222222226 0.16333333333333336 -0.23979166666666663
decision_type=8 10 8 2 2 2 10 10 2 2 2 10 10 8
left_child=1 2 3 5 8 -1 -5 11 -4 13 -11 12 -3 -2
right_child=9 7 4 6 -6 -7 -8 -9 -10 10 -12 -13 -14 -15
leaf_value=8.4198754241174639e-05 -0.0001333014036630225 0.00010880049189091545 8.0009627129484139e-06 -9.4800637602178314e-06 -0.00029772364347746473 -0.00010793078010900299 0.0001000833626248807 -3.9345970028448445e-05 -4.4521646387714759e-05 -1.1301209207384131e-05 -0.00023823847677249433 0.00071717532425782991 0.00044059871009734285 -2.4109874477219741e-05
leaf_weight=196752 22730 7942 299964 329763 5604 12139 38575 5053 226920 16136 22405 1328 4392 108330
leaf_count=196752 22730 7942 299964 329763 5604 12139 38575 5053 226920 16136 22405 1328 4392 108330
internal_value=-8.07411e-07 9.01693e-06 5.91009e-06 2.76507e-05 -1.76009e-05 7.28888e-05 1.91348e-06 0.000191606 -1.45628e-05 -6.63491e-05 -0.000144013 0.000279211 0.00022946 -4.32787e-05
internal_weight=1.29803e+06 1.12843e+06 1.10972e+06 577229 532488 208891 368338 18715 526884 169601 38541 13662 12334 131060
internal_count=1298033 1128432 1109717 577229 532488 208891 368338 18715 526884 169601 38541 13662 12334 131060
is_linear=0
shrinkage=0.01


Tree=264
num_leaves=15
num_cat=0
split_feature=23 17 24 15 26 3 21 11 24 26 18 11 26 10
split_gain=7.49239 5.99589 6.31254 8.57764 8.36894 4.82293 4.68188 4.68926 3.60564 3.78896 3.51683 3.07742 3.81517 2.63974
threshold=0.027046783625730989 -0.41010101010101002 0.43875000000000003 0.021286231884057986 0.04124149659863946 0.47979591836734697 -0.45959183673469384 -0.45959183673469384 -0.036607142857142831 0.10471491228070177 -0.17888888888888885 0.27411873840445272 0.6195238095238097 -0.23979166666666663
decision_type=10 2 10 2 2 10 2 2 8 2 2 2 2 2
left_child=1 5 6 4 -4 13 10 -8 9 -2 -3 12 -7 -1
right_child=8 2 3 -5 -6 11 7 -9 -10 -11 -12 -13 -14 -15
leaf_value=-0.00022344824425928121 0.00022295777270138793 0.0003710100879210659 -0.00019034829935766218 -0.00015916188087754756 0.00014758127972654304 -2.2732068780460645e-05 -0.00017295309253327951 -9.3163686514067937e-06 0.00014079345275909975 -4.2733809670212961e-05 6.3264582407530023e-05 -0.00099661315310140865 -0.00065894495143932008 -2.9894763259673846e-05
leaf_weight=9947 6656 5036 8057 13276 74052 2340 17839 1034186 53372 27475 15491 820 1702 25809
leaf_count=9947 6656 5036 8057 13276 74052 2340 17839 1034186 53372 27475 15491 820 1702 25809
internal_value=4.92246e-08 -6.39728e-06 -2.2172e-06 7.57057e-05 0.000114051 -0.000125844 -9.17526e-06 -1.21201e-05 8.94257e-05 8.21574e-06 0.00014027 -0.000422811 -0.000298334 -8.45928e-05
internal_weight=1.29606e+06 1.20856e+06 1.16794e+06 95385 82109 40618 1.07255e+06 1.05202e+06 87503 34131 20527 4862 4042 35756
internal_count=1296058 1208555 1167937 95385 82109 40618 1072552 1052025 87503 34131 20527 4862 4042 35756
is_linear=0
shrinkage=0.01


Tree=265
num_leaves=15
num_cat=0
split_feature=4 28 24 23 21 27 26 28 26 3 24 24 26 24
split_gain=7.54081 8.66575 6.48911 8.06605 5.93702 7.06635 6.68563 5.63028 5.20474 5.01536 5.13044 6.68073 4.72708 4.66735
threshold=0.25777777777777783 -0.41945945945945939 0.26163419913419916 0.077380952380952397 0.25532879818594106 -0.15261756876663707 0.12097560975609757 0.31909090909090915 0.15301003344481609 -0.36266924564796899 -0.45773809523809517 -0.21937499999999996 0.05634920634920635 0.27951388888888895
decision_type=2 8 10 8 2 2 2 8 2 10 8 10 2 10
left_child=2 -2 3 4 5 -1 -6 8 -5 -3 -11 -12 -9 -4
right_child=1 9 13 7 6 -7 -8 12 -10 10 11 -13 -14 -15
leaf_value=4.0930580383884205e-05 0.00018269377578178104 -0.00030215534530149852 0.00013886070744452216 0 7.1373134970769271e-05 -2.4863582705213239e-05 -0.00014980947749243829 0.00044310424977679126 0.00053873720906236287 0.00019863800505604768 -0.00019290915303189147 -4.091984122925484e-05 -0.0002173574081558961 3.1010014135913505e-05
leaf_weight=252599 13719 9482 48044 2652 17879 461240 55909 1507 6308 7022 37890 125749 3790 252871
leaf_count=252599 13719 9482 48044 2652 17879 461240 55909 1507 6308 7022 37890 125749 3790 252871
internal_value=-1.36643e-06 -5.89031e-05 8.72091e-06 -6.10563e-06 -1.04095e-05 -1.53957e-06 -9.58092e-05 0.000229511 0.000382482 -7.74714e-05 -6.4807e-05 -7.62986e-05 -2.36508e-05 4.83303e-05
internal_weight=1.29666e+06 193862 1.1028e+06 801884 787627 713839 73788 14257 8960 180143 170661 163639 5297 300915
internal_count=1296661 193862 1102799 801884 787627 713839 73788 14257 8960 180143 170661 163639 5297 300915
is_linear=0
shrinkage=0.01


Tree=266
num_leaves=15
num_cat=0
split_feature=1 23 24 26 3 27 7 28 22 28 24 17 24 18
split_gain=7.77334 6.66651 7.32852 7.20996 6.02426 5.51241 6.17107 4.48421 4.48277 3.96315 3.83955 3.18004 3.15791 4.02839
threshold=0.30104166666666676 0.066964285714285712 0.26568627450980398 0.52041666666666686 -0.44727272727272721 0.30217391304347835 -0.33156028368794321 0.38762626262626265 -0.13976744186046511 -0.39528508771929821 -0.050641025641025621 -0.47752525252525252 -0.37939393939393934 -0.45959183673469384
decision_type=10 10 10 2 8 2 2 8 2 10 10 2 8 2
left_child=1 2 5 8 -5 6 -1 -7 -4 -2 12 -12 -11 -14
right_child=9 -3 3 4 -6 7 -8 -9 -10 10 11 -13 13 -15
leaf_value=-8.3308125732454229e-05 9.0760638319067679e-05 0.00019812680132751226 8.8896463370068197e-05 -0.00028757061007139207 0.00010929032690522733 -8.6605496224993999e-05 1.4351483444625761e-05 6.1382654042519013e-05 -2.8443246639191291e-05 -3.3241561406380662e-05 -0.00044720193875955559 -2.7855820007499569e-05 0.00049021719290655763 -0.00020944198919394232
leaf_weight=72767 14539 18520 44303 3887 143787 129136 581966 24087 122622 18210 1860 81114 813 39018
leaf_count=72767 14539 18520 44303 3887 143787 129136 581966 24087 122622 18210 1860 81114 813 39018
internal_value=8.40891e-07 9.90401e-06 6.77145e-06 4.77333e-05 9.86356e-05 -9.14112e-06 3.45145e-06 -6.31449e-05 2.52081e-06 -6.54482e-05 -8.1768e-05 -3.76335e-05 -0.00014434 -0.000194372
internal_weight=1.29663e+06 1.14108e+06 1.12256e+06 314599 147674 807956 654733 153223 166925 155554 141015 82974 58041 39831
internal_count=1296629 1141075 1122555 314599 147674 807956 654733 153223 166925 155554 141015 82974 58041 39831
is_linear=0
shrinkage=0.01


Tree=267
num_leaves=15
num_cat=0
split_feature=23 27 24 28 25 22 4 17 22 22 24 15 28 23
split_gain=8.06724 7.20516 7.14216 6.75805 6.07085 5.65879 5.63059 5.18571 5.0096 4.78314 4.28879 4.22222 7.95699 5.90956
threshold=0.030330882352941183 0.38047619047619052 -0.42752100840336132 0.47849213691026832 1.0000000180025095e-35 -0.45698427382053647 -0.19895833333333332 -0.47752525252525252 0.2525510204081633 0.092429995253915556 -0.18660714285714283 -0.37877551020408157 0.21583850931677021 0.011766334440753036
decision_type=10 2 10 8 2 2 2 2 2 2 8 2 10 10
left_child=1 3 9 5 -5 7 -6 -1 -7 -3 -2 12 -4 -13
right_child=10 2 11 4 6 8 -8 -9 -10 -11 -12 13 -14 -15
leaf_value=-0.0010536492601745874 -2.9248245055422195e-05 0.00041022967128930476 0.00019623190506001548 0.00084510607840666515 0.00011390952321695825 2.3406474734597071e-05 -0.00021478700524466267 -0.00011156502893400925 -3.4375542764383109e-05 -9.5414511244532025e-05 0.00014069367918834847 -0.00015282902648657356 -0.00038681142703084225 -1.5898591986246135e-05
leaf_weight=604 19366 5039 11595 610 6304 815055 27408 26405 183550 2841 60051 84158 2908 51221
leaf_count=604 19366 5039 11595 610 6304 815055 27408 26405 183550 2841 60051 84158 2908 51221
internal_value=1.2058e-06 -5.13972e-06 -6.8201e-05 4.21824e-06 -0.000133752 8.86503e-06 -0.000152428 -0.000133858 1.27557e-05 0.000224156 9.88757e-05 -8.37759e-05 7.72018e-05 -0.000101244
internal_weight=1.29712e+06 1.2177e+06 157762 1.05994e+06 34322 1.02561e+06 33712 27009 998605 7880 79417 149882 14503 135379
internal_count=1297115 1217698 157762 1059936 34322 1025614 33712 27009 998605 7880 79417 149882 14503 135379
is_linear=0
shrinkage=0.01


Tree=268
num_leaves=15
num_cat=0
split_feature=4 28 24 23 27 26 28 26 22 19 15 26 28 16
split_gain=6.99328 8.75065 6.62106 7.90775 7.38347 11.7906 6.38924 5.10758 4.76002 6.32471 5.45756 4.27736 5.4904 5.05285
threshold=0.2525510204081633 -0.41945945945945939 0.26163419913419916 0.077380952380952397 -0.15261756876663707 0.14608739837398377 0.32732919254658394 0.16496598639455784 0.2294481981981982 -0.38148936170212761 -0.020869565217391303 0.14434523809523811 -0.30217391304347824 0.011766334440753036
decision_type=2 10 8 10 2 2 10 2 2 2 2 2 8 2
left_child=2 -2 3 4 5 -1 7 -5 9 -3 -11 13 -13 -4
right_child=1 8 11 6 -6 -7 -8 -9 -10 10 -12 12 -14 -15
leaf_value=0.00014128203956934485 0.00018284806278018437 0.00010324132693899401 6.0092315192766615e-05 8.9482141824422403e-06 -3.4954817924960188e-05 -8.2563331554455276e-06 -5.2941528161757853e-05 0.00054284487808146974 -0.00017000441721109555 -0.00018417510550897253 -3.3858337007476226e-05 0.00015036200601609354 3.8756123383947874e-05 -0.00010144140054976658
leaf_weight=70185 14009 23002 40601 2663 503598 210685 5014 6313 41770 34249 84346 61241 161628 36878
leaf_count=70185 14009 23002 40601 2663 503598 210685 5014 6313 41770 34249 84346 61241 161628 36878
internal_value=-2.57424e-06 -5.73959e-05 7.24608e-06 -7.777e-06 -1.20164e-05 2.90053e-05 0.000227746 0.000387845 -7.59165e-05 -4.79464e-05 -7.75248e-05 4.72836e-05 6.95599e-05 -1.64073e-05
internal_weight=1.29618e+06 197376 1.09881e+06 798458 784468 280870 13990 8976 183367 141597 118595 300348 222869 77479
internal_count=1296182 197376 1098806 798458 784468 280870 13990 8976 183367 141597 118595 300348 222869 77479
is_linear=0
shrinkage=0.01


Tree=269
num_leaves=15
num_cat=0
split_feature=24 23 0 17 22 24 27 26 27 20 21 21 3 23
split_gain=7.90568 7.35336 6.94297 6.00953 6.89485 7.94246 6.29115 5.98683 12.3001 7.52125 5.27934 5.02177 5.0002 4.64974
threshold=-0.057189542483660143 0.051315789473684266 0.30642923219241447 -0.41010101010101002 -0.16496598639455781 0.43875000000000003 0.11257406188281767 0.22792207792207794 -0.14946808510638296 -0.28945035460992902 0.35565476190476192 -0.26839539007092195 0.43938775510204087 0.016954022988505794
decision_type=10 10 10 2 2 10 2 2 2 2 2 2 8 10
left_child=2 3 7 12 5 -5 -6 8 13 10 -9 -11 -2 -1
right_child=1 -3 -4 4 6 -7 -8 9 -10 11 -12 -13 -14 -15
leaf_value=0.00010412623353647732 -6.4931841733054574e-05 0.00016161992019524189 -0.00013303978550656796 4.0562095760439823e-05 2.8826530309661135e-05 0.00021364136090793972 -4.0397073343631251e-05 -0.00046728626273611143 -3.9129311120934148e-05 8.3925078798426409e-05 -0.00012473912779657767 -4.3502554138983443e-05 -0.00041339781281771377 0.00033667488927157258
leaf_weight=48587 21516 35063 58558 136039 334609 33160 216000 6041 89172 35222 19358 246762 5191 10686
leaf_count=48587 21516 35063 58558 136039 334609 33160 216000 6041 89172 35222 19358 246762 5191 10686
internal_value=0 2.00182e-05 -3.04635e-05 1.33265e-05 1.88285e-05 7.4663e-05 1.61605e-06 -1.72194e-05 3.48193e-05 -4.24483e-05 -0.000207438 -2.74787e-05 -0.000133825 0.000146572
internal_weight=1.29596e+06 781578 514386 746515 719808 169199 550609 455828 148445 307383 25399 281984 26707 59273
internal_count=1295964 781578 514386 746515 719808 169199 550609 455828 148445 307383 25399 281984 26707 59273
is_linear=0
shrinkage=0.01


Tree=270
num_leaves=15
num_cat=0
split_feature=23 27 4 24 14 28 28 19 25 11 19 28 3 0
split_gain=7.40547 6.68115 6.39457 4.85114 5.65474 4.84105 5.74551 6.68326 4.58586 4.22422 4.47961 4.45963 4.20462 3.76328
threshold=0.04006410256410254 -0.010874704491725782 0.41751700680272114 0.43875000000000003 0.02105496453900713 -0.21269841269841269 -0.1236111111111111 0.16333333333333336 0.27500000000000008 -0.19782608695652171 -0.38148936170212761 0.47402159244264513 -0.46863636363636357 0.36811594202898557
decision_type=8 2 2 10 2 8 8 2 2 2 2 10 10 8
left_child=1 2 9 12 -5 -2 -7 -8 -6 10 -1 -11 -3 -14
right_child=5 3 -4 4 8 6 7 -9 -10 11 -12 -13 13 -15
leaf_value=0.00016774954135531151 0.00026041522604907568 -0.00033201014944004919 -0.00015471615817245116 0.00011736090796921056 -0.00065583312493468693 -0.00023156390864613143 5.4413919407452321e-05 0.00048298004443644306 -4.9104161171121414e-05 3.9697753117515138e-05 -6.3894020697497381e-05 -0.0001266889960238789 -2.8331580736531245e-05 -0.00010835732473778692
leaf_weight=9229 14490 4916 21297 41687 1381 6203 43778 4001 14400 455291 82530 16618 514848 66781
leaf_count=9229 14490 4916 21297 41687 1381 6203 43778 4001 14400 455291 82530 16618 514848 66781
internal_value=-3.57379e-06 -9.23536e-06 1.51945e-05 -3.14719e-05 5.5991e-05 9.76015e-05 5.33308e-05 9.09578e-05 -0.000104214 2.16682e-05 -4.0264e-05 3.37742e-05 -4.00926e-05 -3.7572e-05
internal_weight=1.29745e+06 1.22898e+06 584965 644013 57468 68472 53982 47779 15781 563668 91759 471909 586545 581629
internal_count=1297450 1228978 584965 644013 57468 68472 53982 47779 15781 563668 91759 471909 586545 581629
is_linear=0
shrinkage=0.01


Tree=271
num_leaves=15
num_cat=0
split_feature=0 22 3 24 26 5 26 19 28 14 19 28 2 24
split_gain=7.57747 6.67124 5.87247 5.53001 5.71346 4.18099 4.03698 3.9498 3.01973 2.98696 3.86208 2.86719 3.09465 2.65872
threshold=0.27178030303030309 0.36023255813953492 -0.43683510638297868 0.26163419913419916 0.50510204081632659 0.49000000000000005 0.58434959349593507 0.022233201581027654 0.41010101010101013 0.023268398268398275 -0.22170212765957442 0.45293466223698786 0.021980676328502428 -0.03062500000000001
decision_type=10 2 8 10 2 10 2 2 8 2 2 10 10 10
left_child=1 2 6 7 -5 8 -1 -4 13 11 -11 -3 -13 -2
right_child=5 9 3 4 -6 -7 -8 -9 -10 10 -12 12 -14 -15
leaf_value=-1.7771701673890103e-05 -7.5612950052066959e-05 -0.00013363305878507267 -1.6420134685285055e-05 1.3430840901305543e-05 0.00010420535789632427 -0.00026450725433819258 -0.00023861525683227766 3.0634602475670344e-05 -0.00017293865196492598 -0.00023529920282495885 0.00011878118179910008 0.00027356261121779391 -0.00040395738118602408 6.9580749528059122e-06
leaf_weight=19493 80260 56358 404130 146647 133018 9690 14811 318979 18058 4000 13056 3366 812 74664
leaf_count=19493 80260 56358 404130 146647 133018 9690 14811 318979 18058 4000 13056 3366 812 74664
internal_value=-1.95857e-06 7.80117e-06 1.45175e-05 1.89445e-05 5.67142e-05 -6.16762e-05 -0.000114009 4.29528e-06 -5.01363e-05 -8.15777e-05 3.39563e-05 -0.000114625 0.000134515 -3.56257e-05
internal_weight=1.29734e+06 1.11467e+06 1.03708e+06 1.00277e+06 279665 182672 34304 723109 172982 77592 17056 60536 4178 154924
internal_count=1297342 1114670 1037078 1002774 279665 182672 34304 723109 172982 77592 17056 60536 4178 154924
is_linear=0
shrinkage=0.01


Tree=272
num_leaves=15
num_cat=0
split_feature=0 28 17 23 21 25 22 28 22 22 22 25 22 21
split_gain=7.10259 5.06062 6.16698 5.95785 4.92048 4.88363 4.53173 4.34604 4.33717 3.1805 2.94104 2.59297 2.60058 2.40118
threshold=0.36811594202898557 0.063301282051282062 -0.37877551020408157 0.20833333333333334 -0.43938775510204076 1.0000000180025095e-35 -0.36535926170072502 0.47801932367149763 0.36978260869565222 -0.39897959183673465 -0.010102040816326539 0.27500000000000008 -0.37939393939393934 0.34021276595744687
decision_type=8 10 2 10 2 2 2 10 2 2 2 2 2 2
left_child=1 3 11 4 10 7 -7 -4 -6 -2 -1 -3 -13 -11
right_child=9 2 5 -5 8 6 -8 -9 -10 13 -12 12 -14 -15
leaf_value=9.3832752109888372e-05 -0.00025278110083745106 0.00021444664451113267 0.00013450764040856365 0.00068658017395084798 2.5473472439123333e-05 9.667079050799795e-05 -2.2350780141410184e-05 0.00083850398104662826 -8.0488331017187015e-05 -8.6473716833731869e-05 0.00038656268506208368 -0.00046094773000073138 -0.00015231368723272074 3.4372371012533035e-05
leaf_weight=10224 9657 1564 9356 1356 601650 34313 459313 995 41162 78580 5485 3324 20134 20389
leaf_count=10224 9657 1564 9356 1356 601650 34313 459313 995 41162 78580 5485 3324 20134 20389
internal_value=-1.16145e-06 5.88733e-06 -1.71223e-05 2.43787e-05 2.29665e-05 -9.45084e-06 -1.4016e-05 0.000205301 1.86413e-05 -7.85822e-05 0.000198007 -0.000170417 -0.000197379 -6.12743e-05
internal_weight=1.2975e+06 1.18888e+06 528999 659877 658521 503977 493626 10351 642812 108626 15709 25022 23458 98969
internal_count=1297502 1188876 528999 659877 658521 503977 493626 10351 642812 108626 15709 25022 23458 98969
is_linear=0
shrinkage=0.01


Tree=273
num_leaves=15
num_cat=0
split_feature=1 7 28 18 23 27 26 23 26 25 28 27 26 11
split_gain=7.66363 6.02554 5.17216 7.7014 7.38745 5.77987 9.39741 5.5229 3.26993 3.73968 3.12678 2.78303 4.87545 2.92343
threshold=0.30104166666666676 -0.40454545454545449 -0.23956521739130432 0.011766334440753036 0.028594771241830078 -0.14365079365079361 0.096006144393241177 0.14583333333333334 1.0000000180025095e-35 0.17500000000000002 -0.44058823529411756 0.47801932367149763 0.95875850340136071 0.17006802721088435
decision_type=10 2 8 2 10 2 2 8 2 2 10 2 2 2
left_child=1 8 3 -3 -5 6 -4 -7 9 -1 -2 -12 -13 -14
right_child=10 2 5 4 -6 7 -8 -9 -10 -11 11 12 13 -15
leaf_value=0.00066706687897834824 0.00013969076692254764 0.00011552956884319779 0.00015908913608880782 -1.6827453350287029e-05 0.00020251032269201171 -2.0660875338333913e-05 1.0443488517504838e-05 0.00034092626301955212 -0.00010559547580457197 -4.2509202723129186e-05 -5.9323040523518949e-05 -0.00025864701384421986 0.00038396933331696399 -0.00044651098056326406
leaf_weight=1189 6951 112190 52473 140549 17225 527548 227350 4247 57278 1783 130133 15738 2039 503
leaf_count=1189 6951 112190 52473 140549 17225 527548 227350 4247 57278 1783 130133 15738 2039 503
internal_value=-1.34106e-07 8.80856e-06 1.42544e-05 5.21742e-05 6.93203e-06 1.60419e-06 3.84265e-05 -1.77149e-05 -8.84502e-05 0.000231671 -6.60493e-05 -7.589e-05 -0.000192158 0.000207517
internal_weight=1.2972e+06 1.14183e+06 1.08158e+06 269964 157774 811618 279823 531795 60250 2972 155364 148413 18280 2542
internal_count=1297196 1141832 1081582 269964 157774 811618 279823 531795 60250 2972 155364 148413 18280 2542
is_linear=0
shrinkage=0.01


Tree=274
num_leaves=15
num_cat=0
split_feature=22 28 3 16 22 17 25 24 27 18 7 18 24 24
split_gain=7.27088 8.07763 7.68341 5.79871 5.63597 4.93041 5.65374 4.61895 4.36005 4.97806 4.30251 4.15648 4.0086 4.51076
threshold=-0.45401691331923882 0.063301282051282062 0.30104166666666676 -0.42590909090909085 0.36978260869565222 0.023268398268398275 0.27500000000000008 0.13078947368421054 -0.14365079365079361 -0.17888888888888885 0.012049941927990694 0.056186868686868681 -0.42752100840336132 -0.1039136302294197
decision_type=2 10 8 2 2 2 2 8 2 2 2 2 10 10
left_child=3 4 5 -1 8 7 -7 -3 11 -10 -6 -2 -4 -14
right_child=1 2 12 -5 10 6 -8 -9 9 -11 -12 -13 13 -15
leaf_value=-0.00065335813092510836 9.4273154528259095e-05 -6.3719200632649049e-05 0.00016805218331083249 -0.00010401959096840332 -0.00019029298160078256 0.00020224689626200269 1.5029070008232099e-05 1.0161876672513429e-05 0.00010660795409353278 3.9983631132468915e-06 5.0885672438913562e-06 -1.8187505559461283e-05 -0.00027483129083040697 -8.9020501508011604e-05
leaf_weight=2052 169480 188344 4468 37469 19903 18371 136509 152548 54133 379448 25318 40240 18035 50724
leaf_count=2052 169480 188344 4468 37469 19903 18371 136509 152548 54133 379448 25318 40240 18035 50724
internal_value=1.76956e-07 4.39752e-06 -2.34536e-05 -0.000133349 2.74575e-05 -9.26506e-06 3.7433e-05 -3.05699e-05 3.50756e-05 1.68791e-05 -8.02478e-05 7.25518e-05 -0.000119101 -0.000138204
internal_weight=1.29704e+06 1.25752e+06 568999 39521 688522 495772 154880 340892 643301 433581 45221 209720 73227 68759
internal_count=1297042 1257521 568999 39521 688522 495772 154880 340892 643301 433581 45221 209720 73227 68759
is_linear=0
shrinkage=0.01


Tree=275
num_leaves=15
num_cat=0
split_feature=28 26 24 20 21 21 24 26 11 24 15 26 21 18
split_gain=7.28511 9.90879 6.59852 6.57514 5.63795 5.29677 5.41501 7.72146 6.0062 5.20021 4.96181 5.10782 4.91792 5.96768
threshold=0.10208333333333332 0.05634920634920635 -0.42022727272727267 -0.057777777777777782 0.41918367346938784 -0.43938775510204076 -0.063164893617021253 0.15954545454545457 -0.23401360544217684 -0.2214052287581699 -0.47979591836734686 0.87902439024390255 0.34021276595744687 0.069090909090909106
decision_type=10 2 10 2 2 2 10 2 2 8 2 2 2 2
left_child=5 2 4 12 -2 -1 10 -8 -9 -5 11 -7 13 -3
right_child=1 3 -4 9 -6 6 7 8 -10 -11 -12 -13 -14 -15
leaf_value=0.00018758528357860904 0.00087922962509175172 -0.0002575023897650314 6.8036300707240559e-05 -9.7054286084098247e-05 -0.00027355764473126085 0.00054042878390544622 -3.1586274386837157e-05 -4.3692268177198968e-05 8.404630506315524e-05 -6.0663499740668869e-06 -1.6814819483150062e-05 -0.0003977759606367841 -2.311537763545608e-05 -2.0013374463739696e-05
leaf_weight=18930 1804 34987 65067 79490 506 2938 106670 42254 271417 303526 321457 683 30600 15575
leaf_count=18930 1804 34987 65067 79490 506 2938 106670 42254 271417 303526 321457 683 30600 15575
internal_value=2.44613e-06 -2.59595e-05 8.72165e-05 -4.24525e-05 0.000613717 2.22397e-05 1.79997e-05 4.17185e-05 6.6743e-05 -2.50287e-05 -1.25777e-05 0.000355002 -0.000124305 -0.000184946
internal_weight=1.2959e+06 531555 67377 464178 2310 764349 745419 420341 313671 383016 325078 3621 81162 50562
internal_count=1295904 531555 67377 464178 2310 764349 745419 420341 313671 383016 325078 3621 81162 50562
is_linear=0
shrinkage=0.01


Tree=276
num_leaves=15
num_cat=0
split_feature=11 27 19 23 28 15 28 1 4 19 23 14 27 4
split_gain=7.20976 6.71798 8.15239 7.2424 5.01627 5.12664 5.93359 4.67812 4.36936 4.20079 7.16043 4.81762 4.35366 4.27871
threshold=-0.33156028368794321 0.060487804878048841 -0.47979591836734686 0.1125 0.47402159244264513 -0.18042553191489358 0.23499399759903969 0.47979591836734697 -0.19895833333333332 -0.39472517730496448 0.010527482269503509 -0.42590909090909085 -0.19023809523809521 0.16333333333333336
decision_type=2 2 2 8 10 2 8 10 2 2 8 2 2 2
left_child=9 4 -3 7 5 6 -2 -4 -6 10 13 -11 -12 -1
right_child=1 2 3 -5 8 -7 -8 -9 -10 11 12 -13 -14 -15
leaf_value=-2.8704351856554863e-05 -1.9116634745897395e-05 0.00049055449045006634 -2.0112369530841233e-05 0.00029692054175544221 0.00023023788259108892 4.5021540005688563e-05 -0.00035738754287248251 -0.00019996873514576964 -0.00014839085219883383 -0.00055667402351669885 0 -9.0270167140222589e-05 -0.0010998761024892663 0.00033764768663793911
leaf_weight=5959 53149 3127 515113 7056 3422 562996 5777 14926 24540 2297 592 90410 763 6526
leaf_count=5959 53149 3127 515113 7056 3422 562996 5777 14926 24540 2297 592 90410 763 6526
internal_value=1.01984e-06 8.09822e-06 -1.79261e-05 -2.09451e-05 2.97773e-05 3.57041e-05 -5.28057e-05 -2.52349e-05 -0.000100962 -7.77605e-05 8.35487e-05 -0.000102167 -0.000601474 0.000160423
internal_weight=1.29665e+06 1.19011e+06 540222 537095 649884 621922 58926 530039 27962 106547 13840 92707 1355 12485
internal_count=1296653 1190106 540222 537095 649884 621922 58926 530039 27962 106547 13840 92707 1355 12485
is_linear=0
shrinkage=0.01


Tree=277
num_leaves=15
num_cat=0
split_feature=22 10 0 22 21 27 26 23 17 17 22 4 23 23
split_gain=7.96036 8.00882 7.02351 5.05776 6.84791 4.50641 8.79347 6.54346 4.47423 3.55694 2.63987 2.49367 4.69358 2.00035
threshold=0.32025641025641027 0.023268398268398275 0.37766439909297056 -0.4759001161440185 0.47326388888888893 -0.14365079365079361 0.096006144393241177 0.1125 -0.45959183673469384 -0.41010101010101002 -0.39897959183673465 0.36811594202898557 0.010527482269503509 0.010527482269503509
decision_type=2 2 8 2 2 2 2 8 2 2 2 2 8 8
left_child=2 9 3 4 8 6 -5 -7 -1 -2 -4 -11 -13 -3
right_child=1 13 10 5 -6 7 -8 -9 -10 11 -12 12 -14 -15
leaf_value=-0.0010780480297770719 -0.00070343587759472137 0 -0.00024137881459303603 0.00015017689308691231 0.00063633776449412843 -2.1260508480487458e-06 2.1988328122012112e-05 0.00024855464753668557 -0.00017094905953382819 -0.00010566791215102602 -5.9399299635758281e-05 -0.00012890177323100812 -0.00070155974314531095 0.00016540664779320273
leaf_weight=576 1086 32382 9004 65452 1011 684314 298342 10569 15980 80482 81701 4986 2116 9489
leaf_count=576 1086 32382 9004 65452 1011 684314 298342 10569 15980 80482 81701 4986 2116 9489
internal_value=-1.60739e-06 -7.56822e-05 6.65347e-06 1.37994e-05 -0.00015431 1.66176e-05 4.51349e-05 1.64463e-06 -0.000204509 -0.000129582 -7.7802e-05 -0.0001221 -0.000303968 3.77457e-05
internal_weight=1.29749e+06 130541 1.16695e+06 1.07624e+06 17567 1.05868e+06 363794 694883 16556 88670 90705 87584 7102 41871
internal_count=1297490 130541 1166949 1076244 17567 1058677 363794 694883 16556 88670 90705 87584 7102 41871
is_linear=0
shrinkage=0.01


Tree=278
num_leaves=15
num_cat=0
split_feature=11 28 2 22 18 26 6 24 3 24 22 24 14 22
split_gain=7.12908 6.25369 4.90824 4.79012 5.11149 4.68103 4.07233 3.9759 3.52491 3.93759 3.30721 5.00021 3.21645 3.06503
threshold=-0.35321969696969691 0.022233201581027654 0.34944495837187795 -0.45401691331923882 0.011237373737373714 0.50510204081632659 0.025657894736842105 -0.063164893617021253 -0.43683510638297868 -0.039230769230769201 0.18927203065134104 -0.45773809523809517 0.052105948762483707 0.039736842105263188
decision_type=2 10 8 2 2 2 10 8 10 8 2 8 2 2
left_child=5 3 8 -2 7 10 -6 -5 12 -10 11 -1 -3 -4
right_child=1 2 13 4 6 -7 -8 -9 9 -11 -12 -13 -14 -15
leaf_value=0.0004652064150182663 -0.00010944273060086895 -0.00022176874022017241 -1.5599674192559969e-05 2.3853644425451136e-05 -5.2416062198998477e-06 -0.00015651376030917383 7.0553589283347962e-05 0.00010965148545401836 -3.2742988298073444e-05 2.3824208356274611e-05 -0.00016656309271598959 0 6.635706924849988e-05 -0.00016395338345899697
leaf_weight=2461 23046 13421 24770 92421 274663 43848 95271 133543 207966 301305 11061 35896 5247 33284
leaf_count=2461 23046 13421 24770 92421 274663 43848 95271 133543 207966 301305 11061 35896 5247 33284
internal_value=2.95565e-06 9.49768e-06 -1.38802e-05 3.16794e-05 3.71881e-05 -8.12391e-05 1.41976e-05 7.46931e-05 -4.22348e-06 6.65453e-07 -1.38364e-05 2.94329e-05 -0.000139181 -0.000101176
internal_weight=1.2982e+06 1.20494e+06 585993 618944 595898 93266 369934 225964 527939 509271 49418 38357 18668 58054
internal_count=1298203 1204937 585993 618944 595898 93266 369934 225964 527939 509271 49418 38357 18668 58054
is_linear=0
shrinkage=0.01


Tree=279
num_leaves=15
num_cat=0
split_feature=24 26 23 15 24 27 14 19 15 26 24 14 18 1
split_gain=6.81614 8.50474 7.69676 5.6133 4.98476 4.95732 4.62276 4.08201 4.55532 4.02121 4.40946 3.94128 3.80646 3.63695
threshold=-0.17928571428571424 0.021980676328502421 0.04006410256410254 0.018187830687830701 -0.45773809523809517 -0.010874704491725782 0.031582446808510641 -0.41578014184397155 0.010753931544865871 0.06186224489795919 0.43875000000000003 0.047727272727272736 -0.30217391304347824 0.056186868686868681
decision_type=10 2 8 2 10 2 2 2 2 2 10 2 2 10
left_child=1 4 5 6 7 -2 12 -1 -9 -7 -11 -5 -3 -6
right_child=2 3 -4 11 13 9 -8 8 -10 10 -12 -13 -14 -15
leaf_value=-0.00012458488774931697 3.3966963529454431e-05 -0.00028584117116694379 0.0001355997816066827 4.6115101539101523e-05 0.00017028041743892636 -8.4969958252107444e-05 3.2963183860809426e-05 0.0011762883495515669 5.6194185368828954e-05 -1.3072826528227001e-05 8.9514725308721121e-05 -7.8473733357238372e-05 -9.0198701228426297e-05 -8.4831022545643373e-05
leaf_weight=560 423735 10780 50808 76620 17529 66752 29070 1173 610 365132 47317 37931 161057 8024
leaf_count=560 423735 10780 50808 76620 17529 66752 29070 1173 610 365132 47317 37931 161057 8024
internal_value=2.0282e-06 -3.61507e-05 1.58044e-05 -5.10194e-05 0.000130902 9.02986e-06 -8.28793e-05 0.000574433 0.000810617 -1.29583e-05 -1.23047e-06 4.59744e-06 -0.000102651 8.89974e-05
internal_weight=1.2971e+06 343354 953744 315458 27896 902936 200907 2343 1783 479201 412449 114551 171837 25553
internal_count=1297098 343354 953744 315458 27896 902936 200907 2343 1783 479201 412449 114551 171837 25553
is_linear=0
shrinkage=0.01


Tree=280
num_leaves=15
num_cat=0
split_feature=28 4 21 24 14 18 15 18 24 24 3 18 15 28
split_gain=6.6927 6.63629 6.26431 5.96249 6.02951 4.76479 4.63558 5.83784 5.4254 5.89565 4.45392 4.77006 4.32809 4.18989
threshold=0.13525498891352553 0.19678442028985507 -0.43938775510204076 -0.063164893617021253 0.36811594202898557 0.011766334440753036 0.010310374149659853 -0.34066731141199219 0.10912698412698414 -0.45773809523809517 0.36811594202898557 -0.44727272727272721 0.010527482269503509 0.20900537634408609
decision_type=10 2 2 10 2 2 2 2 10 8 10 2 2 10
left_child=2 -2 -1 10 5 -5 7 -3 9 -8 -4 -12 -10 -9
right_child=1 6 3 4 -6 -7 8 13 12 -11 11 -13 -14 -15
leaf_value=0.00019432483418328986 -9.4528032859579963e-06 -0.00047581907763557407 -6.6202396672856006e-06 8.7373965008877744e-05 -9.6200305483222818e-05 1.8363916698192212e-05 0.00042917636723497287 6.1087898201034457e-05 0.00024241239555991632 -0.00019113568564768098 0.00045780693768579495 -0.00017829571494898364 -2.6134010392963465e-05 -0.00021200074606091788
leaf_weight=19886 398009 6218 316632 181019 30593 226791 1594 7730 7473 27069 1214 23595 29852 19187
leaf_count=19886 398009 6218 316632 181019 30593 226791 1594 7730 7473 27069 1214 23595 29852 19187
internal_value=1.01881e-06 -2.77697e-05 1.8952e-05 1.44408e-05 3.88637e-05 4.90701e-05 -0.000101012 -0.000197838 -5.19311e-05 -0.000155551 -1.68299e-05 -0.000145908 2.68443e-05 -0.000132463
internal_weight=1.29686e+06 497132 799730 779844 438403 407810 99123 33135 65988 28663 341441 24809 37325 26917
internal_count=1296862 497132 799730 779844 438403 407810 99123 33135 65988 28663 341441 24809 37325 26917
is_linear=0
shrinkage=0.01


Tree=281
num_leaves=15
num_cat=0
split_feature=11 19 23 27 23 28 19 26 27 22 4 22 4 2
split_gain=7.12824 6.50887 8.35174 5.98528 6.93046 5.58165 5.01592 4.83294 4.75013 4.25057 3.88432 4.5595 3.82561 3.64112
threshold=-0.29795918367346935 -0.39472517730496448 0.010527482269503509 -0.097872340425531903 0.1125 0.4587585034013606 -0.47979591836734686 0.29217479674796754 -0.27888888888888885 0.070714285714285688 0.40212765957446817 -0.4759001161440185 0.4354764107308049 -0.25777777777777772
decision_type=2 2 10 2 8 8 2 2 2 2 2 2 2 10
left_child=1 2 13 5 6 10 -5 -3 -4 -8 11 -2 -9 -1
right_child=3 7 8 4 -6 -7 9 12 -10 -11 -12 -13 -14 -15
leaf_value=-5.0045759384029067e-05 -0.00022680444361307186 -1.4286632954431881e-05 0.00016632821784624534 0.00038134204840537715 0.00024515380828310176 -0.00011516405721952031 5.9686359620926719e-06 -0.00012915237298542035 -0.00097284781224838161 -4.3834718179702348e-05 -0.00010942091566776486 5.6090640122646526e-05 -0.00043812169060169679 0.0002860781290005238
leaf_weight=4395 5736 44053 501 3211 10586 22503 419188 63964 1037 288875 15347 402485 4380 10782
leaf_count=4395 5736 44053 501 3211 10586 22503 419188 63964 1037 288875 15347 402485 4380 10782
internal_value=1.28715e-06 -6.91931e-05 0.000114088 9.10442e-06 -8.65721e-06 3.79145e-05 -1.24779e-05 -9.67188e-05 -0.000582695 -1.43078e-05 4.61188e-05 5.20405e-05 -0.000149411 0.000186775
internal_weight=1.29704e+06 129112 16715 1.16793e+06 721860 446071 711274 112397 1538 708063 423568 408221 68344 15177
internal_count=1297043 129112 16715 1167931 721860 446071 711274 112397 1538 708063 423568 408221 68344 15177
is_linear=0
shrinkage=0.01


Tree=282
num_leaves=15
num_cat=0
split_feature=28 26 23 17 21 3 11 26 23 28 23 21 18 21
split_gain=5.98498 7.38278 6.54529 5.68292 5.36769 4.65527 3.99968 4.54361 3.89161 3.82357 5.99435 4.25075 3.42996 3.25471
threshold=0.10208333333333332 0.039230769230769243 0.20833333333333334 -0.31957446808510631 -0.43938775510204076 0.45698427382053664 -0.39897959183673465 0.045983086680761107 0.010527482269503509 0.47849213691026832 0.066964285714285712 0.43938775510204087 0.21509740259740265 -0.37367021276595741
decision_type=8 2 10 2 2 8 2 2 10 8 8 2 2 2
left_child=2 13 4 5 -1 12 8 -8 -6 10 -5 -11 -3 -2
right_child=1 3 -4 9 6 -7 7 -9 -10 11 -12 -13 -14 -15
leaf_value=0.00018399598967303648 -0.00015556802220472363 -8.1994463333609897e-05 0.00071287955858005095 -1.9908389865870954e-05 -6.3754206035348735e-05 -0.00040591424278352972 -5.1540832911064241e-05 2.7453890858105986e-05 -0.00047471355678357972 -0.00013298930743988995 0.00042552789520593649 0.00042110089315377857 -0.00065151134453653029 0.00012150788153207729
leaf_weight=19002 4609 29802 1357 401096 26683 6240 82037 633653 2562 42770 3036 1404 1114 43084
leaf_count=19002 4609 29802 1357 401096 26683 6240 82037 633653 2562 42770 3036 1404 1114 43084
internal_value=1.24733e-06 -2.445e-05 1.9189e-05 -3.61584e-05 1.79147e-05 -0.000155163 1.36373e-05 1.83569e-05 -0.000100827 -2.62273e-05 -1.64847e-05 -0.000114672 -0.000103547 9.40945e-05
internal_weight=1.29845e+06 533155 765294 485462 763937 37156 744935 715690 29245 448306 404132 44174 30916 47693
internal_count=1298449 533155 765294 485462 763937 37156 744935 715690 29245 448306 404132 44174 30916 47693
is_linear=0
shrinkage=0.01


Tree=283
num_leaves=15
num_cat=0
split_feature=1 3 22 22 10 17 23 19 22 19 6 3 19 10
split_gain=7.44937 6.30912 5.44066 5.73201 5.78945 5.05083 3.82175 3.07361 3.07605 2.99103 2.95311 2.99367 2.90277 2.22256
threshold=0.30104166666666676 -0.43683510638297868 -0.4759001161440185 0.32025641025641027 0.023268398268398275 -0.44727272727272721 0.1125 -0.47979591836734686 -0.43969696969696964 -0.44159090909090903 -0.36085106382978716 -0.45789007092198575 -0.11851063829787233 0.17369121561668147
decision_type=10 8 2 2 2 2 8 2 2 2 10 10 2 2
left_child=1 10 5 6 -5 -3 -4 -2 12 -7 11 13 -9 -1
right_child=7 2 3 4 -6 9 -8 8 -10 -11 -12 -13 -14 -15
leaf_value=-0.00054359415879399358 0.00029286147078089007 -0.0011386412566417228 2.2058331625367291e-05 -9.7790238858961727e-05 6.2120811462785334e-05 0.00038525506751255076 0.00019204314157923209 -7.7708822276477575e-05 -5.9145697503474002e-05 -0.00017533538523279362 -6.8339904590635861e-05 -1.5877625441590429e-06 -0.00047190377795801802 -7.9759170246383092e-05
leaf_weight=3978 2339 528 962045 78470 31579 989 13460 4283 145416 13870 31679 2761 3643 1615
leaf_count=3978 2339 528 962045 78470 31579 989 13460 4283 145416 13870 31679 2761 3643 1615
internal_value=6.38953e-07 9.51566e-06 1.40241e-05 1.66962e-05 -5.16301e-05 -0.000172506 2.44351e-05 -6.4224e-05 -6.9872e-05 -0.000135934 -0.000113713 -0.000282097 -0.000262785 -0.000415136
internal_weight=1.29666e+06 1.14097e+06 1.10094e+06 1.08555e+06 110049 15387 975505 155681 153342 14859 40033 8354 7926 5593
internal_count=1296655 1140974 1100941 1085554 110049 15387 975505 155681 153342 14859 40033 8354 7926 5593
is_linear=0
shrinkage=0.01


Tree=284
num_leaves=15
num_cat=0
split_feature=24 28 26 23 18 24 3 19 26 24 28 28 22 22
split_gain=8.59399 7.26974 6.44805 6.01104 8.17285 8.13356 5.91446 6.51063 8.59832 6.38772 5.68487 5.496 5.43063 5.38648
threshold=-0.057189542483660143 0.17006802721088435 0.15954545454545457 0.028594771241830078 0.021980676328502428 0.45199692780337947 0.37766439909297056 -0.20106382978723403 0.14608739837398377 -0.42752100840336132 -0.43969696969696964 0.23861283643892342 -0.02970588235294119 0.080322580645161304
decision_type=10 10 2 10 2 10 10 2 2 10 10 10 2 2
left_child=6 2 12 4 -4 -5 7 8 -1 -8 -11 -10 -2 -9
right_child=1 -3 3 5 -6 -7 9 13 11 10 -12 -13 -14 -15
leaf_value=6.2271611026521793e-05 7.5557115358142494e-05 -1.7067944104128644e-05 9.2488494949986933e-05 0.0003130209232684734 -1.1335320998134377e-05 -0.0001128513256209038 0.00019539413216908052 1.7944016214009688e-05 -0.00017150698247410701 0.00020400235335196179 -0.00023737576733355204 -0.00064606212298314513 -6.6079069054051189e-05 -5.7047707177415081e-05
leaf_weight=17206 40933 306609 211421 19580 117463 5695 4643 272345 36603 3139 31616 2675 79460 147523
leaf_count=17206 40933 306609 211421 19580 117463 5695 4643 272345 36603 3139 31616 2675 79460 147523
internal_value=-8.01554e-08 2.08133e-05 4.53515e-05 6.6861e-05 5.53162e-05 0.000215874 -3.17837e-05 -2.19704e-05 -0.000122802 -0.000149661 -0.000196634 -0.000204637 -1.76736e-05 -8.33352e-06
internal_weight=1.29691e+06 781161 474552 354159 328884 25275 515750 476352 56484 39398 34755 39278 120393 419868
internal_count=1296911 781161 474552 354159 328884 25275 515750 476352 56484 39398 34755 39278 120393 419868
is_linear=0
shrinkage=0.01


Tree=285
num_leaves=15
num_cat=0
split_feature=0 28 23 26 27 24 28 28 24 19 19 23 15 5
split_gain=6.79768 4.95322 6.33759 4.30011 6.62405 5.00194 4.93696 4.65838 4.12023 4.16614 3.63619 3.45826 2.921 2.95677
threshold=0.37766439909297056 0.022233201581027654 0.20833333333333334 0.045983086680761107 -0.2474489795918367 -0.2214052287581699 0.21583850931677021 0.080322580645161304 -0.47871376811594196 0.23124999999999998 0.023268398268398275 0.011237373737373714 -0.41918367346938773 0.47801932367149763
decision_type=10 8 10 2 2 8 10 8 10 2 2 10 2 10
left_child=1 2 8 4 11 6 -5 -6 -1 -10 -7 -3 -2 -14
right_child=12 3 -4 5 7 10 -8 -9 9 -11 -12 -13 13 -15
leaf_value=-0.00073856251492692608 0.00010321261643529856 0.00011071758032945385 0.00071362150150738413 -2.5323121762026559e-05 -0.00027231765672816675 -3.5888846762279386e-05 -0.00015923256696104174 3.2949437656449241e-05 1.4713338301078496e-05 9.8158187970825636e-05 2.4541896946216926e-05 0.00039732853497739579 -7.1183484043611548e-05 -0.00022620559273560761
leaf_weight=704 7823 11761 1332 62877 5654 227326 49881 42857 542717 67504 176680 6952 78649 14922
leaf_count=704 7823 11761 1332 62877 5654 227326 49881 42857 542717 67504 176680 6952 78649 14922
internal_value=-1.91524e-06 4.72461e-06 2.46172e-05 -1.60795e-05 5.90182e-05 -2.59071e-05 -8.48296e-05 -2.02597e-06 2.30623e-05 2.39938e-05 -9.38702e-06 0.000218845 -8.05458e-05 -9.62323e-05
internal_weight=1.29764e+06 1.19624e+06 612257 583988 67224 516764 112758 48511 610925 610221 404006 18713 101394 93571
internal_count=1297639 1196245 612257 583988 67224 516764 112758 48511 610925 610221 404006 18713 101394 93571
is_linear=0
shrinkage=0.01


Tree=286
num_leaves=15
num_cat=0
split_feature=1 3 22 27 26 23 26 15 27 26 11 15 4 11
split_gain=6.25722 6.83223 5.44304 4.60513 8.35099 7.03443 4.39675 3.85707 3.67951 4.1834 3.57634 2.95442 3.90686 2.79714
threshold=0.30558300395256921 -0.41918367346938773 0.32755102040816336 -0.14365079365079361 0.05634920634920635 0.091666666666666688 0.62645348837209314 -0.40212765957446805 0.47801932367149763 0.95875850340136071 0.023268398268398275 -0.42111111111111105 0.35791925465838514 0.37877551020408168
decision_type=10 8 2 2 2 8 2 2 2 2 2 2 2 2
left_child=1 6 3 4 -3 -5 11 13 -9 -10 -4 -1 -13 -2
right_child=7 2 10 5 -6 -7 -8 8 9 -11 -12 12 -14 -15
leaf_value=0.00037649620589599538 0.00014744511248956368 0.0001827677313905712 -9.4134239719725709e-05 -1.0262828690760941e-06 3.0331630318107839e-05 0.00024589659325198606 -0.0002228338197294116 -5.8254170292065702e-05 -0.00029239510485495733 0.00018272137714121493 3.3627254153386062e-05 -2.245625461773679e-05 -0.00050030404504109642 -0.00057728085479135153
leaf_weight=1668 11222 41052 74525 639059 296738 11743 20032 126559 12962 2079 30614 26192 1844 542
leaf_count=1668 11222 41052 74525 639059 296738 11743 20032 126559 12962 2079 30614 26192 1844 542
internal_value=-1.57299e-06 6.44782e-06 1.16852e-05 1.89831e-05 4.89476e-05 3.38418e-06 -0.000108117 -6.15699e-05 -7.61512e-05 -0.000224706 -5.66479e-05 -2.97296e-05 -5.50056e-05 0.000111367
internal_weight=1.29683e+06 1.14347e+06 1.09373e+06 988592 337790 650802 49736 153364 141600 15041 105139 29704 28036 11764
internal_count=1296831 1143467 1093731 988592 337790 650802 49736 153364 141600 15041 105139 29704 28036 11764
is_linear=0
shrinkage=0.01


Tree=287
num_leaves=15
num_cat=0
split_feature=27 28 3 19 17 3 22 0 21 25 17 10 22 11
split_gain=6.34535 5.36325 5.26969 5.11087 4.94651 4.15825 3.85383 3.96002 3.77564 4.98125 3.52955 3.29197 2.93167 2.80887
threshold=0.019259259259259257 0.47402159244264513 -0.46863636363636357 -0.47979591836734686 -0.39897959183673465 0.31725417439703163 0.32025641025641027 0.47801932367149763 0.2525510204081633 0.82500000000000018 -0.11851063829787233 0.023268398268398275 -0.45959183673469384 0.43683510638297879
decision_type=2 8 10 2 2 8 2 8 2 2 2 2 2 2
left_child=1 4 -2 -4 12 10 7 -5 13 -10 -3 -8 -1 -6
right_child=2 5 3 6 8 -7 11 -9 9 -11 -12 -13 -14 -15
leaf_value=-0.00055270964964827232 -0.00035545490016444678 0.00023816300789198224 0.00031820642086076157 -1.0091899438141126e-05 3.8015176911523043e-05 -0.00051298150115825533 -0.00015121183077597492 -0.00015531403220261331 1.2327885167681807e-05 -0.00017523619776452042 -0.00011285109436317363 2.6511705889433806e-06 -8.6956791584764763e-05 0.00015693320239171024
leaf_weight=1483 4746 3181 4405 559513 494875 2355 40404 19472 60004 18437 25380 20624 20307 20888
leaf_count=1483 4746 3181 4405 559513 494875 2355 40404 19472 60004 18437 25380 20624 20307 20888
internal_value=-1.06128e-06 2.10794e-05 -2.31713e-05 -2.06759e-05 2.75689e-05 -0.000107241 -2.30567e-05 -1.50285e-05 3.30352e-05 -3.13803e-05 -7.26855e-05 -9.87257e-05 -0.000120104 4.28903e-05
internal_weight=1.29607e+06 646910 649164 644418 615994 30916 640013 578985 594204 78441 28561 61028 21790 515763
internal_count=1296074 646910 649164 644418 615994 30916 640013 578985 594204 78441 28561 61028 21790 515763
is_linear=0
shrinkage=0.01


Tree=288
num_leaves=15
num_cat=0
split_feature=11 27 23 28 4 28 15 24 22 22 22 22 21 3
split_gain=6.25728 5.94752 6.83723 5.37629 5.2617 4.87125 4.6443 4.64284 5.30498 4.92101 3.8807 3.69485 3.37578 4.84237
threshold=-0.33156028368794321 0.04653679653679655 0.091666666666666688 0.47402159244264513 -0.3010416666666666 -1.0000000180025095e-35 -0.41918367346938773 -0.0292857142857143 -0.45698427382053647 0.13438086303939964 0.23979166666666671 -0.36535926170072502 0.31441326530612251 0.4354764107308049
decision_type=2 2 8 8 2 8 2 10 2 2 2 2 2 10
left_child=10 3 5 7 -5 6 -3 9 -9 -2 12 -7 13 -1
right_child=1 2 -4 4 -6 11 -8 8 -10 -11 -12 -13 -14 -15
leaf_value=-5.8591275102306639e-05 3.5207665958135822e-05 0.00021430390163272375 0.00027613571970556402 0.00039577170578044293 -0.0001480027330638105 6.8638437923253056e-05 9.2112238826232088e-07 -0.00030053217240742747 6.9516424358554389e-05 -4.8012954281086389e-05 -0.00020852204595918271 -6.0658146167078394e-05 6.2298801206356542e-05 -0.00041278027300428705
leaf_weight=63211 220630 10636 7829 1885 25382 23914 254801 3898 272767 104647 17794 262978 21555 4152
leaf_count=63211 220630 10636 7829 1885 25382 23914 254801 3898 272767 104647 17794 262978 21555 4152
internal_value=7.97397e-08 6.68444e-06 -1.69825e-05 2.78018e-05 -0.000109271 -2.11931e-05 9.58667e-06 3.40613e-05 6.41911e-05 8.34179e-06 -7.32504e-05 -4.97754e-05 -4.58368e-05 -8.08849e-05
internal_weight=1.29608e+06 1.18937e+06 560158 629209 27267 552329 265437 601942 276665 325277 106712 286892 88918 67363
internal_count=1296079 1189367 560158 629209 27267 552329 265437 601942 276665 325277 106712 286892 88918 67363
is_linear=0
shrinkage=0.01


Tree=289
num_leaves=15
num_cat=0
split_feature=22 22 28 26 19 19 8 16 19 19 3 28 28 4
split_gain=5.83588 6.30013 5.94619 5.66326 6.50888 5.60715 4.99165 4.79629 4.33936 3.89845 3.88537 3.81248 3.79456 3.6472
threshold=0.32025641025641027 -0.45698427382053647 0.10208333333333332 0.05634920634920635 0.37627551020408168 0.010421189752496731 0.023268398268398275 -0.42590909090909085 0.23124999999999998 -0.43683510638297868 -0.44727272727272721 -0.29795918367346935 -0.23956521739130432 -0.020416666666666663
decision_type=2 2 10 2 2 2 2 2 2 2 8 10 8 2
left_child=1 7 8 4 -4 -5 13 -1 12 11 -10 -9 -3 -2
right_child=6 2 3 5 -6 -7 -8 9 10 -11 -12 -13 -14 -15
leaf_value=-0.00059742774340235561 2.5977634170133316e-05 5.0275348432494299e-05 0.00011415143546501954 -0.00010404974058489597 -0.00020218501284757897 -1.0900841983560404e-05 3.074633537317428e-05 -0.00036504493432362056 -0.00045053970969659052 -0.00013541871032297077 0.0001100136181077556 0.00037928862468383854 -1.0212181676502858e-06 -0.00013435581153620576
leaf_weight=2049 17169 252987 52444 80817 7364 327581 38962 858 1234 28771 76595 2937 332779 74233
leaf_count=2049 17169 252987 52444 80817 7364 327581 38962 858 1234 28771 76595 2937 332779 74233
internal_value=0 7.11094e-06 1.11998e-05 -1.60459e-05 7.4692e-05 -2.9408e-05 -6.34357e-05 -0.000125705 3.04685e-05 -9.50515e-05 0.000100723 0.00020295 2.10822e-05 -0.000103911
internal_weight=1.29678e+06 1.16642e+06 1.1318e+06 468206 59808 408398 130364 34615 663595 32566 77829 3795 585766 91402
internal_count=1296780 1166416 1131801 468206 59808 408398 130364 34615 663595 32566 77829 3795 585766 91402
is_linear=0
shrinkage=0.01


Tree=290
num_leaves=15
num_cat=0
split_feature=1 3 6 28 22 22 24 28 23 4 28 28 18 3
split_gain=6.45686 5.20447 5.06054 4.52867 4.38429 4.34494 4.34597 3.43698 3.00311 2.86583 2.99422 2.90095 2.82264 3.56372
threshold=0.27178030303030309 -0.44727272727272721 0.19782608695652174 0.41010101010101013 0.48456521739130437 -0.47979591836734686 0.26163419913419916 -0.39528508771929821 0.010102040816326542 0.28492136910268279 -0.28474903474903468 -0.094916344916344889 -0.18042553191489358 0.47979591836734697
decision_type=10 8 10 10 2 2 10 10 10 2 10 10 2 10
left_child=1 2 -1 7 5 -3 -7 8 -2 10 -4 -11 13 -9
right_child=3 4 9 -5 -6 6 -8 12 -10 11 -12 -13 -14 -15
leaf_value=-0.00025940941121973014 0.00023758227138869615 -0.00028336517740064061 -0.00032062091559366721 -0.00019932448541853685 -0.00017979262548555708 3.7214162780009271e-06 4.878126320883299e-05 6.8085026102986779e-05 -2.5586066036615638e-05 0.00028522893523896369 0.00013030115774058861 -0.00053090132845489497 -7.6688295133869134e-05 -0.00026866841947049291
leaf_weight=14030 8005 4849 1679 19511 11672 773132 296909 28040 9065 531 10653 1697 113772 3516
leaf_count=14030 8005 4849 1679 19511 11672 773132 296909 28040 9065 531 10653 1697 113772 3516
internal_value=1.89046e-07 9.22349e-06 -0.000123852 -5.50289e-05 1.2753e-05 1.48722e-05 1.62525e-05 -3.75047e-05 9.609e-05 4.73699e-06 6.6413e-05 -0.000322824 -5.34046e-05 2.95911e-05
internal_weight=1.29706e+06 1.11515e+06 28590 181909 1.08656e+06 1.07489e+06 1.07004e+06 162398 17070 14560 12332 2228 145328 31556
internal_count=1297061 1115152 28590 181909 1086562 1074890 1070041 162398 17070 14560 12332 2228 145328 31556
is_linear=0
shrinkage=0.01


Tree=291
num_leaves=15
num_cat=0
split_feature=0 3 24 26 23 27 26 24 23 19 27 24 3 23
split_gain=6.23464 5.91905 6.3194 7.0419 6.34192 6.82602 4.86364 4.71687 4.64815 3.0644 3.1052 2.75529 2.11719 2.09933
threshold=0.37766439909297056 -0.43683510638297868 0.26163419913419916 0.40862708719851587 0.077380952380952397 -0.12778327560613556 0.95959183673469395 0.48500000000000004 0.010102040816326542 -0.23401360544217684 0.38944444444444448 -0.30220445736434104 -0.45789007092198575 0.010990338164251214
decision_type=10 8 10 2 10 2 2 10 10 2 2 10 10 10
left_child=1 6 4 8 5 -3 13 -5 -4 -2 -11 -6 -8 -1
right_child=9 2 3 7 11 -7 12 -9 -10 10 -12 -13 -14 -15
leaf_value=-5.321641747995306e-05 6.2736134511248225e-08 2.6636058084864908e-05 -8.4682095733269673e-05 9.8905831764196394e-05 -0.00049342414982703209 -3.3101977284630419e-05 -0.00056154081212754904 -0.00016153245498597022 3.3265885155945821e-05 -8.0022319739338034e-05 -0.00024523037906943988 0.00023318581890296365 -0.00011482773430474131 -0.00040181726911538341
leaf_weight=32680 33006 305516 49338 167993 515 510256 3261 7167 103293 53556 14859 13449 1856 1861
leaf_count=32680 33006 305516 49338 167993 515 510256 3261 7167 103293 53556 14859 13449 1856 1861
internal_value=-2.87928e-06 3.47431e-06 7.61448e-06 4.48011e-05 -7.04021e-06 -1.06926e-05 -0.000116603 8.80757e-05 -4.66519e-06 -7.81714e-05 -0.000116351 0.00020414 -0.000405534 -7.29001e-05
internal_weight=1.29861e+06 1.19718e+06 1.15753e+06 327791 829736 815772 39658 175160 152631 101421 68415 13964 5117 34541
internal_count=1298606 1197185 1157527 327791 829736 815772 39658 175160 152631 101421 68415 13964 5117 34541
is_linear=0
shrinkage=0.01


Tree=292
num_leaves=15
num_cat=0
split_feature=22 10 22 16 27 23 15 25 19 19 23 3 24 24
split_gain=5.61113 6.40041 5.22896 5.6459 5.16311 5.50734 5.2467 5.90365 4.12255 4.0288 3.67949 2.9458 2.98452 2.87254
threshold=0.32025641025641027 0.023268398268398275 -0.45401691331923882 -0.42590909090909085 0.024404761904761933 0.091666666666666688 -0.18042553191489358 0.82500000000000018 -0.43938775510204076 -0.47979591836734686 0.012049941927990694 0.28062500000000007 -0.1039136302294197 0.13078947368421054
decision_type=2 2 2 2 2 8 2 2 2 2 10 10 10 10
left_child=2 11 3 -1 6 9 7 -4 -5 -6 -10 -2 -13 -8
right_child=1 -3 4 8 5 -7 13 -9 10 -11 -12 12 -14 -15
leaf_value=-0.00061976627429055121 -8.7834792536361746e-05 3.9665939686974961e-05 4.423592650645609e-06 0.00024229697170311887 0.0003372497980641519 0.000251949618569531 2.3741574679700252e-05 -0.00022044129894940273 -0.00014929298816770465 -1.66483051509774e-05 0.00017945446829735923 -0.0004812276643238786 -0.00013102119324936848 7.2495513540161136e-05
leaf_weight=2041 77872 41760 41216 3593 3226 7858 322616 16152 30043 540110 3758 4097 6842 195974
leaf_count=2041 77872 41760 41216 3593 3226 7858 322616 16152 30043 540110 3758 4097 6842 195974
internal_value=2.35871e-07 -6.1907e-05 7.2171e-06 -0.000105894 1.12013e-05 -1.06358e-05 3.21516e-05 -5.83726e-05 -7.69963e-05 -1.449e-05 -0.000111843 -0.000110005 -0.000265022 4.22237e-05
internal_weight=1.29716e+06 130571 1.16659e+06 39435 1.12715e+06 551194 575958 57368 37394 543336 33801 88811 10939 518590
internal_count=1297158 130571 1166587 39435 1127152 551194 575958 57368 37394 543336 33801 88811 10939 518590
is_linear=0
shrinkage=0.01


Tree=293
num_leaves=15
num_cat=0
split_feature=24 22 28 19 15 22 26 22 23 28 23 24 24 24
split_gain=6.25985 7.45607 6.92065 7.03639 6.50126 6.73645 6.19461 5.88649 5.71168 6.69659 5.31254 5.15077 6.30692 5.08522
threshold=-0.057189542483660143 0.080322580645161304 0.17006802721088435 -0.026669758812615931 -0.1769565217391304 -0.21352583586626137 0.15954545454545457 -0.13976744186046511 0.034523809523809519 -0.31165540540540532 0.012347560975609741 -0.17573529411764702 -0.44913793103448268 0.28759398496240607
decision_type=10 2 10 2 2 2 2 2 10 10 10 10 8 10
left_child=1 4 6 -4 -1 -6 7 -2 -8 -10 -3 12 -12 -9
right_child=2 10 3 -5 5 -7 8 13 9 -11 11 -13 -14 -15
leaf_value=-0.00014206095436141542 9.8927701156816523e-05 -5.976628378468043e-05 -0.00012341692274473438 3.7495935540059315e-06 -4.6734247710270831e-05 5.2863418240164451e-05 5.3432261649119735e-05 -2.8854888726020113e-06 0.00054377054485899576 0.00012492544350692041 0.00032210858810934691 2.3490260661091751e-05 -0.00046138164826122077 -0.00016065183295734594
leaf_weight=28044 31242 176020 52384 254526 105415 190038 331429 56715 4972 17879 1104 4425 9470 32288
leaf_count=28044 31242 176020 52384 254526 105415 190038 331429 56715 4972 17879 1104 4425 9470 32288
internal_value=1.22063e-06 -2.58399e-05 1.90764e-05 -1.78587e-05 3.32365e-06 1.72262e-05 4.30282e-05 -1.87967e-05 6.40966e-05 0.000217431 -7.53857e-05 -0.000256638 -0.000376675 -6.04596e-05
internal_weight=1.29595e+06 514516 781435 306910 323497 295453 474525 120245 354280 22851 191019 14999 10574 89003
internal_count=1295951 514516 781435 306910 323497 295453 474525 120245 354280 22851 191019 14999 10574 89003
is_linear=0
shrinkage=0.01


Tree=294
num_leaves=15
num_cat=0
split_feature=24 23 3 28 25 19 24 18 18 22 25 22 24 24
split_gain=6.71377 5.53152 5.06981 5.99548 5.50395 7.53576 5.42608 7.13654 4.91944 4.84524 4.52559 4.00497 8.26298 6.05047
threshold=-0.17928571428571424 0.04653679653679655 0.30104166666666676 -0.45789007092198575 0.50000000000000011 0.1526175687666371 -0.37627551020408156 -0.45959183673469384 0.45831524099001308 0.20106382978723406 0.92500000000000016 -0.033712121212121214 0.43875000000000003 -0.14817073170731707
decision_type=10 10 8 10 2 2 8 2 2 2 2 2 10 8
left_child=2 11 4 9 -1 10 8 -8 -5 -4 -6 12 13 -2
right_child=1 -3 3 6 5 -7 7 -9 -10 -11 -12 -13 -14 -15
leaf_value=4.2289268223319031e-05 0.00041211892553707152 0.00012413716633543882 0.00063796736714079316 -8.2733150049619291e-05 -4.6073394571919589e-05 5.9611898776007817e-05 0.00059967054579197906 -0.00030779338257417899 0.00063974504862031962 -0.00024456211561002934 -0.00016228988522394065 -6.1848474058493271e-06 0.00015953017575886022 1.111652805128843e-05
leaf_weight=93462 3818 44216 1754 23084 102631 47172 879 21421 973 901 50582 582023 47494 276287
leaf_count=93462 3818 44216 1754 23084 102631 47172 879 21421 973 901 50582 582023 47494 276287
internal_value=1.19403e-06 1.48586e-05 -3.67334e-05 -0.000131003 -2.09065e-05 -5.05317e-05 -0.000157915 -0.000270603 -5.21891e-05 0.000327248 -8.46395e-05 9.51332e-06 3.74946e-05 1.66939e-05
internal_weight=1.2967e+06 953838 342859 49012 293847 200385 46357 22300 24057 2655 153213 909622 327599 280105
internal_count=1296697 953838 342859 49012 293847 200385 46357 22300 24057 2655 153213 909622 327599 280105
is_linear=0
shrinkage=0.01


Tree=295
num_leaves=15
num_cat=0
split_feature=0 22 3 26 28 26 19 22 22 28 10 26 15 10
split_gain=6.52374 4.96161 4.13662 4.16365 3.86859 6.02256 5.44774 2.54725 2.33784 2.44718 2.59113 2.21887 2.02572 1.88379
threshold=0.27178030303030309 0.4010869565217392 -0.43938775510204076 0.89897959183673481 0.17006802721088435 0.039230769230769243 0.18819444444444447 -0.43969696969696964 -0.39897959183673465 0.41010101010101013 0.010990338164251214 0.97979591836734703 -0.08347826086956521 0.023268398268398275
decision_type=8 2 8 2 8 2 2 2 2 8 2 2 2 2
left_child=1 2 3 7 6 -6 -4 -1 11 -10 -11 -2 -13 -3
right_child=8 13 4 -5 5 -7 -8 -9 9 10 -12 12 -14 -15
leaf_value=-0.00042936892167423282 -0.00021188513593795689 -0.00011642463709087112 1.9960162401917149e-05 -0.00032027525657612544 0.00012134302705951121 -2.3026250575207074e-05 0.00010442909552269627 -1.0026885074638745e-05 -3.0807941074077326e-05 -0.00024576899013756628 0 0.00066482879188908535 -0.00010070907899178566 2.4972710552280887e-05
leaf_weight=1557 14102 41935 590490 6737 31735 319119 88032 23084 148642 11510 7101 566 747 11729
leaf_count=1557 14102 41935 590490 6737 31735 319119 88032 23084 148642 11510 7101 566 747 11729
internal_value=-2.86766e-07 8.76972e-06 1.35401e-05 -9.9422e-05 1.70129e-05 -9.88151e-06 3.09639e-05 -3.77904e-05 -5.57019e-05 -4.45977e-05 -0.000153099 -0.000174204 0.000207261 -8.49616e-05
internal_weight=1.29709e+06 1.11442e+06 1.06075e+06 31378 1.02938e+06 350854 678522 24641 182668 167253 18611 15415 1313 53664
internal_count=1297086 1114418 1060754 31378 1029376 350854 678522 24641 182668 167253 18611 15415 1313 53664
is_linear=0
shrinkage=0.01


Tree=296
num_leaves=15
num_cat=0
split_feature=24 22 28 15 14 27 22 28 11 18 14 18 18 28
split_gain=6.07632 7.01544 6.59704 6.38385 5.78671 5.58321 5.04487 4.89607 4.56567 4.53982 4.93247 4.47968 4.26667 4.17051
threshold=-0.057189542483660143 0.080322580645161304 0.17006802721088435 0.010753931544865871 0.37888888888888894 0.36515151515151523 -0.18944444444444442 -0.45959183673469384 -0.46404255319148929 0.011766334440753036 0.04083333333333334 -0.28130434782608693 0.019615384615384649 -0.46076923076923076
decision_type=10 2 10 2 2 2 2 10 2 2 2 2 2 8
left_child=1 3 4 -1 9 -3 12 13 -4 -2 -11 -10 -5 -7
right_child=2 5 8 6 -6 7 -8 -9 11 10 -12 -13 -14 -15
leaf_value=-8.3862455684518674e-05 8.4947528540622075e-05 -5.3077751776745992e-05 -0.0003577014886554659 -7.8716646439507476e-07 -9.2427037013595694e-05 -0.00040215006798769961 5.7972415574265172e-05 -0.00024272799235084354 -0.00014547229766773414 -7.6907458080386256e-06 9.1599381722428259e-05 -3.2735808349610576e-06 -0.00017273770985116053 0.00065117570216967455
leaf_weight=69689 199256 163401 3938 75086 30596 517 161683 25721 24115 175244 69777 278783 17967 1157
leaf_count=69689 199256 163401 3938 75086 30596 517 161683 25721 24115 175244 69777 278783 17967 1157
internal_value=-6.73625e-07 -2.73575e-05 1.68752e-05 8.49438e-07 4.02472e-05 -7.54763e-05 2.41428e-05 -0.00020796 -1.91984e-05 4.94521e-05 2.04634e-05 -1.4695e-05 -3.43149e-05 0.000307839
internal_weight=1.29693e+06 515221 781709 324425 474873 190796 254736 27395 306836 444277 245021 302898 93053 1674
internal_count=1296930 515221 781709 324425 474873 190796 254736 27395 306836 444277 245021 302898 93053 1674
is_linear=0
shrinkage=0.01


Tree=297
num_leaves=15
num_cat=0
split_feature=24 15 24 14 18 11 18 17 27 22 24 9 19 24
split_gain=6.33261 5.50204 6.20242 7.63188 7.18856 7.2174 6.21739 4.62307 4.31375 4.2157 4.5879 4.38627 3.70033 7.09639
threshold=-0.17928571428571424 0.017549261083743887 -0.37939393939393934 0.042109929078014148 -0.46863636363636357 0.47849213691026832 -0.11851063829787233 -0.41010101010101002 0.024404761904761933 -0.15978723404255316 0.43875000000000003 0.028594771241830078 0.011766334440753036 0.46385017421602792
decision_type=10 2 8 2 2 2 2 2 2 2 8 2 2 10
left_child=1 2 3 6 -4 -6 -1 -2 12 10 -10 -11 13 -9
right_child=7 -3 4 -5 5 -7 -8 8 9 11 -12 -13 -14 -15
leaf_value=-0.00026210816891602146 -0.00011666459836499807 1.2314490316828759e-05 0.0007483786657007473 0.00016892905179598017 -0.00013962993046645248 0.00059778085668018384 -2.0072831667969474e-05 -3.5151212678607868e-05 1.6026525726168032e-05 -4.9470417218096022e-05 0.00018771608166186056 2.7052924163899549e-05 5.4410910492047455e-05 0.00015394359025504558
leaf_weight=12428 27901 126037 926 18441 108801 1326 75283 127372 90890 236328 18913 109105 319648 23493
leaf_count=12428 27901 126037 926 18441 108801 1326 75283 127372 90890 236328 18913 109105 319648 23493
internal_value=-3.19195e-06 -4.0042e-05 -7.05607e-05 -1.55786e-05 -0.000122844 -0.000130463 -5.47173e-05 1.00399e-05 1.38914e-05 -8.00056e-06 4.58767e-05 -2.52137e-05 3.51363e-05 -5.50367e-06
internal_weight=1.29689e+06 343242 217205 106152 111053 110127 87711 953650 925749 455236 109803 345433 470513 150865
internal_count=1296892 343242 217205 106152 111053 110127 87711 953650 925749 455236 109803 345433 470513 150865
is_linear=0
shrinkage=0.01


Tree=298
num_leaves=15
num_cat=0
split_feature=28 19 3 24 24 24 18 24 15 25 25 24 3 17
split_gain=5.79201 6.54491 6.07124 6.90325 6.0893 5.00201 5.53025 4.85413 5.10509 5.74089 4.52707 4.41957 4.25923 3.89841
threshold=0.13525498891352553 0.45959183673469389 0.47979591836734697 -0.40767045454545447 -0.29795918367346935 -0.063164893617021253 0.018187830687830701 -0.036607142857142831 0.022233201581027654 0.27500000000000008 0.4250000000000001 -0.41476388168136996 -0.46863636363636357 -0.47979591836734686
decision_type=10 2 8 10 10 10 2 8 2 2 2 10 10 2
left_child=1 5 7 -4 -5 -1 13 8 11 -10 -8 -2 -9 -7
right_child=2 -3 3 4 -6 6 10 12 9 -11 -12 -13 -14 -15
leaf_value=-1.4591990485547945e-05 1.0047818486833191e-05 0.00021926236207659962 0.00047985309444190414 -0.00092726101816042669 -0.00022549905815614775 -0.00037693207134577203 -8.3361193997273883e-05 -0.00032027416902672101 0.00022427868387241888 -3.311294014436989e-05 2.5769275409859645e-05 -0.00014504880157269973 8.8705529197103831e-06 7.0648858382930387e-05
leaf_weight=344589 23675 15852 1171 1456 10137 1938 52612 3978 9907 68963 136667 76900 300714 248692
leaf_count=344589 23675 15852 1171 1456 10137 1938 52612 3978 9907 68963 136667 76900 300714 248692
internal_value=1.31118e-06 1.79825e-05 -2.54806e-05 -0.00024094 -0.00031644 1.38763e-05 3.62441e-05 -1.97367e-05 -6.10084e-05 -3.93864e-07 -4.40698e-06 -0.000108242 4.47173e-06 6.70638e-05
internal_weight=1.29725e+06 800350 496901 12764 11593 784498 439909 484137 179445 78870 189279 100575 304692 250630
internal_count=1297251 800350 496901 12764 11593 784498 439909 484137 179445 78870 189279 100575 304692 250630
is_linear=0
shrinkage=0.01


Tree=299
num_leaves=15
num_cat=0
split_feature=11 1 26 28 18 23 25 3 24 19 26 28 25 19
split_gain=5.84611 5.69245 4.77028 4.53664 5.62813 5.69278 5.24826 4.50456 4.43819 4.10792 3.72842 3.52505 3.49257 3.32512
threshold=-0.29083333333333328 0.45603864734299526 0.63299319727891168 0.011369509043927641 0.011237373737373714 0.025657894736842105 1.0000000180025095e-35 -0.45959183673469384 -0.46906887755102039 0.023268398268398275 0.29893617021276603 0.47979591836734697 0.4250000000000001 -0.38148936170212761
decision_type=2 10 2 10 2 10 2 8 8 2 2 10 2 2
left_child=2 3 8 4 -2 -6 11 -4 10 -8 -1 -5 -10 -14
right_child=1 -3 7 6 5 -7 9 -9 12 -11 -12 -13 13 -15
leaf_value=0.00049995310558461866 7.2242632436238393e-05 -0.00011403979540689474 -0.00055294288181701671 0.00015483392513266134 -8.1107950861059745e-06 0.00011010156408380592 -3.8131596584847622e-05 -0.00011470266468085105 -0.00011150155218985565 1.7215803274000458e-05 -7.3081085855097581e-05 0.00087494169842949497 0.000266865727243401 -5.3907001334595445e-06
leaf_weight=2970 209162 37499 2502 10201 316411 46715 303114 51152 32181 239633 1702 753 5047 38545
leaf_count=2970 209162 37499 2502 10201 316411 46715 303114 51152 32181 239633 1702 753 5047 38545
internal_value=-9.23529e-08 7.09059e-06 -6.26365e-05 1.11516e-05 3.09073e-05 7.01502e-06 -9.21328e-06 -0.000135728 -1.35111e-05 -1.36394e-05 0.000284868 0.0002073 -3.23149e-05 2.54587e-05
internal_weight=1.29759e+06 1.16349e+06 134099 1.12599e+06 572288 363126 553701 53654 80445 542747 4672 10954 75773 43592
internal_count=1297587 1163488 134099 1125989 572288 363126 553701 53654 80445 542747 4672 10954 75773 43592
is_linear=0
shrinkage=0.01


Tree=300
num_leaves=15
num_cat=0
split_feature=28 26 23 19 25 22 22 18 21 27 27 19 14 28
split_gain=5.73015 6.91711 6.42006 6.22577 6.97403 5.76143 5.74002 5.11458 4.42123 4.07421 3.95106 3.68002 5.91165 3.47644
threshold=0.13525498891352553 0.045983086680761107 0.20833333333333334 -0.020416666666666663 0.82500000000000018 0.12097560975609757 -0.45959183673469384 -0.34066731141199219 -0.37367021276595741 -0.3032155797101449 -0.14365079365079361 0.17006802721088435 -0.24234042553191487 0.13733075435203099
decision_type=10 2 10 2 2 2 2 2 2 2 2 2 2 10
left_child=2 8 5 4 -3 6 -1 -6 -2 -10 -8 12 -7 -5
right_child=1 3 -4 13 7 11 10 -9 9 -11 -12 -13 -14 -15
leaf_value=-0.00012460969733802061 -0.00017360930461996087 -6.5174590981318241e-05 0.00070092357591546711 -0.00031903300339106085 -0.00067344024660810414 -0.00025916855087632562 8.061176912427778e-05 -0.00021414533594400106 0.00028026238888001752 5.9425189825889593e-05 2.0988171724227492e-05 6.9995761335501177e-05 -2.6291165690050343e-05 -2.0162215030427832e-05
leaf_weight=21883 6303 57548 1364 3948 2920 11513 165946 17535 10673 41318 342872 36362 219831 356906
leaf_count=21883 6303 57548 1364 3948 2920 11513 165946 17535 10673 41318 342872 36362 219831 356906
internal_value=-8.11875e-07 -2.7494e-05 1.57367e-05 -4.11329e-05 -0.000122234 1.4526e-05 3.36281e-05 -0.000281266 7.46661e-05 0.00010535 4.04931e-05 -2.323e-05 -3.80134e-05 -2.35178e-05
internal_weight=1.29692e+06 497151 799771 438857 78003 798407 530701 20455 58294 51991 508818 267706 231344 360854
internal_count=1296922 497151 799771 438857 78003 798407 530701 20455 58294 51991 508818 267706 231344 360854
is_linear=0
shrinkage=0.01


Tree=301
num_leaves=15
num_cat=0
split_feature=4 28 3 24 23 21 25 27 1 24 28 25 24 24
split_gain=7.20706 7.54233 6.72751 6.20388 6.57434 4.51969 9.8242 5.76829 4.35052 4.01817 3.97774 3.79744 3.723 6.83153
threshold=0.2525510204081633 -0.41945945945945939 -0.28062499999999996 0.26163419913419916 0.059027777777777797 0.23691215616681457 0.82500000000000018 -0.15261756876663707 0.47752525252525257 0.27951388888888895 0.45180023228803717 0.27500000000000008 -0.45773809523809517 -0.087922705314009655
decision_type=2 8 10 10 8 2 2 2 10 10 8 2 8 10
left_child=3 -2 -3 4 5 7 -7 -1 9 -5 -6 -11 -4 -14
right_child=1 2 12 8 10 6 -8 -9 -10 11 -12 -13 13 -15
leaf_value=3.6697265386799313e-05 0.00016720724229203298 -0.00028306726881561578 0.00016824597489669739 0.00013567202347916906 0.00030786714502961465 -2.0629832207981091e-05 -0.00028579640560768725 -2.317139427759578e-05 -0.000339200077087908 -7.2335667599646467e-05 -2.648616212541118e-05 4.9149143921244612e-05 -0.00017247377412026127 -2.6337891677397143e-05
leaf_weight=248855 13861 14281 6998 47488 10553 61625 18182 455235 2861 28945 5129 220479 44163 118514
leaf_count=248855 13861 14281 6998 47488 10553 61625 18182 455235 2861 28945 5129 220479 44163 118514
internal_value=-1.46684e-06 -5.70531e-05 -7.41166e-05 8.50817e-06 -6.00408e-06 -1.00965e-05 -8.14257e-05 -1.96862e-06 4.73162e-05 5.1145e-05 0.000196616 3.49302e-05 -5.63483e-05 -6.61972e-05
internal_weight=1.29717e+06 197817 183956 1.09935e+06 799579 783897 79807 704090 299773 296912 15682 249424 169675 162677
internal_count=1297169 197817 183956 1099352 799579 783897 79807 704090 299773 296912 15682 249424 169675 162677
is_linear=0
shrinkage=0.01


Tree=302
num_leaves=15
num_cat=0
split_feature=11 23 27 26 23 15 14 21 1 26 24 11 14 2
split_gain=6.19504 5.28662 5.17394 5.694 6.17592 5.58144 6.27331 5.30089 4.86022 4.77218 4.00192 5.91009 2.49208 2.46586
threshold=-0.33836734693877546 0.059027777777777797 -0.14365079365079361 0.05634920634920635 0.011237373737373714 -0.43938775510204076 0.17369121561668147 0.23124999999999998 0.45959183673469389 0.65978723404255335 -0.42163742690058476 -0.41918367346938773 -0.45959183673469384 -0.39897959183673465
decision_type=2 8 2 2 10 2 2 2 10 2 10 2 2 10
left_child=9 2 3 4 -2 6 -4 -5 -7 10 11 -1 -12 -11
right_child=1 -3 5 7 -6 8 -8 -9 -10 13 12 -13 -14 -15
leaf_value=0.00064217099084150201 4.1024611649445806e-05 0.00016764744214558256 0.00029543131628146708 3.148048593630319e-05 0.00027466760865414768 -1.3391112813841621e-05 -0.00017511295687110858 -8.1955195945693574e-05 -0.00015385727117172733 -0.00037655004140681224 -0.00052753635853017408 -6.551715604156681e-05 -3.6609617865372914e-05 -0.00013299025227532637
leaf_weight=2157 29693 19246 11240 298844 18656 740735 3700 47680 25536 4943 1062 2452 56992 34382
leaf_count=2157 29693 19246 11240 298844 18656 740735 3700 47680 25536 4943 1062 2452 56992 34382
internal_value=-3.10077e-06 3.25829e-06 5.42216e-07 3.00683e-05 0.00013181 -1.43438e-05 0.000176878 1.57851e-05 -1.81119e-05 -7.79229e-05 -2.31728e-05 0.000259377 -4.61338e-05 -0.000164394
internal_weight=1.29732e+06 1.19533e+06 1.17608e+06 394873 48349 781211 14940 346524 766271 101988 62663 4609 58054 39325
internal_count=1297318 1195330 1176084 394873 48349 781211 14940 346524 766271 101988 62663 4609 58054 39325
is_linear=0
shrinkage=0.01


Tree=303
num_leaves=15
num_cat=0
split_feature=22 24 11 15 17 27 24 3 21 28 28 24 22 21
split_gain=5.68245 5.4388 6.12535 4.74382 4.632 4.22227 5.95549 3.91852 4.88201 4.47957 3.77723 4.78612 4.65141 3.69215
threshold=-0.45698427382053647 0.26163419913419916 -0.45789007092198575 0.022233201581027654 -0.45959183673469384 0.43813775510204089 0.2834821428571429 -0.19352968460111314 0.012049941927990694 -0.059411764705882351 0.17006802721088435 0.061250000000000034 0.36023255813953492 0.37877551020408168
decision_type=2 10 2 2 2 2 10 10 2 8 8 10 2 2
left_child=4 3 -3 10 -1 -4 -7 -6 -9 -10 12 -12 -2 -5
right_child=1 2 5 13 7 6 -8 8 9 -11 11 -13 -14 -15
leaf_value=-0.00067221896215239501 9.8506803360926559e-07 -0.00026475890764046564 5.0793833277066942e-05 2.4016268015216938e-05 -0.00030127366475040453 0.00017978248424218329 -0.00018818512787030674 -0.00016184472385391007 -7.5599088976958416e-05 0.00032274924864676799 -0.00010809747343333432 -3.4987336314875028e-06 -0.00012210452090335574 -0.00051936783501371222
leaf_weight=1502 367384 6608 336756 313082 7541 5907 16597 14476 5693 5423 105062 75994 33453 1248
leaf_count=1502 367384 6608 336756 313082 7541 5907 16597 14476 5693 5423 105062 75994 33453 1248
internal_value=2.54024e-07 3.74506e-06 3.62521e-05 -9.492e-06 -0.000126082 4.18744e-05 -9.02545e-05 -0.00010036 -3.9958e-05 0.000116074 -2.64246e-05 -6.43611e-05 -9.21372e-06 2.17585e-05
internal_weight=1.29673e+06 1.26209e+06 365868 896223 34635 359260 22504 33133 25592 11116 581893 181056 400837 314330
internal_count=1296726 1262091 365868 896223 34635 359260 22504 33133 25592 11116 581893 181056 400837 314330
is_linear=0
shrinkage=0.01


Tree=304
num_leaves=15
num_cat=0
split_feature=1 3 6 22 27 26 23 23 15 19 18 3 27 26
split_gain=5.75579 5.55363 5.28094 4.76308 3.65952 6.68239 5.24943 3.20792 2.81933 2.7788 2.69744 2.62708 2.21414 4.32194
threshold=0.27178030303030309 -0.44727272727272721 -0.29083333333333328 0.37627551020408168 -0.14365079365079361 0.15301003344481609 0.1125 0.010990338164251214 0.45959183673469389 -0.47979591836734686 -0.12904717853839037 -0.46863636363636357 0.47801932367149763 0.95959183673469395
decision_type=10 8 10 2 2 2 8 10 2 2 2 10 2 2
left_child=1 2 10 4 5 -3 -6 -4 9 -2 -1 -9 -11 -14
right_child=8 3 7 -5 6 -7 -8 11 -10 12 -12 -13 13 -15
leaf_value=-0.00066077372455371208 0.00026363676578755222 0.00011862837184984222 -7.4787872858094338e-06 -7.0081542064224597e-05 -6.3252013172863082e-07 1.7719322600375176e-05 0.00022526347943801315 -0.00086095013570309479 0.00017097417606958421 -5.2195205776854436e-05 -0.00022862883588541314 -1.4695487495298219e-05 -0.00022737742571215993 0.00021886721150299093
leaf_weight=2164 2576 87479 19136 67228 654107 266749 10445 840 5385 155276 5559 782 16380 2432
leaf_count=2164 2576 87479 19136 67228 654107 266749 10445 840 5385 155276 5559 782 16380 2432
internal_value=-7.76823e-07 7.71535e-06 -0.000130037 1.13559e-05 1.67595e-05 4.2725e-05 2.87383e-06 -4.5299e-05 -5.29292e-05 -5.99268e-05 -0.000353809 -0.000472195 -6.48914e-05 -0.000168067
internal_weight=1.29654e+06 1.11449e+06 28481 1.08601e+06 1.01878e+06 354228 664552 20758 182049 176664 7723 1622 174088 18812
internal_count=1296538 1114489 28481 1086008 1018780 354228 664552 20758 182049 176664 7723 1622 174088 18812
is_linear=0
shrinkage=0.01


Tree=305
num_leaves=15
num_cat=0
split_feature=0 3 6 4 21 24 24 14 11 14 15 10 24 16
split_gain=6.32096 5.19156 4.64253 4.17825 5.2054 4.18363 8.72656 3.71827 2.98273 2.51547 2.46846 2.37603 2.35929 2.13746
threshold=0.37766439909297056 -0.45789007092198575 0.19782608695652174 -0.26020833333333326 0.41207729468599036 -0.22821969696969696 -0.37321428571428567 0.36181818181818187 -0.33156028368794321 -0.18042553191489358 -0.41918367346938773 0.21869565217391304 -0.46906887755102039 0.010310374149659853
decision_type=8 8 10 2 2 10 8 2 2 2 2 2 10 2
left_child=1 2 9 4 8 6 -5 -7 -3 11 -2 -1 -4 -6
right_child=10 3 12 5 13 7 -8 -9 -10 -11 -12 -13 -14 -15
leaf_value=-0.00068815742165300505 9.3629567293420634e-05 -3.8880520880799919e-05 0.00055510018750696579 1.2971775664718006e-05 1.1191422357864921e-05 1.7997471493100741e-05 -0.00011661137790081056 -8.1302195331160807e-05 9.3265281240991157e-05 -0.00017915557844869868 -8.9977344704145757e-05 -9.1989130299823655e-05 -3.512540734515667e-05 -0.00029670417691323971
leaf_weight=2362 7782 19573 714 136362 3524 762825 83631 39579 119745 8896 93729 1107 12151 5473
leaf_count=2362 7782 19573 714 136362 3524 762825 83631 39579 119745 8896 93729 1107 12151 5473
internal_value=1.3207e-07 6.58576e-06 -0.000135252 9.66847e-06 5.92775e-05 2.44238e-06 -3.61542e-05 1.30618e-05 7.44841e-05 -0.000273602 -7.56039e-05 -0.000506797 0 -0.000172809
internal_weight=1.29745e+06 1.19594e+06 25230 1.17071e+06 148315 1.0224e+06 219993 802404 139318 12365 101511 3469 12865 8997
internal_count=1297453 1195942 25230 1170712 148315 1022397 219993 802404 139318 12365 101511 3469 12865 8997
is_linear=0
shrinkage=0.01


Tree=306
num_leaves=15
num_cat=0
split_feature=11 20 18 4 26 27 26 28 24 28 26 3 20 22
split_gain=5.89576 6.54155 6.65525 5.9072 5.19961 5.11516 6.04371 6.2642 5.94239 5.10663 4.63489 4.16052 4.15594 4.35599
threshold=-0.29795918367346935 -0.39472517730496448 -0.21869565217391301 0.13154392191659278 0.039230769230769243 -0.14365079365079361 0.096006144393241177 0.47402159244264513 -0.2214052287581699 -0.31165540540540532 0.72821969696969713 -0.45959183673469384 0.085144927536231943 0.06881313131313134
decision_type=2 2 2 2 2 2 2 10 8 10 2 8 2 2
left_child=1 2 -1 -4 -5 6 -2 8 -8 -7 -3 -12 13 -11
right_child=5 10 3 4 -6 9 7 -9 -10 12 11 -13 -14 -15
leaf_value=0.00046527699297865143 0.00011776873862766251 -4.6871048878416538e-05 -0.00023416549241142104 -0.00055603451363306692 0.00030317569842398286 4.3658635459080194e-05 -5.0847334000101959e-05 -0.00019050685869108529 5.1074566218593089e-05 -1.2484082696689943e-05 -0.00068416707007080578 -0.00016003115973626671 2.1189314908602273e-05 -7.4929423532525525e-05
leaf_weight=4141 71440 74082 5714 773 6060 145088 76135 14030 227668 284224 1620 36933 163771 185600
leaf_count=4141 71440 74082 5714 773 6060 145088 76135 14030 227668 284224 1620 36933 163771 185600
internal_value=-2.08995e-06 -6.61715e-05 0.000117791 6.33256e-07 0.000201386 4.98001e-06 3.45954e-05 1.5805e-05 2.54333e-05 -9.78662e-06 -9.36962e-05 -0.000182885 -2.20726e-05 -3.72168e-05
internal_weight=1.29728e+06 129323 16688 12547 6833 1.16796e+06 389273 317833 303803 778683 112635 38553 633595 469824
internal_count=1297279 129323 16688 12547 6833 1167956 389273 317833 303803 778683 112635 38553 633595 469824
is_linear=0
shrinkage=0.01


Tree=307
num_leaves=15
num_cat=0
split_feature=27 4 23 26 28 24 4 27 23 7 19 22 24 24
split_gain=5.72689 6.37942 5.27425 4.64669 7.32952 6.35268 5.13381 5.05602 7.4611 4.45781 3.81891 3.64735 3.33442 3.12142
threshold=0.019259259259259257 0.39678030303030309 0.14583333333333334 0.096006144393241177 0.47402159244264513 -0.21937499999999996 -0.26874999999999999 -0.2474489795918367 0.011237373737373714 -0.24734042553191488 -0.47979591836734686 0.06881313131313134 -0.11583184257602859 0.25290697674418611
decision_type=2 2 8 2 8 10 2 2 10 2 2 2 10 8
left_child=1 3 10 7 5 -5 -6 8 -1 -3 -2 13 -13 -12
right_child=2 9 -4 4 6 -7 -8 -9 -10 -11 11 12 -14 -15
leaf_value=6.2110752146969382e-05 0.00026900761642440445 -0.00035010014644946269 0.00040317083747339473 -3.9931192756426171e-05 0.0002634324727957964 4.3126441201257922e-05 -0.00021157557630934259 2.0775616585169505e-05 0.00030855884380248834 -5.4641215133155221e-05 -2.6372567372964018e-05 -0.00010930382411753999 -3.1375847274703302e-05 3.4873787772189078e-05
leaf_weight=32883 4388 6819 2889 123324 2498 360578 20842 59349 20004 21753 255357 79255 184604 123209
leaf_count=32883 4388 6819 2889 123324 2498 360578 20842 59349 20004 21753 255357 79255 184604 123209
internal_value=-1.34038e-06 1.96687e-05 -2.23422e-05 2.64472e-05 1.34935e-05 2.18968e-05 -0.000159425 8.47209e-05 0.000155907 -0.000126235 -2.4291e-05 -2.63423e-05 -5.48976e-05 -6.35982e-06
internal_weight=1.29775e+06 648050 649702 619478 507242 483902 23340 112236 52887 28572 646813 642425 263859 378566
internal_count=1297752 648050 649702 619478 507242 483902 23340 112236 52887 28572 646813 642425 263859 378566
is_linear=0
shrinkage=0.01


Tree=308
num_leaves=15
num_cat=0
split_feature=11 24 15 14 28 28 28 15 27 14 17 24 25 11
split_gain=5.27765 5.10245 5.59351 5.41865 5.76106 4.98307 4.5896 4.03056 3.94468 3.86614 3.46728 3.36158 5.00799 3.28871
threshold=-0.45789007092198575 -0.057189542483660143 0.018187830687830701 0.37888888888888894 -0.23956521739130432 0.41751700680272114 0.21583850931677021 -0.47979591836734686 -0.23746867167919797 1.0000000180025095e-35 0.011766334440753036 0.46702898550724642 0.27500000000000008 -0.31909090909090904
decision_type=2 10 2 2 10 8 8 2 2 2 2 10 2 2
left_child=5 2 6 4 10 -1 7 -2 -6 -8 -3 -5 -13 -4
right_child=1 3 13 11 8 -7 9 -9 -10 -11 -12 12 -14 -15
leaf_value=-7.6010940005827123e-05 0.0003066515636394073 0.00012734044672273932 -0.00013245196718568203 -4.8035333860040108e-05 5.9710706246610885e-05 -0.00045133162264605024 -0.00034527689393295765 -3.2201221651716904e-05 -3.6559383779068053e-06 -9.4565487456811271e-05 3.7365058399215326e-05 -0.0011796225714368782 -0.00019866518067991371 3.8703039923464611e-05
leaf_weight=21082 3537 77990 12023 45341 128865 4335 7265 279540 410341 45915 97871 595 5487 157400
leaf_count=21082 3537 77990 12023 45341 128865 4335 7265 279540 410341 45915 97871 595 5487 157400
internal_value=1.38709e-06 4.26077e-06 -2.03659e-05 2.0547e-05 2.77082e-05 -0.00014125 -4.4007e-05 -2.78581e-05 1.14327e-05 -0.000129397 7.7439e-05 -7.84467e-05 -0.000300096 2.63779e-05
internal_weight=1.29759e+06 1.27217e+06 505680 766490 715067 25417 336257 283077 539206 53180 175861 51423 6082 169423
internal_count=1297587 1272170 505680 766490 715067 25417 336257 283077 539206 53180 175861 51423 6082 169423
is_linear=0
shrinkage=0.01


Tree=309
num_leaves=15
num_cat=0
split_feature=0 22 10 28 23 26 17 24 19 22 14 17 28 28
split_gain=6.21446 5.49743 5.94211 4.88147 5.5735 4.96029 4.53564 4.01474 3.59978 3.05111 2.95512 2.67639 2.61225 2.28227
threshold=0.37766439909297056 0.32755102040816336 0.25532879818594106 0.10208333333333332 0.20833333333333334 0.039230769230769243 -0.36181818181818176 -0.43118686868686867 0.45959183673469389 -0.39897959183673465 -0.29795918367346935 0.020416666666666698 0.3585714285714286 0.43405797101449284
decision_type=8 2 2 8 10 2 2 10 2 2 2 2 10 10
left_child=1 3 11 4 8 7 -7 -5 -1 -2 -4 12 -3 -11
right_child=9 2 10 5 -6 6 -8 -9 -10 13 -12 -13 -14 -15
leaf_value=2.5254971325213379e-05 -0.00025217389656746964 -0.00015761573611124244 -0.00032669285360691178 0.00070881319951118945 0.00067537874417768705 -0.00016799686470400402 -1.5786507198203868e-05 7.5767634951453782e-05 0.0001937159046762542 -4.1976293030488471e-05 0.00014525965515670136 -1.5186713774815644e-05 6.3850640829073671e-06 -0.00021366422307425614
leaf_weight=626685 9052 53521 1406 1040 1337 20706 379950 38883 13007 83830 16471 31816 11440 8672
leaf_count=626685 9052 53521 1406 1040 1337 20706 379950 38883 13007 83830 16471 31816 11440 8672
internal_value=-8.54515e-07 5.49792e-06 -6.02989e-05 1.25005e-05 3.01268e-05 -1.30772e-05 -2.37289e-05 9.3062e-05 2.87281e-05 -7.59767e-05 0.000106415 -9.14072e-05 -0.000128274 -5.84026e-05
internal_weight=1.29782e+06 1.19626e+06 114654 1.08161e+06 641029 440579 400656 39923 639692 101554 17877 96777 64961 92502
internal_count=1297816 1196262 114654 1081608 641029 440579 400656 39923 639692 101554 17877 96777 64961 92502
is_linear=0
shrinkage=0.01


Tree=310
num_leaves=15
num_cat=0
split_feature=22 3 10 1 26 22 14 14 15 27 3 4 25 18
split_gain=5.62915 5.92328 5.22523 5.03055 4.87404 4.10358 3.86193 3.20717 3.01376 3.87313 3.74975 2.83011 2.4644 3.02431
threshold=0.32025641025641027 -0.43683510638297868 0.023268398268398275 0.30558300395256921 0.938137755102041 -0.47979591836734686 0.37766439909297056 -0.24234042553191487 -0.40212765957446805 0.47801932367149763 0.26020833333333337 -0.058409090909090904 0.92500000000000016 -0.39897959183673465
decision_type=2 8 2 10 2 2 2 2 2 2 8 2 2 2
left_child=1 4 11 5 12 -3 -7 -4 10 -10 -5 -2 -1 -14
right_child=2 3 7 8 -6 6 -8 -9 9 -11 -12 -13 13 -15
leaf_value=-2.116230518890132e-05 1.9753856437200332e-05 -0.00026903525021825583 -0.00024316170133625026 -0.00015099501312183263 -0.0003591678660908423 2.5805399239376989e-05 -6.7332379837181156e-05 5.8978153334768748e-05 -3.9317147901736007e-05 -0.00022116349151588233 0.00025682756982171672 -0.00013015812512679451 -0.00097025248434004854 -0.00016925756436863353
leaf_weight=27203 14773 4872 3845 3284 6702 941693 46563 37865 110600 13231 6750 73906 549 4833
leaf_count=27203 14773 4872 3845 3284 6702 941693 46563 37865 110600 13231 6750 73906 549 4833
internal_value=9.31702e-07 7.92122e-06 -6.13556e-05 1.21531e-05 -0.000112702 1.99308e-05 2.13865e-05 3.0391e-05 -4.5324e-05 -5.89941e-05 0.000120358 -0.000104846 -6.10608e-05 -0.00025703
internal_weight=1.29667e+06 1.16628e+06 130389 1.12699e+06 39287 993128 988256 41710 133865 123831 10034 88679 32585 5382
internal_count=1296669 1166280 130389 1126993 39287 993128 988256 41710 133865 123831 10034 88679 32585 5382
is_linear=0
shrinkage=0.01


Tree=311
num_leaves=15
num_cat=0
split_feature=0 22 11 3 23 22 24 4 19 14 19 15 18 24
split_gain=5.85985 4.64674 4.51468 4.45712 4.33498 3.7446 3.44852 4.55973 3.83513 2.91077 2.63125 2.44235 2.42187 2.35625
threshold=0.36811594202898557 0.32755102040816336 0.023268398268398275 -0.45789007092198575 0.010990338164251214 -0.39897959183673465 0.13078947368421054 0.4139685476410731 0.022233201581027654 -0.24234042553191487 -0.37367021276595741 -0.37877551020408157 -0.19782608695652171 -0.21291208791208791
decision_type=10 2 2 8 8 2 10 2 2 2 2 2 2 10
left_child=1 3 -3 4 12 -2 8 -8 -5 13 -11 -7 -1 -4
right_child=5 2 9 6 -6 11 7 -9 -10 10 -12 -13 -14 -15
leaf_value=-0.0002775450897702266 -0.00026053825136164221 -9.7345012527930039e-05 -0.00069473047785837772 -2.3795841427078717e-05 -0.00075871856343662225 9.6604847472236781e-05 4.4399315280320649e-05 -0.00011882680384952585 2.5175329246832443e-05 -0.00021129144474545358 9.8895446749540622e-05 -6.9446538414790195e-05 -3.2142928641774018e-05 -6.7713028279980144e-05
leaf_weight=5464 9637 79225 864 327361 1043 9688 392974 17799 312636 2968 28629 89332 16639 2388
leaf_count=5464 9637 79225 864 327361 1043 9688 392974 17799 312636 2968 28629 89332 16639 2388
internal_value=-1.28384e-06 5.12184e-06 -5.55139e-05 1.15908e-05 -0.000125529 -7.15939e-05 1.46401e-05 3.72528e-05 7.95124e-08 3.87236e-05 6.8792e-05 -5.28949e-05 -9.41944e-05 -0.000244004
internal_weight=1.29665e+06 1.18799e+06 114074 1.07392e+06 23146 108657 1.05077e+06 410773 639997 34849 31597 99020 22103 3252
internal_count=1296647 1187990 114074 1073916 23146 108657 1050770 410773 639997 34849 31597 99020 22103 3252
is_linear=0
shrinkage=0.01


Tree=312
num_leaves=15
num_cat=0
split_feature=0 28 18 23 26 27 26 19 23 23 22 11 27 11
split_gain=5.30251 4.39445 5.96993 6.75314 4.77203 4.56333 7.3566 6.83119 6.04357 5.67187 4.01628 3.42101 3.37709 3.38778
threshold=0.37766439909297056 -0.31165540540540532 0.011766334440753036 0.025657894736842105 0.10471491228070177 -0.14365079365079361 0.096006144393241177 0.011766334440753036 0.011766334440753036 0.1125 0.012347560975609741 -0.39897959183673465 0.4010869565217392 0.20643939393939401
decision_type=8 8 2 8 2 2 2 2 10 8 2 2 2 2
left_child=1 2 12 11 -5 6 8 -8 -3 10 -7 -4 13 -1
right_child=-2 5 3 4 -6 9 7 -9 -10 -11 -12 -13 -14 -15
leaf_value=0.00015987044214215505 -6.721502476242235e-05 5.4558740371330109e-05 -0.0004138010631786156 -0.00018255385917853557 0.0003234592035639823 1.0065828813870497e-05 -6.8207644102238972e-05 3.8551921117172646e-05 0.0002584230403559545 0.00021387541990945812 -4.138976926782121e-05 -1.6125372724799716e-05 -0.00010159518897469399 8.6789912158695363e-06
leaf_weight=67147 101652 43934 2218 2224 9691 253629 86056 197096 22134 10470 374533 99833 6893 19566
leaf_count=67147 101652 43934 2218 2224 9691 253629 86056 197096 22134 10470 374533 99833 6893 19566
internal_value=2.08886e-06 8.00731e-06 4.98358e-05 9.66238e-07 0.00022647 -7.51632e-07 2.82814e-05 5.99906e-06 0.00012332 -1.66747e-05 -2.05662e-05 -2.50744e-05 0.000109012 0.000126103
internal_weight=1.29708e+06 1.19542e+06 207572 113966 11915 987852 349220 283152 66068 638632 628162 102051 93606 86713
internal_count=1297076 1195424 207572 113966 11915 987852 349220 283152 66068 638632 628162 102051 93606 86713
is_linear=0
shrinkage=0.01


Tree=313
num_leaves=15
num_cat=0
split_feature=17 22 10 27 26 28 10 18 28 22 10 11 1 14
split_gain=5.63873 5.50939 6.46088 4.89493 6.40893 6.40172 4.2532 3.76605 4.07177 3.729 3.81331 3.55173 3.53509 3.16649
threshold=-0.41010101010101002 0.32025641025641027 0.25532879818594106 -0.14365079365079361 0.09449404761904763 0.47402159244264513 0.12771739130434787 -0.1633333333333333 0.1588137472283814 -0.45698427382053647 -0.20106382978723403 -0.41578014184397155 0.30104166666666676 0.023268398268398275
decision_type=2 2 2 2 2 8 2 2 10 2 2 2 10 2
left_child=9 3 11 4 6 -6 -2 8 -5 -1 -11 -3 -9 -13
right_child=1 2 -4 7 5 -7 -8 12 -10 10 -12 13 -14 -15
leaf_value=-0.00046574116006986349 0.00016511321527839251 -0.00037308414520178488 9.9542281633458623e-05 0.00010939545248660239 3.0625757715629389e-05 -0.00018101279919182785 -3.8848304159269275e-05 -3.7047079912491464e-06 -4.0201997187464414e-05 -0.00023638775391994618 -1.9221218225172488e-05 -0.00010782764055706996 -7.4294983303043228e-05 2.5423271109497116e-05
leaf_weight=2876 55560 4324 21315 54642 295802 14985 12252 587114 26915 12006 25838 80283 80882 22488
leaf_count=2876 55560 4324 21315 54642 295802 14985 12252 587114 26915 12006 25838 80283 80882 22488
internal_value=-4.76572e-07 3.25339e-06 -5.87756e-05 1.03405e-05 3.96573e-05 2.03232e-05 0.00012782 -4.42754e-06 5.96586e-05 -0.000116306 -8.89232e-05 -9.05674e-05 -1.22971e-05 -7.83783e-05
internal_weight=1.29728e+06 1.25656e+06 128410 1.12815e+06 378599 310787 67812 749553 81557 40720 37844 107095 667996 102771
internal_count=1297282 1256562 128410 1128152 378599 310787 67812 749553 81557 40720 37844 107095 667996 102771
is_linear=0
shrinkage=0.01


Tree=314
num_leaves=15
num_cat=0
split_feature=22 27 15 25 22 26 15 3 19 15 22 5 11 11
split_gain=5.70058 4.98379 4.02638 11.0059 3.99725 3.4357 3.34748 4.3537 3.28427 3.17111 3.88135 3.63147 3.15275 2.91785
threshold=-0.45698427382053647 -0.010874704491725782 -0.20106382978723403 0.82500000000000018 0.48456521739130437 1.0000000180025095e-35 -0.43938775510204076 -0.39472517730496448 -0.47979591836734686 0.028594771241830078 -0.26163419913419911 0.46863636363636368 0.012049941927990694 0.012049941927990694
decision_type=2 2 2 2 2 2 2 10 2 2 2 8 2 2
left_child=6 2 3 -2 5 -4 -1 -8 -3 10 -10 -11 -6 -9
right_child=1 8 4 -5 12 -7 7 13 9 11 -12 -13 -14 -15
leaf_value=0.0001886660704383932 3.347826522201613e-05 0.0002680531055182482 0.0001437586257945299 -0.00027611366310248609 -0.0004559492553002919 3.1896078482765731e-05 -0.00055832761853474985 -0.00020223989274838349 3.6042580353690897e-05 3.0574313984609575e-05 -3.9716215819196862e-05 -0.00028475358093754905 0 4.8388081172404683e-07
leaf_weight=3016 40532 4114 29243 15953 2916 503157 2513 17265 80240 159703 418753 3720 3198 11559
leaf_count=3016 40532 4114 29243 15953 2916 503157 2513 17265 80240 159703 418753 3720 3198 11559
internal_value=2.13318e-06 5.61715e-06 2.66707e-05 -5.34384e-05 3.51293e-05 3.80974e-05 -0.000124923 -0.000156076 -1.3132e-05 -1.49248e-05 -2.74736e-05 2.32078e-05 -0.000218319 -0.000119911
internal_weight=1.29588e+06 1.26153e+06 594999 56485 538514 532400 34353 31337 666530 662416 498993 163423 6114 28824
internal_count=1295882 1261529 594999 56485 538514 532400 34353 31337 666530 662416 498993 163423 6114 28824
is_linear=0
shrinkage=0.01


Tree=315
num_leaves=15
num_cat=0
split_feature=11 27 15 25 28 23 19 28 24 24 14 19 23 4
split_gain=6.27638 5.67574 4.87584 5.75555 5.29855 4.65847 4.71299 3.84558 4.24866 3.98408 3.34738 3.78409 4.15984 4.24863
threshold=-0.33836734693877546 0.019259259259259257 -0.18042553191489358 0.62500000000000011 0.23956521739130435 0.091666666666666688 -0.47979591836734686 0.13525498891352553 -0.47871376811594196 0.13078947368421054 0.11851063829787235 -0.39472517730496448 0.010527482269503509 0.16333333333333336
decision_type=2 2 2 2 10 8 2 8 10 8 2 2 10 2
left_child=10 2 3 -2 -5 6 -3 8 -4 -9 11 12 13 -1
right_child=1 5 7 4 -6 -7 -8 9 -10 -11 -12 -13 -14 -15
leaf_value=-8.8883828477414502e-05 5.3053338593097436e-05 0.00035841426647331329 -0.00077369317065619587 -0.00010872690751414179 -0.0005556661057906781 0.0002242372073991457 -2.1517897644811554e-05 -3.5500459656805818e-05 5.9594661100773523e-05 5.2205041314230512e-05 3.8103076080921278e-06 -0.00014698795311298286 -0.00059899968541267151 0.00034969130559738703
leaf_weight=4196 23889 3272 605 27704 2987 7935 590943 117404 328245 92597 34105 58494 838 4474
leaf_count=4196 23889 3272 605 27704 2987 7935 590943 117404 328245 92597 34105 58494 838 4474
internal_value=-9.17553e-07 5.48611e-06 2.74525e-05 -6.24075e-05 -0.000153253 -1.61124e-05 -1.93735e-05 3.66103e-05 5.79634e-05 3.02939e-06 -7.61904e-05 -0.000116753 6.60904e-05 0.000134019
internal_weight=1.29769e+06 1.19558e+06 593431 54580 30691 602150 594215 538851 328850 210001 102107 68002 9508 8670
internal_count=1297688 1195581 593431 54580 30691 602150 594215 538851 328850 210001 102107 68002 9508 8670
is_linear=0
shrinkage=0.01


Tree=316
num_leaves=15
num_cat=0
split_feature=5 7 24 26 22 23 11 28 28 14 22 25 21 26
split_gain=4.98968 4.25239 3.90131 6.90482 7.85485 5.64835 4.97471 4.31745 3.60742 2.79373 2.52206 2.43229 3.07066 2.31997
threshold=0.4354764107308049 -0.41918367346938773 0.26163419913419916 0.10102040816326532 -0.11167800453514738 0.059027777777777797 -0.41578014184397155 0.31016731016731025 -0.39528508771929821 -0.25777777777777772 -0.45060975609756093 0.37500000000000006 0.3585714285714286 0.080816326530612256
decision_type=8 2 10 2 2 10 2 10 8 2 2 2 2 2
left_child=1 9 5 4 -4 8 -5 -7 -3 10 -1 -2 -13 -12
right_child=11 2 3 6 -6 7 -8 -9 -10 -11 13 12 -14 -15
leaf_value=-0.00070804411382285285 1.005633677228996e-06 5.9429451178762363e-05 0.000115357319042828 -0.00016035168129246709 -0.00011885861527458403 0.00031124913297250577 6.8749330213424857e-05 -3.3710463815357649e-05 -1.2510088851558075e-05 -4.8805785576662672e-05 0.00021522533531788673 -0.00018842643860119624 4.2085796855675745e-06 -0.0002517198176306217
leaf_weight=1079 19735 76726 20028 9755 49528 9974 263053 5470 753384 38891 1188 28546 11228 6853
leaf_count=1079 19735 76726 20028 9755 49528 9974 263053 5470 753384 38891 1188 28546 11228 6853
internal_value=1.15291e-06 5.48234e-06 9.23429e-06 3.7719e-05 -5.0985e-05 -2.26376e-06 6.04456e-05 0.000187145 -5.82448e-06 -8.67208e-05 -0.000245047 -8.82557e-05 -0.000133296 -0.000178948
internal_weight=1.29544e+06 1.23593e+06 1.18792e+06 342364 69556 845554 272808 15444 830110 48011 9120 59509 39774 8041
internal_count=1295438 1235929 1187918 342364 69556 845554 272808 15444 830110 48011 9120 59509 39774 8041
is_linear=0
shrinkage=0.01


Tree=317
num_leaves=15
num_cat=0
split_feature=17 24 7 28 18 3 24 28 25 19 21 21 3 10
split_gain=6.78103 4.89653 4.37927 4.48723 8.85319 4.28461 7.73107 4.74187 4.26878 8.85478 4.26673 4.21163 4.14852 3.48571
threshold=-0.41010101010101002 -0.050641025641025621 -0.41578014184397155 0.17006802721088435 0.011766334440753036 0.16833333333333336 -0.37627551020408156 -0.30901722391084091 0.50000000000000011 -0.26839539007092195 0.39246068455134137 0.022233201581027654 0.43938775510204087 -0.29893617021276592
decision_type=2 10 2 8 2 10 10 10 2 2 2 2 10 2
left_child=12 5 -3 4 -4 8 10 -8 11 -10 -7 -2 13 -1
right_child=1 2 3 -5 -6 6 7 -9 9 -11 -12 -13 -14 -15
leaf_value=-0.00027024273322595371 -4.6642410653402476e-06 -9.4743458015106362e-05 0.00010855695215401569 -2.0277110721184999e-06 1.3443465066322661e-05 -1.5780431170889091e-05 5.1311818863766254e-05 -0.00018422981424481263 -0.00022158222541291423 -9.5632824882308406e-06 0.00024938919433209602 0.00010011746304952221 -0.00032492147596497006 -1.643565861027077e-05
leaf_weight=6975 90402 29671 158934 276211 256924 29914 10040 51011 21363 258146 7559 65984 8279 25478
leaf_count=6975 90402 29671 158934 276211 256924 29914 10040 51011 21363 258146 7559 65984 8279 25478
internal_value=2.83228e-06 6.9726e-06 2.39783e-05 2.9112e-05 4.98669e-05 -1.59378e-05 -7.55041e-05 -0.000145002 -2.40491e-06 -2.58775e-05 3.69244e-05 3.93556e-05 -0.000124108 -7.19297e-05
internal_weight=1.29689e+06 1.25616e+06 721740 692069 415858 534419 98524 61051 435895 279509 37473 156386 40732 32453
internal_count=1296891 1256159 721740 692069 415858 534419 98524 61051 435895 279509 37473 156386 40732 32453
is_linear=0
shrinkage=0.01


Tree=318
num_leaves=15
num_cat=0
split_feature=11 24 15 28 18 23 14 22 26 24 22 18 22 26
split_gain=5.31683 4.51514 6.76052 5.57419 5.41254 4.38678 4.75375 4.703 4.20968 4.96393 3.7788 3.56198 3.31806 3.36539
threshold=-0.35857142857142849 -0.057189542483660143 0.022233201581027654 0.21583850931677021 -0.37888888888888883 0.051315789473684266 0.021980676328502428 0.49500000000000005 0.45916666666666672 -0.46906887755102039 0.13438086303939964 0.34045454545454551 -0.23779761904761901 0.10990338164251208
decision_type=2 10 2 8 2 10 2 2 2 8 2 2 2 2
left_child=8 2 3 10 -5 6 7 -3 9 -1 -2 -11 -4 -14
right_child=1 5 12 4 -6 -7 -8 -9 -10 11 -12 -13 13 -15
leaf_value=0.00041287038622617265 2.0361152294477746e-06 4.0009344462825277e-05 -8.3455291304669249e-05 -0.00075888646994750068 -0.00012138007327288322 0.00013171948680949813 -1.8059890639543149e-05 -0.00027394896293929513 -0.00014236811661675643 -6.5850523359132061e-05 -7.4865764985365278e-05 0.00021796956735862787 0.00016027454287533628 3.1226069446712353e-05
leaf_weight=2671 180659 438607 19501 1388 48852 35071 248142 4798 44357 36976 98255 4989 25123 108710
leaf_count=2671 180659 438607 19501 1388 48852 35071 248142 4798 44357 36976 98255 4989 25123 108710
internal_value=1.21207e-06 6.72545e-06 -1.69535e-05 -4.25449e-05 -0.000139634 2.249e-05 1.69067e-05 3.65426e-05 -7.33563e-05 -4.09882e-06 -2.49476e-05 -3.13806e-05 3.77862e-05 5.56781e-05
internal_weight=1.2981e+06 1.20911e+06 482488 329154 50240 726618 691547 443405 88993 44636 278914 41965 153334 133833
internal_count=1298099 1209106 482488 329154 50240 726618 691547 443405 88993 44636 278914 41965 153334 133833
is_linear=0
shrinkage=0.01


Tree=319
num_leaves=15
num_cat=0
split_feature=27 2 23 3 28 19 26 24 24 26 11 23 22 3
split_gain=4.85233 5.79559 5.68452 4.66323 4.33524 4.25586 4.19264 4.01715 3.22775 5.8189 3.06077 2.78381 2.78097 2.67865
threshold=0.019259259259259257 -0.33156028368794321 0.14583333333333334 -0.47894503546099287 0.49000000000000005 -0.47979591836734686 0.11952380952380953 -0.036607142857142831 -0.22821969696969696 0.15954545454545457 0.4793792517006803 0.010310374149659853 0.49500000000000005 0.1329931972789116
decision_type=2 8 8 10 8 2 2 8 10 2 2 10 2 10
left_child=1 10 3 -2 8 -5 -6 -7 9 -3 11 13 -10 -1
right_child=2 4 -4 5 6 7 -8 -9 12 -11 -12 -13 -14 -15
leaf_value=-7.7391588207066962e-05 -0.00037538471014372988 0.00010458765693368079 0.00042614783153785077 0.00029206961367991179 0.00014756962337419597 -4.7949922083511296e-05 -0.0002128327928192247 2.344255174904784e-06 5.3535490585415839e-05 -4.9796015852177849e-05 0.00032750988996293025 1.0257087892661643e-05 -0.00018909882728064276 -0.00028267706887300854
leaf_weight=48981 3688 33547 2853 4368 4187 291906 13032 345959 410650 89396 2031 32429 4723 7500
leaf_count=48981 3688 33547 2853 4368 4187 291906 13032 345959 410650 89396 2031 32429 4723 7500
internal_value=7.72967e-07 2.01847e-05 -1.85238e-05 -2.05363e-05 3.23328e-05 -1.84502e-05 -0.000123444 -2.06249e-05 3.73719e-05 -7.42438e-06 -5.36931e-05 -6.27492e-05 5.0703e-05 -0.000105196
internal_weight=1.29525e+06 646476 648774 645921 555535 642233 17219 637865 538316 122943 90941 88910 415373 56481
internal_count=1295250 646476 648774 645921 555535 642233 17219 637865 538316 122943 90941 88910 415373 56481
is_linear=0
shrinkage=0.01


Tree=320
num_leaves=15
num_cat=0
split_feature=11 27 26 26 24 28 15 28 20 18 3 18 14 15
split_gain=4.7373 4.7899 6.13483 5.28203 5.15398 8.58741 6.09419 4.69187 4.40695 4.95808 4.64273 4.34845 4.22715 4.2041
threshold=-0.29795918367346935 -0.14946808510638296 0.09449404761904763 1.0000000180025095e-35 -0.11583184257602859 -0.18133462282398449 0.19138321995464855 0.47402159244264513 -0.39472517730496448 -0.21869565217391301 0.43405797101449284 0.010990338164251214 -0.14222222222222219 -0.45959183673469384
decision_type=2 2 2 2 8 10 2 8 2 2 10 2 2 2
left_child=8 3 -3 11 6 -6 -4 -5 9 12 -10 -2 -1 -11
right_child=1 2 4 7 5 -7 -8 -9 10 13 -12 -13 -14 -15
leaf_value=8.1349429926889821e-05 -1.3391183607380284e-05 -6.626664484044148e-05 -5.1041195474140409e-05 3.5300725015883895e-05 9.3656986852951285e-05 -3.1070578277216343e-06 0.00013211234505733726 -0.00013881842321474 -6.0835035654274891e-05 -0.00027587671585577926 -0.00031555487857546076 0.00028627268514842613 0.00073947473074342383 0.00011987134894269796
leaf_weight=2214 6946 140619 192117 347733 132188 297707 19988 16134 104633 3910 7762 14684 1925 8533
leaf_count=2214 6946 140619 192117 347733 132188 297707 19988 16134 104633 3910 7762 14684 1925 8533
internal_value=1.38208e-06 7.75498e-06 -6.42445e-06 3.66191e-05 6.63647e-06 2.65775e-05 -3.36384e-05 2.74967e-05 -5.61021e-05 9.52533e-05 -7.87009e-05 0.000188667 0.000394993 -2.11182e-06
internal_weight=1.29709e+06 1.16812e+06 782619 385497 642000 429895 212105 363867 128977 16582 112395 21630 4139 12443
internal_count=1297093 1168116 782619 385497 642000 429895 212105 363867 128977 16582 112395 21630 4139 12443
is_linear=0
shrinkage=0.01


Tree=321
num_leaves=15
num_cat=0
split_feature=17 28 23 18 23 26 11 0 21 5 3 28 16 18
split_gain=5.57476 4.54719 4.67734 4.2211 5.64471 9.12741 5.18055 4.01194 4.45858 3.73873 3.64455 3.28295 3.25842 2.85534
threshold=-0.41010101010101002 -0.31165540540540532 0.091666666666666688 0.011766334440753036 0.028594771241830078 0.13188405797101452 -0.39897959183673465 0.21583850931677021 -0.24734042553191488 0.30217391304347835 0.42111111111111121 -0.31909090909090904 0.29689535388623539 0.18042553191489366
decision_type=2 8 10 2 10 2 2 10 2 10 10 10 2 2
left_child=10 3 7 11 6 -6 -5 8 -3 -9 12 -2 13 -1
right_child=1 2 -4 4 5 -7 -8 9 -10 -11 -12 -13 -14 -15
leaf_value=-2.7862411225857638e-05 7.8658770831487932e-05 5.8576261059440249e-05 0.00017287188788050814 -0.00048185441521001826 -0.00026998058828625783 0.00043631655407083003 -5.1078310912196575e-06 -1.7270574334480913e-05 -8.3479061063713325e-06 -0.00011428799455411999 -0.0002969778613600888 0.00033550748102824352 -0.00061161539330728076 -0.00061803639132044412
leaf_weight=29950 93404 115137 14444 2330 2461 6685 107318 112872 734580 62078 8807 5348 1060 848
leaf_count=29950 93404 115137 14444 2330 2461 6685 107318 112872 734580 62078 8807 5348 1060 848
internal_value=-7.39023e-07 2.96682e-06 -5.71141e-06 4.45559e-05 4.12897e-06 0.000242961 -1.55251e-05 -8.25855e-06 6.85215e-07 -5.18684e-05 -0.000115989 9.28822e-05 -6.49904e-05 -4.5145e-05
internal_weight=1.29732e+06 1.25666e+06 1.03911e+06 217546 118794 9146 109648 1.02467e+06 849717 174950 40665 98752 31858 30798
internal_count=1297322 1256657 1039111 217546 118794 9146 109648 1024667 849717 174950 40665 98752 31858 30798
is_linear=0
shrinkage=0.01


Tree=322
num_leaves=15
num_cat=0
split_feature=28 22 27 19 26 23 24 7 26 24 23 18 24 22
split_gain=5.7576 5.7163 5.08839 6.42177 6.05928 5.87132 4.9793 3.87239 4.65486 5.5663 4.96337 4.34445 3.47873 3.38289
threshold=-0.31165540540540532 0.49500000000000005 -0.14365079365079361 0.011766334440753036 0.28102564102564109 0.091666666666666688 -0.22821969696969696 0.025657894736842105 1.0000000180025095e-35 -0.37939393939393934 0.04006410256410254 0.46863636363636368 0.43875000000000003 0.012347560975609741
decision_type=10 2 2 2 2 8 10 2 2 10 8 2 10 2
left_child=7 2 3 4 -2 13 -5 12 9 -9 11 -10 -1 -4
right_child=1 -3 5 6 -6 -7 -8 8 10 -11 -12 -13 -14 -15
leaf_value=-1.1909565831692262e-05 5.1070320931379993e-05 -0.0002378138785064016 8.957189528510773e-07 -2.9568108705291908e-05 -9.6590741367744831e-05 0.00020373803937367312 7.6904728055966569e-05 0.00071659875504701627 0.00011473024861638538 -0.00029528693665648498 0.00041822442529722704 -0.00039429646908819508 9.9360117471366602e-05 -4.4164955135661012e-05
leaf_weight=108130 46103 10752 281160 56363 69303 11315 193367 597 65614 4785 5424 1693 37810 404378
leaf_count=108130 46103 10752 281160 56363 69303 11315 193367 597 65614 4785 5424 1693 37810 404378
internal_value=1.24923e-06 -8.35674e-06 -6.00471e-06 2.41956e-05 -3.73426e-05 -2.18721e-05 5.27541e-05 4.7375e-05 0.000104273 -0.000177135 0.000125515 0.000101464 1.6714e-05 -2.56405e-05
internal_weight=1.29679e+06 1.07274e+06 1.06199e+06 365136 115406 696853 249730 224053 78113 5382 72731 67307 145940 685538
internal_count=1296794 1072741 1061989 365136 115406 696853 249730 224053 78113 5382 72731 67307 145940 685538
is_linear=0
shrinkage=0.01


Tree=323
num_leaves=15
num_cat=0
split_feature=11 26 27 19 26 23 3 28 27 14 21 3 14 21
split_gain=5.00377 4.84687 4.54786 6.55597 5.54779 5.24478 3.86681 3.74772 4.18268 3.82923 4.33989 3.47028 3.2192 3.00764
threshold=-0.29083333333333328 0.65058139534883741 1.0000000180025095e-35 -0.47979591836734686 0.08248299319727892 0.091666666666666688 -0.45789007092198575 0.47402159244264513 -0.45401691331923882 -0.24234042553191487 -0.43938775510204076 0.011237373737373714 0.17888888888888896 -0.47894503546099287
decision_type=2 2 2 2 2 8 10 10 2 2 2 10 2 2
left_child=1 -1 7 -4 11 -6 -3 9 -9 10 -2 -5 -11 -8
right_child=2 6 3 4 5 -7 13 8 -10 12 -12 -13 -14 -15
leaf_value=-7.9882964596343483e-06 0.0002000329034904962 -0.00048783469004165173 0.00044826189001373717 1.7849445945968783e-05 -3.4065594694186418e-06 0.0003060259644595982 0.00040476754032940085 -0.0005110531583272308 -4.973578101989963e-05 5.2031427354501745e-05 -8.5214449398191282e-05 -0.00011793591604346213 -2.4149127278748968e-05 -0.00012227965587556405
leaf_weight=81921 6031 2927 3084 24986 486585 5537 1080 2182 22455 433775 43362 72037 63027 47884
leaf_count=81921 6031 2927 3084 24986 486585 5537 1080 2182 22455 433775 43362 72037 63027 47884
internal_value=1.60116e-06 -5.62794e-05 8.28634e-06 -1.10911e-05 -1.35488e-05 1.58352e-08 -0.000131934 2.84426e-05 -9.18676e-05 3.39248e-05 -4.97677e-05 -8.26589e-05 4.23063e-05 -0.000110018
internal_weight=1.29687e+06 133812 1.16306e+06 592229 589145 492122 51891 570832 24637 546195 49393 97023 496802 48964
internal_count=1296873 133812 1163061 592229 589145 492122 51891 570832 24637 546195 49393 97023 496802 48964
is_linear=0
shrinkage=0.01


Tree=324
num_leaves=15
num_cat=0
split_feature=28 26 15 25 25 15 23 27 28 2 1 27 28 19
split_gain=4.50866 5.83478 5.385 10.3204 4.78406 4.68729 4.55592 3.17795 4.19573 2.98612 3.36386 2.91783 2.76737 2.65206
threshold=0.17416582406471184 0.039230769230769243 -0.21869565217391301 0.50000000000000011 0.82500000000000018 0.45603864734299526 0.20833333333333334 0.26020833333333337 0.49000000000000005 -0.40212765957446805 0.010310374149659853 0.31725417439703163 0.3585714285714286 0.37627551020408168
decision_type=8 2 2 2 2 2 8 2 8 8 10 2 8 2
left_child=5 13 3 -3 -5 6 9 8 -4 -1 -11 -7 -9 -2
right_child=1 2 7 4 -6 11 -8 12 -10 10 -12 -13 -14 -15
leaf_value=-7.6378583830262489e-05 0.00012193315689134819 0.00017625434228825393 1.3125721002531641e-06 -0.00016486989672312964 -0.00048613320449961849 0.00023466481908998398 0.00058014048238633046 -0.00012988779222969962 -0.00013795483364409367 4.6835084714472973e-05 4.3097538454119979e-07 -0.00027795338372806294 -2.3393150563600363e-05 -0.00011956596210911279
leaf_weight=39274 34082 6332 252335 13287 7514 13283 1396 49349 23619 213559 586752 1157 49878 5122
leaf_count=39274 34082 6332 252335 13287 7514 13283 1396 49349 23619 213559 586752 1157 49878 5122
internal_value=-6.38466e-07 -2.66129e-05 -3.80135e-05 -0.000174263 -0.000282416 1.2733e-05 9.62773e-06 -2.80786e-05 -1.05e-05 8.64132e-06 1.28513e-05 0.000191465 -7.66613e-05 8.96094e-05
internal_weight=1.29694e+06 441518 402314 27133 20801 855421 840981 375181 275954 839585 800311 14440 99227 39204
internal_count=1296939 441518 402314 27133 20801 855421 840981 375181 275954 839585 800311 14440 99227 39204
is_linear=0
shrinkage=0.01


Tree=325
num_leaves=15
num_cat=0
split_feature=23 28 20 26 3 20 28 22 20 22 27 16 22 28
split_gain=4.95652 5.10885 5.16079 5.00505 4.53826 6.46174 4.59996 4.29318 4.27329 3.53005 3.49223 3.38217 2.57535 2.18305
threshold=0.059027777777777797 0.13525498891352553 0.45959183673469389 0.045983086680761107 0.47979591836734697 -0.44159090909090903 0.30217391304347835 -0.45698427382053647 0.39689625850340143 0.32025641025641027 -0.3032155797101449 -0.41918367346938773 -0.31972222222222219 0.49000000000000005
decision_type=10 10 2 2 8 2 10 2 2 2 2 2 2 10
left_child=1 2 7 8 6 -6 -5 11 10 -9 -3 -1 -4 -2
right_child=13 3 12 4 5 -7 -8 9 -10 -11 -12 -13 -14 -15
leaf_value=-0.00062185212134041395 0.00022902133388155566 0.00025857860371828286 6.9197518398124529e-07 -6.9073495003026776e-05 0.00022342025290189365 -0.00035390591061746078 -2.474764901327347e-06 2.2937115210997115e-05 -0.00017298431743381548 -4.7183352450108898e-05 5.0609309639420254e-05 -8.9463425526180922e-05 0.00028165882589099752 -8.8161771857416918e-06
leaf_weight=1282 13633 10445 4998 188726 2383 9253 232391 670351 6660 80167 38269 23479 10722 5050
leaf_count=1282 13633 10445 4998 188726 2383 9253 232391 670351 6660 80167 38269 23479 10722 5050
internal_value=1.4394e-06 -8.99301e-07 1.47758e-05 -2.63619e-05 -3.78596e-05 -0.000233067 -3.23929e-05 1.10972e-05 6.29495e-05 1.5407e-05 9.583e-05 -0.000118311 0.000194254 0.000163137
internal_weight=1.29781e+06 1.27913e+06 790999 488127 432753 11636 421117 775279 55374 750518 48714 24761 15720 18683
internal_count=1297809 1279126 790999 488127 432753 11636 421117 775279 55374 750518 48714 24761 15720 18683
is_linear=0
shrinkage=0.01


Tree=326
num_leaves=15
num_cat=0
split_feature=22 28 3 14 26 3 22 19 4 27 26 7 19 14
split_gain=5.28324 5.36479 5.96418 5.96438 4.9913 4.84877 4.60789 3.8655 3.82917 3.7319 6.02148 4.62805 3.55189 3.66853
threshold=0.36023255813953492 0.17006802721088435 0.47979591836734697 -0.057777777777777782 0.05634920634920635 -0.3118055555555555 -0.4759001161440185 0.43683510638297879 0.39246068455134137 -0.14365079365079361 0.06030303030303031 -0.23956521739130432 -0.31957446808510631 0.023268398268398275
decision_type=2 8 8 2 2 10 2 2 2 2 2 2 2 2
left_child=1 6 4 -4 7 -6 -1 -3 -5 11 -11 -8 -2 -14
right_child=12 2 3 8 5 -7 9 -9 -10 10 -12 -13 13 -15
leaf_value=-0.00014872571994220679 -0.00024701941027813716 9.8601984327680061e-05 -0.00056178345677841603 -0.00055819411986201498 -0.0001380067401605752 -1.8117451778557899e-05 -1.8554063046846175e-05 -0.00022610014888399912 4.9433028613080613e-05 -7.6405602040636512e-05 2.2274747674764441e-05 7.9567188761711237e-05 -8.8249318254114917e-05 7.3986032523728318e-05
leaf_weight=15696 10601 48222 4034 1275 37933 315482 63328 3916 5203 71679 447390 193685 60475 17914
leaf_count=15696 10601 48222 4034 1275 37933 315482 63328 3916 5203 71679 447390 193685 60475 17914
internal_value=-1.28859e-07 5.32669e-06 -2.37128e-05 -0.000259053 -1.75369e-05 -3.10714e-05 2.06244e-05 7.36272e-05 -6.57343e-05 2.40886e-05 8.58968e-06 5.52735e-05 -7.45107e-05 -5.07901e-05
internal_weight=1.29683e+06 1.20784e+06 416065 10512 405553 353415 791778 52138 6478 776082 519069 257013 88990 78389
internal_count=1296833 1207843 416065 10512 405553 353415 791778 52138 6478 776082 519069 257013 88990 78389
is_linear=0
shrinkage=0.01


Tree=327
num_leaves=15
num_cat=0
split_feature=28 3 22 23 23 26 16 26 21 26 27 26 27 24
split_gain=5.53902 5.2859 5.15352 8.38056 4.74896 7.51867 5.56977 4.86564 4.717 6.70904 4.60054 4.23209 3.99128 3.85244
threshold=-0.30217391304347824 0.30104166666666676 -0.45401691331923882 0.012049941927990694 0.028594771241830078 0.13188405797101452 0.011766334440753036 0.039230769230769243 0.44222222222222224 0.95875850340136071 0.32630878438331862 0.77664399092970526 -0.14365079365079361 -0.21937499999999996
decision_type=10 10 2 10 10 2 2 2 2 2 2 2 2 10
left_child=4 2 3 -2 6 -6 7 -1 12 -10 11 -7 -4 -3
right_child=1 13 8 -5 5 10 -8 -9 9 -11 -12 -13 -14 -15
leaf_value=-0.00012503699170189657 -0.00021689185086465424 -0.00015335290014344523 3.4518940658543202e-05 0.00034049156288846078 -0.00020255795848992612 5.0485682566820253e-05 -1.1994651489212095e-05 0.00010914360253357621 -8.8264693994847437e-05 -0.00071958123839914543 0.0010356373787734682 0.00061252768777428964 -9.5609859432766113e-06 -3.3182198209582551e-05
leaf_weight=9645 21063 38276 318579 3054 2409 3023 116857 97175 13620 1951 1126 2603 576773 91217
leaf_count=9645 21063 38276 318579 3054 2409 3023 116857 97175 13620 1951 1126 2603 576773 91217
internal_value=5.83351e-07 -9.05668e-06 -7.3161e-07 -0.000145032 4.47859e-05 0.000268407 3.54896e-05 8.77152e-05 3.05631e-06 -0.000169416 0.000440896 0.000316045 6.08984e-06 -6.89371e-05
internal_weight=1.29737e+06 1.06453e+06 935040 24117 232838 9161 223677 106820 910923 15571 6752 5626 895352 129493
internal_count=1297371 1064533 935040 24117 232838 9161 223677 106820 910923 15571 6752 5626 895352 129493
is_linear=0
shrinkage=0.01


Tree=328
num_leaves=15
num_cat=0
split_feature=22 22 23 17 4 20 17 0 24 23 26 11 4 22
split_gain=5.90318 4.73819 5.48739 4.96085 4.48311 4.4801 4.2172 3.7853 3.51792 4.62017 3.9471 2.86746 3.20097 2.62224
threshold=0.32025641025641027 -0.45698427382053647 0.012049941927990694 -0.47979591836734686 1.0000000180025095e-35 -0.43938775510204076 0.023268398268398275 0.27178030303030309 0.26163419913419916 0.077380952380952397 0.16496598639455784 0.47849213691026832 0.32256944444444446 0.45789007092198591
decision_type=2 2 10 2 2 2 2 8 10 10 2 2 2 2
left_child=1 2 3 -1 13 -5 11 8 9 -3 -10 12 -6 -2
right_child=4 7 -4 5 6 -7 -8 -9 10 -11 -12 -13 -14 -15
leaf_value=-0.00094240193379230275 6.6193473860836523e-05 2.3803775069718192e-06 0.00035325671600441541 0.0001969771717706676 -0.00011502079237086817 -0.00016714311950849871 2.444166985956944e-05 -3.4850245069488174e-05 -1.2965011433081971e-05 0.00018611144156621001 7.1664424106750624e-05 0.00035489326291121315 -0.00030993124988389016 -0.00021226065858812246
leaf_weight=766 30218 686885 2361 3775 64240 27644 21322 156869 75360 13973 199582 1145 9994 3771
leaf_count=766 30218 686885 2361 3775 64240 27644 21322 156869 75360 13973 199582 1145 9994 3771
internal_value=0 7.13555e-06 -0.000108149 -0.000142958 -6.37346e-05 -0.000122425 -9.85381e-05 1.06784e-05 1.80284e-05 6.08701e-06 4.8359e-05 -0.000133722 -0.000141677 3.44011e-05
internal_weight=1.2979e+06 1.16722e+06 34546 32185 130690 31419 96701 1.13267e+06 975800 700858 274942 75379 74234 33989
internal_count=1297905 1167215 34546 32185 130690 31419 96701 1132669 975800 700858 274942 75379 74234 33989
is_linear=0
shrinkage=0.01


Tree=329
num_leaves=15
num_cat=0
split_feature=24 22 15 17 24 3 28 28 25 17 15 28 27 17
split_gain=4.773 5.81501 7.82402 4.39793 4.27009 6.96057 4.82362 4.2042 4.51231 5.51368 3.95843 4.45717 3.95743 3.92291
threshold=-0.057189542483660143 0.080322580645161304 0.010753931544865871 -0.31957446808510631 -0.42022727272727267 -0.17888888888888885 0.19631093544137027 -0.31165540540540532 0.77500000000000024 0.010310374149659853 -0.43938775510204076 0.33697199810156631 0.41010101010101013 0.34613526570048314
decision_type=10 2 2 2 8 10 8 8 2 2 2 10 2 2
left_child=1 2 4 -2 5 -1 -6 8 -3 -10 11 -5 -9 -12
right_child=3 7 -4 10 6 -7 -8 12 9 -11 13 -13 -14 -15
leaf_value=-0.00023962412815934449 -7.0776374886540635e-05 9.899298819323082e-05 2.4496185145347466e-05 0.00015026655479636271 -8.8055149327772515e-05 0.00029029160824807515 -0.00033694075842582934 -7.8603132855923426e-05 0.00029499575457910638 -0.00018133745844050049 2.2413388536399272e-05 0.0010681380578816842 -0.00024977730400158624 -6.7938686102640114e-05
leaf_weight=3924 58938 26052 254527 12262 50209 6578 9388 131100 2841 15455 658168 565 15302 51701
leaf_count=3924 58938 26052 254527 12262 50209 6578 9388 131100 2841 15455 658168 565 15302 51701
internal_value=-3.37454e-06 -2.70171e-05 -1.17431e-06 1.2176e-05 -9.4808e-05 8.94246e-05 -0.000127779 -7.08394e-05 1.38693e-05 -0.000105697 1.89828e-05 0.000193275 -9.6704e-05 1.57904e-05
internal_weight=1.29701e+06 515376 324626 781634 70099 10502 59597 190750 44348 18296 722696 12827 146402 709869
internal_count=1297010 515376 324626 781634 70099 10502 59597 190750 44348 18296 722696 12827 146402 709869
is_linear=0
shrinkage=0.01


Tree=330
num_leaves=15
num_cat=0
split_feature=0 19 22 28 15 15 3 22 28 23 27 26 28 26
split_gain=5.09219 4.43732 5.37721 5.42683 6.94395 4.41985 3.89956 3.85482 4.34311 4.40171 3.31254 3.04266 2.98116 2.4549
threshold=0.2525510204081633 0.025657894736842105 -0.033712121212121214 0.21583850931677021 -0.28130434782608693 -0.45959183673469384 -0.45789007092198575 -0.45060975609756093 0.044466403162055308 0.20833333333333334 -0.16496598639455781 0.91751700680272119 -0.39528508771929821 0.97849213691026837
decision_type=10 2 2 8 2 2 8 2 10 8 2 2 10 2
left_child=1 2 3 5 -5 -1 11 13 9 -9 -8 -4 -2 -3
right_child=12 7 6 4 -6 -7 10 8 -10 -11 -12 -13 -14 -15
leaf_value=0.00035366404656381759 7.3677961358441983e-05 -0.00022103031910873262 -0.00013679566414679672 -0.00047893479618582439 -2.2980717787388961e-05 4.793507686867269e-05 1.698338460685232e-05 7.6554599020028607e-05 1.1743506499226379e-05 0.00062102896077828704 -4.1077070049490669e-05 -0.00060645522192758286 -5.8578354320807104e-05 0.00029631096679483287
leaf_weight=4876 18637 8308 8019 3529 66359 202396 145712 156294 201846 1513 298109 1753 179405 982
leaf_count=4876 18637 8308 8019 3529 66359 202396 145712 156294 201846 1513 298109 1753 179405 982
internal_value=6.73258e-07 9.10229e-06 -5.13475e-06 2.95165e-05 -4.6453e-05 5.5277e-05 -2.6374e-05 3.73823e-05 4.26439e-05 8.19766e-05 -2.19475e-05 -0.000224277 -4.59798e-05 -0.000163038
internal_weight=1.29774e+06 1.0997e+06 730753 277160 69888 207272 453593 368943 359653 157807 443821 9772 198042 9290
internal_count=1297738 1099696 730753 277160 69888 207272 453593 368943 359653 157807 443821 9772 198042 9290
is_linear=0
shrinkage=0.01


Tree=331
num_leaves=15
num_cat=0
split_feature=0 21 25 22 10 24 15 23 15 22 23 4 22 19
split_gain=4.31847 5.40853 4.4115 3.79739 4.256 3.40081 9.43841 4.01083 2.87555 3.4194 3.20061 2.86748 2.57117 2.50888
threshold=0.25777777777777783 -0.28130434782608693 0.57500000000000018 0.32755102040816336 0.020416666666666698 0.43875000000000003 0.021286231884057986 0.066964285714285712 -0.37877551020408157 -0.45698427382053647 0.010527482269503509 0.16843971631205676 -0.3594871794871794 0.38318181818181823
decision_type=10 2 2 2 2 10 2 8 2 2 10 2 2 2
left_child=1 2 13 5 -5 7 -7 -3 10 -10 11 -2 -4 -1
right_child=8 3 12 4 -6 6 -8 -9 9 -11 -12 -13 -14 -15
leaf_value=8.6622747215579435e-05 -3.4617134210977676e-05 -3.6872500719262785e-06 -3.4628147651882848e-05 -0.00011124081469827384 2.4179625128234849e-05 0.00012294644286378611 -0.00013659588268164261 0.00015922375741173238 -0.0003039111275078473 -4.850598123695038e-05 -0.00036750233803255553 0.00023139435956320755 0.00015626567495454773 -4.7830923124040351e-05
leaf_weight=23686 6794 789518 7868 61048 36930 64893 17770 15403 5460 171158 1454 9438 52300 33358
leaf_count=23686 6794 789518 7868 61048 36930 64893 17770 15403 5460 171158 1454 9438 52300 33358
internal_value=-8.15144e-07 6.82046e-06 7.10397e-05 -7.86841e-07 -5.98926e-05 5.70406e-06 6.6787e-05 -5.31926e-07 -4.43049e-05 -5.65765e-05 7.65363e-05 0.00011822 0.000130804 7.47312e-06
internal_weight=1.29708e+06 1.10277e+06 117212 985562 97978 887584 82663 804921 194304 176618 17686 16232 60168 57044
internal_count=1297078 1102774 117212 985562 97978 887584 82663 804921 194304 176618 17686 16232 60168 57044
is_linear=0
shrinkage=0.01


Tree=332
num_leaves=15
num_cat=0
split_feature=28 11 22 18 18 19 5 25 28 28 15 24 15 16
split_gain=4.34019 5.15017 4.22216 4.17555 3.85193 4.55984 3.3604 3.35031 4.23433 3.11794 3.11402 3.07054 4.83313 3.00102
threshold=0.024404761904761933 -0.39897959183673465 -0.45401691331923882 0.011237373737373714 0.010527482269503509 -0.46295454545454545 0.34613526570048314 1.0000000180025095e-35 0.47849213691026832 -0.29795918367346935 0.45959183673469389 -0.039230769230769201 0.022233201581027654 -0.42590909090909085
decision_type=10 2 2 2 2 2 10 2 10 10 2 8 2 2
left_child=1 4 13 -4 -1 -6 7 8 -2 -7 -5 12 -9 -3
right_child=6 2 3 10 5 9 -8 11 -10 -11 -12 -13 -14 -15
leaf_value=-1.059409296380855e-05 9.8375290940702444e-05 -0.00075773034444520616 6.2544356690605793e-05 5.7149225976925975e-06 -0.0011889438319190625 -0.00048820781216725798 -8.332710208754615e-05 -8.1573905171888398e-05 0.00080122590962885935 -0.00010226818702575741 0.00028599335800169129 6.0445893816419578e-06 1.2271417488576158e-05 -8.5193649149311869e-05
leaf_weight=15275 10117 695 233761 376990 510 2972 70494 129855 957 8121 4010 325715 94188 23141
leaf_count=15275 10117 695 233761 376990 510 2972 70494 129855 957 8121 4010 325715 94188 23141
internal_value=5.62334e-07 1.84035e-05 2.415e-05 2.92515e-05 -0.000116998 -0.000254452 -1.81964e-05 -9.95587e-06 0.000162024 -0.000208476 8.7458e-06 -1.34756e-05 -4.19877e-05 -0.000106155
internal_weight=1.2968e+06 665475 638597 614761 26878 11603 631326 560832 11074 11093 381000 549758 224043 23836
internal_count=1296801 665475 638597 614761 26878 11603 631326 560832 11074 11093 381000 549758 224043 23836
is_linear=0
shrinkage=0.01


Tree=333
num_leaves=15
num_cat=0
split_feature=28 26 24 24 20 26 20 7 22 23 23 15 20 28
split_gain=4.34747 6.54392 5.99 5.36216 5.54702 4.19615 4.18201 4.05885 4.01238 3.73355 3.46398 3.81912 3.47199 3.33377
threshold=0.13525498891352553 0.05634920634920635 -0.40450861195542043 -0.22821969696969696 -0.040833333333333326 0.15954545454545457 0.45959183673469389 0.012049941927990694 0.32025641025641027 0.20833333333333334 0.010310374149659853 0.054373522458628872 -0.21869565217391301 0.13733075435203099
decision_type=10 2 10 8 2 2 2 2 2 10 10 2 2 10
left_child=6 2 7 -3 5 -5 8 -2 9 -1 12 -12 -4 -6
right_child=1 3 10 4 13 -7 -8 -9 -10 -11 11 -13 -14 -15
leaf_value=1.9073056200848488e-05 0.00021773548227994961 -0.00010738234544240501 0.00025862333587653322 7.8308365056364176e-05 -0.00035060999442479207 -0.00014642507892353811 0.00017769881730553941 0.00096213433014395223 -5.444378230699055e-05 0.0005443790466387701 5.2601571421837141e-05 0.00029938891030472362 -0.0001157528210929029 2.5863743061325658e-06
leaf_weight=703069 2354 84387 2871 9852 2694 48151 15656 1173 80212 1357 31951 7956 16678 289508
leaf_count=703069 2354 84387 2871 9852 2694 48151 15656 1173 80212 1357 31951 7956 16678 289508
internal_value=1.28532e-06 -2.19007e-05 7.32028e-05 -3.57529e-05 -1.84063e-05 -0.000107734 1.57385e-05 0.000474411 1.2468e-05 2.01299e-05 4.88753e-05 0.000102572 -5.92057e-05 -5.70871e-07
internal_weight=1.29787e+06 497575 62983 434592 350205 58003 800294 3527 784638 704426 59456 39907 19549 292202
internal_count=1297869 497575 62983 434592 350205 58003 800294 3527 784638 704426 59456 39907 19549 292202
is_linear=0
shrinkage=0.01


Tree=334
num_leaves=15
num_cat=0
split_feature=11 22 14 22 15 23 19 22 24 24 3 24 18 16
split_gain=4.82649 3.8144 5.74205 3.76967 4.69211 5.01594 4.0626 5.01637 9.46906 4.76661 4.54394 4.36674 3.79213 3.57904
threshold=-0.33156028368794321 0.23979166666666671 0.010310374149659853 -0.45698427382053647 -0.43938775510204076 0.012049941927990694 0.04083333333333334 -0.033712121212121214 0.43875000000000003 0.14758064516129035 -0.35857142857142849 0.27951388888888895 -0.1633333333333333 -0.42590909090909085
decision_type=2 2 2 2 2 8 2 2 10 8 8 10 2 2
left_child=1 2 -1 4 -2 13 7 8 -5 12 -9 -11 -8 -6
right_child=3 -3 -4 6 5 -7 9 10 -10 11 -12 -13 -14 -15
leaf_value=-0.00012876823133969081 0.00034430715439474224 -0.00019559735117999079 3.3579421534236592e-05 1.1471027104635132e-05 -0.00070036982922295674 0.00029922554663182717 9.8984102388518182e-05 -0.00013257268186950025 0.00018905882793424772 0.00017911805948355209 -1.1225077256740322e-05 5.0238389716829495e-05 -6.6667932852482894e-06 -0.00015055158724600951
leaf_weight=37446 2143 17757 51639 240205 1282 2348 41380 32989 34395 37865 496145 89522 187683 24035
leaf_count=37446 2143 17757 51639 240205 1282 2348 41380 32989 34395 37865 496145 89522 187683 24035
internal_value=2.9321e-06 -6.14155e-05 -3.43271e-05 8.73483e-06 -0.000102196 -0.000137901 1.1611e-05 -8.14271e-07 3.38258e-05 3.97119e-05 -1.88479e-05 8.87859e-05 1.2289e-05 -0.000179658
internal_weight=1.29683e+06 106842 89085 1.18999e+06 29808 27665 1.16018e+06 803734 274600 356450 529134 127387 229063 25317
internal_count=1296834 106842 89085 1189992 29808 27665 1160184 803734 274600 356450 529134 127387 229063 25317
is_linear=0
shrinkage=0.01


Tree=335
num_leaves=15
num_cat=0
split_feature=2 27 23 15 14 1 22 22 24 15 4 15 14 22
split_gain=5.21175 5.38907 4.81123 3.80074 5.25074 4.81795 3.41047 3.40408 3.0235 2.99839 2.80837 3.53074 3.78383 5.82335
threshold=-0.40212765957446805 0.039230769230769243 0.091666666666666688 -0.43938775510204076 0.17369121561668147 0.45603864734299526 -0.45698427382053647 0.48456521739130437 -0.45383522727272724 -0.43938775510204076 0.37627551020408168 -0.39897959183673465 0.010310374149659853 0.029705882352941197
decision_type=10 2 8 2 2 8 2 2 10 2 2 2 2 2
left_child=10 6 3 4 -3 -5 9 8 -8 -2 -1 -12 -13 -14
right_child=1 2 -4 5 -6 -7 7 -9 -10 -11 11 12 13 -15
leaf_value=-6.7524594105608363e-05 0.00046132272752500602 0.00023908657153796049 0.00022961962009833328 -1.7771194175225567e-05 -0.00018204392229882822 -0.00014394984086595655 -0.00012027397964351912 -0.0001943756618491739 3.4045608897752379e-05 -0.00015886015383753533 0.00019848830439585003 -0.00083112978827997927 0.00030922871327803504 -0.00055464886179741569
leaf_weight=57107 800 11774 7765 555859 3872 32105 12892 6759 589028 14262 1075 1550 1245 1962
leaf_count=57107 800 11774 7765 555859 3872 32105 12892 6759 589028 14262 1075 1550 1245 1962
internal_value=-7.78422e-07 3.72161e-06 -1.73482e-05 -2.0576e-05 0.000132935 -2.47127e-05 2.44217e-05 2.81405e-05 3.06899e-05 -0.000123843 -8.95598e-05 -0.000300041 -0.000419057 -0.000209959
internal_weight=1.29806e+06 1.23512e+06 611375 603610 15646 587964 623741 608679 601920 15062 62939 5832 4757 3207
internal_count=1298055 1235116 611375 603610 15646 587964 623741 608679 601920 15062 62939 5832 4757 3207
is_linear=0
shrinkage=0.01


Tree=336
num_leaves=15
num_cat=0
split_feature=4 28 17 27 23 15 17 15 28 22 22 15 4 14
split_gain=4.55051 6.83504 4.01959 3.89905 3.70112 3.68412 3.35823 3.97441 6.49684 3.68357 3.29393 3.25177 3.07633 3.33129
threshold=0.2525510204081633 -0.41945945945945939 0.26043478260869574 0.044466403162055308 0.091666666666666688 -0.23956521739130432 -0.41010101010101002 -0.36266924564796899 0.23499399759903969 0.39065217391304352 -0.41945945945945939 -0.015555555555555571 -0.40312499999999996 -0.14222222222222219
decision_type=2 8 2 2 8 2 2 2 8 2 2 2 2 2
left_child=3 2 -2 5 -5 12 9 8 -8 10 -3 -9 13 -1
right_child=1 6 -4 4 -6 -7 7 11 -10 -11 -12 -13 -14 -15
leaf_value=-0.00052511052625139757 0.00023746936348247757 -0.00050666118653171059 -0.00024445277140398792 -1.7883618703058964e-05 0.00020056483259159818 3.0563357055004851e-05 0.00018805486105735584 -0.00014452614462659373 -0.00031612687028362638 -0.0010575682978471001 -0.00010272158262825639 -3.7857493509547559e-05 -2.6844965326099251e-05 -7.0119306399976392e-05
leaf_weight=2796 11951 2508 1962 490038 7859 555924 13976 38892 3091 501 12210 112830 38567 4222
leaf_count=2796 11951 2508 1962 490038 7859 555924 13976 38892 3091 501 12210 112830 38567 4222
internal_value=-1.63485e-06 -4.57934e-05 0.000167315 6.28763e-06 -1.43741e-05 2.34402e-05 -6.20722e-05 -4.90082e-05 9.49457e-05 -0.000204952 -0.000173681 -6.54007e-05 -6.27676e-05 -0.000255809
internal_weight=1.29733e+06 197921 13913 1.09941e+06 497897 601509 184008 168789 17067 15219 14718 151722 45585 7018
internal_count=1297327 197921 13913 1099406 497897 601509 184008 168789 17067 15219 14718 151722 45585 7018
is_linear=0
shrinkage=0.01


Tree=337
num_leaves=15
num_cat=0
split_feature=24 15 17 22 23 22 26 24 14 17 22 26 27 3
split_gain=4.58674 5.95518 5.08315 4.71767 4.6252 5.12601 7.29361 4.75211 4.62504 5.19966 4.59083 4.16566 3.89543 3.75607
threshold=-0.057189542483660143 0.016954022988505794 -0.47979591836734686 -0.18944444444444442 0.051315789473684266 -0.14365079365079361 0.22792207792207794 0.43875000000000003 -0.15978723404255316 -0.47979591836734686 -0.10589700996677741 0.34738243123336293 0.079473684210526321 0.44222222222222224
decision_type=10 2 2 2 10 2 2 10 2 2 2 2 2 8
left_child=1 8 -2 -3 5 7 -7 -4 11 -10 -5 13 -13 -1
right_child=2 3 4 10 -6 6 -8 -9 9 -11 -12 12 -14 -15
leaf_value=2.6977134968356152e-05 -0.00030780099269054598 -8.607404814891792e-05 3.0824082428705336e-05 0.00023442707468246461 0.00012796723986682697 -5.8080868270179414e-05 1.9831631626693199e-05 0.0001591122242622376 0.00082416351004798057 -3.9282463121467365e-05 3.01047163480004e-05 -0.00041560411683897472 -0.00011438944095603591 -0.00052123927211442545
leaf_weight=11830 4876 32230 152833 12096 35099 176210 377172 35905 693 309920 129510 8854 9024 1387
leaf_count=11830 4876 32230 152833 12096 35099 176210 377172 35905 693 309920 129510 8854 9024 1387
internal_value=-1.57131e-06 -2.47484e-05 1.36683e-05 2.27846e-05 1.57249e-05 1.03754e-05 -4.92353e-06 5.53904e-05 -4.90175e-05 -3.72515e-05 4.77744e-05 -0.00016557 -0.000265287 -2.8389e-05
internal_weight=1.29764e+06 515544 782095 173836 777219 742120 553382 188738 341708 310613 141606 31095 17878 13217
internal_count=1297639 515544 782095 173836 777219 742120 553382 188738 341708 310613 141606 31095 17878 13217
is_linear=0
shrinkage=0.01


Tree=338
num_leaves=15
num_cat=0
split_feature=22 17 27 28 24 23 28 19 28 24 3 28 25 25
split_gain=5.48115 4.94968 4.26142 5.75476 4.67941 4.38733 4.56194 3.37559 2.67415 3.70636 2.54774 2.07852 2.00669 1.86745
threshold=0.48456521739130437 -0.41010101010101002 -0.14365079365079361 0.49000000000000005 -0.024695121951219531 0.1125 -0.31165540540540532 0.011766334440753036 -0.41578014184397155 0.46628787878787886 0.43938775510204087 -0.26043478260869563 0.37500000000000006 0.50000000000000011
decision_type=2 2 2 8 8 8 10 2 10 10 10 10 2 2
left_child=1 8 3 7 -5 6 -4 -3 -1 10 -10 12 -2 -11
right_child=11 2 5 4 -6 -7 -8 -9 9 13 -12 -13 -14 -15
leaf_value=0.00021200438401760928 -0.00047156230957915812 -9.4167740314951127e-07 3.9769833673717582e-05 6.2718936154525554e-05 -0.00031934454625349258 0.00019583901925295254 -2.1514877314523428e-05 5.9257030463289042e-05 -6.0688449752477942e-05 -0.0010170869386535188 -0.00026741985143977228 -0.00027698491395649645 0.00015091975576820625 -0.00027183983819571603
leaf_weight=2400 649 141997 148371 5039 8285 10444 664716 265486 28581 673 7768 9779 2458 984
leaf_count=2400 649 141997 148371 5039 8285 10444 664716 265486 28581 673 7768 9779 2458 984
internal_value=-3.96841e-08 1.99574e-06 5.55576e-06 3.14581e-05 -0.000172619 -7.64341e-06 -1.02947e-05 3.82059e-05 -0.000106888 -0.00012783 -0.000105712 -0.000205253 1.0918e-05 -0.00059389
internal_weight=1.29763e+06 1.28474e+06 1.24434e+06 420807 13324 823531 813087 407483 40406 38006 36349 12886 3107 1657
internal_count=1297630 1284744 1244338 420807 13324 823531 813087 407483 40406 38006 36349 12886 3107 1657
is_linear=0
shrinkage=0.01


Tree=339
num_leaves=15
num_cat=0
split_feature=4 28 3 22 2 22 21 22 15 28 26 18 15 2
split_gain=5.90945 6.9031 5.12348 4.26928 3.7519 3.67838 4.41952 3.62572 3.61738 3.54195 3.07632 2.87848 2.87405 2.43139
threshold=0.2525510204081633 -0.41945945945945939 -0.19352968460111314 0.45959183673469389 -0.43938775510204076 0.22776679841897238 0.34021276595744687 -0.4759001161440185 -0.43938775510204076 0.022233201581027654 0.97752525252525257 0.37494572297003914 -0.47979591836734686 0.39009661835748793
decision_type=2 8 10 2 8 2 2 2 2 10 2 2 2 8
left_child=3 11 8 4 -1 6 -4 10 -3 -9 -6 12 -2 -10
right_child=1 2 5 -5 7 -7 -8 9 13 -11 -12 -13 -14 -15
leaf_value=-9.8455141270700953e-05 0.00072118011376104288 0.00032033895211355605 -5.3342490134830785e-05 -0.00013303443303044966 -0.000201513244176381 -0.00013409211512907033 8.8243182894416316e-05 3.5711173782479927e-05 -0.00022908535337495651 -1.2306684760962921e-06 0.00030647186634191753 -0.0002320852010991975 0.00016642562215647688 -0.00087008250585196198
leaf_weight=29619 1066 1121 98053 20540 11818 37922 28331 530702 17897 504985 1280 1549 11268 649
leaf_count=29619 1066 1121 98053 20540 11818 37922 28331 530702 17897 504985 1280 1549 11268 649
internal_value=5.67034e-07 -4.97174e-05 -6.60606e-05 9.64776e-06 1.23936e-05 -4.75672e-05 -2.13651e-05 1.55529e-05 -0.000219007 1.767e-05 -0.000149522 0.000164664 0.000216967 -0.000253271
internal_weight=1.2968e+06 197856 183973 1.09894e+06 1.0784e+06 164306 126384 1.04878e+06 19667 1.03569e+06 13098 13883 12334 18546
internal_count=1296800 197856 183973 1098944 1078404 164306 126384 1048785 19667 1035687 13098 13883 12334 18546
is_linear=0
shrinkage=0.01


Tree=340
num_leaves=15
num_cat=0
split_feature=11 15 14 25 11 1 25 10 4 19 24 24 14 25
split_gain=4.94396 4.08814 7.46117 6.75515 5.74686 4.99375 4.90034 4.34925 4.00773 5.70424 4.00614 3.17292 3.11107 3.05167
threshold=-0.33156028368794321 -0.43938775510204076 0.17888888888888896 0.82500000000000018 -0.11851063829787233 0.47801932367149763 0.77500000000000024 0.093790707772470686 -0.25777777777777772 -0.39472517730496448 -0.2214052287581699 0.46906887755102045 -0.45959183673469384 0.17500000000000002
decision_type=2 2 2 2 2 10 2 2 2 2 10 10 2 2
left_child=12 2 3 4 -2 8 13 -8 9 -3 -10 -5 -1 -4
right_child=1 5 6 11 -6 -7 7 -9 10 -11 -12 -13 -14 -15
leaf_value=-0.00045858554830327004 0.00067926894380911952 -0.0002725154721873485 -0.0006213510744289474 -0.00021427248145126896 0.00020292259639379743 -0.00014154244565231077 -0.0010145182237583121 0 -3.797506450409817e-05 6.7166492752409907e-05 1.0094731342695564e-05 0.00034257219648506989 -5.7160639913216581e-05 0.00016296351912212896
leaf_weight=1989 4268 5088 586 3563 6889 23227 1056 712 223334 142185 774636 1412 104801 3024
leaf_count=1989 4268 5088 586 3563 6889 23227 1056 712 223334 142185 774636 1412 104801 3024
internal_value=2.2349e-07 6.09587e-06 0.000142732 0.000251028 0.000387966 3.55455e-06 -0.000176502 -0.000608173 6.52386e-06 5.52221e-05 -6.32747e-07 -5.00916e-05 -6.49309e-05 2.69346e-05
internal_weight=1.29677e+06 1.18998e+06 21510 16132 11157 1.16847e+06 5378 1768 1.14524e+06 147273 997970 4975 106790 3610
internal_count=1296770 1189980 21510 16132 11157 1168470 5378 1768 1145243 147273 997970 4975 106790 3610
is_linear=0
shrinkage=0.01


Tree=341
num_leaves=15
num_cat=0
split_feature=11 24 22 11 23 27 24 28 21 22 22 28 7 27
split_gain=4.70572 4.6881 6.64769 5.97465 5.49923 6.02366 5.82787 4.64268 4.57025 4.06723 3.65514 3.47537 3.66125 3.59114
threshold=-0.45789007092198575 -0.057189542483660143 0.080322580645161304 -0.15261756876663707 0.012347560975609741 0.40550595238095244 -0.14194139194139191 0.41751700680272114 0.23956521739130435 0.49500000000000005 -0.45959183673469384 -0.38047619047619041 0.028594771241830078 -0.050510204081632641
decision_type=2 10 2 2 10 2 10 8 2 2 2 10 2 2
left_child=7 2 3 10 5 -4 -6 -1 -5 11 -2 12 -3 -13
right_child=1 9 4 8 6 -7 -8 -9 -10 -11 -12 13 -14 -15
leaf_value=-6.837951074622395e-05 -0.00044150793177946083 3.258502657476916e-05 -2.8765801663241734e-05 3.8448603166868789e-05 -0.00033385858206914058 -0.0002231840926594498 0.00020660890027939511 -0.00042876369583823071 -0.00011175054256626311 -0.0002037408319444247 -7.5304900363972583e-05 4.3660653451899875e-05 0.00018518780608607198 -2.47104457912254e-06
leaf_weight=21174 2986 41055 154430 255351 12723 17864 2292 4386 21918 7925 38103 290048 26107 400776
leaf_count=21174 2986 41055 154430 255351 12723 17864 2292 4386 21918 7925 38103 290048 26107 400776
internal_value=2.84933e-06 5.57251e-06 -1.80265e-05 9.70309e-06 -6.53163e-05 -4.91014e-05 -0.000249335 -0.000131437 2.64661e-05 2.11921e-05 -0.000102678 2.35843e-05 9.23566e-05 1.68544e-05
internal_weight=1.29714e+06 1.27158e+06 505667 318358 187309 172294 15015 25560 277269 765911 41089 757986 67162 690824
internal_count=1297138 1271578 505667 318358 187309 172294 15015 25560 277269 765911 41089 757986 67162 690824
is_linear=0
shrinkage=0.01


Tree=342
num_leaves=15
num_cat=0
split_feature=7 27 23 28 28 23 3 23 22 22 21 17 4 3
split_gain=5.00847 4.61154 4.14217 3.99628 3.95129 4.67287 3.78423 3.78518 3.7755 3.0434 3.09524 2.55764 3.14004 2.54432
threshold=-0.40454545454545449 0.039230769230769243 0.14583333333333334 0.45698427382053664 -0.3876262626262626 0.024404761904761933 0.41207729468599036 0.010102040816326542 -0.02970588235294119 -0.4759001161440185 -0.38318181818181812 -0.36181818181818176 0.34613526570048314 -0.45959183673469384
decision_type=2 2 8 8 10 10 8 8 2 2 2 2 2 8
left_child=11 3 4 9 5 -3 7 -5 -6 10 -2 12 13 -1
right_child=1 2 -4 6 8 -7 -8 -9 -10 -11 -12 -13 -14 -15
leaf_value=-0.00054706718091815983 0.00036250781176503706 2.947328154223573e-05 0.00036154862008566083 0.0001153721272931462 7.697154303153848e-06 0.00033280820248918089 -0.00061184681323231936 -0.00012322813121963479 -4.6720324666044259e-05 3.1638206247774946e-05 -0.0002257481394490549 -6.7524705046260604e-05 -0.00085424408842848176 -2.7403131491424924e-05
leaf_weight=1379 974 56720 2880 8944 201066 5620 1301 24954 344439 578407 7720 56816 870 3398
leaf_count=1379 974 56720 2880 8944 201066 5620 1301 24954 344439 578407 7720 56816 870 3398
internal_value=-1.01998e-06 3.38217e-06 -1.61107e-05 2.25606e-05 -1.79512e-05 5.73151e-05 -8.07062e-05 -5.93838e-05 -2.66078e-05 2.88034e-05 -0.000156293 -8.83951e-05 -0.00029292 -0.000183942
internal_weight=1.29549e+06 1.23302e+06 610725 622300 607845 62340 35199 33898 545505 587101 8694 62463 5647 4777
internal_count=1295488 1233025 610725 622300 607845 62340 35199 33898 545505 587101 8694 62463 5647 4777
is_linear=0
shrinkage=0.01


Tree=343
num_leaves=15
num_cat=0
split_feature=0 22 19 24 22 25 25 23 14 21 19 21 27 24
split_gain=4.90822 3.2665 3.13408 4.99633 8.1344 6.86645 4.97033 6.26263 4.73517 4.27492 3.71938 3.59669 3.42347 3.27579
threshold=0.37766439909297056 -0.39897959183673465 0.027046783625730989 0.43875000000000003 -0.13976744186046511 0.27500000000000008 0.82500000000000018 0.010527482269503509 -0.15978723404255316 -0.37367021276595741 -0.43938775510204076 0.1104702750665484 -0.15261756876663707 0.11498397435897441
decision_type=10 2 2 10 2 2 2 8 2 2 2 2 2 8
left_child=2 -2 3 8 -5 -6 7 11 10 -8 -1 -4 -10 -9
right_child=1 -3 6 4 5 -7 9 13 12 -11 -12 -13 -14 -15
leaf_value=0.00011601743378470924 -0.00024856665880294035 -4.9332355378518051e-05 -1.9158982821982217e-05 0.00019953085023188683 -0.00027520524687429677 4.2105077237379589e-05 0.00023059870444568727 2.0819536783131201e-05 2.5097555145358896e-05 5.7829926531904745e-05 -0.00012183503843690001 -0.00025647456551651033 -2.3497901760168946e-05 0.00012593551742398396
leaf_weight=7262 9153 92504 182859 29653 8139 41778 18094 74077 219881 73154 59406 6646 423997 50394
leaf_count=7262 9153 92504 182859 29653 8139 41778 18094 74077 219881 73154 59406 6646 423997 50394
internal_value=-8.47613e-07 -6.75729e-05 4.80206e-06 -6.76358e-06 6.83116e-05 -9.04505e-06 2.7427e-05 8.44112e-06 -1.52133e-05 9.24243e-05 -9.54723e-05 -2.76439e-05 -6.85617e-06 6.36204e-05
internal_weight=1.297e+06 101657 1.19534e+06 790116 79570 49917 405224 313976 710546 91248 66668 189505 643878 124471
internal_count=1296997 101657 1195340 790116 79570 49917 405224 313976 710546 91248 66668 189505 643878 124471
is_linear=0
shrinkage=0.01


Tree=344
num_leaves=15
num_cat=0
split_feature=3 6 23 22 0 4 17 23 21 5 15 19 4 21
split_gain=4.75384 5.43538 4.35212 4.18232 3.93095 3.628 3.18301 2.96479 3.00849 2.82963 2.98394 2.49312 2.56241 2.46283
threshold=-0.45789007092198575 -0.26020833333333326 0.010990338164251214 0.32025641025641027 0.28334980237154156 -0.1633333333333333 0.023268398268398275 0.14583333333333334 -0.45959183673469384 0.49000000000000005 -0.40212765957446805 -0.35857142857142849 -0.40312499999999996 0.17369121561668147
decision_type=8 8 10 2 10 2 2 10 2 10 2 2 2 2
left_child=1 -1 -3 4 7 11 -7 8 -2 10 -6 12 -5 -11
right_child=3 2 -4 5 9 6 -8 -9 -10 13 -12 -13 -14 -15
leaf_value=-0.00035448715390161526 0.00014382763495766716 -7.5269000692174461e-06 -0.00072120921006814268 -0.0008501662208019637 0.00015064127348141446 -0.00010639844115351574 2.0417774601223754e-05 0.00026673280060274788 1.102737292265703e-05 -0.0004160325246012208 -4.16815075179217e-05 0.00010711620469174729 -2.9106759027124074e-05 -6.0220492998057568e-05
leaf_weight=7840 17408 18975 897 536 8539 82307 25566 4652 971416 3656 130978 18359 1581 4659
leaf_count=7840 17408 18975 897 536 8539 82307 25566 4652 971416 3656 130978 18359 1581 4659
internal_value=-1.48218e-06 -0.000131055 -4.13552e-05 1.32259e-06 7.43207e-06 -5.27695e-05 -7.60651e-05 1.46133e-05 1.33961e-05 -4.06245e-05 -2.96926e-05 6.84859e-05 -0.000252049 -0.000220367
internal_weight=1.29737e+06 27712 19872 1.26966e+06 1.14131e+06 128349 107873 993476 988824 147832 139517 20476 2117 8315
internal_count=1297369 27712 19872 1269657 1141308 128349 107873 993476 988824 147832 139517 20476 2117 8315
is_linear=0
shrinkage=0.01


Tree=345
num_leaves=15
num_cat=0
split_feature=0 21 25 24 23 28 25 17 25 17 5 21 28 20
split_gain=4.18122 3.97741 4.55475 3.68153 4.52966 5.18191 3.74229 3.37253 4.38956 3.86378 3.11043 3.31163 2.47126 3.16643
threshold=0.27178030303030309 -0.28130434782608693 0.82500000000000018 0.26163419913419916 0.077380952380952397 0.32732919254658394 0.50000000000000011 0.011766334440753036 0.50000000000000011 -0.20106382978723403 0.30217391304347835 0.34944495837187795 0.1588137472283814 0.4587585034013606
decision_type=8 2 2 10 10 10 2 2 2 2 10 2 10 2
left_child=1 2 12 4 6 -6 -3 9 -9 -5 -2 -12 -1 -14
right_child=10 3 -4 7 5 -7 -8 8 -10 -11 11 -13 13 -15
leaf_value=8.023034753424129e-05 -1.2471899318237877e-05 1.6739655968415528e-05 0.00017562361895696898 -2.9418096586273158e-05 0.00031216430199080289 -8.4135381148842353e-05 -3.2305290062506827e-05 -8.8600689961455887e-05 3.2546851793816087e-05 9.8926924048400712e-05 -0.00013244778593474044 3.246622423085575e-05 2.4554163690938177e-05 -0.00016014016327776319
leaf_weight=44756 110174 229244 26577 30542 8860 5095 480190 42168 102725 96637 56881 15145 35693 12468
leaf_count=44756 110174 229244 26577 30542 8860 5095 480190 42168 102725 96637 56881 15145 35693 12468
internal_value=-1.76281e-06 5.47091e-06 5.99888e-05 -1.04339e-06 -1.28664e-05 0.000165338 -1.64148e-05 3.02814e-05 -2.5046e-06 6.78691e-05 -4.61929e-05 -9.73547e-05 2.65864e-05 -2.26439e-05
internal_weight=1.29716e+06 1.11496e+06 119494 995461 723389 13955 709434 272072 144893 127179 182200 72026 92917 48161
internal_count=1297155 1114955 119494 995461 723389 13955 709434 272072 144893 127179 182200 72026 92917 48161
is_linear=0
shrinkage=0.01


Tree=346
num_leaves=15
num_cat=0
split_feature=5 26 2 14 28 18 27 6 27 26 26 27 11 11
split_gain=4.69284 4.62316 3.88117 3.11923 2.72779 6.01099 3.76929 3.67941 3.04793 5.02143 4.37924 2.69795 2.50012 2.43202
threshold=0.33836734693877557 0.54027027027027041 -0.43683510638297868 -0.25777777777777772 -0.23956521739130432 0.011766334440753036 0.40550595238095244 0.025657894736842105 -0.14365079365079361 0.1023024594453166 0.24744897959183676 -0.47894503546099287 0.022233201581027654 -0.43938775510204076
decision_type=10 2 8 2 8 2 2 10 2 2 2 2 2 2
left_child=2 11 3 -1 5 6 -4 -7 9 -6 -10 -2 -5 -3
right_child=1 13 4 12 8 7 -8 -9 10 -11 -12 -13 -14 -15
leaf_value=-0.00030168211810391603 0.00035836699318728425 -0.00039130624762117726 0.00010330943154372192 -0.00012623020917260113 0.00010967530502231685 -3.2557819411193405e-05 -0.00010388498008975677 7.6577694821690508e-05 -5.397375275713874e-05 5.0865962213647911e-06 5.6574630688553719e-06 -1.4374167855919265e-05 7.4010922443355984e-05 -0.0001067301363354611
leaf_weight=6336 1991 3273 115472 16966 57476 121146 9357 41420 183881 231522 370732 71763 9658 55885
leaf_count=6336 1991 3273 115472 16966 57476 121146 9357 41420 183881 231522 370732 71763 9658 55885
internal_value=-8.20395e-07 -5.71331e-05 5.58425e-06 -0.000101306 8.72604e-06 3.53344e-05 8.7536e-05 -4.56587e-06 -3.03206e-07 2.5992e-05 -1.40593e-05 -3.89106e-06 -5.24648e-05 -0.000123001
internal_weight=1.29688e+06 132912 1.16397e+06 32960 1.13101e+06 287395 124829 162566 843611 288998 554613 73754 26624 59158
internal_count=1296878 132912 1163966 32960 1131006 287395 124829 162566 843611 288998 554613 73754 26624 59158
is_linear=0
shrinkage=0.01


Tree=347
num_leaves=15
num_cat=0
split_feature=11 28 22 22 22 16 27 7 23 23 26 21 14 19
split_gain=4.03954 4.52825 4.04983 4.04027 4.00919 4.09283 3.70039 4.59255 4.15631 3.44662 3.37034 4.0144 3.59814 3.44027
threshold=-0.45959183673469384 0.41751700680272114 0.49500000000000005 -0.32182539682539674 -0.45401691331923882 -0.42590909090909085 -0.14946808510638296 -0.33156028368794321 0.091666666666666688 0.012049941927990694 0.72821969696969713 0.41207729468599036 -0.41918367346938773 -0.28945035460992902
decision_type=2 8 2 2 2 2 2 2 8 10 2 2 2 2
left_child=1 10 4 -3 5 -2 7 -6 -8 -7 12 13 -1 -12
right_child=2 3 -4 -5 6 9 8 -9 -10 -11 11 -13 -14 -15
leaf_value=-0.0007228674069374028 -0.00054662182162602173 0.00029777292027264517 -0.00017354748807488023 -0.00063143243000617977 -4.1496133189759471e-05 -0.00010324297114738005 -5.8373459118153084e-06 4.8707876250431799e-05 0.0001841966586757847 0.00021453715353583338 0.00035267665836727249 -0.00088547850183421707 7.1653581416836835e-05 -0.00027702566812262675
leaf_weight=595 1918 513 12678 2779 67279 32850 804240 340951 11668 3754 1049 891 11008 4292
leaf_count=595 1918 513 12678 2779 67279 32850 804240 340951 11668 3754 1049 891 11008 4292
internal_value=1.89512e-06 -0.000135197 4.19e-06 -0.000477388 5.99878e-06 -9.43773e-05 9.18221e-06 3.3768e-05 -3.0823e-06 -6.98179e-05 -7.02839e-05 -0.000258288 2.81495e-05 -0.000147607
internal_weight=1.29646e+06 21127 1.27534e+06 3292 1.26266e+06 38522 1.22414e+06 408230 815908 36604 17835 6232 11603 5341
internal_count=1296465 21127 1275338 3292 1262660 38522 1224138 408230 815908 36604 17835 6232 11603 5341
is_linear=0
shrinkage=0.01


Tree=348
num_leaves=15
num_cat=0
split_feature=4 28 27 28 16 24 15 25 24 20 18 21 15 28
split_gain=4.19433 4.54289 4.21533 3.88707 7.05522 3.75047 3.6001 8.10791 5.58801 3.1779 3.13484 3.59575 3.55285 3.12087
threshold=0.25521059487624842 -0.41945945945945939 0.039230769230769243 0.49000000000000005 0.010527482269503509 -0.050641025641025621 -0.23956521739130432 0.82500000000000018 -0.30220445736434104 -0.47979591836734686 -0.15978723404255316 -0.28130434782608693 -0.3876262626262626 -0.31165540540540532
decision_type=2 8 2 8 2 10 2 2 10 2 2 2 2 10
left_child=2 -2 6 9 5 -5 7 -1 -9 -3 11 -4 -13 -12
right_child=1 3 10 4 -6 -7 -8 8 -10 -11 13 12 -14 -15
leaf_value=2.7276862454213695e-05 0.00013287656653226365 0.00032381115716139281 0.00021808869576806815 -0.00053160774743726933 -0.00068082361181941164 0.0002864036157745047 3.3308986715534386e-05 -0.00067636374108411945 -0.00015966536497055565 -5.2246634599354667e-05 3.518311221584645e-05 0.00025439661840623729 -1.7070020809571166e-05 -3.3720098163569845e-05
leaf_weight=31328 13680 2253 11228 788 2711 1880 548280 2695 10666 173894 79296 5498 38125 375137
leaf_count=31328 13680 2253 11228 788 2711 1880 548280 2695 10666 173894 79296 5498 38125 375137
internal_value=5.09773e-07 -4.21898e-05 8.09906e-06 -5.55502e-05 -0.000321248 3.32446e-05 2.62391e-05 -5.98248e-05 -0.00026626 -4.72609e-05 -1.29629e-05 5.82992e-05 1.64716e-05 -2.16307e-05
internal_weight=1.29746e+06 195206 1.10225e+06 181526 5379 2668 592969 44689 13361 176147 509284 54851 43623 454433
internal_count=1297459 195206 1102253 181526 5379 2668 592969 44689 13361 176147 509284 54851 43623 454433
is_linear=0
shrinkage=0.01


Tree=349
num_leaves=15
num_cat=0
split_feature=27 24 24 28 15 28 26 4 4 23 24 7 27 26
split_gain=4.13702 4.54777 4.4526 9.72477 4.24214 3.97309 5.66664 4.36846 3.83225 3.74031 4.02752 3.4216 3.9943 7.54145
threshold=0.32025641025641027 -0.42752100840336132 -0.17573529411764702 -0.45959183673469384 0.011766334440753036 0.47849213691026832 0.06030303030303031 -0.17888888888888885 -0.081666666666666651 0.030330882352941183 -0.15821566110397942 -0.33156028368794321 -0.38832199546485252 0.28730158730158734
decision_type=2 10 10 10 2 8 2 2 2 10 10 2 2 2
left_child=5 -2 3 8 -5 11 -7 -8 -3 10 -4 -1 13 -13
right_child=1 2 9 4 -6 6 7 -9 -10 -11 -12 12 -14 -15
leaf_value=-4.2689607443087445e-05 0.00016400343924581059 0.0012722649457397922 0.00038913780072199366 -0.00023565779542860057 -6.1004072790335805e-05 0.00017673881569669851 0.00011231488247974337 -0.00019586395414590075 0.00026517039870599531 0.00013101670196997718 -4.2977662126419582e-05 0.00020052940564463801 9.4246155842126596e-06 8.4657669611167722e-06
leaf_weight=109754 10456 526 2171 28805 28015 6467 5375 27876 1786 14352 160988 32812 812305 55158
leaf_count=109754 10456 526 2171 28805 28015 6467 5375 27876 1786 14352 160988 32812 812305 55158
internal_value=-2.57779e-06 -3.94072e-05 -4.85236e-05 -0.000123795 -0.000150081 6.06297e-06 -9.19655e-05 -0.000145139 0.000508604 -2.32787e-05 -3.7037e-05 9.94776e-06 1.63983e-05 8.04491e-05
internal_weight=1.29685e+06 247099 236643 59132 56820 1.04975e+06 39718 33251 2312 177511 163159 1.01003e+06 900275 87970
internal_count=1296846 247099 236643 59132 56820 1049747 39718 33251 2312 177511 163159 1010029 900275 87970
is_linear=0
shrinkage=0.01


Tree=350
num_leaves=15
num_cat=0
split_feature=11 28 4 18 24 17 3 3 17 22 26 26 24 24
split_gain=4.85035 4.70098 5.65997 4.40286 4.9467 5.27524 4.37609 4.01662 3.92683 3.73176 3.52393 3.48176 4.61851 3.42707
threshold=-0.29795918367346935 0.022233201581027654 0.25777777777777783 0.011237373737373714 -0.063164893617021253 -0.45959183673469384 0.47849213691026832 -0.10753931544865862 0.037087912087912074 0.23979166666666671 0.75582655826558276 0.1023024594453166 -0.37939393939393934 -0.37627551020408156
decision_type=2 10 2 2 8 2 8 10 2 2 2 2 8 10
left_child=9 3 6 4 13 -6 8 -4 -3 10 -1 12 -5 -2
right_child=1 2 7 11 5 -7 -8 -9 -10 -11 -12 -13 -14 -15
leaf_value=7.6160940509178822e-06 8.6197428480377076e-05 -1.3233171667776242e-05 -0.00027410379229069376 0.00015120042505158436 -0.00030572044604239231 0.00011183390920407189 -0.00058586497774372763 -6.2526406928912025e-05 5.5989960570354007e-05 -0.00017662827327567056 -0.00011412350822272717 2.0195798398383294e-05 -9.3645333209649179e-05 -3.6847081884093691e-05
leaf_weight=71775 35520 378822 10434 8835 3059 128451 1268 70657 104531 21717 35261 307658 56567 62160
leaf_count=71775 35520 378822 10434 8835 3059 128451 1268 70657 104531 21717 35261 307658 56567 62160
internal_value=1.41526e-06 7.85926e-06 -1.28046e-05 2.73193e-05 6.18294e-05 0.000101886 7.25591e-08 -9.01292e-05 1.67537e-06 -5.68063e-05 -3.22105e-05 6.03719e-06 -6.01056e-05 7.59053e-06
internal_weight=1.29672e+06 1.16796e+06 565712 602250 229190 131510 484621 81091 483353 128753 107036 373060 65402 97680
internal_count=1296715 1167962 565712 602250 229190 131510 484621 81091 483353 128753 107036 373060 65402 97680
is_linear=0
shrinkage=0.01


Tree=351
num_leaves=15
num_cat=0
split_feature=5 0 15 11 19 3 18 4 26 4 21 21 4 22
split_gain=4.57334 3.28715 3.60269 3.13468 3.56901 3.79988 3.47543 3.0712 2.9079 2.8562 4.8411 2.97625 2.83823 2.83222
threshold=0.32793709528214621 -0.015555555555555571 -0.36266924564796899 -0.24734042553191488 -0.39472517730496448 0.37766439909297056 -0.20106382978723403 0.37766439909297056 0.35355392156862753 -0.26020833333333326 0.4139685476410731 0.44895833333333335 0.085144927536231943 0.30976190476190485
decision_type=10 8 2 2 2 8 2 2 2 2 2 2 2 2
left_child=3 8 -3 4 6 -6 7 -1 -2 10 -5 -12 -8 -11
right_child=1 2 -4 9 5 -7 12 -9 -10 13 11 -13 -14 -15
leaf_value=0.00057663441960727408 6.7157259067869446e-05 9.1362535208193733e-05 -0.00012441313693344402 7.6661613264575017e-05 -3.8799829806606057e-05 -0.00023871290938618975 -0.00015928536725775427 -7.6204370624574072e-05 -6.7106616221480775e-05 1.4220171963032519e-05 -0.0004294936621506952 0 0.00016090225341560766 -4.1215880054196697e-05
leaf_weight=2446 31870 8622 64744 109416 102557 10582 4830 912 32650 812013 3062 3481 6408 103759
leaf_count=2446 31870 8622 64744 109416 102557 10582 4830 912 32650 812013 3062 3481 6408 103759
internal_value=1.56061e-06 -5.28549e-05 -9.86435e-05 8.0578e-06 -3.86096e-05 -5.77689e-05 0.000107827 0.000390494 -3.21266e-07 1.38647e-05 6.06606e-05 -0.000202248 2.06137e-05 7.90627e-06
internal_weight=1.29735e+06 137886 73366 1.15947e+06 127735 113139 14596 3358 64520 1.03173e+06 115959 6543 11238 915772
internal_count=1297352 137886 73366 1159466 127735 113139 14596 3358 64520 1031731 115959 6543 11238 915772
is_linear=0
shrinkage=0.01


Tree=352
num_leaves=15
num_cat=0
split_feature=17 27 23 28 25 3 22 15 25 24 22 28 22 28
split_gain=4.51771 4.5545 5.67433 4.94292 4.31761 4.10086 3.85845 3.73366 7.40241 5.74608 3.99651 4.04277 3.31452 3.01182
threshold=-0.41010101010101002 -1.0000000180025095e-35 0.1125 -0.31165540540540532 0.27500000000000008 0.42111111111111121 0.012347560975609741 -0.23956521739130432 0.82500000000000018 -0.30220445736434104 0.48456521739130437 -0.17928571428571424 -0.45959183673469384 0.47402159244264513
decision_type=2 2 8 10 2 8 2 2 2 10 2 8 2 8
left_child=5 7 3 4 -3 12 -5 8 -2 -10 13 -12 -1 -9
right_child=1 2 -4 6 -6 -7 -8 10 9 -11 11 -13 -14 -15
leaf_value=-0.00048246874263463212 1.8976688302252016e-05 -9.7008475083436868e-05 0.00021646555959251048 1.9567454709763357e-06 6.7315748739604011e-05 -0.00029494204093844715 -5.2753561052826344e-05 4.0365152157148566e-05 -0.00064663037374137816 -0.00014489989307607312 0.00014792601727294286 -0.00040032781648598913 -2.3830374104300537e-05 -6.8266100254108156e-05
leaf_weight=1675 35536 18917 10517 215767 99565 8771 316456 512626 2931 11610 1893 4137 30165 26660
leaf_count=1675 35536 18917 10517 215767 99565 8771 316456 512626 2931 11610 1893 4137 30165 26660
internal_value=9.44796e-07 4.32266e-06 -1.37137e-05 -1.7481e-05 4.08245e-05 -0.00010283 -3.05174e-05 2.44035e-05 -5.80176e-05 -0.000248208 3.20276e-05 -0.000223254 -4.89432e-05 3.49389e-05
internal_weight=1.29723e+06 1.25662e+06 661222 650705 118482 40611 532223 595393 50077 14541 545316 6030 31840 539286
internal_count=1297226 1256615 661222 650705 118482 40611 532223 595393 50077 14541 545316 6030 31840 539286
is_linear=0
shrinkage=0.01


Tree=353
num_leaves=15
num_cat=0
split_feature=17 28 18 23 20 24 3 10 24 1 18 28 1 7
split_gain=4.72924 3.93321 5.02779 5.96233 3.68701 3.63783 3.48165 3.29145 3.80736 3.08395 3.05015 3.03047 2.58098 2.60481
threshold=-0.41010101010101002 -0.23956521739130432 0.011495771670190282 0.028594771241830078 0.011766334440753036 0.46628787878787886 0.40212765957446817 0.23956521739130435 -0.42022727272727267 0.28334980237154156 0.18042553191489366 -0.28835386338185887 0.20106382978723406 -0.43683510638297868
decision_type=2 10 2 8 2 10 8 2 8 10 2 10 10 2
left_child=5 2 12 -4 7 6 10 8 -3 -6 -1 -7 13 -2
right_child=1 4 3 -5 9 11 -8 -9 -10 -11 -12 -13 -14 -15
leaf_value=-7.071615768879857e-06 -0.00011594859054695698 7.58491846847742e-05 -1.8304180972025041e-05 0.00017576775270441845 1.3561265607746002e-05 -0.00025253555287759307 -0.00024586048530822642 2.8514422890713768e-05 -6.6166671504549221e-05 -6.2847737572956463e-05 -0.00061840757333274702 -0.001135919232586573 8.6234654688016728e-06 0.00012185560127605473
leaf_weight=27984 4725 20548 163284 17526 595315 1561 9785 61830 210008 57879 842 586 35558 89326
leaf_count=27984 4725 20548 163284 17526 595315 1561 9785 61830 210008 57879 842 586 35558 89326
internal_value=2.21022e-07 3.68438e-06 3.45848e-05 3.43992e-07 -6.42811e-06 -0.000105762 -8.25335e-05 -3.59583e-05 -5.33788e-05 6.74454e-06 -2.60317e-05 -0.000508847 8.21197e-05 0.000109586
internal_weight=1.29676e+06 1.256e+06 310419 180810 945580 40758 38611 292386 230556 653194 28826 2147 129609 94051
internal_count=1296757 1255999 310419 180810 945580 40758 38611 292386 230556 653194 28826 2147 129609 94051
is_linear=0
shrinkage=0.01


Tree=354
num_leaves=15
num_cat=0
split_feature=22 23 24 3 22 24 23 24 25 22 19 19 24 14
split_gain=5.2235 4.44339 3.79679 5.37548 4.07385 5.34875 6.81986 3.95249 3.85322 4.47518 3.90157 3.61907 3.55569 3.45887
threshold=-0.45401691331923882 0.012049941927990694 0.24695121951219515 0.47979591836734697 0.13438086303939964 -0.11583184257602859 0.012347560975609741 0.27951388888888895 0.50000000000000011 -0.26163419913419911 0.034523809523809519 -0.43683510638297868 0.23252032520325203 -0.3404545454545454
decision_type=2 10 8 8 2 10 10 10 2 2 2 2 8 2
left_child=1 11 4 8 12 6 -6 -5 9 -4 -10 -1 -2 -7
right_child=2 -3 3 7 5 13 -8 -9 10 -11 -12 -13 -14 -15
leaf_value=0.00011916616235617739 7.0683141830947212e-06 0.00021139004386191475 0.00012279150972075039 0.00023758608919196769 -6.6474625106261392e-05 -0.00032360150012402582 -0.00033685139658221243 -0.00038842978442566584 2.6378939404783767e-05 -3.2291694129785666e-05 0.00010562033989436639 -0.00018675865759192753 -0.00041327287225150611 9.906280276294911e-06
leaf_weight=4285 545588 3715 21664 1194 120616 3181 10193 5065 193631 130503 92577 31329 2015 131441
leaf_count=4285 545588 3715 21664 1194 120616 3181 10193 5065 193631 130503 92577 31329 2015 131441
internal_value=-7.74671e-07 -0.000114273 2.75099e-06 2.62648e-05 -1.00714e-05 -4.2236e-05 -8.77797e-05 -0.00026416 3.04816e-05 -1.00134e-05 5.21161e-05 -0.000149101 5.46456e-06 1.79591e-06
internal_weight=1.297e+06 39329 1.25767e+06 444634 813034 265431 130809 6259 438375 152167 286208 35614 547603 134622
internal_count=1296997 39329 1257668 444634 813034 265431 130809 6259 438375 152167 286208 35614 547603 134622
is_linear=0
shrinkage=0.01


Tree=355
num_leaves=15
num_cat=0
split_feature=27 21 25 14 22 28 26 28 22 15 19 11 28 24
split_gain=4.04613 3.53084 6.10739 4.16326 4.45777 3.66314 3.8435 3.53651 3.51246 3.35554 3.14715 3.10153 2.98284 3.31552
threshold=0.30217391304347835 -0.28945035460992902 0.82500000000000018 -0.22170212765957442 0.12097560975609757 0.45959183673469389 0.05634920634920635 -0.43969696969696964 0.48456521739130437 0.010310374149659853 -0.47979591836734686 -0.097872340425531903 0.095491388044579531 0.25858879492600428
decision_type=2 2 2 2 2 8 2 10 2 2 2 2 10 10
left_child=1 2 12 4 7 8 -7 -3 -5 -4 -2 -6 -1 -14
right_child=10 3 9 5 11 6 -8 -9 -10 -11 -12 -13 13 -15
leaf_value=8.3222790029958591e-05 0.000280668413765526 0.00031996523587031814 -0.00044147489432723897 1.6122403962964292e-05 0 0.00015036067956190275 -0.00013114786082467147 -4.6040111595401634e-05 -0.00018789615843688018 0.00020262265976843282 -3.6892317845958915e-05 -0.00030358104926846841 -8.8663484399978463e-05 6.4061692193201312e-05
leaf_weight=44494 3134 2770 801 775656 4655 5636 31534 50278 8508 29056 270675 11639 34335 24062
leaf_count=44494 3134 2770 801 775656 4655 5636 31534 50278 8508 29056 270675 11639 34335 24062
internal_value=9.73279e-07 1.01307e-05 5.82545e-05 2.92441e-06 -7.14323e-05 9.23881e-06 -8.76477e-05 -2.6346e-05 1.38699e-05 0.000184296 -3.31449e-05 -0.000216346 2.1384e-05 -2.52206e-05
internal_weight=1.29723e+06 1.02342e+06 132748 890676 69342 821334 37170 53048 784164 29857 273809 16294 102891 58397
internal_count=1297233 1023424 132748 890676 69342 821334 37170 53048 784164 29857 273809 16294 102891 58397
is_linear=0
shrinkage=0.01


Tree=356
num_leaves=15
num_cat=0
split_feature=11 21 18 15 6 26 23 15 22 4 22 23 27 23
split_gain=4.64886 4.0136 5.5188 4.54906 3.69563 3.31682 3.30397 3.3741 6.51947 5.30341 4.89449 4.98272 4.65513 3.37713
threshold=-0.37888888888888883 0.29356060606060608 -0.20106382978723403 -0.45959183673469384 0.31441326530612251 0.12097560975609757 0.034523809523809519 -0.43938775510204076 -0.28192934782608692 -0.41918367346938773 -0.45698427382053647 0.012049941927990694 0.37779990044798412 0.010527482269503509
decision_type=2 2 2 2 10 2 8 2 2 2 2 10 2 10
left_child=1 4 -3 -4 -1 -6 7 8 13 -10 11 -9 -12 -2
right_child=6 2 3 -5 5 -7 -8 10 9 -11 12 -13 -14 -15
leaf_value=-7.692523547315485e-05 0.00048964529610700538 0.00035150324597265243 -0.00043349659208105184 2.9399625748690769e-05 0 -0.00039020026377788571 7.2724271549039158e-05 -0.0001685895993089052 -0.00067161470831958393 6.4772649820121319e-05 1.1725248725981865e-05 0.0003062835902930915 -4.9630735332825261e-05 -0.00015558148264297928
leaf_weight=43937 5460 4567 2505 13334 2903 7969 71990 26382 1037 15846 955383 2368 141959 873
leaf_count=43937 5460 4567 2505 13334 2903 7969 71990 26382 1037 15846 955383 2368 141959 873
internal_value=2.26818e-06 -7.39992e-05 4.46501e-05 -4.19838e-05 -0.000118721 -0.000284804 6.98993e-06 2.8462e-06 0.000122173 1.76538e-05 3.59137e-07 -0.000128405 3.7604e-06 0.000395935
internal_weight=1.29651e+06 75215 20406 15839 54809 10872 1.2213e+06 1.14931e+06 23216 16883 1.12609e+06 28750 1.09734e+06 6333
internal_count=1296513 75215 20406 15839 54809 10872 1221298 1149308 23216 16883 1126092 28750 1097342 6333
is_linear=0
shrinkage=0.01


Tree=357
num_leaves=15
num_cat=0
split_feature=1 22 11 19 22 28 26 18 15 11 3 1 18 22
split_gain=4.03494 3.85651 3.22123 3.56888 4.90108 3.2988 3.00776 3.53087 2.86899 4.14043 2.37807 2.04477 2.94096 2.8683
threshold=0.34021276595744687 -0.47979591836734686 -0.39897959183673465 0.031582446808510641 -0.02970588235294119 -0.38047619047619041 0.72821969696969713 -0.058409090909090904 -0.37877551020408157 0.34045454545454551 0.34021276595744687 0.47979591836734697 -0.36515151515151512 -0.14208074534161488
decision_type=10 2 2 2 2 10 2 2 2 2 10 10 2 2
left_child=1 -1 6 4 -4 -5 10 -8 9 -2 -3 -10 13 -13
right_child=8 2 3 5 -6 -7 7 -9 11 -11 -12 12 -14 -15
leaf_value=-0.00025405456772990083 0.0001263281066166791 1.4431687795941448e-05 3.1098828027656613e-05 0.00015891759274464613 -2.1724225955395993e-05 2.8114029078420677e-05 6.2003576231783971e-06 -0.00028321419815235493 -5.3078732686558698e-05 -0.00055611122378065089 -0.00024999080610941138 -0.00088320931008282436 -0.00011538526269604529 -0.00017843989277712725
leaf_weight=5725 13102 29718 274897 20606 486065 332495 6398 11319 92768 939 3821 1090 15232 1522
leaf_count=5725 13102 29718 274897 20606 486065 332495 6398 11319 92768 939 3821 1090 15232 1522
internal_value=-1.06844e-06 4.66547e-06 5.96291e-06 9.55294e-06 -2.60246e-06 3.58336e-05 -7.14782e-05 -0.000177024 -5.51747e-05 7.84444e-05 -1.48185e-05 -7.24091e-05 -0.000171198 -0.000484692
internal_weight=1.2957e+06 1.17104e+06 1.16532e+06 1.11406e+06 760962 353101 51256 17717 124653 14041 33539 110612 17844 2612
internal_count=1295697 1171044 1165319 1114063 760962 353101 51256 17717 124653 14041 33539 110612 17844 2612
is_linear=0
shrinkage=0.01


Tree=358
num_leaves=15
num_cat=0
split_feature=28 21 11 14 18 25 15 18 28 27 27 25 3 25
split_gain=4.48935 4.4067 4.13687 4.33658 3.83131 5.6849 4.08547 3.71512 3.66796 3.53626 3.51694 3.49898 3.09789 2.79524
threshold=0.10208333333333332 -0.43938775510204076 -0.33156028368794321 -0.45227272727272722 -0.34066731141199219 0.37500000000000006 0.49000000000000005 0.011237373737373714 0.37779990044798412 0.38944444444444448 -0.34924242424242419 0.92500000000000016 0.47979591836734697 1.0000000180025095e-35
decision_type=10 2 2 2 2 2 2 2 10 2 2 2 10 2
left_child=1 -1 3 -3 5 8 12 9 -2 -4 -9 -5 -7 -6
right_child=4 2 7 11 13 6 -8 10 -10 -11 -12 -13 -14 -15
leaf_value=0.00016420013041849041 0.0002591409273412358 -0.00073981197994986902 5.9210104760664435e-05 -1.9015870773389114e-05 0.00014759749064815493 -0.0001951547336836818 0.00063711904046858726 7.5076675746538692e-05 -0.00020531954440740366 -5.6984163189708053e-05 -1.2416911231660775e-05 -0.00022224362976633224 -0.00058520981738204947 -2.142419618490327e-05
leaf_weight=18883 4969 974 228907 39573 9940 18837 523 52159 2517 29314 384237 10926 2401 493244
leaf_count=18883 4969 974 228907 39573 9940 18837 523 52159 2517 29314 384237 10926 2401 493244
internal_value=-2.24462e-06 1.32489e-05 9.38755e-06 -7.7012e-05 -2.45613e-05 -0.000135979 -0.000218178 1.58335e-05 9.89509e-05 4.59027e-05 -1.8903e-06 -6.3591e-05 -0.00024074 -1.80248e-05
internal_weight=1.2974e+06 764973 746090 51473 532431 29247 21761 694617 7486 258221 436396 50499 21238 503184
internal_count=1297404 764973 746090 51473 532431 29247 21761 694617 7486 258221 436396 50499 21238 503184
is_linear=0
shrinkage=0.01


Tree=359
num_leaves=15
num_cat=0
split_feature=0 3 6 28 18 22 19 22 25 28 28 14 21 14
split_gain=5.02869 4.54022 4.41726 3.10408 5.49323 3.30115 3.1239 3.1131 3.00155 2.0484 1.77952 1.8141 1.7551 2.12725
threshold=0.47801932367149763 -0.45789007092198575 0.27888888888888896 -0.23956521739130432 0.011766334440753036 0.49500000000000005 -0.061249999999999992 -0.41578014184397155 0.62500000000000011 -0.29361054766734279 0.084349593495934974 -0.1633333333333333 0.21869565217391304 0.25777777777777783
decision_type=10 8 10 8 2 2 2 2 2 10 10 2 2 2
left_child=1 2 10 4 8 6 -5 -6 -3 -4 -1 -12 -2 -14
right_child=12 3 9 5 7 -7 -8 -9 -10 -11 11 -13 13 -15
leaf_value=-0.00013296772357574346 -0.00019630543676960808 0.00012583201603106966 -0.00032073700261761237 -3.7776268953523026e-05 -0.00018724520740879107 -0.00019030860615505091 9.0586399199818235e-06 6.6986544541954343e-06 3.1529473563320105e-05 6.9506271991247567e-05 -0.00063203389869227495 -0.00024760452866383402 -0.00010305765901791679 0.00021037414039524167
leaf_weight=8298 16462 73072 1530 175989 8718 9191 746395 160385 64657 10501 1905 4921 10927 2659
leaf_count=8298 16462 73072 1530 175989 8718 9191 746395 160385 64657 10501 1905 4921 10927 2659
internal_value=1.41212e-06 4.47084e-06 -0.00012337 7.29857e-06 3.48894e-05 -1.75688e-06 9.0016e-08 -3.12574e-06 8.17811e-05 1.73179e-05 -0.000237251 -0.000359515 -0.000126404 -3.94734e-05
internal_weight=1.29561e+06 1.26556e+06 27155 1.23841e+06 306832 931575 922384 169103 137729 12031 15124 6826 30048 13586
internal_count=1295610 1265562 27155 1238407 306832 931575 922384 169103 137729 12031 15124 6826 30048 13586
is_linear=0
shrinkage=0.01


Tree=360
num_leaves=15
num_cat=0
split_feature=3 4 24 24 18 14 17 4 21 18 6 3 14 18
split_gain=4.26133 4.0809 4.21114 8.91414 5.02767 4.38438 4.57168 4.00171 3.14005 3.44212 2.38095 2.95614 2.35961 2.24936
threshold=-0.43683510638297868 -0.26020833333333326 -0.22821969696969696 -0.37321428571428567 -0.39897959183673465 0.3585714285714286 -0.47979591836734686 0.39678030303030309 0.41207729468599036 -0.1031914893617021 0.23956521739130435 -0.44727272727272721 -0.036666666666666646 -0.14222222222222219
decision_type=8 2 8 10 2 2 2 2 2 2 10 10 2 2
left_child=10 8 3 4 -3 6 -4 -5 -2 12 11 13 -10 -1
right_child=1 2 5 7 -6 -7 -8 -9 9 -11 -12 -13 -14 -15
leaf_value=-0.00044328567581723932 6.2279057552930362e-05 -0.00025725633759728685 -0.00033825442833915176 -0.00010113312022864489 1.8152641444849122e-05 -8.5001507625293655e-05 1.3272174529343036e-05 -0.00036002014384925267 -0.00029741110763498781 -0.00023870051680233148 -1.4438317162713566e-05 0 0.00038807347533317528 -0.00016729997852351077
leaf_weight=4196 144684 6940 3708 82909 144238 49805 805864 6557 648 7038 19425 7267 1782 12488
leaf_count=4196 144684 6940 3708 82909 144238 49805 805864 6557 648 7038 19425 7267 1782 12488
internal_value=-9.53915e-07 2.39305e-06 -4.33451e-06 -4.13247e-05 5.30638e-06 5.98872e-06 1.16238e-05 -0.000120454 5.05944e-05 -0.000124759 -9.84131e-05 -0.000165257 0.000192806 -0.000238575
internal_weight=1.29755e+06 1.25417e+06 1.10002e+06 240644 151178 859377 809572 89466 154152 9468 43376 23951 2430 16684
internal_count=1297549 1254173 1100021 240644 151178 859377 809572 89466 154152 9468 43376 23951 2430 16684
is_linear=0
shrinkage=0.01


Tree=361
num_leaves=15
num_cat=0
split_feature=11 14 27 1 15 23 2 17 20 14 21 18 23 25
split_gain=5.0915 3.46177 3.35398 4.07158 4.69435 3.61426 3.19635 2.65392 2.40531 2.62314 2.37025 6.43114 4.0851 3.80623
threshold=-0.33156028368794321 -0.45959183673469384 -0.14365079365079361 0.011237373737373714 0.04083333333333334 0.14583333333333334 0.011766334440753036 -0.41010101010101002 0.28130434782608704 -0.24234042553191487 0.27664399092970526 -0.43938775510204076 0.010527482269503509 0.70000000000000018
decision_type=2 2 2 8 2 8 10 2 2 2 2 2 8 2
left_child=1 -1 6 -4 7 -6 8 -5 9 -2 -3 13 -13 -12
right_child=2 10 3 4 5 -7 -8 -9 -10 -11 11 12 -14 -15
leaf_value=-0.00047857398518022525 -0.00012805647463773968 -8.5639929755095719e-05 3.5512909462049969e-05 -0.00021761246172635751 2.8712535873786933e-05 0.00033255335900673317 5.6242919036858505e-05 -2.7925755874051729e-05 7.7927963195497144e-05 -1.3934265491279337e-06 0.0012723989442110465 1.9536214876954213e-05 -0.00044606671149111571 0.00018272936387347727
leaf_weight=1995 18983 75898 194911 7543 113017 4080 225198 473211 31513 121482 616 25868 2025 829
leaf_count=1995 18983 75898 194911 7543 113017 4080 225198 473211 31513 121482 616 25868 2025 829
internal_value=1.75257e-06 -6.42138e-05 7.72247e-06 -4.12744e-06 -1.71013e-05 3.95637e-05 3.14502e-05 -3.09657e-05 -8.40691e-07 -1.87271e-05 -5.60601e-05 1.94419e-05 -1.32349e-05 0.000669645
internal_weight=1.29717e+06 107231 1.18994e+06 792762 597851 117097 397176 480754 171978 140465 105236 29338 27893 1445
internal_count=1297169 107231 1189938 792762 597851 117097 397176 480754 171978 140465 105236 29338 27893 1445
is_linear=0
shrinkage=0.01


Tree=362
num_leaves=15
num_cat=0
split_feature=11 28 27 26 28 17 3 28 17 7 26 24 25 25
split_gain=3.86884 3.62307 4.35084 8.31116 7.15307 6.39742 3.64663 3.43413 3.41368 3.02726 5.65027 6.16653 4.27815 5.15899
threshold=-0.43938775510204076 -0.31165540540540532 -0.22613636363636361 0.14434523809523811 0.49000000000000005 0.011237373737373714 -0.46863636363636357 0.41751700680272114 0.010527482269503509 0.04083333333333334 1.0000000180025095e-35 -0.37939393939393934 1.0000000180025095e-35 0.57500000000000018
decision_type=2 10 2 2 10 2 10 8 2 2 2 10 2 2
left_child=7 9 3 5 -5 -3 -4 8 -1 12 11 -11 -2 -14
right_child=1 2 6 4 -6 -7 -8 -9 -10 10 -12 -13 13 -15
leaf_value=3.5160826575353785e-05 -0.0003605577626619694 1.3803985660467087e-05 -0.00025601277722298629 9.2278437057100614e-06 -0.00030156550583705882 0.00020786391765708685 -1.4612912328666173e-05 -0.00033150363893805863 -0.00018184136887017266 0.0006928051033497064 0.00011955681642061947 -0.00036774366843641729 9.2030540086194705e-05 -2.747865633702654e-05
leaf_weight=16396 2966 30419 6324 195699 7692 39497 761510 5600 12750 609 65120 4311 62039 85914
leaf_count=16396 2966 30419 6324 195699 7692 39497 761510 5600 12750 609 65120 4311 62039 85914
internal_value=4.70531e-07 3.35951e-06 -4.41993e-06 2.98047e-05 -2.38276e-06 0.000123866 -1.66412e-05 -0.000103595 -5.87471e-05 4.01509e-05 9.45626e-05 -0.000230032 1.46988e-05 2.24315e-05
internal_weight=1.29685e+06 1.2621e+06 1.04114e+06 273307 203391 69916 767834 34746 29146 220959 70040 4920 150919 147953
internal_count=1296846 1262100 1041141 273307 203391 69916 767834 34746 29146 220959 70040 4920 150919 147953
is_linear=0
shrinkage=0.01


Tree=363
num_leaves=15
num_cat=0
split_feature=11 26 5 22 22 17 20 7 20 3 25 22 4 4
split_gain=4.97486 4.25894 3.98058 3.02744 2.86405 5.59247 2.78752 2.4493 2.7579 3.1536 2.33552 2.89761 2.16684 2.13672
threshold=-0.35321969696969691 0.29217479674796754 0.49000000000000005 0.49500000000000005 -0.4759001161440185 -0.45959183673469384 0.04083333333333334 -0.20333655705996129 -0.41578014184397155 0.49468085106382986 0.77500000000000024 -0.3594871794871794 0.45603864734299526 0.41918367346938784
decision_type=2 2 10 2 2 2 2 2 2 10 2 2 2 2
left_child=1 10 3 4 5 -2 -6 13 9 -9 -1 -12 -10 -3
right_child=2 7 -4 -5 6 -7 -8 8 12 -11 11 -13 -14 -15
leaf_value=-4.3785439707153238e-05 -0.0010804858145075141 -0.00019909317011594389 -0.00016795990225973207 -0.00015033464258054321 0 -8.3446276450924869e-05 3.3441742738814822e-05 0.00025444576226206424 -8.7490699286761652e-05 -0.00053409809915477737 -0.00032421703044071745 0.00017733645734131724 -0.00041508106520629667 -0.00083379257783760586
leaf_weight=24050 587 17769 13149 12097 798139 16613 362966 3977 31848 559 1244 11194 2223 579
leaf_count=24050 587 17769 13149 12097 798139 16613 362966 3977 31848 559 1244 11194 2223 579
internal_value=-4.65624e-07 -7.07734e-05 4.96827e-06 6.90403e-06 8.54415e-06 -0.0001194 1.04656e-05 -0.000124858 -7.8428e-05 0.00015037 1.28296e-05 0.000124696 -0.00010978 -0.00022089
internal_weight=1.29699e+06 93443 1.20355e+06 1.1904e+06 1.1783e+06 17200 1.1611e+06 56955 38607 4536 36488 12438 34071 18348
internal_count=1296994 93443 1203551 1190402 1178305 17200 1161105 56955 38607 4536 36488 12438 34071 18348
is_linear=0
shrinkage=0.01


Tree=364
num_leaves=15
num_cat=0
split_feature=24 22 22 15 19 14 17 1 15 11 24 26 2 24
split_gain=5.14384 6.06128 6.15119 5.47529 5.05492 4.56443 4.95919 4.36657 4.10611 6.42075 3.71129 3.6229 3.51777 3.42103
threshold=-0.050641025641025621 0.080322580645161304 -0.18944444444444442 -0.15978723404255316 -0.45959183673469384 0.37888888888888894 -0.47979591836734686 0.13154392191659278 -0.43938775510204076 0.37877551020408168 -0.46969387755102038 0.15954545454545457 0.41207729468599036 0.46702898550724642
decision_type=10 2 2 2 2 2 2 10 2 2 10 2 8 10
left_child=1 2 7 10 -5 6 -2 -1 9 -8 -4 -10 -3 -7
right_child=5 12 3 4 -6 13 8 -9 11 -11 -12 -13 -14 -15
leaf_value=-2.105312980329557e-05 -0.00032650896276327821 -5.7398436348797591e-05 0.00016667203506139504 -0.00076586447778762261 5.3241147578393083e-05 -4.5434136554681847e-05 0.00023399555802754179 -0.0001551998509296033 -2.0705226977597961e-05 -0.00084113998540257375 -0.00021523071968221772 3.2463203643933887e-05 -0.00021580469667760061 -0.00029623395627391565
leaf_weight=105412 4080 192889 3062 749 185723 47418 13873 31813 170947 565 13171 505618 15308 6232
leaf_count=105412 4080 192889 3062 749 185723 47418 13873 31813 170947 565 13171 505618 15308 6232
internal_value=-3.40538e-06 -2.67004e-05 -5.86641e-07 3.43239e-05 4.97779e-05 1.36083e-05 2.05018e-05 -5.23738e-05 2.25956e-05 0.000189679 -0.000141328 1.89848e-05 -6.91925e-05 -7.51412e-05
internal_weight=1.29686e+06 548127 339930 202705 186472 748733 695083 137225 691003 14438 16233 676565 208197 53650
internal_count=1296860 548127 339930 202705 186472 748733 695083 137225 691003 14438 16233 676565 208197 53650
is_linear=0
shrinkage=0.01


Tree=365
num_leaves=15
num_cat=0
split_feature=4 28 27 26 23 28 5 26 11 27 1 21 22 21
split_gain=4.14185 6.00138 4.17566 7.57837 5.98342 5.30017 3.89758 3.7818 3.97999 3.59234 3.56015 3.5005 3.37138 6.68225
threshold=0.2525510204081633 -0.41945945945945939 -0.15261756876663707 0.14608739837398377 0.010753931544865871 0.49000000000000005 0.47894503546099293 0.096006144393241177 0.039230769230769243 -0.30901722391084091 0.011237373737373714 0.23956521739130435 0.22776679841897238 0.34613526570048314
decision_type=2 8 2 2 10 8 8 2 2 2 10 2 2 2
left_child=2 -2 3 4 -1 11 7 10 -9 -6 -4 -5 13 -3
right_child=1 12 6 5 9 -7 -8 8 -10 -11 -12 -13 -14 -15
leaf_value=2.5840798765673369e-05 0.00015787133272426247 -7.101284065904558e-05 3.0285947529471381e-05 3.0782394470605091e-05 0.00027429674950753404 -0.00023191579217243859 -0.00021105796179525255 -8.6561772878951526e-06 5.0026087243886857e-05 0.00010011440731407382 -8.5012098544040663e-05 -7.6090665317147835e-05 -0.00013522634357522319 9.2609770646759644e-05
leaf_weight=41873 13889 108752 37003 241433 24954 8804 9178 423991 158644 23935 93905 34982 42776 32265
leaf_count=41873 13889 108752 37003 241433 24954 8804 9178 423991 158644 23935 93905 34982 42776 32265
internal_value=1.4765e-07 -4.19676e-05 7.75256e-06 3.47933e-05 0.000114408 9.35224e-06 -6.27343e-06 -3.59645e-06 7.27093e-06 0.000189646 -5.21924e-05 1.71477e-05 -5.72347e-05 -3.33617e-05
internal_weight=1.29638e+06 197682 1.0987e+06 375981 90762 285219 722721 713543 582635 48889 130908 276415 183793 141017
internal_count=1296384 197682 1098702 375981 90762 285219 722721 713543 582635 48889 130908 276415 183793 141017
is_linear=0
shrinkage=0.01


Tree=366
num_leaves=15
num_cat=0
split_feature=24 26 24 25 28 7 28 14 24 15 25 28 11 28
split_gain=4.23868 5.95634 6.2706 5.13596 5.25323 4.6648 4.55063 4.93048 4.46462 4.2812 4.26486 3.35138 4.21259 3.90152
threshold=-0.22821969696969696 0.021980676328502421 -0.37321428571428567 0.70000000000000018 -0.26138716356107655 -0.33836734693877546 0.23861283643892342 -0.078888888888888883 -0.46906887755102039 -0.46628787878787875 0.77500000000000024 0.24037037037037037 -0.091372912801484199 -0.41578014184397155
decision_type=10 2 8 2 8 2 10 2 8 2 2 8 2 10
left_child=1 8 6 4 -4 -2 9 -8 -1 -3 -5 13 -13 -10
right_child=5 2 3 10 -6 -7 7 -9 11 -11 -12 12 -14 -15
leaf_value=0.00057422879716880826 -6.3128072907394351e-05 0.00033825147402115753 0.00018806232045623681 -0.00061650137590244631 -8.5508697266878413e-05 1.505825137885561e-05 -0.00051720903988901833 -7.7106975053404842e-05 0.00035009659933009981 -3.7000679101561791e-06 -0.00015807100722183828 -6.2620223807873039e-05 0.00062432442622785856 -5.1054678650685253e-05
leaf_weight=1995 83105 3745 8723 2164 35245 920248 3358 11501 2910 154261 51962 1370 2215 14242
leaf_count=1995 83105 3745 8723 2164 35245 920248 3358 11501 2910 154261 51962 1370 2215 14242
internal_value=-1.20422e-06 -3.46376e-05 -4.77613e-05 -0.000111656 -3.05424e-05 8.55222e-06 -1.13289e-05 -0.000178669 0.000120459 4.22115e-06 -0.000176987 7.52812e-05 0.000353616 1.5305e-05
internal_weight=1.29704e+06 293691 270959 98094 43968 1.00335e+06 172865 14859 22732 158006 54126 20737 3585 17152
internal_count=1297044 293691 270959 98094 43968 1003353 172865 14859 22732 158006 54126 20737 3585 17152
is_linear=0
shrinkage=0.01


Tree=367
num_leaves=15
num_cat=0
split_feature=1 2 22 17 22 26 21 14 11 26 15 2 11 26
split_gain=3.77772 4.09131 3.3976 3.80419 3.30388 3.99985 2.99561 2.66324 2.85583 3.73579 2.43916 2.55754 2.28981 2.17907
threshold=0.30558300395256921 -0.40212765957446805 0.32025641025641027 0.023268398268398275 -0.4759001161440185 0.97801932367149769 -0.45959183673469384 -0.24234042553191487 0.021286231884057986 0.66333333333333344 -0.40212765957446805 0.47894503546099293 0.4354764107308049 0.36055555555555557
decision_type=10 8 2 2 2 2 2 2 2 2 2 8 2 2
left_child=1 7 4 12 5 -3 -6 13 9 -9 11 -2 -4 -1
right_child=10 2 3 -5 6 -7 -8 8 -10 -11 -12 -13 -14 -15
leaf_value=-3.8411865117497329e-05 -2.6681286623572407e-06 -0.00018419567191955267 -8.5291122166887711e-05 6.4971227155318493e-05 0.00015257534704257294 0.0003684854408874485 1.8470978638822331e-05 -1.0539191769444491e-05 6.5309419579546963e-05 -0.00023375770202082598 -5.631955975725439e-05 0.00031189561443912813 0.0001746100493257016 -0.00033210271537902942
leaf_weight=4567 8142 13408 78636 25722 17026 1417 942604 20403 16742 12137 141632 3663 3468 6449
leaf_count=4567 8142 13408 78636 25722 17026 1417 942604 20403 16742 12137 141632 3663 3468 6449
internal_value=1.88241e-06 8.16115e-06 1.26513e-05 -4.05248e-05 1.85663e-05 -0.000129282 2.0882e-05 -7.19315e-05 -3.9754e-05 -9.47325e-05 -4.46764e-05 9.24524e-05 -7.39418e-05 -0.000213111
internal_weight=1.29602e+06 1.14258e+06 1.08228e+06 107826 974455 14825 959630 60298 49282 32540 153437 11805 82104 11016
internal_count=1296016 1142579 1082281 107826 974455 14825 959630 60298 49282 32540 153437 11805 82104 11016
is_linear=0
shrinkage=0.01


Tree=368
num_leaves=15
num_cat=0
split_feature=24 22 23 24 22 21 24 24 14 15 11 24 2 2
split_gain=3.70967 7.39553 5.9744 6.27839 5.64484 4.70808 5.11072 4.69884 4.24892 4.87727 6.32119 3.92708 3.88379 3.81095
threshold=-0.050641025641025621 0.080322580645161304 0.012347560975609741 -0.14194139194139191 -0.23779761904761901 0.47326388888888893 -0.28334980237154145 -0.44913793103448268 0.36811594202898557 -0.43938775510204076 0.37877551020408168 -0.42752100840336132 0.41918367346938784 0.39009661835748793
decision_type=10 2 10 10 2 2 10 8 2 2 2 10 8 8
left_child=1 4 13 7 -1 11 -7 -4 9 10 12 -6 -2 -3
right_child=8 2 3 -5 5 6 -8 -9 -10 -11 -12 -13 -14 -15
leaf_value=-4.6996897047623617e-05 0.00014898705458508453 -3.6759836345907532e-05 0.00026137649555840493 0.00020620728866691887 0.00019301282468031552 -6.5450286455762404e-06 -0.00073942204769927747 -0.00040883570988203128 -6.9358945246121592e-05 1.7548573897732124e-05 -0.00081277305794072972 3.2843188879014978e-05 0.00054618243651895541 -0.00018890708567987548
leaf_weight=117009 10729 174452 1092 2359 16684 2581 1587 11549 55474 678067 573 201960 3352 18338
leaf_count=117009 10729 174452 1092 2359 16684 2581 1587 11549 55474 678067 573 201960 3352 18338
internal_value=2.23324e-07 -1.95305e-05 -6.65435e-05 -0.000259255 9.12861e-06 3.87376e-05 -0.000293118 -0.000348518 1.47214e-05 2.14983e-05 0.000202171 4.52049e-05 0.000245766 -5.13903e-05
internal_weight=1.29581e+06 547611 207790 15000 339821 222812 4168 12641 748195 692721 14654 218644 14081 192790
internal_count=1295806 547611 207790 15000 339821 222812 4168 12641 748195 692721 14654 218644 14081 192790
is_linear=0
shrinkage=0.01


Tree=369
num_leaves=15
num_cat=0
split_feature=22 20 23 27 26 10 4 23 26 24 3 24 17 26
split_gain=3.49647 4.08418 4.47112 3.72087 5.37178 4.9487 3.91275 3.81123 3.65529 5.98503 3.84574 3.54485 3.47111 2.9784
threshold=-0.45401691331923882 -0.42111111111111105 0.012049941927990694 -0.11952380952380952 1.0000000180025095e-35 0.19476486246672584 0.41751700680272114 0.091666666666666688 0.09449404761904763 0.25290697674418611 0.010310374149659853 -0.37939393939393934 -0.44727272727272721 0.97979591836734703
decision_type=2 2 10 2 2 2 2 8 2 10 10 8 2 2
left_child=1 -1 12 4 5 -2 -6 8 10 -10 -5 -8 -3 -14
right_child=3 2 -4 7 6 -7 11 -9 9 -11 -12 -13 13 -15
leaf_value=0.00019101649512728584 0.00022288085374152784 -0.00068148191629235889 0.00019246219625916345 2.0144282684493837e-05 2.2416879024226604e-05 -0.00019567211591053983 0.00022803979287696081 0.00016881113227386544 -2.3996564895778414e-05 4.1446807416885903e-05 -9.3783792970822042e-05 -0.00020866415317134204 -0.00017598900461223883 0.00018915448636494138
leaf_weight=4399 21652 1299 3751 41789 419868 3170 2117 11626 443059 204025 98623 12546 27615 2350
leaf_count=4399 21652 1299 3751 41789 419868 3170 2117 11626 443059 204025 98623 12546 27615 2350
internal_value=-5.83088e-07 -9.33434e-05 -0.000129938 2.29844e-06 2.49975e-05 0.000168202 1.67469e-05 -1.0712e-05 -1.3401e-05 -3.31587e-06 -5.96635e-05 -0.000143535 -0.000169593 -0.000146336
internal_weight=1.29789e+06 39414 35015 1.25848e+06 459353 24822 434531 799122 787496 647084 140412 14663 31264 29965
internal_count=1297889 39414 35015 1258475 459353 24822 434531 799122 787496 647084 140412 14663 31264 29965
is_linear=0
shrinkage=0.01


Tree=370
num_leaves=15
num_cat=0
split_feature=0 22 24 14 15 15 11 24 11 21 28 11 26 18
split_gain=4.39295 3.23863 7.69161 3.31861 4.41359 4.58706 3.81445 3.78282 3.20806 4.56394 3.64965 2.99137 3.1437 2.83396
threshold=0.37766439909297056 0.13438086303939964 -0.11583184257602859 0.36811594202898557 -0.43938775510204076 -0.057777777777777782 0.32793709528214621 -0.28062499999999996 -0.040833333333333326 0.012347560975609741 -0.45959183673469384 -0.37367021276595741 0.15954545454545457 0.30217391304347835
decision_type=10 2 10 2 2 2 2 10 2 2 8 2 2 2
left_child=1 3 8 4 6 -6 -1 -5 10 -10 -3 13 -13 -4
right_child=-2 2 11 7 5 -7 -8 -9 9 -11 -12 12 -14 -15
leaf_value=0.00023561312966755674 -6.2764459379158246e-05 0.00049133305438890684 -0.0002153101089428012 0.00022908242229863166 -4.5777819783082569e-05 2.7454397051364414e-05 -0.00047024648099808485 -0.00011066170383568738 -6.0429629674932509e-05 -0.00020867216320085154 -1.626309230535504e-05 -4.1214490311979821e-05 4.1027935553783937e-05 0.00016520326222129602
leaf_weight=13611 101140 1496 9898 3590 97756 671138 782 32726 60277 32405 24836 62035 182508 2347
leaf_count=13611 101140 1496 9898 3590 97756 671138 782 32726 60277 32405 24836 62035 182508 2347
internal_value=4.91276e-07 5.86841e-06 -1.84009e-05 1.7033e-05 2.13957e-05 1.81046e-05 0.000195088 -7.62343e-05 -8.48853e-05 -0.000112589 1.14885e-05 1.22965e-05 2.0042e-05 -0.000139905
internal_weight=1.29654e+06 1.1954e+06 375802 819603 783287 768894 14393 36316 119014 92682 26332 256788 244543 12245
internal_count=1296545 1195405 375802 819603 783287 768894 14393 36316 119014 92682 26332 256788 244543 12245
is_linear=0
shrinkage=0.01


Tree=371
num_leaves=15
num_cat=0
split_feature=4 21 22 10 18 22 17 24 17 24 24 7 11 14
split_gain=3.98332 5.49556 4.68523 4.0761 3.96154 3.58706 3.84084 3.31647 2.99302 3.69601 3.67844 2.70754 2.62832 2.80009
threshold=-0.27888888888888885 0.41207729468599036 0.32025641025641027 0.023268398268398275 -0.1031914893617021 -0.47979591836734686 -0.44727272727272721 -0.35504201680672259 0.31725417439703163 -0.46906887755102039 -0.057189542483660143 -0.43683510638297868 -0.41578014184397155 0.084219858156028407
decision_type=2 2 2 2 2 2 2 10 2 8 10 2 2 2
left_child=1 -1 5 12 7 6 -2 -3 10 -10 -7 -6 -4 -14
right_child=2 4 3 -5 11 8 -8 -9 9 -11 -12 -13 13 -15
leaf_value=6.4266299355651336e-05 -0.00099407793204463494 0.00070717466801018425 -0.00036942603233440372 2.5525390769354189e-05 -0.00078940361005846755 -1.4752008004080463e-05 -0.00014880855189827486 -5.230608000872865e-05 0.00036818404047305446 -7.4352083785505195e-05 2.532496926435236e-05 -0.00021156851886472127 -0.00011227849132924659 7.0072359517244414e-05
leaf_weight=152426 624 762 3602 35074 987 387908 5094 2085 1922 63769 557151 6743 68874 9381
leaf_count=152426 624 762 3602 35074 987 387908 5094 2085 1922 63769 557151 6743 68874 9381
internal_value=2.59151e-06 4.88269e-05 -4.0316e-06 -6.39871e-05 -0.000170792 2.83614e-06 -0.000246769 0.000140973 4.27861e-06 -6.09314e-05 8.84327e-06 -0.000289506 -0.000102707 -9.00336e-05
internal_weight=1.2964e+06 163003 1.1334e+06 116931 10577 1.01647e+06 5718 2847 1.01075e+06 65691 945059 7730 81857 78255
internal_count=1296402 163003 1133399 116931 10577 1016468 5718 2847 1010750 65691 945059 7730 81857 78255
is_linear=0
shrinkage=0.01


Tree=372
num_leaves=15
num_cat=0
split_feature=22 17 24 26 24 26 24 14 24 3 22 10 10 24
split_gain=3.80619 3.70773 3.30055 5.52259 6.45567 5.18264 4.92495 3.85389 3.70152 3.01449 3.17134 3.1323 1.99842 1.57667
threshold=0.48456521739130437 -0.41010101010101002 0.13078947368421054 0.52440476190476204 0.48500000000000004 0.52440476190476204 0.17914438502673799 0.093790707772470686 -0.46906887755102039 -0.46863636363636357 -0.18133462282398449 -0.22281323877068554 0.33836734693877557 1.0000000180025095e-35
decision_type=2 2 10 2 10 2 10 2 8 8 2 2 2 10
left_child=1 9 5 6 -5 8 -4 -7 -3 -1 12 -12 -11 -2
right_child=13 2 3 4 -6 7 -8 -9 -10 10 11 -13 -14 -15
leaf_value=-0.00058614933933816759 -6.5164414870226038e-05 0.00018968897505214629 0.00023728580464900379 6.9718147045643361e-05 -0.00025779838928028731 -5.2110076635724697e-05 -1.5269628322862759e-05 3.5304384169669417e-05 9.7561820073400748e-06 -0.00014948966580128695 -0.00019046773901363383 5.7256662947156077e-05 -0.00051897591963631759 -0.00029316819108022278
leaf_weight=1220 7098 11800 7958 217274 6151 295214 248954 60400 395313 12137 7030 18473 1776 5925
leaf_count=1220 7098 11800 7958 217274 6151 295214 248954 60400 395313 12137 7030 18473 1776 5925
internal_value=-1.15957e-06 5.42949e-07 3.63906e-06 2.41896e-05 6.05638e-05 -9.26359e-06 -7.32713e-06 -3.71785e-05 1.50465e-05 -9.34228e-05 -7.73675e-05 -9.8677e-06 -0.000198912 -0.000171245
internal_weight=1.29672e+06 1.2837e+06 1.24306e+06 480337 223425 762727 256912 355614 407113 40636 39416 25503 13913 13023
internal_count=1296723 1283700 1243064 480337 223425 762727 256912 355614 407113 40636 39416 25503 13913 13023
is_linear=0
shrinkage=0.01


Tree=373
num_leaves=15
num_cat=0
split_feature=17 24 22 15 23 22 24 19 23 2 22 22 2 23
split_gain=3.874 4.02724 5.96365 4.92031 4.90439 4.83075 4.81331 3.56042 4.73677 4.52501 3.32007 3.26282 3.20264 3.10514
threshold=-0.41010101010101002 -0.050641025641025621 0.078661616161616169 -0.19782608695652171 0.012347560975609741 -0.21352583586626137 -0.14194139194139191 -0.43938775510204076 0.010527482269503509 0.39897959183673476 0.050510204081632655 -0.45060975609756093 0.39009661835748793 0.051315789473684266
decision_type=2 10 2 2 10 2 10 2 10 8 2 2 8 8
left_child=11 2 3 10 12 -5 -6 8 9 -3 -2 -1 -4 -9
right_child=1 7 4 5 6 -7 -8 13 -10 -11 -12 -13 -14 -15
leaf_value=-0.00042433261373897823 -0.00017635074544451515 9.9109732557925442e-05 -3.3778753955087172e-05 -3.3591385288207437e-05 -0.00031205770967048592 4.8846552431635179e-05 0.00017097826202093673 9.0473854225976087e-06 -0.00045691140724288606 0.0004807105143543752 0.00020853335292646377 -7.1532576844041831e-05 -0.00017622178081086782 0.00010592054282197814
leaf_weight=2868 20384 11747 174025 112325 12789 192381 2372 668700 1132 4380 2447 37792 17524 34906
leaf_count=2868 20384 11747 174025 112325 12789 192381 2372 668700 1132 4380 2447 37792 17524 34906
internal_value=-1.10707e-06 1.98175e-06 -1.87986e-05 7.66223e-06 -6.08711e-05 1.83586e-05 -0.000234488 1.74241e-05 0.000159477 0.00020468 -0.000133764 -9.7185e-05 -4.69694e-05 1.38963e-05
internal_weight=1.29577e+06 1.25511e+06 534247 327537 206710 304706 15161 720865 17259 16127 22831 40660 191549 703606
internal_count=1295772 1255112 534247 327537 206710 304706 15161 720865 17259 16127 22831 40660 191549 703606
is_linear=0
shrinkage=0.01


Tree=374
num_leaves=15
num_cat=0
split_feature=27 28 26 22 3 8 3 26 3 28 28 22 18 11
split_gain=3.78145 5.36239 4.07491 3.46086 3.47328 3.31883 2.85154 2.74639 4.64938 5.22678 3.2964 3.80231 3.24978 2.60266
threshold=0.039230769230769243 0.49000000000000005 0.05634920634920635 0.39663461538461547 -0.31909090909090904 -0.46295454545454545 -0.46863636363636357 0.08248299319727892 0.010310374149659853 0.095491388044579531 0.10208333333333332 -0.38603896103896101 -0.1633333333333333 0.019615384615384649
decision_type=2 8 2 2 8 2 10 2 10 8 10 2 2 2
left_child=1 3 -3 4 -1 -6 13 8 -8 -10 12 -12 -9 -2
right_child=6 2 -4 -5 5 -7 7 10 9 -11 11 -13 -14 -15
leaf_value=-3.4556489891674047e-05 -0.00045192226931053161 0.0001669876056306099 -0.00020988244396514939 -7.8115412536207418e-05 0.00025951127398074974 3.178200263719196e-05 4.573542869365634e-05 0.00010013720106792379 -0.00017018105235041964 1.3462807455573211e-06 0.00011561174139489627 -4.9416662287461231e-05 7.0581720692540957e-07 3.441235456383725e-05
leaf_weight=83564 2876 3367 16824 34073 6516 528737 27446 37673 46997 28006 14903 201221 262729 1605
leaf_count=83564 2876 3367 16824 34073 6516 528737 27446 37673 46997 28006 14903 201221 262729 1605
internal_value=-1.63194e-06 1.47791e-05 -0.000145535 1.97835e-05 2.52228e-05 3.46118e-05 -1.93974e-05 -1.75252e-05 -6.48636e-05 -0.000105736 -8.07757e-06 -3.78967e-05 1.32761e-05 -0.00027113
internal_weight=1.29654e+06 673081 20191 652890 618817 535253 623456 618975 102449 75003 516526 216124 300402 4481
internal_count=1296537 673081 20191 652890 618817 535253 623456 618975 102449 75003 516526 216124 300402 4481
is_linear=0
shrinkage=0.01


Tree=375
num_leaves=15
num_cat=0
split_feature=17 28 15 11 28 23 18 23 28 22 14 0 10 28
split_gain=4.32298 3.54779 3.50412 4.01276 3.20953 4.49262 5.47452 3.03323 4.03933 2.90027 2.79058 2.71222 2.44111 2.19344
threshold=-0.41010101010101002 -0.41945945945945939 0.46863636363636368 0.4793792517006803 -0.31165540540540532 0.04006410256410254 0.011766334440753036 0.14583333333333334 -0.090326340326340307 -0.45698427382053647 0.45959183673469389 0.21583850931677021 -0.2422222222222222 0.47979591836734697
decision_type=2 10 2 2 10 10 2 8 10 2 2 8 2 10
left_child=1 -1 4 10 5 6 -2 11 -9 -3 -4 -6 -11 -14
right_child=2 9 3 -5 7 -7 -8 8 -10 12 -12 -13 13 -15
leaf_value=0.00027141101900576359 8.2926343926278961e-05 -0.00043809292682017476 0.00016150187985602263 0.00088697835985471359 4.6650317269007083e-07 0.00029089474343591616 -1.9338914964956255e-05 -0.00048362713322914656 0.00036674994824125199 -0.00023243956509230349 -0.00017218123371951231 -4.3205972105050384e-05 -6.7277880207465223e-05 0.00037046437614714287
leaf_weight=2359 98138 2788 15676 697 844554 6761 111434 617 4065 9980 2898 170680 24429 1182
leaf_count=2359 98138 2788 15676 697 844554 6761 111434 617 4065 9980 2898 170680 24429 1182
internal_value=5.47207e-07 -0.000100803 3.85986e-06 0.000137676 1.74929e-06 3.67531e-05 2.8407e-05 -5.64598e-06 0.000248045 -0.000124483 0.000107805 -6.84622e-06 -9.90385e-05 -4.58629e-05
internal_weight=1.29626e+06 40738 1.25552e+06 19271 1.23625e+06 216333 209572 1.01992e+06 4682 38379 18574 1.01523e+06 35591 25611
internal_count=1296258 40738 1255520 19271 1236249 216333 209572 1019916 4682 38379 18574 1015234 35591 25611
is_linear=0
shrinkage=0.01


Tree=376
num_leaves=15
num_cat=0
split_feature=21 25 14 28 21 28 15 11 15 4 28 24 24 25
split_gain=3.69483 6.71307 5.64879 5.63718 7.06926 5.99845 5.92928 3.77194 3.28941 3.26303 3.06461 3.00951 2.96895 7.42395
threshold=-0.28130434782608693 0.82500000000000018 -0.24234042553191487 0.21583850931677021 -1.0000000180025095e-35 0.2558265582655827 -0.35857142857142849 0.36181818181818187 0.010310374149659853 -0.10643115942028984 -0.43969696969696964 -0.41578014184397155 -0.036607142857142831 0.70000000000000018
decision_type=2 2 2 10 2 10 2 2 2 2 10 10 10 2
left_child=1 9 3 6 5 -5 7 -2 -3 -1 -8 -6 13 -4
right_child=2 8 12 4 11 -7 10 -9 -10 -11 -12 -13 -14 -15
leaf_value=8.0150506005205167e-05 0.00016835014381140227 -0.0004107302041062196 2.3052709853962173e-05 -0.00067611706407828289 3.5948992925063292e-05 5.39818325769508e-05 0.00033049626672814923 -0.00045053392840706035 0.00019033780668918079 -2.7497933552896267e-05 -0.00010777827987220165 -0.00056397009872414074 1.8861599514738046e-05 -5.4768784674669223e-05
leaf_weight=45671 14859 903 252106 1321 858 7219 1613 1029 33087 72938 50846 6239 570793 238047
leaf_count=45671 14859 903 252106 1321 858 7219 1613 1029 33087 72938 50846 6239 570793 238047
internal_value=3.2504e-06 4.94831e-05 -2.88552e-06 -8.18453e-05 -0.000253496 -5.56388e-05 -4.21253e-05 0.000126302 0.000173452 1.37007e-05 -9.37123e-05 -0.000487232 3.33684e-06 -1.46809e-05
internal_weight=1.29753e+06 152599 1.14493e+06 83984 15637 8540 68347 15888 33990 118609 52459 7097 1.06095e+06 490153
internal_count=1297529 152599 1144930 83984 15637 8540 68347 15888 33990 118609 52459 7097 1060946 490153
is_linear=0
shrinkage=0.01


Tree=377
num_leaves=15
num_cat=0
split_feature=22 10 3 26 1 21 28 24 21 24 22 11 14 17
split_gain=4.35061 4.61019 4.58043 4.69358 4.29137 3.27225 3.09782 2.88845 2.9186 2.85949 2.74058 2.61949 2.5895 2.32851
threshold=0.32755102040816336 0.016397849462365614 -0.43683510638297868 0.89663461538461553 0.30558300395256921 -0.45959183673469384 0.47979591836734697 -0.057189542483660143 0.33836734693877557 -0.37627551020408156 -0.4759001161440185 0.21269841269841275 -0.24234042553191487 0.13914893617021282
decision_type=2 2 8 2 8 2 10 10 2 8 2 2 2 2
left_child=2 13 3 -1 5 6 -4 9 -9 -6 -7 -5 -3 -2
right_child=1 12 4 11 7 10 -8 8 -10 -11 -12 -13 -14 -15
leaf_value=-4.0854655595304842e-05 -0.00013179658580597938 -0.00023452143783513313 0.0001107631418284755 -0.00039658770369688673 -1.6088784320592132e-05 -0.0001203802476140761 0.00061248993072479869 -3.8755417578369443e-05 0.00010346045726752108 -0.00016927705542907942 1.6160749442951875e-05 3.7665009509318655e-06 3.5121263438734021e-05 2.3796946886940459e-05
leaf_weight=31099 61869 3827 16365 6835 22029 14878 1370 65821 18443 28623 963673 1954 48393 11014
leaf_count=31099 61869 3827 16365 6835 22029 14878 1370 65821 18443 28623 963673 1954 48393 11014
internal_value=-3.64546e-07 -5.64388e-05 5.60016e-06 -9.96505e-05 9.33825e-06 1.65276e-05 0.000151309 -4.35283e-05 -7.26981e-06 -0.000103251 1.40537e-05 -0.000304197 1.47734e-05 -0.000107872
internal_weight=1.29619e+06 125103 1.17109e+06 39888 1.1312e+06 996286 17735 134916 84264 50652 978551 8789 52220 72883
internal_count=1296193 125103 1171090 39888 1131202 996286 17735 134916 84264 50652 978551 8789 52220 72883
is_linear=0
shrinkage=0.01


Tree=378
num_leaves=15
num_cat=0
split_feature=27 23 4 26 14 27 24 15 11 15 23 11 0 11
split_gain=3.86071 4.23227 3.9588 3.8512 4.4146 4.67255 3.57204 4.85587 4.30572 3.56828 4.73135 3.74064 3.6259 2.93809
threshold=1.0000000180025095e-35 0.14583333333333334 0.41751700680272114 0.05634920634920635 0.32415458937198072 -0.23746867167919797 0.26163419913419916 -0.1769565217391304 -0.17888888888888885 -0.41918367346938773 0.010527482269503509 0.37877551020408168 0.45603864734299526 -0.14513888888888885
decision_type=2 8 2 2 2 2 10 2 2 2 10 2 10 2
left_child=2 9 3 4 5 -1 7 -5 -8 10 11 -2 -11 -12
right_child=1 -3 -4 6 -6 -7 8 -9 -10 12 13 -13 -14 -15
leaf_value=0.00019217767336886224 0.00017329045082852684 0.00036572183152208665 -0.00011379079719965867 -0.00011480174989278743 -0.00018772455601392393 2.8894678319192511e-05 -5.115928491957276e-05 8.4135215010928288e-06 8.1782928655899098e-05 -1.7341163267587698e-05 -0.00088561866445631757 -0.00056462595777912199 -0.00013089629628869735 0
leaf_weight=35220 20050 2873 21949 35107 5275 35878 30284 358012 119833 600497 720 691 29614 881
leaf_count=35220 20050 2873 21949 35107 5275 35878 30284 358012 119833 600497 720 691 29614 881
internal_value=4.95375e-07 -1.65523e-05 1.79557e-05 2.26716e-05 8.923e-05 0.000110207 1.32585e-05 -2.51454e-06 5.47634e-05 -1.82833e-05 0.000105666 0.000147182 -2.27262e-05 -0.000412745
internal_weight=1.29688e+06 655326 641558 619609 76373 71098 543236 393119 150117 652453 22342 20741 630111 1601
internal_count=1296884 655326 641558 619609 76373 71098 543236 393119 150117 652453 22342 20741 630111 1601
is_linear=0
shrinkage=0.01


Tree=379
num_leaves=15
num_cat=0
split_feature=1 21 1 11 16 11 27 21 11 14 24 26 23 18
split_gain=3.97763 3.62204 4.59853 3.61851 3.56317 3.7341 4.50565 2.88444 2.9883 2.74235 2.60026 5.77815 3.18741 2.53206
threshold=0.34021276595744687 0.16333333333333336 0.47979591836734697 0.010990338164251214 0.010527482269503509 0.21269841269841275 0.49000000000000005 -0.45959183673469384 -0.39897959183673465 -0.32111111111111107 0.26163419913419916 0.40862708719851587 0.077380952380952397 -0.41918367346938773
decision_type=10 2 10 2 2 2 2 2 2 2 10 2 8 2
left_child=7 2 3 -2 5 9 -7 13 -9 -3 12 -12 -10 -1
right_child=1 4 -4 -5 -6 6 -8 8 10 -11 11 -13 -14 -15
leaf_value=0.00057494103199618016 -0.00014553454918764589 -0.00023104546555535038 -0.00030293737105134002 5.3640213875281424e-06 -8.1369120545312718e-05 -8.7435279639995278e-06 -0.00075469928327700163 -7.17529575218469e-05 -5.2332316625604843e-06 0.0001843943439617246 -1.4717442658085854e-05 7.1655777518197169e-05 0.00014486237617414223 9.4323874344275852e-05
leaf_weight=1197 30561 1662 9695 32337 23645 6489 937 50168 776400 19924 143478 167101 14401 18936
leaf_count=1197 30561 1662 9695 32337 23645 6489 937 50168 776400 19924 143478 167101 14401 18936
internal_value=2.23697e-08 -5.35172e-05 -9.93516e-05 -6.74814e-05 9.10251e-06 8.38723e-05 -0.000107172 5.77136e-06 3.66973e-06 0.000150991 7.13266e-06 3.16576e-05 -2.46142e-06 0.00012447
internal_weight=1.29693e+06 125250 72593 62898 52657 29012 7426 1.17168e+06 1.15155e+06 21586 1.10138e+06 310579 790801 20133
internal_count=1296931 125250 72593 62898 52657 29012 7426 1171681 1151548 21586 1101380 310579 790801 20133
is_linear=0
shrinkage=0.01


Tree=380
num_leaves=15
num_cat=0
split_feature=5 2 28 19 28 3 24 23 26 24 14 28 21 2
split_gain=3.50951 3.87489 2.9794 4.38745 3.0303 3.04218 2.81153 2.69974 2.59683 2.3408 2.09081 2.07647 4.63678 1.82928
threshold=0.42590909090909096 -0.40212765957446805 0.13525498891352553 0.23124999999999998 0.13733075435203099 -0.3404545454545454 -0.47871376811594196 0.20833333333333334 0.54027027027027041 -0.45773809523809517 -0.25777777777777772 0.21937500000000001 0.039230769230769243 0.43938775510204087
decision_type=10 8 8 2 8 10 10 10 2 8 2 10 2 10
left_child=1 10 3 6 -4 -6 -3 -5 9 -2 11 -1 -13 -10
right_child=8 2 4 7 5 -7 -8 -9 13 -11 -12 12 -14 -15
leaf_value=-0.0001275627331939213 0.00030046737909426234 -0.00049111486493542066 -0.00027722031559999265 7.8914069274264815e-05 -0.00011665914846895311 -4.0783255481312871e-06 1.1357431172291937e-05 0.00053661881648618421 -0.00019166674017066305 -3.7026677986655825e-05 -4.9065693778430361e-05 -0.0001044733677263034 -0.0010741920167638799 0
leaf_weight=7618 2180 1110 4315 85349 25528 415436 646056 1331 21049 32830 45657 1384 840 6793
leaf_count=7618 2180 1110 4315 85349 25528 415436 646056 1331 21049 32830 45657 1384 840 6793
internal_value=-5.04768e-07 3.18281e-06 7.04972e-06 1.94485e-05 -1.33169e-05 -1.06646e-05 1.0447e-05 8.63067e-05 -7.34151e-05 -1.51309e-05 -7.84286e-05 -0.000211539 -0.000485159 -0.000145618
internal_weight=1.29748e+06 1.23462e+06 1.17912e+06 733846 445279 440964 647166 86680 62852 35010 55499 9842 2224 27842
internal_count=1297476 1234624 1179125 733846 445279 440964 647166 86680 62852 35010 55499 9842 2224 27842
is_linear=0
shrinkage=0.01


Tree=381
num_leaves=15
num_cat=0
split_feature=3 22 11 28 15 25 18 11 6 3 17 1 18 25
split_gain=3.82739 3.19527 4.34044 3.49115 4.28568 7.70691 3.41081 3.63473 2.96053 2.69815 2.84201 2.65759 2.63063 3.37069
threshold=-0.43683510638297868 0.32025641025641027 0.023268398268398275 0.17006802721088435 -0.21869565217391301 0.50000000000000011 -0.17888888888888885 -0.37888888888888883 -0.36085106382978716 0.41918367346938784 -0.32111111111111107 0.41207729468599036 -0.12904717853839037 0.70000000000000018
decision_type=8 2 2 8 2 2 2 2 10 10 2 10 2 2
left_child=8 3 9 6 5 -5 -2 -8 12 -3 -11 -6 13 -1
right_child=1 2 -4 4 11 -7 7 -9 -10 10 -12 -13 -14 -15
leaf_value=-4.244999650468051e-05 7.7215264832424964e-05 -7.084865976172607e-05 3.9858017718302862e-05 0.00015359321347605028 -1.1432358993472261e-06 -0.0002553475031898187 -0.0001051713695946821 1.7236833738522136e-05 -4.9354049649319556e-05 -0.00097504963690099383 -0.00021569168170826645 -0.00011849064089528767 -0.00014324045472911836 -0.00083051464053166533
leaf_weight=974 93307 81226 40489 6167 343016 17412 25185 622151 34340 593 4438 20485 6606 1520
leaf_count=974 93307 81226 40489 6167 343016 17412 25185 622151 34340 593 4438 20485 6606 1520
internal_value=-6.52718e-07 2.51964e-06 -4.50501e-05 7.89276e-06 -1.64022e-05 -0.000147112 2.06305e-05 1.24277e-05 -9.29491e-05 -8.52537e-05 -0.000311684 -7.83977e-06 -0.000254095 -0.000535181
internal_weight=1.29791e+06 1.25447e+06 126746 1.12772e+06 387080 23579 740643 647336 43440 86257 5031 363501 9100 2494
internal_count=1297909 1254469 126746 1127723 387080 23579 740643 647336 43440 86257 5031 363501 9100 2494
is_linear=0
shrinkage=0.01


Tree=382
num_leaves=15
num_cat=0
split_feature=3 26 27 26 27 26 24 23 21 21 21 24 18 23
split_gain=3.56621 5.40846 3.16407 5.71905 4.5775 4.23136 4.53241 5.28399 4.47285 4.38326 3.92058 4.18576 3.78744 3.22946
threshold=-0.43683510638297868 0.87902439024390255 -0.14946808510638296 0.14608739837398377 -0.37902439024390239 0.1023024594453166 0.26163419913419916 0.066964285714285712 0.12361111111111113 0.43683510638297879 -0.43938775510204076 0.13078947368421054 0.43938775510204087 0.010753931544865871
decision_type=8 2 2 2 2 2 8 8 2 2 2 10 2 10
left_child=1 -1 3 4 -2 8 7 -7 -4 -10 -5 -12 -8 -6
right_child=2 -3 5 10 13 6 12 -9 9 -11 11 -13 -14 -15
leaf_value=-2.604912988063362e-05 0.00019087727090389637 -0.0002912240095933543 -8.4316196562077064e-05 0.00019447808224887187 -2.3820069969085544e-05 -1.7632780629596957e-05 5.2089762777194478e-05 0.0002391055530902508 8.1985271722554351e-05 -0.00017447129114583147 -3.0758298855995533e-05 4.6724053027269846e-05 -0.00018083899844368128 0.00011131645452675924
leaf_weight=33222 31863 10134 121262 10518 33972 470228 192192 8140 35467 8157 187554 110924 7189 36232
leaf_count=33222 31863 10134 121262 10518 33972 470228 192192 8140 35467 8157 187554 110924 7189 36232
internal_value=3.97323e-07 -8.87387e-05 3.504e-06 2.62656e-05 9.11802e-05 -7.56424e-06 3.44721e-06 -1.31999e-05 -5.3007e-05 3.33356e-05 4.72535e-06 -1.86268e-06 4.35381e-05 4.54978e-05
internal_weight=1.29705e+06 43356 1.2537e+06 411063 102067 842635 677749 478368 164886 43624 308996 298478 199381 70204
internal_count=1297054 43356 1253698 411063 102067 842635 677749 478368 164886 43624 308996 298478 199381 70204
is_linear=0
shrinkage=0.01


Tree=383
num_leaves=15
num_cat=0
split_feature=22 10 28 28 14 25 17 18 25 21 22 19 25 22
split_gain=3.4227 4.44565 4.26058 4.1888 5.09964 4.88504 3.76394 3.69061 3.38635 2.95142 2.78274 3.41994 2.49763 2.4893
threshold=0.32025641025641027 0.023268398268398275 0.17006802721088435 0.30217391304347835 -0.22170212765957442 0.37500000000000006 0.49000000000000005 0.037087912087912074 1.0000000180025095e-35 -0.43938775510204076 -0.45698427382053647 -0.43938775510204076 0.70000000000000018 -1.0000000180025095e-35
decision_type=2 2 8 10 2 2 2 2 2 2 2 2 2 2
left_child=2 -2 9 4 5 -4 8 -6 -5 13 11 -11 -8 -1
right_child=1 -3 3 6 7 -7 12 -9 -10 10 -12 -13 -14 -15
leaf_value=5.7804067990052815e-05 -8.7433527942809994e-05 3.7081835840853066e-05 6.5750488762699583e-05 0.00027400939463985462 -6.8470392122976342e-05 -0.00031834934270816854 -0.00071894906131159749 5.2526119881027419e-05 4.642583564197669e-06 0.00025194037745999846 2.0905869026388801e-05 -0.00012514698380670466 -5.5525192652824738e-05 0.00029665153654355811
leaf_weight=13326 88881 41929 4270 4766 106183 13088 1170 32774 238025 2639 719643 22936 1310 6816
leaf_count=13326 88881 41929 4270 4766 106183 13088 1170 32774 238025 2639 719643 22936 1310 6816
internal_value=1.18403e-06 -4.72929e-05 6.64392e-06 -1.96966e-05 -6.01691e-05 -0.000222139 5.97529e-06 -3.97161e-05 1.00572e-05 2.05041e-05 1.72294e-05 -8.50387e-05 -0.000381084 0.000140151
internal_weight=1.29776e+06 130810 1.16695e+06 401586 156315 17358 245271 138957 242791 765360 745218 25575 2480 20142
internal_count=1297756 130810 1166946 401586 156315 17358 245271 138957 242791 765360 745218 25575 2480 20142
is_linear=0
shrinkage=0.01


Tree=384
num_leaves=15
num_cat=0
split_feature=4 28 24 24 22 22 24 26 24 11 21 26 15 6
split_gain=3.85325 5.5679 4.49216 5.72347 4.38246 3.97082 3.92818 4.39696 6.68619 4.34751 3.82421 5.52084 4.18207 3.9657
threshold=0.2525510204081633 -0.41945945945945939 -0.40108695652173909 -0.21937499999999996 0.27326839826839833 -0.13021739130434781 0.26163419913419916 0.40862708719851587 0.48500000000000004 0.0337121212121212 0.2525510204081633 0.52041666666666686 0.010527482269503509 -0.41918367346938773
decision_type=2 10 8 10 2 2 8 2 10 2 2 2 2 8
left_child=6 -2 4 -4 -3 -5 10 -8 9 -9 -1 12 -12 -13
right_child=1 2 3 5 -6 -7 7 8 -10 -11 11 13 -14 -15
leaf_value=1.2972205776708925e-06 0.0001494529624982883 0.00024087577366520217 -0.00018070943152505368 4.1692785033875959e-05 -0.00019825047878096748 -7.573573375174451e-05 -4.2228111620079207e-06 4.6460095886052203e-05 -0.00022623793976309298 0.00015821568614320848 5.0862152880127179e-05 -0.00051032786423098298 -0.00022077158694829374 -0.00013189808162832991
leaf_weight=723944 14010 9002 36855 41249 2965 93501 139255 99237 7111 54607 33703 3122 6805 31098
leaf_count=723944 14010 9002 36855 41249 2965 93501 139255 99237 7111 54607 33703 3122 6805 31098
internal_value=-1.41958e-06 -4.20948e-05 -5.68792e-05 -7.00566e-05 0.000129547 -3.95663e-05 5.86674e-06 3.67184e-05 7.23257e-05 8.63251e-05 -5.69252e-06 -7.38059e-05 4.47648e-06 -0.000167342
internal_weight=1.29646e+06 197582 183572 171605 11967 134750 1.09888e+06 300210 160955 153844 798672 74728 40508 34220
internal_count=1296464 197582 183572 171605 11967 134750 1098882 300210 160955 153844 798672 74728 40508 34220
is_linear=0
shrinkage=0.01


Tree=385
num_leaves=15
num_cat=0
split_feature=22 21 27 23 28 2 27 24 22 24 24 28 24 14
split_gain=3.71265 3.56759 3.5503 4.68104 4.39283 4.00773 5.58632 4.18038 3.91309 5.9655 3.86233 3.78967 3.40761 2.94247
threshold=-0.45401691331923882 0.010421189752496731 -0.14365079365079361 0.1125 0.49000000000000005 0.016954022988505794 -0.44058823529411756 -0.024695121951219531 -0.15978723404255316 0.43875000000000003 -0.024695121951219531 -0.3876262626262626 0.12372448979591839 0.27888888888888896
decision_type=2 2 2 8 8 8 2 10 2 8 8 10 10 2
left_child=1 -1 4 8 5 7 -7 -2 9 -4 13 -10 -12 -6
right_child=2 -3 3 -5 10 6 -8 -9 11 -11 12 -13 -14 -15
leaf_value=-0.00022308379496036273 -2.4732980176466772e-05 -2.3362052657349155e-05 6.3292097256280477e-06 0.00019913745426619026 0.00014182771853635422 0.00027160571144282827 5.3986437268030718e-05 5.625253028152008e-05 4.542533861260192e-05 0.00017888813051535196 -0.00059244689762715365 -3.3069090106751194e-05 -0.00014453474094337559 -0.00062196378111516854
leaf_weight=14240 156101 25114 166895 10570 4795 13034 135017 107504 68748 22835 2540 562953 5968 553
leaf_count=14240 156101 25114 166895 10570 4795 13034 135017 107504 68748 22835 2540 562953 5968 553
internal_value=-7.46758e-07 -9.64039e-05 2.22321e-06 -9.76695e-06 2.57379e-05 3.16932e-05 7.33528e-05 8.18118e-06 -1.24923e-05 2.72582e-05 -0.000148996 -2.44789e-05 -0.000281942 5.69384e-05
internal_weight=1.29687e+06 39354 1.25751e+06 832001 425512 411656 148051 263605 821431 189730 13856 631701 8508 5348
internal_count=1296867 39354 1257513 832001 425512 411656 148051 263605 821431 189730 13856 631701 8508 5348
is_linear=0
shrinkage=0.01


Tree=386
num_leaves=15
num_cat=0
split_feature=11 26 22 17 26 3 26 22 10 24 16 22 19 16
split_gain=3.28588 5.0822 3.35648 4.70725 3.27672 3.0675 4.69136 3.21924 4.4391 2.94379 2.5353 2.52807 2.42782 2.06331
threshold=-0.45789007092198575 0.72821969696969713 -0.4759001161440185 -0.44727272727272721 0.97849213691026837 -0.45789007092198575 0.91751700680272119 0.32025641025641027 0.023268398268398275 -0.42163742690058476 0.41918367346938784 -0.46076923076923076 -0.35857142857142849 0.38318181818181823
decision_type=2 2 2 2 2 8 2 2 2 10 2 2 2 2
left_child=1 9 3 -2 10 6 12 11 -9 -1 -5 -7 -4 -11
right_child=2 -3 5 4 -6 7 -8 8 -10 13 -12 -13 -14 -15
leaf_value=0.00044734638119212468 -0.00086265966944376908 -0.00030728345058585459 0.00015378495643620399 -0.00016320429526682414 0.00032768105318102807 0.00031075496081047919 -0.00038273697853760745 -8.1871945876483491e-05 4.4860877026821373e-05 -4.927062738726019e-06 0.00042494988619949859 1.1676040865177419e-05 -9.8458505429283182e-05 -0.00037372249173387676
leaf_weight=1294 841 8755 4982 16140 1644 2839 4891 85426 40521 13721 739 1098203 15653 1729
leaf_count=1294 841 8755 4982 16140 1644 2839 4891 85426 40521 13721 739 1098203 15653 1729
internal_value=3.76165e-07 -0.000111987 2.6527e-06 -0.000127934 -9.28211e-05 4.69582e-06 -0.000103724 6.97606e-06 -4.08598e-05 -8.04312e-06 -0.000135606 1.24753e-05 -3.60911e-05 -4.82046e-05
internal_weight=1.29738e+06 25499 1.27188e+06 19364 18523 1.25252e+06 25526 1.22699e+06 125947 16744 16879 1.10104e+06 20635 15450
internal_count=1297378 25499 1271879 19364 18523 1252515 25526 1226989 125947 16744 16879 1101042 20635 15450
is_linear=0
shrinkage=0.01


Tree=387
num_leaves=15
num_cat=0
split_feature=28 15 14 11 18 28 11 22 11 28 24 19 22 18
split_gain=4.23008 3.75794 7.36974 3.99085 4.63885 3.9101 4.25436 3.75473 3.41839 3.42103 3.5974 3.28463 3.2392 3.32137
threshold=0.17416582406471184 -0.21869565217391301 0.26631205673758873 -0.37367021276595741 0.11851063829787235 0.23861283643892342 -0.3118055555555555 0.36023255813953492 -0.45959183673469384 0.31016731016731025 0.36038961038961043 -0.31957446808510631 -0.45959183673469384 -0.1633333333333333
decision_type=10 2 2 2 2 10 2 2 2 10 10 2 2 2
left_child=7 2 5 4 -4 -2 -7 12 -3 -10 -11 -9 -1 -14
right_child=1 8 3 -5 -6 6 -8 11 9 10 -12 -13 13 -15
leaf_value=-9.9298693868324367e-05 -6.6941322765420898e-05 -0.00023050920221907137 0 2.3039474032634581e-05 0.0011809094026495547 -6.8197547611304851e-05 -0.00046440379421093812 -0.00025004154789456143 -5.1934408307551101e-05 1.1390760447217426e-05 -0.00040675264633554853 -3.4660408899489995e-05 7.473639498754694e-05 1.250549658384142e-05
leaf_weight=23178 9584 7520 627 5432 723 4207 8734 8337 155017 247507 2069 50868 98660 675036
leaf_count=23178 9584 7520 627 5432 723 4207 8734 8337 155017 247507 2069 50868 98660 675036
internal_value=-1.72107e-06 -2.6886e-05 -0.00013646 0.000149849 0.000636739 -0.000224005 -0.000337964 1.12197e-05 -1.902e-05 -1.50133e-05 7.79928e-06 -6.55073e-05 1.69582e-05 2.04801e-05
internal_weight=1.2975e+06 441420 29307 6782 1350 22525 12941 856079 412113 404593 249576 59205 796874 773696
internal_count=1297499 441420 29307 6782 1350 22525 12941 856079 412113 404593 249576 59205 796874 773696
is_linear=0
shrinkage=0.01


Tree=388
num_leaves=15
num_cat=0
split_feature=22 10 3 26 1 3 20 11 21 25 28 6 22 15
split_gain=3.57215 4.93256 3.48437 3.57844 3.30516 3.1347 3.13581 2.85196 2.79653 2.63105 2.53582 2.50849 2.4204 2.37758
threshold=0.32025641025641027 0.25532879818594106 -0.39472517730496448 0.58434959349593507 0.28334980237154156 0.45698427382053664 -0.47979591836734686 -0.41578014184397155 -0.45959183673469384 0.82500000000000018 0.41010101010101013 0.47979591836734697 -0.47979591836734686 0.47979591836734697
decision_type=2 2 8 2 10 10 2 2 2 2 8 10 2 2
left_child=2 5 3 -1 8 6 -2 -8 9 -4 11 -6 -10 -12
right_child=1 -3 4 -5 10 -7 7 -9 12 -11 13 -13 -14 -15
leaf_value=-1.3330182084196552e-06 0.00059495421250528547 8.5443001587780473e-05 7.2404707724008392e-05 -0.0001486299860004353 -3.2396574618585739e-05 -0.00033776163559576911 -0.00033492158420787279 -6.0473867523680431e-05 -0.00022502259361802506 0.00037392053887143182 -0.00018603321701125803 0.00014386901208976257 1.4716053492260757e-05 0.00036819998491591135
leaf_weight=39153 699 22031 12916 29030 121279 4512 3995 99337 4213 3886 14758 8601 933563 780
leaf_count=39153 699 22031 12916 29030 121279 4512 3995 99337 4213 3886 14758 8601 933563 780
internal_value=-6.99337e-07 -5.03241e-05 4.82194e-06 -6.44908e-05 9.14571e-06 -7.81588e-05 -6.66016e-05 -7.13842e-05 1.59329e-05 0.000143979 -3.52013e-05 -2.04898e-05 1.36063e-05 -0.000156215
internal_weight=1.29875e+06 130574 1.16818e+06 68183 1.1e+06 108543 104031 103332 954578 16802 145418 129880 937776 15538
internal_count=1298753 130574 1168179 68183 1099996 108543 104031 103332 954578 16802 145418 129880 937776 15538
is_linear=0
shrinkage=0.01


Tree=389
num_leaves=15
num_cat=0
split_feature=24 26 27 3 15 28 25 18 21 16 18 3 6 26
split_gain=3.26217 5.42686 6.85268 5.03555 4.25094 6.16796 6.58093 3.69596 3.47453 3.42446 3.16016 3.11394 5.31143 3.18887
threshold=-0.050641025641025621 0.18677325581395351 -0.31725417439703146 0.23124999999999998 0.022233201581027654 0.23499399759903969 0.70000000000000018 0.45959183673469389 0.012049941927990694 0.015877016129032254 0.010753931544865871 -0.46863636363636357 0.063858695652173905 0.28102564102564109
decision_type=10 2 2 10 2 8 2 2 2 2 2 10 10 2
left_child=1 2 10 8 5 6 -3 -5 -4 -7 -1 12 -2 -13
right_child=11 4 3 7 -6 9 -8 -9 -10 -11 -12 13 -14 -15
leaf_value=1.3038173831645829e-05 -0.00047435770975045644 2.0543313350412156e-05 -2.5969539734271336e-05 -0.00016469061426815907 1.3239780059436878e-05 -0.00013782615661863805 -8.6409910877821377e-05 0.00063010441984093929 8.9177626322217672e-05 -0.00041627832956262731 0.00022702155008255789 -9.110659653129784e-06 3.4850877260859374e-05 3.3905730115424439e-05
leaf_weight=10349 3480 102398 55617 20613 118875 31344 130225 585 49100 5328 22737 270776 4735 469583
leaf_count=10349 3480 102398 55617 20613 118875 31344 130225 585 49100 5328 22737 270776 4735 469583
internal_value=2.36136e-06 -1.61702e-05 3.29372e-05 -4.7886e-07 -3.63627e-05 -5.83701e-05 -3.92017e-05 -0.000141256 2.77355e-05 -0.000179131 0.000161003 1.59471e-05 -0.000177302 1.81326e-05
internal_weight=1.29574e+06 547171 159001 125915 388170 269295 232623 21198 104717 36672 33086 748574 8215 740359
internal_count=1295745 547171 159001 125915 388170 269295 232623 21198 104717 36672 33086 748574 8215 740359
is_linear=0
shrinkage=0.01


Tree=390
num_leaves=15
num_cat=0
split_feature=24 24 18 3 25 18 23 19 24 21 19 23 2 27
split_gain=3.77344 4.37346 7.0121 7.32501 5.44357 4.01763 3.60133 3.21953 3.31021 3.19845 4.95902 3.56777 4.05234 3.2089
threshold=-0.17928571428571424 -0.37627551020408156 -0.45959183673469384 0.29689535388623539 0.70000000000000018 -0.39897959183673465 0.04653679653679655 -0.081666666666666651 -0.46969387755102038 0.4354764107308049 -0.43938775510204076 0.010527482269503509 0.27888888888888896 0.10922587486744435
decision_type=10 8 2 8 2 2 10 2 10 2 2 10 10 2
left_child=1 5 -3 4 -4 7 9 -1 -9 10 -2 12 -11 -12
right_child=6 2 3 -5 -6 -7 -8 8 -10 11 13 -13 -14 -15
leaf_value=-0.00039686530159118409 0.00030716945509908503 0.00053006441204148959 1.8023251977751571e-05 -0.00023729095905860188 -0.00010429630745573942 1.8583685924313745e-05 9.8681888018112182e-05 -0.00076187598187916453 7.3417243181043504e-05 -0.00012286622537313263 2.3805576573568088e-05 -0.00029087331595030751 0.00011342693412067509 -1.5450232034984525e-05
leaf_weight=4283 5583 1947 70234 23049 74709 163221 44098 529 4267 20116 520058 6843 11252 346408
leaf_count=4283 5583 1947 70234 23049 74709 163221 44098 529 4267 20116 520058 6843 11252 346408
internal_value=1.4439e-07 -2.83197e-05 -6.43319e-05 -7.14088e-05 -4.48187e-05 7.02549e-06 1.03833e-05 -0.0001974 -1.28832e-05 6.07234e-06 1.0027e-05 -8.33894e-05 -3.71466e-05 8.07671e-06
internal_weight=1.2966e+06 342239 169939 167992 144943 172300 954358 9079 4796 910260 872049 38211 31368 866466
internal_count=1296597 342239 169939 167992 144943 172300 954358 9079 4796 910260 872049 38211 31368 866466
is_linear=0
shrinkage=0.01


Tree=391
num_leaves=15
num_cat=0
split_feature=0 22 10 3 28 25 19 21 14 17 6 10 15 2
split_gain=4.01855 2.91113 3.49539 3.08253 2.69557 4.22852 2.54482 4.14672 2.33342 2.2572 2.13879 2.5117 1.84245 2.59565
threshold=0.36811594202898557 0.32755102040816336 0.2525510204081633 -0.43683510638297868 0.47402159244264513 1.0000000180025095e-35 -0.47979591836734686 0.41918367346938784 -0.37877551020408157 -0.41010101010101002 -0.31957446808510631 0.25532879818594106 -0.43938775510204076 0.4793792517006803
decision_type=8 2 2 8 10 2 2 2 2 2 10 2 2 10
left_child=1 3 6 10 9 -6 -3 -8 -4 -5 11 -1 13 -2
right_child=12 2 8 4 5 -7 7 -9 -10 -11 -12 -13 -14 -15
leaf_value=-0.00030271607223323108 -2.0609721440209397e-05 0.0005286499428081837 -0.00050775822463561781 -7.2687584868715718e-05 0.00055688098125559495 -7.2763060719243538e-05 -5.6680469765731868e-05 -0.00036161422417290529 0.00010742067630070199 1.9019188785022952e-05 -3.5097562127688188e-05 9.1091864559678337e-05 -6.9374197534721846e-05 0.00042297345587103893
leaf_weight=7128 4288 696 622 27483 1078 49077 90971 4738 17249 961068 26826 1956 102282 1833
leaf_count=7128 4288 696 622 27483 1078 49077 90971 4738 17249 961068 26826 1956 102282 1833
internal_value=-8.04314e-07 4.48682e-06 -4.34504e-05 9.61255e-06 1.27867e-05 -5.85993e-05 -6.74356e-05 -7.21003e-05 8.42493e-05 1.64391e-05 -8.13592e-05 -0.000214616 -5.91092e-05 0.000107469
internal_weight=1.2973e+06 1.18889e+06 114276 1.07462e+06 1.03871e+06 50155 96405 95709 17871 988551 35910 9084 108403 6121
internal_count=1297295 1188892 114276 1074616 1038706 50155 96405 95709 17871 988551 35910 9084 108403 6121
is_linear=0
shrinkage=0.01


Tree=392
num_leaves=15
num_cat=0
split_feature=11 4 21 14 2 16 28 16 28 6 22 14 7 16
split_gain=3.94915 3.81591 8.22947 3.03239 3.00787 4.07092 3.00296 3.31343 2.67791 3.96447 3.49494 4.55981 3.0282 3.00436
threshold=-0.39897959183673465 -0.26020833333333326 0.4139685476410731 0.11851063829787235 -0.41918367346938773 0.010990338164251214 -0.2670542635658914 -0.1633333333333333 0.47402159244264513 -0.37888888888888883 0.32025641025641027 0.020416666666666698 -0.40454545454545449 -0.3876262626262626
decision_type=2 2 2 2 10 2 10 2 10 10 2 2 2 2
left_child=3 2 -2 4 5 -1 7 -5 10 -10 13 -12 -11 -3
right_child=1 8 -4 6 -6 -7 -8 -9 9 12 11 -13 -14 -15
leaf_value=-9.5960788155161384e-05 6.9741626246715884e-05 -8.5652144911222574e-05 -0.00023339660009453439 0.00022925848023655043 -9.6946048110393859e-05 -0.00073849269917781904 7.269232417075609e-05 -0.0004703922571723331 -0.00050567812068561403 -0.00047797815903874587 -9.8809058396837017e-05 3.9882125391748914e-05 -3.8311174338027955e-05 1.1741729649056916e-05
leaf_weight=2400 147151 32787 9495 899 36409 1837 17519 2257 2029 1632 70756 35277 49670 886782
leaf_count=2400 147151 32787 9495 899 36409 1837 17519 2257 2029 1632 70756 35277 49670 886782
internal_value=1.13437e-06 5.04472e-06 5.11715e-05 -7.71639e-05 -0.000127418 -0.000381939 2.01867e-05 -0.000261569 -1.62456e-06 -7.07253e-05 1.9396e-06 -5.2384e-05 -5.29096e-05 8.23628e-06
internal_weight=1.2969e+06 1.23558e+06 156646 61321 40646 4237 20675 3156 1.07893e+06 53331 1.0256e+06 106033 51302 919569
internal_count=1296900 1235579 156646 61321 40646 4237 20675 3156 1078933 53331 1025602 106033 51302 919569
is_linear=0
shrinkage=0.01


Tree=393
num_leaves=15
num_cat=0
split_feature=24 22 23 24 24 15 26 27 3 22 22 21 27 27
split_gain=3.86318 7.01667 6.14476 5.18329 5.35203 4.71085 4.40212 6.11732 5.54301 5.52311 3.99315 3.92773 3.80218 3.77311
threshold=-0.050641025641025621 0.080322580645161304 0.012347560975609741 -0.14194139194139191 -0.44913793103448268 -0.19782608695652171 0.28102564102564109 -0.26020833333333326 -0.46863636363636357 -0.20670914542728633 -0.23779761904761901 0.35565476190476192 -0.38832199546485252 0.3816526610644258
decision_type=10 2 10 10 8 2 2 2 8 2 2 2 2 2
left_child=1 5 13 4 -4 11 7 -2 -8 -9 -7 -1 -12 -3
right_child=6 2 3 -5 -6 10 8 9 -10 -11 12 -13 -14 -15
leaf_value=-0.00024602932476320519 8.0816138183021862e-05 -3.4120553561555385e-05 0.00030238552391259556 0.00016078881672866967 -0.0004068011838539075 -3.1797546592168256e-05 -0.00030038028127404349 6.037119162726385e-05 3.6158967711615981e-05 -6.518948730678271e-05 0.00016661576090669697 0 2.8449142607276179e-05 -0.00016791432964131294
leaf_weight=12875 50997 168734 1120 2355 11601 105895 4925 43341 469885 178584 22486 13376 185216 24308
leaf_count=12875 50997 168734 1120 2355 11601 105895 4925 43341 469885 178584 22486 13376 185216 24308
internal_value=-5.72676e-07 -2.07653e-05 -6.65063e-05 -0.00026141 -0.000341948 7.15785e-06 1.41852e-05 -1.77472e-05 3.26031e-05 -4.05324e-05 1.80135e-05 -0.00012137 4.35538e-05 -5.11257e-05
internal_weight=1.2957e+06 547966 208118 15076 12721 339848 747732 272922 474810 221925 313597 26251 207702 193042
internal_count=1295698 547966 208118 15076 12721 339848 747732 272922 474810 221925 313597 26251 207702 193042
is_linear=0
shrinkage=0.01


Tree=394
num_leaves=15
num_cat=0
split_feature=1 21 11 22 4 14 11 25 26 7 18 18 17 4
split_gain=3.27103 3.74066 3.47857 3.32653 3.21328 3.12903 2.98849 2.85141 2.76291 2.70893 3.80987 3.03125 2.371 2.26404
threshold=0.45603864734299526 0.26043478260869574 0.43405797101449284 0.32025641025641027 -0.1633333333333333 -0.33836734693877546 0.2423404255319149 0.57500000000000018 0.97849213691026837 -0.33836734693877546 -0.1633333333333333 -0.27888888888888885 0.31909090909090915 0.47979591836734697
decision_type=8 2 2 2 2 2 2 2 2 2 2 2 2 2
left_child=2 -2 3 9 7 12 8 -5 -3 11 -11 -1 -4 -7
right_child=1 6 5 4 -6 13 -8 -9 -10 10 -12 -13 -14 -15
leaf_value=-0.00017641198580769653 -0.00016078991527429751 3.0980689787162175e-05 -3.1263740715532905e-05 0.00017838268186434134 -7.5032942353394762e-05 0.00010724967659663904 -0.00025167232545701413 -7.468253481901442e-05 0.00046127675172772872 6.423658179739669e-05 1.258869069432331e-06 -2.2602023516548651e-05 -0.00057654350431145707 0.00079176047852299583
leaf_weight=15278 26930 14207 6900 10352 99963 42467 3284 7608 1696 108055 875199 84082 924 501
leaf_count=15278 26930 14207 6900 10352 99963 42467 3284 7608 1696 108055 875199 84082 924 501
internal_value=-1.93101e-06 -8.46456e-05 1.09361e-06 -2.31163e-06 -5.27619e-05 8.2167e-05 2.06721e-05 6.95176e-05 7.88347e-05 3.15605e-06 8.21051e-06 -4.6559e-05 -9.96895e-05 0.000115984
internal_weight=1.29745e+06 46117 1.25133e+06 1.20054e+06 117923 50792 19187 17960 15903 1.08261e+06 983254 99360 7824 42968
internal_count=1297446 46117 1251329 1200537 117923 50792 19187 17960 15903 1082614 983254 99360 7824 42968
is_linear=0
shrinkage=0.01


Tree=395
num_leaves=15
num_cat=0
split_feature=4 19 3 14 21 21 15 2 27 26 1 19 26 21
split_gain=3.45689 4.4472 5.24358 4.06852 4.02107 3.73521 3.67337 3.29101 3.09201 10.5211 3.26171 2.96906 3.73621 2.71723
threshold=0.2525510204081633 -0.38148936170212761 -0.3010416666666666 -0.13914893617021273 -0.28130434782608693 0.47326388888888893 0.010990338164251214 -0.43938775510204076 -0.19023809523809521 0.14608739837398377 1.0000000180025095e-35 -0.47979591836734686 0.043961352657004842 0.14222222222222228
decision_type=2 2 10 2 2 2 2 8 2 2 10 2 2 2
left_child=4 5 3 -3 -1 -2 13 -6 9 -9 -10 -7 -13 -4
right_child=1 2 6 -5 7 11 -8 8 10 -11 -12 12 -14 -15
leaf_value=6.0728506841581358e-05 0.0001503960961423112 -0.00063295297025780378 -0.00014268190333158661 -0.00016301671144965219 -0.00011076810612445625 0.00026797451318176123 1.2195284334316531e-05 0.00014084656340994264 3.2521189194525846e-05 -4.0316047546523083e-06 -2.0882356420156051e-05 -0.00052306855197592776 -4.2268802408123713e-05 -3.1784341794602738e-05
leaf_weight=118226 20290 2518 45051 8025 26570 2342 61691 65624 145274 210656 533198 1933 11001 45034
leaf_count=118226 20290 2518 45051 8025 26570 2342 61691 65624 145274 210656 533198 1933 11001 45034
internal_value=-1.27073e-06 -3.97662e-05 -6.20486e-05 -0.000278245 5.63008e-06 6.10813e-05 -4.68279e-05 -9.77566e-07 2.04674e-06 3.02735e-05 -9.40331e-06 -5.55918e-05 -0.000116548 -8.75795e-05
internal_weight=1.29743e+06 197885 162319 10543 1.09955e+06 35566 151776 981322 954752 276280 678472 15276 12934 90085
internal_count=1297433 197885 162319 10543 1099548 35566 151776 981322 954752 276280 678472 15276 12934 90085
is_linear=0
shrinkage=0.01


Tree=396
num_leaves=15
num_cat=0
split_feature=28 26 24 24 11 21 28 11 24 19 25 14 15 19
split_gain=3.40643 5.29982 5.94024 4.15222 4.42207 4.12647 3.77394 3.65048 4.82098 4.18885 4.08596 3.96645 3.33065 3.81174
threshold=0.13525498891352553 0.05634920634920635 -0.40450861195542043 -0.036607142857142831 -0.45789007092198575 -0.43938775510204076 0.39619252873563227 -0.25777777777777772 -0.47871376811594196 -0.47894503546099287 0.82500000000000018 0.49000000000000005 0.011237373737373714 0.011495771670190282
decision_type=8 2 10 8 2 2 8 2 10 2 2 2 2 2
left_child=5 2 -2 12 6 -1 -5 10 -9 -10 11 -7 -3 -14
right_child=1 3 -4 4 -6 7 -8 8 9 -11 -12 -13 13 -15
leaf_value=0.00015555040211788902 0.00046411235679906011 -0.00013439777475488706 4.1271475099865514e-05 0 -2.3444518130335609e-06 -4.2408801505793482e-06 -0.00049530182677136282 -0.00067958444461942006 0.00029211879894401485 1.576446778422369e-05 -0.00018181407804945877 -0.00075372882849112797 0.0002035348855228663 -5.4002551625126791e-05
leaf_weight=19909 3541 57046 59372 2766 266369 59856 3414 987 5540 692088 19155 713 6061 98365
leaf_count=19909 3541 57046 59372 2766 266369 59856 3414 987 5540 692088 19155 713 6061 98365
internal_value=4.82604e-07 -2.00476e-05 6.55685e-05 -3.25275e-05 -8.59496e-06 1.33009e-05 -0.000273019 9.62322e-06 1.69719e-05 1.80033e-05 -5.43946e-05 -1.35958e-05 -7.27366e-05 -3.87621e-05
internal_weight=1.29518e+06 496934 62913 434021 272549 798248 6180 778339 698615 697628 79724 60569 161472 104426
internal_count=1295182 496934 62913 434021 272549 798248 6180 778339 698615 697628 79724 60569 161472 104426
is_linear=0
shrinkage=0.01


Tree=397
num_leaves=15
num_cat=0
split_feature=17 28 18 23 27 27 19 15 24 10 23 24 28 25
split_gain=3.0391 3.10774 4.55894 5.144 4.61774 3.84474 4.28522 4.11045 4.08037 3.50744 4.87264 3.37398 3.10607 2.95859
threshold=-0.41010101010101002 -0.23956521739130432 0.011766334440753036 0.028594771241830078 0.42052631578947375 -0.14365079365079361 0.011766334440753036 -0.43938775510204076 -0.22821969696969696 0.14678030303030307 0.010527482269503509 -0.44913793103448268 -0.1493243243243243 0.77500000000000024
decision_type=2 8 2 10 2 2 2 2 10 2 8 10 10 2
left_child=-1 2 4 11 13 6 7 -3 -8 12 -11 -4 -7 -2
right_child=1 5 3 -5 -6 9 8 -9 -10 10 -12 -13 -14 -15
leaf_value=-8.4520608023289415e-05 0.00013138673733890219 0.0002633427267850614 0.00031807890122820102 0.00015983477736312483 -0.00014416954885403544 -9.869706949853027e-05 -3.25375886746019e-05 -4.6766961941114253e-05 6.8456853639549059e-05 3.7642525500921802e-06 0.00019852660666911027 -2.8461890568135872e-05 -2.2770420148948931e-05 3.3773213501277581e-05
leaf_weight=40833 72490 4449 2848 17305 8994 61903 51203 95548 177382 105265 14685 152143 436409 56056
leaf_count=40833 72490 4449 2848 17305 8994 61903 51203 95548 177382 105265 14685 152143 436409 56056
internal_value=3.53055e-07 3.1349e-06 3.06408e-05 -3.46548e-06 7.35829e-05 -5.83425e-06 2.17626e-05 -3.26623e-05 4.57027e-05 -2.05495e-05 2.78627e-05 -2.18945e-05 -3.22632e-05 8.90548e-05
internal_weight=1.29751e+06 1.25668e+06 309836 172296 137540 946844 328582 99997 228585 618262 119950 154991 498312 128546
internal_count=1297513 1256680 309836 172296 137540 946844 328582 99997 228585 618262 119950 154991 498312 128546
is_linear=0
shrinkage=0.01


Tree=398
num_leaves=15
num_cat=0
split_feature=28 14 19 3 11 3 24 24 24 24 10 19 25 28
split_gain=4.42852 4.59713 4.20805 4.08914 3.60541 3.46011 4.26556 6.49717 6.29687 7.48869 4.06561 3.50126 7.44617 6.89267
threshold=-0.31165540540540532 0.011766334440753036 -0.47979591836734686 -0.1211111111111111 -0.45959183673469384 0.34613526570048314 -0.42163742690058476 -0.46969387755102038 -0.10113636363636362 0.28759398496240607 0.011237373737373714 -0.22170212765957442 0.82500000000000018 0.17416582406471184
decision_type=8 2 2 10 2 10 10 8 10 10 2 2 2 10
left_child=1 -1 3 -3 -4 11 7 -7 10 -10 -8 12 -2 -14
right_child=5 2 4 -5 -6 6 8 -9 9 -11 -12 -13 13 -15
leaf_value=9.2193268070602639e-05 -1.2201787462253498e-05 -0.00011483510536399919 -0.00063571894854530357 0.00076863835972462886 -1.8332030620477946e-06 -3.1849765493731899e-05 -0.00029871830480713126 0.00068187165489974112 3.5504596027922517e-05 -0.00019871353965683798 -4.9494419976365449e-05 4.726528134687148e-06 -0.00012599998403561705 -0.00056719793757569045
leaf_weight=99401 74489 758 902 1375 121055 3680 17429 1892 51344 18538 10995 875427 15922 4668
leaf_count=99401 74489 758 902 1375 121055 3680 17429 1892 51344 18538 10995 875427 15922 4668
internal_value=9.96824e-07 4.15176e-05 6.813e-07 0.000440915 -6.78296e-06 -7.40438e-06 -6.2264e-05 0.000205353 -7.77435e-05 -2.62044e-05 -0.000203384 -1.5014e-06 -5.91581e-05 -0.00022755
internal_weight=1.29788e+06 223491 124090 2133 121957 1.07438e+06 103878 5572 98306 69882 28424 970506 95079 20590
internal_count=1297875 223491 124090 2133 121957 1074384 103878 5572 98306 69882 28424 970506 95079 20590
is_linear=0
shrinkage=0.01


Tree=399
num_leaves=15
num_cat=0
split_feature=17 3 18 24 28 24 24 22 23 28 23 22 18 28
split_gain=3.46353 4.93675 3.1073 2.86362 3.85465 3.33398 2.80442 8.16689 5.89565 6.04714 5.85798 4.37184 5.32551 4.01832
threshold=-0.41010101010101002 0.47979591836734697 0.19103535353535359 0.26568627450980398 0.13733075435203099 -0.03062500000000001 -0.050641025641025621 0.080322580645161304 0.012347560975609741 -0.14365079365079361 0.016397849462365614 -0.23779761904761901 -0.38318181818181812 0.41751700680272114
decision_type=2 10 2 10 10 10 10 2 10 10 10 2 2 8
left_child=1 2 -1 4 5 -3 7 11 9 -9 -10 13 -13 -2
right_child=6 3 -4 -5 -6 -7 -8 8 10 -11 -12 12 -14 -15
leaf_value=-3.3978184619538907e-05 -2.5593109643839073e-05 0.00052968191422437638 -0.00060285080424295103 -0.00081039596547143999 -0.00051603057020529835 -0.00045619048228878669 1.5114957314984893e-05 2.3832946054995412e-05 -0.00044304452825146842 -9.3091223862112028e-05 -4.220860327209613e-05 -0.0003276896907775319 4.8406490328960645e-05 -0.00043104501597874124
leaf_weight=35136 110389 907 994 1274 2040 523 721319 69954 7936 118692 7077 3811 214303 2510
leaf_count=35136 110389 907 994 1274 2040 523 721319 69954 7936 118692 7077 3811 214303 2510
internal_value=-6.95652e-07 -9.13001e-05 -5.05079e-05 -0.000395423 -0.00023386 0.000147979 2.22923e-06 -1.50986e-05 -6.49525e-05 -4.95745e-05 -0.000256138 1.54842e-05 4.16932e-05 -3.48842e-05
internal_weight=1.29686e+06 40874 36130 4744 3470 1430 1.25599e+06 534672 203659 188646 15013 331013 218114 112899
internal_count=1296865 40874 36130 4744 3470 1430 1255991 534672 203659 188646 15013 331013 218114 112899
is_linear=0
shrinkage=0.01


Tree=400
num_leaves=15
num_cat=0
split_feature=27 4 23 14 15 28 14 28 14 22 28 24 3 6
split_gain=3.28222 4.24062 3.78071 3.66219 3.47673 4.35874 4.1858 3.1645 3.2279 2.76464 4.39004 3.42606 4.61746 3.04644
threshold=-0.010874704491725782 0.41751700680272114 0.091666666666666688 -0.23956521739130432 0.15978723404255321 0.39897959183673476 -0.31909090909090904 0.47402159244264513 0.012660256410256367 0.035299003322259111 -0.33935483870967736 -0.39852941176470585 0.48912529550827433 0.023268398268398275
decision_type=2 2 8 2 2 10 2 8 2 2 10 10 8 8
left_child=1 3 9 4 6 -6 -1 -5 -9 11 13 12 -2 -11
right_child=2 -3 -4 7 5 -7 -8 8 -10 10 -12 -13 -14 -15
leaf_value=-3.5247624762160968e-05 9.6248453887911526e-05 -0.00011868362133444531 0.00016887426547615656 3.8363851433339487e-05 5.3749485427947228e-06 0.00053493321867959919 -0.0002670781331548241 -0.00019812675324227267 2.1463022811768046e-05 -1.0124265158035396e-05 -5.1309444364412799e-05 -4.051614816653684e-06 0.0010357747467186064 0.00014204790928445344
leaf_weight=24389 24288 21379 11282 505815 19900 1695 11709 11654 15229 35545 286751 307114 540 20588
leaf_count=24389 24288 21379 11282 505815 19900 1695 11709 11654 15229 35545 286751 307114 540 20588
internal_value=2.5626e-06 1.94227e-05 -1.24271e-05 2.44752e-05 -5.09998e-05 4.83977e-05 -0.000111293 3.27059e-05 -7.26266e-05 -1.55033e-05 -3.54291e-05 4.98901e-06 0.000118014 4.51584e-05
internal_weight=1.29788e+06 611770 686108 590391 57693 21595 36098 532698 26883 674826 342884 331942 24828 56133
internal_count=1297878 611770 686108 590391 57693 21595 36098 532698 26883 674826 342884 331942 24828 56133
is_linear=0
shrinkage=0.01


Tree=401
num_leaves=15
num_cat=0
split_feature=0 3 23 6 4 19 10 5 1 11 15 11 6 19
split_gain=3.81024 2.52414 5.47653 3.96477 2.69128 2.53199 3.32309 2.08658 2.00436 1.90056 1.86978 1.86062 2.4254 1.77717
threshold=0.28334980237154156 -0.45789007092198575 0.010990338164251214 0.21583850931677021 -0.26020833333333326 -0.33836734693877546 0.061250000000000034 0.43405797101449284 -0.47979591836734686 -0.26874999999999999 -0.37877551020408157 0.032624113475177303 0.49000000000000005 0.23124999999999998
decision_type=8 8 10 10 2 2 2 10 8 2 2 2 8 2
left_child=1 2 3 -1 5 6 -3 11 -6 -7 -9 12 -2 -10
right_child=7 4 -4 -5 8 9 -8 10 13 -11 -12 -13 -14 -15
leaf_value=-0.00019399026789872079 -6.7436869700815375e-05 3.4859569766619382e-05 -0.00083548910527044972 7.0906761062807693e-05 -0.00021513428047181208 -1.2896726728403041e-05 -0.00028780825078074688 6.2305820631908666e-05 1.1787425148771314e-07 8.6198230316418542e-05 -0.00014481364666100581 1.7341952993571412e-05 0.00025504047784575764 4.0051415551706076e-05
leaf_weight=11289 75020 9092 960 11096 4127 23467 4812 4919 835345 98299 28633 58273 2369 128871
leaf_count=11289 75020 9092 960 11096 4127 23467 4812 4919 835345 98299 28633 58273 2369 128871
internal_value=1.52825e-06 8.1921e-06 -9.45743e-05 -6.13518e-05 1.03926e-05 5.21255e-05 -7.46925e-05 -4.26905e-05 4.51445e-06 6.68542e-05 -0.000113551 -2.49419e-05 -5.71682e-05 5.48636e-06
internal_weight=1.29657e+06 1.12736e+06 23345 22385 1.10401e+06 135670 13904 169214 968343 121766 33552 135662 77389 964216
internal_count=1296572 1127358 23345 22385 1104013 135670 13904 169214 968343 121766 33552 135662 77389 964216
is_linear=0
shrinkage=0.01


Tree=402
num_leaves=15
num_cat=0
split_feature=17 3 24 28 10 11 28 18 4 19 15 14 24 10
split_gain=3.79517 4.15153 3.67811 8.06559 3.28691 3.08582 3.80011 3.05945 3.00793 5.60242 4.14809 10.2269 3.82917 3.06233
threshold=-0.41010101010101002 0.47979591836734697 -0.03062500000000001 0.091372912801484255 -0.29893617021276592 -0.45789007092198575 0.41751700680272114 -0.29795918367346935 -0.25777777777777772 -0.33836734693877546 -0.43938775510204076 0.17369121561668147 -0.17928571428571424 -0.1315439219165927
decision_type=2 10 10 10 2 2 8 2 2 2 2 2 8 2
left_child=1 4 3 -3 -1 6 7 -2 9 13 11 -10 -12 -7
right_child=5 2 -4 -5 -6 8 -8 -9 10 -11 12 -13 -14 -15
leaf_value=-0.0002362229640142538 0.00028637859606274018 0.00076316381850729306 -0.00061794768753842678 -0.0005266064166622687 -4.9285307403891757e-06 6.0518375492046479e-05 -0.00040253018679637113 -9.9749329836778031e-05 0.00028267370396270524 6.5653436973590819e-05 -3.6445324640573946e-05 -0.00023580446796710682 7.6206684621416263e-06 -0.0002140073948710764
leaf_weight=7975 2298 758 2691 1320 27975 5932 3768 17270 14273 146896 263176 5124 784844 11958
leaf_count=7975 2298 758 2691 1320 27975 5932 3768 17270 14273 146896 263176 5124 784844 11958
internal_value=1.19295e-07 -9.48667e-05 -0.000373152 -4.12939e-05 -5.70878e-05 3.22395e-06 -0.000110628 -5.28339e-05 5.40474e-06 4.51721e-05 -7.06475e-07 0.000144148 -3.41651e-06 -0.000121308
internal_weight=1.29626e+06 40719 4769 2078 35950 1.25554e+06 23336 19568 1.2322e+06 164786 1.06742e+06 19397 1.04802e+06 17890
internal_count=1296258 40719 4769 2078 35950 1255539 23336 19568 1232203 164786 1067417 19397 1048020 17890
is_linear=0
shrinkage=0.01


Tree=403
num_leaves=15
num_cat=0
split_feature=11 20 23 27 26 24 24 18 15 15 18 15 25 22
split_gain=3.55449 4.80451 5.72238 4.61976 4.00252 4.63312 3.94301 3.59354 4.92415 3.58718 3.32633 3.29909 4.22311 3.27468
threshold=-0.29795918367346935 -0.39472517730496448 0.010527482269503509 0.14051282051282057 0.30116279069767443 -0.46906887755102039 -0.23499399759903958 -0.23956521739130432 -0.44159090909090903 -0.23956521739130432 0.34045454545454551 0.45959183673469389 0.77500000000000024 -0.35471491228070168
decision_type=2 2 8 2 2 8 10 2 2 2 2 2 2 2
left_child=1 2 7 -4 5 -3 9 -1 -9 -6 -7 -2 -13 -14
right_child=11 4 3 -5 6 10 -8 8 -10 -11 -12 12 13 -15
leaf_value=0.00043516639479153428 2.8679499722965713e-06 0.00045240213490726865 -4.8761062791470465e-05 -0.0012606924262264141 -0.0005868932403702761 -5.6235519461236727e-05 -7.8488044278251162e-05 -0.00020993640378117739 0.00022620859671258469 -0.0001872462229636513 0.00021628160578806091 -9.3270116314403336e-06 -0.00019971342567467779 0.00032335167612971362
leaf_weight=3793 1146476 2146 988 501 2837 37818 51133 3886 7528 13422 5053 11307 1283 10042
leaf_count=3793 1146476 2146 988 501 2837 37818 51133 3886 7528 13422 5053 11307 1283 10042
internal_value=-2.20431e-07 -5.00353e-05 0.00010751 -0.000478359 -7.37045e-05 -2.55796e-08 -0.000122474 0.000166931 7.50753e-05 -0.00025892 -2.34026e-05 5.2551e-06 0.00012484 0.000261409
internal_weight=1.29821e+06 129105 16696 1489 112409 45017 67392 15207 11414 16259 42871 1.16911e+06 22632 11325
internal_count=1298213 129105 16696 1489 112409 45017 67392 15207 11414 16259 42871 1169108 22632 11325
is_linear=0
shrinkage=0.01


Tree=404
num_leaves=15
num_cat=0
split_feature=1 24 15 3 26 12 28 21 19 22 27 26 26 26
split_gain=3.66761 3.08101 3.46694 3.06435 4.47336 3.22899 2.66979 2.55073 2.49508 2.47469 2.44088 8.392 2.36782 2.33922
threshold=0.30104166666666676 -0.063164893617021253 0.45959183673469389 -0.45789007092198575 0.65058139534883741 0.011237373737373714 0.41010101010101013 0.43938775510204087 -0.47979591836734686 -0.39897959183673465 -0.38047619047619041 0.26253132832080206 0.26253132832080206 0.97979591836734703
decision_type=10 8 2 8 2 2 10 2 2 2 2 2 2 2
left_child=3 9 6 4 -1 -5 8 -8 -3 13 11 -7 -12 -2
right_child=1 2 -4 5 -6 10 7 -9 -10 -11 12 -13 -14 -15
leaf_value=1.7205050399154037e-07 -0.00034248704418666511 0.00048669536842645578 0.00032937512623413005 3.3037197111034379e-05 -0.00026900453307389686 0.00019360473148368336 -0.0002013270209800325 0.00031996574649606279 -8.0856065223517396e-06 -7.9850524009809979e-05 -3.5852138311645396e-05 -2.3744790548065394e-05 2.8795439881392285e-06 0.00028879355393106359
leaf_weight=15583 6306 1029 2871 331427 9987 26529 11603 977 79718 52587 237546 53196 466799 593
leaf_count=15583 6306 1029 2871 331427 9987 26529 11603 977 79718 52587 237546 53196 466799 593
internal_value=-1.83597e-06 -4.73816e-05 -1.20449e-05 4.35197e-06 -0.000103808 6.85843e-06 -2.28797e-05 -0.000158391 -1.391e-06 -0.000104019 -4.16918e-06 4.82079e-05 -1.01405e-05 -0.000283777
internal_weight=1.29675e+06 155684 96198 1.14107e+06 25570 1.1155e+06 93327 12580 80747 59486 784070 79725 704345 6899
internal_count=1296751 155684 96198 1141067 25570 1115497 93327 12580 80747 59486 784070 79725 704345 6899
is_linear=0
shrinkage=0.01


Tree=405
num_leaves=15
num_cat=0
split_feature=15 14 11 25 24 25 16 2 27 15 14 25 25 24
split_gain=3.71297 8.2619 5.59297 4.91034 3.78472 3.54899 4.23494 3.44616 3.20427 3.00325 3.74279 2.99845 2.87398 5.84814
threshold=-0.43938775510204076 0.17369121561668147 0.37877551020408168 0.70000000000000018 -0.32480818414322243 0.82500000000000018 0.37095282146160968 -0.40212765957446805 -0.11952380952380952 0.46863636363636368 -0.20106382978723403 0.17500000000000002 0.92500000000000016 0.20521390374331558
decision_type=2 2 2 2 8 2 2 8 2 2 2 2 2 10
left_child=1 2 5 11 -5 6 -1 -2 9 10 -9 -3 -10 -14
right_child=7 3 -4 4 -6 -7 -8 8 12 -11 -12 -13 13 -15
leaf_value=0.00025865169874564364 -7.7704210567866312e-05 -0.00058909938406873617 -0.00061000833752747276 -0.0012398594518769918 -0.00028853472114425614 3.4926145134138415e-05 0.00077237417441075834 -7.2148502716788121e-05 -2.1591822997725671e-05 0.00020971188074253737 2.8862878328073083e-05 0.00011004085113734026 -1.9924253081390715e-05 9.9452558380115822e-05
leaf_weight=12487 58862 722 774 624 1669 6018 1939 40522 609709 8455 374784 3981 110058 65172
leaf_count=12487 58862 722 774 624 1669 6018 1939 40522 609709 8455 374784 3981 110058 65172
internal_value=-4.35452e-07 0.000112992 0.000211904 -0.000182671 -0.000561769 0.000244574 0.000329927 -2.98411e-06 6.30014e-07 2.28131e-05 1.89344e-05 0 -1.13077e-05 2.43044e-05
internal_weight=1.29578e+06 28214 21218 6996 2293 20444 14426 1.26756e+06 1.2087e+06 423761 415306 4703 784939 175230
internal_count=1295776 28214 21218 6996 2293 20444 14426 1267562 1208700 423761 415306 4703 784939 175230
is_linear=0
shrinkage=0.01


Tree=406
num_leaves=15
num_cat=0
split_feature=5 7 18 21 22 21 22 24 27 10 11 24 28 21
split_gain=3.74518 3.38237 2.85475 2.85311 2.55636 2.54811 3.94002 2.418 2.22278 2.32573 1.99925 1.86208 1.84649 2.05905
threshold=0.34045454545454551 -0.40454545454545449 -0.26043478260869563 -0.28130434782608693 0.49500000000000005 0.45698427382053664 -0.23779761904761901 -0.050641025641025621 0.40550595238095244 0.010990338164251214 0.21509740259740265 0.043560606060606029 0.42940199335548179 0.43813775510204089
decision_type=8 2 2 2 2 2 2 10 2 2 2 8 10 2
left_child=1 2 -1 8 7 10 -7 -5 -3 -10 -4 -6 -2 -14
right_child=12 3 5 4 11 6 -8 -9 9 -11 -12 -13 13 -15
leaf_value=-0.00025876425293976601 -4.1249187000080281e-05 5.8729162663882438e-05 -6.0955488767175253e-05 -1.6025240706729437e-05 -2.8399341908279003e-05 0.00030222102392652833 -0.00052334928602777904 1.5841811518157164e-05 -0.0003780029979572063 9.4040573099658578e-05 0.00011227076003188559 -0.00029403603253419953 -0.00021064488886865854 0.00024220880835252662
leaf_weight=7484 112832 124634 29867 404687 6215 713 2365 577505 2411 1692 8499 4978 11445 1038
leaf_count=7484 112832 124634 29867 404687 6215 713 2365 577505 2411 1692 8499 4978 11445 1038
internal_value=-2.39985e-06 3.13614e-06 -7.82016e-05 6.70965e-06 9.38543e-07 -4.48552e-05 -0.000322266 2.68126e-06 5.10077e-05 -0.000176108 -2.1794e-05 -0.000149266 -5.43711e-05 -0.000170537
internal_weight=1.29636e+06 1.17105e+06 48928 1.12212e+06 993385 41444 3078 982192 128737 4103 38366 11193 125315 12483
internal_count=1296365 1171050 48928 1122122 993385 41444 3078 982192 128737 4103 38366 11193 125315 12483
is_linear=0
shrinkage=0.01


Tree=407
num_leaves=15
num_cat=0
split_feature=11 26 24 18 24 26 24 14 22 22 23 27 26 18
split_gain=3.05545 4.56059 5.94935 4.94 3.20468 6.35249 6.15004 4.20628 4.08825 6.35337 3.37317 3.50162 7.92806 3.1217
threshold=-0.45789007092198575 0.72821969696969713 -0.42163742690058476 -0.11851063829787233 0.26163419913419916 0.52041666666666686 0.48500000000000004 0.069805194805194828 -0.45959183673469384 -0.20225430597771021 0.059027777777777797 -0.15261756876663707 0.29217479674796754 0.11294063079777368
decision_type=2 2 8 2 10 2 10 2 2 2 10 2 2 2
left_child=1 2 -1 -3 10 8 7 -7 -6 -10 11 12 -2 -13
right_child=4 3 -4 -5 5 6 -8 -9 9 -11 -12 13 -14 -15
leaf_value=0.00064291001559205077 7.811862094005465e-05 2.9638923040712284e-05 -6.7523094357350543e-05 -0.00046492088029996835 -0.00037257345987399231 0.0001091030447112646 -0.00023966615728389113 -1.0423987334951014e-05 0.00010858309461339668 -3.5977303322567189e-05 0.00013635224485909173 -3.6201066684943389e-05 -2.5602558711954912e-05 3.1316726869403462e-05
leaf_weight=1270 120477 2928 15638 5804 3121 126926 6139 37754 37765 155311 15473 500511 189226 78854
leaf_count=1270 120477 2928 15638 5804 3121 126926 6139 37754 37765 155311 15473 500511 189226 78854
internal_value=-1.92033e-06 -0.000109996 -1.22822e-05 -0.000295698 2.35596e-07 2.51813e-05 6.97962e-05 8.15188e-05 -1.35104e-05 -7.54516e-06 -9.85295e-06 -1.24316e-05 1.46493e-05 -2.69597e-05
internal_weight=1.2972e+06 25640 16908 8732 1.27156e+06 367016 170819 164680 196197 193076 904541 889068 309703 579365
internal_count=1297197 25640 16908 8732 1271557 367016 170819 164680 196197 193076 904541 889068 309703 579365
is_linear=0
shrinkage=0.01


Tree=408
num_leaves=15
num_cat=0
split_feature=2 4 3 26 22 21 18 21 22 22 28 18 28 22
split_gain=3.41357 3.30316 2.95304 3.15587 2.96484 4.33809 2.79563 2.90227 2.84213 2.68089 2.37399 2.28407 3.03548 2.86543
threshold=-0.40212765957446805 -0.26020833333333326 -0.35857142857142849 0.85857142857142865 0.30976190476190485 0.023268398268398275 1.0000000180025095e-35 0.4139685476410731 0.24179487179487183 -0.43969696969696964 -0.39528508771929821 -0.26043478260869563 0.21583850931677021 -0.45060975609756093
decision_type=8 2 10 2 2 2 2 2 2 2 10 2 10 2
left_child=11 6 3 9 -4 -6 -2 10 -9 -3 -8 12 13 -1
right_child=1 2 4 -5 5 -7 7 8 -10 -11 -12 -13 -14 -15
leaf_value=-0.00081443180424873175 0.00010760912558090122 -0.00047408148498385343 4.5096794764716075e-06 -0.00026177587000552894 -9.0523851081970985e-05 3.7727896808496767e-05 0.0001731115427291713 -8.6152577069257557e-05 -0.00066530745638153171 -1.8131050135796454e-05 1.0781801584769023e-05 -4.8042206118420222e-05 -0.00047894487118801032 -2.1018537594715287e-05
leaf_weight=500 48862 1363 926879 8519 80351 38866 10143 4468 1099 27434 85806 53179 3069 5884
leaf_count=500 48862 1363 926879 8519 80351 38866 10143 4468 1099 27434 85806 53179 3069 5884
internal_value=-2.20734e-06 1.42492e-06 -4.64594e-06 -9.20687e-05 -1.49849e-06 -4.84609e-05 4.53616e-05 1.51027e-05 -0.000206168 -4.08006e-05 2.82596e-05 -7.42348e-05 -0.00021835 -8.82097e-05
internal_weight=1.29642e+06 1.23379e+06 1.08341e+06 37316 1.0461e+06 119217 150378 101516 5567 28797 95949 62632 9453 6384
internal_count=1296422 1233790 1083412 37316 1046096 119217 150378 101516 5567 28797 95949 62632 9453 6384
is_linear=0
shrinkage=0.01


Tree=409
num_leaves=15
num_cat=0
split_feature=28 21 26 20 14 24 26 24 24 24 24 26 24 18
split_gain=3.98275 5.81905 5.13215 4.3681 4.86061 4.64621 4.5242 3.93041 3.44342 3.35632 3.18652 2.96598 3.66422 4.53322
threshold=0.13525498891352553 -0.43938775510204076 0.039230769230769243 -0.057777777777777782 0.30217391304347835 -0.23861283643892336 0.64365079365079381 -0.42752100840336132 -0.03062500000000001 0.2950000000000001 -0.10113636363636362 0.039230769230769243 -0.063164893617021253 0.018187830687830701
decision_type=10 2 2 2 2 8 2 10 10 10 10 2 10 2
left_child=1 -1 7 4 8 6 -5 -2 -4 -7 -6 -3 -13 -14
right_child=2 11 3 5 10 9 -8 -9 -10 -11 -12 12 13 -15
leaf_value=0.00018238530172428588 0.0006197737503948578 -5.2979235169649889e-05 -0.00022214410292243939 -2.0907834502444755e-05 0.00042957163115913083 3.0456560100412156e-06 -0.00018618969832094817 6.3256629774302158e-05 -7.2279257495928256e-05 -0.00024457246386148804 1.4094142693779933e-06 -9.5748391196902534e-06 6.5168194827623486e-05 -2.7611669492111558e-06
leaf_weight=20089 1321 68235 26430 38934 2267 303704 29438 43215 38605 5570 8036 313092 228716 170772
leaf_count=20089 1321 68235 26430 38934 2267 303704 29438 43215 38605 5570 8036 313092 228716 170772
internal_value=4.38821e-07 1.42652e-05 -2.17585e-05 -3.18767e-05 -0.000101486 -1.79101e-05 -9.25148e-05 8.04779e-05 -0.000133653 -1.31926e-06 9.86278e-05 9.90069e-06 1.59642e-05 3.6055e-05
internal_weight=1.29842e+06 800904 497520 452984 75338 377646 68372 44536 65035 309274 10303 780815 712580 399488
internal_count=1298424 800904 497520 452984 75338 377646 68372 44536 65035 309274 10303 780815 712580 399488
is_linear=0
shrinkage=0.01


Tree=410
num_leaves=15
num_cat=0
split_feature=0 4 21 18 7 19 23 28 22 28 10 22 4 28
split_gain=3.16315 2.79676 4.85212 4.1893 4.18978 3.46279 2.71234 2.7687 2.67515 2.64794 2.29936 2.12354 2.05916 1.79588
threshold=0.36811594202898557 -0.26020833333333326 0.41207729468599036 -0.097872340425531903 -0.42590909090909085 -0.44159090909090903 0.14583333333333334 -0.086581709145427274 0.13438086303939964 0.4587585034013606 0.021286231884057986 -0.39323708206686925 -0.45789007092198575 0.1526175687666371
decision_type=8 2 2 2 2 2 10 10 2 10 2 2 2 10
left_child=1 2 12 5 -5 -4 8 -8 9 -3 -10 -2 13 -1
right_child=11 6 3 4 -6 -7 7 -9 10 -11 -12 -13 -14 -15
leaf_value=2.9720663005194057e-05 -0.00018716729801319777 1.493873025986805e-05 0.00071118050120746014 -0.00090374221977762353 -0.00019122138778245157 -5.6856257511651982e-05 -0.00035383414474878308 0.0003422548379029887 -4.471937682455324e-05 -6.8051359554937638e-05 1.1278544093108548e-05 -3.5240875558802768e-05 7.7332067063349012e-05 -0.00016036475399743347
leaf_weight=17601 10304 668748 810 993 6301 1906 623 4005 205323 40689 112915 98409 122117 6849
leaf_count=17601 10304 668748 810 993 6301 1906 623 4005 205323 40689 112915 98409 122117 6849
internal_value=1.6784e-06 6.42211e-06 4.58056e-05 -0.000166377 -0.000292666 0.000161696 4.19354e-07 0.000241904 -6.39651e-07 1.01364e-05 -2.47564e-05 -4.99214e-05 6.05047e-05 -2.23129e-05
internal_weight=1.29759e+06 1.18888e+06 156577 10010 7294 2716 1.0323e+06 4628 1.02768e+06 709437 318238 108713 146567 24450
internal_count=1297593 1188880 156577 10010 7294 2716 1032303 4628 1027675 709437 318238 108713 146567 24450
is_linear=0
shrinkage=0.01


Tree=411
num_leaves=15
num_cat=0
split_feature=24 22 22 19 24 27 28 14 26 26 28 19 17 14
split_gain=3.13236 4.81798 5.14242 5.75275 6.14762 4.04361 4.64053 4.63999 4.05137 3.89524 3.83236 3.81312 3.80571 4.0404
threshold=-0.057189542483660143 0.080322580645161304 -0.18944444444444442 -0.15978723404255316 -0.38047619047619041 0.38047619047619052 -0.45959183673469384 0.13914893617021282 0.26253132832080206 0.97700845665961955 -0.40399385560675877 0.14222222222222228 -0.47979591836734686 0.37888888888888894
decision_type=10 2 2 2 8 2 10 2 2 2 8 2 2 2
left_child=1 2 9 4 -4 8 7 -7 -3 10 -1 -10 -2 -14
right_child=12 5 3 -5 -6 6 -8 -9 11 -11 -12 -13 13 -15
leaf_value=0.00012404170376569383 -0.00026683854553630985 2.4186051751728491e-05 0.0001452004669492394 5.7512408387283037e-05 -0.00021637717882044247 -1.6539066380811047e-05 -0.00021233445890721632 0.0011374331266401159 -0.00011202433909562157 0.00012534604274494856 -7.9695279990212725e-05 2.7595338679133457e-05 2.1797015244590449e-05 -6.8497666124763129e-05
leaf_weight=10006 4787 61645 6519 173174 16211 963 23333 503 79210 12207 105720 25553 723883 53063
leaf_count=10006 4787 61645 6519 173174 16211 963 23333 503 79210 12207 105720 25553 723883 53063
internal_value=1.18552e-06 -1.79365e-05 5.4807e-06 3.77653e-05 -0.000111351 -5.77533e-05 -0.000177223 0.000360493 -3.97662e-05 -4.3722e-05 -6.18176e-05 -7.76832e-05 1.38224e-05 1.55913e-05
internal_weight=1.29678e+06 515044 323837 195904 22730 191207 24799 1466 166408 127933 115726 104763 781733 776946
internal_count=1296777 515044 323837 195904 22730 191207 24799 1466 166408 127933 115726 104763 781733 776946
is_linear=0
shrinkage=0.01


Tree=412
num_leaves=15
num_cat=0
split_feature=27 26 3 10 18 25 27 24 24 26 24 22 17 22
split_gain=3.40994 7.77393 3.57073 3.54335 3.45253 3.44728 4.40831 3.92213 3.26214 7.73405 3.23309 2.86305 2.75862 2.70866
threshold=-0.21269841269841269 0.1023024594453166 -0.46863636363636357 0.012660256410256367 -0.13914893617021273 0.62500000000000011 -0.39897959183673465 -0.41763565891472859 0.10263157894736842 0.16064516129032261 -0.37939393939393934 0.49500000000000005 -0.47979591836734686 0.12645348837209305
decision_type=2 2 10 2 2 2 2 8 8 2 10 2 2 2
left_child=1 5 -2 11 12 7 13 -1 10 -10 -6 -3 -4 -7
right_child=2 3 4 -5 8 6 -8 -9 9 -11 -12 -13 -14 -15
leaf_value=0.00048455468918301903 -0.00022591593464331081 -2.1320980223498805e-05 -0.0002050613932700175 4.4508526275524361e-05 2.1942941714632579e-05 0.0005895262102013915 0.00012688630057586719 5.5831488381706978e-05 -7.0222630797087558e-05 3.6719788068083655e-05 -4.5359049317871399e-05 -0.00037995575055384359 4.9824935414343202e-05 0.00013556834712070016
leaf_weight=2259 7543 160454 4354 123484 87636 4449 13651 47259 92147 253486 372516 2267 123380 2140
leaf_count=2259 7543 160454 4354 123484 87636 4449 13651 47259 92147 253486 372516 2267 123380 2140
internal_value=8.22902e-07 2.72076e-05 -9.12548e-06 4.02723e-06 -7.34092e-06 0.000121879 0.000232554 7.60237e-05 -1.5025e-05 8.1214e-06 -3.24761e-05 -2.65087e-05 4.08973e-05 0.000446768
internal_weight=1.29702e+06 355963 941062 286205 933519 69758 20240 49518 805785 345633 460152 162721 127734 6589
internal_count=1297025 355963 941062 286205 933519 69758 20240 49518 805785 345633 460152 162721 127734 6589
is_linear=0
shrinkage=0.01


Tree=413
num_leaves=15
num_cat=0
split_feature=7 4 22 10 22 21 4 26 26 5 21 4 18 18
split_gain=2.9635 2.86058 3.6139 3.78972 2.67134 3.23395 2.34804 2.2441 1.98648 1.9314 1.84726 2.05142 2.18122 1.682
threshold=-0.40454545454545449 -0.26020833333333326 0.32025641025641027 0.023268398268398275 -0.4759001161440185 0.45698427382053664 0.36811594202898557 0.06186224489795919 1.0000000180025095e-35 0.43405797101449284 -0.45959183673469384 -0.45789007092198575 1.0000000180025095e-35 -0.27888888888888885
decision_type=2 2 2 2 2 2 2 2 2 10 2 2 2 2
left_child=8 10 4 6 5 -3 -4 -5 -1 -6 -2 -12 -13 -10
right_child=1 2 3 7 9 -7 -8 -9 13 -11 11 12 -14 -15
leaf_value=0.00017668828714046685 0.00025783380631624756 -0.0001726935931978218 -7.4803918623271454e-05 -0.00014871853404752367 1.0578058036601127e-05 0.00029684770358694249 -0.0002694538255888351 7.2381451414398141e-05 -0.00020594004548112868 -5.9978058926791832e-05 -5.0777639840309111e-05 0.00011637013497401777 2.6117354265145537e-05 -5.561191414457422e-05
leaf_weight=3134 4047 14205 71872 5447 916434 1591 6955 27451 9019 40410 21084 39970 84973 50419
leaf_count=3134 4047 14205 71872 5447 916434 1591 6955 27451 9019 40410 21084 39970 84973 50419
internal_value=1.45853e-06 4.88441e-06 -7.51564e-07 -5.46394e-05 5.40771e-06 -0.000123454 -9.23683e-05 3.48514e-05 -6.56458e-05 7.56676e-06 4.58064e-05 3.97197e-05 5.5232e-05 -7.89363e-05
internal_weight=1.29701e+06 1.23444e+06 1.08436e+06 111725 972640 15796 78827 32898 62572 956844 150074 146027 124943 59438
internal_count=1297011 1234439 1084365 111725 972640 15796 78827 32898 62572 956844 150074 146027 124943 59438
is_linear=0
shrinkage=0.01


Tree=414
num_leaves=15
num_cat=0
split_feature=0 21 14 15 22 18 21 22 26 22 15 14 21 27
split_gain=2.67172 2.5288 2.8141 3.85172 2.97123 4.30254 3.3556 2.4515 3.09711 2.31832 2.14498 2.12516 1.97255 4.76941
threshold=0.2525510204081633 -0.28130434782608693 -0.23956521739130432 -0.43938775510204076 -0.3594871794871794 0.039230769230769243 0.41918367346938784 -0.39323708206686925 0.97979591836734703 -0.45959183673469384 -0.097872340425531903 -0.31909090909090904 0.16333333333333336 0.39897959183673476
decision_type=8 2 2 2 2 2 2 2 2 2 2 2 2 2
left_child=1 -1 3 11 5 -4 -6 8 -2 -5 -10 -3 13 -9
right_child=7 2 4 9 6 -7 -8 12 10 -11 -12 -13 -14 -15
leaf_value=5.0842987258209333e-05 -0.0001866550271280178 0.00026588315441297851 9.1152391010669627e-05 -0.00030720360811836169 5.1616585516045606e-06 -0.0001929059538676908 -8.9833340853150425e-05 -2.2040485980955615e-05 0.00075602102288618107 -6.9338562230652123e-05 0 -0.00013813022095650042 2.1936978940670647e-05 -0.0002161891669626749
leaf_weight=116210 16249 5091 65761 4541 807299 5740 38972 100696 582 53984 891 1639 64650 14566
leaf_count=116210 16249 5091 65761 4541 807299 5740 38972 100696 582 53984 891 1639 64650 14566
internal_value=6.13504e-07 6.72224e-06 1.47578e-06 -6.19344e-05 6.01722e-06 6.79219e-05 7.51249e-07 -3.3211e-05 -0.00014572 -8.83221e-05 0.000284978 0.000163018 -2.19594e-05 -4.68409e-05
internal_weight=1.29687e+06 1.09924e+06 983027 65255 917772 71501 846271 197634 17722 58525 1473 6730 179912 115262
internal_count=1296871 1099237 983027 65255 917772 71501 846271 197634 17722 58525 1473 6730 179912 115262
is_linear=0
shrinkage=0.01


Tree=415
num_leaves=15
num_cat=0
split_feature=22 17 28 19 18 28 22 24 17 3 11 7 24 11
split_gain=3.26526 3.37641 3.1804 4.76921 3.60721 4.86708 3.97857 3.71817 3.34289 2.96476 3.17238 3.47924 2.92495 2.86395
threshold=-0.45401691331923882 -0.45959183673469384 0.060487804878048841 0.21583850931677021 0.042109929078014148 0.30217391304347835 0.042109929078014148 0.36038961038961043 -0.32111111111111107 0.47894503546099293 1.0000000180025095e-35 0.12771739130434787 0.46969387755102043 -0.45789007092198575
decision_type=2 2 8 2 2 10 2 10 2 10 2 2 8 2
left_child=1 -1 3 13 5 6 -4 -7 -6 10 -3 -12 -5 -2
right_child=2 9 4 12 8 7 -8 -9 -10 -11 11 -13 -14 -15
leaf_value=-0.00055655892766887192 -0.00017682229669418244 -0.0002307676294025859 -2.2635144215400844e-05 0.00010246560338817784 -0.00023526245650911542 9.6053697501128774e-06 -0.00010559728832837489 -0.00042704627031739042 3.9775188566297672e-05 0.00022894516473812344 4.0414023229693061e-05 -0.00024484059885955479 -0.00014844477312902151 8.6720013141630145e-06
leaf_weight=1515 8428 11927 126705 77362 4551 206161 108112 1964 126142 2961 17405 5628 4846 593516
leaf_count=1515 8428 11927 126705 77362 4551 206161 108112 1964 126142 2961 17405 5628 4846 593516
internal_value=-1.53343e-06 -9.11405e-05 1.25242e-06 1.58351e-05 -1.60874e-05 -2.97428e-05 -6.09603e-05 5.33461e-06 2.99631e-05 -7.17128e-05 -9.8053e-05 -2.8007e-05 8.73051e-05 6.02413e-06
internal_weight=1.29722e+06 39436 1.25779e+06 684152 573635 442942 234817 208125 130693 37921 34960 23033 82208 601944
internal_count=1297223 39436 1257787 684152 573635 442942 234817 208125 130693 37921 34960 23033 82208 601944
is_linear=0
shrinkage=0.01


Tree=416
num_leaves=15
num_cat=0
split_feature=28 23 25 28 15 25 28 11 28 25 15 11 27 22
split_gain=3.40244 4.19449 3.59158 4.40851 3.14479 10.9161 4.59776 3.7061 3.28625 2.99423 2.78457 3.57631 3.7788 2.98517
threshold=0.17416582406471184 0.20833333333333334 1.0000000180025095e-35 0.47849213691026832 -0.21869565217391301 0.37500000000000006 0.23956521739130435 -0.45959183673469384 0.41751700680272114 0.77500000000000024 0.45959183673469389 0.4793792517006803 0.31725417439703163 0.13438086303939964
decision_type=10 10 2 8 2 2 10 2 10 2 2 2 2 2
left_child=1 10 3 -2 5 -4 -7 8 -6 -9 13 12 -12 -1
right_child=2 -3 4 -5 7 6 -8 9 -10 -11 11 -13 -14 -15
leaf_value=2.2412203955301163e-05 9.39357924952013e-05 0.00056256594172590321 0.00021021774013235586 0.00080890095530500913 -6.4694630761467079e-05 -5.3589532375414862e-05 -0.00035482820750211094 -4.0739273022924016e-05 -0.0005090987113776144 1.4226867228006403e-05 0.00017150237730535186 0.00094908368253979734 -0.00045057296988425157 -1.8052771141464817e-05
leaf_weight=575388 7386 1385 7173 1001 4473 8614 13272 202861 2837 192708 11759 552 1040 266110
leaf_count=575388 7386 1385 7173 1001 4473 8614 13272 202861 2837 192708 11759 552 1040 266110
internal_value=1.18074e-06 1.28195e-05 -2.13833e-05 0.000183102 -2.54245e-05 -0.000126062 -0.000237659 -1.80903e-05 -0.000241408 -1.38859e-05 1.18918e-05 0.00015531 0.000118518 9.58015e-06
internal_weight=1.29656e+06 856234 440325 8387 431938 29059 21886 402879 7310 395569 854849 13351 12799 841498
internal_count=1296559 856234 440325 8387 431938 29059 21886 402879 7310 395569 854849 13351 12799 841498
is_linear=0
shrinkage=0.01


Tree=417
num_leaves=15
num_cat=0
split_feature=22 16 11 19 28 22 28 22 21 23 24 26 28 24
split_gain=3.24914 4.57655 3.54929 4.65911 5.72967 3.21405 3.12737 3.47487 3.02214 2.68125 2.82384 6.04684 2.51975 4.32907
threshold=-0.45401691331923882 -0.42590909090909085 0.012049941927990694 -0.43938775510204076 -0.27207792207792203 0.49500000000000005 -0.15978723404255316 -0.46076923076923076 -0.23956521739130432 0.059027777777777797 0.26163419913419916 0.52041666666666686 0.49000000000000005 0.37298387096774199
decision_type=2 2 2 2 8 2 8 2 2 10 10 2 10 10
left_child=1 -1 3 -3 -5 9 8 -8 -4 10 -2 -12 13 -11
right_child=5 2 6 4 -6 -7 7 -9 -10 12 11 -13 -14 -15
leaf_value=-0.00055374575732941979 -7.7672912916002736e-06 0.00024432288741228102 0.00022579065719112405 7.7357010148182084e-05 -0.00029534589447142301 -0.00015593228833408091 0.00043413909653073138 -1.2382117605382456e-06 -0.00022292309279837012 0.00029079520122721463 -1.2493973506660462e-05 6.9713661799585065e-05 -6.4804222966704085e-05 -0.00012887617280028265
leaf_weight=2033 867249 2706 2090 5540 14923 12717 3485 3578 4990 10568 192273 166557 4999 3089
leaf_count=2033 867249 2706 2090 5540 14923 12717 3485 3578 4990 10568 192273 166557 4999 3089
internal_value=-6.12902e-07 -9.01121e-05 -6.40039e-05 -0.000140587 -0.000192981 2.16383e-06 5.93361e-05 0.000209432 -8.61888e-05 3.80351e-06 1.96807e-06 2.55807e-05 0.000122802 0.000193668
internal_weight=1.2968e+06 39345 37312 23169 20463 1.25745e+06 14143 7063 7080 1.24474e+06 1.22608e+06 358830 18656 13657
internal_count=1296797 39345 37312 23169 20463 1257452 14143 7063 7080 1244735 1226079 358830 18656 13657
is_linear=0
shrinkage=0.01


Tree=418
num_leaves=15
num_cat=0
split_feature=28 15 14 28 11 11 18 27 7 27 23 1 18 28
split_gain=2.8314 6.03907 5.97785 5.1931 3.70615 3.63935 3.38121 3.88213 3.36368 3.8546 3.32731 3.4125 3.3034 3.19263
threshold=0.17006802721088435 -0.21869565217391301 -0.13914893617021273 0.21583850931677021 -0.37367021276595741 -0.46404255319148929 -0.1633333333333333 -0.16833333333333331 -0.23956521739130432 -0.44058823529411756 0.20833333333333334 0.010310374149659853 -0.35857142857142849 0.30217391304347835
decision_type=8 2 2 10 2 2 2 2 2 2 8 10 2 8
left_child=6 2 3 12 -5 -3 -1 8 -8 -10 11 -9 -2 -7
right_child=1 5 -4 4 -6 13 7 10 9 -11 -12 -13 -14 -15
leaf_value=5.8647361124124551e-05 -0.00062350553871656311 -0.00027205129563105787 -4.3568488504569187e-05 -5.9658458506828388e-05 -0.00059795260733179457 -4.8162533573597819e-05 -3.7311109157248686e-05 2.7790227228641492e-05 0.00019373025088720237 3.8017896417001879e-05 0.00047446286430006781 -3.2397083265937793e-05 8.7610874592362328e-05 9.6689698486620494e-06
leaf_weight=107337 797 5440 17938 1771 6230 150319 51943 123504 17844 157592 1369 391804 3409 260015
leaf_count=107337 797 5440 17938 1771 6230 150319 51943 123504 17844 157592 1369 391804 3409 260015
internal_value=-4.49015e-06 -2.49168e-05 -0.000161683 -0.000332739 -0.000482618 -1.49276e-05 6.17319e-06 -1.35659e-06 3.30315e-05 5.40298e-05 -1.65483e-05 -1.79137e-05 -4.03602e-05 -1.14437e-05
internal_weight=1.29731e+06 445919 30145 12207 8001 415774 851393 744056 227379 175436 516677 515308 4206 410334
internal_count=1297312 445919 30145 12207 8001 415774 851393 744056 227379 175436 516677 515308 4206 410334
is_linear=0
shrinkage=0.01


Tree=419
num_leaves=15
num_cat=0
split_feature=27 26 28 8 19 25 17 1 28 15 25 26 27 26
split_gain=2.66299 6.07984 7.12622 4.84358 4.60137 5.13981 4.17188 3.48437 3.94811 3.63286 3.08223 4.43038 4.32417 3.02192
threshold=-0.14365079365079361 0.11952380952380953 0.47402159244264513 0.13450834879406312 -0.21269841269841269 0.77500000000000024 -0.38467117988394578 0.011766334440753036 -0.29361054766734279 0.04083333333333334 0.57500000000000018 1.0000000180025095e-35 -0.39897959183673465 1.0000000180025095e-35
decision_type=2 2 8 2 2 2 2 10 8 2 2 2 2 2
left_child=1 3 4 10 5 -3 -6 8 -2 13 11 -1 -12 -9
right_child=7 2 -4 -5 6 -7 -8 9 -10 -11 12 -13 -14 -15
leaf_value=0.00022015301920344339 9.4453222696480856e-05 2.6810544416399957e-05 -0.00020093449569439994 -5.1711465538985461e-05 -0.00017905938640612042 -0.00017308963361232656 3.3878420027028454e-05 -0.00015021260098921281 -2.7340327395185668e-07 2.2677550134190383e-05 0.00044516138735363692 1.7733271249932462e-05 0.00013798799902481199 -3.1611319317107599e-05
leaf_weight=15890 55057 24474 16771 18789 9487 26597 268246 22767 215928 127374 6403 35020 17986 437585
leaf_count=15890 55057 24474 16771 18789 9487 26597 268246 22767 215928 127374 6403 35020 17986 437585
internal_value=-4.70268e-07 1.95201e-05 2.94027e-08 9.07863e-05 1.03728e-05 -7.67111e-05 2.64949e-05 -1.07404e-05 1.88627e-05 -2.44406e-05 0.000126742 8.15109e-05 0.000219907 -3.75429e-05
internal_weight=1.29837e+06 439663 345575 94088 328804 51071 277733 858711 270985 587726 75299 50910 24389 460352
internal_count=1298374 439663 345575 94088 328804 51071 277733 858711 270985 587726 75299 50910 24389 460352
is_linear=0
shrinkage=0.01


Tree=420
num_leaves=15
num_cat=0
split_feature=17 3 10 16 27 2 1 14 25 25 15 23 27 3
split_gain=2.94113 3.83948 3.26895 3.2642 2.49722 6.10343 4.13087 2.88217 2.85336 2.66107 3.55582 3.15483 2.58176 2.42576
threshold=-0.41010101010101002 0.47979591836734697 -0.2422222222222222 -0.47752525252525252 -0.32426470588235284 0.011766334440753036 0.011495771670190282 0.37766439909297056 0.82500000000000018 0.82500000000000018 -0.20106382978723403 0.010990338164251214 0.49000000000000005 -0.46863636363636357
decision_type=2 10 2 2 2 10 10 2 2 2 2 8 2 8
left_child=1 2 3 -1 5 9 7 12 -7 11 -11 -2 -6 -4
right_child=4 -3 13 -5 6 8 -8 -9 -10 10 -12 -13 -14 -15
leaf_value=0.00020675824393447565 3.8219295518761047e-05 -0.0003523119336566385 -0.0005333744025527267 -0.00028716703614799932 3.6796239953745795e-05 0.00011853004347518587 -1.8448596834987594e-05 -7.6254894735886162e-05 -3.8927824144754762e-06 -0.00032551135741198451 -4.1474410614834848e-05 -0.0001307088693229617 -0.00023628892755192898 2.5252664787199595e-05
leaf_weight=1525 59073 4794 797 8173 291302 75607 738582 25905 24819 6047 17465 13577 3473 25672
leaf_count=1525 59073 4794 797 8173 291302 75607 738582 25905 24819 6047 17465 13577 3473 25672
internal_value=-2.05872e-06 -8.54489e-05 -4.922e-05 -0.000206365 6.37453e-07 3.33913e-05 -5.41307e-06 2.45163e-05 8.79769e-05 -2.33037e-05 -0.000115833 6.23259e-06 3.34746e-05 7.2402e-06
internal_weight=1.29681e+06 40961 36167 9698 1.25585e+06 196588 1.05926e+06 320680 100426 96162 23512 72650 294775 26469
internal_count=1296811 40961 36167 9698 1255850 196588 1059262 320680 100426 96162 23512 72650 294775 26469
is_linear=0
shrinkage=0.01


Tree=421
num_leaves=15
num_cat=0
split_feature=17 3 28 28 25 26 28 2 2 4 15 25 14 25
split_gain=2.92928 2.93461 3.13719 2.65866 5.05141 4.69449 6.09792 4.20087 2.63704 2.73162 2.6145 2.5974 2.27353 2.18965
threshold=-0.41010101010101002 0.47979591836734697 0.13733075435203099 -0.31165540540540532 0.57500000000000018 0.039230769230769243 -0.39897959183673465 0.028594771241830078 -0.015681818181818182 0.37095282146160968 0.011495771670190282 0.92500000000000016 -0.24234042553191487 0.77500000000000024
decision_type=2 10 10 8 2 2 10 8 10 2 2 2 2 2
left_child=1 8 12 4 5 6 -2 -6 9 -1 -7 -9 -3 -4
right_child=3 2 13 -5 7 10 -8 11 -10 -11 -12 -13 -14 -15
leaf_value=-0.00010667971217275145 0.00013008948764977286 0.00052657329546859546 -0.00016046211349649529 -4.3957426688087652e-06 -4.9870842037210014e-05 0.00016350303167249162 -0.00028433146284953254 1.3708840470510581e-05 2.4013381063503437e-05 -0.0005997788756155959 4.9424479876101475e-05 0.00018871376214183529 -0.00023244191874237244 -0.00074703807844676048
leaf_weight=14976 6855 580 1236 1038236 81822 48553 7238 23779 19886 1254 35850 13551 1213 1760
leaf_count=14976 6855 580 1236 1038236 81822 48553 7238 23779 19886 1254 35850 13551 1213 1760
internal_value=-4.48844e-07 -8.37434e-05 -0.000317508 2.24042e-06 3.40341e-05 8.70504e-05 -8.06392e-05 -9.54078e-06 -5.18917e-05 -0.000146731 0.000115407 7.80502e-05 0 -0.000515452
internal_weight=1.29679e+06 40905 4789 1.25588e+06 217648 98496 14093 119152 36116 16230 84403 37330 1793 2996
internal_count=1296789 40905 4789 1255884 217648 98496 14093 119152 36116 16230 84403 37330 1793 2996
is_linear=0
shrinkage=0.01


Tree=422
num_leaves=15
num_cat=0
split_feature=28 26 24 24 3 23 24 26 7 23 24 26 14 27
split_gain=3.48925 4.6486 3.64147 3.62289 3.74379 4.73081 3.8897 3.62624 4.9594 3.49167 3.31246 5.56695 4.13662 6.87256
threshold=0.17006802721088435 0.02409988385598142 -0.40450861195542043 -0.23499399759903958 0.39678030303030309 0.010310374149659853 0.34807692307692312 0.62111111111111128 0.49000000000000005 0.010310374149659853 -0.063164893617021253 0.15954545454545457 0.011237373737373714 -0.18133462282398449
decision_type=10 2 10 8 8 10 10 2 2 10 10 2 2 2
left_child=10 2 -2 7 6 -6 -5 -3 -9 -4 -1 12 -12 -14
right_child=1 3 9 4 5 -7 -8 8 -10 -11 11 -13 13 -15
leaf_value=-1.0247150883225085e-05 0.00050116722498518105 -3.243024832208885e-05 -7.9817727220285047e-05 -5.337092134880554e-06 -0.00022258617669836342 5.7996286494960607e-05 -0.00037217775590389185 -0.00019926022054271434 0.00056718891443195457 0.00012668887047783843 3.5483016214841866e-05 4.9404137832348653e-05 0.00010227541447136639 -0.0001380491446862295
leaf_weight=375695 1980 38979 12045 306102 18440 8692 2919 30753 846 24766 54016 355003 15361 51130
leaf_count=375695 1980 38979 12045 306102 18440 8692 2919 30753 846 24766 54016 355003 15361 51130
internal_value=0 -2.26543e-05 8.17169e-05 -3.26828e-05 -1.88963e-05 -0.000131597 -8.90291e-06 -9.79173e-05 -0.000177739 5.83015e-05 1.18868e-05 2.94377e-05 -2.91324e-05 -8.20752e-05
internal_weight=1.29673e+06 445522 38791 406731 336153 27132 309021 70578 31599 36811 851205 475510 120507 66491
internal_count=1296727 445522 38791 406731 336153 27132 309021 70578 31599 36811 851205 475510 120507 66491
is_linear=0
shrinkage=0.01


Tree=423
num_leaves=15
num_cat=0
split_feature=28 25 25 24 19 24 7 14 11 10 27 7 27 23
split_gain=2.91581 4.30128 5.0898 4.85995 6.68008 4.49516 3.98401 3.7843 3.51725 3.24796 3.13897 2.81733 2.65358 4.15744
threshold=-0.31165540540540532 0.57500000000000018 0.37500000000000006 0.022774327122153219 0.17006802721088435 0.33666666666666673 0.4587585034013606 0.014495798319327681 -0.29795918367346935 0.015877016129032254 0.43513323983169711 -0.27888888888888885 -0.010874704491725782 0.091666666666666688
decision_type=8 2 2 8 2 8 2 2 2 2 2 2 2 8
left_child=1 2 7 4 11 -5 -4 10 -9 -7 -1 -3 -2 -14
right_child=12 3 6 5 -6 9 -8 8 -10 -11 -12 -13 13 -15
leaf_value=0.00011180584791818302 8.6066262690738793e-06 -0.00027452748950812652 0.00021419904084477918 0.00035527412848968475 0.00018293707454665153 0.00012525651737007115 -0.00045121124519630914 -0.00051284322648074347 -3.0640101053157268e-05 -4.4057496853372472e-05 -0.00020616273720652331 -7.1699826073347211e-05 -2.6785612356466666e-05 0.0001661801046027503
leaf_weight=43055 509518 8004 28044 4928 9718 21466 899 1631 23740 23651 3282 55120 552798 11354
leaf_count=43055 509518 8004 28044 4928 9718 21466 899 1631 23740 23651 3282 55120 552798 11354
internal_value=-1.02971e-06 3.18009e-05 8.02955e-05 -7.6757e-06 -6.00195e-05 6.79119e-05 0.00019245 3.4603e-05 -6.28783e-05 3.58377e-05 8.86252e-05 -9.7905e-05 -7.89304e-06 -2.2848e-05
internal_weight=1.29721e+06 223538 100651 122887 72842 50045 28943 71708 25371 45117 46337 63124 1.07367e+06 564152
internal_count=1297208 223538 100651 122887 72842 50045 28943 71708 25371 45117 46337 63124 1073670 564152
is_linear=0
shrinkage=0.01


Tree=424
num_leaves=15
num_cat=0
split_feature=0 22 10 28 19 4 24 24 11 28 17 18 6 2
split_gain=3.38163 3.12614 3.24314 2.79542 4.11179 2.76888 3.34625 2.63502 2.49807 2.13752 2.52336 2.18423 2.01915 1.53591
threshold=0.36811594202898557 0.32755102040816336 0.016397849462365614 0.13525498891352553 0.2217021276595745 0.19678442028985507 -0.40108695652173909 0.46969387755102043 -0.25777777777777772 0.47402159244264513 0.13733075435203099 0.011766334440753036 -0.37888888888888883 -0.17006802721088435
decision_type=8 2 2 8 2 2 8 8 2 10 2 2 8 10
left_child=1 3 9 4 8 12 -7 -6 -1 10 -3 -11 -5 -2
right_child=13 2 -4 5 7 6 -8 -9 -10 11 -12 -13 -14 -15
leaf_value=-5.3292043083338902e-05 -0.00014041836388681861 -0.00013221335312571471 1.6951214949239151e-05 -0.00011164327155629728 0.00010216634550147976 0.00019445081295020478 -8.873457703025807e-05 -0.00016025621509780361 1.8553426012124411e-05 -0.0001322440462784485 4.9642488133351722e-05 0.00029243976958009884 4.9791703587231416e-06 -3.7918335981863091e-05
leaf_weight=53065 17872 54068 46834 15550 75524 4401 63960 3942 532181 2013 8620 2808 325898 90748
leaf_count=53065 17872 54068 46834 15550 75524 4401 63960 3942 532181 2013 8620 2808 325898 90748
internal_value=-1.63836e-06 3.21764e-06 -4.64507e-05 8.53103e-06 2.12119e-05 -1.19641e-05 -7.00569e-05 8.87655e-05 1.19876e-05 -9.08786e-05 -0.000106727 0.000108923 -2.45046e-07 -5.5063e-05
internal_weight=1.29748e+06 1.18886e+06 114343 1.07452e+06 664712 409809 68361 79466 585246 67509 62688 4821 341448 108620
internal_count=1297484 1188864 114343 1074521 664712 409809 68361 79466 585246 67509 62688 4821 341448 108620
is_linear=0
shrinkage=0.01


Tree=425
num_leaves=15
num_cat=0
split_feature=4 28 3 24 21 26 21 7 18 26 24 14 28 24
split_gain=3.11227 3.82338 3.43823 3.42445 4.18821 4.76131 4.36705 4.12065 4.07977 3.81712 5.62036 4.82102 3.80949 3.64904
threshold=0.2525510204081633 -0.41945945945945939 -0.3010416666666666 0.26163419913419916 0.25532879818594106 0.12372448979591838 0.081666666666666679 -0.11047027506654834 -0.35857142857142849 0.52041666666666686 0.48500000000000004 -0.21869565217391301 -0.24734042553191488 -0.45773809523809517
decision_type=2 8 10 10 2 2 2 2 2 2 8 2 10 8
left_child=3 -2 -3 4 6 13 -1 -7 -8 11 12 -5 -11 -6
right_child=1 2 -4 9 5 7 8 -9 -10 10 -12 -13 -14 -15
leaf_value=-5.0634879283128924e-06 0.00012233335519353002 -0.00020546942817871328 -3.6760239222754277e-05 -0.000147864681830758 0.00045706641077703983 -0.0002144935356884382 -0.00022706806272224615 -4.0076055173393266e-05 9.778536697856719e-05 0.00015822515286358733 -0.0002196605409791915 2.1991137302637799e-05 4.6410318093248781e-05 1.004577904766992e-05
leaf_weight=656843 13931 13119 170266 18952 2079 26029 4056 29312 65309 48484 6193 140828 85108 16183
leaf_count=656843 13931 13119 170266 18952 2079 26029 4056 29312 65309 48484 6193 140828 85108 16183
internal_value=-1.54954e-07 -3.67461e-05 -4.89961e-05 6.38522e-06 -4.38271e-06 -7.62752e-05 2.86274e-06 -0.000122661 7.83486e-05 3.52345e-05 7.34031e-05 1.65386e-06 8.7218e-05 6.26451e-05
internal_weight=1.29669e+06 197316 183385 1.09938e+06 799811 73603 726208 55341 69365 299565 139785 159780 133592 18262
internal_count=1296692 197316 183385 1099376 799811 73603 726208 55341 69365 299565 139785 159780 133592 18262
is_linear=0
shrinkage=0.01


Tree=426
num_leaves=15
num_cat=0
split_feature=17 24 22 10 28 22 24 23 16 3 18 3 23 26
split_gain=3.14758 2.63589 2.56396 4.54017 3.08709 3.01774 2.96536 2.95905 2.52266 2.46018 3.14844 2.41442 2.29061 2.20961
threshold=-0.41010101010101002 0.46628787878787886 0.32025641025641027 0.023268398268398275 0.47402159244264513 0.056186868686868681 -0.086161187698833505 0.077380952380952397 0.3585714285714286 0.39009661835748793 0.18042553191489366 -0.39472517730496448 0.010527482269503509 0.65978723404255335
decision_type=2 10 2 2 8 2 8 8 2 10 2 8 8 2
left_child=1 9 4 -4 7 6 -6 11 -7 10 -1 -2 -5 -11
right_child=2 -3 3 12 5 8 -8 -9 -10 13 -12 -13 -14 -15
leaf_value=3.1083218484896321e-06 -4.9986848058131788e-05 -0.00042786876693450416 -7.849984213482167e-05 6.9940362290805371e-06 0.00012552159398820017 -0.00011747163554539279 -7.6455145461617576e-05 0.00016640673876269421 -0.00051034335523770179 -6.5551239182486476e-05 -0.0006197900269294997 1.4776211758379832e-05 0.00018659712471441795 -0.00036301578971513959
leaf_weight=27146 60899 2151 87994 31363 11790 21807 18940 12430 1832 6243 831 1000323 9328 4536
leaf_count=27146 60899 2151 87994 31363 11790 21807 18940 12430 1832 6243 831 1000323 9328 4536
internal_value=1.43384e-06 -8.48523e-05 4.2666e-06 -3.79774e-05 9.1125e-06 -6.43079e-05 6.46321e-08 1.28586e-05 -0.000149249 -6.50089e-05 -1.43859e-05 1.10313e-05 4.89142e-05 -0.000193578
internal_weight=1.29761e+06 40907 1.25671e+06 128685 1.12802e+06 54369 30730 1.07365e+06 23639 38756 27977 1.06122e+06 40691 10779
internal_count=1297613 40907 1256706 128685 1128021 54369 30730 1073652 23639 38756 27977 1061222 40691 10779
is_linear=0
shrinkage=0.01


Tree=427
num_leaves=15
num_cat=0
split_feature=28 7 18 26 24 22 28 18 3 20 17 3 24 12
split_gain=3.54492 3.87801 4.62836 4.14243 4.85684 3.67425 2.85937 2.6796 3.19702 2.49472 2.47731 3.31499 2.43538 2.2816
threshold=-0.31165540540540532 0.04083333333333334 0.47801932367149763 0.021054964539007095 -0.37939393939393934 0.49500000000000005 -0.31909090909090904 -0.39897959183673465 1.0000000180025095e-35 -0.34021276595744671 -0.41010101010101002 0.47979591836734697 0.46628787878787886 0.10527482269503548
decision_type=8 2 2 2 10 2 10 2 10 2 2 8 10 2
left_child=1 6 3 4 -3 10 7 -1 -9 -4 11 12 -2 -5
right_child=5 2 9 13 -6 -7 -8 8 -10 -11 -12 -13 -14 -15
leaf_value=-0.00024163352479313649 -3.4415227293787411e-05 0.00059696525996972053 -0.0010008360269617297 0.00018063581463207326 -0.00021543112342011731 -0.00019243258055147368 0.00019649119653498089 7.3526944395141896e-05 -2.731420247924669e-05 -0.00012079859469504984 -1.9356320185993944e-06 -0.00034519740635678134 -0.00063066314788974662 4.9206815452048622e-05
leaf_weight=4492 29497 818 524 41392 6211 10545 7694 47290 93443 1086 1027398 4409 707 20450
leaf_count=4492 29497 818 524 41392 6211 10545 7694 47290 93443 1086 1027398 4409 707 20450
internal_value=8.81936e-07 3.71411e-05 9.85511e-05 0.000111294 -0.000116408 -6.64251e-06 8.63942e-06 -1.11023e-06 6.35876e-06 -0.000427148 -4.76896e-06 -8.79949e-05 -4.94263e-05 0.000137664
internal_weight=1.29596e+06 223400 70481 68871 7029 1.07256e+06 152919 145225 140733 1610 1.06201e+06 34613 30204 61842
internal_count=1295956 223400 70481 68871 7029 1072556 152919 145225 140733 1610 1062011 34613 30204 61842
is_linear=0
shrinkage=0.01


Tree=428
num_leaves=15
num_cat=0
split_feature=17 22 22 10 16 15 4 15 11 14 22 5 7 28
split_gain=2.4741 2.77912 2.88032 3.54626 3.14634 2.60596 2.53477 2.49196 4.76402 3.09779 2.39044 2.359 3.20909 2.0554
threshold=-0.41010101010101002 0.39663461538461547 -0.18133462282398449 -0.1633333333333333 -0.45959183673469384 -0.37877551020408157 0.34944495837187795 0.47849213691026832 0.4793792517006803 0.3585714285714286 0.48456521739130437 0.49000000000000005 0.49000000000000005 -0.15978723404255316
decision_type=2 2 2 2 2 2 2 2 2 2 2 10 2 10
left_child=1 2 5 4 -4 13 -7 10 9 -9 11 12 -2 -1
right_child=7 -3 3 -5 -6 6 -8 8 -10 -11 -12 -13 -14 -15
leaf_value=-0.00029354353182530542 4.7177771605332965e-07 -0.00060608370642392662 0.00013899885440777653 8.4521568145401059e-05 -0.00028208956638249062 -0.0001414701485878549 -0.00047232671509601649 0.00016721439392851527 0.00092043397822266716 -0.00012073931581713457 -0.00013765245521373494 -0.00012943513669499968 0.00017757562064792768 0.00033793682095039496
leaf_weight=724 1200750 984 2356 16769 6329 8760 3390 12656 712 5178 12648 13805 10320 1557
leaf_count=724 1200750 984 2356 16769 6329 8760 3390 12656 712 5178 12648 13805 10320 1557
internal_value=-1.65558e-06 -7.82304e-05 -6.44111e-05 0 -0.000164398 -0.000177257 -0.000236346 8.12252e-07 0.000115873 8.19205e-05 -8.88127e-07 4.99937e-07 2.00616e-06 0.000124245
internal_weight=1.29694e+06 40869 39885 25454 8685 14431 12150 1.25607e+06 18546 17834 1.23752e+06 1.22488e+06 1.21107e+06 2281
internal_count=1296938 40869 39885 25454 8685 14431 12150 1256069 18546 17834 1237523 1224875 1211070 2281
is_linear=0
shrinkage=0.01


Tree=429
num_leaves=15
num_cat=0
split_feature=22 16 3 23 28 28 11 28 18 26 19 21 24 24
split_gain=2.885 4.65771 4.47866 4.8041 3.93842 3.30426 2.95061 5.27152 3.70874 4.34459 4.05759 2.80958 2.95806 2.89856
threshold=-0.45698427382053647 -0.42590909090909085 0.47894503546099293 0.012049941927990694 -0.030012004801920757 -0.27207792207792203 -0.45789007092198575 0.41751700680272114 -0.29795918367346935 0.83752357008170975 -0.35857142857142849 -0.28945035460992902 -0.41578014184397155 -0.40450861195542043
decision_type=2 2 10 10 10 8 2 8 2 2 2 2 10 10
left_child=1 -1 3 5 -5 -3 7 8 10 -10 -2 12 -8 -14
right_child=6 2 -4 4 -6 -7 11 -9 9 -11 -12 -13 13 -15
leaf_value=-0.00055052105018444872 0.0010306798175890109 2.5494025160122267e-05 0.00033146255606774397 -7.3086255081269378e-05 0.00071572264089932701 -0.00020790691586674147 -0.00036037980131284564 -0.00042888599467336288 0 -0.00035730300528607161 8.9371012154036805e-05 -1.0256305865899955e-07 0.00063097275291536389 4.9087338351406923e-05
leaf_weight=2073 588 8636 2658 1140 1265 18797 1733 4197 12451 4628 2467 1099385 868 136183
leaf_count=2073 588 8636 2658 1140 1265 18797 1733 4197 12451 4628 2467 1099385 868 136183
internal_value=5.65204e-07 -8.95311e-05 -5.91522e-05 -9.49837e-05 0.000329734 -0.000133343 3.05613e-06 -0.000105935 -3.70716e-05 -9.57961e-05 0.00028119 5.22238e-06 4.76195e-05 5.30053e-05
internal_weight=1.29707e+06 34569 32496 29838 2405 27433 1.2625e+06 24331 20134 17079 3055 1.23817e+06 138784 137051
internal_count=1297069 34569 32496 29838 2405 27433 1262500 24331 20134 17079 3055 1238169 138784 137051
is_linear=0
shrinkage=0.01


Tree=430
num_leaves=15
num_cat=0
split_feature=22 17 3 26 18 17 4 27 21 15 28 27 28 4
split_gain=3.29151 4.32526 4.32163 3.44641 3.33783 5.97511 2.73727 2.52602 3.35088 3.76504 4.45985 3.01645 2.8981 4.23352
threshold=-0.45698427382053647 -0.45959183673469384 0.47894503546099293 0.69666329625884738 0.019615384615384649 0.012049941927990694 -0.43938775510204076 0.32630878438331862 0.16333333333333336 0.011766334440753036 -0.094916344916344889 0.47849213691026832 0.49000000000000005 0.43813775510204089
decision_type=2 2 10 2 2 2 2 2 2 2 10 2 8 2
left_child=1 -1 4 -4 5 -3 -6 12 9 11 -11 -9 -2 -14
right_child=7 2 3 -5 6 -7 -8 8 -10 10 -12 -13 13 -15
leaf_value=-0.00062089323032894132 1.4565504935190016e-05 -0.00012504909762761822 2.7712816554960538e-05 0.00078478923441274218 0.00035460860276598357 0.00028274499668041032 -0.00037925897723688581 -9.0411294053033536e-05 3.4490424138575197e-05 7.7595999399611182e-05 -5.7617836499858009e-05 -0.00032492774228826685 -6.5877763912541927e-05 -0.00084435129543959067
leaf_weight=1502 998800 19706 1790 976 514 4364 5649 44362 67585 34647 81767 6428 28620 722
leaf_count=1502 998800 19706 1790 976 514 4364 5649 44362 67585 34647 81767 6428 28620 722
internal_value=2.22862e-06 -9.40914e-05 -6.91499e-05 0.000306247 -0.000104514 -4.9842e-05 -0.000313046 4.88388e-06 -2.46698e-05 -4.87624e-05 -1.7117e-05 -0.0001207 1.16621e-05 -8.61399e-05
internal_weight=1.29743e+06 34501 32999 2766 30233 24070 6163 1.26293e+06 234789 167204 116414 50790 1.02814e+06 29342
internal_count=1297432 34501 32999 2766 30233 24070 6163 1262931 234789 167204 116414 50790 1028142 29342
is_linear=0
shrinkage=0.01


Tree=431
num_leaves=15
num_cat=0
split_feature=28 21 15 4 4 28 15 25 18 21 23 24 25 24
split_gain=3.19435 3.51013 3.32675 5.21642 4.75466 4.56016 3.3055 5.87511 6.74367 4.30772 3.19595 3.16489 2.88599 2.84149
threshold=0.17006802721088435 -0.43938775510204076 -0.37877551020408157 0.14678030303030307 0.39246068455134137 -0.15978723404255316 0.010310374149659853 0.37500000000000006 -0.33836734693877546 -0.33156028368794321 0.20833333333333334 -0.40767045454545447 0.82500000000000018 -0.26043478260869563
decision_type=10 2 2 2 2 10 2 2 2 2 10 10 2 10
left_child=1 -1 3 12 10 -5 7 9 13 -2 -4 -10 -3 -9
right_child=6 2 4 5 -6 -7 -8 8 11 -11 -12 -13 -14 -15
leaf_value=0.00014074369369952247 -0.0004316341429495055 6.3852631827208714e-05 1.0602404087917827e-05 9.4206103023131745e-05 -9.5679984921974263e-05 0.00040405268615960387 -7.5905610702617631e-06 -0.00077454098680213501 0.00013090489026403688 0.00010593519998640429 0.0004936851330304688 -0.00012276996349510025 -0.00017183788614555522 -0.00029942892587427961
leaf_weight=21244 1605 18085 738739 13310 43771 7705 376430 1695 5617 18262 1372 34732 7279 6974
leaf_count=21244 1605 18085 738739 13310 43771 7705 376430 1695 5617 18262 1372 34732 7279 6974
internal_value=2.34116e-06 1.37117e-05 1.04246e-05 9.27568e-05 5.51479e-06 0.000209278 -1.93334e-05 -8.30649e-05 -0.000142041 6.0938e-05 1.15405e-05 -8.67052e-05 -2.61588e-06 -0.00039602
internal_weight=1.29682e+06 851505 830261 46379 783882 21015 445315 68885 49018 19867 740111 40349 25364 8669
internal_count=1296820 851505 830261 46379 783882 21015 445315 68885 49018 19867 740111 40349 25364 8669
is_linear=0
shrinkage=0.01


Tree=432
num_leaves=15
num_cat=0
split_feature=1 3 26 18 28 15 19 27 26 26 28 22 11 25
split_gain=3.58505 3.09619 3.78383 3.3348 5.54534 3.82494 3.38511 3.36138 12.3997 4.37074 2.66877 2.49736 2.44088 2.48354
threshold=0.27178030303030309 -0.43683510638297868 0.63733075435203113 0.011237373737373714 0.10208333333333332 -0.24234042553191487 0.27178030303030309 -0.26138716356107655 0.23861283643892342 0.26253132832080206 0.41010101010101013 -0.43683510638297868 0.093790707772470686 0.70000000000000018
decision_type=10 8 2 2 8 2 2 2 2 2 10 2 2 2
left_child=1 2 11 4 6 -6 -3 8 -5 -9 -2 -1 13 -4
right_child=10 3 12 7 5 -7 -8 9 -10 -11 -12 -13 -14 -15
leaf_value=-0.00040762488948018844 -2.8583235708483761e-05 4.7366501986083716e-05 -7.8568169414804773e-05 0.00016898377641257227 -0.00020091257845018584 0 0.00015254665959053555 -5.502549595085508e-05 -2.1738775270040102e-05 4.4893329025442573e-06 -0.00015261430519650647 2.4538621478320383e-05 -8.7456466347988157e-06 -0.00040124309740069392
leaf_weight=1419 162264 180239 4055 49214 10218 132293 37371 183914 110254 372635 19628 22349 4885 6863
leaf_count=1419 162264 180239 4055 49214 10218 132293 37371 183914 110254 372635 19628 22349 4885 6863
internal_value=-9.48605e-07 5.73909e-06 -8.1055e-05 8.95872e-06 3.37885e-05 -1.45295e-05 6.55692e-05 -3.48762e-06 3.69348e-05 -1.51239e-05 -4.21347e-05 -4.86023e-08 -0.000200969 -0.000284202
internal_weight=1.2976e+06 1.11571e+06 39571 1.07614e+06 360121 142511 217610 716017 159468 556549 181892 23768 15803 10918
internal_count=1297601 1115709 39571 1076138 360121 142511 217610 716017 159468 556549 181892 23768 15803 10918
is_linear=0
shrinkage=0.01


Tree=433
num_leaves=15
num_cat=0
split_feature=28 18 23 24 22 28 24 11 11 22 21 23 27 24
split_gain=3.33632 5.22231 4.71367 3.75257 3.73336 3.30274 4.25883 3.19807 3.18185 3.62682 3.40956 3.04054 2.61943 4.19476
threshold=-0.23956521739130432 0.011495771670190282 0.025657894736842105 -0.44913793103448268 0.49500000000000005 -0.21937499999999996 -0.18118686868686867 -0.41578014184397155 0.18042553191489366 -0.47894503546099287 -0.28945035460992902 0.022233201581027654 0.27113095238095247 -0.40108695652173909
decision_type=10 2 8 10 2 10 10 2 2 2 2 10 2 10
left_child=1 8 3 -3 5 6 11 -5 9 -1 -10 -2 -7 -14
right_child=4 2 -4 7 -6 12 -8 -9 10 -11 -12 -13 13 -15
leaf_value=-0.00027708910974312377 -0.00040113488160123585 0.00033524072976747225 0.00013328684646027189 -0.00031258557623061849 -0.00020487524766254144 6.535584577722448e-06 -3.3547485941197169e-05 -2.3920820224321563e-05 0.00025155717545457537 0.00011183064111206925 -5.1385544244145854e-05 0.00011686448761270059 0.0001101860305239266 -4.4243177654712132e-05
leaf_weight=2410 6525 2828 21380 3957 9571 703244 19173 153655 4272 101993 27962 1268 19024 219502
leaf_count=2410 6525 2828 21380 3957 9571 703244 19173 153655 4272 101993 27962 1268 19024 219502
internal_value=8.5438e-07 2.89887e-05 -5.96363e-06 -2.47091e-05 -8.27326e-06 -6.29926e-06 -0.000115443 -3.13642e-05 7.57177e-05 0.000102558 -1.0286e-05 -0.00031299 -3.1419e-06 -3.17994e-05
internal_weight=1.29676e+06 318457 181820 160440 978307 968736 26966 157612 136637 104403 32234 7793 941770 238526
internal_count=1296764 318457 181820 160440 978307 968736 26966 157612 136637 104403 32234 7793 941770 238526
is_linear=0
shrinkage=0.01


Tree=434
num_leaves=15
num_cat=0
split_feature=7 4 21 18 14 17 22 10 14 22 14 27 7 26
split_gain=3.44458 3.90309 3.1464 3.20847 3.63998 2.79445 2.74158 3.41063 2.6418 4.47212 3.07099 2.59299 3.37918 3.01021
threshold=-0.40454545454545449 -0.26874999999999999 0.4139685476410731 -0.015681818181818182 0.021980676328502428 0.4139685476410731 0.32025641025641027 0.016397849462365614 -0.24234042553191487 -0.45060975609756093 -0.39897959183673465 -0.14365079365079361 -0.23956521739130432 0.28102564102564109
decision_type=2 2 2 2 2 2 2 2 2 2 2 2 2 2
left_child=8 2 -2 4 -4 -5 11 -8 9 10 -1 12 -3 -13
right_child=1 6 3 5 -6 -7 7 -9 -10 -11 -12 13 -14 -15
leaf_value=-0.00017952363059031359 6.2387744178137581e-05 -6.2361423291672419e-05 -0.00035139561357682916 -0.00035847111725050799 0.00036382291698044191 0.00034473716392413665 -9.6563242503783429e-05 1.5453329939501365e-05 -4.2092259552172333e-05 -0.00013401873657537048 -0.0011849327497208818 -3.7607125751293501e-05 3.8264251675404046e-05 6.3896915980635506e-06
leaf_weight=643 139348 37959 1042 4978 2094 592 66494 45278 50955 10007 756 244298 266012 425606
leaf_count=643 139348 37959 1042 4978 2094 592 66494 45278 50955 10007 756 244298 266012 425606
internal_value=-1.10378e-06 2.53807e-06 5.07176e-05 -0.000132587 0.000116511 -0.000278203 -4.00486e-06 -5.09186e-05 -7.3629e-05 -0.000211838 -0.000745604 1.34879e-06 2.55992e-05 -9.61021e-06
internal_weight=1.29606e+06 1.2337e+06 148054 8706 3136 5570 1.08565e+06 111772 62361 11406 1399 973875 303971 669904
internal_count=1296062 1233701 148054 8706 3136 5570 1085647 111772 62361 11406 1399 973875 303971 669904
is_linear=0
shrinkage=0.01


Tree=435
num_leaves=15
num_cat=0
split_feature=2 4 24 24 4 3 18 4 27 14 26 4 4 24
split_gain=2.79327 2.51742 3.16302 7.65671 4.14984 3.49131 3.13766 3.11852 2.76199 2.43263 2.42385 2.54227 2.27725 2.04623
threshold=-0.43683510638297868 -0.29893617021276592 -0.22821969696969696 -0.37627551020408156 0.39678030303030309 -0.33836734693877546 -0.39897959183673465 0.35791925465838514 -0.14365079365079361 -0.25777777777777772 0.3816526610644258 -0.036666666666666646 -0.45789007092198575 0.098913043478260868
decision_type=8 2 10 8 2 10 2 2 2 2 2 2 2 10
left_child=9 12 3 6 -5 7 -3 -4 -7 10 13 -12 -2 -1
right_child=1 2 5 4 -6 8 -8 -9 -10 -11 11 -13 -14 -15
leaf_value=0.00012929513178261436 -4.6642173051423213e-05 -0.00019281262922105178 -6.3154702948878724e-05 -8.1470105549827224e-05 -0.00032096645662266487 3.7803144133058763e-05 2.3632104024264361e-05 -0.00044166701915301167 -1.7012364823647378e-06 -4.1810308813963003e-05 -0.00016625382886956586 -0.0006502719309117521 6.1542601660077257e-05 -0.00037697137621761748
leaf_weight=2426 23224 7025 36026 95386 7949 253958 135335 2355 579593 34895 2762 2066 112011 1170
leaf_count=2426 23224 7025 36026 95386 7949 253958 135335 2355 579593 34895 2762 2066 112011 1170
internal_value=-7.28951e-07 1.97745e-06 -2.92834e-06 -3.46378e-05 -0.000100192 5.97251e-06 1.27367e-05 -8.71939e-05 1.02987e-05 -7.969e-05 -0.00023297 -0.00037986 4.27415e-05 -2.72658e-05
internal_weight=1.29618e+06 1.25286e+06 1.11763e+06 245695 103335 871932 142360 38381 833551 43319 8424 4828 135235 3596
internal_count=1296181 1252862 1117627 245695 103335 871932 142360 38381 833551 43319 8424 4828 135235 3596
is_linear=0
shrinkage=0.01


Tree=436
num_leaves=15
num_cat=0
split_feature=15 25 23 2 22 23 22 24 8 22 22 2 24 28
split_gain=3.22495 4.39928 4.33994 4.19337 3.76248 3.35685 3.12719 2.89471 2.71044 2.57666 2.66799 3.50663 2.69611 2.59387
threshold=-0.43938775510204076 0.82500000000000018 0.010527482269503509 0.21509740259740265 -0.4759001161440185 0.010102040816326542 -0.25903225806451607 0.12750000000000003 -0.43683510638297868 -0.46076923076923076 -0.45698427382053647 -0.27888888888888885 0.26163419913419916 -0.059411764705882351
decision_type=2 2 8 10 2 10 2 10 2 2 2 8 10 10
left_child=1 2 6 -4 -2 7 -1 8 -3 13 11 -11 -12 -6
right_child=4 5 3 -5 9 -7 -8 -9 -10 10 12 -13 -14 -15
leaf_value=0.00044303927300348212 -0.00014315636158633151 0.00015940131618657306 9.5151496964104428e-05 -0.00078169241782049083 0 0.00033372244733463413 0.00014824051250858928 0.00013639369724118201 -0.00046744418319531994 -0.00051680839635932438 -7.4716176222042183e-06 -6.0244595399179105e-05 2.5015745678603425e-05 0.00062288193695838549
leaf_weight=5247 18288 776 1373 852 1485 1385 13256 1640 3500 2180 876798 8282 360247 1334
leaf_count=5247 18288 776 1373 852 1485 1385 13256 1640 3500 2180 876798 8282 360247 1334
internal_value=1.56448e-06 0.000107665 0.000182531 -0.000227746 -7.56333e-07 -0.000100764 0.000233518 -0.000207668 -0.000346643 1.30284e-06 5.95972e-07 -0.000158368 1.965e-06 0.000303152
internal_weight=1.29664e+06 28029 20728 2225 1.26861e+06 7301 18503 5916 4276 1.25033e+06 1.24751e+06 10462 1.23704e+06 2819
internal_count=1296643 28029 20728 2225 1268614 7301 18503 5916 4276 1250326 1247507 10462 1237045 2819
is_linear=0
shrinkage=0.01


Tree=437
num_leaves=15
num_cat=0
split_feature=11 4 15 14 15 21 22 24 24 26 21 25 27 21
split_gain=3.52377 2.53101 3.57482 6.63375 3.4773 3.77483 3.63928 3.4659 4.70082 4.59088 4.04673 7.77527 3.40011 2.9244
threshold=-0.45959183673469384 0.26341350601295105 -0.43938775510204076 0.29795918367346946 0.010310374149659853 0.13450834879406312 -0.14365079365079361 0.26163419913419916 0.27951388888888895 0.29893617021276603 0.2525510204081633 0.82500000000000018 -0.14946808510638296 0.37095282146160968
decision_type=2 2 2 2 2 2 2 10 10 2 2 2 2 2
left_child=-1 7 3 -3 5 -4 -6 10 13 -10 12 -12 -2 -9
right_child=1 2 4 -5 6 -7 -8 8 9 -11 11 -13 -14 -15
leaf_value=-0.00012895149854329137 3.2423310382562525e-05 0.00023850247560848941 -0.00022441190644678923 -0.00042392686128203585 7.5844046852699049e-05 -5.2812379491973689e-05 -5.010934750431742e-05 0.00014032309560962051 -3.6972298868609885e-05 5.1290140953210989e-05 -1.8570266435278225e-05 -0.00026572426033074481 -1.2910597224803464e-05 -0.00029663704473087578
leaf_weight=21162 256073 9846 18672 1757 33292 43149 73344 47140 93708 157760 56532 16547 466710 1538
leaf_count=21162 256073 9846 18672 1757 33292 43149 73344 47140 93708 157760 56532 16547 466710 1538
internal_value=-9.64794e-07 1.13449e-06 -3.35832e-05 0.000135525 -4.54113e-05 -0.000105135 -1.05041e-05 6.86562e-06 3.58326e-05 1.82803e-05 -4.02118e-06 -7.49515e-05 3.1092e-06 0.000125883
internal_weight=1.29723e+06 1.27607e+06 180060 11603 168457 61821 106636 1.09601e+06 300146 251468 795862 73079 722783 48678
internal_count=1297230 1276068 180060 11603 168457 61821 106636 1096008 300146 251468 795862 73079 722783 48678
is_linear=0
shrinkage=0.01


Tree=438
num_leaves=15
num_cat=0
split_feature=24 26 24 22 18 24 3 23 25 14 24 25 17 23
split_gain=2.83421 5.51855 4.85923 4.18088 4.03946 3.96633 3.76116 6.06338 3.9378 3.19254 4.26282 5.24259 3.89947 3.56912
threshold=-0.2214052287581699 0.021980676328502421 -0.37321428571428567 0.26020833333333337 -0.41918367346938773 -0.46906887755102039 0.081666666666666679 0.010527482269503509 0.92500000000000016 0.37766439909297056 0.46702898550724642 0.27500000000000008 -0.47979591836734686 0.010990338164251214
decision_type=10 2 8 2 2 8 8 8 2 2 10 2 2 10
left_child=1 5 3 4 -3 -1 8 -8 -4 12 13 -12 -2 -11
right_child=9 2 6 -5 -6 -7 7 -9 -10 10 11 -13 -14 -15
leaf_value=0.00055714143242184696 -0.00027645208033732626 -0.00023821105812440798 -1.8712979465868146e-05 -0.00011404945701912379 2.6955018824713851e-05 7.8167882131241519e-05 -9.7731378602230001e-05 -0.00045063458434463572 -0.00017874287609289784 -5.1977696416016625e-05 -0.0011894085096082272 -0.00020813215633849725 1.4160649146286502e-05 0.0003580476599049806
leaf_weight=1904 4628 5979 60211 30053 136889 22722 16600 7086 20902 47591 623 5685 933966 2206
leaf_count=1904 4628 5979 60211 30053 136889 22722 16600 7086 20902 47591 623 5685 933966 2206
internal_value=1.15153e-07 -2.66734e-05 -3.94764e-05 -6.72505e-06 1.56431e-05 0.000116482 -9.3229e-05 -0.000204617 -6.0326e-05 8.28794e-06 -6.48985e-05 -0.000310319 1.26949e-05 -3.31907e-05
internal_weight=1.29704e+06 302346 277720 172921 142868 24626 104799 23686 81113 994699 56105 6308 938594 49797
internal_count=1297045 302346 277720 172921 142868 24626 104799 23686 81113 994699 56105 6308 938594 49797
is_linear=0
shrinkage=0.01


Tree=439
num_leaves=15
num_cat=0
split_feature=11 26 22 24 11 14 24 19 22 14 18 22 19 24
split_gain=2.74847 4.74709 3.51877 4.4598 5.71815 3.79561 2.84099 2.74831 3.46417 3.28046 4.61336 3.23508 6.39018 5.96449
threshold=-0.29795918367346935 0.72046511627906984 0.18927203065134104 -0.41578014184397155 -0.41918367346938773 -0.022474747474747449 -0.46969387755102038 0.027046783625730989 -0.43969696969696964 -0.39897959183673465 -0.037045454545454541 -0.26163419913419911 -0.43683510638297868 0.43875000000000003
decision_type=2 2 2 8 2 2 10 2 2 2 2 2 2 10
left_child=1 2 3 4 -1 -4 -3 11 9 10 -9 12 -2 -14
right_child=7 6 5 -5 -6 -7 -8 8 -10 -11 -12 -13 13 -15
leaf_value=0.00076596955596552017 0.00029631166425362406 -0.00048081918311651675 0.0001473943718449689 1.3331086309933455e-05 3.3707869479512105e-05 -0.00019415919453384464 -0.00010661511097724281 0.00036985727856234866 3.4131689533975493e-05 -0.00023973002776728119 -0.00034925785293161906 -1.3283251508685104e-05 -6.2679462375459268e-06 0.00019367880843352761
leaf_weight=1856 9140 2188 4071 61365 2718 14752 42228 2466 371516 8888 1363 651961 105349 17333
leaf_count=1856 9140 2188 4071 61365 2718 14752 42228 2466 371516 8888 1363 651961 105349 17333
internal_value=1.73062e-06 -4.20071e-05 1.52686e-06 3.6301e-05 0.000337701 -0.000118683 -0.000125756 6.59362e-06 2.85117e-05 -0.000133282 0.000105974 -4.11305e-06 4.10123e-05 2.17408e-05
internal_weight=1.29719e+06 129178 84762 65939 4574 18823 44416 1.16802e+06 384233 12717 3829 783783 131822 122682
internal_count=1297194 129178 84762 65939 4574 18823 44416 1168016 384233 12717 3829 783783 131822 122682
is_linear=0
shrinkage=0.01


Tree=440
num_leaves=15
num_cat=0
split_feature=15 10 0 22 6 15 0 2 4 25 22 16 18 7
split_gain=2.59177 3.08791 2.61696 2.13357 2.22684 2.05182 1.94598 1.85764 2.38711 2.01265 1.56243 1.52051 1.49369 1.34781
threshold=0.47915762049500654 0.4587585034013606 0.36085106382978727 0.48456521739130437 0.011766334440753036 -0.41918367346938773 0.39678030303030309 -0.41578014184397155 -0.27888888888888885 0.27500000000000008 -0.39897959183673465 0.072948328267477228 0.29795918367346946 -0.22170212765957442
decision_type=2 2 8 2 10 2 10 8 2 2 2 2 2 2
left_child=2 12 3 7 -5 6 -4 9 -9 -1 11 -7 -2 -12
right_child=1 -3 5 4 -6 10 -8 8 -10 -11 13 -13 -14 -15
leaf_value=9.426375482131815e-05 0.0001270963066476806 0.00060851877237989437 -0.00032654469550761858 -0.00038619741232737945 -5.5657943552956686e-05 -0.00026472144790785776 0.00015906266802360617 4.5053690350487893e-05 -1.0072820878109438e-06 -8.1077887713193355e-05 -0.00014937384385354182 7.4473572170159752e-05 -8.3731593345046546e-05 -3.6102518488448438e-05
leaf_weight=7479 14325 1188 897 2706 9540 6595 7132 127014 976169 46072 12422 1491 4209 79552
leaf_count=7479 14325 1188 897 2706 9540 6595 7132 127014 976169 46072 12422 1491 4209 79552
internal_value=-2.51218e-06 0.000111184 -4.29176e-06 3.55601e-08 -0.000131223 -5.13678e-05 0.000100974 1.45143e-06 4.26882e-06 -5.60254e-05 -6.38945e-05 -0.000198463 7.75939e-05 -5.17315e-05
internal_weight=1.29679e+06 19722 1.27707e+06 1.16898e+06 12246 108089 8029 1.15673e+06 1.10318e+06 53551 100060 8086 18534 91974
internal_count=1296791 19722 1277069 1168980 12246 108089 8029 1156734 1103183 53551 100060 8086 18534 91974
is_linear=0
shrinkage=0.01


Tree=441
num_leaves=15
num_cat=0
split_feature=27 24 23 28 26 21 22 11 24 28 28 27 16 11
split_gain=3.03657 4.85522 5.38418 3.94908 4.22546 3.79695 3.61875 3.51563 3.38073 3.23635 3.16013 2.7367 2.62295 5.3079
threshold=0.38047619047619052 -0.45773809523809517 0.011766334440753036 0.49000000000000005 0.05634920634920635 0.29356060606060608 -0.41578014184397155 0.14513888888888896 -0.46969387755102038 0.40550595238095244 -0.25255102040816318 0.47801932367149763 0.081666666666666679 0.042572463768115916
decision_type=2 10 10 8 2 2 2 2 8 10 10 2 2 2
left_child=3 8 5 -1 -5 11 10 -7 -2 -8 -4 -3 13 -6
right_child=1 2 6 4 12 7 9 -9 -10 -11 -12 -13 -14 -15
leaf_value=8.2219664754759671e-06 4.6168039736101293e-05 -0.00010656037767469956 -0.00033919289828208857 0.00015820705616904459 -0.00017759953229250583 4.224496399565008e-05 -3.333071685235289e-05 -0.00019700295924763474 0.00056300895570531679 0.00015123198545587217 0.00041972589484640089 -0.00026508652488179118 -0.00034574167937631638 0.00023835187763867981
leaf_weight=1090706 3458 49238 602 4993 16853 26584 54422 7962 2135 11505 3564 14551 5838 3695
leaf_count=1090706 3458 49238 602 4993 16853 26584 54422 7962 2135 11505 3564 14551 5838 3695
internal_value=-9.89778e-07 -3.98759e-05 -4.96516e-05 5.01432e-06 -0.000105515 -9.7431e-05 1.69525e-05 -1.20398e-05 0.000249017 -6.62014e-07 0.000302699 -0.000143203 -0.000156568 -0.000101318
internal_weight=1.29611e+06 174021 168428 1.12208e+06 31379 98335 70093 34546 5593 65927 4166 63789 26386 20548
internal_count=1296106 174021 168428 1122085 31379 98335 70093 34546 5593 65927 4166 63789 26386 20548
is_linear=0
shrinkage=0.01


Tree=442
num_leaves=15
num_cat=0
split_feature=28 18 11 24 27 19 6 24 19 27 2 27 23 18
split_gain=3.291 4.17117 4.36937 4.22085 5.30124 4.69476 4.49987 4.33147 4.16598 3.9657 6.42937 3.74356 3.6041 3.16787
threshold=0.10208333333333332 0.011237373737373714 -0.43938775510204076 -0.057189542483660143 0.38944444444444448 -0.17006802721088435 0.44727272727272732 -0.24429164504411 -0.42111111111111105 -0.30901722391084091 0.011766334440753036 0.43813775510204089 0.20833333333333334 0.023268398268398275
decision_type=8 2 2 10 2 2 8 8 2 2 8 2 10 2
left_child=1 3 8 4 5 -1 11 -6 -3 10 -4 -5 -11 -2
right_child=13 2 9 6 7 -7 -8 -9 -10 12 -12 -13 -14 -15
leaf_value=-7.7556080131337642e-05 -3.7680148616945876e-05 -0.0010192200081731138 -6.6157030669125873e-05 7.0743344006962846e-05 -5.1858753390571165e-05 6.3158327966675608e-05 0.00032125517536613443 -0.00040906267909960605 -0.00017163872611386348 -1.8976548870171284e-05 0.00013100876075722507 -0.00016996946695925299 0.00048951920802875232 1.5128894833782393e-05
leaf_weight=34089 369642 663 24957 161832 9952 77211 6985 5345 6213 380877 48169 6658 1392 163022
leaf_count=34089 369642 663 24957 161832 9952 77211 6985 5345 6213 380877 48169 6658 1392 163022
internal_value=-2.36126e-06 1.09104e-05 -7.91942e-06 3.98254e-05 -3.95937e-06 1.97898e-05 7.15845e-05 -0.000178688 -0.000258134 -4.07387e-06 6.33083e-05 6.10505e-05 -1.70426e-05 -2.14616e-05
internal_weight=1.29701e+06 764343 462271 302072 126597 111300 175475 15297 6876 455395 73126 168490 382269 532664
internal_count=1297007 764343 462271 302072 126597 111300 175475 15297 6876 455395 73126 168490 382269 532664
is_linear=0
shrinkage=0.01


Tree=443
num_leaves=15
num_cat=0
split_feature=4 19 24 14 14 28 10 5 24 3 2 11 19 24
split_gain=2.79464 3.18947 4.40016 4.08815 3.35559 4.00542 2.85279 2.78366 2.77144 2.49222 2.37621 4.14621 2.32132 2.26123
threshold=-0.29893617021276592 -0.31957446808510631 -0.040678433535576368 0.19018912529550833 0.33156028368794332 -0.1633333333333333 -0.1315439219165927 0.33503401360544227 -0.30220445736434104 -0.35261524822695028 0.4354764107308049 0.076122931442080391 -0.27888888888888885 0.27951388888888895
decision_type=2 2 10 2 2 10 2 10 10 10 10 2 2 10
left_child=1 2 3 6 -4 -6 -1 9 -5 -2 -9 12 -12 -13
right_child=7 -3 4 8 5 -7 -8 10 -10 -11 11 13 -14 -15
leaf_value=-3.873620689495778e-05 -6.8624437515216289e-05 5.9366498704027754e-05 0.00014840486134604298 0.00047469474068882923 0.00011033016907333822 -0.00088551444626304117 -0.00047013030767164128 -7.4125583884988034e-05 -0.00025739571355023409 3.6468164653762786e-06 0.00025915906069755198 -4.2186370240944984e-05 3.1383529221719934e-06 -0.0004518425457655244
leaf_weight=2398 50140 128552 8451 1199 778 745 5202 92573 850 984763 7660 5457 7034 1882
leaf_count=2398 50140 128552 8451 1199 778 745 5202 92573 850 984763 7660 5457 7034 1882
internal_value=2.12073e-07 4.11078e-05 -7.69689e-05 -0.000229902 6.79982e-05 -0.000357927 -0.000338029 -5.0335e-06 0.000156445 1.16171e-07 -5.1796e-05 4.06589e-05 0.000138669 -0.000151466
internal_weight=1.29768e+06 148175 19623 9649 9974 1523 7600 1.14951e+06 2049 1.0349e+06 114606 22033 14694 7339
internal_count=1297684 148175 19623 9649 9974 1523 7600 1149509 2049 1034903 114606 22033 14694 7339
is_linear=0
shrinkage=0.01


Tree=444
num_leaves=15
num_cat=0
split_feature=17 10 16 22 27 26 28 21 22 27 26 18 21 3
split_gain=2.76568 3.23061 3.24441 3.19674 3.15655 6.34666 6.28154 4.43648 3.64923 4.42848 3.63331 3.68291 3.40035 3.08609
threshold=-0.41010101010101002 -0.2422222222222222 -0.47752525252525252 -0.45698427382053647 -0.14365079365079361 0.096006144393241177 0.47402159244264513 -0.28945035460992902 0.12645348837209305 -0.37902439024390239 0.14608739837398377 -0.37888888888888883 0.042572463768115916 -0.46863636363636357
decision_type=2 2 2 2 2 2 8 2 2 2 2 2 2 10
left_child=1 2 -1 -3 5 8 7 -7 9 -2 11 -6 -13 -12
right_child=4 3 -4 -5 10 6 -8 -9 -10 -11 13 12 -14 -15
leaf_value=0.00011287269401708782 0.00029838335068827794 -0.00043456602891928575 -0.00030965251874844535 0 0.00018373900362093099 0.00011462195090122167 -0.00018268975470567075 1.1082179421220436e-06 1.2964439714667264e-05 9.21526360382622e-05 -0.00025883249319133929 -8.5014467853893332e-05 3.0982387051582153e-07 3.8592778423967895e-06
leaf_weight=2148 15372 1796 9147 27573 6670 39148 16942 290309 28303 34485 4500 128536 72268 618492
leaf_count=2148 15372 1796 9147 27573 6670 39148 16942 290309 28303 34485 4500 128536 72268 618492
internal_value=-1.40431e-06 -8.25774e-05 -0.000226636 -2.61352e-05 1.20206e-06 2.34039e-05 4.9469e-06 1.46886e-05 0.000104817 0.000156354 -1.01121e-05 -4.63627e-05 -5.41579e-05 1.91241e-06
internal_weight=1.29569e+06 40664 11295 29369 1.25502e+06 424559 346399 329457 78160 49857 830466 207474 200804 622992
internal_count=1295689 40664 11295 29369 1255025 424559 346399 329457 78160 49857 830466 207474 200804 622992
is_linear=0
shrinkage=0.01


Tree=445
num_leaves=15
num_cat=0
split_feature=7 22 26 5 21 25 15 26 3 7 21 18 26 1
split_gain=2.90325 2.44493 2.43224 2.28764 2.29926 6.13424 2.50125 2.2006 2.19066 2.05562 1.91512 2.2304 1.73512 1.67502
threshold=-0.41578014184397155 0.48456521739130437 0.36474501108647456 0.36181818181818187 -0.28130434782608693 0.82500000000000018 -0.41918367346938773 0.15301003344481609 -0.12904717853839037 0.47801932367149763 0.45959183673469389 0.25521059487624842 0.93908472479901073 -0.13914893617021273
decision_type=2 2 2 8 2 2 2 2 10 2 2 2 2 10
left_child=2 3 8 4 5 -2 -6 13 -1 -9 -4 12 -12 -5
right_child=1 -3 10 7 6 -7 -8 9 -10 -11 11 -13 -14 -15
leaf_value=4.9522816400542897e-05 1.0793385860992877e-05 -0.0001356766099609273 -0.0001036872178976573 0.00013929370494439065 0.00010064657390990968 0.00017623885931504604 1.881751168700508e-07 -9.246857319067679e-05 -0.00016940710104073866 6.8543665101573464e-05 -2.4075304389185131e-06 -0.00095744428643750696 -0.00069035521297151372 -2.4051612748985063e-05
leaf_weight=20855 102604 12658 30002 9705 25448 28840 971381 61855 5848 8874 1385 576 545 17159
leaf_count=20855 102604 12658 30002 9705 25448 28840 971381 61855 5848 8874 1385 576 545 17159
internal_value=-7.39823e-07 2.50726e-06 -6.91628e-05 3.95892e-06 7.999e-06 4.7325e-05 2.78316e-06 -4.244e-05 4.39825e-07 -7.1841e-05 -0.000127254 -0.000396978 -0.000212962 3.38515e-05
internal_weight=1.29774e+06 1.23852e+06 59211 1.22587e+06 1.12827e+06 131444 996829 97593 26703 70729 32508 2506 1930 26864
internal_count=1297735 1238524 59211 1225866 1128273 131444 996829 97593 26703 70729 32508 2506 1930 26864
is_linear=0
shrinkage=0.01


Tree=446
num_leaves=15
num_cat=0
split_feature=0 24 24 25 28 23 28 28 23 19 24 17 25 19
split_gain=2.55763 2.99777 3.40495 3.3374 4.55514 3.00673 4.31006 2.6228 2.48841 2.16151 7.03676 2.82685 2.15393 5.22915
threshold=0.25777777777777783 0.26568627450980398 0.27951388888888895 0.27500000000000008 -0.30217391304347824 0.059027777777777797 0.49000000000000005 0.16333333333333336 0.010102040816326542 0.020416666666666698 0.17156862745098042 0.45831524099001308 0.37500000000000006 -0.026669758812615931
decision_type=8 10 10 2 10 10 10 10 10 2 10 2 2 2
left_child=1 5 12 8 -5 9 7 -7 -4 11 -11 -1 -3 -14
right_child=-2 2 3 4 -6 6 -8 -9 -10 10 -12 -13 13 -15
leaf_value=-2.6074893723323522e-05 -3.4753472462359469e-05 5.2646008519852206e-05 -0.00033900354170347043 9.9060245228730745e-05 7.253990433287969e-07 0.00012754512162162343 -0.00011221628993115783 0.00046863366394065401 -4.843189017299092e-05 2.0665848780482625e-05 -0.00020479663386154697 0.0001638823151858724 -5.6627924150443459e-05 0.00030146529363338703
leaf_weight=440346 193825 28184 3395 67204 159606 7055 4790 3592 26060 321299 14449 7934 5694 13295
leaf_count=440346 193825 28184 3395 67204 159606 7055 4790 3592 26060 321299 14449 7934 5694 13295
internal_value=-1.23452e-06 4.629e-06 3.14042e-05 1.68929e-05 2.99953e-05 -5.49611e-06 0.000132584 0.000245535 -8.29729e-05 -8.25358e-06 1.08719e-05 -2.26449e-05 0.000109594 0.000192517
internal_weight=1.29673e+06 1.1029e+06 303438 256265 226810 799465 15437 10647 29455 784028 335748 448280 47173 18989
internal_count=1296728 1102903 303438 256265 226810 799465 15437 10647 29455 784028 335748 448280 47173 18989
is_linear=0
shrinkage=0.01


Tree=447
num_leaves=15
num_cat=0
split_feature=28 28 23 26 27 19 11 14 23 1 17 28 26 28
split_gain=2.28875 4.05022 6.07966 3.97633 5.56496 4.34219 3.58556 3.84977 3.36109 3.3011 3.15048 2.86449 2.6314 2.82766
threshold=0.13525498891352553 0.30217391304347835 0.066964285714285712 0.045983086680761107 -0.12778327560613556 0.45959183673469389 -0.25777777777777772 -0.42590909090909085 0.010753931544865871 0.011237373737373714 0.49000000000000005 0.13733075435203099 0.05634920634920635 0.49000000000000005
decision_type=10 10 8 2 2 2 2 2 10 10 2 10 2 10
left_child=3 2 11 4 8 6 7 -5 -1 -6 12 -2 -3 -14
right_child=1 10 -4 5 9 -7 -8 -9 -10 -11 -12 -13 13 -15
leaf_value=-4.0959581963619383e-05 -0.00030987029755955508 9.4177171958592971e-05 0.00035151031348461969 -0.00042868026549909257 4.2301656983698303e-06 0.00019633623459069027 2.2622456554765945e-05 -3.7545412726666978e-05 0.00016894577808720558 -0.00015367247110102631 -0.00031542675758941557 -5.0137120392106038e-05 1.4907446067829968e-05 -8.2752723848282281e-05
leaf_weight=15653 4380 34374 3712 2633 18543 13488 624059 67571 14569 43311 2955 215213 201350 34760
leaf_count=15653 4380 34374 3712 2633 18543 13488 624059 67571 14569 43311 2955 215213 201350 34760
internal_value=-5.46041e-08 -1.69366e-05 -4.85545e-05 1.03927e-05 -5.13375e-05 1.84662e-05 1.49665e-05 -5.26599e-05 5.92428e-05 -0.000105852 8.77489e-06 -5.54585e-05 1.24311e-05 4.02037e-07
internal_weight=1.29657e+06 496744 223305 799827 92076 707751 694263 70204 30222 61854 273439 219593 270484 236110
internal_count=1296571 496744 223305 799827 92076 707751 694263 70204 30222 61854 273439 219593 270484 236110
is_linear=0
shrinkage=0.01


Tree=448
num_leaves=15
num_cat=0
split_feature=20 26 11 22 11 27 24 22 4 24 28 22 22 26
split_gain=2.9803 5.51205 4.10702 3.70599 3.32378 2.80971 5.22718 4.85718 4.28738 3.59769 4.02955 3.20719 3.06955 2.79607
threshold=-0.47979591836734686 0.87902439024390255 -0.26874999999999999 0.1460873983739838 -0.081666666666666651 0.30217391304347835 -0.42752100840336132 0.092429995253915556 0.042109929078014148 -0.17928571428571424 -0.45789007092198575 0.48456521739130437 -0.25255102040816318 0.063164893617021281
decision_type=2 2 2 2 2 2 10 2 2 10 10 2 2 2
left_child=1 2 -1 -3 -4 11 7 8 -7 10 -8 -2 -11 -9
right_child=5 3 4 -5 -6 6 9 13 -10 12 -12 -13 -14 -15
leaf_value=4.8537167127243337e-06 8.1069316794323321e-06 1.1694366683668755e-05 0.00098411642779341196 -0.00097299900404782035 0.00030647664715345954 0.00016140195332558092 0.00028464821784803646 0.00058082001224311485 0.00069697913051593771 6.5801699506321874e-05 -0.00012186175658341601 -0.00017271775116557881 -3.6644744812571654e-05 -0.00020128989278260794
leaf_weight=2226 1009809 1079 1281 544 2119 4873 2497 511 2304 35598 60232 9890 160691 3466
leaf_count=2226 1009809 1079 1281 544 2119 4873 2497 511 2304 35598 60232 9890 160691 3466
internal_value=-8.98466e-08 0.00020204 0.000352597 -0.000301093 0.000571246 -1.24953e-06 -2.99418e-05 0.000181518 0.000337734 -3.91656e-05 -0.000105189 6.3232e-06 -1.7912e-05 -9.28978e-05
internal_weight=1.29712e+06 7249 5626 1623 3400 1.28987e+06 270172 11154 7177 259018 62729 1.0197e+06 196289 3977
internal_count=1297120 7249 5626 1623 3400 1289871 270172 11154 7177 259018 62729 1019699 196289 3977
is_linear=0
shrinkage=0.01


Tree=449
num_leaves=15
num_cat=0
split_feature=24 26 24 22 23 22 24 15 25 6 14 17 15 22
split_gain=3.40592 4.92452 4.56971 4.42894 9.90389 4.50123 3.82384 6.03453 5.02659 4.45808 3.57856 4.09239 4.21763 5.15619
threshold=-0.22821969696969696 0.65058139534883741 -0.23123827392120072 0.12097560975609757 0.013335704125177818 -0.45698427382053647 -0.34409722222222217 -0.20106382978723403 0.77500000000000024 0.012049941927990694 0.3585714285714286 -0.47979591836734686 -0.43938775510204076 -0.27970588235294114
decision_type=10 2 10 2 10 2 8 2 2 8 2 2 2 2
left_child=1 2 3 5 -5 -1 7 8 -3 -8 11 -2 13 -13
right_child=10 6 -4 4 -6 -7 9 -9 -10 -11 -12 12 -14 -15
leaf_value=-0.00020773994966986439 -0.00028713353986308188 6.5119420846493109e-06 -0.00032082029204865109 -2.0198081835867041e-05 -0.00049734934311736483 6.4021772721729758e-05 -3.0524098206667395e-05 -2.903450787716324e-06 -0.00042953213807752293 -0.00025173093623984306 -6.3410684732104395e-05 0.00040874886753601515 1.2122107520102226e-05 3.8617107443402109e-05
leaf_weight=6420 4492 4171 4259 57584 4720 105847 15680 65201 6636 22915 64476 5967 918159 10756
leaf_count=6420 4492 4171 4259 57584 4720 105847 15680 65201 6636 22915 64476 5967 918159 10756
internal_value=-1.63652e-07 -3.01556e-05 2.47676e-06 1.05414e-05 -5.68496e-05 4.82087e-05 -8.13367e-05 -3.96495e-05 -0.000258509 -0.000162648 8.57341e-06 1.35463e-05 1.50241e-05 0.000172529
internal_weight=1.29728e+06 293433 178830 174571 62304 112267 114603 76008 10807 38595 1.00385e+06 939374 934882 16723
internal_count=1297283 293433 178830 174571 62304 112267 114603 76008 10807 38595 1003850 939374 934882 16723
is_linear=0
shrinkage=0.01


Tree=450
num_leaves=15
num_cat=0
split_feature=1 21 16 7 15 28 7 18 28 24 18 15 21 4
split_gain=2.37263 2.60182 4.54428 3.18198 2.71856 3.30975 2.5473 2.45396 4.60397 3.69858 2.43843 3.74248 3.12052 4.20157
threshold=0.28334980237154156 0.31725417439703163 -0.10113636363636362 0.33836734693877557 0.45959183673469389 0.41010101010101013 -0.40454545454545449 0.011237373737373714 0.011369509043927641 0.25858879492600428 -0.26043478260869563 -0.43938775510204076 0.45698427382053664 -0.25777777777777772
decision_type=10 2 2 2 2 10 2 2 8 10 2 2 2 2
left_child=6 4 -3 -4 5 -2 10 8 -8 -10 11 -1 -12 -14
right_child=1 2 3 -5 -6 -7 7 -9 9 -11 12 -13 13 -15
leaf_value=0.00042351645255610303 -4.6415388651268322e-05 0.00020312694900872916 -0.00014552486432438792 6.4881761415361023e-05 0.00017648535812821582 -0.00020824988768694097 6.5654983519031657e-05 -1.2303798396193981e-06 -4.6515221102682805e-05 4.7984679169689448e-05 -5.1172701921107559e-06 -0.00027281447361827217 -0.00095165183838596251 -0.00012940595667079217
leaf_weight=816 109746 11556 13255 15492 4757 14471 183677 714557 98026 71581 46547 8393 788 3548
leaf_count=816 109746 11556 13255 15492 4757 14471 183677 714557 98026 71581 46547 8393 788 3548
internal_value=5.37293e-07 -3.4347e-05 3.53277e-05 -3.10965e-05 -5.63525e-05 -6.55148e-05 5.79931e-06 9.38847e-06 3.0951e-05 -6.45543e-06 -5.74786e-05 -0.000207739 -2.96837e-05 -0.000286305
internal_weight=1.29721e+06 169277 40303 28747 128974 124217 1.12793e+06 1.06784e+06 353284 169607 60092 9209 50883 4336
internal_count=1297210 169277 40303 28747 128974 124217 1127933 1067841 353284 169607 60092 9209 50883 4336
is_linear=0
shrinkage=0.01


Tree=451
num_leaves=15
num_cat=0
split_feature=28 16 23 26 27 27 26 18 28 20 3 22 21 15
split_gain=3.18552 3.16655 3.55079 8.16339 3.71128 2.62869 8.4214 7.30974 5.30149 5.58755 3.1032 2.95045 4.59961 3.29696
threshold=-0.31165540540540532 0.011766334440753036 0.04006410256410254 0.10990338164251208 0.24744897959183679 -0.3032155797101449 0.14434523809523811 0.011237373737373714 0.49000000000000005 0.011766334440753036 -0.46863636363636357 -0.047065337763012187 0.47979591836734697 -0.43938775510204076
decision_type=8 2 10 2 2 2 2 2 8 2 10 2 2 2
left_child=1 -1 -3 -4 -5 6 7 -2 9 -8 -7 13 -13 -12
right_child=5 2 3 4 -6 10 8 -9 -10 -11 11 12 -14 -15
leaf_value=7.5232043800277222e-05 4.7838146123262804e-06 -1.3544394305236836e-05 -0.00041986716494054775 0.00023227992969504022 0.00084085301729699947 -0.00020933421715319482 -8.5039857934629735e-05 0.00024764371306818314 -0.00030621670699031221 4.6765248933170366e-05 0.00023487044524486003 -2.196624707076188e-05 -0.00028485477423563016 8.6043627600442098e-06
leaf_weight=104976 22951 112164 1493 3779 1488 8051 49386 27610 5855 92193 6601 565889 6754 287962
leaf_count=104976 22951 112164 1493 3779 1488 8051 49386 27610 5855 92193 6601 565889 6754 287962
internal_value=8.75693e-07 3.52055e-05 0 0.000222397 0.000410284 -6.25826e-06 2.65948e-05 0.000138003 -1.14102e-05 5.75888e-07 -1.37244e-05 -1.18731e-05 -2.51207e-05 1.37791e-05
internal_weight=1.29715e+06 223900 118924 6760 5267 1.07325e+06 197995 50561 147434 141579 875257 867206 572643 294563
internal_count=1297152 223900 118924 6760 5267 1073252 197995 50561 147434 141579 875257 867206 572643 294563
is_linear=0
shrinkage=0.01


Tree=452
num_leaves=15
num_cat=0
split_feature=22 26 17 22 19 11 14 15 25 23 22 22 0 19
split_gain=2.97305 3.81607 3.5692 2.88801 2.18284 2.37103 2.17751 2.80326 3.33243 2.3889 2.28276 2.24416 1.77209 1.67306
threshold=-0.4759001161440185 0.97937925170068041 -0.45959183673469384 -0.46076923076923076 -0.44159090909090903 0.061250000000000034 0.37766439909297056 0.47915762049500654 0.57500000000000018 0.011237373737373714 0.32025641025641027 -0.33166666666666661 0.012049941927990694 -0.32111111111111107
decision_type=2 2 2 2 2 2 2 2 2 8 2 2 10 2
left_child=1 2 -1 12 -4 -6 7 10 -9 11 -5 -8 -2 -3
right_child=3 13 4 6 5 -7 9 8 -10 -11 -12 -13 -14 -15
leaf_value=-0.00084631677703520067 -0.00010457769995275525 0.00081248928348388123 0.00020153538117643539 6.8315484757503521e-06 -0.00024259918809715658 3.1494129497288591e-05 -0.00037938560028192517 -1.4853039416201695e-05 0.00029005200884138201 0.00046053283209376199 -3.9085931282783314e-05 -5.015607767627205e-05 0.00045846454625443525 9.0206301751324553e-05
leaf_weight=750 642 510 1674 1069456 11830 4052 2171 6590 7418 874 120385 65582 2190 1180
leaf_count=750 642 510 1674 1069456 11830 4052 2171 6590 7418 874 120385 65582 2190 1180
internal_value=-4.44711e-07 -0.000121443 -0.000164524 1.42923e-06 -0.000133549 -0.000170788 6.95297e-07 3.84195e-06 0.000144497 -5.40636e-05 2.16044e-06 -6.11646e-05 0.000320268 0.000326947
internal_weight=1.2953e+06 19996 18306 1.27531e+06 17556 15882 1.27248e+06 1.20385e+06 14008 68627 1.18984e+06 67753 2832 1690
internal_count=1295304 19996 18306 1275308 17556 15882 1272476 1203849 14008 68627 1189841 67753 2832 1690
is_linear=0
shrinkage=0.01


Tree=453
num_leaves=15
num_cat=0
split_feature=4 21 18 15 11 21 6 26 24 17 24 24 26 24
split_gain=2.52778 5.71302 5.53842 3.03485 6.43787 3.21556 5.1491 3.3237 3.08684 3.97962 3.4861 4.13274 2.9525 2.80968
threshold=-0.27888888888888885 0.4139685476410731 -0.1031914893617021 -0.43938775510204076 0.41751700680272114 0.46295454545454551 0.45959183673469389 1.0000000180025095e-35 0.46969387755102043 -0.42590909090909085 -0.21937499999999996 -0.37321428571428567 0.33666666666666673 -0.37939393939393934
decision_type=2 2 2 2 2 2 10 2 8 2 10 10 2 10
left_child=1 -1 13 4 5 6 -2 -7 10 -10 11 -5 -11 -3
right_child=3 2 -4 8 -6 7 -8 -9 9 12 -12 -13 -14 -15
leaf_value=5.3934493397782621e-05 0.00014946802358779986 0.00071047269943453587 -0.00033657325283480014 -1.7548887670561144e-08 -0.00098047123355693216 -0.00069946516926328874 0.00070786925694177967 5.8049062113032355e-05 -0.00087931156650534125 2.3716555996250248e-05 7.1785483919342577e-06 -7.9739449654071833e-05 -0.00016651718851296214 0
leaf_weight=152635 9172 730 7350 151559 521 606 2085 11122 649 13996 810472 114887 18767 2135
leaf_count=152635 9172 730 7350 151559 521 606 2085 11122 649 13996 810472 114887 18767 2135
internal_value=1.60075e-06 3.84576e-05 -0.000189814 -3.66654e-06 0.000108701 0.000134819 0.000255719 1.61812e-05 -6.0727e-06 -0.000100758 -3.1069e-06 -3.45054e-05 -8.43411e-05 0.000176188
internal_weight=1.29669e+06 162850 10215 1.13384e+06 23506 22985 11257 11728 1.11033e+06 33412 1.07692e+06 266446 32763 2865
internal_count=1296686 162850 10215 1133836 23506 22985 11257 11728 1110330 33412 1076918 266446 32763 2865
is_linear=0
shrinkage=0.01


Tree=454
num_leaves=15
num_cat=0
split_feature=22 17 20 18 17 28 26 28 20 27 20 18 27 28
split_gain=2.41847 2.9368 2.44412 2.51973 3.46208 2.34056 4.60556 4.75039 3.52234 3.54565 3.40986 2.99979 4.19124 6.70607
threshold=-0.45401691331923882 -0.47752525252525252 -0.42111111111111105 0.061250000000000034 0.012049941927990694 0.13525498891352553 0.039230769230769243 0.13733075435203099 0.35565476190476192 -0.2474489795918367 -0.057777777777777782 0.011237373737373714 -0.36285266457680249 -0.27888888888888885
decision_type=2 2 2 2 2 10 2 8 2 2 2 2 2 10
left_child=1 -1 -3 4 -4 11 8 -8 9 -7 -9 -2 13 -13
right_child=5 2 3 -5 -6 6 7 10 -10 -11 -12 12 -14 -15
leaf_value=-0.00062996122939573728 3.9267252799276929e-05 0.00016303136328662277 -0.00011060343139897597 -0.00029824546562960279 0.00015357322647658643 0.00028066656013543733 -0.00036577074816897557 -8.3342570108515886e-05 -0.000135024024804443 6.0184122667421812e-05 -7.5123335371705967e-06 -0.00010026116057963204 -1.1402155196035538e-05 0.00015845053118401491
leaf_weight=942 301393 4224 22989 5015 6248 10264 4015 70995 6134 27073 367649 13772 420442 35731
leaf_count=942 301393 4224 22989 5015 6248 10264 4015 70995 6134 27073 367649 13772 420442 35731
internal_value=1.34935e-06 -7.57409e-05 -6.13444e-05 -8.99023e-05 -5.31124e-05 3.78995e-06 -1.33631e-05 -2.30622e-05 8.47059e-05 0.000121616 -1.98544e-05 1.46394e-05 -1.09162e-06 8.58679e-05
internal_weight=1.29689e+06 39418 38476 34252 29237 1.25747e+06 486130 442659 43471 37337 438644 771338 469945 49503
internal_count=1296886 39418 38476 34252 29237 1257468 486130 442659 43471 37337 438644 771338 469945 49503
is_linear=0
shrinkage=0.01


Tree=455
num_leaves=15
num_cat=0
split_feature=22 11 18 26 15 19 16 14 15 11 5 15 14 22
split_gain=3.51495 3.04666 2.99965 4.13338 3.19464 3.02067 2.90585 2.90013 2.28004 2.88154 2.69863 2.40094 2.24348 2.07755
threshold=-0.45401691331923882 -0.45789007092198575 -0.27888888888888885 0.89663461538461553 -0.45959183673469384 -0.35857142857142849 -0.42590909090909085 -0.27888888888888885 -0.43938775510204076 -0.037045454545454541 0.42590909090909096 0.17006802721088435 -0.42590909090909085 -0.42022727272727267
decision_type=2 2 2 2 2 2 2 2 2 2 8 2 2 2
left_child=6 2 5 4 -4 -2 -1 -5 10 11 -8 -10 -11 -3
right_child=1 13 3 7 -6 -7 8 -9 9 12 -12 -13 -14 -15
leaf_value=-0.0004609644464534041 0.00071464015094287712 8.9925117028525939e-05 -0.00075477954658351274 0.00017198953234614673 -5.4376528866406841e-05 0 0.0003970495095432062 -0.00055513546364938191 -0.00030686437759788298 0.00024259375436433157 -0.00031304474244249399 9.7345529152362644e-05 -6.9850863489016811e-05 7.1458322320454387e-07
leaf_weight=2089 720 26700 689 577 15147 3592 1985 3552 8523 2537 684 1647 21859 1206589
leaf_count=2089 720 26700 689 577 15147 3592 1985 3552 8523 2537 684 1647 21859 1206589
internal_value=-2.42476e-06 4.62807e-07 -0.000110439 -0.000162754 -8.68812e-05 0.000124773 -9.55237e-05 -0.000446213 -7.41803e-05 -9.65199e-05 0.000203695 -0.000238445 -3.61036e-05 2.67048e-06
internal_weight=1.29689e+06 1.25757e+06 24277 19965 15836 4312 39324 4129 37235 34566 2669 10170 24396 1.23329e+06
internal_count=1296890 1257566 24277 19965 15836 4312 39324 4129 37235 34566 2669 10170 24396 1233289
is_linear=0
shrinkage=0.01


Tree=456
num_leaves=15
num_cat=0
split_feature=7 14 26 4 19 14 24 24 25 26 4 26 24 26
split_gain=3.02146 3.81176 3.06788 2.55094 2.78027 2.10008 4.19578 3.19435 4.76942 3.01069 2.7929 3.04923 2.42992 5.65045
threshold=-0.43683510638297868 -0.24234042553191487 0.36474501108647456 -0.078888888888888883 -0.15978723404255316 0.36181818181818187 -0.37939393939393934 0.46702898550724642 0.27500000000000008 0.021980676328502421 -0.39472517730496448 0.072299651567944254 -0.2214052287581699 0.021980676328502421
decision_type=2 2 2 2 2 2 10 10 2 2 2 2 10 2
left_child=1 2 -1 4 -4 12 10 9 -9 -8 -7 -12 13 -2
right_child=5 -3 3 -5 -6 6 7 8 -10 -11 11 -13 -14 -15
leaf_value=-4.2555216272436708e-05 0.00013115463408005449 -3.6413369260425167e-05 -0.00053418084961362531 -0.00069506551228929988 9.7030144078187814e-05 0.00082722266728871134 -0.00030226100400729478 -0.001110356347652797 -0.00019115451377368703 -3.0079183757730929e-05 0.00062392866003243631 0 1.2408620357918363e-05 -3.4845723501112478e-05
leaf_weight=3570 22242 34823 1349 2218 1307 647 4455 649 5709 52005 968 4302 908367 254751
leaf_count=3570 22242 34823 1349 2218 1307 647 4455 649 5709 52005 968 4302 908367 254751
internal_value=-1.46928e-06 -8.36382e-05 -0.000274759 -0.000438557 -0.000212525 1.34187e-06 -5.23615e-05 -7.66888e-05 -0.000290179 -5.2102e-05 0.000200749 0.000117721 4.48138e-06 -2.14066e-05
internal_weight=1.29736e+06 43267 8444 4874 2656 1.2541e+06 68735 62818 6358 56460 5917 5270 1.18536e+06 276993
internal_count=1297362 43267 8444 4874 2656 1254095 68735 62818 6358 56460 5917 5270 1185360 276993
is_linear=0
shrinkage=0.01


Tree=457
num_leaves=15
num_cat=0
split_feature=4 28 17 24 21 15 24 21 15 26 7 24 19 17
split_gain=3.53428 4.9137 3.39083 2.87905 3.54976 4.1287 4.05369 3.17062 4.15028 4.64094 2.82652 4.04671 3.54082 3.68992
threshold=0.2525510204081633 -0.41945945945945939 0.26043478260869574 0.26163419913419916 0.4354764107308049 0.011766334440753036 0.46628787878787886 0.2525510204081633 0.010527482269503509 0.12097560975609757 0.10643115942028987 -0.21937499999999996 -0.47894503546099287 0.056186868686868681
decision_type=2 8 2 10 2 2 10 2 2 2 2 8 2 2
left_child=3 2 -2 7 5 -5 -7 -1 9 -9 12 -12 13 -3
right_child=1 10 -4 4 -6 6 -8 8 -10 -11 11 -13 -14 -15
leaf_value=1.965733490605727e-06 0.00020387387357495866 0 -0.00023724007614527181 7.8247010099313772e-05 -0.00014967337948849083 2.3198815537714245e-05 -0.00012684111696391429 0.00012201814288907076 -0.0002397731129872775 -8.1054643589734864e-05 -0.00012208609982630571 1.0293775428587329e-05 -0.00011959290448308197 0.00091648097643961331
leaf_weight=724374 12035 1186 1976 137382 10321 130863 20868 14559 11699 48593 31329 86589 64165 662
leaf_count=724374 12035 1186 1976 137382 10321 130863 20868 14559 11699 48593 31329 86589 64165 662
internal_value=-1.50502e-06 -4.04192e-05 0.000139484 5.47882e-06 3.19378e-05 3.85264e-05 2.36358e-06 -4.39674e-06 -6.63682e-05 -3.37598e-05 -5.42886e-05 -2.46253e-05 -0.000106818 0.00032002
internal_weight=1.2966e+06 197942 14011 1.09866e+06 299434 289113 151731 799225 74851 63152 183931 117918 66013 1848
internal_count=1296601 197942 14011 1098659 299434 289113 151731 799225 74851 63152 183931 117918 66013 1848
is_linear=0
shrinkage=0.01


Tree=458
num_leaves=15
num_cat=0
split_feature=0 4 11 19 22 22 23 19 28 28 0 19 22 28
split_gain=2.91597 2.4735 2.35386 2.93295 3.17413 2.52875 2.20894 3.59872 3.3394 2.83715 2.74679 2.49682 2.38131 1.9272
threshold=0.2525510204081633 -0.27888888888888885 -0.24734042553191488 -0.35857142857142849 -0.23979166666666663 0.30976190476190485 0.010102040816326542 0.20972222222222228 -0.39897959183673465 -0.29361054766734279 -0.42022727272727267 -0.28062499999999996 0.30976190476190485 0.43405797101449284
decision_type=8 2 2 2 2 2 10 2 8 10 10 2 2 10
left_child=1 2 -1 4 -4 -5 8 12 11 -9 -10 -3 -8 -2
right_child=13 6 3 5 -6 -7 7 9 10 -11 -12 -13 -14 -15
leaf_value=-3.2169586271746627e-05 -2.5813599176351264e-05 0.00022303149654955839 0.00018850752165366295 6.8060595949212351e-05 -0.00022212220430705473 0.00024178244284001789 8.0783937390434679e-06 0.00034508703314894187 -0.00016867551293677969 6.1127787345210011e-05 -2.9840394625734592e-05 0 -5.1336821918830181e-05 -0.00013797286768415761
leaf_weight=28968 180782 8560 2583 84423 6448 9511 614959 3778 15698 65927 170937 11515 75731 16938
leaf_count=28968 180782 8560 2583 84423 6448 9511 614959 3778 15698 65927 170937 11515 75731 16938
internal_value=-1.99165e-07 6.13793e-06 4.67574e-05 6.92543e-05 -0.000101332 8.59768e-05 5.65452e-07 8.47568e-06 -2.83874e-05 7.69629e-05 -4.16812e-05 9.36972e-05 1.52016e-06 -3.55756e-05
internal_weight=1.29676e+06 1.09904e+06 131933 102965 9031 93934 967105 760395 206710 69705 186635 20075 690690 197720
internal_count=1296758 1099038 131933 102965 9031 93934 967105 760395 206710 69705 186635 20075 690690 197720
is_linear=0
shrinkage=0.01


Tree=459
num_leaves=15
num_cat=0
split_feature=28 26 23 18 11 17 3 27 2 19 11 23 28 27
split_gain=3.11457 4.20504 4.0889 3.92625 5.64382 3.49491 4.42868 3.17495 2.89223 2.66675 2.8189 3.81085 2.63366 4.55423
threshold=0.10208333333333332 0.045983086680761107 0.20833333333333334 0.011237373737373714 -0.43938775510204076 -0.36181818181818176 0.43938775510204087 -0.32426470588235284 -0.10208333333333332 0.41751700680272114 0.014495798319327681 0.051315789473684266 0.47849213691026832 0.36978260869565222
decision_type=10 2 10 2 2 2 8 2 10 2 2 8 10 2
left_child=2 9 3 -1 -5 6 8 -6 -3 10 -2 -12 -7 -14
right_child=1 5 -4 4 7 12 -8 -9 -10 -11 11 -13 13 -15
leaf_value=3.8636320541104883e-05 0.00014654949122435096 -0.00022195215740889167 0.00056332086163697094 -0.00029124263393174292 6.1836536748902048e-05 -1.5406819628642122e-05 -0.00038190955414168479 -1.4077212494047499e-05 2.4993389670974402e-05 -0.00014693251976090427 -5.8881491599270868e-05 0.00022634203548974597 -0.00015410273740291538 8.6907310090081799e-05
leaf_weight=302070 29278 7630 1340 6914 64084 400032 6030 390802 12055 5698 20962 6024 33402 10071
leaf_count=302070 29278 7630 1340 6914 64084 400032 6030 390802 12055 5698 20962 6024 33402 10071
internal_value=-1.29187e-06 -1.99163e-05 1.15974e-05 1.05881e-05 -7.69387e-06 -3.01827e-05 -0.000143746 -3.31625e-06 -6.92193e-05 5.73415e-05 7.85688e-05 3.69458e-06 -2.35296e-05 -9.75779e-05
internal_weight=1.29639e+06 531182 765210 763870 461800 469220 25715 454886 19685 61962 56264 26986 443505 43473
internal_count=1296392 531182 765210 763870 461800 469220 25715 454886 19685 61962 56264 26986 443505 43473
is_linear=0
shrinkage=0.01


Tree=460
num_leaves=15
num_cat=0
split_feature=24 22 22 14 24 4 1 11 14 14 24 15 17 27
split_gain=2.14835 4.10952 4.82911 3.77613 3.61375 3.58467 3.55044 3.52717 3.7486 4.43717 3.28142 4.44845 3.29985 2.80905
threshold=-0.057189542483660143 0.080322580645161304 -0.23779761904761901 0.36181818181818187 0.46702898550724642 -0.47979591836734686 0.019615384615384649 -1.0000000180025095e-35 -0.25777777777777772 1.0000000180025095e-35 -0.42022727272727267 -0.15978723404255316 0.010102040816326542 0.37779990044798412
decision_type=10 2 2 2 10 2 10 2 2 2 8 2 2 2
left_child=1 2 5 -2 -5 -1 -7 -3 -9 -10 12 -12 -4 -6
right_child=3 7 10 4 13 6 -8 8 9 -11 11 -13 -14 -15
leaf_value=0.00070506703356771217 1.754447966834615e-05 2.4724690891995272e-05 -9.6396627989025666e-05 -3.7764082041440285e-05 -0.00021362451574156262 -1.0019127967558876e-05 -0.00013106367658771901 -0.00031708815847001097 0.00012381802998944348 -8.1618640192846357e-05 -0.00015893025525333344 3.4144242204897438e-05 0.00021661059596074934 -0.00092616888364473182
leaf_weight=621 726825 45502 4068 49148 5874 70906 37303 6219 11341 128184 12730 181624 16724 650
leaf_count=621 726825 45502 4068 49148 5874 70906 37303 6219 11341 128184 12730 181624 16724 650
internal_value=9.69746e-07 -1.48614e-05 6.75577e-06 1.14318e-05 -6.78294e-05 -4.74116e-05 -5.20267e-05 -5.16378e-05 -7.56844e-05 -6.47028e-05 3.42956e-05 2.13414e-05 0.000153922 -0.000289606
internal_weight=1.29772e+06 515222 323976 782497 55672 108830 108209 191246 145744 139525 215146 194354 20792 6524
internal_count=1297719 515222 323976 782497 55672 108830 108209 191246 145744 139525 215146 194354 20792 6524
is_linear=0
shrinkage=0.01


Tree=461
num_leaves=15
num_cat=0
split_feature=3 1 18 3 14 1 17 5 22 18 2 22 1 6
split_gain=2.98582 2.86349 2.83306 4.92313 3.48536 3.32857 3.24671 2.53122 2.23851 2.20744 1.89043 1.77227 1.6334 1.7971
threshold=-0.39472517730496448 -0.47979591836734686 -0.1633333333333333 0.47979591836734697 -0.26043478260869563 0.30104166666666676 -0.41010101010101002 -0.17196196660482374 -0.45060975609756093 -0.36515151515151512 -0.39897959183673465 -0.079473684210526321 -0.47894503546099287 -0.20106382978723403
decision_type=8 8 2 10 2 10 2 8 2 2 10 2 8 10
left_child=8 -2 3 10 7 -6 -5 -4 9 -1 -3 -10 13 -13
right_child=1 2 4 6 5 -7 -8 -9 11 -11 -12 12 -14 -15
leaf_value=-0.0008926947949015919 -0.00023824965293271335 -9.412612638248709e-05 1.6767389997261838e-05 -0.00040316262199028825 8.3644008239880275e-06 -5.11812151534975e-05 0 -0.00012821202049308647 1.923370271690311e-05 -0.00018556282237538221 6.8354001798907096e-05 -0.0002525783010445531 -9.9803744679734943e-05 0.00032490454675551873
leaf_weight=575 4906 7427 17527 3887 915026 104559 3805 36221 23913 2805 129267 699 44982 1863
leaf_count=575 4906 7427 17527 3887 915026 104559 3805 36221 23913 2805 129267 699 44982 1863
internal_value=-1.03852e-06 2.69118e-06 3.68711e-06 4.52821e-05 -1.88046e-06 2.22841e-06 -0.000199938 -8.03784e-05 -6.23698e-05 -0.000315412 5.93046e-05 -4.9968e-05 -8.54041e-05 0.000155541
internal_weight=1.29746e+06 1.22262e+06 1.21772e+06 144386 1.07333e+06 1.01958e+06 7692 53748 74837 3380 136694 71457 47544 2562
internal_count=1297462 1222625 1217719 144386 1073333 1019585 7692 53748 74837 3380 136694 71457 47544 2562
is_linear=0
shrinkage=0.01


Tree=462
num_leaves=15
num_cat=0
split_feature=0 28 25 25 24 24 21 24 11 22 21 28 19 22
split_gain=2.39924 2.22046 4.66244 5.4673 7.5477 5.36138 5.66475 3.34942 3.10514 2.26372 3.48531 4.81805 4.02077 3.04516
threshold=0.36085106382978727 -0.31165540540540532 0.57500000000000018 0.27500000000000008 0.46906887755102045 1.0000000180025095e-35 -0.17006802721088435 0.33666666666666673 0.2217021276595745 -0.082482993197278878 0.47979591836734697 -0.24734042553191488 -0.45789007092198575 -0.09891304347826084
decision_type=10 8 2 2 8 8 2 10 2 2 2 10 2 2
left_child=1 2 3 4 -1 6 -4 -7 -5 13 12 -12 -11 -3
right_child=-2 9 5 8 -6 7 -8 -9 -10 10 11 -13 -14 -15
leaf_value=1.8521630489305761e-05 -4.4325906621346411e-05 1.4886555654936963e-05 0.00016656175015845268 0.00017230781544082992 -0.00062159479537601846 0.00031851353779173809 -0.00010165583162689932 4.3590212320388512e-05 -1.803762982860616e-05 0.00032256290604179978 -0.0010408430426574926 -0.00014224660307449871 -1.1330181062681483e-05 0.00018843714164409051
leaf_weight=27973 109603 292485 9024 51935 1965 5018 58465 42419 9929 3618 676 6411 667356 10514
leaf_count=27973 109603 292485 9024 51935 1965 5018 58465 42419 9929 3618 676 6411 667356 10514
internal_value=4.15112e-07 4.56894e-06 3.43607e-05 8.75229e-05 -2.25489e-05 -7.84502e-06 -6.5342e-05 7.33229e-05 0.000141274 -1.67825e-06 -1.18608e-05 -0.000232596 -9.48363e-06 2.10095e-05
internal_weight=1.29739e+06 1.18779e+06 206728 91802 29938 114926 67489 47437 61864 981060 678061 7087 670974 302999
internal_count=1297391 1187788 206728 91802 29938 114926 67489 47437 61864 981060 678061 7087 670974 302999
is_linear=0
shrinkage=0.01


Tree=463
num_leaves=15
num_cat=0
split_feature=0 21 27 2 11 10 24 21 25 26 14 22 27 26
split_gain=2.50235 2.87321 2.92598 2.87719 4.35491 2.62255 2.55684 2.43458 3.69307 2.8252 2.79427 3.37984 2.97783 7.25947
threshold=0.28334980237154156 0.16333333333333336 0.42928571428571438 0.47894503546099293 0.13450834879406312 0.010990338164251214 0.27951388888888895 -0.26043478260869563 0.77500000000000024 0.040408163265306128 -0.1633333333333333 0.072172619047619027 -0.21269841269841269 0.24744897959183676
decision_type=8 2 2 10 2 2 10 2 2 2 2 2 2 2
left_child=7 2 -2 -3 -5 -4 -6 8 -1 -10 11 -9 13 -12
right_child=1 3 5 4 6 -7 -8 10 9 -11 12 -13 -14 -15
leaf_value=3.3401371070641851e-07 -4.6998711192717707e-05 -7.3253970821405655e-06 -0.00037054676654613378 0.00032014004345354036 1.8015029064750643e-05 -5.0195799799507428e-05 -0.00068323430150274466 -8.2054156305458259e-06 -0.00017567365073520508 0.00012281266201707473 0.00011326232130705331 -0.00014405178458483706 -3.4775114975889139e-06 -5.1683845806169643e-07
leaf_weight=74250 95388 54192 5681 6613 1805 5089 687 57370 3275 57017 83407 27268 655441 169535
leaf_count=74250 95388 54192 5681 6613 1805 5089 687 57370 3275 57017 83407 27268 655441 169535
internal_value=2.61363e-06 -3.31814e-05 -6.50431e-05 1.97818e-05 0.000184364 -0.000222017 -0.000163872 8.01974e-06 4.79521e-05 0.000106094 2.57906e-06 -5.23293e-05 7.72829e-06 3.68839e-05
internal_weight=1.29702e+06 169455 106158 63297 9105 10770 2492 1.12756e+06 134542 60292 993021 84638 908383 252942
internal_count=1297018 169455 106158 63297 9105 10770 2492 1127563 134542 60292 993021 84638 908383 252942
is_linear=0
shrinkage=0.01


Tree=464
num_leaves=15
num_cat=0
split_feature=11 28 22 24 26 24 26 24 17 24 6 19 26 27
split_gain=3.14698 3.10897 3.55252 3.25818 4.90962 2.98719 2.81943 2.4213 2.90926 2.74839 2.40362 2.27087 5.2225 2.52364
threshold=-0.37888888888888883 0.49000000000000005 0.23979166666666671 -0.46906887755102039 0.31031746031746038 0.28759398496240607 0.14142857142857146 -0.23979166666666663 0.37095282146160968 -0.32807881773399011 0.49000000000000005 -0.47979591836734686 0.87902439024390255 -0.019259259259259278
decision_type=2 8 2 8 2 10 2 10 2 10 10 2 2 2
left_child=1 2 3 4 -1 6 -3 9 -9 -4 -5 12 -2 -13
right_child=11 5 7 10 -6 -7 -8 8 -10 -11 -12 13 -14 -15
leaf_value=0.00074644279768502843 0.00036989754899616661 3.8008997568073845e-06 -0.00016634533930810096 -4.7478982455657567e-05 -9.3681381782516839e-07 3.9594907995074969e-05 -0.00074862503078126875 -0.00019498119236979622 0.00030040224356170093 -0.00073700219990007962 0.00035356302278258001 1.7523163159553164e-05 -0.000357251181186802 -1.1345538774304436e-05
leaf_weight=1362 4363 577 2143 54857 2247 1161 1823 6615 1403 1614 1519 568011 1235 647861
leaf_count=1362 4363 577 2143 54857 2247 1161 1823 6615 1403 1614 1519 568011 1235 647861
internal_value=-7.78444e-07 -6.35284e-05 -4.87231e-05 -1.69999e-05 0.000273197 -0.00035317 -0.000555466 -0.000207737 -0.000104478 -0.00041987 -3.61229e-05 3.06657e-06 0.000204016 2.1162e-06
internal_weight=1.29679e+06 75321 71760 59985 3609 3561 2400 11775 8018 3757 56376 1.22147e+06 5598 1.21587e+06
internal_count=1296791 75321 71760 59985 3609 3561 2400 11775 8018 3757 56376 1221470 5598 1215872
is_linear=0
shrinkage=0.01


Tree=465
num_leaves=15
num_cat=0
split_feature=22 17 23 19 28 10 22 10 15 25 14 22 28 28
split_gain=2.97071 4.31825 3.81954 3.96397 2.80957 2.68776 2.61078 5.84085 3.8211 3.09416 3.01002 2.55675 2.96101 2.46309
threshold=-0.45698427382053647 -0.47752525252525252 0.012049941927990694 -0.43683510638297868 -0.025657894736842126 0.031582446808510641 -0.079473684210526321 0.019615384615384649 0.45603864734299526 0.70000000000000018 -0.22170212765957442 0.32025641025641027 0.49000000000000005 -0.27207792207792203
decision_type=2 2 10 2 10 2 2 2 2 2 2 2 8 8
left_child=1 -1 3 5 -4 -3 -2 11 10 -10 -9 12 -8 -5
right_child=6 2 4 13 -6 -7 7 8 9 -11 -12 -13 -14 -15
leaf_value=-0.0007609494035951082 2.5718279020469269e-05 0.00033948879820381038 -2.1541996315229282e-05 0 0.00063960483848398515 -0.00025342955177273558 -1.4798200308429978e-05 -7.080353751437915e-05 0 0.00036920729411965434 2.5096295741643131e-05 -8.3240334834443208e-05 -0.0001768107627597483 -0.00020721164205275187
leaf_weight=941 372642 3037 1150 8060 1248 961 382912 35748 4030 5641 372523 75968 11668 19047
leaf_count=941 372642 3037 1150 8060 1248 961 382912 35748 4030 5641 372523 75968 11668 19047
internal_value=9.61047e-07 -9.06294e-05 -7.08403e-05 -0.000101224 0.000310416 0.000189388 3.48656e-06 -5.80394e-06 2.13595e-05 0.000218046 1.66254e-05 -2.99943e-05 -1.96664e-05 -0.000145209
internal_weight=1.29558e+06 34444 33503 31105 2398 3998 1.26113e+06 888490 417942 9671 408271 470548 394580 27107
internal_count=1295576 34444 33503 31105 2398 3998 1261132 888490 417942 9671 408271 470548 394580 27107
is_linear=0
shrinkage=0.01


Tree=466
num_leaves=15
num_cat=0
split_feature=17 3 24 18 22 3 18 27 23 2 22 22 21 16
split_gain=3.2038 2.89554 4.63952 3.13576 2.82839 2.76686 3.46625 2.66637 3.60636 2.76805 2.53668 2.28329 2.12068 2.22144
threshold=-0.38467117988394578 0.43938775510204087 0.26568627450980398 0.20106382978723406 0.3255434782608696 -0.40212765957446805 -0.1633333333333333 -0.21269841269841269 0.091666666666666688 0.011766334440753036 -0.43969696969696964 -0.070714285714285716 -0.43938775510204076 0.45603864734299526
decision_type=2 10 10 2 2 8 2 2 8 8 2 2 2 2
left_child=1 3 4 -1 -3 10 12 9 -9 -8 -2 -12 -7 -14
right_child=5 2 -4 -5 -6 6 7 8 -10 -11 11 -13 13 -15
leaf_value=-2.5833357027841524e-05 -0.00035276142133206591 -2.803183122946936e-05 -0.00058791788755113022 -0.00055993261528112734 -0.00080612468271961584 0.00021924363489943241 -1.1856738740568245e-05 -1.1668141481070954e-05 0.00015993287637256013 5.1948861339986225e-05 4.3706749214128418e-05 -9.3394769929845513e-05 5.3367484127949256e-05 -0.00026941158166099964
leaf_weight=40513 2933 6290 2709 1136 512 7754 111238 778131 12421 172286 17669 37298 103694 2146
leaf_count=40513 2933 6290 2709 1136 512 7754 111238 778131 12421 172286 17669 37298 103694 2146
internal_value=-4.18601e-07 -7.79942e-05 -0.000236072 -4.11607e-05 -9.13385e-05 2.7438e-06 6.05777e-06 4.73792e-07 -8.93343e-06 2.68097e-05 -6.47124e-05 -4.87781e-05 5.85909e-05 4.6532e-05
internal_weight=1.29673e+06 51160 9511 41649 6802 1.24557e+06 1.18767e+06 1.07408e+06 790552 283524 57900 54967 113594 105840
internal_count=1296730 51160 9511 41649 6802 1245570 1187670 1074076 790552 283524 57900 54967 113594 105840
is_linear=0
shrinkage=0.01


Tree=467
num_leaves=15
num_cat=0
split_feature=22 16 11 11 20 11 14 22 7 27 11 18 25 25
split_gain=3.49727 2.96755 2.88983 2.71452 5.92676 4.16183 2.93383 2.4607 2.24445 2.90995 2.52101 2.51515 2.22772 2.00715
threshold=-0.45698427382053647 -0.42590909090909085 -0.19782608695652171 0.012049941927990694 -0.43683510638297868 0.013335704125177818 -0.082553191489361702 0.49500000000000005 -0.41918367346938773 -0.14946808510638296 0.04083333333333334 -0.17888888888888885 1.0000000180025095e-35 0.82500000000000018
decision_type=2 2 2 2 2 2 2 2 2 2 2 2 2 2
left_child=1 2 -1 4 6 -5 -3 8 10 12 13 -11 -10 -2
right_child=7 3 -4 5 -6 -7 -8 -9 9 11 -12 -13 -14 -15
leaf_value=0 -6.932187658121107e-05 2.1942390679224697e-05 -0.00079888913367582529 0.00067610141654247957 -0.00021658057797582336 -1.0020748720857076e-05 0.00071559791123359032 -0.00013458602206130356 0.00020157438098578133 4.4925923566175862e-05 3.3082752678745935e-05 -9.5297799781532992e-06 2.680963029760051e-05 -0.00026078981617953415
leaf_weight=832 25821 1860 1158 950 17339 11265 980 12784 7497 96078 18281 718875 375977 7244
leaf_count=832 25821 1860 1158 950 17339 11265 980 12784 7497 96078 18281 718875 375977 7244
internal_value=6.18343e-07 -9.88553e-05 -0.000476226 -7.4705e-05 -0.000146251 4.10387e-05 0.000272357 3.35136e-06 4.78665e-06 7.58281e-06 -5.98887e-05 -3.07283e-06 3.03061e-05 -0.000112196
internal_weight=1.29694e+06 34384 1990 32394 20179 12215 2840 1.26256e+06 1.24977e+06 1.19843e+06 51346 814953 383474 33065
internal_count=1296941 34384 1990 32394 20179 12215 2840 1262557 1249773 1198427 51346 814953 383474 33065
is_linear=0
shrinkage=0.01


end of trees

feature_importances:
btc_vol_24h=784
vol_12h_cs_rank=730
funding_rate_binance=531
btc_ret_12h=485
ret_12h=441
breadth_pct_positive=432
oi_change_24h=317
top_long_pct=303
taker_cvd_24h=271
global_ls_ratio=257
oi_zscore_7d=256
ls_divergence=254
top_ls_ratio=200
top_ls_zscore=177
top_ls_change_24h=165
oi_change_1h=155
regime_composite=152
oi_change_4h=116
oi_change_12h=96
oi_change_12h_cs=93
taker_cvd_12h=90
global_long_pct=68
oi_ret_interaction_12h=66
oi_ret_interaction=56
top_ls_change_12h=40
taker_buy_sell_ratio=10
taker_flow_zscore=4
taker_imbalance=2
taker_imbalance_cs=1

parameters:
[boosting: gbdt]
[objective: regression]
[metric: l2]
[tree_learner: serial]
[device_type: cpu]
[data_sample_strategy: bagging]
[data: ]
[valid: ]
[num_iterations: 3000]
[learning_rate: 0.01]
[num_leaves: 15]
[num_threads: 14]
[seed: 42]
[deterministic: 0]
[force_col_wise: 0]
[force_row_wise: 0]
[histogram_pool_size: -1]
[max_depth: 5]
[min_data_in_leaf: 500]
[min_sum_hessian_in_leaf: 0.001]
[bagging_fraction: 0.7]
[pos_bagging_fraction: 1]
[neg_bagging_fraction: 1]
[bagging_freq: 1]
[bagging_seed: 400]
[bagging_by_query: 0]
[feature_fraction: 0.7]
[feature_fraction_bynode: 1]
[feature_fraction_seed: 30056]
[extra_trees: 0]
[extra_seed: 12879]
[early_stopping_round: 0]
[early_stopping_min_delta: 0]
[first_metric_only: 0]
[max_delta_step: 0]
[lambda_l1: 3]
[lambda_l2: 3]
[linear_lambda: 0]
[min_gain_to_split: 0.02]
[drop_rate: 0.1]
[max_drop: 50]
[skip_drop: 0.5]
[xgboost_dart_mode: 0]
[uniform_drop: 0]
[drop_seed: 17869]
[top_rate: 0.2]
[other_rate: 0.1]
[min_data_per_group: 100]
[max_cat_threshold: 32]
[cat_l2: 10]
[cat_smooth: 10]
[max_cat_to_onehot: 4]
[top_k: 20]
[monotone_constraints: ]
[monotone_constraints_method: basic]
[monotone_penalty: 0]
[feature_contri: ]
[forcedsplits_filename: ]
[refit_decay_rate: 0.9]
[cegb_tradeoff: 1]
[cegb_penalty_split: 0]
[cegb_penalty_feature_lazy: ]
[cegb_penalty_feature_coupled: ]
[path_smooth: 0]
[interaction_constraints: ]
[verbosity: -1]
[saved_feature_importance_type: 0]
[use_quantized_grad: 0]
[num_grad_quant_bins: 4]
[quant_train_renew_leaf: 0]
[stochastic_rounding: 1]
[linear_tree: 0]
[max_bin: 255]
[max_bin_by_feature: ]
[min_data_in_bin: 3]
[bin_construct_sample_cnt: 200000]
[data_random_seed: 175]
[is_enable_sparse: 1]
[enable_bundle: 1]
[use_missing: 1]
[zero_as_missing: 0]
[feature_pre_filter: 1]
[pre_partition: 0]
[two_round: 0]
[header: 0]
[label_column: ]
[weight_column: ]
[group_column: ]
[ignore_column: ]
[categorical_feature: ]
[forcedbins_filename: ]
[precise_float_parser: 0]
[parser_config_file: ]
[objective_seed: 16083]
[num_class: 1]
[is_unbalance: 0]
[scale_pos_weight: 1]
[sigmoid: 1]
[boost_from_average: 1]
[reg_sqrt: 0]
[alpha: 0.9]
[fair_c: 1]
[poisson_max_delta_step: 0.7]
[tweedie_variance_power: 1.5]
[lambdarank_truncation_level: 30]
[lambdarank_norm: 1]
[label_gain: ]
[lambdarank_position_bias_regularization: 0]
[eval_at: ]
[multi_error_top_k: 1]
[auc_mu_weights: ]
[num_machines: 1]
[local_listen_port: 12400]
[time_out: 120]
[machine_list_filename: ]
[machines: ]
[gpu_platform_id: -1]
[gpu_device_id: -1]
[gpu_use_dp: 0]
[num_gpu: 1]

end of parameters

pandas_categorical:[]
