tree
version=v4
num_class=1
num_tree_per_iteration=1
label_index=0
max_feature_idx=145
objective=lambdarank
feature_names=ret_1h ret_2h ret_4h ret_6h ret_24h ret_48h ret_72h ret_168h close_open_ratio high_close_ratio low_close_ratio close_ma6_ratio close_ma12_ratio close_ma24_ratio vol_ma24_ratio close_ma48_ratio close_ma72_ratio vol_ma72_ratio close_ma168_ratio vol_ma168_ratio close_ma336_ratio close_ma720_ratio vol_ma720_ratio gk_vol_12h gk_vol_24h gk_vol_48h gk_vol_168h ret_std_24h ret_skew_24h ret_kurt_24h ret_mean_24h ret_sharpe_24h ret_std_48h ret_skew_48h ret_kurt_48h ret_mean_48h ret_sharpe_48h ret_std_168h ret_skew_168h ret_kurt_168h ret_mean_168h ret_sharpe_168h vol_mom_24h vol_mom_48h vwap_dev_12h vwap_dev_24h vwap_dev_48h vol_price_corr_24h vol_price_corr_48h vol_price_corr_168h rsi_12 rsi_14 rsi_24 macd macd_signal macd_diff bb_high_20 bb_low_20 bb_width_20 bb_pband_20 bb_high_48 bb_low_48 bb_width_48 bb_pband_48 atr_14 atr_24 atr_48 adx adx_pos adx_neg stoch_k stoch_d cci_14 cci_48 willr_14 obv_ma_ratio_24 obv_ma_ratio_48 btc_ret_1h btc_ret_4h btc_ret_12h btc_ret_24h btc_ret_48h btc_ret_168h eth_ret_1h eth_ret_4h eth_ret_12h eth_ret_24h btc_regime_24 btc_vol_24h eth_btc_ret_24h market_dispersion ret_vs_btc_24h regime_btc_ma720_slope regime_btc_dd_720 regime_low_vol breadth_pct_positive regime_breadth_bullish regime_composite mom_12h_zscore vwap_12h_dist mom_3d mom_7d mom_accel_12h vol_trend_12_48 range_expansion_12h vwpc_12h ll_count_12h vol_crush_ratio direction_quality_12h ret_12h_cs_rank vol_12h_cs_rank fng_value fng_ma7 fng_ma30 fng_momentum funding_rate market_funding_std funding_vs_market long_short_ratio reversal_4v24 reversal_12v48 reversal_24v168 vol_surge_24h cross_coin_disp_ma24 ret_skew_48h_cs ret_skew_168h_cs btc_beta_48h btc_beta_168h oi_value_usd top_ls_ratio top_long_pct global_ls_ratio global_long_pct oi_change_4h oi_change_12h oi_change_24h oi_zscore_7d oi_ret_interaction_12h oi_change_12h_cs taker_cvd_12h taker_cvd_24h top_ls_change_12h top_ls_change_24h top_ls_zscore ls_divergence funding_rate_binance
feature_infos=[-0.47999999999999998:0.5] [-0.47999999999999998:0.5] [-0.47999999999999998:0.5] [-0.47999999999999998:0.5] [-0.47999999999999998:0.5] [-0.47999999999999998:0.5] [-0.47999999999999998:0.5] [-0.47999999999999998:0.5] [-0.47999999999999998:0.5] [-0.47999999999999998:0.5] [-0.47999999999999998:0.5] [-0.47999999999999998:0.5] [-0.47999999999999998:0.5] [-0.47999999999999998:0.5] [-0.47999999999999998:0.5] [-0.47999999999999998:0.5] [-0.47999999999999998:0.5] [-0.47999999999999998:0.5] [-0.47999999999999998:0.5] [-0.47999999999999998:0.5] [-0.47999999999999998:0.5] [-0.47999999999999998:0.5] [-0.47999999999999998:0.5] [-0.47999999999999998:0.5] [-0.47999999999999998:0.5] [-0.47999999999999998:0.5] [-0.47999999999999998:0.5] [-0.47999999999999998:0.5] [-0.47999999999999998:0.5] [-0.47999999999999998:0.5] [-0.47999999999999998:0.5] [-0.47999999999999998:0.5] [-0.47999999999999998:0.5] [-0.47999999999999998:0.5] [-0.47999999999999998:0.5] [-0.47999999999999998:0.5] [-0.47999999999999998:0.5] [-0.47999999999999998:0.5] [-0.47999999999999998:0.5] [-0.47999999999999998:0.5] [-0.47999999999999998:0.5] [-0.47999999999999998:0.5] [-0.47999999999999998:0.5] [-0.47999999999999998:0.5] [-0.47999999999999998:0.5] [-0.47999999999999998:0.5] [-0.47999999999999998:0.5] [-0.47999999999999998:0.5] [-0.47999999999999998:0.5] [-0.47999999999999998:0.5] [-0.47999999999999998:0.5] [-0.47999999999999998:0.5] [-0.47999999999999998:0.5] [-0.47999999999999998:0.5] [-0.47999999999999998:0.5] [-0.47999999999999998:0.5] [-0.47999999999999998:0.5] [-0.47999999999999998:0.5] [-0.47999999999999998:0.5] [-0.47999999999999998:0.5] [-0.47999999999999998:0.5] [-0.47999999999999998:0.5] [-0.47999999999999998:0.5] [-0.47999999999999998:0.5] [-0.47999999999999998:0.5] [-0.47999999999999998:0.5] [-0.47999999999999998:0.5] [-0.47999999999999998:0.5] [-0.47999999999999998:0.5] [-0.47999999999999998:0.5] [-0.47999999999999998:0.5] [-0.47999999999999998:0.5] [-0.47999999999999998:0.5] [-0.47999999999999998:0.5] [-0.47999999999999998:0.5] [-0.47999999999999998:0.5] [-0.47999999999999998:0.5] [-0.45454545454545453:0.5] [-0.47999999999999998:0.5] [-0.47999999999999998:0.5] [-0.47999999999999998:0.5] [-0.47999999999999998:0.5] [-0.47999999999999998:0.5] [-0.45454545454545453:0.5] [-0.47999999999999998:0.5] [-0.47999999999999998:0.5] [-0.47999999999999998:0.5] [0:1] [-0.47999999999999998:0.5] [-0.47999999999999998:0.5] [0.010000000000000009:0.5] [-0.47999999999999998:0.5] [0:1] [-0.63521325324730005:0] [0:1] [0:1] [0:1] [0:1] [-0.47999999999999998:0.5] [-0.47999999999999998:0.5] [-0.47999999999999998:0.5] [-0.47999999999999998:0.5] [-0.47999999999999998:0.5] [-0.47999999999999998:0.5] [-0.47999999999999998:0.5] [-0.47999999999999998:0.5] [-0.47999999999999998:0.5] [-0.47999999999999998:0.5] [-0.47999999999999998:0.5] [-0.47999999999999998:0.5] [-0.47999999999999998:0.5] [5:95] [0:94] [0:92.349999999999994] [-59.084722222222226:50.370833333333337] [0.010000000000000009:0.5] [0.010000000000000009:0.5] [0.010000000000000009:0.5] [0.010000000000000009:0.5] [-0.47999999999999998:0.5] [-0.47999999999999998:0.5] [-0.47999999999999998:0.5] [-0.47999999999999998:0.5] [-0.47999999999999998:0.5] [-0.47999999999999998:0.5] [-0.47999999999999998:0.5] [-0.47999999999999998:0.5] [-0.47999999999999998:0.5] [-0.47999999999999998:0.5] [-0.47999999999999998:0.5] [-0.47999999999999998:0.5] [-0.47999999999999998:0.5] [-0.47999999999999998:0.5] [-0.47999999999999998:0.5] [-0.47999999999999998:0.5] [-0.47999999999999998:0.5] [-0.47999999999999998:0.5] [-0.47999999999999998:0.5] [-0.47999999999999998:0.5] [-0.47999999999999998:0.5] [-0.47999999999999998:0.5] [-0.47999999999999998:0.5] [-0.47999999999999998:0.5] [-0.47999999999999998:0.5] [-0.47999999999999998:0.5] [-0.47999999999999998:0.5]
tree_sizes=3654 3638 3629 3635 3632 3621 3626 3628 3626 3619 3622 3649 3654 3646 3617 3637 3643 3638 3644 3634 3623 3617 3655 3631 3629 3615 3624 3626 3641 3637 3627 3622 3640 3625 3626 3646 3646 3654 3646 3626 3640 3630 3634 3634 3612 3623 3626 3633 3640 3632 3648 3637 3628 3650 3642 3620 3631 3650 3651 3631 3633

Tree=0
num_leaves=31
num_cat=0
split_feature=7 11 73 131 82 54 144 50 0 144 115 131 38 34 62 112 62 102 38 40 48 83 86 114 12 73 140 93 131 100
split_gain=201.7 121.544 87.9475 82.2954 42.8899 41.6777 37.7854 36.2624 32.4071 30.9044 30.4197 25.5459 23.4129 23.2668 27.3565 21.278 21.0342 20.8147 19.9723 19.4091 18.0852 17.8053 17.7881 17.0147 16.1732 16.1482 16.8645 15.0943 14.7876 14.5716
threshold=0.37779990044798412 -0.27718676122931435 0.22046511627906976 -0.29893617021276592 0.010990338164251214 0.49000000000000005 0.29356060606060608 0.28024390243902447 0.080322580645161304 0.37095282146160968 0.018187830687830701 0.012347560975609741 -0.18133462282398449 0.33503401360544227 0.45293466223698786 75.502976190476204 0.39897959183673476 0.31016731016731025 -0.10208333333333332 0.26330532212885155 0.27346041055718479 0.012049941927990694 0.010527482269503509 -5.0034722222222232 -0.38047619047619041 -0.30217391304347824 0.26839539007092206 -0.19669787127147212 -0.47979591836734686 -0.43683510638297868
decision_type=2 2 2 2 2 2 2 2 2 2 2 2 2 2 2 2 2 2 2 2 2 2 2 2 2 2 2 2 2 2
left_child=1 10 9 25 6 8 18 -7 20 13 16 -10 21 14 -2 -15 19 -14 -4 -1 -5 -6 23 -11 -12 -3 -27 -28 -8 -18
right_child=2 3 4 5 12 7 28 -9 11 22 24 -13 17 15 -16 -17 29 -19 -20 -21 -22 -23 -24 -25 -26 26 27 -29 -30 -31
leaf_value=0.0004462903862535353 -9.4382066167859066e-05 -0.00086044962151232457 -0.004001330397863127 -0.00023738833605935368 0.0010876301986450499 -0.00040043123936540188 0.0060756029214707966 0.003287087603603191 -0.00052073020549755036 -0.00064774506155459023 0.00292520100393567 -0.001326943923198286 0.0020143893918119185 -0.0021591719888457116 0.0025125368819188536 0.003898038281167564 0.0041329750311430158 0.0040321663348546199 0.00036398644670957803 -0.0012449695549425891 -0.0010928986981520476 0.0073396292403112989 -0.0015991580856057172 0.0037253106123261472 0.0011208416246664508 0.0018703406155066906 0.0029744795598885144 -0.0013782113325568712 0.0021200160674609203 0.0011338356619249026
leaf_weight=5501.5803777902765 2193.3693462326737 334.94177641032729 119.0615326713305 13608.220526284313 62.724885013769381 570.84426859667292 106.55535306266393 492.46591766411439 6427.9546097434868 104.04472007998265 809.64535070979036 10332.086565772173 1206.6155602083309 669.83976270423227 490.31972275150474 61.501752724172547 217.7976543699333 935.76473580539459 811.72433108773839 770.86585287353955 3034.5729861101136 221.19819515268318 97.728903608920518 484.14920140226604 1365.3331198843662 1914.0280697082344 103.72295346457395 326.43399625300663 1110.1772249991482 695.80594478177954
leaf_count=145003 47317 9193 3037 332806 1394 9994 2529 8230 168562 2749 12711 231659 21625 14020 9355 1379 5203 16612 18479 20535 70473 2835 2515 11646 21925 49264 2632 9003 26963 17357
internal_value=3.78661e-06 -0.000257154 0.00140373 -0.000513953 0.00235737 -0.000645378 0.00131932 0.00129951 -0.000707626 0.000337384 0.000760721 -0.00101838 0.0032711 -4.9026e-05 0.000378945 -0.00163151 0.000445127 0.00290186 -0.000187366 0.00023668 -0.000394035 0.00600219 0.00227304 0.00293501 0.00179815 0.00117267 0.00146768 -0.000300997 0.00247934 0.00186348
internal_weight=55181.1 46506.3 8674.78 37145.3 4573.82 34466.1 2147.52 1063.31 33402.8 4100.95 9361.03 16760 2426.3 3415.03 2683.69 731.342 7186.05 2142.38 930.786 6272.45 16642.8 283.923 685.923 588.194 2174.98 2679.13 2344.19 430.157 1216.73 913.604
internal_count=1297005 1114550 182455 891816 93474 821724 51008 18224 803500 88981 222734 400221 42466 72071 56672 15399 188098 38237 21516 165538 403279 4229 16910 14395 34636 70092 60899 11635 29492 22560
is_linear=0
shrinkage=0.01


Tree=1
num_leaves=31
num_cat=0
split_feature=21 11 59 53 82 113 140 18 82 12 77 53 36 46 34 110 110 93 112 88 140 0 53 25 113 18 113 93 112 38
split_gain=2402.54 886.428 467.39 459.54 221.87 201.332 218.458 182.358 213.856 175.728 170.87 168.551 153.207 174.103 150.445 145.97 158.811 143.848 137.909 136.776 122.275 121.238 119.732 102.433 96.1824 113.398 91.5528 89.4511 86.571 85.1987
threshold=0.32683658170914548 -0.27718676122931435 0.2473404255319149 0.41366459627329194 0.011766334440753036 65.022916666666688 0.039230769230769243 0.28024390243902447 0.012049941927990694 -0.44058823529411756 0.018874643874643885 0.080322580645161304 0.45293466223698786 -0.43683510638297868 -0.19883720930232557 0.33503401360544227 -0.45180023228803712 -0.2293319859862222 22.848214285714288 0.45080645161290328 0.023268398268398275 0.16064516129032261 0.43513323983169711 0.4793792517006803 91.888194444444466 0.32025641025641027 12.284722222222223 -0.071606447357778089 75.657738095238116 0.1526175687666371
decision_type=2 2 2 2 2 2 2 2 2 2 2 2 2 2 2 2 2 2 2 2 2 2 2 2 2 2 2 2 2 2
left_child=1 9 12 7 14 6 19 8 28 27 -11 -8 13 -2 23 16 -5 -18 29 -6 -20 -10 26 -4 25 -7 -15 -1 -3 -9
right_child=2 3 4 15 5 24 11 18 21 10 -12 -13 -14 22 -16 -17 17 -19 20 -21 -22 -23 -24 -25 -26 -27 -28 -29 -30 -31
leaf_value=0.0031707892646603399 0.0021497023639640298 -0.0013434356852736623 0.0034871302159851687 -0.0015806028121782326 0.00098036391690738307 -0.00032595307426072905 0.001261247720526023 0.0027939583580580329 -0.002056559625637566 -0.00054562973352762271 0.0011789976335154081 0.0052469619718014046 0.0019762921493158819 -0.0040285329643582422 0.00085978163616314105 -0.0022178866809810867 -0.0018189164528149249 0.0018853376084192431 -0.00025665587904550653 0.0063478339553769952 -0.0024907163831344161 -0.0035435655646528985 0.0019955323982213781 -2.626760014466436e-05 -0.00066871887912260284 0.0061224116630419914 -0.00018967419948482823 0.0006481771198297427 -0.0033009738223766607 -0.00070822610327838569
leaf_weight=3540.7056247979635 4354.1841823200812 32888.912949220758 4736.2212268172589 2288.7284625264583 6236.6307813520543 293.2617305170279 1490.5368955526501 1627.3648808560683 12143.890762624913 12734.906595044275 10459.347299452405 3750.8940855441615 7254.9361289977096 642.93836803501472 10571.821230579037 1925.0091869147727 1212.6497868368169 7596.2382655813708 5850.9184566137847 514.07595513784327 4228.1622963447007 10088.175157163874 2528.7805462009273 999.20261244912399 258.3500245437026 3391.2080619191984 17997.936217604991 2350.5242533324927 2434.3723281762213 1204.362629844225
leaf_count=16716 19929 495392 18684 14696 15852 1887 2361 9457 86783 148612 28110 4815 17810 2439 39238 10369 4270 41003 51168 1517 29323 60821 9651 2317 741 7165 99200 13161 37447 6221
internal_value=4.65758e-06 -0.000879232 0.00153513 -0.00140302 0.0023901 0.00322988 0.00258331 -0.00172197 -0.001963 0.000623927 0.00023167 0.00411589 0.000693794 0.000328799 0.00156874 0.000322108 0.00076376 0.00137412 -0.000646668 0.00139147 -0.00119499 -0.00273189 -4.53364e-05 0.0028734 0.00519272 0.0056065 -0.000322825 0.00216628 -0.00147872 0.00130119
internal_weight=177595 112574 65021 83488.8 32242.2 15935 11992.1 70466.2 57555.4 29085.5 23194.3 5241.43 32778.8 25523.8 16307.2 13022.6 11097.6 8808.89 12910.8 6750.71 10079.1 22232.1 21169.7 5735.42 3942.82 3684.47 18640.9 5891.23 35323.3 2831.73
internal_count=1297155 1053549 243606 846950 94577 34338 24545 776612 680443 206599 176722 7176 149029 131219 60239 70338 59969 45273 96169 17369 80491 147604 111290 21001 9793 9052 101639 29877 532839 15678
is_linear=0
shrinkage=0.01


Tree=2
num_leaves=31
num_cat=0
split_feature=41 12 131 51 53 82 130 24 131 114 93 8 62 48 96 142 62 144 41 82 110 131 128 93 64 9 111 36 91 63
split_gain=2715.34 913.819 644.23 490.815 379.764 214.25 287.541 229.886 207.413 188.632 182.78 182.664 150.572 129.873 124.733 143.808 133.632 123.272 121.342 133.852 122.507 120.069 159.456 119.138 118.963 118.751 101.988 98.2948 96.0608 91.8898
threshold=0.36023255813953492 -0.3876262626262626 -0.3010416666666666 0.22821969696969699 0.49000000000000005 0.010990338164251214 -0.43938775510204076 -0.35565476190476181 -0.43683510638297868 25.805555555555561 -0.084376800763772783 -0.14365079365079361 0.37026647966339415 0.43813775510204089 1.0000000180025095e-35 0.16333333333333336 0.16333333333333336 0.25532879818594106 0.16333333333333336 0.15476190476190479 0.018620689655172443 -0.44159090909090903 0.38318181818181823 -0.34075579256565142 0.49000000000000005 0.49000000000000005 38.500000000000007 0.49000000000000005 0.05137227304714987 0.19139194139194141
decision_type=2 2 2 2 2 2 2 2 2 2 2 2 2 2 2 2 2 2 2 2 2 2 2 2 2 2 2 2 2 2
left_child=1 10 21 8 11 6 12 26 28 13 25 -4 -5 -9 16 -16 -10 -8 20 -20 -6 -3 23 -23 -17 -1 -7 -14 -2 -13
right_child=3 2 4 5 18 7 17 9 14 -11 -12 29 27 -15 15 24 -18 -19 19 -21 -22 22 -24 -25 -26 -27 -28 -29 -30 -31
leaf_value=0.0014917119115970235 0.0041322187211781623 0.0033581970643806231 -0.0010646341666165379 0.0057124463713167338 0.00068280375747525488 0.0026146841324402436 -0.00091680997815900506 0.0034730318943841446 -0.0010799296346627235 -0.0019454503090798165 -7.0668754993400489e-05 -0.0024107213329234217 0.00028237529609129533 0.0017626551032944473 -0.00037380336609567127 -0.0020277658408071574 0.0018268855511877694 0.0013311529463246904 0.001914408188104906 0.011572961310811933 -0.0034107234772739587 0.0080961067575692856 0.0023229436077060474 -0.00080419735268175195 -0.0090652158814170866 0.0045259915718294493 0.0087416728688692741 0.004073562512015837 0.00052750217756667979 -0.0015311852755900185
leaf_weight=9910.7006079151761 1939.5946344426484 1876.1262998585007 24241.672489388788 1994.4192802839098 3006.3865788977128 386.11858984117862 3346.1067352163373 14348.904232867586 2322.6227929007728 817.7383457494434 8154.9230265027436 35218.556252390845 1439.8734364679549 6475.7577042605844 7122.0888948451029 785.40353363193572 4931.2388773714774 8957.031918954337 2222.6942182042403 153.08242890611291 964.25059674307704 153.95150729292072 3155.5906793320319 4969.1256287083379 349.11251820044708 1487.7032523787348 969.26641674921848 1312.4118158719502 1205.8302181707113 18060.34359076395
leaf_count=44293 5174 10660 275552 3974 10049 861 23015 31996 16780 1805 52212 442339 2805 12349 36936 4471 22241 27362 6177 168 2559 953 15515 43462 627 3069 2187 2033 3304 192527
internal_value=7.11305e-06 -0.000895409 -0.00130451 0.0017534 -0.0015926 0.00237753 0.00152671 0.00300777 0.000413023 0.00275655 0.00107122 -0.00178517 0.00361772 0.00294175 -6.12344e-05 -0.000902335 0.00089475 0.000718933 0.000758025 0.00254557 -0.000309381 0.00107366 0.000554385 -0.000533259 -0.00420821 0.00188898 0.00700682 0.00209464 0.0027541 -0.0021128
internal_weight=172279 113575 94021.8 58703.5 83867 40047.6 17049.8 22997.8 18655.9 21642.4 19553.3 77520.6 4746.7 20824.7 15510.5 8256.6 7253.86 12303.1 6346.41 2375.78 3970.64 10154.8 8278.67 5123.08 1134.52 11398.4 1355.39 2752.29 3145.42 53278.9
internal_count=1297455 1099535 999961 197920 929371 108387 59189 49198 89533 46150 99574 910418 8812 44345 81055 42034 39021 50377 18953 6345 12608 70590 59930 44415 5098 47362 3048 4838 8478 634866
is_linear=0
shrinkage=0.01


Tree=3
num_leaves=31
num_cat=0
split_feature=21 53 99 51 24 36 1 131 13 131 31 71 144 79 25 62 97 126 53 79 145 78 112 105 128 108 20 88 131 126
split_gain=2755.77 685.798 960.943 544.095 304.468 299.285 236.23 216.447 214.526 191.448 141.111 139.016 118.963 114.361 111.691 110.64 121.043 137.731 109.122 120.962 118.053 106.37 106.497 105.823 97.7041 105.854 94.7646 91.3856 95.6802 90.2388
threshold=0.3585714285714286 0.41864313292884731 -0.3876262626262626 0.27113095238095247 -0.33156028368794321 0.45180023228803717 -0.26020833333333326 -0.43683510638297868 -0.44058823529411756 -0.28062499999999996 0.47979591836734697 0.49500000000000005 1.0000000180025095e-35 0.014495798319327681 0.32025641025641027 0.49000000000000005 0.92500000000000016 0.47849213691026832 0.17006802721088435 0.014495798319327681 -0.2474489795918367 0.080128205128205135 89.098214285714306 0.47646733111849393 0.21583850931677021 0.095491388044579531 -0.19006568144499175 0.2950000000000001 -0.45959183673469384 -0.47894503546099287
decision_type=2 2 2 2 2 2 2 2 2 2 2 2 2 2 2 2 2 2 2 2 2 2 2 2 2 2 2 2 2 2
left_child=1 2 8 7 10 6 13 26 -1 -8 21 27 -5 -4 -14 16 17 -9 19 -16 -20 22 -3 -7 -17 -26 -2 -6 -29 -28
right_child=3 4 5 12 11 23 9 15 -10 -11 -12 -13 14 -15 18 24 -18 -19 20 -21 -22 -23 -24 -25 25 -27 29 28 -30 -31
leaf_value=0.002626153754708566 0.010754871006459393 0.0016366943851860137 -0.0015015040295610648 -0.0027989630026596748 -0.0013630702090099292 -0.00037287502224548464 -0.00010754666480094402 -0.00031134606738130713 0.00011978121722656861 -0.0023596846555515062 0.0071294801168083613 0.0023188317358179399 0.0032321712862270024 0.00037409562431007121 0.0043526557506831792 0.0023219346096882681 -0.0020728147549139713 0.0030511380524011955 0.0031723328249431506 0.0012171344326418136 0.0011697437416168517 0.011954604573217989 0.0092961036566893071 0.0027930475655724056 -0.0071267607522699505 0.0020508795353451226 0.0062274449079524367 0.010520679202456555 0.00047990745802822202 0.0016623611752850851
leaf_weight=5321.3236613419722 129.60830199625343 5993.0567356055835 7863.1512915969943 417.994730175531 6344.2264024420874 3257.9104303662898 4069.4023723980645 9673.1437007891946 9554.8501109940407 53806.546532966546 599.28340404853225 1812.3145702562761 14423.677830706409 5529.0495123043656 3678.6441390601103 2901.0036527598859 3289.3444750111667 1392.4199965193984 3924.0015217185719 1865.0927598718554 11918.313682726701 105.8836677968502 186.94109437754378 1558.0045262633357 245.83211576647591 252.91094006923959 480.46025608456694 97.886892911046743 2471.7465784461237 4532.4075477340957
leaf_count=21979 353 26134 128057 5277 41874 21092 43445 66276 64126 695122 1259 4720 35909 27638 9856 7176 23181 5650 8758 3331 26750 145 948 5352 672 545 871 142 10532 10338
internal_value=-1.10736e-05 -0.00095712 -0.00130687 0.00172598 0.000848715 -0.00176141 -0.00192448 0.000518742 0.00101712 -0.00220151 0.00248978 -0.000203891 0.00248868 -0.000726435 0.00255076 -3.99165e-06 -0.000388743 0.000111101 0.00209059 0.00329998 0.00166657 0.00204478 0.00187147 0.000649629 0.00161726 -0.00245801 0.0023251 -0.00071812 0.000870232 0.00210305
internal_weight=167696 108572 90960.2 59124.9 17611.3 76084.1 71268.1 22897.1 14876.2 57875.9 6885.16 10726.2 36227.7 13392.2 35809.7 17754.7 14354.9 11065.6 21386.1 5543.74 15842.3 6285.88 6180 4815.91 3399.75 498.743 5142.48 8913.86 2569.63 5012.87
internal_count=1297508 1092565 1006811 204943 85754 920706 894262 115062 86105 738567 28486 57268 89881 155695 84604 103500 95107 71926 48695 13187 35508 27227 27082 26444 8393 1217 11562 52548 10674 11209
is_linear=0
shrinkage=0.01


Tree=4
num_leaves=31
num_cat=0
split_feature=18 12 53 64 144 144 113 31 11 144 6 33 115 71 110 37 31 98 110 91 18 121 138 112 139 112 60 62 113 145
split_gain=2740.2 965.793 1011.49 358.64 336.514 280.025 223.437 215.708 176.348 174.836 146.18 145.675 143.206 139.566 132.549 129.533 125.053 122.814 164.09 155.539 121.71 118.282 117.273 112.089 108.867 108.25 105.691 98.9481 87.7947 85.2886
threshold=0.34529914529914535 -0.3876262626262626 0.41864313292884731 -0.31909090909090904 0.27178030303030309 0.010421189752496731 64.324305555555569 0.47979591836734697 -0.1633333333333333 0.011766334440753036 -0.42782738095238088 0.26043478260869574 0.014087301587301539 0.41010101010101013 0.23252032520325203 0.32025641025641027 0.47979591836734697 0.34045454545454551 -0.41945945945945939 0.48038461538461541 0.22046511627906976 0.3585714285714286 0.054373522458628872 18.592261904761909 -0.10321969696969698 89.098214285714306 -0.18660714285714283 0.47979591836734697 57.253472222222236 0.12372448979591839
decision_type=2 2 2 2 2 2 2 2 2 2 2 2 2 2 2 2 2 2 2 2 2 2 2 2 2 2 2 2 2 2
left_child=1 9 4 16 8 -2 7 14 12 -1 27 22 -3 -5 29 -6 25 18 26 -20 -10 -19 -9 -16 -23 -4 -8 -11 -13 -7
right_child=5 2 3 13 15 6 17 11 20 10 -12 28 -14 -15 23 -17 -18 21 19 -21 -22 24 -24 -25 -26 -27 -28 -29 -30 -31
leaf_value=-0.00071231179328854551 -0.0025457598472990945 -0.0021806554845067573 0.0017151839359083052 -0.0016334802944704793 -0.00089482235718415907 0.0018579599182934829 0.0087911892714372889 0.0017145894596286401 -0.0027322253134000767 0.0026596153024062612 0.0011286743028288734 0.001976405873236596 -0.00038177580033431732 0.0016197719249274492 -0.0032083168037879452 0.0018735641549410184 0.0064680462604257607 0.0062010685749682628 0.0020644317974002862 -0.0025166863268066518 -0.0013530962680616387 -0.00034576939516665179 0.0048658719387618607 0.00041527694279229276 0.0037685422333156721 0.0070226841792257336 0.0021069603013366867 0.0070577098383524106 -0.0019728047851976511 0.00053845533972778125
leaf_weight=3919.5601510053966 1520.3960866663256 9224.9248917087098 6807.8831017333432 4815.6027457376476 4692.1498653402086 15938.453028471064 549.15399847133085 1780.4467999080662 37299.014230088622 2365.701362655469 10635.889097579755 6405.3184759413125 8536.2584207479376 1812.27900606615 940.09085859591141 2639.7780429368722 694.19010029872879 1683.1178216250264 6038.8230860675685 842.07351518596988 7766.2452042250661 762.42329598590732 3584.1615968261613 9173.8301119169919 3959.0477579808212 408.03676791489124 424.60668620513752 658.80202743643895 613.84355230047368 7108.2672221540415
leaf_count=35432 25048 175435 28002 33401 60917 55622 1286 4024 518143 10020 53248 12602 46230 7716 2735 18001 1143 4573 27781 2063 85547 2511 6674 32387 10752 1042 1297 1391 1442 29514
internal_value=1.69989e-05 -0.000985074 -0.00142785 0.000972338 -0.00192535 0.00168841 0.00179626 0.00145375 -0.00216195 0.0011475 0.00168188 0.00258042 -0.00131672 -0.000742316 0.00103263 0.00010066 0.00241022 0.00288938 0.00204824 0.00150206 -0.00249481 0.00391892 0.00382238 7.71907e-05 0.00310211 0.00201762 0.00589195 0.00362294 0.00162938 0.00145146
internal_weight=163600 102276 84696.4 14538 70158.4 61324.1 59803.7 45544.4 62826.4 17580 13660.4 12383.8 17761.2 6627.88 33160.6 7331.93 7910.11 14259.2 7854.66 6880.9 45065.3 6404.59 5364.61 10113.9 4721.47 7215.92 973.761 3024.5 7019.16 23046.7
internal_count=1295979 1075668 975577 71304 904273 220311 195263 145000 825355 100091 64659 24742 221665 41117 120258 78918 30187 50263 32427 29844 603690 17836 10698 35122 13263 29044 2583 11411 14044 85136
is_linear=0
shrinkage=0.01


Tree=5
num_leaves=31
num_cat=0
split_feature=20 12 131 63 32 31 111 31 145 144 6 48 11 88 131 63 101 112 6 129 37 49 79 20 131 130 55 34 32 112
split_gain=2597.17 940.253 777.034 415.122 348.846 246.406 178.96 177.546 173.58 165.114 160.569 154.85 152.158 137.865 137.534 153.311 117.362 111.845 105.126 101.448 98.5275 106.843 96.2607 95.7062 94.4227 90.1546 87.4234 86.5241 82.5556 81.9853
threshold=0.32025641025641027 -0.3876262626262626 -0.3010416666666666 0.3816526610644258 -0.38047619047619041 0.41010101010101013 79.500000000000014 0.49000000000000005 -0.26330532212885149 1.0000000180025095e-35 -0.39528508771929821 0.44058823529411767 -0.27718676122931435 -0.0404081632653061 -0.43683510638297868 -0.011369509043927665 0.16333333333333336 82.151785714285737 -0.13589015151515149 0.45603864734299526 -0.39897959183673465 0.22046511627906976 0.018187830687830701 0.21583850931677021 -0.47894503546099287 -0.45959183673469384 0.41366459627329194 0.46076923076923082 0.45698427382053664 72.860119047619065
decision_type=2 2 2 2 2 2 2 2 2 2 2 2 2 2 2 2 2 2 2 2 2 2 2 2 2 2 2 2 2 2
left_child=1 10 8 9 5 26 13 12 25 -2 28 14 -6 20 18 -16 -9 19 -11 -15 -5 -22 -12 -7 29 -3 -4 -8 -1 -10
right_child=3 2 4 6 7 23 27 16 24 11 22 -13 -14 17 15 -17 -18 -19 -20 -21 21 -23 -24 -25 -26 -27 -28 -29 -30 -31
leaf_value=0.0019754716584573671 -0.003021605718396248 0.0075881409043134689 -0.0013146158035946633 0.010368573689195441 -0.0010660925642699745 0.0026137773226155205 0.0057390999752250519 -0.0017525272532647868 0.0059689259133018455 -0.00075272853025821704 -0.00041184933317040901 -0.00057499528471179821 -0.0024962796135124176 0.0027610254500297702 -0.0003899446561911673 0.001416623098924546 0.0019331917453400901 0.014222651194758292 0.0031455166503720471 -0.0039219401460726961 -0.00010784975866474972 0.0018630943650621841 0.0014793327332945799 0.0093670202137398333 7.5281785247190906e-05 0.002675221332724 0.0010475359558698456 -0.0026007996046196065 0.0052645081356594223 -0.004282312941160704
leaf_weight=4213.20128686924 1128.9961788235814 480.96566112159053 5236.1686994293123 119.71001313347369 8810.7505092205829 706.66234588017687 1900.3784070042893 1759.1653206939809 485.22819146956317 803.18485703936312 6010.921385927184 6085.1612710807822 48787.977582209627 16494.1077509303 6988.2508356667531 14280.0683673897 1695.4340830332367 83.677665218710899 4800.7697872435965 228.25347629038151 3896.2782270549214 9274.6438718854333 4864.1890282444656 302.41893466887996 5525.6801116344577 1734.2969300300465 2230.3210886848392 130.84163983823964 938.93792281160131 91.010953865014017
leaf_count=19905 21561 1625 73654 213 111995 3425 4580 6740 1524 1865 57430 21190 677558 39756 48981 62355 5184 143 10148 864 12349 22764 12261 1090 45122 12320 16773 372 2236 676
internal_value=-1.216e-05 -0.00108195 -0.00153612 0.00150435 -0.00188172 1.82063e-05 0.00232005 -0.00214563 0.00135172 0.000735176 0.0011233 0.00086426 -0.0022777 0.00212546 0.00119056 0.000822568 5.34769e-05 0.00272794 0.00258498 0.00266898 0.00136271 0.00127932 0.000433172 0.00465488 0.000479164 0.00374934 -0.000607631 0.00519595 0.00257772 0.00432791
internal_weight=160088 93873.3 77846.1 66214.3 69528.9 8475.57 32127.9 61053.3 8317.18 34086.4 16027.2 32957.4 57598.7 30096.7 26872.3 21268.3 3454.6 16806 5603.95 16722.4 13290.6 13170.9 10875.1 1009.08 6101.92 2215.26 7466.49 2031.22 5152.14 576.239
internal_count=1296659 1049518 957686 247141 896419 94942 81041 801477 61267 166100 91832 144539 789553 76089 123349 111336 11924 40763 12013 40620 35326 35113 69691 4515 47322 13945 90427 4952 22141 2200
is_linear=0
shrinkage=0.01


Tree=6
num_leaves=31
num_cat=0
split_feature=41 144 44 51 53 65 111 48 41 111 65 8 144 62 65 56 144 81 5 89 103 145 136 53 20 15 114 1 18 49
split_gain=2704.09 735.927 732.211 445.148 422.787 227.048 173.785 172.933 214.8 167.919 158.138 149.373 147.861 171.449 146.745 144.012 117.481 102.286 100.215 98.2039 106.377 97.2572 91.9507 89.2486 85.4974 83.7951 117.07 82.8268 82.6694 87.3935
threshold=0.32025641025641027 0.32111111111111112 -0.3876262626262626 0.27113095238095247 0.46076923076923082 -0.3876262626262626 83.500000000000014 0.23499399759903969 0.41751700680272114 60.500000000000007 0.43813775510204089 -0.14365079365079361 0.31725417439703163 0.40121951219512203 -0.33156028368794321 0.44058823529411767 0.050510204081632655 0.010527482269503509 0.36425061425061434 0.011237373737373714 -0.18660714285714283 -0.22599846390168968 0.20106382978723406 0.49000000000000005 -0.26138716356107655 -0.25255102040816318 -13.404861111111112 -0.3404545454545454 -1.0000000180025095e-35 0.3816526610644258
decision_type=2 2 2 2 2 2 2 2 2 2 2 2 2 2 2 2 2 2 2 2 2 2 2 2 2 2 2 2 2 2
left_child=1 2 15 12 6 19 11 8 -7 -10 -3 -4 13 23 16 -1 -6 25 -16 21 -21 -5 24 -2 -12 26 -14 -17 -15 -30
right_child=3 10 4 5 14 7 -8 -9 9 -11 22 -13 17 28 18 27 -18 -19 -20 20 -22 -23 -24 -25 -26 -27 -28 -29 29 -31
leaf_value=-0.00029886268611212393 -0.0014381382666979023 0.00072006245616692026 -0.0012631487042746514 0.0056992173441251862 0.00058984716239010115 0.00094948791870425118 -0.004638268175540197 0.0014313920819741088 0.0027671378327097339 0.0057272298993107104 0.0059496272455307813 -0.0023462773845191009 -0.0090852910493094824 0.0051558086881405042 -0.0020675210334897697 0.0027178842195878421 0.0046257197890834448 -0.0016438155804596609 0.0014615031754223412 -0.0011863224381987402 0.0069820265712823093 0.0013688591370471044 0.0062106382391806259 0.0022860059076670182 0.00035687846984222256 0.0011194617801853547 0.0040347103161772653 0.00036939047239660993 0.0020162658418721191 -0.00069688191779384027
leaf_weight=6626.5208633750444 7872.9539815495373 8546.955896666419 18660.277053896687 831.13064304273576 1872.4077817965299 4132.9203812648775 2622.6171556072077 27175.554999388143 6030.8130816690391 2829.4647164254566 390.14477187325247 40449.464655758115 68.970140750985593 471.50566886994056 2307.8511291957693 3883.046227551531 1179.5402741463622 878.23213521641446 1231.1264595461544 174.70999917108566 1581.9688233307097 1401.8250026336173 890.76501489488874 697.94144372246228 922.4748455749359 3844.9372363142902 2055.6305632634321 2466.4140325512853 2571.2183850326692 2197.0276857507997
leaf_count=54433 73426 66513 249702 1959 8071 20164 42520 69459 13622 6618 1365 573402 275 2275 12541 14277 3705 5395 3932 353 2805 3940 3007 1900 4212 16479 6962 12155 11631 9386
internal_value=-1.89849e-05 -0.00112078 -0.00144598 0.00154557 -0.0018596 0.00211243 -0.00211667 0.00188592 0.00283563 0.00371409 0.00133753 -0.00200454 0.000333354 -0.000261764 0.000546583 0.000731072 0.00215394 0.00153492 -0.000836966 0.00438944 0.00616374 0.00298697 0.00372674 -0.00113348 0.00203007 0.00200444 0.00360002 0.0018074 0.00116217 0.000764169
internal_weight=156866 92049.6 81299.3 64816.8 68323.3 44158.4 61732.4 40168.8 12993.2 8860.28 10750.3 59109.7 20658.4 13810.6 6590.93 12976 3051.95 6847.77 3538.98 3989.63 1756.68 2232.96 2203.38 8570.9 1312.62 5969.54 2124.6 6349.46 5239.75 4768.25
internal_count=1296484 1049835 974738 246649 893873 118920 865624 109863 40404 20240 75097 823104 127729 98618 28249 80865 11776 29111 16473 9057 3158 5899 8584 75326 5577 23716 7237 26432 23292 21017
is_linear=0
shrinkage=0.01


Tree=7
num_leaves=31
num_cat=0
split_feature=21 11 52 51 130 132 62 132 110 56 112 11 144 130 82 113 95 5 47 33 93 86 128 112 144 143 128 65 40 38
split_gain=2725.77 778.508 503.088 483.468 348.394 257.838 250.689 245.425 167.67 155.292 154.393 152.919 152.618 132.835 252.556 219.285 132.547 135.577 120.201 115.477 110.321 99.3338 96.3891 94.8012 91.6206 90.4681 87.8814 123.219 79.6296 95.7133
threshold=0.28024390243902447 -0.38832199546485252 0.38762626262626265 0.23861283643892342 -0.36515151515151512 -0.47894503546099287 0.40121951219512203 -0.3010416666666666 -0.24734042553191488 0.44058823529411767 22.145833333333339 -0.26043478260869563 1.0000000180025095e-35 -0.43938775510204076 0.010310374149659853 65.022916666666688 0.19782608695652179 -0.14365079365079361 0.41366459627329194 0.18042553191489366 -0.060564448023095178 0.018543956043956093 0.39689625850340143 75.657738095238116 0.014087301587301539 0.43938775510204087 0.081666666666666679 0.45698427382053664 -0.4080338266384777 -0.079473684210526321
decision_type=2 2 2 2 2 2 2 2 2 2 2 2 2 2 2 2 2 2 2 2 2 2 2 2 2 2 2 2 2 2
left_child=1 9 7 4 -2 18 -6 26 25 24 -10 21 -5 19 22 -16 17 -8 -4 -14 28 -9 -15 -13 -1 -7 27 -3 29 -11
right_child=3 2 5 12 6 8 16 11 10 20 -12 23 13 14 15 -17 -18 -19 -20 -21 -22 -23 -24 -25 -26 -27 -28 -29 -30 -31
leaf_value=-0.0015552147877091493 0.0027416086455823653 -0.0021872651148270215 0.012320497019884394 -0.0028598796222377601 -0.0011579014566040382 0.0019623723351126516 0.0058162318973027718 -0.0018942593181863591 0.0013979364899950502 0.0024959001109883679 -0.0017244949607254517 -0.0022602893708652304 0.0054769837161712668 -4.7499222968656017e-05 0.0019196460890132472 0.0040365684802896994 0.00039878606402802706 0.00020879710914333422 0 0.0025328737881407069 1.1610777610639782e-05 0.00016048623860105211 0.0023076348290291373 -0.0038891470141421613 0.00095314511149572657 -0.008594712718877932 0.0014679737177669264 0.0049748215639051916 0.0022673932514816818 0.008078290341005781
leaf_weight=2257.5698264172534 4683.8925176102784 1881.9336324910109 253.81732459180057 622.39896123186918 12278.672061017947 3714.7970499590738 1071.9427387974574 5451.1980456323363 2211.1846085753059 622.60548308538273 5551.7973155169748 42278.546697303304 1982.5321637471206 7447.3175872020947 23690.635715141951 6184.7138976954157 5119.3537481531093 727.34392343094805 114.05463769240305 4145.3954803638626 1512.9497508444474 4123.759576654993 2262.6233420295175 3926.1438881707145 4096.2803788904566 81.688453557901084 2559.4185422065202 273.73038906208239 2957.4777186055435 621.11551302392036
leaf_count=34466 17113 24899 421 11546 118798 17423 4546 96617 8771 1536 48067 610693 3357 28609 58502 16423 23664 3029 233 7354 7478 20513 7093 68037 27068 573 17634 1090 10129 1418
internal_value=-3.17016e-06 -0.00121329 -0.00160519 0.00145279 0.000296454 0.000271098 -0.000299722 -0.00197528 7.59627e-06 0.00113766 -0.000833757 -0.00216048 0.00204852 0.00211563 0.00190289 0.00235834 0.00122181 0.00355641 0.0085014 0.00348773 0.00233374 -0.00100835 0.000500449 -0.002399 6.02283e-05 0.00173038 0.000213501 -0.00127129 0.00316742 0.00529604
internal_weight=154707 84490.1 72422.1 70216.8 23881.2 11927.3 19197.3 60494.7 11559.5 12068 7762.98 55779.6 46335.6 45713.2 39585.3 29875.3 6918.64 1799.29 367.872 6127.93 5714.15 9574.96 9709.94 46204.7 6353.85 3796.49 4715.08 2155.66 4201.2 1243.72
internal_count=1297100 997066 914971 300034 167150 75488 150037 839483 74834 82095 56838 795860 132884 121338 110627 74925 31239 7575 654 10711 20561 117130 35702 678730 61534 17996 43623 25989 13083 2954
is_linear=0
shrinkage=0.01


Tree=8
num_leaves=31
num_cat=0
split_feature=41 131 11 53 51 78 65 111 65 131 18 63 111 62 100 125 64 70 61 11 136 128 95 124 110 128 62 128 27 53
split_gain=2439.49 859.281 766.76 411.928 294.293 198.886 193.732 178.219 163.391 152.813 187.533 162.547 146.797 141.832 139.947 130.467 129.037 134.735 126.842 123.464 121.407 107.158 105.584 99.4985 96.6814 91.4146 88.5191 87.2026 86.8387 118.854
threshold=0.32025641025641027 -0.37367021276595741 -0.36285266457680249 0.43405797101449284 0.41010101010101013 0.018187830687830701 -0.3876262626262626 80.500000000000014 0.47752525252525257 -0.43683510638297868 -0.1236111111111111 0.17416582406471184 80.500000000000014 0.39619252873563227 -0.39897959183673465 0.45959183673469389 -0.32426470588235284 0.41864313292884731 0.030931122448979612 -0.1633333333333333 0.2525510204081633 -0.37877551020408157 0.267479674796748 0.2558265582655827 -0.45180023228803712 -0.35261524822695028 0.32683658170914548 0.43683510638297879 0.31909090909090915 0.41751700680272114
decision_type=2 2 2 2 2 2 2 2 2 2 2 2 2 2 2 2 2 2 2 2 2 2 2 2 2 2 2 2 2 2
left_child=1 8 5 7 9 14 27 19 25 18 -11 13 21 -12 -3 20 24 -18 28 -4 -10 -8 -9 -23 -5 -1 -14 -6 29 -2
right_child=4 2 3 16 6 -7 12 22 15 10 11 -13 26 -15 -16 -17 17 -19 -20 -21 -22 23 -24 -25 -26 -27 -28 -29 -30 -31
leaf_value=-0.0018003003677655341 0.00013467995877644616 0.0014942064441673562 -0.0012520749288764002 -0.0025064553432608107 0.0067619015112633405 0.0020374328538946248 -0.0027721980873205588 -0.0079509062006431538 0.0036612513540779518 0.0039780197943229895 -0.0014470257647600769 0.0010182405005920415 0.0082465209340377432 0.00077389820514417657 -0.0012751399851037974 -0.00047047878838367142 -0.0020054847054571398 0.0017429133352877546 0.0012891669112424333 -0.0023304015281553261 0.01003299689388657 0.0026425731040864331 -0.0034991288732755029 0.0013257769437807121 0.0022342014042247525 0.0017983283173993638 0.0032869590473643706 0.0029686622187941507 0.0069860930930836689 0.0061338475931185547
leaf_weight=807.95755702839233 774.99466984835453 2748.542280304071 14537.705630683049 494.07652188464999 1245.4262700739782 6159.8059214716777 508.86495661130175 704.62222339236178 692.19323884183541 1490.2921609859332 7047.1513111825043 15254.439092353103 515.94663241738454 4849.8883231621003 5416.6625185715384 344.71385145559907 3271.5252187693841 1352.9278035977622 4890.5190831812797 39909.37921996956 538.06118814507499 9610.7664409301942 2270.9956917392556 14382.64972081664 3206.8768870105851 5423.8083140061062 1236.8159755980596 1211.1296894247644 743.72166621033102 579.09939584508538
leaf_count=7899 2124 16523 193397 4250 2333 18614 2384 12454 1825 8975 67332 65019 1370 21856 72260 832 26435 5816 10607 604730 986 23688 40478 33974 14754 29383 2606 2450 1399 1051
internal_value=-2.30321e-05 -0.0011063 -0.00141514 -0.00187194 0.00145637 0.000680743 0.00220998 -0.00217334 0.00205987 0.000848774 0.000524786 0.000334737 0.00195793 -0.000540825 -0.000341639 0.004939 0.000205723 -0.000906553 0.00217495 -0.00204269 0.00646199 0.00175715 -0.00455898 0.00185374 0.00159812 0.00132994 0.00475644 0.0048978 0.00423355 0.00271033
internal_weight=152222 87879.9 80073.1 65748.1 64341.7 14325 28711.6 57422.7 7806.73 35630.1 28641.8 27151.5 26255 11897 8165.2 1574.97 8325.41 4624.45 6988.33 54447.1 1230.25 24502.3 2975.62 23993.4 3700.95 6231.77 1752.76 2456.56 2097.82 1354.09
internal_count=1297804 1050636 1009711 902314 247168 107397 68805 851059 40925 178363 163182 154207 64022 89188 88783 3643 51255 32251 15181 798127 2811 60046 52932 57662 19004 37282 3976 4783 4574 3175
is_linear=0
shrinkage=0.01


Tree=9
num_leaves=31
num_cat=0
split_feature=21 11 54 50 131 112 100 60 25 95 131 88 11 144 73 112 25 21 37 124 67 97 125 124 71 25 25 89 60 51
split_gain=2368 753.206 742.148 352.389 307.224 220.822 256.648 210.411 195.514 180.826 161.294 159.608 147.364 144.603 138.19 136.04 158.528 124.55 167.664 127.888 122.408 119.798 117.675 117.177 115.714 112.569 108.494 107.851 95.9649 92.419
threshold=0.28024390243902447 -0.38832199546485252 0.41751700680272114 0.31016731016731025 -0.37367021276595741 21.276785714285719 0.43513323983169711 0.47467948717948721 -0.29516317016317012 0.19782608695652179 -0.37877551020408157 -0.4494897959183673 -0.26043478260869563 0.011766334440753036 0.18042553191489366 75.836309523809533 -0.44058823529411756 0.45505050505050515 -0.38047619047619041 0.27113095238095247 -0.11834733893557424 0.70000000000000018 0.47979591836734697 0.45180023228803717 0.49500000000000005 0.49000000000000005 0.32025641025641027 0.060661764705882366 0.29238505747126442 0.40550595238095244
decision_type=2 2 2 2 2 2 2 2 2 2 2 2 2 2 2 2 2 2 2 2 2 2 2 2 2 2 2 2 2 2
left_child=1 13 5 4 -2 6 25 14 27 -9 11 -7 -12 -1 -6 17 -17 18 22 26 -18 28 -5 -11 -10 -3 -19 29 -15 -4
right_child=3 2 8 15 7 10 -8 9 24 23 12 -13 -14 21 -16 16 20 19 -20 -21 -22 -23 -24 -25 -26 -27 -28 -29 -30 -31
leaf_value=-0.0011259670250977998 0.0021336175644766568 -0.00079475219595015825 0.0010487921929609144 0.0029712444508469033 -0.0013706531598051057 0.0067898743782504149 0.0041825690075098336 0.0046052155466869979 -0.0013341626298528839 0.0013741737718833951 -0.0011343630792024694 -0.00076769616604875429 -0.0026430358283248091 0.0008045049054481553 0.00051513295812149736 0.0144854313141216 0.0062916398016450445 0.0050017167086652461 0.00086445208187895862 0.0016853811752249482 0.0022332001212308733 0.00030558445276565924 0.01098580068954871 -0.0031531614439549317 0.0022231195619641744 -0.0051982216052155151 0.0024304127532887303 0.011752825282405583 0.003472839185423069 0.0038570293258410365
leaf_weight=2304.6139217328455 8782.1153793862031 6828.6205879117188 4019.3200891266461 2458.5751819666475 10011.783371204394 337.29478959913831 1015.9101597588742 1500.5889704127912 4269.7651605624706 2847.2528420564486 7783.1928364706691 1599.1041369251907 39324.245912910148 2077.9343457283103 6340.2258343581052 133.71991726523265 1050.2459173992393 2809.7582849158207 16094.307303045061 9312.6817685150309 2592.2500416545663 3986.9653652660782 198.47610720526427 713.55587366881082 1161.1370770025533 634.99244303163141 4014.2698387596756 112.16923955827951 3897.4559291136102 1663.4231291185133
leaf_count=30565 29430 79152 23509 7047 105263 1835 3020 4822 36573 13548 104360 15556 642580 13453 37433 221 2998 5306 56489 19138 6709 24759 326 3078 2629 1819 7582 198 13304 4409
internal_value=5.12614e-06 -0.00115364 -0.00156099 0.0013686 0.000558619 -0.00202002 -0.000528339 -8.69253e-05 0.000790246 0.00169406 -0.0022777 0.000546395 -0.00239401 0.00112845 -0.000638872 0.00200087 0.00380619 0.00180508 0.0012496 0.00244982 0.00340753 0.00165104 0.00357758 0.000463496 -0.000571499 -0.00117138 0.00349118 0.00206806 0.00254689 0.0018731
internal_weight=149876 81016.1 68749.2 68859.8 30195.5 57523.4 8479.52 21413.4 11225.8 5061.4 49043.8 1936.4 47107.4 12267 16352 38664.3 3776.22 34888.1 18751.4 16136.7 3642.5 9962.36 2657.05 3560.81 5430.9 7463.61 6824.03 5794.91 5975.39 5682.74
internal_count=1297111 997721 915640 299390 193574 848322 83991 164144 67318 21448 764331 17391 746940 82081 142696 105816 9928 95888 63862 32026 9707 51516 7373 16626 39202 80971 12888 28116 26757 27918
is_linear=0
shrinkage=0.01


Tree=10
num_leaves=31
num_cat=0
split_feature=41 131 44 31 108 21 27 59 2 131 83 65 9 26 40 83 21 136 104 111 33 131 41 116 64 113 36 113 5 88
split_gain=2187.6 927.276 599.659 233.653 231.473 182.765 173.697 168.922 155.16 136.254 134.932 126.816 125.62 112.98 112.732 105.567 101.725 121.798 103.862 102.886 97.8151 97.606 106.234 86.3383 119.952 82.0074 79.0148 83.2216 78.168 73.9982
threshold=0.32683658170914548 -0.37367021276595741 -0.3876262626262626 0.38762626262626265 0.23499399759903969 0.16333333333333336 0.39417693169092949 0.29795918367346946 -0.2474489795918367 -0.43683510638297868 0.019615384615384649 -0.3876262626262626 0.43513323983169711 -0.43142633228840116 -0.42770034843205568 0.011766334440753036 0.45505050505050515 0.013701201201201165 0.46076923076923082 80.500000000000014 0.2558265582655827 0.15607606679035249 0.47467948717948721 0.010990338164251214 -0.35857142857142849 19.369444444444451 0.47979591836734697 22.368055555555561 -0.39528508771929821 -0.03062500000000001
decision_type=2 2 2 2 2 2 2 2 2 2 2 2 2 2 2 2 2 2 2 2 2 2 2 2 2 2 2 2 2 2
left_child=1 6 12 8 7 -5 -1 9 10 26 -4 -6 15 -10 -8 -3 19 18 -18 -13 -19 22 -11 -9 -25 -7 27 -2 -14 -16
right_child=4 2 3 5 11 25 14 23 13 21 -12 16 28 -15 29 -17 17 20 -20 -21 -22 -23 -24 24 -26 -27 -28 -29 -30 -31
leaf_value=0.0010799465638216149 -0.0039683353445790935 -0.0013752021143322909 -0.0019860592658680638 -0.001686723101764417 0.0044066804126201521 0.004622571714467295 0.0081499936260225874 0.00081154249703712668 -0.00038525221230362541 -0.00058316767179049074 0.00017008907388329556 0.0010921824166427692 0.0042207873384873694 -0.002429012595893057 0.004208660304724398 0.00088702584507647847 0.0032989381525267772 0.0033535753023128155 0.0078299704189681262 0.0041804241355364686 0.0011028466459652542 -0.0033724188940221674 0.0012007487619563855 0.0065725700268166459 0.002007156318905154 0.00062192948690590428 0.0043528053752944383 0.0015549192505485846 0.0010561967599995131 7.4015519382480277e-05
leaf_weight=5554.3020333286258 294.18640251224861 3328.2239911696524 6309.7393436555285 4587.3916068710387 2211.8526130004902 592.06836413312703 561.78034939221106 6537.5160452700802 2908.6626080549322 9690.3650819906616 5359.0173674086109 13029.524852179486 1306.0428303832887 41051.140656766569 1655.59054780117 5420.9867884328123 1868.780230600154 3308.6625579618849 702.78817714122124 1178.7390962743666 4685.3864772527013 892.496158799564 5090.7870529803331 622.13510044314899 7980.9251019406365 3849.3665012395359 950.74040248710662 3479.2335975712631 1968.862499205803 592.72778129141079
leaf_count=33207 849 45585 129673 48616 5583 2045 1245 24895 38306 73185 27243 53913 4253 653970 4652 25522 4561 6097 1189 3727 9986 10126 18406 1289 19734 27329 1752 7632 9866 2132
internal_value=-9.18623e-06 -0.0010532 -0.00139815 -0.00177954 0.00141073 -0.000286073 0.00210774 0.000880001 -0.00202175 0.000285401 -0.000995035 0.00210923 0.000651836 -0.00229402 0.00413455 2.52664e-05 0.00190354 0.00264763 0.00454368 0.00134937 0.00203596 -0.000162745 3.05954e-05 0.00168033 0.00233919 0.00115841 0.00177408 0.00112072 0.0023222 0.0031236
internal_weight=147570 85045.9 76681.5 64657.4 62524.1 9028.83 8364.4 35538.4 55628.6 20397.8 11668.8 26985.7 12024.1 43959.8 2810.1 8749.21 24773.9 10565.6 2571.57 14208.3 7994.05 15673.6 14781.2 15140.6 8603.06 4441.43 4724.16 3773.42 3274.91 2248.32
internal_count=1296568 1053644 1012408 927182 242924 77990 41236 157868 849192 111950 156916 85056 85226 692276 8029 71107 79473 21833 5750 57640 16083 101717 91591 45918 21023 29374 10233 8481 14119 6784
is_linear=0
shrinkage=0.01


Tree=11
num_leaves=31
num_cat=0
split_feature=21 11 132 51 52 132 62 95 63 113 128 24 135 110 56 11 25 64 20 71 25 145 86 128 38 120 85 144 25 101
split_gain=2120.45 692.496 562.116 374.159 313.666 265.838 158.486 215.943 202.364 146.26 141.995 142.636 141.681 154.167 135.675 126.213 124.406 123.845 116.201 115.794 107.8 102.679 102.198 98.2581 95.4771 105.152 98.177 95.1858 91.2249 91.0949
threshold=0.27664399092970526 -0.38832199546485252 -0.37367021276595741 0.40550595238095244 0.41010101010101013 -0.43683510638297868 0.36023255813953492 0.18274582560296851 0.18042553191489366 64.692361111111126 0.039230769230769243 -0.41010101010101002 0.018187830687830701 -0.42770034843205568 0.44058823529411767 -0.21269841269841269 -0.30901722391084091 0.4587585034013606 -0.30901722391084091 0.49500000000000005 0.28319623971797891 0.11237244897959188 0.012347560975609741 0.39897959183673476 0.43405797101449284 0.31322674418604657 0.010310374149659853 0.018187830687830701 -0.3876262626262626 0.40550595238095244
decision_type=2 2 2 2 2 2 2 2 2 2 2 2 2 2 2 2 2 2 2 2 2 2 2 2 2 2 2 2 2 2
left_child=1 14 17 5 15 18 8 -8 -7 10 11 -5 -11 -14 27 22 -6 23 -2 -18 -9 -13 -4 -3 26 -26 -20 -1 -17 -10
right_child=3 2 4 9 16 6 7 20 29 12 -12 21 13 -15 -16 28 19 -19 24 -21 -22 -23 -24 -25 25 -27 -28 -29 -30 -31
leaf_value=-0.0016410662876472563 0.0096823055757743453 -0.00049532039086855328 -0.0020466560623427468 0.0073756373524912168 0.0027744827501468994 -0.0013086856070029381 0.0031727091320324415 0.0028737723046925339 -0.00011158790027812841 0.0045994273954384299 0.0025113181537079355 0.00131201069138835 0.0064725694845836268 0.00074200442803374538 0.0022299000903912777 -0.0010544390881219012 -0.0015887564498702187 0.0058320394202439445 0.0034642089265468725 0.0013957781565169974 -0.00010294471637587078 -0.00090187143381918603 -0.00019610533557436115 0.0026706205797701046 0.0014079018680588126 -0.0037477055291889657 0.00023990971596074152 0.00094885966668089325 -0.0025289414223312562 0.0019531107817658787
leaf_weight=2131.9498372403323 203.54974470846355 1891.1170416625682 6416.3832798108342 328.40992743801326 1443.1912771109492 10224.994151921535 3569.7780350699613 1411.9655248603085 5025.2379061628599 4073.3870046962984 11133.793350398075 7419.2827895874507 572.92946036579087 2613.9459200421988 5461.7497192243463 4786.9560963396798 3612.9856439442374 658.06509735633153 4432.7622757134668 2026.5211009452469 8716.5316006454814 2912.8099731944967 5603.0801710803062 2024.0455702496693 2197.2881056446349 480.8959741613362 1208.7724183600512 4236.6036259852117 35579.747493631556 3705.8383191259345
leaf_count=35075 354 19300 136629 618 7017 110233 14228 6998 37533 9227 25837 18281 966 8084 20125 67104 34412 1685 9106 8197 40046 8827 34911 7342 4729 1165 3158 25505 587355 13107
internal_value=1.03433e-05 -0.00114865 -0.00155932 0.00126255 -0.00181921 0.000649069 0.000238201 0.00105788 -0.000353621 0.00213161 0.00172102 0.000894547 0.00336236 0.00177708 0.00107359 -0.00208626 0.000154596 0.00181771 0.0022218 -0.000514453 0.000311281 0.000686881 -0.00118491 0.00113911 0.00203693 0.000477373 0.0027753 8.01593e-05 -0.00235436 0.000763736
internal_weight=146105 75872.4 64042.1 70232.2 59468.9 41177.6 32654.3 13698.3 18956.1 29054.6 21794.3 10660.5 7260.26 3186.88 11830.3 52386.2 7082.7 4573.23 8523.27 5639.51 10128.5 10332.1 12019.5 3915.16 8319.72 2678.18 5641.53 6368.55 40366.7 8731.08
internal_count=1297154 984657 903952 312497 875625 240657 222145 61272 160873 71840 53563 27726 18277 9050 80705 825999 49626 28327 18512 42609 47044 27108 171540 26642 18158 5894 12264 60580 654459 50640
is_linear=0
shrinkage=0.01


Tree=12
num_leaves=31
num_cat=0
split_feature=20 131 11 54 50 64 131 66 12 71 95 110 63 78 48 62 62 35 115 82 110 93 140 25 131 13 77 36 38 93
split_gain=1759.38 869.322 720.637 535.268 283.692 186.22 178.826 163.26 153.668 138.023 130.744 129.947 125.341 123.537 109.226 139.634 97.7354 100.17 97.4336 97.4025 112.376 95.4115 106.143 94.3169 93.1722 90.2001 95.6203 88.2776 86.7702 86.1393
threshold=0.32025641025641027 -0.37877551020408157 -0.38832199546485252 0.41864313292884731 0.40121951219512203 -0.32426470588235284 -0.43683510638297868 0.2525510204081633 -0.26043478260869563 0.47752525252525257 1.0000000180025095e-35 -0.44058823529411756 -0.11167800453514738 0.010527482269503509 0.41010101010101013 0.41010101010101013 0.31909090909090915 -0.27664399092970515 0.013701201201201165 0.028174603174603189 -0.35857142857142849 -0.28042957177273392 0.34045454545454551 -0.34150717703349281 0.013701201201201165 -0.44058823529411756 0.018874643874643885 0.47259759759759767 -0.35565476190476181 -0.10176956317235057
decision_type=2 2 2 2 2 2 2 2 2 2 2 2 2 2 2 2 2 2 2 2 2 2 2 2 2 2 2 2 2 2
left_child=1 7 10 8 6 11 28 23 18 -7 -3 -5 16 -9 15 -14 -8 -18 -4 21 -21 -6 24 -1 -23 -12 -27 -10 -2 -30
right_child=4 2 3 5 19 9 12 13 27 -11 25 -13 14 -15 -16 -17 17 -19 -20 20 -22 22 -24 -25 -26 26 -28 -29 29 -31
leaf_value=0.0020901515020272914 0.0071178429109972239 0.0041883856668305172 -0.001885712696838204 -0.0021011370783694801 -0.0008522617582184482 -0.0017290533424000457 -0.0023875432778776369 0.0047956830181498187 -0.0024433658824034284 0.0024053436808188465 0.0018982436280852927 0.0029655583217447126 0.00036175609359427271 -0.00076324466012860602 -0.00065623697144308356 0.002384621256936489 0.0021258777675992645 -0.0013685691347869483 0.00012908760514689389 0.0076933716241931226 0.0027508275472965444 0.0023140832505820761 -0.0023524473993839028 -0.00091310732965428957 0.00068183202159067201 -0.0012361339013724569 0.0010600333699167951 -2.1645565597261616e-05 7.1911031738113992e-05 0.0024850169573175525
leaf_weight=2894.4773200605414 317.72486964985728 1122.3049199538073 5230.7033022646792 593.95438149874099 1350.9387477049604 3509.7230545531493 2790.602858050901 2691.6707543934463 42530.133800832526 1046.1885429862887 3591.0293295277515 3324.749835249153 10130.635664622649 465.6360465636244 5003.6004737506155 5156.6067427288508 1448.3346947181271 1887.8279178465018 4418.3529864170123 518.96598160639405 4237.8951701559126 17622.822379535763 574.97173651878256 1630.6382793440716 4387.4448243809165 3477.3418877933873 3787.7624705955386 1569.115618338692 2111.1354179235641 5010.4887296794914
leaf_count=11049 575 4769 113556 5338 3566 35586 32259 9189 717878 2949 15377 16706 64106 1849 24182 18438 7131 12237 28891 901 7483 44903 2819 15379 12863 52706 10722 8590 5281 10178
internal_value=-1.00662e-05 -0.000974757 -0.00130639 -0.00173883 0.00125264 0.000595974 0.000632203 0.00222676 -0.00210715 -0.000777145 0.000939101 0.00219471 0.000246075 0.00397271 0.000624877 0.00104486 -0.00100672 0.000145668 -0.000962171 0.00198434 0.00329366 0.0017236 0.00187814 0.00100575 0.00198922 0.000601914 -3.7638e-05 -0.00235743 0.00200181 0.00177119
internal_weight=144434 81883.8 74201.4 62222.9 62550 8474.62 33857 7682.42 53748.3 4555.91 11978.4 3918.7 26417.6 3157.31 20290.8 15287.2 6126.77 3336.16 9649.06 28693 4756.86 23936.2 22585.2 4525.12 22010.3 10856.1 7265.1 44099.2 7439.35 7121.62
internal_count=1297456 1050534 1013068 929494 246922 60579 174387 37466 868915 38535 83574 22044 158353 11038 106726 82544 51627 19368 142447 72535 8384 64151 60585 26428 57766 78805 63428 726468 16034 15459
is_linear=0
shrinkage=0.01


Tree=13
num_leaves=31
num_cat=0
split_feature=21 11 132 52 52 132 40 48 48 11 25 96 77 22 89 100 120 132 132 97 32 26 48 142 127 76 66 132 22 83
split_gain=1950.93 688.257 574.29 343.696 339.734 241.014 157.321 146.351 135.031 122.788 117.705 116.735 115.739 113.334 111.442 109.488 102.522 89.746 85.5553 92.8219 85.1124 84.1989 84.0375 80.4926 85.6389 114.913 79.4158 76.6549 87.2937 76.6207
threshold=0.28024390243902447 -0.38832199546485252 -0.37367021276595741 0.39897959183673476 0.3816526610644258 -0.43938775510204076 0.40550595238095244 0.28319623971797891 0.41010101010101013 -0.21269841269841269 -0.37367021276595741 1.0000000180025095e-35 0.013701201201201165 -0.29361054766734279 0.010527482269503509 1.0000000180025095e-35 0.2525510204081633 -0.47894503546099287 0.057777777777777824 0.70000000000000018 0.4793792517006803 -0.32287581699346396 -0.26043478260869563 -0.082553191489361702 0.40550595238095244 0.23956521739130435 0.44058823529411767 -0.46295454545454545 0.45959183673469389 0.011766334440753036
decision_type=2 2 2 2 2 2 2 2 2 2 2 2 2 2 2 2 2 2 2 2 2 2 2 2 2 2 2 2 2 2
left_child=1 15 13 5 9 -2 -7 23 11 12 -6 -8 -4 -3 -12 18 27 22 19 -1 -19 -11 -15 -5 -25 -26 -10 -9 -29 -18
right_child=3 2 4 7 10 6 8 16 26 21 14 -13 -14 17 -16 -17 29 20 -20 -21 -22 -23 -24 24 25 -27 -28 28 -30 -31
leaf_value=0.0031089648120138768 0.0023133622773447706 -0.0015089051757983668 -0.0021664389492644463 0.00069376179100327123 0.0024491526312478071 -0.00060164006168648271 0.0024441455959683424 0.002814918479379965 0.00086484332762933372 -0.0013723916300141606 -0.0032364871868821605 0.00030452364328435624 -0.00015692190444246038 -0.004454577509418297 -6.568413200132886e-06 -0.00016813509468702862 0.0013396279066169255 0.0012414232637063302 -0.00072627264390585163 0.00065204783860756826 0.0059878509873257605 -0.0026141187247138336 0.0073848110126562396 0.0026766827614991247 0.0072252758361322283 0.0026829519464111975 -0.0028135170878095055 0.000934483512075608 -0.0014110414098413686 0.0029578324710043385
leaf_weight=4250.8484234820353 6139.2183372887666 883.00652650918346 6051.2399543231586 1550.5523460411932 1581.3281019137939 14274.546585508622 5382.1266185379354 1448.3679689364508 1033.4319191811082 6672.7605633303174 1281.4921205716673 4868.1025365330861 5466.484107876895 65.898966446984559 6431.6435069806175 4530.4122387686512 6396.185178779182 3111.921903800423 1152.3162653639447 2427.9458306345623 431.26943810895318 31127.83893595956 525.09048879565671 8478.7138462448493 1085.6963248101529 1166.508251977386 1346.8398299986147 6039.4740754530649 2148.938589239493 5451.5726703938562
leaf_count=17422 13224 7814 138085 5064 6526 137970 24306 2563 6532 112252 25350 25982 33490 429 38867 33746 18054 18787 15686 15118 943 531557 1428 21294 2249 2622 6264 17159 5173 10844
internal_value=4.43195e-06 -0.00109145 -0.00151098 0.00125106 -0.00178901 0.000525587 0.000117208 0.00196069 0.0009304 -0.00211952 -3.41735e-05 0.00142909 -0.00121366 0.00173489 -0.000544847 0.00106719 0.00146185 0.00243034 0.00178305 0.00221753 0.0018235 -0.00239523 0.00604246 0.00283233 0.00314031 0.00487929 -0.00121261 0.000694239 0.000317614 0.00208525
internal_weight=142802 75991.5 63630 66810.3 58612.8 33044.3 26905 33766 12630.5 49318.3 9294.46 10250.2 11517.7 5017.19 7713.14 12361.5 21484.5 4134.18 7831.11 6678.79 3543.19 37800.6 590.989 12281.5 10730.9 2252.2 2380.27 9636.78 8188.41 11847.8
internal_count=1296800 997500 915528 299300 886127 214278 201054 85022 63084 815384 70743 50288 171575 29401 64217 81972 53793 21587 48226 32540 19730 643809 1857 31229 26165 4871 12796 24895 22332 28898
is_linear=0
shrinkage=0.01


Tree=14
num_leaves=31
num_cat=0
split_feature=21 131 12 50 52 144 62 64 86 2 83 113 82 25 113 130 58 82 125 125 83 48 110 86 136 30 79 130 125 46
split_gain=1824.97 613.372 580.992 340.693 326.796 229.662 188.487 153.911 138.502 138.211 134.416 118.757 140.798 120.4 115.581 114.708 128.444 127.884 148.372 122.485 112.205 111.704 98.1234 146.724 95.0673 95.2434 88.7114 84.2307 81.9479 80.2249
threshold=0.28024390243902447 -0.37367021276595741 -0.3876262626262626 0.30217391304347835 0.42052631578947375 0.37095282146160968 0.40550595238095244 0.4793792517006803 0.014495798319327681 -0.23294573643410851 0.010527482269503509 65.31180555555558 0.011237373737373714 -0.43969696969696964 72.902777777777786 -0.41918367346938773 -0.24734042553191488 0.027402402402402385 -0.126453488372093 0.45505050505050515 0.015877016129032254 0.41010101010101013 0.2525510204081633 0.15476190476190479 -0.42111111111111105 0.069805194805194828 0.026671408250355581 0.010527482269503509 0.30217391304347835 -0.094494047619047603
decision_type=2 2 2 2 2 2 2 2 2 2 2 2 2 2 2 2 2 2 2 2 2 2 2 2 2 2 2 2 2 2
left_child=1 7 20 5 8 6 26 -1 14 -10 -9 15 -13 -14 -4 16 -5 -17 -19 -18 -3 -8 23 -6 -7 27 -2 -26 -27 -22
right_child=3 2 4 11 22 24 21 10 9 -11 -12 12 13 -15 -16 17 19 18 -20 -21 29 -23 -24 -25 25 28 -28 -29 -30 -31
leaf_value=0.0012604569101503146 -0.001541618989673805 -0.00020644965143763725 -0.0022163574088339523 -0.0017924077267097913 0.00058981551239749178 -0.0034038478972818766 0.0017415036305840426 0.0072308860377041434 0 -0.0018674246161506792 -0.0027624498800087002 0.0013742489660408211 0.015723676426369008 0.0036608148723080358 -0.0039889955495159392 0.00083009020085147479 0.0044713004098619127 0.0058318273757810455 0.001733097610394644 6.2950599084620154e-05 0.0024560082292561011 -0.001119627034199801 -0.0016384834488442454 0.0074959563753241448 0.0032175348260821387 0.0024214894121439086 0.00031898403468443666 -0.0017667448967597424 -0.00060099179277225501 -0.00058758089592828456
leaf_weight=5122.3965332935913 8642.6831270722323 5702.5716337704798 24291.425714173529 497.76377950632013 4561.5891902447329 347.03807610389777 5528.1345700845122 818.49619168671779 5172.244352176087 17023.173543647164 158.89199126884341 4019.4714876391809 83.706004466861486 5299.0425168927177 4358.3612144871731 18671.416144852876 3138.8078799587674 1113.1038724156097 4341.7897841148078 794.38739667832851 4138.8896805872209 1806.4390050823276 1860.1737653365126 329.40993258077651 4474.0850795527222 1570.7033178856072 3630.4079101709649 363.54864881339017 2080.7526688034995 1088.424324142281
leaf_count=31677 115285 64999 580609 1083 30684 1700 22437 1491 29303 132625 344 13675 122 13553 98109 61878 5869 2171 8410 1808 11168 9274 12704 460 15766 6318 10685 2112 7473 3190
internal_value=-7.26507e-06 -0.00108038 -0.00135096 0.00119859 -0.00175212 0.000370655 -0.00023212 0.00195742 -0.00202662 -0.00143248 0.00559491 0.00181868 0.00279473 0.00385315 -0.0024865 0.00149689 0.00297726 0.00122449 0.00257222 0.00358373 0.000762059 0.00103541 0.000313724 0.00105843 0.00170924 0.00191982 -0.000990453 0.00284061 0.000696722 0.00182037
internal_weight=141029 74626 68526.3 66403.3 57596.4 28443.8 19607.7 6099.78 50845.2 22195.4 977.388 37959.5 9402.22 5382.75 28649.8 28557.3 4430.96 24126.3 5454.89 3933.2 10929.9 7334.57 6751.17 4891 8836.13 8489.09 12273.1 4837.63 3651.46 5227.31
internal_count=1296982 997363 963851 299619 884494 191050 157681 33512 840646 161928 1835 108569 27350 13675 678718 81219 8760 72459 10581 7677 79357 31711 43848 31144 33369 31669 125970 17878 13791 14358
is_linear=0
shrinkage=0.01


Tree=15
num_leaves=31
num_cat=0
split_feature=18 11 132 53 130 82 73 88 20 113 88 127 113 101 11 62 32 62 13 51 53 55 35 79 132 26 127 132 88 62
split_gain=1606.81 761.385 642.727 424.01 206.028 287.089 194.414 185.071 178.624 160.305 192.206 155.48 137.144 150.03 130.241 129.975 129.695 124.841 116.874 106.164 103.318 99.6191 93.1624 92.7013 88.2903 86.7133 122.576 82.4744 82.309 82.236
threshold=0.32683658170914548 -0.38832199546485252 -0.34021276595744671 0.45180023228803717 -0.41918367346938773 0.010310374149659853 0.23861283643892342 0.15707236842105268 0.45505050505050515 65.31180555555558 -1.0000000180025095e-35 0.072948328267477228 25.540277777777781 0.45505050505050515 -0.1633333333333333 0.31725417439703163 0.45698427382053664 0.38762626262626265 -0.39897959183673465 0.46076923076923082 -0.42770034843205568 -0.47894503546099287 0.45959183673469389 0.019615384615384649 -0.47979591836734686 -0.43969696969696964 0.18237250554323728 0.057777777777777824 -0.14194139194139191 -0.15978723404255316
decision_type=2 2 2 2 2 2 2 2 2 2 2 2 2 2 2 2 2 2 2 2 2 2 2 2 2 2 2 2 2 2
left_child=1 18 16 8 12 27 17 -5 14 10 -8 -10 13 -2 -4 21 25 -7 -1 -9 -17 -14 -22 -20 -23 -3 -27 28 -6 -11
right_child=4 2 3 7 5 6 9 19 11 29 -12 -13 15 -15 -16 20 -18 -19 23 -21 22 24 -24 -25 -26 26 -28 -29 -30 -31
leaf_value=0.0020516810336655765 0.0033458520401679543 0.002436001169895841 -0.0013680712759180855 -0.0017577192704235883 -0.0015374815512128035 -0.0011135668285294528 0.00035817620961212327 0.0010240887426883445 -0.0037243172373162769 0.0075795804042158204 0.0022208008892980738 0.0039731890090895193 -0.00023843709999036471 -0.011114223594273087 -0.0024786444795448204 0.0090791529452843665 0.00439367354035026 0.0011530412135355445 -0.00097010496353248075 0.0048556297171835506 -0.00030559008573533269 0.0079673696453523256 0.0025121282778521005 0.0013670057124118174 0.0039750745736801098 -0.0011841415063973391 0.0020260891563049855 -0.0030174733796070035 0.00043229556756651892 0.0029380824455343684
leaf_weight=7208.4478496232477 135.10738439671695 2079.0916674102191 14981.289585529652 2122.5200642207055 3035.3502000598237 4314.3392781241564 9842.7057971249451 3387.0251224464737 372.33452459005639 413.70223525341135 12716.483575716033 876.30483538401313 416.06451584072784 149.33294786326587 36220.527870590333 190.19737107492983 1108.5415365576046 5557.7046036479296 3322.5047249994823 922.8353287326172 1743.671154004056 742.32072319462895 3548.5433977658395 3463.9357968063559 2297.8900677957572 3190.1865370434825 1895.0859823229839 1123.8729143556557 7029.4776913918322 5423.7528282166459
leaf_count=36307 323 7506 231002 18500 20052 33414 33668 20025 1521 1389 35515 2573 907 353 638828 320 2895 21433 46196 1853 3985 1138 6944 9957 5399 24961 11906 18094 43992 16460
internal_value=-4.48662e-05 -0.000956483 -0.00139873 -0.00176549 0.00121565 0.000959414 0.00137144 0.000656403 -0.0020627 0.00179171 0.00140862 0.00166871 0.00258836 -0.00422309 -0.00215393 0.00280667 0.00121042 0.000161449 0.00116491 0.00184776 0.00184551 0.00432743 0.00158198 0.000221356 0.00495545 0.000715934 1.03854e-05 -0.000448927 -0.00016085 0.00326998
internal_weight=139831 81150.6 67155.7 58882.8 58680.5 49457.4 38268.7 6432.38 52450.5 28396.6 22559.2 1248.64 9223.13 284.44 51201.8 8938.69 8272.91 9872.04 13994.9 4309.86 5482.41 3456.28 5292.21 6786.44 3040.21 7164.36 5085.27 11188.7 10064.8 5837.46
internal_count=1297416 1054030 961570 914302 243386 224017 141879 40378 873924 87032 69183 4094 19369 676 869830 18693 47268 54847 92460 21878 11249 7444 10929 56153 6537 44373 36867 82138 64044 17849
is_linear=0
shrinkage=0.01


Tree=16
num_leaves=31
num_cat=0
split_feature=18 131 11 53 144 102 112 101 131 32 82 18 86 12 114 49 82 114 40 111 128 128 16 32 111 86 58 128 18 86
split_gain=1604.56 687.879 663.402 472.468 222.661 163.515 155.645 155.514 151.962 150.68 124.302 118.613 118.185 115.876 93.6006 88.6215 96.069 92.9562 86.9818 86.311 82.7288 80.815 84.5995 80.5254 85.6632 65.9566 65.7142 85.4442 99.2541 80.3269
threshold=0.34529914529914535 -0.34021276595744671 -0.38832199546485252 0.45180023228803717 1.0000000180025095e-35 -0.069805194805194801 68.860119047619065 -0.45789007092198575 -0.39472517730496448 -0.29008567931456541 0.012049941927990694 -0.090326340326340307 0.010527482269503509 -0.25931034482758614 -3.5826388888888903 0.42940199335548179 0.11805555555555559 25.805555555555561 0.16333333333333336 82.500000000000014 -0.26043478260869563 -0.37877551020408157 -0.37367021276595741 0.45698427382053664 25.500000000000004 0.016397849462365614 0.3492424242424243 0.31725417439703163 0.04027027027027031 0.010527482269503509
decision_type=2 2 2 2 2 2 2 2 2 2 2 2 2 2 2 2 2 2 2 2 2 2 2 2 2 2 2 2 2 2
left_child=1 7 11 12 -2 8 21 23 -6 10 -5 14 19 -14 -3 16 -10 -17 -11 -4 -8 -7 -23 -1 -25 -13 27 -9 -29 -28
right_child=4 2 3 9 5 6 20 26 15 18 -12 25 13 -15 -16 17 -18 -19 -20 -21 -22 22 -24 24 -26 -27 29 28 -30 -31
leaf_value=0.0023075440355589025 -0.0029483841405722024 0.0029518119055799274 -0.0026343229120524385 0.00017519190751667739 0.0019475349617341187 -0.0023649355533846817 -0.0068338066543013444 -0.00065205951362887844 0.00040766457319447536 -0.0018776477717852803 0.0040335682740684749 -0.001680782024390878 -0.00051319892601765977 -0.0019559880366150873 0.00072573702286350694 -0.00093441285069496523 0.0054759488582166163 -0.010166500417915893 0.0014721498829780794 -0.0096045045544885417 0.0032181812518870955 0.0058644519164066265 0.0014778799087279404 0.00085763935530648323 0.010202977860348265 0.00076290030771200784 0.0030859599880914252 0.0032538074369015753 0.00012850095359673492 -0.0020661183010073844
leaf_weight=532.86778648011386 1196.6142920149141 3105.4026930361288 15935.230985403701 1524.5130210231291 6897.8836023540935 533.8361427532509 81.248705989215523 3223.3597785095335 10591.937277135265 2176.692994232988 1860.4376668140758 2188.6779095278471 6891.1664207016001 29420.799702956516 4863.6357824777951 3420.2293483896647 387.1842804402113 111.9817837649025 1199.7368780270917 179.95524132647552 7491.2873889009934 448.43466834188439 24702.833805147762 133.96031717397273 393.89512970019132 2221.7277557534399 2295.1752148311352 1832.6839675747906 2295.1183782074368 345.43985161534511
leaf_count=2799 24644 15897 409944 12509 17263 3864 693 27140 50964 16712 6084 31994 83824 392393 32290 13991 707 458 6284 4513 24758 1664 80797 223 669 6438 8028 7419 9861 1694
internal_value=5.36895e-06 -0.000879668 -0.00123832 -0.00167869 0.00131448 0.00140803 0.00184703 0.00144171 0.00072556 0.000808032 0.00229935 0.000866311 -0.00199959 -0.00168248 0.00159472 0.000143917 0.000587793 -0.00123272 -0.00068433 -0.00271337 0.00310812 0.00147473 0.00155672 0.00508304 0.00785631 -0.000447624 0.00105368 0.000565688 0.00151897 0.00240766
internal_weight=138484 82620.5 71568 59188.5 55863.5 54666.9 33257.6 11052.5 21409.2 6761.38 3384.95 12379.4 52427.2 36312 7969.04 14511.3 10979.1 3532.21 3376.43 16115.2 7572.54 25685.1 25151.3 1060.72 527.855 4410.41 9991.78 7351.16 4127.8 2640.62
internal_count=1296518 1076715 1018882 932263 219803 195159 111776 57833 83383 41589 18593 86619 890674 476217 48187 66120 51671 14449 22996 414457 25451 86325 82461 3691 892 38432 54142 44420 17280 9722
is_linear=0
shrinkage=0.01


Tree=17
num_leaves=31
num_cat=0
split_feature=21 132 99 73 36 132 62 86 26 88 144 95 124 145 145 93 39 93 32 112 26 93 93 124 111 127 21 15 136 61
split_gain=1780.33 548.63 412.903 324.408 251.756 247.674 189.54 160.186 149.092 147.891 135.846 127.367 124.168 121.896 118.503 124.391 146.255 109.441 101.009 135.762 100.275 99.9528 97.432 89.5002 89.1685 87.8102 83.4777 79.1648 76.6513 69.2377
threshold=0.28024390243902447 -0.37367021276595741 -0.3876262626262626 0.23956521739130435 0.49000000000000005 -0.37367021276595741 0.39619252873563227 0.010527482269503509 -0.33156028368794321 -0.4494897959183673 1.0000000180025095e-35 0.39791666666666675 0.18819444444444447 -0.22886904761904761 -0.31972222222222219 -0.15511454715588027 0.17006802721088435 -0.095952721187771692 -0.39009661835748788 29.991071428571434 1.0000000180025095e-35 -0.082478457107451705 -0.32736936035614755 0.27346041055718479 82.500000000000014 -0.45199692780337936 0.36023255813953492 0.46076923076923082 0.33503401360544227 0.37779990044798412
decision_type=2 2 2 2 2 2 2 2 2 2 2 2 2 2 2 2 2 2 2 2 2 2 2 2 2 2 2 2 2 2
left_child=1 9 21 5 7 -2 27 24 -9 29 -5 28 22 17 15 -12 -17 -11 19 -16 -14 -3 -6 -19 -4 -13 -20 -7 -8 -1
right_child=3 2 4 10 12 6 11 8 -10 13 14 25 20 -15 18 16 -18 23 26 -21 -22 -23 -24 -25 -26 -27 -28 -29 -30 -31
leaf_value=0.0027912073165384994 0.0017359390167956729 0.0013325500145554973 -0.0026127106907535991 -0.0030679854086574803 -0.0044298951237315464 -0.0011818562322047144 0.0032085123326979991 -9.7610256471024548e-05 -0.001777612759431478 0.00026322386808920592 0.00053532608725854656 -0.0065384610904653815 0.001573846787620841 5.218348576491815e-06 -0.00011001834910542917 0.0049810342495853832 0.001551857116173803 0.0024488806564977291 0.00022650125439031333 0.0052526192273886661 -0.0032745658710937819 -0.00068441611540922664 0.0040913584450162268 0.0080147718230862072 -0.010031600578607327 0.00018076268371441565 0.0016445011206509721 -0.0076865599004329512 -0.0044940406618050582 0.0085943822544016588
leaf_weight=427.58178363437764 7946.6474668818119 5997.6524293249822 15682.425270520442 575.28731194284046 147.69083335669711 9484.2045976053341 2203.9566936290939 6397.3344793698052 30664.069988803298 805.81426600477425 1588.7617754251696 202.86288749799132 879.51867505302653 3476.8829822456464 673.14677630469669 3414.5459892214276 1973.668550357921 626.33563433150994 4966.4637624715688 1551.3101376843406 824.06816545466427 4153.4451953684329 1299.897305135848 548.74999264883809 163.83034838037565 4204.579167788499 25847.064780193206 190.55360965058208 135.33344790758565 410.33512864261866
leaf_count=1875 25739 38329 407396 11156 393 112215 9150 77805 387767 3879 4214 1113 2635 21958 2313 8252 5284 3002 26121 4125 2810 38191 4683 1820 4231 20218 68080 680 947 977
internal_value=-3.10731e-06 -0.00108035 -0.00134867 0.00119914 -0.00168476 0.000286563 -0.000414269 -0.00184837 -0.0014879 0.0017397 0.00174674 0.000871286 0.00105889 0.00113632 0.00181628 0.00300207 0.00372733 0.00311558 0.00156548 0.00362601 -0.000766132 0.000506313 0.00321261 0.00506119 -0.00269067 -0.00012765 0.00141629 -0.00131179 0.0027569 0.00565185
internal_weight=137464 72505.6 66209.9 64958.4 56058.8 24368.1 16421.5 52907.7 37061.4 6295.7 40590.2 6746.73 3151.17 5457.78 40015 6976.98 5388.21 1980.9 33038 2224.46 1703.59 10151.1 1447.59 1175.09 15846.3 4407.44 30813.5 9674.76 2339.29 837.917
internal_count=1297358 997751 964240 299607 887720 170062 144323 877199 465572 33511 129545 31428 10521 30659 118389 17750 13536 8701 100639 6438 5445 76520 5076 4822 411627 21331 94201 112895 10097 2852
is_linear=0
shrinkage=0.01


Tree=18
num_leaves=31
num_cat=0
split_feature=18 131 11 20 144 66 49 144 33 73 73 32 95 88 93 111 95 93 34 78 126 61 88 34 88 66 129 33 126 93
split_gain=1513.16 697.513 706.25 270.527 249.246 226.333 183.9 168.982 163.607 162.913 160.562 142.909 128.813 123.836 174.667 118.249 115.441 93.8236 93.3582 88.1149 86.8718 79.6516 79.057 109.404 109.866 80.7158 79.0386 77.8361 97.0637 77.7631
threshold=0.32025641025641027 -0.34021276595744671 -0.38832199546485252 0.49000000000000005 1.0000000180025095e-35 -0.3876262626262626 0.43513323983169711 0.4587585034013606 0.079473684210526321 0.43513323983169711 0.27664399092970526 0.45698427382053664 1.0000000180025095e-35 -0.11583184257602859 -0.017064242231954237 83.500000000000014 0.71583850931677029 -0.44540747083887416 -0.069805194805194801 0.011766334440753036 -0.47894503546099287 0.49000000000000005 0.46702898550724642 -0.11167800453514738 -0.37939393939393934 0.13211600429645545 0.15978723404255321 -0.20106382978723403 0.27888888888888896 -0.20971367731969029
decision_type=2 2 2 2 2 2 2 2 2 2 2 2 2 2 2 2 2 2 2 2 2 2 2 2 2 2 2 2 2 2
left_child=1 11 12 5 -2 10 7 13 18 20 -4 22 -3 14 -6 -7 29 -15 -9 -14 -8 -10 23 24 -1 -25 -24 -5 -29 -13
right_child=4 2 3 27 6 15 9 8 21 -11 -12 16 19 17 -16 -17 -18 -19 -20 -21 -22 -23 26 25 -26 -27 -28 28 -30 -31
leaf_value=0.0042694303021314417 -0.0030685742983056477 0.0040410732484606835 -0.0012142432230805562 0.0076534960286006237 0.00097066841359486067 -0.0019891513074318723 0.0037657119807231903 0.0078047042505421131 0.0013461771796089929 0.0015820715952232567 0.0020791455716457582 -0.00095479444629319947 -0.00063636993434169529 -0.0052014969884014326 -0.0029110180981586384 -0.0045703775731557716 -0.00032311208833390808 0.0018453075711083761 0.0030996335925867042 0.0012685685636232846 -0.00081160935447746271 0.0042162977601557048 0.0029054932089625303 -0.0036044758789839223 -1.9095312185235443e-05 7.4517530601801732e-05 -0.00093495025173724925 -0.0016686431352914474 0.0048745649536553618 0.0062604113759995644
leaf_weight=974.29296572762541 1320.8934643710963 1206.8322716150433 4473.4702018176904 274.5815894715488 10383.039890137297 46137.843935068464 436.16031744505744 982.68762418814003 3384.1153263304732 6117.2426823590649 2210.7065589275444 166.50659993942827 3758.4666807562462 188.7609919924289 1303.0243553158944 1852.2773178721545 461.2822858709842 24206.366564121796 757.96626862784615 6831.1319248235086 7848.291306926345 1364.0471091698855 2698.354371087742 949.13288327743066 1529.7596999005182 1587.6788484586868 663.59268354688538 456.42085520736873 445.86436882946873 1259.4860721032601
leaf_count=4879 30687 4824 73106 554 45563 779783 1306 1983 7926 14602 16174 379 50630 675 6946 38908 1211 102150 1651 28698 30849 2573 9862 11350 11401 9226 3511 1172 885 2847
internal_value=3.35568e-06 -0.000908027 -0.00127707 -0.00174671 0.00122205 -0.00184895 0.00132175 0.00165227 0.00313912 0.000344044 -0.000123353 0.00151702 0.000945592 0.00138452 0.000536783 -0.00208908 0.00400464 0.00179016 0.00576458 0.000591526 -0.00056899 0.00217352 0.000956704 0.000162315 0.00164656 -0.00129889 0.00214443 0.00299198 0.00155543 0.00541084
internal_weight=136230 77937.7 67647.6 55851.2 58292.6 54674.3 56971.7 42570 6488.82 14401.7 6684.18 10290.1 11796.4 36081.2 11686.1 47990.1 1887.27 24395.1 1740.65 10589.6 8284.45 4748.16 8402.81 5040.86 2504.05 2536.81 3361.95 1176.87 902.285 1425.99
internal_count=1296311 1049400 994734 910582 246911 907971 216224 169467 14133 46757 89280 54666 84152 155334 52509 818691 4437 102825 3634 79328 32155 10499 50229 36856 16280 20576 13373 2611 2057 3226
is_linear=0
shrinkage=0.01


Tree=19
num_leaves=31
num_cat=0
split_feature=21 11 53 73 131 5 25 48 108 111 127 38 56 12 82 88 21 26 73 94 111 114 20 114 127 110 7 127 101 77
split_gain=1703.47 600.334 595.331 344.641 283.749 186.454 169.093 137.633 109.981 108.751 100.52 144.452 94.5984 91.6221 86.2523 90.136 86.1639 173.837 112.158 102.699 99.1056 96.3678 84.899 90.8355 91.816 83.4061 82.2693 109.949 77.6207 88.4046
threshold=0.27664399092970526 -0.38832199546485252 0.41751700680272114 0.27113095238095247 -0.42111111111111105 0.45698427382053664 -0.29795918367346935 0.23956521739130435 0.30521680216802177 83.500000000000014 0.20106382978723406 0.10208333333333332 0.44058823529411767 -0.27664399092970515 1.0000000180025095e-35 -0.20916666666666664 0.42052631578947375 -0.36285266457680249 0.45698427382053664 1.0000000180025095e-35 59.500000000000007 -14.531944444444441 -0.30901722391084091 -6.9840277777777748 -0.31725417439703146 -0.44058823529411756 -0.22613636363636361 0.40121951219512203 0.1588137472283814 0.13392857142857148
decision_type=2 2 2 2 2 2 2 2 2 2 2 2 2 2 2 2 2 2 2 2 2 2 2 2 2 2 2 2 2 2
left_child=1 12 5 4 22 9 25 16 -6 13 -7 -12 -1 -3 15 -9 17 19 20 -5 -18 -20 -2 -24 -25 -4 27 -16 -8 -30
right_child=3 2 6 7 8 10 28 14 -10 -11 11 -13 -14 -15 26 -17 18 -19 21 -21 -22 -23 23 24 -26 -27 -28 -29 29 -31
leaf_value=0.00012094711834868715 0.0086314981919358887 -0.00099696857050857396 -0.001240009704112254 -0.0040559773508240657 -0.00073354316269632312 -0.0010833475449580202 -0.0019225037631844923 -0.0063635994030771092 0.0010199454166626451 -0.0045618372058886907 0.0073411771368537869 -0.00012543716977396973 0.0019256364445843872 -0.0022464199931060288 -0.0062250536200901931 8.3386314238417287e-05 0.0011515564845585009 0.00088406819957085464 -0.0018839471857096566 0.0054673068910970511 0.0043368141815024628 0.0054345016381473592 -0.0013559599118715237 0.0046485974076889789 0.0015955188709176394 0.0024928479708216807 0.0014995913367454332 0.0047662633945142656 -2.1711431839364021e-05 0.0063563282239347298
leaf_weight=6463.6032208499964 192.01322607323527 7027.720361869433 689.05987236823421 121.19502885686234 15695.132429667457 1375.6675028046011 2376.509732786566 264.03325455216691 4628.100645817467 1795.1566137367045 445.07729540718719 611.96458302089013 5293.1259891566588 36656.036712444038 300.58520278899232 1177.2224770914763 2746.6648081830936 5429.1321005135542 191.30178896896541 1408.211744081229 1526.7686816793866 2494.358429963002 757.35140655888245 1303.337469310849 4117.3176528131007 4371.7993145661312 23535.040399915248 128.50209863018245 1949.3973477244726 243.15921068191528
leaf_count=60519 332 115561 6931 514 142387 7138 24940 964 30492 38980 2050 3130 20084 670832 1791 3079 7322 26970 392 4808 3778 4839 2116 2963 9345 20590 69206 627 14186 341
internal_value=-2.89542e-05 -0.00112413 -0.00154491 0.00112052 0.000243106 -0.00200097 0.000723075 0.00171585 -0.000333708 -0.00214531 0.000692948 0.00301297 0.000934401 -0.00204567 0.00127708 -0.00109434 0.00251591 0.00172563 0.00330434 0.00470396 0.00229264 0.00490897 0.00208474 0.00187828 0.00233216 0.00198248 0.00142016 -0.00290672 -0.000669829 0.000683643
internal_weight=135315 69298.3 57541.5 66016.3 26693.3 47911.6 9629.93 39323 20323.2 45478.9 2432.71 1057.04 11756.7 43683.8 25405.4 1441.26 13917.6 6958.54 6959.09 1529.41 4273.43 2685.66 6370.02 6178.01 5420.66 5060.86 23964.1 429.087 4569.07 2192.56
internal_count=1297207 985282 904679 311925 187635 837691 66988 124290 172879 825373 12318 5180 80603 786393 75667 4043 48623 32292 16331 5322 11100 5231 14756 14424 12308 27521 71624 2418 39467 14527
is_linear=0
shrinkage=0.01


Tree=20
num_leaves=31
num_cat=0
split_feature=21 11 53 73 130 35 58 25 25 21 112 53 112 20 88 56 71 130 48 54 77 35 4 51 24 38 101 21 130 134
split_gain=1672.59 507.485 590.717 265.677 227.638 220.897 178.096 155.875 137.533 127.544 153.41 136.305 120.883 119.654 119.63 117.559 110.409 102.511 98.6036 103.241 95.3634 94.5187 101.344 91.743 88.582 85.9955 83.3001 82.9803 142.518 130.586
threshold=0.28024390243902447 -0.38832199546485252 0.41864313292884731 0.23861283643892342 -0.44381313131313122 0.47646733111849393 0.42052631578947375 -0.29516317016317012 0.32025641025641027 0.47259759759759767 38.407738095238102 0.26253132832080206 20.967261904761909 -0.30901722391084091 -0.45773809523809517 0.44058823529411767 0.49500000000000005 -0.38467117988394578 0.46076923076923082 0.019259259259259257 0.074175824175824148 -0.39009661835748788 0.021980676328502428 -0.44058823529411756 -0.4759001161440185 0.26253132832080206 0.019259259259259257 0.45505050505050515 0.011495771670190282 0.013701201201201165
decision_type=2 2 2 2 2 2 2 2 2 2 2 2 2 2 2 2 2 2 2 2 2 2 2 2 2 2 2 2 2 2
left_child=1 15 5 4 13 12 -6 20 9 10 26 -12 -3 -2 -7 -1 -9 -14 24 -20 -4 22 -8 -15 -11 -16 -5 28 -10 -29
right_child=3 2 7 8 6 14 21 16 27 18 11 -13 17 23 25 -17 -18 -19 19 -21 -22 -23 -24 -25 -26 -27 -28 29 -30 -31
leaf_value=-0.00011543914401888215 0.011560991902050137 -0.00074280446504560946 0.0017297305365245889 -0.0048670788646964173 -0.00061075459815524368 0.010429718179474976 0.0047998798208338965 -0.0015010897687655486 0.0017874814458539207 -0.0044918170033358242 0.00074884799346155648 0.0033789695535339538 0.00059948102062938266 -0.0023972752459902285 0.0021385432630956001 0.0018638363153859082 0.0020876780141883718 -0.0023599276492949932 -0.008761142235764784 0.0020049851639790243 0.012053006479755419 0.00078448990785387181 -0.0063414119079818676 0.003036123405013419 0.0047713972991156308 -0.0020351230635428526 0.00073080454692097047 0.0030899083559205731 -0.00072358551990437336 0.00093872692761352101
leaf_weight=6535.5698538378347 149.25343141704798 5979.5027491907822 5295.3181297759875 280.58892532018945 15269.003090381448 129.86637223092839 1122.9849498959375 3427.735425951425 4053.0633495998918 104.59083133423701 2830.3094334753114 6571.7889413072844 1201.158524358354 350.01706641819328 1310.7959297655616 5533.4880233933218 1140.4341408270411 38626.227862828644 105.2394100241363 548.51269786991179 90.427579924464226 3880.4433350226027 86.441551115363836 2604.1989353180397 3411.8172392933629 788.9412502713385 4667.0375040540239 4173.5174379147356 5100.9469287985703 8781.2705972816329
leaf_count=61566 225 78320 27713 2569 142215 402 4256 35703 16888 318 15576 22321 11482 754 5141 20536 3418 749768 204 1142 159 16071 458 5433 6971 3481 18475 10223 16588 18978
internal_value=-5.68793e-06 -0.00107374 -0.00146207 0.00116166 0.000313873 -0.00192155 -7.02746e-05 0.00075433 0.00165098 0.0022872 0.00183826 0.00258845 -0.00207124 0.00283633 0.00114884 0.000791281 -0.000602712 -0.00227041 0.00382881 0.000245874 0.00190712 0.00154894 0.00399073 0.00238839 0.00449183 0.000565375 0.000410398 0.00111751 0.000387205 0.00163271
internal_weight=134150 70059.5 57990.4 64091 23462.3 48036.5 20358.9 9953.92 40628.7 18519.9 14349.7 9402.1 45806.9 3103.47 2229.6 12069.1 4568.17 39827.4 4170.16 653.752 5385.75 5089.87 1209.43 2954.22 3516.41 2099.74 4947.63 22108.8 9154.01 12954.8
internal_count=1297354 997689 915587 299665 169412 848594 163000 66993 130253 67576 58941 37897 839570 6412 9024 82102 39121 761250 8635 1346 27872 20785 4714 6187 7289 8622 21044 62677 33476 29201
is_linear=0
shrinkage=0.01


Tree=21
num_leaves=31
num_cat=0
split_feature=21 144 1 53 144 112 51 144 65 41 18 115 60 112 37 21 126 32 71 80 31 125 99 62 53 26 125 95 60 58
split_gain=1631.71 466.574 366.023 366.298 264.054 201.126 199.809 184.982 176.566 137.421 166.748 117.666 118.832 114.917 112.924 138.52 108.514 103.367 132.84 102.88 93.4153 92.7759 90.2318 89.3157 76.2221 75.6033 75.8751 64.082 67.566 63.7296
threshold=0.28024390243902447 0.37627551020408168 -0.35565476190476181 0.45180023228803717 0.010421189752496731 20.967261904761909 0.35565476190476192 0.37627551020408168 0.4587585034013606 0.40121951219512203 -0.24734042553191488 0.015877016129032254 0.42052631578947375 81.824404761904773 -0.38047619047619041 0.45505050505050515 -0.4080338266384777 -0.29008567931456541 0.44058823529411767 0.059027777777777797 0.24037037037037037 0.47849213691026832 -0.26043478260869563 -0.17006802721088435 0.41864313292884731 0.37627551020408168 0.47849213691026832 0.938137755102041 0.47849213691026832 0.42052631578947375
decision_type=2 2 2 2 2 2 2 2 2 2 2 2 2 2 2 2 2 2 2 2 2 2 2 2 2 2 2 2 2 2
left_child=1 2 11 5 -2 20 7 9 24 29 -11 12 -1 14 21 -16 -15 19 -19 -5 -4 -8 -7 -18 -3 -10 -27 28 -9 -6
right_child=4 8 3 17 6 22 13 27 25 10 -12 -13 -14 16 15 -17 23 18 -20 -21 -22 -23 -24 -25 -26 26 -28 -29 -30 -31
leaf_value=-0.0015570832780309838 -0.0028626923300524754 -0.0004870486651365394 -0.0011656324249767823 0.0015220543280136786 -0.0011070917933054577 -0.0013127202808814779 0.0028927255798884546 0.0016497788400131161 0.011925863504108753 0.0086461914389099701 0.00072268204392979057 0.0015110199802405222 0.0015005285339486502 -0.003645811781862335 0.00072353665192067683 0.0021175939380349783 0.011665539321065399 -0.0019956048463027408 0.0021216705209118887 0.011379611001830327 0.0014177714378822317 0.0090668189330250348 -0.0025037118985145545 0.0041443243203099075 0.0020479701183347661 0.005115030382740816 -0.0030741494079602606 -1.8473461763633292e-05 0.0039016498278613997 0.00088529262569854287
leaf_weight=4047.591182153963 1612.2853552650777 2453.6029318382498 4561.9113230183139 2923.7774509732844 8358.5220257909677 8022.057557842345 2835.8112123180181 6009.7475354768394 141.83704566583037 273.27310475008562 8731.084716690908 4803.6496688551269 1849.1180464554345 158.34515477251261 14303.38288626459 14268.167569474899 178.51229523215443 2365.1059524652665 1169.0537655692897 109.30761814117432 2015.7648229199112 267.74629981443286 31556.150935670012 1477.7173277740367 2285.8880596160889 910.50422282516956 126.90772514604032 1635.5897821161197 1726.4637488978333 1980.6669985864428
leaf_count=76277 36168 29765 58763 16089 87956 118243 6502 24215 287 959 42133 18659 13001 401 46649 29247 441 19361 4188 184 17061 499 613829 3668 9432 1991 353 6385 4351 10091
internal_value=-2.40427e-05 -0.00108606 -0.00133674 -0.001679 0.00112976 -0.00199345 0.00123345 0.000620819 0.00159814 6.15954e-05 0.000965196 0.000348749 -0.000596475 0.00175841 0.00161759 0.00142011 0.00420883 0.000529454 -0.00063062 0.00188423 -0.000372319 0.00343134 -0.0022626 0.00496756 0.000733672 0.00506047 0.00410161 0.00177387 0.00215405 -0.000724397
internal_weight=133160 69342.2 63423.5 52723.1 63817.3 46155.9 62205 28715.3 5918.74 19343.5 9004.36 10700.4 5896.71 33489.7 31675.1 28571.6 1814.57 6567.24 3534.16 3033.09 6577.68 3103.56 39578.2 1656.23 4739.49 1179.25 1037.41 9371.8 7736.21 10339.2
internal_count=1297148 997483 955655 847718 299665 807896 263497 176090 41828 141139 43092 107937 89278 87407 82897 75896 4510 39822 23549 16273 75824 7001 732072 4109 39197 2631 2344 34951 28566 98047
is_linear=0
shrinkage=0.01


Tree=22
num_leaves=31
num_cat=0
split_feature=131 51 9 101 54 2 144 101 55 111 34 92 110 26 127 45 110 51 78 95 93 84 87 135 110 145 121 51 144 54
split_gain=1096.85 929.512 436.304 241.858 183.439 176.978 168.498 128.276 127.882 115.921 107.543 110.571 101.474 93.1541 92.9184 111.483 97.6939 88.7406 88.2685 92.9855 86.343 83.0944 85.2923 82.6809 79.662 79.0613 78.7863 78.6569 75.8046 74.5565
threshold=-0.37367021276595741 0.40121951219512203 0.24037037037037037 0.38047619047619052 0.46076923076923082 -0.36285266457680249 0.010421189752496731 -0.0729483282674772 0.46076923076923082 82.500000000000014 -0.14549731182795694 1.0000000180025095e-35 -0.45789007092198575 -0.44058823529411756 1.0000000180025095e-35 0.29795918367346946 -0.35857142857142849 -0.40399385560675877 0.011237373737373714 0.10471491228070177 -0.097519982980767292 0.010527482269503509 1.0000000180025095e-35 0.23436821537125493 -0.44058823529411756 0.39065217391304352 -0.31725417439703146 0.27664399092970526 0.4587585034013606 -0.47894503546099287
decision_type=2 2 2 2 2 2 2 2 2 2 2 2 2 2 2 2 2 2 2 2 2 2 2 2 2 2 2 2 2 2
left_child=10 2 3 4 9 18 -3 -8 26 -2 11 13 17 -1 15 -14 -16 -13 -4 -20 29 -7 -23 -10 -6 28 -9 -5 -15 -12
right_child=1 6 5 27 24 21 7 8 23 -11 20 12 14 25 16 -17 -18 -19 19 -21 -22 22 -24 -25 -26 -27 -28 -29 -30 -31
leaf_value=0.010493526548951722 -0.0019045390583470939 -0.0033104965514513304 -0.00035620471465148062 -0.00073640815276295986 -0.0027826012762433168 -0.0019094874196682783 -0.0013369095388367394 0.0042027403858563694 0.0035525386286869229 -0.0044717929538499223 -0.0077258159597073462 -0.0050248059436818551 0.0015422486809116745 0.0022599640080829971 -0.0044680879287349864 -0.0035538849636845967 0.0027746554553089546 0.0069086909866995574 0.0041231914318863019 0.0011587968338355418 0.0018907241811405432 0.00059204134581906064 -0.00093943110789770413 0.00028824124398209631 0.0010708368995806046 -0.0018279463654597189 0.00099428782858906601 0.0012563125942123791 0.0048822267855115229 0.00052179121876597036
leaf_weight=195.44067145418376 37793.567463233252 809.80072868958814 2874.9418168531847 5175.8379782496486 657.71330960449995 3642.838067207369 1697.9371006960282 800.24072850134689 4050.9035874655237 1851.1234961362788 110.64361105277203 68.977389962412417 966.00351625261828 1970.6611923390301 199.10194425564259 769.22881712531671 2536.4552666504169 524.49842124432325 1313.2072304270696 5544.0969424929935 10218.516682581394 6846.6913167078164 7745.4779334489722 968.36270191997755 2876.6557079537888 266.49337577901315 18319.101719438971 3207.1397757127415 2567.0534019074403 5702.4377633938566
leaf_count=449 698603 19709 35235 42757 8972 85672 15202 1844 10560 39244 595 308 4081 8358 743 2240 7266 1482 4851 25005 34401 54577 63789 3233 14631 1039 71254 13015 6446 21381
internal_value=1.01662e-05 -0.000441213 -0.00098287 -0.00152836 -0.00183013 2.24868e-05 0.00117503 0.00131613 0.00150321 -0.00202477 0.00184704 0.0026583 0.00161283 0.00371474 0.00109364 -0.000711854 0.00224241 0.00549877 0.00111165 0.00172847 0.00133701 -0.000558293 -0.000220183 0.00292494 0.000350335 0.00343476 0.00112931 2.48284e-05 0.00374637 0.000361788
internal_weight=132271 106176 79529.3 51562 43179.1 27967.3 26646.3 25836.5 24138.6 39644.7 26095.5 10063.9 5064.27 4999.65 4470.79 1735.23 2735.56 593.476 9732.25 6857.3 16031.6 18235 14592.2 5019.27 3534.37 4804.21 19119.3 8382.98 4537.71 5813.08
internal_count=1296942 1208153 1086351 817222 761450 269129 121802 102093 86891 737847 88789 32412 16120 16292 14330 6321 8009 1790 65091 29856 56377 204038 118366 13793 23603 15843 73098 55772 14804 21976
is_linear=0
shrinkage=0.01


Tree=23
num_leaves=31
num_cat=0
split_feature=21 2 54 51 130 88 112 61 41 18 97 18 88 112 18 87 62 54 82 25 130 98 109 40 22 89 145 129 52 118
split_gain=1557.94 373.608 558.604 262.903 232.907 192.586 187.223 174.387 157.534 130.555 125.516 129.441 124.184 117.979 110.968 110.227 100.258 113.031 93.1403 91.3472 91.235 79.943 91.2472 75.9578 72.3085 94.6731 108.317 71.3983 65.8922 65.145
threshold=0.28024390243902447 -0.36285266457680249 0.41864313292884731 0.39897959183673476 -0.43938775510204076 -0.42752100840336132 21.276785714285719 0.47259759759759767 0.40550595238095244 0.43513323983169711 0.77500000000000024 -0.45180023228803712 0.19139194139194141 81.824404761904773 -0.24734042553191488 1.0000000180025095e-35 0.35391260162601629 0.47752525252525257 0.011495771670190282 0.29795918367346946 -0.35857142857142849 0.019259259259259257 0.39897959183673476 0.4587585034013606 0.47646733111849393 0.028991596638655474 -0.33166666666666661 0.012660256410256367 0.47849213691026832 0.019615384615384649
decision_type=2 2 2 2 2 2 2 2 2 2 2 2 2 2 2 2 2 2 2 2 2 2 2 2 2 2 2 2 2 2
left_child=1 10 5 4 21 7 9 -3 16 -7 11 -1 -4 24 18 23 17 -6 -10 -16 -8 -2 -23 -14 25 26 -5 -15 -17 -13
right_child=3 2 12 13 8 6 20 -9 14 -11 -12 29 15 27 19 28 -18 -19 -20 -21 -22 22 -24 -25 -26 -27 -28 -29 -30 -31
leaf_value=0.0043386645721101352 0.0016358063225661173 0.00026174466335047357 -0.00073400851904130752 0.0033855411708226808 -0.0014753895364962766 -0.00091867612060524313 0.0002329882895247647 0.010079793428317156 0.0023438184227040156 0.0036285074105873579 -0.00074125396946703181 -0.00014667242898256611 -0.00088425786606309402 0.0032603856970364864 0.001950149594492946 0.0019301580461289819 0.00057364031868156317 0.0019549624058562789 0.012569466216283116 0.00021485232456189754 -0.0023420922901740476 0.0061759404796269488 0.0013106313249944327 0.0076143751888003144 0.00084114498305467764 0.0040422273415212737 0.0013710295990246749 0.0081973628306582953 0.0051697746505290701 0.001950913366098282
leaf_weight=1230.7677755141631 3580.7417338318191 1464.4180458743358 3445.2220313058351 3303.0343712787144 8893.29943241406 6219.6506994412048 1421.9597543303389 205.81957767950371 237.86009884637315 701.1980295535177 4505.9843761278898 3354.0994471912272 1786.0183756428305 1288.5222398731858 4619.2769368061563 3594.1160260948818 5526.3792290506826 1073.6204335669754 145.07509607821703 8879.521195148438 36711.730482404411 1009.9904425549321 633.65574197145179 110.62457320140675 7640.5553135840455 2024.8341569378972 14145.363244387147 385.44724618713371 767.56837267696392 2638.2698918285314
leaf_count=5531 7817 21072 32200 7832 109185 78944 16443 785 896 2012 47593 41779 12789 3042 23008 17273 35889 4948 372 38653 710327 2158 1379 227 17958 3962 41766 892 1706 8444
internal_value=-6.77397e-06 -0.00105634 -0.00139394 0.00112162 0.000533746 -0.00184741 -0.00197112 0.00148289 0.000187336 -0.000456068 0.000566942 0.0013844 0.000788566 0.00182779 0.000961206 0.00162833 -0.000505411 -0.00110472 0.0062665 0.000809511 -0.0022458 0.00247918 0.00430829 -0.000379541 0.001668 0.00199186 0.00175313 0.00440736 0.00250361 0.000775338
internal_weight=131545 68157.4 56428.3 63387.2 34599.4 46724.8 45054.5 1670.24 29375 6920.85 11729.1 7223.14 9703.55 28787.8 13881.7 6258.33 15493.3 9966.92 382.935 13498.8 38133.7 5224.39 1643.65 1896.64 27113.8 19473.2 17448.4 1673.97 4361.68 5992.37
internal_count=1296882 997125 893778 299757 224305 829583 807726 21857 212951 80956 103347 55754 64195 75452 62929 31995 150022 114133 1268 61661 726770 11354 3537 13016 71518 53560 49598 3934 18979 50223
is_linear=0
shrinkage=0.01


Tree=24
num_leaves=31
num_cat=0
split_feature=21 131 12 54 50 131 27 37 101 21 6 111 9 127 81 37 27 89 134 140 125 0 71 54 131 111 94 46 58 88
split_gain=1426.41 615.052 430.686 350.544 204.666 197.323 144.444 143.402 141.626 117.227 115.938 102.578 99.745 99.2835 219.616 169.744 99.0555 106.232 96.5286 137.39 103.913 93.7285 87.8085 82.4868 112.223 82.3555 69.9548 72.9183 65.3796 65.0971
threshold=0.28024390243902447 -0.37367021276595741 -0.3876262626262626 0.45180023228803717 0.37779990044798412 -0.38148936170212761 0.43813775510204089 -0.38047619047619041 0.40550595238095244 0.45505050505050515 0.49000000000000005 80.500000000000014 0.26043478260869574 0.011369509043927641 0.13392857142857148 1.0000000180025095e-35 -0.29795918367346935 0.060661764705882366 0.013701201201201165 0.011766334440753036 0.2409677419354839 -0.26020833333333326 0.47849213691026832 0.49000000000000005 -0.46295454545454545 37.500000000000007 1.0000000180025095e-35 0.31725417439703163 0.39897959183673476 0.46628787878787886
decision_type=2 2 2 2 2 2 2 2 2 2 2 2 2 2 2 2 2 2 2 2 2 2 2 2 2 2 2 2 2 2
left_child=1 6 12 10 5 -2 23 26 28 11 21 -9 -3 14 -10 -15 17 -5 19 -11 -20 -4 -18 -1 -25 -12 27 -6 -7 -28
right_child=4 2 3 16 7 8 -8 9 13 18 25 -13 -14 15 -16 -17 22 -19 20 -21 -22 -23 -24 24 -26 -27 29 -29 -30 -31
leaf_value=0.00043394984516771401 0.0017001381927056283 -0.00059549984907064277 -0.0011280145531531031 0.0015587529918208137 0.0066044825553798663 -0.0011579675130873623 0.004988612507514846 0.00051819914412301539 -4.5270285530481974e-05 0.0010603909645702139 0.0024241797502489722 0.0035551644528744358 0.001477227773577525 0.0067178418415446851 -0.014337027422625485 0.0010585341127053009 -0.0014460565149257462 0.012018339209468737 0.0030273470919591483 0.0050328459274655256 0.00085716919032025995 -0.0023039659484065927 0.0020877413961024067 0.0089067752805370992 0.0017117470273788524 -0.0025903491123135326 0.0059329053717874893 -0.0042889537456511509 0.00066766283749961682 0.0027787305296473005
leaf_weight=3391.852373219328 9994.9377894725767 3915.842737412313 8430.8677268144675 2631.298172368377 87.501653465442359 9070.6774858583813 1318.5382512412034 12590.302911948995 4056.0441677759518 1436.986940434901 990.59794276347384 1221.0692334929481 5682.7797971015098 575.32201273366809 109.49301996640861 6751.5016891857376 2790.6071447873255 100.24177796393633 3322.2539336534683 2239.2967771263793 6628.7289761235006 35431.468153546972 937.35835765814409 290.36416064482182 870.76918066747021 486.73369327723049 1251.6658710150514 198.43341969978064 2494.6582152330084 1415.2062769560143
leaf_count=26936 29838 43486 150274 14928 207 111104 3489 43913 24296 3270 2645 3283 35613 1604 221 34516 23778 175 6563 4171 14006 688151 2454 487 2450 2216 2969 565 15959 3464
internal_value=-3.83348e-06 -0.0010184 -0.0013142 -0.00167478 0.00107174 0.000526648 0.00207276 0.0016642 1.74832e-05 0.00143817 -0.00198533 0.00078766 0.000630625 0.000804081 -0.000426686 0.00150514 0.00050338 0.00195052 0.00209662 0.00348352 0.00158295 -0.00207819 -0.000554516 0.00122523 0.00352573 0.000764653 0.00376001 -0.000909101 -0.000763288 0.00426452
internal_weight=130713 67269.3 61397.8 51799.2 63444.1 33052.6 5871.52 30391.4 23057.7 27438.6 45339.7 13811.4 9598.62 11492.4 4165.54 7326.82 6459.51 2731.54 13627.3 3676.28 9950.98 43862.3 3727.97 4552.99 1161.13 1477.33 2952.81 285.935 11565.3 2666.87
internal_count=1297031 997082 963720 884621 299949 217538 33362 82411 187700 75206 843286 47196 79099 60637 24517 36120 41335 15103 28010 7441 20569 838425 26232 29873 2937 4861 7205 772 127063 6433
is_linear=0
shrinkage=0.01


Tree=25
num_leaves=31
num_cat=0
split_feature=21 12 130 73 88 88 60 96 73 112 38 93 34 114 48 23 55 90 100 114 84 145 130 20 93 20 112 39 6 64
split_gain=1404.05 468.715 288.272 307.883 279.714 225.511 192.364 195.316 183.463 163.776 140.757 170.433 170.731 135.486 130.247 127.909 122.996 140.139 121.022 118.932 108.978 124.004 99.885 97.813 91.484 83.4413 82.9674 162.222 81.5767 80.2425
threshold=0.27346041055718479 -0.3876262626262626 -0.43938775510204076 0.17416582406471184 0.31101190476190482 -0.42752100840336132 0.45698427382053664 1.0000000180025095e-35 0.20106382978723406 20.967261904761909 0.45959183673469389 -0.051984638864728309 -0.069805194805194801 5.459722222222223 0.4793792517006803 0.45698427382053664 0.45959183673469389 0.011495771670190282 0.38762626262626265 10.967361111111112 0.010310374149659853 -0.32182539682539674 -0.43938775510204076 1.0000000180025095e-35 -0.28042957177273392 -0.094916344916344889 69.848214285714306 -1.0000000180025095e-35 0.33752357008170969 -0.39009661835748788
decision_type=2 2 2 2 2 2 2 2 2 2 2 2 2 2 2 2 2 2 2 2 2 2 2 2 2 2 2 2 2 2
left_child=1 23 10 6 5 15 -4 -8 -6 18 11 12 -2 14 -12 -3 20 -18 -7 -15 -5 -22 -11 24 -1 -14 28 -28 -13 -19
right_child=2 4 3 16 8 9 7 -9 -10 22 13 26 25 19 -16 -17 17 29 -20 -21 21 -23 -24 -25 -26 -27 27 -29 -30 -31
leaf_value=0.004738751076851508 0.0065991584179458419 0.0003641730793607302 -0.0010193217807822725 -0.00023237581772018022 -0.0011301665571033155 -0.0011360286116970709 0.0031503552808570291 -0.00062090081028535115 0.0016198929400270021 0.0016737420572804651 -0.0036730286037264291 0.0046316682745627148 0.011503854890456055 0.0075721790944687844 0.0034353333144354287 0.0069927072008133364 0.00067902772676543528 0.0079688481503197243 0.002186277240887778 -0.003412163155068447 0.0028960060344996809 0.0010019548272209194 -0.0022284568088823428 -0.00058766489929606026 0.0011370646751242127 0.001956489900026807 -0.0062628402416603016 0.0030342905033386948 0.0011547245553760936 0.0032774395025477821
leaf_weight=791.96103670843877 2140.501071206294 1413.9768748037168 12202.425485677348 5613.8831112791086 5323.8923164002481 5379.2867948724888 2701.5592594271002 2784.3676471615327 4453.6589541627909 664.6875076519791 900.11705822823569 1076.0077624414116 96.161560186184943 356.63956596143544 358.87769775185734 366.8877366790548 2350.3771729876753 414.818499292247 1374.7878570933826 133.96718600392342 4115.9989821654744 21853.119170663587 35511.929329272592 3105.9085173585336 6586.431005861552 1783.5960435746238 349.11368483304977 402.23006391897798 1838.748159638606 3253.3082649158314
leaf_count=3592 3948 20929 126709 39705 61986 71004 11396 15926 26910 5239 2215 2262 179 678 818 1773 8914 903 6063 316 11910 73495 706011 27154 51438 3796 820 787 3356 7255
internal_value=1.34331e-06 -0.00103704 0.00104385 0.000767873 -0.00140967 -0.00174473 -0.000319663 0.00123468 0.000121496 -0.00188949 0.00265965 0.00324233 0.00466555 9.37117e-05 -0.00163773 0.00173853 0.00127973 0.00259092 -0.000458071 0.00455157 0.00102947 0.00130264 -0.00215644 0.000898606 0.0015256 0.00245607 0.00167804 -0.00127493 0.00244285 0.00381273
internal_weight=129699 64973.4 64725.8 55289.9 54489.1 44711.6 17688.4 5485.93 9777.55 42930.7 9435.96 7686.36 4020.26 1749.6 1258.99 1780.86 37601.5 6018.5 6754.07 490.607 31583 25969.1 36176.6 10484.3 7378.39 1879.76 3666.1 751.344 2914.76 3668.13
internal_count=1297487 982099 315388 296213 899915 811019 154031 27322 88896 788317 19175 15148 7923 4027 3033 22702 142182 17072 77067 994 125110 85405 711250 82184 55030 3975 7225 1607 5618 8158
is_linear=0
shrinkage=0.01


Tree=26
num_leaves=31
num_cat=0
split_feature=20 132 11 53 27 51 132 101 66 36 95 48 128 58 112 129 60 125 20 112 39 48 34 36 84 106 11 112 95 114
split_gain=1114.04 773.032 531.905 505.246 164.913 138.824 142.117 118.422 118.158 115.716 115.471 111.957 110.631 105.956 103.06 94.4516 88.1383 83.9434 81.1434 79.4124 91.6279 84.5991 78.657 76.0224 73.576 71.7322 69.3857 67.1369 65.3223 62.434
threshold=0.36023255813953492 -0.39472517730496448 -0.38832199546485252 0.41864313292884731 -0.29008567931456541 0.40121951219512203 -0.43683510638297868 0.16333333333333336 0.23252032520325203 0.46076923076923082 0.05634920634920635 0.41010101010101013 0.093790707772470686 0.42940199335548179 18.592261904761909 0.41663048198002611 0.17416582406471184 -0.30217391304347824 -0.22613636363636361 81.824404761904773 0.35565476190476192 0.34698996655518399 -0.37902439024390239 0.43405797101449284 0.013701201201201165 0.067117117117117112 -0.1633333333333333 89.098214285714306 0.096006144393241177 26.979861111111113
decision_type=2 2 2 2 2 2 2 2 2 2 2 2 2 2 2 2 2 2 2 2 2 2 2 2 2 2 2 2 2 2
left_child=1 8 10 14 9 6 15 -6 12 -5 16 13 -1 -8 23 17 -3 -2 -10 29 27 -22 -19 -4 -12 -20 -16 -21 -15 -7
right_child=5 2 3 4 7 19 11 -9 18 -11 24 -13 -14 28 26 -17 -18 22 25 20 21 -23 -24 -25 -26 -27 -28 -29 -30 -31
leaf_value=-0.0019935459686164455 0.0070714236246141099 -0.00082580037583764271 -0.00099062484777898076 0.001542241403174157 -0.0019777228014686071 0.0015670149637052968 7.513694904011919e-05 0.001038868594624316 0.0056655565926684495 0.0073102454886816116 -0.00053942566845210634 -0.0012700242889264336 0.001914844617059113 0.0049906212238299335 -0.0014353155701374968 -0.0064745002510621739 0.0041339411079639168 0.0041464696840402852 0.0042146848046181167 0.0081794762114076776 0.0040085754717751141 -0.0086863071696593117 0.001224447594078953 0.0029025540155329394 0.0012212967856116718 0.00068685566755018548 -0.0023277302586332533 0.0031733380455213111 0.0014199158992560218 -0.0022020537488438414
leaf_weight=919.41618755122181 320.86002422496676 459.99412105372176 4067.0330291867722 3830.7786918256315 2821.2284646032494 23863.227559611259 11463.888616169774 2409.5909789379803 1201.9695160958217 383.19200170785189 4572.5828955582692 4206.679334138229 3367.8224741730373 604.62764267774764 12142.099837600894 130.07544712536037 1566.4015898207435 1155.9330947161652 1156.0057387416018 437.45007986424025 106.8853249642998 100.35239563183859 4634.4654093136778 570.25675709778443 4922.0801776880398 1165.1484829355613 31571.427783502324 722.18389136530459 3471.7923566102982 444.71572228264995
leaf_count=10894 572 4269 54027 24062 28379 61345 77973 15803 3450 946 62745 25067 12655 1950 221814 317 7403 2402 3824 946 215 294 10778 2264 15438 4216 627780 1612 12977 1047
internal_value=-2.77993e-05 -0.000789068 -0.00112523 -0.00151639 0.000598231 0.00110849 0.000592611 -0.000586278 0.0021928 0.00207073 0.000836161 0.000176277 0.00107407 0.000568483 -0.00192967 0.00190801 0.00300329 0.00208909 0.00355064 0.00163023 0.00397938 -0.00210294 0.00181011 -0.000509194 0.000372321 0.00244919 -0.00208012 0.00507585 0.00195308 0.00149756
internal_weight=128790 77127 69316.7 57795.6 9444.79 51663.1 25988.3 5230.82 7810.36 4213.97 11521.1 19747 4287.24 15540.3 48350.8 6241.33 2026.4 6111.26 3523.12 25674.8 1366.87 207.238 5790.4 4637.29 9494.66 2321.15 43713.5 1159.63 4076.42 24307.9
internal_count=1297464 1099969 1064930 975075 69190 197495 132036 44182 35039 25008 89855 117967 23549 92900 905885 14069 11672 13752 11490 65459 3067 509 13180 56291 78183 8040 849594 2558 14927 62392
is_linear=0
shrinkage=0.01


Tree=27
num_leaves=31
num_cat=0
split_feature=41 131 44 54 144 130 73 102 115 35 115 58 6 144 136 65 49 128 1 128 67 33 103 128 54 6 95 25 24 128
split_gain=1263.45 741.526 347.034 277.726 246.334 165.484 173.59 138.158 163.179 134.558 134.161 132.416 125.521 110.835 108.641 113.332 94.6291 104.881 91.1078 82.7663 80.2571 78.5036 78.5605 76.1767 71.3067 69.6471 68.0964 67.9059 65.8108 64.174
threshold=0.31438415159345395 -0.39472517730496448 -0.34409722222222217 0.46076923076923082 0.010421189752496731 -0.43938775510204076 0.17416582406471184 -0.28867623604465703 0.010990338164251214 -0.41578014184397155 0.013701201201201165 0.31322674418604657 -0.40399385560675877 0.019615384615384649 0.15430839002267574 0.4793792517006803 0.2525510204081633 0.039230769230769243 -0.15291950113378683 0.034523809523809519 0.39417693169092949 0.28024390243902447 -0.010874704491725782 0.047727272727272736 0.42940199335548179 -0.18133462282398449 0.44562647754137119 -0.11167800453514738 0.14644607843137261 0.49000000000000005
decision_type=2 2 2 2 2 2 2 2 2 2 2 2 2 2 2 2 2 2 2 2 2 2 2 2 2 2 2 2 2 2
left_child=1 14 10 13 -2 16 9 19 -9 11 12 -7 -3 -4 -1 26 21 24 -15 -8 23 25 -23 -5 -18 -6 27 -16 -22 -19
right_child=4 2 3 20 5 6 7 8 -10 -11 -12 -13 -14 18 15 -17 17 29 -20 -21 28 22 -24 -25 -26 -27 -28 -29 -30 -31
leaf_value=0.0011456889594708267 -0.002964226189403325 0.0014503074758510928 -0.0023819601866004493 -0.00035297262462091256 -0.00067270925176184332 -0.0014085863527600556 -0.0005651757728010172 0.00057101447798449238 0.0022609286540069278 -0.00036243554146688097 0.0013673816864037977 0.0046076985936638329 -0.0015994913236616515 -0.00049851090604263282 -0.0029828439558095133 0.007233334350048375 0.0028352530674373121 0.00057472511921264366 -0.0017698821269155427 0.001587580045951009 -0.00011016174475989151 0.0053618429724248745 -0.00057614004706696008 0.0022879594049994389 0.0080387619686543045 0.0063325529360305508 0.0040493759614387958 0.0025262644677249953 -0.0061014364563381409 0.0044303743152607324
leaf_weight=4221.616584103147 1425.128000847064 1906.3226710786112 19585.020554987423 1915.2956547250506 155.22031926875934 535.29384929663502 4931.7259548018337 8332.7548615269479 18309.256864890864 11241.153536780883 6018.7978805380408 1137.3732539229968 4596.2734690394718 8042.8108430380817 346.43781750788912 681.20682261046022 969.77461263444275 3573.9362136515556 19040.368537068134 2796.2754625961534 509.41782966349274 378.75618541520089 532.45420354325324 2522.097232258413 367.64312317920849 1373.5420864396729 1323.7755456881132 624.64237364556175 288.5830972713884 491.87864157557487
leaf_count=20047 35103 18274 512662 16826 378 5356 18734 38773 51836 81338 24658 4678 83044 91452 2044 1216 2109 7395 246117 9802 1769 779 1126 8601 674 2554 4727 3166 1054 930
internal_value=1.97749e-05 -0.00086236 -0.00120257 -0.00156308 0.00113716 0.00124342 0.00101989 0.00139129 0.0017328 3.06089e-05 0.00029102 0.00267668 -0.000703779 -0.00180813 0.00218111 0.00364565 0.00258945 0.00184745 -0.00139273 0.000212581 0.000619366 0.00422705 0.00188427 0.00114599 0.00427806 0.00561477 0.00257364 0.000549528 -0.00229424 0.00104461
internal_weight=128175 71622.7 64425 51903.6 56552.2 55127 47283.8 34370 26642 12913.8 12521.4 1672.67 6502.6 46668.2 7197.68 2976.06 7843.21 5403.23 27083.2 7728 5235.39 2439.97 911.21 4437.39 1337.42 1528.76 2294.86 971.08 798.001 4065.81
internal_count=1297222 1035657 1004457 878481 261565 226462 210517 119145 90609 91372 125976 10034 101318 850231 31200 11153 15945 11108 337569 28536 28250 4837 1905 25427 2783 2932 9937 5210 2823 8325
is_linear=0
shrinkage=0.01


Tree=28
num_leaves=31
num_cat=0
split_feature=21 131 44 54 144 112 63 131 100 88 58 64 144 85 100 113 21 128 111 5 38 128 82 66 82 113 113 61 100 115
split_gain=1281.71 509.613 295.195 279.206 241.321 202.256 178.559 237.447 159.843 141.849 135.783 124.241 121.632 109.8 117.243 107.453 124.766 103.664 93.4872 89.8575 84.9519 81.5687 74.1129 72.4375 69.6558 68.7915 67.0173 65.9835 65.7308 65.1242
threshold=0.26138716356107666 -0.37367021276595741 -0.35565476190476181 0.46076923076923082 0.010421189752496731 20.967261904761909 0.27346041055718479 -0.42111111111111105 0.38762626262626265 -0.4494897959183673 0.40121951219512203 -0.35565476190476181 0.014928698752228133 0.018187830687830701 -0.40399385560675877 66.923611111111128 0.45293466223698786 -0.21869565217391301 31.500000000000004 -0.40399385560675877 -0.47979591836734686 -0.47413043478260863 0.011237373737373714 -0.33156028368794321 0.023532668881506128 27.267361111111114 29.53680555555556 0.37779990044798412 -0.43969696969696964 0.013701201201201165
decision_type=2 2 2 2 2 2 2 2 2 2 2 2 2 2 2 2 2 2 2 2 2 2 2 2 2 2 2 2 2 2
left_child=1 9 13 5 -2 8 7 21 -4 27 -9 12 18 14 -3 16 -13 -11 -8 -12 -19 -6 -17 24 -5 -23 -14 28 -1 -25
right_child=4 2 3 23 6 -7 11 10 -10 17 19 15 26 -15 -16 22 -18 20 -20 -21 -22 25 -24 29 -26 -27 -28 -29 -30 -31
leaf_value=0.0090457828790164035 -0.0027827659875415351 0.0014722085817788278 -0.00095929850621028954 0.000428141063662646 -0.0067816268493697211 -0.0022086280871946827 0.00034472562203101154 -0.00068963400890168977 0.0033977390196135351 -0.0018108842108597667 0.0034634053255798015 0.00031962019063765936 -0.00033370408326868935 0.0013734840083628409 -0.0016221570702096523 0.0010955403254740393 0.001693506136542848 0.010410133525707209 0.0087689055997182443 0.00046270308382687124 0.001620965468299833 2.6203152796944832e-05 0.0031204485041369722 -0.0042653447797077167 0.0038999062703011962 0.0027808357271429324 0.003163797070900403 0.0082583233015105541 -5.7133944230137041e-05 0.00012155792791358779
leaf_weight=109.64099757070653 1662.3029861567775 1740.5871118293144 4964.3071557790972 1432.7459983814042 99.683991144411266 35674.766385088151 173.87507262919098 13267.066513749334 1012.6035169229144 941.22443044907413 1309.1010501948767 13120.815578134265 713.80006237246562 4535.4029829038773 4106.8096752843703 2929.8269263267284 13364.033163515967 112.79675977258012 578.08285132749006 4236.3882949730614 3816.0261713610962 1119.8686829353683 4803.3955774990609 403.74322651757393 976.51783483009785 4929.3590020025149 2284.3824497722671 446.74401781754568 272.6552122621797 2040.9988788764458
leaf_count=263 41067 14864 70422 8795 390 728725 566 129916 5036 9801 5172 52453 2367 16980 73132 10343 29656 348 1280 19794 19478 3277 14249 8983 2675 11012 6337 931 1504 5891
internal_value=-1.28096e-05 -0.00103272 -0.00131843 -0.00165881 0.000975293 -0.00192338 0.00107476 0.000417228 -0.000219015 0.00181725 -0.000139902 0.00150676 0.00323639 0.000205237 -0.000699257 0.00131682 0.00101329 0.00116313 0.00683731 0.00117337 0.00187843 0.00212313 0.00235482 0.000609253 0.00184049 0.00227262 0.00232795 0.00564167 0.00254424 -0.000600287
internal_weight=127180 62587.6 56888.5 46505.7 64592 41651.7 62929.7 24961.5 5976.91 5699.09 18812.6 37968.2 3750.14 10382.8 5847.4 34218.1 26484.8 4870.05 751.958 5545.49 3928.82 6148.91 7733.22 4854.01 2409.26 6049.23 2998.18 829.04 382.296 2444.74
internal_count=1295707 967828 935503 830527 327879 804183 286812 169561 75458 32325 154882 117251 10550 104976 87996 106701 82109 29627 1846 24966 19826 14679 24592 26344 11470 14289 8704 2698 1767 14874
is_linear=0
shrinkage=0.01


Tree=29
num_leaves=31
num_cat=0
split_feature=41 144 11 54 144 55 58 108 134 144 79 111 110 144 11 28 26 39 110 110 46 114 114 75 76 67 34 41 140 19
split_gain=1189.62 599.666 438.915 249.991 211.532 159.677 144.458 122.837 112.362 102.534 100.238 99.041 100.213 97.1861 96.7629 92.3581 91.9067 85.8499 77.495 82.2645 67.5501 66.6382 69.1482 63.2529 60.4908 59.6243 66.373 58.5645 55.6952 64.4678
threshold=0.31909090909090915 0.33836734693877557 -0.38832199546485252 0.44058823529411767 0.010421189752496731 0.46076923076923082 0.39417693169092949 0.45293466223698786 0.46295454545454551 0.37095282146160968 0.016397849462365614 61.500000000000007 0.41010101010101013 0.014087301587301539 -0.046536796536796536 0.34045454545454551 -0.45789007092198575 0.47752525252525257 -0.45180023228803712 0.30600358422939072 -0.34150717703349281 26.979861111111113 -5.299999999999998 0.4587585034013606 0.28024390243902447 0.2558265582655827 0.20106382978723406 0.019259259259259257 0.32111111111111112 0.2525510204081633
decision_type=2 2 2 2 2 2 2 2 2 2 2 2 2 2 2 2 2 2 2 2 2 2 2 2 2 2 2 2 2 2
left_child=1 2 10 13 -2 7 24 9 21 16 20 12 17 -4 -15 -11 -6 -8 -5 -20 -1 22 -7 -10 -3 26 -26 -13 -9 -30
right_child=4 6 3 18 5 8 11 28 23 15 -12 27 -14 14 -16 -17 -18 -19 19 -21 -22 -23 -24 -25 25 -27 -28 -29 29 -31
leaf_value=0.00071867809099754906 -0.0028644685847395695 2.454286645234203e-06 -0.0023996641688869727 -0.0027706353031928029 0.0047091855186938408 0.00096914638380709444 0.0050952106596129218 0.0022647003941184242 0.0016846497990979476 0.0021532402678149944 0.0016171109898195988 -0.0043879503340399917 -0.0082146973072105799 -0.00068248656315134213 -0.001936694445552545 0.00039299929126941234 0.00031750671185824331 -0.0017314245868932506 0.0012705466780663088 -0.0020350723441993385 -0.0015721129040063783 -0.0034394954734732774 0.0037868678204831191 -0.0036477110924384715 0.0024264780433943269 0.0044689576623412009 -0.0021526748062535624 0.0021736925721471778 0.0040269196495383705 -0.0069520014033638399
leaf_weight=2780.2953221038915 1308.5359518659534 4594.4002234432264 18951.83759639354 721.96226714417571 484.98375786154065 1076.0880693532526 2152.0607472838601 7755.7395462437416 498.21700138645247 7974.1138319391175 5297.9953805683181 227.30707966233604 62.097389162692707 9997.5885142534389 16120.59752557223 4785.2933613117784 25650.271194178669 198.65925505035557 4483.6133305888507 901.90300494554685 2390.8401011769893 149.38433691533282 4824.0665647545829 398.75436142738909 928.52459099004045 687.86914405459538 477.16788653132971 334.19090677099302 84.374530027154833 139.36806773580611
leaf_count=25030 33874 43529 515927 11077 2229 3218 7052 21701 1338 26602 15225 1253 267 127467 208518 14819 135578 643 22630 6735 41126 366 12297 1027 6779 3468 3415 1538 442 743
internal_value=1.25226e-06 -0.000851535 -0.00121468 -0.00159637 0.0011045 0.00120123 0.0014642 0.000991166 0.00261695 0.000758861 0.0006502 0.00329816 0.00417856 -0.00185367 -0.00145703 0.00149394 0.000399561 0.00451355 0.000300791 0.000714829 -0.00033862 0.00310691 0.00327491 -0.000676171 0.000646728 0.00205516 0.000864532 -0.000467909 0.00212201 -0.0027678
internal_weight=126438 71308.9 61646.6 51177.5 55129.2 53820.7 9662.28 46874.1 6946.51 38894.7 10469.1 2974.32 2412.82 45070 26118.2 12759.4 26135.3 2350.72 6107.48 5385.52 5171.14 6049.54 5900.15 896.971 6687.96 2093.56 1405.69 561.498 7979.48 223.743
internal_count=1295913 1041679 973735 892354 254234 220360 67944 202114 18246 179228 81381 10753 7962 851912 335985 41421 137807 7695 40442 29365 66156 15881 15515 2365 57191 13662 10194 2791 22886 1185
is_linear=0
shrinkage=0.01


Tree=30
num_leaves=31
num_cat=0
split_feature=21 132 2 54 144 112 50 132 64 41 18 83 93 28 93 18 113 143 112 20 112 112 136 19 34 54 27 86 84 112
split_gain=1223.46 506.316 335.821 337.067 209.152 184.078 158.397 153.908 120.484 117.322 136.429 113.711 113.238 106.978 105.275 104.954 94.7574 100.769 83.4055 91.1091 82.8373 79.4016 74.7445 72.9841 72.4791 71.6373 70.6582 95.935 91.8051 65.4627
threshold=0.28647416413373866 -0.37367021276595741 -0.36285266457680249 0.45180023228803717 0.010421189752496731 20.967261904761909 0.41864313292884731 -0.43683510638297868 0.39663461538461547 0.40550595238095244 -0.31725417439703146 0.015877016129032254 -0.097519982980767292 0.45959183673469389 -0.14991315845062161 0.43513323983169711 64.692361111111126 0.039230769230769243 75.836309523809533 -0.25255102040816318 57.235119047619058 24.717261904761909 0.018187830687830701 -0.30217391304347824 -0.47979591836734686 0.41864313292884731 -0.28024390243902436 0.22500000000000001 0.080128205128205135 81.824404761904773
decision_type=2 2 2 2 2 2 2 2 2 2 2 2 2 2 2 2 2 2 2 2 2 2 2 2 2 2 2 2 2 2
left_child=1 8 11 5 -2 15 7 18 25 23 -11 14 13 -10 -3 -4 17 24 19 -6 -19 -15 -18 -9 -8 -1 28 -28 -5 -24
right_child=4 2 3 26 6 -7 16 9 12 10 -12 -13 -14 21 -16 -17 22 20 -20 -21 -22 -23 29 -25 -26 -27 27 -29 -30 -31
leaf_value=-0.00051532570967288086 -0.0028023156019599026 0.0014614228766737713 -0.00072610417652853917 0.0014433305749876574 0.0075656088683079053 -0.0021266302195005788 0.0093882738890657871 -0.0017832550602391128 0.0035162862425061666 0.008206891361936898 0.00089551029799232295 0.0015885933574184925 0.0073051909725739949 -0.011724386743903229 -0.0015369435193544475 0.0034112973289840503 0.0038286988637703137 0.0032629596933978805 0.0088970083550825533 0.001580520007385805 -0.00063033169042264476 0.00043094165563899194 0.0011191196527406341 7.7125552117283076e-05 0.00087098691675467025 0.0020844390069893644 -0.00088031080307412264 0.0048583502514089397 0.011770909394192444 0.0069765544475367466
leaf_weight=1969.6190797579475 1366.401653305802 1749.4524409017176 5591.2826636569225 2802.0679395182524 262.65281485021114 36541.275076749735 100.01857666485012 2583.7477925163112 1029.2279275682522 259.57201719385921 13458.618686801696 4772.9750521413516 648.61616753600538 83.670531427487731 3525.738801254367 687.22282126522623 3502.8270933986641 3802.0673358676722 167.26154696941376 8176.7425234362017 633.00754634384066 142.87257181294262 2419.0180995515548 11405.208572507487 12099.89622207178 2280.8810982796131 3155.0036545330076 319.68059705197811 88.183496251702309 207.30703260959126
leaf_count=20779 34938 20471 75729 15649 450 752033 200 30259 2733 711 57316 17435 1754 274 61012 2004 7985 8932 295 18748 1980 410 6538 92429 30702 7967 24466 528 162 463
internal_value=3.64925e-05 -0.000911464 -0.00119523 -0.0015356 0.00106214 -0.00185482 0.00115174 0.000741267 0.00181751 0.000377945 0.00103517 0.000469856 0.00390862 0.00214189 -0.000540588 -0.000271175 0.00180602 0.00141306 0.00190956 0.00176885 0.00270501 -0.00404631 0.00287051 -0.000265873 0.000942398 0.000877556 0.000610317 -0.000348215 0.00176585 0.00158776
internal_weight=125832 65387.8 59232.9 49184.7 60444.3 42819.8 59077.9 36313.8 6154.89 27707.1 13718.2 10048.2 1904.39 1255.77 5275.19 6278.51 22764.1 16635 8606.66 8439.4 4435.07 226.543 6129.15 13989 12199.9 4250.5 6364.94 3474.68 2890.25 2626.33
internal_count=1295352 1003406 969489 870571 291946 829766 257008 200208 33917 180715 58027 98918 5171 3417 81483 77733 56800 41814 19493 19198 10912 684 14986 122688 30902 28746 40805 24994 15811 7001
is_linear=0
shrinkage=0.01


Tree=31
num_leaves=31
num_cat=0
split_feature=41 131 12 54 50 111 37 131 62 18 80 100 136 22 38 79 5 38 78 5 80 38 76 41 75 111 55 41 64 111
split_gain=1067.13 700.581 395.714 265.31 155.797 131.866 136.674 131.696 130.338 118.189 108.339 100.19 91.0873 88.5215 83.6455 83.6243 126.058 81.9242 106.675 80.8952 80.1015 79.6052 79.3888 77.0499 73.8069 67.4158 66.7196 66.0797 63.1819 61.1776
threshold=0.31909090909090915 -0.39472517730496448 -0.3876262626262626 0.46076923076923082 0.40121951219512203 80.500000000000014 -0.38047619047619041 -0.43938775510204076 0.35391260162601629 -0.1633333333333333 0.010527482269503509 0.27113095238095247 0.1526175687666371 -0.097872340425531903 0.39897959183673476 0.018187830687830701 -0.41578014184397155 0.13525498891352553 0.028174603174603189 0.41751700680272114 0.010527482269503509 -0.45959183673469384 0.28024390243902447 0.40121951219512203 0.47979591836734697 82.500000000000014 -0.45401691331923882 0.39897959183673476 0.4793792517006803 29.500000000000004
decision_type=2 2 2 2 2 2 2 2 2 2 2 2 2 2 2 2 2 2 2 2 2 2 2 2 2 2 2 2 2 2
left_child=1 8 15 10 7 6 26 27 21 29 25 -12 20 -11 28 16 -3 18 -5 23 -10 -1 -23 -8 -21 -4 -6 -2 -14 -9
right_child=4 2 3 17 5 -7 19 9 12 13 11 -13 14 -15 -16 -17 -18 -19 -20 24 -22 22 -24 -25 -26 -27 -28 -29 -30 -31
leaf_value=0.0065889166099153944 0.0040432890175253434 0.0018352372681856148 -0.0024075075685136131 7.0506938901597453e-05 -0.0013821844491903046 0.0042528967283609435 0.00018752205354990333 0.0056672834587562912 0.00256550741690086 -0.0012489017896361743 -0.0017321443939233201 -0.00038744201529776175 0.0050765294960752032 0.00034533919966375689 0.0019089590839779062 0.0015776723734129484 -0.0013567093388276602 -0.00082716891051732135 0.0038464482988863121 0.00043712809936032938 -0.0062879118307290404 -0.00025626780496506809 0.0026684274999939851 0.0027982685708427234 0.0022664346379700109 -0.0087659380495641939 0.0043900542540290834 0.0013554833492819395 0.010205308704137097 0.0012146771571083616
leaf_weight=241.62028338806704 1118.2299980712123 1911.073274588678 14258.839101493708 1810.4471047031693 219.76033573783934 1768.3485873491445 1518.2483444999089 555.75376528617926 1250.8538179314928 4302.6063911243691 25697.866167035536 7090.6234744889662 673.77119180862792 18253.702686703706 480.68932511168532 4863.5022931462154 3501.1309651252232 2379.7455735293333 1280.9041897132993 12173.843408135232 109.77029903139919 2853.5628173180157 1370.8144244788564 4524.1618085147929 2699.675126467715 169.13512707641348 1957.5240050632856 5174.6405372672016 389.45412264112383 710.21705890074372
leaf_count=904 2771 16448 411891 16478 462 4575 9101 3234 3583 41977 405667 71202 1902 119298 1181 15627 56297 10445 3000 32851 402 17232 5622 12526 6662 4457 4755 11383 637 4809
internal_value=-1.0951e-05 -0.000826899 -0.00116848 -0.00151863 0.00103274 0.00161882 0.00141651 0.000548521 0.00208946 0.000208135 -0.00176023 -0.00144167 0.00373936 4.07532e-05 0.00540465 0.000625913 -0.000227641 0.00056454 0.00163904 0.00116749 0.00183981 0.00101358 0.000690839 0.00214407 0.000769966 -0.00248334 0.00380249 0.00183526 0.0069724 0.00318017
internal_weight=125311 70333.8 62963.3 52687.6 54976.7 24861.6 23093.2 30115.2 7370.54 23822.3 47216.5 32788.5 2904.54 22556.3 1543.91 10275.7 5412.2 5471.1 3091.35 20915.9 1360.62 4466 4224.38 6042.41 14873.5 14428 2177.28 6292.87 1063.23 1265.97
internal_count=1297379 1042975 1011512 923140 254404 70932 66357 183472 31463 169318 893217 476869 7705 161275 3720 88372 72745 29923 19478 61140 3985 23758 22854 21627 39513 416348 5217 14154 2539 8043
is_linear=0
shrinkage=0.01


Tree=32
num_leaves=31
num_cat=0
split_feature=21 11 131 63 131 86 62 96 145 24 56 31 41 66 11 112 110 120 139 112 110 27 86 145 66 112 112 113 21 112
split_gain=1088.94 467.488 413.351 203.29 212.439 156.078 152.619 133.925 125.259 136.249 108.656 104.475 119.63 101.303 100.263 83.7668 82.4727 119.706 121.863 105.996 103.43 91.4961 81.5251 80.4575 73.1694 72.4448 70.7139 66.2267 66.0071 63.7386
threshold=0.27346041055718479 -0.38832199546485252 -0.39472517730496448 0.20106382978723406 -0.42111111111111105 0.014495798319327681 0.3816526610644258 1.0000000180025095e-35 -0.28192934782608692 0.47979591836734697 0.44058823529411767 0.23252032520325203 0.024404761904761933 -0.44058823529411756 0.16333333333333336 18.592261904761909 -0.21583850931677018 0.40121951219512203 0.047727272727272736 75.836309523809533 0.44058823529411767 -0.36285266457680249 0.025978407557354925 -0.3118055555555555 0.47332859174964448 51.133928571428577 73.407738095238116 19.847222222222225 0.47801932367149763 15.693452380952381
decision_type=2 2 2 2 2 2 2 2 2 2 2 2 2 2 2 2 2 2 2 2 2 2 2 2 2 2 2 2 2 2
left_child=1 10 23 4 27 13 -6 -8 9 26 -1 14 -13 -4 -7 -15 19 18 -18 22 -19 -21 -10 -3 25 -11 28 -2 -5 -9
right_child=3 2 5 8 6 11 7 29 16 24 -12 12 -14 15 -16 -17 17 20 -20 21 -22 -23 -24 -25 -26 -27 -28 -29 -30 -31
leaf_value=8.0507191734401339e-05 -0.0035944253494116195 0.0040703021260484369 0.00015892673362731134 0.0018723938642556499 -0.0011905341368107043 -0.00083840676994637292 0.0023926835414370454 -0.0050886023567883057 0.0010668197011548159 0.00062212433996861603 0.002129110990575818 -0.0015898757478999643 0.0010518057092356345 5.3187027917301331e-06 -0.0026544151463190656 -0.0024007040248959421 -0.00041299208196874163 0.0010777235826629381 0.0017648480141445589 0.012029651692664928 0.0035502878897979311 0.0036592728355952916 0.0037611035878305499 0.00088618636732001172 0.00162880510858423 -0.0057059229335683446 0.0053640361624629415 0.0021246785734760497 0.0043793524066473907 -0.00010818380814181137
leaf_weight=5747.3493462602491 208.68204079754651 1072.7237173341564 1867.1814977013855 3324.996631737682 9801.8919195523486 9210.7468591774814 2883.3782767195953 277.90952969994396 6463.8565097211977 384.44868776807562 4726.4156521543046 2773.4326057108119 4484.4185206539696 1534.1740761763067 4557.7598864589818 23255.151756723819 9894.3164184677298 8400.8964887690381 3468.260867214005 159.43726513953879 2126.0896706363419 757.61991069419309 1364.8651004945859 3094.9625251690159 1336.7914920612238 336.30141331325285 1236.9147755256854 5115.3092002095655 1554.6391844083555 3331.8769076720928
leaf_count=60380 733 4586 25347 12830 121559 85047 13893 841 24484 950 20056 19558 25189 36841 41413 646559 43619 27173 13759 385 5881 2409 3338 17428 3083 1086 3817 12047 3211 20229
internal_value=1.4619e-05 -0.000920354 -0.00130969 0.000948192 0.000163632 -0.00157377 -0.000402496 0.000785564 0.00136356 0.00247149 0.00100603 -0.000928659 4.0886e-05 -0.00208219 -0.00144043 -0.0022514 0.00108568 0.000780757 0.000151608 0.00191728 0.00157834 0.00513694 0.00153824 0.00170893 0.000240064 -0.0023205 0.00322032 0.001898 0.00267389 -0.000495688
internal_weight=124753 62324.3 51850.6 62428.5 21619 47682.9 16295.1 6493.16 40809.4 8174.09 10473.8 21026.4 7257.85 26656.5 13768.5 24789.3 32635.3 23889.6 13362.6 8745.78 10527 917.057 7828.72 4167.69 2057.54 720.75 6116.55 5323.99 4879.64 3609.79
internal_count=1297731 982404 901968 315327 169302 879954 156522 34963 146025 24977 80436 171207 44747 708747 126460 683400 121048 90432 57378 30616 33054 2794 27822 22014 5119 2036 19858 12780 16041 21070
is_linear=0
shrinkage=0.01


Tree=33
num_leaves=31
num_cat=0
split_feature=20 131 11 54 73 37 131 90 70 32 79 112 84 145 15 128 125 71 110 11 112 113 112 97 95 128 128 64 15 20
split_gain=903.396 658.411 401.609 338.191 169.267 138.894 109.477 142.107 116.804 101.824 97.8698 95.3851 89.7736 88.9173 81.5405 79.1278 78.5594 77.4498 75.0526 74.8342 72.4914 68.8409 63.8309 63.225 63.1039 59.7972 57.2662 71.4349 56.0276 75.8088
threshold=0.32025641025641027 -0.37367021276595741 -0.38832199546485252 0.42052631578947375 0.44058823529411767 0.32683658170914548 -0.37367021276595741 0.010310374149659853 0.34045454545454551 -0.31909090909090904 0.010527482269503509 21.276785714285719 0.010753931544865871 -0.23779761904761901 -0.069805194805194801 -0.41578014184397155 -0.35053191489361696 0.4793792517006803 -0.44058823529411756 -0.1633333333333333 23.764880952380956 65.31180555555558 11.99404761904762 0.57500000000000018 0.10471491228070177 0.43683510638297879 0.39897959183673476 0.45505050505050515 -0.47894503546099287 0.47979591836734697
decision_type=2 2 2 2 2 2 2 2 2 2 2 2 2 2 2 2 2 2 2 2 2 2 2 2 2 2 2 2 2 2
left_child=1 5 12 11 6 13 16 -8 20 18 23 -4 -3 26 24 -6 -2 -11 -5 -13 -9 -10 -17 25 -14 -7 27 -1 29 -18
right_child=4 2 3 9 15 10 7 8 21 17 -12 19 14 -15 -16 22 28 -19 -20 -21 -22 -23 -24 -25 -26 -27 -28 -29 -30 -31
leaf_value=-0.0013279669131168535 0.0050410894822264197 -0.0011036429639940018 -0.00068799049102006389 -0.0016322098454986894 -0.0044880964315674159 0.0058653414776038346 -0.0018515484438122916 -0.0012996573033231442 0.00098808599574021043 -0.0013296863992843346 -0.0013897606427208239 -0.0013093735985050385 0.0035125162412737421 1.8923556125242504e-05 -0.00049427238567431152 -0.0025758362826429192 0.0010498569676835022 0.0020538219815933777 0.0024250028233421808 -0.0023146471676424667 0.0003534653095841075 0.0034006565772297611 0.0018794058908266215 0.0020744060078819971 0.0011469694387948519 -0.0033087158688274881 0.004076288459628606 0.0093635733681823111 0.0010086472035978247 0.0090663944742212232
leaf_weight=462.75476621789858 546.72550265630707 2256.869744388503 6185.5073184315115 540.42183926305734 200.64422218420077 1622.4395952282357 3041.3876600714866 3367.1315214311471 4466.3353147362359 3125.5655899106059 332.6875841243891 10357.912060163857 1527.7521712335292 3489.8040788276703 2193.9549500144785 324.8126799184829 281.46872723056003 860.68957227515057 2810.1018032224383 26521.821339545771 12485.538330723211 1618.849470592686 17718.281909042911 832.20833140751347 4398.6489470111555 72.26884713023901 1149.1757156383246 71.201440712437034 10977.274854842864 206.60944039840251
leaf_count=4312 1367 39426 84943 5661 1084 4495 47601 21358 16877 33620 1523 204396 6369 22513 15132 931 812 2574 14785 580470 69244 5363 48514 2813 22516 212 3640 157 33845 416
internal_value=-1.234e-05 -0.000776993 -0.0011327 -0.0015016 0.00094008 0.0019131 0.000550894 0.000173164 0.00045439 0.000481838 0.00368253 -0.00183975 0.000658036 0.000932505 0.00114896 0.00172858 0.00133547 -0.000596299 0.00176732 -0.00203262 1.64892e-06 0.001632 0.00179851 0.00435458 0.00175895 0.00546651 0.00281965 9.38628e-05 0.00115748 0.0044754
internal_weight=124047 68811.8 60779.2 50402 55235.1 8032.54 36991.3 24979.2 21937.9 7336.78 2859.6 43065.2 10377.2 5172.94 8120.36 18243.7 12012.1 3986.26 3350.52 36879.7 15852.7 6085.18 18043.1 2526.92 5926.4 1694.71 1683.13 533.956 11465.4 488.078
internal_count=1296969 1049557 1009892 926449 247412 39665 196883 160443 112842 56640 9043 869809 83443 30622 44017 50529 36440 36194 20446 784866 90602 22240 49445 7520 28885 4707 8109 4469 35073 1228
is_linear=0
shrinkage=0.01


Tree=34
num_leaves=31
num_cat=0
split_feature=18 11 54 130 20 130 82 128 113 88 95 65 20 36 34 39 11 37 130 98 62 25 48 38 24 25 49 113 128 54
split_gain=994.751 412.317 452.921 279.769 167.207 154.127 163.841 136.206 132.688 123.628 120.381 113.497 167.794 113.483 108.762 104.911 101.342 99.5619 91.9695 91.1906 91.2392 88.7418 82.8097 90.6118 80.907 80.442 78.5804 81.4086 98.9322 116.361
threshold=0.34529914529914535 -0.38832199546485252 0.41864313292884731 -0.38467117988394578 0.43813775510204089 -0.43938775510204076 0.010310374149659853 0.39689625850340143 65.022916666666688 0.15707236842105268 0.1023024594453166 0.14365079365079372 0.3585714285714286 0.46076923076923082 -0.23956521739130432 -0.47752525252525252 -0.050510204081632641 0.43513323983169711 -0.25777777777777772 0.34045454545454551 -0.082364341085271284 -0.43969696969696964 0.37627551020408168 -0.094916344916344889 0.12645348837209305 0.49000000000000005 0.2558265582655827 25.540277777777781 0.052105948762483707 0.29795918367346946
decision_type=2 2 2 2 2 2 2 2 2 2 2 2 2 2 2 2 2 2 2 2 2 2 2 2 2 2 2 2 2 2
left_child=1 10 3 11 16 26 7 22 15 -4 -1 14 -13 24 -3 17 -5 -8 -9 20 -10 -17 23 -7 -11 -24 -2 -28 29 -29
right_child=5 2 9 4 -6 6 8 18 19 13 -12 12 -14 -15 -16 21 -18 -19 -20 -21 -22 -23 25 -25 -26 -27 27 28 -30 -31
leaf_value=0.0025495424294135764 0.003945650733181363 0.0036452374385088906 -0.00099293908202349279 -0.0012422031557956597 0.001395662305237892 -0.0031234306751911928 0.008163673217960684 0.0034910349225810234 0.0064348701806979129 0.001303820218696568 0.00030291406971664651 0.0044551514722112173 -0.0017459954095442633 0.0050368332964158572 -0.0031778125398977753 0.0040412748181913524 -0.0022202190850810974 -0.0025115034032700029 -0.0012288941087186423 0.0035855478719829894 0.00070006383478736728 0.00067578815243153753 -0.0011974816334259866 0.00058194795716533156 -0.0034594941635782976 -0.0049445922039608728 -0.006985497854787504 0.00091328120032286382 0.00099057213160049689 0.0071331942580089196
leaf_weight=3181.1498052853858 2318.8549293521792 325.0198113641236 2823.2168568095658 17648.370356942818 1661.0538638433209 778.19168573291972 354.80625721463002 1406.5890958390664 306.06254629406612 6327.8254865476629 9577.3272937352303 1518.7067447072477 608.72315002605319 793.70139312534593 817.20983241253998 808.94145633920562 26769.651858031633 113.56578979035839 579.77245604025666 3415.4521792272571 2961.5475847852649 25406.1227410172 2737.9255643021315 4311.1742424128461 375.90825136384228 728.43522960215341 104.3864433337003 554.61936349514872 3332.0483166724443 667.78886818978935
leaf_count=19506 4573 2317 30665 351005 7926 8751 1174 5873 1703 33549 75606 6137 1940 2008 7828 3701 534746 426 5936 9645 15557 97662 20577 31311 2905 3559 315 1177 6986 1210
internal_value=-1.42749e-05 -0.000767183 -0.00111614 -0.00151464 -0.0017153 0.00105716 0.000837382 -0.000248564 0.00118078 0.000788269 0.000864019 0.0013099 0.00267613 0.00146037 -0.00122609 0.000864548 -0.00183189 0.00555413 0.00210844 0.00244159 0.00124208 0.000780172 -0.000797135 1.29087e-05 0.00103475 -0.001989 0.0024384 0.00168535 0.00188777 0.00432238
internal_weight=123314 72427.9 59669.4 49348.7 46079.1 50886.3 43908.6 10542.1 33366.5 10320.7 12758.5 3269.66 2127.43 7497.44 1142.23 26683.4 44418 468.372 1986.36 6683.06 3267.61 26215.1 8555.73 5089.37 6703.73 3466.36 6977.7 4658.84 4554.46 1222.41
internal_count=1296274 1076138 981026 911899 893677 220136 205875 76007 129868 69127 95112 18222 8077 38462 10145 102963 885751 1600 11809 26905 17260 101363 64198 40062 36454 24136 14261 9688 9373 2387
is_linear=0
shrinkage=0.01


Tree=35
num_leaves=31
num_cat=0
split_feature=21 132 86 51 0 132 36 88 56 7 95 25 16 26 26 82 114 111 128 114 124 25 128 114 135 111 82 113 136 128
split_gain=1084.72 466.114 280.954 196.374 192.63 190.38 157.794 116.666 105.839 103.505 114.257 114.674 102.535 91.3691 91.1109 83.8713 94.2955 82.0891 81.6854 79.7952 101.753 79.1361 122.753 80.6067 76.9391 73.3027 72.579 87.5484 100.446 67.0833
threshold=0.28647416413373866 -0.37367021276595741 0.010527482269503509 0.40550595238095244 -0.25931034482758614 -0.39472517730496448 0.45293466223698786 -0.4494897959183673 0.39897959183673476 0.40550595238095244 0.51250781738586626 0.29795918367346946 -0.1633333333333333 -0.32287581699346396 0.030931122448979612 0.065591397849462399 12.544444444444446 82.500000000000014 -0.040833333333333326 -13.404861111111112 -0.30217391304347824 0.33156028368794332 0.011495771670190282 -17.514583333333331 -0.26874999999999999 48.500000000000007 1.0000000180025095e-35 64.324305555555569 0.024404761904761933 -0.47413043478260863
decision_type=2 2 2 2 2 2 2 2 2 2 2 2 2 2 2 2 2 2 2 2 2 2 2 2 2 2 2 2 2 2
left_child=1 7 17 5 8 19 13 -1 -4 15 12 -12 -11 -6 -8 -7 -17 -3 -9 20 -2 22 24 -24 -5 -22 -23 28 -28 -21
right_child=3 2 4 21 6 9 14 18 -10 10 11 -13 -14 -15 -16 16 -18 -19 -20 29 25 26 23 -25 -26 -27 27 -29 -30 -31
leaf_value=0.0050632512680831203 0.0058775485866125647 -0.0022529368444266945 -0.00032229197545332005 0.0070331732390114653 -0.00020768023794353642 -0.00092436365388555832 0.0026473737943471247 -0.0010370648737247628 0.001777956779280974 0.0038610849922072745 0.0018119398181508269 -0.0012453227434661303 0.00085172963388430514 -0.001654825005516407 -0.00084669711625903049 0.0010239398355381003 0.010924038874894322 -0.0094102394167122957 0.0018382994146011009 -0.0053929592716452377 -0.002438827777492499 -0.0019037525080740751 -0.00058342697693307866 0.0029597478964323758 -0.00092286578910226317 -0.013894664412403931 -0.00063520793071057831 0.0026524060562815553 0.0015304964687621013 0.0018858684688604027
leaf_weight=883.00118136813398 91.160548746585846 15505.629736854928 6862.4738542599371 131.2566872802563 5401.5806952507119 10759.015899788996 1611.5965331027983 1302.4076994587667 3683.7562589429435 1502.3788535029744 1728.2333837985061 4213.3537916105124 4647.5395742828841 23056.108333583747 1382.6401681141579 701.82814146345481 111.20148329436779 161.95515643572435 4038.0320101070101 126.66267567127943 169.06477333977818 737.47756124800071 686.8064390225336 8876.6015842970228 1487.640215589141 85.013678130228072 3184.2281002104864 3569.5661093307426 6504.1449552887934 9681.9189150389284
leaf_count=2803 251 444421 89329 533 71425 127451 7084 12912 18929 7894 9330 23536 23000 328660 6129 1999 285 4698 18058 470 626 1797 1840 24405 6693 269 7640 9349 16665 28831
internal_value=-1.46509e-06 -0.000904369 -0.00118508 0.000976171 -0.000758362 0.000477912 -0.0011506 0.0016948 0.000410467 -1.31763e-05 0.000633368 -0.000354217 0.00158903 -0.00138051 0.00103084 -0.000689604 0.00240206 -0.00232816 0.00113513 0.00162327 -0.00308519 0.00164496 0.00227308 0.00270421 -0.00026769 -0.00635056 0.00114226 0.00131258 0.000817681 0.00179031
internal_weight=122884 63889.2 57665.7 58995.1 41998.2 33817.4 31451.9 6223.44 10546.2 23663.6 12091.5 5941.59 6149.92 28457.7 2994.24 11572 813.03 15667.6 5340.44 10153.8 345.239 25177.7 11182.3 9563.41 1618.9 254.078 13995.4 13257.9 9688.37 9808.58
internal_count=1297312 1004448 970675 292864 521556 223942 413298 33773 108258 193495 63760 32866 30894 400085 13213 129735 2284 449119 30970 30447 1146 68922 33471 26245 7226 895 35451 33654 24305 29301
is_linear=0
shrinkage=0.01


Tree=36
num_leaves=31
num_cat=0
split_feature=21 11 53 144 98 144 64 112 31 21 144 47 37 31 144 25 9 102 144 93 81 70 78 112 20 20 11 93 144 144
split_gain=1086.64 370.819 412.41 202.484 149.96 149.423 164.413 159.821 122.949 118.652 132.933 131.366 114.256 101.504 100.483 97.6706 97.5335 94.8795 92.6357 91.3482 75.5831 74.0169 73.6769 69.8078 66.7765 60.7177 59.7957 58.9441 69.6684 56.0982
threshold=0.28024390243902447 -0.38832199546485252 0.41751700680272114 0.010421189752496731 -0.064659977703455954 0.34021276595744687 0.33503401360544227 20.967261904761909 0.47849213691026832 0.45505050505050515 0.014087301587301539 0.32732919254658394 -0.36576576576576575 0.45180023228803717 0.49479166666666674 -0.29516317016317012 0.47849213691026832 0.45060975609756099 0.37627551020408168 -0.097519982980767292 0.13392857142857148 0.47752525252525257 0.069047619047619038 38.407738095238102 1.0000000180025095e-35 0.048003072196620596 -0.021286231884057951 -0.058533329578773101 0.011495771670190282 0.37095282146160968
decision_type=2 2 2 2 2 2 2 2 2 2 2 2 2 2 2 2 2 2 2 2 2 2 2 2 2 2 2 2 2 2
left_child=1 16 5 -2 20 7 -7 8 -3 12 17 -12 13 -6 15 22 24 -11 -14 -8 29 -17 -4 -16 27 -25 -9 28 -1 -5
right_child=3 2 14 4 9 6 19 26 -10 10 11 -13 18 -15 23 21 -18 -19 -20 -21 -22 -23 -24 25 -26 -27 -28 -29 -30 -31
leaf_value=-0.0011606636900537131 -0.0028249785839962417 -0.00085798107156065677 0.0011850121675520628 -2.0739397008893912e-05 0.0014631436934816233 -0.0015192796770421967 0.001149485502568924 -0.0016357406992723086 0.0036518675775259837 0.0022984774775500062 0.0026298069018436568 0.00067464065156335102 0.00024854523280091426 0.0053207012514869811 0.011405915012066406 -0.0014658962863262218 0.0027908169628213068 0.0058143424601618636 0.0019436789951927009 0.0067458449872598069 -0.0064425181286877145 0.0017065147463525057 0.010982148446377522 0.0076872514924203232 -0.00092307771709314399 -0.003617411866297944 -0.0024909005723111224 -0.0006419220563570416 0.0021772993703947753 0.0010911620910082208
leaf_weight=759.94157038180856 1376.6334223186714 5122.2015555822873 5020.9588678639848 12129.932677562407 2190.6483871036908 1786.5524181859219 812.75972229253966 14464.365412915882 683.97247516363859 1698.464440649841 6651.9437042636564 7146.3157478897483 14542.962915195152 997.9557273988612 139.17921478115022 3175.2305796197616 1954.7874981150962 1424.0458715567947 4148.3259481665445 459.34588521183468 161.9301371620968 953.68074462248478 77.257519096136093 93.20556907588616 2891.2033437358914 93.716349635273218 19150.37035101786 1685.8992268028087 3426.0204796615872 7231.9580429134076
leaf_count=11672 36015 74160 27656 88183 10595 29636 3997 313959 1994 4685 17911 17445 78094 2163 264 35974 8439 2984 15217 2165 355 3816 154 307 27406 359 420364 17204 17514 26323
internal_value=-3.23443e-06 -0.000922154 -0.00127111 0.000962455 0.00105207 -0.00169336 0.000433066 -0.00185861 -0.000324458 0.00141183 0.00204114 0.00161805 0.000924626 0.00267489 0.000605396 0.000411099 0.000770988 0.00390647 0.00062538 0.00318185 0.000336549 -0.000730487 0.00133756 0.00605448 0.000319015 0.00197717 -0.00212328 0.000932355 0.00156879 0.000394091
internal_weight=122452 62750.6 52032.8 59701.1 58324.5 42479.6 3058.66 39420.9 5806.17 38800.7 16920.8 13798.3 21879.9 3188.6 9553.23 9227.13 10717.9 3122.51 18691.3 1272.11 19523.8 4128.91 5098.22 326.101 8763.06 186.922 33614.7 5871.86 4185.96 19361.9
internal_count=1297010 997040 914805 299970 263955 846275 35798 810477 76154 149094 43025 35356 106069 12758 68530 67600 82235 7669 93311 6162 114861 39790 27810 930 73796 666 734323 46390 29186 114506
is_linear=0
shrinkage=0.01


Tree=37
num_leaves=31
num_cat=0
split_feature=41 132 12 54 144 73 24 80 58 80 66 83 35 6 102 129 132 94 128 114 49 132 52 30 54 130 17 128 39 35
split_gain=1026.23 713.993 310.648 213.218 171.995 140.793 123.937 125.444 114.851 111.611 103.259 97.5348 93.3819 90.6393 90.6392 85.4707 85.3188 83.5704 83.2072 79.8597 68.2891 67.9009 64.6118 63.8551 63.7518 58.1454 57.8083 57.148 69.0375 55.5722
threshold=0.32025641025641027 -0.37367021276595741 -0.3876262626262626 0.46076923076923082 0.010421189752496731 0.17416582406471184 -0.35053191489361696 0.011237373737373714 0.29238505747126442 0.010527482269503509 0.23252032520325203 0.010527482269503509 -0.41010101010101002 0.27113095238095247 -0.27888888888888885 0.011495771670190282 -0.42111111111111105 1.0000000180025095e-35 0.081666666666666679 -7.7493055555555541 0.39897959183673476 -0.45789007092198575 -0.47979591836734686 0.095491388044579531 -0.34529914529914524 0.010102040816326542 0.32732919254658394 0.011495771670190282 -0.24734042553191488 0.45505050505050515
decision_type=2 2 2 2 2 2 2 2 2 2 2 2 2 2 2 2 2 2 2 2 2 2 2 2 2 2 2 2 2 2
left_child=1 10 11 9 -2 8 7 17 20 -4 18 -3 23 -11 15 -8 -14 -7 25 -16 -6 -12 -20 -10 -23 -1 -13 -5 -29 -27
right_child=4 2 3 27 5 6 14 -9 12 13 21 26 16 -15 19 -17 -18 -19 22 -21 -22 24 -24 -25 -26 29 -28 28 -30 -31
leaf_value=-0.003525941647461399 -0.0027548573097397324 -0.0015197947350743565 -0.0024708512788862696 -0.0033909479963899663 0.00010544990044422613 -0.0053546221659763298 0.0016048321135524919 0.0055884782772200586 0.0041530894322444603 -0.0016693589135561432 0.0043835793621226395 0.00038027302621045724 0.0025005768278316097 -0.00036973797949340064 0.00042363434818521508 -0.00046822972039958294 -0.00014755803621861711 0.0022757749254003227 -0.0089085715738845116 0.0018561680260447467 -0.001939229598749716 -0.001707771603854975 0.0017860668624376907 -0.0033211753097331033 0.002511424027038728 -0.00010128114481615933 0.0022454544730310796 0.0038800320806384419 0.00026054862389856637 0.011246470748788033
leaf_weight=665.57597202679608 1151.6095647487091 1991.0829236970167 13607.771830893471 363.00460665413993 5119.0567951142439 153.74001814122312 3356.4227208521916 1403.5631315882783 1313.3973936629482 24597.878577384516 1836.7481028269976 5395.0585260055959 1740.1423636041582 6891.4901923941216 4818.1114177196287 4867.4956334594171 4018.0810525136185 1884.2100684728939 56.443004094879143 20674.7074098296 2392.2009680832271 411.01372223446378 2683.2158219836419 122.94924236787483 2626.1294144096319 300.44007334706839 2412.1397254806943 602.50177474552765 4226.182752632536 49.072528824210167
leaf_count=8686 31060 40105 415923 7944 42234 517 12097 3901 4628 404266 3812 36611 4083 70854 15668 17735 23596 5757 355 68632 16557 1835 12082 617 9892 4089 11283 3064 18615 134
internal_value=1.80637e-05 -0.00078833 -0.00117471 -0.00149214 0.00106345 0.00114847 0.00147632 0.00328571 0.000319369 -0.00171311 0.00190099 0.000453402 0.00122269 -0.00138527 0.00129124 0.000376724 0.000651271 0.0016929 0.000650937 0.00158584 -0.000544584 0.00286163 0.00155891 0.00350448 0.00193678 -0.00178892 0.000958041 0.000425343 0.000714952 0.00149099
internal_weight=121731 68715.7 60087.1 50288.8 53015.7 51864.1 37158.3 3441.51 14705.8 45097.1 8628.64 9798.28 7194.57 31489.4 33716.7 8223.92 5758.22 2037.95 3754.75 25492.8 7511.26 4873.89 2739.66 1436.35 3037.14 1015.09 7807.2 5191.69 4828.68 349.513
internal_count=1296632 1049550 1008665 920666 247082 216022 124307 10175 91715 891043 40885 87999 32924 475120 114132 29832 27679 6274 25346 84300 58791 15539 12437 5245 11727 12909 47894 29623 21679 4223
is_linear=0
shrinkage=0.01


Tree=38
num_leaves=31
num_cat=0
split_feature=21 11 54 130 52 5 62 95 82 130 64 21 110 81 35 54 25 34 24 128 32 38 108 16 83 128 11 5 20 78
split_gain=1014.75 401.369 366.34 178.074 189.416 150.149 147.935 173.477 140.931 109.818 102.904 97.4993 118.405 96.735 88.9925 85.9448 80.6501 77.9886 111.964 110.749 76.2365 80.0818 72.5802 68.3809 73.2779 68.0916 64.3672 64.0408 83.7231 62.4632
threshold=0.28647416413373866 -0.38832199546485252 0.41751700680272114 -0.43938775510204076 0.2473404255319149 0.45698427382053664 0.35391260162601629 0.31866537717601556 0.010310374149659853 -0.38467117988394578 0.33503401360544227 0.45505050505050515 -0.21583850931677018 1.0000000180025095e-35 -0.18133462282398449 0.4587585034013606 -0.29516317016317012 -0.15978723404255316 0.28024390243902447 -0.015555555555555571 0.49000000000000005 -0.126453488372093 0.39417693169092949 -0.44058823529411756 0.016954022988505794 0.020416666666666698 -0.26043478260869563 0.49000000000000005 0.43908472479901062 0.080128205128205135
decision_type=2 2 2 2 2 2 2 2 2 2 2 2 2 2 2 2 2 2 2 2 2 2 2 2 2 2 2 2 2 2
left_child=1 23 5 17 6 9 15 14 20 10 -3 12 -10 -13 -8 25 29 18 -2 -19 21 -6 -9 -1 -25 -5 -11 28 -21 -4
right_child=3 2 16 4 8 -7 7 22 11 26 -12 13 -14 -15 -16 -17 -18 19 -20 27 -22 -23 -24 24 -26 -27 -28 -29 -30 -31
leaf_value=0.0024411740174625847 0.0058080886768871569 -0.0012863531215535696 0.0012155611573830285 -0.002778311330075116 -0.0026699576849603065 0.00083885979102110589 0.0042451982716005835 -0.00096712155530715859 0.0023308444136338757 -0.00091819391024376554 0.0042037899086381659 0.0089615142217371133 0.00036610984513145011 0.002053954837573493 0.00018679000532048046 0.0021123489626448276 -0.00049985401125357694 0.0048051712176090918 0.0021540639861757659 0.0018925123781302917 -0.0027838739148684215 0.00068939478101402751 0.0028519303962816979 -0.00044216755376215184 0.0014211647441001829 -0.00075854471508813204 -0.0020521082626057193 0.0030988763120273943 -0.0013416706353781796 0.010233670604791705
leaf_weight=2242.805965753505 1241.2392991753295 829.23562009673333 5241.8601395545993 2422.3461464918219 795.05490276397904 2311.0464607579052 1732.7219826126529 3297.4447120725526 4364.113341372984 5949.0101872619707 577.08011397183873 206.50169639848173 10374.56440675538 11270.029407992668 792.71265892352676 769.80884089577012 4217.1767531148507 812.56006196141243 2635.3720661182888 1445.7121539139189 886.15593279653694 6486.8117406129604 584.31859800929669 4279.7724203402176 4151.6305309059098 5437.5558981496433 32872.107559632248 915.28668003715575 1789.7333182361908 77.312466904520988
leaf_count=10441 2488 10296 28132 43888 6488 13143 8430 22181 15255 116530 1984 426 40164 27191 4752 4506 39731 1818 5267 3328 3630 36411 2783 60391 11986 56812 711937 1879 4022 164
internal_value=5.01828e-06 -0.000877267 -0.00123944 0.000955455 0.000721306 -0.00163662 -0.000214288 0.000935917 0.00113076 -0.0017791 0.000960802 0.00148811 0.000948664 0.00217989 0.00297583 -0.00106943 0.000531172 0.00226312 0.00332781 0.00142903 -1.49956e-05 0.000320922 -0.000389081 0.000888627 0.000474213 -0.00138256 -0.00187863 0.000764694 0.000100526 0.00135042
internal_weight=121009 62749 52074.8 58260 49420.1 42538.5 15036.9 6407.2 34383.2 40227.4 1406.32 26215.2 14738.7 11476.5 2525.43 8629.71 9536.35 8839.9 3876.61 4963.29 8168.02 7281.87 3881.76 10674.2 8431.4 7859.9 38821.1 4150.73 3235.45 5319.17
internal_count=1296454 1004735 921917 291719 272917 853890 143352 38146 129565 840747 12280 83036 55419 27617 13182 105206 68027 18802 7755 11047 46529 42899 24964 82818 72377 100700 828467 9229 7350 28296
is_linear=0
shrinkage=0.01


Tree=39
num_leaves=31
num_cat=0
split_feature=21 131 11 53 130 73 62 112 95 82 113 137 64 31 49 25 49 145 53 77 93 113 6 130 110 100 25 89 71 6
split_gain=987.922 464.233 365.215 227.062 197.194 182.907 190.979 155.803 142.33 119.143 125.159 124.692 118.872 109.864 95.9023 89.1534 84.6044 83.4027 94.3853 83.0283 79.8044 89.9093 80.9207 73.224 96.8293 71.0139 69.8599 72.1309 71.8347 66.8747
threshold=0.28024390243902447 -0.37367021276595741 -0.38832199546485252 0.44804318488529016 -0.43938775510204076 0.18042553191489366 0.35391260162601629 21.276785714285719 0.18274582560296851 0.010310374149659853 65.022916666666688 0.039230769230769243 0.39663461538461547 0.47849213691026832 0.47801932367149763 -0.43969696969696964 0.2558265582655827 -0.13021739130434781 0.43813775510204089 0.010527482269503509 -0.049314772590042237 62.299305555555563 0.39897959183673476 -0.36515151515151512 0.17928571428571435 0.084349593495934974 -0.29516317016317012 0.060661764705882366 0.49500000000000005 0.39897959183673476
decision_type=2 2 2 2 2 2 2 2 2 2 2 2 2 2 2 2 2 2 2 2 2 2 2 2 2 2 2 2 2 2
left_child=1 12 19 7 16 6 -6 13 -8 23 11 -11 17 -4 -14 -12 20 18 -1 -3 -2 29 -23 24 -7 -21 27 -5 -28 -22
right_child=4 2 3 26 5 9 8 -9 -10 10 15 -13 14 -15 -16 -17 -18 -19 -20 25 21 22 -24 -25 -26 -27 28 -29 -30 -31
leaf_value=-6.6166332740556262e-05 0.0050577426179282429 -0.0013527307544285198 -0.00083817298009963978 0.00099366080415539434 -0.0012356250781270948 0.0028762212127931225 0.0034784060336149202 -0.0020873673150261576 0.0001990674274906086 0.00039256429335125131 0.013258402665455929 0.0019811361387902064 0.004632508540053256 0.0033213782682618813 -0.0021987041090788125 0.0025897319945850325 0.0015476003961486368 -0.00036147568958518099 0.0048196779285547102 0.0016922108703840122 0.0054981787011007125 -0.0067194691516469411 0.0017607980206316232 -0.00056829244808296144 -0.0017282633779863543 -0.00037257523954820483 -0.0018128778404754753 0.010166384914563188 0.0016071060024763367 0.00036898888473343603
leaf_weight=725.92967862967635 1722.6785976658575 1759.783409757365 5279.3134369175532 3136.6673906652723 8476.7087208956946 1599.1533073764294 1722.3088712111348 33815.916123491712 5738.5454883416533 11895.809125066327 79.020172903314233 8475.8883071316523 1690.1452719897497 720.28782065026462 231.22871600743383 5516.4355936377542 5645.8800251353532 2476.1973837440892 856.93451364664361 5355.3251477439189 651.48469352722168 192.42755518853664 265.43453747779131 5793.0292586161813 635.47571730066556 2406.62654934905 2207.0313039076282 87.469380185008049 847.1192376120016 423.82791844569147
leaf_count=7315 3572 35725 79803 17935 103482 5876 7921 759955 34371 41697 154 26434 4344 2195 700 18505 12096 18746 2276 26866 1288 527 493 39155 2522 14886 22486 186 2543 794
internal_value=-6.6857e-06 -0.000891942 -0.00117674 -0.0015451 0.000919957 0.000675202 -0.000208196 -0.00182383 0.000957795 0.00108965 0.00141881 0.00105406 0.00175461 -0.000336657 0.00380448 0.00274453 0.00229151 0.000781127 0.002574 0.000605408 0.00357755 0.00190568 -0.00178832 2.36271e-05 0.00156215 0.00105076 0.000220935 0.00124869 -0.0008608 0.00348805
internal_weight=120430 61596 55615.5 46093.8 58834.1 49932.4 15937.6 39815.5 7460.85 33994.8 25967.2 20371.7 5980.44 5999.6 1921.37 5595.46 8901.73 4059.06 1582.86 9521.74 3255.85 1533.17 457.862 8027.66 2234.63 7761.95 6278.29 3224.14 3054.15 1075.31
internal_count=1294848 995961 962580 885103 298887 280117 145774 841953 42292 134343 86790 68131 33381 81998 5044 18659 18770 28337 9591 77477 6674 3102 1020 47553 8398 41752 43150 18121 25029 2082
is_linear=0
shrinkage=0.01


Tree=40
num_leaves=31
num_cat=0
split_feature=20 131 44 53 77 98 66 88 20 46 131 111 20 25 110 129 66 80 49 97 126 47 124 95 129 95 131 111 80 130
split_gain=809.429 648.863 295.014 303.021 133.659 121.672 120.522 92.5375 102.817 85.5383 84.7638 84.5893 84.2899 158.144 94.6007 112.682 91.659 82.5428 79.2944 93.254 78.312 76.01 76.8216 72.4192 67.6482 66.1021 63.0926 61.0242 59.2472 58.3175
threshold=0.32025641025641027 -0.37367021276595741 -0.34409722222222217 0.44804318488529016 0.010527482269503509 -0.064659977703455954 0.2525510204081633 0.12372448979591839 0.14644607843137261 -0.097872340425531903 -0.42111111111111105 82.500000000000014 0.43908472479901062 0.32025641025641027 -0.35565476190476181 0.023268398268398275 -0.29795918367346935 0.010527482269503509 -0.04446640316205535 0.92500000000000016 0.49000000000000005 0.3816526610644258 -0.084349593495934946 0.56048780487804895 0.28130434782608704 0.1023024594453166 -0.45789007092198575 47.500000000000007 0.011237373737373714 -0.43938775510204076
decision_type=2 2 2 2 2 2 2 2 2 2 2 2 2 2 2 2 2 2 2 2 2 2 2 2 2 2 2 2 2 2
left_child=1 6 4 11 -3 10 -1 -5 -9 25 -2 17 14 16 24 -16 27 -4 -8 26 -18 23 -23 -15 -7 -6 -20 -14 -13 -21
right_child=5 2 3 7 9 12 18 8 -10 -11 -12 28 13 21 15 -17 20 -19 19 29 -22 22 -24 -25 -26 -27 -28 -29 -30 -31
leaf_value=0.00082950044186852175 0.0013689771622463597 -0.0017026632113114218 -0.0023351523324988462 -0.0012036078798522102 0.003162605249796589 0.0028179062840166602 0.0060655836214539493 0.00016925084294290235 0.0032664389954289888 -0.00088498106142727143 -0.00019326879699275141 -0.010328770310729089 -0.0012964498629805137 0.0026770812994331736 0.00091426936778097538 -0.0012247466098924741 0.0030682285518144631 -0.0013425246408897964 0.0051973435037269257 -0.009876212998228719 0.0069099572851329949 -0.0041056333363887103 0.00058236642292774975 0.00064277078003048701 -0.0034695429040704235 0.00089428053950871007 0.0018945994914393901 0.0026608200609574101 -0.0033661608757543592 0.00072962368443255825
leaf_weight=4341.4937244906905 4810.104913281044 2454.1006120104576 12332.29815903696 2069.5075587294996 1716.42026080715 2471.5913032502285 811.15122428070754 2840.2581529557938 1727.8278590703849 2002.1324655855424 12461.475108651648 133.41109490464441 755.68058941536583 4052.1226591554587 8502.4066286604502 3463.3430569694028 4926.8032384600956 26474.279026815901 881.98911760677584 91.144790023099631 600.61705512087792 366.49601580202579 7028.0602998302784 3107.8737392335897 181.62055636639707 5195.1633474426926 1730.304529160785 798.62288560066372 1623.3393998358515 114.63283668202348
leaf_count=27902 11761 56346 391345 19839 9901 10897 2435 15566 8288 19668 94273 4112 2473 11075 50465 20256 13426 407085 1956 289 1349 1034 18226 8836 1222 38124 6456 2197 39113 670
internal_value=1.72681e-05 -0.000719062 -0.00108347 -0.00143181 0.000361991 0.000932786 0.00195716 0.000547694 0.00134338 0.000931675 0.000241289 -0.00175597 0.00126192 0.00165857 0.000674105 0.000294271 0.00288497 -0.00165828 0.00330278 0.00250212 0.00348866 0.00106101 0.000348139 0.00179568 0.0023826 0.00145942 0.00301509 0.000730825 -0.00390618 -0.00394469
internal_weight=120066 66539.5 58568.7 47200.9 11367.8 53526.8 7970.72 6637.59 4568.09 8913.72 17271.6 40563.3 36255.2 21636.3 14619 11965.7 7081.72 38806.6 3629.22 2818.07 5527.42 14554.6 7394.56 7160 2653.21 6911.58 2612.29 1554.3 1756.75 205.778
internal_count=1296585 1049095 1009387 885348 124039 247490 39708 43693 23854 67693 106034 841655 141456 58616 82840 70721 19445 798430 11806 9371 14775 39171 19260 19911 12119 48025 8412 4670 43225 959
is_linear=0
shrinkage=0.01


Tree=41
num_leaves=31
num_cat=0
split_feature=41 132 11 73 73 132 27 113 89 18 88 129 48 84 145 145 40 41 37 41 113 96 106 8 36 113 41 88 39 41
split_gain=883.91 607.696 344.664 159.685 135.55 116.65 108.591 118.252 99.1463 98.9922 95.3097 84.1742 82.9458 77.9258 77.6455 77.5668 86.1359 74.8167 72.4357 78.1948 71.5178 80.6636 69.0829 66.173 66.07 65.4122 65.4001 67.9524 64.0067 74.4912
threshold=0.31909090909090915 -0.37367021276595741 -0.38832199546485252 0.3816526610644258 0.23956521739130435 -0.43683510638297868 0.26138716356107666 50.196527777777781 0.025657894736842105 -0.1321160042964554 -0.45773809523809517 0.19782608695652174 0.21583850931677021 0.010527482269503509 -0.25255102040816318 0.36410984848484856 -0.47979591836734686 0.40550595238095244 -0.45789007092198575 0.16333333333333336 72.527777777777786 1.0000000180025095e-35 -0.11326979472140762 0.04027027027027031 0.4587585034013606 26.720138888888894 0.45293466223698786 0.46906887755102045 -0.4759001161440185 0.41864313292884731
decision_type=2 2 2 2 2 2 2 2 2 2 2 2 2 2 2 2 2 2 2 2 2 2 2 2 2 2 2 2 2 2
left_child=1 10 13 20 5 -2 7 8 14 25 24 17 28 -3 -6 16 -12 -9 -5 -20 23 -22 -10 -4 -1 -7 -11 -28 -8 -30
right_child=4 2 3 18 6 9 12 11 22 26 15 -13 -14 -15 -16 -17 -18 -19 19 -21 21 -23 -24 -25 -26 -27 27 -29 29 -31
leaf_value=0.0035637252224552129 0.0016994900237899382 -0.0013381970738021271 -0.0011676590196921036 0.0040361955630247737 0.0029056739042933881 0.0068895869942654023 0.0069032066326736785 0.001654501149452998 0.005556013912498662 -0.0011415525174977563 0.0067092689202208145 -0.00017690477889626582 0.0005740950245063331 0.00094002612573081872 -0.0001747188772977378 -0.0029961491523114859 0.0013220626321288819 0.0044036695345840531 -0.0013264419602381072 0.00073756925542518142 -0.0044367998695464131 -0.001636049840988684 0.0014081375608831065 -0.002021327345329569 0.011255597442251462 0.0012569650397755217 0.00061517908943880704 -0.0039985392467520378 -8.0501810707374046e-06 0.00254620812938039
leaf_weight=1006.4699804196134 4197.3211440085433 1822.3939949363121 18381.123730593361 387.68072930956259 1032.7326768653584 268.81946935062297 252.68639768753201 1403.8306431965902 747.10036752931774 6705.4385675378144 311.09227136638947 658.65241130942013 17316.861828669906 8436.393765039451 3903.0282454308472 391.35567675402854 6578.8854958800366 3483.7392801600508 4053.4234296035138 3346.7971432041959 1988.7074052185053 2164.9560347243096 886.90156514942646 18128.630205349938 126.91441599465907 906.66712355517666 5161.8207169277011 338.92315423127729 1655.4375915047131 3623.5723673666362
leaf_count=3282 10580 38207 368261 2232 4023 1601 667 9550 1774 80490 1038 4862 56336 46776 18754 2517 32701 10246 52067 28985 54722 53385 2233 357747 245 6755 27121 1608 8233 9689
internal_value=-9.3274e-06 -0.000769788 -0.00113011 -0.00148272 0.000961974 0.000244936 0.00132217 0.00208811 0.00117769 -0.000210648 0.00174287 0.00316433 0.000915507 0.000534252 0.000468239 0.00132064 0.00156769 0.00361659 -0.000169463 -0.000391655 -0.00173399 -0.00298016 0.00331299 -0.00159186 0.00444303 0.00255834 -0.000478316 0.000328416 0.00198219 0.00174348
internal_weight=119668 67124.8 58710.1 48451.3 52543.5 17579 34964.5 12116 6569.76 13381.7 8414.72 5546.22 22848.6 10258.8 4935.76 7281.33 6889.98 4887.57 7787.9 7400.22 40663.4 4153.66 1634 36509.8 1133.38 1175.49 12206.2 5500.74 5531.7 5279.01
internal_count=1296687 1042165 1002382 917399 254522 128155 126367 51442 26784 117575 39783 24658 74925 84983 22777 36256 33739 19796 83284 81052 834115 108107 4007 726008 3527 8356 109219 28729 18589 17922
is_linear=0
shrinkage=0.01


Tree=42
num_leaves=31
num_cat=0
split_feature=36 58 53 11 5 7 55 138 62 48 32 62 126 53 111 105 70 50 79 29 88 50 25 90 81 100 25 62 111 26
split_gain=638.602 355.958 281.422 224.234 174.811 159.22 110.1 108.888 104.021 143.36 100.461 89.0051 84.6322 84.2741 82.7611 82.5414 81.2958 75.0024 74.781 74.2562 72.1962 76.9965 71.1359 90.4421 59.8738 58.8529 58.5036 70.4259 58.3066 57.1555
threshold=0.34045454545454551 0.39417693169092949 0.41864313292884731 -0.36285266457680249 -0.41578014184397155 0.39417693169092949 0.45959183673469389 0.46863636363636368 0.45505050505050515 0.44058823529411767 0.22821969696969699 -0.26533166458072582 0.46076923076923082 0.26043478260869574 83.500000000000014 0.36425061425061434 0.3585714285714286 0.13525498891352553 0.018187830687830701 -0.061737804878048773 0.2950000000000001 0.40121951219512203 0.45060975609756099 0.019615384615384649 0.024695121951219538 0.47259759759759767 0.47979591836734697 0.019259259259259257 85.000000000000014 0.41366459627329194
decision_type=2 2 2 2 2 2 2 2 2 2 2 2 2 2 2 2 2 2 2 2 2 2 2 2 2 2 2 2 2 2
left_child=1 2 3 18 -3 14 8 -8 12 10 -10 28 20 -12 -5 -13 26 -7 -1 -11 21 -2 24 -24 -14 -17 -6 -28 -4 -20
right_child=6 4 11 5 16 17 7 -9 9 19 13 15 22 -15 -16 25 -18 -19 29 -21 -22 -23 23 -25 -26 -27 27 -29 -30 -31
leaf_value=-0.00055413093960227046 -0.00082929401860047604 0.0028737240055523483 0.0015808040016153093 -0.0016160389293091335 0.00033107538191049613 -0.0011410629294045745 0.002692836943772241 -0.00087799196123070316 0.0064865864339318071 0.0018402562027120505 0.0032458062092389638 -0.00096715847096985965 0.0022369524748550706 0.0010445582405347088 -0.0040674442828173615 0.0015177913953362265 0.0020613119215071823 0.0010500857644540212 0.001684733975745761 -0.00076941073269026479 0.001289011575711956 0.00048993039525890728 0.0025410579380200074 -0.0035833811957806791 0.0068035364655370167 0.0095190821773370911 -0.010136163573460682 -0.0012064055946551017 0.0080103618603504512 -0.0014956453620564641
leaf_weight=5698.1029267820122 8152.4258499394637 3406.7968516806432 4227.2324520300026 35835.311572195729 5628.9667009762197 2967.2049036620883 5566.3771628433024 1003.5026309291134 543.80762811889872 1667.0213698620792 3131.5289457042236 3278.5032927053981 952.22966152318986 3955.9234198065242 1437.9242448575096 740.69032352627255 1967.9116436542245 3296.6565570160747 3641.9627197668888 3144.0561182158417 4621.7968003532151 9665.648713892675 614.87404757039621 395.06706386990845 418.36246143747121 105.09390184748918 91.590997919440269 2136.2557133501396 145.92651022225618 664.70323662552983
leaf_count=81822 80941 18983 25557 747995 49519 27590 17070 3446 1899 5491 10773 28848 5370 12019 36998 4851 9510 17100 13169 10512 19543 50936 2488 1170 1122 262 258 8038 997 2214
internal_value=-7.9219e-06 -0.00056678 -0.000884444 -0.00115283 0.000921868 -0.00146308 0.00095153 0.00214585 0.000740638 0.0014871 0.00233938 0.000805417 0.000365992 0.00201889 -0.00171098 -0.000246323 0.000243806 1.05212e-05 0.000196259 0.000132946 0.000175271 -0.000113115 0.00215877 0.000134244 0.0036421 0.00253388 -0.00021036 -0.00158239 0.00179942 0.00119131
internal_weight=119103 75270.8 62039.3 53541.9 13231.5 43537.1 43832.6 6569.88 37262.7 12442.3 7631.26 8497.45 24820.4 7087.45 37273.2 4124.29 9824.73 6263.86 10004.8 4811.08 22439.9 17818.1 2380.53 1009.94 1370.59 845.784 7856.81 2227.85 4373.16 4306.67
internal_count=1296491 1073711 987403 926888 86308 829683 222780 20516 202264 40694 24691 60515 161570 22792 784993 33961 67325 44690 97205 16003 151420 131877 10150 3658 6492 5113 57815 8296 26554 15383
is_linear=0
shrinkage=0.01


Tree=43
num_leaves=31
num_cat=0
split_feature=21 132 11 53 63 132 66 26 60 96 145 25 55 113 81 128 43 78 40 81 113 127 16 86 34 127 53 145 130 145
split_gain=899.288 437.77 334.873 202.823 191.965 172.77 110.031 118.621 107.634 128.463 101.234 98.0175 94.7572 128.019 94.2157 93.1657 90.002 82.245 82.1284 80.0544 79.7679 75.8122 95.1878 67.9655 63.3085 64.9473 62.7295 88.8992 61.9324 61.8957
threshold=0.27113095238095247 -0.37367021276595741 -0.38832199546485252 0.44804318488529016 0.21583850931677021 -0.42111111111111105 0.39619252873563227 0.41010101010101013 0.47467948717948721 1.0000000180025095e-35 -0.31972222222222219 -0.27664399092970515 0.45959183673469389 28.550694444444449 0.13392857142857148 -0.14900362318840576 0.4793792517006803 0.011766334440753036 -0.41578014184397155 0.023532668881506128 72.902777777777786 0.47646733111849393 -0.17006802721088435 0.010527482269503509 -0.11834733893557424 -0.47979591836734686 0.41864313292884731 -0.2474489795918367 -0.36515151515151512 -0.42782738095238088
decision_type=2 2 2 2 2 2 2 2 2 2 2 2 2 2 2 2 2 2 2 2 2 2 2 2 2 2 2 2 2 2
left_child=1 6 17 20 5 24 26 -8 -7 -10 16 19 21 -14 -11 -15 -6 -3 -9 -5 23 28 -23 -4 25 -2 -1 -28 -12 -27
right_child=4 2 3 11 10 8 7 18 9 14 12 -13 13 15 -16 -17 -18 -19 -20 -21 -22 22 -24 -25 -26 29 27 -29 -30 -31
leaf_value=-0.00054391222592841846 0.0109599160930279 -0.00083438188227293964 -0.0023069628196428224 0.00023008550038638388 0.00282268679801312 -0.00091730926479826529 0.008654853924397285 0.0058398067363508921 0.0025109046046009071 -0.00022322551197629626 0.0017191684063047855 -0.0011748367066102561 -0.00054118948853122315 -0.0051907802534669357 -0.0076761549589018574 0.0032692245543204171 -0.00048572121655078121 0.0012103712632099287 0.00060839338046562259 0.0036051119570277728 -0.0032099293858353431 0.010083687732428955 0.001859436969516583 -0.0013484539641083414 0.00072640636188347433 -0.0015232112946592916 0.0048535351300627652 0.00056306558048609318 0.00034599073658143041 0.0033111944845150153
leaf_weight=1847.3954047490843 97.219882234930992 2862.5246969993459 10946.755083372758 2027.9060593140312 5972.4032393062953 11769.432351516443 393.66150242881849 456.61281135957688 2353.6580277929897 1895.9862113917479 3970.8899270142429 2785.7640593719552 1309.5005787243135 132.48671246389858 185.67764031141996 4286.2851315490552 947.3991394022014 6255.886887261935 887.52104001212865 1080.456049233675 3677.4265797339613 147.81625795306172 2867.6510612898273 23187.461148953764 2950.7389979590662 307.28305279091001 713.5973613075912 1510.9387744721607 19190.288269089302 1784.8613836555742
leaf_count=19905 172 48577 357105 15126 18690 138409 1100 935 9736 12795 11055 23449 3850 986 352 11530 2754 27091 2650 3146 103561 526 9322 367388 7876 696 1747 5984 86292 4296
internal_value=-6.8441e-06 -0.000888271 -0.00117494 -0.00153868 0.000851921 8.96273e-05 0.0017163 0.00382373 -0.000416594 0.00090974 0.00127074 0.00018517 0.00103232 0.00219818 -0.000896171 0.00301219 0.00236828 0.000567348 0.002396 0.00140723 -0.00180765 0.000776733 0.00226911 -0.0016562 0.00168726 0.00297678 0.000813733 0.00194544 0.000581912 0.00259598
internal_weight=118803 58633.9 52824.2 43705.8 60169.6 21344.9 5809.73 1737.8 16204.8 4435.32 38824.7 5894.13 31904.9 5728.27 2081.66 4418.77 6919.8 9118.41 1344.13 3108.36 37811.6 26176.6 3015.47 34134.2 5140.1 2189.36 4071.93 2224.54 23161.2 2092.14
internal_count=1297101 977764 945443 869775 319337 174332 32321 4685 161292 22883 145005 41721 123561 16366 13147 12516 21444 75668 3585 18272 828054 107195 9848 724493 13040 5164 27636 7731 97347 4992
is_linear=0
shrinkage=0.01


Tree=44
num_leaves=31
num_cat=0
split_feature=18 131 12 20 65 20 86 31 130 73 78 145 27 48 58 34 33 78 48 97 46 126 34 49 49 33 126 113 34 31
split_gain=738.872 475.595 299.543 153.7 144.064 113.713 111.238 108.758 105.23 106.331 105.063 94.7079 93.102 89.8413 92.384 87.7294 87.4178 85.7856 90.3931 70.6563 69.1616 66.5955 80.7064 63.6357 88.1183 95.7813 80.063 78.9112 66.386 63.5404
threshold=0.32683658170914548 -0.34021276595744671 -0.3876262626262626 0.47259759759759767 -0.3876262626262626 -0.17928571428571424 0.014495798319327681 0.37627551020408168 -0.43938775510204076 0.36425061425061434 0.010527482269503509 -0.26330532212885149 0.41751700680272114 0.41010101010101013 0.42940199335548179 0.26330532212885155 0.47646733111849393 0.010990338164251214 0.44058823529411767 0.70000000000000018 -0.061737804878048773 0.12645348837209305 0.056847545219638258 0.20106382978723406 1.0000000180025095e-35 0.17006802721088435 0.37841832963784189 25.540277777777781 -0.34409722222222217 0.4793792517006803
decision_type=2 2 2 2 2 2 2 2 2 2 2 2 2 2 2 2 2 2 2 2 2 2 2 2 2 2 2 2 2 2
left_child=1 5 10 4 7 12 -6 -4 23 13 -3 29 -1 14 -10 -14 20 -11 -19 -12 -5 22 -13 24 26 -26 28 -25 -2 -7
right_child=8 2 3 16 6 11 -8 -9 9 17 19 21 15 -15 -16 -17 -18 18 -20 -21 -22 -23 -24 27 25 -27 -28 -29 -30 -31
leaf_value=0.0018180447948924047 0.0072391514834026817 -0.0015690046713475634 -0.00066147536945819583 -0.00039329441198607035 -0.00215497793296402 0.0019720750017433943 -0.0011018273016532411 0.002785841031220771 6.193552154156293e-05 0.00033812809560904595 0.0018270570225673811 0.00051852604982621569 0.0083837053271719822 -0.0010598518124752044 0.0018666738887796756 0.0018621800384810447 -0.0041825906567120362 0.0020700289734326307 0.00044705848390460976 -8.4827572072938221e-05 0.0052317253291435011 0.0012428310538383947 -0.0029188762955298054 -0.006665323818047548 0.0082673799182342873 0.0024787915279540461 -0.0057410963590786559 0.0016285993835667765 0.00043047593092599898 0.009050842660388185
leaf_weight=1923.2104554709513 204.5671060285531 1901.8136095671798 5023.1677019468625 320.86735276645049 22158.045917519717 1931.6362829068676 18430.75787734543 1117.9105773828924 10727.635293734609 8607.5253694722778 4716.7343200482719 1408.6196878330084 519.50925021595322 4616.242236675811 3861.0809634424513 350.3712268024683 178.45557622797787 11271.323990600649 4959.4664315381087 3258.1938357640756 663.1799523292575 2057.7012725888053 1317.3178413843852 116.13051043218002 569.82720569963567 587.9818948879838 141.81544310599566 4778.6552807674743 484.26307076588273 135.96292152651586
leaf_count=14219 386 40373 84328 1298 652990 8987 161191 6701 86705 47461 26392 10167 1287 30618 15320 896 415 34263 14344 22474 1672 10696 8901 369 1000 1229 327 10257 1144 302
internal_value=-1.43713e-05 -0.00070123 -0.00104452 -0.00137158 -0.00146107 0.00135391 -0.00167704 -3.19527e-05 0.00089465 0.000714567 0.000540364 0.000658539 0.00305517 0.000155167 0.000540362 0.0057736 0.0022154 0.00114667 0.00157479 0.00104478 0.00338889 -0.00011254 -0.0011394 0.00204521 0.00355691 0.00534101 0.00105467 0.00142846 0.00247456 0.00244655
internal_weight=118340 67413.5 57769.1 47892.4 46729.9 9644.33 40588.8 6141.08 50926.5 44043.3 9876.74 6851.24 2793.09 19205 14588.7 869.88 1162.5 24838.3 16230.8 7974.93 984.047 4783.64 2725.94 6883.24 1988.45 1157.81 830.646 4894.79 688.83 2067.6
internal_count=1296712 1053289 997834 908595 905210 55455 814181 91029 243423 228711 89239 39053 16402 132643 102025 2183 3385 96068 48607 48866 2970 29764 19068 14712 4086 2229 1857 10626 1530 9289
is_linear=0
shrinkage=0.01


Tree=45
num_leaves=31
num_cat=0
split_feature=21 131 12 81 73 131 88 88 145 113 36 60 95 129 82 145 110 24 26 114 26 20 129 90 73 33 131 113 95 36
split_gain=835.475 404.189 238.533 156.044 142.4 150.672 138.432 108.054 110.554 97.6006 96.534 86.0789 121.857 87.7294 84.721 123.292 114.412 105.72 93.9848 108.147 86.3637 77.205 75.6441 73.7731 72.7196 70.3711 66.1598 61.7002 59.0489 59.0005
threshold=0.28647416413373866 -0.37367021276595741 -0.3876262626262626 0.010527482269503509 0.27113095238095247 -0.37367021276595741 0.27579787234042558 -0.4494897959183673 -0.020620748299319726 65.022916666666688 0.41010101010101013 0.47467948717948721 0.18274582560296851 0.010310374149659853 0.026671408250355581 -0.25255102040816318 -0.30901722391084091 0.4793792517006803 0.27113095238095247 21.298611111111118 0.47646733111849393 -0.31909090909090904 -0.26043478260869563 0.011766334440753036 0.044466403162055308 0.47752525252525257 0.052105948762483707 27.300694444444449 0.32071428571428579 0.20900537634408609
decision_type=2 2 2 2 2 2 2 2 2 2 2 2 2 2 2 2 2 2 2 2 2 2 2 2 2 2 2 2 2 2
left_child=1 7 23 -4 5 -2 9 27 -9 -5 -8 24 13 -13 15 17 29 22 28 -20 -19 -10 -6 -3 -7 -14 -17 -1 -18 -16
right_child=4 2 3 6 14 11 10 8 21 -11 -12 12 25 -15 16 26 18 20 19 -21 -22 -23 -24 -25 -26 -27 -28 -29 -30 -31
leaf_value=0.0078714519712015062 0.0013777664365367212 -0.00092395877720019993 -0.0023063572010688206 -0.0010950227568005907 -0.00018656942314043126 -0.0015327857901687209 -0.00035985999458830936 0.0023820108804633528 0.0026778867724218474 -0.0027080128962133636 0.0026599376804605844 -0.005609345791198983 0.0004331933906216069 0.0046352774840324384 0 0.00073452324642235068 -0.0021968160513004971 -0.0022303543897404239 0.0034371281751080342 -0.0072551619501003617 0.0020517133931952439 -0.0015206067721902144 0.0033044322533040309 0.0010417358702995221 9.002671596041252e-05 -0.0043081252893335375 -0.0033141344251418556 0.0025550911376336443 0.0014422223377836033 0.0066266513796811579
leaf_weight=377.15388552425429 7635.5678579565138 2816.1120377279585 13401.419599566609 19827.494599393278 706.43501951778308 6079.9126536018448 6997.9496547722374 2817.0841854747559 571.28793806763133 4643.2343087770278 1245.9318777532317 89.553653458890039 2483.1967349014594 994.84232177666854 159.97671788744628 20993.996712284687 725.23546834662557 857.14119929209119 2360.5227257879451 97.058466643095016 1042.4184325344395 1854.744972732733 4805.5799539623549 5903.7818465058226 5037.7458930318535 356.98362444934901 409.72515387908788 539.33696448989213 1153.8038644008338 808.50098858587444
leaf_count=1065 27302 50901 418904 291221 3001 81984 67312 14149 3633 108519 5003 638 14627 3306 433 75475 2071 2647 5594 265 2406 13310 14210 29058 44913 1923 6596 1700 3061 1906
internal_value=-2.43822e-05 -0.000837146 -0.00111008 -0.00139692 0.000848268 0.000233533 -0.00102401 0.00159085 0.00103418 -0.00140159 9.55889e-05 -0.000346678 0.000925204 0.00377563 0.00125653 0.00104205 0.00241923 0.00215416 0.00172111 0.00300801 0.000114091 -0.000527119 0.00285525 0.00040573 -0.000796599 -0.000160532 0.000656403 0.00475997 3.19558e-05 0.00552997
internal_weight=117794 60995.5 54835.9 46116 56798.2 22677.8 32714.6 6159.61 5243.12 24470.7 8243.88 15042.2 3924.58 1084.4 34120.4 28815.3 5305.1 7411.57 4336.62 2457.58 1899.56 2426.03 5512.01 8719.89 11117.7 2840.18 21403.7 916.491 1879.04 968.478
internal_count=1297133 1004775 970918 890959 292358 174693 472055 33857 31092 399740 72315 147391 20494 3944 117665 104335 13330 22264 10991 5859 5053 16943 17211 79959 126897 16550 82071 2765 5132 2339
is_linear=0
shrinkage=0.01


Tree=46
num_leaves=31
num_cat=0
split_feature=52 13 53 9 9 54 40 67 32 93 127 54 127 88 129 35 40 76 25 19 39 128 127 39 93 127 62 35 60 88
split_gain=728.253 374.519 168.282 119.329 109.568 96.0725 98.3855 86.9619 77.7899 138.135 88.4105 92.6052 76.9356 117.87 93.3812 74.6056 69.0219 66.952 66.3494 68.7039 67.392 86.2617 82.7165 72.347 63.5505 63.2185 62.235 56.7404 56.2457 55.1001
threshold=0.32732919254658394 -0.36285266457680249 0.41864313292884731 0.41751700680272114 0.19139194139194141 0.49000000000000005 0.40550595238095244 0.04027027027027031 0.39528508771929832 -0.14991315845062161 -0.45199692780337936 -0.054373522458628858 0.14644607843137261 0.2950000000000001 0.081666666666666679 0.45505050505050515 0.3585714285714286 -0.39009661835748788 0.49000000000000005 0.27113095238095247 0.43908472479901062 0.11294063079777368 0.31909090909090915 -0.47752525252525252 -0.13141019432046538 -0.43938775510204076 0.40121951219512203 -0.39528508771929821 0.47467948717948721 -0.45773809523809517
decision_type=2 2 2 2 2 2 2 2 2 2 2 2 2 2 2 2 2 2 2 2 2 2 2 2 2 2 2 2 2 2
left_child=1 3 4 26 16 6 12 28 9 17 24 -12 13 -2 -15 -14 -3 -8 20 -20 23 -22 -23 -7 -10 -9 -1 -5 -4 -17
right_child=5 2 7 27 -6 18 8 25 10 -11 11 -13 15 14 -16 29 -18 -19 19 -21 21 22 -24 -25 -26 -27 -28 -29 -30 -31
leaf_value=-0.00036702171190748856 -0.00093807416033554053 -0.0018074367188692113 0.0011796350253347012 0.0032760233157192432 -0.00060357873707386561 0.0088999903770592241 -0.007725466291301563 0.0036632307258542014 0.0012956557242813922 0.0028085229098743824 0.0033678030808455511 0.00057081248763618108 0.00030468164768247217 0.0021987011218078155 -0.0028072232059316638 0.0070760007381288426 -0.00046974224513739442 0.00034036978784749935 0.002468323179201488 -0.0026498788586134243 0.0061821640357971747 -0.00097782450796759742 0.006855693755255611 0.001596983669048089 -0.005785937388909943 -0.0012109638280104148 0.0012332967592295055 0.0010691828155942019 0.0065183331326000163 0.0019561308492518524
leaf_weight=7827.9245802984224 8048.2271612946643 26239.614331868477 3373.9595022836584 2041.9085716553964 16728.892102205136 138.72535760328174 106.57956815278158 290.93456272990443 195.33536769170314 5842.1102696631569 1341.4201218450908 10186.861009746906 4891.2766201936756 2416.161331311916 438.0819561520475 234.96868222206831 4547.6466952376359 2369.5126966536627 465.24635699484497 596.91329275025055 879.36541249346919 451.45578027889132 190.16952901612967 5683.0419765028637 347.95406599156559 2928.0007108222344 3520.7929113930441 2760.0097500702832 209.86984388064593 2117.5473482432426
leaf_count=103383 88491 579416 29057 9387 227610 281 357 1906 508 18612 3910 29331 45903 11827 2922 656 41292 7269 1113 1492 2205 1066 519 16258 954 21363 23768 16088 482 9525
internal_value=-4.92356e-06 -0.000647786 -0.00104537 0.000688764 -0.00125603 0.000959946 0.000748207 0.000424508 0.00122496 0.00196969 0.000710845 0.000897399 0.000211916 -0.000318133 0.00142615 0.001011 -0.00161019 -5.75329e-06 0.00192936 -0.000398389 0.00226745 0.00414637 0.00133542 0.00177422 -0.00322373 -0.000766317 0.00012864 0.00201016 0.00149679 0.00247454
internal_weight=117411 70469.6 54318.9 16150.6 47516.2 46941 38536 6802.76 20389.8 8318.2 12071.6 11528.3 18146.3 10902.5 2854.24 7243.79 30787.3 2476.09 8404.92 1062.16 7342.76 1520.99 641.625 5821.77 543.289 3218.94 11348.7 4801.92 3583.83 2352.52
internal_count=1296951 1053752 901126 152626 848318 243199 220265 52808 60941 26238 34703 33241 159324 103240 14749 56084 620708 7626 22934 2605 20329 3790 1585 16539 1462 23269 127151 25475 29539 10181
is_linear=0
shrinkage=0.01


Tree=47
num_leaves=31
num_cat=0
split_feature=131 18 13 54 82 113 36 120 97 85 73 110 111 86 102 64 67 80 64 7 136 112 9 110 129 128 58 125 112 111
split_gain=744.296 548.026 244.983 253.911 198.96 126.281 123.696 104.789 103.225 107.381 94.4885 123.994 91.2129 101.648 86.012 80.9201 75.3566 70.0597 67.8389 64.385 79.1607 65.9261 57.269 53.4312 93.0077 87.4966 80.3939 74.5021 63.1047 53.566
threshold=-0.37367021276595741 0.34529914529914535 -0.3876262626262626 0.44058823529411767 0.010753931544865871 54.968750000000007 0.46076923076923082 0.44935897435897437 0.70000000000000018 0.011495771670190282 0.23252032520325203 -0.22613636363636361 83.500000000000014 0.010527482269503509 -0.31909090909090904 -0.33156028368794321 -0.14549731182795694 0.011766334440753036 0.17416582406471184 -0.45789007092198575 -0.45959183673469384 14.220238095238097 0.40121951219512203 0.19504830917874397 -0.057777777777777782 -0.021286231884057951 0.31016731016731025 0.45959183673469389 21.276785714285719 60.500000000000007
decision_type=2 2 2 2 2 2 2 2 2 2 2 2 2 2 2 2 2 2 2 2 2 2 2 2 2 2 2 2 2 2
left_child=19 2 8 12 7 10 15 -3 9 -2 16 -12 13 -4 17 -5 -6 -7 -8 20 -1 -21 -10 26 29 -26 27 -23 -28 -25
right_child=1 4 3 6 5 14 18 -9 22 -11 11 -13 -14 -15 -16 -17 -18 -19 -20 21 -22 23 -24 24 25 -27 28 -29 -30 -31
leaf_value=-0.0062032317168288558 -0.00033296102533185429 -0.001592658696188499 -0.0021758186363647 0.0011544463574764752 -0.0027325299489921874 0.003421228686396952 0.005734314706517714 0.0010806375500484701 -0.001520273208826491 0.0025618292235229214 0.002995666632326839 0.00050178720861858732 -0.0038102373000901703 -0.0011054379938662284 0.0025912323633173646 -0.0012093675501359275 0.00011486707403317715 -0.00076394195658846325 -0.0010336872770869208 -0.0010646443116903912 0.0048491286960490564 0.0015273249819331802 0.0011400948105589272 -0.00031152376140013252 -0.0027188446345937007 0.0021100589453261075 0.0071586570497699873 -0.001176052416423377 0.0023899250131397525 -0.0047027317175258546
leaf_weight=68.112851258832961 2105.2250666310429 5190.0661607589282 12880.255117141787 3106.7424858229933 1292.8147821705206 531.26233256631531 640.16733662353363 2038.1493273266242 2700.6650683108601 3250.7540531740524 2475.1563643557602 10318.311720031663 1689.7513247755123 28782.992328926222 6543.4897111490427 2710.3366820904193 3278.7297596114222 1603.4228799648117 189.1502502206713 990.30831456312444 916.75945365452208 8756.3930735198664 1150.1151614001719 971.88827114622109 426.42540433444083 2993.2513538969215 289.64797675097361 1148.7348418507027 7671.9292701603845 391.27892114361748
leaf_count=396 32971 59916 412287 17437 8494 2693 1715 12677 40987 17855 7993 34790 42166 431317 25460 25769 17242 7950 694 4512 2781 38904 7927 3010 1408 8503 764 4678 21950 1879
internal_value=1.41533e-05 -0.000397157 -0.000974296 -0.00125038 0.000629554 0.00103711 0.000568466 -0.000837437 0.000523934 0.00142228 0.000544004 0.000985257 -0.00152946 -0.00143663 0.0020225 5.13433e-05 -0.0006886 0.00027406 0.00417924 0.00155918 0.0040691 0.00145402 -0.000723013 0.00156463 0.000622529 0.00150436 0.00181622 0.00121271 0.00256555 -0.00158182
internal_weight=117102 92477.6 59206.2 49999.4 33271.4 26043.2 6646.4 7228.22 9206.76 5355.98 17365 12793.5 43353 41663.2 8678.17 5817.08 4571.54 2134.69 829.318 24624.7 984.872 23639.9 3850.78 22649.5 4782.84 3419.68 17866.7 9905.13 7961.58 1363.17
internal_count=1297125 1208340 1031125 931385 177215 104622 45615 72593 99740 50826 68519 42783 885770 843604 36103 43206 25736 10643 2409 88785 3177 85608 48914 81096 14800 9911 66296 43582 22714 4889
is_linear=0
shrinkage=0.01


Tree=48
num_leaves=31
num_cat=0
split_feature=21 144 12 54 130 73 112 62 82 88 31 145 125 32 83 88 27 39 130 61 32 98 145 7 25 60 25 142 93 112
split_gain=826.593 275.506 220.239 243.185 190.671 168.059 155.545 152.868 132.092 128.491 126.357 116.68 101.811 99.8087 89.7879 87.8609 84.3694 99.9065 84.2477 82.7426 77.6751 75.802 72.2152 71.7656 68.5222 68.0902 112.674 71.5534 69.3769 66.3445
threshold=0.27346041055718479 0.3585714285714286 -0.34150717703349281 0.45180023228803717 -0.43938775510204076 0.17416582406471184 20.967261904761909 0.36425061425061434 0.010310374149659853 -0.4494897959183673 0.47801932367149763 -0.27970588235294114 -0.23956521739130432 0.42940199335548179 0.011766334440753036 0.19139194139194141 0.39619252873563227 -0.35857142857142849 -0.36515151515151512 0.084349593495934974 0.41864313292884731 -0.41945945945945939 -0.020620748299319726 -0.41578014184397155 0.29795918367346946 0.49000000000000005 0.49000000000000005 0.35634920634920636 -0.055218103079130047 44.586309523809533
decision_type=2 2 2 2 2 2 2 2 2 2 2 2 2 2 2 2 2 2 2 2 2 2 2 2 2 2 2 2 2 2
left_child=1 2 14 6 21 7 10 -6 18 16 -4 13 -13 -10 -1 -5 17 -3 20 -9 -7 -2 -11 -24 -21 26 28 -28 -23 -16
right_child=4 9 3 15 5 8 -8 19 11 22 -12 12 -14 -15 29 -17 -18 -19 -20 24 -22 25 23 -25 -26 -27 27 -29 -30 -31
leaf_value=-0.0010854579859710172 -4.1488087829306561e-06 -0.0057795920776859758 -0.00071172661730331099 -0.0010725617895373364 -0.0011031625659354458 0.0027416606587152442 -0.0019774118045458536 0.0029166611614554385 0.0039262613249662019 0.001663084994793905 0.0039180699795938754 0.0031948894407996999 0.00079492078909897828 0.0010414335686761604 0.0017428982360344399 0.0015096693300941208 0.007132789623472008 0.0046124084417157795 -0.00075094239401805093 0.0031745874034534178 -0.0011469680183609113 0.0039635562122542923 0.0033763687444529383 -0.0013679358883262854 -0.00015314181591084914 0.0068710788950800562 -0.0020197829033227837 0.0040708920605820025 0.0018011877503040972 -0.00025732621704418893
leaf_weight=3421.7273981469916 1313.5015412685461 138.35970199271105 4596.5235841949179 2113.2485155799659 9026.4885945267451 1595.3816442356911 30782.05876963737 1538.5523527412442 2899.0399429190438 2730.0523020499386 675.04441647592466 1953.6542507302947 18884.273311428144 2065.7581303524785 3932.7261889361544 3485.3183931357926 538.45586204295978 272.50624172133394 5842.3958326938737 711.47114063578192 752.416915578302 3072.4341847393662 371.48809413574054 2185.0409308858216 4675.1400231900334 356.13679257361218 826.63288393989205 249.96714877709746 2921.3472220771946 2852.8377106676344
leaf_count=72322 3050 689 71105 19397 114603 5947 708057 6966 9548 17505 2272 7624 66966 5253 18567 18224 1238 1805 43998 4946 3011 6818 2413 24018 27276 706 1855 488 6334 24344
internal_value=2.59134e-06 -0.000842892 -0.00108179 -0.00140442 0.000839756 0.000601008 -0.00170558 -0.000245272 0.000998427 0.0011421 -0.000116336 0.00134965 0.00102055 0.0027284 0.00023378 0.000533171 0.00452889 0.00108307 -0.000106878 0.000871484 0.00149123 0.00220271 0.000531295 -0.000673582 0.000285041 0.00259432 0.00237654 -0.000593892 0.00291177 0.000900561
internal_weight=116780 58095.4 51859.5 41652.2 58684.6 49944.6 36053.6 15951.7 33992.9 6235.9 5271.57 25802.7 20837.9 4964.8 10207.3 5598.57 949.322 410.866 8190.19 6925.16 2347.8 8740.02 5286.58 2556.53 5386.61 7426.52 7070.38 1076.6 5993.78 6785.56
internal_count=1297345 981956 934288 819055 315389 296138 781434 153791 142347 47668 73377 89391 74590 14801 115233 37621 3732 2494 52956 39188 8958 19251 43936 26431 32222 16201 15495 2343 13152 42911
is_linear=0
shrinkage=0.01


Tree=49
num_leaves=31
num_cat=0
split_feature=41 131 11 54 110 21 25 129 73 131 127 5 82 127 23 48 136 126 111 16 90 84 38 110 5 120 38 95 129 39
split_gain=820.089 516.648 276.925 161.986 136.073 188.816 136.784 100.721 93.2622 98.3351 92.4844 91.8845 86.85 84.7737 114.904 78.8369 75.6403 75.2815 74.8661 71.9335 71.9613 71.6265 70.709 96.5995 70.4842 89.52 86.0461 68.5724 67.2519 66.8674
threshold=0.31438415159345395 -0.37367021276595741 -0.38832199546485252 0.46076923076923082 -0.22613636363636361 0.42052631578947375 0.33156028368794332 0.29795918367346946 0.21937500000000001 -0.43683510638297868 0.14644607843137261 0.47646733111849393 0.024695121951219538 0.23252032520325203 0.47849213691026832 0.23956521739130435 0.17549818840579715 0.05137227304714987 86.500000000000014 -0.26631205673758857 0.016954022988505794 0.010527482269503509 0.36023255813953492 -0.45180023228803712 -0.2474489795918367 0.45180023228803717 -0.27207792207792203 0.06186224489795919 0.010310374149659853 -0.47752525252525252
decision_type=2 2 2 2 2 2 2 2 2 2 2 2 2 2 2 2 2 2 2 2 2 2 2 2 2 2 2 2 2 2
left_child=1 10 19 18 7 11 -7 8 9 -2 15 -6 29 14 -13 -1 -12 -15 21 27 -21 -4 23 -5 26 -26 -8 -3 -17 -10
right_child=4 2 3 22 5 6 24 -9 12 -11 16 13 -14 17 -16 28 -18 -19 -20 20 -22 -23 -24 -25 25 -27 -28 -29 -30 -31
leaf_value=0.0016574985507082055 0.0028445149999075689 0.0034004148142158098 -0.0021819572720418534 -0.0030029262043632311 -0.00059851188017983421 0.0027039551333101967 -0.0090423247173656435 -0.0018683175876226985 0.0074068023154432632 -0.0004124658723612383 0.0014777144265533712 0.0014275535691630687 0.004767965638451172 -0.0033960666900479199 -0.0034573277217643701 0.0015893881452872546 0.0043431998481658707 0.0036454276295469629 -0.0039361269917806063 -0.0018790833273771448 0.00067440483996612679 -0.0012614689385013408 -0.0020074653876946623 0.0015804081780781099 2.990696143863754e-05 0.0017092063301958418 0.0029058068834400762 0.00062834958916196102 -0.0025150627762411475 0.0019476175625722126
leaf_weight=2772.5230706270668 1429.884155925829 1145.9705269164406 12145.12683051487 532.28897256567143 12475.14756185672 4947.6642939664307 60.818657875293866 707.8944517102791 232.30604089936242 2620.6291079935036 2121.330839475384 1546.3193318233243 1501.1928408760577 167.30620312876999 697.93951253499836 615.27293556334917 1650.5057246955112 1451.2891343666706 1351.3843805332435 2030.6653380341595 2408.1169897830114 28232.843942204432 1032.086196455406 3293.5555559829809 9988.9295834674267 4660.7890029194532 1996.5036317787017 4089.2881331613753 1122.8187540727668 7156.323663581803
leaf_count=17010 3786 6064 403245 8681 112312 16770 253 4797 534 25985 8782 6220 3972 624 2566 2574 5185 5252 34419 38871 7967 446195 4049 16025 34235 11062 7686 31167 5770 25009
internal_value=-6.72023e-07 -0.000752248 -0.00109563 -0.00141538 0.000938493 0.000630394 0.00124277 0.00179531 0.00199663 0.000735241 0.00157895 -0.000180676 0.00257009 0.00116595 -8.79995e-05 0.000609567 0.00273508 0.00290976 -0.00161661 0.000443136 -0.000491679 -0.00153863 0.000311062 0.000939499 0.000809317 0.000564937 0.00254352 0.00123758 -0.00105629 0.00212159
internal_weight=116185 64543.8 56261.3 46587.3 51640.9 37992.7 21654.7 13648.2 12940.3 4050.51 8282.45 16338 8889.82 3862.85 2244.26 4510.61 3771.84 1618.6 41729.4 9674.04 4438.78 40378 4857.93 3825.84 16707 14649.7 2057.32 5235.26 1738.09 7388.63
internal_count=1297067 1036004 996683 912614 261063 196980 70006 64083 59286 29771 39321 126974 29515 14662 8786 25354 13967 5876 883859 84069 46838 849440 28755 24706 53236 45297 7939 37231 8344 25543
is_linear=0
shrinkage=0.01


Tree=50
num_leaves=31
num_cat=0
split_feature=41 131 11 54 51 5 55 138 21 120 125 58 136 127 30 125 131 55 143 86 11 110 125 16 86 113 21 41 126 26
split_gain=711.641 507.149 293.591 176.79 121.653 96.3751 92.0079 107.455 95.7601 93.9854 88.4043 86.4104 84.442 86.7068 73.596 72.4073 70.8286 69.717 69.5589 66.8055 80.9311 64.7599 106.727 64.7033 90.3243 63.7455 105.442 61.7464 81.3612 60.8446
threshold=0.31438415159345395 -0.39472517730496448 -0.38832199546485252 0.46076923076923082 0.2525510204081633 -0.35857142857142849 0.47259759759759767 0.46863636363636368 0.45505050505050515 0.43908472479901062 -0.35857142857142849 0.17006802721088435 0.14222222222222228 -0.35053191489361696 0.30217391304347835 0.084349593495934974 -0.43938775510204076 0.42940199335548179 0.010990338164251214 0.010527482269503509 -0.050510204081632641 -0.44058823529411756 0.36425061425061434 -0.33503401360544216 0.018543956043956093 69.309722222222248 -0.44058823529411756 0.38762626262626265 -0.47979591836734686 0.49000000000000005
decision_type=2 2 2 2 2 2 2 2 2 2 2 2 2 2 2 2 2 2 2 2 2 2 2 2 2 2 2 2 2 2
left_child=1 12 23 19 5 11 8 15 -6 10 -10 -2 29 -14 -13 -8 27 -11 -17 -4 -21 -5 -23 -3 -25 -15 -27 -7 -29 -1
right_child=4 2 3 21 6 16 7 -9 9 17 -12 14 13 25 -16 18 -18 -19 -20 20 -22 22 -24 24 -26 26 -28 28 -30 -31
leaf_value=0.0012235751803342473 -0.0011633446365450911 0.0013833011281489521 -0.0021855307180531341 -0.0021721820907096784 0.00047438715684239275 0.0045294992535535022 0.0047813634130366633 -0.00097003049088416273 0.0065533966372150068 0.0033438287109904324 0.00077441742259311307 0.00301881640653681 -0.00063046779325521835 0.0042677261078238873 -0.0053381826791802133 -0.00070517676075304071 -0.00057435738095437325 -0.00023486193092101714 0.0028695488541201548 -0.00064177821396487302 -0.0017331538861922037 0.0017302157879672342 -0.0021367737412393466 -0.001626879359653095 0.00096435915363833743 0.014318416640462238 -0.0033042239456728844 0.007475969746977105 4.2217897173641632e-05 -0.0026633698503960002
leaf_weight=3768.2094656779082 785.67417540302267 4580.83822217735 13049.196600530588 821.15497420178144 16833.224901423848 464.62884182855487 1489.8843813284766 814.71090684330557 274.07003298285417 3710.6591585883871 7489.0365948949475 2332.0222781760967 547.2075646338053 2339.816247326904 108.64379333052784 687.4128157668747 10940.306042316835 631.73378009581938 2533.9537293072208 10946.919892962847 18074.828013823659 3303.8151259507285 907.45807427383261 2497.3100064846803 2910.3334265113808 38.499605247750878 238.31302873231471 156.90102235227823 2222.5229916546959 448.61142887733877
leaf_count=18684 8661 30360 415943 10542 83441 1205 4318 2572 583 8535 19756 11991 2567 7402 640 2196 103161 1433 6125 182462 292264 15788 3085 45703 9580 130 1344 315 5795 1115
internal_value=-2.87283e-05 -0.000728829 -0.00104783 -0.00137811 0.000847945 0.000155286 0.00118952 0.00237308 0.00096309 0.00164173 0.000980545 0.00171116 0.00173722 0.00297303 0.00264068 0.0029534 -0.000208251 0.00282096 0.00210365 -0.00159004 -0.00132187 0.000391583 0.000894262 0.000508653 -0.000230534 0.0037304 -0.000774522 0.00119625 0.000539541 0.000807154
internal_weight=115948 64472.5 57091.9 47103.4 51475.4 17010.7 34464.7 5525.96 28938.7 12105.5 7763.11 3226.34 7380.66 3163.84 2440.67 4711.25 13784.4 4342.39 3221.37 42070.9 29021.7 5032.43 4211.27 9988.48 5407.64 2616.63 276.813 2844.05 2379.42 4216.82
internal_count=1297696 1036969 1005727 920084 260727 131768 128959 15211 113748 30307 20339 21292 31242 11443 12631 12639 110476 9968 8321 890669 474726 29415 18873 85643 55283 8876 1474 7315 6110 19799
is_linear=0
shrinkage=0.01


Tree=51
num_leaves=31
num_cat=0
split_feature=41 131 12 80 31 88 131 71 88 130 48 116 142 49 40 48 21 131 111 16 127 111 1 21 58 111 40 40 88 33
split_gain=712.39 489.661 232.889 128.045 117.508 121.257 102.912 102.102 83.8297 81.7227 94.2451 81.2688 78.097 76.0806 82.7567 75.8262 73.841 90.0336 85.5019 73.1022 73.0083 83.8783 72.9063 72.6324 76.7916 64.3032 63.9667 63.6374 87.9146 63.344
threshold=0.31438415159345395 -0.37367021276595741 -0.3876262626262626 0.010527482269503509 0.47979591836734697 -0.0404081632653061 0.057777777777777824 0.3816526610644258 -0.45773809523809517 -0.43938775510204076 0.28024390243902447 0.011495771670190282 0.010990338164251214 0.43813775510204089 0.47849213691026832 -0.26533166458072582 0.40550595238095244 -0.37367021276595741 59.500000000000007 0.45959183673469389 0.019259259259259257 33.500000000000007 -0.050510204081632641 0.4587585034013606 0.16333333333333336 82.500000000000014 0.47801932367149763 -0.47979591836734686 -0.2214052287581699 0.020416666666666698
decision_type=2 2 2 2 2 2 2 2 2 2 2 2 2 2 2 2 2 2 2 2 2 2 2 2 2 2 2 2 2 2
left_child=1 8 11 25 6 -6 13 22 23 -7 12 -3 -11 16 26 -16 17 -2 -18 -12 -8 29 -5 24 -1 -4 -15 28 -10 -22
right_child=4 2 3 7 5 9 20 -9 27 10 19 -13 -14 14 15 -17 18 -19 -20 -21 21 -23 -24 -25 -26 -27 -28 -29 -30 -31
leaf_value=-0.00073824496645329314 0.0019131790435829091 -0.00099989235800453818 -0.0020879864202178228 -0.00064026471407462027 0.00054904414609445874 0.0054945991454953555 -0.0036007216708853693 0.00017243339167995482 -0.0013485242530625764 -0.00037076294987259259 0.003931133195259319 0.0010558430617577446 0.0047022272315134592 -0.00080054591952883811 0.0072904230337184116 0.0006637728947074265 0.00096107361250302422 4.2414098322926004e-05 0.0025638031080647264 0.00039899752499690148 0.0052280905846172707 -0.0027151844136511834 -0.0016888143456391942 -0.002365699733840721 0.0062728823099772874 -0.0088555545616351029 -0.009692500583523278 0.00093678542949628769 0.0090037204943281494 -0.0004726930809093048
leaf_weight=188.46001596190035 3403.2590416047024 2754.737737011339 12763.960371378285 11413.058693621424 4519.9767919451115 897.19896230567247 914.57009462738642 6149.7723077497212 125.41116914065788 359.81770621286705 754.96367066726089 6341.2997361461748 1816.1619803835638 4582.7536911873322 179.01125205936842 4516.6856241418282 9706.7639285804471 10577.981664460822 5093.7335408980143 2644.5631906348863 367.85698737867642 616.22018319711788 15962.106238300097 152.15231195278466 842.13396421540529 142.03186696069315 81.619075993541628 6894.5588885821635 226.87005912722088 406.86994472815422
leaf_count=889 13254 52741 412532 176062 13043 1748 14489 59971 556 1656 2244 33693 4822 26378 646 15375 34366 90629 18657 7269 2270 10834 256131 429 2130 4381 525 35186 588 3229
internal_value=1.53883e-05 -0.000689164 -0.0010302 -0.00131689 0.000891565 0.00180883 0.000641986 -0.000990461 0.00155595 0.0026868 0.00223228 0.000432122 0.00385898 0.000766179 -1.594e-05 0.000920024 0.00102087 0.000498608 0.00151348 0.00118728 -0.00140773 2.85599e-05 -0.00125207 0.00402679 0.00498162 -0.00216392 -0.000960329 0.00115081 0.00529666 0.00222452
internal_weight=115397 63956.6 55527 46430.9 51440 10992.7 40447.3 33524.9 8429.59 6472.71 5575.51 9096.04 2175.98 38141.8 9360.07 4695.7 28781.7 13981.2 14800.5 3399.53 2305.52 1390.95 27375.2 1182.75 1030.59 12906 4664.37 7246.84 352.281 774.727
internal_count=1296723 1035289 995511 909077 261434 30782 230652 492164 39778 17739 15991 86434 6478 199830 42924 16021 156906 103883 53023 9513 30822 16333 432193 3448 3019 416913 26903 36330 1144 5499
is_linear=0
shrinkage=0.01


Tree=52
num_leaves=31
num_cat=0
split_feature=21 132 11 54 130 63 82 145 62 95 38 13 32 38 114 48 114 114 124 98 60 83 80 145 130 128 32 26 114 114
split_gain=740.979 373.716 256.488 194.56 172.416 151.039 142.101 116.918 111.804 111.093 99.5421 85.544 78.3791 78.0662 137.486 103.592 87.068 80.6083 96.8714 88.5686 75.9406 75.7523 74.6333 73.9149 71.8624 73.8576 68.8246 75.4305 66.1676 65.2777
threshold=0.28024390243902447 -0.37367021276595741 -0.38832199546485252 0.45180023228803717 -0.43938775510204076 0.21583850931677021 0.010310374149659853 -0.27970588235294114 0.39009661835748793 0.18274582560296851 -0.21937499999999996 -0.46076923076923076 0.42940199335548179 0.4587585034013606 5.459722222222223 0.47752525252525257 10.967361111111112 4.6444444444444457 -0.31725417439703146 -0.37939393939393934 0.49000000000000005 0.011766334440753036 0.010527482269503509 0.42052631578947375 -0.36515151515151512 0.014928698752228133 -0.29795918367346935 -0.039230769230769201 5.5770833333333352 1.933333333333332
decision_type=2 2 2 2 2 2 2 2 2 2 2 2 2 2 2 2 2 2 2 2 2 2 2 2 2 2 2 2 2 2
left_child=1 11 21 22 13 8 24 12 -6 -10 -9 -1 -8 17 15 20 -16 18 -2 -20 -15 -3 -4 -13 29 -26 -5 -28 -19 -7
right_child=4 2 3 26 5 6 7 10 9 -11 -12 23 -14 14 16 -17 -18 28 19 -21 -22 -23 -24 -25 25 -27 27 -29 -30 -31
leaf_value=0.0063479684904105731 0.0070851191319327867 -0.00095769664075131199 -0.0023104448746795831 0.0014354503304102137 -0.00091018907479109503 -0.00021005700593633637 0.0038311698381942546 0.0031526916200634776 0.0031259045692705514 6.6897902166322909e-05 0.00075931194110238096 0.0014315016932411832 0.0012167829391110311 -0.005116763314580686 0.007014960975215684 0.0027730046055796376 -0.0024006653865669128 -0.0031036215705590249 -0.00049776414048989016 0.0033674391393521135 0.0027492135765439132 0.001069018185574212 -0.0013498701451052702 -0.0052140992985194815 -0.002871183462462859 -0.0001631166542972513 -0.00241985248515932 0.0007508351504327415 0.0017111463560361359 0.0032670868581467258
leaf_weight=346.97721643693512 586.56162980385125 2603.2915154595394 11778.215532252943 2822.0288515036809 9519.5813829177932 1252.0133527541766 2789.8322651840281 1934.2483311884571 1546.4705261752824 5130.5222817733011 17383.870269718172 5673.321553528076 1972.0665101280902 666.74978822632693 371.70226619951427 356.23929356224835 130.89290644228458 345.29155605332926 701.94189362507313 3658.2793689386453 147.92050064727664 6291.4501695411163 26212.517238365777 170.89371264586225 1369.4246308002039 3833.5906750076101 1413.4632184937363 1590.5350569236325 1600.3971127774566 941.57845248992089
leaf_count=940 1166 49507 399332 16212 118756 4796 8698 7290 6545 28919 60252 31353 4948 1900 716 846 331 799 1703 7793 328 27998 446985 1271 13452 23482 13384 11130 3309 3321
internal_value=-1.56291e-05 -0.000799567 -0.00107267 -0.00138701 0.000805259 0.000570241 0.00097405 0.00134648 -0.000213921 0.000777259 0.00099962 0.00152377 0.00275104 0.00211184 0.000167921 -0.00170378 0.00454306 0.00258229 0.00326115 0.00274292 -0.00367465 0.000474679 -0.00164799 0.0012346 -0.000237096 -0.000878212 0.000313111 -0.000738041 0.000850401 0.00127873
internal_weight=115142 58902.7 52711.5 43816.8 56239.2 47673.2 31476.6 24080 16196.6 6676.99 19318.1 6191.19 4761.9 8565.98 1673.5 1170.91 502.595 6892.47 4946.78 4360.22 814.67 8894.74 37990.7 5844.22 7396.61 5203.02 5826.03 3004 1945.69 2193.59
internal_count=1297462 998112 964548 887043 299350 280459 126239 81188 154220 35464 67542 33564 13646 18891 4121 3074 1047 14770 10662 9496 2228 77505 846317 32624 45051 36934 40726 24514 4108 8117
is_linear=0
shrinkage=0.01


Tree=53
num_leaves=31
num_cat=0
split_feature=41 131 11 144 80 18 62 136 73 24 35 90 48 136 37 30 137 17 41 48 128 112 100 112 97 112 62 144 11 112
split_gain=723.924 474.219 288.766 156.283 120.241 113.179 100.719 90.8283 90.3265 110.032 89.5014 82.7407 79.8573 70.2973 68.9669 76.2578 67.3993 66.1501 65.5014 87.6972 62.3746 68.3203 96.0353 65.1693 59.8477 57.9571 57.5069 57.0278 56.6623 56.088
threshold=0.31909090909090915 -0.37367021276595741 -0.38832199546485252 1.0000000180025095e-35 0.010527482269503509 0.2473404255319149 0.35391260162601629 0.14678030303030307 0.23956521739130435 -0.36576576576576575 -0.25255102040816318 0.010527482269503509 0.30217391304347835 0.39897959183673476 0.41366459627329194 0.14051282051282057 -0.2474489795918367 0.29289215686274511 0.45505050505050515 0.23499399759903969 0.31725417439703163 66.889880952380963 -0.034108527131782938 75.836309523809533 1.0000000180025095e-35 29.991071428571434 0.4793792517006803 0.40212765957446817 0.044466403162055308 86.309523809523824
decision_type=2 2 2 2 2 2 2 2 2 2 2 2 2 2 2 2 2 2 2 2 2 2 2 2 2 2 2 2 2 2
left_child=1 6 11 -2 29 28 20 12 10 16 14 -3 -8 26 -5 -16 -10 -13 -11 -20 -1 22 -22 -23 -7 -18 -12 -15 -6 -4
right_child=3 2 4 8 5 24 7 -9 9 18 13 17 -14 27 15 -17 25 -19 19 -21 21 23 -24 -25 -26 -27 -28 -29 -30 -31
leaf_value=-0.00036537089203986749 -0.0027051837369947798 -0.0015310582918078681 -0.0021465393127488939 4.6533647486914484e-05 -0.00090840940121236834 -0.004882095575460362 0.0027217374179477221 0.0044661732352349361 -0.00017422354807560174 0.00061055853169247854 -0.00067301604335848837 0.00025928149224065025 -0.0020478279315345373 -0.0014594862947432572 0.0033773483421748207 -0.0021652802852281387 0.00098404730337888109 0.002139427911374205 0.0027552672321701135 0.0010955412022920703 0.0056440404017944505 -0.0032311861325892326 0.00095377565209919053 0.0044847726443223599 0.00016849638064279918 0.0047549709154177085 0.0011173283378843198 0.0035637338267966718 -0.0018542374502729332 -0.01353155570829611
leaf_weight=2851.4981384506682 1170.4712750249309 1619.6817124850932 12821.122761781182 1590.1601535050431 13105.740387114813 241.16439185873605 1048.6405376936309 1709.1051921069156 489.25732672936283 14053.537552045775 8697.4694189076254 5177.3097645386006 524.32524555828422 300.78275643847883 2136.994997853064 277.86853867163882 537.65199321415275 2942.931464599329 4379.8387458750512 11811.028904371487 706.22181611089036 419.98237862862879 1159.1379268044839 146.22032127715647 7520.3471758118249 1789.9769396353513 2256.3383459190372 874.29280050331727 12379.220950180781 42.794782613869756
leaf_count=20297 33499 38020 419610 13988 219683 2500 3273 4405 1459 62202 68562 32192 1776 3397 9815 1505 1674 14583 11478 31435 2797 1874 4885 590 69608 5117 7452 2675 205797 1108
internal_value=4.20599e-06 -0.000697939 -0.00103405 0.000902413 -0.00136458 -0.00104631 0.00149245 0.00286887 0.000988502 0.00128796 0.000374208 0.000529684 0.00112523 -5.30227e-05 0.00167023 0.00273481 0.00317993 0.000942094 0.00111131 0.00154528 0.000635091 0.00181211 0.00273693 -0.00121654 9.66827e-06 0.00388903 -0.000303248 0.0022693 -0.00136829 -0.00218624
internal_weight=114781 64415.4 55850.3 50365.7 46110.4 33246.5 8565.13 3282.07 49195.2 33061.3 16133.9 9739.92 1572.97 12128.9 4005.02 2414.86 2816.89 8120.24 30244.4 16190.9 5283.06 2431.56 1865.36 566.203 7761.51 2327.63 10953.8 1175.08 25485 12863.9
internal_count=1297256 1042998 1003101 254258 918306 497588 39897 9454 220759 113365 107394 84795 5049 82086 25308 11320 8250 46775 105115 42913 30443 10146 7682 2464 72108 6791 76014 6072 425480 420718
is_linear=0
shrinkage=0.01


Tree=54
num_leaves=31
num_cat=0
split_feature=131 52 12 20 116 116 127 24 110 40 95 131 81 20 112 62 80 26 95 81 24 16 55 110 129 127 26 131 127 112
split_gain=675.195 465.281 267.885 165.897 141.818 126.254 112.254 104.735 113.983 96.102 94.3027 92.1043 83.4863 88.9941 123.88 91.7974 79.6506 92.9763 77.3678 72.3961 69.4165 63.2948 64.3263 63.8685 61.508 150.638 85.2746 63.9516 80.3949 60.7247
threshold=-0.37367021276595741 0.35565476190476192 -0.32426470588235284 0.44058823529411767 0.010527482269503509 0.010527482269503509 0.18042553191489366 -0.35565476190476181 -0.025657894736842126 0.13733075435203099 0.09449404761904763 -0.23956521739130432 0.010527482269503509 -0.26043478260869563 52.985119047619058 0.47979591836734697 0.010527482269503509 -0.33156028368794321 0.26253132832080206 0.13392857142857148 0.49000000000000005 0.47979591836734697 0.34529914529914535 0.36425061425061434 0.17888888888888896 0.024404761904761933 0.49000000000000005 -0.47979591836734686 -0.3404545454545454 69.056547619047635
decision_type=2 2 2 2 2 2 2 2 2 2 2 2 2 2 2 2 2 2 2 2 2 2 2 2 2 2 2 2 2 2
left_child=12 2 5 16 11 -2 29 8 -6 20 -7 -3 13 14 -1 -16 -4 -18 -8 -11 -9 -14 23 -23 27 -26 -27 28 -15 -5
right_child=1 4 3 6 7 10 18 9 -10 19 -12 -13 21 24 15 -17 17 -19 -20 -21 -22 22 -24 -25 25 26 -28 -29 -30 -31
leaf_value=0.0062147716733658492 -0.0015654795253082637 0.0004670136516993624 -0.0021838938561369987 -0.0020157614735317932 0.0035518743446708691 0.0024516250987216292 0.0049084144410824196 -0.00038150303837864916 -0.004934924753211019 0.00083405908933496288 0.00025566767986193997 -0.0025635784708014859 -0.00058225377479571958 0.0059447283937625727 -0.00045696660399552081 0.0092607664002597144 2.9266482383553546e-05 -0.0014648846381174203 0.00088489134807143892 0.0040972419957307311 -0.0049331166405835484 0.0057813625502951427 -0.0013716826348749405 -0.0019077038390344469 -0.0020188727795368041 0.0028891334554108743 -0.0043167987186639159 0.0015301965875513857 0.0020016717845464608 0.0025440572954852042
leaf_weight=998.86564370582346 3112.7251226014923 1912.360874487902 11661.541738645959 1583.3171069810633 2158.1565722100204 2432.66356312274 684.78802793496288 2570.2129969734815 168.96045597456396 19872.006918958039 10030.488222846994 2096.1787651226041 2944.5807009286364 784.76291265711188 683.48237661036546 112.04672009684145 5040.8605391038582 23606.761328171182 1607.1105295246234 704.95957997487858 385.58431556727737 512.35291173495352 305.49746651761234 134.03315927647054 1524.0016924429219 1718.9976003624033 179.63821392832324 13072.905208567856 1554.7589787464822 355.46700624303776
leaf_count=3011 79292 19073 385199 8101 7383 16549 2607 27320 1509 73431 82192 45735 14220 1504 4399 236 75401 372087 7528 1707 1444 1045 672 304 6918 6497 508 45727 3746 2242
internal_value=1.42002e-05 -0.000386602 -0.000893524 -0.00128831 0.000633335 0.000234751 0.000593712 0.000904844 0.00292954 0.000704084 0.000685258 -0.00111552 0.00148508 0.00173868 0.00386993 0.000909086 -0.0014861 -0.00120163 0.00209304 0.000946534 -0.000980112 0.000139779 0.00238209 0.00417104 0.00153491 0.000318591 0.00220017 0.00180433 0.00333057 -0.0011737
internal_weight=114510 89984.1 60115.7 44539.8 29868.4 15575.9 4230.68 25859.9 2327.12 23532.8 12463.2 4008.54 24525.9 20629.5 1794.39 795.529 40309.2 28647.6 2291.9 20577 2955.8 3896.46 951.884 646.386 18835.1 3422.64 1898.64 15412.4 2339.52 1938.78
internal_count=1297587 1208800 1031198 853165 177602 178033 20478 112794 8892 103902 98741 64808 88787 72546 7646 4635 832687 447488 10135 75138 28764 16241 2021 1349 64900 13923 7005 50977 5250 10343
is_linear=0
shrinkage=0.01


Tree=55
num_leaves=31
num_cat=0
split_feature=21 131 11 54 130 73 112 16 60 95 77 16 101 64 79 140 125 114 26 54 145 69 129 79 112 131 145 11 60 112
split_gain=681.294 310.166 255.938 164.212 154.582 161.156 119.864 110.89 109.641 142.4 99.5481 119.859 102.562 93.9797 101.855 88.9946 77.2736 92.9729 89.7089 73.0372 92.2502 69.3484 67.7784 67.6401 65.1067 63.7515 63.6182 61.6934 59.8577 58.3331
threshold=0.26138716356107666 -0.37367021276595741 -0.38832199546485252 0.47646733111849393 -0.38467117988394578 0.18042553191489366 20.967261904761909 0.47849213691026832 0.43813775510204089 0.29893617021276603 0.010310374149659853 -0.31725417439703146 -0.21269841269841269 0.33752357008170969 0.010527482269503509 0.41751700680272114 0.4587585034013606 5.459722222222223 0.1988372093023256 0.42940199335548179 -0.22599846390168968 0.47979591836734697 0.010310374149659853 0.010527482269503509 46.580357142857146 -0.46295454545454545 0.15058139534883727 0.45180023228803717 0.49000000000000005 75.836309523809533
decision_type=2 2 2 2 2 2 2 2 2 2 2 2 2 2 2 2 2 2 2 2 2 2 2 2 2 2 2 2 2 2
left_child=1 13 23 6 15 8 7 -4 -6 22 -7 -12 -13 19 -15 16 21 28 -19 -1 -21 29 -10 -3 -23 -22 -16 -11 -18 -2
right_child=4 2 3 -5 5 10 -8 -9 9 27 11 12 -14 14 26 -17 17 18 -20 20 25 24 -24 -25 -26 -27 -28 -29 -30 -31
leaf_value=-0.00106849896475315 0.0022475807716151939 -0.0014305208993191435 -0.00068159196166673783 0.00049992753243186959 -0.00099646801703205407 -0.00061727264055117025 -0.0018230538637335515 0.0041147814547410674 -0.0025623029031622878 -2.7667575989564395e-05 0.007405137355156001 -0.0032260385818016941 0.0011296447669439916 0.0040590770681489278 0.00099572022136340294 -0.0061753611943092821 -0.001947260760332595 -0.0052200544208428189 0.0049432107621474198 0.0047395716449482464 0.0050442631259383763 0.0050724336118102746 0.003591744562880464 0.00092951463912474487 -0.0060448525101359264 -0.00088353810464352411 -0.0075697558587176925 -0.0050261887852134299 0.0032476976648312793 0.0062328352086663506
leaf_weight=1776.1834193666873 8696.1714061897364 1463.1614027034957 4703.3428296067577 4166.6879911065334 9659.6100283058477 3782.999578100018 31798.165067162394 535.84540718281642 196.87852240086067 3400.414158865402 298.80235313391313 549.67956733028404 26710.512227572151 1777.586894485401 313.10063117422396 137.56219900608994 1340.5336256849114 101.01587745733559 559.48673851601779 668.63762669591233 218.47522900626063 72.12506502494216 1735.2313596193562 7056.1608254384482 182.41183554101735 1042.8753727657022 118.12480410793796 265.61959102656692 263.63642241340131 386.20197270531207
leaf_count=18845 23703 34785 76561 23956 122664 37240 759106 1440 1687 24111 1360 4665 95518 4874 1094 501 4508 357 1338 1585 539 185 7347 39942 599 4748 478 1211 628 928
internal_value=-4.62122e-06 -0.000796382 -0.00105402 -0.0013803 0.000750318 0.000491638 -0.00159211 -0.000188436 -0.000350723 0.000761703 0.00090203 0.00111096 0.00104133 0.0013675 0.00300045 0.00177619 0.00187186 0.000209747 0.0033682 0.000391043 0.00173931 0.00227387 0.00295848 0.000522893 -0.00284802 0.000138462 -0.00133955 -0.00039383 -0.00108578 0.00241881
internal_weight=113977 55638.3 49723.4 41204 58338.9 46599.7 37037.4 5239.19 15257.8 5598.14 31342 27559 27260.2 5914.98 2208.81 11739.1 11601.6 2264.67 660.503 3706.17 1929.99 9336.91 1932.11 8519.32 254.537 1261.35 431.225 3666.03 1604.17 9082.37
internal_count=1296503 967953 935790 861063 328550 295803 837107 78001 157020 34356 138783 101543 100183 32163 6446 32747 32246 6831 1695 25717 6872 25415 9034 74727 784 5287 1572 25322 5136 24631
is_linear=0
shrinkage=0.01


Tree=56
num_leaves=31
num_cat=0
split_feature=41 131 80 11 71 144 127 145 24 93 140 17 127 24 37 34 21 32 131 110 25 110 110 100 145 37 114 93 6 136
split_gain=644.57 568.93 252.097 205.338 125.38 117.436 90.6403 83.7284 92.4061 86.8567 93.2039 83.3292 79.1184 98.808 89.6828 75.6633 75.582 68.7162 66.547 66.5113 63.4255 92.0594 83.8977 61.0997 57.297 53.1129 65.8742 49.0489 43.7385 42.7298
threshold=0.3585714285714286 -0.37367021276595741 0.010527482269503509 -0.27718676122931435 0.3816526610644258 1.0000000180025095e-35 0.1988372093023256 -0.26330532212885149 0.47979591836734697 -0.15511454715588027 -0.37888888888888883 0.44058823529411767 0.40121951219512203 -0.44058823529411756 -0.41010101010101002 0.43405797101449284 0.49000000000000005 -0.3876262626262626 -0.47894503546099287 0.47752525252525257 0.32025641025641027 -0.41945945945945939 -0.46076923076923076 0.22046511627906976 0.2901612903225807 0.41366459627329194 -5.0034722222222232 -0.24633370322733425 0.41366459627329194 0.17549818840579715
decision_type=2 2 2 2 2 2 2 2 2 2 2 2 2 2 2 2 2 2 2 2 2 2 2 2 2 2 2 2 2 2
left_child=1 6 -3 11 17 -2 18 8 9 15 -11 27 20 -14 -15 -7 19 -5 25 -10 22 -22 -9 -6 -20 26 -1 -4 -18 -8
right_child=5 2 3 4 23 7 29 12 16 10 -12 -13 13 14 -16 -17 28 -19 24 -21 21 -23 -24 -25 -26 -27 -28 -29 -30 -31
leaf_value=0.0060967245966879781 -0.0028691714039219851 -0.0020859876608990326 0.0018191527550353911 -2.9487230945535381e-05 -0.000806283553669732 -0.00055756988772958944 0.0017908912780201722 -0.0062971936126542715 -0.0029645579969181496 -0.0018012078815743948 0.0033347982262654043 0.0025157421616152022 0.011397727042475216 -0.0067282869665675092 0.0016602391923771209 0.0053301545927502752 -0.0032532165787115771 -0.0015773054486145262 0.0006723876540489968 0.0059254945668161885 0.0032763584737776391 -0.00018389822266549603 0.0010815205314253348 0.0011151789368552371 -0.0029717586995102498 0.0074657574229670069 -0.0005237535271380813 -0.00011354603682011788 0.0023786116623879909 0.0038115625747474468
leaf_weight=231.11244093161076 796.4059972136165 15262.596923334204 1525.7655394473695 3340.1996181847644 3193.3724672018434 1387.447135240247 2330.455760911369 154.52474302542396 855.00735411944333 376.0035718731815 5174.6080401576473 1738.683919363888 101.9960393961519 128.17052269354463 7737.0256203279714 257.69034650339745 155.68251719744876 20885.95711697056 4186.9465408781543 91.749508632346988 817.81381077715196 12591.630448929616 13449.7620604072 3428.6012179041281 479.46922529349104 227.16147524304688 419.32277126668487 9339.8288831971004 1085.6350310388952 1948.0564917003503
leaf_count=635 22382 480342 13389 44449 38115 6019 9285 1308 3417 1720 19104 9186 245 393 29351 946 405 347898 23355 292 2152 49045 65741 24196 3660 433 1779 89286 2696 5810
internal_value=3.70123e-06 -0.000607396 -0.000980156 -0.000591465 -0.00103097 0.00093133 0.00161966 0.000999843 0.00183936 0.00238653 0.00298482 0.000483401 0.000774305 0.00165054 0.00152143 0.000361272 3.51125e-05 -0.00136432 0.00077303 -0.00208714 0.000515455 2.66184e-05 0.000996517 0.000187083 0.000295257 0.00329887 0.00181903 0.000157069 0.00166218 0.00271394
internal_weight=113699 68537.5 58715 43452.4 30848.1 45161.2 9822.52 44364.7 9383.82 7195.75 5550.61 12604.3 34980.9 7967.19 7865.2 1645.14 2188.07 24226.2 5544.01 946.757 27013.7 13409.4 13604.3 6621.97 4666.42 877.597 650.435 10865.6 1241.32 4278.51
internal_count=1297034 1091818 1046861 566519 454658 205216 44957 182834 34599 27789 20824 111861 148235 29989 29744 6965 6810 392347 29862 3709 118246 51197 67049 62311 27015 2847 2414 102675 3101 15095
is_linear=0
shrinkage=0.01


Tree=57
num_leaves=31
num_cat=0
split_feature=52 132 1 144 86 23 20 78 0 25 114 20 136 40 111 53 81 132 136 13 53 6 130 25 111 36 111 58 111 81
split_gain=591.295 414.034 253.236 203.274 122.779 83.731 100.878 82.0098 80.3816 71.5033 74.0719 67.3025 65.9087 73.5219 63.1202 62.4433 83.9389 75.4474 65.4267 61.4492 59.3911 55.6295 70.6727 53.393 53.2376 49.9246 48.8576 39.3663 39.3441 39.1969
threshold=0.32732919254658394 -0.37367021276595741 -0.36285266457680249 1.0000000180025095e-35 0.010527482269503509 -0.30217391304347824 0.40550595238095244 0.010527482269503509 0.039230769230769243 0.33156028368794332 -7.9229166666666648 0.13733075435203099 -0.42111111111111105 -0.45789007092198575 82.500000000000014 0.42052631578947375 0.028174603174603189 0.014495798319327681 -0.31957446808510631 -0.43969696969696964 0.17006802721088435 0.27113095238095247 -0.29795918367346935 0.47979591836734697 53.500000000000007 1.0000000180025095e-35 37.500000000000007 0.42052631578947375 59.500000000000007 0.010527482269503509
decision_type=2 2 2 2 2 2 2 2 2 2 2 2 2 2 2 2 2 2 2 2 2 2 2 2 2 2 2 2 2 2
left_child=1 12 7 -2 14 15 21 -3 -6 10 -8 -10 25 -14 24 18 17 -17 -5 27 -11 22 -7 -23 -4 -1 -18 -9 -21 -15
right_child=3 2 4 5 8 6 9 19 11 20 -12 -13 13 29 -16 16 26 -19 -20 28 -22 23 -24 -25 -26 -27 -28 -29 -30 -31
leaf_value=-0.0038767722412496419 -0.003147422419839735 -0.0013424297698375973 -0.0025867472106226707 0.0086589742143924793 -0.00043741918587715723 0.0022251303444881044 -3.6958414544894953e-05 0.001245086687995814 -0.0019464072640640532 0.0019134025349872941 0.0024959683440471938 -0.00065383215858550294 0.004599303666155922 0.0014594133240505599 -0.0086684501024533282 0.0027953859313204405 0.0027315442420688548 -0.002091235053880868 -0.00011648797256931751 0.00083495331810360871 0.00053181995913689274 0.00080539594168468702 -0.0012997441736891629 -0.0020410363543954223 -0.0012689318703987874 0.0024610404801973171 0.0087994363831637706 0.0038727704693768839 -0.0010348004415339344 -0.0003786969684125738
leaf_weight=417.97037741495296 1200.563118471182 1969.0171518385177 6763.4845987305162 89.556210340932012 17692.965344159806 670.6289268520195 1398.7331773599726 1496.1585485528922 9680.0988837116747 4163.3417891528516 6407.8846958065405 6950.9219967374229 682.86454783659428 8099.9594448356656 142.99832724523731 2835.7732381761889 226.31984662078321 352.43869860935956 1345.5536311225151 4673.9999351623701 12457.493742471561 9309.7040114234551 3665.1846436620108 706.51730032544583 5689.8090928983293 173.90393644780852 345.6744392644614 938.94548702123575 1477.4794745429535 1343.9800099591375
leaf_count=2621 37355 50820 218205 602 240600 4352 4135 7544 169910 12141 18054 71025 2175 35662 4517 9185 553 1190 10100 37207 35448 66361 40177 2725 184459 846 799 3102 17575 8780
internal_value=2.12767e-05 -0.00056643 -0.00090302 0.000908664 -0.00121791 0.0010197 0.000859517 0.000495723 -0.000907456 0.00125052 0.00204091 -0.00140685 0.00123743 0.00142762 -0.00206294 0.00221301 0.00289062 0.00225158 0.000429819 0.000918508 0.000878588 0.000193276 -0.000751852 0.000603434 -0.0019856 -0.00199673 0.00642497 0.00226357 0.00038415 0.00119676
internal_weight=113370 68194.6 57475.9 45175.4 46920.3 43974.8 38779.5 10555.6 34324 24427.5 7806.62 16631 10718.7 10126.8 12596.3 5195.32 3760.21 3188.21 1435.11 8586.58 16620.8 14352 4335.81 10016.2 12453.3 591.874 571.994 2435.1 6151.48 9443.94
internal_count=1298225 1055048 1004964 243177 888716 205822 183393 116248 481535 69778 22189 240935 50084 46617 407181 22429 11727 10375 10702 65428 47589 113615 44529 69086 402664 3467 1352 10646 54782 44442
is_linear=0
shrinkage=0.01


Tree=58
num_leaves=31
num_cat=0
split_feature=41 11 53 58 145 73 65 6 121 26 34 56 53 112 121 38 32 73 26 71 95 35 113 82 145 37 28 145 38 110
split_gain=607.562 213.591 232.209 119.89 106.526 107.487 104.566 86.6543 84.3628 112.397 106.56 81.1025 80.9966 78.8711 71.8602 64.6768 60.1804 69.7408 66.9446 59.9485 57.77 56.7426 55.3132 53.8724 53.6246 50.4021 48.8909 48.758 46.6228 47.6784
threshold=0.33503401360544227 -0.34409722222222217 0.41751700680272114 0.33503401360544227 -0.26330532212885149 0.45505050505050515 -0.31909090909090904 0.30217391304347835 -0.44058823529411756 0.069805194805194828 -0.18133462282398449 0.44058823529411767 -0.030012004801920757 82.151785714285737 0.41010101010101013 0.022233201581027654 0.41864313292884731 0.13733075435203099 0.42153846153846164 0.37627551020408168 0.10990338164251208 -0.29008567931456541 59.201388888888893 0.010527482269503509 0.2247448979591837 -0.046536796536796536 0.048003072196620596 0.16064516129032261 -0.45959183673469384 -0.39897959183673465
decision_type=2 2 2 2 2 2 2 2 2 2 2 2 2 2 2 2 2 2 2 2 2 2 2 2 2 2 2 2 2 2
left_child=1 11 3 13 16 8 28 23 15 12 -11 -1 -10 24 26 -6 17 -2 22 -8 -13 -17 -19 -5 -3 -21 27 -7 -4 -30
right_child=4 2 6 7 5 14 19 -9 9 10 -12 20 -14 -15 -16 21 -18 18 -20 25 -22 -23 -24 -25 -26 -27 -28 -29 29 -31
leaf_value=-0.00017538617026436134 0.00030606932580137412 -0.0012457259164124351 0.0062918425512910091 0.00018254889776030863 -0.0024381085482226357 0.0020937077923654838 -0.001540167901011082 0.0011670721471283715 -0.00090238062463682202 0.00056659409691124261 -0.0011327189641288018 0.0031925410552608932 0.0015267688416718079 -0.0039743899478473423 0.0008074345191682249 0.0036151088507793074 0.00087738586670909279 0.0015365184412042268 0.0065576661214833531 -0.0016868384537179809 0.00080307953943601663 0.0010056147949637432 0.0039414381530042389 -0.0019400002473097201 -0.0023338586060606078 0.0019254948670226269 0.0032445051661330244 -0.00251200843027197 0.00032301736511349525 0.0024194742234807656
leaf_weight=8279.9582894305349 1226.8808002416627 27677.489979995735 199.77415165212005 2159.9836147159222 354.41984415310435 785.0036426599836 2662.4161925814115 3052.1857038208982 1755.5657577723032 6034.758989451977 9473.7752404786297 1345.9802039184724 6213.0528354369453 1264.2146549907047 6600.8392028618837 1376.1136478141416 4583.1992997988127 2240.6331408355036 477.59120792336762 553.78428435639944 4150.7871994196321 2151.6544705155538 1697.8367106448859 2655.4205840812647 5450.9379610800825 1257.570665661653 2749.4093542572809 322.49894363782369 2241.9653416322544 2124.509401294461
leaf_count=106834 11666 578802 1451 36352 2478 2537 29526 25974 16539 31911 53337 5979 33995 35705 20727 6677 16297 8843 1385 5239 23678 12349 6054 33724 146792 6639 8292 1256 12324 13663
internal_value=-2.65177e-05 -0.000656291 -0.000953236 -0.00126447 0.000826329 0.000581039 0.000500585 -0.000149415 0.000250966 2.46995e-05 -0.000470835 0.000448705 0.000990302 -0.00151924 0.00144351 0.00161635 0.00173231 0.00242462 0.00301074 -0.000584291 0.00139047 0.0020271 0.00257653 -0.000985999 -0.00142513 0.00081526 0.00252902 0.00074247 0.00156558 0.00134566
internal_weight=113120 65077 51300.3 42260.2 48043.2 37817.1 9040.02 7867.59 27359.3 23477.2 15508.5 13776.7 7968.62 34392.6 10457.8 3882.19 10226.1 5642.94 4416.06 4473.77 5496.77 3527.77 3938.47 4815.4 33128.4 1811.35 3856.91 1107.5 4566.25 4366.47
internal_count=1297025 1062682 926191 857349 234343 190098 68842 96050 157286 135782 85248 136491 50534 761299 32812 21504 44245 27948 16282 41404 29657 19026 14897 70076 725594 11878 12085 3793 27438 25987
is_linear=0
shrinkage=0.01


Tree=59
num_leaves=31
num_cat=0
split_feature=21 132 11 53 144 98 21 37 41 88 48 49 62 95 48 15 113 18 24 113 95 12 37 68 110 66 145 26 144 51
split_gain=646.947 309.038 233.472 179.796 137.61 97.1571 93.673 102.116 95.8897 92.9626 92.8055 83.592 97.0019 84.5686 76.9174 74.7683 74.5573 73.9639 71.4182 69.9152 84.0026 69.9131 69.723 62.3931 62.1611 87.6204 64.9071 62.1211 60.6798 60.362
threshold=0.28024390243902447 -0.37367021276595741 -0.38832199546485252 0.45180023228803717 1.0000000180025095e-35 -0.064659977703455954 0.45505050505050515 -0.37367021276595741 0.019259259259259257 -0.4494897959183673 0.23252032520325203 0.40121951219512203 0.40550595238095244 0.04819976771196284 0.4587585034013606 -0.10791925465838507 27.300694444444449 -0.47979591836734686 0.28319623971797891 72.902777777777786 0.16843971631205676 -0.47894503546099287 -0.27664399092970515 0.49000000000000005 -0.23956521739130432 0.3585714285714286 -0.13976744186046511 0.41010101010101013 0.011495771670190282 0.030931122448979612
decision_type=2 2 2 2 2 2 2 2 2 2 2 2 2 2 2 2 2 2 2 2 2 2 2 2 2 2 2 2 2 2
left_child=1 9 15 19 -2 11 7 23 -8 16 -10 12 18 27 -14 28 29 -11 -6 -4 -21 -15 -9 -7 26 -26 -19 -13 -3 -1
right_child=4 2 3 -5 5 6 8 22 10 17 -12 13 14 21 -16 -17 -18 24 -20 20 -22 -23 -24 -25 25 -27 -28 -29 -30 -31
leaf_value=0.0018058699567003772 -0.002516452762882627 -0.0011278258915461089 -0.0014099096259750277 0.00035233284753969496 0.0007992756340621035 0.0019469639192200758 -0.0012771867346647991 -0.0020981442960170925 0.0031002149766072352 0.0067423551358361576 0.0013903321661607342 -0.0014855530849514961 0.0023863011995437708 0.0025580661761866871 -0.0020402253038231954 -0.0008950350901316404 0.0017810648287230188 0.0030877446625260127 -0.0012496853323634813 -0.0058017703543674325 -0.0020659448288488967 -0.001442569762804726 0.0005846254232841475 0.0067108059264180077 -0.0034726649318624994 0.00097360753960185043 0.00021528523219628088 0.0045469143909721114 0.0015494713707812893 0.010016813744722809
leaf_weight=136.15849403291941 1234.831102658849 1009.9161391108646 33341.077668472222 5717.078164038714 4699.0470005850657 2514.3342867999454 979.07064461964183 1026.6512982305139 4733.4169698490878 203.14902838514536 9767.4602668334264 256.70503513375297 3909.8198745048721 475.36380664631724 433.14102566684596 2687.4025686983368 561.25529283727519 1362.7111364550074 2664.4622509620967 777.46854090580018 2747.3262658205349 5078.5610066757945 16551.983717460593 310.76000787783414 759.6384891254711 1056.164788293012 1878.832784078957 494.33400430588517 5097.1727150308434 283.29422902315855
leaf_count=467 35673 19589 739098 41823 42730 11758 3990 5728 13370 755 25497 1455 16187 1900 1848 29173 1745 5963 20411 23786 81378 28676 88291 732 8407 3346 12348 1629 28936 610
internal_value=6.3978e-06 -0.00073446 -0.00098983 -0.00129624 0.000780881 0.000856659 0.00115754 0.000711627 0.00174456 0.00136596 0.00194934 0.000256637 0.000756978 -0.000670737 0.00194216 0.000492652 0.00419353 0.000836218 5.64388e-05 -0.00155217 -0.00289421 -0.00109795 0.000427263 0.00247671 0.000595711 -0.000881867 0.0014265 0.00247249 0.00110498 0.00738588
internal_weight=112749 57618.6 51377.4 42583 55129.9 53895.1 35883.7 20403.7 15479.9 6241.2 14500.9 18011.4 11706.5 6304.96 4342.96 8794.49 980.708 5260.5 7363.51 36865.9 3524.79 5553.92 17578.6 2825.09 5057.35 1815.8 3241.54 751.039 6107.09 419.453
internal_count=1297299 997424 963783 886085 299875 264202 149366 106509 42857 33641 38867 114836 81176 33660 18035 77698 2822 30819 63141 844262 105164 30576 94019 12490 30064 11753 18311 3084 48525 1077
is_linear=0
shrinkage=0.01


Tree=60
num_leaves=31
num_cat=0
split_feature=21 131 86 11 53 145 112 73 66 81 26 131 93 38 126 112 38 88 142 111 21 112 93 26 86 111 143 111 135 36
split_gain=655.229 326.733 200.898 167.713 159.102 142.963 116.621 97.3373 95.3771 118.416 91.7478 88.0928 79.0908 82.7439 85.6256 75.4835 73.9725 70.088 69.3891 68.3651 67.5439 74.73 65.5636 61.7074 60.9861 60.64 60.6383 60.0478 95.7612 89.3588
threshold=0.28024390243902447 -0.37367021276595741 0.010527482269503509 -0.27718676122931435 0.41366459627329194 -0.27970588235294114 21.276785714285719 0.44058823529411767 0.39619252873563227 0.010527482269503509 0.41366459627329194 0.13154392191659278 -0.16027747682570118 0.41010101010101013 -0.4759001161440185 21.574404761904766 0.27664399092970526 0.061250000000000034 0.039230769230769243 82.500000000000014 0.39619252873563227 82.958333333333343 -0.048658159074902611 0.056847545219638258 1.0000000180025095e-35 59.500000000000007 0.4354764107308049 76.500000000000014 0.41918367346938784 0.49000000000000005
decision_type=2 2 2 2 2 2 2 2 2 2 2 2 2 2 2 2 2 2 2 2 2 2 2 2 2 2 2 2 2 2
left_child=1 8 19 25 6 12 -5 11 26 10 -10 15 13 17 -15 -7 -14 -2 20 -3 21 -9 -6 -17 -22 -4 -1 28 -18 -29
right_child=5 2 3 4 22 7 -8 18 9 -11 -12 -13 16 14 -16 23 27 -19 -20 -21 24 -23 -24 -25 -26 -27 -28 29 -30 -31
leaf_value=0.00083459706313571537 -0.0033834651029048613 -0.0020046608548337274 0.00077192108046256604 -4.4831663049027329e-05 -0.00028592316069398041 -0.0012252386395597431 -0.0018574172529067286 -0.0010092155833018529 0.0084029714073596082 -0.0024352762137996855 0.002903636956232118 -0.0026021509083386622 0.003257054029135239 -0.0093846397769285026 0.0036677363866584839 0.0012641489127405564 5.367556546849639e-06 0.0010052663403301589 0.0024690129563350893 -0.0090216133055604237 0.0081574998706167075 0.0054599122614966038 0.0021175184215814443 0.00017532861454286306 0.001188677009495917 -0.0010334102469919553 -0.0048054396914544925 0.0059950460240115648 0.0031954141367562588 -0.0021645503029028559
leaf_weight=4204.4156159176782 774.32310084044002 13462.794866410171 8593.8707588722464 4516.342982359929 3605.4809894975042 2940.4298021819559 16779.870872209838 2505.787209788803 418.87559816055 300.75928004051093 1139.7425653734244 1086.3110268034507 3746.0742411841638 52.764802662655711 709.43512325722259 7064.791044131096 3125.3254489564861 680.15976512001362 3343.3135095856269 140.24531625933014 127.58359711617231 190.96879295259714 1651.8620586053003 19879.310579413257 6685.5433228454203 2369.8749819460791 198.29025943297893 562.61974335834384 1349.3092429173994 173.49338550539687
leaf_count=27059 4386 443978 66325 61373 24140 19984 321702 10335 1084 1142 2746 18674 19213 191 2830 45723 14582 3940 10131 4716 281 599 9654 123878 17679 31882 1501 2606 4112 440
internal_value=-2.51677e-05 -0.000772787 -0.001037 -0.000659101 -0.00108881 0.000754689 -0.00147351 0.000496907 0.00138235 0.00328193 0.00439242 0.000192901 0.00176472 6.88078e-05 0.00273994 0.00029492 0.00218326 -0.00132501 0.00122858 -0.0020784 0.000791231 -0.000545548 0.000467598 0.000461227 0.00132182 0.000380718 0.000577275 0.00140889 0.000970047 0.00405803
internal_weight=112380 57382.4 51120.3 37517.3 26553.6 54997.5 21296.2 43824 6262.08 1859.38 1558.62 30970.8 11173.5 2216.68 762.2 29884.5 8956.82 1454.48 12853.2 13603 9509.88 2696.76 5257.34 26944.1 6813.13 10963.7 4402.71 5210.75 4474.63 736.113
internal_count=1296886 997302 963770 515076 416869 299584 383075 247284 33532 4972 3830 208259 52300 11347 3021 189585 40953 8326 39025 448694 28894 10934 33794 169601 17960 98207 28560 21740 18694 3046
is_linear=0
shrinkage=0.01


end of trees

feature_importances:
global_ls_ratio=66
fng_ma7=59
close_ma6_ratio=51
close_ma720_ratio=49
ls_divergence=49
fng_value=40
btc_vol_24h=37
vol_12h_cs_rank=37
fng_ma30=37
gk_vol_48h=36
oi_value_usd=36
macd=35
bb_width_48=35
funding_rate_binance=35
macd_signal=33
top_long_pct=33
close_ma336_ratio=32
ret_sharpe_168h=32
global_long_pct=31
regime_btc_dd_720=30
breadth_pct_positive=30
cci_48=29
vol_price_corr_48h=27
btc_ret_168h=27
gk_vol_168h=25
fng_momentum=25
close_ma168_ratio=24
btc_beta_168h=24
ret_skew_168h=23
eth_ret_24h=21
close_ma12_ratio=19
ret_std_48h=19
ret_kurt_48h=18
rsi_14=18
atr_14=18
ret_sharpe_48h=17
ret_std_168h=17
bb_width_20=17
oi_zscore_7d=17
gk_vol_24h=16
ret_skew_168h_cs=16
top_ls_ratio=16
ret_sharpe_24h=15
ret_mean_168h=15
vol_price_corr_168h=14
bb_high_48=14
atr_48=14
ret_48h=13
ret_72h=13
stoch_d=13
btc_ret_24h=13
btc_ret_48h=13
mom_3d=13
ret_mean_48h=12
atr_24=12
btc_ret_4h=12
btc_beta_48h=12
ret_kurt_168h=11
rsi_24=11
macd_diff=11
btc_ret_12h=11
eth_ret_1h=11
mom_7d=11
close_ma72_ratio=10
ret_std_24h=10
ret_skew_48h=10
bb_pband_48=10
rsi_12=9
regime_composite=9
high_close_ratio=8
bb_high_20=8
btc_ret_1h=8
mom_12h_zscore=8
ret_skew_48h_cs=8
taker_cvd_24h=8
close_ma24_ratio=7
eth_ret_4h=7
eth_btc_ret_24h=7
funding_rate=7
ret_2h=6
ret_168h=6
vwap_dev_48h=6
bb_low_48=6
market_dispersion=6
regime_breadth_bullish=6
mom_accel_12h=6
reversal_12v48=6
ret_1h=5
ret_4h=5
close_ma48_ratio=5
vwap_dev_12h=5
adx=5
direction_quality_12h=5
top_ls_change_24h=5
vol_ma720_ratio=4
ret_mean_24h=4
stoch_k=4
obv_ma_ratio_48=4
market_funding_std=4
reversal_24v168=4
oi_change_24h=4
top_ls_zscore=4
close_open_ratio=3
vol_ma72_ratio=3
vol_ma168_ratio=3
gk_vol_12h=3
ret_skew_24h=3
vol_price_corr_24h=3
eth_ret_12h=3
regime_low_vol=3
vwap_12h_dist=3
oi_change_12h=3
oi_change_12h_cs=3
bb_pband_20=2
obv_ma_ratio_24=2
btc_regime_24=2
ret_vs_btc_24h=2
vol_trend_12_48=2
vwpc_12h=2
ll_count_12h=2
oi_ret_interaction_12h=2
taker_cvd_12h=2
ret_24h=1
ret_kurt_24h=1
vol_mom_48h=1
vwap_dev_24h=1
adx_pos=1
adx_neg=1
regime_btc_ma720_slope=1
range_expansion_12h=1
ret_12h_cs_rank=1
long_short_ratio=1

parameters:
[boosting: gbdt]
[objective: lambdarank]
[metric: ndcg]
[tree_learner: serial]
[device_type: cpu]
[data_sample_strategy: bagging]
[data: ]
[valid: ]
[num_iterations: 5000]
[learning_rate: 0.01]
[num_leaves: 31]
[num_threads: 14]
[seed: 123]
[deterministic: 0]
[force_col_wise: 0]
[force_row_wise: 0]
[histogram_pool_size: -1]
[max_depth: 6]
[min_data_in_leaf: 200]
[min_sum_hessian_in_leaf: 0.001]
[bagging_fraction: 0.7]
[pos_bagging_fraction: 1]
[neg_bagging_fraction: 1]
[bagging_freq: 1]
[bagging_seed: 19053]
[bagging_by_query: 0]
[feature_fraction: 0.5]
[feature_fraction_bynode: 1]
[feature_fraction_seed: 13104]
[extra_trees: 0]
[extra_seed: 3265]
[early_stopping_round: 0]
[early_stopping_min_delta: 0]
[first_metric_only: 0]
[max_delta_step: 0]
[lambda_l1: 1]
[lambda_l2: 1]
[linear_lambda: 0]
[min_gain_to_split: 0.01]
[drop_rate: 0.1]
[max_drop: 50]
[skip_drop: 0.5]
[xgboost_dart_mode: 0]
[uniform_drop: 0]
[drop_seed: 23075]
[top_rate: 0.2]
[other_rate: 0.1]
[min_data_per_group: 100]
[max_cat_threshold: 32]
[cat_l2: 10]
[cat_smooth: 10]
[max_cat_to_onehot: 4]
[top_k: 20]
[monotone_constraints: ]
[monotone_constraints_method: basic]
[monotone_penalty: 0]
[feature_contri: ]
[forcedsplits_filename: ]
[refit_decay_rate: 0.9]
[cegb_tradeoff: 1]
[cegb_penalty_split: 0]
[cegb_penalty_feature_lazy: ]
[cegb_penalty_feature_coupled: ]
[path_smooth: 0]
[interaction_constraints: ]
[verbosity: -1]
[saved_feature_importance_type: 0]
[use_quantized_grad: 0]
[num_grad_quant_bins: 4]
[quant_train_renew_leaf: 0]
[stochastic_rounding: 1]
[linear_tree: 0]
[max_bin: 255]
[max_bin_by_feature: ]
[min_data_in_bin: 3]
[bin_construct_sample_cnt: 200000]
[data_random_seed: 440]
[is_enable_sparse: 1]
[enable_bundle: 1]
[use_missing: 1]
[zero_as_missing: 0]
[feature_pre_filter: 1]
[pre_partition: 0]
[two_round: 0]
[header: 0]
[label_column: ]
[weight_column: ]
[group_column: ]
[ignore_column: ]
[categorical_feature: ]
[forcedbins_filename: ]
[precise_float_parser: 0]
[parser_config_file: ]
[objective_seed: 32363]
[num_class: 1]
[is_unbalance: 0]
[scale_pos_weight: 1]
[sigmoid: 1]
[boost_from_average: 1]
[reg_sqrt: 0]
[alpha: 0.9]
[fair_c: 1]
[poisson_max_delta_step: 0.7]
[tweedie_variance_power: 1.5]
[lambdarank_truncation_level: 5]
[lambdarank_norm: 1]
[label_gain: ]
[lambdarank_position_bias_regularization: 0]
[eval_at: 1,2,3,4,5]
[multi_error_top_k: 1]
[auc_mu_weights: ]
[num_machines: 1]
[local_listen_port: 12400]
[time_out: 120]
[machine_list_filename: ]
[machines: ]
[gpu_platform_id: -1]
[gpu_device_id: -1]
[gpu_use_dp: 0]
[num_gpu: 1]

end of parameters

pandas_categorical:[]
