tree
version=v4
num_class=1
num_tree_per_iteration=1
label_index=0
max_feature_idx=22
objective=binary sigmoid:1
feature_names=ret_12h ret_24h ret_48h residual_12h residual_24h mom_z_24h oi_chg_12h oi_chg_24h oi_zscore taker_cvd_12h taker_cvd_24h ls_divergence atr_14 rvol_12h gk_vol_24h rvol_24h iv_rv_spread pct_coins_up_12h pct_coins_up_1h hour_sin hour_cos dow_sin dow_cos
feature_infos=[-0.47142857142857142:0.5] [-0.47142857142857142:0.5] [-0.47142857142857142:0.5] [-0.47142857142857142:0.5] [-0.47142857142857142:0.5] [-0.47142857142857142:0.5] [-0.47142857142857142:0.5] [-0.47142857142857142:0.5] [-0.47142857142857142:0.5] [-0.47142857142857142:0.5] [-0.47142857142857142:0.5] [-0.47142857142857142:0.5] [-0.47142857142857142:0.5] [-0.47142857142857142:0.5] [-0.47142857142857142:0.5] [-0.47142857142857142:0.5] [-0.47142857142857142:0.5] [0.014285714285714235:0.016129032258064502] [0.014285714285714235:0.016129032258064502] [0.014285714285714235:0.016129032258064502] [0.014285714285714235:0.016129032258064502] [0.014285714285714235:0.016129032258064502] [0.014285714285714235:0.016129032258064502]
tree_sizes=7093 7151 7201 7170 7164 7165 7167 7166 7160 7151 7178 7158 7163 7180 7182 7188 7176 7136 7138 7172 7117 7145

Tree=0
num_leaves=63
num_cat=0
split_feature=12 2 11 1 10 16 5 5 1 5 11 2 12 10 16 1 11 7 16 10 3 1 1 11 11 10 11 5 1 4 1 11 10 16 16 11 17 12 6 0 16 9 16 12 11 1 16 6 9 6 10 16 5 6 11 1 4 11 6 6 10 12
split_gain=480.438 274.65 102.334 98.6426 85.4372 75.0747 59.0497 58.7082 78.739 59.9097 58.3682 50.6934 47.5238 43.4638 43.2255 51.8021 42.5368 38.6352 34.196 33.666 39.9753 32.165 31.337 31.1056 32.1342 34.3116 31.0797 31.0564 47.3949 42.61 33.6146 30.2061 29.1625 28.7816 28.777 27.7389 28.2797 27.7358 27.6132 27.5747 26.9128 26.6451 26.0316 25.9183 27.3985 25.8787 38.1063 31.4682 25.2357 24.7854 24.7369 24.6548 24.6248 24.5679 24.1885 27.795 23.9535 26.7277 23.9438 23.8545 23.3187 34.1211
threshold=-0.078201368523949141 0.30151515151515157 0.11527514231499054 0.36038961038961043 0.37298387096774199 -0.26806722689075629 -0.41302521008403353 0.2611408199643494 0.11596638655462189 0.10771780303030305 0.069047619047619038 -0.061553030303030297 0.46922348484848492 -0.10303030303030301 0.41042780748663105 -0.046920821114369508 -0.26568627450980387 0.11916835699797164 0.46922348484848492 -0.35504201680672259 0.30947580645161293 -0.18660714285714283 -0.014928698752228157 0.3550420168067227 0.41302521008403364 0.44028520499108742 0.41302521008403364 0.14400921658986179 -0.057983193277310933 -0.073593073593073585 0.1566964285714286 -0.23030303030303029 -0.15669642857142854 -0.084440227703984808 0.30322580645161296 0.32085561497326209 0.014495798319327681 0.2611408199643494 0.046920821114369467 -0.043487394957983198 0.21198156682027655 0.38057040998217473 0.31534090909090917 0.29099821746880572 -0.060661764705882353 0.32085561497326209 0.44028520499108742 0.42266009852216752 0.46922348484848492 0.16190476190476191 0.41302521008403364 -0.12132352941176471 0.47100840336134459 -0.41302521008403353 -0.29049111807732492 0.078201368523949225 -0.3507130124777183 -0.46922348484848481 -0.44028520499108731 0.49285714285714294 0.3550420168067227 0.27772177419354843
decision_type=2 2 2 2 2 2 2 2 2 2 2 2 2 2 2 2 2 2 2 2 2 2 2 2 2 2 2 2 2 2 2 2 2 2 2 2 2 2 2 2 2 2 2 2 2 2 2 2 2 2 2 2 2 2 2 2 2 2 2 2 2 2
left_child=4 3 5 6 7 19 33 8 9 13 11 31 60 49 17 -16 32 23 -10 -3 -21 38 26 -6 34 42 51 28 29 59 -29 -8 54 -2 -25 36 50 -38 -19 41 53 -33 -26 44 -18 -9 -47 -48 -39 -1 -5 -15 -45 -35 55 -7 57 -51 -37 -12 -4 -62
right_child=1 2 12 35 14 16 10 45 18 -11 27 -13 -14 22 15 -17 43 21 -20 20 -22 -23 -24 24 25 -27 -28 30 -30 -31 -32 39 -34 40 -36 58 37 48 -40 -41 -42 -43 -44 52 -46 46 47 -49 -50 56 -52 -53 -54 -55 -56 -57 -58 -59 -60 -61 61 -63
leaf_value=-0.035460749117294382 -0.043182607171972927 -0.051687784612831855 -0.040328780512773166 -0.040939113793712303 -0.03751222259577755 -0.038968639712498816 -0.03675170651550512 -0.040283761333052399 -0.035809449960867844 -0.04130524820520546 -0.040431713806828772 -0.039854626624820838 -0.044042561172094027 -0.046540617837619078 -0.051394984615206057 -0.040226673763662991 -0.038081263024630503 -0.037390704372238751 -0.032027001450417772 -0.043858896139741921 -0.048635436744355436 -0.040605685186285725 -0.036113901560281526 -0.044670827473913557 -0.054269219345929966 -0.016851899759778636 -0.043281140934444295 -0.036004182794560122 -0.042811678514711099 -0.035656723883351449 -0.040023249969869959 -0.037051011768368766 -0.043524711447459036 -0.031329729331752348 -0.066042689383143269 -0.055227801339425529 -0.043584082488718104 -0.048692781490036502 -0.050900855938155493 -0.040303692731066751 -0.044966727039819146 -0.041436092449342203 -0.026857837892229362 -0.043982710252457591 -0.042968120933809896 -0.039136346385609234 -0.033220625113460259 -0.043135905378928127 -0.072478036717556635 -0.054355942507672575 -0.051679592988800344 -0.038226055524672557 -0.058649781385614594 -0.039612177947727548 -0.065166843769918242 -0.05279499902828854 -0.039081730450993987 -0.029650469067245139 -0.039562192273726135 -0.051746965013871653 -0.039991477559933618 -0.049556699589310929
leaf_weight=12224.944762229919 6164.8268022537231 1202.2774229049683 12483.842997550964 2020.7057247161865 5692.7623558044434 178.42986488342285 11305.056341171265 8242.7600326538086 10341.934913635254 3737.7807970046997 16268.10552406311 22819.280465126038 5443.360387802124 325.87191009521484 651.9937219619751 874.40629863739014 2250.8652563095093 180.17917728424072 2717.43186378479 3211.2377643585205 3103.7800025939941 3153.0106515884399 5444.8597984313965 141.69430446624756 89.214932441711426 54.478586196899414 1240.7622957229614 2581.7352018356323 8255.5050230026245 1774.8023815155029 6814.3215065002441 7863.1592416763306 1101.0672054290771 364.85658645629883 94.212967872619629 91.214146614074707 1518.6530656814575 1426.939115524292 552.53281688690186 6387.739182472229 748.45580577850342 1481.4177017211914 46.731631278991699 890.15011024475098 1906.0008115768433 6391.987512588501 1991.2173156738281 336.11788272857666 40.484086990356445 42.483301162719727 212.41650581359863 17850.733443260193 115.7045202255249 2708.9352035522461 96.21218204498291 488.80786514282227 3429.1521091461182 431.33045768737793 1838.0275297164917 168.43379402160645 714.96896839141846 631.75167846679688
leaf_count=48919 24669 4811 49955 8086 22780 714 45238 32984 41384 14957 65098 91313 21782 1304 2609 3499 9007 721 10874 12850 12420 12617 21788 567 357 218 4965 10331 33035 7102 27268 31465 4406 1460 377 365 6077 5710 2211 25561 2995 5928 187 3562 7627 25578 7968 1345 162 170 850 71431 463 10840 385 1956 13722 1726 7355 674 2861 2528
internal_value=-0.0396502 -0.0407567 -0.043102 -0.0399856 -0.0378975 -0.0450017 -0.0397316 -0.0375267 -0.0370712 -0.0376697 -0.0394773 -0.0388133 -0.0416683 -0.0373381 -0.040301 -0.0450017 -0.0427718 -0.0395834 -0.0350219 -0.0470855 -0.0462076 -0.0419225 -0.038125 -0.0380979 -0.0459047 -0.0367427 -0.0386891 -0.0404003 -0.0409263 -0.0400715 -0.0389187 -0.0379345 -0.0466545 -0.0419147 -0.0532814 -0.0433847 -0.0445208 -0.0464301 -0.0475801 -0.0387846 -0.0398692 -0.0377463 -0.044822 -0.0413684 -0.0403222 -0.0390786 -0.0379394 -0.0346535 -0.0493709 -0.0361252 -0.0419657 -0.0383755 -0.0456871 -0.0386267 -0.0511574 -0.0491021 -0.0382071 -0.0318919 -0.0403105 -0.0405484 -0.0407336 -0.0444826
internal_weight=222954 136674 33818.5 102855 86280.6 14544.5 95706.6 74749.4 57787.3 44727.9 85719.6 49856.7 19273.9 40990.1 11531.2 1526.4 7027.24 10004.8 13059.4 7517.3 6315.02 3885.72 24862.2 6119.09 426.332 190.425 19417.4 35862.9 26466.8 18211.3 9396.06 27037.4 1864.52 9987.07 235.907 7148.44 5219.2 2986.08 732.712 15732.3 3822.25 9344.58 135.947 5162.72 4156.87 16962.1 8719.32 2327.34 1467.42 16127.9 2233.12 18176.6 1005.85 3073.79 763.45 667.238 3902.97 473.814 1929.24 16436.5 13830.6 1346.72
internal_count=892167 546909 135327 411582 345258 58201 382977 299115 231240 178982 343013 199505 77126 164025 46143 6108 28120 40035 52258 30081 25270 15549 99488 24486 1706 762 77700 143508 105909 72874 37599 108192 7461 39964 944 28605 20885 11949 2932 62954 15295 37393 544 20659 16634 67875 34891 9313 5872 64537 8936 72735 4025 12300 3055 2670 15618 1896 7720 65772 55344 5389
is_linear=0
shrinkage=1


Tree=1
num_leaves=63
num_cat=0
split_feature=12 1 11 8 12 9 1 17 10 12 8 11 5 1 5 5 11 15 15 15 11 5 8 1 11 10 5 5 11 9 11 6 16 15 6 15 17 17 17 8 8 10 9 10 1 15 11 12 11 12 5 10 0 12 7 12 17 8 1 5 11 15
split_gain=452.05 251.008 97.1499 91.894 71.8372 58.998 85.193 54.6238 56.4188 50.5798 67.8909 50.3556 48.2718 47.9554 72.7382 57.0306 53.6346 48.5566 45.1835 44.2255 43.7499 39.9494 38.3652 37.7925 44.7862 36.786 36.5812 34.7006 34.245 35.6172 33.7836 33.7069 33.3603 32.6726 31.9701 31.811 31.4766 49.5845 37.4514 31.1703 29.9328 29.766 29.7367 29.6288 29.2991 28.8596 29.8571 28.3075 27.3355 55.387 59.2562 36.0992 32.9708 30.8774 27.4346 26.7632 27.4388 26.3804 25.9769 58.935 37.3195 32.2508
threshold=-0.078201368523949141 0.37689393939393945 0.44201680672268912 0.23861480075901334 0.2611408199643494 0.3550420168067227 -0.19407308377896609 0.014928698752228133 -0.10948191593352884 -0.40473790322580638 -0.46922348484848481 0.11527514231499054 -0.41302521008403353 0.014495798319327681 0.030776515151515142 -0.014495798319327733 -0.32085561497326193 0.24239631336405534 -0.40767045454545447 0.1815668202764977 -0.47014260249554363 0.35071301247771841 0.20777988614800766 0.30474095796676443 0.46922348484848492 -0.25809822361546492 -0.32085561497326193 0.18933823529411767 0.30947580645161293 0.46609195402298859 -0.46720430107526878 0.25378787878787884 -0.47100840336134447 -0.32085561497326193 0.15111561866125764 0.40767045454545459 0.015388257575757571 0.015877016129032254 0.014928698752228133 -0.36436781609195396 -0.28456439393939387 -0.193312434691745 0.48571428571428577 0.090992647058823553 -0.17694497153700187 0.10948191593352886 0.11527514231499054 0.47100840336134459 -0.32555780933062872 -0.3507130124777183 -0.11942959001782531 -0.442016806722689 0.32605042016806729 -0.36405529953917043 -0.35504201680672259 -0.35504201680672259 0.014495798319327681 0.14076246334310852 -0.057983193277310933 1.0000000180025095e-35 0.37689393939393945 0.1566964285714286
decision_type=2 2 2 2 2 2 2 2 2 2 2 2 2 2 2 2 2 2 2 2 2 2 2 2 2 2 2 2 2 2 2 2 2 2 2 2 2 2 2 2 2 2 2 2 2 2 2 2 2 2 2 2 2 2 2 2 2 2 2 2 2 2
left_child=3 12 4 7 -3 27 34 8 48 10 26 25 45 15 19 16 17 41 -11 -15 -21 -4 43 24 31 -6 -9 -5 -8 -30 40 57 -23 -25 -7 -34 38 -38 -16 -39 -20 -14 -27 -17 -18 -2 -47 -22 55 50 51 -50 53 -52 -53 -1 -57 -12 59 60 61 -10
right_child=1 2 21 5 11 6 28 9 58 18 23 -13 13 14 36 22 44 -19 30 20 47 32 -24 33 -26 42 -28 -29 29 -31 -32 -33 35 -35 -36 -37 37 39 -40 -41 -42 -43 -44 -45 -46 46 -48 -49 49 -51 52 54 -54 -55 -56 56 -58 -59 -60 -61 -62 -63
leaf_value=0.001406153603459589 -0.00032248771525721629 -0.0021441644982941863 -0.0059211354839103624 0.0018016953211537992 -0.011866672048620738 -0.0054305420472315069 -0.0028342956681471979 0.035507798847496448 0.002537154450156006 -0.0058434003166340804 0.0022045566096470033 -0.0043175855962927058 0.0068107064903932457 -0.00051613517783564587 0.00011945197127401161 0.0050943331615528054 8.0054859889605551e-06 -0.0025841450944311503 -0.0035461788477721711 -0.037531478493018244 -0.0044533308367241684 -0.0045697377938498226 -0.00069325614852482379 0.0084876386518702163 -0.018336158248466617 -0.0062322779241898033 0.010130596419565567 -0.00086184916037366534 -0.00034470180882935141 0.0168179613894467 0.00050193245960158635 -0.0054753664182351901 -0.00028699831531281021 -0.015073581814983663 -0.018216171962833472 0.0062272440077653429 0.021578401552824911 -0.021335500644476507 -0.0019215792872016024 0.0036724280938901393 0.012010387028606084 0.0020848506680154039 -0.028166917697909306 0.0011718820684989018 -0.0017313898603445012 -0.0055953562830412754 -0.001660922823057735 -0.012512715736313323 0.027964360729439426 0.0020276827320489131 0.00031130355322022188 0.018549011938201233 0.010783784524139835 0.0098763290076621223 0.0078615123345111126 0.005951599304407652 0.012482244562518729 0.011186590231783524 0.0029864667880155791 -0.005317168869261815 -0.0037144294746869724 -0.010112147422269837
leaf_weight=622.04187516868114 3993.1444051861763 7047.3018916994333 721.67942623794079 10115.696293234825 1592.8117529302835 305.36871288716793 1965.4792578220367 84.47014157474041 10411.354236200452 989.36811605095863 2720.5362444072962 8031.3602750599384 1755.1254702806473 2488.7291741073132 22923.632617607713 4319.5859663784504 27568.351474329829 1449.2143988162279 150.69837036728859 36.985145717859268 4279.65191231668 594.46975468099117 2661.4280570596457 1221.3800987750292 98.96088895201683 4226.9138535410166 130.2052521109581 7792.3195476830006 282.63629452884197 175.92453446984291 17203.766044467688 466.33024106919765 1235.4896080195904 54.479266509413719 418.27065148949623 1485.0806748867035 138.19271489977837 46.98117607831955 12503.834078088403 689.46380488574505 420.84890115261078 3789.1411482393742 55.457974299788475 2895.3708361387253 12743.933527261019 3292.9548052549362 3672.5481643676758 431.29692097008228 107.715745434165 6353.0892327874899 1663.4320097714663 269.16540510952473 481.34186263382435 370.62032434344292 1102.6506409645081 1572.7185178250074 919.18683056533337 329.12802419066429 15136.888509199023 1153.0293791592121 1010.5421704947948 183.65665152668953
leaf_count=2489 15979 28202 2888 40477 6375 1222 7865 338 41661 3959 10886 32140 7023 9959 91732 17285 110317 5799 603 148 17126 2379 10650 4887 396 16917 521 31181 1131 704 68840 1866 4944 218 1674 5943 553 188 50036 2759 1684 15162 222 11586 50996 13178 14697 1726 431 25421 6656 1077 1926 1483 4412 6293 3678 1317 60569 4614 4044 735
internal_value=-3.25033e-08 -0.00107336 -0.00379116 0.00170008 -0.00461211 -2.31071e-05 -0.0038102 0.00225632 0.00291587 0.00111352 0.0037607 -0.00586253 -0.000465171 -0.000259429 -0.00100961 0.00031177 -0.000121145 0.00230393 0.000393118 -0.00375578 -0.00545344 0.000470338 0.00238514 0.00303363 0.00146603 -0.00797338 0.0202343 0.000642723 -0.00111167 0.00626194 0.00074055 0.00202843 0.00186312 0.00747056 -0.0128357 0.00326992 -0.000462085 0.00515685 -0.000600947 0.00205029 0.0079096 0.00358185 -0.00652285 0.00352063 -0.000541899 -0.00235595 -0.00352147 -0.00519368 0.00451089 0.00376865 0.00653608 0.0112985 0.00373147 0.00205812 0.0099705 0.00697547 0.00836459 0.00317727 0.002146 0.00114871 0.0017915 0.00231695
internal_weight=222953 136670 24990.6 86283.3 20953.8 21055.7 3147.68 65227.6 41357.4 23870.2 5105.49 13906.5 111680 100721 43538.8 57182.2 47305.8 6993.48 18764.7 7236.66 4747.93 4036.72 9876.38 4890.81 3614.96 5875.18 214.675 17908 2424.04 458.561 17775.3 3515.99 3315.04 1275.86 723.639 2720.57 36302.1 874.638 35427.5 736.445 571.547 5544.27 4282.37 7214.96 40312.3 10958.6 6965.5 4710.95 13462 10348 3994.93 1479.53 2515.39 2034.05 1371.82 3113.95 2491.91 3049.66 27895.5 12758.6 11605.6 10595
internal_count=892167 546909 100010 345258 83856 84254 12596 261004 165489 95515 20429 55654 446899 403045 174227 228818 189297 27984 75086 28959 19000 16154 39521 19570 14465 23514 859 71658 9700 1835 71127 14069 13266 5105 2896 10887 145268 3500 141768 2947 2287 22185 17139 28871 161313 43854 27875 18852 53866 41406 15985 5920 10065 8139 5489 12460 9971 12203 111623 51054 46440 42396
is_linear=0
shrinkage=0.03


Tree=2
num_leaves=63
num_cat=0
split_feature=12 2 11 1 10 15 14 5 1 5 11 2 15 1 11 10 4 10 13 11 2 18 10 14 5 11 14 10 4 14 5 1 5 4 15 14 18 3 10 14 1 15 14 6 11 14 15 18 14 10 15 15 10 6 15 13 6 10 10 11 13 2
split_gain=425.35 249.547 93.7467 87.6792 77.8427 67.3722 66.2607 53.9236 73.7415 52.588 54.1496 46.9555 40.3727 47.9593 40.3019 36.0491 42.0961 34.6706 33.2427 31.1543 30.9191 30.1212 42.159 32.311 29.9523 31.7909 29.7342 27.4496 26.6444 26.5479 26.0902 45.6434 41.6042 31.2582 31.1418 38.5504 33.8205 27.1485 25.9923 25.7095 31.8547 26.712 25.8415 25.5133 29.9101 42.2109 26.101 25.9377 26.8235 26.2911 25.4855 25.3318 25.3274 25.2503 25.1948 53.1427 29.6295 27.2357 25.0229 23.9264 34.6567 26.1317
threshold=-0.078201368523949141 0.30151515151515157 0.11527514231499054 0.36038961038961043 0.37298387096774199 0.29705882352941182 0.46922348484848492 0.2611408199643494 0.15388257575757577 -0.41302521008403353 0.069047619047619038 -0.061553030303030297 -0.38057040998217462 -0.046920821114369508 -0.26568627450980387 -0.43844696969696967 -0.29705882352941171 -0.15669642857142854 -0.38403361344537806 0.46824596774193555 0.47100840336134459 0.015388257575757571 -0.36881720430107523 0.078201368523949225 0.10771780303030305 0.030330882352941183 0.41302521008403364 -0.15669642857142854 0.47014260249554374 -0.10303030303030301 0.14611005692599624 -0.057983193277310933 -0.043487394957983198 0.037053571428571415 0.23128342245989311 0.36405529953917054 0.014928698752228133 -0.20142602495543668 0.43440860215053767 -0.11527514231499052 0.13046218487394959 -0.41042780748663094 -0.40473790322580638 -0.43844696969696967 0.32085561497326209 0.48571428571428577 0.29705882352941182 0.014495798319327681 0.015640273704789823 0.38403361344537817 0.11527514231499054 -0.18156682027649768 0.069047619047619038 0.42266009852216752 -0.3507130124777183 -0.29099821746880566 0.073593073593073613 -0.29049111807732492 0.083426028921023368 -0.32555780933062872 0.40767045454545459 -0.21651785714285712
decision_type=2 2 2 2 2 2 2 2 2 2 2 2 2 2 2 2 2 2 2 2 2 2 2 2 2 2 2 2 2 2 2 2 2 2 2 2 2 2 2 2 2 2 2 2 2 2 2 2 2 2 2 2 2 2 2 2 2 2 2 2 2 2
left_child=4 3 5 9 7 14 17 8 15 50 11 26 13 -6 27 16 -1 19 -10 -4 -7 30 -23 -24 -17 -26 59 -3 38 -14 31 32 33 -12 35 36 -32 -36 -8 40 -9 53 54 58 47 46 -46 49 -49 52 51 -2 -45 -42 -43 -56 -57 -58 -5 60 61 -11
right_child=1 2 6 43 12 20 28 39 18 10 21 -13 29 -15 -16 24 -18 -19 -20 -21 -22 22 23 -25 25 -27 -28 -29 -30 -31 34 -33 -34 -35 37 -37 -38 -39 -40 -41 41 42 -44 44 45 -47 -48 48 -50 -51 -52 -53 -54 -55 55 56 57 -59 -60 -61 -62 -63
leaf_value=0.013203734403515861 -0.0051481703955254567 -0.011132182529244871 -8.3988949699586736e-05 -0.017308111582722524 -0.011341457268663296 -0.0060435741522560683 -0.0073568350885557729 -0.0025746730168142804 0.0070454327716291633 0.0055763551314211967 -0.001163269649267279 -0.00018944539122627596 -0.00060988365155921205 -0.00059432972012938071 -0.001616981501742119 0.0020260523116250326 0.0034210372307379856 -0.0020422605611717373 0.0034829324435619612 0.0055439417831493355 -0.010685819647682029 -0.024022731890366467 0.020426876694275047 0.0037642617179452797 0.0016515397041229989 -0.0031724467995044108 -0.002133909568509383 -0.0037262800595857953 -0.0027504671095772005 0.0036758042280396743 0.001251824881215861 -0.0031728813795624993 0.0034015928285484145 0.010214023636411756 -0.0017671511195391327 -0.013779008415163272 -0.0041675984207639582 0.0037601579792384075 0.01537037766988281 -0.0024300579272617234 0.0047592968791288302 0.00011341378948931441 0.0012805219600646311 -0.0029629433809564075 -0.0031179427816487091 -0.013493060732343465 0.0046541050742256312 0.00059219152205894474 -0.0074432868591511464 -0.010637512313367799 -0.0033202955865072928 0.0010031278459208732 0.0045100042248361356 -0.0032247976749143654 -0.022675518666608191 0.013174631608904419 -0.029725830359445142 -0.0020436177428584633 -0.00085639175368087961 0.0013856931033831359 -0.0068184984519219826 0.0015440679965146172
leaf_weight=510.62120598554611 748.36619079113007 763.21016672253609 4516.4441868215799 227.09184874594212 651.78029264509678 5855.8434127271175 2493.4414196014404 1965.2143919467926 3631.8883286267519 3676.8831287771463 15532.811338365078 22819.012946024537 8468.9012668430805 874.41116136312485 5162.3254102468491 40158.747359797359 1755.4986441284418 8173.9759976565838 6727.553012534976 1100.0467638522387 1659.276342317462 37.735177174210548 144.69271831214428 374.86155506968498 2842.4696343243122 2165.1764049679041 1740.1072174608707 1100.9502346515656 2943.1969967335463 1535.9098994880915 3147.7889014035463 8140.5068135112524 2197.2410943806171 219.42618922889233 1059.1274791359901 205.41811016201973 1543.8481772840023 3258.5240024924278 45.223525658249855 2303.3898440897465 2987.9106074571609 665.01171153783798 8189.9433735013008 1259.3400703370571 626.97527498006821 181.9172445088625 1020.7936271429062 443.0182600915432 2389.8951413184404 264.31468959152699 6163.8771194219589 3073.8273345828056 602.70274828374386 404.07086965441704 163.1861843764782 87.715247824788094 39.232530876994133 156.93737587332726 131.16187264025211 18957.151430919766 278.40049916505814 2385.7550856471062
leaf_count=2043 2995 3055 18074 909 2609 23439 9979 7864 14531 14712 62157 91313 33889 3499 20659 160686 7024 32711 26918 4402 6642 151 579 1500 11374 8664 6963 4406 11779 6146 12596 32578 8792 878 4238 822 6178 13039 181 9217 11955 2661 32772 5040 2509 728 4085 1773 9566 1058 24669 12300 2412 1617 653 351 157 628 525 75857 1114 9546
internal_value=-3.56303e-08 -0.00104122 -0.00327694 -0.000306172 0.00164907 -0.00509539 -0.00190467 0.00200296 0.00243948 -6.67895e-05 0.000173243 0.000812725 -0.000645164 -0.00518845 -0.00298293 0.00193859 0.00563021 -0.000795471 0.00473246 0.00101909 -0.00706983 -0.000715797 0.00619815 0.00843503 0.00175325 -0.000434444 0.00165848 -0.00676269 -0.00469438 4.83445e-05 -0.000825107 -0.00130977 -0.00046467 -0.00100415 0.000547121 -0.00109039 -0.00053202 0.0024042 -0.00694608 0.000515691 0.000978687 0.00152896 0.000697761 -0.00351118 -0.00309835 0.000179949 0.00169675 -0.00430764 -0.00618691 -0.00180219 -0.00212701 -0.000202297 -0.00054299 0.00380752 -0.00359128 -0.0090899 -0.00122828 -0.00770254 -0.011304 0.00191941 0.00351455 0.0039901
internal_weight=222952 136667 33813.9 102853 86285.6 14541.6 19272.3 74754.6 57792 95705.4 85719.3 49857.3 11531 1526.19 7026.49 47432.5 2266.12 13790.5 10359.4 5616.49 7515.12 35862 557.289 519.554 45166.4 5007.65 27038.3 1864.16 5481.86 10004.8 35304.7 26090 17949.5 15752.2 9214.71 4897.06 4691.64 4317.65 2538.66 16962.6 14659.2 12694 9302.03 7147.21 6788.96 1829.69 1647.77 4959.27 2832.91 2126.36 9986.07 3822.19 1862.04 3391.98 1112.08 447.071 283.885 196.17 358.254 25298.2 6341.04 6062.64
internal_count=892167 546909 135327 411582 345258 58201 77126 299115 231240 382977 343013 199505 46143 6108 28120 189791 9067 55187 41449 22476 30081 143508 2230 2079 180724 20038 108192 7461 21939 40035 141278 104405 71827 63035 36873 19596 18774 17277 10160 67875 58658 50794 37222 28605 27171 7322 6594 19849 11339 8510 39964 15295 7452 13572 4450 1789 1136 785 1434 101229 25372 24258
is_linear=0
shrinkage=0.03


Tree=3
num_leaves=63
num_cat=0
split_feature=12 2 11 1 9 15 14 5 1 5 5 11 2 11 0 4 9 11 1 7 2 9 17 14 11 11 5 5 1 5 4 15 14 17 7 1 15 7 15 12 11 6 11 14 15 17 14 15 14 9 15 12 14 11 5 14 6 1 7 17 2 6
split_gain=400.214 234.829 88.237 82.5168 71.7309 63.4188 62.3556 59.8954 60.3045 53.5747 49.4835 50.9497 44.1785 37.9358 31.2705 29.9917 29.8698 41.7812 36.8291 29.2853 29.1161 31.209 28.3392 29.8263 27.7625 26.499 35.5597 24.5476 42.9519 39.1446 29.4144 29.3024 36.2967 31.8253 24.9266 24.3801 27.828 44.843 24.3619 24.1505 51.7335 24.0274 28.1466 39.74 24.5588 24.4124 25.2482 23.9822 25.0942 25.6631 25.1116 23.8898 49.9967 25.8179 23.7997 24.8212 23.6573 30.2842 44.3351 23.9037 42.1825 28.8505
threshold=-0.078201368523949141 0.30151515151515157 0.11527514231499054 0.36038961038961043 0.34122983870967749 0.29705882352941182 0.46922348484848492 0.2611408199643494 0.11596638655462189 0.10771780303030305 -0.41302521008403353 0.069047619047619038 -0.061553030303030297 -0.26568627450980387 -0.35504201680672259 0.044155844155844122 -0.10303030303030301 0.47014260249554374 -0.32605042016806712 0.41302521008403364 0.47100840336134459 -0.14611005692599616 0.015388257575757571 0.078201368523949225 -0.22144396551724135 0.47100840336134459 0.46922348484848492 0.14611005692599624 -0.057983193277310933 -0.043487394957983198 0.037053571428571415 0.23128342245989311 0.36405529953917054 0.014928698752228133 0.023326572008113614 0.11596638655462189 -0.41042780748663094 -0.32085561497326193 0.47100840336134459 -0.47014260249554363 0.1566964285714286 -0.43844696969696967 0.32085561497326209 0.48571428571428577 0.29705882352941182 0.014495798319327681 0.015640273704789823 0.11527514231499054 0.11527514231499054 0.11527514231499054 -0.21198156682027647 0.29099821746880572 0.12678571428571431 -0.064583333333333312 0.40767045454545459 0.37298387096774199 0.044155844155844122 -0.17694497153700187 0.17694497153700192 0.015877016129032254 0.27207792207792214 0.1885775862068966
decision_type=2 2 2 2 2 2 2 2 2 2 2 2 2 2 2 2 2 2 2 2 2 2 2 2 2 2 2 2 2 2 2 2 2 2 2 2 2 2 2 2 2 2 2 2 2 2 2 2 2 2 2 2 2 2 2 2 2 2 2 2 2 2
left_child=4 3 5 10 7 13 -4 8 9 16 47 12 19 -3 -6 -10 -1 -18 -19 24 -7 54 27 -24 -12 -8 -27 28 29 30 -13 32 33 -29 -33 -9 37 -37 -28 40 -39 -5 45 44 -44 -43 -47 48 49 50 -2 52 -15 -54 -22 -56 -16 58 -58 -59 61 -61
right_child=1 2 6 41 14 20 25 35 15 -11 11 22 -14 51 56 -17 17 18 -20 -21 21 -23 23 -25 -26 26 38 31 -30 -31 -32 34 -34 -35 -36 36 -38 39 -40 -41 -42 42 43 -45 -46 46 -48 -49 -50 -51 -52 -53 53 -55 55 -57 57 59 -60 60 -62 -63
leaf_value=0.0032238181297966802 -0.0088399400010336828 -0.0065612727421090261 -0.00077161457742859539 -0.010970276886021315 -0.0056452695856010881 -0.0058632741772306962 -0.0058244089955566524 -0.0029954511234180472 0.0084917057934038032 -0.0015892670507881472 0.0029595827735409658 -0.001128400163943946 -0.00018376174757244698 -0.0039742633212192999 0.0013130906805418634 0.00377389060772547 0.0017498138619296293 -0.020707308718229782 -0.0024046229340831957 -0.0028223494911440179 -0.020467211298761851 -0.0061711666622459218 0.017299302854618538 0.0017475229077079282 0.00097094253574626747 -0.0051677200548005892 0.014119949054071948 0.001214253775567536 -0.0030779347496017965 0.0032993902289799822 0.0099073756504836907 3.1264865482739164e-05 -0.013371989004848279 -0.004043020682061662 0.0045897386844668394 0.023671764542408005 7.3114312303833488e-05 -0.021265656571516113 0.00074945298943936037 0.0039525112546230506 0.0011518117403906186 -0.0017483534112735612 -0.003024762793710215 -0.013094869871186772 0.0045141931599953777 0.00057445483117397856 -0.0072215834397749406 -0.0032209648001088722 0.0028281355242024656 -0.0055815798856955721 0.0026131448330078194 -0.0057153280216340014 0.0058434871635434866 -0.00072516666241447111 0.0033520141275499224 -0.01348284418838269 -0.0007141168970812746 0.00019828700746695255 -0.011408314695273774 -0.0005118071809876233 0.01197428470907691 -0.030136856253602559
leaf_weight=16321.336487591267 204.86968487501144 1863.8194845616817 13790.207885965705 358.13090817630291 926.06654095649719 5854.8822457194328 3997.8625135868788 1709.4701045453548 1358.7365266978741 3580.7679503560066 11109.311142787337 15532.438473090529 22818.926407903433 2003.323960095644 6753.5246103703976 11286.519150003791 22191.691936254501 125.69737087190151 453.3234541863203 1278.0676487088203 345.39045552909374 815.19493047893047 151.97825583815575 405.35640242695808 14651.694814816117 844.1986118555069 164.42799617350101 3147.8648299276829 8139.9156264066696 2197.3728713393211 219.4615583717823 2139.0715601444244 205.35195642709732 1543.7094665765762 2178.7695546299219 92.478482455015182 11235.532729133964 108.47211699187756 474.74428835511208 2563.8655679374933 602.33968614041805 2126.2453507184982 626.93289098143578 181.85685287415981 1020.8881602138281 443.02423059940338 2389.4054729044437 6163.382155045867 1499.4005187451839 1062.2930067032576 1055.5973497182131 1005.5972733944654 1092.5349086672068 1060.686356768012 97.640501394867897 400.52473406493664 863.08703024685383 5348.5141165703535 584.79355815052986 45.233288958668709 51.480708405375481 84.71390064060688
leaf_count=65302 820 7461 55187 1434 3706 23439 16002 6841 5436 14329 44450 62157 91313 8017 27024 45156 88793 503 1814 5114 1383 3264 608 1622 58628 3379 658 12596 32578 8792 878 8559 822 6178 8718 370 44959 434 1900 10258 2410 8510 2509 728 4085 1773 9566 24669 6000 4251 4224 4025 4372 4245 391 1604 3454 21402 2341 181 206 339
internal_value=-5.26488e-08 -0.00101003 -0.00317894 -0.00029701 0.00159955 -0.00494329 -0.00184761 0.00199082 0.00246189 0.00192261 -6.47918e-05 0.000168043 0.000788331 -0.00289374 -0.000312576 0.00428145 0.00224432 0.00154213 -0.00640673 0.00160868 -0.00685918 -0.0103688 -0.000694343 0.00601169 0.00182862 -0.00455405 -0.00112867 -0.000800377 -0.0012705 -0.000450715 -0.000974026 0.000530653 -0.00105782 -0.000516086 0.00233199 0.00039326 0.000790139 0.00318198 0.00420572 0.00259629 -0.00229423 -0.0034064 -0.0030058 0.000174343 0.00164581 -0.00417903 -0.00600242 -0.00206334 -0.000196265 -0.00214897 0.000746089 -0.00156854 -0.000564168 0.0026089 -0.0144131 -0.0101831 4.74555e-05 -0.00117751 -0.00503836 -0.000165912 -0.0108448 -0.0199073
internal_weight=222950 136662 33811 102851 86287.6 14539.6 19271.4 71630.2 55318.1 42672.8 95704.8 85719.3 49858 7025.96 14657.4 12645.3 39092 22770.7 579.021 27039.1 7513.63 1658.75 35861.3 557.335 25761 5481.23 1483.37 35304 26089.2 17949.3 15751.9 9214.77 4896.93 4691.57 4317.84 16312.2 14602.7 3367.16 639.172 3274.68 710.812 7146.48 6788.35 1829.68 1647.82 4958.68 2832.43 9985.54 3822.16 2322.76 1260.47 5162.14 4156.55 2153.22 843.556 498.165 13731.3 6977.82 1447.88 5529.94 181.428 129.947
internal_count=892167 546909 135327 411582 345258 58201 77126 286605 221333 170741 382977 343013 199505 28120 58653 50592 156412 91110 2317 108192 30081 6642 143508 2230 103078 21939 5937 141278 104405 71827 63035 36873 19596 18774 17277 65272 58431 13472 2558 13102 2844 28605 27171 7322 6594 19849 11339 39964 15295 9295 5044 20659 16634 8617 3378 1995 54947 27923 5795 22128 726 520
is_linear=0
shrinkage=0.03


Tree=4
num_leaves=63
num_cat=0
split_feature=12 2 12 10 11 17 5 11 12 11 7 15 10 5 11 7 10 13 9 6 17 11 10 13 2 15 9 11 5 11 2 17 15 4 11 11 11 11 2 10 10 15 4 15 12 6 12 15 15 5 6 17 13 11 2 12 12 17 6 15 2 12
split_gain=376.564 221.44 70.5299 70.1896 69.5572 52.8794 47.7173 47.1113 64.684 45.604 44.2062 37.8963 37.3119 36.3962 35.1227 35.0173 34.0746 32.9954 32.8366 32.0594 31.5075 30.9143 30.8576 30.7911 30.5237 29.8613 64.1061 51.7232 31.4674 44.7848 44.863 41.6321 29.5215 29.1286 28.8051 33.1439 28.4938 27.8695 27.7203 26.6874 25.3325 25.8852 24.6647 24.5611 28.5798 24.4793 26.2729 25.7373 24.2662 30.3951 25.5277 24.2571 24.1962 23.6367 30.0102 22.8347 22.4425 22.0655 45.6333 31.5399 33.6299 29.5587
threshold=-0.078201368523949141 0.23861480075901334 0.46922348484848492 0.37298387096774199 -0.26568627450980387 0.015877016129032254 0.2611408199643494 0.069047619047619038 0.35071301247771841 0.30322580645161296 0.030330882352941183 -0.38057040998217462 0.060661764705882366 -0.41302521008403353 -0.12678571428571425 0.030330882352941183 0.46609195402298859 -0.46824596774193544 -0.24642857142857141 0.15111561866125764 0.014928698752228133 -0.29049111807732492 0.47100840336134459 0.19223484848484854 -0.13435828877005343 0.34122983870967749 0.41302521008403364 0.11527514231499054 0.44028520499108742 0.44201680672268912 0.47014260249554374 0.015388257575757571 -0.16190476190476188 -0.15165441176470584 0.3550420168067227 0.41302521008403364 0.16190476190476191 -0.078201368523949141 0.17394957983193279 -0.47014260249554363 0.44028520499108742 -0.26114081996434929 -0.46824596774193544 0.11527514231499054 0.014718614718614688 -0.35504201680672259 -0.23861480075901326 -0.42488479262672801 0.34611742424242431 -0.30322580645161284 0.10303030303030304 0.014495798319327681 0.096875000000000003 -0.015640273704789816 -0.13435828877005343 -0.3507130124777183 0.27772177419354843 0.014928698752228133 0.46824596774193555 -0.34122983870967738 -0.1111391129032258 0.34122983870967749
decision_type=2 2 2 2 2 2 2 2 2 2 2 2 2 2 2 2 2 2 2 2 2 2 2 2 2 2 2 2 2 2 2 2 2 2 2 2 2 2 2 2 2 2 2 2 2 2 2 2 2 2 2 2 2 2 2 2 2 2 2 2 2 2
left_child=3 7 4 6 5 21 12 8 10 18 13 17 19 43 23 34 -12 55 -4 -1 24 -3 37 -10 -14 42 27 -27 31 30 -30 -29 -18 36 -13 -36 53 -15 39 -21 41 -37 -6 44 -2 -26 47 -47 50 -50 -16 -34 -48 -19 -55 -5 -24 -9 59 -59 -61 -60
right_child=1 2 9 11 25 -7 -8 57 14 -11 16 15 20 22 48 -17 32 33 -20 38 -22 -23 56 -25 45 26 -28 28 29 -31 -32 -33 51 -35 35 40 -38 -39 -40 -41 -42 -43 -44 -45 -46 46 52 -49 49 -51 -52 -53 -54 54 -56 -57 -58 58 61 60 -62 -63
leaf_value=0.0035076171242942205 -0.0054307703267455938 -0.0041935656262414465 -0.011509296951897632 0.0054011936117224438 0.0093103168673346597 -0.026982933213940775 0.00048846393793347965 -0.00038144089830967283 -0.011350317450661316 -0.0031807837417432336 -0.00054610194875849506 0.0024118309806891855 0.0005491734760466251 0.0028739231358454512 0.0074671956273323356 -0.0017582712647787556 -0.010845906749737044 -0.013586990235129097 -0.0056143063124176242 0.012906993853180237 -0.00020769815314330197 -0.011702056722021048 -0.0018821183623942354 -0.0033150074406673681 -0.0022207863219082229 -0.005060393811719347 -0.012655203693973558 -0.0027590152768066619 0.0039421544541270309 0.0087146571140517461 -0.006251955360851014 0.010981185729263862 0.0016314949877223376 -0.0042597173016775394 -0.014661005230558966 0.013661615707812621 -0.024349871627328348 0.00053030541358591347 0.0042367724403543396 0.00034929595457143888 0.022885608975514189 -0.015034702975766494 -0.001055076861374652 -0.005462782868846959 0.0036331183372644198 0.0059492599518288268 0.0067616482209597517 0.0011047027028895883 -0.0072290074000166196 0.00028798733744985551 -0.0027276755349788231 0.010609378994257918 -0.0010918798739206455 0.02678252643005118 -0.015280140384602891 -0.022641597825647775 -0.018929318188355443 -0.018913079573839638 -0.0039507873881779931 -0.00012792230534607515 -0.0030415940206549859 -0.017319155161782538
leaf_weight=24519.942241370678 464.01871034502983 3893.4033021330833 1333.2197349965572 318.29484392702579 207.881217867136 101.16886211931705 16962.702649846673 25348.802265658975 510.01723572611809 4224.9741365909576 18702.497126191854 4725.7496489137411 6354.6478644311428 16477.48570227623 616.71918998658657 4922.9595292508602 99.706191688776016 151.83737576007843 2357.464246571064 154.47272956371307 7667.3404341191053 564.74033646285534 920.15671788156033 2692.6411331295967 678.31910432875156 4053.9796731770039 571.54579156637192 4619.367860853672 869.003452450037 656.51373347640038 701.09337504208088 206.40029121935368 539.78098514676094 816.30685949325562 196.11105605959892 45.988033518195152 151.83164058625698 6318.0981055647135 2511.7475256770849 7491.6541589349508 43.7472063601017 70.197654485702515 19051.258488625288 999.48514084517956 957.36999076604843 1331.709265395999 2877.2652699351311 3806.7732394337654 671.87085129320621 1725.6377405077219 343.5738482773304 543.51508088409901 402.14322711527348 33.963358968496323 26.223798483610153 27.477534219622612 74.216169372200966 91.945957601070404 335.30840913951397 8290.8937100917101 6254.0787946581841 267.83669808506966
leaf_count=98101 1857 15586 5339 1274 832 405 67875 101444 2041 16912 74839 18909 25426 65932 2468 19701 399 608 9439 618 30678 2261 3682 10776 2714 16232 2288 18487 3478 2627 2806 826 2160 3267 785 184 608 25282 10049 29974 175 281 76245 4001 3831 5328 11512 15231 2689 6906 1375 2175 1609 136 105 110 297 368 1342 33180 25030 1072
internal_value=-7.0611e-08 -0.000979787 -0.00274963 0.00155151 -0.0021785 -0.00563746 0.00188754 -0.000155787 0.000436243 -0.00531019 0.000832921 -0.000627066 0.00229814 0.0016421 -0.00235067 4.47925e-05 -0.000233677 -0.00502923 -0.00774635 0.00292051 0.00136448 -0.00514712 0.00199872 -0.00459776 0.00214463 -0.00166857 -0.00286546 -0.00236057 -0.000808113 0.00214141 -0.000610891 -0.00216919 0.00470185 -0.00741566 0.0017915 -0.00642577 -0.0144649 0.00222441 0.0015031 0.000604651 0.0037007 -0.00365662 -0.000942716 -0.00186177 0.000672433 0.00325903 0.00370081 0.00236115 -0.000206679 -0.00182069 0.00382063 0.00614154 0.00579856 -0.00730515 0.00850544 0.00311385 -0.00317219 -0.000923831 -0.0018259 -0.00149229 -0.00138087 -0.00990608
internal_weight=222947 136658 43412 86289.4 35496.4 4559.31 74758.7 93245.7 52656.8 7915.66 46096.3 11530.7 57796 26210.8 6560.46 10004.8 19885.5 1525.94 3690.68 34677.8 23118.2 4458.14 23790 3202.66 15450.9 30937 11677.9 11106.4 7052.38 2226.61 1570.1 4825.77 1183 1180.16 5081.79 356.044 363.856 22795.6 10157.9 7646.13 159.933 116.186 19259.1 2420.87 1421.39 9096.21 8417.89 5138.48 3357.8 2397.51 960.293 1083.3 3279.41 212.025 60.1872 345.772 994.373 40588.9 15240.1 14636.9 14545 603.145
internal_count=892167 546909 173763 345258 142073 18252 299115 373146 210710 31690 184455 46143 231240 104882 26255 40035 79573 6108 14778 138742 92498 17847 95193 12817 61820 123821 46744 44456 28224 8911 6284 19313 4734 4724 20334 1425 1457 91214 40641 30592 640 465 77077 9689 5688 36394 33680 20559 13438 9595 3843 4335 13121 849 241 1384 3979 162436 60992 58578 58210 2414
is_linear=0
shrinkage=0.03


Tree=5
num_leaves=63
num_cat=0
split_feature=12 4 11 12 10 13 5 7 11 12 15 10 7 5 11 12 7 15 13 18 10 6 18 5 11 10 12 5 3 18 11 11 10 7 9 10 11 9 18 7 13 10 15 4 15 11 10 12 0 9 12 11 15 5 9 12 7 11 10 10 5 7
split_gain=354.318 153.807 82.0611 71.4772 66.0452 45.4991 44.8952 40.7826 38.4938 36.0858 35.6784 35.104 32.9492 32.3588 38.9251 47.6744 45.2464 31.9318 31.0506 30.5681 51.2963 30.1599 29.6445 28.2769 28.2271 28.032 27.8903 28.9606 32.47 31.0049 27.1034 31.2219 26.8446 26.1499 25.7496 30.5679 25.4841 25.0233 24.8996 24.4498 24.3858 23.8637 24.3878 23.8375 22.7764 36.6877 22.8897 24.298 22.2595 34.4256 39.0964 30.9148 25.9976 28.5214 21.8761 21.5341 21.3627 21.2262 30.4697 26.5433 24.3821 21.1645
threshold=-0.078201368523949141 0.37689393939393945 0.44201680672268912 0.2611408199643494 0.37298387096774199 0.40767045454545459 0.2611408199643494 -0.14076246334310846 0.11527514231499054 0.48571428571428577 -0.38057040998217462 0.060661764705882366 0.030330882352941183 -0.41302521008403353 -0.078201368523949141 0.35071301247771841 0.038095238095238078 0.40767045454545459 -0.46824596774193544 0.015388257575757571 -0.40161290322580639 0.15111561866125764 0.014928698752228133 0.17694497153700192 -0.15571120689655168 -0.069047619047619038 0.10948191593352886 0.18660714285714289 0.39447004608294933 0.015877016129032254 0.3550420168067227 0.41302521008403364 -0.47100840336134447 0.41302521008403364 -0.32807881773399011 0.40767045454545459 -0.4541871921182265 0.06458333333333334 0.015877016129032254 0.27346041055718479 -0.38403361344537806 0.44028520499108742 -0.26114081996434929 -0.044155844155844164 0.11527514231499054 0.11527514231499054 0.48571428571428577 0.014718614718614688 -0.044786096256684498 0.38403361344537817 0.47100840336134459 -0.038095238095238092 0.41042780748663105 0.25357142857142861 0.23431372549019611 -0.3507130124777183 -0.32807881773399011 0.29049111807732503 0.17156862745098042 -1.0000000180025095e-35 -0.47100840336134447 0.41042780748663105
decision_type=2 2 2 2 2 2 2 2 2 2 2 2 2 2 2 2 2 2 2 2 2 2 2 2 2 2 2 2 2 2 2 2 2 2 2 2 2 2 2 2 2 2 2 2 2 2 2 2 2 2 2 2 2 2 2 2 2 2 2 2 2 2
left_child=4 5 3 7 6 13 11 -3 34 17 18 21 30 38 15 16 -15 -4 55 -16 -21 -1 43 -20 32 33 -22 29 37 -28 -12 -32 -17 -9 -5 -36 -7 -29 44 -27 -23 42 -33 -13 46 -46 -2 -48 52 50 51 61 -38 57 -25 -6 -40 58 -54 60 -59 -50
right_child=1 2 9 8 10 36 -8 25 -10 -11 12 22 -14 14 19 24 -18 -19 23 20 26 40 -24 54 -26 39 27 28 -30 -31 31 41 -34 -35 35 -37 48 -39 56 -41 -42 -43 -44 -45 45 -47 47 -49 49 -51 -52 -53 53 -55 -56 -57 -58 59 -60 -61 -62 -63
leaf_value=0.0034022302529612574 -0.00040647002431005866 0.0043441272968096278 -0.00065748965593789388 -0.010925974731984825 0.0052390074678188439 -0.01426381678739615 0.00047380663218258477 -0.0066610302221629504 -0.0037171226515104474 -0.0035984409875137661 0.002339393161059192 0.00096310314896575161 -0.0017055986227952164 0.0019439312153230431 -0.00069904466418149822 -0.032555468332161018 -0.00025536276908980473 0.0056643100057389107 -0.010299559540078688 -0.022543109148069247 0.013590913374323188 0.0040060068193050044 -0.00020146889228708233 -0.026647763966155043 0.0019287669592722172 0.0024646103429022421 0.012828594566517625 0.026595411554672693 -0.0094103022262751398 -0.0054489176528472833 -0.01422963465738049 0.013258366479084979 -0.0049008641749679269 -0.00021140866533348314 -0.0052152663415940661 -0.014061186572938943 0.0013450910336811554 0.00096615978528141126 -0.023483577648829881 -0.0025237836240345922 0.00061006235785279349 0.022213590151285968 -0.014596788206306995 0.003323228097007541 -0.0056362057537808624 -0.0004292206760911817 -0.0063061370754247323 0.024762953148746568 -0.0037144182588643234 -0.010614183385440791 -0.0070641232157951511 0.00028787312619725118 -0.006361933171275317 0.0036260551919370162 0.0017826640758447103 -0.022002317130714107 -0.00038149672375583418 -0.011752951465226933 0.0013204867292568537 -0.0058471220726998684 0.0030527547246154891 -0.015333645813051003
leaf_weight=24521.096755877137 3783.8152410835028 961.36352321505547 1372.6487966328859 1156.9457882493734 318.3343171030283 150.14615285396576 16962.85433138907 1813.7194437682629 8002.4856072962284 1166.3803797513247 4725.9446698278189 8138.5368898063898 4922.7748288959265 19140.574650898576 49848.666337862611 31.230133071541786 15028.893294528127 1508.8561122715473 815.08603523671627 58.718478009104729 306.92940451204777 2535.5315286666155 7667.3142091929913 25.234820544719696 645.87646678090096 1433.5675597190857 106.71597775816917 108.71261645853519 47.983762115240097 371.10625527799129 196.02604120969772 45.995433583855629 1696.1873791664839 822.17001360654831 4358.8878196775913 381.94731503725052 3059.9118477404118 49.983492255210876 87.700064077973366 2304.4636128693819 7622.5350595116615 43.748750746250153 70.165013328194618 7312.785012409091 2511.0378240346909 2364.1765970736742 33.979386046528816 64.97579300403595 1171.9727276712656 517.18758770823479 1342.2065213918686 3334.8902722150087 2115.8365897685289 675.11824019253254 339.55366291105747 27.456975668668747 60.717604026198387 108.17382204532623 594.91214287281036 585.66102647781372 1206.2736452817917 159.632164016366
leaf_count=98101 15142 3848 5493 4635 1274 601 67875 7260 32034 4669 18909 32563 19701 76588 199491 125 60140 6038 3264 235 1228 10144 30678 101 2585 5738 427 435 192 1485 785 184 6789 3291 17457 1530 12246 200 351 9224 30497 175 281 29257 10053 9463 136 260 4691 2070 5373 13347 8469 2702 1359 110 243 433 2381 2344 4828 639
internal_value=-9.25642e-08 -0.000950459 -0.00306276 -0.00380893 0.00150493 -0.000470898 0.00183088 -0.00141272 -0.00507323 0.000851687 -0.00060839 0.00222914 4.34677e-05 -0.000231457 -5.59838e-05 0.000691022 0.000976628 0.00265364 -0.00488022 -0.000592299 0.00447056 0.0028328 0.00132354 -0.0071958 -0.00341966 -0.00228156 0.00609157 0.00271396 0.0120674 -0.00134858 0.00173778 -0.0062344 -0.00541938 -0.00465015 -0.00691234 -0.00593076 -0.00200651 0.0185797 -0.00195403 -0.000610544 0.00145803 0.00359415 -0.00354811 0.00208024 -0.00174664 -0.00311175 -3.22479e-05 0.014138 -0.00188181 -0.00319423 -0.00255391 -0.00125542 -0.000855327 -0.0021291 -0.000251529 0.00301875 -0.0140983 -0.00297237 -0.00467605 -0.000540676 0.0018263 -0.00511779
internal_weight=222944 136653 25283.4 21235.6 86291 111370 74760.7 7335.28 13900.3 4047.89 11530.3 57797.8 10004.7 96348 87441.6 36542.8 34169.5 2881.5 1525.67 50898.8 1050.15 34679.2 23118.6 1179.87 2373.29 6373.92 991.432 684.502 206.68 477.822 5081.88 355.935 1727.42 2635.89 5897.78 4740.84 15021.9 158.696 8906.4 3738.03 10158.1 159.909 116.16 15451.3 8757.98 4875.21 3882.77 98.9552 14871.8 6525.89 6008.7 4666.5 8345.89 5285.98 364.788 345.791 148.418 4610.86 2710.75 1900.11 1314.45 1331.6
internal_count=892167 546909 101217 85017 345258 445692 299115 29361 55656 16200 46143 231240 40035 385568 349920 146227 136728 11531 6108 203693 4202 138742 92498 4724 9499 25513 3967 2739 827 1912 20334 1425 6914 10551 23622 18987 60124 635 35648 14962 40641 640 465 61820 35054 19516 15538 396 59523 26120 24050 18677 33403 21157 1460 1384 594 18455 10850 7605 5261 5330
is_linear=0
shrinkage=0.03


Tree=6
num_leaves=63
num_cat=0
split_feature=12 1 8 14 17 9 1 12 8 13 9 5 1 5 6 9 9 15 5 1 5 5 13 1 8 5 6 5 17 17 17 6 8 15 15 8 8 9 6 5 6 12 17 15 16 8 9 9 8 17 3 9 12 8 14 1 5 9 14 5 1 9
split_gain=333.384 195.655 81.7122 50.1256 48.7783 48.6704 77.224 45.3742 63.946 49.2373 44.7533 41.8448 34.7045 34.5387 33.6176 33.4056 40.0257 29.6593 29.3606 44.4653 60.2791 54.3382 47.5511 42.0067 33.3254 30.0889 28.9256 28.5817 26.7493 38.155 36.1213 26.742 26.3625 25.3671 24.9142 24.5795 24.1543 24.1428 23.9867 24.9393 23.981 23.9729 22.9309 22.2824 23.9855 22.2194 22.005 25.198 21.8968 21.8576 21.2979 20.9113 25.7173 20.7814 20.4861 20.4552 77.6838 31.4923 35.2936 27.1237 24.9056 23.32
threshold=-0.078201368523949141 0.38057040998217473 0.23861480075901334 0.48571428571428577 0.014928698752228133 0.3550420168067227 -0.19407308377896609 -0.40473790322580638 -0.46922348484848481 -0.41042780748663094 -0.18660714285714283 0.35071301247771841 0.30474095796676443 -0.26114081996434929 0.25378787878787884 0.44201680672268912 0.47014260249554374 -0.32085561497326193 -0.41302521008403353 0.014495798319327681 -0.014495798319327733 0.083179723502304195 0.20142602495543679 -0.17694497153700187 0.20777988614800766 -0.28348214285714279 0.15111561866125764 0.18933823529411767 0.015388257575757571 0.014928698752228133 0.015877016129032254 -0.078201368523949141 0.14076246334310852 0.17694497153700192 0.1815668202764977 -0.36881720430107523 0.083426028921023368 0.31534090909090917 0.27772177419354843 -0.41042780748663094 0.21651785714285718 0.060661764705882366 0.015877016129032254 0.14076246334310852 -0.47014260249554363 -0.47100840336134447 0.40767045454545459 -0.35960591133004921 -0.30947580645161282 0.014928698752228133 0.39447004608294933 0.3550420168067227 0.47100840336134459 -0.36436781609195396 -0.46824596774193544 0.096875000000000003 0.096875000000000003 -0.17156862745098037 -0.32605042016806712 0.24264069264069268 -0.46114369501466274 0.23431372549019611
decision_type=2 2 2 2 2 2 2 2 2 2 2 2 2 2 2 2 2 2 2 2 2 2 2 2 2 2 2 2 2 2 2 2 2 2 2 2 2 2 2 2 2 2 2 2 2 2 2 2 2 2 2 2 2 2 2 2 2 2 2 2 2 2
left_child=2 3 4 18 15 27 26 8 13 -9 -5 51 14 -6 32 34 -17 36 31 20 23 22 -21 25 -22 37 -7 -4 29 -23 -30 42 -10 -13 55 40 -14 -20 -37 -40 -11 -25 -2 -12 -45 -27 47 49 -39 -35 54 52 -3 -32 -38 56 57 58 -1 -57 -60 -61
right_child=1 11 5 10 7 6 -8 9 12 35 43 33 17 -15 -16 16 -18 -19 19 21 24 28 -24 41 -26 45 -28 -29 30 -31 53 -33 -34 46 -36 38 50 48 39 -41 -42 -43 -44 44 -46 -47 -48 -49 -50 -51 -52 -53 -54 -55 -56 59 -58 -59 60 61 -62 -63
leaf_value=0.0077462583568089945 -0.00026150984214257035 -0.0040753315679913742 0.0014912316915744173 -0.00820459651515878 0.032145056130288244 -0.0051582869638721199 -0.0010365779090412757 -0.0087742247383961521 0.0013877785911631604 -0.0012434601454181791 0.016249822562551509 -0.00069574933302681138 0.010657842128734014 0.0080005553265888006 -0.0061635700399988698 -0.008177874079707546 0.0012687280784732984 -0.014526965653104651 0.0002920771763234282 -0.00074279861675651611 0.0036667530139311731 0.0004244957208295852 -0.0046484467757423953 0.00017577948756486518 -0.00044864291379198768 0.011379292465577121 -0.017323390542211433 -0.00092599216645771962 0.020858851620520796 -0.0017229808383338982 -0.018600612327696362 -0.0035916009379339756 0.010303130821059084 -0.0043321738604832089 -0.0035809716409354055 0.001496725498821019 -0.0045889420378893543 0.0018263021401352293 0.014286349737195839 -0.0022741259767016437 -0.011464734331084353 -0.002288782120857492 -0.014957870658996003 0.0045981714982137895 -0.0036523294590546473 0.0014434729100558886 -0.0080985003398719065 -0.0025386791941866102 -0.0039578278378225246 -0.011205364050416149 -0.0094561674000550183 -0.013421459521796551 -0.0095644435478250637 0.0039469231611659363 0.013004047645893909 0.0052051481067782414 -0.0023800707270096159 0.0022611445141677757 -0.017841193908647593 0.0015371985556983407 0.0033608887207827293 0.0056806253241969574
leaf_weight=2280.494046330452 5819.6603736132383 3034.9764814674854 10117.237867042422 1371.0391029566526 100.49562422931194 305.2852593511343 2423.8359744250774 531.01647107303143 2800.0862095952034 2745.7431330829859 63.957849368453026 4054.2601001411676 860.1775549352169 114.23571042716503 482.05684269964695 526.80342814326286 1715.6212078481913 54.451207131147385 13140.931273311377 5738.8171222805977 6975.4310038089752 20244.525876015425 5488.7679740339518 5820.4727507531643 2373.0828445404768 204.42030794918537 417.8517968505621 7792.5131430178881 113.739098072052 11777.307036757469 38.214256793260574 4397.8928655087948 333.19656988978386 1759.7568061649799 540.3250980079174 12763.964129433036 95.995465070009232 770.69639687240124 83.718958094716072 2419.1964377164841 222.43232329189777 9112.7645929604769 96.148985669016838 417.92242313921452 1304.7393145561218 14711.283526331186 835.47447088360786 11998.545219033957 2491.2480549663305 545.697041913867 111.23705168068409 320.62917725741863 1029.1694206744432 597.27304477989674 154.23295313119888 6662.9777556359768 2731.7673413157463 15925.387913569808 49.494545564055443 5202.6193626523018 4130.2504347711802 1597.543017283082
leaf_count=9123 23295 12152 40477 5489 402 1222 9700 2125 11203 10986 256 16229 3441 457 1929 2108 6865 218 52585 22967 27911 81015 21970 23291 9497 818 1674 31181 455 47138 153 17604 1333 7046 2162 51070 384 3084 335 9680 890 36468 385 1673 5223 58869 3346 48039 9969 2186 445 1284 4122 2390 617 26655 10931 63716 198 20816 16523 6392
internal_value=-1.15186e-07 -0.000922009 0.00145975 -0.000403617 0.00198423 -0.00016514 -0.0036053 0.00090435 0.00341142 0.000222041 -0.00412966 -0.00340782 0.00270585 0.019397 0.00120376 0.00260743 -0.000953179 0.00695718 -0.000296536 -0.000138745 0.000425131 -0.000851298 -0.00265238 -1.89801e-05 0.00262214 0.000605316 -0.0122019 0.000439507 -0.000234175 -0.000365354 0.00536539 -0.00182016 0.00233883 -0.0028035 0.00281154 0.000484484 0.00792587 -0.000281402 0.00097015 -0.00171472 -0.00201304 -0.00132823 -0.000502856 -0.000999743 -0.00164923 0.0015804 -0.00336786 -0.00309101 -0.00259108 -0.0059632 0.00141315 -0.00605192 -0.00546736 0.00256396 0.00626342 0.00290116 0.00239524 0.00297806 0.00474473 0.00384478 0.00310562 0.00251129
internal_weight=222941 136649 86292.2 113070 65235.5 21056.7 3146.97 23872.2 5106.17 18766.1 3157.66 23578.5 4891.43 214.731 3615.34 41363.3 2242.42 1276.09 109913 99599 55600.3 43998.6 11227.6 46251.8 9348.51 31318.6 723.137 17909.8 32771.1 32021.8 749.226 10313.7 3133.28 19193.7 39120.9 18235.1 1221.64 16402.9 15266.9 2502.92 2968.18 14933.2 5915.81 1786.62 1722.66 14915.7 15139.5 14304 3261.94 2305.45 361.465 4384.78 4064.15 635.487 250.228 38580.5 25117.4 22385.6 6460.24 13463.1 4179.74 6800.16
internal_count=892167 546909 345258 452505 261004 84254 12596 95515 20429 75086 12641 94404 19570 859 14465 165489 8973 5105 439864 398580 222492 176088 44937 185084 37408 125325 2896 71658 131151 128153 2998 41284 12536 76846 156516 72961 4887 65638 61085 10015 11876 59759 23680 7152 6896 59687 60617 57271 13053 9232 1446 17558 16274 2543 1001 154354 100491 89560 25844 53863 16721 27208
is_linear=0
shrinkage=0.03


Tree=7
num_leaves=63
num_cat=0
split_feature=12 2 1 10 14 5 5 1 2 14 10 4 15 1 7 4 17 17 0 5 15 5 1 10 14 6 15 14 1 12 7 12 7 6 10 12 15 7 5 15 6 13 15 7 14 15 13 6 10 12 4 15 10 10 4 12 10 10 15 14 10 6
split_gain=313.687 195.283 69.3974 59.5617 41.2682 40.6083 40.1802 63.7854 40.0587 34.531 31.8678 39.461 30.3541 42.1233 29.8559 29.7043 28.7598 50.3643 30.0497 26.3014 47.5413 26.184 29.3297 28.254 31.2416 23.8924 28.2762 23.8885 29.0279 23.0951 25.5862 22.869 30.1937 22.5245 23.5351 22.4791 34.2479 22.3778 21.9222 21.54 25.338 22.3315 21.5164 43.2391 25.7762 23.3869 50.1746 27.8274 25.5814 22.5311 21.5814 21.233 25.7479 22.5645 23.1848 21.2077 20.7182 20.6224 20.4846 23.107 28.1111 22.0373
threshold=-0.078201368523949141 0.30151515151515157 0.36038961038961043 0.37298387096774199 0.46922348484848492 -0.41302521008403353 0.2611408199643494 0.15388257575757577 -0.061553030303030297 -0.060661764705882353 -0.43844696969696967 -0.29705882352941171 -0.38057040998217462 -0.046920821114369508 0.030330882352941183 0.13246753246753248 0.015388257575757571 0.015877016129032254 1.0000000180025095e-35 0.19848484848484851 0.24642857142857147 0.044155844155844122 -0.014928698752228157 -0.050055617352614011 -0.24642857142857141 0.16190476190476191 0.21198156682027655 -0.14611005692599616 0.13046218487394959 -0.26114081996434929 0.40767045454545459 -0.43649193548387094 0.038095238095238078 -0.43844696969696967 0.083426028921023368 0.37298387096774199 0.1815668202764977 0.41302521008403364 0.028991596638655474 0.014718614718614688 0.49285714285714294 0.40767045454545459 -0.41042780748663094 -0.32085561497326193 -0.40473790322580638 -0.3507130124777183 -0.29099821746880566 0.073593073593073613 -0.29049111807732492 -0.47014260249554363 0.47014260249554374 0.24239631336405534 0.46824596774193555 -0.38403361344537806 0.060661764705882366 -0.15165441176470584 0.41302521008403364 -0.10303030303030301 0.11527514231499054 0.11527514231499054 0.44201680672268912 -0.096874999999999975
decision_type=2 2 2 2 2 2 2 2 2 2 2 2 2 2 2 2 2 2 2 2 2 2 2 2 2 2 2 2 2 2 2 2 2 2 2 2 2 2 2 2 2 2 2 2 2 2 2 2 2 2 2 2 2 2 2 2 2 2 2 2 2 2
left_child=3 2 5 6 -3 58 7 10 16 12 11 -1 13 56 -14 -9 18 57 -7 20 35 22 23 24 -12 -26 -27 28 -8 -23 -31 32 -15 34 -4 -10 -37 38 -20 -39 -41 -42 43 -30 45 50 -47 -48 -49 -45 -44 53 -53 -21 -55 -11 -5 -18 59 61 -61 -2
right_child=1 4 33 9 -6 8 27 15 19 55 21 -13 14 31 -16 -17 17 -19 37 51 -22 29 -24 -25 25 26 -28 -29 42 30 -32 -33 -34 -35 -36 36 -38 39 -40 40 41 -43 44 49 -46 46 47 48 -50 -51 -52 52 -54 54 -56 -57 -58 -59 -60 60 -62 -63
leaf_value=0.012438571427909925 0.00097816076600509773 -0.0023089973438124027 -0.016249909989123276 -0.0050332113156270905 -0.0048227126040643236 0.0012205008625021973 -0.0024502420703872703 0.007282877260225893 -7.3420306447170576e-05 0.011382105910790388 0.0038000628095362396 0.0029684745411507445 0.0012720566560293154 0.020481330008244418 -0.0021568005699735561 0.0033874562155450831 0.011830668696676896 0.0031319267067081635 -0.0010704276364386983 0.0050746103545126755 -0.00294119601879737 -0.0013440555916596573 0.0036612497937778591 0.00061992005593111623 0.0019390082115094249 -0.0032385533714573626 0.027361787050758323 -0.0019674765449419727 0.024450593823502412 0.0021228065142077637 -0.0098056445782365876 -0.0045483447528181327 2.9092590692211722e-05 -0.0027084201076029335 -0.00029225499095146979 -0.017284857521224366 0.0016365692845723859 -0.013617160940997719 0.0012048062658733118 -0.00017919045307181395 -0.0044737202169116393 -0.032946855788273284 -0.001516304438953839 -0.0017359918398914323 0.00135148768613752 -0.022045427209812996 0.012754032238648117 -0.028833082596018668 -0.0019948676252826546 0.0042884133653688459 0.018885886336315657 0.0031435782279867486 -0.0096759607767003073 0.009555667119212085 -0.0010133304101513883 0.0016782620581550032 -0.015870266758574076 0.035671276481935049 -0.0029120787149164548 0.0016711537223351174 0.017933468478548688 -0.0048652788826930035
leaf_weight=510.73128762841225 1142.9091409891844 26222.609053403139 226.7988069653511 298.02178756892681 7577.2809737920761 29997.449863925576 1926.0286868214607 2251.5969594866037 18535.933454871178 311.37260666489601 7177.3867503851652 1755.8147913515568 4638.2840390354395 87.717871531844139 4503.6080273985863 8109.7648886591196 72.235711216926575 839.25581814348698 8983.6761806756258 662.45134828984737 8277.2047323137522 4995.6807997971773 6452.8948390930891 16763.565157517791 4110.060205951333 1350.7203660905361 26.742945373058319 3039.58694909513 85.748216032981873 4127.8849852383137 167.4608042538166 527.39213205873966 242.65383942425251 6786.1984763145447 131.08202059566975 170.90344025194645 172.15404863655567 199.65872032940388 6618.1595056653023 613.68090495467186 60.464993074536324 41.464317917823792 615.55458416044712 711.55440592765808 7495.8281837999821 163.09538148343563 87.733585447072983 39.196214750409126 156.93098051846027 2592.3076538592577 49.483378902077675 3381.8880686759949 146.18459418416023 191.1686659604311 6692.2413980364799 578.54600103199482 342.08444483578205 60.991311445832253 6161.5453617274761 1397.6987950950861 101.72277823090553 1179.5355365276337
leaf_count=2043 4574 104978 909 1194 30349 120034 7708 9007 74177 1246 28713 7024 18559 351 18025 32442 289 3358 35950 2651 33127 19988 25815 67070 16442 5404 107 12163 343 16515 670 2111 971 27171 525 684 689 799 26483 2456 242 166 2463 2847 29993 653 351 157 628 10371 198 13533 585 765 26781 2315 1371 244 24669 5593 407 4721
internal_value=-1.21232e-07 -0.000894391 -0.000244215 0.00141594 -0.00287265 -3.12805e-05 0.00172546 0.00210222 0.000179627 -0.000591037 0.0016364 0.00510696 -0.00106601 -0.00502315 -0.000417167 0.00423458 0.000761524 0.00586488 0.000654704 -0.000543168 -0.00104564 0.00146215 0.00182968 0.00142795 0.00249735 0.000793084 -0.00262504 0.000441628 0.000967655 4.27399e-05 0.00165558 -0.000674412 0.00550484 -0.00309624 -0.0104222 -0.000214456 -0.0078125 -0.000372878 -0.000105278 -0.00492933 -0.00248976 -0.016264 0.00151651 0.00354073 0.000719092 -0.0035412 -0.00883987 -0.00120171 -0.00747757 0.0029908 2.78346e-05 0.000689017 0.00260981 -0.00020928 -0.000718459 0.00508249 -0.0108405 0.0229293 -0.00184196 -0.000116429 0.00278563 -0.00199045
internal_weight=222938 136645 102845 86293 33799.9 95700.6 74763.4 57800.3 85717.2 11529.7 47438.9 2266.55 10639.8 1497.87 9141.89 10361.4 47487 972.483 46514.6 38230.1 27156.2 45172.4 35881.4 29428.5 12664.9 5487.52 1377.46 16963 13923.5 9291.03 4295.35 857.764 330.372 7144.08 357.881 18879 343.057 16517.1 15601.8 915.269 715.61 101.929 11997.4 3389.61 8607.82 1111.99 446.956 283.861 196.127 3303.86 665.038 11073.9 3528.07 7545.86 6883.41 889.919 640.106 133.227 9983.41 3821.87 1499.42 2322.44
internal_count=892167 546909 411582 345258 135327 382977 299115 231240 343013 46143 189791 9067 42582 5998 36584 41449 190021 3891 186130 152992 108677 180724 143551 117736 50666 21953 5511 67875 55712 37173 17185 3433 1322 28605 1434 75550 1373 66096 62433 3663 2864 408 48004 13561 34443 4450 1789 1136 785 13218 2661 44315 14118 30197 27546 3561 2565 533 39964 15295 6000 9295
is_linear=0
shrinkage=0.03


Tree=8
num_leaves=63
num_cat=0
split_feature=12 2 8 11 12 1 17 10 5 11 9 1 12 8 13 12 11 13 11 11 17 5 11 9 1 11 8 11 2 0 10 2 12 11 5 12 10 8 12 17 10 7 0 3 7 12 6 11 10 5 12 2 5 5 10 3 13 11 5 10 3 8
split_gain=295.158 184.192 75.641 58.7959 51.7837 47.5276 45.9471 45.2681 44.7148 47.0517 44.3371 72.3344 42.0791 60.1671 46.1595 40.1336 36.6123 34.7012 42.1963 33.3206 49.857 32.7902 32.4989 34.2292 32.1383 41.6818 31.5934 31.4235 31.1144 30.7876 28.5586 29.9504 28.3926 46.7015 36.9042 33.107 28.3316 47.86 31.6611 28.1439 33.8926 27.5554 35.0462 27.4676 27.431 33.1843 27.147 26.9605 27.4828 26.3115 26.1414 31.4541 27.2617 26.1371 25.5306 25.5214 26.4676 25.235 24.9875 24.4633 24.1162 24.0755
threshold=-0.078201368523949141 0.23861480075901334 0.23861480075901334 0.13484848484848486 0.46922348484848492 0.36038961038961043 0.014928698752228133 -0.10948191593352884 -0.41302521008403353 0.069047619047619038 0.3550420168067227 -0.19407308377896609 -0.40473790322580638 -0.46922348484848481 -0.41042780748663094 0.46922348484848492 -0.46720430107526878 -0.21651785714285712 -0.32555780933062872 -0.26568627450980387 0.015877016129032254 -0.32085561497326193 0.30947580645161293 0.46609195402298859 0.30474095796676443 0.46922348484848492 -0.28456439393939387 -0.41042780748663094 0.48571428571428577 0.3133928571428572 0.090992647058823553 -0.028991596638655467 0.29099821746880572 -0.060661764705882353 0.45529953917050697 0.38057040998217473 0.3550420168067227 -0.44028520499108731 0.27772177419354843 0.015388257575757571 -0.36881720430107523 0.044155844155844122 0.40161290322580651 0.39447004608294933 0.015640273704789823 0.35071301247771841 0.15111561866125764 -0.078201368523949141 0.47100840336134459 -0.11942959001782531 0.34611742424242431 -0.096874999999999975 0.21320346320346326 0.18933823529411767 0.44201680672268912 -0.32605042016806712 0.1815668202764977 0.41302521008403364 0.35071301247771841 0.46609195402298859 0.39447004608294933 -0.47014260249554363
decision_type=2 2 2 2 2 2 2 2 2 2 2 2 2 2 2 2 2 2 2 2 2 2 2 2 2 2 2 2 2 2 2 2 2 2 2 2 2 2 2 2 2 2 2 2 2 2 2 2 2 2 2 2 2 2 2 2 2 2 2 2 2 2
left_child=2 5 6 4 19 8 7 17 -2 44 53 46 13 21 30 36 26 49 -19 20 29 -8 -13 -24 25 27 -16 -15 -6 -3 -14 -32 33 -21 -34 -36 -5 -38 41 50 -41 -39 -43 -29 45 47 -12 48 -10 -1 -11 -52 -53 -4 58 -20 -57 -25 -17 -46 -26 -49
right_child=1 3 10 15 28 -7 12 -9 9 39 11 22 14 24 16 54 -18 18 55 32 -22 -23 23 57 60 -27 -28 43 -30 -31 31 -33 34 -35 35 -37 37 38 -40 40 -42 42 -44 -45 59 -47 -48 61 -50 -51 51 52 -54 -55 -56 56 -58 -59 -60 -61 -62 -63
leaf_value=0.0073505650503939302 -0.0018787494814807907 -0.0029577976843037021 0.0013928656465692793 -0.00023821501942843779 -0.0052171590344149473 -0.0029452118978460992 0.033211619326231963 0.0017933428487962534 0.0028168535557291539 -0.0012393310123494925 -0.0049733682154720652 -0.0026664266784831503 -0.0023452306600903953 -0.0052701291004016784 -0.0038280939992947809 -0.0061462203773754824 0.00018103788158480174 0.0065412472516235935 0.0076342703934596879 0.00083411797044787885 -0.026073209452920097 0.0091921176379163132 -0.00028241669250155774 0.023183177246699126 0.00932141936428405 -0.01799233934028038 0.011913674874499494 0.003460459757607455 -0.012529075673689639 -0.0081314837271665493 -0.027765503868667857 -0.0062383055115312709 -0.0029869055547006428 -0.0035557465008394869 -0.015600151823538385 -0.0041197384983475476 0.024860110857753429 -0.0089548022827791677 -0.010077111925441511 -0.021355030518467346 0.0085972935694407834 0.0074585686709173456 -0.0074479272792816204 -0.0099156327874419265 -0.00019106595055076421 -0.0014452877630564925 -0.016761209786375346 0.010842720238941051 -0.0037143470401061435 0.0037871903270270571 0.0018301207297393284 -0.0036615955907223895 0.0029829736629205274 -0.00091867032395123597 0.013422127412398259 0.0005109024334681439 -0.0095176430017993464 -0.002733530522386834 -0.0020858473365589878 0.0043002381024525495 0.0002857082283587518 -3.4534279464215026e-05
leaf_weight=3112.0937227755785 9670.3081614524126 2820.3790546804667 10117.574034124613 14849.232296928763 1428.889477789402 5053.6398587375879 84.462461873888969 27899.589953958988 15862.114631325006 22941.806112781167 305.22492104768753 1965.1820078194141 296.89407216012478 503.91124939918518 155.2137535661459 2381.6121001690626 17645.464342623949 1452.3961003422737 419.21545542776585 4451.9501187056303 101.04956756532192 130.24090863764286 282.60275620222092 130.70601192116737 898.6435721963644 98.92468923330307 434.71274389326572 2868.338158339262 828.44555228948593 1636.330380782485 109.12761218845844 124.88784189522266 4787.2452305704355 4274.3321251869202 430.98741333186626 476.35002851486206 47.963640615344048 304.31121832132339 695.23627592623234 35.707848861813545 468.64542996883392 391.7458061426878 221.33847892284393 144.205675303936 18835.119585990906 2949.3638363927603 417.49032466113567 187.68841718137264 601.01989388465881 4663.8227523267269 6356.3866184204817 2145.8297900110483 748.98382170498371 7792.3624155372381 77.412864223122597 3564.773358643055 252.70669655501842 45.229141861200333 3194.677154019475 1157.6090292185545 377.44246807694435 6226.4089931696653
leaf_count=12449 38713 11293 40477 59435 5726 20237 338 111623 63464 91814 1222 7865 1188 2016 621 9539 70601 5810 1677 17819 405 521 1131 523 3595 396 1739 11476 3322 6554 437 500 19173 17110 1727 1909 192 1218 2784 143 1875 1568 886 577 75370 11803 1674 751 2405 18658 25438 8589 2997 31181 310 14261 1011 181 12793 4632 1510 24915
internal_value=-1.15795e-07 -0.000867596 0.00137348 -0.00248204 -0.00361009 -0.000116125 0.00187808 0.00248291 4.60296e-05 0.000283111 -0.000189904 -0.00347367 0.000830014 0.00324434 0.000172956 -0.00140108 0.000427037 0.00391146 0.00213039 -0.00309886 -0.00533473 0.0187513 -0.000988064 0.00619514 0.00255999 0.00111454 0.00777244 0.00165701 -0.007905 -0.00485877 -0.00853849 -0.0163524 -0.00239188 -0.0013163 -0.00403956 -0.00958413 -0.000653934 -0.00436896 -0.00525318 -0.000586231 0.00643863 -0.00159043 0.00207359 0.00281709 0.000903486 0.0015493 -0.0117966 0.00193541 0.00257821 0.00521409 -0.000696483 0.000649699 -0.00194199 0.000387154 -0.00358238 0.000617107 -0.000155278 0.0165428 -0.00382081 6.91894e-05 0.00665114 0.000285395
internal_weight=222934 136640 86293.4 43399.5 21236 93240.6 65237.1 41364.6 88187 78516.7 21056.4 3146.44 23872.5 5106.17 18766.3 22163.5 18235.4 13465 5689.09 18978.6 4557.76 214.703 2423.72 458.538 4891.47 3615.38 589.926 3516.46 2257.34 4456.71 530.91 234.015 14420.9 8726.28 5694.58 907.337 16509.8 1660.6 1612.63 32697.4 504.353 917.396 613.084 3012.54 45819.3 25826.6 722.715 22877.2 16463.1 7775.92 32193 9251.2 2894.81 17909.9 5653.7 4236.7 3817.48 175.935 5576.29 19992.7 1276.09 6414.1
internal_count=892167 546909 345258 173763 85038 373146 261004 165489 352909 314196 84254 12596 95515 20429 75086 88725 72961 53866 22759 75990 18252 859 9700 1835 19570 14465 2360 14069 9048 17847 2125 937 57738 34929 22809 3636 66083 6648 6456 130856 2018 3672 2454 12053 183340 103338 2896 91535 65869 31107 128838 37024 11586 71658 22642 16949 15272 704 22332 80002 5105 25666
is_linear=0
shrinkage=0.03


Tree=9
num_leaves=63
num_cat=0
split_feature=12 2 11 8 15 17 10 9 2 12 8 13 11 4 11 15 7 13 11 11 11 12 12 8 11 9 11 3 11 10 3 10 2 9 8 17 10 17 12 3 13 12 7 6 11 4 11 11 15 10 15 8 4 2 12 11 8 7 2 15 10 4
split_gain=277.723 173.976 73.5815 71.1695 49.3832 43.2298 42.5936 41.7248 44.8001 39.5977 56.6841 43.4642 34.4514 34.2374 35.9388 52.8561 47.7822 32.6486 39.7025 32.6011 30.8817 30.8145 30.0095 29.7298 29.6699 37.4301 29.0061 30.3118 28.9082 27.1621 33.5547 26.9143 28.2515 26.6199 28.242 29.277 25.9566 24.9011 28.7154 24.0159 24.9125 23.9455 23.6873 23.6609 23.564 30.8737 22.6378 22.5332 22.4952 22.1645 22.1608 21.6153 28.0983 24.1202 21.4063 23.3288 22.6275 21.3264 22.2482 22.3698 21.2722 20.8103
threshold=-0.078201368523949141 0.3133928571428572 0.11527514231499054 0.23861480075901334 0.29705882352941182 0.014928698752228133 -0.10948191593352884 0.3550420168067227 -0.1111391129032258 -0.40473790322580638 -0.46922348484848481 -0.41042780748663094 -0.46720430107526878 0.40767045454545459 0.069047619047619038 0.34611742424242431 0.090992647058823553 -0.21651785714285712 -0.32555780933062872 0.32085561497326209 -0.26568627450980387 0.48571428571428577 0.46922348484848492 -0.28456439393939387 0.30947580645161293 0.46720430107526889 -0.41042780748663094 0.39447004608294933 0.18660714285714289 -0.35504201680672259 0.21651785714285718 0.090992647058823553 -0.028991596638655467 -0.4541871921182265 -0.44028520499108731 0.014495798319327681 -0.15669642857142854 0.014495798319327681 0.046920821114369467 -0.32605042016806712 0.1815668202764977 0.41302521008403364 0.35071301247771841 0.27772177419354843 0.46922348484848492 0.17694497153700192 -0.10303030303030301 -0.29049111807732492 -0.3507130124777183 -0.43649193548387094 -0.24239631336405529 0.41042780748663105 0.34611742424242431 0.48571428571428577 0.10948191593352886 -0.44028520499108731 -0.35504201680672259 0.24239631336405534 -0.26806722689075629 -0.073593073593073585 0.44201680672268912 0.40767045454545459
decision_type=2 2 2 2 2 2 2 2 2 2 2 2 2 2 2 2 2 2 2 2 2 2 2 2 2 2 2 2 2 2 2 2 2 2 2 2 2 2 2 2 2 2 2 2 2 2 2 2 2 2 2 2 2 2 2 2 2 2 2 2 2 2
left_child=3 13 4 5 20 6 17 -5 46 10 -7 31 23 14 15 16 -2 -1 57 37 36 -21 -4 -13 28 -26 48 44 50 -6 51 -11 -33 41 35 -35 47 -15 -39 -20 -41 -17 -8 -14 -28 -46 -9 -3 -12 -45 -10 52 53 -31 55 -36 -57 58 -19 -60 -24 -38
right_child=1 2 22 7 29 9 42 8 24 11 26 12 43 19 -16 33 -18 18 39 21 -22 -23 60 -25 25 -27 27 -29 -30 30 -32 32 -34 34 54 -37 61 38 -40 40 -42 -43 -44 49 45 -47 -48 -49 -50 -51 -52 -53 -54 -55 -56 56 -58 -59 59 -61 -62 -63
leaf_value=0.0050575716586635389 0.0014961203077041674 -0.0081068320469100414 -0.00075275223335585946 0.00037553921396598841 -0.010173378240005642 0.018201530279577452 0.0015375877451197586 -0.013287110279876301 0.0029333852447240116 -0.002275210282769979 -0.0012200438401583867 -0.0037142108936977828 0.00062718482636672443 -0.0011287544211822131 -0.00076571555009622566 -0.003835654951599243 -0.0004740269479695999 0.00020896202571510936 0.0074054569877360088 0.0027897381389591505 -0.0013173085985299252 -0.0095232653492549231 -0.0036105340496301297 0.011556450282679173 -0.0008968861627937538 0.017274641769388515 0.0047561809779251467 -0.0036852299180584473 -0.012441643958166632 -0.00062632125836811639 -0.0071859563982950118 -0.026967940663110875 -0.0060537394827313226 -0.00061219684611250619 0.031003990886727933 -0.016511335308320024 -0.0051824199434292399 0.0012198675086206924 -0.0077027414694796452 0.00049557709349998312 -0.0092345061710438336 -0.021548109027965206 0.0055251179871110452 -0.014897015267640258 -0.017625760193753406 0.018197077532445517 -0.0043534841502324804 -0.023628040954336269 -0.017884663468698384 -0.0018650822005908424 -0.0044887691715331272 0.0019479376926001735 -0.0089003640670275632 -0.016861747087665857 -0.0014622701502822863 -0.020144291217297047 0.0062006163473430414 -0.0035814263335912588 0.0066906917870497417 0.016338875798983018 0.012205493905580376 0.0045587019843152405
leaf_weight=7776.1318841129541 30267.659062594175 661.8339869081974 13782.313914194703 17909.965611174703 1193.7079743891954 214.62441918253899 26488.785717278719 476.75000713765621 667.461291924119 296.88110917806625 603.88901248574257 155.20444683730602 15095.213829487562 1513.72513435781 41946.044390156865 175.64765703678131 17475.421324491501 280.7427581846714 419.23390619456768 1325.8544596731663 5130.8516979664564 211.18494793772697 5357.4276196956635 434.73622685670853 262.08499175310135 165.94445413351059 3611.3813094198704 478.63999454677105 233.3316330909729 1272.8685325682163 3505.8495629578829 109.01555325090885 124.86537849903107 195.406205072999 29.733514741063118 222.61061000823975 828.7861549705267 394.41279551386833 1826.8810371607542 3564.7918307483196 252.67238496243954 112.39678440988064 1411.4454126209021 122.4675117880106 87.889964550733566 27.733775615692139 551.41527289152145 95.9831373244524 81.941220134496689 2427.8317292779684 788.94465316832066 664.27906295657158 752.68071633577347 87.060672968626022 6933.9859885275364 31.487516596913338 304.10815007984638 171.23966805636883 682.97622925043106 317.48699283599854 76.691281720995903 258.13253174722195
leaf_count=31107 121113 2652 55168 71658 4787 859 105976 1910 2672 1188 2416 621 60396 6061 167882 703 69933 1123 1677 5307 20539 846 21459 1739 1049 664 14448 1915 934 5098 14052 437 500 782 119 891 3319 1579 7319 14261 1011 450 5647 490 352 111 2209 385 328 9715 3158 2662 3016 349 27754 126 1217 685 2732 1270 307 1034
internal_value=-1.24874e-07 -0.00084162 -0.00271365 0.00133227 -0.00433081 0.00182172 0.00240838 -0.000184221 -0.00337007 0.00080511 0.00314719 0.00016772 0.000414238 -0.000229474 -0.000102381 0.000396727 0.000774992 0.00379407 0.00206649 -0.00258412 -0.00251473 0.00109287 -0.00149728 0.00753948 -0.000874351 0.00617195 0.00248306 0.00341595 -0.00266185 -0.00602466 -0.00523492 -0.00828677 -0.0158755 -0.00185901 -0.00152402 -0.00909832 -0.00584266 -0.00409717 -0.00611861 0.000598582 -0.000150693 -0.0107978 0.0017395 0.000175607 0.00432866 -0.00895086 -0.0085048 -0.0101013 -0.00323423 -0.00249648 -0.00108757 -0.00277002 -0.00425374 -0.00167732 -0.00108907 0.005979 0.00367628 0.00634492 0.00767339 0.0097657 -0.00338512 -0.00286694
internal_weight=222929 136635 33668.5 86293.7 14452 65237.8 41365.5 21055.9 3145.93 23872.3 5106.1 18766.2 18235.5 102967 97694.5 55748.5 47743.1 13465.3 5689.14 5272.06 6975.59 1537.04 19216.4 589.941 2117.77 428.029 4891.48 4205.65 1689.74 7476.45 6282.74 530.762 233.881 8005.38 7717.33 418.017 1844.74 3735.02 2221.29 4236.7 3817.46 288.044 27900.2 17645.5 3727.01 115.624 1028.17 757.817 685.83 2550.3 1456.41 2776.89 2112.61 1359.93 7299.32 365.329 335.596 1452.45 1281.21 1000.46 5434.12 1086.92
internal_count=892167 546909 134827 345258 57893 261004 165489 84254 12596 95515 20429 75086 72961 412082 390970 223088 191046 53866 22759 21112 27929 6153 76934 2360 8477 1713 19570 16826 6764 29964 25177 2125 937 32042 30889 1673 7390 14959 8898 16949 15272 1153 111623 70601 14911 463 4119 3037 2744 10205 5830 11125 8463 5447 29216 1462 1343 5810 5125 4002 21766 4353
is_linear=0
shrinkage=0.03


Tree=10
num_leaves=63
num_cat=0
split_feature=16 2 8 14 11 2 14 11 9 2 17 14 10 8 2 11 17 9 11 5 9 13 15 10 8 10 10 17 13 13 14 10 2 17 11 4 10 2 14 2 2 11 3 10 15 3 16 9 8 10 15 15 11 11 5 15 5 15 4 11 3 14
split_gain=250.379 128.338 88.3207 73.6714 62.6041 54.3853 49.535 58.045 66.3001 50.346 45.9289 42.513 42.3077 37.5758 33.9029 39.6181 42.3316 33.5847 37.1533 33.181 32.2139 32.1882 29.7786 29.6801 28.1268 30.4323 27.2979 25.7497 26.4116 25.6402 26.5986 32.8922 30.6307 26.0762 25.3828 30.7418 27.1709 25.2734 25.1881 24.9334 24.7882 24.6788 27.6469 24.3786 24.0654 26.521 24.0481 26.1675 23.6606 30.331 23.2712 22.9174 22.8086 24.3047 22.756 29.1964 22.5981 22.5537 28.0717 25.6942 22.225 22.1038
threshold=-0.15669642857142854 0.1014705882352941 0.32555780933062883 -0.078201368523949141 -0.29361054766734279 0.2611408199643494 0.46922348484848492 0.10948191593352886 0.38403361344537817 0.33602150537634418 0.014928698752228133 0.30322580645161296 0.27772177419354843 -0.14076246334310846 -0.14611005692599616 -0.40473790322580638 0.014928698752228133 -0.24239631336405529 -0.030330882352941176 -0.14400921658986171 0.44201680672268912 -0.27281105990783405 -0.43844696969696967 0.47014260249554374 -0.37689393939393934 0.48571428571428577 0.47014260249554374 0.015388257575757571 -0.30322580645161284 0.12678571428571431 -0.23861480075901326 0.34611742424242431 -0.18660714285714283 0.014495798319327681 -0.26568627450980387 0.39447004608294933 0.43218390804597706 -0.23861480075901326 -0.20142602495543668 0.23193277310924373 -0.18376623376623374 -0.23861480075901326 -0.23861480075901326 -0.35504201680672259 -0.26114081996434929 -0.39447004608294928 -0.47014260249554363 -0.23861480075901326 0.47100840336134459 -0.38057040998217462 0.40767045454545459 -0.42488479262672801 0.46609195402298859 0.42266009852216752 0.030776515151515142 0.36405529953917054 -0.43202764976958524 -0.19223484848484845 -0.27772177419354832 0.055273833671399604 -0.41042780748663094 0.44028520499108742
decision_type=2 2 2 2 2 2 2 2 2 2 2 2 2 2 2 2 2 2 2 2 2 2 2 2 2 2 2 2 2 2 2 2 2 2 2 2 2 2 2 2 2 2 2 2 2 2 2 2 2 2 2 2 2 2 2 2 2 2 2 2 2 2
left_child=1 19 3 10 5 44 7 9 27 34 13 57 -12 20 15 16 37 18 -8 40 -2 -21 -16 41 -10 -26 -13 28 -9 30 31 33 -32 -15 35 61 -36 -4 -11 -35 46 42 -22 -40 -5 -46 47 -1 -48 -50 -38 -24 53 -17 55 -29 -42 58 59 -6 -14 -3
right_child=2 6 14 4 11 -7 17 8 24 38 12 26 60 29 22 52 -18 -19 -20 21 23 -23 51 -25 25 -27 -28 54 -30 -31 32 -33 -34 39 36 -37 50 -39 43 -41 56 -43 -44 -45 45 -47 48 -49 49 -51 -52 -53 -54 -55 -56 -57 -58 -59 -60 -61 -62 -63
leaf_value=-0.0012136870029457764 0.0035404308371892331 -0.0037167576448214586 0.0023767405562899833 0.0086087173254861295 -0.0012385098234564201 -0.0038480479342933097 -0.013959649034815905 0.013868964384643336 0.013653476944038343 0.018082746291613293 0.0013822646074416653 -0.0033292758049534785 -0.013759428209620684 0.00067820092599449138 0.0031466669917113313 -0.0044131879271908812 0.014227506316664201 -0.0031299808632246212 -0.0055198679141394589 -0.011766139369851948 -0.022904221112156131 0.00086188755661380147 -0.025151473468708753 0.0023213815388185362 -0.0065245798085497965 -0.0201658436328464 -0.022362071115417975 -0.020720653698176755 -0.00057070302363145886 -0.0020905749627067056 5.249276464515712e-05 -0.0028366424111446989 0.0040559503575280783 0.0021347222914522299 -0.00013382080033732101 -0.014275402302381147 -0.0044396235161114368 -0.0095974184098938584 -0.0097845616734035992 0.0077595270110521475 -0.0090254191899139039 -0.01268902772144013 0.0091070289053358042 -0.0046544443749702048 0.0083805504927440735 0.0020955285677508205 -0.00047925263955479302 0.013910218984646868 -0.027595473074171796 -0.0039986594967378504 -0.021454075029953869 -0.00075299203111187866 0.0068675132480621043 -0.019488937085441239 0.0095854701519146809 0.0096065021239817028 -0.002263184820745591 0.00019245921366204478 -0.00082941917449107162 -0.010995915228923746 -0.0011340232385880576 0.018184637144338486
leaf_weight=196.80578151345253 18357.495128080249 1839.6200450509787 578.72710394859314 625.85186576843262 446.81099566817284 1197.1905073672533 568.89922925829887 113.93695151805878 52.210822150111198 40.468666061758995 19330.136930942535 2956.0931920856237 126.91140152513981 9628.2251173704863 1932.7857532501221 4068.7860963791609 209.42619101703167 5325.1064461320639 2684.3045895546675 182.41769628226757 29.739503875374794 19036.532758176327 33.730202943086624 647.27101680636406 926.00073900818825 174.54241272807121 68.454328417778015 56.205137923359871 14071.985326901078 1676.945716291666 2311.6535823941231 1796.836222499609 6719.5338568091393 2576.4011118113995 5458.9623720049858 256.79272240400314 414.6482460051775 217.41873314976692 971.73763659596443 978.36476738750935 506.94557026028633 297.11362567543983 114.71589095890522 5884.7389022409916 648.78746923804283 8654.836990699172 13181.553314551711 214.58816215395927 61.926349684596062 224.05792041122913 86.873368576169014 14903.507582202554 156.40924406051636 97.680699810385704 410.78021323680878 56.209863618016243 3588.5634476393461 34067.328892111778 3659.311621055007 531.9341804087162 6648.6319069862366 41.451655954122543
leaf_count=788 73441 7364 2316 2504 1788 4794 2283 456 209 162 77339 11832 508 38518 7733 16284 838 21335 10756 730 119 76187 135 2590 3708 699 274 225 56328 6710 9249 7191 26884 10307 21854 1029 1660 870 3896 3914 2030 1189 459 23578 2596 34628 52759 859 248 897 348 59644 626 391 1644 225 14362 136331 14643 2129 26608 166
internal_value=-1.43052e-07 -0.00138932 0.000727508 0.00103927 0.00019066 0.00219002 -0.00258162 -0.00202089 -0.000755715 -0.00335905 0.00166888 -0.00034248 0.000667259 0.00224819 -0.00101529 -0.00310116 0.00226059 -0.00459812 -0.0069996 -0.000125114 0.00324306 0.000741422 -0.000356322 -0.00176918 -0.00768079 -0.00870438 -0.00376729 -0.000212512 -0.000453759 0.00149496 0.00174545 0.000970051 0.00303133 0.00148908 -0.00175452 -0.00455815 -0.000748341 -0.000901209 -0.00524255 0.00368456 -0.00105164 -0.007757 0.00240461 -0.00538283 0.00291834 0.00253467 -0.000446355 0.00668973 -0.000664822 -0.00918661 -0.00742369 -0.000809767 -0.00434862 -0.00477122 0.00631705 -0.00560544 -0.00310222 -7.47651e-05 -0.00203719 -0.00654733 -0.0013725 -0.00322473
internal_weight=222924 76628.9 146295 124097 52856.6 11126.7 39435.5 30857.2 15861.9 14995.3 71240 41729.9 26105.7 45134.3 22198.5 5328.45 1005.57 8578.31 3253.2 37193.4 19446.3 19219 16870 1088.84 1152.75 1100.54 3024.55 14709.1 14185.9 25688 24011 14979.8 9031.19 13183 8098.35 2137.86 5960.48 796.146 6896.95 3554.77 17974.4 441.569 144.455 6856.48 9929.48 9303.62 13878.9 411.394 13467.5 285.984 501.522 14937.2 4322.88 4166.47 523.195 112.415 4095.51 38705.4 4638.06 978.745 6775.54 1881.07
internal_count=892167 306785 585382 496545 211519 44522 157925 123551 63494 60057 285026 166997 104455 180571 88837 21325 4024 34374 13039 148860 77798 76917 67512 4357 4616 4407 12106 58878 56784 102773 96063 59930 36133 52739 32421 8559 23862 3186 27636 14221 71943 1767 578 27474 39728 37224 55551 1647 53904 1145 2008 59779 17301 16675 2094 450 16392 154891 18560 3917 27116 7530
is_linear=0
shrinkage=0.03


Tree=11
num_leaves=63
num_cat=0
split_feature=12 2 8 11 12 1 5 11 9 1 17 10 12 8 13 12 11 5 1 11 3 13 11 11 17 9 11 9 11 3 8 2 17 10 10 8 13 11 6 7 11 5 5 12 2 5 7 0 5 7 12 6 12 11 5 11 11 8 13 3 6 11
split_gain=247.352 155.019 63.5904 50.6506 45.183 42.7937 40.7389 41.2056 38.5552 66.2428 38.3199 39.5361 36.7882 53.4065 41.4333 33.736 32.7722 31.0882 30.8307 36.7695 31.5967 30.5454 37.3029 29.7695 46.9557 28.9505 28.7475 30.2947 28.6717 27.9892 27.5148 27.0172 26.4755 31.982 25.5295 44.4145 29.5183 25.5033 25.384 25.2696 25.017 24.8817 24.7954 24.6192 29.1662 25.5259 24.4937 23.9572 23.9543 23.9022 31.451 23.8813 23.8203 43.8788 34.2112 23.6739 23.6188 26.3638 22.9664 22.8277 22.7644 22.749
threshold=-0.078201368523949141 0.23861480075901334 0.23861480075901334 0.13484848484848486 0.46922348484848492 0.36038961038961043 -0.41302521008403353 0.069047619047619038 0.3550420168067227 -0.19407308377896609 0.014928698752228133 -0.10948191593352884 -0.40473790322580638 -0.46922348484848481 -0.44028520499108731 0.46922348484848492 -0.46720430107526878 -0.26114081996434929 0.17694497153700192 0.46922348484848492 0.23861480075901334 -0.21651785714285712 -0.32555780933062872 -0.26568627450980387 0.015877016129032254 -0.23861480075901326 0.30947580645161293 0.46609195402298859 -0.29049111807732492 0.39447004608294933 -0.28456439393939387 -0.061553030303030297 0.015388257575757571 -0.36881720430107523 0.3550420168067227 -0.44028520499108731 0.436491935483871 0.43844696969696978 0.15111561866125764 0.33602150537634418 0.29049111807732503 0.18933823529411767 -0.11942959001782531 0.34611742424242431 -0.096874999999999975 0.21320346320346326 0.41302521008403364 0.31623376623376631 0.35071301247771841 0.044155844155844122 0.32085561497326209 -0.41302521008403353 0.29099821746880572 -0.060661764705882353 0.47100840336134459 0.41302521008403364 -0.22144396551724135 -0.47100840336134447 0.25378787878787884 -0.35504201680672259 0.39113300492610842 -0.41042780748663094
decision_type=2 2 2 2 2 2 2 2 2 2 2 2 2 2 2 2 2 2 2 2 2 2 2 2 2 2 2 2 2 2 2 2 2 2 2 2 2 2 2 2 2 2 2 2 2 2 2 2 2 2 2 2 2 2 2 2 2 2 2 2 2 2
left_child=2 5 10 4 23 6 -2 31 41 38 11 21 13 17 -14 34 30 -12 19 20 61 42 -23 24 28 -6 -11 -28 47 37 -16 46 43 -34 -5 -36 49 39 -10 -20 -41 -4 -1 -9 -45 -46 56 -3 -17 -37 60 -7 53 -25 -54 -29 58 -58 -8 -24 -51 -15
right_child=1 3 8 15 25 51 7 32 9 26 12 -13 14 18 16 48 -18 -19 29 -21 -22 22 59 52 -26 -27 27 55 -30 -31 -32 -33 33 -35 35 36 -38 -39 -40 40 -42 -43 -44 44 45 -47 -48 -49 -50 50 -52 -53 54 -55 -56 -57 57 -59 -60 -61 -62 -63
leaf_value=0.0069032869904648167 -0.0017884770402019268 -0.0017895336064118249 0.0013430344104760454 -0.00019287247054422548 -0.011770757180593009 -0.010409903976375773 0.0034663322970610953 -0.0011722104837600066 -0.0046115206281034521 -0.0024398579702819257 0.029744495747977277 0.0016278109133889603 -0.016167929118811885 -0.0047432265845125596 -0.0035596135823190858 -0.0055411684376966827 4.0857579197406181e-05 0.0068374766415410342 0.0047369165966945626 -0.018670217154493018 -0.006167079438610874 0.0060833778443501697 0.0084410516706204582 0.00089228195149554769 -0.025103607379299443 -0.0047266224533919045 -0.00020028102694456598 0.02205880791672964 -0.010814169213578043 -0.001023836251427815 0.011022540931666203 -1.8473197237548814e-05 -0.02073583104570003 0.0083711502678403965 0.024034298706870651 -0.0085857820125414368 -0.014574285675481533 0.023200216579062155 -0.016013779179302832 0.020969567589112403 -0.0091962952695246424 -0.00091230268304871626 0.0034443393917944275 0.0017976374263594999 -0.0034990114516373809 0.0029305740897331988 -0.0025900153783099383 -0.0066766037767388023 -0.0015906987187320968 0.0068908303774841183 -0.010002538680955809 -0.0022310676003423732 -0.0028504569459326425 -0.0033631338755186037 -0.010159024497389257 -0.0030347233011966111 0.012610527773545887 0.00073476078308434682 0.00025722395411648623 -9.8093286564053138e-05 -0.0049556149649893268 0.0035386816175091546
leaf_weight=3112.1175120025873 9669.3634359538555 2466.4988184273243 10117.707987129688 14848.590441018343 834.36696068942547 343.96382749080658 8480.9315220117569 22940.596082806587 305.10319893062115 1964.7950170636177 100.30678325891495 27901.265630289912 138.03364691138268 344.6656256467104 157.69584189355373 2405.3855132907629 18030.380122259259 114.23392456769943 1085.3409585058689 86.084713116288185 454.85984359681606 1452.443612486124 302.49161611497402 4451.6383750140667 100.8645903468132 1420.6845570355654 282.5805000513792 130.73783767223358 564.04839912056923 448.64906941354275 439.97500683367252 18779.531752496958 35.677795603871346 468.66064198315144 47.990421414375305 485.9237068593502 243.32638120651245 87.48331044614315 416.89989542961121 164.73252116143703 28.496713533997536 7792.301437780261 4664.1863893121481 6356.511800557375 2145.5159007161856 749.00321851670742 1277.8296215385199 1423.9749776422977 3246.0881492942572 442.41308856010437 223.61912520229816 4708.6586376130581 5041.5378133356571 4273.465541228652 650.15207032859325 45.232713371515274 169.22205510735512 14483.085287287831 2629.469859495759 3934.2594464272261 216.79064106941223 2191.1967031210661
leaf_count=12449 38713 9879 40477 59435 3351 1379 33929 91814 1222 7865 402 111623 553 1379 631 9639 72142 457 4342 345 1820 5810 1210 17819 405 5697 1131 523 2261 1795 1760 75148 143 1875 192 1946 975 350 1674 659 114 31181 18658 25438 8589 2997 5114 5707 13003 1771 896 18858 20201 17110 2608 181 677 57951 10521 15739 868 8766
internal_value=-1.65121e-07 -0.000794364 0.00125724 -0.00227571 -0.00332299 -0.000105018 4.88378e-05 0.000275126 -0.000176252 -0.00323904 0.00171989 0.00227221 0.000762739 0.00302021 0.000148377 -0.00127241 0.000270142 0.0176358 0.0023757 0.000546071 0.00110525 0.00360724 0.00193625 -0.00284552 -0.00495949 -0.00733701 -0.000861008 0.00589462 -0.00449783 0.00547581 0.00717551 0.000855668 -0.000538447 0.00627511 -0.000587456 -0.0041146 -0.00496696 0.00760966 -0.0112085 0.00652562 0.0164964 0.000361784 0.00482934 -0.000645384 0.000661018 -0.00183482 0.00146273 -0.00357953 -0.00327278 -0.00324964 -0.000306129 -0.0027898 -0.00217725 -0.00119212 -0.00368694 0.0156279 0.00166384 0.000872767 0.00270693 0.000513425 0.00299332 0.00241161
internal_weight=222920 136625 86294.3 43387.4 21227.2 93238 88185.4 78516 21055.4 3145.35 65238.9 41366.8 23872.1 5106.05 18766.1 22160.1 18628.1 214.541 4891.51 3076.81 2990.72 13465.5 5689.19 18972.2 4555.39 2255.05 2423.35 458.551 4454.52 1814.7 597.671 45820.1 32696 504.338 16508.7 1660.06 1612.07 1366.05 722.003 1278.57 193.229 17910 7776.3 32191.6 9251.03 2894.52 27040.5 3890.47 5651.47 1368.75 882.823 5052.62 14416.8 8725.1 5691.69 175.971 25762.7 14652.3 11110.4 4236.75 659.204 2535.86
internal_count=892167 546909 345258 173763 85038 373146 352909 314196 84254 12596 261004 165489 95515 20429 75086 88725 74533 859 19570 12310 11965 53866 22759 75990 18252 9048 9700 1835 17847 7260 2391 183340 130856 2018 66083 6648 6456 5465 2896 5115 773 71658 31107 128838 37024 11586 108192 15586 22642 5481 3535 20237 57738 34929 22809 704 103078 58628 44450 16949 2639 10145
is_linear=0
shrinkage=0.03


Tree=12
num_leaves=63
num_cat=0
split_feature=12 2 8 1 9 1 17 12 8 13 5 2 14 9 5 1 6 9 9 0 15 5 15 8 6 5 6 15 8 7 8 8 15 6 7 0 8 7 5 17 6 5 13 8 0 2 12 13 6 2 7 13 12 7 13 8 12 16 1 6 6 16
split_gain=232.75 146.03 59.834 55.1976 36.2851 62.3993 36.0517 34.6243 50.3357 39.6547 33.0905 33.2467 30.9156 32.6955 29.5882 29.3738 30.6487 27.8806 37.1134 27.1635 27.1186 26.421 42.5358 24.5574 23.9416 23.4112 23.2593 22.9736 22.7893 31.7717 22.7629 22.6058 22.2638 22.2437 21.9417 21.2969 40.1565 31.3814 31.0713 23.4807 21.0777 23.1788 20.7686 34.8475 20.855 20.7023 30.4767 50.7875 27.6017 22.9648 35.8976 23.6091 22.7782 20.7965 22.9694 20.3144 19.8215 33.2861 19.7345 19.9232 19.6422 19.7317
threshold=-0.078201368523949141 0.3133928571428572 0.23861480075901334 0.37689393939393945 0.3550420168067227 -0.19407308377896609 0.014928698752228133 -0.40473790322580638 -0.46922348484848481 -0.41042780748663094 -0.41302521008403353 -0.061553030303030297 0.46922348484848492 -0.24239631336405529 -0.32085561497326193 0.30474095796676443 0.25378787878787884 0.44201680672268912 0.47014260249554374 1.0000000180025095e-35 -0.32085561497326193 0.19848484848484851 0.24642857142857147 0.14076246334310852 0.15111561866125764 0.18933823529411767 -0.43844696969696967 0.24239631336405534 0.083426028921023368 0.40161290322580651 -0.36881720430107523 0.48571428571428577 0.1815668202764977 0.21651785714285718 -0.34122983870967738 0.38057040998217473 0.40767045454545459 0.47100840336134459 0.41042780748663105 0.014928698752228133 0.27772177419354843 -0.41042780748663094 0.47014260249554374 0.1566964285714286 -0.47100840336134447 -0.046920821114369508 -0.43649193548387094 -0.38403361344537806 -0.32555780933062872 -0.35504201680672259 0.42266009852216752 -1.0000000180025095e-35 -0.38403361344537806 -0.15669642857142854 -0.42488479262672801 0.43440860215053767 0.37298387096774199 -0.15669642857142854 0.17394957983193279 -0.40767045454545447 -0.032291666666666656 -0.47014260249554363
decision_type=2 2 2 2 2 2 2 2 2 2 2 2 2 2 2 2 2 2 2 2 2 2 2 2 2 2 2 2 2 2 2 2 2 2 2 2 2 2 2 2 2 2 2 2 2 2 2 2 2 2 2 2 2 2 2 2 2 2 2 2 2 2
left_child=2 3 6 10 25 24 17 8 14 -9 60 19 -3 34 -8 16 23 32 -19 -12 28 22 56 -10 -6 45 -5 -23 29 -17 33 -21 -1 -11 -14 36 -15 38 -38 -39 -32 -42 43 -36 -44 48 47 -47 -4 52 51 -51 -50 54 -48 -56 -13 -58 -27 -60 -2 -62
right_child=1 12 4 26 5 -7 7 9 15 30 11 21 13 35 -16 20 -18 18 -20 31 -22 27 -24 -25 -26 58 -28 -29 -30 -31 40 -33 -34 -35 42 -37 37 39 -40 -41 41 -43 44 -45 -46 46 53 -49 49 50 -52 -53 -54 -55 55 -57 57 -59 59 -61 61 -63
leaf_value=0.002475218065276927 -0.00055986846462100274 -0.0019962110128761497 -0.012122674838011436 -0.010238159587533893 -0.0044743664490538189 -0.00083502770948967113 0.030888491853414225 -0.0079337209034088928 0.0010887047685703064 -0.0012830206384838105 0.0012326181961146898 -7.3159829879170017e-05 -0.013767567669198965 -0.0037563846577642725 0.008057905101142137 0.0080798856238993022 -0.006112167071144016 -0.0080063067367374292 0.0010906230035261527 -0.0001521167243907396 -0.01433018109506453 -0.0001920080759870779 -0.0027815144694075364 0.0096929888909163542 -0.015550853053825959 -0.0041744653235728678 -0.0023657798106869448 0.0027253514479238386 0.00081774352457046715 0.029306431670194064 0.0013402634227663373 -0.010822949614374149 -0.0036522488051260265 -0.011128244879879253 0.0023839076545278059 -0.0046072554150158023 0.0044832737829350981 0.0031948746357136708 0.020797635732467075 -0.01222435956099735 0.013754894867010484 -0.0022095691291285197 0.011851996071508926 -0.011402665346272796 -0.0042118716844467092 0.0094023710338765071 -0.025125324199107391 -0.0088696553969352093 -0.0041128617670905081 -0.00078667109056035161 -0.010129214460054431 0.0070214256037504901 0.0072422566002264301 0.002198106010187076 -0.0044041285313474038 0.013923845547144022 0.0020172084079964573 -0.016631958940850896 -0.016170589276430145 -1.779538400808938e-05 0.010630752718589929 -0.0035876858580101332
leaf_weight=38584.359647095203 5952.7706871181726 26089.31284545362 166.72497923672199 354.68307474255562 305.05336312949657 2423.1913340985775 84.182289391756058 530.48816382884979 2800.1789100468159 2745.7600699067116 30621.485693395138 18560.106121212244 345.51853057742119 1388.7278726398945 130.20044335722923 791.89422681927681 481.9897652566433 526.72308894991875 1715.7386261373758 16698.254014223814 54.422474399209023 7590.7781688868999 8301.559852078557 333.21413505077362 416.4673984348774 1354.8157939463854 6756.3765207380056 3571.7234307229519 361.43915851414204 68.236516296863556 12764.576692014933 179.60861924290657 540.31932970881462 222.37963072955608 202.23917478322983 2380.7846241593361 353.53330035507679 268.27023746073246 148.97845847904682 131.71709905564785 83.727998524904251 2419.0312495231628 75.816125139594078 887.90156272053719 1384.3616806715727 992.44611448049545 41.746031314134598 157.98092170059681 206.70993183553219 2843.7682541459799 335.18061824142933 396.18484604358673 679.86905315518379 3777.0471691787243 459.45295718312263 60.742614403367043 171.3861840814352 171.77696585655212 68.473259001970291 6368.8792414069176 88.898739472031593 3943.095146805048
leaf_count=154354 23833 104487 667 1423 1222 9700 338 2125 11203 10986 122528 74275 1386 5566 521 3168 1929 2108 6865 66821 218 30378 33231 1333 1674 5422 27062 14293 1446 273 51070 719 2162 890 811 9542 1417 1075 597 528 335 9680 304 3561 5553 3970 167 632 827 11377 1341 1585 2720 15110 1838 243 686 688 274 25485 356 15789
internal_value=-1.68861e-07 -0.000770592 0.00121956 -0.000209814 -0.00017098 -0.00314257 0.00166833 0.000739922 0.00293007 0.000143912 -2.06065e-05 0.000169477 -0.00248604 -0.0041742 0.0171246 0.00230457 0.000922766 0.00220405 -0.00104874 0.000700013 0.00621596 -0.000487336 -0.000991607 0.00200651 -0.0108805 0.000350931 -0.00275982 0.000741635 0.00714229 0.00979592 0.00037932 -0.000266307 0.00239051 -0.00202415 -0.00667853 -0.00262085 -0.000555696 0.0043681 0.00935165 -0.00190055 0.000846683 -0.00167021 -0.00571308 -0.00884519 -0.00337025 0.00130273 0.00254862 0.00688766 -0.000175155 0.000273916 -0.000798163 0.000169983 0.00459311 0.00139686 -0.00398302 -0.00224138 -0.000205446 -0.0073392 -0.000884953 -0.000192095 -0.00165514 -0.00327163
internal_weight=222913 136620 86293.6 102963 21054.7 3144.71 65238.9 23871.7 5105.76 18766 95851.4 85866.7 33657.2 7567.85 214.383 4891.38 3615.38 41367.1 2242.46 47499.3 1275.99 38367.3 27204.8 3133.39 721.521 17910 7111.06 11162.5 1221.57 860.131 18235.5 16877.9 39124.7 2968.14 2895.84 4672.01 2291.23 902.499 502.512 399.987 15267.3 2502.76 2550.32 1090.14 1460.18 10117.9 5489.42 1150.43 4628.44 4461.71 3575.13 3239.95 886.579 4338.99 561.942 520.196 18903.3 343.163 7792.17 6437.35 9984.76 4031.99
internal_count=892167 546909 345258 412082 84254 12596 261004 95515 20429 75086 383597 343619 134827 30340 859 19570 14465 165489 8973 190068 5105 153551 108880 12536 2896 71658 28485 44671 4887 3441 72961 67540 156516 11876 11615 18725 9183 3617 2014 1603 61085 10015 10229 4372 5857 40477 21960 4602 18517 17850 14303 12962 3547 17358 2248 2081 75649 1374 31181 25759 39978 16145
is_linear=0
shrinkage=0.03


Tree=13
num_leaves=63
num_cat=0
split_feature=12 1 11 15 10 5 1 5 15 1 5 13 13 11 16 15 5 1 15 11 17 9 11 1 7 11 11 10 15 5 1 4 11 10 15 11 6 10 16 1 12 9 10 5 11 11 1 15 1 15 6 9 1 6 10 11 1 15 10 5 15 15
split_gain=219 136.215 82.8096 50.6552 45.8737 33.418 60.4508 46.075 31.8909 38.5303 29.4048 29.345 28.475 31.5069 27.4945 29.8886 27.3926 40.4634 34.9486 26.9418 27.4862 26.6979 29.0865 36.9073 26.2452 26.2889 27.5055 29.0985 26.8286 26.2391 29.4869 72.0321 38.6945 33.9425 28.0172 26.5088 26.5874 25.7252 24.9257 24.2451 30.763 24.001 26.1629 23.5713 31.1154 23.3265 25.514 22.0684 21.8794 27.0955 26.0436 21.7158 21.6737 21.6727 21.2723 35.9702 21.2598 20.8501 23.8014 23.598 20.8301 20.8012
threshold=-0.078201368523949141 0.38057040998217473 0.44201680672268912 0.19223484848484854 0.37298387096774199 0.2611408199643494 0.11596638655462189 0.10771780303030305 -0.38057040998217462 -0.046920821114369508 0.35071301247771841 -0.38403361344537806 0.40767045454545459 -0.4541871921182265 -0.47100840336134447 0.40767045454545459 0.20777988614800766 0.037053571428571415 0.41042780748663105 0.40473790322580649 0.014928698752228133 -0.10303030303030301 0.47014260249554374 -0.33847248576850092 0.11916835699797164 0.3550420168067227 0.41302521008403364 0.44028520499108742 -0.27281105990783405 -0.41302521008403353 0.1566964285714286 0.14611005692599624 -0.32085561497326193 -0.10303030303030301 0.10948191593352886 0.11527514231499054 -0.41042780748663094 -0.17156862745098037 0.015640273704789823 -0.11596638655462184 0.030330882352941183 -0.37689393939393934 0.40767045454545459 0.11942959001782534 -0.27281105990783405 1.0000000180025095e-35 0.2611408199643494 -0.27772177419354832 0.32085561497326209 -0.41042780748663094 0.42266009852216752 0.48571428571428577 -0.18660714285714283 0.046920821114369467 -0.14076246334310846 -0.40473790322580638 0.28679653679653683 0.30322580645161296 0.41042780748663105 -0.32605042016806712 0.22301136363636367 0.47100840336134459
decision_type=2 2 2 2 2 2 2 2 2 2 2 2 2 2 2 2 2 2 2 2 2 2 2 2 2 2 2 2 2 2 2 2 2 2 2 2 2 2 2 2 2 2 2 2 2 2 2 2 2 2 2 2 2 2 2 2 2 2 2 2 2 2
left_child=4 12 3 -3 5 6 7 21 9 -6 -4 -8 19 -14 -12 -16 17 18 -15 29 51 -1 -23 -24 25 -10 28 47 -27 34 31 32 33 39 38 -36 -37 -22 -2 40 60 -5 61 -32 54 -13 -47 -28 -7 50 -50 -21 53 -26 55 -45 -18 58 -35 -60 -31 -43
right_child=1 2 10 41 8 48 11 -9 24 -11 14 45 13 16 15 -17 56 -19 -20 20 37 22 23 -25 52 26 27 -29 -30 30 43 -33 -34 57 35 36 -38 -39 -40 -41 -42 42 -44 44 -46 46 -48 -49 49 -51 -52 -53 -54 -55 -56 -57 -58 -59 59 -61 -62 -63
leaf_value=0.0025081959427546113 0.0036247258906993928 -0.00070134535927498035 -0.0045480476220882103 -0.0072389116886583628 -0.010141352404262529 -0.00082433491275464175 0.005681573318917341 -0.0019142033132678682 0.0017999400998593299 -0.00050237478923305661 -0.0035211607748929499 0.0038190022424955472 -0.014708621131325287 0.0013127802544025623 0.00011144106078559362 0.0064764536362703498 0.0029879293790946015 -0.0050949906583289952 -0.0025848974236040109 -0.0002100877345896126 0.00013933754673248777 0.0011097631385813755 -0.020551743613939421 -0.0019312930480125683 0.0024825090135440924 -0.025080032470941427 0.011651205243065243 0.020874949407754931 -0.0044365604582516996 0.0098969661773514617 -0.0031726398745049347 0.0048615241541553654 -7.0812225425354435e-05 0.00015064946339644455 -0.0052144026752272829 0.0062243388738223229 -0.0025356224357242899 -0.0055854466109681944 -0.0015831436890243499 0.0012639492983008401 0.0036917454942981512 -0.0028599365136424185 -0.0085587086134638526 0.00020297663677382806 0.0002347322924115007 -0.00053105162567765839 0.006398480387637533 -0.013590460588124246 0.0054048842558606907 0.00032185982717431962 -0.0036144190069959232 -0.019380368529007149 -0.00081077727659520295 -0.0094896408831654511 -0.00098334035601223735 -0.0093558922051964373 -0.0016994562354183951 -0.0055240053370594908 -0.0050564580811365348 0.0080792418960644544 0.03382156247339177 -0.005838634388097801
leaf_weight=16273.527031466365 1303.3060892373323 4202.3575170338154 677.0788946300745 2307.4593108296394 650.47913168370724 8243.1213377416134 4138.3271254748106 3738.1671219617128 5693.4560733735561 874.1545233130455 593.79799255728722 5555.8325581401587 160.24981945753098 3427.1866238564253 1208.3800779283047 1472.863657310605 1987.4792611449957 2978.5917535573244 5227.0448164343834 5416.6820077896118 1013.5255776792765 24097.883382350206 116.9348396807909 511.8908833861351 180.1321887075901 94.063146024942398 46.745829895138741 54.483634427189827 141.60532839596272 742.66884191334248 3063.2971733063459 3286.1018440276384 45654.65978525579 4144.4814220964909 2547.1236432492733 415.0658472776413 1243.6686362326145 2330.3617273122072 2259.8347436338663 1564.9163362085819 1599.4907881617546 9363.5475272834301 1009.3512295931578 584.45121249556541 15971.68981577456 2793.2796139866114 575.95289194583893 89.117042124271393 1991.7620394676924 6392.3160380572081 336.12333855032921 52.709236204624176 3152.4366204440594 551.04266731441021 2299.369257837534 898.56336788833141 1548.5177688747644 469.98608516156673 149.47030431032181 681.09115497767925 33.491326421499252 2725.0120377242565
leaf_count=65101 5216 16829 2713 9254 2609 32984 16555 14957 22780 3499 2379 22225 642 13718 4837 5896 7956 11930 20930 21681 4057 96408 468 2048 721 377 187 218 567 2971 12264 13151 182707 16582 10204 1662 4980 9328 9046 6262 6400 37521 4048 2340 63926 11174 2304 357 7968 25578 1345 211 12617 2211 9204 3598 6201 1881 598 2725 134 10927
internal_value=-1.74062e-07 -0.000747513 -0.00282258 -0.00362105 0.00118297 0.00145458 0.00179817 0.00127386 -0.000578529 -0.00461876 0.00113881 0.00359352 -0.000315063 -0.00151716 0.00231554 0.00360899 -0.00137684 -0.00207967 -0.00104139 -0.000126491 -0.00170853 0.00156457 0.000943466 -0.00542104 3.76685e-05 0.00126177 -0.00591802 0.00255966 -0.0127472 3.03417e-05 0.000189815 0.000547505 0.000289859 0.0020441 -0.0016351 -0.00329301 -0.000341184 -0.00385075 0.000322245 0.00416445 0.00607377 -0.00441741 -0.00391983 -0.000724506 -0.000344728 0.00262482 0.000655063 -0.00488398 0.000283771 0.00133123 0.00410159 -0.000398343 -0.00189099 -0.00654082 -0.002791 -0.00559117 0.000935284 0.000509126 0.00108006 0.00571206 0.0109715 -0.00353182
internal_weight=222908 136615 23559.8 19607.7 86292.8 74765.1 57801.8 44738.4 11527.7 1524.63 3952.12 13063.4 113055 15329.1 3275.04 2681.24 15168.8 11632.8 8654.23 97726 8813.28 41000.2 24726.7 628.826 10003.1 6119.47 426.015 190.347 235.668 88912.7 81143.7 58326.4 55040.3 9385.6 7769 4205.86 1658.73 3343.89 3563.14 3940.57 2375.65 15405.4 13097.9 22817.4 19754.1 8925.07 3369.23 135.863 16963.3 8720.2 2327.89 5469.39 3883.61 731.175 3782.38 1483.01 3536 5445.03 4975.04 830.561 776.16 12088.6
internal_count=892167 546909 94404 78579 345258 299115 231240 178982 46143 6108 15825 52258 452505 61377 13112 10733 60735 46578 34648 391128 35277 164025 98924 2516 40035 24486 1706 762 944 355851 324743 233411 220260 37553 31108 16846 6642 13385 14262 15767 9505 61750 52496 91332 79068 35703 13478 544 67875 34891 9313 21892 15549 2932 15142 5938 14157 21786 19905 3323 3105 48448
is_linear=0
shrinkage=0.03


Tree=14
num_leaves=63
num_cat=0
split_feature=12 2 8 11 16 14 1 18 10 10 1 10 11 16 7 11 11 10 13 11 12 16 3 10 9 14 14 12 10 8 8 7 11 12 8 7 4 11 9 16 12 8 8 11 14 7 8 6 1 6 3 2 11 1 13 16 8 18 14 18 10 7
split_gain=206.06 132.785 55.6437 48.1437 51.0718 45.7039 35.8515 33.9356 35.9295 33.1596 55.9359 32.9644 31.9266 35.8422 40.5352 30.7504 32.6743 28.7593 28.4474 34.9706 27.4995 27.297 27.0648 40.8761 26.9878 35.4874 25.7164 39.2887 25.4908 34.5537 31.742 29.9257 27.183 26.6362 24.6043 32.4145 24.183 23.533 26.1379 33.2903 31.4238 28.502 23.4064 32.682 38.5377 34.8535 36.6226 28.8968 28.2979 25.6656 25.3863 28.5785 26.433 23.216 28.0923 23.2074 22.8856 26.6911 24.3642 22.6003 25.4341 22.4421
threshold=-0.078201368523949141 0.23861480075901334 0.23861480075901334 0.13484848484848486 -0.26806722689075629 0.46922348484848492 0.36038961038961043 0.014928698752228133 -0.10948191593352884 0.32807881773399022 -0.043487394957983198 0.27772177419354843 0.069047619047619038 -0.31534090909090901 0.090992647058823553 -0.26568627450980387 -0.078201368523949141 0.44028520499108742 -0.21651785714285712 -0.32555780933062872 0.24642857142857147 -0.33364055299539169 0.41302521008403364 -0.39113300492610831 -0.4541871921182265 0.45529953917050697 0.12678571428571431 0.29099821746880572 -0.15669642857142854 0.23030303030303031 -0.32807881773399011 -0.47014260249554363 0.47014260249554374 0.073593073593073613 -0.47100840336134447 -0.39113300492610831 0.47014260249554374 0.18660714285714289 0.38403361344537817 -0.022770398481973427 0.24239631336405534 0.48571428571428577 -0.10303030303030301 0.30947580645161293 -0.40473790322580638 0.39113300492610842 -0.44028520499108731 0.40473790322580649 -0.10948191593352884 0.37298387096774199 0.073593073593073613 -0.078201368523949141 0.25378787878787884 0.38057040998217473 0.17156862745098042 -0.12678571428571425 -0.44028520499108731 0.014495798319327681 0.41042780748663105 0.015388257575757571 0.10948191593352886 0.35071301247771841
decision_type=2 2 2 2 2 2 2 2 2 2 2 2 2 2 2 2 2 2 2 2 2 2 2 2 2 2 2 2 2 2 2 2 2 2 2 2 2 2 2 2 2 2 2 2 2 2 2 2 2 2 2 2 2 2 2 2 2 2 2 2 2 2
left_child=2 6 7 4 22 28 12 8 18 -4 -11 42 13 24 -15 -6 26 -16 -1 -20 -19 -14 23 -3 25 -2 -17 -28 29 31 -30 -5 53 -33 35 -23 -7 -32 39 55 41 -40 43 44 45 46 -9 59 -45 -44 -46 -52 -53 54 -31 -39 57 -26 -59 60 -48 -10
right_child=1 3 9 5 15 36 -8 11 61 10 -12 -13 21 14 17 16 -18 20 19 -21 -22 34 -24 -25 56 -27 27 -29 30 32 37 33 -34 -35 -36 -37 -38 38 40 -41 -42 -43 49 48 50 -47 47 -49 -50 -51 51 52 -54 -55 -56 -57 -58 58 -60 -61 -62 -63
leaf_value=0.0045520889771934313 -0.0049516001758790991 -0.010406437324953409 0.00036054543804973558 0.012969191144574989 -0.0043253328438239615 -0.0054828146243294101 -0.0025449731324136637 0.014570224016452258 0.0012891905729114324 -0.0073924178865531738 0.00014222906228714754 -0.0012205531774047899 0.00088327553557760916 0.0015506560552617367 -0.00075784159624413434 -0.0013804108322882783 -0.00252121942486563 0.0022292096460993778 0.0057756507603752213 0.00038259357217223627 0.01531688090010733 -0.016268185678286723 -0.0070528657614215605 -0.0028022728978357165 0.00042638330804766497 -0.031711781537898796 0.0060055166715442575 -0.0036238833286359549 0.0048411080088577984 -0.00089757966496984982 0.0018788351824783477 0.0052468725105242926 0.008948440506186664 -0.0027338082282793979 -0.00093430347505212485 -0.00050799389554717969 -0.001555412906399556 -0.0015136765981280554 -0.0033366202455151922 -0.0067075746503944484 -0.01217516648173368 0.026358031872610297 0.0030503211296672161 -0.00028836162411578553 -0.00013288044810329632 0.030547133392397733 0.0028377996050379904 -0.023680658995670359 0.0075227413934591892 -0.0024645492608912278 -0.0094534634702990433 -0.0011827686334719338 -0.019029310395470737 -0.0004780597210705007 0.0085898029842734775 0.0046616719331988316 -0.00064245200535604759 -0.022888009132331036 -0.0018528781519716812 0.025957833962421281 -0.0080727366104146481 0.0051702781963361265
leaf_weight=7776.0898660868406 199.32160212099552 714.14984656870365 17306.356844320893 130.40611703693867 3127.1594199240208 2720.2927294820547 5050.9545584321022 204.32099507749081 26490.408837616444 1438.7243259698153 2308.7304464429617 6112.6698126792908 8532.9985364377499 27970.024932548404 14177.528012558818 1805.9395271241665 4697.6529423445463 1170.8599769771099 1452.3845630437136 4236.8222592175007 163.92558690905571 218.61868757009506 3085.9511581212282 5782.6018461436033 180.16095781326294 56.651930376887321 1495.7161023020744 510.96200004220009 704.45785707235336 444.96844881772995 1358.1853614002466 435.23204711079597 615.95675992965698 2744.9151087999344 28591.208631709218 252.61676025390625 2932.9871825873852 5173.4986669868231 426.5804408043623 1031.7689941674471 505.17036293447018 30.217225536704063 7491.2578414678574 745.70294071733952 3602.8599538058043 40.2234728038311 1298.5251423865557 40.232846677303314 946.96660803258419 844.4196003973484 656.59789803624153 1552.1608806550503 77.48099659383297 1529.4842343479395 759.94381384551525 611.56372234225273 6455.6019720137119 135.37057520449162 78.142202898859978 32.995404496788979 224.70814141631126 1411.5590927153826
leaf_count=31107 798 2867 69244 522 12531 10905 20237 819 105976 5769 9241 24464 34155 111914 56735 7228 18810 4685 5810 16949 656 875 12387 23182 721 227 5986 2047 2820 1781 5438 1742 2465 10988 114437 1011 11754 20712 1708 4130 2025 121 29971 2984 14414 161 5195 161 3789 3379 2627 6210 310 6124 3042 2448 25840 542 313 132 899 5647
internal_value=-1.80909e-07 -0.000725126 0.00114748 -0.00209636 -0.0031176 -0.00111815 -8.71635e-05 0.00158024 0.0021 -0.000193516 -0.00275168 0.000679486 5.36424e-05 0.000545735 0.000868536 -0.00178183 -0.000846806 -0.000361406 0.00337269 0.00176015 0.00384678 -0.000608503 -0.00473943 -0.00363963 -0.00142957 -0.0109745 0.00121642 0.00355299 -0.000320572 0.00111252 -0.00129053 -0.00106105 0.00325994 -0.00164027 -0.00104652 -0.00783853 -0.00344587 -0.00176376 -0.00239992 -0.00174606 -0.00702677 -0.00131903 0.00133353 0.000309072 -0.000517825 0.00326957 0.00264366 0.00110909 0.00408343 0.00249143 -0.00170217 -0.00417405 -0.00204243 0.00197573 0.00508832 -0.000860161 -0.0010713 -0.00808427 -0.015234 0.00176477 0.00122403 0.00148571
internal_weight=222902 136610 86292.2 43375.8 21220.1 22155.6 93234 65238.4 41367.3 21053.8 3747.45 23871.1 88183 50587.6 43482.3 11637.4 8510.27 15512.3 13465.3 5689.21 1334.79 37595.4 9582.7 6496.75 7105.25 255.974 3812.62 2006.68 16502.3 6660.91 9841.44 3310.55 3350.35 3180.15 29062.4 471.235 5653.28 9136.98 7778.8 6816.83 961.968 456.798 17758.5 9422.78 7730.11 1841.01 1800.78 1596.46 1692.67 8335.68 5889.1 2286.24 1629.64 2734.4 1204.91 5785.06 6849.28 393.674 213.513 1556.23 1523.23 27902
internal_count=892167 546909 345258 173763 85038 88725 373146 261004 165489 84254 15010 95515 352909 202431 173990 46602 34071 62076 53866 22759 5341 150478 38436 26049 28441 1025 15261 8033 66066 26664 39402 13252 13412 12730 116323 1886 22659 36582 31144 27290 3854 1829 71051 37701 30928 7367 7206 6387 6773 33350 23561 9147 6520 10947 4823 23160 27416 1576 855 6226 6094 111623
is_linear=0
shrinkage=0.03


Tree=15
num_leaves=63
num_cat=0
split_feature=16 2 8 11 14 11 17 9 14 14 2 10 8 17 17 17 13 2 11 17 8 7 9 7 17 4 17 4 10 15 7 11 14 15 4 16 9 10 7 9 4 2 15 11 4 11 15 8 15 10 8 4 2 13 8 2 14 11 17 10 8 11
split_gain=187.464 101.002 73.3053 61.7902 89.0774 47.0195 69.9341 55.2786 72.5005 46.1077 45.7372 40.7626 39.0547 35.0257 37.9844 74.1105 35.0013 31.1845 36.4799 39.6103 31.0982 36.1205 30.6111 28.2032 27.4977 27.4122 27.2951 27.0535 26.2305 39.8447 29.2851 26.7325 30.7669 25.6151 25.2924 25.2047 27.8304 25.7306 24.9863 27.5204 24.8039 37.8168 26.6367 24.7716 24.7433 40.4073 41.4219 33.4909 29.7649 31.5155 27.6139 23.7772 23.7641 23.5626 23.3589 22.7471 30.0034 23.8702 23.4258 40.4929 31.9228 23.7847
threshold=-0.15669642857142854 -0.090992647058823525 0.32555780933062883 -0.3507130124777183 -0.3507130124777183 -0.20777988614800755 0.015877016129032254 0.41302521008403364 0.46922348484848492 0.28456439393939398 0.3550420168067227 0.28456439393939398 -0.3507130124777183 0.014928698752228133 0.015388257575757571 0.015877016129032254 -0.41042780748663094 -0.14611005692599616 -0.40473790322580638 0.014928698752228133 -0.050055617352614011 0.10303030303030304 0.47014260249554374 -0.29361054766734279 0.015388257575757571 -0.41302521008403353 0.014928698752228133 0.14611005692599624 -0.19848484848484846 -0.38057040998217462 -0.17156862745098037 -0.10303030303030301 -0.47014260249554363 -0.43844696969696967 -0.34122983870967738 -0.47014260249554363 -0.23861480075901326 -0.090992647058823525 0.14076246334310852 0.015640273704789823 0.34611742424242431 0.44028520499108742 0.44201680672268912 0.14076246334310852 0.38057040998217473 0.44201680672268912 0.41042780748663105 0.26166328600405681 0.47100840336134459 0.22570532915360506 -0.41302521008403353 -0.15165441176470584 -0.23861480075901326 0.44201680672268912 -0.47100840336134447 -0.20777988614800755 -0.32605042016806712 0.25378787878787884 0.014495798319327681 0.29361054766734285 0.13484848484848486 0.44028520499108742
decision_type=2 2 2 2 2 2 2 2 2 2 2 2 2 2 2 2 2 2 2 2 2 2 2 2 2 2 2 2 2 2 2 2 2 2 2 2 2 2 2 2 2 2 2 2 2 2 2 2 2 2 2 2 2 2 2 2 2 2 2 2 2 2
left_child=1 25 3 54 10 6 40 8 24 13 11 20 -12 55 16 -16 -15 18 19 52 28 27 -11 34 26 35 44 -22 29 30 -5 32 -30 -19 -17 36 -1 -38 -33 -40 41 -3 -43 51 47 -46 -47 48 49 50 -7 -32 -4 -42 -2 56 -6 -58 -57 -60 -61 -62
right_child=2 5 17 4 9 7 -8 -9 -10 22 12 -13 -14 14 15 23 -18 33 -20 -21 21 -23 -24 -25 -26 -27 -28 -29 31 -31 43 38 -34 -35 -36 -37 37 -39 39 -41 53 42 -44 -45 45 46 -48 -49 -50 -51 -52 -53 -54 -55 -56 58 57 -59 59 60 61 -63
leaf_value=-0.0022835391861868132 0.011404669371991524 -0.0018718602195990741 0.0023054772594971705 0.0077208143038131512 0.0079306127508201787 -0.0071277005622855626 -0.022203027669831753 -0.0059939709574099677 -0.0038105070978776503 -0.0023828235606030194 0.01615471482628492 -0.0014818344882297147 0.0047810440019781788 -0.0091942751562958148 0.017681285020784997 -0.021827334364821056 -0.00057483922104209083 0.0029223859084413837 -0.00415652102647942 0.01376089702613424 0.00041652891648476519 0.0035550621038028252 -0.01752792490406585 0.003034945569500925 0.0046422563858048377 0.0007882587598503568 -0.0021640672670473551 -0.0056772810060776481 0.020891143819205898 0.01207249364755713 0.0059081465717853408 0.00071280997169007802 0.0050516675616149673 -0.0007470683266430217 -0.0017862391848726506 -0.0018926466839911294 0.02421620074924135 0.0033984136882990353 0.00067521070086540411 0.012465541587822964 -0.0081504623987208921 -0.0063145712235215196 -0.024354911167713683 0.0053516185746143984 -0.0026162674071887946 -0.0019779520579017123 0.0082367165583986535 0.003099980978251067 -0.0088150581771164506 0.0038042669396035696 -0.00029805394553673691 -0.010015251436493853 -0.0093069933875732404 -0.0011853636200269812 0.0022811207985480933 0.00075057085622864961 0.00016619989466942824 -0.0031987143674812365 0.0012545922161308082 0.0071728567222551403 -0.00094600808118028268 0.023452409953186138
leaf_weight=201.04899674654007 254.72671173512936 4709.3535244613886 578.66029231250286 790.48198787868023 400.43374408781528 577.07193149626255 188.42231640219688 2450.4240256249905 8448.5267386287451 4270.2231658101082 307.62430511415005 2752.258074849844 2291.5373020917177 429.36954495310783 288.41932055354118 78.407555148005486 28693.992508217692 1932.7929318547249 4321.6939818561077 209.44836440682411 2715.3832197636366 2670.5167515128851 122.62113697826862 1266.5078141689301 850.96666707098484 20840.901809051633 9375.6645691841841 863.34910809993744 123.49031352996826 757.37230889499187 117.22121676802635 3933.2400625348091 986.55841387808323 14935.74545545876 198.68942558765411 6275.0763938724995 100.45759622752666 113.70062382519245 342.45047840476036 370.69663259387016 1680.9325116574764 222.92688305675983 109.8044263869524 349.44416776299477 6178.725599065423 735.54657427966595 693.2169334590435 3492.8792819678783 357.86505423486233 1605.0469401925802 6806.6937073618174 295.44638019800186 217.35867144167423 591.14789520204067 20861.263953894377 23366.032118618488 11481.816707536578 2271.9508915543556 7374.8266846686602 2267.5737781077623 763.13729374110699 36.73565362393856
leaf_count=805 1019 18856 2316 3163 1602 2310 756 9819 33879 17094 1231 11016 9168 1720 1154 314 114826 7733 17301 838 10863 10684 491 5068 3407 83406 37548 3454 494 3030 469 15736 3947 59779 795 25126 402 455 1370 1483 6741 894 441 1398 24758 2944 2774 13984 1433 6425 27248 1182 870 2374 83466 93494 45940 9092 29508 9073 3054 147
internal_value=-1.8163e-07 -0.00120245 0.000629404 0.000913419 0.000610268 -0.00201833 -0.00420411 -0.00162377 -0.0013499 0.000181558 0.00242621 0.00186141 0.00613287 0.000348083 -0.00043861 0.00375018 -0.000702228 -0.000958465 -0.00295923 0.00218595 0.00250423 0.000915437 -0.00280947 0.00113742 -0.000672062 0.000251914 -0.000823853 -0.00105474 0.00373484 0.00643508 0.00367909 0.00265035 0.00683099 -0.000326475 -0.00751518 -0.00141872 0.00573111 0.0132308 0.00165032 0.00681274 -0.00373747 -0.00256386 -0.0123232 -0.000517713 -0.000209243 -0.00156491 0.00298036 0.000594055 -0.000342649 -4.39968e-06 -0.000832712 -0.00548875 -0.00087309 -0.00633961 0.00239171 0.000855819 -0.000153898 -0.000389834 0.00127854 0.00245976 0.00535589 0.000202419
internal_weight=222896 76606.4 146289 124094 102978 49075.2 7502.59 41572.6 39122.2 83310.7 19667.1 17067.9 2599.16 78917.9 30955.4 1832.02 29123.4 22195.7 5327.16 1005.47 14315.7 6249.25 4392.84 1543.6 30673.7 27531.2 29822.7 3578.73 8066.4 2309.97 1552.59 5756.44 1110.05 16868.5 277.097 6690.28 415.207 214.158 4646.39 713.147 7314.17 5042.08 332.731 762.112 20447 7607.49 1428.76 12839.6 9346.68 8988.81 7383.77 412.668 796.019 2272.08 21116 47962.5 14154.2 13753.8 33808.3 10442.3 3067.45 799.873
internal_count=892167 306785 585382 496545 412060 196591 30062 166529 156710 333372 78688 68289 10399 315787 123877 7331 116546 88837 21325 4024 57273 25001 17585 6177 122831 110194 119424 14317 32272 9242 6212 23030 4441 67512 1109 26788 1662 857 18589 2853 29306 20191 1335 3049 81876 30476 5718 51400 37416 35983 29558 1651 3186 9115 84485 191910 56634 55032 135276 41782 12274 3201
is_linear=0
shrinkage=0.03


Tree=16
num_leaves=63
num_cat=0
split_feature=12 2 11 8 16 14 9 2 17 10 10 10 14 7 11 2 8 12 3 14 11 9 11 11 12 11 12 7 10 16 10 11 11 17 2 11 10 14 12 14 12 16 12 6 2 3 16 14 9 2 11 8 11 12 7 8 16 11 6 14 16 0
split_gain=183.635 120.061 59.3552 49.759 36.3445 34.7854 31.025 36.4541 30.4545 33.4071 30.0471 29.9653 26.6863 36.7695 35.0231 27.526 38.237 30.9451 29.0514 27.1932 26.1685 33.7079 27.3753 26.0168 45.0311 36.5516 36.7607 33.0846 36.2001 33.7764 26.5647 25.785 25.5355 25.2853 27.2472 24.7723 24.0969 24.0656 27.4248 23.6358 40.6059 23.403 25.0928 23.6301 41.19 23.078 22.9028 29.79 24.8374 22.7783 22.6467 22.4216 30.7179 34.86 37.9341 31.302 27.3279 24.312 24.2192 22.0314 21.7259 21.7068
threshold=-0.078201368523949141 0.3133928571428572 0.11527514231499054 0.23861480075901334 -0.26806722689075629 0.46922348484848492 0.3550420168067227 -0.1111391129032258 0.014928698752228133 -0.10948191593352884 -0.15669642857142854 0.27772177419354843 -0.17694497153700187 -0.35504201680672259 -0.3507130124777183 0.1566964285714286 -0.19848484848484846 -0.39447004608294928 -0.20777988614800755 -0.38403361344537806 0.30947580645161293 0.46720430107526889 0.18660714285714289 0.069047619047619038 0.35071301247771841 -0.12678571428571425 0.47100840336134459 1.0000000180025095e-35 0.015640273704789823 -0.22301136363636362 0.10948191593352886 0.46824596774193555 -0.26568627450980387 0.014495798319327681 -0.17694497153700187 -0.193312434691745 -0.15669642857142854 0.48571428571428577 0.39447004608294933 0.12678571428571431 0.29099821746880572 -0.3507130124777183 0.044155844155844122 -0.29361054766734279 -0.47100840336134447 -0.20777988614800755 -0.3507130124777183 0.24642857142857147 -0.43844696969696967 0.33602150537634418 0.47100840336134459 -0.10303030303030301 0.30947580645161293 -0.40473790322580638 0.32555780933062883 -0.46922348484848481 0.36405529953917054 0.12284482758620692 0.37298387096774199 -0.26114081996434929 -0.40767045454545447 0.37689393939393945
decision_type=2 2 2 2 2 2 2 2 2 2 2 2 2 2 2 2 2 2 2 2 2 2 2 2 2 2 2 2 2 2 2 2 2 2 2 2 2 2 2 2 2 2 2 2 2 2 2 2 2 2 2 2 2 2 2 2 2 2 2 2 2 2
left_child=3 23 4 8 49 10 -5 -8 9 12 31 51 13 19 33 16 17 18 -15 -1 22 -22 -9 24 27 26 -26 28 -2 45 35 -4 36 -14 -35 -28 -6 41 -39 -34 -41 42 -25 44 -44 -30 47 -27 -49 -3 -7 52 53 54 55 -10 57 -55 -53 -31 -37 -29
right_child=1 2 5 6 32 50 7 20 11 -11 -12 -13 14 15 -16 -17 -18 -19 -20 -21 21 -23 -24 37 25 46 30 61 29 59 -32 -33 39 34 -36 60 -38 38 -40 40 -42 -43 43 -45 -46 -47 -48 48 -50 -51 -52 58 -54 56 -56 -57 -58 -59 -60 -61 -62 -63
leaf_value=0.015875429708752439 0.0023963832924688302 -0.00022880134846458915 0.00034284094613630989 0.00029762555307386734 -0.0092706178652537195 -0.0043469614532105861 -0.0075702758646085336 -0.00083010536752483525 0.014868061744883261 0.0013925307936664365 -0.0015060405405106197 -0.0011724356622592595 0.0017895390180841845 -0.010153821481609456 -0.00071205064154017579 0.0060596521545511779 0.0004319771038331303 0.0070523088562826231 0.0036783649047394239 0.0057469958761582878 -0.00077396473725382432 0.016472589181554628 -0.011882163703490449 -0.018303194851743167 -0.0053394507397291771 -0.026944708327062902 0.0057901912366255959 4.6577311147831585e-05 -0.0063219768530469699 -0.017954099896721511 0.0181856485661753 0.0054674919971558263 -0.003586974079129709 0.026085027193566084 0.0073550669343886588 -0.017732940100381397 -0.0022968719806726119 -0.025011144157075664 -0.0034726314276824133 0.002903309287577181 -0.0044597651128976236 -0.00092032693710674448 0.011687191305096784 0.0021078163661760168 -0.0022628551557943434 -0.00047521759594666013 0.0028374121243851919 -0.013353667900348904 -0.00052656305689476502 -0.0057067444548494911 -2.4938438798584507e-06 0.0029388865416159027 0.0039191450899075889 0.00024708276705176719 0.022387832377424876 0.00084473997456865728 -0.0057577474918694702 -0.0058519873973900596 -0.0024183989338433199 0.00099887075858416641 0.01051221053805948 -0.0030022841404314668
leaf_weight=368.62410171329975 13290.821215435863 760.77595664560795 4501.5080324709415 17909.817750871181 756.67682717740536 3988.6514944434166 1026.3596869409084 1455.898253262043 156.18022152781487 27902.440036728978 8137.8631677180529 6112.4248723238707 489.19077077507973 195.70258381962776 2681.7614357918501 2486.1807685494423 3815.8715706169605 1936.5410466343164 446.67503280937672 678.64918702840805 262.02532736957073 165.90725640952587 233.17900174856186 60.204525530338287 3067.1767070442438 40.962682709097862 241.35210628807545 21499.843923717737 1058.6230956614017 54.480657666921616 90.897447362542152 1098.5306231081486 2006.3865334093571 93.734915122389793 271.94931879639626 94.600359901785851 1086.0659501552582 53.943640485405922 1718.2845777720213 2140.0012484937906 982.85131497681141 34830.271131902933 204.36051911115646 5586.5782740861177 2632.0627192109823 1424.6837796568871 1586.0033247768879 144.98130255937576 1961.027884632349 6703.6124185621738 1480.6396840959787 7491.4108758717775 1692.7191266268492 4001.4702310115099 85.911364257335663 1618.9425218254328 1178.6731515824795 688.56969483196735 844.39102545380592 10953.982110619545 32.20927257835865 2328.3643316477537
leaf_count=1475 53181 3051 18022 71658 3037 15996 4119 5830 627 111623 32586 24464 1957 783 10728 9946 15265 7747 1787 2715 1049 664 934 241 12283 164 967 86042 4237 218 364 4396 8033 375 1088 379 4353 216 6882 8567 3939 139422 818 22365 10537 5702 6349 581 7853 26913 5934 29971 6773 16009 344 6477 4716 2755 3379 43829 129 9323
internal_value=-1.7269e-07 -0.000684575 -0.00224041 0.00108323 -0.00369382 -0.00114788 -0.000184894 -0.00293334 0.00149247 0.00198485 -0.00034225 0.000639153 0.00321207 0.00400914 0.000974005 0.00338144 0.00233941 0.00516046 -0.000544891 0.00932379 -0.000682768 0.00593525 -0.00236198 -0.000176146 0.000244788 -0.00196472 -0.00415455 0.000561735 0.0012852 0.000190479 0.00375671 0.00134891 -0.00213584 0.00625785 0.0122141 0.000154654 -0.00516394 -0.000716433 -0.00414196 -0.00104716 0.000585253 -0.000576181 0.000836755 0.000975716 -0.00125401 -0.00296921 0.000104391 -0.00191492 -0.00141552 -0.00514853 -0.00317105 0.00126274 0.000260033 -0.000541671 0.00303494 0.00208623 -0.00167618 -0.000649411 0.00239599 0.000903451 -0.0105326 -0.000251455
internal_weight=222890 136599 33643.6 86291.2 14436.4 19207.2 21053.2 3143.37 65238 41367.3 13737.9 23870.7 13464.9 9928.24 3536.64 8880.97 6394.79 2578.92 642.378 1047.27 2117.01 427.933 1689.08 102956 57870 7259.21 3526.24 50610.8 26782.6 13491.8 459.059 5600.04 6971.98 854.875 365.684 368.162 1842.74 45085.7 1772.23 5129.24 3122.85 43313.5 8483.21 8423 2836.42 2483.31 3732.98 2146.97 2106.01 7464.39 5469.29 17758.3 9422.47 7729.75 1861.03 1775.12 5868.71 4690.04 8335.8 11008.5 126.81 23828.2
internal_count=892167 546909 134827 345258 57893 76934 84254 12596 261004 165489 55004 95515 53866 39718 14148 35528 25582 10317 2570 4190 8477 1713 6764 412082 231601 29069 14122 202532 107167 53986 1839 22418 27929 3420 1463 1475 7390 180481 7098 20539 12506 173383 33961 33720 11355 9939 14947 8598 8434 29964 21930 71051 37701 30928 7448 7104 23480 18764 33350 44047 508 95365
is_linear=0
shrinkage=0.03


Tree=17
num_leaves=63
num_cat=0
split_feature=16 2 8 11 14 2 14 5 11 17 8 14 7 17 17 17 15 5 13 2 11 17 8 4 2 7 7 2 15 5 17 5 15 8 4 0 15 15 4 11 11 7 13 14 15 11 17 2 14 0 14 2 17 11 7 4 14 6 2 14 14 3
split_gain=166.169 92.5272 66.3365 56.9593 80.3615 42.7124 42.6253 40.2001 37.353 49.0493 36.514 36.243 34.5395 31.9464 35.7711 69.6528 34.01 29.6411 30.1935 29.0621 32.0015 39.505 27.5529 27.1031 38.881 26.5539 26.284 26.2057 26.0778 25.9592 24.351 44.2462 41.445 31.6343 26.8636 24.2423 24.1706 24.5668 23.8383 23.1978 24.2612 30.1029 22.8546 22.4383 22.2891 28.8231 41.2742 22.276 22.2471 26.5488 22.8856 22.0597 30.372 21.4997 38.2984 28.4589 25.0573 24.0176 21.4301 28.0021 23.9895 39.6364
threshold=-0.15669642857142854 0.072478991596638634 0.32555780933062883 -0.3507130124777183 -0.3507130124777183 0.3550420168067227 0.28456439393939398 -0.014495798319327733 -0.18156682027649768 0.015877016129032254 -0.3507130124777183 0.46922348484848492 0.13484848484848486 0.014928698752228133 0.015388257575757571 0.015877016129032254 -0.38057040998217462 -0.14400921658986171 -0.29099821746880566 -0.11596638655462184 -0.40473790322580638 0.014928698752228133 -0.044155844155844164 0.34611742424242431 0.44028520499108742 -0.29361054766734279 -0.43844696969696967 0.2573593073593074 0.44201680672268912 0.44201680672268912 0.015388257575757571 0.18660714285714289 0.40473790322580649 -0.12284482758620689 0.48571428571428577 0.3656417112299466 -0.43844696969696967 -0.42488479262672801 -0.34122983870967738 0.10303030303030304 0.28456439393939398 0.13484848484848486 0.44201680672268912 -0.23128342245989303 -0.044155844155844164 0.46609195402298859 0.014495798319327681 -0.23861480075901326 -0.40767045454545447 0.31623376623376631 0.066964285714285712 -0.21651785714285712 0.014928698752228133 0.37689393939393945 -0.17694497153700187 0.46922348484848492 -0.442016806722689 0.29705882352941182 -0.20777988614800755 -0.32605042016806712 -0.21651785714285712 0.053605313092979119
decision_type=2 2 2 2 2 2 2 2 2 2 2 2 2 2 2 2 2 2 2 2 2 2 2 2 2 2 2 2 2 2 2 2 2 2 2 2 2 2 2 2 2 2 2 2 2 2 2 2 2 2 2 2 2 2 2 2 2 2 2 2 2 2
left_child=1 17 3 48 5 7 13 -5 9 23 -7 30 22 58 16 -16 26 -1 -19 20 21 47 27 24 -3 38 -15 -9 -26 53 -10 32 33 -32 -33 -27 -21 -38 -17 -28 43 -42 -25 -41 45 -22 -47 -4 -2 -50 -51 -24 -53 54 56 -56 -12 -55 59 -6 61 -61
right_child=2 8 19 4 6 10 -8 12 11 -11 29 -13 -14 14 15 25 -18 18 -20 36 44 -23 51 42 28 35 39 -29 -30 -31 31 34 -34 -35 -36 -37 37 -39 -40 40 41 -43 -44 -45 -46 46 -48 -49 49 50 -52 52 -54 57 55 -57 -58 -59 -60 60 -62 -63
leaf_value=-0.00089012567311435621 -0.00075956639551248413 -0.0013031589343217181 0.0022516112425126507 0.0031421536951605918 0.0076396100228443625 0.01557019669918857 -0.0027115360799967632 -0.00062648616786827439 -0.0013205544378560626 -0.020592425593319759 -0.021159299938710727 -0.0034689368475952866 0.0028951438434789843 -0.029581537656624048 0.017143592930011085 -0.021192688681686431 -0.0005200709941374634 -0.012457328927565601 0.00095370584077477652 0.0029294853642604307 -0.0058774206323925996 0.012786377093295788 0.003449546224901756 -0.0079231738862836944 -0.0056462116013875283 0.0042609193105562363 -2.2671075207721476e-05 0.0068471670114045383 -0.022053217848708003 -0.0023917741412379282 0.0068300181192236884 0.012098248392737715 0.013817945776694169 -0.020351430788210157 -0.0065834728481382653 -0.010119736695839921 -0.026458636751100887 -0.00062344223256088785 -0.0017312202741335172 -0.010695905109994368 -0.011744810084957905 0.013663557653662485 -0.0014864243619517328 -0.036458972264376166 -0.0010393888391546063 -0.010338949277973528 0.025293234823201706 -0.0081224342624023615 0.0029511522969074087 0.00083927030775812685 -0.0075613698492920005 -0.0077426799724216438 0.00093284386017926824 0.015476882062187614 0.0073921776413443992 -0.011587316432110266 0.00043783355936939645 -0.0027319137004923172 0.00121977668328906 -0.00097655034066871629 0.00014232382124646715 -0.010406534918740796
leaf_weight=17598.036362066865 1962.636869058013 3743.643228828907 578.65876114368439 8919.598024815321 400.4373569637537 307.54948458075523 4392.4010645598173 2740.16718788445 25385.22132088244 158.18769966065884 76.486665189266205 7985.3562069386244 2842.59221175313 43.166924774646759 288.42717133462429 78.351172238588333 28409.997660785913 151.37985782325268 17883.739423111081 1883.8428853452206 2966.435325935483 234.94530841708183 310.89768163859844 1842.1378728747368 256.20720973610878 1151.3666760325432 331.66892711818218 498.14729388058186 131.97784940898418 397.65822978317738 52.200436219573021 435.87519742548466 69.438516482710838 141.8521743118763 81.666990384459496 115.18482829630375 32.203071713447571 14387.816457718611 198.68434898555279 74.079950839281082 155.12043514847755 56.463824734091759 680.21381261944771 52.147929444909096 1720.6115288585424 52.458133190870285 63.95784892141819 273.53049202263355 17374.358149781823 1412.2146546244621 366.84665931761265 1243.5094226151705 512.56396253407001 340.68540097773075 1193.2243876457214 74.728290468454361 128.46827751398087 80.230011031031609 33808.771646529436 1628.1474936306477 11594.066359013319 531.4222869426012
leaf_count=70446 7853 14994 2316 35690 1602 1231 17585 10963 101678 636 306 32036 11373 173 1154 314 113692 606 71578 7537 11878 940 1244 7392 1028 4607 1328 1993 531 1591 209 1745 278 568 327 461 129 57588 795 297 621 226 2733 209 6888 210 256 1095 69512 5651 1469 4975 2051 1363 4774 299 514 321 135276 6514 46392 2126
internal_value=-1.72724e-07 -0.00113218 0.000592561 0.000862736 0.000571673 0.00229651 0.000164478 0.00175072 -0.00210463 -0.00413288 0.0058786 -0.00169994 0.000227294 0.000324584 -0.000426745 0.00363818 -0.000682573 -1.42229e-05 0.000840454 -0.000917993 -0.00272385 0.00192274 -0.00120243 -0.00373856 -0.00224173 0.00110516 -0.00715098 0.000524939 -0.0112667 0.00457162 -0.00115997 0.00405433 -0.00593808 -0.0130421 0.0091433 0.00294614 -0.000265411 -0.000682969 -0.00729174 -0.00566273 -0.0111838 -0.0049319 -0.00618862 -0.0215422 -0.00377566 -0.005302 0.00928573 -0.0010838 0.00228206 0.00259376 -0.000896236 -0.00390763 -0.00521137 0.00603427 0.00432018 0.00626535 -0.00768555 0.0120079 0.000809481 -0.000170577 -0.00039851 -0.0033008
internal_weight=222884 76597.1 146287 124092 102976 19666.5 83309.9 17067.5 40964 6812.37 2599.03 34151.6 8147.88 78917.5 30954.7 1832.01 29122.6 35633.2 18035.1 22194.5 5890.6 1087.13 5305.29 6654.18 4131.83 1543.59 712.648 3238.31 388.185 2291.48 26166.3 781.033 263.491 194.053 517.542 1266.55 16303.9 14420 277.036 669.481 337.812 211.584 2522.35 126.228 4803.46 3082.85 116.416 852.189 21116.1 19153.4 1779.06 2066.97 1756.07 1893.82 1472.91 1267.95 204.955 420.915 47962.8 14154.1 13753.6 2159.57
internal_count=892167 306785 585382 496545 412060 78688 333372 68289 164155 27314 10399 136841 32599 315787 123877 7331 116546 142630 72184 88837 23583 4351 21226 26678 16553 6177 2854 12956 1559 9168 104805 3127 1055 777 2072 5068 65254 57717 1109 2681 1353 847 10125 506 19232 12344 466 3411 84485 76632 7120 8270 7026 7577 5893 5073 820 1684 191910 56634 55032 8640
is_linear=0
shrinkage=0.03


Tree=18
num_leaves=63
num_cat=0
split_feature=15 1 11 8 11 14 14 5 1 1 5 2 5 5 1 17 7 8 2 10 10 6 8 8 17 2 2 11 17 5 2 17 17 17 15 9 14 11 14 7 5 7 9 14 11 10 6 2 7 15 11 15 9 3 11 6 7 10 0 3 17 10
split_gain=155.989 89.4792 80.2992 64.202 53.4336 74.6565 44.203 43.8674 90.8332 78.6365 59.5541 40.3118 39.1396 37.8608 45.0507 37.4205 36.7359 34.2951 34.1969 33.4924 32.1237 34.5401 31.8182 36.1058 29.1026 27.3524 26.8768 30.3313 33.6946 26.6043 29.6111 26.3748 34.2201 57.0273 32.4134 25.5192 25.2053 28.9487 31.0985 24.8127 24.5282 24.4236 24.3249 24.036 23.6233 23.494 22.9417 22.8206 46.2364 22.8136 22.6834 22.599 23.0843 26.1157 22.7559 25.0078 24.0348 22.4496 28.1067 22.406 22.1504 32.4149
threshold=0.16190476190476191 0.38057040998217473 0.44201680672268912 0.32555780933062883 -0.3507130124777183 -0.3507130124777183 0.28456439393939398 -0.014495798319327733 -0.15921658986175113 0.074643493761140836 -0.29099821746880566 0.3550420168067227 0.11942959001782534 -0.14611005692599616 -0.13435828877005343 0.015388257575757571 0.23030303030303031 -0.3507130124777183 0.36405529953917054 0.069047619047619038 -0.23030303030303029 -0.15669642857142854 -0.46824596774193544 -0.47014260249554363 0.014495798319327681 -0.23861480075901326 -0.14611005692599616 -0.40473790322580638 0.014928698752228133 0.35071301247771841 0.48571428571428577 0.014928698752228133 0.015388257575757571 0.015877016129032254 -0.38057040998217462 0.48571428571428577 0.31534090909090917 -0.15111561866125756 0.17156862745098042 -0.43844696969696967 0.44201680672268912 -0.29361054766734279 0.48571428571428577 0.47100840336134459 -0.4541871921182265 0.42266009852216752 0.47014260249554374 0.34330357142857149 -0.10948191593352884 -0.43844696969696967 0.46609195402298859 -1.0000000180025095e-35 0.35071301247771841 0.24239631336405534 0.42266009852216752 -0.30322580645161284 -0.38057040998217462 0.3550420168067227 0.26806722689075635 0.096875000000000003 0.014495798319327681 -0.44028520499108731
decision_type=2 2 2 2 2 2 2 2 2 2 2 2 2 2 2 2 2 2 2 2 2 2 2 2 2 2 2 2 2 2 2 2 2 2 2 2 2 2 2 2 2 2 2 2 2 2 2 2 2 2 2 2 2 2 2 2 2 2 2 2 2 2
left_child=3 7 36 4 -1 11 31 8 10 18 25 13 -11 14 20 24 -15 -13 19 -9 21 59 23 -22 -14 -2 27 28 -5 30 43 -7 34 -34 39 46 37 38 -3 -33 -19 -35 -38 -4 -10 -24 -8 -26 -49 -28 51 52 54 -54 55 56 -29 60 -59 -6 -31 -62
right_child=1 2 29 26 5 6 35 9 44 12 -12 17 15 16 -16 -17 -18 40 -20 -21 22 -23 45 -25 47 -27 49 50 -30 57 -32 32 33 41 -36 -37 42 -39 -40 -41 -42 -43 -44 -45 -46 -47 -48 48 -50 -51 -52 -53 53 -55 -56 -57 -58 58 -60 -61 61 -63
leaf_value=0.0022496555077418561 -0.00051710503910763371 -0.00046461765694708442 -0.0031799398278555169 -0.00088320026728114687 0.013991503166947089 0.00077071997503074137 -0.0023055130227790876 0.0051114928294807909 -0.016985549713265109 -0.0033819466149886063 0.001469590034723854 0.015109140691192957 0.001298390601649478 -0.00028570381629208856 0.0074990696748066625 0.0089453650942730757 0.0042082538978616742 0.0058705494625233764 -0.0023695392395880893 0.001107568536590167 0.0026553223242653081 0.00095259051259980723 0.00054592417650252488 0.025854489191088414 -0.00044755821611979825 -0.0032377795894265567 0.0027455792824433709 0.004591873319545723 0.012794688924058254 0.0011441275556871742 0.005715387630278416 -0.028749067284953321 0.016197336397718688 -0.0070458035013146562 -0.00046320921555818314 -0.021322854158278077 -0.0043566306194759881 -0.00054178466824036941 -0.010143066377473258 -0.0054962056294029305 -0.0023202163676240232 0.0031298281790155167 -0.019415005059229749 -0.01719417945784929 -0.003665210059253448 -0.0099764966502508164 -0.019533145618744332 -0.011448388663220333 -0.0015104889461405942 -0.00072291472524700152 0.007413635729287698 -0.0007448287090226351 -0.012849248695425492 0.0062879086335960264 -0.021410775613318184 -0.0030909758487373197 -0.0285776468559743 0.01785522017734072 -0.016267813974814208 -0.010275172246276271 0.033564944731218564 0.0055867961795292662
leaf_weight=20765.689941957593 8882.6898056715727 532.1507314145565 308.16283549368382 789.1818610727787 469.44623957574368 47189.692838683724 3750.3179208636284 4489.790692910552 120.61194132268429 3872.6038355082273 10193.243324056268 307.45817188918591 6196.7545891106129 8453.0256202071905 1821.2994751632214 408.86276566982269 2029.2823738008738 1893.2407996952534 1035.285182505846 3235.7054955363274 175.20785346627235 471.60512709617615 3315.603420317173 91.338232472538948 5849.8440515547991 5315.517407104373 1932.8596035093069 27.480907425284386 202.95643427968025 1979.0240234136581 191.90944546461105 43.114102557301521 275.64817748963833 256.48146796226501 26981.096677228808 65.87475959956646 11271.662435516715 3595.023432418704 680.66172133386135 669.32950481772423 397.65560795366764 1209.1093205064535 96.471037819981575 170.93176744878292 8566.7168046683073 201.63971611857414 69.907995417714119 561.9028737694025 1677.0440617650747 14528.549448847771 152.64318227767944 1135.7923951596022 575.98432168364525 71.607874915003777 66.915747240185738 2102.0629469305277 65.955467820167542 26.217953413724899 108.58101826906204 36.22784161567688 37.975345179438591 881.99151629209518
leaf_count=83082 35564 2134 1234 3159 1879 188814 15015 17967 483 15508 40799 1231 24807 33820 7287 1637 8119 7575 4150 12949 701 1887 13265 367 23417 21291 7733 110 812 7925 770 173 1103 1027 107974 264 45226 14406 2732 2681 1591 4838 388 686 34304 808 280 2252 6721 58152 611 4547 2312 287 268 8413 264 105 435 145 152 3531
internal_value=-1.92818e-07 -0.00105787 -0.00280358 0.000595347 0.000864695 0.000577577 0.000172825 -0.000483296 -0.00121809 0.000406149 -0.000279847 0.00223475 -0.00069929 0.00170449 0.00348753 7.88594e-06 0.000584605 0.00571519 0.00274876 0.00343487 0.0019517 0.00679758 0.000698646 0.010672 -0.000248519 -0.00153583 -0.000909094 -0.00279116 0.00192488 0.00118011 -0.00422139 0.000331145 -0.00037358 0.00370456 -0.000630119 -0.00294814 -0.00371598 -0.00189445 -0.00590029 -0.0069417 0.0044484 0.00134548 -0.00448611 -0.00820535 -0.00385208 -5.99789e-05 -0.0026258 -0.00143361 -0.00400858 -0.00031551 -0.00390581 -0.0043346 -0.00573498 -0.0107267 -0.00430204 -0.00377108 -0.0188767 0.00237579 -0.00954839 0.0122361 0.00293335 0.0067769
internal_weight=222879 80287.3 19880.8 142591 120939 100174 80510.6 60406.6 33078.8 27327.8 24391.5 19663 18567 17064.7 6582.37 14694.4 10482.3 2598.35 8760.78 7725.5 4761.07 977.279 3783.79 266.546 14285.5 14198.2 21652 5190.58 992.138 3704.79 671.004 76624.5 29434.8 1741.24 27693.5 3886.1 16176 4807.84 1212.81 712.444 2290.9 1465.59 11368.1 479.095 8687.33 3517.24 3820.23 8088.79 2238.95 16461.4 4198.44 4045.8 2910.01 647.592 2262.42 2195.5 93.4364 3033.79 134.799 505.674 2898.99 919.967
internal_count=892167 321573 79724 570594 483926 400844 322169 241849 132441 109408 97654 78675 74342 68278 26339 58834 41939 10397 35066 30916 19052 3911 15141 1068 57197 56855 86668 20783 3971 14838 2690 306610 117796 6968 110828 15559 64886 19272 4866 2854 9166 5865 45614 1920 34787 14073 15295 32390 8973 65885 16812 16201 11654 2599 9055 8787 374 12148 540 2024 11608 3683
is_linear=0
shrinkage=0.03


Tree=19
num_leaves=63
num_cat=0
split_feature=12 2 9 5 1 5 12 1 5 0 4 17 17 6 5 12 4 6 2 1 4 4 4 1 4 5 15 1 6 1 3 1 17 7 9 3 14 6 7 14 15 2 3 5 9 2 15 5 17 15 15 4 9 6 2 9 14 7 17 0 12 7
split_gain=156.669 102.742 34.9314 37.5532 47.6388 42.4691 34.8618 30.5191 31.6918 27.0314 24.3898 23.0739 40.7219 22.2612 21.8554 29.1799 21.6464 21.3975 21.2405 21.0808 49.2976 39.4323 22.5178 24.5972 46.2956 24.954 30.5021 23.3163 20.9712 20.4938 20.4668 20.1155 19.9241 29.4628 19.2525 19.0433 18.7603 18.5586 19.1213 18.5327 17.741 17.6325 21.4081 21.083 20.0848 20.0411 17.6271 17.3253 17.3067 22.2734 26.5262 27.5682 23.8708 19.2081 17.4699 18.7639 17.2395 17.2045 17.1854 20.9887 18.6886 17.0287
threshold=-0.078201368523949141 0.23861480075901334 0.34122983870967749 0.2611408199643494 0.11596638655462189 0.10771780303030305 0.46922348484848492 0.36038961038961043 -0.41302521008403353 -0.38057040998217462 0.044155844155844122 0.015388257575757571 0.015877016129032254 -0.46922348484848481 0.35071301247771841 0.47014260249554374 -0.442016806722689 0.069047619047619038 0.030776515151515142 -0.17694497153700187 -0.16190476190476188 -0.19223484848484845 0.35071301247771841 0.014495798319327681 -1.0000000180025095e-35 0.037053571428571415 -0.13246753246753243 0.2611408199643494 -0.41302521008403353 0.33602150537634418 -0.442016806722689 0.11596638655462189 0.014928698752228133 -0.015640273704789816 -0.17156862745098037 -0.26114081996434929 0.21651785714285718 -0.032291666666666656 -0.12678571428571425 -0.11527514231499052 -0.42488479262672801 -0.090992647058823525 0.21198156682027655 -0.15921658986175113 0.31534090909090917 -0.10303030303030301 0.037053571428571415 -0.46114369501466274 0.014928698752228133 -0.29099821746880566 0.25378787878787884 -0.38057040998217462 0.46824596774193555 -0.40767045454545447 -0.23193277310924368 -0.43218390804597695 -0.24642857142857141 0.44201680672268912 0.014928698752228133 -0.16421568627450978 0.42488479262672812 0.18660714285714289
decision_type=2 2 2 2 2 2 2 2 2 2 2 2 2 2 2 2 2 2 2 2 2 2 2 2 2 2 2 2 2 2 2 2 2 2 2 2 2 2 2 2 2 2 2 2 2 2 2 2 2 2 2 2 2 2 2 2 2 2 2 2 2 2
left_child=2 7 3 4 5 34 16 8 37 17 29 19 18 56 -8 -16 -3 40 -13 21 -21 41 23 24 -22 26 -25 -24 -9 -6 -19 -5 -27 -34 35 -1 -35 48 47 -33 -4 42 43 44 -10 -45 -23 -39 -2 -50 51 53 54 -51 55 -52 -11 -46 59 -43 -60 -57
right_child=1 6 9 31 10 -7 14 28 11 13 -12 12 -14 -15 15 -17 -18 30 -20 20 22 46 27 25 -26 32 -28 -29 -30 -31 -32 39 33 36 -36 -37 -38 38 -40 -41 -42 58 -44 45 57 -47 -48 -49 49 50 52 -53 -54 -55 -56 61 -58 -59 60 -61 -62 -63
leaf_value=0.0042750593030063001 0.00060437958449762082 0.0037477472184806941 -0.014406191415444598 -0.0030696145723430909 0.0057040174556978358 -0.0019592903503270562 -0.005421526709052658 -0.0094865437600987427 0.0012428830697346874 0.024962681565695935 0.0028060885607054053 0.021649351565741711 0.0017923794533282571 -0.0001707096323441815 -0.0089022000488927708 -0.0013487749702065519 -0.0015433983648741375 -0.032519031936842302 0.0030749797753879099 -0.0031645167240137613 -6.5030949064416471e-05 0.0002338276471157627 0.008812849995830388 0.0051750667330337846 0.003784275712423913 0.00053823799348022073 -0.0033921569541354823 0.0013934622970192233 -0.0018159929826913519 0.017115424421780823 -0.0092308638016671638 0.00081402599361035622 0.00081110318589292559 -0.0043025837814858105 0.00097899959917065898 0.0016979917549927062 -0.00026423275000600786 -0.010025763299498678 -0.001699875209466735 -0.0021972559561652225 7.2924355984803005e-05 -0.0017727290060338377 -0.0026591767287664717 0.0033377365029389201 -0.00098477828454264808 0.021967858268195788 0.0047373079116511127 -0.002998566841225625 -0.022759175614215033 0.011459669431866567 -0.022124780389900477 -0.012156677414463083 0.021708985335762442 0.00050052720391563759 -0.015627420629948922 -0.0045066300153878873 0.0033048896400154405 -0.013232345985172833 -0.0022945875234946763 0.0027212580253121572 -0.012045780992097006 0.018069852931833944
leaf_weight=3523.1809599399567 4017.3193144202232 709.1679545789957 93.850467413663864 1709.3815011978149 1198.4219258874655 3581.2005506306887 3475.5866236835718 343.35100780427456 12735.758468583226 53.972478300333023 11287.313027054071 156.8603650778532 1352.7547012865543 13838.928264901042 521.02351708710194 3898.0562486350536 34751.697394430637 43.357637986540794 85.951214194297791 4591.431902423501 10949.588969647884 1059.4313474297523 493.27169480919838 410.03292611241341 3782.7141390442848 13107.301385134459 4163.8865810632706 1668.8885344564915 4705.9415270388126 160.09788358211517 151.31059946119785 12445.920433327556 3254.6840146034956 3021.0176055133343 25922.914986267686 9650.2174050360918 1575.0572612583637 573.70920817553997 2679.1105038374662 2157.3909003585577 386.48673205077648 2158.1025769859552 1482.7465462833643 2253.3509917110205 3205.458175599575 52.23670394718647 2989.5421306490898 703.59695023298264 48.902370110154152 195.83461605012417 50.64394012093544 117.41184973716736 25.453471630811691 535.97549453377724 174.41222117841244 513.24933831393719 83.966543734073639 105.67227038741112 2014.6104086041451 1649.2040279656649 193.03277525305748 30.958281725645065
leaf_count=14096 16086 2841 376 6841 4795 14329 13955 1379 50962 216 45156 628 5413 55397 2093 15642 139232 174 344 18376 43817 4239 1974 1641 15136 52450 16670 6679 18858 641 607 49798 13026 12092 103709 38607 6305 2298 10731 8633 1547 8637 5934 9016 12827 209 11962 2818 196 784 203 470 102 2146 699 2056 336 423 8063 6600 773 124
internal_value=-2.0048e-07 -0.000632408 0.00100051 0.00127349 0.00164646 0.00116721 -0.00183894 -7.12988e-05 5.85996e-05 -0.000334142 0.00326365 0.000258168 0.00382783 -5.07619e-05 -0.00364181 -0.00224116 -0.00143748 -0.00619315 0.0151139 0.00018407 -0.000211982 0.000806867 0.000107612 -5.25809e-05 0.000923519 -0.000615818 -0.00262318 0.0030894 -0.00233936 0.00706042 -0.0145574 8.54298e-06 -0.000177625 -0.00137272 0.00145364 0.00238749 -0.00291901 -0.00156217 -0.00314107 0.00036904 -0.00278012 0.000375626 0.000807085 0.00108726 0.00070172 0.00376917 0.0035593 -0.00616025 -0.000467827 -0.00301116 -0.00241023 0.00127606 -0.006346 0.00344486 -0.00730127 -0.00483788 0.0118978 -0.00137953 -0.00104707 0.000174127 -0.00315228 -0.00319154
internal_weight=222872 136584 86287.9 71636 55323.3 42677.5 43355.5 93228.5 88179.2 14651.9 12645.8 78512.6 1595.57 13976.9 7894.67 4419.08 35460.9 675.005 242.812 76917 47017.9 29899.1 42426.4 40264.3 14732.3 25532 4573.92 2162.16 5049.29 1358.52 194.668 16312.7 20958.1 7850.76 39096.3 13173.4 4596.07 9666.58 3956.42 14603.3 480.337 25850.2 19835.2 18352.5 16046.9 2305.59 4048.97 1277.31 5710.16 1692.84 1643.94 849.222 794.717 731.81 769.264 594.852 137.939 3311.13 6014.95 3807.31 2207.64 544.208
internal_count=892167 546909 345258 286605 221333 170741 173763 373146 352909 58653 50592 314196 6385 55949 31690 17735 142073 2704 972 307811 188166 119645 169790 161137 58953 102184 18311 8653 20237 5436 781 65272 83873 31423 156412 52703 18397 38713 15847 58431 1923 103444 79371 73437 64212 9225 16201 5116 22866 6780 6584 3400 3184 2930 3082 2383 552 13250 24073 15237 8836 2180
is_linear=0
shrinkage=0.03


Tree=20
num_leaves=63
num_cat=0
split_feature=16 1 11 5 2 17 1 15 14 11 10 2 5 1 1 10 11 7 15 11 4 9 17 2 17 5 11 2 11 10 9 11 14 10 17 11 11 11 7 5 17 7 11 10 9 5 2 16 15 10 14 5 1 1 4 10 4 11 5 2 9 2
split_gain=140.38 83.7163 77.8326 44.8037 64.7418 45.135 42.4829 42.0616 41.4821 55.7457 53.1133 52.0406 39.758 61.4301 57.5366 37.9599 39.8744 34.9281 35.6767 44.5455 34.0981 33.9397 33.4543 58.4709 39.129 30.6764 31.4493 29.3698 45.1546 28.3149 27.866 38.7532 27.3433 27.2694 36.034 26.0114 38.191 28.6728 26.4346 25.043 24.8503 23.9796 23.6763 29.5614 23.4619 23.3708 27.8821 24.6691 28.2601 29.8067 23.1491 23.0572 39.7659 34.6281 38.5454 24.3963 23.7686 22.7602 25.0567 22.988 22.7266 22.6227
threshold=-0.15669642857142854 0.38057040998217473 0.44201680672268912 0.20777988614800766 -0.090992647058823525 0.015877016129032254 0.31623376623376631 0.46922348484848492 -0.32085561497326193 -0.3507130124777183 0.26904761904761915 0.32605042016806729 0.13046218487394959 0.13046218487394959 0.074643493761140836 -0.43844696969696967 0.38057040998217473 0.12678571428571431 -0.39447004608294928 0.13484848484848486 0.053605313092979119 0.38057040998217473 0.015877016129032254 0.27207792207792214 0.015388257575757571 0.17694497153700192 0.32555780933062883 0.37119815668202771 -0.18660714285714283 0.48571428571428577 0.41302521008403364 0.16190476190476191 0.28456439393939398 -0.3507130124777183 0.014928698752228133 -0.46609195402298847 -0.442016806722689 -0.46922348484848481 -0.26568627450980387 -0.014495798319327733 0.015388257575757571 -0.39827586206896548 -0.35504201680672259 -0.47014260249554363 -0.32085561497326193 0.35071301247771841 0.48571428571428577 -0.47100840336134447 0.40767045454545459 0.3550420168067227 0.48571428571428577 -0.014495798319327733 0.074643493761140836 -0.16421568627450978 -0.3507130124777183 0.47100840336134459 -0.12678571428571425 0.29705882352941182 -0.47100840336134447 0.41302521008403364 -0.18660714285714283 -0.46922348484848481
decision_type=2 2 2 2 2 2 2 2 2 2 2 2 2 2 2 2 2 2 2 2 2 2 2 2 2 2 2 2 2 2 2 2 2 2 2 2 2 2 2 2 2 2 2 2 2 2 2 2 2 2 2 2 2 2 2 2 2 2 2 2 2 2
left_child=1 3 -3 4 51 7 27 30 10 11 12 33 14 -14 15 16 42 18 19 -11 -15 -21 24 25 -12 26 -24 -5 -29 40 -6 -32 -20 34 -10 37 -37 -13 -38 -17 -8 -7 43 -2 -36 46 50 -47 49 -49 -4 53 -53 54 -1 -55 -56 60 -59 -60 -9 -19
right_child=8 2 45 6 5 41 29 57 9 17 22 35 13 20 -16 39 -18 61 32 21 -22 -23 23 -25 -26 -27 -28 28 -30 -31 31 -33 -34 -35 44 36 38 -39 -40 -41 -42 -43 -44 -45 -46 47 -48 48 -50 -51 -52 52 -54 55 56 -57 -58 58 59 -61 -62 -63
leaf_value=-0.00085494391719151516 -0.021352580365079827 -0.0036470373026499612 -0.0041756272426397342 0.0035511061682918853 -0.0011022994922303792 0.0035697814540841689 -0.0011566856426867907 -0.01321103381271531 0.0077977297679523031 -8.7375929541728565e-05 -0.00070564701465600102 0.00036230065524935746 -0.0032888292871155978 0.016313123756323322 0.0061024646935933652 0.0022571835142991417 -0.019183162181139281 -0.0079333029459440849 0.00063422169422694841 -0.010225766284231226 0.0016330054821788616 -0.036745758808134368 -0.0021219127175296348 0.012150272557755418 0.032963854650401525 -0.040066081891342448 -0.025976134141097292 -0.015312442098390978 0.00080343368391494778 -0.020469197691081034 -0.0023315949042704595 -0.01341133513224709 -0.0021020670846716672 0.001645896239398418 -0.0026445352429896375 -0.024477406999945443 0.0070872220917493935 0.030641005973447252 -0.0069311496714824393 -0.0011893507472157362 0.01189185317699816 -0.016122066353140219 0.015780385112621115 0.0092349357742945812 0.0070157087605122789 -0.0031571339255084259 0.005768003354117643 0.0008644123849756365 0.0062561542856136203 -0.023017899034225769 -0.019981712625605521 0.0040150708083346335 -0.0016298916371867216 -0.0026922451525589986 0.001640233021036476 -0.017944639965195686 0.008672779053408174 -0.02636085398889575 -0.005362682250122432 0.0040036565568085094 -0.0051714284614112864 -0.00074609851189367919
leaf_weight=10036.415188193321 36.733560293912888 15864.527483507991 370.09242658317089 5833.8030848950148 17161.684506908059 67.867481037974358 4428.1034751087427 512.79778511822224 1580.5618909597397 471.31722229719162 5936.533454105258 201.98689143359661 2742.1248847991228 143.94843386113644 3921.7481788247824 10398.478762030602 39.4838507771492 398.05655354261398 55432.45302939415 266.46081846952438 8155.515208542347 51.28292553126812 114.50009414553642 77.679303884506226 30.22842364013195 43.921457782387733 87.217125311493874 180.06522856652737 1151.4024857729673 65.629724308848381 987.1022746860981 398.26390101015568 3492.9702727794647 15673.72396196425 680.81260630488396 95.405636325478554 145.05309842526913 31.709543764591217 710.2413594275713 2320.2021838575602 134.37478217482567 300.3623870164156 375.25655338168144 114.46825210750103 337.66942737996578 593.46397691965103 191.66708680987358 895.57830998301506 1475.628267377615 48.63733471930027 106.9649039208889 3165.5532157719135 1739.7530858814716 3057.7675937861204 5425.0183010846376 96.43301747739315 469.11639651656151 36.376053795218468 545.42781700193882 413.95991630852222 830.06391958892345 32174.511270970106
leaf_count=40184 147 63659 1483 23347 68728 272 17735 2060 6324 1887 23762 809 10973 576 15692 41604 158 1594 221809 1067 32631 206 459 311 121 176 350 723 4614 263 3953 1596 13986 62711 2724 382 581 127 2845 9282 538 1204 1502 458 1351 2379 769 3585 5907 195 430 12665 6963 12240 21708 386 1877 146 2186 1661 3329 128777
internal_value=-2.00782e-07 -0.00104078 -0.00273508 -0.000460115 -0.00088939 -0.00209502 0.00118669 -0.00191111 0.000544584 0.000263717 0.00145327 0.00172297 0.0020084 0.000603348 0.00290996 0.00196711 0.0095627 -4.39584e-05 0.000387087 -0.00594566 0.00188956 -0.0146079 -0.0010397 -0.0104233 -0.000529578 -0.0175822 -0.0125131 0.00263363 -0.0013859 -0.00105357 -0.00143287 -0.00552417 0.000471988 0.00211804 0.00496358 -0.00436864 -0.00657179 0.00458377 -0.00454821 0.00162841 -0.000769856 -0.0124929 0.0117509 0.00171242 0.00056198 0.00119416 -0.00387557 0.00232016 0.00366421 -0.000388836 -0.00775402 0.000178778 0.00201306 -0.000292764 0.000275913 -0.00316409 0.00220133 -0.00570169 -0.00226155 -0.0013213 -0.00824905 -0.000834171
internal_weight=222866 76583.9 19546.6 57037.3 45244 21253.9 11793.4 20885.7 146282 111744 34538 19457.2 28248 11041.6 17206.4 13284.6 565.942 92287.1 59714.5 789.061 8299.46 317.744 6290.08 323.318 5966.76 245.639 201.717 7165.27 1331.47 4628.11 18547.1 1385.37 58925.4 18272.8 2599.04 1184.4 950.7 233.696 855.294 12718.7 4562.48 368.23 526.458 151.202 1018.48 3682.03 668.724 3013.31 2419.84 944.216 477.057 23990.1 4905.31 19084.8 15930.5 3154.2 5894.13 2338.63 995.764 959.388 1342.86 32572.6
internal_count=892167 306785 78407 228378 181158 85135 47220 83659 585382 447180 138202 77854 113023 44180 68843 53151 2265 369326 238955 3160 33207 1273 25179 1296 23883 985 809 28684 5337 18536 74277 5549 235795 73110 10399 4744 3808 936 3426 50886 18273 1476 2107 605 4075 14748 2682 12066 9687 3780 1913 96023 19628 76395 63769 12626 23585 9382 3993 3847 5389 130371
is_linear=0
shrinkage=0.03


Tree=21
num_leaves=63
num_cat=0
split_feature=3 8 11 1 11 11 11 11 7 6 10 9 9 7 4 10 1 17 7 8 17 10 10 5 3 1 11 17 9 17 7 8 2 10 3 8 8 1 5 4 11 0 0 17 17 8 6 4 11 9 11 2 5 4 5 1 8 2 8 2 7 5
split_gain=76.6947 35.1011 68.8673 50.4567 32.9239 27.0868 35.8948 26.9238 34.3529 29.0779 29.2598 28.6235 26.7761 26.4542 26.2075 24.7957 31.9944 44.3453 37.4966 24.468 23.9313 22.9515 30.4215 22.1557 21.6813 28.5959 21.4735 31.4997 21.1836 27.4247 21.0592 21.0479 20.9418 20.8619 20.5856 28.726 24.9398 24.7912 31.0958 22.5496 20.4556 22.2823 20.3906 20.1029 24.0119 25.1879 20.0104 19.8023 19.3324 21.7207 19.1992 35.3529 24.7775 23.3518 20.301 18.9493 22.8199 27.668 18.7616 20.4344 18.6188 18.3989
threshold=0.43844696969696978 0.20777988614800766 -0.087221095334685597 0.24264069264069268 0.32085561497326209 0.44201680672268912 0.44028520499108742 0.38057040998217473 0.36881720430107534 -0.15669642857142854 0.32807881773399022 -0.442016806722689 0.10948191593352886 0.47014260249554374 0.037053571428571415 -0.32085561497326193 -0.34330357142857137 0.014928698752228133 -0.46922348484848481 -0.47100840336134447 0.015877016129032254 0.28456439393939398 0.44201680672268912 0.16904761904761903 -0.38057040998217462 0.29099821746880572 -0.11527514231499052 0.015877016129032254 -0.12284482758620689 0.014928698752228133 -0.46133004926108367 0.3550420168067227 0.46824596774193555 0.48571428571428577 0.23128342245989311 -0.17156862745098037 -0.43218390804597695 -0.29099821746880566 -0.30763757115749518 0.037053571428571415 -0.41302521008403353 -0.24642857142857141 -0.43202764976958524 0.015388257575757571 0.015877016129032254 0.35960591133004927 0.21198156682027655 -0.41302521008403353 0.23030303030303031 -0.43649193548387094 -0.46922348484848481 -0.20777988614800755 0.21966911764705885 0.29705882352941182 -0.41302521008403353 0.44028520499108742 -0.23861480075901326 -0.18660714285714283 -0.12284482758620689 -0.030330882352941176 -0.15669642857142854 0.38057040998217473
decision_type=2 2 2 2 2 2 2 2 2 2 2 2 2 2 2 2 2 2 2 2 2 2 2 2 2 2 2 2 2 2 2 2 2 2 2 2 2 2 2 2 2 2 2 2 2 2 2 2 2 2 2 2 2 2 2 2 2 2 2 2 2 2
left_child=1 2 3 15 60 6 24 8 9 48 43 47 30 14 -5 16 17 -1 -19 -7 21 -16 -23 34 25 -4 27 -13 -28 -30 -9 -32 -12 -21 35 37 -36 38 40 -37 41 -17 -8 50 -45 -46 -38 -10 -3 -50 51 -11 -53 -54 -52 56 57 -44 59 -25 -2 -18
right_child=4 7 5 13 -6 19 42 12 11 10 32 26 -14 -15 20 23 61 18 -20 33 -22 22 -24 58 -26 -27 28 -29 29 -31 31 -33 -34 -35 36 39 46 -39 -40 -41 -42 -43 55 44 45 -47 -48 -49 49 -51 54 52 53 -55 -56 -57 -58 -59 -60 -61 -62 -63
leaf_value=0.0032348348487586985 8.2142656897264991e-05 -0.0025330303731107761 -0.00097325594364625935 0.009400277231451485 -0.00013904574668890452 -0.013735992190219688 0.018132979420436755 -0.0072345874290722671 -0.023987705221504178 0.013641198999619061 -0.0020455117366683807 -0.0029206851728724435 -0.0014544015823098374 0.014101923814201762 -0.001829410407720096 0.0030154738923040976 0.0040384935796102632 -0.032494731523621145 -0.0048278108875872321 -0.0014931152017260119 -0.013536308472688975 0.0042006030901849487 -0.004944245745866235 0.0046388722499445187 0.00014638319912083152 -0.0079768600241482881 -0.0028838839596342729 -0.02762329588362173 0.0021757356117555128 -0.0021642190044178253 0.0046197752362559952 0.00093031826285624574 0.013639586981629589 -0.023368722979695725 -0.01006697609515254 -5.3178285038579767e-05 0.0011303838315913721 0.0013843190483391957 0.0080397863046846978 0.0025915957496004324 0.0015845324318693567 0.015146877382511774 0.0070318542053262913 0.021339233605581983 -0.0024351891005031097 0.01217043093480002 -0.0038401661880418246 -0.0064769094055474241 0.014953869891630837 0.00028394425993846344 -0.0034141170861067319 -0.0029607673884981143 0.019154255730788768 -0.00098221985932790625 0.00065246407255876028 -0.016159496624791138 0.0092197267128855172 -0.010668214682718306 0.0048160429016784285 -0.0010496243240454171 -0.0031918327302057174 -0.014239090557627298
leaf_weight=985.71523761749268 1830.0523111671209 6401.2401244789362 9013.4435709118843 211.17888996005058 6935.214150801301 151.87256921827793 106.12174978852272 203.44761890172958 64.586060479283333 282.92537891864777 4900.3585805147886 5501.1667215079069 2558.4328332543373 104.26491005718708 7165.2158161252737 350.32870000600815 6849.4937555938959 46.661444127559662 598.06503395736217 7369.8833294063807 139.83925618231297 1345.7469521164894 431.62662625312805 930.53420442342758 66308.711597502232 556.16184245049953 2683.4000592529774 45.87020942568779 3160.8135031312704 2236.9852751642466 2501.7509195357561 3136.0911565423012 76.839336380362511 38.450621277093887 260.88032296299934 15669.654148995876 2285.6916881650686 11588.685781270266 1236.8935072273016 3559.6607194542885 3116.5629560947418 222.68832851946354 172.90496945381165 82.463331148028374 250.30955040454865 183.31994765996933 1069.0543863326311 528.1668169349432 95.894999429583549 1453.5149048864841 1174.3944122940302 451.83702439069748 107.69192473590374 98.902435690164566 18408.57886941731 38.183205127716064 496.95188961923122 145.4006964713335 2710.3679094314575 1456.9809476882219 10722.31870277226 48.975147560238838
leaf_count=3946 7332 25634 36084 846 27781 608 425 815 259 1132 19626 22035 10244 418 28689 1402 27408 187 2394 29503 561 5387 1728 3723 265399 2230 10753 184 12660 8962 10016 12559 308 154 1044 62698 9146 46365 4949 14243 12473 891 692 330 1002 734 4278 2117 384 5820 4703 1808 431 396 73682 153 1989 582 10845 5830 42994 196
internal_value=-2.25433e-07 0.000172053 0.000416769 0.00117258 -0.00179803 -0.000141912 2.6681e-05 -0.0004627 -0.000735901 -0.000217612 0.000267616 -0.00197379 0.00110456 -0.000853217 -0.0010225 0.00153189 0.00301352 -0.000765616 -0.0068774 -0.00185517 -0.00126585 -0.00107248 0.00197829 0.00124759 -4.62726e-05 -0.00138108 -0.00169272 -0.0031299 -0.000705961 0.00037708 0.00222542 0.00256802 -0.00180067 -0.00160979 0.00100651 0.00122472 -0.00115043 0.00214237 0.00392491 0.000436522 0.00254363 0.00774821 0.0057896 0.00075694 0.00659903 0.00375324 -0.00045425 -0.00842206 -0.0018053 0.00120094 0.000609724 0.00479237 0.000975146 0.00955607 0.000408429 0.00423533 0.00520917 -0.00106155 0.00310833 0.00116848 -0.00271454 0.00390669
internal_weight=222859 203372 146783 62384.8 19487.6 84398.1 76837.9 56589 48189.3 33968.3 26017.6 14221 8399.72 9397.87 9293.61 52986.9 8528.91 1630.44 644.726 7560.21 9082.43 8942.59 1777.37 44458 75878.3 9569.61 13628.2 5547.04 8081.2 5397.8 5841.29 5637.84 4977.2 7408.33 39360.1 35744.5 3615.63 16515.2 4926.47 19229.3 3689.58 573.017 959.563 21040.4 516.093 433.629 3354.75 592.753 7950.65 1549.41 20524.3 941.357 658.431 206.594 19583 853.441 815.258 318.306 5097.88 2387.52 12552.4 6898.47
internal_count=892167 814060 587466 249647 78107 337819 307554 226594 192960 135990 104152 56970 33634 37629 37211 212018 34131 6527 2581 30265 36365 35804 7115 177887 303713 38314 54594 22219 32375 21622 23390 22575 19934 29657 157489 143021 14468 66080 19715 76941 14766 2293 3841 84218 2066 1736 13424 2376 31838 6204 82152 3767 2635 827 78385 3416 3263 1274 20398 9553 50326 27604
is_linear=0
shrinkage=0.03


end of trees

feature_importances:
ls_divergence=181
taker_cvd_24h=114
mom_z_24h=109
rvol_24h=97
atr_14=89
ret_48h=86
ret_24h=85
pct_coins_up_12h=80
oi_zscore=79
gk_vol_24h=70
taker_cvd_12h=69
oi_chg_24h=68
oi_chg_12h=60
residual_24h=47
rvol_12h=39
iv_rv_spread=33
residual_12h=29
ret_12h=19
pct_coins_up_1h=10

parameters:
[boosting: gbdt]
[objective: binary]
[metric: auc]
[tree_learner: serial]
[device_type: cpu]
[data_sample_strategy: bagging]
[data: ]
[valid: ]
[num_iterations: 600]
[learning_rate: 0.03]
[num_leaves: 63]
[num_threads: -1]
[seed: 0]
[deterministic: 0]
[force_col_wise: 0]
[force_row_wise: 0]
[histogram_pool_size: -1]
[max_depth: -1]
[min_data_in_leaf: 100]
[min_sum_hessian_in_leaf: 0.001]
[bagging_fraction: 0.8]
[pos_bagging_fraction: 1]
[neg_bagging_fraction: 1]
[bagging_freq: 0]
[bagging_seed: 7719]
[bagging_by_query: 0]
[feature_fraction: 0.8]
[feature_fraction_bynode: 1]
[feature_fraction_seed: 2437]
[extra_trees: 0]
[extra_seed: 11797]
[early_stopping_round: 0]
[early_stopping_min_delta: 0]
[first_metric_only: 0]
[max_delta_step: 0]
[lambda_l1: 0]
[lambda_l2: 1]
[linear_lambda: 0]
[min_gain_to_split: 0]
[drop_rate: 0.1]
[max_drop: 50]
[skip_drop: 0.5]
[xgboost_dart_mode: 0]
[uniform_drop: 0]
[drop_seed: 21238]
[top_rate: 0.2]
[other_rate: 0.1]
[min_data_per_group: 100]
[max_cat_threshold: 32]
[cat_l2: 10]
[cat_smooth: 10]
[max_cat_to_onehot: 4]
[top_k: 20]
[monotone_constraints: ]
[monotone_constraints_method: basic]
[monotone_penalty: 0]
[feature_contri: ]
[forcedsplits_filename: ]
[refit_decay_rate: 0.9]
[cegb_tradeoff: 1]
[cegb_penalty_split: 0]
[cegb_penalty_feature_lazy: ]
[cegb_penalty_feature_coupled: ]
[path_smooth: 0]
[interaction_constraints: ]
[verbosity: -1]
[saved_feature_importance_type: 0]
[use_quantized_grad: 0]
[num_grad_quant_bins: 4]
[quant_train_renew_leaf: 0]
[stochastic_rounding: 1]
[linear_tree: 0]
[max_bin: 255]
[max_bin_by_feature: ]
[min_data_in_bin: 3]
[bin_construct_sample_cnt: 200000]
[data_random_seed: 38]
[is_enable_sparse: 1]
[enable_bundle: 1]
[use_missing: 1]
[zero_as_missing: 0]
[feature_pre_filter: 1]
[pre_partition: 0]
[two_round: 0]
[header: 0]
[label_column: ]
[weight_column: ]
[group_column: ]
[ignore_column: ]
[categorical_feature: ]
[forcedbins_filename: ]
[precise_float_parser: 0]
[parser_config_file: ]
[objective_seed: 8855]
[num_class: 1]
[is_unbalance: 0]
[scale_pos_weight: 1]
[sigmoid: 1]
[boost_from_average: 1]
[reg_sqrt: 0]
[alpha: 0.9]
[fair_c: 1]
[poisson_max_delta_step: 0.7]
[tweedie_variance_power: 1.5]
[lambdarank_truncation_level: 30]
[lambdarank_norm: 1]
[label_gain: ]
[lambdarank_position_bias_regularization: 0]
[eval_at: ]
[multi_error_top_k: 1]
[auc_mu_weights: ]
[num_machines: 1]
[local_listen_port: 12400]
[time_out: 120]
[machine_list_filename: ]
[machines: ]
[gpu_platform_id: -1]
[gpu_device_id: -1]
[gpu_use_dp: 0]
[num_gpu: 1]

end of parameters

pandas_categorical:[]
