tree
version=v4
num_class=1
num_tree_per_iteration=1
label_index=0
max_feature_idx=151
objective=lambdarank
feature_names=ret_1h ret_2h ret_4h ret_6h ret_12h ret_24h ret_48h ret_72h ret_168h close_open_ratio high_close_ratio low_close_ratio lower_shadow close_ma6_ratio close_ma12_ratio close_ma24_ratio vol_ma24_ratio close_ma48_ratio close_ma72_ratio close_ma168_ratio vol_ma168_ratio close_ma336_ratio vol_ma336_ratio close_ma720_ratio vol_ma720_ratio gk_vol_12h gk_vol_24h gk_vol_48h gk_vol_168h ret_std_24h ret_skew_24h ret_kurt_24h ret_mean_24h ret_sharpe_24h ret_std_48h ret_skew_48h ret_kurt_48h ret_mean_48h ret_sharpe_48h ret_std_168h ret_skew_168h ret_kurt_168h ret_mean_168h ret_sharpe_168h vol_mom_24h vwap_dev_12h vwap_dev_24h vwap_dev_48h vol_price_corr_24h vol_price_corr_48h vol_price_corr_168h buy_pressure rsi_6 rsi_12 rsi_14 rsi_24 macd macd_signal macd_diff bb_high_20 bb_low_20 bb_width_20 bb_pband_20 bb_high_48 bb_low_48 bb_width_48 bb_pband_48 atr_14 atr_24 atr_48 adx adx_pos adx_neg stoch_d cci_14 cci_48 obv_ma_ratio_12 obv_ma_ratio_24 obv_ma_ratio_48 mfi_14 btc_ret_1h btc_ret_4h btc_ret_12h btc_ret_24h btc_ret_48h btc_ret_168h eth_ret_1h eth_ret_4h eth_ret_12h eth_ret_24h btc_regime_24 btc_vol_24h eth_btc_ret_24h market_dispersion ret_vs_btc_24h regime_btc_dd_720 regime_low_vol breadth_pct_positive regime_breadth_bullish regime_composite mom_12h_zscore vwap_12h_dist mom_3d mom_7d mom_accel_12h vol_trend_12_48 is_asian_session range_expansion_12h ret_12h_cs_rank vol_12h_cs_rank fng_value fng_ma7 fng_ma30 fng_momentum funding_rate market_funding_std funding_vs_market reversal_4v24 reversal_12v48 reversal_24v168 dispersion_regime ret_skew_48h_cs ret_skew_168h_cs btc_beta_48h btc_beta_168h news_count_1h news_count_24h news_count_7d news_sentiment_24h news_sentiment_7d news_sentiment_momentum news_volume_zscore market_news_count_24h market_news_sentiment_24h oi_value_usd top_ls_ratio top_long_pct global_ls_ratio global_long_pct oi_change_4h oi_change_12h oi_change_24h oi_zscore_7d oi_ret_interaction_12h oi_change_12h_cs taker_cvd_12h taker_cvd_24h top_ls_change_12h top_ls_change_24h top_ls_zscore ls_divergence funding_rate_binance
feature_infos=[-0.47999999999999998:0.5] [-0.47999999999999998:0.5] [-0.47999999999999998:0.5] [-0.47999999999999998:0.5] [-0.47999999999999998:0.5] [-0.47999999999999998:0.5] [-0.47999999999999998:0.5] [-0.47999999999999998:0.5] [-0.47999999999999998:0.5] [-0.47999999999999998:0.5] [-0.47999999999999998:0.5] [-0.47999999999999998:0.5] [-0.47999999999999998:0.5] [-0.47999999999999998:0.5] [-0.47999999999999998:0.5] [-0.47999999999999998:0.5] [-0.47999999999999998:0.5] [-0.47999999999999998:0.5] [-0.47999999999999998:0.5] [-0.47999999999999998:0.5] [-0.47999999999999998:0.5] [-0.47999999999999998:0.5] [-0.47999999999999998:0.5] [-0.47999999999999998:0.5] [-0.47999999999999998:0.5] [-0.47999999999999998:0.5] [-0.47999999999999998:0.5] [-0.47999999999999998:0.5] [-0.47999999999999998:0.5] [-0.47999999999999998:0.5] [-0.47999999999999998:0.5] [-0.47999999999999998:0.5] [-0.47999999999999998:0.5] [-0.47999999999999998:0.5] [-0.47999999999999998:0.5] [-0.47999999999999998:0.5] [-0.47999999999999998:0.5] [-0.47999999999999998:0.5] [-0.47999999999999998:0.5] [-0.47999999999999998:0.5] [-0.47999999999999998:0.5] [-0.47999999999999998:0.5] [-0.47999999999999998:0.5] [-0.47999999999999998:0.5] [-0.47999999999999998:0.5] [-0.47999999999999998:0.5] [-0.47999999999999998:0.5] [-0.47999999999999998:0.5] [-0.47999999999999998:0.5] [-0.47999999999999998:0.5] [-0.47999999999999998:0.5] [-0.47999999999999998:0.5] [-0.47999999999999998:0.5] [-0.47999999999999998:0.5] [-0.47999999999999998:0.5] [-0.47999999999999998:0.5] [-0.47999999999999998:0.5] [-0.47999999999999998:0.5] [-0.47999999999999998:0.5] [-0.47999999999999998:0.5] [-0.47999999999999998:0.5] [-0.47999999999999998:0.5] [-0.47999999999999998:0.5] [-0.47999999999999998:0.5] [-0.47999999999999998:0.5] [-0.47999999999999998:0.5] [-0.47999999999999998:0.5] [-0.47999999999999998:0.5] [-0.47999999999999998:0.5] [-0.47999999999999998:0.5] [-0.47999999999999998:0.5] [-0.47999999999999998:0.5] [-0.47999999999999998:0.5] [-0.47999999999999998:0.5] [-0.47999999999999998:0.5] [-0.47999999999999998:0.5] [-0.47999999999999998:0.5] [-0.47999999999999998:0.5] [-0.47999999999999998:0.5] [-0.47999999999999998:0.5] [-0.47959183673469385:0.5] [-0.47999999999999998:0.5] [-0.47999999999999998:0.5] [-0.47959183673469385:0.5] [-0.47959183673469385:0.5] [-0.47999999999999998:0.5] [-0.47959183673469385:0.5] [-0.47999999999999998:0.5] [-0.47999999999999998:0.5] [-0.47959183673469385:0.5] [0:1] [-0.47999999999999998:0.5] [-0.47999999999999998:0.5] [0.010000000000000009:0.5] [-0.47999999999999998:0.5] [-0.63521325324730005:0] [0:1] [0:1] [0:1] [0:1] [-0.47999999999999998:0.5] [-0.47999999999999998:0.5] [-0.47999999999999998:0.5] [-0.47999999999999998:0.5] [-0.47999999999999998:0.5] [-0.47999999999999998:0.5] [0:1] [-0.47999999999999998:0.5] [-0.47999999999999998:0.5] [-0.47999999999999998:0.5] [5:95] [0:94] [0:92.349999999999994] [-59.00277777777778:50.370833333333337] [0.010000000000000009:0.5] [0.010000000000000009:0.5] [0.010000000000000009:0.5] [-0.47999999999999998:0.5] [-0.47999999999999998:0.5] [-0.47999999999999998:0.5] [-0.47999999999999998:0.5] [-0.47999999999999998:0.5] [-0.47999999999999998:0.5] [-0.47999999999999998:0.5] [-0.47999999999999998:0.5] [-0.21999999999999997:0.5] [-0.39130434782608697:0.5] [-0.47916666666666669:0.5] [-0.25136435185185185:0.23072916666666665] [-0.10140319081490254:0.17440039604336177] [-0.20946726190476189:0.17938749999999998] [-0.47999999999999998:0.5] [0:6.75343791859778] [-0.097653905550467934:0.17601198324762482] [-0.47999999999999998:0.5] [-0.47999999999999998:0.5] [-0.47999999999999998:0.5] [-0.47999999999999998:0.5] [-0.47999999999999998:0.5] [-0.47999999999999998:0.5] [-0.47999999999999998:0.5] [-0.47999999999999998:0.5] [-0.47999999999999998:0.5] [-0.47999999999999998:0.5] [-0.47999999999999998:0.5] [-0.47999999999999998:0.5] [-0.47999999999999998:0.5] [-0.47999999999999998:0.5] [-0.47999999999999998:0.5] [-0.47999999999999998:0.5] [-0.47999999999999998:0.5] [-0.47999999999999998:0.5]
tree_sizes=3652 3630 3618 3628 3611 3634 3634 3646 3637 3637 3646 3618 3605 3611 3638 3620 3655 3641 3636 3631 3656 3642 3646 3634 3644 3629 3644 3630 3628 3643 3635 3646 3614 3644 3637 3610 3646 3651 3627 3640 3632 3627 3639

Tree=0
num_leaves=31
num_cat=0
split_feature=43 13 137 75 0 16 58 65 75 13 93 34 43 124 93 149 136 94 39 19 6 100 118 137 93 57 151 127 82 128
split_gain=216.075 172.945 72.6731 65.593 35.7249 33.0638 31.2572 27.2254 25.5137 42.5025 29.0248 24.9341 23.7571 23.3431 20.3983 19.8697 17.2385 17.1702 16.4208 16.2398 15.0683 15.2666 14.9019 14.4416 14.187 13.5456 13.5294 16.3695 12.8534 12.8451
threshold=0.37779990044798412 -0.20782520325203249 -0.25777777777777772 0.2409677419354839 -0.35565476190476181 0.12645348837209305 0.45959183673469389 0.28474903474903479 0.17006802721088435 0.18042553191489366 0.011766334440753036 -0.37367021276595741 0.45505050505050515 0.30521680216802177 0.010310374149659853 0.011237373737373714 0.34613526570048314 0.10922587486744435 0.49000000000000005 -0.29361054766734279 -0.25255102040816318 0.090326340326340362 0.40550595238095244 -0.35857142857142849 0.021286231884057986 0.29795918367346946 0.1460873983739838 -0.41967741935483865 0.012347560975609741 0.014166666666666668
decision_type=2 2 2 2 2 2 2 2 2 2 2 2 2 2 2 2 2 2 2 2 2 2 2 2 2 2 2 2 2 2
left_child=1 4 -3 7 5 24 12 18 9 19 -11 16 14 -13 23 -8 -10 -6 -2 -4 29 -22 -16 -5 -1 -20 27 -14 -7 -9
right_child=3 2 8 6 17 28 15 20 11 10 -12 13 26 -15 22 -17 -18 -19 25 -21 21 -23 -24 -25 -26 -27 -28 -29 -30 -31
leaf_value=0.00013845559015584536 -5.4939723741336274e-05 0.00081363572874828334 -0.00011113074093537022 0.0017517923421130782 0.0006089513863938074 0.0019265975749627488 0.0013535333187806133 0.0020182004151271557 0.0012967462880324966 -0.0010179341854889396 -0.0023661820030293082 -0.00083232723909102151 -0.0053023022316951995 0.00038717521294427882 0.0010417076797891902 0.0052700602178361311 -0.00328203249011914 -0.00039377062605323637 -0.0050133026093506661 -0.00090468626422753626 0.00027686248485785412 0.0028277417004423976 0.0032607085285129025 -0.0016670611880968994 0.0022633883591680263 0.0024184121361921452 0.0012610918760401367 0.0033130252113421493 0.0038101269905137626 0.0061841948566719743
leaf_weight=1539.5599986783636 1890.2233537870634 3035.3470601575682 3523.2060238438717 183.29244156763889 6760.524585665451 1392.5446511248592 186.00748241797555 406.25240434729494 1099.016945149051 3267.8307223092561 3198.2560585863248 7672.9712316648656 20.655810925876722 1960.1836244220322 991.12051616737153 500.19777915050508 86.855010346509516 2271.3235983282939 119.09567994461395 9939.181044446188 1150.020798008889 297.76482884539291 450.56370581040392 366.07740170948091 397.8583614473464 28.172023775987327 520.79345759304124 1431.1265125086065 517.20745349128265 95.063194179732818
leaf_count=39480 42523 79924 86410 4492 162893 35434 4632 8612 25725 90216 63271 176757 491 42613 19933 8752 2605 53708 2224 241360 25006 6032 8892 9737 6364 426 11579 27369 8601 1979
internal_value=-1.55522e-05 -0.000284664 -0.000660707 0.00143714 0.000700928 0.00150859 0.00224458 0.000492544 -0.000806599 -0.00101919 -0.00168661 -0.000414032 0.00189796 -0.000583127 0.00111785 0.00422649 0.000950482 0.000355665 -0.000311716 -0.000697773 0.00133813 0.000809992 0.00174391 -0.000507111 0.000580922 -0.00351746 0.00267934 0.00318 0.00244366 0.00283883
internal_weight=55298.3 46661.9 33782.8 8636.43 12879 3847.17 4649.84 3986.59 30747.5 19928.5 6466.09 10819 3963.63 9633.15 1991.05 686.205 1185.87 9031.85 2037.49 13462.4 1949.1 1447.79 1441.68 549.37 1937.42 147.268 1972.58 1451.78 1909.75 501.316
internal_count=1298040 1115361 808881 182679 306480 89879 95877 86802 728957 481257 153487 247700 82493 219370 43054 13384 28330 216601 45173 327770 41629 31038 28825 14229 45844 2650 39439 27860 44035 10591
is_linear=0
shrinkage=0.01


Tree=1
num_leaves=31
num_cat=0
split_feature=43 0 57 54 85 26 14 114 15 23 19 75 110 41 124 57 145 136 41 48 23 91 126 97 89 63 83 65 91 97
split_gain=1783.32 966.398 340.827 339.412 286.024 297.27 250.304 184.752 179.326 170.035 162.641 149.333 134.926 138.769 129.105 117.491 122.583 111.004 108.45 106.489 96.6408 110.72 96.6082 96.4117 115.676 112.262 88.5695 84.7483 82.0515 79.8562
threshold=0.39897959183673476 -0.35565476190476181 0.42940199335548179 0.40121951219512203 0.010990338164251214 -0.35053191489361696 -0.27664399092970515 0.011766334440753036 -0.3876262626262626 0.26253132832080206 0.23252032520325203 0.27346041055718479 60.500000000000007 0.18042553191489366 0.4770084566596195 0.33752357008170969 0.17369121561668147 -0.43938775510204076 -0.39009661835748788 0.37026647966339415 0.16333333333333336 0.13484848484848486 0.010102040816326542 0.66333333333333344 0.13392857142857148 0.47467948717948721 0.018543956043956093 0.22821969696969699 0.46470099667774095 0.34738243123336293
decision_type=2 2 2 2 2 2 2 2 2 2 2 2 2 2 2 2 2 2 2 2 2 2 2 2 2 2 2 2 2 2
left_child=1 8 6 9 17 -6 -3 28 29 15 -9 -4 14 -14 -7 -2 -17 -5 -19 23 -13 -22 -20 25 -25 -11 -10 -21 -8 -1
right_child=3 2 11 4 5 12 7 10 26 19 -12 20 13 -15 -16 16 -18 18 22 27 21 -23 -24 24 -26 -27 -28 -29 -30 -31
leaf_value=0.0031893536330646305 -0.0020935635317760599 -0.00014222139567687507 -0.00064482829210358087 0.0028563493916274898 0.0088267813694452267 0.0016330196155455118 -0.0011857744649997964 -0.0024425220296665404 -2.5591419538145553e-05 0.0014929170482875429 -0.0008794390547617923 0.00035986604652598817 0.005611107403036125 0.0020651494606558625 0.0044733284688494189 0.00011926691775735279 0.00832791456362794 0.0031811982489309311 -0.0011888656080908326 0.0019774642111036246 0.00059089533339163561 0.0048668363411451046 0.0010185707513897329 0.00075159802193623074 -0.0073672807134348471 0.0039669224061920404 0.0013411579615081842 -0.00075062821796953178 0.00071432265881075821 0.0012373378586611849
leaf_weight=3971.2335919446778 3229.6293489070376 14162.065902365794 4442.8341985538718 3052.6277833341155 879.20776613149792 8199.5528652990179 28889.521916600061 28640.12739909903 14116.058680642294 7391.7471889660665 8703.3972059738589 2204.6619171981583 2878.4330541081144 1810.1325306959043 1996.6796422484331 1274.9629704650724 211.73110675928183 1484.830441791215 3019.9769692755071 1521.6404318428831 992.72010486619547 1576.4049866859568 5758.2624603847507 5962.2622947652708 179.65047799795866 2451.8249116402585 7127.9091404350474 4512.4286119235621 2459.2929237142525 4491.9453759287717
leaf_count=13535 15138 164129 37241 5621 1347 13563 464823 219657 93085 30051 53449 14909 4890 3161 2368 5261 894 3208 7649 5770 7156 8251 12405 24881 175 5992 16954 12790 32005 16160
internal_value=3.38611e-05 -0.000644493 -0.00115055 0.00151405 0.00226191 0.00317376 -0.00135352 -0.00160309 0.000923581 0.000700206 -0.00207853 0.000672884 0.00283861 0.00424497 0.00219059 -0.00102171 0.00129986 0.0011815 0.000682127 0.0010695 0.00190122 0.00321936 0.000257959 0.00149676 0.000511333 0.0021105 0.00043256 -6.08013e-05 -0.00103638 0.00215475
internal_weight=177594 121778 92071 55815.6 29079.7 15764 82854.4 68692.3 29707.1 26735.9 37343.5 9216.62 14884.8 4688.57 10196.2 4716.32 1486.69 13315.7 10263.1 22019.6 4773.79 2569.13 8778.24 15985.5 6141.91 9843.57 21244 6034.07 31348.8 8463.18
internal_count=1296518 1141354 1001620 155164 54212 25329 934063 769934 139734 100952 273106 67557 23982 8051 15931 21293 6155 28883 23262 79659 30316 15407 20054 61099 25056 36043 110039 18560 496828 29695
is_linear=0
shrinkage=0.01


Tree=2
num_leaves=31
num_cat=0
split_feature=43 13 57 118 57 29 13 10 23 114 110 83 23 49 68 73 137 26 137 137 1 77 110 132 112 22 134 97 137 95
split_gain=2222.6 1109.57 413.794 319.395 252.695 256.121 249.659 196.171 178.192 158.057 157.1 140.844 138.827 147.169 127.368 137.091 123.063 122.358 117.777 117.645 109.621 108.735 106.474 123.979 102.057 100.609 114.826 100.561 97.8551 97.2943
threshold=0.36425061425061434 -0.34150717703349281 0.42940199335548179 0.42052631578947375 0.49000000000000005 0.13211600429645545 -0.20782520325203249 0.44058823529411767 0.45505050505050515 0.011766334440753036 80.500000000000014 0.012049941927990694 0.40550595238095244 0.41010101010101013 -0.31909090909090904 0.41010101010101013 -0.47979591836734686 0.45293466223698786 0.23956521739130435 0.010421189752496731 -0.19895833333333332 0.17006802721088435 37.500000000000007 6.2015223456153068 20.854861111111116 0.30217391304347835 0.011766334440753036 0.084219858156028379 0.20972222222222228 -0.013988983189351321
decision_type=2 2 2 2 2 2 2 2 2 2 2 2 2 2 2 2 2 2 2 2 2 2 2 2 2 2 2 2 2 2
left_child=1 7 6 4 12 22 -3 -1 17 16 19 -11 18 -14 24 -16 -10 -5 -2 -8 -13 -17 -6 -24 -4 -7 -27 -26 -15 -18
right_child=3 2 14 8 5 25 10 -9 9 11 -12 20 13 28 15 21 29 -19 -20 -21 -22 -23 23 -25 27 26 -28 -29 -30 -31
leaf_value=0.00044147552148649324 0.00019781632100929048 -0.00050712678171595932 -0.0036946811600371142 0.0022580239989062976 0.00187526296284153 0.0027446082416106698 -0.0008797545361783417 0.0024098946552870426 0.0064093158100067636 0.0081239590959087445 -0.0041614248708320822 0.0078337288609762017 0.0018234033562314063 0.00020591555708583955 -0.0014517988316615257 0.0046738740568604683 0.001111896195632593 -0.00032627294140951378 -0.0039872131456088391 -0.0020495283770866736 0.0030462489722887856 -0.00048025165750274713 0.0065232660342529961 -0.001411149428678706 -0.0032794570285683534 0.0048486554970578761 -0.0019332440372970994 0.0024412124821181617 -0.0089047895288603476 0.0057947376413795626
leaf_weight=15980.198531341783 15944.622053594387 15067.82190676649 333.18121655052528 7841.3812947198749 953.51471058907919 1465.4075398282148 10628.932491713189 7422.055375318625 639.77302351244725 1072.3648511673091 3052.0999051475665 589.10806144401431 14250.927622239193 6835.1829583177023 4448.4401254088734 767.11881784739671 3626.6416635935311 2381.8221673690714 701.03894120961195 45773.419480213779 2641.1616602297872 869.25373654888244 2247.4433886429761 213.26151376101188 329.2024151054211 298.66223982453812 1483.1571670856792 4205.7829193969374 118.94736839807592 506.67299857200123
leaf_count=121610 74161 149766 1746 18667 1833 2841 179076 22719 894 1583 46011 798 41527 18747 29636 2677 7411 5109 5786 522901 3445 4016 4684 565 1600 738 2709 22643 364 926
internal_value=5.69439e-06 -0.000862761 -0.00139103 0.00148764 0.00102138 0.00281777 -0.0016578 0.00106627 0.00256242 0.0035832 -0.00194924 0.00497519 0.000704901 0.00124147 0.000423091 -0.000540198 0.00232554 0.00165498 2.07324e-05 -0.00182928 0.0039246 0.00193123 0.00473024 0.00583126 0.00162904 0.000803034 -0.000788795 0.0020231 4.73852e-05 0.00168961
internal_weight=172689 108878 85475.3 63811.1 44512.2 6661.45 74522.3 23402.3 19298.9 9075.72 59454.5 4302.63 37850.7 21205.1 10953 6084.81 4773.09 10223.2 16645.7 56402.4 3230.27 1636.37 3414.22 2460.7 4868.17 3247.23 1781.82 4534.99 6954.13 4133.31
internal_count=1297189 1104401 960072 192788 153955 13370 897754 144329 38833 15057 747988 5826 140585 60638 62318 36329 9231 23776 79947 701977 4243 6693 7082 5249 25989 6288 3447 24243 19111 8337
is_linear=0
shrinkage=0.01


Tree=3
num_leaves=31
num_cat=0
split_feature=43 13 53 134 75 112 82 13 13 15 92 131 126 98 1 136 35 27 27 23 37 100 16 64 134 111 66 126 23 21
split_gain=2204.71 1144.05 492.762 386.281 237.177 202.667 200.061 183.028 176.308 128.964 125.462 119.414 111 106.056 93.7256 108.34 89.7325 89.0921 87.649 86.5554 85.8579 85.2875 83.9945 82.9206 83.5663 81.593 79.4066 77.2036 76.5834 75.8131
threshold=0.36023255813953492 -0.34150717703349281 0.40121951219512203 0.43938775510204087 0.38762626262626265 70.243055555555557 0.019615384615384649 0.40121951219512203 -0.14549731182795694 -0.40399385560675877 0.030776515151515142 -0.37939393939393934 0.04027027027027031 1.0000000180025095e-35 -0.10791925465838507 -0.43938775510204076 0.21937500000000001 -0.22821969696969696 -0.44058823529411756 0.42052631578947375 0.44058823529411767 -0.43142633228840116 -1.0000000180025095e-35 0.47979591836734697 0.33836734693877557 68.755952380952394 0.18237250554323728 0.39012195121951226 0.39663461538461547 -0.13944444444444443
decision_type=2 2 2 2 2 2 2 2 2 2 2 2 2 2 2 2 2 2 2 2 2 2 2 2 2 2 2 2 2 2
left_child=1 6 14 4 8 7 9 10 25 29 18 -5 -6 -10 22 -16 -14 -12 -4 27 28 -8 -2 -21 -25 -3 -17 -7 -9 -1
right_child=2 3 5 11 12 19 21 20 13 -11 17 -13 16 -15 15 26 -18 -19 -20 23 -22 -23 -24 24 -26 -27 -28 -29 -30 -31
leaf_value=0.0022331734115385508 0.00055674347775485364 -0.00070276353463046676 0.006191072607484866 0.0043187301575815353 -0.0013556153315068954 0.0015781756099908784 0.005235389432594462 0.00091216783476751604 -0.0026486470628111253 -0.00047781103866870395 0.010311356160195892 0.00047061481449350178 0.001873910856253159 -0.0016916072665062955 0.002791753329045691 -0.00069130201789939928 -0.00063769987121993488 0.0043846852247909889 0.0021995603409641008 0.0068654893711648582 0.00067088718971096992 0.0019563701225014103 0.0020015093231549592 0.004349960720193744 -0.0036018160016653782 -0.0024083079304921852 0.000639132219386169 0.0057635092966502321 0.0033665218516786902 0.00020297953116390588
leaf_weight=4154.0211678720079 8839.3087969042535 14659.368271834785 595.97333137178794 1086.0157232191414 4922.7806603751378 1648.7768522556871 900.59737933543511 2274.9743935103179 24460.015275476922 8294.9466041221458 302.90257637575269 3154.9364775369177 3025.5237139157834 22178.772749229684 1474.8929372908897 8981.7252509781392 2675.3774223057553 1683.394978640601 7628.6869572886499 1609.0133716375567 8787.5530186616816 6949.5622529303655 7426.7357592990738 1198.5187564962544 146.37837967392989 3479.0044813167187 8959.525616886036 606.95272356411442 2923.0965040550509 3321.6820643328829
leaf_count=18943 35410 160849 1029 8166 57988 4248 2451 6363 325580 84275 397 28071 19408 287928 4192 40090 15695 2155 18250 2688 16768 19750 26401 2071 326 52521 31364 1100 5442 17804
internal_value=5.8976e-06 -0.000902588 0.00144735 -0.00147587 -0.0016411 0.00240592 0.00102987 0.00201976 -0.00186825 0.000379759 0.00303831 0.00145918 -0.00025507 -0.00219379 0.00065706 0.000187335 0.000693577 0.00529825 0.00249073 0.00419682 0.00127524 0.00233444 0.00121709 0.00532692 0.00347503 -0.00103056 -2.63521e-05 0.00271082 0.00229466 0.00133258
internal_weight=168351 103263 65088.4 79641.8 75400.8 29406.2 23620.8 24196.6 64777.2 15770.6 10211 4240.95 10623.7 46638.8 35682.2 19416.1 5700.9 1986.3 8224.66 5209.64 13985.6 7850.16 16266 2953.91 1344.9 18138.4 17941.3 2255.73 5198.07 7475.7
internal_count=1297723 1099429 198294 956206 919969 60837 143223 50404 826878 121022 21831 36237 93091 613508 137457 75646 35103 2552 19279 10433 28573 22201 61811 5085 2397 213370 71454 5348 11805 36747
is_linear=0
shrinkage=0.01


Tree=4
num_leaves=31
num_cat=0
split_feature=43 13 127 53 55 111 88 110 13 17 13 93 17 28 65 135 67 124 109 146 65 27 111 149 19 70 31 105 66 118
split_gain=2267.71 1302.31 487.644 433.312 265.815 261.392 204.782 191.674 165.485 142.925 123.724 159.101 113.216 122.881 108.882 144.069 107.627 102.043 98.0159 95.3171 90.6238 89.9163 95.9392 88.67 88.2836 86.2599 78.511 76.1577 72.7603 70.1778
threshold=0.37026647966339415 -0.34150717703349281 0.47646733111849393 0.29795918367346946 0.3816526610644258 68.755952380952394 0.020620748299319761 80.500000000000014 -0.15058139534883719 -0.28474903474903468 0.19139194139194141 0.016954022988505794 -0.45789007092198575 0.41366459627329194 0.33752357008170969 0.013701201201201165 -0.3876262626262626 0.4587585034013606 -0.36285266457680249 -0.069805194805194801 0.47402159244264513 0.46076923076923082 81.372023809523824 -0.31909090909090904 0.45959183673469389 -0.45959183673469384 0.41010101010101013 0.030931122448979612 -0.1633333333333333 0.27346041055718479
decision_type=2 2 2 2 2 2 2 2 2 2 2 2 2 2 2 2 2 2 2 2 2 2 2 2 2 2 2 2 2 2
left_child=1 6 4 12 7 10 9 8 -3 20 11 -5 13 19 21 24 -6 -18 -12 -2 -1 22 -7 -15 -16 -25 -14 -8 -28 -4
right_child=3 2 29 5 16 14 27 -9 -10 -11 18 -13 26 23 15 -17 17 -19 -20 -21 -22 -23 -24 25 -26 -27 28 -29 -30 -31
leaf_value=0.00087772092099019179 0.0041324745714040314 -0.00097239912434129798 0.0024863689240084527 0.0017158104800947746 0.0029109094869044271 0.0035848985032576816 0.0013079655504723042 -0.0043841987108894859 -0.0021579586153264788 -0.00080716368168263109 0.0030407225293240525 0.0045011040427898018 0.00048470288189011112 -0.0039167625382178842 0.001376617321299011 -0.00029057817284100241 -0.00091075105106296246 0.0027529458569505389 0.0010039704448667956 -0.0048910835807507783 0.0044713537127061605 0.01073043422091834 0.0074056891267019111 -0.0039912900706987713 0.0045085981899185999 0.005193961087139415 -0.0038102972604170337 0.0031287346479430562 -0.00027792394314359422 -0.00060251107460116673
leaf_weight=8372.6268114136619 179.62353885080665 16173.922263660745 3222.5206769340439 6005.6035174399731 1029.4481539513799 2848.1513161913026 4329.088285257807 3115.6669983941829 43655.969648275131 5976.4227021840197 2727.7613048488274 3131.1213398315012 19564.407272509532 131.76342813996598 1301.5483270444674 1244.9697490013205 7173.9502011979348 848.37936846644152 17984.274987404729 328.60666246688925 767.23149830906186 247.89853902393952 865.95431257109158 107.87413467746228 3002.7134451929014 1477.4845764008351 815.75553030043375 4962.281681579072 2064.5045903634164 946.25997375603765
leaf_count=49978 634 201425 21366 15576 4978 7007 10614 52292 600292 69710 5365 5231 83949 449 3217 3057 71946 4909 40439 1304 2848 477 1888 315 5439 3600 3520 11488 7880 6047
internal_value=3.9795e-05 -0.000896674 -0.00154089 0.00151088 -0.0017335 0.00216222 0.00111323 -0.00196393 -0.00183765 0.00039425 0.00170146 0.0026718 0.000471249 0.00262264 0.0036068 0.00269783 -0.000129988 -0.000521766 0.00127283 -0.0016804 0.00118093 0.00487638 0.00448017 0.00390231 0.00356439 0.00456053 0.000257389 0.0022817 -0.00128282 0.00178286
internal_weight=164604 100574 76166.1 64030 71997.3 39360 24407.7 62945.6 59829.9 15116.3 29848.8 9136.72 24670 2225.35 9511.24 5549.23 9051.78 8022.33 20712 508.23 9139.86 3962 3714.11 1717.12 4304.26 1585.36 22444.7 9291.37 2880.26 4168.78
internal_count=1297240 1107893 963255 189347 935842 87696 144638 854009 801717 122536 66611 20807 101651 6302 21085 11713 81833 76855 45804 1938 52826 9372 8895 4364 8656 3915 95349 22102 11400 27413
is_linear=0
shrinkage=0.01


Tree=5
num_leaves=31
num_cat=0
split_feature=43 1 91 53 59 55 15 137 23 85 104 129 97 63 6 1 26 121 136 110 137 110 124 114 113 92 19 105 23 85
split_gain=2290.15 892.188 422.675 340.798 284.607 223.777 215.257 196.557 173.437 150.43 148.612 131.327 127.167 143.08 133.683 124.374 110.402 107.383 138.871 102.723 102.654 98.8402 90.7691 90.0175 89.5232 88.7966 86.9197 88.5854 84.5246 83.8598
threshold=0.37779990044798412 -0.34150717703349281 0.43875000000000003 0.42052631578947375 0.44058823529411767 0.49000000000000005 -0.3876262626262626 -0.040833333333333326 0.40550595238095244 0.011766334440753036 -0.37367021276595741 0.005548065476190479 0.42052631578947369 -0.30217391304347824 -0.15058139534883719 0.37779990044798412 0.27888888888888896 0.29795918367346946 -0.43938775510204076 59.500000000000007 0.16333333333333336 80.500000000000014 0.45293466223698786 0.013701201201201165 -26.375694444444438 0.010102040816326542 -0.039230769230769201 -0.16421568627450978 0.49000000000000005 0.010990338164251214
decision_type=2 2 2 2 2 2 2 2 2 2 2 2 2 2 2 2 2 2 2 2 2 2 2 2 2 2 2 2 2 2
left_child=1 4 5 8 23 6 -3 -4 26 17 -11 15 14 -14 -10 -12 22 18 25 -16 -15 -8 -7 -1 -19 -5 -2 -28 -13 -20
right_child=3 2 7 9 -6 16 21 -9 12 10 11 28 13 20 19 -17 -18 24 29 -21 -22 -23 -24 -25 -26 -27 27 -29 -30 -31
leaf_value=-0.00059363132237190397 0.0027905638545531325 -0.00017241950817000016 0.0017718104745928047 0.0066563897319487806 0.0025693214026545493 0.0016609138544533227 -0.0019559080104015491 -0.00090125676449793405 0.0042228159555086891 -0.00022005167467211228 0.0043445144179969 0.0046073090376814894 0.0032150787623258631 0.00047147094916829814 0.00073995780955846537 0.001968090159498163 -0.0015286025476761414 -0.0058764169033813105 0.0012195580994901068 0.0033620979318167449 -0.0041028775259370695 -0.0038646143502420161 0.0083362767295681733 0.0010659256400849736 0.0010738125401895276 -0.00090684513738391217 -0.0013067170765523166 0.00039010852828707669 0.0093314429520153959 0.0043907065002506216
leaf_weight=8162.333038813842 1055.4458983910736 6834.0148076842306 5280.1514959315828 1100.3192377551459 6854.357071913837 1515.4597378076287 55014.735400578822 5736.0016434068093 2612.8230460837367 1156.6757055497728 3992.1107864133082 1410.5919234851608 1919.2433006656356 8934.8614323431684 4771.4059570247191 4971.558272205526 1047.1870313651161 188.31646810844541 3939.132035582501 2184.2826583808055 517.85355017194524 2866.5001641476993 236.04277855344117 5448.4833287002984 8046.8960791520658 177.79499739967287 4659.3473525615409 9042.1556445080205 529.49736122880131 1063.4388350537047
leaf_count=99207 5344 65186 31066 1528 24860 6332 765649 48244 6500 2154 6142 2310 4087 27897 13345 7966 5677 361 9604 6364 1023 48969 363 20177 16815 301 27657 40743 712 1829
internal_value=-6.44534e-06 -0.000951657 -0.00143633 0.00149597 0.000907661 -0.00173271 -0.00185249 0.000379108 0.000857189 0.00235354 0.00317987 0.00354144 0.00144231 0.000726103 0.0022923 0.00302795 0.00103315 0.00166612 0.00265176 0.00156519 0.000219406 -0.00205067 0.00257047 6.99931e-05 0.000912972 0.00559658 2.61646e-05 -0.000186239 0.00590593 0.00189642
internal_weight=161269 98995.3 78530.1 62273.8 20465.2 67513.9 64715.3 11016.2 35697.4 26576.3 12060.4 10903.8 20940.5 11372 9568.51 8963.67 2798.69 14515.9 6280.69 6955.69 9452.71 57881.2 1751.5 13610.8 8235.21 1278.11 14756.9 13701.5 1940.09 5002.57
internal_count=1298412 1115730 971486 182682 144244 892176 879804 79310 132960 49722 19284 17130 59216 33007 26209 14108 12372 30438 13262 19709 28920 814618 6695 119384 17176 1829 73744 68400 3022 11433
is_linear=0
shrinkage=0.01


Tree=6
num_leaves=31
num_cat=0
split_feature=43 2 57 54 1 59 111 134 134 17 34 58 137 97 126 85 33 50 23 25 129 110 111 19 66 23 86 149 10 141
split_gain=2148.92 859.254 653.73 302.28 235.23 193.031 183.336 143.949 140.008 138.113 136.913 122.643 124.517 114.047 113.614 111.838 111.741 102.37 99.2199 99.0527 93.3319 92.9125 91.3549 89.6778 100.395 84.4738 75.6608 69.4326 66.5816 65.7377
threshold=0.36023255813953492 -0.34150717703349281 0.43813775510204089 0.39417693169092949 -0.15978723404255316 0.38762626262626265 68.755952380952394 0.45698427382053664 -0.14222222222222219 -0.45789007092198575 -0.3876262626262626 0.43513323983169711 0.013701201201201165 0.14434523809523811 0.049390243902439075 0.028174603174603189 0.39897959183673476 0.41864313292884731 -0.023268398268398268 -0.31165540540540532 0.064937068098072578 83.500000000000014 68.755952380952394 -0.11834733893557424 -0.13944444444444443 0.28319623971797891 0.020204081632653085 0.47752525252525257 0.3465463108320252 -0.21937499999999996
decision_type=2 2 2 2 2 2 2 2 2 2 2 2 2 2 2 2 2 2 2 2 2 2 2 2 2 2 2 2 2 2
left_child=1 5 4 9 22 26 15 21 -8 13 16 12 -10 29 -12 20 -4 23 -7 -17 27 -6 28 -11 -25 -21 -1 -5 -3 -2
right_child=3 2 10 6 7 18 8 -9 11 17 14 -13 -14 -15 -16 19 -18 -19 -20 25 -22 -23 -24 24 -26 -27 -28 -29 -30 -31
leaf_value=-0.0010048388787575176 0.0037240152240470563 -0.00097520254196660375 0.0014390645934497636 0.0013205066165648564 -0.0022292579701839923 0.0026166492277671671 -0.0038707166364888549 0.00064336667096247387 0.0033935287807314598 0.0039476515588564888 -0.0021342500421296438 0.0054579516579390339 -0.0010444080869586143 0.0014891561299188389 0.0009250522780237093 0.0077687786411700238 0.005349938710412774 -0.00040766749430950165 0.0007537297521728125 0.00010645464259395019 0.0067828725342367405 -0.0046530675704866678 -0.0023348268497715642 -0.00062475532096387945 0.00113710222553854 0.0033035190445101694 0.00093726637684315582 -0.0030193436841823955 0.00046031668718468757 0.0096149551258860027
leaf_weight=5221.5147803404834 501.76350403483957 11310.542250007042 3351.0220858103712 19154.280208337237 41828.701589694654 6020.3737657916499 253.64158620394301 1695.5930012178724 4448.431565854582 922.32429049478378 1812.8204454726656 2532.8656402632478 732.63876163493842 1775.310890531633 3667.6060383591102 400.18831672146916 938.66339236032218 8521.2742806346214 5482.030479305191 1077.89302699361 308.16770161036402 1652.2038548999699 3584.8054051789222 4128.0397661573952 14824.019529405195 3637.3982248473912 3252.4202005222905 373.60256030084565 4511.4544401261955 314.70568590820767
leaf_count=78484 1028 143437 14438 42739 617299 24838 916 14308 8759 3543 22847 4217 1772 4771 16623 612 2752 33696 28117 1637 522 30964 58064 22654 64039 5279 11885 862 35045 650
internal_value=4.15697e-06 -0.000954967 -0.00144972 0.00142003 -0.00181447 0.000886008 0.00208744 -0.00221017 0.00340928 0.00071064 0.000960323 0.00365042 0.00276396 0.0029208 -8.52869e-05 0.00166483 0.00229822 0.000508462 0.0017298 0.00298469 0.00132382 -0.00232169 -0.00089274 0.000901763 0.000752803 0.00257498 -0.000258228 0.00123682 -0.000565246 0.00601588
internal_weight=158236 94329.8 74353.4 63906.5 64583.3 19976.3 32919.1 45176.5 7967.58 30987.4 9770.11 7713.94 5181.07 2591.78 5480.43 24951.5 4289.69 28395.7 11502.4 5115.48 19836.1 43480.9 19406.8 19874.4 18952.1 4715.29 8473.93 19527.9 15822 816.469
internal_count=1296797 1099101 955777 197696 899117 143324 67315 662571 15664 130381 56660 14748 10531 6449 39470 51651 17190 123932 52955 7528 44123 648263 236546 90236 86693 6916 90369 43601 178482 1678
is_linear=0
shrinkage=0.01


Tree=7
num_leaves=31
num_cat=0
split_feature=43 13 56 75 68 20 110 6 56 105 110 134 6 95 13 80 137 21 137 148 36 127 91 19 127 73 124 137 93 131
split_gain=1939.6 1247.69 771.442 361.592 202.359 163.957 162.795 149.258 189.549 160.767 140.431 127.767 120.308 110.421 105.487 98.9838 98.2992 92.1016 91.8591 90.7152 90.2408 88.7701 87.3198 114.412 106.285 83.6486 109.591 83.5548 81.1751 73.1553
threshold=0.37026647966339415 -0.34150717703349281 0.43405797101449284 0.42052631578947375 -0.31909090909090904 0.38762626262626265 80.500000000000014 -0.31725417439703146 0.45293466223698786 0.18042553191489366 80.500000000000014 -0.25777777777777772 0.42052631578947375 -0.0097657092783379178 -0.15058139534883719 0.022233201581027654 -0.47979591836734686 -0.126453488372093 -0.12771739130434781 -0.42590909090909085 0.45698427382053664 0.39897959183673476 0.2255952380952381 -0.27664399092970515 0.021980676328502428 0.41010101010101013 0.49000000000000005 0.023268398268398275 0.012347560975609741 -0.33503401360544216
decision_type=2 2 2 2 2 2 2 2 2 2 2 2 2 2 2 2 2 2 2 2 2 2 2 2 2 2 2 2 2 2
left_child=1 5 10 7 29 15 11 22 9 27 14 -5 16 -10 -3 17 -13 -1 -16 -11 -8 -14 24 -24 -2 -6 -27 -9 -7 -4
right_child=3 2 4 6 25 28 20 8 13 19 -12 12 21 -15 18 -17 -18 -19 -20 -21 -22 -23 23 -25 -26 26 -28 -29 -30 -31
leaf_value=0.00093219921288881593 0.00059840371375191105 -0.0011523308954582544 0.0039935036383380472 -0.0016560417871378124 -0.0016370423426128281 0.00149425435702595 0.0061417614407453889 -1.155118637776317e-06 0.0015135026559828916 -0.0041523746695570274 -0.0041737850300960361 0.0099698663332439923 0.001532968812920647 0.0052204348056086158 -0.00097307162666297135 0.001583965536164321 0.0031482309240051264 -0.00094689057870174693 -0.0023233811870504331 0.0012994173092089789 -0.0033421424353895215 0.0042879026006444783 0.0060092232325553024 -0.00095683976269737999 0.0040859603789309374 -5.0791137616620989e-05 0.0069542046749950168 -0.0015580371494956014 0.0038590614546548875 0.0014782377293515246
leaf_weight=5364.4013349181623 1268.5198340734933 14594.18271312787 1570.6140538873151 862.10880806433852 2978.6677153027849 3250.9486797657446 1430.0441921139136 11264.821508917201 4754.3924137318972 313.28892101813108 2828.4685041207122 219.09548194333911 13940.639253706468 970.97636007564142 5866.8666085546138 6590.4251030506566 6540.9492504402297 5074.7710684286139 36960.53406580782 9770.2264308808954 105.87133900076151 1281.7638712003827 285.30457358062267 1331.3538976737764 2862.2529709567025 1138.3269623884698 276.01591980829835 4974.3467062220443 2654.7035754751414 4483.6642253597965
leaf_count=44094 5140 200895 4847 2987 27957 18431 2653 55996 11775 1365 54332 285 27407 2036 107486 16612 12798 59971 537728 31331 241 2399 643 4993 8192 8229 520 18948 5669 21260
internal_value=5.99698e-06 -0.000903132 -0.00156068 0.00137523 0.000947175 0.00112328 0.00232492 0.000762318 0.000495756 0.000136648 -0.00199571 0.00211214 0.00226044 0.00214472 -0.00188818 0.000624524 0.00337224 1.77605e-05 -0.00213866 0.00112865 0.00547978 0.00176586 0.0022466 0.00026929 0.00301779 -0.000684861 0.00131315 -0.000478738 0.00255945 0.00213296
internal_weight=155809 93632.6 70697.3 62176 10447.3 22935.2 24380.5 37795.5 32048.1 26322.7 60250.1 22844.6 21982.4 5725.37 57421.6 17029.6 6760.04 10439.2 42827.4 10083.5 1535.92 15222.4 5747.43 1616.66 4130.77 4393.01 1414.34 16239.2 5905.65 6054.28
internal_count=1297220 1108031 963254 189189 62813 144777 48770 140419 121451 107640 900441 45876 42889 13811 846109 120677 13083 104065 645214 32696 2894 29806 18968 5636 13332 36706 8749 74944 24100 26107
is_linear=0
shrinkage=0.01


Tree=8
num_leaves=31
num_cat=0
split_feature=43 13 56 75 59 34 111 110 150 25 93 79 49 93 21 17 91 122 131 36 104 9 111 126 95 88 111 131 122 109
split_gain=1954.35 1064.75 800.814 222.4 185.075 166.704 158.104 137.607 133.98 131.443 130.433 133.766 137.668 124.093 115.44 98.7478 96.2663 89.3704 105.117 95.2859 84.4822 83.8375 81.3242 80.0814 79.2505 79.8072 76.9769 75.499 75.4898 72.0233
threshold=0.36425061425061434 -0.34150717703349281 0.43405797101449284 0.42052631578947375 0.44058823529411767 -0.3876262626262626 81.776785714285722 80.500000000000014 0.30642923219241447 -0.13944444444444443 0.010102040816326542 0.091372912801484255 0.26043478260869574 0.018874643874643885 0.44058823529411767 -0.47894503546099287 0.46470099667774095 0.23956521739130435 -0.33503401360544216 -0.20782520325203249 -0.37367021276595741 -0.050510204081632641 18.860119047619051 0.045983086680761072 -0.080242612555180434 0.011766334440753036 81.372023809523824 0.084349593495934974 0.39897959183673476 0.21583850931677021
decision_type=2 2 2 2 2 2 2 2 2 2 2 2 2 2 2 2 2 2 2 2 2 2 2 2 2 2 2 2 2 2
left_child=1 4 7 8 13 17 9 16 10 22 26 12 -12 -1 -11 -10 21 18 -4 -19 -13 -3 -5 -7 25 -6 -2 -24 -8 -17
right_child=3 2 5 6 24 23 28 -9 15 14 11 20 -14 -15 -16 29 -18 19 -20 -21 -22 -23 27 -25 -26 -27 -28 -29 -30 -31
leaf_value=-0.00069642491615918341 -0.0019112707766720336 -0.0015164057397460541 0.0055121470455181442 -0.0022375400500817479 0.0015439523769687853 -0.0019981712211312968 0.0068025588019321242 -0.0042142191288598637 0.0056535121570081212 0.00062870561185542648 0.00080912542857313093 -0.00061133331054604475 -0.0014765556055884408 0.0012612618030147572 0.0021854677438767948 0.0019748415457374684 -0.00054362569514589273 0.0065607494312881322 0.0019092360516198669 -0.00095773371913191743 0.0017879061271587147 -0.0023599046905726727 0.0061262643604692033 0.00056752972849554882 0.0010163204600051692 0.004055611947757715 0.0069983935847439671 0.0024763665716044949 0.0012382165316077935 -0.00014830688977297767
leaf_weight=7222.0019270153716 2636.1255631467211 19041.77750160388 1164.7652631530073 187.19130636937916 2433.5038896834012 1810.6416759345448 1007.9922304661013 2736.6336774090305 629.02907419390976 7316.5144095262513 6883.8679775256023 1700.1631874823943 4267.4246142421034 5864.5386896436103 13766.914231518575 8294.1991053004167 4712.0975016759476 194.19888266944326 2708.5397622637684 1233.1813067286275 10446.791036383423 31347.858572086552 1340.2815327742137 3694.6455407520407 4309.1857131626457 2678.0116924280301 99.276038536336273 1005.9300767770037 328.32029462791979 1968.1091351062059
leaf_count=96909 19683 300794 2797 329 8908 26016 1800 54820 1124 17300 27650 5700 18250 15531 24841 30642 44741 668 11237 3593 31440 497628 2450 18205 16418 6617 600 1845 628 8216
internal_value=-5.60125e-06 -0.000936769 -0.00155569 0.00136592 0.000950408 0.000942454 0.00209548 -0.0020226 0.000872581 0.00190531 0.000482409 0.000725253 -6.47261e-05 0.000180149 0.00164576 0.00180416 -0.0019135 0.00220829 0.00299641 6.2052e-05 0.00145125 -0.00204139 0.00405993 -0.000274701 0.0020192 0.00286235 -0.00158182 0.00456737 0.00544487 0.00156671
internal_weight=153030 91151.6 68644.3 61878.1 22507.2 10806 24953.1 57838.4 36925 23616.8 26033.6 23298.2 11151.3 13086.5 21083.4 10891.3 55101.7 5300.69 3873.31 1427.38 12147 50389.6 2533.4 5505.29 9420.7 5111.52 2735.4 2346.21 1336.31 10262.3
internal_count=1297380 1104882 960499 192498 144383 62516 49193 897983 143305 46765 103323 83040 45900 112440 42141 39982 843163 18295 14034 4261 37140 798422 4624 44221 31943 15525 20283 4295 2428 38858
is_linear=0
shrinkage=0.01


Tree=9
num_leaves=31
num_cat=0
split_feature=23 14 57 54 1 55 17 85 136 26 112 73 26 127 121 111 93 111 21 61 111 111 49 138 99 58 127 138 100 133
split_gain=1530.6 734.308 724.839 312.891 245.514 218.984 179.761 156.872 170.683 151.379 162.427 136.482 141.825 134.776 122.54 116.93 107.796 106.881 106.298 106.184 103.093 92.7643 93.3143 85.2419 90.6753 84.4491 84.4397 81.2499 77.9182 74.7045
threshold=0.32683658170914548 -0.3876262626262626 0.41864313292884731 0.2473404255319149 -0.21352583586626137 0.40121951219512203 -0.43683510638297868 0.010990338164251214 -0.40667311411992257 -0.35053191489361696 67.32083333333334 0.30217391304347835 -0.31909090909090904 -0.13976744186046511 0.21583850931677021 28.270833333333339 0.014495798319327681 82.151785714285737 1.0000000180025095e-35 0.36023255813953492 29.824404761904766 12.002976190476192 1.0000000180025095e-35 0.057777777777777824 0.70000000000000018 0.45293466223698786 -0.11167800453514738 0.047727272727272736 0.020416666666666698 0.02947642851417968
decision_type=2 2 2 2 2 2 2 2 2 2 2 2 2 2 2 2 2 2 2 2 2 2 2 2 2 2 2 2 2 2
left_child=1 18 4 6 16 17 19 8 14 20 13 12 -4 -11 15 -5 -3 -6 23 -2 -9 22 -10 24 28 -12 -16 -23 -1 -20
right_child=3 2 11 7 5 -7 -8 9 21 10 25 -13 -14 -15 26 -17 -18 -19 29 -21 -22 27 -24 -25 -26 -27 -28 -29 -30 -31
leaf_value=0.0037246325328921318 0.00031304668436406573 -0.0012897735447515437 0.0013920115787964136 -0.0059216664359954428 -0.0021490955117445267 -0.00025593765179593946 -0.00015187896951431867 0.0021336544233170164 0.0027591820367004411 -0.0021393657761400614 0.0033400209266014318 0.0021751789735466012 -0.0011789810736693527 0.0019781851809660602 0.0046358151103440375 0.00532054101375654 0.00033127846391730448 -0.0048736467916503162 0.00095091174495161247 0.0033950857126274015 0.0084625504855624003 0.00088844313415144586 -0.0078786947185476817 0.00016136887829021205 0.001049340652355945 0.0071887232870983158 0.00085953077921957727 -0.0023827208124141274 -0.00044328728578153315 -0.0018119151522092939
leaf_weight=4045.2992793302401 1962.1418752198515 9258.1398605285794 4355.7680102584418 96.043577590957284 40139.158709016105 6378.0807069512375 17054.205613037979 420.15200561052188 120.31465335609391 846.47565075487364 3454.263970383734 5233.466009797412 4225.1425850581727 12357.982315068017 734.17545044457074 1749.4578252474312 7350.4749686662108 1499.6490429192781 2755.3701719251694 2621.3098732475191 687.61957917839754 11146.420077837422 250.6210708275903 2300.676473617903 3143.8828862039954 691.05162681499496 3106.6162658769172 812.425076174899 499.48383085615933 1516.2885613376857
leaf_count=17996 10552 163225 18980 270 615948 47078 114813 1346 430 2911 10566 22082 32137 30706 1706 4144 35717 29546 15489 8421 1504 40606 1038 18181 17711 1456 6974 5861 2149 17647
internal_value=9.44662e-07 -0.000796614 -0.00117617 0.0012734 -0.00162067 -0.00198325 0.000320131 0.00183862 0.00117366 0.00248703 0.00225701 0.000902475 0.000124929 0.00171333 0.00260721 0.00472717 -0.000571766 -0.00224758 0.00129031 0.00207822 0.00607526 0.000511563 -0.00440322 0.00185485 0.0023602 0.00398562 0.001585 0.0006652 0.00326437 -2.76487e-05
internal_weight=150812 92700.9 78439.9 58111.3 64625.5 48016.9 21637.7 36473.6 18016.1 18457.5 17349.8 13814.4 8580.91 13204.5 5686.29 1845.5 16608.6 41638.8 14261 4583.45 1107.77 12329.8 370.936 9989.34 7688.67 4145.32 3840.79 11958.8 4544.78 4271.66
internal_count=1297190 1053886 964713 243304 891514 692572 133786 109518 61029 48489 45639 73199 51117 33617 13094 4414 198942 645494 89173 18973 2850 47935 1468 56037 37856 12022 8680 46467 20145 33136
is_linear=0
shrinkage=0.01


Tree=10
num_leaves=31
num_cat=0
split_feature=23 13 56 66 19 59 91 61 150 115 13 23 49 98 111 38 39 23 56 131 35 49 23 111 36 139 105 53 30 148
split_gain=1494.63 933.454 1039.92 338.983 241.06 229.007 156.673 139.143 128.707 115.275 108.942 104.135 102.373 97.7347 96.9333 83.2304 133.642 110.52 80.7196 79.79 71.4626 76.7722 73.3992 70.8216 70.7642 67.0521 66.0817 65.3851 79.7854 62.7949
threshold=0.3585714285714286 -0.34150717703349281 0.41864313292884731 0.31725417439703163 0.36023255813953492 0.44058823529411767 0.12372448979591839 0.39323708206686936 0.010421189752496731 0.018874643874643885 -0.050510204081632641 0.16333333333333336 0.30600358422939072 1.0000000180025095e-35 68.755952380952394 0.47979591836734697 0.28647416413373866 0.46076923076923082 0.022233201581027654 -0.32136752136752128 0.33503401360544227 -0.23956521739130432 0.45505050505050515 68.755952380952394 0.31016731016731025 0.050510204081632655 -1.0000000180025095e-35 0.41751700680272114 0.17416582406471184 0.010310374149659853
decision_type=2 2 2 2 2 2 2 2 2 2 2 2 2 2 2 2 2 2 2 2 2 2 2 2 2 2 2 2 2 2
left_child=1 5 4 7 10 9 27 29 -5 -1 23 13 -9 -8 20 17 -17 -16 -6 -13 22 -22 -10 -3 -7 -14 -20 -4 -29 -2
right_child=3 2 6 8 18 24 11 12 14 -11 -12 19 25 -15 15 16 -18 -19 26 -21 21 -23 -24 -25 -26 -27 -28 28 -30 -31
leaf_value=-0.00059086971429694098 0.0013386329136230079 -0.0012038950715337891 -0.0014843109761733004 -0.0022395219333957717 -0.0016856413655695014 0.0028683416332746371 -0.0012064088816186468 0.0024611052936893084 0.0015392129149108009 0.0013332357965140337 -0.0024585008230775937 0.0051971573100278749 0.0010574572562830962 0.0016927870529533054 0.0027338376848504383 0.0045291013973538701 -0.00022317244739439104 0.0060393071307197664 -0.0013715969811382415 0.0021308319070367861 -0.007928794174219763 0.0013457260494819058 0.0031535080457468258 -0.0027491361854811614 0.000831681125905286 -0.0020766837756150116 0.0011315709967906571 0.0032091663272209776 -0.00071052103314297012 -0.00038114085418440374
leaf_weight=7206.0598864764906 2544.883541784191 15361.857418277592 2623.1302749243332 670.60826669406379 2593.1817719178507 6541.715915392735 1662.9228428350179 4794.5962487964425 5260.5356728381594 5477.2167431211565 32498.773307773983 1101.6306819960009 2482.0830646488466 3839.1686493738089 2483.7619928737986 1013.120511975605 1411.6565731014125 1730.8563708816655 1435.9419640509295 3815.224758599943 88.739981931634247 10461.2040060453 6157.1837040572427 3695.4742735787877 2329.7753567725886 939.66740359814139 3942.6534699586919 867.31723183108261 1284.3125365220476 12762.619582239015
leaf_count=94667 19948 226970 25292 4466 20024 20480 10461 16637 16965 14869 520927 2928 10832 14227 8578 2005 3010 3697 13198 13193 268 25806 12858 74303 8090 3094 22648 4291 5912 76318
internal_value=1.06997e-05 -0.000730753 -0.00125967 0.00136282 -0.00185573 0.00110228 0.00107497 0.000468357 0.00208111 0.000239298 -0.00210598 0.00176253 0.0015181 0.000814672 0.00218282 0.00324377 0.00175935 0.00409481 -0.000235958 0.0028208 0.00186157 0.00126602 0.00241082 -0.00150419 0.00233477 0.000193495 0.000461302 -0.000423324 0.000865608 -9.45052e-05
internal_weight=149078 96276.4 74721.6 52801.5 59527.9 21554.8 15193.7 23523.8 29277.7 12683.3 51556.1 10418.9 8216.35 5502.09 28607.1 6639.4 2424.78 4214.62 7971.78 4916.86 21967.7 10549.9 11417.7 19057.3 8871.49 3421.75 5378.6 4774.76 2151.63 15307.5
internal_count=1296962 1092480 954374 204482 878070 138106 76304 126829 77653 109536 822200 40809 30563 24688 73187 17290 5015 12275 55870 16121 55897 26074 29823 301273 28570 13926 35846 35495 10203 96266
is_linear=0
shrinkage=0.01


Tree=11
num_leaves=31
num_cat=0
split_feature=19 14 56 104 10 91 10 142 27 55 91 132 36 127 110 145 143 67 124 30 34 2 42 140 55 88 80 6 110 35
split_gain=1427.21 855.922 950.698 236.145 214.025 170.072 150.142 140.819 139.798 115.698 110.798 108.509 106.229 105.245 96.9833 95.5883 93.7892 91.961 84.4502 84.2685 82.2414 81.7076 79.8501 79.4658 75.9276 74.8155 74.3424 72.7781 72.163 64.0515
threshold=0.34529914529914535 -0.3876262626262626 0.41864313292884731 0.37026647966339415 0.24744897959183679 -0.024099883855981438 0.38047619047619052 0.013701201201201165 -0.44058823529411756 0.46076923076923082 0.39608636977058037 5.6646935841241897 -0.19416099773242626 0.010310374149659853 83.500000000000014 0.011766334440753036 0.46863636363636368 0.49000000000000005 0.40121951219512203 0.28024390243902447 -0.32426470588235284 -0.2722332015810276 0.40550595238095244 0.056186868686868681 0.43513323983169711 0.022474747474747484 0.20833333333333334 -0.44058823529411756 52.500000000000007 0.19139194139194141
decision_type=2 2 2 2 2 2 2 2 2 2 2 2 2 2 2 2 2 2 2 2 2 2 2 2 2 2 2 2 2 2
left_child=1 6 4 8 14 -4 25 15 10 20 -2 24 16 -9 22 19 -10 28 26 -5 -7 -6 -3 -11 -12 -1 -15 -8 -17 -21
right_child=3 2 5 7 21 9 27 13 12 23 11 -13 -14 18 -16 17 -18 -19 -20 29 -22 -23 -24 -25 -26 -27 -28 -29 -30 -31
leaf_value=-0.00017106195263507623 -0.0085479240823516361 -0.0021177702703028553 -0.0013850529186728686 0.0036667775284131422 0.00033119806503142691 0.0018782689428458747 0.0037964492471966715 0.00013822836972920426 0.0011667131095936356 0.0064810820715494712 0.0034183285075596206 -0.0008904835177844765 0.0002351236461669361 0.0017686296890324659 -0.0044720044220294608 0.0014758314558212507 0.0046069556229828791 0.007812112898660707 0.0036784163082828614 0.0066696304710352127 -7.7967942691224324e-05 -0.0012204431258855874 -0.00011364518199332816 0.0021020337107957089 0.0085380160530783358 0.001693309703131213 -0.0043819690580621266 0.0016548286116682307 0.004782498412711807 -0.0015434696947164539
leaf_weight=6707.0847573627252 69.448571243789047 40474.838084492832 2178.3338918694062 994.01111759978812 4698.900855796528 6577.807071218238 2274.7810498599429 3602.881304922339 10494.569057055051 759.91426661133301 688.58662915986497 321.20867552491836 21839.167485884624 8434.3073005473707 1682.6575425832998 1000.6791131242062 859.20017661742168 666.75952832144685 2625.2570549985394 106.68229695037007 3177.2560669174418 12129.7605608101 2101.9777207329171 934.00019802805036 515.05129390861839 3163.171149760019 199.37784159183502 5363.7310318272212 2003.9471424086951 791.03259816474747
leaf_count=63588 692 670106 26938 4117 43193 22227 5703 15593 45855 1716 3183 1595 99213 24344 33779 3993 2563 1385 6502 423 19224 146358 12254 1578 914 9620 255 21071 6889 2870
internal_value=1.29216e-05 -0.000748274 -0.0012147 0.00128456 -0.00174753 0.0011731 0.00124148 0.00213833 0.000782953 0.00166078 0.00367592 0.00424444 0.000643592 0.00162886 -0.00211265 0.00349702 0.00142832 0.00443951 0.00210493 0.00166121 0.00124015 -0.000786606 -0.00201907 0.0040751 0.00562268 0.000425521 0.00162494 0.00229433 0.00368541 -0.000549982
internal_weight=147436 92224.2 74715.4 55212.2 61088.1 13627.3 17508.8 20424.9 34787.2 11449 1594.3 1524.85 33192.9 14861.8 44259.5 5563.11 11353.8 3671.39 11258.9 1891.73 9755.06 16828.7 42576.8 1693.91 1203.64 9870.26 8633.69 7638.51 3004.63 897.715
internal_count=1297741 1077355 977373 220386 905690 71683 99982 66371 154015 44745 6384 5692 147631 46694 716139 19677 48418 12267 31101 7410 41451 189551 682360 3294 4097 73208 24599 26774 10882 3293
is_linear=0
shrinkage=0.01


Tree=12
num_leaves=31
num_cat=0
split_feature=43 13 56 79 34 10 110 34 61 55 125 37 47 83 82 150 110 63 55 135 34 41 104 122 38 38 129 25 108 135
split_gain=1901.72 951.384 806.863 221.671 162.615 161.289 135.86 121.52 118.538 111.221 96.9909 94.8609 88.9199 86.765 86.4814 85.9643 85.4911 75.9875 75.7814 74.5249 73.5845 69.691 68.2958 66.2453 65.8256 63.4385 60.1023 59.404 58.3665 57.9466
threshold=0.36023255813953492 -0.34150717703349281 0.43405797101449284 0.27888888888888896 -0.3876262626262626 0.42052631578947375 80.500000000000014 -0.23401360544217684 0.3585714285714286 0.27113095238095247 0.052777777777777819 -0.35053191489361696 -0.046536796536796536 0.010990338164251214 0.018187830687830701 0.027046783625730989 82.500000000000014 -0.47700845665961938 0.32683658170914548 0.39009661835748793 0.14644607843137261 -0.30901722391084091 0.24744897959183679 0.29238505747126442 -0.39528508771929821 0.47646733111849393 0.0032458333333333336 -0.13944444444444443 -0.44058823529411756 -0.24234042553191487
decision_type=2 2 2 2 2 2 2 2 2 2 2 2 2 2 2 2 2 2 2 2 2 2 2 2 2 2 2 2 2 2
left_child=1 5 6 8 19 12 15 13 9 -2 -6 26 14 -5 28 -3 17 -9 -12 23 -13 -19 -22 -4 -7 -15 29 -11 -1 -10
right_child=3 2 4 7 10 24 -8 16 11 27 18 20 -14 25 -16 -17 -18 21 -20 -21 22 -23 -24 -25 -26 -27 -28 -29 -30 -31
leaf_value=0.0012795965299440626 -0.00060362983270807649 -0.0023100852786267505 0.0027988901124374804 0.0023516395122584093 -0.001818066970604151 0.0035210427291942608 -0.0043416339031588759 0.00011727697530727688 -0.0058788986297629107 0.0022323244739925327 -0.00058132586577102567 0.0043888185391180428 -0.0011276986783968364 0.0040076453413193172 0.001752412598480119 -0.0014752345089203314 0.0040420550025427309 0.0027649571833937166 0.0025509221219707397 -0.0026853701320150671 0.00024422940117541341 0.0014900908035732393 0.0020585682332356697 0 0.0014458005091777433 0.0083331193416642645 0.0052331717372924606 0.00043780898982392148 -0.00071223016465371211 0.0025141715900752482
leaf_weight=2208.1171844897326 8283.7257150365913 28992.105307709542 4545.3558992934413 1943.0098476663698 2532.0218551967992 2142.3027512156405 2507.3306196100311 2975.3226840414573 88.845799412578344 2758.842804366257 1723.9750032657757 643.55278350703884 3597.9168558749952 968.71305131237023 4484.9723000898957 21651.553010195552 1555.7886447894853 5824.5009957961738 1392.5208898819401 317.36353004071862 5883.8436126533488 16601.636039140751 3216.8719734338229 1047.1694807859603 5455.7236451820936 538.54123076237738 1010.396134769544 5623.5459950072691 4400.9582029176527 912.95787994377315
leaf_count=11067 52655 582933 13972 5140 34434 5529 54515 6701 257 8497 5695 1927 35915 2377 11745 256482 3661 14240 3945 928 21835 44135 8979 3217 22814 889 2361 21483 56442 2452
internal_value=7.23111e-06 -0.000931754 -0.00154555 0.00139599 0.000848319 0.000849686 -0.00206633 0.00198965 0.000760466 0.00021734 -0.000363431 0.00152947 0.000237144 0.00375918 0.00068074 -0.0019534 0.00176267 0.00162251 0.000815395 0.00200804 0.00111955 0.00182175 0.000886807 0.0022766 0.00203263 0.00556427 0.00350808 0.00102982 -4.51476e-05 0.00175473
internal_weight=145829 86999.4 64709.4 58830.1 11558.4 22290 53151 30407.5 28422.6 16666.1 5648.52 11756.5 14692 3450.26 11094 50643.7 26957.2 25401.5 3116.5 5909.89 9744.27 22426.1 9100.72 5592.53 7598.03 1507.25 2012.2 8382.39 6609.08 1001.8
internal_count=1297222 1099633 956121 197589 62191 143512 893930 77143 120446 82635 44074 37811 115169 8406 79254 839415 68737 65076 9640 18117 32741 58375 30814 17189 28343 3266 5070 29980 67509 2709
is_linear=0
shrinkage=0.01


Tree=13
num_leaves=31
num_cat=0
split_feature=43 2 56 54 63 68 1 111 104 88 17 126 21 43 7 23 111 57 41 111 111 67 35 83 23 70 21 23 99 138
split_gain=1690.64 775.262 711.56 235.246 185.824 167.798 135.534 116.882 112.747 110.128 106.743 98.4621 95.8405 93.8905 90.1993 90.1277 80.3232 80.306 76.507 76.3816 72.4608 70.0826 69.9465 69.3211 69.1966 69.1269 66.941 66.8838 66.2662 86.29
threshold=0.36023255813953492 -0.29893617021276592 0.43405797101449284 0.27113095238095247 0.34045454545454551 -0.31909090909090904 -0.15978723404255316 68.755952380952394 -0.046536796536796536 0.020620748299319761 -0.45789007092198575 0.3782135794330917 0.079473684210526321 0.49000000000000005 0.39009661835748793 0.47259759759759767 82.151785714285737 0.49000000000000005 -0.31165540540540532 18.038690476190478 22.782738095238098 0.091372912801484255 -0.090326340326340307 0.010527482269503509 0.2473404255319149 -0.054373522458628858 0.43257575757575761 0.28647416413373866 0.70000000000000018 0.057777777777777824
decision_type=2 2 2 2 2 2 2 2 2 2 2 2 2 2 2 2 2 2 2 2 2 2 2 2 2 2 2 2 2 2
left_child=1 4 6 10 9 -4 -3 13 -9 -1 20 15 28 17 18 -10 -8 27 -15 -19 22 -16 -2 -24 -13 -14 -7 -5 29 -6
right_child=3 2 5 7 12 26 16 8 11 -11 -12 24 25 14 21 -17 -18 19 -20 -21 -22 -23 23 -25 -26 -27 -28 -29 -30 -31
leaf_value=-0.0010444370180667753 0.0052302639274181238 -0.0011529684894988324 0.0017628258199322341 -0.00048770463296886308 0.0034426238125531807 -0.0011213546462471497 -0.0022206694513425673 0.0010726756784524836 0.0018030884059503146 0.00096487760770630232 8.9193512995157934e-05 0.0009074022209941547 -0.0017285180131948567 0.0067422727760627641 0.0038374099655486649 0.0045944948831840417 -0.004756687590921225 -0.0041244731458448883 0.002772164673034407 0.0030276796198671989 0.003000942555375551 0.0012981814662474458 0.0017896536565057068 -0.0090755371665499195 0.0066536662097746438 0.0011747050590337398 0.0040375463758683368 0.0010754836036343998 0.00093554601141469969 0.00045332227031075
leaf_weight=7103.5781388308678 94.806647226214409 14012.851725542394 6915.7155376730952 3453.2693647411652 4136.7380560690071 3859.3741356148967 35299.226848752936 2964.2973716329434 3397.5602816357277 4423.1970000942238 16326.118837446091 257.2149981665425 1297.1679058095906 670.09658542415127 1283.5160860600881 1771.053760551149 1302.3503505866975 156.60599968861789 1831.4372136141174 2548.9126927447505 2135.7912264059996 7311.253798741498 94.052638843655586 148.44307083450258 1247.8928219662048 2224.4007814856013 267.40494438068708 13047.874044396449 3284.6042629239382 1270.5149689663667
leaf_count=115197 277 203448 24563 15293 15936 33144 609069 8198 9353 17623 90965 620 8656 1232 2272 3116 29530 353 3401 4940 5500 13907 223 443 2374 13985 1274 35832 18982 7859
internal_value=4.03057e-07 -0.000897745 -0.00148901 0.0013063 0.000637446 0.000810234 -0.00199084 0.00174053 0.00270094 -0.000272514 0.000383165 0.00342241 0.00149702 0.00143466 0.00216777 0.00276222 -0.00231131 0.00101051 0.00384192 0.00260862 0.00231896 0.00167895 -0.00196591 -0.00483033 0.00567955 0.000102278 -0.000783751 0.000747732 0.00206088 0.00274231
internal_weight=144137 85397.1 61656.9 58740.2 23740.2 11042.5 50614.4 39941 9638.02 11526.8 18799.2 6673.72 12213.4 30303 11096.3 5168.61 36601.6 19206.7 2501.53 2705.52 2473.09 8594.77 337.302 242.496 1505.11 3521.57 4126.78 16501.1 8691.86 5407.25
internal_count=1297565 1099266 901028 198299 198238 58981 842047 100891 23661 132820 97408 15463 65418 77230 20812 12469 638599 56418 4633 5293 6443 16179 943 666 2994 22641 34418 51125 42777 23795
is_linear=0
shrinkage=0.01


Tree=14
num_leaves=31
num_cat=0
split_feature=43 14 56 53 68 61 110 112 119 23 47 59 126 14 132 7 14 56 109 135 50 85 86 150 113 109 113 6 41 112
split_gain=1575.88 847.621 696.399 195.343 160.824 125.399 126.037 124.845 139.18 112.27 94.6859 92.0754 88.3944 87.2204 83.502 81.5849 104.298 76.6327 70.7842 79.0047 70.536 70.0471 68.5178 67.3415 66.7808 63.2205 62.9552 86.3583 63.3488 62.4483
threshold=0.36425061425061434 -0.3876262626262626 0.43405797101449284 0.40121951219512203 -0.31909090909090904 0.38762626262626265 80.500000000000014 54.575694444444451 0.42940199335548179 0.38047619047619052 -0.046536796536796536 0.49000000000000005 -0.021507863089731707 -0.15261756876663707 5.9648630413710704 0.39009661835748793 0.27113095238095247 0.47801932367149763 -0.45180023228803712 0.19476486246672584 0.44058823529411767 0.010102040816326542 0.018874643874643885 0.15607606679035249 -34.096527777777773 0.19139194139194141 -7.8736111111111109 -0.31165540540540532 -0.097872340425531903 65.259027777777789
decision_type=2 2 2 2 2 2 2 2 2 2 2 2 2 2 2 2 2 2 2 2 2 2 2 2 2 2 2 2 2 2
left_child=1 10 5 9 18 6 13 12 24 17 11 22 14 -3 25 -14 -17 -2 -4 -20 26 23 -1 -10 -9 -5 28 -28 -11 -23
right_child=3 2 4 7 -6 -7 -8 8 21 20 -12 -13 15 -15 -16 16 -18 -19 19 -21 -22 29 -24 -25 -26 -27 27 -29 -30 -31
leaf_value=0.00035873769923469584 -0.0005468256637072952 -0.0012385817125479617 -0.0014341992120374741 0.00051434765672945734 -0.00067611053874954048 -0.00049747517185216199 -0.0042203243321651011 -0.0035063521601394546 -0.0025987116343083828 -0.0012857630762494318 -0.00075957890111363869 0.0026879599439433889 0.0028931236479100243 -0.0021700413693246669 0.0069506118757207006 0.0035433104592842903 0.00076694529059510581 0.0018287780102887639 0.0024505031744350724 -0.00052093749695329228 0.00020015888025255249 0.00040544493882678989 0.002159315776657348 0.0012688125665247388 0.0040567019901963002 -0.0026089955290310562 0.0037664930739073335 0.0014409816844833002 0.0019686955021364738 0.003593388532018672
leaf_weight=6674.6981847506831 8418.626732859906 14499.498066876899 653.91362372273579 1727.4004015040118 4560.5759535952238 6253.9981900374987 2442.2045621157158 117.3412923514843 585.42212587525137 1432.7481422364945 2195.0899270551163 4315.4374671031255 3903.6484010058921 33285.709977805323 151.38996884133667 1601.6838522884063 8824.0068037740421 1617.1877154352842 5863.082879801048 1049.2329430788523 5709.5544949456817 885.58005075389519 3104.2541157878004 1928.4196882976685 5095.3911184184253 1032.5135092958808 1931.1918614705792 9451.8850057504606 1024.8233176306239 2064.7918931012973
leaf_count=60112 61064 224525 5536 4949 39350 69390 53451 256 1773 5086 18320 13096 8119 590212 370 3192 17461 4219 17962 3211 19833 1802 8762 4128 10712 3122 5503 33836 3588 3841
internal_value=-1.53606e-05 -0.000881199 -0.00136814 0.00126277 0.000805541 -0.00183502 -0.00200135 0.00186298 0.00271367 0.000696027 0.00116905 0.00147016 0.00133546 -0.00188765 -0.000250053 0.00165828 0.00119473 -0.000162877 0.00169991 0.00199801 0.00113743 0.00159496 0.000931502 0.000363494 0.0038839 -0.000651028 0.00152331 0.00183669 6.75487e-05 0.00264035
internal_weight=142401 84897.7 68608.2 57503.6 12126.8 56481.4 50227.4 27917.6 10676.9 29586 16289.5 14094.4 17240.6 47785.2 2911.3 14329.3 10425.7 10035.8 7566.23 6912.32 19550.2 5464.21 9778.95 2513.84 5212.73 2759.91 13840.6 11383.1 2457.57 2950.37
internal_count=1296781 1103927 1003637 192854 66059 937578 868188 59725 22512 133129 100290 81970 37213 814737 8441 28772 20653 65283 26709 21173 67846 11544 68874 5901 10968 8071 48013 39339 8674 5643
is_linear=0
shrinkage=0.01


Tree=15
num_leaves=31
num_cat=0
split_feature=43 14 56 54 10 37 10 28 112 85 65 150 151 110 18 125 122 17 151 117 82 23 65 128 137 82 75 23 111 110
split_gain=1541.42 802.179 676.849 259.22 195.011 137.219 131.756 116.671 95.6159 109.125 115.665 111.219 98.0224 92.3323 91.9108 84.0535 87.4457 75.0188 74.8112 74.3028 82.3056 74.2088 73.9511 101.569 70.8969 68.6731 65.0173 62.8201 87.9895 60.9192
threshold=0.36425061425061434 -0.3876262626262626 0.43405797101449284 0.2473404255319149 0.24744897959183679 -0.25931034482758614 0.35565476190476192 -0.41578014184397155 62.693055555555567 0.011237373737373714 0.42940199335548179 0.49479166666666674 0.26020833333333337 83.500000000000014 -0.13525498891352547 0.028594771241830078 0.3585714285714286 -0.10791925465838507 -0.010102040816326539 -0.26138716356107655 0.019615384615384649 0.38762626262626265 0.30600358422939072 0.019116666666666695 -0.36085106382978716 0.011237373737373714 0.35565476190476192 0.23252032520325203 68.907738095238116 40.500000000000007
decision_type=2 2 2 2 2 2 2 2 2 2 2 2 2 2 2 2 2 2 2 2 2 2 2 2 2 2 2 2 2 2
left_child=1 6 4 5 13 22 -1 27 12 10 11 -10 14 -3 -5 -9 -17 25 -12 20 -6 -16 -2 -24 -25 -8 -11 -4 -29 -28
right_child=3 2 7 8 19 -7 17 15 9 26 18 -13 -14 -15 21 16 -18 -19 -20 -21 -22 -23 23 24 -26 -27 29 28 -30 -31
leaf_value=0.00018624028465538656 3.9744820131306804e-05 -0.0021043922340295246 0.0009768183687520512 0.0056352091422095857 -0.0011534726634865762 -0.00038199192356249898 0.0014067538753762877 -0.0014390433737570939 0.0019465423741837852 0.0015474181192972319 -0.0036529488502222234 0.0088531331554450084 -0.00011190173010828237 -0.0046444449881003873 0.00070745957512650904 0.001783127464081554 -0.0016505805547921348 -4.718459197555179e-05 0.00077183563499532803 -0.0013082590727232762 0.0016059064839197693 0.0018900026607401158 0.0016511522264826134 0.010503128099485141 0.0033774894121110614 0.0034155382121972993 -0.0007995451525793911 0.0023913030975847753 0.0084868892318391027 0.0042697302617871035
leaf_weight=7976.9554679674329 1969.9332772810012 38581.819304818404 3400.962001807522 555.20891034265514 2137.2103704685578 11826.232216314704 3385.4451776924543 2811.051968462998 3209.8439424768439 1458.6148687592358 577.1626735968166 251.75755473319441 3801.9387548659579 1493.3828660512809 7791.0262394923484 2726.2361544631422 1015.1068604439497 1483.6572343592416 1119.567674433114 10957.900726885418 2182.589791855542 16867.829264478001 2611.5563426358858 236.3222647276707 357.83417649380863 3475.0098579681944 247.21217072941363 1926.1215747497045 271.54034782852978 4268.8898036403116
leaf_count=67656 11228 700195 11070 1347 39357 68930 14595 38257 9328 4571 1702 421 11277 34752 26482 8702 2411 8845 2943 155524 8976 35471 8204 400 1032 9324 522 4912 711 8844
internal_value=-1.90154e-05 -0.000882483 -0.00136356 0.00124728 -0.00183277 0.000211655 0.00110661 0.00077301 0.00168557 0.00247458 0.00140534 0.00245415 0.00138241 -0.00219941 0.00160813 -0.000131355 0.000848624 0.00198515 -0.000728681 -0.000870284 0.000238445 0.00151682 0.00156987 0.00250671 0.00624136 0.00242607 0.00339565 0.00183306 0.00315253 0.00398991
internal_weight=140976 83825 67503.9 57150.9 55352.9 17001.9 16321.1 12151 40149.1 11133 5158.33 3461.6 29016 40075.2 25214.1 6552.39 3741.34 8344.11 1696.73 15277.7 4319.8 24658.9 5175.65 3205.71 594.156 6860.46 5974.72 5598.62 2197.66 4516.1
internal_count=1297989 1105287 1004867 192702 938804 89794 100420 66063 102908 28331 14394 9749 74577 734947 63300 49370 11113 32764 4645 203857 48333 61953 20864 9636 1432 23919 13937 16693 5623 9366
is_linear=0
shrinkage=0.01


Tree=16
num_leaves=31
num_cat=0
split_feature=55 13 56 42 59 150 58 118 6 55 111 144 103 57 146 150 129 13 136 6 88 65 27 137 111 126 19 146 19 27
split_gain=1176.31 859.789 510.836 462.568 190.303 143.624 109.009 104.161 103.707 124.199 103.169 96.2724 113.624 96.8255 94.3948 91.8482 87.3602 83.5238 82.9504 73.7479 102.152 72.7695 61.7588 61.2932 59.2697 55.5319 53.9844 52.9957 51.86 50.0471
threshold=0.40121951219512203 -0.34150717703349281 0.43813775510204089 0.39009661835748793 0.44058823529411767 0.010421189752496731 0.45959183673469389 0.45180023228803717 -0.25931034482758614 0.21937500000000001 81.776785714285722 0.43257575757575761 0.011369509043927641 0.14644607843137261 0.32793709528214621 0.014087301587301539 0.0010589285714285707 -0.050510204081632641 -0.42111111111111105 -0.42770034843205568 0.022474747474747484 -0.32426470588235284 -0.45180023228803712 -0.39472517730496448 50.717261904761912 0.028594771241830078 0.26253132832080206 0.34613526570048314 -0.31725417439703146 -0.47979591836734686
decision_type=2 2 2 2 2 2 2 2 2 2 2 2 2 2 2 2 2 2 2 2 2 2 2 2 2 2 2 2 2 2
left_child=1 4 3 10 15 -2 7 22 28 -10 17 12 13 -8 16 -1 -9 -3 29 -6 23 27 -7 -21 -14 -24 -23 -20 -5 -4
right_child=5 2 18 8 19 6 11 14 9 -11 -12 -13 24 -15 -16 -17 -18 -19 21 20 -22 26 25 -25 -26 -27 -28 -29 -30 -31
leaf_value=-0.00099850121778395943 -0.0016673048225233217 -0.0012887114127998831 -6.9940586045187365e-05 0.0055037594500379648 0.0029545141444569244 0.0035423266085583788 -0.0064320658310965144 0.0014702156185328907 -0.0016946316998493487 0.00063875388471627131 -0.0042112592290969473 0.00057753784691141116 0.0027362992901803786 0.0016102341427577363 -0.0037400658131098619 0.00072964190232415588 0.0033683793810863061 -0.002155914167908851 0.0016860772661131259 0.0026607271365625233 0.0027117005168749483 -0.00085103584428082265 0.00012317226738403075 -4.5057367375907452e-05 0.0048336687511320907 0.0012189757193607563 0.0012332204129703842 -0.0055091185989449253 0.001301482161415096 0.0051246801392871959
leaf_weight=4554.3706788840354 1400.3032551020733 18082.977558731451 250.1537274196744 325.95503124129027 4138.4943361373153 844.09687476605177 191.16816864302382 5632.4498671423644 3889.3009261179832 5506.7184429746703 1889.5722073630895 1815.6614036470419 2899.5511351581663 675.42012817179784 264.17071375914384 9455.2262593411724 4299.6421817468945 29141.260160282662 4495.1245555202477 1034.4094597693766 3304.6510659204796 3815.6396736048628 7789.0929706778843 4337.8130583042512 2586.1711392989382 11461.707648293348 1839.9518821667298 103.18201792193577 3099.5778373412322 676.45824837265536
leaf_count=66796 16391 305613 596 1401 10078 1997 745 18540 27951 25591 42645 5044 6737 2116 1612 58825 13293 511137 16168 4198 7081 24830 37716 22024 6069 35947 8323 841 14997 2032
internal_value=2.16326e-05 -0.000557591 -0.00111946 -0.00147465 0.000973486 0.00147417 0.00158885 0.00131165 0.000216047 -0.000326119 -0.00191622 0.00261534 0.00319604 -0.000157729 0.00213556 0.000167096 0.0022932 -0.00182409 0.000847225 0.00185416 0.0013279 0.000586945 0.000893013 0.000474473 0.0037276 0.00077615 -0.000171092 0.00152129 0.00170576 0.00371297
internal_weight=139800 99940.8 73115.9 61935.4 26825 39859.4 38459.1 30291.2 12821.6 9396.02 49113.8 8167.97 6352.31 866.588 10196.3 14009.6 9932.09 47224.2 11180.5 12815.4 8676.87 10253.9 20094.9 5372.22 5485.72 19250.8 5655.59 4598.31 3425.53 926.612
internal_count=1297334 1151127 982125 929335 169002 146207 129816 109105 69940 53542 859395 20711 15667 2861 33445 125621 31833 816750 52790 43381 33303 50162 75660 26222 12806 73663 33153 17009 16398 2628
is_linear=0
shrinkage=0.01


Tree=17
num_leaves=31
num_cat=0
split_feature=23 2 127 55 75 59 1 61 27 68 96 111 137 40 95 114 96 10 112 126 127 23 136 77 110 111 58 112 131 55
split_gain=1187.16 587.942 468.214 331.186 278.535 186.652 157.458 146.504 104.281 96.9722 114.774 97.8335 95.1648 77.6987 77.4653 76.6651 75.9128 74.8184 71.0708 71.0663 144.307 113.283 87.6597 85.4888 77.7143 69.3759 68.7111 66.7155 64.2738 79.8236
threshold=0.32025641025641027 -0.34150717703349281 0.47259759759759767 0.38762626262626265 0.27113095238095247 0.44058823529411767 -0.16496598639455781 0.39009661835748793 0.32025641025641027 0.38047619047619052 1.0000000180025095e-35 82.151785714285737 -0.34021276595744671 -0.1493243243243243 -0.19719211280773616 0.018874643874643885 1.0000000180025095e-35 0.38762626262626265 68.806944444444454 0.034487315010570792 -0.089871794871794877 0.45505050505050515 0.010310374149659853 0.20900537634408609 53.500000000000007 82.151785714285737 0.41864313292884731 11.739583333333336 -0.47700845665961938 0.39897959183673476
decision_type=2 2 2 2 2 2 2 2 2 2 2 2 2 2 2 2 2 2 2 2 2 2 2 2 2 2 2 2 2 2
left_child=1 5 3 6 7 15 17 12 9 10 13 -12 -2 -6 -7 -1 18 -3 -4 21 24 -10 -22 -23 -21 -8 -5 -9 -18 -30
right_child=4 2 16 26 8 14 25 27 19 -11 11 -13 -14 -15 -16 -17 28 -19 -20 20 22 23 -24 -25 -26 -27 -28 -29 29 -31
leaf_value=-0.00077826517225330059 0.001215011833558528 -0.0013158442236191684 -0.00029258195783496774 -0.00041121410521893987 -0.0066315236003858446 0.0039691656791690112 -0.0020974376549637423 -0.0088177724256206357 -0.00079303685992664205 0.0062384086361061747 0.0023111683396766858 0.0073518742496884336 -0.00074301327668149894 0.00035410284328127209 0.0015115705117984409 0.0010175046870255636 0.0064717098206057058 0.00041632994655000174 -0.010963873030564729 0.002771925705389549 4.2650527019221835e-05 -0.00041519426226993659 0.0021020260998574373 0.002492296998061346 0.0097704759029100183 -0.0046059183368779601 0.0013007563677130138 0.0014544996851856996 0.00085988467384887069 0.0037921674565361352
leaf_weight=5784.5179457812919 3155.8076126045198 11815.865277728299 257.70660598948598 7966.3292021381203 183.10536212637089 1651.2745976934675 33019.639092025114 62.499091359786689 3657.5015924797626 615.46829165163217 11962.676896097546 399.18063204409555 11578.552095903899 1164.1984743583016 5884.0354431421147 4033.9958532671444 294.83978475769982 3149.8311694777221 82.273129865759984 318.94855690002441 3018.5455999381957 1481.0972110999282 6625.4835006628418 3148.9591789783444 327.43810499296524 1147.8399254725082 3319.6417754673166 7759.1836703256122 3463.9687908266205 1274.9037139718421
leaf_count=90766 20554 187459 1254 63404 838 4473 570766 250 15287 1676 41229 1275 93538 3848 20988 14808 1139 26892 662 936 8346 4067 16422 7590 889 26739 16556 30351 21646 2844
internal_value=-1.28968e-05 -0.0007688 -0.00120073 -0.0014524 0.00112021 0.00086816 -0.00180725 0.000263734 0.00170703 0.00234891 0.00217312 0.00247533 -0.00032291 -0.000592076 0.00205191 -3.94154e-05 0.00162685 -0.000950602 -0.00292888 0.00121146 0.00176688 0.00052047 0.00145856 0.00156018 0.00634222 -0.00218213 9.15275e-05 0.00137002 0.00193705 0.0016515
internal_weight=138605 83146.7 65792.8 60419.1 55458.6 17353.8 49133.2 22556 32902.6 14324.6 13709.2 12361.9 14734.4 1347.3 7535.31 9818.51 5373.69 14965.7 339.98 18578 10290.4 8287.56 9644.03 4630.06 646.387 34167.5 11286 7821.68 5033.71 4738.87
internal_count=1297492 1050396 919361 891816 247096 131035 811856 144693 102403 48866 47190 42504 114092 4686 25461 105574 27545 214351 1916 53537 26593 26944 24768 11657 1825 597505 79960 30601 25629 24490
is_linear=0
shrinkage=0.01


Tree=18
num_leaves=31
num_cat=0
split_feature=43 2 56 10 53 28 111 137 19 0 135 113 25 36 64 85 89 131 122 89 113 85 36 23 100 15 111 103 132 36
split_gain=1359.5 640.146 649.168 204.762 188.736 103.479 94.7969 94.7453 102.883 94.207 88.5503 87.394 99.5073 94.4758 86.1123 85.5898 82.5578 82.1389 86.6905 81.9426 79.6432 84.5007 78.9816 78.5967 74.0612 73.4322 71.3377 67.7723 67.0895 64.0913
threshold=0.36425061425061434 -0.27718676122931435 0.43405797101449284 0.34045454545454551 0.41010101010101013 -0.41578014184397155 81.776785714285722 -0.43683510638297868 -0.11952380952380952 -0.25255102040816318 0.010310374149659853 12.329166666666666 -0.30901722391084091 0.14644607843137261 -0.126453488372093 0.043797953964194343 0.010990338164251214 -0.33503401360544216 0.29795918367346946 0.022233201581027654 -37.080555555555542 0.010990338164251214 0.44804318488529016 0.32683658170914548 0.022233201581027654 -0.39897959183673465 82.151785714285737 0.1329931972789116 6.2015223456153068 -0.21937499999999996
decision_type=2 2 2 2 2 2 2 2 2 2 2 2 2 2 2 2 2 2 2 2 2 2 2 2 2 2 2 2 2 2
left_child=1 3 9 19 7 17 11 14 10 -3 -9 20 16 -14 -2 -7 -13 18 -4 -1 -6 -22 -8 -10 -25 -5 28 -17 -11 -16
right_child=4 2 5 25 6 15 22 8 23 26 -12 12 13 -15 29 27 -18 -19 -20 -21 21 -23 -24 24 -26 -27 -28 -29 -30 -31
leaf_value=-0.00086839962098143441 0.0046869491826283189 -0.00098218871376652152 0.0048719034701959112 0.002276578841352558 -0.0054553696899840897 -0.0012716444942328714 0.0050811482724429126 -0.0029662251254466317 -0.00073490672780788266 -0.0021705939461819047 0.0039694244586537374 -0.0014394512030111407 -0.0024428952278099597 0.0012901267967533891 0.003137533872370733 -5.190140111684934e-05 0.0087430142546802668 0.00096480888745483591 -0.0011935391723239392 0.00071521361356962927 0.0013816898951264081 0.0026561537776986781 -0.0038446969470836991 7.0488742390517937e-05 0.0013862393084755579 0.00062422986381842512 -0.0044916528310713164 0.0032541447551365423 2.2352446789777235e-07 0.00027096667382195871
leaf_weight=9088.483940025093 942.08205240601092 8265.0580222955323 1248.8260588599369 5921.5725601693848 144.56365633942187 3141.1952944787336 1262.7410639971495 212.75694584101439 6000.7622846710728 34651.857274313166 1272.3916898181196 120.68543124757707 1339.9962912378833 1366.9816624750383 1198.4979597845813 1669.7011553808115 223.29679617658257 3605.5074374584947 286.88428558129817 5094.5316305237357 11718.768974827311 9439.7851171263028 105.56249689310789 10942.956774523773 7041.3549996025395 4966.5078230493236 1279.36081610166 979.92122573964298 1475.055185914156 2256.0435200557113
leaf_count=144334 3040 139640 2843 19771 317 36904 2475 1161 44013 612769 4507 232 3046 2948 3700 4037 399 11582 660 21705 28673 18175 243 49027 22531 37427 31202 2358 39994 7635
internal_value=-1.64392e-05 -0.000837546 -0.00142678 0.000492386 0.00118979 0.000761418 0.00181786 0.000648486 0.000413944 -0.00195078 0.00296779 0.00167316 8.67725e-05 -0.000554304 0.00200454 -0.000153735 0.00514771 0.00179398 0.00373228 -0.000298851 0.00189987 0.00195086 0.00438293 0.000255276 0.000586246 0.00152392 -0.0021645 0.00116778 -0.00208169 0.00126899
internal_weight=137264 81674.5 56603.4 25071.1 55589.2 10932 25722.4 29866.8 25470.2 45671.3 1485.15 24354.1 3050.96 2706.98 4396.62 5790.82 343.982 5141.22 1535.71 14183 21303.1 21158.6 1368.3 23985.1 17984.3 10888.1 37406.3 2649.62 36126.9 3454.54
internal_count=1297348 1105226 881989 223237 192122 58384 56508 135614 121239 823605 5668 53790 6625 5994 14375 43299 631 15085 3503 166039 47165 46848 2718 115571 71558 57198 683965 6395 652763 11335
is_linear=0
shrinkage=0.01


Tree=19
num_leaves=31
num_cat=0
split_feature=55 13 56 103 59 150 127 21 127 110 110 118 26 60 13 56 77 150 78 91 72 91 137 21 10 87 31 44 59 131
split_gain=1128.82 788.354 556.06 376.939 161.603 146.236 147.222 132.996 103.806 102.197 101.611 98.9819 94.8645 91.1959 86.7882 80.0788 78.7613 78.1786 77.992 73.8781 81.1144 72.0807 89.1217 62.769 57.718 59.0933 56.7287 54.1385 52.0651 48.3998
threshold=0.40121951219512203 -0.34150717703349281 0.43513323983169711 0.40550595238095244 0.44058823529411767 0.010421189752496731 0.4010869565217392 0.40550595238095244 -0.42695630081300806 80.500000000000014 46.500000000000007 0.45180023228803717 0.47979591836734697 0.095491388044579531 0.044466403162055308 0.41864313292884731 0.45505050505050515 0.013701201201201165 0.17416582406471184 0.46551268498942927 -0.25931034482758614 0.15707236842105268 -0.36085106382978716 0.079473684210526321 0.47259759759759767 0.011495771670190282 0.33752357008170969 0.05137227304714987 -0.31725417439703146 -0.34924242424242419
decision_type=2 2 2 2 2 2 2 2 2 2 2 2 2 2 2 2 2 2 2 2 2 2 2 2 2 2 2 2 2 2
left_child=1 4 3 9 17 -2 7 15 -9 14 26 -10 13 -5 -3 -7 -14 -1 -17 20 -12 22 -4 24 25 -6 -8 -19 -21 -23
right_child=5 2 21 12 23 6 10 8 11 -11 19 -13 16 -15 -16 18 -18 27 -20 28 -22 29 -24 -25 -26 -27 -28 -29 -30 -31
leaf_value=-0.0010295409790827012 -0.0019393551304292534 -0.0013648370232908213 0.0036688403217317723 -0.00084385275948235989 0.00062565713510839751 -0.00039246575141464724 0.0022610027017415618 -0.0063300818352278977 0.0011970720562326303 -0.0039629539961266516 0.0060558752701631467 0.00254874427913215 -0.00099572787234551469 0.0012617204417813815 -0.0022359074652238955 0.0027337142089090168 -0.0065429687701323907 -0.00014330191561935906 -4.1667569382010446e-05 0.0010259505678458553 0.0006374932209484885 0.0029195391009502825 -0.0012641147338039549 0.00096838149434076888 0.0038633088409235758 0.0028562123323895351 -0.0016710971951856973 0.0013766979050477339 0.0046132899303058788 0.0010087917157422901
leaf_weight=4138.6159688813204 1250.1454086865415 22985.194300903182 434.30003509955714 3085.5893764368957 2326.0588122788467 6132.022131270438 1119.9681701451773 158.12576751946472 12994.936466900399 2303.4377516028471 1772.3056508530863 9351.6951774855261 1606.241868760786 6143.7498457473703 22972.125489066762 2132.7678474735003 305.33344459789805 4643.647933375556 1913.4966854737722 1072.1089131813496 332.56038253102452 1675.0437442199327 2292.5309845543816 6435.1364626764553 1849.3529738252982 2457.4377553132363 541.78271866869181 4706.9383357350598 659.22798942960799 6532.7915775521542
leaf_count=65612 16334 404847 2536 21630 8406 45968 2920 626 32311 52708 4457 19953 5778 28851 412740 7247 885 31936 10175 2191 985 4557 21154 25120 3603 6263 1408 27930 1306 26351
internal_value=-4.832e-06 -0.000585398 -0.00113972 -0.00152126 0.000882319 0.00142151 0.00153186 0.00127658 0.00170567 -0.001904 0.00304709 0.00176326 0.00013585 0.000556678 -0.00180051 0.000326775 -0.00188997 0.000113706 0.00141907 0.00394254 0.00520525 0.000932021 -0.000473724 0.00167487 0.00235855 0.00177401 0.000972767 0.000620838 0.00239952 0.00140026
internal_weight=136325 96893.5 70336.3 59401.7 26557.2 39431.1 38181 32683 22504.8 48260.8 5497.95 22346.6 11140.9 9229.34 45957.3 10178.3 1911.58 13489.2 4046.26 3836.2 2104.87 10934.7 2726.83 13068 6632.85 4783.5 1661.75 9350.59 1731.34 8207.84
internal_count=1296788 1150907 982037 927439 168870 145881 129547 116280 52890 870295 13267 52264 57144 50481 817587 63390 6663 125478 17422 8939 5442 54598 23690 43392 18272 14669 4328 59866 3497 30908
is_linear=0
shrinkage=0.01


Tree=20
num_leaves=31
num_cat=0
split_feature=55 13 137 150 56 10 129 70 8 58 58 82 104 135 63 109 55 103 18 86 90 102 123 50 132 130 137 55 119 103
split_gain=1084.7 817.686 366.907 228.65 203.445 155.426 144.568 137.491 132.947 117.702 112.676 112.452 96.9123 93.776 91.5984 70.3931 87.6302 68.1845 65.8934 80.9072 63.3767 63.1192 62.3359 57.1733 55.4974 54.0271 51.2238 50.9985 49.958 44.3507
threshold=0.35053191489361707 -0.3876262626262626 -0.28062499999999996 0.010421189752496731 0.4587585034013606 0.20900537634408609 0.024181036650868588 0.019259259259259257 0.1588137472283814 0.20900537634408609 0.47979591836734697 0.021980676328502428 0.37779990044798412 0.011766334440753036 0.47467948717948721 -0.17928571428571424 0.4793792517006803 0.40550595238095244 0.2525510204081633 0.011495771670190282 1.0000000180025095e-35 -0.46076923076923076 0.095491388044579531 -0.020416666666666663 6.1279596970873662 -0.0067064236111111153 -0.32111111111111107 -0.41578014184397155 0.32683658170914548 0.47979591836734697
decision_type=2 2 2 2 2 2 2 2 2 2 2 2 2 2 2 2 2 2 2 2 2 2 2 2 2 2 2 2 2 2
left_child=1 11 25 -2 5 17 8 23 15 24 12 14 -10 -12 26 16 -5 -4 28 -20 -7 -16 -9 -6 29 -3 -1 -13 -11 -8
right_child=3 2 4 6 7 20 9 22 10 18 13 27 -14 -15 21 -17 -18 -19 19 -21 -22 -23 -24 -25 -26 -27 -28 -29 -30 -31
leaf_value=0.0014619800789886274 -0.0021903224879005383 0.0021662744744165743 -0.0021182680775167881 -0.00030799383045415938 0.00038190899874004995 -0.00015224707710694783 0.00096650846869850973 2.1364029845447912e-05 0.00066791233076001215 0.0021612169946317807 0.00037865740093199736 0.0039996217764704826 0.0018203167472809504 0.0036552508616752026 0.0037013669615959424 -0.0013534865713477372 0.0043967321330343982 -0.00069201030126407484 0.0036572534538486159 0.0075817792292036832 -0.0013971708223179211 0.0010211176213126177 -0.0033331161783706487 0.0033363841157176004 -0.0022364262377059722 0.00032891875610332972 -0.00042390880081534884 0.0017469443120091792 -0.0060884996308440279 0.0042476269559978946
leaf_weight=1821.7050478131277 1874.3112998330034 2243.6076002359623 33824.018400490924 1296.758921024506 1182.9891842175275 7773.5073536654236 1745.2296935247723 1400.7867054534145 17999.417779218405 731.12183297006413 1182.1206587244524 1228.8751555513591 12323.118697264348 3425.4081578657497 1190.4981873733923 3001.2132587996894 566.71436740388162 3745.9022770354641 2331.0744498064741 689.18675209023058 8674.2963096217718 3421.6699348652037 909.0647476061713 1490.8958430979401 408.59119774488499 5639.5700743666675 6859.5756719207275 5786.7857099073008 80.133832324296236 544.22755190730095
leaf_count=11054 31565 19154 634233 12793 7095 95390 6439 6561 69941 1845 3260 2418 39083 7686 2988 31202 1949 23817 6271 1647 108592 12911 4351 6594 1499 61906 68980 14304 291 1221
internal_value=2.70309e-05 -0.000638367 -0.00117206 0.00123096 -0.00144285 -0.00162125 0.00136965 0.000488754 0.00114288 0.0027498 0.00135864 0.00111873 0.00113663 0.00281703 0.000577054 -0.000404274 0.00111902 -0.00197635 0.00387738 0.00455831 -0.000809452 0.00171577 -0.00129537 0.00203363 0.00114398 0.00085332 -2.68938e-05 0.00214347 0.00132753 0.00175234
internal_weight=135392 87193.7 66884.6 48198.6 59001.5 54017.7 46324.3 4983.74 39794.8 6529.57 34930.1 20309.1 30322.5 4607.53 13293.4 4864.69 1863.47 37569.9 3831.52 3020.26 16447.8 4612.17 2309.85 2673.89 2698.05 7883.18 8681.28 7015.66 811.256 2289.46
internal_count=1297040 1080348 967693 216692 886633 862032 185127 24601 165914 19213 119970 112655 109024 10946 95933 45944 14742 658050 10054 7918 203982 15899 10912 13689 9159 81060 80034 16722 2136 7660
is_linear=0
shrinkage=0.01


Tree=21
num_leaves=31
num_cat=0
split_feature=19 14 57 118 138 85 27 1 91 55 134 75 141 19 110 95 150 50 39 108 61 150 134 109 131 61 131 76 104 41
split_gain=1015.87 602.22 656.697 228.172 168.654 155.584 155.845 123.318 119.596 128.823 116.333 112.228 96.3138 93.1437 91.9252 90.5748 90.0912 79.4671 78.0218 103.659 76.2108 74.5078 70.7085 65.4494 64.6322 89.982 60.4576 59.4871 58.7089 58.0927
threshold=0.34529914529914535 -0.3876262626262626 0.41864313292884731 0.40121951219512203 -0.37367021276595741 0.010310374149659853 -0.43683510638297868 -0.21352583586626137 0.12372448979591839 0.49000000000000005 -0.31909090909090904 0.18819444444444447 0.41207729468599036 -0.097872340425531903 67.500000000000014 -0.082984338752118289 0.088932806324110728 0.42940199335548179 0.4587585034013606 0.16833333333333336 -0.45180023228803712 0.014087301587301539 -0.15978723404255316 0.44804318488529016 -0.039230769230769201 -0.33156028368794321 -0.34924242424242419 0.40121951219512203 -0.39528508771929821 -0.41578014184397155
decision_type=2 2 2 2 2 2 2 2 2 2 2 2 2 2 2 2 2 2 2 2 2 2 2 2 2 2 2 2 2 2
left_child=1 13 7 4 18 -6 11 21 -4 26 29 -7 14 15 20 -1 -9 -8 24 22 -12 -3 -20 -16 -2 -26 -10 -11 -21 -5
right_child=3 2 8 10 5 6 17 16 9 27 12 -13 -14 -15 23 -17 -18 -19 19 28 -22 -23 -24 -25 25 -27 -28 -29 -30 -31
leaf_value=0.0023637447090506638 0.0037532144910914301 -0.0017457948429743754 -0.00083443545473880088 0.0037944299166151807 -0.001291172900384864 -0.0031582494531374721 0.0008047638163296971 -0.0021517219265792405 0.0027373994990557088 0.0066698650749883346 -0.0038482982356664269 0.0071668614224885165 0.00090801938756963744 -3.8362250001594387e-05 0.0032447695498926243 0.00051157399255088087 -0.0010126464729720737 -0.00071955325538436931 -0.0054514617562487011 0.0011340838510179468 0.0021484649314061992 -0.00023954870916679434 0.0027112980918384045 0.0067011219451795223 -0.0019214846137227187 0.0021806509429947293 0.00067531707380495546 0.00085974474947247503 -0.0040365580249728588 -0.0046073530158885264
leaf_weight=6105.8662419898319 2111.4034046850284 5242.1443436814588 2903.8128538434976 102.34357048047241 5684.9763800306246 127.24255452677608 13476.605165458168 30560.913178927673 1800.5584774458548 651.67673632013611 214.95272049045889 564.75966751389205 4929.1400070552481 5477.7578641287982 3197.8536697991076 4680.6507847507601 9037.2843111647817 4575.7695643667248 114.69437689031474 326.5604193485342 9050.5641845726059 8840.9084695945494 1206.830323987233 671.29472567967605 613.66247966350056 4007.8562020914396 6869.1496360260062 247.52550012525171 651.36227722559124 386.99086836003698
leaf_count=29703 7748 116877 29778 388 46239 1295 64073 563809 5913 1250 1140 1788 15493 40899 10056 29279 138369 17813 645 984 26149 88381 4351 1750 2030 13609 32132 447 2183 2766
internal_value=-1.11311e-05 -0.000701787 -0.0011257 0.00108302 0.00058939 0.00015723 0.000597094 -0.00160602 0.000940711 0.00148048 0.0019727 0.00525207 0.00210339 0.0010218 0.00255111 0.00156107 -0.00189204 0.00041782 0.00175698 0.000161824 0.00200787 -0.000801014 0.00199171 0.0038486 0.00230017 0.00163349 0.001105 0.00508434 -0.0023003 -0.00282558
internal_weight=134433 82418.2 66154 52014.9 33461.7 24429.4 18744.4 53681.3 12472.7 9568.91 18553.1 692.002 18063.8 16264.3 13134.7 10786.5 39598.2 18052.4 9032.37 2299.45 9265.52 14083.1 1321.52 3869.15 6732.92 4621.52 8669.71 899.202 977.923 489.334
internal_count=1297337 1076837 976956 220500 162758 131208 84969 907436 69520 39742 57742 3083 54588 99881 39095 58982 702178 81886 31550 8163 27289 205258 4996 11806 23387 15639 38045 1697 3167 3154
is_linear=0
shrinkage=0.01


Tree=22
num_leaves=31
num_cat=0
split_feature=43 15 56 1 88 100 1 137 67 111 73 92 129 131 58 124 136 23 124 126 110 132 109 109 31 124 132 10 134 7
split_gain=1314.21 563.847 484.613 203.254 163.276 141.552 130.322 120.896 110.046 100.125 86.1198 80.5271 94.4099 85.3723 82.2049 78.8996 78.7744 75.1902 73.3734 76.1456 67.0686 81.9996 66.3095 64.4324 64.159 63.8043 62.3451 58.6748 56.0872 54.8112
threshold=0.36023255813953492 -0.3876262626262626 0.43405797101449284 -0.16496598639455781 0.019615384615384649 0.2473404255319149 -0.34150717703349281 -0.43683510638297868 -0.31165540540540532 67.788690476190496 0.37779990044798412 0.010990338164251214 0.0046651785714285736 -0.09891304347826084 0.47801932367149763 0.45180023228803717 -0.43938775510204076 0.38047619047619052 -0.23956521739130432 -0.20983870967741933 80.500000000000014 6.2015223456153068 0.45505050505050515 -0.45180023228803712 0.39009661835748793 0.04027027027027031 5.2857353797162627 0.49000000000000005 -0.26043478260869563 -0.41945945945945939
decision_type=2 2 2 2 2 2 2 2 2 2 2 2 2 2 2 2 2 2 2 2 2 2 2 2 2 2 2 2 2 2
left_child=1 6 3 4 -3 7 27 18 23 11 -10 13 14 16 -13 -12 -7 29 19 -2 21 -5 -15 -4 -19 -20 -25 -1 -11 -9
right_child=5 2 8 20 -6 9 -8 17 10 28 15 12 -14 22 -16 -17 -18 24 25 -21 -22 -23 -24 26 -26 -27 -28 -29 -30 -31
leaf_value=0.0013599479702958947 -0.0011065574802612572 -0.0016433837471162109 -0.001941691752046489 -0.0021105942633885882 0.00024492363170421202 0.0053827502430542299 -0.00013956724889009731 0.0036549705324671247 -0.0015955175773392596 -0.0054464933507799218 0.00016140010499958739 0.00094463919590899502 0.0038211060391930484 -0.0002976557079607964 0.0033710644323254563 0.0056174199118705368 0.0012199582334547156 0.0010503527419744485 -0.001258809786540594 0.0045657916102345448 -0.0040946194910682849 0.00044980641752752224 0.0027720317519997501 0.0025242386533655004 -0.0007650859140416246 0.0019676029800434363 0.00054879755630639164 0.0034740078799862014 0.002812192324061975 -0.00061409839197798055
leaf_weight=6403.4756182069541 276.46473120898008 10327.125303649926 535.46136213070713 31237.041402386443 8211.2560263057239 600.12172426143661 6080.2713412966114 311.94059945177287 3051.1519266826217 81.508133298484609 1428.2291498740669 6736.9711187583162 2104.4628536226228 5994.8739064909751 1768.6285550491884 325.65566358878277 1912.5992641918128 12737.385366999428 808.51431744603906 1525.3909539888846 1628.2076438829536 1296.0171040538116 796.10219813406002 3649.4516447558999 2290.5532153998502 2487.3358661197126 2869.1594559199875 1664.2602008548565 6978.1402879924863 7418.4324580027605
leaf_count=32454 963 223989 5429 583786 45316 1050 66978 2244 29086 718 10408 16001 4564 17419 3345 1099 7136 47493 2459 3917 40372 35537 2048 10857 8410 7356 9887 3693 16937 55994
internal_value=-1.50418e-05 -0.000843119 -0.00123941 -0.00165046 -0.000806483 0.00117346 0.000964459 0.000672839 0.000586334 0.00169005 -0.000579297 0.00132619 0.00192211 0.000645382 0.0014507 0.00118278 0.0022199 0.000360472 0.00206507 0.00368979 -0.00210813 -0.00200828 6.10848e-05 0.00138172 0.000772946 0.00117295 0.0016565 0.00179766 0.00271467 -0.000440086
internal_weight=133536 78706.8 64558.8 52699.6 18538.4 54829.4 14148 27856 11859.1 26973.4 4805.04 19913.8 10610.1 9303.7 8505.6 1753.88 2512.72 22758.3 5097.71 1801.86 34161.3 32533.1 6790.98 7054.07 15027.9 3295.85 6518.61 8067.74 7059.65 7730.37
internal_count=1296945 1098891 995766 929000 269305 198054 103125 128836 66766 69218 40593 51563 23910 27653 19346 11507 8186 114141 14695 4880 659695 619323 19467 26173 55903 9815 20744 36147 17655 58238
is_linear=0
shrinkage=0.01


Tree=23
num_leaves=31
num_cat=0
split_feature=23 13 127 54 54 17 13 59 23 104 141 112 92 151 27 123 137 23 21 66 49 66 33 137 146 65 88 23 27 64
split_gain=1097.15 671.319 334.989 332.674 162.289 153.4 108.255 100.034 91.1415 87.3253 124.516 112.96 100.706 84.4915 81.9562 93.5262 79.7969 79.4806 79.4515 75.9498 84.0731 75.1339 72.3246 70.7247 70.4264 69.1923 69.1666 67.8765 65.9156 76.4538
threshold=0.28647416413373866 -0.3876262626262626 0.4587585034013606 0.2473404255319149 0.47259759759759767 -0.45789007092198575 -0.27207792207792203 0.44058823529411767 0.20106382978723406 -0.26138716356107655 0.16843971631205676 62.693055555555567 0.011495771670190282 -0.022233201581027647 0.46076923076923082 0.43513323983169711 -0.38148936170212761 0.47259759759759767 0.39009661835748793 -0.35565476190476181 0.38762626262626265 0.26253132832080206 0.23252032520325203 -0.39897959183673465 0.34045454545454551 0.3816526610644258 0.019615384615384649 0.49000000000000005 0.40550595238095244 -0.29118217054263557
decision_type=2 2 2 2 2 2 2 2 2 2 2 2 2 2 2 2 2 2 2 2 2 2 2 2 2 2 2 2 2 2
left_child=1 7 4 5 6 19 26 -1 13 12 11 27 -5 23 15 -6 -7 -13 -12 20 -2 -10 -8 -4 -20 -18 -3 -11 29 -14
right_child=3 2 8 9 14 16 22 -9 21 10 18 17 28 -15 -16 -17 25 -19 24 -21 -22 -23 -24 -25 -26 -27 -28 -29 -30 -31
leaf_value=0.00033179676334293506 0.0018689173902054332 -0.0014122726884319148 0.0049714669581788617 0.0016404364172837073 0.00018905502205269066 0.0010991851512846729 -0.0021283889413222378 0.0020480655487422677 0.00094741661382923134 0.0013324655352377496 -0.00114226492018356 0.0027068328611995034 -0.010527924737068572 -0.0011461656114751832 -0.003294570242002204 0.0048378089496511163 -0.001085120265020968 0.0053151790357400608 0.001529244722262367 0.0047386857704556857 -0.003907987342658654 0.0059157692289482878 -0.0012025761206143502 0.00072266992543943646 -0.0029793637343476526 0.00033583275911766352 0.0004406638099462644 0.0028522605382690232 -0.001887277852720824 0.0012342891089464317
leaf_weight=6823.6641178758873 2072.2359696525382 4662.2141028647311 524.21257831063122 4784.3095660671243 3811.397286402469 3314.5808810217131 30372.833700911258 6792.8873987449333 591.16735463123769 8767.7230824697181 1526.0873232241429 3557.9183993742918 56.053916646167636 1832.507226198737 575.28980657481588 488.06821586878505 10254.577079366602 1765.6919504054822 8037.7260215418064 800.69383930822369 284.91497948777396 639.73341820039786 11774.509651882167 1575.0347919889609 359.72367822006345 5132.385322013055 3535.0521152657457 4458.4976081310306 1851.4250047220849 1647.3356483372045
leaf_count=61975 8910 95482 1736 17973 22535 18843 574422 20812 4209 35592 11965 14666 213 12913 1590 1660 103964 3880 21392 2873 1244 1920 174998 11059 1483 29148 19744 9279 5370 5850
internal_value=-6.65903e-06 -0.000816477 -0.00126886 0.00101453 -0.00149669 3.68791e-05 -0.0016654 0.00118881 0.00116584 0.00159478 0.00185857 0.00234261 0.000692774 0.000419179 0.000243684 0.000720101 -0.000306918 0.00357466 0.0009526 0.00207555 0.00116505 0.00354043 -0.00187002 0.00179028 0.00133459 -0.000610515 -0.000612022 0.00184571 -0.000579945 0.00083541
internal_weight=132670 73998.6 60382 58671.9 55219.4 21859.4 50344.6 13616.6 5162.66 36812.5 28473.4 18549.8 8339.12 3931.75 4874.76 4299.47 18701.5 5323.61 9923.54 3157.84 2357.15 1230.9 42147.3 2099.25 8397.45 15387 8197.27 13226.2 3554.81 1703.39
internal_count=1297700 1005055 922268 292645 890431 164982 864646 82787 31837 127663 98257 63417 29406 25708 25785 24195 151955 18546 34840 13027 10154 6129 749420 12795 22875 133112 115226 44871 11433 6063
is_linear=0
shrinkage=0.01


Tree=24
num_leaves=31
num_cat=0
split_feature=43 13 56 53 68 61 111 13 137 19 23 82 111 89 105 97 48 108 13 28 50 111 6 23 76 38 19 122 79 30
split_gain=1314.36 608.948 616.053 194.731 157.733 113.548 111.558 112.547 101.314 92.8205 91.9921 87.3592 84.897 78.4206 73.5505 72.1862 71.8463 69.6052 68.1869 62.9334 61.2434 61.1664 61.0415 69.7809 66.8021 59.6895 59.2722 56.4154 73.9527 59.1353
threshold=0.36425061425061434 -0.34150717703349281 0.43405797101449284 0.41010101010101013 -0.31909090909090904 0.44058823529411767 68.907738095238116 0.33503401360544227 -0.39472517730496448 -0.11834733893557424 0.40550595238095244 0.020204081632653085 82.151785714285737 0.014087301587301539 -0.020416666666666663 0.43019480519480524 -0.27207792207792203 -0.39528508771929821 -0.15058139534883719 0.41366459627329194 -0.030012004801920757 18.038690476190478 0.43405797101449284 0.40121951219512203 -0.054373522458628858 0.39528508771929832 0.2473404255319149 0.4587585034013606 -0.25931034482758614 -0.47894503546099287
decision_type=2 2 2 2 2 2 2 2 2 2 2 2 2 2 2 2 2 2 2 2 2 2 2 2 2 2 2 2 2 2
left_child=1 5 12 8 25 11 7 13 21 -10 14 17 18 -5 -11 -12 -8 -1 -3 -13 -6 -2 23 -9 -24 -4 -20 29 -29 -23
right_child=3 2 4 6 20 -7 16 22 9 10 15 19 -14 -15 -16 -17 -18 -19 26 -21 -22 27 24 -25 -26 -27 -28 28 -30 -31
leaf_value=0.00055433075319512044 -0.003093193082564779 -0.0011314740622336567 0.0011678941169020599 0.00179633132761011 -0.0025112153517827039 0.0021447485604847768 0.010597704777147825 0.00045119038909906235 0.002897227477464849 -0.0016100471075789281 0.0016001399682309154 0.0015320716472221197 -0.0041325018593231216 0.0042004871564225305 0.00018628601129754642 6.8043689865132312e-06 0.0028805149851518631 -0.0011494894013272781 -0.0022420326462464341 -0.0012426911499580631 5.2683828698577652e-05 -0.0050541664861990096 -0.0014147675121596265 0.0030191518136635964 0.0008515849291481966 0.0034516871480319219 -0.0012020226014565238 0.0035983504090603331 -0.0012376455167959865 0.0025524312520592328
leaf_weight=4548.9452987009427 254.0341334012337 11588.431806627545 5687.1693605260225 4395.4922551801428 1413.3048086280469 4031.9174736210844 123.4467428997159 1926.8029897562228 1295.7282253152225 4067.2986358980997 5249.6149046540959 5810.25401855167 1615.5884251453681 1982.1836419254541 5163.803634111071 6229.7364242624026 5763.1317412392236 5057.4907727888785 26349.154178204422 946.39365028217435 2708.4934270739323 102.60390705987811 1624.1748096002266 2375.5032505693962 6472.8625165886478 1442.2725069257431 6983.6639874042012 447.83203056780621 1067.3634519063635 4936.4601305946708
leaf_count=29871 1037 203304 22074 10503 16158 14021 280 6205 5381 35724 18348 16820 41171 3827 30722 23271 12506 81302 540494 2431 20205 377 3580 4535 15010 3921 112581 1471 3711 16074
internal_value=-1.73428e-05 -0.000843756 -0.0013681 0.00119065 0.000731057 0.000641451 0.00184309 0.00146536 0.000631808 0.000301402 0.000138382 0.000270314 -0.00187584 0.00254565 -0.000604198 0.000736399 0.00304582 -0.000341663 -0.00179436 0.00114181 -0.00082441 0.00169809 0.000908735 0.00187178 0.000395627 0.00163172 -0.00202448 0.00188577 0.000186519 0.00239459
internal_weight=131661 78183.1 57788.1 53478.1 11251.2 20395 24663.6 18777 28814.5 22006.2 20710.5 16363.1 46536.8 6377.68 9231.1 11479.4 5886.58 9606.44 44921.2 6756.65 4121.8 6808.29 12399.3 4302.31 8097.04 7129.44 33332.8 6554.26 1515.2 5039.06
internal_count=1296915 1104353 959908 192562 62358 144445 56446 43660 136116 113446 108065 130424 897550 14330 66446 41619 12786 111173 856379 19251 36363 22670 29330 10740 18590 25995 653075 21633 5182 16451
is_linear=0
shrinkage=0.01


Tree=25
num_leaves=31
num_cat=0
split_feature=19 13 56 118 91 27 14 41 91 132 5 85 48 126 13 54 56 144 77 68 48 111 61 61 26 41 151 92 8 6
split_gain=976.844 595.889 639.321 225.357 146.67 139.183 133.706 99.3851 83.7418 90.8027 82.155 82.1025 124.103 79.2148 83.3363 78.4127 75.681 76.6912 74.9856 73.9794 73.2863 72.3391 70.764 67.0776 63.2458 63.037 60.162 59.7265 58.3342 57.3088
threshold=0.34529914529914535 -0.38047619047619041 0.41864313292884731 0.40550595238095244 0.12372448979591839 -0.44058823529411756 -0.26043478260869563 -0.38047619047619041 0.39039039039039042 5.6542404955442525 -0.26043478260869563 0.011766334440753036 0.41010101010101013 0.41751700680272114 0.2473404255319149 0.46076923076923082 0.41366459627329194 0.024404761904761933 0.42940199335548179 -0.47700845665961938 0.45505050505050515 82.151785714285737 0.47259759759759767 0.37779990044798412 -0.23956521739130432 -0.43969696969696964 -0.45180023228803712 0.011495771670190282 0.40550595238095244 0.49000000000000005
decision_type=2 2 2 2 2 2 2 2 2 2 2 2 2 2 2 2 2 2 2 2 2 2 2 2 2 2 2 2 2 2
left_child=1 10 6 5 29 8 23 24 -2 19 22 12 25 14 -13 -6 20 -18 -17 -10 -9 28 27 -3 -7 -5 -16 -1 -8 -4
right_child=3 2 4 11 15 7 21 16 9 -11 -12 13 -14 -15 26 18 17 -19 -20 -21 -22 -23 -24 -25 -26 -27 -28 -29 -30 -31
leaf_value=0.00033264320659547362 -0.0083757376315079721 -0.0010207714045136764 -0.0014985641328772027 0.0049873644665860035 0.0010890042937480653 -0.0043897924344225301 -0.0019201384172220033 9.1147747721933713e-05 0.001852240833637439 -0.00078408870283439654 0.00010961179788399643 0.0042625346727171295 0.00010490370317889506 0.0072080124898145758 0.0059084388022211014 0.0050265138681386623 -0.00010358612891587803 0.0017847709825857783 -0.00043537761148452347 0.0071060404738237312 -0.001688486707617144 -0.0041475757705385259 0.0034607494994980431 0.0010159344068661851 0.0019108137159924658 0.0019226556485838751 0.0015817510206103667 0.002018435300342597 -0.00033435076814711424 0.0043938060826914831
leaf_weight=4193.1331899244688 55.730491707567126 7827.6217248350731 2662.7684849362704 779.19842333323322 8450.8096914320486 162.72652646759525 36760.268165011192 15182.724271200015 424.95815889412188 314.84688881249167 6504.5533743532724 2000.4003268019296 4377.2017189418548 380.6438277028501 344.85964811308077 1020.7943418698851 3817.1695439149626 4896.890043111227 328.82314547989517 757.63278329907916 2727.4826268886682 1389.1279893694445 1633.7109683270101 2032.5431479937397 4994.7414181993227 5099.3815358426655 5014.6075663015363 4247.0111450971453 2492.9396505022887 174.2636228473857
leaf_count=26840 716 131396 29974 2016 36993 974 705525 93848 1570 1762 53895 5325 14661 866 792 2343 14739 14074 711 2586 13440 34168 3596 20774 20724 19389 13407 15660 14244 446
internal_value=-6.66908e-06 -0.00069954 -0.00114263 0.00106917 0.000868363 0.000581874 -0.00164605 0.000438611 0.00350479 0.00395892 0.000987363 0.00197116 0.00138218 0.00274996 0.00251709 0.00144841 0.000192038 0.000956517 0.00368903 0.00522972 -0.000179387 -0.0018996 0.00155306 -0.000599857 0.00170927 0.00233136 0.00186307 0.00118224 -0.00181969 -0.00113168
internal_weight=131050 79718.4 63140 51331.2 12637.5 33334.9 50502.5 31781.7 1553.17 1497.44 16578.4 17996.3 10255.8 7740.51 7359.87 9800.43 26624.3 8714.06 1349.62 1182.59 17910.2 40642.3 10073.9 9860.16 5157.47 5878.58 5359.47 8440.14 39253.2 2837.03
internal_count=1297454 1076565 976574 220889 70467 164433 906107 157799 6634 5918 99991 56456 36066 20390 19524 40047 136101 28813 3054 4156 107288 753937 46096 152170 21698 21405 14199 42500 719769 30420
is_linear=0
shrinkage=0.01


Tree=26
num_leaves=31
num_cat=0
split_feature=23 14 57 66 1 17 9 119 29 38 110 40 73 63 87 88 111 33 36 33 133 120 49 50 65 57 23 132 91 60
split_gain=967.707 533.834 520.314 224.885 135.673 116.414 94.3651 86.5876 80.3963 81.4069 77.8923 76.2968 75.3663 74.4561 71.2282 71.2263 69.7005 88.1997 69.6571 67.1852 62.2442 62.7328 59.1005 58.6037 55.4745 80.5453 55.4373 54.3556 53.6195 53.5506
threshold=0.28647416413373866 -0.3876262626262626 0.41864313292884731 0.31725417439703163 -0.21352583586626137 -0.45789007092198575 -0.34150717703349281 0.39237451737451745 -0.27664399092970515 0.46076923076923082 59.500000000000007 -0.30901722391084091 0.49000000000000005 -0.43683510638297868 0.074175824175824148 0.019615384615384649 21.193452380952383 0.49000000000000005 -0.47700845665961938 0.45293466223698786 -0.013093681984606474 -0.46841755319148931 0.43908472479901062 0.28319623971797891 0.49000000000000005 0.47752525252525257 -0.021286231884057951 6.1913389476640104 -0.11583184257602859 -0.23956521739130432
decision_type=2 2 2 2 2 2 2 2 2 2 2 2 2 2 2 2 2 2 2 2 2 2 2 2 2 2 2 2 2 2
left_child=1 6 4 5 15 -2 26 10 9 14 -5 -12 -10 -13 -4 -3 17 -6 -9 24 23 -22 28 -20 25 -7 -1 -18 -21 -26
right_child=3 2 8 7 16 19 -8 18 12 -11 11 13 -14 -15 -16 -17 27 -19 20 22 21 -23 -24 -25 29 -27 -28 -29 -30 -31
leaf_value=0.0025747996291936642 0.0021191150657777981 -0.0013784861179698495 0.0010732264498053484 0.0016039501873578617 -0.0013494889552069143 -0.0004902909323355614 0.00023207595058130498 0.0051181360561046909 -0.00063515155625396534 0.0053888330003185238 0.0073417769583800129 0.0051197715176818153 0.0023545957864620198 0.0020384219038460235 0.011176576341366996 0.00014620725467923425 -0.0022120909728200332 0.0025915586796061824 0.0017674192508552108 -0.00024800132952631381 -0.0082982197162392909 0.0011254773095885824 -0.0013924202627059793 -0.0041919358487203405 0.0050153763275202672 0.0016677165202280072 0.00057068670734578724 -0.00026370077129386711 0.004712576916105978 0.00072195183639458247
leaf_weight=4396.3239358904539 3097.9250246521551 7033.2515349177411 5216.4957783787977 9979.3383400559542 4635.2739970292314 17218.447112967318 6498.2055932743824 411.43782345158979 4637.9194229594432 512.86289290245622 402.1737294170307 1036.2494821883738 1029.1449785028817 3327.8775382561143 69.982513874769211 5408.7140838678461 28770.599022780079 644.73863041587174 260.38255322142504 297.67812197515741 69.732017289847136 15447.993403272296 348.37177365983371 439.31607843562961 329.88810802157968 1920.2396631002775 2033.3017015145742 1519.4698829942499 774.68547281599604 2477.9910793242161
leaf_count=18612 12874 158766 24238 33736 63570 155021 53994 1094 38946 1206 1209 2591 2820 12590 145 31378 556104 1859 1177 1127 427 49439 1071 1233 1115 6840 11746 41532 2347 8751
internal_value=1.27601e-05 -0.000757555 -0.00115795 0.000977243 -0.00161509 0.00029784 0.00108374 0.00154999 0.000755286 0.00158301 0.00210856 0.00316241 -9.01263e-05 0.00277338 0.00121095 -0.000714916 -0.00192964 -0.000865957 0.00105399 5.58756e-05 0.000949953 0.00108195 0.0021628 -0.00196062 -8.01554e-05 -0.000273174 0.00194276 -0.00211469 0.0033273 0.00123154
internal_weight=130246 72406.3 59478.5 57839.7 48012 26465.2 12927.8 31374.5 11466.4 5799.34 14745.6 4766.3 5667.06 4364.13 5286.48 12442 35570.1 5280.01 16628.9 23367.3 16217.4 15517.7 1420.74 699.699 21946.6 19138.7 6429.63 30290.1 1072.36 2807.88
internal_count=1297558 1004916 920564 292642 853209 189146 84352 103496 67355 25589 50126 16390 41766 15181 24383 190144 663065 65429 53370 176272 52276 49866 4545 2410 171727 161861 30358 597636 3474 9866
is_linear=0
shrinkage=0.01


Tree=27
num_leaves=31
num_cat=0
split_feature=43 14 126 100 75 0 10 137 23 49 123 19 43 81 29 112 113 39 97 85 19 89 20 139 89 15 130 132 97 102
split_gain=1158.79 587.375 314.831 153.356 150.629 109.282 104.33 95.1054 91.8963 99.8889 92.849 81.5321 79.3603 77.665 73.9178 73.1239 71.3746 70.2659 69.3966 67.4022 62.6517 62.2367 58.6726 56.9201 98.8359 53.2124 57.3315 61.4444 53.1205 52.6231
threshold=0.36023255813953492 -0.3876262626262626 0.47182539682539687 0.17006802721088435 0.47530487804878052 -0.2474489795918367 0.3465463108320252 -0.43683510638297868 0.47979591836734697 0.47646733111849393 -0.47700845665961938 -0.11834733893557424 0.45060975609756099 0.014087301587301539 0.4793792517006803 78.731250000000017 18.232638888888893 -0.3876262626262626 0.35805860805860812 0.011766334440753036 0.39528508771929832 0.022233201581027654 -0.21937499999999996 0.18819444444444447 0.13392857142857148 -0.47894503546099287 -0.0028374999999999993 5.2284276452838947 0.29893617021276603 -0.4080338266384777
decision_type=2 2 2 2 2 2 2 2 2 2 2 2 2 2 2 2 2 2 2 2 2 2 2 2 2 2 2 2 2 2
left_child=1 6 4 7 5 13 21 25 14 16 -11 -9 22 -3 29 -16 19 -7 -4 -10 -20 -1 -13 24 -6 -2 27 -27 -8 -5
right_child=3 2 18 8 23 17 28 11 9 10 -12 12 -14 -15 15 -17 -18 -19 20 -21 -22 -23 -24 -25 -26 26 -28 -29 -30 -31
leaf_value=-0.00061528874166896644 0.0051791399862127184 -0.0014871550156966532 -0.0010386673922976682 0.0061295260679122658 0.00050569746140993006 -0.00069840558183238168 0.0025973846503890164 0.0026958830563040908 0.0025393921715951544 -0.0079368746473116852 0.0011878580858505111 -0.0022312839138399019 0.00062570826500467109 0.00013070468705399729 -0.00063235750060229069 0.0062732721320377998 -0.0013368284935217937 -0.0019981454950561204 0.001560494962912792 0.0048119643176397064 0.0076600471264813876 0.0013012866177105492 -0.00019494338150901757 -0.0017629459587879324 0.0069985540675717422 0.0056095983237606055 0.0006204137027721972 0.001453880359196211 0.00097390637605618204 0.0014541693861668658
leaf_weight=4654.7474677347927 433.57859910139814 6514.4467255017953 1060.2629963611253 244.56581472104881 2944.4809319304768 4749.1523291114718 3776.6733958502882 1277.7275474464986 3095.3882026039064 117.2092414945364 1921.9157738643698 1883.5047443960211 11080.229824284615 5428.8347289876547 2630.4866559108486 161.72030932689086 318.14335520751774 35050.552462946624 3595.0592275399249 2303.0995205845684 176.86708089336753 2661.5952112441882 5734.0429660871741 945.18082158087054 254.32434158399701 580.74737699795514 2733.1614973537507 942.40016734879464 4385.3664091819664 17850.240181813715
leaf_count=57329 984 153017 13589 1032 19913 67459 14582 5246 6028 307 3893 17378 42069 34709 6932 390 638 682157 16114 4361 457 8887 40624 11475 396 1509 8343 2613 18829 55445
internal_value=1.84644e-06 -0.000789268 -0.00123263 0.00113283 -0.00144444 -0.0015914 0.000949272 0.000554198 0.00163073 0.00256157 0.000654832 0.000252699 8.5072e-05 -0.000750968 0.0012845 -0.000226711 0.00323972 -0.00184333 0.00121489 0.00351148 0.00185111 8.06537e-05 -0.000699986 0.000388025 0.00102707 0.0018359 0.00149185 0.00304758 0.00172656 0.00151825
internal_weight=129506 76197.5 60719.2 53308.2 55887 51743 15478.4 24665.4 28642.8 7755.76 2039.13 19975.5 18697.8 11943.3 20887 2792.21 5716.63 39799.7 4832.19 5398.49 3771.93 7316.34 7617.55 4143.99 3198.81 4689.89 4256.31 1523.15 8162.04 18094.8
internal_count=1296705 1098913 999286 197792 969126 937342 99627 118766 79026 15227 4200 105317 100071 187726 63799 7322 11027 749616 30160 10389 16571 66216 58002 31784 20309 13449 12465 4122 33411 56477
is_linear=0
shrinkage=0.01


Tree=28
num_leaves=31
num_cat=0
split_feature=23 14 56 54 61 91 47 47 89 85 136 35 39 127 129 63 127 118 38 23 128 35 9 110 97 45 124 39 33 107
split_gain=861.94 489.055 669.175 199.888 138.973 131.86 111.732 104.022 83.9128 83.5723 111.958 128.335 149.34 124.377 111.879 102.197 112.448 80.8848 78.5875 72.8713 72.2096 71.7923 71.3142 71.1523 68.8987 68.1445 67.6798 73.1658 64.71 61.0756
threshold=0.3585714285714286 -0.3876262626262626 0.41864313292884731 0.2473404255319149 0.33503401360544227 0.31101190476190482 -0.43683510638297868 -0.097872340425531903 0.010102040816326542 0.010990338164251214 -0.43938775510204076 0.27346041055718479 0.43908472479901062 -0.11167800453514738 0.0046651785714285736 -0.47700845665961938 0.23836580086580092 0.1588137472283814 0.49000000000000005 0.17928571428571435 0.018350000000000005 0.27113095238095247 -0.33503401360544216 83.500000000000014 0.58616118769883363 0.27346041055718479 0.022233201581027654 0.47979591836734697 0.40121951219512203 0.28297101449275369
decision_type=2 2 2 2 2 2 2 2 2 2 2 2 2 2 2 2 2 2 2 2 2 2 2 2 2 2 2 2 2 2
left_child=1 7 4 6 18 -4 20 8 -1 10 11 12 -5 -13 17 21 -17 29 23 -7 -2 -16 -10 -3 -22 -19 27 -6 -21 -11
right_child=3 2 5 9 26 19 -8 -9 22 14 -12 13 -14 -15 15 16 -18 25 -20 28 24 -23 -24 -25 -26 -27 -28 -29 -30 -31
leaf_value=-0.0001735669306541032 0.00086329776725320743 -0.0017641787014178547 -0.00020761617733310077 0.0063688076956705765 -0.0011537395828543609 0.00084664703897900889 -0.00029121201839538223 -0.00086366240781189001 0.0027088999014777643 0.0014224923091577116 0.00050272849189218305 0.0052439760007594047 -0.00050765001844163928 -0.00015531386645306012 0.0034302102221110868 0.0058648917629067696 0.0024012502503548685 0.0041701570592546323 0.00099667231765692321 0.0017267885449536444 0.0062877090217143654 -0.0084169345803492418 0.00095335013672493297 -0.0039157567367487465 0.00091214434209785226 0.001692662471576899 0.00022550988894867442 -0.0070726793832909156 0.0044414745831926382 -0.0010837004273153796
leaf_weight=2582.5631230419385 3291.280069346074 39810.979155664158 6293.5182379162288 1219.7837007981725 3177.4312068670406 4520.7559911598219 12712.202914330584 2395.3518527470878 4804.6104201666894 2375.4470367853064 11479.942123740155 541.15026226919144 422.32646024296992 1987.2674897180405 87.128704991657287 1607.3943425386678 2289.7351697081467 1383.1502744636964 989.26698720734566 2409.4880093756365 553.85141639737412 118.65851779934019 4511.0939765839721 1607.162969890167 427.27626291505294 5814.5965056507848 5837.552839643613 223.62031542992918 1401.1384721421637 1641.2699017417617
leaf_count=22137 14364 769544 49556 2685 32726 18518 91778 20876 18696 7297 42610 1159 1055 4695 212 4349 6589 3749 4673 9121 2044 302 31864 38678 2115 15044 70277 885 3368 4432
internal_value=-1.05889e-05 -0.000642481 -0.0010044 0.00105083 -0.00153919 0.000883464 0.000178349 0.00103476 0.00141783 0.00152901 0.00101371 0.0024174 0.00459497 0.000997944 0.00205476 0.00346957 0.00383355 0.00153598 -0.00178138 0.00170879 0.00157757 -0.00336026 0.00186005 -0.001848 0.00396017 0.00217065 -0.000426328 -0.00154782 0.00272848 0.000395934
internal_weight=128517 80564.5 66270.9 47952.5 51646 14624.9 16984.6 14293.6 11898.3 30967.9 15650.5 4170.53 1642.11 2528.42 15317.4 4102.92 3897.13 11214.5 42407.4 8331.38 4272.41 205.787 9315.7 41418.1 981.128 7197.75 9238.6 3401.05 3810.63 4016.72
internal_count=1295398 1090919 997346 204479 916783 80563 110301 93573 72697 94178 52204 9594 3740 5854 41974 11452 10938 30522 812895 31007 18523 514 50560 808222 4159 18793 103888 33611 12489 11729
is_linear=0
shrinkage=0.01


Tree=29
num_leaves=31
num_cat=0
split_feature=19 13 56 54 91 38 13 49 17 150 129 85 85 150 112 131 148 21 61 136 44 124 81 150 39 62 110 124 149 56
split_gain=840.13 595.324 652.09 179.981 125.591 127.89 116.864 101.034 98.6193 88.1186 84.786 80.1025 77.6648 126.194 102.236 93.0343 76.1001 75.7491 73.9625 90.9512 71.8331 69.2293 69.1358 63.4876 62.0606 59.4366 58.2479 57.9071 56.303 54.7092
threshold=0.34529914529914535 -0.3876262626262626 0.41864313292884731 0.40121951219512203 -0.023268398268398268 0.46076923076923082 -0.16496598639455781 0.39009661835748793 -0.45789007092198575 0.011495771670190282 0.02643712797619048 1.0000000180025095e-35 0.010990338164251214 0.26043478260869574 65.538194444444457 -0.072299651567944254 0.069805194805194828 0.39009661835748793 0.43513323983169711 -0.34267676767676764 0.080322580645161304 0.4770084566596195 0.010310374149659853 0.013701201201201165 -0.45401691331923882 -0.45180023228803712 83.500000000000014 -0.3876262626262626 0.25532879818594106 -0.15261756876663707
decision_type=2 2 2 2 2 2 2 2 2 2 2 2 2 2 2 2 2 2 2 2 2 2 2 2 2 2 2 2 2 2
left_child=1 9 6 7 -4 -6 23 8 25 -1 12 16 13 24 21 -15 -9 26 19 -10 -11 -14 -20 -3 -5 -2 -8 -27 -12 -19
right_child=3 2 4 10 5 -7 17 11 18 20 28 -13 14 15 -16 -17 -18 29 22 -21 -22 -23 -24 -25 -26 27 -28 -29 -30 -31
leaf_value=-0.00041258561996275668 0.00016898623515862734 -0.0017029576199865926 -0.0015704604379003363 0.0068536779068342395 0.00098243388096142534 0.0045694419856144256 -0.0019604023198209869 -0.0030710996266785037 0.0022750614614162664 0.00062329854555325545 0.0037213248457913812 -0.00032491385228182809 0.0010377507944925733 0.0031210136550303348 0.0034049308792898103 0.00072982140352968153 -0.015550036941620509 -0.0021386297360446727 -0.00053425016788524586 -0.00015055777052102153 0.0021228057129798771 0.0034283747271437082 0.0026997738848377095 -0.00036046726401269707 -0.0010937082261465191 0.012380487117937081 -0.0042419164634399081 0.0042772571842435271 -0.00024164913648304801 0.0010598018491871277
leaf_weight=3154.5101224916289 288.70636698557064 5626.4666692581377 1701.3131853548693 100.03866625856608 9810.6822990811779 1107.7801470169798 30657.61772540753 427.6181556340307 1837.1502278741682 5834.3032816763152 2577.9491910005454 6579.4731998371426 8415.5170788046671 2366.1033875399735 3376.950908230443 5260.7296706068155 55.067991198040545 859.92557965253945 874.4840337241767 9688.3642420647375 7126.4817528957501 1421.0681274188682 2643.633767911233 9488.5659616764169 3256.6402152754599 107.69149980810471 1169.7288233538857 536.09678486851044 410.79988593282178 1408.7167435176088
leaf_count=31295 853 136852 26075 418 42124 2404 623785 2293 8270 32174 6200 38544 23451 7242 9635 15287 219 7041 4722 70059 31536 3106 9091 104572 17907 234 30642 1602 1187 8836
internal_value=2.2038e-05 -0.000627768 -0.00107401 0.00103071 0.000953382 0.00134767 -0.00159413 0.000379826 0.000820372 0.00108372 0.00158188 -0.000615344 0.00138477 0.000761751 0.00190179 0.00147327 -0.00454466 -0.00191884 0.000623829 0.000235379 0.00144867 0.00138445 0.00189314 -0.000860941 -0.000851904 0.00397636 -0.0020447 0.00566536 0.00317338 -0.000148561
internal_weight=128170 77946.1 61830.8 50224.1 12619.8 10918.5 49211 23038.3 15976.1 16115.3 27185.8 7062.16 24197 10983.5 13213.5 7626.83 482.686 34096 15043.6 11525.5 12960.8 9836.59 3518.12 15115 3356.68 932.495 31827.3 643.788 2988.75 2268.64
internal_count=1297656 1077336 982331 220320 70603 44528 911728 135887 94831 95005 84433 41056 77046 40854 36192 22529 2512 670304 92142 78329 63710 26557 13813 241424 18325 2689 654427 1836 7387 15877
is_linear=0
shrinkage=0.01


Tree=30
num_leaves=31
num_cat=0
split_feature=43 13 91 118 59 93 109 138 19 64 73 138 26 91 2 113 36 111 93 132 119 37 35 61 111 21 21 44 141 28
split_gain=1190.89 595.847 352.809 178.248 148.213 123.264 118.997 117.186 106.479 84.5503 83.6773 75.9803 75.1362 74.7318 74.0783 70.6087 78.8004 107.604 68.9857 67.4501 64.4831 65.3296 64.3009 63.2438 61.6736 61.2477 60.3659 58.2311 55.982 67.1541
threshold=0.36023255813953492 -0.34150717703349281 0.43875000000000003 0.40121951219512203 0.44058823529411767 0.028594771241830078 0.31016731016731025 -0.43683510638297868 -0.27207792207792203 0.23861283643892342 0.27664399092970526 -0.026669758812615931 -0.3876262626262626 -0.17573529411764702 0.49000000000000005 12.329166666666666 0.13525498891352553 78.318452380952394 0.019615384615384649 5.0336952619030333 -0.44058823529411756 -0.39528508771929821 0.45293466223698786 0.41010101010101013 68.907738095238116 0.079473684210526321 0.49000000000000005 0.05137227304714987 0.011495771670190282 0.47801932367149763
decision_type=2 2 2 2 2 2 2 2 2 2 2 2 2 2 2 2 2 2 2 2 2 2 2 2 2 2 2 2 2 2
left_child=1 4 5 7 18 23 13 9 28 -2 14 19 -12 -7 -10 20 17 -17 -1 -4 -5 -22 -23 -3 -11 -6 -8 -20 29 -9
right_child=3 2 11 15 25 6 26 8 10 24 12 -13 -14 -15 -16 16 -18 -19 27 -21 21 22 -24 -25 -26 -27 -28 -29 -30 -31
leaf_value=-0.00080634657747456491 0.0036315663369577336 -0.0021020138984406468 0.0033039531314511868 0.005229471954809474 0.0022113479802026922 -0.0018898506499947381 -0.0027117764167503065 0.0054427726317015177 9.3714101316822923e-05 0.00066772687301551328 0.0035251474389539389 -0.00042598609390614604 0.00078644144673998293 0.00036234796890489409 -0.0029915522544299794 -0.0027854959935048806 0.0021104659364712176 0.0072108325027256618 -0.000415938866224837 0.0006020782532774727 -0.001737882387047417 0.0025696502232524544 0.0009862502275071051 -0.00045936919388089403 0.0037456553050498522 0.00046491271597742529 0.0035128732484963738 0.0018516591603198404 0.0068499616186303404 -0.0035145572889958227
leaf_weight=5979.0685062271659 2066.7242656766903 31755.026016544085 1290.1436022239504 688.2523898135405 6151.5188122247346 1908.401376767084 3118.58357567247 176.87396347522736 16271.925669676391 3843.8465750360629 1130.2252887745854 4888.1312078536721 8991.4262835108675 6438.2529474738985 816.18940528464736 943.78751585754799 1177.0060679530725 120.15029651112854 2057.1437123259529 3297.813272129395 429.62080934992991 11138.948468386254 3363.7399101619376 2548.4493831205182 786.56395080662332 3005.7708249123534 161.77962243556976 2501.6842258051038 387.75631949468516 156.06112017482519
leaf_count=96860 5905 778827 7841 1821 18180 11506 14111 787 94750 10228 3264 47344 31961 24896 2359 2571 2763 272 7489 22808 1794 27733 8180 48882 1828 13289 350 7537 1215 537
internal_value=2.27028e-05 -0.000784887 -0.001316 0.00117839 0.000708731 -0.00167849 -0.000787152 0.000759358 0.000473988 0.00194776 0.000373017 0.000439937 0.00109356 -0.000151568 -5.32305e-05 0.00199011 0.000324734 -0.00164151 -9.9057e-05 0.00136458 0.00222835 0.00208901 0.00220318 -0.00198029 0.00119343 0.00163931 -0.00240077 0.000826359 0.0042665 0.00121619
internal_weight=127591 75101.8 55406.6 52489.1 19695.2 45930.5 11627 34627.6 27930.5 6697.13 27209.8 9476.09 10121.7 8346.65 17088.1 17861.5 2240.94 1063.94 10537.9 4587.96 15620.6 14932.3 14502.7 34303.5 4630.41 9157.29 3280.36 4558.83 720.691 332.935
internal_count=1297888 1099920 956565 197968 143355 878572 50863 152834 134873 17961 132334 77993 35225 36402 97109 45134 5606 2843 111886 30649 39528 37707 35913 827709 12056 31469 14461 15026 2539 1324
is_linear=0
shrinkage=0.01


Tree=31
num_leaves=31
num_cat=0
split_feature=43 13 56 54 10 37 68 150 47 73 76 111 104 127 110 102 138 39 32 124 33 82 13 111 135 131 21 64 138 127
split_gain=999.494 575.94 428.688 170.349 118.228 116.089 101.992 84.9643 82.8751 79.5571 91.6884 78.1007 103.556 100.854 68.1706 66.4471 102.666 65.7721 63.9036 62.2371 61.1984 59.8264 59.1341 57.2304 55.6039 57.4317 53.5611 49.6575 49.5458 75.8291
threshold=0.3585714285714286 -0.3876262626262626 0.43405797101449284 0.27113095238095247 0.24744897959183679 -0.29795918367346935 -0.31909090909090904 0.010421189752496731 -0.041103603603603593 0.45180023228803717 0.20900537634408609 68.755952380952394 -0.041103603603603593 0.39663461538461547 80.500000000000014 0.41751700680272114 -0.47894503546099287 0.21583850931677021 0.12645348837209305 0.4770084566596195 0.49000000000000005 0.016397849462365614 0.47979591836734697 69.699404761904773 0.30981087470449176 -0.33503401360544216 -0.097872340425531903 -0.47894503546099287 -0.37367021276595741 -0.27970588235294114
decision_type=2 2 2 2 2 2 2 2 2 2 2 2 2 2 2 2 2 2 2 2 2 2 2 2 2 2 2 2 2 2
left_child=1 8 4 5 14 17 24 -5 21 -8 -11 15 23 -14 20 16 -9 -2 27 -17 -3 26 28 -13 25 -4 -1 -19 29 -7
right_child=3 2 6 7 -6 22 9 11 -10 10 -12 12 13 -15 -16 19 -18 18 -20 -21 -22 -23 -24 -25 -26 -27 -28 -29 -30 -31
leaf_value=0.0013775416351901229 -0.0014833607338081822 -0.0019069721421333067 0.0032204226283932837 -0.0016374759521489276 -0.0007976169572244873 -0.0052736027673770279 -0.0015803709308789009 0.0065886154076315352 -0.00049120106235918078 0.0041813590488047579 -0.0013758112515939011 0.0059093729296752912 0.0023773176360129917 0.0055590051824862289 -0.00388103543170262 0.00060144316220661826 0.0016507622827377968 0.0071419404240426598 -0.0016120996715769016 0.0024938454208842669 0.0007211285742241149 0.0021896201167688097 -0.0036922003650038666 0.00021869086260433023 -0.0021033304299771789 0.001004257734580064 -0.00035528660927276734 0.0022138915304534797 -0.00052248910306870267 0.001332970722739478
leaf_weight=4996.5793378576054 592.80659469793318 32201.707317335822 1550.5288541181362 878.93146038695704 12398.062918331125 183.18027787958272 2909.1200972374063 440.56209522485733 3237.0433546504064 612.11484668008052 571.29836121929111 190.53455302678049 4632.3811307221767 1279.5294503374025 1722.5625800485723 14188.961774172669 9913.9654416591511 220.17348078917712 412.78610029589618 1985.7465636448469 905.01330146018881 4729.9324239986017 487.75833705440164 2355.7718259167741 444.47997132199816 4859.7542811303865 2761.0560492190998 3187.1271988003864 8919.5670172294485 2938.9634373402805
leaf_count=30971 4223 686802 4360 8373 192705 1222 31230 823 29335 2672 3610 534 11790 2769 45716 36120 30927 503 1909 4736 6741 11352 1543 7411 1972 19842 24817 13744 65480 13358
internal_value=-1.4427e-05 -0.000765295 -0.00122434 0.00103612 -0.00163769 0.000209048 0.000557918 0.00142652 0.00093233 -0.000689573 0.00149127 0.00150382 0.00234191 0.00306845 -0.0019364 0.00123616 0.00186244 0.001604 0.00208598 0.000834529 -0.00183481 0.00130215 -0.000281546 0.000650591 0.00130416 0.00154229 0.000759547 0.00253727 -0.000142269 0.000940588
internal_weight=126708 73899.3 58174.6 52808.7 47227.3 16942.4 10947.3 35866.4 15724.6 4092.53 1183.41 34987.5 8458.22 5911.91 34829.3 26529.2 10354.5 4412.89 3820.09 16174.7 33106.7 12487.6 12529.5 2546.31 6854.76 6410.28 7757.64 3407.3 12041.7 3122.14
internal_count=1297590 1092125 995650 205465 931964 101982 63686 103483 96475 37512 6282 95110 22504 14559 739259 72606 31750 20379 16156 40856 693543 67140 81603 7945 26174 24202 55788 14247 80060 14580
is_linear=0
shrinkage=0.01


Tree=32
num_leaves=31
num_cat=0
split_feature=21 13 56 118 59 137 67 10 103 33 150 124 121 111 97 140 93 26 109 127 110 121 106 20 135 113 36 111 93 111
split_gain=790.568 473.212 759.207 153.694 110.593 105.309 100.5 90.9866 85.1311 82.5346 82.2469 80.323 119.011 77.4106 73.0959 72.9364 71.3773 70.0436 65.6391 71.0586 79.7865 67.648 64.8852 61.9798 61.1941 57.1559 53.2346 56.415 53.1299 49.8457
threshold=0.40121951219512203 -0.34150717703349281 0.41864313292884731 0.40121951219512203 0.49000000000000005 -0.37367021276595741 -0.33156028368794321 0.16163265306122451 0.1588137472283814 0.44058823529411767 0.011766334440753036 -0.059411764705882351 0.32683658170914548 11.99404761904762 0.16496598639455784 0.10113636363636365 0.1125 -0.35857142857142849 -0.44058823529411756 -0.3563492063492063 73.500000000000014 0.45959183673469389 1.0000000180025095e-35 0.30217391304347835 0.057777777777777824 -2.818055555555556 0.019259259259259257 52.788690476190482 0.14583333333333334 81.372023809523824
decision_type=2 2 2 2 2 2 2 2 2 2 2 2 2 2 2 2 2 2 2 2 2 2 2 2 2 2 2 2 2 2
left_child=1 4 7 5 10 24 9 29 -8 22 -1 16 17 -5 -14 -11 -7 -13 25 21 -21 -20 -4 -12 -2 -15 27 -26 -10 -3
right_child=3 2 6 13 -6 11 8 -9 28 15 23 12 14 18 -16 -17 -18 -19 19 20 -22 -23 -24 -25 26 -27 -28 -29 -30 -31
leaf_value=-0.00098337009651824035 0.0010719101473387804 -0.0018118075854358226 0.00029461869503283317 -0.0040881876471467625 0.0021263270211892542 -0.00056579345577036956 -0.0012791754256471011 -0.00098642147412033752 0.00075234586252846734 0.0056736040982363232 0.00027619187067807842 0.00774376910670313 0.0012388075542235329 0.0014881624122944465 -0.001477593367247112 0.00068468477443434637 -0.0091582386434136565 0.0013466324067276996 0.00038525675425161071 0.001695607544899105 0.0037941778946784738 -0.0071862600842768579 0.002177558958657717 0.0018021297181478183 0.006797281079727214 0.0074176146866290846 0.0013012196050481946 0.0024474036636491833 0.0062790829742450718 -0.0037584583002169365
leaf_weight=3499.4863963913522 6200.5930521909322 30701.919232826272 3572.8488023276441 208.54586408799514 4630.0533687260468 5922.2968122071761 2802.133430767688 16811.697174025699 3540.6728102694033 870.73567944811657 8597.9550499028992 175.2311770953238 1481.0948651127983 277.87299270648509 2972.6034059760277 449.19584181951359 97.486931413412094 7073.2493946375325 537.03243942360859 11450.090146708128 2165.5276734477375 149.4762457460165 3781.7588038046379 3868.2163028676296 549.95288341725245 410.04572326783091 1021.8294260494877 676.4011370446533 182.70623853802681 1385.2218327400042
leaf_count=51141 20038 623372 13920 633 12617 29204 29116 260459 21339 2076 64634 497 5629 633 14205 1086 172 30152 1863 29313 5480 572 14470 20999 1497 821 3294 1903 283 35552
internal_value=3.04275e-07 -0.000553075 -0.000976845 0.00113345 0.000765299 0.00066833 0.000974709 -0.00158369 3.5604e-05 0.00167992 0.000369866 0.000229647 0.000712914 0.0019336 -0.000571923 0.00398516 -0.000708102 0.00150371 0.00201832 0.00187181 0.00203037 -0.00125683 0.00126436 0.000750595 0.00158718 0.00504267 0.00300277 0.00441018 0.00102784 -0.00189627
internal_weight=126064 84694.6 64098.9 41369.3 20595.7 26170.7 15200.1 48898.8 6525.51 8674.54 15965.7 17722 11702.2 15198.6 4453.7 1319.93 6019.78 7248.48 14990 14302.1 13615.6 686.509 7354.61 12466.2 8448.78 687.919 2248.18 1226.35 3723.38 32087.1
internal_count=1296970 1151064 1001673 145906 149391 106591 82290 919383 50738 31552 136774 79859 50483 39315 19834 3162 29376 30649 38682 37228 34793 2435 28390 85633 26732 1454 6694 3400 21622 658924
is_linear=0
shrinkage=0.01


Tree=33
num_leaves=31
num_cat=0
split_feature=43 13 56 13 54 13 28 112 58 37 97 37 23 130 89 105 6 95 121 40 140 88 17 143 123 91 135 43 28 135
split_gain=1006.16 503.899 401.118 113.303 106.834 96.8827 86.1272 84.5647 83.5888 82.2045 94.2605 74.6286 73.2661 70.8741 68.8304 68.4368 66.8217 64.7681 60.5887 60.0714 59.6897 56.0947 74.4001 54.5266 54.3198 53.5846 80.4625 62.1231 52.8167 52.5868
threshold=0.36023255813953492 -0.3876262626262626 0.43405797101449284 -0.16496598639455781 0.28024390243902447 0.37627551020408168 -0.41578014184397155 54.16458333333334 0.49000000000000005 -0.29795918367346935 0.16496598639455784 0.47979591836734697 0.42052631578947375 -0.0028374999999999993 0.020620748299319761 -0.054563492063492057 0.45505050505050515 -0.2816561433831935 0.29289215686274511 0.26253132832080206 0.011766334440753036 0.020204081632653085 -0.44058823529411756 0.051551870748299318 0.39417693169092949 -0.11043360433604334 0.010310374149659853 0.47259759759759767 0.47646733111849393 -0.015555555555555571
decision_type=2 2 2 2 2 2 2 2 2 2 2 2 2 2 2 2 2 2 2 2 2 2 2 2 2 2 2 2 2 2
left_child=1 17 3 14 9 8 20 -7 25 10 19 12 -9 -13 -3 -11 -5 -1 -10 -2 -4 22 -19 -12 -21 26 -6 -27 -23 -22
right_child=4 2 6 16 5 7 -8 11 18 15 23 13 -14 -15 -16 -17 -18 21 -20 24 29 28 -24 -25 -26 27 -28 -29 -30 -31
leaf_value=0.0030163956934490593 0.00013884147198530238 -0.0014570758502237178 0.0028293932288307355 -0.0020399942194033187 -0.002297988676633644 0.00026776718318365984 -0.00032443003681200739 0.0011447377002789315 0.0056869085692133172 -0.00071708786556495764 -0.00050938987833342515 0.0029473044743135307 0.0036581857825261446 -0.00075811774718536967 -3.6664266871898644e-05 0.0007341112168846736 0.00012542632978197873 0.0013142672505037781 0.0020564421881649215 0.0032470423907554097 0.0034091139289454233 0.001752931186195875 -0.00056826564828460924 0.002350342512247893 0.0080150796933225361 0.0013490880890419249 0.0013275210352902472 0.0029127469291585317 -0.0012117924927094769 2.1946340973286775e-05
leaf_weight=1217.6824066630797 378.23381992231589 8209.4414163863985 1934.5830287490971 31150.872985994094 723.47792874043807 10437.973806887923 5949.7627968472661 2293.8872922746814 946.61516737937927 6566.3507626279606 1840.4765032420401 719.48955477075651 2379.0989554559346 1814.23124188371 5862.0958421407267 6431.5968255775515 1484.1659626997425 3319.8211027680081 918.87061103060842 768.40098999510519 553.17907772865146 4975.5460688192397 5701.5111553648603 1041.1083530763863 356.58754943753593 5660.1707319273264 3901.2647908566287 4670.0755886156112 678.60219828505069 2686.4603234220413
leaf_count=5593 1822 202786 6119 679687 2902 28216 47886 7678 1969 46217 9429 1559 5078 4411 40274 34977 14593 12364 1882 3037 1582 12637 65520 4162 1050 20746 11837 10657 1520 8909
internal_value=-2.68419e-05 -0.000777588 -0.00121106 -0.00161754 0.00104046 0.00136295 0.000494757 0.000844198 0.00190645 0.000400442 0.00158427 0.00167754 0.00242703 0.000290897 -0.000866098 2.2109e-07 -0.00194121 0.000799032 0.00390609 0.00361451 0.00143854 0.000614174 0.000123461 0.000520811 0.00477302 0.0016561 0.000757823 0.00205717 0.00139519 0.000604276
internal_weight=125572 73723.7 57830.6 46706.6 51847.9 34465.2 11124 17644.7 16820.5 17382.8 4384.81 7206.71 4672.99 2533.72 14071.5 12997.9 32635 15893.2 1865.49 1503.22 5174.22 14675.5 9021.33 2881.58 1124.99 14955 4624.74 10330.2 5654.15 3239.64
internal_count=1297099 1099470 1001836 937340 197629 96935 64496 46942 49993 100694 19500 18726 12756 5970 243060 81194 694280 97634 3851 5909 16610 92041 77884 13591 4087 46142 14739 31403 14157 10491
is_linear=0
shrinkage=0.01


Tree=34
num_leaves=31
num_cat=0
split_feature=23 13 56 54 63 59 137 137 33 110 40 85 137 67 104 110 113 41 127 23 27 135 13 49 137 38 80 86 113 72
split_gain=867.4 485.799 448.388 205.744 148.594 110.815 105.457 86.8245 79.145 79.3451 72.7326 69.8249 108.968 105.865 116.021 105.915 84.5308 76.3365 69.7939 69.755 65.9057 73.6702 64.118 59.6648 58.0387 55.8687 55.1249 54.0237 49.7049 47.2246
threshold=0.28319623971797891 -0.34150717703349281 0.41864313292884731 0.27113095238095247 0.47849213691026832 0.44058823529411767 -0.34021276595744671 -0.46295454545454545 0.49000000000000005 23.500000000000004 0.36023255813953492 0.010990338164251214 -0.14900362318840576 -0.35857142857142849 0.39619252873563227 37.500000000000007 17.698611111111116 -0.45959183673469384 0.47752525252525257 0.4793792517006803 -0.25255102040816318 0.15978723404255321 -0.050510204081632641 0.30217391304347835 -0.47979591836734686 -0.094916344916344889 0.011237373737373714 0.018874643874643885 -9.8124999999999947 -0.31725417439703146
decision_type=2 2 2 2 2 2 2 2 2 2 2 2 2 2 2 2 2 2 2 2 2 2 2 2 2 2 2 2 2 2
left_child=1 5 8 4 6 27 -2 -4 22 10 -10 12 17 15 18 26 -16 19 -15 -5 21 -9 -3 -6 -19 -22 -13 -1 -7 -14
right_child=3 2 7 11 23 28 -8 20 9 -11 -12 13 29 14 16 -17 -18 24 -20 -21 25 -23 -24 -25 -26 -27 -28 -29 -30 -31
leaf_value=-0.00066676538595414445 0.0010942735743763796 -0.0012863293599157568 0.0059017167482542134 0.0061368918402601473 0.0023187892784380477 0.0033644353685199496 -0.00077556471186614824 0.0014448275796721439 0.004572252265232348 -0.0013629280610069894 -0.0025026800626438239 -0.007488357683554478 -0.0015421181947626653 0.00097247751968902241 0.0029932454499366481 0.0072459935839314709 -0.00062682036534576172 0.0032137728249424131 -0.0083053942476776048 0.0012504307835864881 -0.003547040311492753 -0.0016663799064235566 -0.0021286914253506825 0.00012475844220974491 0.00089479954297347201 -0.00012459504348349184 0.0024664248900262064 0.0008660413615209073 0.0012559655764123471 0.00093074282900202612
leaf_weight=5171.5558539323101 3981.6860356926918 14463.583967167069 293.96202031522989 607.45815100881737 3656.0774722677306 1396.1780888878275 12398.359683752467 5690.2413886721479 568.19167764973827 1190.2122582561569 192.39976465469226 62.201385620282963 2174.2968470391934 8958.2626816537231 6150.208438668109 696.64842436276376 715.26973072835244 1194.4402796518989 80.620987068861723 574.97552407160401 547.48408756253775 874.89049228699878 24477.046363165719 1890.0740895121126 11584.338740712323 3716.7232095849467 447.43348454864463 4138.148654980585 5805.1161061220337 1191.3018800946302
leaf_count=84968 25384 292224 873 1903 13656 3952 126996 25653 2092 8077 533 307 12165 31382 16895 1712 2100 2582 223 1276 5958 4060 509284 8358 41317 28362 1384 13709 20349 9021
internal_value=-2.97955e-06 -0.000758877 -0.00123332 0.000915844 0.00015814 0.00073515 -0.000320392 0.000546135 -0.00171762 0.000243331 0.00276851 0.00139796 0.000949217 0.00185171 0.00163391 0.00471133 0.0026146 0.00133881 0.000887709 0.00377229 0.000399303 0.0010285 -0.00181611 0.00157305 0.00111257 -0.000567078 0.00121957 1.35105e-05 0.00166655 -0.000663827
internal_weight=124889 68525.7 52014.7 56363.7 21926.2 16511 16380 11123.3 40891.4 1950.8 760.591 34437.5 17326.8 17110.6 15904.4 1206.28 6865.48 13961.2 9038.88 1182.43 10829.3 6565.13 38940.6 5546.15 12778.8 4264.21 509.635 9309.7 7201.29 3365.6
internal_count=1296755 1000094 877116 296661 174394 122978 152380 64906 812210 10702 2625 122267 68264 54003 50600 3403 18995 47078 31605 3179 64033 29713 801508 22014 43899 34320 1691 98677 24301 21186
is_linear=0
shrinkage=0.01


Tree=35
num_leaves=31
num_cat=0
split_feature=43 13 56 100 13 34 17 88 19 137 43 112 112 70 37 97 97 110 49 124 148 109 50 93 145 142 95 137 37 133
split_gain=959.349 526.839 386.896 148.28 114.641 109.399 90.3483 77.7861 77.754 97.1373 72.9844 72.1541 68.2244 105.143 65.3003 63.8155 62.7052 62.5583 59.4855 61.8285 59.4385 57.8661 72.534 56.6903 56.5961 54.1895 53.7093 53.6023 85.1453 66.7062
threshold=0.36023255813953492 -0.3876262626262626 0.43405797101449284 0.24037037037037037 -0.16496598639455781 -0.41578014184397155 -0.10791925465838507 0.019615384615384649 -0.11834733893557424 -0.43683510638297868 0.45698427382053664 77.392361111111128 34.97708333333334 -0.39528508771929821 0.30600358422939072 0.28730158730158734 1.0000000180025095e-35 80.500000000000014 0.4587585034013606 -0.23956521739130432 0.010990338164251214 0.28319623971797891 0.3585714285714286 0.027046783625730989 0.011766334440753036 0.43938775510204087 -0.13440171933849734 -0.47979591836734686 0.33752357008170969 0.011341029687904776
decision_type=2 2 2 2 2 2 2 2 2 2 2 2 2 2 2 2 2 2 2 2 2 2 2 2 2 2 2 2 2 2
left_child=1 6 4 8 7 14 16 -3 12 18 -11 27 13 -2 24 -16 -1 -6 19 -10 -14 22 26 -22 -4 -20 -13 28 -5 -30
right_child=3 2 5 11 17 -7 -8 -9 9 10 -12 21 20 -15 15 -17 -18 -19 25 -21 23 -23 -24 -25 -26 -27 -28 -29 29 -31
leaf_value=0.0036753184891909502 -0.0065735467623715613 -0.0014686010195294804 0.002655972785909259 0.010818204138248175 -0.0018126574936633097 -0.00030392300244783029 -0.00034519458195719701 4.2676141682755354e-05 0.0039668565191508208 -0.00055611103007146157 0.0006707967173188806 -0.0014339362155775196 -0.0027972015284168433 0.006602840305806045 0.00022616484602744406 0.0069365622726401547 0.0011105860383609071 -0.0038834264253666683 -0.002392274507570073 0.001300417237202885 0.0037970762800058969 0.0055964331391468117 -0.0013275838960169898 -0.0056680926309081118 0.00015796865640793569 0.0020476533138027576 0.0045658074357099983 0.0013291889199300608 0.0070169305523573814 0.00064303503762039803
leaf_weight=1053.5474355325568 66.184665317647159 7973.0536317318329 1575.2125749936095 144.5825297832489 30602.444135036087 6742.5723608804401 4337.6945891080541 5922.7721747616306 1316.7032810975797 9633.6241134120501 9755.8763787502248 176.13401933899149 289.1163193564862 570.39044260419905 217.60935630695894 423.30308988131583 10421.100780801324 1541.6933768104063 618.66752226150129 2616.4419453282317 541.27968119946308 746.52478023804724 421.58555885590613 69.970560193061829 2158.2204022856895 491.7170113986358 883.48608473269269 22124.00418055692 230.32154724001884 581.31251019146293
leaf_count=3787 287 201915 4793 230 651826 50460 37562 41394 3223 71565 36346 501 1328 1973 785 1033 56274 42326 2211 7435 2189 1826 1136 210 7508 1256 2232 62053 384 1066
internal_value=3.77846e-06 -0.000732752 -0.00117975 0.00105206 -0.00158408 0.00049385 0.00088234 -0.000823778 0.000520613 0.000382842 6.06978e-05 0.00159697 0.00270261 0.00520905 0.0017256 0.00467766 0.00134724 -0.0019124 0.00161906 0.00219639 0.000915605 0.00331886 0.00216122 0.00268977 0.00121504 -0.000417048 0.00355867 0.0014302 0.00375313 0.0024705
internal_weight=124247 72969.2 57156.9 51277.9 46040 11116.9 15812.3 13895.8 25970 24433 19389.5 25308 1536.94 636.575 4374.35 640.912 11474.6 32144.1 5043.53 3933.15 900.367 2227.73 1481.21 611.25 3733.43 1110.38 1059.62 23080.2 956.217 811.634
internal_count=1297114 1099663 1002040 197451 937461 64579 97623 243309 128023 122036 107911 69428 5987 2260 14119 1818 60061 694152 14125 10658 3727 5695 3869 2399 12301 3467 2733 63733 1680 1450
is_linear=0
shrinkage=0.01


Tree=36
num_leaves=31
num_cat=0
split_feature=23 13 56 53 137 33 13 127 65 150 37 135 109 83 109 27 151 23 57 109 57 150 109 112 151 47 50 21 83 111
split_gain=732.646 465.383 499.841 150.015 106.492 100.904 114.26 93.2099 84.3871 83.7028 81.7292 82.542 81.3966 98.3803 75.1471 74.9277 90.8857 81.7088 79.3641 77.3314 82.8411 105.724 69.1307 65.4268 95.0576 63.9157 63.0886 59.2724 58.9121 57.4663
threshold=0.36023255813953492 -0.3876262626262626 0.41864313292884731 0.20106382978723406 -0.37367021276595741 0.45180023228803717 -0.26043478260869563 -0.21352583586626137 0.38047619047619052 0.020416666666666698 -0.39528508771929821 -0.29795918367346935 0.2525510204081633 0.22500000000000001 -0.45180023228803712 0.33795948987246821 0.092429995253915556 0.45060975609756099 0.49000000000000005 -0.45401691331923882 0.3585714285714286 0.013701201201201165 0.49000000000000005 55.16041666666667 0.16496598639455781 -0.30217391304347824 -1.0000000180025095e-35 0.019259259259259257 0.019615384615384649 19.175595238095241
decision_type=2 2 2 2 2 2 2 2 2 2 2 2 2 2 2 2 2 2 2 2 2 2 2 2 2 2 2 2 2 2
left_child=1 9 5 4 7 6 28 -2 -6 25 11 -10 13 14 -4 16 17 18 -5 23 21 -21 -18 24 -17 -1 -19 -11 -3 -7
right_child=3 2 12 15 8 29 -8 -9 10 27 -12 -13 -14 -15 -16 19 22 26 -20 20 -22 -23 -24 -25 -26 -27 -28 -29 -30 -31
leaf_value=0.00083487593829251552 -0.0037790400734041938 -0.0012304090379591649 -0.0014022230713798109 0.0010118077508469432 -0.0010417344101493482 0.0025431781041268735 -0.0018359389774496742 0.001980011040994573 -0.0074475343487223032 0.0021749798044968971 -9.3892149224407206e-05 0.0033753059949719433 -0.0014517534077165143 0.010583758574564242 0.0011113956157353345 0.0047901394087240916 0.0010998882355153145 0.00062696261732132037 0.0041560371492497571 0.0031102855694480703 4.8549463854541737e-05 0.00076550644480635212 -0.0054819805006303037 0.0085138378579797773 -0.0058234920099450331 -0.0013729127554533245 0.0043362012447296164 0.00054104962427941011 0.00053102453733283085 -0.00052192810714553946
leaf_weight=3498.9205793919973 300.79819006449543 4595.7194676478975 1324.8950622784323 3504.2918381798663 6531.5778750300524 745.64117238903418 36734.19628602569 3907.3612488169456 73.103926755255088 5834.4018041247036 3640.9596088667167 1282.561195201939 1616.2830447568558 103.83825431391597 11311.138639031735 314.08737141825259 4365.0551471823128 548.94685413432308 1046.6758184290375 2768.0417019408196 7317.3717510092538 6354.6701285567251 164.22272897791117 238.81936978828162 113.66673406865448 2095.8140300046362 3011.4630389665253 3615.3242182986578 3224.9122840852942 3380.8733439188218
leaf_count=22272 1814 107994 16912 15752 57087 3435 762703 18026 420 22161 19320 5082 12958 195 50036 663 16232 1758 2391 9570 19989 20349 600 476 285 29511 7566 20033 21127 30448
internal_value=-1.50001e-05 -0.000602771 -0.000980003 0.000993799 0.00020343 -0.00146362 -0.00160218 0.00156518 -0.000292877 0.000977155 0.000684039 0.00277926 0.000659236 0.00092793 0.00084696 0.00141155 0.00199616 0.00263034 0.0017379 0.000978887 0.000842592 0.00147833 0.000857878 0.00431913 0.00193946 5.94323e-06 0.00376745 0.00155104 -0.000502812 2.99809e-05
internal_weight=123566 78082 63037.5 45483.7 15736.4 48681.3 44554.8 4208.16 11528.2 15044.5 4996.62 1355.67 14356.2 12739.9 12636 29747.3 12640.7 8111.38 4550.97 17106.7 16440.1 9122.71 4529.28 666.573 427.754 5594.73 3560.41 9449.73 7820.63 4126.51
internal_count=1297165 1099785 1005808 197380 101749 925707 891824 19840 81909 93977 24822 5502 80101 67143 66948 95631 44299 27467 18143 51332 49908 29919 16832 1424 948 51783 9324 42194 129121 33883
is_linear=0
shrinkage=0.01


Tree=37
num_leaves=31
num_cat=0
split_feature=23 13 91 54 55 137 18 151 137 61 97 89 134 26 124 129 85 76 118 95 151 68 137 151 122 103 18 13 89 58
split_gain=818.922 512.404 240.686 214.132 172.096 109.61 96.0187 93.3495 107.675 88.4102 74.4853 70.908 70.7597 70.4012 100.344 62.9025 63.9249 80.2556 61.5024 70.4348 61.4157 61.1076 60.0684 59.482 64.0168 60.6262 58.3542 54.3455 61.333 54.0991
threshold=0.28647416413373866 -0.34150717703349281 0.43330039525691705 0.3816526610644258 0.47259759759759767 -0.34021276595744671 -0.21269841269841269 -0.022233201581027647 -0.39897959183673465 0.39663461538461547 0.12632978723404256 0.011495771670190282 0.085144927536231943 0.17006802721088435 0.022233201581027654 0.020518600127551023 0.010990338164251214 0.10208333333333332 -0.27207792207792203 -0.061501702609006441 0.18819444444444447 -0.3876262626262626 -0.26839539007092195 -0.11167800453514738 0.14051282051282057 0.45293466223698786 -0.29795918367346935 0.060487804878048841 0.022991543340380564 -0.061737804878048773
decision_type=2 2 2 2 2 2 2 2 2 2 2 2 2 2 2 2 2 2 2 2 2 2 2 2 2 2 2 2 2 2
left_child=1 6 4 5 27 -2 11 8 26 29 -11 22 -12 -6 -15 16 -5 21 19 -13 -19 -18 -1 24 -17 -26 -4 28 -3 -7
right_child=3 2 7 15 13 9 -8 -9 -10 10 12 18 -14 14 -16 23 17 20 -20 -21 -22 -23 -24 -25 25 -27 -28 -29 -30 -31
leaf_value=0.0027125057245203634 0.0012962891488048039 -0.0017627010341246824 -0.0026929165564814929 0.00074758356928686831 0.0020437317641680748 -0.0011336051369475737 -0.00011668248671255502 -0.00060245487953905876 0.0005521444877221956 0.0028940565640314261 0.00088310950348349847 0.0045026179359392033 -0.0021384444465812691 -0.0032372286075910829 0.0012322738284649395 0.0072421949424981607 0.0050632511735947249 0.0029285349687357617 0.001100315587103244 0.0010076802686420283 0.00053540131587943949 0.00048700554041101817 -6.390171820834029e-05 0.0017768728574730198 -7.0396303511675775e-05 0.0048621187441436255 0.0055810261954292659 -0.0021343931762857001 -0.00057514897271758046 8.3653579875623315e-05
leaf_weight=988.37388199591078 8081.6837034766213 13656.316831294913 93.893199361395091 10049.697607782437 1655.3949287228752 7082.8552167200251 6931.1596160328481 4999.086250589462 2777.5999059817987 1446.1584122431814 4185.1340253920644 1713.1405218685977 949.09250191925094 895.21114311809652 1138.2172034260002 491.77314260334242 312.93048799782991 5910.3251876299037 2444.5482907916303 882.42776639433578 1323.6532807778567 4302.7440948581789 3638.836246226565 2691.6457004551194 420.35672528948635 597.04649542551488 746.10714979190379 18762.200920732808 6425.1620003241114 7505.1111419704393
leaf_count=5076 40144 362090 380 35819 8316 70023 65484 38069 27006 6439 19925 5218 5206 4819 6334 1289 819 15851 12308 3380 3948 11759 32171 7578 1265 1151 2345 387691 43211 71366
internal_value=-8.7162e-06 -0.000746031 -0.00124152 0.000893561 -0.00155031 0.000305574 0.000780231 0.000281508 0.00150563 -7.22331e-05 0.000889365 0.00142427 0.000322302 0.000511627 -0.000731121 0.00155209 0.00133605 0.00183418 0.00224538 0.00331912 0.00249216 0.000800458 0.000527437 0.00267535 0.00426895 0.00281628 0.00464219 -0.00174639 -0.00138328 -0.00050671
internal_weight=123098 67747.7 51149.2 55350.2 42532.5 29250 16598.5 8616.69 3617.6 21168.4 6580.38 9667.33 5134.23 3688.82 2033.43 26100.2 21899.4 11849.7 5040.12 2595.57 7233.98 4615.67 4627.21 4200.82 1509.18 1017.4 840 38843.7 20081.5 14588
internal_count=1296480 1003898 880261 292582 812461 213103 123637 67800 29731 172959 31570 58153 25131 19469 11153 79479 68196 32377 20906 8598 19799 12578 37247 11283 3705 2416 2725 792992 405301 141389
is_linear=0
shrinkage=0.01


Tree=38
num_leaves=31
num_cat=0
split_feature=19 13 91 118 138 38 85 50 8 18 27 93 48 1 97 150 38 138 105 21 150 109 31 31 39 18 21 129 17 135
split_gain=726.975 506.783 326.027 177.731 169.911 132.561 112.375 106.721 104.389 84.4311 84.249 81.6599 113.262 113.13 78.8803 68.5976 66.2868 68.3754 65.3608 62.5442 61.4778 57.7408 56.7916 54.5492 53.4743 101.318 85.4342 53.4286 79.2396 51.5737
threshold=0.34529914529914535 -0.34150717703349281 0.43875000000000003 0.40121951219512203 -0.37367021276595741 0.49000000000000005 0.010310374149659853 0.42940199335548179 0.40550595238095244 -0.2670542635658914 -0.43683510638297868 0.011766334440753036 0.39619252873563227 0.3816526610644258 0.29217479674796754 0.025657894736842105 0.46076923076923082 0.011766334440753036 0.39663461538461547 0.41366459627329194 0.016397849462365614 0.019259259259259257 0.14644607843137261 0.23499399759903969 0.47979591836734697 -0.126453488372093 0.49000000000000005 0.0029430059523809535 -0.47894503546099287 0.32415458937198072
decision_type=2 2 2 2 2 2 2 2 2 2 2 2 2 2 2 2 2 2 2 2 2 2 2 2 2 2 2 2 2 2
left_child=1 9 5 4 24 8 -6 10 15 14 -8 12 19 18 -1 -3 17 -4 -13 -5 -11 29 -23 -10 25 26 -2 -26 -29 -14
right_child=3 2 16 11 6 -7 7 -9 23 20 -12 13 21 -15 -16 -17 -18 -19 -20 -21 -22 22 -24 -25 27 -27 -28 28 -30 -31
leaf_value=0.0021738057726464577 0.0037041937291957768 -0.0020375221608605822 0.0010440925946637797 4.5808458013376485e-05 -0.0013187207193622718 0.001788642442238256 0.0044118349840537195 -0.00099813198816180583 0.0011313641212787413 -0.0013064916992655987 0.00067750560513482215 0.0022506870608088327 0.0019566998468332382 0.0013125034379626688 0.00053221526839545999 -0.0011997158644694796 0.0035982784182195739 -0.00067196856739351943 0.0047836881773790432 0.0027348565699123516 0.00058295663355841139 0.00063375749028118564 -0.0022379909963005872 -0.0018984666466102717 -0.0032438042226705659 0.0016958249296342668 0.013452866674356721 0.010241979267003161 0.00019184973403390979 -0.0069886318841601803
leaf_weight=5582.1579197684187 304.78242807334755 23555.678859009349 5415.0835600157734 1118.4253968159319 4789.5192288682447 1214.4041950998362 636.07896471489221 4045.3482242819737 2088.9283550422988 2540.0815940874745 12187.904156922188 1858.1007641589968 1384.0883546590921 4071.9533525570296 6197.917439968558 16853.849443068204 654.76192241651006 4056.8057310873992 2319.6288651254144 3934.0066268510418 5340.4603869555285 1260.5983494953252 1504.9508517659269 828.17756822390947 399.0336201894097 7391.1173889879719 130.1019085329026 85.385720621794462 880.9941310781287 66.206618200056255
leaf_count=26579 1014 592976 38039 9103 46150 4818 2953 18059 13332 42371 64136 5565 4704 11247 36932 240176 1697 39325 6335 10245 34921 4144 6361 5004 1722 25371 251 148 2963 302
internal_value=1.93849e-05 -0.000601465 -0.00109672 0.000973655 0.000516382 -0.001465 3.24375e-05 0.000416705 -0.00155647 0.000775104 0.00086384 0.0017783 0.00113199 0.00250297 0.00131107 -0.00168838 0.000522114 0.000308055 0.0036603 0.0021417 -2.48761e-05 -7.59424e-05 -0.000925614 0.000267401 0.00165554 0.00197421 0.00666776 -0.000163684 0.00109985 0.00153692
internal_weight=122697 74328.3 54667.7 48368.2 30850.3 44541 21658.9 16869.3 43326.6 19660.6 12824 17518 9268.28 8249.68 11780.1 40409.5 10126.7 9471.89 4177.73 5052.43 7880.54 4215.84 2765.55 2917.11 9191.42 7826 434.884 1365.41 966.38 1450.29
internal_count=1296943 1076170 935367 220773 162767 856306 131298 85148 851488 140803 67089 58006 34859 23147 63511 833152 79061 77364 11900 19348 77292 15511 10505 18336 31469 26636 1265 4833 3111 5006
is_linear=0
shrinkage=0.01


Tree=39
num_leaves=31
num_cat=0
split_feature=55 13 23 91 63 88 91 151 23 138 55 112 134 35 112 85 124 34 151 31 130 138 112 67 136 126 134 13 81 61
split_gain=691.789 498.156 316.517 173.471 106.201 91.9913 86.7324 103.263 96.0035 76.7398 95.8312 74.6968 71.0679 70.0364 65.9169 87.471 84.829 80.6031 70.4356 65.7364 63.6934 63.1376 62.0496 75.06 92.954 73.0337 66.0067 61.8274 74.8416 60.1712
threshold=0.40121951219512203 -0.34150717703349281 0.31909090909090915 0.43875000000000003 0.47467948717948721 0.022474747474747484 -0.0404081632653061 -0.26429738562091498 0.16333333333333336 -0.1769565217391304 0.21583850931677021 11.739583333333336 0.011495771670190282 0.4770084566596195 65.259027777777789 0.011237373737373714 0.039230769230769243 -0.36285266457680249 -0.38021739130434778 0.069805194805194828 -0.005684821428571441 -0.34021276595744671 55.488194444444453 0.49000000000000005 -0.47979591836734686 0.35450268817204306 0.36811594202898557 0.060487804878048841 0.025657894736842105 0.24037037037037037
decision_type=2 2 2 2 2 2 2 2 2 2 2 2 2 2 2 2 2 2 2 2 2 2 2 2 2 2 2 2 2 2
left_child=1 4 3 27 5 21 14 12 -9 -4 -11 -10 19 -13 22 16 17 -16 -18 20 -8 -1 25 24 -24 -2 -27 28 -3 -6
right_child=6 2 9 -5 29 -7 7 8 11 10 -12 13 -14 -15 15 -17 18 -19 -20 -21 -22 -23 23 -25 -26 26 -28 -29 -30 -31
leaf_value=0.0011456518760044614 0.00063670183485592738 -0.0016794541416394223 0.001064427000009264 4.5208938640402489e-05 -2.0988437666592912e-05 0.001247681991644329 -0.0083577508025319477 -0.00046128789499322358 -0.0088920113309408962 -0.0011742779696486026 0.00069318731236166599 0.0019595189138051027 0.0035864899446633549 0.0001606223383772376 0.0084432218828736881 0.0029159719744170547 -0.0070572104087857357 -0.0035374895087821644 0.0028641738873437005 -0.0049233445647693316 0.0047531487380394564 -0.00063078244344053395 0.0079967452078670842 -0.006741739316456055 -0.0017337265419795089 -0.00095956151130696611 -0.0098473708999440839 -0.002127579471551825 -0.0002957250537585054 0.0022269077237686459
leaf_weight=2566.7536516870605 8858.3359431938152 14565.79344017955 6236.1425616078195 6823.4815373719321 1505.7443471717997 6516.9423087106552 42.807466657133773 2734.6096550689545 66.54539024992846 6023.6355832918198 5045.1853855568916 11775.656476340024 3347.2286426101346 2666.9098209490767 59.729591018985957 2340.3378881684621 76.987900419626385 692.98353191919159 815.89032037457218 198.58621522434987 228.54996492277132 9029.0109840712976 108.90996015816927 255.73068886855617 906.50348516745726 271.10757026681677 121.94911449309438 17235.62731356197 5368.5109132979997 5537.1739316458697
leaf_count=14261 40874 382070 45950 63411 7061 19578 200 19257 312 60275 31107 38449 10874 7750 233 9317 416 3500 3853 1329 1170 111679 253 767 5494 984 722 370393 28335 16949
internal_value=9.61023e-07 -0.000481917 -0.000968258 -0.00141895 0.000702776 0.000296908 0.00117489 0.00158501 0.00125445 0.000176953 -0.000322195 0.00157852 0.00307496 0.00162807 0.0005788 0.00167407 -8.67654e-05 -0.00256358 0.00199058 -0.000547154 0.00262505 -0.000236637 0.000162842 -0.00190643 -0.000673388 0.000448417 -0.00376045 -0.001688 -0.00130734 0.00174496
internal_weight=122023 86454 61298.4 43993.4 25155.6 18112.7 35569.4 21060.9 17243.7 17305 11068.8 14509.1 3817.17 14442.6 14508.5 3985.93 1645.59 752.713 892.878 469.944 271.357 11595.8 10522.5 1271.14 1015.41 9251.39 393.057 37169.9 19934.3 7042.92
internal_count=1296823 1151069 981541 844209 169528 145518 145754 79341 65768 137332 91382 46511 13573 46199 66413 17319 8002 3733 4269 2699 1370 125940 49094 6514 5747 42580 1706 780798 410405 24010
is_linear=0
shrinkage=0.01


Tree=40
num_leaves=31
num_cat=0
split_feature=43 2 56 10 75 119 10 19 79 136 68 65 146 89 112 57 23 112 49 65 21 24 78 148 119 100 111 39 104 111
split_gain=843.884 373.861 417.047 127.424 123.285 95.2085 84.2074 83.606 94.7549 92.3295 79.9415 76.9143 74.9842 68.5287 63.513 85.8026 59.7422 56.1381 64.2945 54.5563 51.0075 50.4283 49.0123 48.7155 52.2537 48.4597 48.43 45.2709 44.7636 43.8384
threshold=0.3585714285714286 -0.27718676122931435 0.43405797101449284 0.3465463108320252 0.45959183673469389 0.41010101010101013 0.16163265306122451 -0.11834733893557424 0.091372912801484255 0.010527482269503509 -0.31909090909090904 0.34529914529914535 0.33503401360544227 0.018543956043956093 34.97708333333334 -0.4080338266384777 0.47979591836734697 54.968750000000007 0.41010101010101013 0.44058823529411767 0.43257575757575761 0.28647416413373866 0.28647416413373866 0.010990338164251214 -0.44058823529411756 -0.23401360544217684 78.723214285714306 -0.42770034843205568 -0.13525498891352547 82.151785714285737
decision_type=2 2 2 2 2 2 2 2 2 2 2 2 2 2 2 2 2 2 2 2 2 2 2 2 2 2 2 2 2 2
left_child=1 3 6 13 7 26 29 14 9 -9 -4 -11 16 -1 15 -2 27 -10 -19 -5 -12 -18 -21 -16 -25 -15 -6 -7 -14 -3
right_child=4 2 10 19 5 12 -8 8 17 11 20 -13 28 25 23 -17 21 18 -20 22 -22 -23 -24 24 -26 -27 -28 -29 -30 -31
leaf_value=-0.00087600834781594169 -0.0059884945144575066 -0.0019242423816700242 0.0013435456792044369 0.00081253229094325476 0.0026582702122542479 0.0058196138823685788 -0.0010222154292180811 0.00095263809760994661 0.00059628930085041235 -0.0016476730076787525 -0.00088688710313672978 0.00024992445903545152 0.0039492757675008983 0.0016942809154594208 -0.0020904430321873097 0.0060867876168462266 0.0051648612103462211 0.0022141224931921835 0.00021359028712615791 0.0035357976358567529 0.003332143167412498 0.0018396665142468025 0.00023158797543233953 0.0058504409236597174 0.00032122234856961699 -0.0002829062790820798 0.0068421931801249782 0.0005823750353438935 -0.0063488165175088771 -0.0041408250558075651
leaf_weight=7857.9990567280911 62.813168461434543 24371.694231525937 6117.6857617746573 7459.0895290192566 4566.425177135854 169.67260100319982 13316.767338982725 5447.671758086246 13350.905589502305 4335.8898714667303 3345.0259324339568 4193.1494755881722 51.451008367352188 2284.8523760433309 312.28156198165379 677.44690342410468 574.79993811249733 5781.0503315021051 2240.8192585099023 1593.1977295207325 311.70780774782179 2315.6305706072599 634.35118411050644 294.30328613473102 415.89359849644825 2692.6118565250654 297.82892789505422 5580.1127838593675 199.69857559679076 934.84290285082534
leaf_count=141349 332 555685 23759 47582 11118 352 231647 30861 50109 31243 31844 19492 186 9529 1696 2250 1206 23709 8061 5333 1217 4788 2761 814 2148 14588 637 15048 970 27270
internal_value=-1.04665e-07 -0.000705164 -0.0012005 0.000358821 0.000982686 0.00179174 -0.00166754 0.000682499 0.000576107 -6.34541e-05 0.00064398 -0.000713661 0.00117429 -0.000293984 0.00280886 0.00504198 0.00133191 0.000994798 0.00165664 0.0012248 -0.000523701 0.00250594 0.00259985 0.00117899 0.00263158 0.00062285 0.00291785 0.000739647 -0.00419217 -0.00200668
internal_weight=121788 70919.8 48397.7 22522.1 50867.8 13755.6 38623.3 37112.2 35349.5 13976.7 9774.42 8529.04 8891.37 12835.5 1762.74 740.26 8640.22 21372.8 8021.87 9686.64 3656.73 2890.43 2227.55 1022.48 710.197 4977.46 4864.25 5749.79 251.15 25306.5
internal_count=1297584 1092564 871422 221142 205020 34305 814602 170715 163475 81596 56820 50735 22550 165466 7240 2582 21394 81879 31770 55676 33061 5994 8094 4658 2962 24117 11755 15400 1156 582955
is_linear=0
shrinkage=0.01


Tree=41
num_leaves=31
num_cat=0
split_feature=43 2 56 118 9 56 138 113 34 9 17 82 127 39 127 84 138 30 102 41 124 112 109 112 112 17 77 109 2 102
split_gain=823.66 334.342 385.071 122.939 120.034 87.6742 89.452 81.1294 70.4407 68.3116 67.5767 62.1352 61.5849 60.8589 104.543 85.7916 60.1048 103.822 65.7519 54.8056 52.868 61.2356 73.9438 56.9166 71.1614 54.9298 62.9019 52.5334 51.5282 51.3242
threshold=0.3585714285714286 -0.27718676122931435 0.43405797101449284 0.43908472479901062 -0.34150717703349281 0.47979591836734697 0.023268398268398275 3.2111111111111108 -0.41578014184397155 -0.2474489795918367 -0.47894503546099287 0.022474747474747484 0.010102040816326542 0.28024390243902447 -0.072172619047619055 0.025978407557354925 -0.45789007092198575 0.1588137472283814 0.04027027027027031 -0.4080338266384777 0.42153846153846164 77.392361111111128 0.37841832963784189 41.385416666666679 65.259027777777789 0.34045454545454551 0.47295321637426907 -0.019259259259259278 0.32630878438331862 0.34045454545454551
decision_type=2 2 2 2 2 2 2 2 2 2 2 2 2 2 2 2 2 2 2 2 2 2 2 2 2 2 2 2 2 2
left_child=1 4 9 5 -1 6 10 16 29 -3 12 -6 -2 15 -15 -9 17 -7 -18 -12 21 25 27 -22 -25 26 -5 -23 -8 -4
right_child=3 2 8 20 11 7 28 13 -10 -11 19 -13 -14 14 -16 -17 18 -19 -20 -21 23 22 -24 24 -26 -27 -28 -29 -30 -31
leaf_value=0.0011466461004149922 -0.00059172593461584682 -0.00079614464318771743 0.001198489685808653 8.2122821912421448e-05 -0.00090511878570862295 0.0075318002503978821 -3.9029828938572313e-05 0.0025296583632849041 -9.7401389070471246e-05 -0.0018518436138281556 0.0017364676043657838 0.00051684632269690582 0.0056838749505747901 0.0073384389318417384 -0.0032254036413510881 0.0069773069405527494 0.0044660028323976787 0.00035810409121718846 -0.00065166285166608695 0.00040428322915958618 0.0043829365330000022 0.0045846149359946289 0.0080339638796470374 -0.00074202745133242903 0.0036555147151954167 0.0014955686935328918 -0.0068961347303855211 -0.00074340820510411401 -0.0019762483641991334 0.0047303044785965906
leaf_weight=9512.553072506329 223.25386246619746 7717.8309838948771 3371.097986337496 1299.3679330546875 7681.7512223365484 316.01377711817622 4970.248849051306 1691.859950451646 5995.2385917177889 30529.982505707652 3703.8736896888586 5111.4158107726835 499.13876694068313 128.7334368377924 335.48068937892094 590.07116556912661 281.46962658222765 563.88996946066618 2251.3328029375989 18814.801830949844 1423.1374434494646 387.65594314411283 291.50301764998585 697.19211756018922 770.41460782394279 8926.3425704261754 142.12135768681765 347.54334064142313 1902.0415115824435 471.32155526953284
leaf_count=62295 663 142719 11244 4641 134862 590 27060 4007 44615 672280 15475 22811 1147 279 880 1252 687 1180 6154 99987 3312 913 638 1834 1851 22308 413 935 8439 1277
internal_value=-1.63296e-05 -0.000715777 -0.0011852 0.000957308 0.00029575 0.000647374 0.000424562 0.00173493 0.000578494 -0.00163911 0.000721121 -0.000336205 0.00373245 0.0030152 -0.000264921 0.00368668 0.000701209 0.00295148 -7.74533e-05 0.000623912 0.00174347 0.00143512 0.0037683 0.00295453 0.00156055 0.00120276 -0.000603259 0.00205478 -0.000576858 0.00163543
internal_weight=120949 70391.2 48085.5 50557.5 22305.7 36272.2 30113.4 6158.85 9837.66 38247.8 23241.1 12793.2 722.393 2746.15 464.214 2281.93 3412.71 879.904 2532.8 22518.7 14285.3 11394.5 1026.7 2890.74 1467.61 10367.8 1441.49 735.199 6872.29 3842.42
internal_count=1296748 1092103 872135 204645 219968 167800 152771 15029 57136 814999 117272 157673 1810 6418 1159 5259 8611 1770 6841 115462 36845 29848 2486 6997 3685 27362 5054 1848 35499 12521
is_linear=0
shrinkage=0.01


Tree=42
num_leaves=31
num_cat=0
split_feature=43 14 127 150 75 151 9 49 61 55 136 113 119 23 109 118 113 9 27 118 131 69 40 90 131 58 61 129 124 63
split_gain=815.188 362.879 261.678 129.019 117.123 90.7598 90.3717 85.5003 90.2624 84.5331 79.5804 72.8904 71.4576 64.801 68.0449 62.8355 64.2777 59.5846 58.0551 64.8809 58.0317 56.5744 55.1416 57.113 55.352 52.5397 48.0134 47.1506 45.6466 44.6642
threshold=0.3585714285714286 -0.3876262626262626 0.46333333333333337 0.014495798319327681 0.42052631578947375 -0.26429738562091498 -0.27664399092970515 0.43908472479901062 0.41751700680272114 0.40550595238095244 -0.34267676767676764 20.596527777777784 0.33503401360544227 0.47979591836734697 0.1526175687666371 0.39417693169092949 19.94027777777778 -0.36285266457680249 0.47646733111849393 0.47849213691026832 0.43257575757575761 0.30217391304347835 0.33752357008170969 1.0000000180025095e-35 -0.33503401360544216 0.45959183673469389 0.42940199335548179 0.064937068098072578 -0.47700845665961938 -0.22821969696969696
decision_type=2 2 2 2 2 2 2 2 2 2 2 2 2 2 2 2 2 2 2 2 2 2 2 2 2 2 2 2 2 2
left_child=1 17 3 -3 5 11 26 8 10 -8 -7 29 15 14 25 -6 -17 -1 21 -20 -16 -15 23 -4 -25 -14 -5 -24 -10 -2
right_child=4 2 22 6 12 7 9 -9 28 -11 -12 -13 13 18 20 16 -18 -19 19 -21 -22 -23 27 24 -26 -27 -28 -29 -30 -31
leaf_value=0.0013735788940412389 0.0032411739646453358 -0.0019441317132626516 -0.00025750126607611729 -0.00018410816669919825 0.00162102964655476 0.0016789440944466501 -0.0014001431118634059 -0.00094821437812228669 0.0083417486342134122 0.00020668052799451366 -0.00017911413429519112 -0.0052388484560396834 0.00084666888418478828 0.0015256370221364013 -0.00070761371554818099 0.004146806714677518 -0.0030045521920021067 8.5571195397933576e-05 -0.0012139297791445094 0.0025755199402793839 0.0022913443748312657 0.0047234993174776292 -0.00047374909891547453 0.0044730846743106087 0.0014481004824612568 0.0030135817978943998 0.0023007754636987544 -0.0085765567554615986 0.0015415982832550981 0.0012969841679934236
leaf_weight=6951.1081837597303 1678.4000661529135 18701.586006955593 1177.0776634904905 5440.8642435236834 3416.743575485656 2846.5252984765684 22002.046052107296 4443.5853295091074 100.33519177976996 3833.753053418186 12071.865170170902 146.58323039161041 3838.0526935181115 1012.2585498737171 3683.1911088082124 2244.5471145862248 130.80075103975832 7467.3661388242035 806.67895632237196 1018.3399412678555 780.65884045441635 1254.5706696584821 608.97104552923702 863.85137520218268 2076.1820207054261 1591.7641880719457 905.47942685271846 81.004400906153023 5472.0094898486277 4110.9441712131375
leaf_count=32544 6269 541277 14456 66190 9389 9896 315801 19579 244 30659 77060 901 10903 2101 11191 5166 309 66417 1851 2092 2131 2401 3727 3237 10288 3682 7153 493 17905 21876
internal_value=-7.78908e-06 -0.000706204 -0.00107234 -0.00128312 0.00095879 0.000573339 -0.000898642 0.000308257 0.000581254 -0.00116132 0.000174834 0.00168491 0.00155986 0.00117154 0.000732152 0.00249541 0.0037477 0.000707262 0.00223107 0.000895316 -0.000180507 0.0033012 0.00115657 0.00159616 0.00234153 0.00148418 0.00016916 -0.00145054 0.00166731 0.00186282
internal_weight=120757 70109.3 55690.8 50883.7 50647.9 30870.2 32182.1 24934.3 20490.7 25835.8 14918.4 5935.93 19777.6 13985.5 9893.67 5792.09 2375.35 14418.5 4091.85 1825.02 4463.85 2266.83 4807.09 4117.11 2940.03 5429.82 6346.34 689.975 5572.34 5789.34
internal_count=1297188 1092242 993281 961080 204946 153730 419803 124684 105105 346460 86956 29046 51216 36352 27907 14864 5475 98961 8445 3943 13322 4502 32201 27981 13525 14585 73343 4220 18149 28145
is_linear=0
shrinkage=0.01


end of trees

feature_importances:
close_ma6_ratio=48
close_ma720_ratio=46
fng_ma7=41
global_ls_ratio=35
macd=32
fng_value=30
ret_sharpe_168h=29
close_ma168_ratio=23
btc_vol_24h=23
fng_ma30=23
news_count_7d=22
ls_divergence=22
rsi_24=20
btc_ret_168h=19
vol_12h_cs_rank=19
btc_beta_168h=19
close_ma336_ratio=18
high_close_ratio=17
bb_width_20=17
close_ma48_ratio=15
gk_vol_48h=15
macd_signal=15
breadth_pct_positive=15
reversal_12v48=15
news_volume_zscore=15
rsi_14=14
market_dispersion=14
global_long_pct=14
ret_2h=13
close_ma12_ratio=13
vol_price_corr_48h=13
bb_high_20=13
fng_momentum=13
news_count_24h=13
top_ls_ratio=13
top_long_pct=13
funding_rate_binance=13
bb_width_48=12
cci_48=12
oi_value_usd=12
ret_48h=11
ret_std_168h=11
macd_diff=11
eth_ret_12h=11
eth_ret_24h=11
mom_accel_12h=11
news_sentiment_7d=11
market_news_count_24h=11
gk_vol_24h=10
ret_std_48h=10
ret_kurt_48h=10
ret_mean_48h=10
ret_sharpe_48h=10
ret_kurt_168h=10
bb_high_48=10
atr_24=10
ret_4h=9
ret_sharpe_24h=9
vol_price_corr_168h=9
btc_ret_12h=9
ret_skew_48h=8
rsi_12=8
regime_btc_dd_720=8
mom_12h_zscore=8
close_open_ratio=7
gk_vol_168h=7
bb_pband_48=7
atr_14=7
stoch_d=7
mom_7d=7
vol_trend_12_48=7
reversal_24v168=7
ret_skew_168h_cs=7
close_ma24_ratio=6
close_ma72_ratio=6
ret_kurt_24h=6
vwap_dev_48h=6
btc_ret_24h=6
ret_skew_168h=5
vol_price_corr_24h=5
bb_low_48=5
obv_ma_ratio_24=5
eth_btc_ret_24h=5
mom_3d=5
ret_skew_48h_cs=5
taker_cvd_24h=5
top_ls_change_24h=5
ret_1h=4
gk_vol_12h=4
ret_skew_24h=4
adx=4
obv_ma_ratio_12=4
mfi_14=4
eth_ret_1h=4
funding_rate=4
btc_beta_48h=4
news_sentiment_momentum=4
oi_change_24h=4
top_ls_zscore=4
ret_72h=3
ret_168h=3
vol_ma168_ratio=3
ret_std_24h=3
vol_mom_24h=3
btc_ret_1h=3
btc_ret_4h=3
ret_12h_cs_rank=3
news_sentiment_24h=3
market_news_sentiment_24h=3
oi_change_12h=3
taker_cvd_12h=3
vol_ma24_ratio=2
ret_mean_168h=2
bb_low_20=2
adx_neg=2
obv_ma_ratio_48=2
eth_ret_4h=2
btc_regime_24=2
regime_low_vol=2
regime_breadth_bullish=2
regime_composite=2
news_count_1h=2
oi_change_4h=2
oi_zscore_7d=2
oi_ret_interaction_12h=2
oi_change_12h_cs=2
ret_24h=1
vol_ma336_ratio=1
vol_ma720_ratio=1
ret_mean_24h=1
vwap_dev_12h=1
bb_pband_20=1
atr_48=1
btc_ret_48h=1
ret_vs_btc_24h=1
is_asian_session=1
range_expansion_12h=1
market_funding_std=1
reversal_4v24=1
dispersion_regime=1

parameters:
[boosting: gbdt]
[objective: lambdarank]
[metric: ndcg]
[tree_learner: serial]
[device_type: cpu]
[data_sample_strategy: bagging]
[data: ]
[valid: ]
[num_iterations: 5000]
[learning_rate: 0.01]
[num_leaves: 31]
[num_threads: 14]
[seed: 2024]
[deterministic: 0]
[force_col_wise: 0]
[force_row_wise: 0]
[histogram_pool_size: -1]
[max_depth: 6]
[min_data_in_leaf: 200]
[min_sum_hessian_in_leaf: 0.001]
[bagging_fraction: 0.7]
[pos_bagging_fraction: 1]
[neg_bagging_fraction: 1]
[bagging_freq: 1]
[bagging_seed: 4542]
[bagging_by_query: 0]
[feature_fraction: 0.5]
[feature_fraction_bynode: 1]
[feature_fraction_seed: 13336]
[extra_trees: 0]
[extra_seed: 29642]
[early_stopping_round: 0]
[early_stopping_min_delta: 0]
[first_metric_only: 0]
[max_delta_step: 0]
[lambda_l1: 1]
[lambda_l2: 1]
[linear_lambda: 0]
[min_gain_to_split: 0.01]
[drop_rate: 0.1]
[max_drop: 50]
[skip_drop: 0.5]
[xgboost_dart_mode: 0]
[uniform_drop: 0]
[drop_seed: 2449]
[top_rate: 0.2]
[other_rate: 0.1]
[min_data_per_group: 100]
[max_cat_threshold: 32]
[cat_l2: 10]
[cat_smooth: 10]
[max_cat_to_onehot: 4]
[top_k: 20]
[monotone_constraints: ]
[monotone_constraints_method: basic]
[monotone_penalty: 0]
[feature_contri: ]
[forcedsplits_filename: ]
[refit_decay_rate: 0.9]
[cegb_tradeoff: 1]
[cegb_penalty_split: 0]
[cegb_penalty_feature_lazy: ]
[cegb_penalty_feature_coupled: ]
[path_smooth: 0]
[interaction_constraints: ]
[verbosity: -1]
[saved_feature_importance_type: 0]
[use_quantized_grad: 0]
[num_grad_quant_bins: 4]
[quant_train_renew_leaf: 0]
[stochastic_rounding: 1]
[linear_tree: 0]
[max_bin: 255]
[max_bin_by_feature: ]
[min_data_in_bin: 3]
[bin_construct_sample_cnt: 200000]
[data_random_seed: 6648]
[is_enable_sparse: 1]
[enable_bundle: 1]
[use_missing: 1]
[zero_as_missing: 0]
[feature_pre_filter: 1]
[pre_partition: 0]
[two_round: 0]
[header: 0]
[label_column: ]
[weight_column: ]
[group_column: ]
[ignore_column: ]
[categorical_feature: ]
[forcedbins_filename: ]
[precise_float_parser: 0]
[parser_config_file: ]
[objective_seed: 12337]
[num_class: 1]
[is_unbalance: 0]
[scale_pos_weight: 1]
[sigmoid: 1]
[boost_from_average: 1]
[reg_sqrt: 0]
[alpha: 0.9]
[fair_c: 1]
[poisson_max_delta_step: 0.7]
[tweedie_variance_power: 1.5]
[lambdarank_truncation_level: 5]
[lambdarank_norm: 1]
[label_gain: ]
[lambdarank_position_bias_regularization: 0]
[eval_at: 1,2,3,4,5]
[multi_error_top_k: 1]
[auc_mu_weights: ]
[num_machines: 1]
[local_listen_port: 12400]
[time_out: 120]
[machine_list_filename: ]
[machines: ]
[gpu_platform_id: -1]
[gpu_device_id: -1]
[gpu_use_dp: 0]
[num_gpu: 1]

end of parameters

pandas_categorical:[]
