tree
version=v4
num_class=1
num_tree_per_iteration=1
label_index=0
max_feature_idx=11
objective=regression
feature_names=ret_12h ret_24h ret_48h residual_12h residual_24h mom_z_24h oi_chg_12h oi_chg_24h oi_zscore taker_cvd_12h taker_cvd_24h ls_divergence
feature_infos=[-0.47142857142857142:0.5] [-0.47142857142857142:0.5] [-0.47142857142857142:0.5] [-0.47142857142857142:0.5] [-0.47142857142857142:0.5] [-0.47142857142857142:0.5] [-0.47142857142857142:0.5] [-0.47142857142857142:0.5] [-0.47142857142857142:0.5] [-0.47142857142857142:0.5] [-0.47142857142857142:0.5] [-0.47142857142857142:0.5]
tree_sizes=5977 6263 6284 6232 6249 6285 6249 6245 6234 6255 6232 6245 6247 6300 6245 6233 6276 6251 6247 6186 6256 6204 6169 6256 6211 6229 6278 6201 6178 6239 6160 6198 6203 6224 6218 6204 6250 6171 6187 6152 6230 6224 6219 6219 6165 6173 6145 6181 6149 6202 6157 6158 6227 6155 6185 6270 6267 6189 6146 6182 6166 6171 6186 6128 6095 6180 6152 6238 6166 6156 6147 6136 6067 6098 6195 6133 6220 6199 6130 6100 6159 6010 6107 6020 6171 6058 6092 6039 6088 6101 6068 6001 6082 6145 6161 5965 6121 6098 6071 6168 6098

Tree=0
num_leaves=63
num_cat=0
split_feature=2 0 1 4 11 0 2 11 2 11 9 4 7 10 11 5 10 0 8 5 7 11 4 5 8 2 9 5 0 11 9 11 0 5 8 0 10 4 8 10 2 11 0 8 11 11 1 11 8 11 0 11 7 10 9 2 7 8 11 10 11 7
split_gain=167.463 32.1373 29.4623 15.6289 14.121 13.459 12.7989 14.2663 8.56696 7.81132 7.37837 6.90333 6.80502 6.67759 6.40455 7.24984 5.45286 5.31644 5.31608 5.41889 4.94272 4.67727 4.43992 4.31788 4.17465 4.16797 4.09233 4.04768 4.04436 3.95939 3.8157 3.7274 3.57306 3.48346 3.58395 3.47151 3.43763 3.38708 3.36845 3.36067 3.34673 3.32375 3.20221 3.1852 3.16638 3.20857 3.16606 3.00993 3.00344 3.00102 2.97527 2.93821 3.76817 2.86365 2.85527 2.7409 4.58308 3.53058 3.36995 3.26244 2.71652 2.71325
threshold=0.24217986314760512 0.40767045454545459 0.30151515151515157 -0.41302521008403353 0.14076246334310852 0.13961038961038966 0.44028520499108742 0.1885775862068966 0.41302521008403364 -0.24642857142857141 0.33602150537634418 0.45529953917050697 0.23030303030303031 0.24239631336405534 0.15571120689655174 -0.21320346320346317 0.28456439393939398 0.41926406926406928 -0.3461174242424242 0.46922348484848492 0.44028520499108742 0.40767045454545459 0.34611742424242431 -0.46114369501466274 -0.073593073593073585 -0.44028520499108731 -0.442016806722689 0.41042780748663105 0.4781385281385282 -0.02332657200811358 -0.096874999999999975 -0.078201368523949141 -0.3507130124777183 0.47100840336134459 0.015640273704789823 -0.33847248576850092 0.40473790322580649 -0.35504201680672259 0.24239631336405534 -0.41042780748663094 0.32085561497326209 0.45418719211822667 -0.39858260019550334 0.46922348484848492 -0.46609195402298847 -0.47014260249554363 -0.37321428571428567 0.46720430107526889 -0.36436781609195396 -0.26568627450980387 0.43844696969696978 -0.090992647058823525 0.47100840336134459 -0.44028520499108731 0.34611742424242431 0.40473790322580649 0.43844696969696978 -0.08342602892102334 0.48571428571428577 -0.33095238095238094 0.34611742424242431 0.43844696969696978
decision_type=2 2 2 2 2 2 2 2 2 2 2 2 2 2 2 2 2 2 2 2 2 2 2 2 2 2 2 2 2 2 2 2 2 2 2 2 2 2 2 2 2 2 2 2 2 2 2 2 2 2 2 2 2 2 2 2 2 2 2 2 2 2
left_child=2 6 3 23 8 9 11 30 49 24 12 14 27 39 22 -16 -17 32 -9 20 -20 -21 40 -1 -5 46 -22 -7 -15 48 -8 50 -4 34 37 43 -34 -11 -28 -6 -2 -36 -40 -32 45 -26 -25 -18 -27 61 -12 52 54 -39 -10 -41 57 -57 -58 -60 -14 -3
right_child=1 4 17 5 13 10 7 18 51 33 31 -13 60 28 15 16 47 -19 19 21 26 -23 -24 25 44 29 38 -29 -30 -31 35 -33 36 -35 41 -37 -38 53 42 55 -42 -43 -44 -45 -46 -47 -48 -49 -50 -51 -52 -53 -54 -55 -56 56 58 -59 59 -61 -62 -63
leaf_value=0.014260592517114246 0.014674425825103664 0.013257082178502064 0.013329871970188175 0.015638162449676595 0.014953209503767753 0.015100802386277687 0.01266010821798859 0.016887878314589752 0.012396080062909631 0.014875786046847113 0.014969637874755554 0.013457825185235328 0.014474289080529178 0.013618022744074375 0.013926358163416195 0.0150558403867767 0.014349061003531104 0.013782639539438793 0.014312159825912515 0.01414755052357536 0.0096607039604282036 0.016226457035000415 0.01394223435370833 0.015423831095424098 0.015458148956499568 0.016199373695307481 0.010610008392692598 0.016558996347872959 0.012090786001699855 0.01430210720699349 0.014175204588949917 0.014134719441502189 0.014672342433762874 0.018013943870065937 0.014975149045918384 0.013300124601716935 0.013725913231828826 0.014658101444046922 0.011868917177788431 0.014463620492121144 0.014234969924515945 0.015758805563589669 0.014198324303079286 0.017508753233521239 0.015188975950838008 0.016774591993339603 0.013168417625473184 0.01223148659119605 0.014832528422111408 0.013810399972169448 0.012563278251875806 0.012161087812624861 0.014312555284933845 0.015306735711476588 0.014800862470630579 0.014617868747102223 0.013980711830454396 0.013069205629452766 0.018251558104687451 0.014833113089300852 0.015320768219414064 0.011385414321223267
leaf_weight=19338 32988 3904 2169 53394 3934 83923 7447 720 4587 21237 10377 5833 24245 4748 7846 38200 6417 11362 11928 1815 293 2100 18925 10431 6154 1703 360 1748 2326 15688 1221 15202 35531 381 103778 6599 3825 6390 684 8859 29584 5110 2368 326 52807 2285 591 666 9588 12249 483 7595 1566 147963 492 1601 9576 7687 287 1970 3970 849
leaf_count=19338 32988 3904 2169 53394 3934 83923 7447 720 4587 21237 10377 5833 24245 4748 7846 38200 6417 11362 11928 1815 293 2100 18925 10431 6154 1703 360 1748 2326 15688 1221 15202 35531 381 103778 6599 3825 6390 684 8859 29584 5110 2368 326 52807 2285 591 666 9588 12249 483 7595 1566 147963 492 1601 9576 7687 287 1970 3970 849
internal_value=0.0147829 0.0141206 0.0150363 0.0150964 0.0135877 0.0151465 0.014339 0.0138331 0.0131072 0.0152352 0.0148933 0.0144681 0.0149975 0.0139539 0.0145119 0.0147682 0.0149141 0.0143576 0.014358 0.0142647 0.0140148 0.0152628 0.0143449 0.0146255 0.0154443 0.0148112 0.0130578 0.0151306 0.0131155 0.0146104 0.013151 0.0144379 0.014515 0.015151 0.0151472 0.0135999 0.0145803 0.015231 0.0133509 0.0141288 0.0144666 0.0150119 0.0136755 0.014879 0.0152752 0.0158148 0.0153028 0.0141496 0.0150388 0.013562 0.0148624 0.0125644 0.0130256 0.0152799 0.012629 0.0140207 0.0138349 0.0133361 0.0142265 0.0152691 0.0145934 0.0129221
internal_weight=898223 248550 649673 596786 72230 539447 176320 35861 31242 399499 139948 140459 113886 40988 134626 53129 45283 52887 20268 19548 15633 3915 81497 57339 114640 38001 3705 85671 7074 26979 15593 26062 41525 284859 284478 8146 39356 175590 3412 33914 62572 108888 3052 1547 61246 8439 11022 7083 11291 17002 10860 14240 6645 154353 5079 29980 21121 9288 11833 2257 28215 4753
internal_count=898223 248550 649673 596786 72230 539447 176320 35861 31242 399499 139948 140459 113886 40988 134626 53129 45283 52887 20268 19548 15633 3915 81497 57339 114640 38001 3705 85671 7074 26979 15593 26062 41525 284859 284478 8146 39356 175590 3412 33914 62572 108888 3052 1547 61246 8439 11022 7083 11291 17002 10860 14240 6645 154353 5079 29980 21121 9288 11833 2257 28215 4753
is_linear=0
shrinkage=1


Tree=1
num_leaves=63
num_cat=0
split_feature=1 0 11 4 1 4 11 10 0 3 9 0 9 0 10 5 1 6 0 11 7 11 5 5 1 10 10 6 5 7 10 6 11 4 10 11 5 11 7 11 3 5 3 5 4 7 11 11 5 5 11 9 0 6 7 3 5 10 11 3 4 4
split_gain=144.055 27.5505 19.6855 15.6688 14.9883 11.0813 8.73891 8.04034 7.44361 6.29155 6.27631 5.28029 3.67578 3.74282 3.65855 3.65622 4.45575 3.62862 3.88755 3.50201 3.43092 3.53003 3.36301 3.21675 3.22101 3.15186 3.05688 3.13362 3.05272 2.92761 3.43933 2.91211 2.85544 3.16782 3.6404 2.81311 3.67587 2.65061 2.60141 2.82617 2.58633 2.55217 2.61021 2.4819 2.47407 2.47261 2.41873 3.19831 2.35263 2.35102 4.18783 3.11035 2.32527 2.59809 2.32479 2.17425 2.4486 2.17255 2.66638 2.64687 2.09246 2.07489
threshold=0.37689393939393945 0.25357142857142861 0.23861480075901334 -0.38057040998217462 0.1566964285714286 0.45529953917050697 -0.30322580645161284 0.15571120689655174 0.41926406926406928 0.42488479262672812 0.37689393939393945 0.47014260249554374 -0.30947580645161282 0.40473790322580649 -0.16190476190476188 -0.46114369501466274 -0.37689393939393934 -0.44028520499108731 0.057983193277310947 -0.30947580645161282 0.20294117647058826 0.40161290322580651 0.38057040998217473 0.44028520499108742 0.29099821746880572 -0.41042780748663094 -0.46720430107526878 -0.10948191593352884 0.092329545454545484 0.1566964285714286 -0.44028520499108731 0.26568627450980398 0.38057040998217473 -0.442016806722689 -0.25809822361546492 0.41302521008403364 0.2573593073593074 -0.16190476190476188 -0.4499999999999999 0.3550420168067227 -0.32605042016806712 0.39858260019550346 -0.26806722689075629 0.42535650623885923 0.32605042016806729 0.073593073593073613 -0.46824596774193544 -0.47014260249554363 0.10948191593352886 -0.26114081996434929 0.11527514231499054 0.25809822361546503 -0.43202764976958524 -0.43844696969696967 0.31534090909090917 0.21651785714285718 0.38057040998217473 0.3550420168067227 0.46922348484848492 0.47100840336134459 0.12678571428571431 0.47014260249554374
decision_type=2 2 2 2 2 2 2 2 2 2 2 2 2 2 2 2 2 2 2 2 2 2 2 2 2 2 2 2 2 2 2 2 2 2 2 2 2 2 2 2 2 2 2 2 2 2 2 2 2 2 2 2 2 2 2 2 2 2 2 2 2 2
left_child=1 3 5 15 6 9 46 12 10 14 20 22 35 41 44 26 -17 37 29 -11 38 55 -9 24 28 -15 27 -1 -6 30 -19 -13 33 34 -10 -4 61 -8 39 -3 -26 -14 -43 -35 -2 -38 47 -5 -20 50 51 -32 -24 -54 -21 -22 -57 58 -33 -59 -27 -37
right_child=2 8 7 4 23 -7 17 11 32 19 -12 31 13 25 -16 16 -18 18 48 54 21 -23 52 -25 40 60 -28 -29 -30 -31 49 57 -34 43 -36 36 45 -39 -40 -41 -42 42 -44 -45 -46 -47 -48 -49 -50 -51 -52 -53 53 -55 -56 56 -58 59 -60 -61 -62 -63
leaf_value=-0.003428658748910466 -0.00014370086914080164 -0.0016542057425488026 -0.0011648704204513744 0.00071543737005008387 -0.00032323212315456447 -0.0017766882402748476 0.00077842582624808115 -0.0016116746795126655 -0.0074488430330777499 -0.0026380544583978127 -0.00067876359361433616 1.708932387519072e-05 -0.00023622169844087911 0.0014947234890834709 -0.00056541444457062508 9.3253419390089371e-05 -0.00056948317705181621 -0.00017464157218118219 7.2572624595647876e-05 -0.00086794008010849437 0.00041077057438673357 0.00055884175662976527 -0.0040797069791474704 0.00092623837040855248 -0.0010069898752030448 -0.004538358220769821 -0.00037327440439428042 -4.9616241421319771e-05 0.00015934902021881822 0.00021432666492282617 0.00034421057918357725 -0.0024608967327913625 -5.3432333808204601e-05 -0.00092500473901424097 -0.00094822733747260536 -0.0014420009872074327 0.0016322816652206877 -0.0002790260296880679 0.00011826863483455861 0.00092116409783378429 -0.00018445095470219635 -0.00079302153146126007 0.00080319713487232648 0.00047691848831345998 -0.0013710938733477547 -0.00026956257497169676 0.000579599847765904 0.0016674314447588249 0.00049026260447542836 0.00055625831384236313 -1.150402475557657e-05 0.0010335463749514505 0.0028493484268916872 -0.00040493909420865091 -0.0017284736625420921 -0.00058084099239626792 0.00025565053788490036 -0.007338044774718582 -0.00026339519590908787 -0.0028746759905486246 -0.00047776007739636198 -0.0054766885152247808
leaf_weight=605 1716 1470 6662 10889 14416 23758 2517 2836 140 2193 15937 542 5915 739 23837 58316 10824 7390 62142 5285 2763 3974 148 3265 3950 114 21779 417 64929 58254 19829 1685 4692 16874 173 438 709 13966 65487 518 26630 1065 6832 1218 10669 4609 73820 4485 15081 123130 20869 8381 228 6166 6080 24114 3622 134 705 1091 17046 155
leaf_count=605 1716 1470 6662 10889 14416 23758 2517 2836 140 2193 15937 542 5915 739 23837 58316 10824 7390 62142 5285 2763 3974 148 3265 3950 114 21779 417 64929 58254 19829 1685 4692 16874 173 438 709 13966 65487 518 26630 1065 6832 1218 10669 4609 73820 4485 15081 123130 20869 8381 228 6166 6080 24114 3622 134 705 1091 17046 155
internal_value=-9.82103e-10 0.000157238 -0.000917962 0.00024258 0.000304867 -0.00124361 0.000387307 -0.00050377 -0.000221632 -0.000989159 -0.00012514 -0.00114365 -0.000308174 -0.000136062 -0.00078278 -0.000119149 -1.0506e-05 0.000316393 0.000339093 -0.00154043 -3.85886e-05 -0.000282067 -0.000749009 -1.58265e-06 -2.9149e-05 -0.000422357 -0.000448576 -0.00205133 7.16671e-05 0.000399137 0.000459079 -0.00203356 -0.000714093 -0.000882504 -0.00387031 -0.000742222 -0.000265759 -0.000117513 8.58072e-05 -0.000983033 -0.000290727 0.000234952 0.000587856 -0.000830603 -0.00120106 -1.5748e-05 0.000650909 0.000993249 0.000154149 0.000486275 0.000310693 0.000549037 -0.000374849 -0.000288469 -0.00132842 -0.000391652 -0.0004716 -0.00234093 -0.00181306 -0.0033685 -0.000504999 -0.00250404
internal_weight=898223 766866 131357 625884 533943 73538 420753 57819 140982 49780 117885 13535 44284 31711 36222 91941 69140 331559 315076 13558 101948 34473 9378 113190 109925 17899 22801 1022 79345 237853 179599 4157 23097 18405 313 12573 5911 16483 67475 1988 30580 13812 7897 18092 12385 5318 89194 15374 77223 172209 49079 28210 6542 6394 11365 30499 27736 3615 2390 1225 17160 593
internal_count=898223 766866 131357 625884 533943 73538 420753 57819 140982 49780 117885 13535 44284 31711 36222 91941 69140 331559 315076 13558 101948 34473 9378 113190 109925 17899 22801 1022 79345 237853 179599 4157 23097 18405 313 12573 5911 16483 67475 1988 30580 13812 7897 18092 12385 5318 89194 15374 77223 172209 49079 28210 6542 6394 11365 30499 27736 3615 2390 1225 17160 593
is_linear=0
shrinkage=0.03


Tree=2
num_leaves=63
num_cat=0
split_feature=1 3 0 5 11 8 11 1 11 11 9 0 8 0 10 6 6 10 8 11 7 1 10 6 11 5 1 8 10 10 11 1 1 1 5 5 8 11 11 9 8 10 6 10 10 11 5 1 7 10 8 11 8 11 10 10 10 1 5 1 9 7
split_gain=135.793 21.0391 19.1064 14.6578 13.067 10.7446 10.6657 10.4794 7.19648 6.94796 6.49118 6.025 5.41384 5.52453 5.23956 5.45518 4.93461 4.14019 4.11256 4.37422 4.20041 3.74912 4.13488 3.72999 3.32581 3.13714 3.08449 3.08225 2.98657 2.77666 2.95151 2.7598 2.72247 2.6378 4.42791 3.28334 2.62577 3.62671 3.52101 2.60341 2.64425 2.57971 2.4484 2.51858 2.40571 2.36002 2.3193 2.23102 2.31471 2.22581 2.19709 2.59037 2.17311 2.16206 2.64107 3.44197 2.15798 2.14889 2.14419 2.13403 2.12996 2.12541
threshold=0.30151515151515157 0.436491935483871 0.25357142857142861 -0.41302521008403353 0.10948191593352886 0.015640273704789823 0.24642857142857147 0.44870129870129877 -0.087221095334685597 -0.442016806722689 0.38403361344537817 -0.442016806722689 -0.096874999999999975 0.41926406926406928 0.24239631336405534 0.21651785714285718 -0.41042780748663094 0.1815668202764977 0.17694497153700192 0.10303030303030304 0.21198156682027655 0.38057040998217473 -0.16190476190476188 -0.44028520499108731 0.48571428571428577 -0.47100840336134447 -0.43202764976958524 -0.14076246334310846 -0.26904761904761904 0.33602150537634418 0.21198156682027655 -0.23861480075901326 -0.10948191593352884 0.028991596638655474 -0.12678571428571425 0.044155844155844122 0.014718614718614688 -0.046920821114369508 -0.30947580645161282 -0.33095238095238094 -0.43844696969696967 0.36881720430107534 -0.41042780748663094 0.43844696969696978 -0.41302521008403353 0.41302521008403364 0.41042780748663105 0.16190476190476191 -0.40767045454545447 -0.24239631336405529 0.38403361344537817 -0.31534090909090901 -0.41042780748663094 0.48571428571428577 -0.34122983870967738 -0.442016806722689 -0.34122983870967738 -0.47014260249554363 0.38057040998217473 0.4781385281385282 -0.096874999999999975 0.45418719211822667
decision_type=2 2 2 2 2 2 2 2 2 2 2 2 2 2 2 2 2 2 2 2 2 2 2 2 2 2 2 2 2 2 2 2 2 2 2 2 2 2 2 2 2 2 2 2 2 2 2 2 2 2 2 2 2 2 2 2 2 2 2 2 2 2
left_child=2 6 3 18 36 8 7 21 32 -7 12 -8 46 58 53 -16 28 39 19 25 24 42 -23 57 56 -1 -15 60 50 45 -31 -29 -5 34 -25 -35 52 38 -38 40 -13 -40 -2 -44 -26 47 -4 48 -18 -46 51 -11 -3 -6 55 -55 -21 -10 -14 -56 -27 -24
right_child=1 4 10 5 14 9 11 -9 23 16 -12 17 13 26 15 -17 29 -19 -20 20 -22 22 61 33 44 27 -28 31 -30 30 -32 -33 -34 35 -36 -37 37 -39 41 -41 -42 -43 43 -45 49 -47 -48 -49 -50 -51 -52 -53 -54 54 59 -57 -58 -59 -60 -61 -62 -63
leaf_value=-0.00053061231186442878 -0.0013928818803101617 -0.0031300734213891099 0.00017287695458891879 0.0007179476369403411 -0.00076415755314805656 0.00083885077436850707 -0.0018878943551537757 -0.0015729408631054891 0.0024308144044342911 -0.0033474093394492296 -0.00079265567283618376 0.0029080286990073594 -0.00018053080211931732 -0.0035484484218969146 0.00019347006155962453 -0.0020150318169944075 -0.00049075856325934834 -0.00060438983898272486 -0.00058998887102438137 0.00034836023715532975 0.00145821760530493 -0.0012938462669313906 -0.00067088047341538892 0.0002666736972706145 -0.0054977607173936262 0.00021344799244759556 -0.00079594294286388658 -0.00016414984230974936 -0.00016301837452874007 5.4466970299387255e-05 -0.00059094619457590754 0.0020520435821134038 0.00045193979890024777 -0.00028882095269309929 0.00066210774397173751 0.00028511718943478734 -0.0023717269858165315 -0.002434547422545594 -0.0014103018131443391 0.00025724995337014702 -0.00049347882357990739 0.00031615797771027306 -0.00024919789892231879 -0.0012262877650234517 0.00096860827929450303 0.00058266609888884115 0.0017922296037662137 -7.7126838821166003e-05 0.00024273903713629318 -0.0022610382015009283 -0.0025704420389240389 -0.00049196274078777507 -0.00096219501256171729 -0.0017993983105719369 -0.0012641956011099553 0.0024018564162416505 -0.00051474390648041776 -0.00028658463006196613 0.00062692991553410298 0.00031272425366812943 0.0010482502682662941 0.00031648014913773358
leaf_weight=4029 2006 454 34186 67068 26873 12462 1665 10798 267 318 13393 211 49766 380 1240 5343 3997 9329 16517 3164 1079 10648 18041 71228 153 4608 9642 8426 9814 29144 8162 537 71606 11959 39686 35892 3417 7060 7005 25059 6919 876 34291 2550 253 13310 814 27784 123007 790 779 2764 4912 232 1483 712 14796 11536 3146 1610 6826 2201
leaf_count=4029 2006 454 34186 67068 26873 12462 1665 10798 267 318 13393 211 49766 380 1240 5343 3997 9329 16517 3164 1079 10648 18041 71228 153 4608 9642 8426 9814 29144 8162 537 71606 11959 39686 35892 3417 7060 7005 25059 6919 876 34291 2550 253 13310 814 27784 123007 790 779 2764 4912 232 1483 712 14796 11536 3146 1610 6826 2201
internal_value=-2.41714e-09 -0.000724421 0.000187819 0.000254591 -0.00117931 0.000304383 -0.00049933 -0.000703297 0.000420092 0.000149842 -0.000173225 -0.00011893 -8.85072e-05 -0.000254847 -0.000830618 -0.00159906 0.000110645 -4.79454e-05 -0.000185542 -3.59548e-05 -0.000362144 -0.000568622 -0.000815296 0.000289598 -0.00046475 0.000234271 -0.000900652 0.000385376 -0.000441143 0.000147383 -8.67519e-05 -3.1157e-05 0.000580596 0.00032785 0.000408168 0.000141675 -0.00173031 -0.00190099 -0.00156738 0.000113337 -0.000392423 -0.00121838 -0.000372459 -0.00031686 -0.00199591 0.000199345 0.000210589 0.00016638 0.000219651 -0.00147745 -0.00114786 -0.000787577 -0.00114616 -0.000666914 -1.95651e-05 0.00136853 -0.000362681 -0.000224913 -0.00013251 -0.000443525 0.000711866 -0.00056351
internal_weight=898223 184935 713288 601961 61217 540783 123718 80535 309242 231541 111327 43183 97934 62934 37493 6583 219079 41518 61178 44661 20235 69737 30890 170568 19156 24426 10022 20397 13675 205404 37306 8963 138674 158765 110914 47851 23724 18358 11298 32189 7130 7881 38847 36841 1196 168098 35000 154788 127004 1043 3861 3082 5366 30910 4037 944 17960 11803 52912 3093 11434 20242
internal_count=898223 184935 713288 601961 61217 540783 123718 80535 309242 231541 111327 43183 97934 62934 37493 6583 219079 41518 61178 44661 20235 69737 30890 170568 19156 24426 10022 20397 13675 205404 37306 8963 138674 158765 110914 47851 23724 18358 11298 32189 7130 7881 38847 36841 1196 168098 35000 154788 127004 1043 3861 3082 5366 30910 4037 944 17960 11803 52912 3093 11434 20242
is_linear=0
shrinkage=0.03


Tree=3
num_leaves=63
num_cat=0
split_feature=4 3 11 4 4 8 11 0 0 9 10 0 7 7 6 6 11 6 11 5 11 5 11 8 7 8 11 7 8 10 11 10 6 8 0 8 7 8 11 8 4 8 7 9 8 10 3 9 3 9 0 11 10 11 7 8 10 10 10 8 0 0
split_gain=119.307 24.4954 18.6437 15.7144 13.7971 11.9247 8.63917 8.51912 7.69171 6.68139 5.9771 5.89783 5.48809 5.52785 4.35058 4.11941 3.85881 3.77331 3.66475 3.4009 3.36168 3.35804 3.34163 3.27304 3.27084 4.24463 3.8468 3.20579 2.98597 3.00704 2.90801 2.73665 3.06844 2.73185 2.63139 3.39777 2.62383 2.54996 3.24337 3.39784 2.4929 2.46656 2.71112 2.44634 2.44424 3.49929 2.59491 2.39523 2.34979 2.8309 2.33845 2.33772 2.30372 2.30168 2.43213 3.00778 2.26854 2.25184 2.20779 2.1997 2.18425 2.51347
threshold=0.34611742424242431 0.23128342245989311 0.24239631336405534 -0.38057040998217462 0.45529953917050697 0.23431372549019611 -0.30322580645161284 0.40767045454545459 0.43097722960151807 0.35960591133004927 0.15571120689655174 -0.442016806722689 0.23030303030303031 -0.46133004926108367 -0.44028520499108731 -0.030330882352941176 0.35071301247771841 -0.38403361344537806 -0.30947580645161282 -0.46114369501466274 -0.016685205784204651 0.33602150537634418 -0.43440860215053761 1.0000000180025095e-35 0.48571428571428577 0.47014260249554374 0.48571428571428577 -0.442016806722689 -0.23431372549019605 -0.16190476190476188 -0.16190476190476188 -0.46720430107526878 -0.10948191593352884 0.39827586206896559 0.36038961038961043 -0.078201368523949141 -0.16190476190476188 0.436491935483871 0.1885775862068966 -0.050055617352614011 0.21198156682027655 0.32085561497326209 0.45418719211822667 0.23861480075901334 0.47014260249554374 0.078201368523949225 0.44201680672268912 0.32555780933062883 0.38403361344537817 0.12678571428571431 -0.074643493761140808 0.41042780748663105 0.48571428571428577 -0.4226600985221674 -0.35504201680672259 0.25378787878787884 -0.096874999999999975 0.20294117647058826 -0.44028520499108731 -0.38057040998217462 0.43097722960151807 -0.46922348484848481
decision_type=2 2 2 2 2 2 2 2 2 2 2 2 2 2 2 2 2 2 2 2 2 2 2 2 2 2 2 2 2 2 2 2 2 2 2 2 2 2 2 2 2 2 2 2 2 2 2 2 2 2 2 2 2 2 2 2 2 2 2 2 2 2
left_child=1 3 4 19 8 6 -5 11 28 12 -9 -4 13 37 20 -12 48 -7 -10 31 -8 -13 -19 58 25 -23 47 -15 -2 -30 -11 32 -1 60 -29 -36 -35 38 -3 40 -40 -20 -43 -24 45 -44 -46 -27 -14 -50 52 -26 57 -21 55 -55 -18 -25 -16 -17 61 -6
right_child=2 9 7 5 33 17 14 10 18 30 15 21 16 27 23 59 56 22 41 53 -22 24 43 50 51 26 -28 34 29 -31 -32 -33 -34 36 35 -37 -38 -39 39 -41 -42 42 44 -45 46 -47 -48 -49 49 -51 -52 -53 -54 54 -56 -57 -58 -59 -60 -61 -62 -63
leaf_value=-0.0033142515144536804 -9.5840818710134535e-05 -0.002028721128618799 -0.0018231377771250673 0.00066075005813533768 -0.0046268447462314791 -0.00063989363805825098 0.00044919235825488307 -0.00048103617921412646 -0.002366121052352638 -0.0001309212156458312 0.0007146524816052988 -0.00047008167462373601 -0.00040254594019394774 0.0017122373631542139 -6.0190182521793982e-05 0.0026181602820962947 0.00092981493090218438 0.00064322490598067771 -0.00082826074010428335 0.00071484808382058103 -0.00045197603439326735 0.00023535327220956679 0.00012589592418600507 0.00044331514436936098 -0.001659267868084199 0.00066798647946734308 0.0044746546586783556 0.00015237566129084102 -0.0010828807744427855 -0.00054785743213023384 -0.00093893477526401834 -0.00036380913146722219 3.1647074041325307e-05 0.0023617025180559218 0.00019132054427878494 -0.00050339739369986984 -0.0013520532499104675 -0.0051300955927741001 0.0021018880233998152 -0.001684079398166469 -0.0027959939375445668 -0.0020345995422721853 0.00022491432559410376 -0.00020882276664664555 -0.0029885392990368215 -0.0041771696932119086 0.0015875490211891298 0.0043068606550609656 -0.0013708439131707166 -0.00017901583603696563 3.5765848248097197e-05 9.0099783475504409e-05 0.0015883315027568493 -0.00017610430278228661 8.1654052648376193e-05 -0.0012382481191835757 -0.00026290904231447725 -1.9088949104529202e-05 0.00042614916056052588 -0.0017193189226948906 -0.0023151914918435731 -0.0014249754522933295
leaf_weight=605 8138 1475 1557 81289 228 7061 5557 25608 2770 5603 729 7826 19983 1041 8768 106 2591 8594 7927 3704 11299 18683 65233 31445 1282 1481 363 56716 14038 28968 14090 21775 416 173 10913 15105 11208 145 627 587 109 4164 349 28123 137 303 581 182 5780 2601 44787 1481 1292 20539 42345 2716 3215 13568 200476 6930 6607 6231
leaf_count=605 8138 1475 1557 81289 228 7061 5557 25608 2770 5603 729 7826 19983 1041 8768 106 2591 8594 7927 3704 11299 18683 65233 31445 1282 1481 363 56716 14038 28968 14090 21775 416 173 10913 15105 11208 145 627 587 109 4164 349 28123 137 303 581 182 5780 2601 44787 1481 1292 20539 42345 2716 3215 13568 200476 6930 6607 6231
internal_value=-3.22041e-09 0.000159766 -0.000748225 0.000243333 -0.00102494 0.00030876 0.00038482 -0.000364561 -0.000803404 -0.000196652 -0.000702152 -2.16358e-05 -0.000113175 1.37109e-05 0.000314104 -0.00143121 -0.000435181 3.07246e-05 -0.00137239 -0.000117185 -0.000154874 6.804e-05 7.71771e-05 0.000340425 0.000247472 0.000376834 0.00168075 5.8611e-05 -0.000622808 -0.000722521 -0.000709059 -0.000435037 -0.00195229 -0.00163543 3.77838e-05 -0.000212008 -0.0012954 -0.00126399 -0.00106188 1.67581e-05 0.00137371 -0.00116774 -0.00165379 2.50625e-05 -0.0004957 -0.0018241 0.000711454 0.00106858 -0.000579416 -0.00100103 0.000190323 -0.000721893 0.000339809 -1.26292e-05 -5.37153e-05 -0.000300202 0.000269427 0.000303938 0.00040577 -0.00165361 -0.00193149 -0.0015387
internal_weight=898223 740173 158050 599592 91822 507492 398481 66228 67375 140581 33373 32855 120888 86718 317192 7765 34170 109011 16231 92100 16856 31298 101950 300336 23472 20709 2026 83775 51144 43006 19693 22796 1021 24447 82734 26018 11381 2943 2798 1323 736 13461 5534 93356 1370 652 718 1663 28364 8381 91092 2763 46305 69304 65600 23255 5806 45013 209244 7036 13066 6459
internal_count=898223 740173 158050 599592 91822 507492 398481 66228 67375 140581 33373 32855 120888 86718 317192 7765 34170 109011 16231 92100 16856 31298 101950 300336 23472 20709 2026 83775 51144 43006 19693 22796 1021 24447 82734 26018 11381 2943 2798 1323 736 13461 5534 93356 1370 652 718 1663 28364 8381 91092 2763 46305 69304 65600 23255 5806 45013 209244 7036 13066 6459
is_linear=0
shrinkage=0.03


Tree=4
num_leaves=63
num_cat=0
split_feature=2 0 0 11 5 2 11 11 2 2 11 5 10 7 4 3 4 9 10 8 5 7 9 11 9 3 3 9 2 8 11 11 9 10 2 11 0 0 9 8 8 8 7 11 2 4 2 2 0 5 11 11 7 5 5 3 4 5 9 8 11 2
split_gain=141.427 24.2789 21.3674 11.6692 11.5686 11.1857 12.5587 10.3935 7.67957 7.23755 6.15532 5.90471 5.74404 5.717 5.65937 5.23022 5.98948 5.616 5.22359 4.95923 4.97275 4.56084 4.3911 4.30746 4.25734 3.85051 3.79914 3.76202 3.65455 3.58368 4.69291 3.49086 3.48453 3.38775 3.26163 4.76484 3.25833 3.2313 3.17645 3.14467 3.05646 3.03607 2.96499 2.94737 3.11421 2.91402 4.30396 2.87197 2.82211 2.78084 2.77801 2.71427 3.55849 2.67402 3.05753 2.82478 2.65974 2.64864 2.64301 2.639 4.19947 3.55259
threshold=0.24217986314760512 0.40473790322580649 0.37321428571428578 0.14076246334310852 -0.442016806722689 0.44028520499108742 0.1885775862068966 -0.23861480075901326 0.41302521008403364 -0.037053571428571429 0.15111561866125764 -0.21320346320346317 0.34122983870967749 0.29705882352941182 0.34122983870967749 0.14611005692599624 0.32085561497326209 0.35960591133004927 0.18660714285714289 -0.3461174242424242 0.46922348484848492 0.44028520499108742 0.44201680672268912 0.40767045454545459 0.32085561497326209 0.23128342245989311 -0.26114081996434929 -0.442016806722689 -0.47014260249554363 -0.096874999999999975 -0.46922348484848481 0.48571428571428577 -0.096874999999999975 -0.41042780748663094 0.40473790322580649 0.47100840336134459 -0.33847248576850092 -0.44028520499108731 -0.23431372549019605 0.24239631336405534 0.23861480075901334 0.46922348484848492 0.27346041055718479 0.47100840336134459 -0.21651785714285712 -0.38057040998217462 -0.44028520499108731 0.47100840336134459 -0.39858260019550334 -0.13435828877005343 -0.26568627450980387 -0.090992647058823525 0.47100840336134459 0.47100840336134459 0.096875000000000003 0.38403361344537817 -0.442016806722689 0.41042780748663105 0.34611742424242431 0.03229166666666667 0.45418719211822667 -0.35504201680672259
decision_type=2 2 2 2 2 2 2 2 2 2 2 2 2 2 2 2 2 2 2 2 2 2 2 2 2 2 2 2 2 2 2 2 2 2 2 2 2 2 2 2 2 2 2 2 2 2 2 2 2 2 2 2 2 2 2 2 2 2 2 2 2 2
left_child=2 5 4 8 56 10 32 9 50 28 14 -12 33 24 25 16 45 42 37 -8 21 -21 47 -22 -4 40 49 -23 -6 -30 -31 -20 -7 53 -35 -36 41 -13 -11 -29 -2 -34 57 -15 -45 46 -9 -14 -41 -18 -3 52 58 54 -5 -56 -1 -17 -10 -47 -61 -62
right_child=1 3 13 12 7 6 19 15 51 38 11 18 22 43 -16 17 26 -19 31 20 23 27 -24 -25 -26 -27 -28 39 29 30 -32 -33 36 34 35 -37 -38 -39 -40 48 -42 -43 -44 44 -46 59 -48 -49 -50 -51 -52 -53 -54 -55 55 -57 -58 -59 -60 60 61 -63
leaf_value=-0.00046717095249846415 -1.7571198376976035e-05 -0.0016935132809625677 -2.1656888715445006e-05 -0.00203835186418017 -0.00052598360860621474 -0.0020007715305411507 0.0020444058764965858 0.00064557176994883587 -0.0021884537863825796 0.00062859777379873272 -0.0008167500623003941 -0.0011113703948028367 -0.0018876747850283863 -0.0010180106878014069 -0.00087709908260166964 0.00018612964587215943 -0.0057377753303866959 -0.00047220789957389491 -0.00036241734346043015 -0.00044289316962500071 -0.00060425450183522824 -0.0049050939288370456 -0.00020874004508820561 0.0013916635125156699 -0.00093542435891042983 -0.00071589246268741419 -6.5673363652037553e-05 -0.0040151485807450689 0.00089260280153520501 0.001278367135096809 0.00042726818901739333 -0.0027046800925509523 -0.00055065622529530374 -0.00027054405978129868 -0.0011422707559826256 -9.1785024390882465e-05 -0.0013931536725574848 0.00030367663012471755 0.00012954349621995044 -0.0027491100234638926 -0.00054889455129207934 0.0027039211668547268 -0.00021970990286370435 0.0047619644063068367 -7.3940253877274306e-05 0.00042949858108948632 -9.1694418273006881e-05 -0.0040714129262926935 -0.00056220154887034904 -0.0011420270587595366 -0.0008392946490234284 -0.0024096932909925942 -0.00032890528177612934 -0.00074055554744290497 0.0055036391765778802 0.00096587990117734661 8.7101974656639771e-05 0.0010551696660413348 0.0001249815954762543 0.00018743182323268428 0.0031873442096468909 0.00078189718687160981
leaf_weight=21059 32531 4756 27109 288 2251 7447 720 9282 4588 15359 7870 1514 2082 12664 21740 64436 123 16000 11055 11921 1812 293 1081 2100 5523 16037 8006 360 45481 6644 47609 603 1221 10031 18217 4940 6597 35150 45428 684 13910 326 16503 152 553 160412 30672 734 2367 2713 12269 7597 1567 1592 131 1927 12367 3318 492 91664 649 3696
leaf_count=21059 32531 4756 27109 288 2251 7447 720 9282 4588 15359 7870 1514 2082 12664 21740 64436 123 16000 11055 11921 1812 293 1081 2100 5523 16037 8006 360 45481 6644 47609 603 1221 10031 18217 4940 6597 35150 45428 684 13910 326 16503 152 553 160412 30672 734 2367 2713 12269 7597 1567 1592 131 1927 12367 3318 492 91664 649 3696
internal_value=-3.93644e-09 -0.000608609 0.000232835 -0.00107158 0.000280328 -0.000418716 -0.000891692 0.000312124 -0.00150815 0.000514767 -0.000297955 -5.47816e-05 -0.000738786 -0.000390415 -0.000460202 0.000231175 0.000292574 4.30275e-05 6.93313e-05 -0.000399042 -0.00048919 -0.000728668 -0.00183437 0.000467256 -0.000176337 -0.000315126 -0.000399962 -0.00164804 0.000669208 0.000696188 0.000531518 -0.00048379 -0.00153171 -0.00062374 -0.000722453 -0.000918188 -0.00110261 0.000245215 0.000255647 -0.00136691 -0.000176721 0.000136486 0.000140873 -0.000912901 0.000973963 0.00031791 7.9597e-05 -0.00245812 -0.00105322 -0.0013433 -0.00107801 -0.00202217 -0.00157896 0.000208151 0.000851987 0.00125726 -0.000262104 0.000228703 -0.00196442 0.000355042 0.000230636 0.00114184
internal_weight=898223 248550 649673 72292 603672 176258 35848 570246 31269 162772 140410 56192 41023 46001 84218 407474 307217 100257 48322 20257 19537 15625 3897 3912 32632 62478 10842 3704 101985 99734 54253 11658 15591 37126 33188 23157 8144 36664 60787 3411 46441 1547 84257 13369 705 296375 39954 2816 3051 2836 17025 14244 6647 3938 2346 2058 33426 67754 5080 256421 96009 4345
internal_count=898223 248550 649673 72292 603672 176258 35848 570246 31269 162772 140410 56192 41023 46001 84218 407474 307217 100257 48322 20257 19537 15625 3897 3912 32632 62478 10842 3704 101985 99734 54253 11658 15591 37126 33188 23157 8144 36664 60787 3411 46441 1547 84257 13369 705 296375 39954 2816 3051 2836 17025 14244 6647 3938 2346 2058 33426 67754 5080 256421 96009 4345
is_linear=0
shrinkage=0.03


Tree=5
num_leaves=63
num_cat=0
split_feature=2 0 1 4 11 2 11 0 2 11 9 11 10 10 4 5 4 8 5 9 11 0 11 8 9 10 5 11 10 10 6 5 2 11 2 11 2 6 6 6 11 10 8 11 11 5 9 2 2 0 8 0 6 11 4 10 8 5 5 11 11 10
split_gain=133.07 22.8442 22.0216 12.2625 10.9797 10.5249 11.8162 9.99125 7.2258 6.08441 5.9773 5.79149 5.59829 5.40502 5.32491 5.04489 4.7122 4.66653 4.67911 4.1318 4.10297 4.07631 4.05302 3.45734 3.3961 3.36501 3.26688 3.23422 3.18774 3.16729 3.11488 3.10741 3.93959 3.34069 3.06887 4.48325 3.02164 2.99392 2.93987 2.91591 2.76698 2.76202 2.74548 3.44733 2.82769 3.17723 2.77651 2.76086 2.7026 2.66471 2.58611 2.67573 4.12049 2.55385 2.80798 2.85556 2.54409 2.53535 3.07038 2.52398 2.94994 2.5212
threshold=0.24217986314760512 0.40473790322580649 0.30151515151515157 -0.41302521008403353 0.14076246334310852 0.44028520499108742 0.1885775862068966 0.13961038961038966 0.41302521008403364 -0.24642857142857141 0.33602150537634418 0.15111561866125764 0.18660714285714289 0.34122983870967749 0.34122983870967749 0.41042780748663105 -0.32085561497326193 -0.3461174242424242 0.46922348484848492 0.44201680672268912 0.48571428571428577 0.41926406926406928 0.40767045454545459 -0.073593073593073585 -0.47100840336134447 -0.26568627450980387 0.47100840336134459 -0.078201368523949141 -0.41042780748663094 -0.10948191593352884 -0.44028520499108731 -0.442016806722689 -0.44028520499108731 -0.044155844155844164 0.40473790322580649 0.47100840336134459 0.32085561497326209 0.41302521008403364 0.3550420168067227 -0.44028520499108731 0.46609195402298859 0.40473790322580649 0.03229166666666667 0.47014260249554374 0.17156862745098042 -0.26806722689075629 0.014718614718614688 -0.35504201680672259 0.47100840336134459 0.44201680672268912 0.43844696969696978 -0.39858260019550334 -0.17694497153700187 -0.090992647058823525 0.48571428571428577 0.34611742424242431 -0.23030303030303029 0.46922348484848492 0.096875000000000003 -0.46609195402298847 -0.47014260249554363 -1.0000000180025095e-35
decision_type=2 2 2 2 2 2 2 2 2 2 2 2 2 2 2 2 2 2 2 2 2 2 2 2 2 2 2 2 2 2 2 2 2 2 2 2 2 2 2 2 2 2 2 2 2 2 2 2 2 2 2 2 2 2 2 2 2 2 2 2 2 2
left_child=2 5 3 20 8 11 25 9 37 23 15 14 16 28 36 29 -13 -8 24 48 31 30 -20 -5 -19 -7 42 49 57 -9 -4 -1 -33 -34 -30 -36 -2 -3 -22 -18 -14 -32 44 61 46 -46 -11 -45 -15 -12 -27 52 -52 54 55 -10 -48 58 -6 60 -25 -44
right_child=1 4 21 7 13 6 17 10 53 26 27 12 40 19 -16 -17 39 18 22 -21 38 -23 -24 59 -26 50 -28 -29 34 -31 41 32 33 -35 35 -37 -38 -39 -40 -41 -42 -43 43 47 45 -47 56 -49 -50 -51 51 -53 -54 -55 -56 -57 -58 -59 -60 -61 -62 -63
leaf_value=-0.00033511680654933149 -0.00010812913492432685 -0.00075629299882517013 -0.0015193348220082883 0.00075960039160539842 -0.0019774128264944137 -0.0021757058434218497 0.0019831587690856802 0.00035255533549648476 -0.0021640990237686043 0.00032461836231484169 0.00017289836814155248 -0.00086252946539984584 -0.00044035942169033399 -0.0018310717657987301 -0.0008507872303515269 0.0014640987168786721 -0.00084054275525792847 -0.0038364126359923755 -0.00058613678547010488 -0.00020248367027000843 -0.0019010917504478397 -0.00086435453695997151 0.0013499333040314686 0.00056909722798170292 -0.00064428072844241989 -0.0014700925358775156 0.0030968293142980404 -0.00058824946299023859 -0.00026242853673823121 2.8587378883536032e-05 -8.9421425681581709e-05 0.00067395948311357173 0.00035469719953113197 -0.00040603005040523537 -0.001108004584947363 -8.9032011480330342e-05 -0.00052601463240096189 -0.0015928080629712038 0.0030048636319875413 0.00027894386658486943 -0.0018359871552800747 -0.00093426317205301079 0.00034168318404125767 0.002975222867901705 -7.5432455017507863e-05 0.00037322828607085605 0.00082238280230971929 0.00074016370332785782 -0.0039494367375855844 -0.0025608152502956394 0.0033174641029190982 -0.0008580361536218667 -0.0024481563381333316 -0.0023374121515051527 -0.00051281441250793016 0.00013277567860628056 0.00042944305216462288 -0.0006283281267490359 0.0013476827668135059 0.00035230934783445084 0.0018313330871491812 3.9178042212568913e-05
leaf_weight=25820 32944 11137 1603 53394 288 4519 720 47252 4315 51606 10530 4031 11875 2082 21740 2762 2220 305 1812 1081 1629 11362 2100 6154 15320 8282 381 15202 10031 63872 36068 8207 8724 12842 18217 4940 29534 5888 117 36634 1432 3854 42759 589 20215 47781 29604 3178 734 330 358 2271 161 7597 1783 549 29722 1798 1852 52807 2285 59024
leaf_count=25820 32944 11137 1603 53394 288 4519 720 47252 4315 51606 10530 4031 11875 2082 21740 2762 2220 305 1812 1081 1629 11362 2100 6154 15320 8282 381 15202 10031 63872 36068 8207 8724 12842 18217 4940 29534 5888 117 36634 1432 3854 42759 589 20215 47781 29604 3178 734 330 358 2271 161 7597 1783 549 29722 1798 1852 52807 2285 59024
internal_value=-4.6602e-09 -0.000590354 0.00022585 0.000277845 -0.00103944 -0.000406157 -0.000864951 0.000322181 -0.00146292 0.000398596 0.000104042 -0.000289018 -5.31407e-05 -0.000716625 -0.000446397 0.000197833 0.000113663 -0.000387085 -0.000474533 -0.00177939 -0.000139262 -0.000360868 0.000453244 0.000583149 -0.000706833 -0.00148577 0.000324322 -0.000305797 -0.000605026 0.000166347 -0.000223088 -9.42746e-05 0.000114595 -9.82942e-05 -0.000700781 -0.000890644 -0.000305673 -0.00104567 -0.00157081 0.00021496 -0.000590673 -0.000171002 0.000320598 0.000199252 0.000392179 0.000239844 0.00048555 0.00109033 -0.00238444 8.96016e-05 -0.001204 -0.000413862 0.00152763 -0.00196151 -0.0015316 -0.00190488 0.000625533 0.000201935 0.000899479 0.00042931 0.000911045 0.000166262
internal_weight=898223 248550 649673 596786 72292 176258 35848 539447 31269 399499 139948 140410 56192 41023 84218 113886 42885 20257 19537 3897 57339 52887 3912 114640 15625 15591 284859 26062 37126 111124 41525 55593 29773 21566 33188 23157 62478 17025 1746 38854 13307 39922 284478 105550 178928 67996 110932 3767 2816 10860 11072 2790 519 14244 6647 4864 59326 3938 2140 61246 8439 101783
internal_count=898223 248550 649673 596786 72292 176258 35848 539447 31269 399499 139948 140410 56192 41023 84218 113886 42885 20257 19537 3897 57339 52887 3912 114640 15625 15591 284859 26062 37126 111124 41525 55593 29773 21566 33188 23157 62478 17025 1746 38854 13307 39922 284478 105550 178928 67996 110932 3767 2816 10860 11072 2790 519 14244 6647 4864 59326 3938 2140 61246 8439 101783
is_linear=0
shrinkage=0.03


Tree=6
num_leaves=63
num_cat=0
split_feature=1 3 11 4 1 8 0 11 4 9 7 10 6 8 11 6 0 1 7 6 9 11 10 3 4 10 4 8 7 7 11 11 7 8 7 7 11 10 11 1 6 11 3 0 10 0 7 4 0 6 7 11 11 9 8 11 7 0 11 6 11 7
split_gain=109.504 22.4875 15.9734 12.9902 10.9999 8.42903 6.40485 6.18494 5.9883 5.57895 5.15199 4.92333 5.9749 4.75951 4.63878 4.21349 3.93053 3.89886 3.6378 3.56905 3.34484 3.40109 3.23586 3.21121 3.19541 2.94537 2.83659 3.0004 2.83625 2.80101 2.78675 2.97451 2.75501 2.75251 2.74061 3.69123 2.7038 2.87841 2.69148 2.65339 2.61577 2.6051 3.75195 3.34428 3.2186 2.49284 2.48091 2.46537 2.40125 3.501 3.48288 2.39854 2.37189 2.36639 2.36465 4.09455 2.88955 2.5436 2.4896 3.29107 2.28744 2.25096
threshold=0.38057040998217473 0.22301136363636367 0.13484848484848486 -0.38057040998217462 0.1566964285714286 0.1566964285714286 0.41926406926406928 -0.30322580645161284 0.45529953917050697 0.40161290322580651 0.23030303030303031 0.15571120689655174 0.40473790322580649 -0.014718614718614713 0.39827586206896559 0.35960591133004927 0.46824596774193555 -0.14611005692599616 0.45418719211822667 -0.35504201680672259 -0.24642857142857141 0.46922348484848492 0.40767045454545459 -0.29099821746880566 -0.47014260249554363 -0.47100840336134447 -0.442016806722689 0.38403361344537817 -0.46133004926108367 -0.10948191593352884 0.44028520499108742 -0.37689393939393934 -0.442016806722689 0.43844696969696978 -1.0000000180025095e-35 -0.41302521008403353 0.25378787878787884 -0.33602150537634407 0.38057040998217473 -0.38057040998217462 -0.46922348484848481 0.22144396551724141 -0.36405529953917043 -0.074643493761140808 0.24642857142857147 -0.43202764976958524 -0.3461174242424242 0.26806722689075635 0.4781385281385282 0.31534090909090917 -0.4226600985221674 0.48571428571428577 -0.46720430107526878 0.10303030303030304 -0.10948191593352884 0.44028520499108742 0.3550420168067227 0.40161290322580651 0.41302521008403364 -0.33602150537634407 -0.32555780933062872 0.33602150537634418
decision_type=2 2 2 2 2 2 2 2 2 2 2 2 2 2 2 2 2 2 2 2 2 2 2 2 2 2 2 2 2 2 2 2 2 2 2 2 2 2 2 2 2 2 2 2 2 2 2 2 2 2 2 2 2 2 2 2 2 2 2 2 2 2
left_child=1 3 8 17 5 7 9 -5 15 10 28 20 29 22 -12 -2 53 26 -17 60 21 34 38 -6 -15 -23 39 46 -3 -13 31 -21 -30 -10 35 -4 37 -22 -8 -1 -25 43 51 -9 -44 -31 -28 -39 -26 50 -50 -43 -42 -14 55 61 -57 58 59 -56 -7 -38
right_child=2 6 11 4 23 19 13 41 33 -11 14 12 16 24 -16 18 -18 -19 -20 30 36 25 -24 40 48 -27 27 -29 32 45 -32 -33 -34 -35 -36 -37 54 47 -40 -41 52 42 44 -45 -46 -47 -48 -49 49 -51 -52 -53 -54 -55 57 56 -58 -59 -60 -61 -62 -63
leaf_value=-0.00023682306036507532 -0.00077293902812767721 -0.00088122045254212513 -0.0034358624098056196 0.00070261377935786301 -0.00039355664839210095 -0.0016615651406087571 -0.00013731137261730156 0.00054032605949705533 -0.0019688411027682126 -0.00062603077454473095 -0.00044315467034085148 0.00060703568436785169 -0.0024623642845425565 -0.0056163710759092982 0.00057798912075638861 -0.0017903957742414821 -0.0022057216559958079 -0.0016743846850968515 -0.0005106739200365115 0.00051567919911444336 -0.0029836113347696432 -0.0028238384278294827 -0.0018339298584763881 -0.0013042081126759556 -0.00071409671161185603 0.00022196118029655922 -0.00016526804159762616 -0.00075412477449687625 0.001763626673992096 -0.0033289737732888295 0.00089642185054987012 7.0726445580667009e-05 0.00010006838444217683 -0.0012183909585185852 -0.0010707239678988752 0.00053686627540231011 0.0018423297467075243 0.0025812547666111936 0.0012797471763192196 -0.0015131693867706595 0.00093848628719117241 -0.00048598893932196659 0.00042640995194233121 0.00026641238032904137 -9.8691767319489002e-05 -0.0006248911415766775 0.00027389715366027748 -0.00067397707844350546 -0.0069909707698321269 -0.00091473469184565818 -0.0022961669004641742 0.0012569326381040083 6.5431382861574263e-05 -0.00031832351635790725 -0.0020403871969260608 -0.0016846433371207521 0.0023739538607852797 -0.00043128939967830191 0.00077183186597291485 0.00010783482395568585 -0.00025109975680315597 -0.00059888784609099196
leaf_weight=35023 24088 2637 236 60852 15370 1176 6427 96420 10866 15960 34131 1701 584 129 4535 8317 4316 1412 2633 16234 474 305 835 1221 12692 4316 18188 3856 904 318 4655 80909 89763 7403 13101 1881 1868 216 1484 1529 2891 8810 42488 68704 13956 8091 31847 5996 171 1916 835 772 88647 2229 765 812 195 13117 4070 3959 8572 415
leaf_count=35023 24088 2637 236 60852 15370 1176 6427 96420 10866 15960 34131 1701 584 129 4535 8317 4316 1412 2633 16234 474 305 835 1221 12692 4316 18188 3856 904 318 4655 80909 89763 7403 13101 1881 1868 216 1484 1529 2891 8810 42488 68704 13956 8091 31847 5996 171 1916 835 772 88647 2229 765 812 195 13117 4070 3959 8572 415
internal_value=-5.0896e-09 0.000131484 -0.000834445 0.000217805 0.000276776 0.000348777 -0.000170672 0.000433518 -0.00122446 -9.62754e-05 -3.22043e-05 -0.000532969 -0.000972032 -0.000620054 -0.000323376 -0.000994805 -0.00163709 -0.000110686 -0.00148275 0.000126941 -0.000386625 -0.000692461 -5.89206e-05 8.05847e-06 -0.000931767 2.03617e-05 -8.62554e-05 5.21108e-05 8.84622e-05 -0.000502956 0.000179454 0.000145089 0.000116674 -0.00166483 -0.0009089 9.25793e-05 -0.000196328 -0.000732604 0.000128638 -0.000290254 7.46089e-05 0.000362674 0.000203399 0.00042636 0.000296577 -0.000727534 0.000114258 -0.000560391 -0.000892707 -0.00166801 -0.00310034 -0.000345449 9.30146e-05 -0.000764159 -5.40267e-05 0.000695794 -0.000897143 -0.000166641 0.000228109 -0.000240404 -0.000421411 0.0013985
internal_weight=898223 775951 122272 603532 511677 403548 172419 292002 53307 147930 131970 68965 17239 24489 38666 35038 7129 91855 10950 111546 51726 19839 8746 108129 15743 4621 90443 53891 93304 10110 101798 97143 90667 18269 15218 2117 31887 6686 7911 36552 92759 231150 66026 165124 56444 8409 50035 6212 15614 2922 1006 9582 91538 2813 25201 3290 1007 21911 8794 4724 9748 2283
internal_count=898223 775951 122272 603532 511677 403548 172419 292002 53307 147930 131970 68965 17239 24489 38666 35038 7129 91855 10950 111546 51726 19839 8746 108129 15743 4621 90443 53891 93304 10110 101798 97143 90667 18269 15218 2117 31887 6686 7911 36552 92759 231150 66026 165124 56444 8409 50035 6212 15614 2922 1006 9582 91538 2813 25201 3290 1007 21911 8794 4724 9748 2283
is_linear=0
shrinkage=0.03


Tree=7
num_leaves=63
num_cat=0
split_feature=2 2 1 11 5 3 0 9 11 5 10 1 7 9 11 9 5 0 3 2 3 2 3 9 11 2 5 10 6 0 0 7 9 0 3 11 5 3 7 11 11 10 10 11 6 7 11 7 11 10 10 11 5 10 10 2 11 3 10 7 1 7
split_gain=120.629 20.3741 19.5383 18.9162 10.3722 9.35903 7.12235 6.71324 6.69925 6.26643 5.79512 5.63146 5.53424 5.49719 4.71467 8.01542 4.99276 4.34715 4.30337 4.18072 4.10433 4.05361 4.0035 3.6463 3.42486 3.42058 4.15921 3.32518 3.26811 2.98049 2.96842 2.92092 2.77812 4.00593 2.94389 2.75749 2.58816 2.58488 2.57564 2.57227 2.5665 7.30089 2.65247 3.97578 3.0556 3.66672 2.79193 2.73221 2.69218 2.54492 2.53979 2.415 2.41393 2.36937 2.34197 3.11839 2.90723 2.31225 2.27432 2.27363 2.24015 2.387
threshold=0.24217986314760512 0.3928571428571429 0.30151515151515157 0.1566964285714286 -0.442016806722689 0.14611005692599624 0.38403361344537817 0.37298387096774199 -0.31534090909090901 0.41042780748663105 0.24642857142857147 0.436491935483871 0.26904761904761915 0.44201680672268912 0.28456439393939398 0.33602150537634418 -0.20777988614800755 0.44201680672268912 0.44028520499108742 0.44028520499108742 0.24642857142857147 -0.47014260249554363 -0.3507130124777183 -0.12284482758620689 -0.13484848484848483 0.037053571428571415 -0.059714795008912656 0.44201680672268912 -0.44028520499108731 -0.33847248576850092 -0.44028520499108731 -0.40473790322580638 -0.14611005692599616 0.40767045454545459 0.44201680672268912 -0.18660714285714283 -0.14928698752228159 -0.3507130124777183 0.25809822361546503 0.46720430107526889 0.46922348484848492 -0.47100840336134447 -0.39827586206896548 0.33095238095238105 0.22570532915360506 0.48571428571428577 0.32085561497326209 0.46922348484848492 0.31534090909090917 0.3550420168067227 -0.442016806722689 -0.16190476190476188 0.3550420168067227 -0.43844696969696967 -1.0000000180025095e-35 0.48571428571428577 0.41042780748663105 -0.47100840336134447 -0.014718614718614713 -0.46824596774193544 -0.28033088235294112 0.43844696969696978
decision_type=2 2 2 2 2 2 2 2 2 2 2 2 2 2 2 2 2 2 2 2 2 2 2 2 2 2 2 2 2 2 2 2 2 2 2 2 2 2 2 2 2 2 2 2 2 2 2 2 2 2 2 2 2 2 2 2 2 2 2 2 2 2
left_child=2 11 4 6 53 8 19 9 21 12 32 14 -7 17 20 16 -16 -12 22 -3 36 -6 -4 -21 -13 28 -27 -24 51 -25 -26 -8 40 34 37 -9 -2 -34 -17 -40 42 -42 46 44 48 58 47 -5 -44 -19 -18 -10 -52 -1 55 -45 -57 -38 -46 -39 -35 -62
right_child=1 3 18 10 5 7 31 35 25 -11 13 24 -14 -15 15 38 50 49 -20 23 -22 -23 27 29 30 26 -28 -29 -30 -31 -32 -33 33 60 -36 -37 57 59 39 -41 41 -43 43 54 45 -47 -48 -49 -50 -51 52 -53 -54 -55 -56 56 -58 -59 -60 -61 61 -63
leaf_value=-0.0011667785023378096 -0.00057891795748493799 -0.00065108934551850073 -0.0014170482867861044 -0.00046878918197793842 -0.0010175711338210758 0.000237213693870925 -0.0042755851673097712 0.00014379192506842458 0.00083049786281260589 0.0014395965552246909 -0.0010132354667299476 -0.0016006692942847386 -0.00027781186537639954 0.00052822769056592729 -0.00074945033191093149 -0.0019847824545718316 0.0018681269443914606 -0.0017399407851821731 -0.00091784228370512979 -0.0019559625200016887 -0.00061739388454072099 0.00062613754010704288 -7.955079201632104e-05 0.00023020114795502529 -0.0039159439974776212 -0.00012432988781818706 0.00032204444561261051 -0.001297659645115166 0.00038333290308402093 -0.0012632076015366487 -0.00054155616695977576 -0.0017511702442998369 -0.00073700606733176073 0.0033119979345490437 0.0035808997792330707 -0.00060656474713722348 -0.0024456470908122124 -0.0019025707668093603 0.00044814371637450358 -0.0033310627909044601 -0.0043440499826447867 8.4552548179971386e-05 -0.00026814381333728054 -0.00089097033510640014 -0.0013764599957701222 0.00030697072290798358 0.00040812803120866093 -0.0032460047320440073 0.0018669363700855276 -0.0036046237976785668 0.00012841421558133353 -0.00027028480470117075 0.00080843912406125822 -0.0001783558634617762 -0.0031316868631349267 -0.0034565170752238277 -0.001243049084477394 -8.3291158220656858e-05 -0.0039612069765637085 0.00036787274054415268 -0.0011087327504014529 -0.00025692167361880648
leaf_weight=2345 13267 12947 2344 1400 1371 96354 422 6115 2129 3417 4233 4049 23322 1279 4049 2079 1001 1508 9448 6013 35857 85970 38969 1503 238 33087 43466 2126 240701 6014 12919 17524 2773 129 219 15784 375 411 936 195 352 6581 2977 4793 2260 1146 2811 412 646 1174 16256 11361 6607 31364 705 993 1158 45180 354 10881 5472 6452
leaf_count=2345 13267 12947 2344 1400 1371 96354 422 6115 2129 3417 4233 4049 23322 1279 4049 2079 1001 1508 9448 6013 35857 85970 38969 1503 238 33087 43466 2126 240701 6014 12919 17524 2773 129 219 15784 375 411 936 195 352 6581 2977 4793 2260 1146 2811 412 646 1174 16256 11361 6607 31364 705 993 1158 45180 354 10881 5472 6452
internal_value=-6.31772e-09 -0.000562082 0.000215032 -0.000878251 0.000264008 0.000294609 -0.00134934 8.69191e-05 0.000366635 0.000173021 -0.000535831 -0.00032874 0.000136846 -0.00127821 -0.000259114 6.12087e-05 0.000224489 -0.00161235 -0.000337617 -0.00103654 -0.00036441 0.000600325 -0.0002114 -0.0014053 -0.000837771 0.000304922 0.000129118 -0.000142598 0.000357867 -0.000964614 -0.000602889 -0.00181077 -0.000420873 -0.000202475 0.000137394 -0.000397041 -0.000210187 8.3526e-05 -0.00135825 -0.000205811 -0.000637193 -0.000140889 -0.000812241 -0.0010055 -0.000508794 -0.00110777 -0.000183762 -0.0011017 0.000112962 -0.00255721 0.000389762 -9.65099e-05 0.000324956 -0.000247149 -0.0014848 -0.00131718 -0.00226602 -0.000102791 -0.00172788 0.000285073 -0.000605231 -0.000647883
internal_weight=898223 248550 649673 105542 596786 563077 44423 144992 418085 123093 61119 143008 119676 8194 125802 31123 27913 6915 52887 26477 94679 87341 43439 13530 17206 330744 76553 41095 254191 7517 13157 17946 52925 26337 14284 21899 58822 14065 3210 1131 26588 6933 19655 15032 7383 3760 4623 1812 3623 2682 23864 13490 22863 33709 7649 6944 2151 45555 2614 11292 12053 11924
internal_count=898223 248550 649673 105542 596786 563077 44423 144992 418085 123093 61119 143008 119676 8194 125802 31123 27913 6915 52887 26477 94679 87341 43439 13530 17206 330744 76553 41095 254191 7517 13157 17946 52925 26337 14284 21899 58822 14065 3210 1131 26588 6933 19655 15032 7383 3760 4623 1812 3623 2682 23864 13490 22863 33709 7649 6944 2151 45555 2614 11292 12053 11924
is_linear=0
shrinkage=0.03


Tree=8
num_leaves=63
num_cat=0
split_feature=2 2 1 11 4 11 8 0 3 10 1 1 10 5 1 11 10 5 5 2 3 2 3 11 8 11 8 11 5 11 10 11 4 0 4 11 0 5 6 8 8 3 0 10 10 6 2 10 10 1 10 8 0 11 4 0 11 5 11 6 2 5
split_gain=113.502 19.1705 18.5016 17.7981 11.1427 8.32949 6.79565 6.70152 6.40605 5.52173 5.29881 4.89647 4.72058 4.89296 4.49349 4.436 6.38597 5.05805 4.08645 4.39735 3.99116 3.9337 3.86175 3.77753 3.52145 3.23215 3.14711 4.62878 3.5952 3.13416 3.09066 2.93771 2.90569 2.82832 2.7963 2.77806 3.26239 3.05329 2.7602 2.64698 2.5703 2.563 2.70639 2.97446 2.81927 2.92443 2.53961 2.88513 2.61579 2.60486 2.48612 3.43888 2.46321 2.58356 2.43563 2.44693 2.40665 2.3811 2.93808 2.37498 2.63354 2.88809
threshold=0.24217986314760512 0.3928571428571429 0.26806722689075635 0.1566964285714286 -0.41302521008403353 -0.24642857142857141 -0.28456439393939387 0.38403361344537817 0.14611005692599624 0.25378787878787884 0.436491935483871 0.38057040998217473 -0.078201368523949141 0.38057040998217473 0.4781385281385282 0.28456439393939398 0.29705882352941182 -0.20777988614800755 0.35071301247771841 -0.066964285714285712 0.48571428571428577 0.44028520499108742 0.24642857142857147 0.48571428571428577 -0.090992647058823525 0.13484848484848486 0.44201680672268912 -0.23030303030303029 -0.19848484848484846 -0.46922348484848481 -0.43649193548387094 0.24642857142857147 -0.32605042016806712 -0.44028520499108731 0.436491935483871 0.37689393939393945 0.40767045454545459 -0.46114369501466274 0.3550420168067227 -0.47100840336134447 0.37298387096774199 -0.44028520499108731 0.40767045454545459 -0.47100840336134447 -0.38403361344537806 0.47857142857142865 -0.26114081996434929 -0.43844696969696967 -0.25378787878787873 -0.47100840336134447 0.44201680672268912 0.38057040998217473 0.037053571428571415 -0.15111561866125756 0.36405529953917054 -0.40767045454545447 0.35960591133004927 -0.35504201680672259 -0.47014260249554363 -0.44028520499108731 0.029857397504456321 -0.096874999999999975
decision_type=2 2 2 2 2 2 2 2 2 2 2 2 2 2 2 2 2 2 2 2 2 2 2 2 2 2 2 2 2 2 2 2 2 2 2 2 2 2 2 2 2 2 2 2 2 2 2 2 2 2 2 2 2 2 2 2 2 2 2 2 2 2
left_child=2 10 4 7 23 18 14 21 59 41 15 -4 56 -14 -5 22 17 -17 19 24 50 -3 32 35 -6 34 -23 -28 -29 57 -13 54 40 -27 -12 36 37 -1 -25 -39 -2 -8 43 -43 -44 -46 47 49 -49 -37 -11 -52 53 -30 -32 -56 -10 -26 -59 -7 -61 -62
right_child=1 3 11 6 5 8 9 -9 12 20 25 30 13 -15 -16 16 -18 -19 -20 -21 -22 26 -24 38 29 33 27 28 52 -31 31 -33 -34 -35 -36 46 -38 39 -40 -41 -42 42 44 -45 45 -47 -48 48 -50 -51 51 -53 -54 -55 55 -57 -58 58 -60 60 61 -63
leaf_value=-0.00049137721037453071 -0.0006044597604944529 -0.00063155817091688324 -6.6475125190216866e-05 0.001141399830864294 0.00082584128531269926 -7.8761017171014434e-05 -0.001317523281787964 -0.0017564538111886814 0.00018726186901640263 -0.0012498384672158659 -4.0692594247429323e-05 -0.0018812139007924852 -0.00018484705859296875 0.0012668259995520948 -0.0028514420925656379 -0.00077445644635367687 -0.0010606090742464793 0.0003922367056352499 0.0016752735758615374 0.00027624471433466909 -0.0026642311283768955 -0.0016020132405632857 -0.00059887258181243034 -0.0018259640821537944 -0.00021120992390847958 -0.0042587302919309877 -0.0027409898305853979 0.0038317059888181067 0.0035827100659322634 0.00034551604896405821 0.00012510072432995897 -4.9257852614818455e-05 -0.00013490066085159363 -0.00032777424757656816 -0.0014747768938836812 0.0021130042055793217 -0.0026169773350187319 0.0019324945062332642 0.002927961523593571 -1.85803127345037e-05 -0.0025170385699355897 -0.0025771624464391457 0.00014018893573128607 -0.00015402473213411646 -0.0010586266208845027 -0.00029312362226589382 -0.00044606825517106401 0.0019995601094010169 0.00054039706931890887 -0.0025199873796273925 -0.0012651724336987175 0.0023921423505370095 -0.0013527860477931233 -1.242535501291486e-05 -0.0036456552097938726 -0.0008604412400830603 0.00083851838819188436 0.00097121506696227187 0.0027457980146595789 0.00038120280555483548 -0.00010000043108044417 0.00032171938846962733
leaf_weight=15748 4962 12947 50379 3016 39307 13539 3091 17946 28818 5091 1480 1548 59298 2165 276 3906 3993 23224 2627 56667 1627 10632 35857 1626 1060 167 638 215 226 40579 2365 8375 53136 8492 7067 147 487 638 117 30327 724 464 3413 23381 12956 6876 2250 1521 4047 417 496 432 952 867 290 11803 6206 3886 1071 201013 24015 37337
leaf_count=15748 4962 12947 50379 3016 39307 13539 3091 17946 28818 5091 1480 1548 59298 2165 276 3906 3993 23224 2627 56667 1627 10632 35857 1626 1060 167 638 215 226 40579 2365 8375 53136 8492 7067 147 487 638 117 30327 724 464 3413 23381 12956 6876 2250 1521 4047 417 496 432 952 867 290 11803 6206 3886 1071 201013 24015 37337
internal_value=-7.72349e-09 -0.000545225 0.00020858 -0.000851913 0.000266312 0.000310266 -0.000519767 -0.00130887 0.000235117 -0.000595247 -0.000318881 -0.000235379 2.47086e-05 -0.000133693 0.000805877 -0.000251342 5.93697e-05 0.000224242 0.000503 0.000481388 -0.00134622 -0.00100545 -0.000353479 -0.000130545 0.000616708 -0.000812648 -0.00136315 -0.000486567 0.000150789 0.000440276 -0.000584371 -0.000496371 -0.000203883 -0.000404071 -0.00122648 -8.74062e-05 -0.000176785 -0.00015129 -0.00150536 2.16806e-05 -0.000848389 -0.000480798 -0.000425848 -0.000201283 -0.000656192 -0.000793245 0.000415857 0.000732142 0.000939281 -0.00131085 -0.000989563 0.000438113 -0.000237886 0.000733537 -0.000755346 -0.000927529 0.00030268 0.00107918 0.0013551 0.000308698 0.000328693 0.000156647
internal_weight=898223 248550 649673 105542 574913 517588 61119 44423 372391 57827 143008 74760 96487 61463 3292 125802 31123 27130 145197 142570 7646 26477 94679 57325 85903 17206 13530 2898 2260 46596 24381 22833 58822 8659 8547 55582 47200 46713 1743 30965 5686 50181 47090 23845 23245 19832 8382 6132 5568 564 6019 928 2045 1093 14458 12093 35024 6017 4957 275904 262365 61352
internal_count=898223 248550 649673 105542 574913 517588 61119 44423 372391 57827 143008 74760 96487 61463 3292 125802 31123 27130 145197 142570 7646 26477 94679 57325 85903 17206 13530 2898 2260 46596 24381 22833 58822 8659 8547 55582 47200 46713 1743 30965 5686 50181 47090 23845 23245 19832 8382 6132 5568 564 6019 928 2045 1093 14458 12093 35024 6017 4957 275904 262365 61352
is_linear=0
shrinkage=0.03


Tree=9
num_leaves=63
num_cat=0
split_feature=2 2 1 11 4 11 8 0 3 9 10 9 1 3 3 1 4 11 9 3 5 2 5 2 9 5 11 9 3 4 11 8 11 10 4 8 9 0 11 5 1 3 0 5 2 11 10 11 8 1 0 8 0 8 4 8 8 10 10 11 5 8
split_gain=106.794 18.0375 17.4084 16.746 10.4842 7.83729 6.39392 6.30553 6.02742 5.79024 5.19549 5.19132 4.98582 4.73799 4.25964 4.22862 4.21271 4.8967 7.72644 4.82117 3.84506 4.15446 3.70661 3.70116 3.70048 3.56264 3.55418 3.43503 3.42087 3.15329 3.66231 3.13731 3.27861 2.95023 2.841 2.81591 2.7798 2.75432 2.73582 3.22828 3.06248 2.68477 2.64188 2.77484 3.95824 2.98614 2.63795 2.46848 2.46443 2.45983 2.45853 2.68728 2.3711 2.35662 2.91025 2.34319 2.34085 2.67104 2.24399 2.22996 4.43549 3.15986
threshold=0.24217986314760512 0.3928571428571429 0.26806722689075635 0.1566964285714286 -0.41302521008403353 -0.24642857142857141 -0.28456439393939387 0.38403361344537817 0.14611005692599624 0.35960591133004927 0.25378787878787884 0.44201680672268912 0.436491935483871 0.43844696969696978 -0.3507130124777183 0.4781385281385282 -0.32605042016806712 0.26904761904761915 0.33602150537634418 0.23128342245989311 0.35071301247771841 -0.037053571428571429 0.41042780748663105 0.44028520499108742 -0.23431372549019605 0.3550420168067227 0.48571428571428577 -0.12284482758620689 0.47100840336134459 0.38403361344537817 -0.13484848484848483 -0.090992647058823525 -0.46922348484848481 0.44201680672268912 0.34122983870967749 -0.3507130124777183 -0.442016806722689 -0.33847248576850092 0.44201680672268912 0.4781385281385282 0.38057040998217473 -0.38057040998217462 0.44201680672268912 -0.442016806722689 -0.44028520499108731 -0.044155844155844164 -0.11916835699797161 -0.47014260249554363 0.03229166666666667 -0.37321428571428567 0.45529953917050697 0.069047619047619038 -0.44028520499108731 0.46922348484848492 0.46922348484848492 0.48571428571428577 -0.36436781609195396 0.47014260249554374 0.29705882352941182 0.22144396551724141 0.20777988614800766 -0.41302521008403353
decision_type=2 2 2 2 2 2 2 2 2 2 2 2 2 2 2 2 2 2 2 2 2 2 2 2 2 2 2 2 2 2 2 2 2 2 2 2 2 2 2 2 2 2 2 2 2 2 2 2 2 2 2 2 2 2 2 2 2 2 2 2 2 2
left_child=2 12 4 7 26 20 15 23 59 22 36 28 16 14 -4 -5 35 19 25 34 21 31 46 -3 -23 58 42 -25 -12 -14 -31 -6 47 48 -18 -2 -8 53 40 -40 -38 -42 43 -1 49 56 -10 -33 -16 -45 -41 -52 -32 -29 -55 -34 -46 -58 -19 -7 61 -61
right_child=1 3 13 6 5 8 10 -9 9 -11 11 -13 29 -15 33 -17 17 18 -20 -21 -22 24 -24 27 -26 -27 -28 37 -30 30 52 32 55 -35 -36 -37 38 -39 39 50 41 -43 -44 44 45 -47 -48 -49 -50 -51 51 -53 -54 54 -56 -57 57 -59 -60 60 -62 -63
leaf_value=-0.00029466299717571446 0.00056090666094946412 -0.00061261287724615669 -0.0011692568031906254 0.0011071691842184919 0.00077760555363877275 0.00035662364904419499 -0.0014034890218368344 -0.0017037630897866775 0.00031243303410211098 -0.00050280918322135335 -0.0012133513436349554 0.00052365580328958485 0.0006866149949497233 -0.00075939145196907902 0.00018461022120591536 -0.0027662077053645052 -2.4518677093226577e-05 0.00016273136944454074 -0.0012576759272968853 -0.00056982809035249966 0.0016250344952928556 0.0006925355306004248 0.0014729843657714091 -0.0018567140227735035 9.8286372849129677e-05 0.00086273704124536414 -0.0014601781795913708 -0.00036915584486762212 -0.0027574788155621151 -0.0017282198639686731 -0.003682273098414666 0.00074989234823186397 0.00030238754731239413 -0.00092464887474573258 -0.0006693110597841786 -0.0010758524269054556 -0.00019538925640209874 -0.0011815734874222549 -0.00032749188840457079 0.0018456652974251141 -0.0022383468719186167 -0.00071200366416468072 -0.0024959267529918398 0.00083544733656486789 0.0014829291035565126 -0.00037429027695094492 -4.2969215138663572e-05 0.0021755373459369557 -0.00021528465229177191 -0.0013156185489916334 0.004385970728255288 -6.0572162352847151e-05 -0.00059386510496240049 0.0046741985578713846 -0.0012100807671668009 0.0018912247980208607 2.6965997448752052e-05 0.003213203603857938 -0.0012843747760782535 -0.00045443116750823231 0.00085841318574974971 0.00016962417403147527
leaf_weight=25726 1077 12947 3302 3016 42048 190335 2695 17946 30838 15719 4682 1180 1212 12575 28524 276 42553 18651 3213 37029 2627 12586 1798 6013 37617 7331 1743 1179 1784 3695 227 5101 42976 3364 7188 7744 12361 6014 11284 1151 1096 19103 405 7537 1374 12718 48132 1391 26995 510 128 2363 12072 205 119 851 7068 244 1016 8156 7713 69700
leaf_count=25726 1077 12947 3302 3016 42048 190335 2695 17946 30838 15719 4682 1180 1212 12575 28524 276 42553 18651 3213 37029 2627 12586 1798 6013 37617 7331 1743 1179 1784 3695 227 5101 42976 3364 7188 7744 12361 6014 11284 1151 1096 19103 405 7537 1374 12718 48132 1391 26995 510 128 2363 12072 205 119 851 7068 244 1016 8156 7713 69700
internal_value=-8.07141e-09 -0.000528871 0.000202323 -0.000826358 0.000258323 0.000300958 -0.000504179 -0.0012696 0.000228063 2.3968e-05 -0.000577394 -0.00130584 -0.000309317 -0.00022832 -0.000120917 0.000781685 -0.000243803 -0.000196127 0.000132811 -0.000310654 0.000487911 0.000466947 0.000126494 -0.000975281 0.000247277 0.000298331 -0.000126628 -0.00132225 -0.00163974 -0.00078828 -0.000900081 0.000586338 0.000426497 -6.21096e-05 -0.000117708 -0.000875971 -0.000466377 -0.000894532 -0.000413164 -7.68367e-05 -0.000567335 -0.00079493 -8.47837e-05 -6.7041e-05 0.000131794 -8.14629e-05 9.58185e-05 0.00105564 -9.83101e-06 0.000698971 0.000699644 0.000169582 -0.000651162 0.000254037 0.00251592 0.000333281 0.000347287 0.000133715 8.79122e-05 0.000299437 0.000172233 0.000104245
internal_weight=898223 248550 649673 105542 574913 517588 61119 44423 372391 96487 57827 7646 143008 74760 62185 3292 125802 116981 30211 86770 145197 142570 80768 26477 50203 26998 57325 13530 6466 17206 15994 92367 50319 58883 49741 8821 50181 7517 47486 14926 32560 20199 55582 55177 29451 21404 78970 6492 55519 8047 3642 2491 12299 1503 324 43827 8686 7312 19667 275904 85569 77856
internal_count=898223 248550 649673 105542 574913 517588 61119 44423 372391 96487 57827 7646 143008 74760 62185 3292 125802 116981 30211 86770 145197 142570 80768 26477 50203 26998 57325 13530 6466 17206 15994 92367 50319 58883 49741 8821 50181 7517 47486 14926 32560 20199 55582 55177 29451 21404 78970 6492 55519 8047 3642 2491 12299 1503 324 43827 8686 7312 19667 275904 85569 77856
is_linear=0
shrinkage=0.03


Tree=10
num_leaves=63
num_cat=0
split_feature=2 0 0 5 2 11 2 11 11 2 4 11 5 10 5 8 10 6 9 8 9 11 3 8 11 10 2 10 10 3 8 11 9 8 6 11 3 11 10 3 11 4 10 3 11 10 5 11 2 9 3 6 8 8 0 6 4 10 0 2 9 4
split_gain=100.484 17.1241 16.1935 8.48138 8.55544 8.29974 8.25479 9.34853 7.3813 5.45395 4.76264 4.647 5.58569 4.3426 4.12533 4.12233 3.77572 3.76049 3.62879 4.17732 3.49833 3.45697 3.35732 3.31984 4.35173 3.09609 3.03601 2.95498 2.9128 3.19784 2.86085 3.50267 2.81747 2.70074 2.65462 2.54306 2.48547 2.40514 3.61558 2.39336 2.38688 2.69606 2.68472 2.38035 3.23115 2.38001 2.3742 2.37327 2.4317 2.47745 2.35825 2.5549 2.34826 2.33761 2.3357 3.85923 2.30039 2.28237 2.30455 2.27406 2.26179 2.19297
threshold=0.24217986314760512 0.40767045454545459 0.37321428571428578 -0.442016806722689 0.022350230414746545 0.14076246334310852 0.44028520499108742 0.1885775862068966 -0.23861480075901326 0.41302521008403364 0.45529953917050697 0.15571120689655174 -0.21320346320346317 0.34122983870967749 0.46922348484848492 -0.28456439393939387 0.28456439393939398 -0.44028520499108731 0.31534090909090917 -0.096874999999999975 0.44201680672268912 0.40767045454545459 0.23128342245989311 0.015640273704789823 0.43844696969696978 0.40161290322580651 -0.47014260249554363 -0.26568627450980387 -0.44028520499108731 0.38403361344537817 -0.096874999999999975 -0.46922348484848481 -0.47100840336134447 0.23431372549019611 0.41302521008403364 0.46720430107526889 -0.46922348484848481 -0.38403361344537806 -0.26568627450980387 0.43844696969696978 -0.090992647058823525 0.48571428571428577 0.34611742424242431 0.45529953917050697 0.37298387096774199 0.34611742424242431 0.3550420168067227 -0.096874999999999975 -0.19407308377896609 0.35960591133004927 0.34611742424242431 0.16190476190476191 0.48571428571428577 0.43844696969696978 -0.39858260019550334 -0.17694497153700187 -0.43649193548387094 0.32085561497326209 -0.074643493761140808 0.47100840336134459 0.38403361344537817 0.43844696969696978
decision_type=2 2 2 2 2 2 2 2 2 2 2 2 2 2 2 2 2 2 2 2 2 2 2 2 2 2 2 2 2 2 2 2 2 2 2 2 2 2 2 2 2 2 2 2 2 2 2 2 2 2 2 2 2 2 2 2 2 2 2 2 2 2
left_child=2 6 3 -1 8 9 10 27 26 34 11 22 -13 28 15 -9 36 -10 19 -4 59 -16 33 47 61 -6 37 -8 29 -7 -28 -32 -17 -2 -3 -18 -14 -5 -39 -34 41 42 50 -20 -45 -46 -38 57 -49 -50 51 -11 -33 -29 55 -55 -21 58 -19 -15 -61 -25
right_child=1 5 18 4 25 13 7 14 17 40 -12 12 16 20 21 32 35 23 43 56 -22 -23 -24 24 -26 -27 30 53 -30 -31 31 52 39 -35 -36 -37 46 38 -40 -41 -42 -43 -44 44 45 -47 -48 48 49 -51 -52 -53 -54 54 -56 -57 -58 -59 -60 60 -62 -63
leaf_value=-0.00022684969364199968 -7.8310911452318798e-05 -0.00063489837576437161 0.0002092817522937434 -0.0016855746739567693 0.00012897469749788634 0.0052549472272512502 -0.0019586119631044428 0.0013753171800008146 -0.00022049586569901675 -0.0028894649451398405 -0.0010890779782000812 -0.00073417365381176782 -0.0013390690195626536 -0.0016233400086110288 -0.00041474599564265459 -0.0035442366931587458 -0.0003200122469248863 0.00068988607357534104 -0.00063613974772184459 -0.0025181779072095617 -0.00012300361290201029 0.0013556143025794554 -0.00063775408111697352 0.00010872575875471079 0.00082564909994443404 -0.00028175933634141969 0.00072789943403798118 -0.0013010194818202606 -0.00059185442725534097 0.00023279070937429216 0.0010250933080855583 0.00031462766091254761 -0.00065238709812854385 -0.00052387996903880036 -0.001423098761929789 -0.0022664075579027876 0.00013871355459390709 0.0026236622677061833 -0.00078607763362126618 0.0026039059062005761 -0.0020669353197463555 -0.00028947352353168469 0.00032175228153778751 -0.0024379894061134226 -0.0019812912535939389 0.0029030492226127537 0.00067201217254384189 0.00019719073600541327 0.00054713582797884176 -6.2219620671608478e-06 -0.002104248163290497 0.0026182289733987282 0.001742482465729614 0.003249098920791272 -0.00071191778204823569 -0.0023308379649771035 -0.00041196185122267803 0.0010068930421670741 0.00015337265424248783 -0.0024974088743818751 -0.0061761274599325912 -0.0013241585230247507
leaf_weight=33426 37362 11122 13192 961 146192 119 4519 945 14080 120 5833 7846 864 2078 1860 299 6417 15988 6414 475 1080 2127 25925 96128 7921 18620 51463 8284 34650 2327 7704 53923 14832 18210 5880 666 26914 409 881 205 7595 1782 549 1549 162 199 10422 78108 45557 8667 3992 202 1056 358 2271 161 24010 8500 13118 522 212 970
leaf_count=33426 37362 11122 13192 961 146192 119 4519 945 14080 120 5833 7846 864 2078 1860 299 6417 15988 6414 475 1080 2127 25925 96128 7921 18620 51463 8284 34650 2327 7704 53923 14832 18210 5880 666 26914 409 881 205 7595 1782 549 1549 162 199 10422 78108 45557 8667 3992 202 1056 358 2271 161 24010 8500 13118 522 212 970
internal_value=-8.0764e-09 -0.000513007 0.000196254 0.000237599 0.000264824 -0.000902058 -0.000353626 -0.000759865 0.000338912 -0.0012704 -0.000249903 -0.000213536 4.76135e-06 -0.000621273 -0.000334983 -0.00054678 0.000132807 0.000257679 -0.000346317 -0.000221063 -0.00157451 0.000529816 -0.000355846 0.000282166 0.000149559 8.25697e-05 0.000540624 -0.00131208 -0.000521223 0.000479171 0.000562141 0.000426044 -0.000665301 -0.000224323 -0.000907559 -0.000503322 0.000250767 -0.000550241 0.00029619 -0.000607824 -0.00170353 -0.00128793 -0.00165366 -0.00091316 -0.00184261 0.000711766 0.000287593 0.000364114 0.000304345 0.00045869 -0.00190507 0.000563081 0.000342084 -0.00104809 -0.000296899 0.00151698 -0.000452923 0.000574422 0.000448094 -0.00213174 -0.00356688 9.43979e-05
internal_weight=898223 248550 649673 603672 570246 72230 176320 35861 405434 31242 140459 134626 53129 40988 20268 16281 45283 289037 46001 37677 3892 3987 81497 274957 105019 164812 116397 15593 37096 2446 114146 62683 15336 55572 17002 7083 38200 2251 1290 15037 14240 6645 4863 8324 1910 361 37336 169938 132332 54224 4314 322 54979 11074 2790 519 24485 37606 29106 2812 734 97098
internal_count=898223 248550 649673 603672 570246 72230 176320 35861 405434 31242 140459 134626 53129 40988 20268 16281 45283 289037 46001 37677 3892 3987 81497 274957 105019 164812 116397 15593 37096 2446 114146 62683 15336 55572 17002 7083 38200 2251 1290 15037 14240 6645 4863 8324 1910 361 37336 169938 132332 54224 4314 322 54979 11074 2790 519 24485 37606 29106 2812 734 97098
is_linear=0
shrinkage=0.03


Tree=11
num_leaves=63
num_cat=0
split_feature=2 2 1 11 4 0 8 0 5 10 10 9 1 11 1 4 11 9 4 11 5 5 2 9 0 8 0 4 11 6 11 0 8 6 5 9 8 4 0 11 5 6 2 9 8 8 2 5 8 9 10 11 2 8 9 0 6 6 11 8 2 11
split_gain=94.5456 16.1656 15.9902 14.8817 9.03869 7.35961 5.83602 5.60194 4.90926 5.71004 4.71553 4.79136 4.50357 4.42865 3.94476 3.91373 4.4155 7.11822 3.86893 3.39811 3.34623 3.27771 3.22258 3.14434 3.12639 3.05599 2.97989 2.93223 3.40221 2.75501 2.67755 2.84658 2.63906 2.61329 2.61107 2.58633 2.56147 4.3267 3.60153 2.54062 3.00368 3.19897 2.88448 2.48889 2.48348 2.38373 2.35848 2.89831 2.32232 2.83274 2.31861 2.28842 2.26005 2.92108 2.70336 2.22421 2.21648 2.2042 2.31252 2.26436 3.0375 3.02907
threshold=0.24217986314760512 0.3928571428571429 0.30151515151515157 0.1566964285714286 -0.41302521008403353 0.13961038961038966 -0.28456439393939387 0.38403361344537817 0.38057040998217473 -0.073593073593073585 0.25378787878787884 0.44201680672268912 0.436491935483871 -0.31534090909090901 0.4781385281385282 -0.32605042016806712 0.26904761904761915 0.33602150537634418 0.29099821746880572 0.48571428571428577 0.47100840336134459 0.3550420168067227 0.44028520499108742 -0.12284482758620689 0.41926406926406928 0.29705882352941182 0.44201680672268912 0.38403361344537817 -0.13484848484848483 -0.44028520499108731 0.37689393939393945 0.40767045454545459 -0.3507130124777183 0.3550420168067227 -0.46114369501466274 -0.442016806722689 0.40767045454545459 0.47100840336134459 -0.29099821746880566 0.44201680672268912 0.4781385281385282 0.44201680672268912 0.47014260249554374 0.43844696969696978 -0.47100840336134447 -0.47100840336134447 0.037053571428571415 -0.10450089126559715 0.39113300492610842 0.10303030303030304 0.40473790322580649 0.47100840336134459 -0.32085561497326193 0.14076246334310852 -0.46922348484848481 -0.44028520499108731 -0.47014260249554363 -0.44028520499108731 -0.16190476190476188 0.015640273704789823 -0.46824596774193544 0.47014260249554374
decision_type=2 2 2 2 2 2 2 2 2 2 2 2 2 2 2 2 2 2 2 2 2 2 2 2 2 2 2 2 2 2 2 2 2 2 2 2 2 2 2 2 2 2 2 2 2 2 2 2 2 2 2 2 2 2 2 2 2 2 2 2 2 2
left_child=2 12 4 7 19 13 14 22 9 -7 35 26 15 25 -5 32 18 21 -17 30 46 -18 -3 -24 29 -6 48 -14 -29 -4 31 34 56 -21 -1 -8 -25 38 -38 42 -41 -42 -37 -11 -36 -32 57 -48 -12 -50 -31 -51 54 -54 -47 -30 -2 58 -15 -59 -61 -62
right_child=1 3 24 6 5 8 10 -9 -10 43 11 -13 27 20 -16 16 17 -19 -20 33 -22 -23 23 36 -26 -27 -28 28 55 50 45 -33 -34 -35 44 39 37 -39 -40 40 41 -43 -44 -45 -46 52 47 -49 49 51 -52 -53 53 -55 -56 -57 -58 59 -60 60 61 -63
leaf_value=-0.00046093733065570439 0.0042601533676224785 -0.00058126509977010654 -0.0014079969412652776 0.0010673239415633861 0.00060515712833351151 0.00029737319631171057 -0.001343626532172323 -0.0016063124851335487 0.00097588023001083518 -3.7922186883029126e-05 -0.00159664415510856 0.0005181369072876738 0.00067726948736007079 0.00087526016023943966 -0.0026737840586460748 -0.00013253307591972903 8.784854156234723e-05 -0.0012038302629755482 -0.00054465815253003564 -0.0017376434166238648 0.0029914248448857754 0.00083104439433773756 -0.001754782902208618 -0.0012097150025108276 -0.00075052620015062584 0.00010248199928145044 -0.0023505864696523877 -0.001650978271247557 -0.0035485817088230856 -6.5197984013556475e-05 -0.0022659013802550205 -0.0024496295912569146 -0.0010303303100669455 0.002887638522858605 0.0018643558524148352 -0.00028056875456596931 0.0027782296588178723 -0.002371613778780647 -0.00016472731116374216 -0.00030605980310566679 0.0020337472589323862 9.8837175053421183e-05 -0.00084795254950082995 -0.0005114002517177073 -2.5494106344832205e-05 -0.0022500156185960804 -0.00011681052730265507 0.00027387320887164665 -0.0037262893719984405 -0.00020485501899138609 -0.00083925811537081225 0.0030530650203533191 -0.00079190520185864392 0.0014331822462868105 0.0010078591113273612 -0.00055738386623025923 5.4804594273427762e-05 0.00042226619573029701 -0.00027084027042196114 -0.00076420502459674142 0.00022736529800223505 0.0013003776969195374
leaf_weight=15748 127 12947 1603 3016 72634 51727 2695 17946 5359 71241 2449 1180 1212 1902 276 53553 19667 3213 33217 1629 410 7331 6013 5149 11362 12804 2580 3695 227 36068 288 487 7744 117 638 17848 524 541 1303 11284 1102 2540 14712 11621 30335 239 26453 48279 168 1031 3854 238 1991 723 5144 12072 950 142350 9465 2695 80068 2439
leaf_count=15748 127 12947 1603 3016 72634 51727 2695 17946 5359 71241 2449 1180 1212 1902 276 53553 19667 3213 33217 1629 410 7331 6013 5149 11362 12804 2580 3695 227 36068 288 487 7744 117 638 17848 524 541 1303 11284 1102 2540 14712 11621 30335 239 26453 48279 168 1031 3854 238 1991 723 5144 12072 950 142350 9465 2695 80068 2439
internal_value=-8.49758e-09 -0.000497619 0.000190366 -0.000779247 0.000234673 0.000272737 -0.000475531 -0.00119709 8.55175e-05 5.00585e-05 -0.000545478 -0.00123947 -0.000289769 0.000338321 0.000752954 -0.000227504 -0.000181551 0.000130806 -0.000290306 -0.000123433 0.000286222 0.000289678 -0.000919675 -0.00124344 -0.000309591 0.000529827 -0.00156025 -0.000744979 -0.000852791 -0.000188927 -8.24919e-05 -0.000170238 -0.000836827 -0.00142623 -0.000146427 -0.000439714 -0.000834222 -1.75806e-05 0.000680397 -0.000388387 -6.42806e-05 0.000684702 -0.000536955 -0.000104331 1.34931e-05 0.000411488 0.000282676 0.000135583 -0.00103505 -7.75179e-05 -0.000139944 0.000408088 0.000506987 -0.00019884 0.000862822 -0.000612876 0.000554192 0.000328685 -7.90072e-05 0.000349051 0.000226724 0.0002591
internal_weight=898223 248550 649673 105542 596786 539447 61119 44423 139948 134589 57827 7646 143008 399499 3292 125802 116981 30211 86770 57339 314061 26998 26477 13530 52887 85438 6466 17206 15994 41525 55593 47208 8821 1746 46721 50181 7517 2368 1827 47486 14926 3642 32560 82862 30973 8385 313651 74732 3886 1437 39922 1269 8097 2714 5383 12299 1077 238919 11367 227552 85202 82507
internal_count=898223 248550 649673 105542 596786 539447 61119 44423 139948 134589 57827 7646 143008 399499 3292 125802 116981 30211 86770 57339 314061 26998 26477 13530 52887 85438 6466 17206 15994 41525 55593 47208 8821 1746 46721 50181 7517 2368 1827 47486 14926 3642 32560 82862 30973 8385 313651 74732 3886 1437 39922 1269 8097 2714 5383 12299 1077 238919 11367 227552 85202 82507
is_linear=0
shrinkage=0.03


Tree=12
num_leaves=63
num_cat=0
split_feature=2 0 1 4 2 11 0 11 5 10 2 11 5 1 10 11 4 2 11 5 8 10 11 11 10 5 1 11 9 9 10 5 2 10 2 0 6 8 11 10 11 8 10 11 11 9 8 11 8 6 11 5 8 9 9 11 2 9 1 8 0 6
split_gain=88.9585 15.4528 15.1448 9.13537 7.34265 8.33113 7.28784 7.28697 5.25457 5.78623 4.63635 4.35226 4.44182 4.24978 4.17743 3.92518 3.84249 3.807 3.90427 3.74782 3.70873 3.70266 3.2523 3.05354 2.92796 2.85369 3.71524 2.81665 2.8129 2.80099 2.77075 2.95005 3.72071 2.70292 2.61035 2.57633 2.45999 2.41409 2.37222 2.35748 2.32835 2.5163 2.82034 2.52762 2.30197 2.28394 2.26461 2.2638 2.24564 2.91091 2.24155 3.21577 2.60521 2.49418 2.21549 2.20972 2.14711 2.14827 2.12034 2.11107 2.14142 3.6142
threshold=0.24217986314760512 0.40473790322580649 0.26806722689075635 -0.38057040998217462 0.44028520499108742 0.1885775862068966 0.13046218487394959 0.13484848484848486 0.38057040998217473 -0.10948191593352884 0.41302521008403364 0.15111561866125764 -0.21320346320346317 0.38057040998217473 0.34122983870967749 -0.31534090909090901 0.34122983870967749 -0.14928698752228159 0.47100840336134459 0.46922348484848492 -0.3461174242424242 0.18660714285714289 0.40767045454545459 0.48571428571428577 -0.43649193548387094 -0.46114369501466274 -0.37321428571428567 0.11527514231499054 0.44201680672268912 -0.47100840336134447 -0.44028520499108731 0.46922348484848492 0.47100840336134459 -0.26568627450980387 0.32085561497326209 -0.44028520499108731 0.41302521008403364 -0.014718614718614713 0.44028520499108742 -0.38403361344537806 -0.090992647058823525 0.47100840336134459 0.27772177419354843 -0.3461174242424242 -0.24239631336405529 -0.442016806722689 -0.37298387096774188 0.38057040998217473 -0.073593073593073585 -0.32555780933062872 0.26904761904761915 -0.26806722689075629 -0.43440860215053761 1.0000000180025095e-35 0.42266009852216752 -0.40767045454545447 0.47100840336134459 0.38403361344537817 0.21966911764705885 0.43844696969696978 -0.39858260019550334 -0.17694497153700187
decision_type=2 2 2 2 2 2 2 2 2 2 2 2 2 2 2 2 2 2 2 2 2 2 2 2 2 2 2 2 2 2 2 2 2 2 2 2 2 2 2 2 2 2 2 2 2 2 2 2 2 2 2 2 2 2 2 2 2 2 2 2 2 2
left_child=2 4 3 17 11 33 15 10 9 -8 36 16 -13 -4 30 48 34 25 -19 20 -7 35 -21 -23 -15 -1 -27 54 56 -22 31 32 58 -6 -2 -14 -3 50 -39 -10 41 42 -12 -44 -11 -34 55 -33 -5 -50 53 52 -52 -17 -26 -36 -16 -58 -9 -35 61 -61
right_child=1 7 13 6 5 19 8 14 39 44 40 12 21 24 28 37 -18 18 -20 22 29 23 -24 -25 27 26 -28 -29 -30 -31 -32 47 45 59 46 -37 -38 38 -40 -41 -42 -43 43 -45 -46 -47 -48 -49 49 -51 51 -53 -54 -55 -56 -57 57 -59 -60 60 -62 -63
leaf_value=-0.00027622621848219303 -6.6638339322235831e-05 -0.00060214841405933277 -5.9660501580836904e-05 0.00071832247517920693 -0.001854014114767179 0.0017072241388775052 0.0003419531964304222 -0.0010654891926789472 -0.0018203899346309186 0.00018264158328197092 -0.0018451659649287063 -0.00068975185976778318 -0.00098447501489380826 -0.0018043857925516486 -0.0015297867151359739 0.00029595264304473756 -0.00071330502954582761 -0.0003485216436724661 -0.0025431066561675828 -0.00040579902780946771 -0.0034494777523236824 -0.00027340944573721288 0.0013120930453288748 -0.0024640293603081453 -0.00068395114841625641 0.00027035475379802437 -0.0004736306102637678 -0.00013709832097061737 -0.00023465485085821331 -0.00055051583973501038 -0.00056395871560285555 -0.0022720145509720771 -0.0037209055212837072 -0.0012235888642295539 -0.0045246915554866237 0.00027904905650691001 -0.001365737789428153 0.0001710879970692178 0.00075491431992577541 0.0014044784042299041 -0.0019816242759000059 -0.00019265545925568753 -0.0038707755454815925 0.00086755022335763211 -0.00017879824942218915 0.0008549473736280533 -0.00038206819609590156 0.00043095358986778264 -0.00046967026726410835 0.00046770527945880512 -0.0013708875003577349 0.00034023115617299373 -6.919828737969377e-05 0.00056674923119601163 -0.0023231395389117326 -0.0010991666077731486 -0.0023694356249737421 -0.0059452976533603446 0.0032296045794989879 0.0031436859576704766 -0.00066672954691890016 -0.0022562029362759653
leaf_weight=17646 32944 10938 50379 36086 4519 648 43498 120 216 21383 4215 7870 1514 1548 2132 56674 21740 16681 762 1857 305 11055 2127 603 10133 43466 7015 11900 1109 15320 35230 450 154 8282 185 35150 5818 114295 6626 3449 7229 1663 119 650 61378 267 27420 730 3230 38649 1678 27734 7871 66576 800 1929 525 213 730 358 2271 161
leaf_count=17646 32944 10938 50379 36086 4519 648 43498 120 216 21383 4215 7870 1514 1548 2132 56674 21740 16681 762 1857 305 11055 2127 603 10133 43466 7015 11900 1109 15320 35230 450 154 8282 185 35150 5818 114295 6626 3449 7229 1663 119 650 61378 267 27420 730 3230 38649 1678 27734 7871 66576 800 1929 525 213 730 358 2271 161
internal_value=-8.70147e-09 -0.000482692 0.000184655 0.000236888 -0.000331197 -0.000714405 0.000286895 -0.000852048 9.43329e-05 6.1823e-05 -0.0012033 -0.000233356 -2.88782e-05 -0.000217015 -0.000593752 0.000356503 -0.000369786 -4.90876e-05 -0.000444533 -0.000313153 -0.000515055 7.87676e-05 0.000511458 -0.000386919 -0.000542146 5.21658e-05 0.000166961 -0.000456495 -0.00151812 -0.000607321 -0.000496104 0.000479058 0.00148137 -0.00123569 -0.000250245 0.000226848 -0.000867347 0.000304322 0.000203085 0.00121397 -0.0016089 -0.0012033 -0.00154041 0.000130237 -8.54118e-05 -0.000823731 -0.000455042 -0.00060089 0.000544871 0.000395399 0.000380576 0.000176748 -0.000298057 0.000442232 -0.000804097 -0.00140094 -0.00201381 -0.00340814 0.0026227 -0.000983177 -0.000269341 0.00146746
internal_weight=898223 248550 649673 574913 176258 35848 489343 72292 129924 126259 30632 140410 56192 74760 41660 359419 84218 85570 17443 20257 16273 48322 3984 11658 24381 68127 50481 22833 3979 15625 37681 2451 1271 15591 62478 36664 16756 281454 120921 3665 13876 6647 4984 769 82761 421 29534 1180 77965 41879 160533 37283 9549 123250 10933 2114 2870 738 850 11072 2790 519
internal_count=898223 248550 649673 574913 176258 35848 489343 72292 129924 126259 30632 140410 56192 74760 41660 359419 84218 85570 17443 20257 16273 48322 3984 11658 24381 68127 50481 22833 3979 15625 37681 2451 1271 15591 62478 36664 16756 281454 120921 3665 13876 6647 4984 769 82761 421 29534 1180 77965 41879 160533 37283 9549 123250 10933 2114 2870 738 850 11072 2790 519
is_linear=0
shrinkage=0.03


Tree=13
num_leaves=63
num_cat=0
split_feature=2 0 1 4 2 11 11 0 2 10 5 1 4 10 11 5 11 5 2 11 8 10 3 2 11 11 8 10 5 1 11 10 10 8 11 10 11 3 8 3 8 11 5 1 6 8 10 6 5 11 4 6 3 11 10 6 11 4 2 11 8 5
split_gain=83.7021 14.5403 14.2798 8.81461 6.89281 7.89782 6.89079 6.06655 4.52291 4.45178 5.22684 4.39757 4.33813 3.97899 3.97417 4.84587 3.7086 3.60724 3.58547 3.67405 3.51833 3.25308 3.07904 3.03047 3.84101 2.97536 2.83827 2.75505 2.69027 3.46831 2.65025 2.54285 2.53036 2.50948 2.48095 2.43184 2.30942 2.26657 2.23282 2.22887 2.22843 2.22961 2.17279 2.62488 2.16413 2.46248 2.18234 2.14115 2.13244 2.12084 2.49104 2.61083 2.09595 2.93766 2.08505 2.10795 2.20386 2.08255 2.05357 2.04698 3.24346 4.77133
threshold=0.24217986314760512 0.40767045454545459 0.2573593073593074 -0.38057040998217462 0.44028520499108742 0.1885775862068966 0.14076246334310852 0.13046218487394959 0.41302521008403364 -0.10948191593352884 0.38057040998217473 0.38057040998217473 0.45529953917050697 -0.12284482758620689 0.15571120689655174 -0.21320346320346317 -0.31534090909090901 0.46922348484848492 -0.14928698752228159 0.47100840336134459 -0.28456439393939387 0.28456439393939398 0.23128342245989311 0.47014260249554374 0.47100840336134459 0.40767045454545459 -0.38057040998217462 -0.43649193548387094 -0.46114369501466274 -0.37321428571428567 0.11527514231499054 0.35071301247771841 -0.26568627450980387 0.23431372549019611 -0.26568627450980387 -1.0000000180025095e-35 0.46720430107526889 0.436491935483871 0.29049111807732503 -0.46922348484848481 -0.014718614718614713 0.44028520499108742 0.3550420168067227 0.078201368523949225 0.32807881773399022 -0.096874999999999975 -0.38403361344537806 0.44028520499108742 0.44028520499108742 -0.090992647058823525 0.48571428571428577 0.47857142857142865 0.27281105990783416 0.46824596774193555 0.43218390804597706 0.10303030303030304 -0.24239631336405529 0.23128342245989311 0.47100840336134459 0.26904761904761915 -0.35504201680672259 -0.35504201680672259
decision_type=2 2 2 2 2 2 2 2 2 2 2 2 2 2 2 2 2 2 2 2 2 2 2 2 2 2 2 2 2 2 2 2 2 2 2 2 2 2 2 2 2 2 2 2 2 2 2 2 2 2 2 2 2 2 2 2 2 2 2 2 2 2
left_child=2 4 3 18 12 32 8 16 34 -9 54 -4 14 44 22 -16 38 20 28 -20 -7 39 33 26 -25 -19 -15 -13 -1 37 -29 35 -6 -2 57 -26 -23 -30 -5 -17 59 -42 43 -41 45 -8 -47 -36 -28 50 51 -10 -22 -54 55 56 -11 -3 -51 -18 61 -61
right_child=1 6 11 7 5 17 13 9 49 10 -12 27 -14 23 15 21 40 25 19 -21 52 36 -24 24 31 -27 48 30 29 -31 -32 -33 -34 -35 47 -37 -38 -39 -40 42 41 -43 -44 -45 -46 46 -48 -49 -50 58 -52 -53 53 -55 -56 -57 -58 -59 -60 60 -62 -63
leaf_value=-0.00026793990241395538 -5.6766217171415493e-05 0.00010875242156638748 -4.7235364018085204e-05 0.00059932768470347131 -0.0017984060237210694 0.0012756165361583693 0.00032073603181020525 0.00035135346902928665 -0.0017785561806157402 0.0005702686385266547 0.0014002869123121366 -0.0017502891713305569 -0.0010274727223807047 0.0016511739639520466 -0.0006782474002907594 -0.0012667604729303056 0.00042786063077311301 -0.00036967423741841084 -0.00033800665925573785 -0.0024669134672694539 -0.00079771095655703983 -0.0002865015610484792 -0.00059343838587351191 -0.0016798997999521905 -0.001451738935668303 0.0012727487569837218 -0.00097001729317459874 -0.00077998225017066622 0.00028432047767372232 -0.00045681282407016098 -0.00013298570108012951 -0.0032675236272179096 -0.0009558447684393013 -0.00048626824713977429 -0.00035539560321346669 0.00085405517323326014 -0.0021413236896202351 -0.0018630369811400069 0.00015502089142371007 0.00056136090592730605 0.00016610958557539964 0.00073604842583409617 0.00064139584152059562 -7.2830995895172663e-05 -3.6876330943918636e-05 2.8269621701184071e-05 -0.0016029193402879651 -0.0012337257945821852 -0.00022042405567287683 -0.0014830879550137928 -0.00020534440519082384 0.00032703676633306288 -0.00049741909884344919 0.001467813927048285 -0.0004609732888883239 -0.00016493702995228811 1.7324532977329238e-05 -0.0016725950030103502 -0.0024850502090250151 -0.0018677798313213108 0.00036215129879814482 -1.4959348253886448e-05
leaf_weight=17646 37362 691 59265 65256 4519 945 1377 42664 4258 8890 2246 1548 5833 497 7846 864 122191 1860 16678 762 11909 6417 25925 6089 594 2127 8094 10933 43020 7010 11900 218 11074 18210 8754 1335 666 446 12062 8659 112974 6534 10422 18255 13129 1011 2734 3495 5910 4442 1782 605 2483 944 10490 36224 23996 4062 3153 1427 25426 10085
leaf_count=17646 37362 691 59265 65256 4519 945 1377 42664 4258 8890 2246 1548 5833 497 7846 864 122191 1860 16678 762 11909 6417 25925 6089 594 2127 8094 10933 43020 7010 11900 218 11074 18210 8754 1335 666 446 12062 8659 112974 6534 10422 18255 13129 1011 2734 3495 5910 4442 1782 605 2483 944 10490 36224 23996 4062 3153 1427 25426 10085
internal_value=-9.92052e-09 -0.000468216 0.000179115 0.000233183 -0.000321351 -0.000692567 -0.000826717 0.000283142 -0.00116234 0.000102899 -2.66164e-05 -0.000186757 -0.00022657 -0.000570872 -0.000191862 1.00144e-05 0.000346189 -0.000302041 -4.73563e-05 -0.00043116 -0.000500093 0.000129279 -0.000323466 -0.000835688 -0.00129525 0.000506631 -0.000574606 -0.000525887 5.09068e-05 0.000162376 -0.000442804 -0.000204076 -0.00120013 -0.000197513 -0.000831917 0.000143644 -0.000461184 0.000262244 0.000530016 0.000238771 0.000295178 0.000197276 0.000273644 0.00013122 -0.000240937 -0.000763889 -0.00116267 -0.000606089 -0.000653711 -0.00155677 -0.00116503 -0.00151659 -0.000609587 4.41934e-05 -6.68951e-05 -7.07338e-06 0.000166813 -0.00141365 -0.00189932 0.000368702 0.000172997 -0.000244773
internal_weight=898223 248550 649673 566027 176320 35861 72230 480465 31242 124510 81846 83646 140459 40988 134626 53129 355955 20268 85562 17440 16281 45283 81497 22737 8236 3987 14501 24381 68122 50476 22833 2147 15593 55572 17002 1929 7083 43466 77318 38200 278637 119508 37336 26914 18251 5122 3745 12249 14004 14240 6645 4863 15336 3427 79600 69110 32886 4753 7595 159129 36938 11512
internal_count=898223 248550 649673 566027 176320 35861 72230 480465 31242 124510 81846 83646 140459 40988 134626 53129 355955 20268 85562 17440 16281 45283 81497 22737 8236 3987 14501 24381 68122 50476 22833 2147 15593 55572 17002 1929 7083 43466 77318 38200 278637 119508 37336 26914 18251 5122 3745 12249 14004 14240 6645 4863 15336 3427 79600 69110 32886 4753 7595 159129 36938 11512
is_linear=0
shrinkage=0.03


Tree=14
num_leaves=63
num_cat=0
split_feature=2 1 2 0 5 4 7 7 0 2 10 10 10 6 7 9 7 0 7 5 5 2 9 8 5 9 8 10 1 5 7 7 0 6 6 9 8 8 8 8 1 10 10 9 9 6 7 9 5 5 10 0 10 7 2 7 5 7 7 10 10 2
split_gain=79.0311 19.1737 10.6444 8.07747 8.07093 4.56378 5.25471 4.07405 4.02889 3.91056 3.40296 3.21732 3.20934 4.97711 3.5995 3.0587 3.74569 2.91071 2.84471 2.69103 2.51235 2.4982 4.27758 4.31654 3.11223 2.6381 2.43569 2.91343 2.35603 2.31885 2.36045 2.20848 2.19452 2.24673 2.14382 2.12606 2.12517 2.1223 2.0942 2.07489 2.05878 2.0568 2.03814 2.32215 2.0267 2.01055 2.00293 1.94766 1.94166 2.72359 1.92153 1.91752 3.08809 1.90552 1.95015 1.89235 1.84175 2.00367 2.73785 5.05719 3.92822 2.56041
threshold=0.3133928571428572 0.38057040998217473 0.022350230414746545 0.40767045454545459 -0.41042780748663094 -0.32605042016806712 0.096875000000000003 0.48571428571428577 0.10450089126559715 0.3928571428571429 -0.40767045454545447 -0.442016806722689 -0.090992647058823525 0.44201680672268912 0.47100840336134459 0.31534090909090917 0.29705882352941182 0.40767045454545459 -0.46824596774193544 0.42535650623885923 0.41302521008403364 0.44028520499108742 -0.11527514231499052 0.40767045454545459 0.41302521008403364 0.34611742424242431 -0.27281105990783405 0.40767045454545459 0.078201368523949225 -0.47100840336134447 -0.38403361344537806 -0.43844696969696967 -0.21651785714285712 0.3550420168067227 -0.44028520499108731 -0.24642857142857141 -0.11527514231499052 0.17694497153700192 -0.15669642857142854 -1.0000000180025095e-35 0.4781385281385282 -0.078201368523949141 -0.38403361344537806 -0.15571120689655168 0.096875000000000003 -0.47014260249554363 -0.44028520499108731 0.34611742424242431 0.1566964285714286 0.36730205278592382 -0.47014260249554363 0.13046218487394959 -0.43649193548387094 0.3550420168067227 0.47100840336134459 0.40767045454545459 -0.41302521008403353 0.27346041055718479 0.46720430107526889 0.22570532915360506 0.44201680672268912 0.47100840336134459
decision_type=2 2 2 2 2 2 2 2 2 2 2 2 2 2 2 2 2 2 2 2 2 2 2 2 2 2 2 2 2 2 2 2 2 2 2 2 2 2 2 2 2 2 2 2 2 2 2 2 2 2 2 2 2 2 2 2 2 2 2 2 2 2
left_child=1 2 4 7 29 -4 20 21 34 -5 -9 55 13 14 18 16 -10 -17 -11 28 51 25 24 26 38 -2 -24 46 41 -1 36 -20 -13 -34 -6 -14 -31 -32 45 -29 -16 -8 48 -44 -15 -23 -28 -35 -33 -50 -36 -7 -53 54 -48 -3 -37 -58 60 -60 -59 -61
right_child=3 11 5 9 8 6 19 10 15 12 -12 32 35 44 40 17 -18 -19 31 -21 -22 22 23 -25 -26 -27 27 39 -30 30 37 42 33 47 50 56 -38 -39 -40 -41 -42 -43 43 -45 -46 -47 53 -49 49 -51 -52 52 -54 -55 -56 -57 57 58 59 61 -62 -63
leaf_value=-0.00049888369934595277 -0.00021903272576232426 -0.0013261337785762197 -0.00045175776446998472 -0.00045246178305639043 6.4273332502159836e-06 0.00025616287977083598 0.0004424774520070572 -0.0030713304124114203 0.00032705605702267732 -0.0047156032266496206 -0.0008942679702999049 -0.0013448230607414605 -0.0023097996819858432 -0.00036303859329523243 -0.0013188373652273711 -3.7980162113152159e-05 -0.000204659230595983 -0.0011565802986237335 0.0020159782055640518 0.00068352009592196185 0.0010743708844581164 0.003274310921494673 0.00066568172608587556 0.00047924888495768053 -0.00021171615112335518 -0.00072964115844875038 -0.0018264299703359835 0.00021256581954234703 -0.00026123805964720082 -7.9237617874645627e-05 0.00029346054997132754 -0.0030852738561368259 -0.00023073882312467622 -0.00060820172005001251 -0.00023477364134659304 -0.0051890509830105416 -0.00094125801802326739 -0.00023214224689564679 -0.0013681641799438732 -0.0033269475280259982 0.0015198478279924343 -0.00010976382249345699 -0.0020405599460758994 -0.00090361103667881604 0.0015983715209726905 -0.00049906088050428652 -0.00061048718140143689 -0.0018145477066269665 0.0016632020107015945 -0.00089613229171991624 0.00039866698189879057 0.0010557063433941053 -4.8782395863074473e-05 -0.0012476723758582796 0.00045330143277093034 -0.0038786743067159876 -0.00066337602568172359 -0.0019228761974926069 -0.00039323312854993382 -0.0010212412110691843 0.00086556937892517634 -0.0027387852362871909
leaf_weight=9647 72852 1299 17638 17781 13896 71762 9136 724 71315 222 5966 2425 1509 10761 354 20873 14317 2326 178 3580 2761 142 1254 4918 3676 10407 1043 197 59620 8237 23945 243 21036 8842 4380 100 3743 9720 9805 610 652 18081 4235 2619 495 1141 3863 1394 500 1478 267417 2402 43901 1978 2590 327 6070 6744 5479 1521 487 1609
leaf_count=9647 72852 1299 17638 17781 13896 71762 9136 724 71315 222 5966 2425 1509 10761 354 20873 14317 2326 178 3580 2761 142 1254 4918 3676 10407 1043 197 59620 8237 23945 243 21036 8842 4380 100 3743 9720 9805 610 652 18081 4235 2619 495 1141 3863 1394 500 1478 267417 2402 43901 1978 2590 327 6070 6744 5479 1521 487 1609
internal_value=-1.05085e-08 0.000142919 0.000178385 -0.000554041 0.000263133 1.183e-05 5.05398e-05 -0.000410745 0.000310706 -0.000829466 -0.0011303 -0.000538512 -0.000977577 -0.000714733 -0.00118514 0.000155376 0.000238156 -0.000150179 -0.00136628 -0.000122425 0.000179973 -0.000368684 -0.000597558 -0.00026487 -0.000968263 -0.000282864 -0.000582143 -0.000734393 -0.000155659 -7.63118e-05 1.30071e-05 -0.00128543 -0.000475584 -0.000408137 0.000369877 -0.00122047 -0.000348621 0.000141702 -0.00121904 -0.00246371 0.000520629 7.56179e-05 -0.0013504 -0.00160631 -0.000276648 -7.92064e-05 -0.000586845 -0.00077265 -0.000560271 -0.000248669 0.000388458 0.000159049 8.53528e-06 -0.000433297 -0.000183517 -0.00184154 -0.00114568 -0.00112699 -0.0013046 -0.000942937 -0.00173498 -0.00190475
internal_weight=898223 714020 678697 184203 449816 228881 211243 121166 394524 63037 6690 35323 45256 21737 10481 108831 85632 23199 9475 90417 120826 114476 31217 16453 14764 83259 11535 10281 86837 55292 45645 9253 33697 31272 285693 23519 11980 33665 11088 807 1006 27217 9075 6854 11256 1283 9474 10236 2221 1978 271797 118065 46303 8431 6453 1626 22010 21910 15840 8609 7231 3130
internal_count=898223 714020 678697 184203 449816 228881 211243 121166 394524 63037 6690 35323 45256 21737 10481 108831 85632 23199 9475 90417 120826 114476 31217 16453 14764 83259 11535 10281 86837 55292 45645 9253 33697 31272 285693 23519 11980 33665 11088 807 1006 27217 9075 6854 11256 1283 9474 10236 2221 1978 271797 118065 46303 8431 6453 1626 22010 21910 15840 8609 7231 3130
is_linear=0
shrinkage=0.03


Tree=15
num_leaves=63
num_cat=0
split_feature=2 1 11 2 2 5 11 10 4 3 5 4 9 11 3 0 3 0 5 10 11 11 9 0 10 6 9 10 2 5 1 5 1 1 5 11 6 11 5 10 2 3 0 5 11 9 6 2 2 10 2 4 11 2 10 5 2 11 2 11 5 0
split_gain=74.3613 18.0409 11.7006 10.9268 10.0153 7.59397 6.4508 5.3146 4.29408 4.42162 4.35522 3.84032 3.79694 5.84039 3.53478 3.70112 3.46051 3.26005 3.13041 3.04316 2.94842 2.88428 2.84925 2.71404 2.70034 2.69705 2.69467 2.64767 2.64653 2.46343 2.50887 2.7813 2.76071 2.46061 2.55056 2.38279 2.28869 2.27991 2.33947 2.23218 2.22542 2.50802 2.1836 2.18182 2.84827 2.45422 2.25108 2.15643 2.14841 2.13659 2.07203 2.16955 2.06012 2.32536 2.04206 2.02904 2.00889 2.09983 2.0057 2.92483 2.56117 2.00583
threshold=0.3133928571428572 0.38057040998217473 0.15571120689655174 0.41302521008403364 0.022350230414746545 -0.41042780748663094 -0.23861480075901326 0.26568627450980398 -0.32605042016806712 0.22301136363636367 0.38057040998217473 0.29099821746880572 -0.14611005692599616 -0.46824596774193544 -0.442016806722689 0.40767045454545459 0.053605313092979119 -0.3461174242424242 0.47014260249554374 -0.28456439393939387 0.11527514231499054 0.47100840336134459 0.44201680672268912 0.44201680672268912 -0.41042780748663094 -0.44028520499108731 0.37298387096774199 -0.078201368523949141 -0.34330357142857137 -0.20777988614800755 0.436491935483871 0.3550420168067227 0.38057040998217473 0.089572192513369023 -0.015640273704789816 0.47100840336134459 0.46720430107526889 0.40473790322580649 0.13046218487394959 0.10948191593352886 -0.23861480075901326 0.44028520499108742 -0.21651785714285712 -0.47100840336134447 -0.4226600985221674 -0.43844696969696967 0.47100840336134459 0.15945378151260506 0.40473790322580649 -0.442016806722689 0.3928571428571429 0.38403361344537817 0.023326572008113614 -0.45529953917050686 0.3550420168067227 0.44028520499108742 -0.47014260249554363 -0.38403361344537806 0.47100840336134459 0.34122983870967749 0.096875000000000003 0.4781385281385282
decision_type=2 2 2 2 2 2 2 2 2 2 2 2 2 2 2 2 2 2 2 2 2 2 2 2 2 2 2 2 2 2 2 2 2 2 2 2 2 2 2 2 2 2 2 2 2 2 2 2 2 2 2 2 2 2 2 2 2 2 2 2 2 2
left_child=1 4 3 11 5 43 56 14 21 18 27 -2 13 -5 -4 29 25 -14 33 28 -21 -6 23 -9 58 -8 36 -11 -3 -16 31 32 -31 34 -10 48 -18 38 -32 -36 -22 42 47 52 45 -45 -47 -42 -26 -27 51 -25 53 -1 -52 -43 57 -7 59 -17 -60 -61
right_child=2 19 7 12 8 6 16 22 9 10 -12 -13 17 -15 15 24 26 -19 -20 20 40 -23 -24 50 35 49 -28 -29 -30 30 37 -33 -34 -35 39 -37 -38 -39 -40 -41 41 55 -44 44 -46 46 -48 -49 -50 -51 54 -53 -54 -55 -56 -57 -58 -59 60 61 -62 -63
leaf_value=-0.0020660729876153198 -0.00026226223220990308 -0.0028568156212511755 -0.0010677145107453494 0.0020838915217855289 -0.00035577818280413436 -0.0016474334668217987 -0.00016317474935248621 -0.00076732388272502121 0.00011020652928338992 1.5768954390718929e-05 0.00048542343010952543 -0.00076970162101978195 0.0001552728205268742 -0.0016617979203264609 -0.00059799103268982012 -0.0004011317444839389 0.0001793894273326427 -0.001060620747836506 0.0021751296411909255 -0.00068302784579415997 0.001002559644029696 -0.0022241392921516687 5.2260796591720095e-05 -0.0028100755701378965 -0.00014164247819340649 -0.00023586640745033825 -0.00028053320617035614 -0.0003991962902299528 -0.00087230466636450238 0.00014983096690972838 0.0021018446585074424 0.00068765477762486858 -0.001012675289913517 -1.6975652687040401e-06 0.00068430585803493657 4.3948229720614045e-05 -0.00068393303512728721 0.00016335988087097056 -0.00086165486094784763 0.00016249563468855803 0.00016786947674671244 -0.0015735121500600685 0.00024564487061749465 -0.0020350054042661153 -5.2373956665620814e-05 0.0012773654370591542 -0.0030788049807597417 -0.0029219604369065521 -0.00082663421579400671 0.000348957828462887 -0.0013915686517788726 0.00081276413151625026 -4.8338489782007036e-05 -0.00054221841099767764 -0.0031200190910982053 -0.00015968080896669741 0.000509942341968668 0.00039260845762245406 -0.0049852957410792655 0.0012370540361518068 -8.4780785777314714e-05 0.0041141753556439651
leaf_weight=1203 27177 658 4148 384 16861 797 10613 7575 47248 22204 8449 26524 2216 14174 5439 739 78897 18986 678 13633 1571 777 2484 218 5462 5816 15649 36728 7393 20064 250 8292 2023 65722 17407 5401 2863 4741 5376 12807 403 1793 7601 240 42453 2842 110 409 16788 168257 1289 463 4855 3589 1181 1862 110579 1053 101 777 1628 303
leaf_count=1203 27177 658 4148 384 16861 797 10613 7575 47248 22204 8449 26524 2216 14174 5439 739 78897 18986 678 13633 1571 777 2484 218 5462 5816 15649 36728 7393 20064 250 8292 2023 65722 17407 5401 2863 4741 5376 12807 403 1793 7601 240 42453 2842 110 409 16788 168257 1289 463 4855 3589 1181 1862 110579 1053 101 777 1628 303
internal_value=-1.14702e-08 0.000138631 -0.000537425 -0.000783478 0.000173033 0.000255239 0.000301385 -0.00030508 1.14754e-05 4.9024e-05 -0.000151526 -0.000512906 -0.00118977 -0.00156286 -0.000214632 -0.000168891 0.0002248 -0.000933536 0.000142956 -0.000522364 -0.000371046 -0.000438206 -0.000863269 -0.00107528 -0.000421316 0.000301109 8.01184e-05 -0.000242851 -0.00103483 1.63363e-06 8.16875e-05 0.000219204 4.33133e-05 0.000133319 0.00024787 -0.000521291 0.00014915 -0.000321268 -0.000729617 0.000463136 -5.91741e-05 -0.000197461 8.76168e-05 -7.40232e-05 1.26163e-05 0.00087672 0.00111405 -0.00139014 -0.000658494 0.000329417 -0.00181512 -0.00034939 -0.000483919 -0.000925123 -0.00221893 -0.000853492 0.000493539 -0.000486679 0.00035776 0.00105291 -0.000373762 0.00204731
internal_weight=898223 714020 184203 89461 678697 449816 394524 94742 228881 211243 67381 53701 35760 14558 81532 77384 282095 21202 143862 35323 27272 17638 13210 10726 31199 184686 97409 58932 8051 46185 40746 30379 22087 143184 77462 27651 81760 10367 5626 30214 13639 12068 8413 55292 45645 3192 2952 812 22250 174073 3151 681 9647 4792 2470 3655 112429 1850 3548 1819 1729 1080
internal_count=898223 714020 184203 89461 678697 449816 394524 94742 228881 211243 67381 53701 35760 14558 81532 77384 282095 21202 143862 35323 27272 17638 13210 10726 31199 184686 97409 58932 8051 46185 40746 30379 22087 143184 77462 27651 81760 10367 5626 30214 13639 12068 8413 55292 45645 3192 2952 812 22250 174073 3151 681 9647 4792 2470 3655 112429 1850 3548 1819 1729 1080
is_linear=0
shrinkage=0.03


Tree=16
num_leaves=63
num_cat=0
split_feature=1 3 8 4 1 5 7 9 3 6 1 7 5 3 7 1 9 5 1 5 0 0 8 7 5 0 6 10 7 3 10 9 10 8 9 10 0 10 6 10 6 6 10 1 8 8 7 6 0 10 7 8 7 10 10 1 10 3 5 7 7 0
split_gain=62.4874 13.5108 8.96487 6.56025 6.41631 5.74739 6.14945 6.30107 4.86258 4.74935 3.61637 3.44627 3.13275 3.06477 3.02047 2.87457 2.7505 2.58141 2.69331 3.09578 2.44662 2.40712 2.38084 2.3073 2.28104 2.25561 2.35296 3.29393 2.26248 2.22948 2.34421 2.20702 2.11933 2.2388 2.02496 2.83302 2.01034 1.98515 1.87135 1.85144 2.04267 1.85081 1.84819 2.21555 2.02233 1.83349 2.24423 2.05396 1.82437 2.87212 1.82161 1.75259 2.29754 2.45725 2.86603 1.97566 1.75213 1.7468 1.74144 1.94806 1.65905 1.65335
threshold=0.38057040998217473 0.22301136363636367 0.23861480075901334 -0.35504201680672259 0.10948191593352886 0.38057040998217473 0.31534090909090917 0.38403361344537817 0.436491935483871 -0.193312434691745 -0.022350230414746538 -0.46133004926108367 -0.38403361344537806 -0.35504201680672259 -0.442016806722689 0.2573593073593074 0.37298387096774199 0.10450089126559715 -0.10450089126559715 -0.057983193277310933 -0.442016806722689 -0.47014260249554363 0.44028520499108742 -0.38057040998217462 0.36730205278592382 0.40767045454545459 0.47857142857142865 0.12284482758620692 -0.073593073593073585 0.48571428571428577 -0.43649193548387094 0.25378787878787884 0.32807881773399022 0.46922348484848492 -0.442016806722689 -0.41042780748663094 0.37119815668202771 0.48571428571428577 -0.46922348484848481 0.23431372549019611 -0.38403361344537806 0.17156862745098042 -0.17156862745098037 0.47014260249554374 -0.442016806722689 -0.32555780933062872 0.46720430107526889 0.436491935483871 0.44028520499108742 -0.32807881773399011 -0.47014260249554363 -0.16190476190476188 -0.41042780748663094 0.19331243469174511 0.46824596774193555 -0.43202764976958524 -0.20294117647058821 -0.47014260249554363 -0.014495798319327733 0.30947580645161293 -0.4499999999999999 0.4781385281385282
decision_type=2 2 2 2 2 2 2 2 2 2 2 2 2 2 2 2 2 2 2 2 2 2 2 2 2 2 2 2 2 2 2 2 2 2 2 2 2 2 2 2 2 2 2 2 2 2 2 2 2 2 2 2 2 2 2 2 2 2 2 2 2 2
left_child=1 2 3 10 17 6 7 11 20 37 23 22 -11 -6 -13 -7 25 18 51 50 21 -2 -3 57 29 -10 28 58 39 30 -16 -31 -14 -34 -30 61 -8 -4 -15 40 -27 -23 48 44 -44 -37 -47 -48 -22 -50 -20 56 -53 -54 55 -55 -5 -1 -28 -60 -52 -36
right_child=8 5 9 4 13 15 36 -9 16 12 -12 14 32 38 24 -17 -18 -19 19 -21 42 41 -24 -25 -26 26 27 -29 34 31 -32 -33 33 -35 35 45 -38 -39 -40 -41 -42 -43 43 -45 -46 46 47 -49 49 -51 60 52 53 54 -56 -57 -58 -59 59 -61 -62 -63
leaf_value=0.00043225843514151064 -0.00048368787307119841 -0.00083197692213604721 -0.0004458641008697104 0.00026819901783342522 -0.00051020230141701414 0.001015898666793239 -0.00038982344167137495 -0.00069053327255278211 0.00050726672268261224 -0.00039467884355783066 -0.0019629872378260239 0.0016050288255381104 0.00017857642462024164 -0.00095969438679372734 0.00061008742330885221 0.00014990227919145881 -0.0015798803106149078 0.00060714398840521161 -0.0019335519103735712 0.00033788325197682328 -0.00070043025402822309 -0.0019057746434990089 -0.0049941540642663143 0.0001228979242069803 -0.00089301783240787469 -0.0025048420276407141 -0.0041183018010760688 -0.0013222563194731042 -0.0021625334518383314 -0.00060096503179762743 -7.0024875359692662e-06 -0.0036159630054947334 -0.00031819010051326312 0.00071207085854426756 -0.00053249244537830625 0.00046836295736074032 -0.00090316922750150049 0.0013297568470658251 0.00013375150142213877 0.001374145600917237 -0.00024834437699055705 -0.0055008843558726405 0.0015268486201876841 -0.0007472263524827945 -0.00023338655513191378 -0.0012846817256951389 0.00029139778803551856 -0.00094193065699417293 0.0017411958404152197 -0.0009431653732776006 0.0023641363566027089 -0.00032591309015010916 0.00045915478380757812 -0.0034836814517148992 0.00086326510050501913 -5.9580571594438917e-06 0.00058339543312853641 -0.00028292514002576063 0.001879774357342278 -0.00027777044163141166 4.8361576392429508e-06 0.0012113572355422443
leaf_weight=3473 1297 3038 26744 22032 7647 4590 17680 14551 1188 13066 841 1047 68944 1431 5880 13879 4245 31157 433 58182 23364 1073 128 58131 2588 412 102 3279 1384 1901 95664 246 15360 2165 1479 674 11227 578 86440 532 2873 146 597 8376 33258 18619 1610 4951 718 715 269 5001 50788 147 3790 22114 56799 26674 390 10260 41326 730
leaf_count=3473 1297 3038 26744 22032 7647 4590 17680 14551 1188 13066 841 1047 68944 1431 5880 13879 4245 31157 433 58182 23364 1073 128 58131 2588 412 102 3279 1384 1901 95664 246 15360 2165 1479 674 11227 578 86440 532 2873 146 597 8376 33258 18619 1610 4951 718 715 269 5001 50788 147 3790 22114 56799 26674 390 10260 41326 730
internal_value=-1.19743e-08 9.93163e-05 0.000166226 0.000225873 0.000279241 -0.000134891 -0.000194884 -0.000103718 -0.000630355 -5.79025e-05 -6.21516e-06 -2.64336e-05 3.82707e-05 6.58016e-05 2.34703e-06 0.000365167 -0.000847628 0.000349051 0.000318225 0.000196167 -0.00046561 -0.00138389 -0.00100178 1.24485e-05 -1.34566e-05 -0.000783483 -0.000815916 -0.000490051 -0.000953349 8.50454e-06 2.87363e-05 -0.000947942 0.000103696 -0.000190881 -0.00104242 -0.000987109 -0.000589223 -0.000408253 0.000115934 -0.000266061 -0.000532027 -0.00234052 -0.000431121 -0.000310396 -0.000202302 -0.00107521 -0.00111655 -0.000639287 -0.000636702 0.000402101 -2.33369e-08 0.000394351 0.000297102 0.000337654 0.000100771 -2.90786e-05 0.000495308 -0.000200523 -0.000236157 -0.000198593 2.01505e-05 4.40784e-05
internal_weight=898223 775951 603532 476675 387556 172419 153950 125043 122272 126857 89119 110492 99535 95518 107326 18469 52728 292038 260881 100210 69544 2516 3166 88278 106279 48483 47295 14031 33264 103691 101544 2147 86469 17525 29447 28063 28907 27322 87871 3817 3285 1219 67028 42231 33855 25854 25180 6561 24797 1433 42028 160671 81840 76839 26051 22261 78831 30147 10752 10650 41595 2209
internal_count=898223 775951 603532 476675 387556 172419 153950 125043 122272 126857 89119 110492 99535 95518 107326 18469 52728 292038 260881 100210 69544 2516 3166 88278 106279 48483 47295 14031 33264 103691 101544 2147 86469 17525 29447 28063 28907 27322 87871 3817 3285 1219 67028 42231 33855 25854 25180 6561 24797 1433 42028 160671 81840 76839 26051 22261 78831 30147 10752 10650 41595 2209
is_linear=0
shrinkage=0.03


Tree=17
num_leaves=63
num_cat=0
split_feature=2 1 2 11 4 11 8 3 5 3 9 1 11 9 4 5 9 11 2 9 1 11 11 2 11 7 8 3 7 2 5 8 11 7 11 3 8 6 6 4 3 1 6 9 1 8 1 11 5 8 11 2 7 11 9 2 2 8 6 9 8 11
split_gain=67.4465 11.5839 11.5514 11.7921 7.277 5.41274 4.91355 3.65918 3.6496 3.73814 4.13562 3.58447 3.46887 5.55328 4.29886 3.30721 3.29068 6.19368 3.19682 3.44993 3.11099 4.42543 5.59154 2.95825 2.94447 2.8637 2.79987 2.7375 2.71413 2.59839 2.58629 2.53183 3.02942 2.53148 2.52734 2.49801 3.15163 2.48629 2.46836 2.46296 2.98463 2.33259 2.30498 2.2973 2.27432 2.25963 2.29613 2.25938 2.80647 2.69449 2.66859 2.55964 2.44592 3.05182 2.84674 2.48438 2.45702 2.59566 2.38972 2.25833 2.24382 2.17825
threshold=0.24217986314760512 0.2573593073593074 0.3928571428571429 0.1566964285714286 -0.41302521008403353 -0.24642857142857141 -0.28456439393939387 0.44028520499108742 0.41042780748663105 0.14611005692599624 0.35960591133004927 0.4781385281385282 0.28456439393939398 0.33602150537634418 0.34122983870967749 0.32605042016806729 -0.14611005692599616 -0.46824596774193544 -0.037053571428571429 -0.23431372549019605 0.44870129870129877 -0.14611005692599616 -0.32085561497326193 0.44028520499108742 0.48571428571428577 0.21198156682027655 0.46824596774193555 -0.442016806722689 0.31534090909090917 -0.47014260249554363 -0.32085561497326193 -0.090992647058823525 -0.46922348484848481 0.40473790322580649 0.37689393939393945 -0.30322580645161284 0.436491935483871 0.46922348484848492 -0.21651785714285712 -0.32605042016806712 0.23128342245989311 0.44028520499108742 -0.47100840336134447 0.43844696969696978 -0.32605042016806712 0.044155844155844122 -0.022350230414746538 0.22144396551724141 0.20777988614800766 -0.41302521008403353 0.34122983870967749 -0.29705882352941171 -0.044155844155844164 -0.015640273704789816 -0.23030303030303029 -0.46922348484848481 -0.27346041055718467 -0.39113300492610831 -0.442016806722689 -0.225705329153605 -0.47100840336134447 0.44201680672268912
decision_type=2 2 2 2 2 2 2 2 2 2 2 2 2 2 2 2 2 2 2 2 2 2 2 2 2 2 2 2 2 2 2 2 2 2 2 2 2 2 2 2 2 2 2 2 2 2 2 2 2 2 2 2 2 2 2 2 2 2 2 2 2 2
left_child=1 4 12 16 24 15 11 27 9 47 -11 -5 14 30 39 18 17 -4 29 -20 35 22 -22 44 34 -26 -25 -3 -15 -6 -14 -31 -33 -28 45 36 -18 -24 -38 -2 42 -32 -41 -29 -19 46 -1 52 49 51 58 -49 54 55 -7 -54 57 -57 -51 -47 -36 -8
right_child=2 7 3 6 5 8 61 -9 -10 10 -12 -13 13 28 -16 -17 20 23 19 -21 21 -23 37 26 25 -27 33 43 -30 31 41 32 -34 -35 60 -37 38 -39 -40 40 -42 -43 -44 -45 -46 59 -48 48 -50 50 -52 -53 53 -55 -56 56 -58 -59 -60 -61 -62 -63
leaf_value=2.3905294219397485e-05 -0.00077716493157076042 -0.0015676502789367679 0.0016571817260930923 0.0010388676765216238 -0.00066571067600697514 0.00010292374767570964 -0.00057409045215630759 -0.00067274848397713325 0.001208235411674507 9.8469746084791504e-05 -0.00044909348050940344 -0.0025273236808966383 -0.00081965123282716371 -0.0016656290985396023 -0.00061001878183237351 0.0013546855554225968 -0.00026322368968580547 0.0011674268491553002 0.00062246529222995779 3.6652756039548201e-05 -0.002371787231631047 -0.0018551060580464286 -0.00020447300236378123 -0.0020899766587196525 -0.0016269019008367546 0.0035552641081705908 -0.002810240589858343 -2.1269576234367143e-05 6.0549882009663445e-05 0.00068109805753978825 0.00031314693281033872 0.00097635908622101719 0.00027024134234503297 -0.00062734074825104976 -0.0021903987256876533 -0.00074992428811139716 0.0041985652227352448 0.0021416830007208454 -2.1703614983960514e-05 -0.0020766924470529162 -0.00042851820100159701 -0.00041498180089991071 2.0238219860469313e-05 -0.00069343496308181497 -0.0011022355566611686 -0.00092996440130519863 -0.0044852013194330914 -0.0010573035511294686 0.00069732498470541002 -0.0014917743028209484 0.00028032339420827498 1.3722838772609123e-05 -0.0017314193260133854 0.00035893824424601875 0.00048175875283533963 0.0028727748582729118 -8.9542178015905867e-05 0.00033693533517210845 -4.4465071316303356e-05 -0.00020219767997941144 0.00049991906349124713 -0.00017406723395060813
leaf_weight=28682 6105 1111 597 3016 1733 23396 40205 11224 3106 76018 14836 276 2399 2481 33966 3206 2093 423 12056 36250 827 4988 1173 7282 1642 101 584 66397 1224 40852 26131 6274 42547 2623 288 16339 287 621 220 476 22439 4666 43121 4914 6366 5450 101 3633 6569 1062 38156 4489 727 42511 75347 375 34680 10766 30115 12967 8092 17622
leaf_count=28682 6105 1111 597 3016 1733 23396 40205 11224 3106 76018 14836 276 2399 2481 33966 3206 2093 423 12056 36250 827 4988 1173 7282 1642 101 584 66397 1224 40852 26131 6274 42547 2623 288 16339 287 621 220 476 22439 4666 43121 4914 6366 5450 101 3633 6569 1062 38156 4489 727 42511 75347 375 34680 10766 30115 12967 8092 17622
internal_value=-1.2559e-08 0.000160781 -0.000420302 -0.000658368 0.000209478 0.000245587 -0.000388012 -0.000168749 0.000184417 0.000175646 9.05147e-06 0.000739203 -0.000244602 5.94425e-06 -0.000331735 0.000402142 -0.00103032 -0.00134501 0.000380274 0.000182867 -0.000818391 -0.00133073 -0.000332481 -0.00144883 -0.00011096 -0.00132475 -0.00176467 -9.06303e-05 -0.0010955 0.000484596 0.000128905 0.000506833 0.000361003 -0.0010256 -7.28726e-05 -0.00061249 0.000251134 0.000608399 0.00237085 -0.000200704 -0.000147399 0.00020282 -2.70356e-06 -6.75972e-05 -0.000960669 -0.000158114 7.9275e-06 0.000231328 0.00010202 5.15235e-05 0.000112087 -0.000465422 0.00028918 0.000175177 0.000392 7.3484e-06 3.4973e-05 0.00042254 -9.38119e-05 -0.000417599 0.000407209 -0.000452194
internal_weight=898223 649673 248550 105542 566027 508704 61119 83646 365786 362680 90854 3292 143008 36901 106107 142918 44423 17875 139712 48306 26548 7609 2621 17278 57323 1743 10489 72422 3705 91406 33196 89673 48821 3207 55580 18939 2600 1794 507 72141 66036 30797 43597 71311 6789 47200 28783 271826 84024 77455 69333 8122 187802 89059 98743 46548 45821 11141 31177 18417 8380 57827
internal_count=898223 649673 248550 105542 566027 508704 61119 83646 365786 362680 90854 3292 143008 36901 106107 142918 44423 17875 139712 48306 26548 7609 2621 17278 57323 1743 10489 72422 3705 91406 33196 89673 48821 3207 55580 18939 2600 1794 507 72141 66036 30797 43597 71311 6789 47200 28783 271826 84024 77455 69333 8122 187802 89059 98743 46548 45821 11141 31177 18417 8380 57827
is_linear=0
shrinkage=0.03


Tree=18
num_leaves=63
num_cat=0
split_feature=1 3 11 8 11 5 5 4 9 6 4 1 8 3 1 8 6 10 11 10 8 5 11 1 5 10 11 11 6 1 9 11 11 8 5 1 5 11 11 11 10 1 8 4 6 11 6 1 5 4 8 6 1 8 5 4 8 5 4 8 5 11
split_gain=55.7527 12.0739 9.7274 8.17825 6.69103 5.42115 5.29646 5.26869 4.54865 4.36821 4.3147 4.26956 3.79619 4.61616 3.674 3.66623 3.49579 3.41673 3.23273 3.41666 3.29845 3.22791 3.0845 3.40153 2.86288 2.82617 2.73467 2.5927 2.56792 2.55205 2.50576 2.46772 2.77344 2.41547 2.38963 2.3016 2.29391 2.28848 2.25441 2.22347 2.1342 2.08321 2.73709 3.79317 2.06195 2.02708 2.08142 1.99408 2.48136 1.98158 1.93442 3.09855 2.45344 2.21258 1.93129 1.90346 1.84241 1.83487 1.82128 1.77725 2.34046 1.92804
threshold=0.38057040998217473 0.22301136363636367 0.23861480075901334 0.23861480075901334 -0.31534090909090901 0.38057040998217473 0.35071301247771841 -0.35504201680672259 0.40161290322580651 -0.193312434691745 0.45529953917050697 0.436491935483871 0.10303030303030304 0.38403361344537817 0.022350230414746545 0.39827586206896559 0.29049111807732503 0.15111561866125764 0.17156862745098042 -0.35504201680672259 0.35960591133004927 0.022350230414746545 0.38403361344537817 -0.47014260249554363 -0.38403361344537806 -0.15669642857142854 0.48571428571428577 0.39113300492610842 0.29705882352941182 0.2573593073593074 -0.442016806722689 0.41302521008403364 0.43844696969696978 0.42266009852216752 0.36730205278592382 0.41926406926406928 0.47100840336134459 -0.442016806722689 0.29705882352941182 0.38057040998217473 0.32807881773399022 -0.3461174242424242 -0.38403361344537806 -0.41042780748663094 -0.442016806722689 0.15111561866125764 -0.46720430107526878 0.10450089126559715 0.1566964285714286 -0.37689393939393934 -0.13095238095238093 -0.37298387096774188 -0.46114369501466274 0.078201368523949225 -0.47014260249554363 -0.41042780748663094 0.41302521008403364 -0.32605042016806712 0.46824596774193555 -0.014718614718614713 -0.029857397504456314 0.38057040998217473
decision_type=2 2 2 2 2 2 2 2 2 2 2 2 2 2 2 2 2 2 2 2 2 2 2 2 2 2 2 2 2 2 2 2 2 2 2 2 2 2 2 2 2 2 2 2 2 2 2 2 2 2 2 2 2 2 2 2 2 2 2 2 2 2
left_child=1 3 10 4 47 8 -4 26 12 18 16 35 34 39 59 58 25 30 19 33 -20 -16 23 -15 -11 36 41 54 55 -7 31 38 -33 -5 45 -8 -2 -26 56 -14 -39 -6 43 -43 -23 49 -47 48 50 -3 -1 52 -52 -54 -22 -28 -13 -35 -12 60 61 -9
right_child=2 5 6 9 7 29 11 14 -10 24 15 17 13 22 21 -17 -18 -19 20 -21 27 44 -24 -25 37 -27 28 -29 -30 -31 -32 32 -34 57 -36 -37 -38 40 -40 -41 -42 42 -44 -45 -46 46 -48 -49 -50 -51 51 -53 53 -55 -56 -57 -58 -59 -60 -61 -62 -63
leaf_value=0.00063459418517261199 -0.00098557301864887824 -0.0013639429149938783 -0.00091191432878040676 -0.0012108660138874987 2.6079234818607777e-05 0.00097120629904472048 0.0002773162825834169 0.00033491535507038583 -0.00065574998146266414 -0.0003786557548853736 -0.0047741714835751285 0.0023654191750588256 -0.00021496672566608018 -0.006215257000212914 -0.00023671907053832822 -0.00077022571493108507 -0.0009683192013172627 -0.00088740402652872155 0.00043691125473386286 -0.00048063287312573148 0.0036047132385808021 -0.00053470390069435046 9.8086789168470056e-05 -0.00084673032298078813 0.00070108259706978197 -0.00018196376922363275 -0.0018350693954965515 -0.0013758236496754421 0.0036031041650430242 0.00015523496991805868 -8.7195688575572464e-05 0.0039595193933287401 -0.00085636215657374361 -0.0061232199690848905 -0.0010866542667133867 0.0030859136458860231 0.00086157938317951255 0.00013635395408508578 -0.003420371522334791 0.00044732976691017003 -0.00024486967624807711 -0.0037587560227380673 -0.00020529019992319124 -0.00064178020189894255 0.00018831124591002962 -0.0020340743993504965 0.00026490146801374555 0.00016325888212137207 0.0013247731580248458 -5.5728206359495842e-05 -0.0038599597333249316 0.00039917930893970725 0.00022668333832592035 -0.0017096233246007618 -0.00015755440535930606 2.481981876953948e-05 -0.0029706015392631578 -0.0022809918854250293 -0.0014784078367862776 0.00015962976423465551 0.0005936604142994644 -7.226541857903111e-05
leaf_weight=34985 8284 1065 10364 1942 64250 4590 11061 92377 16547 13066 152 133 35915 106 23155 11174 18836 7632 6488 13551 128 3697 3545 15099 5310 15643 1605 2145 101 13879 24225 125 737 165 1749 268 652 64540 598 5225 16619 494 6963 1213 88715 358 27922 18181 3248 46419 200 32545 1616 790 2553 716 102 350 12286 61058 28963 11803
leaf_count=34985 8284 1065 10364 1942 64250 4590 11061 92377 16547 13066 152 133 35915 106 23155 11174 18836 7632 6488 13551 128 3697 3545 15099 5310 15643 1605 2145 101 13879 24225 125 737 165 1749 268 652 64540 598 5225 16619 494 6963 1213 88715 358 27922 18181 3248 46419 200 32545 1616 790 2553 716 102 350 12286 61058 28963 11803
internal_value=-1.26829e-08 9.38103e-05 -0.000595419 0.000157062 0.000214032 -0.000127593 -0.000300675 0.000159225 -0.000185858 -5.70077e-05 -0.000838346 -0.000159509 -0.000129267 -0.000308658 0.000213949 -0.00116474 -0.00066081 -0.000329534 -0.000393007 -0.000667333 -4.84192e-06 8.00171e-05 -0.000698781 -0.000884563 3.52259e-05 -0.000425122 -6.5773e-05 -0.000598696 -0.00105729 0.000358065 -0.000165245 -0.00128001 -0.000154225 -0.00169642 9.34153e-06 0.000344023 -0.000850717 9.77696e-05 -0.00244342 -0.000130843 5.82884e-05 -3.28263e-05 -0.000469305 -0.00154549 0.000159381 3.46564e-05 0.000235728 0.000444538 0.000514222 -8.50977e-05 0.000476667 0.000319472 -0.000675726 -0.000409541 2.3346e-05 -0.00126155 4.65856e-05 -0.00352148 -0.00151906 0.00029365 0.000355109 0.000288784
internal_weight=898223 775951 122272 603532 476675 172419 55245 385110 153950 126857 67027 44881 137403 59890 309768 23612 43415 33552 27322 16008 11314 115567 18750 15205 99535 24579 75342 4826 2422 18469 25920 1695 862 2457 77513 11329 8936 86469 833 41140 81159 72920 8670 1707 92412 75764 28280 91565 73384 47484 70136 35151 2606 2406 2681 2321 235 515 12438 194201 133143 104180
internal_count=898223 775951 122272 603532 476675 172419 55245 385110 153950 126857 67027 44881 137403 59890 309768 23612 43415 33552 27322 16008 11314 115567 18750 15205 99535 24579 75342 4826 2422 18469 25920 1695 862 2457 77513 11329 8936 86469 833 41140 81159 72920 8670 1707 92412 75764 28280 91565 73384 47484 70136 35151 2606 2406 2681 2321 235 515 12438 194201 133143 104180
is_linear=0
shrinkage=0.03


Tree=19
num_leaves=63
num_cat=0
split_feature=2 0 0 11 2 5 2 11 3 11 10 7 5 7 7 7 10 8 0 9 7 11 2 1 2 2 8 9 9 2 11 9 9 8 11 9 8 11 10 1 5 9 11 8 2 5 11 7 0 10 11 11 10 10 8 8 11 11 10 8 10 10
split_gain=61.2058 10.8861 10.661 6.92513 10.3505 5.66427 6.03112 5.24874 4.57498 4.41772 4.36687 4.04582 3.87349 3.46602 3.29233 3.23201 3.1383 3.46286 3.05783 2.96278 2.89835 2.68188 2.90206 2.65013 2.54002 2.51161 2.3892 3.19593 2.27793 3.36061 2.37593 2.26837 2.21969 2.18651 3.31094 2.28913 2.19817 2.18432 3.41025 2.17586 2.28133 2.17779 2.48628 3.07085 2.87791 2.46913 2.301 2.27912 2.1712 2.41778 2.13913 2.11716 2.95242 2.11409 2.10179 2.51172 2.95238 1.9919 1.96672 1.95121 1.92202 1.91034
threshold=0.24217986314760512 0.37321428571428578 0.45529953917050697 0.15111561866125764 0.41042780748663105 -0.442016806722689 0.022350230414746545 -0.23861480075901326 -0.442016806722689 0.27281105990783416 0.12284482758620692 0.29705882352941182 -0.29705882352941171 0.10303030303030304 0.46720430107526889 -0.46824596774193544 0.26904761904761915 -0.3461174242424242 -0.33847248576850092 0.32085561497326209 -0.47100840336134447 0.47100840336134459 -0.21651785714285712 0.41926406926406928 0.38403361344537817 -0.47014260249554363 0.41302521008403364 0.12678571428571431 -0.29705882352941171 0.48571428571428577 -0.17156862745098037 -0.35504201680672259 0.47100840336134459 -0.044155844155844164 0.30322580645161296 0.34611742424242431 -0.29049111807732492 -0.38403361344537806 -0.26568627450980387 0.40473790322580649 0.33602150537634418 -0.47100840336134447 0.43844696969696978 0.47014260249554374 0.47100840336134459 0.46824596774193555 0.47100840336134459 0.44028520499108742 0.037053571428571415 -0.32085561497326193 -0.46720430107526878 0.44028520499108742 -0.18156682027649768 -0.442016806722689 0.48571428571428577 -0.096874999999999975 -0.46922348484848481 -0.47014260249554363 -0.442016806722689 -0.090992647058823525 0.35071301247771841 -0.43844696969696967
decision_type=2 2 2 2 2 2 2 2 2 2 2 2 2 2 2 2 2 2 2 2 2 2 2 2 2 2 2 2 2 2 2 2 2 2 2 2 2 2 2 2 2 2 2 2 2 2 2 2 2 2 2 2 2 2 2 2 2 2 2 2 2 2
left_child=1 5 3 4 23 61 7 25 -5 15 -11 19 -10 50 -9 -4 17 24 28 59 -19 -13 -23 -2 31 37 33 -28 29 -6 -31 -14 60 34 -18 -36 -37 58 -39 40 -22 -41 44 -44 -43 47 48 -46 -45 -50 -8 -16 -53 -26 55 -27 57 -57 -7 -3 -12 -1
right_child=2 11 9 8 18 6 13 14 12 10 32 21 16 -15 51 -17 26 20 -20 -21 39 22 -24 -25 53 54 27 -29 -30 30 -32 -33 -34 -35 35 36 -38 38 -40 41 -42 42 43 46 45 -47 -48 -49 49 -51 -52 52 -54 -55 -56 56 -58 -59 -60 -61 -62 -63
leaf_value=-0.0010225657610500123 -0.00025519334876585438 0.00030153550603981581 -0.0053783314852626062 -0.00097419790930655182 -0.00035081277294647005 -0.0053151297106448069 0.00090058366589904613 0.00021673080349964821 -0.00079525774538526041 -0.00024158060157540245 -0.0010547782524964668 -0.00083150352599470443 -0.0014271112407660195 -0.00011618322268778422 -0.00071668287421071961 -0.0010981347466596557 0.00078841808238572957 -0.0023075458975119153 -0.0011003304773132302 -0.00074485522692022891 2.3035830021978986e-05 0.004725247796113584 5.6741420479154293e-05 -0.00086313231217499382 0.0055162223796581941 0.0006022842814844406 -0.0030757239248148747 0.00076079627897952167 0.00017034705782735068 -0.0075218805515800003 -0.0021384856787685091 0.00070676516314399098 0.0016378608916683872 -0.00094822180953601067 0.00027594964061877016 -0.0042713093806149346 -0.0010104817353925708 0.0025165199990307614 -0.00079497510479699005 -0.0022056580956040087 0.00053507019207361462 -0.00015166575249811302 -8.5790139908389849e-05 -0.0031494240728024317 -0.00085252845005645095 -0.00026687261954893942 0.0021733117684313058 -0.0028631567006553609 -0.0033359478216600387 0.0016772408820023494 0.00014000412296019416 0.0052936797461277524 -0.00024635565154974094 0.0014740001765634252 0.0016886266540937858 0.00060170918937784736 0.00024050216160009585 0.0017477334116158846 -0.0011311928520088706 -0.00021056419553606287 -0.0024420010442398488 -0.0001305270880036463
leaf_weight=2321 78222 12069 159 5350 835 114 3445 283828 6179 14155 3213 12664 544 64089 4818 22034 1942 483 23971 5523 31422 152 553 7033 125 51463 214 2146 3234 109 228 2528 220 6995 612 285 535 409 881 483 10430 11096 5319 152 1057 1687 1138 977 103 517 97278 128 263 1569 1241 5727 53923 1792 847 15040 1249 31105
leaf_count=2321 78222 12069 159 5350 835 114 3445 283828 6179 14155 3213 12664 544 64089 4818 22034 1942 483 23971 5523 31422 152 553 7033 125 51463 214 2146 3234 109 228 2528 220 6995 612 285 535 409 881 483 10430 11096 5319 152 1057 1687 1138 977 103 517 97278 128 263 1569 1241 5727 53923 1792 847 15040 1249 31105
internal_value=-1.33333e-08 0.000153161 -0.000400386 -0.000313019 -0.000470547 0.00018706 0.000209309 0.000271514 -0.000122362 -0.000842249 -0.000504321 -0.000291699 -7.08781e-05 5.62862e-05 0.000203014 -0.00112904 -1.65223e-05 6.26587e-05 -0.000966821 -0.000111609 5.30536e-06 -0.000731234 0.00106855 -0.000305354 0.000843058 0.000441609 -0.000449628 0.000411753 -0.000240374 -0.00137289 -0.0038968 0.00032855 -0.00129844 -0.000645701 -1.84175e-05 -0.00111239 -0.00214764 -0.000550571 0.000256085 2.26924e-05 0.00015065 -0.000215011 -0.0001713 0.000284787 -0.000393822 -0.0011157 0.00131628 -0.00181923 5.17598e-05 0.000840374 0.000166027 -0.000544309 0.00157614 0.00177535 0.00046118 0.000447674 0.000318167 0.000875037 -0.00163253 1.74267e-05 -0.00144355 -0.000192496
internal_weight=898223 649673 248550 207520 113632 603672 570246 405434 93888 41030 18837 46001 88538 164812 289037 22193 82359 69630 28377 32632 64864 13369 705 85255 4766 116397 12729 2360 4406 1172 337 3072 4682 10369 3374 1432 820 2251 1290 64381 41852 22529 22046 7229 14817 3721 1910 2034 772 620 100723 5209 391 1694 114146 112905 61442 7519 961 27109 4462 33426
internal_count=898223 649673 248550 207520 113632 603672 570246 405434 93888 41030 18837 46001 88538 164812 289037 22193 82359 69630 28377 32632 64864 13369 705 85255 4766 116397 12729 2360 4406 1172 337 3072 4682 10369 3374 1432 820 2251 1290 64381 41852 22529 22046 7229 14817 3721 1910 2034 772 620 100723 5209 391 1694 114146 112905 61442 7519 961 27109 4462 33426
is_linear=0
shrinkage=0.03


Tree=20
num_leaves=63
num_cat=0
split_feature=2 1 2 5 0 5 8 3 2 9 10 2 9 8 4 1 5 6 10 6 8 10 9 3 3 6 1 0 3 5 9 8 5 8 6 9 0 5 5 9 2 9 4 5 1 8 8 1 8 2 9 3 5 3 5 8 9 0 8 6 2 5
split_gain=57.8284 13.8206 8.19775 6.16739 5.85405 3.96403 3.43222 3.24428 3.2418 3.13605 2.92238 2.89772 4.19689 2.95929 2.81424 3.14653 2.7649 2.87934 2.75602 4.59805 2.34555 2.6652 2.23849 2.20229 2.15134 2.13836 2.09249 2.01807 2.72794 2.40236 1.98159 1.977 1.97417 2.01443 2.20937 1.96079 2.3739 1.95199 1.93697 1.88955 1.82963 1.80193 1.79921 2.00606 1.78654 2.20115 1.78249 1.71443 1.64686 1.61661 2.61499 1.60459 1.60078 1.57279 2.40487 1.99421 2.48983 2.11959 1.93762 1.80249 1.73666 1.54553
threshold=0.3133928571428572 0.38057040998217473 0.022350230414746545 -0.41042780748663094 0.40767045454545459 0.41302521008403364 0.22144396551724141 0.053605313092979119 0.3928571428571429 -0.31534090909090901 -0.442016806722689 0.44028520499108742 -0.11916835699797161 0.40767045454545459 -0.32605042016806712 0.089572192513369023 0.41042780748663105 0.45418719211822667 -0.090992647058823525 0.41302521008403364 -0.27281105990783405 0.32085561497326209 0.3550420168067227 -0.442016806722689 0.44028520499108742 -0.38057040998217462 1.0000000180025095e-35 -0.21651785714285712 0.44028520499108742 -0.029857397504456314 -0.24642857142857141 0.015640273704789823 0.43844696969696978 -0.15669642857142854 -0.47014260249554363 -0.46720430107526878 -0.32085561497326193 -0.47100840336134447 0.061553030303030283 0.37298387096774199 -0.41042780748663094 0.25378787878787884 -0.37298387096774188 -0.32085561497326193 -0.1014705882352941 0.038095238095238078 -0.014718614718614713 -0.43649193548387094 -0.13095238095238093 -0.40161290322580639 -0.078201368523949141 0.10948191593352886 0.26806722689075635 -0.13246753246753243 -0.20777988614800755 0.41302521008403364 -0.38403361344537806 -0.10450089126559715 -0.43844696969696967 0.073593073593073613 0.436491935483871 -0.47100840336134447
decision_type=2 2 2 2 2 2 2 2 2 2 2 2 2 2 2 2 2 2 2 2 2 2 2 2 2 2 2 2 2 2 2 2 2 2 2 2 2 2 2 2 2 2 2 2 2 2 2 2 2 2 2 2 2 2 2 2 2 2 2 2 2 2
left_child=1 2 3 35 11 6 14 25 -6 -8 -3 22 32 20 44 38 17 39 19 -10 -14 -22 23 -2 -15 26 -5 -12 -29 -30 -20 -27 33 34 -13 36 -1 -37 -16 -9 52 -21 -32 -44 -4 -46 -23 61 -39 50 -31 -49 -41 58 -55 59 -57 -58 -25 -56 -60 -11
right_child=4 10 5 7 8 -7 9 16 18 47 27 12 13 24 15 -17 -18 -19 30 41 21 46 -24 53 -26 31 -28 28 29 49 42 -33 -34 -35 -36 37 -38 48 -40 40 -42 -43 43 -45 45 -47 -48 51 -50 -51 -52 -53 -54 54 55 56 57 -59 60 -61 -62 -63
leaf_value=-0.0017785482338923062 -0.00095706571800100717 -0.0016981420638664357 -0.000286413802573015 0.00022127340325319781 -0.00036515531340074181 0.00069084733925276116 0.00031190165806690978 0.00020241794004712281 -0.0011407439537910681 0.00083556493722129928 -0.0012298713986632329 0.0034416020566257772 0.00067500914364280074 0.00015349250302631269 0.00015374486825253975 -3.9413898945704967e-05 0.0010420792790198565 -0.00062896281536054227 -0.0021199412250217506 -0.00027939982646561383 -0.00047800295633794779 0.00011395283156421065 -0.00069216818668609047 -0.0016515556140113499 0.0037295370073838819 0.00043394203266908314 -0.00038403285519997949 -0.00014707483420738684 -0.0047307813709194305 -0.0010114947289262151 0.0026084988178580156 0.00025340887534500888 -0.00039299196289141171 -0.0012520498439856289 -0.00044745532418648693 -0.00043135847131794736 0.00043513849730363594 0.0002430402735485918 0.00053573280092620538 -0.0016070921816979536 -4.6539973686247586e-05 0.0036479483630929913 -0.0042351106331566602 -0.00099083511091101 -0.0027698401456887145 0.0019153017907572742 -0.0021936787446623341 -0.00010854025444525873 -0.00012447498794225111 -0.0007827276121085213 0.0038757323855115621 -0.00045698585606776071 0.0023453721527637232 -0.00095148182910891998 -7.9678289931058808e-05 -0.0014689908861217642 -0.001883933043707513 0.00058932210215580972 3.657030324263893e-05 -0.00046856995228807837 0.0011077074152458638 -0.001945349236845651
leaf_weight=1256 3328 1626 12860 26273 17781 7365 8599 107227 8565 220 2425 147 1263 6538 56038 79445 3042 4378 1509 13067 9078 378 9451 569 154 137760 6389 21810 134 220 123 90438 4639 11007 1176 9286 667 20592 15184 1074 17843 105 172 21715 507 109 1481 23997 23491 8931 177 23584 100 4064 22016 664 328 5997 16486 20918 1484 973
leaf_count=1256 3328 1626 12860 26273 17781 7365 8599 107227 8565 220 2425 147 1263 6538 56038 79445 3042 4378 1509 13067 9078 378 9451 569 154 137760 6389 21810 134 220 123 90438 4639 11007 1176 9286 667 20592 15184 1074 17843 105 172 21715 507 109 1481 23997 23491 8931 177 23584 100 4064 22016 664 328 5997 16486 20918 1484 973
internal_value=-1.38227e-08 0.000122249 0.00015236 0.000226733 -0.000473934 6.19462e-06 -1.65718e-05 0.000268319 -0.000708408 -0.000216309 -0.000456291 -0.000351944 -0.000578217 -0.000270611 5.32433e-05 9.03943e-05 0.000148135 0.000127309 -0.00084326 -0.000599693 -0.000548678 -0.000690038 -0.000256816 -0.000202565 0.000236331 0.0003299 0.000102862 -0.000396319 -0.000331644 -0.000757016 -0.00106834 0.000362396 -0.000920645 -0.00111912 -1.30648e-05 -6.99949e-05 -0.0010109 -3.60739e-05 0.000235188 0.00015354 -0.000122053 -0.000247819 -0.000996147 -0.00101652 -0.000362096 -0.00193905 -0.00172465 -0.000309439 4.71999e-05 -0.00069943 0.00117171 -0.000281257 -0.00126872 -0.000167931 -0.000249796 -0.000192657 0.000277262 0.000460787 7.04689e-05 -0.000269158 0.000125084 -0.00143225
internal_weight=898223 714020 678697 449816 184203 228881 221516 394524 63037 57373 35323 121166 35861 18892 164143 150667 133664 130622 45256 21737 12200 10937 85305 75854 6692 260860 32662 33697 31272 9462 23519 228198 16969 12330 1323 55292 1923 53369 71222 126244 19017 13172 22010 21887 13476 616 1859 48774 44083 9328 397 47581 1174 72526 53987 49923 6989 6325 18539 42934 17970 1193
internal_count=898223 714020 678697 449816 184203 228881 221516 394524 63037 57373 35323 121166 35861 18892 164143 150667 133664 130622 45256 21737 12200 10937 85305 75854 6692 260860 32662 33697 31272 9462 23519 228198 16969 12330 1323 55292 1923 53369 71222 126244 19017 13172 22010 21887 13476 616 1859 48774 44083 9328 397 47581 1174 72526 53987 49923 6989 6325 18539 42934 17970 1193
is_linear=0
shrinkage=0.03


Tree=21
num_leaves=63
num_cat=0
split_feature=2 1 11 2 2 11 2 8 3 10 3 6 11 9 11 9 8 0 3 10 6 3 7 1 11 8 11 9 0 10 7 7 9 7 8 2 2 6 8 11 7 0 11 1 10 6 7 8 11 11 2 7 6 10 8 11 10 7 10 7 2 7
split_gain=54.4109 13.107 9.81362 8.41266 6.18872 4.86943 6.64669 4.79898 4.45693 4.13463 4.09271 3.81408 3.93617 3.2241 5.17412 2.92693 2.72546 2.6496 2.60371 2.56257 2.556 2.51133 2.45796 3.05208 2.81393 2.40969 2.4076 2.34369 2.32575 2.55829 3.86413 2.55752 2.6154 2.47355 2.43746 2.47186 2.30883 2.30124 2.27777 2.26507 2.22012 2.1858 2.02694 2.02201 1.9907 1.93164 2.32582 1.92617 1.92034 2.85893 2.65368 2.56048 1.91936 1.89733 2.05084 1.85807 1.82972 1.81081 1.80994 2.0253 2.00255 1.79616
threshold=0.3133928571428572 0.30151515151515157 0.15571120689655174 0.41302521008403364 0.015640273704789823 -0.24642857142857141 -0.47014260249554363 -0.3507130124777183 0.42488479262672812 0.28456439393939398 -0.3507130124777183 0.46609195402298859 0.47014260249554374 -0.14611005692599616 -0.46824596774193544 0.44201680672268912 -0.096874999999999975 -0.3461174242424242 -0.24642857142857141 0.436491935483871 -0.38057040998217462 -0.442016806722689 0.10303030303030304 -0.26806722689075629 0.47100840336134459 0.46720430107526889 -0.47100840336134447 -0.39827586206896548 0.40767045454545459 -0.41042780748663094 0.43844696969696978 0.48571428571428577 -0.4541871921182265 -0.4499999999999999 -0.060661764705882353 0.40473790322580649 -0.14928698752228159 0.23431372549019611 0.48571428571428577 -0.46922348484848481 0.1566964285714286 0.47014260249554374 -0.02332657200811358 -0.014495798319327733 -0.442016806722689 0.34122983870967749 0.47014260249554374 0.48571428571428577 0.13484848484848486 0.038095238095238078 0.47014260249554374 -0.35504201680672259 0.069047619047619038 0.3550420168067227 0.23431372549019611 0.26166328600405681 -0.46922348484848481 -0.47014260249554363 0.25378787878787884 -0.46922348484848481 0.4320276497695853 -0.43844696969696967
decision_type=2 2 2 2 2 2 2 2 2 2 2 2 2 2 2 2 2 2 2 2 2 2 2 2 2 2 2 2 2 2 2 2 2 2 2 2 2 2 2 2 2 2 2 2 2 2 2 2 2 2 2 2 2 2 2 2 2 2 2 2 2 2
left_child=1 4 3 45 5 6 -1 44 10 21 -3 20 -13 14 -5 41 36 58 -14 55 42 52 23 24 26 37 -6 40 31 38 34 33 -33 -23 -31 -36 -8 48 43 -18 -10 -11 -7 -30 -4 -2 -47 -41 49 50 -16 -52 -9 -43 -55 -12 -53 -29 59 -15 -61 -37
right_child=2 8 7 13 22 11 16 9 27 15 19 12 18 17 25 -17 39 -19 -20 -21 -22 28 -24 -25 -26 -27 -28 57 29 30 -32 32 -34 -35 35 61 -38 -39 -40 47 -42 53 -44 -45 -46 46 -48 -49 -50 -51 51 56 -54 54 -56 -57 -58 -59 -60 60 -62 -63
leaf_value=-0.00093957503636012075 -0.0003425446796065405 -0.0011860867599868177 0.0033127617732308773 0.0020470014832786876 0.0028184734470495538 0.00030361278088739991 0.00073650829454246656 -0.00073080522970760912 -0.0004363342308092147 -0.00082641163475204746 -0.00013347839810983012 -0.00061362166888825345 0.0066715887165628368 -0.0027361182997818105 -0.0011432325485954316 0.00012742136478353339 0.00076135331018680624 -0.00092001814008304693 0.00097573017818271171 -0.00083447107699339423 0.00021418426817101119 -0.0011703880232834488 -0.00011300008814797027 0.00016926710031470819 -0.0018380955069938517 -0.0008146749742039658 -0.00018559222972212633 -0.0042298817164722648 -0.003322360661047739 5.1888099987234884e-05 -0.0001224494030823213 -0.0051272482946214653 -0.00068283132448027995 7.0921860049825731e-05 -0.00034749811852021286 0.00095204890133942122 0.00031450182868506275 -0.0022864963859312239 -0.0013085480307652184 0.00020326528728813569 -0.0028326394993261864 -0.00094596300857360393 -0.00017680073703373294 0.00090110176515348687 0.00054485201699771614 -0.00091892320954017166 0.00018308315210492673 0.0014433130913423769 -0.003786485938658911 -0.000127924465295036 -0.0049701337292458779 0.0013790764347758402 -0.0029258265931875298 0.000158411042092749 -0.0033916934457524318 0.00027193865873336386 -0.0024145016067617479 -0.00055904865329245749 -0.0015540366672678451 -0.0017637531620100274 0.0013198511671723436 -0.0014052199455838767
leaf_weight=3293 40042 3168 246 384 242 10921 33571 3633 587 7081 36778 7840 101 149 3305 2290 8240 18986 249 3744 270944 1499 73773 107465 928 3656 20199 121 105 2308 13784 123 3080 39248 3432 302 17887 3907 586 54959 855 910 28605 2739 4415 11636 2023 1150 282 1526 336 128 397 175 894 14064 1034 14336 436 218 1413 7495
leaf_count=3293 40042 3168 246 384 242 10921 33571 3633 587 7081 36778 7840 101 149 3305 2290 8240 18986 249 3744 270944 1499 73773 107465 928 3656 20199 121 105 2308 13784 123 3080 39248 3432 302 17887 3907 586 54959 855 910 28605 2739 4415 11636 2023 1150 282 1526 336 128 397 175 894 14064 1034 14336 436 218 1413 7495
internal_value=-1.38328e-08 0.000118581 -0.000459717 -0.000685058 0.000162172 0.00022562 0.000389282 -0.000246932 -0.000260415 -0.000295502 -0.000137965 0.00016445 -0.000474542 -0.00104156 -0.00138535 -0.00083078 0.000427077 -0.000805448 0.00263372 -7.7115e-05 0.000181307 -0.000218326 2.50845e-05 0.000104155 -0.000223288 -0.00147847 -0.000149891 -0.000705184 -0.000178964 -0.000379079 -0.000476033 -3.89423e-05 -0.000855051 2.5229e-05 -0.000836033 -0.00101852 0.000589826 -0.00170911 0.000393101 0.000296923 -0.00185815 -0.00107296 -4.40586e-05 0.000744059 0.000691617 -0.000447646 -0.000755706 0.000228706 -0.00136759 -0.00125923 -0.00161856 -0.00266581 -0.000947712 -0.00195427 -0.00281092 -2.13281e-05 -0.00199579 -0.000590063 0.000176128 0.000600556 0.000906867 -0.00131381
internal_weight=898223 714020 184203 89461 640367 437760 119100 94742 73653 90081 57754 318660 8190 35760 14558 11350 115807 21202 350 54586 310470 78731 202607 128834 21369 14174 20441 15899 74701 30751 27321 43950 3203 40747 13537 11229 51458 10518 3430 64349 1442 9060 39526 2844 4661 53701 13659 56109 6611 6329 4803 1498 4030 1979 1069 50842 1162 14457 2216 1780 1631 7797
internal_count=898223 714020 184203 89461 640367 437760 119100 94742 73653 90081 57754 318660 8190 35760 14558 11350 115807 21202 350 54586 310470 78731 202607 128834 21369 14174 20441 15899 74701 30751 27321 43950 3203 40747 13537 11229 51458 10518 3430 64349 1442 9060 39526 2844 4661 53701 13659 56109 6611 6329 4803 1498 4030 1979 1069 50842 1162 14457 2216 1780 1631 7797
is_linear=0
shrinkage=0.03


Tree=22
num_leaves=63
num_cat=0
split_feature=2 0 0 11 2 5 2 11 11 10 5 0 7 7 7 9 6 0 10 8 7 11 2 7 1 8 9 2 6 6 1 6 0 10 9 9 2 11 7 10 11 6 11 1 7 1 5 11 8 1 11 9 1 10 11 2 8 11 11 7 2 9
split_gain=51.2345 9.55504 9.21612 6.26095 8.82317 5.06784 5.41256 4.65492 4.0132 3.91679 3.86192 3.87073 3.65336 3.03994 3.0388 2.78276 2.76804 2.75926 2.74462 3.11495 2.70075 2.52647 2.71347 2.43694 2.40572 2.38458 2.97181 2.27572 2.48893 2.24325 2.3472 2.08246 2.29135 2.06255 2.04405 2.0303 3.10793 2.21878 2.02634 2.05995 2.9839 2.01852 2.00085 2.12192 1.98226 2.58689 2.31193 2.2213 2.8036 3.3498 2.40194 3.35893 2.37804 2.02424 1.98614 1.95719 2.00737 1.95538 1.95224 2.28895 1.97883 1.91678
threshold=0.24217986314760512 0.37321428571428578 0.45529953917050697 0.15111561866125764 0.41042780748663105 -0.41042780748663094 0.022350230414746545 -0.23861480075901326 0.27281105990783416 0.12284482758620692 -0.29705882352941171 -0.442016806722689 0.29705882352941182 -0.46824596774193544 0.10303030303030304 0.40473790322580649 -0.47014260249554363 -0.33847248576850092 0.26904761904761915 -0.3461174242424242 0.46720430107526889 0.47100840336134459 -0.21651785714285712 -0.47100840336134447 0.41926406926406928 0.41302521008403364 0.12678571428571431 0.38403361344537817 0.1815668202764977 -0.44028520499108731 0.29099821746880572 0.44201680672268912 0.47014260249554374 -0.442016806722689 0.47100840336134459 -0.29705882352941171 0.48571428571428577 -0.17156862745098037 0.46922348484848492 -0.12678571428571425 0.44028520499108742 0.47100840336134459 0.46720430107526889 -0.44028520499108731 -0.37689393939393934 -0.16152751423149903 -0.47100840336134447 0.10303030303030304 -0.087221095334685597 -0.47100840336134447 -0.17156862745098037 -0.43844696969696967 -0.47100840336134447 0.073593073593073613 0.030330882352941183 -0.47100840336134447 0.069047619047619038 -0.46720430107526878 0.22144396551724141 -0.26166328600405669 0.41042780748663105 -0.35504201680672259
decision_type=2 2 2 2 2 2 2 2 2 2 2 2 2 2 2 2 2 2 2 2 2 2 2 2 2 2 2 2 2 2 2 2 2 2 2 2 2 2 2 2 2 2 2 2 2 2 2 2 2 2 2 2 2 2 2 2 2 2 2 2 2 2
left_child=1 5 3 4 24 44 7 41 13 31 16 -12 15 -4 57 -3 -5 35 19 27 29 -14 -23 -21 -2 58 -27 28 61 30 42 32 -10 -29 -11 36 -6 -38 -22 40 -40 -7 -9 -44 45 47 -46 48 49 -1 51 -50 -52 -51 -54 56 -49 -8 59 -20 -61 -13
right_child=2 12 8 10 17 6 14 20 9 34 11 18 21 -15 -16 -17 -18 -19 25 23 38 22 -24 -25 -26 26 -28 33 -30 -31 -32 -33 -34 -35 -36 -37 37 -39 39 -41 -42 -43 43 -45 46 -47 -48 55 50 53 52 -53 54 -55 -56 -57 -58 -59 -60 60 -62 -63
leaf_value=-0.0014582366417984723 -0.00023456714039760322 -1.3900817167323668e-05 -0.0051715292972512542 0.00070022248503230698 -0.00028936139649363976 0.00041347710497753782 0.00086864550689243951 -0.00019866603564537398 -0.0020808729459443013 -0.0013464098551661488 -0.0010011466840507506 -0.001714244136655409 -0.00079164235060794411 -0.0010205309643308747 -0.0001059209307668501 -0.00094323130926023905 -0.00096096420322168354 -0.0010198986363945787 0.0019045127006899927 -0.0021154388654000067 -0.0024880252387131535 0.0045884210630959153 7.411293488538853e-05 3.2316111315739443e-05 -0.0008137941783116099 -0.0029194260796120775 0.0007878497646193692 0.0053726352679389199 0.0027150839993425558 0.00022805592114239745 -0.0017752864915700497 6.3304011445407829e-05 -0.00040012248074686597 0.0013947945799931416 0.0016104990662638165 0.00018473571484487063 -0.0072022648253583944 -0.0020005935409785486 0.00021038029821511002 -0.00075576317033038945 0.0051289659568307094 0.0016009328253329298 0.0049315866259858005 0.00068909234400707801 -0.0004830560675076492 -0.0045750480596257678 0.00012565729224187295 0.00094174610328670745 -0.005968938977383275 0.00022752014979714015 0.002290939836786523 -0.0010952404808119102 -0.0012512345143750596 0.001478564933995158 0.0015653625020306922 -0.00076006557407977545 -0.0026812939000038644 0.00013494661469534423 -0.00083954115762749826 0.0001429610037660605 -0.0021516247829057025 0.00038416110839589984
leaf_weight=725 78222 29416 159 1040 835 108413 3385 10745 886 4462 3653 474 12664 22034 63615 3216 6809 23971 513 478 424 152 553 64416 7033 213 2148 126 346 254024 780 9140 4129 1569 220 3234 109 228 1233 3002 121 1303 119 921 6687 128 35018 1116 140 2918 353 1317 862 1936 304 9136 156 94791 7815 1627 426 2235
leaf_count=725 78222 29416 159 1040 835 108413 3385 10745 886 4462 3653 474 12664 22034 63615 3216 6809 23971 513 478 424 152 553 64416 7033 213 2148 126 346 254024 780 9140 4129 1569 220 3234 109 228 1233 3002 121 1303 119 921 6687 128 35018 1116 140 2918 353 1317 862 1936 304 9136 156 94791 7815 1627 426 2235
internal_value=-1.45599e-08 0.000140128 -0.000366326 -0.000285094 -0.000434878 0.000171888 0.000200976 0.000262698 -0.000777157 -0.000455074 -0.00010381 -4.56925e-05 -0.000276648 -0.0010505 5.5595e-05 -0.000105516 -0.000740794 -0.000893075 -3.31593e-06 7.07505e-05 0.000196028 -0.00069432 0.00105253 1.64637e-05 -0.000282359 -0.000408115 0.0004523 0.000812251 0.000322923 0.000208701 -0.000182574 -0.000206243 -0.000697416 0.00169349 -0.00120716 -0.000203011 -0.0012722 -0.00369936 -0.000510693 -0.000317699 0.00065339 0.000427594 -7.70178e-05 0.0011788 -8.7855e-05 -0.000341035 2.80467e-05 -0.000312215 4.59207e-05 0.000442551 -0.000697526 -0.00156732 0.000137245 0.000726697 -0.000516178 -0.000606567 0.000495654 0.000160252 -0.000603828 0.000114108 -0.000333984 1.65012e-05
internal_weight=898223 649673 248550 207520 113632 603672 542876 381085 41030 18837 93888 86039 46001 22193 161791 32632 7849 28377 82386 69644 271369 13369 705 64894 85255 12742 2361 4750 3055 266589 12565 14155 5015 1695 4682 4406 1172 337 4780 4356 1354 109716 11785 1040 60796 19091 41705 18963 8555 5579 2976 1457 1519 4854 1166 10408 1272 98176 10381 2566 2053 2709
internal_count=898223 649673 248550 207520 113632 603672 542876 381085 41030 18837 93888 86039 46001 22193 161791 32632 7849 28377 82386 69644 271369 13369 705 64894 85255 12742 2361 4750 3055 266589 12565 14155 5015 1695 4682 4406 1172 337 4780 4356 1354 109716 11785 1040 60796 19091 41705 18963 8555 5579 2976 1457 1519 4854 1166 10408 1272 98176 10381 2566 2053 2709
is_linear=0
shrinkage=0.03


Tree=23
num_leaves=63
num_cat=0
split_feature=2 1 11 2 2 4 8 11 5 7 3 4 9 11 4 8 11 0 3 9 2 0 2 8 9 11 9 11 3 9 8 9 7 5 7 1 11 8 2 0 4 11 11 9 8 11 11 4 2 11 8 8 8 11 11 8 9 3 1 11 5 0
split_gain=48.4385 11.9587 8.72459 7.47505 6.76746 5.42177 4.3131 4.03137 3.79583 3.66404 3.25678 3.60851 3.00883 4.86994 2.86152 2.86052 3.33625 2.61286 3.04807 2.60011 2.87738 2.34659 2.33104 2.27913 2.2687 2.20781 3.6168 2.26835 2.17569 2.2762 2.13561 2.07934 2.06772 2.05677 2.50951 2.37321 2.14547 2.02442 2.01069 2.51734 2.00942 2.00859 1.99947 1.97434 1.94409 2.28362 3.43485 2.25941 2.17489 1.92552 1.91935 1.91006 1.87451 1.87245 2.57194 2.32126 3.79336 2.22849 1.90427 1.84894 1.86511 1.83553
threshold=0.3133928571428572 0.38057040998217473 0.15571120689655174 0.41302521008403364 0.022350230414746545 -0.41302521008403353 -0.3507130124777183 -0.22144396551724135 0.41302521008403364 0.46720430107526889 0.22301136363636367 -0.32605042016806712 -0.14611005692599616 -0.46824596774193544 0.29099821746880572 0.46922348484848492 0.40767045454545459 0.46824596774193555 -0.442016806722689 -0.22144396551724135 -0.34330357142857137 -0.27346041055718467 -0.159453781512605 0.46720430107526889 0.33602150537634418 0.35071301247771841 0.24642857142857147 0.48571428571428577 0.053605313092979119 0.39827586206896559 0.32807881773399022 -0.442016806722689 0.096875000000000003 -0.13435828877005343 -0.46922348484848481 0.13435828877005349 0.19331243469174511 0.47100840336134459 0.47014260249554374 -0.33847248576850092 0.40767045454545459 0.11916835699797164 -0.14611005692599616 0.090992647058823553 -0.090992647058823525 -0.46922348484848481 -0.47014260249554363 -0.17694497153700187 -0.11596638655462184 0.06458333333333334 -0.30322580645161284 0.37298387096774199 0.48571428571428577 0.48571428571428577 0.22570532915360506 0.1566964285714286 -0.21651785714285712 -0.32085561497326193 -0.29705882352941171 -0.014718614718614713 0.3133928571428572 -0.38057040998217462
decision_type=2 2 2 2 2 2 2 2 2 2 2 2 2 2 2 2 2 2 2 2 2 2 2 2 2 2 2 2 2 2 2 2 2 2 2 2 2 2 2 2 2 2 2 2 2 2 2 2 2 2 2 2 2 2 2 2 2 2 2 2 2 2
left_child=1 4 3 14 5 22 -4 44 10 28 11 49 13 -5 -2 16 42 18 -8 20 -3 -14 31 38 41 -12 27 -27 53 -30 -31 -1 -13 36 -35 -36 -20 -38 39 -15 -26 59 51 -34 48 46 -46 -48 -7 -6 -22 -11 61 54 -9 -55 -57 58 -56 -21 -61 -47
right_child=2 19 6 12 8 7 17 9 -10 15 25 32 21 23 -16 -17 -18 -19 33 24 50 -23 -24 -25 40 26 -28 -29 29 30 -32 -33 43 34 35 -37 37 -39 -40 -41 -42 -43 -44 -45 45 52 47 -49 -50 -51 -52 -53 -54 55 57 56 -58 -59 -60 60 -62 -63
leaf_value=-0.00083906802120916962 -0.00020607721724897224 -0.0025314629020162498 0.00065664561425177377 0.0020155136294228711 -4.7633593142029216e-05 0.00064083614830770541 -0.00095811248781551206 0.00032081255828166446 0.00067705794205199469 -0.00089957844277772133 -0.0002655790979576781 0.00019859602384468037 5.4407721061087604e-05 0.00013370720099711484 -0.00064410097757223528 -0.0018691988557825296 0.0024985428748835184 -0.00056131143575243413 -0.0021008769322615412 -0.00016495256398455516 0.000423546044480275 -0.00087736447789840417 -0.00063198795744754007 -0.00075918451369200678 1.9565763735485647e-05 0.00079494809934377221 -0.00093197361491827852 -0.00079908264172038842 0.00013487102041225219 -0.00045864374828686932 0.00078223030640061763 4.158031860065037e-05 0.00012541431800052935 -0.0019407132587810937 0.00042485203740437352 -0.00012957263848892593 -0.00031778256420707609 -0.0027535660510499757 -0.0022035938937587708 -0.0015531148612827699 -0.0013125178503425347 0.00017492108992710762 -0.00022816881566869215 -0.00023618657498823158 0.00041977164589593368 -0.00038183594019534288 0.00056634792856452782 0.0027529995327867621 0.00022747000418275832 -0.00069570464515262198 -0.00083161181261325718 -0.0052298739507832389 0.0014384640374431273 0.00053083689770836915 0.00011677755598099758 -0.001329723922679796 0.0034817571132684574 0.00019626709210978608 -0.00053748701385667905 0.00066009797808236456 -0.0014283118844817713 0.00024244618671656756
leaf_weight=2554 27177 811 4661 384 8518 39131 4315 119016 7365 245 55215 86300 2803 918 26524 1267 367 22245 755 6930 1253 18399 6088 3656 1543 5792 1824 932 81264 10432 1417 43428 30281 636 8167 46541 7102 320 3605 5995 3001 10264 2617 24652 6106 4599 692 1105 16199 8002 8746 146 1108 3043 7661 193 618 38138 8385 461 2314 53997
leaf_count=2554 27177 811 4661 384 8518 39131 4315 119016 7365 245 55215 86300 2803 918 26524 1267 367 22245 755 6930 1253 18399 6088 3656 1543 5792 1824 932 81264 10432 1417 43428 30281 636 8167 46541 7102 320 3605 5995 3001 10264 2617 24652 6106 4599 692 1105 16199 8002 8746 146 1108 3043 7661 193 618 38138 8385 461 2314 53997
internal_value=-1.47181e-08 0.000111882 -0.000433755 -0.000646225 0.000139891 0.000207466 -0.000233124 0.000245151 7.08811e-06 0.000181269 -1.51901e-05 5.79422e-05 -0.000982273 -0.00131438 -0.000422434 -0.000654343 -0.000197858 -0.000279169 -0.000186641 -0.000426277 -0.00081385 -0.000754183 -8.03941e-05 -0.00140473 -0.000255334 -0.000196121 0.000252514 0.000573917 0.000195628 7.82317e-05 -0.000310196 -7.35113e-06 0.000107015 -0.000134221 -6.8599e-05 -4.67999e-05 -0.000578304 -0.000423158 -0.00162903 -0.00132913 -0.000860279 -0.000117641 -0.000527562 -3.68608e-05 0.000387947 0.000280015 0.000759216 0.00191173 0.000519821 -0.000361571 -0.000674298 -0.00252573 0.000216572 0.000257367 0.00024281 0.000911312 0.0023365 7.14739e-05 -0.000225127 -0.000427041 -0.00108126 0.000193443
internal_weight=898223 714020 184203 89461 678697 449816 94742 397746 228881 274809 221516 157753 35760 14558 53701 4642 3375 90081 67836 35323 10810 21202 52070 14174 24513 63763 8548 6724 270167 93113 11849 45982 141233 63521 55344 54708 8177 7422 10518 6913 4544 19969 3008 54933 122937 67607 7903 1797 55330 16520 9999 391 59704 177054 173200 3854 811 54184 16046 9705 2775 58596
internal_count=898223 714020 184203 89461 678697 449816 94742 397746 228881 274809 221516 157753 35760 14558 53701 4642 3375 90081 67836 35323 10810 21202 52070 14174 24513 63763 8548 6724 270167 93113 11849 45982 141233 63521 55344 54708 8177 7422 10518 6913 4544 19969 3008 54933 122937 67607 7903 1797 55330 16520 9999 391 59704 177054 173200 3854 811 54184 16046 9705 2775 58596
is_linear=0
shrinkage=0.03


Tree=24
num_leaves=63
num_cat=0
split_feature=2 0 2 5 0 8 7 10 10 2 2 10 6 7 8 5 2 8 1 9 7 5 10 10 3 1 10 10 8 6 7 3 1 2 8 3 5 9 6 1 5 7 7 10 10 3 5 8 7 9 9 8 9 0 5 7 8 8 10 7 9 10
split_gain=45.5761 11.3909 5.89538 5.35061 4.82931 3.55013 3.29205 3.05489 2.97568 2.80455 2.56221 2.4798 4.19541 2.79159 2.27531 2.56285 2.47975 2.9379 2.26724 2.26505 2.2421 2.64407 2.2185 2.79411 2.21317 2.18402 2.15973 2.06405 1.98503 2.27641 1.9848 1.98216 1.93482 2.03492 1.92544 1.9098 1.84963 1.84171 1.84166 2.09756 1.71116 1.79103 2.42007 4.1329 3.71495 2.4691 2.45349 3.43187 2.33338 1.70212 1.6973 1.69406 1.66572 2.37326 1.66608 1.84081 1.65754 1.60684 1.5864 1.57257 1.56338 2.25336
threshold=0.3133928571428572 0.37321428571428578 0.022350230414746545 -0.41042780748663094 0.40767045454545459 -1.0000000180025095e-35 0.48571428571428577 0.40767045454545459 -0.40767045454545447 0.3928571428571429 -0.40161290322580639 -0.090992647058823525 0.41302521008403364 -0.46824596774193544 0.46824596774193555 0.32605042016806729 0.44028520499108742 -0.26904761904761904 0.38982683982683985 -0.43844696969696967 0.10303030303030304 -0.15388257575757572 -0.43844696969696967 -0.18156682027649768 0.42488479262672812 -0.43202764976958524 0.44201680672268912 -0.37689393939393934 0.046920821114369467 -0.29361054766734279 -0.43844696969696967 0.44201680672268912 0.46922348484848492 0.47014260249554374 0.26904761904761915 0.46922348484848492 0.44870129870129877 -0.24642857142857141 0.24642857142857147 -0.3106617647058823 -0.41302521008403353 0.27346041055718479 0.46720430107526889 0.22570532915360506 0.44201680672268912 0.47100840336134459 0.4781385281385282 0.13484848484848486 0.47014260249554374 0.18660714285714289 0.25378787878787884 0.47100840336134459 -0.46720430107526878 -0.32085561497326193 -0.47100840336134447 -0.38403361344537806 0.40767045454545459 0.44201680672268912 -0.47100840336134447 0.46922348484848492 -0.08342602892102334 0.38403361344537817
decision_type=2 2 2 2 2 2 2 2 2 2 2 2 2 2 2 2 2 2 2 2 2 2 2 2 2 2 2 2 2 2 2 2 2 2 2 2 2 2 2 2 2 2 2 2 2 2 2 2 2 2 2 2 2 2 2 2 2 2 2 2 2 2
left_child=1 2 3 52 6 7 14 -3 -8 -6 -9 12 13 -11 16 22 38 32 28 59 21 34 51 -24 -7 -26 -22 -20 -5 -30 -15 -23 33 -18 -4 -12 60 -13 -2 -40 -39 -42 44 46 -43 -45 47 -44 -48 -50 -14 -16 53 -1 -54 56 -56 -58 -41 -17 -19 -62
right_child=4 5 20 18 9 24 8 10 -10 11 35 37 50 30 15 19 17 36 27 -21 26 31 23 -25 25 -27 -28 -29 29 -31 -32 -33 -34 -35 -36 -37 -38 40 39 58 41 42 43 45 -46 -47 48 -49 49 -51 -52 -53 54 -55 55 -57 57 -59 -60 -61 61 -63
leaf_value=-0.0017005081325741987 -0.0001479285404477358 9.3551455697007838e-05 -3.9139066053443903e-05 0.00030664676462600595 -0.00031444648761253728 -0.00025915369265777817 -0.0027717947759794007 -0.005657387549211316 -0.00073606818866477726 -0.0044208024247809376 -0.00037142882563071661 -0.0019864098238895588 -0.00022264592710110091 0.0021860109058098268 0.0046543775864286733 -0.0033808581215356861 6.1056704015803763e-05 -0.0010012747774778069 -0.0022754696293640878 0.00081956050469255228 -6.195737823106595e-05 0.00017248794431685963 -0.0017404110932395099 -1.5723298217845795e-05 -0.0034507360127331182 -0.00069927329255282836 -0.00067603082957032909 -0.00020826373955872582 -0.00018717392484100646 0.00020646645380042046 -0.0010258365531335084 0.0028689204920622768 -0.0017654850973596562 0.0020485811507863511 -0.00070446629763571301 -0.0024605407511216798 3.9261413404753568e-05 -0.0047999312352425983 -0.0024680030707988133 -0.003472501030554632 -0.00044677445286115454 -0.001640296311688135 -0.0052774891756928038 -0.00040696834826743915 0.0010711071496785497 -0.0021864747519957993 0.0034513631756876557 -0.00058443697915326641 -0.00019102481165055859 0.0018849914258640234 0.003588952655236254 0.00025977380911353971 -0.00040361120444159604 0.00053728149501007082 -0.00023718372889108911 0.00015557129332766898 -0.0052082801192300391 -8.5976540101963335e-05 -0.00041384280913721403 0.00090772445794315112 -0.0003407748204408496 -0.0018158913166421212
leaf_weight=1256 60721 22089 33259 242697 17781 17700 724 102 5966 214 1830 1509 13067 176 130 203 1225 11131 499 4588 81442 94813 1230 2699 263 15994 5502 3331 14863 119695 8175 245 301 745 4436 501 3012 100 471 153 6070 6744 147 1063 487 2067 212 2684 2005 431 105 199 9241 645 11154 32242 119 102 17215 123 9295 1035
leaf_count=1256 60721 22089 33259 242697 17781 17700 724 102 5966 214 1830 1509 13067 176 130 203 1225 11131 499 4588 81442 94813 1230 2699 263 15994 5502 3331 14863 119695 8175 245 301 745 4436 501 3012 100 471 153 6070 6744 147 1063 487 2067 212 2684 2005 431 105 199 9241 645 11154 32242 119 102 17215 123 9295 1035
internal_value=-1.48087e-08 0.000108526 0.000144314 0.000208188 -0.000420745 -0.000292657 -0.000309944 -1.75932e-05 -0.000956758 -0.00063371 -0.00102629 -0.000759138 -0.000528103 -0.00104492 -0.000272137 0.000181032 -0.000311609 -0.000561117 0.000248033 0.000647777 1.75985e-05 9.51575e-05 -0.000357648 -0.000555954 -0.000491288 -0.000743995 -0.000100825 -0.000478118 0.000255406 0.000162985 -0.000957892 0.000179468 0.000470916 0.000813342 -0.000117452 -0.000821303 -0.000656901 -0.000972636 -0.000226663 -0.00049464 -0.000903045 -0.000885041 -0.00105295 -0.000712969 -0.00145756 -0.00158245 -0.000216062 -0.000829902 0.000440265 0.000176906 -0.000191992 0.00200509 -6.91048e-05 -0.000941354 -3.77178e-05 3.98104e-05 -0.000288294 -0.00285518 -0.000440986 -0.00176495 -0.000754603 -0.000488734
internal_weight=898223 714020 655541 435844 184203 58479 121166 24522 6690 63037 2433 45256 21737 8565 114476 9172 105304 26744 381085 4914 219697 132753 4258 3929 33957 16257 86944 3830 377255 134558 8351 95058 2271 1970 37695 2331 24473 23519 78560 17839 22010 21910 15840 8609 7231 3130 5479 2831 2648 2436 13172 329 54759 1901 52858 43617 11375 221 17368 326 21461 10330
internal_count=898223 714020 655541 435844 184203 58479 121166 24522 6690 63037 2433 45256 21737 8565 114476 9172 105304 26744 381085 4914 219697 132753 4258 3929 33957 16257 86944 3830 377255 134558 8351 95058 2271 1970 37695 2331 24473 23519 78560 17839 22010 21910 15840 8609 7231 3130 5479 2831 2648 2436 13172 329 54759 1901 52858 43617 11375 221 17368 326 21461 10330
is_linear=0
shrinkage=0.03


Tree=25
num_leaves=63
num_cat=0
split_feature=2 1 3 11 4 2 11 5 3 5 7 11 10 4 2 11 10 11 2 5 11 10 3 9 1 5 11 2 3 10 7 11 11 5 6 5 2 5 10 6 6 10 3 11 7 9 5 9 7 11 7 3 7 11 11 2 1 11 10 11 11 6
split_gain=42.958 8.04239 7.78328 6.37016 5.46879 4.81016 6.14662 4.4636 4.26328 3.77098 3.57505 3.49425 3.28453 3.09284 2.81734 3.07783 2.80811 3.07426 2.78064 2.71191 2.91018 3.42559 2.55758 2.54374 2.54221 2.5313 2.52805 2.9252 2.43152 2.42853 2.43866 2.3815 2.36433 2.36312 2.35227 2.54578 2.17096 2.15446 2.12388 2.25904 2.10533 2.00771 1.98818 3.19463 2.421 1.93646 1.90624 2.49149 1.89612 2.07689 2.02102 1.8571 1.77695 1.76898 1.74461 1.89291 1.72632 1.72517 2.35622 1.70363 1.69875 1.80974
threshold=0.24217986314760512 0.2573593073593074 0.436491935483871 0.11527514231499054 -0.38057040998217462 0.44028520499108742 0.22144396551724141 0.41042780748663105 0.14611005692599624 0.44870129870129877 0.44028520499108742 0.22144396551724141 -0.073593073593073585 0.45529953917050697 -0.14928698752228159 0.47100840336134459 0.24642857142857147 0.48571428571428577 -0.13435828877005343 -0.26806722689075629 0.15571120689655174 0.18660714285714289 0.44028520499108742 -0.47100840336134447 -0.37321428571428567 -0.46114369501466274 0.47100840336134459 0.47014260249554374 -0.3507130124777183 0.436491935483871 0.30947580645161293 -0.030330882352941176 0.48571428571428577 0.23193277310924373 0.3550420168067227 0.47100840336134459 0.11359447004608299 0.1566964285714286 0.34122983870967749 0.436491935483871 0.47100840336134459 0.46922348484848492 -0.32085561497326193 0.48571428571428577 -0.29705882352941171 0.038095238095238078 0.12678571428571431 -0.015640273704789816 0.21651785714285718 0.44028520499108742 0.38403361344537817 0.436491935483871 -0.43440860215053761 0.14611005692599624 0.47100840336134459 -0.38057040998217462 -0.29705882352941171 -0.47014260249554363 -0.47100840336134447 0.16190476190476191 -0.19848484848484846 -0.442016806722689
decision_type=2 2 2 2 2 2 2 2 2 2 2 2 2 2 2 2 2 2 2 2 2 2 2 2 2 2 2 2 2 2 2 2 2 2 2 2 2 2 2 2 2 2 2 2 2 2 2 2 2 2 2 2 2 2 2 2 2 2 2 2 2 2
left_child=1 4 5 -4 14 13 45 8 11 10 -8 36 48 19 24 -16 42 41 -19 57 34 -22 28 -12 25 -1 -11 -28 -3 30 -30 -32 59 -14 35 53 -6 -24 -5 -40 -25 -18 43 44 46 -7 -13 -48 -10 -50 -51 -27 -26 -21 -39 -56 -46 -2 -59 -23 -15 -62
right_child=2 22 3 38 7 6 9 -9 12 26 23 16 33 60 15 -17 17 18 -20 20 21 32 37 40 52 51 27 -29 29 -31 31 -33 -34 -35 -36 -37 -38 54 39 -41 -42 -43 -44 -45 56 -47 47 -49 49 50 -52 -53 -54 -55 55 -57 -58 58 -60 -61 61 -63
leaf_value=-0.00020944607172986002 0.0030148661550043559 -0.00083344052696837764 -0.0010506217867529734 -0.00031905711292051482 0.00033324061623608961 -0.0011687083685255363 -0.00015127264207371051 0.0012012194815541456 0.00034861182987288647 0.00015923324775180873 -0.0057227576242682206 -0.0011298425500979579 -0.0001500363235080673 -0.0018890246727103161 -0.00030704358749477576 -0.0022555700071683325 -0.00048560336109616131 0.0027526440302434625 -0.00056552517923863109 -0.00014483124583355612 0.00022129313956599061 0.0014035121195665576 -0.0020896697584084226 -0.0013236071697315364 -0.0019468386770270572 0.00024137729414738264 -0.0016122612596243388 0.0024264860397318708 0.00012162484006302941 -0.00066996726715616139 -0.0007220301518322548 9.4531593144921909e-09 -0.00215760770828579 0.00031482458111159104 -0.00058162961952469019 0.0011932664052794401 8.2407015845545456e-05 -0.00055997744291215565 -0.00026002698771338266 -0.0018215357594083025 0.00075776849409554218 0.00028568560772386856 0.00027616982905403304 0.0013698240256982401 0.00065028201636770468 -0.00054323475672806863 0.0028092025352988437 -0.0024376909709535538 -0.00021770835609447311 0.00039149457461077388 0.0043701352757112731 -0.0017023532259237079 -0.00033911538076984704 -0.0015539251281386653 0.0045705101233781183 0.00031335166777943734 -0.00027701106739776756 -0.0035461433198354948 -0.00050473270546736674 -0.0003335600712296043 -0.0029261582750372927 -0.00046489373302700874
leaf_weight=17101 122 3668 21540 31702 243668 11680 12859 4039 35580 3362 107 3436 62917 1072 16678 762 14594 568 378 64132 38758 531 778 3367 679 43020 192 992 46691 5110 7007 9946 618 11666 12735 1270 35591 9721 1529 1834 502 3835 43961 1155 2571 7206 253 119 9549 339 173 446 6876 811 110 615 6073 232 14369 11339 282 5407
leaf_count=17101 122 3668 21540 31702 243668 11680 12859 4039 35580 3362 107 3436 62917 1072 16678 762 14594 568 378 64132 38758 531 778 3367 679 43020 192 992 46691 5110 7007 9946 618 11666 12735 1270 35591 9721 1529 1834 502 3835 43961 1155 2571 7206 253 119 9549 339 173 446 6876 811 110 615 6073 232 14369 11339 282 5407
internal_value=-1.57961e-08 0.000128309 -0.000335437 -0.000644576 0.000168885 -0.000244268 -0.000535738 0.000208236 0.000199815 -0.00018737 -0.000394403 0.000251952 4.53435e-05 -0.000166887 -5.20871e-05 -0.000392304 7.29443e-05 -0.000239449 0.00142758 -0.000137623 -9.39791e-05 8.20661e-05 -0.000146266 -0.00118049 3.50168e-05 9.97456e-05 0.000579247 0.00177075 -8.09561e-05 -4.07998e-05 9.72604e-06 -0.000298448 -0.000350025 -7.73212e-05 -0.000208251 -0.00013643 0.000301273 -0.000567626 -0.000395124 -0.00111188 -0.00105342 -0.000325094 0.000178085 -0.000138799 -0.000278832 -0.000930099 -0.000908967 0.00112873 0.00024579 -0.00011783 0.00174174 0.000221394 -0.000483847 -0.000162451 -0.000454078 0.000964671 -1.16135e-06 -0.000523528 -0.000553298 -0.000255741 -0.000794021 -0.00058739
internal_weight=898223 649673 248550 56605 566027 191945 40267 480465 476426 21381 16835 356202 120224 151678 85562 17440 76943 19375 946 144917 130194 51246 83646 3976 68122 60567 4546 1184 72422 68754 63644 16953 12488 74583 78948 66213 279259 11224 35065 3363 3869 18429 57568 13607 12452 18886 3808 372 45641 10061 512 43466 7555 64943 10446 725 8644 14723 14601 11870 6761 5689
internal_count=898223 649673 248550 56605 566027 191945 40267 480465 476426 21381 16835 356202 120224 151678 85562 17440 76943 19375 946 144917 130194 51246 83646 3976 68122 60567 4546 1184 72422 68754 63644 16953 12488 74583 78948 66213 279259 11224 35065 3363 3869 18429 57568 13607 12452 18886 3808 372 45641 10061 512 43466 7555 64943 10446 725 8644 14723 14601 11870 6761 5689
is_linear=0
shrinkage=0.03


Tree=26
num_leaves=63
num_cat=0
split_feature=1 8 0 11 11 5 11 1 11 7 4 8 1 4 0 6 7 10 11 6 6 7 5 4 1 10 9 8 9 1 5 5 9 5 11 6 9 11 6 7 0 9 7 4 1 8 11 5 9 7 4 9 5 4 11 11 11 0 8 5 4 7
split_gain=36.2451 8.48106 7.97465 7.46784 5.03122 4.92206 3.64316 3.61465 3.55915 3.47013 3.21854 3.56878 3.07395 4.4125 3.02594 3.10067 3.09061 2.93968 3.24856 2.85102 2.79293 3.86138 2.756 2.74115 2.73382 2.68631 2.6827 2.6549 2.62975 2.53438 2.43772 2.43038 2.36416 2.98858 2.35773 2.35316 2.3237 2.28485 2.27181 2.79105 2.26034 2.25158 2.35887 2.22717 2.20968 2.20538 2.174 2.3106 2.31778 2.16517 2.17889 2.13686 2.12105 2.05431 2.0004 2.45674 1.954 2.04025 1.93988 1.89754 2.09047 1.83365
threshold=0.38057040998217473 -1.0000000180025095e-35 0.38057040998217473 0.23861480075901334 -0.46824596774193544 0.35071301247771841 0.44201680672268912 0.436491935483871 -0.47014260249554363 -0.35960591133004921 0.45529953917050697 0.39827586206896559 0.022350230414746545 -0.35504201680672259 0.4781385281385282 0.31534090909090917 -0.4226600985221674 0.32807881773399022 0.34611742424242431 0.33602150537634418 0.29049111807732503 0.47014260249554374 0.044155844155844122 -0.42488479262672801 0.11359447004608299 0.15111561866125764 0.33602150537634418 -0.16190476190476188 0.038095238095238078 0.18933823529411767 0.38057040998217473 0.23193277310924373 -0.225705329153605 -0.24217986314760506 0.23030303030303031 -0.46922348484848481 -0.38057040998217462 0.44028520499108742 -0.47014260249554363 -0.41302521008403353 0.096875000000000003 -0.442016806722689 0.073593073593073613 -0.25378787878787873 0.41926406926406928 0.44201680672268912 -0.18660714285714283 -0.015640273704789816 0.37298387096774199 -0.32807881773399011 -0.32085561497326193 0.32555780933062883 -0.38057040998217462 0.41302521008403364 0.41302521008403364 0.43844696969696978 -0.25378787878787873 -0.46922348484848481 0.23431372549019611 0.47100840336134459 0.32605042016806729 -0.096874999999999975
decision_type=2 2 2 2 2 2 2 2 2 2 2 2 2 2 2 2 2 2 2 2 2 2 2 2 2 2 2 2 2 2 2 2 2 2 2 2 2 2 2 2 2 2 2 2 2 2 2 2 2 2 2 2 2 2 2 2 2 2 2 2 2 2
left_child=1 6 4 10 8 -5 12 44 -3 53 20 -12 13 38 -4 16 -16 18 19 23 28 -22 49 32 58 41 27 -8 59 31 35 -24 33 -11 -19 -31 -32 46 -1 56 -30 42 -9 -29 -7 -36 -15 -48 -49 50 -14 -20 -10 -6 -44 -56 -40 -58 -25 60 -2 -27
right_child=3 2 14 5 9 7 26 25 52 17 11 -13 22 37 15 -17 -18 34 51 -21 21 -23 29 24 -26 61 -28 43 40 30 36 -33 -34 -35 45 -37 -38 -39 39 -41 -42 -43 54 -45 -46 -47 47 48 -50 -51 -52 -53 -54 -55 55 -57 57 -59 -60 -61 -62 -63
leaf_value=0.00087033113850823387 0.0003153331232066318 0.00027751870692487203 -0.0003883300071919096 -0.00081107364072543673 -0.00036863327052313335 0.00031218698496621546 -0.00034353417881729023 0.0016589708671130336 -0.00043282152526647334 -0.00095119990433659824 -0.0013244077358536555 -0.00058562987084975521 -0.0045244077690639092 0.00046282133460322651 -0.00624637962666315 -0.00069189034310832757 -0.0019549962405706503 -7.6881174987140525e-05 0.00036445097296894076 -0.00020929209167803826 -0.00099821154282844684 0.00018952399387190479 0.00020314248996094946 0.00029643043057146914 -7.1709550835558685e-05 0.00083702523898269499 -0.0012834379730102821 -0.00038040635089084781 -0.00069462806926962755 -0.0014268525303167286 0.0020365907811647765 0.00073531230071886573 -0.00011545232682374024 -0.0049656136771664017 -0.00069307549469380114 -2.7563651535824109e-05 0.00033606810181365036 0.0017344107387027017 0.00042658841600398852 0.00011037377316144809 0.00030215449900559635 -2.2541958010996646e-05 -0.0027504575225347854 0.00088481412274289716 0.0030641522239824429 0.00072233496400424409 0.0001724587170953386 0.00060401456982141406 -0.00017112558164290119 -7.3027383458978157e-05 -0.00067944939315833449 -0.00071858699240754168 0.0016839620389130833 0.0037037849302994021 0.0036624350402659428 -0.0012213699942426259 0.00049921043646350654 -0.00069448330665342322 3.6459223371557597e-05 0.00063150534172699087 -0.00083489500937700091 -0.00087416317482862322
leaf_weight=2792 1622 8435 28691 10364 24435 11061 12896 231 492 2311 12438 11174 136 64021 184 1941 834 46938 37323 39919 15922 2914 39692 61891 55605 612 1930 1923 2802 1104 807 9589 5138 179 10332 51143 6898 1036 2255 44105 7595 24225 703 3586 268 1095 90268 23145 4084 23845 4216 1714 3159 111 107 654 1480 9934 44339 1051 11509 7020
leaf_count=2792 1622 8435 28691 10364 24435 11061 12896 231 492 2311 12438 11174 136 64021 184 1941 834 46938 37323 39919 15922 2914 39692 61891 55605 612 1930 1923 2802 1104 807 9589 5138 179 10332 51143 6898 1036 2255 44105 7595 24225 703 3586 268 1095 90268 23145 4084 23845 4216 1714 3159 111 107 654 1480 9934 44339 1051 11509 7020
internal_value=-1.58369e-08 7.56328e-05 -2.69053e-05 -0.000480087 1.50905e-05 -0.000221835 0.000171567 -8.57522e-05 0.000616289 -6.84133e-06 -0.000692937 -0.000974833 0.000192473 0.000256578 -0.000482564 -0.00139583 -0.00273602 2.06215e-05 6.56346e-05 1.87912e-05 -0.000539604 -0.000814464 7.90666e-05 7.25198e-05 9.87159e-05 -0.000242196 -0.000219657 -0.000108043 -0.000328942 0.000147323 1.6308e-05 0.000306704 -0.000483195 -0.00124166 -0.000170966 -5.71579e-05 0.000514417 0.000330194 3.46889e-05 -5.7089e-06 3.34798e-05 -9.65239e-05 -0.00115324 0.000443181 0.000377552 -0.000557391 0.00032217 0.000245529 0.000487751 -0.00018535 -0.000800616 0.000316881 0.00139867 -0.000350067 -0.0015978 -0.00053078 -0.000380247 -0.000539672 0.000187923 -0.000594621 -0.0006928 -0.000736854
internal_weight=898223 775951 375066 122272 343416 55245 400885 44881 12086 331330 67027 23612 380550 243120 31650 2959 1018 306784 248419 209382 43415 18836 137430 169463 161835 33552 20335 18405 24579 109233 59952 49281 7628 2490 58365 52247 7705 182554 60566 57774 10397 25920 1695 5509 11329 11427 181518 117497 27229 28197 4352 39037 3651 24546 1464 761 13669 11414 106230 14182 13131 7632
internal_count=898223 775951 375066 122272 343416 55245 400885 44881 12086 331330 67027 23612 380550 243120 31650 2959 1018 306784 248419 209382 43415 18836 137430 169463 161835 33552 20335 18405 24579 109233 59952 49281 7628 2490 58365 52247 7705 182554 60566 57774 10397 25920 1695 5509 11329 11427 181518 117497 27229 28197 4352 39037 3651 24546 1464 761 13669 11414 106230 14182 13131 7632
is_linear=0
shrinkage=0.03


Tree=27
num_leaves=63
num_cat=0
split_feature=2 1 11 2 2 11 2 8 10 6 11 9 11 9 10 6 3 11 8 9 11 11 0 8 11 3 8 2 6 8 11 3 7 10 6 8 7 1 7 9 2 9 11 7 1 0 7 10 8 2 11 11 2 7 10 6 0 3 2 9 0 1
split_gain=39.054 9.73757 7.69751 6.3 5.59819 4.08342 5.87905 3.92441 3.45041 3.02743 3.46219 2.69857 4.53384 2.68328 2.66545 2.63553 2.57692 2.54964 2.49673 2.36813 2.26821 4.6225 2.14111 2.12737 2.11655 2.09317 2.08418 2.23723 2.04928 1.92262 2.01594 2.20126 2.81203 2.38143 1.94679 2.25616 1.91858 1.91051 1.86879 1.83466 3.06417 2.20866 2.1707 2.11763 2.92187 2.06302 2.47845 4.15949 1.97232 2.00639 1.80644 2.68534 2.29351 2.40389 1.79126 1.77578 1.76303 2.30888 1.96381 1.74351 1.74233 1.71838
threshold=0.3133928571428572 0.38057040998217473 0.15571120689655174 0.41302521008403364 0.022350230414746545 -0.24642857142857141 -0.47014260249554363 -0.3507130124777183 0.28456439393939398 0.46609195402298859 0.47014260249554374 -0.14611005692599616 -0.46824596774193544 0.44201680672268912 -0.442016806722689 -0.38057040998217462 -0.24642857142857141 0.11527514231499054 0.22144396551724141 -0.31534090909090901 0.48571428571428577 0.44028520499108742 -0.3461174242424242 0.46720430107526889 -0.02332657200811358 -0.442016806722689 -0.096874999999999975 -0.14928698752228159 0.23431372549019611 0.48571428571428577 -0.43844696969696967 -0.32085561497326193 -0.442016806722689 -0.29361054766734279 0.26166328600405681 0.37689393939393945 -0.43844696969696967 0.29705882352941182 -0.29705882352941171 -0.442016806722689 0.47100840336134459 -0.44028520499108731 0.23030303030303031 0.060661764705882366 -1.0000000180025095e-35 0.40767045454545459 0.43844696969696978 -0.41042780748663094 -0.060661764705882353 0.3928571428571429 0.13484848484848486 0.038095238095238078 0.47014260249554374 -0.35504201680672259 -0.442016806722689 0.069047619047619038 -0.21651785714285712 0.32085561497326209 -0.45529953917050686 0.32555780933062883 0.4781385281385282 0.4781385281385282
decision_type=2 2 2 2 2 2 2 2 2 2 2 2 2 2 2 2 2 2 2 2 2 2 2 2 2 2 2 2 2 2 2 2 2 2 2 2 2 2 2 2 2 2 2 2 2 2 2 2 2 2 2 2 2 2 2 2 2 2 2 2 2 2
left_child=1 4 3 -2 5 6 -1 54 25 15 -11 12 -5 60 -3 24 -12 36 -6 -20 21 -21 -13 28 -7 55 27 -8 50 30 34 32 33 -32 -28 -36 -16 -26 -22 40 42 -41 -27 44 -44 -43 47 -47 -49 -50 51 52 -14 -54 -4 -9 -19 -58 -59 -34 -10 -42
right_child=2 14 7 11 18 9 26 8 13 10 16 22 23 -15 17 -17 -18 56 19 20 38 -23 -24 -25 37 39 29 -29 -30 -31 31 -33 59 -35 35 -37 -38 -39 -40 41 61 45 43 -45 -46 46 -48 48 49 -51 -52 -53 53 -55 -56 -57 57 58 -60 -61 -62 -63
leaf_value=-0.00091083925882995181 -0.00038360202704360952 -0.0015711553626526781 0.0031340699270650412 0.0020008004805036859 6.4351217750559955e-05 0.00027284184745479824 0.00065690893023877305 -0.00063173572435233877 -0.0007926786243367803 -0.00055177884348360149 0.0064615708346280045 0.00020080639360298014 -0.00099502906899200105 0.000183494223341397 -0.0029867004328312952 0.00017993217662748865 0.00087436100387054932 -0.0011254370873735619 0.00028809778564776079 -0.00027086289841027263 -0.0046272886291318302 0.0011402128008300208 -0.00078454411428796232 -0.00067559909906640952 -0.00017135028507763987 -0.0023019579089304898 0.0007150394531042954 0.00024651590459082666 -0.0020607777265073701 0.0013550578720452739 -0.0067190161257332081 0.00022960371375537652 1.7423515959387837e-05 -0.0012651595461035247 -0.00044592576201280015 0.00094813532389308771 -0.00054934543669853976 -0.0016230477848210804 -0.0010835499022799127 0.0015355414576209297 -0.0028526606019718004 1.392649923955866e-05 -0.0009183030551885475 -0.00041719059011912203 0.0033298383943105108 0.001135364540216118 -4.0565151370876048e-05 6.3583364090950508e-05 -0.00029392113071571028 -0.0011773457795212264 -0.00353955004397161 7.692731625637432e-06 -0.0046428685219411236 -0.0017614856353276353 0.0005084841299025771 -0.0027429785599216031 0.0005070429986292859 0.0031910095664159374 -0.00030177444774242082 -0.0011031836411506677 -0.001966351047878975 -0.00065325991478705893
leaf_weight=3311 53701 1626 246 384 168363 11138 33861 3633 7725 8229 101 2216 3305 2290 295 279268 275 1316 9019 48240 156 2183 18986 3656 28469 351 12239 18482 3907 1407 105 38874 6663 227 3253 1538 16295 839 920 730 777 41376 235 1325 381 1149 14589 2250 3312 7682 282 1526 336 1162 4415 397 5590 146 10055 1537 1335 544
leaf_count=3311 53701 1626 246 384 168363 11138 33861 3633 7725 8229 101 2216 3305 2290 295 279268 275 1316 9019 48240 156 2183 18986 3656 28469 351 12239 18482 3907 1407 105 38874 6663 227 3253 1538 16295 839 920 730 777 41376 235 1325 381 1149 14589 2250 3312 7682 282 1526 336 1162 4415 397 5590 146 10055 1537 1335 544
internal_value=-1.57121e-08 0.000100459 -0.00038948 -0.000589052 0.000125733 0.000187194 0.00033578 -0.000201028 -0.00024495 0.000132207 -0.000423046 -0.000897559 -0.00121208 -0.000733935 -0.000385159 0.000147153 0.00238834 -0.000327885 4.9465e-06 -0.000160318 -0.000238853 -0.000209751 -0.000681552 -0.00129926 -7.91781e-05 -0.000174448 0.000370712 0.000512009 -0.00151595 0.000258379 0.000234412 0.000133832 -0.000302503 -0.00300502 0.000514369 1.69821e-06 -0.000592863 -0.000212962 -0.00160115 -0.000138514 -0.000797898 -0.00010499 -0.000134411 0.00025854 0.00171034 -0.000122033 -0.000316129 -0.000595423 -0.000745654 -0.00091126 -0.0011937 -0.00108864 -0.00143689 -0.00241044 0.000647701 -0.000840346 -7.0896e-05 1.70537e-05 -0.000251477 -0.000192731 -0.000965818 -0.00194811
internal_weight=898223 714020 184203 89461 678697 449816 121497 94742 90081 328319 8605 35760 14558 11350 35323 319714 376 33697 228881 60518 51499 50423 21202 14174 40446 78731 118186 52343 10518 65843 64436 47406 8532 332 17030 4791 16590 29308 1076 74701 3613 71088 2292 1941 616 70358 28982 14393 13244 10994 6611 6329 4803 1498 4661 4030 17107 15791 10201 8200 9060 1321
internal_count=898223 714020 184203 89461 678697 449816 121497 94742 90081 328319 8605 35760 14558 11350 35323 319714 376 33697 228881 60518 51499 50423 21202 14174 40446 78731 118186 52343 10518 65843 64436 47406 8532 332 17030 4791 16590 29308 1076 74701 3613 71088 2292 1941 616 70358 28982 14393 13244 10994 6611 6329 4803 1498 4661 4030 17107 15791 10201 8200 9060 1321
is_linear=0
shrinkage=0.03


Tree=28
num_leaves=63
num_cat=0
split_feature=2 0 11 2 2 5 8 11 8 9 0 7 9 11 5 0 3 6 1 7 5 11 8 9 6 3 1 3 7 11 1 1 5 7 1 11 9 2 11 8 6 3 11 8 7 0 8 6 8 7 5 5 11 8 11 7 2 1 3 8 9 2
split_gain=36.7463 9.40014 7.24269 5.92791 4.84066 4.62903 3.6927 3.67237 3.07953 2.61385 2.58428 2.2547 2.17533 4.96638 2.53313 2.09179 2.65545 1.94187 2.02166 1.93847 2.40771 2.90163 2.01692 1.97098 1.93025 1.91408 2.00966 1.91043 1.91001 1.90962 2.01749 1.90669 1.90667 2.34139 2.10566 2.00077 1.88411 2.54872 1.99758 1.87899 1.87284 1.87271 1.81686 2.60086 2.28203 2.1738 1.73521 2.55658 1.86872 2.35838 1.94438 1.73343 1.72494 2.1018 2.81933 3.15185 2.36127 1.7132 1.6969 2.08523 1.97283 1.78109
threshold=0.3133928571428572 0.37321428571428578 0.15571120689655174 0.41302521008403364 0.022350230414746545 -0.41042780748663094 -0.3507130124777183 -0.23861480075901326 -1.0000000180025095e-35 0.40161290322580651 -0.33847248576850092 0.46720430107526889 -0.15669642857142854 -0.46824596774193544 0.40767045454545459 0.46824596774193555 -0.442016806722689 -0.44028520499108731 0.29099821746880572 0.10303030303030304 -0.15388257575757572 -0.3507130124777183 0.28456439393939398 -0.10303030303030301 0.47100840336134459 0.42488479262672812 -0.43202764976958524 0.053605313092979119 0.46922348484848492 0.46720430107526889 -0.44028520499108731 -0.44028520499108731 -0.13435828877005343 -0.46922348484848481 0.13435828877005349 0.19331243469174511 -0.29361054766734279 0.48571428571428577 -0.17156862745098037 0.47100840336134459 0.47857142857142865 0.44201680672268912 0.32085561497326209 0.47014260249554374 -0.32555780933062872 0.4781385281385282 0.44201680672268912 -0.096874999999999975 -0.014718614718614713 -1.0000000180025095e-35 -0.014495798319327733 0.44201680672268912 -0.4226600985221674 -0.21198156682027647 -0.44028520499108731 -0.32555780933062872 -0.29705882352941171 -0.47100840336134447 0.47100840336134459 0.3550420168067227 -0.35960591133004921 -0.40161290322580639
decision_type=2 2 2 2 2 2 2 2 2 2 2 2 2 2 2 2 2 2 2 2 2 2 2 2 2 2 2 2 2 2 2 2 2 2 2 2 2 2 2 2 2 2 2 2 2 2 2 2 2 2 2 2 2 2 2 2 2 2 2 2 2 2
left_child=1 4 3 -2 5 52 -4 24 9 -3 36 17 13 -12 -15 16 -8 18 29 20 21 22 23 -6 -7 -10 -27 -19 -13 -9 -31 57 35 -34 -35 -18 37 -5 -39 -37 -17 -22 43 45 -44 -28 48 -48 -38 50 -50 -51 53 -1 55 -55 -57 -30 -46 60 -60 -62
right_child=2 8 6 10 19 7 15 11 25 -11 12 28 -14 14 -16 40 32 27 -20 -21 41 -23 -24 -25 -26 26 42 -29 31 30 -32 -33 33 34 -36 39 46 38 -40 -41 -42 -43 44 -45 58 -47 47 -49 49 51 -52 -53 -54 54 -56 56 -58 -59 59 -61 61 -63
leaf_value=0.0017148936427678104 -0.0003720941790235841 9.4255157687766719e-05 0.00062829322497462631 -0.00028110641402513843 0.0014389707042163364 0.00035755463044417782 -0.00087488684222330679 -0.00020766112675296808 -0.00023611684129045836 -0.0009237952240464893 0.0023053233042787924 -0.0023997781125623184 -0.00076501096206986789 -0.0018133333657795554 -0.00093833305261622276 -0.00071900598846552492 -0.0020037844743614735 0.00025186434785799331 -0.0016649290897697746 -9.4979727815810319e-05 0.00016091928388391468 -0.00022334761341621083 -0.0012051355517274608 0.00021310231693113515 0.0015187431293171173 -0.0032834301025617273 -0.00077898531099088034 7.5674803296947157e-05 -0.00056562986637231048 0.0047972952919080854 0.00066054624304392041 -0.00046293018428396549 -0.0018510223912558367 0.00042262032026541772 -9.9617981848607983e-05 -0.00028212538272780646 0.0014647946734584923 -0.0066782261606154816 -0.0017762501819174176 -0.0026287707672715535 -0.00015909501913870505 0.0027818486546223025 -0.0028069306837015828 0.00048457098580920481 -0.0005036980948565367 -0.0018769677111339371 0.0030340614019901137 -0.0010585171036431207 -0.00086555995560886982 0.00093594851268306975 -0.0040850539531976241 -0.0023455975946552795 -0.00011645519356603437 0.0024877293429591716 0.0029325714624091294 -0.0012785728455004747 0.00081679588406958039 0.004011341122181579 -0.0017381189208715518 -0.0004751622748115354 0.0058366933816324665 0.0016158471663858599
leaf_weight=1012 53701 21992 4661 811 2015 108413 4315 10745 17700 2530 338 424 19331 5984 5935 13148 755 172422 780 86944 94813 32288 543 2849 1303 263 8499 81602 130 119 921 4058 636 8167 46541 7102 514 110 233 320 9097 245 265 1201 2182 2006 405 207 623 865 231 173 50899 341 288 1507 712 168 140 757 100 844
leaf_count=1012 53701 21992 4661 811 2015 108413 4315 10745 17700 2530 338 424 19331 5984 5935 13148 755 172422 780 86944 94813 32288 543 2849 1303 263 8499 81602 130 119 921 4058 636 8167 46541 7102 514 110 233 320 9097 245 265 1201 2182 2006 405 207 623 865 231 173 50899 341 288 1507 712 168 140 757 100 844
internal_value=-1.60991e-08 9.74447e-05 -0.000377798 -0.000571385 0.000129956 0.000187835 -0.000194999 0.000224896 -0.000266998 -1.08132e-05 -0.000870642 0.000165679 -0.000963324 -0.001276 -0.00137775 -0.000237604 -0.000154815 0.000177259 -0.000186785 1.51333e-05 8.72499e-05 -0.000115635 0.000527499 0.000721132 0.000371359 -0.000451996 -0.000687009 0.000195266 -0.00048005 -8.88196e-05 0.00113804 -0.000292682 -0.000105888 -4.27059e-05 -2.16501e-05 -0.00053346 -0.000168848 -0.00119929 -0.00336316 -0.000383642 -0.00049005 0.000167704 -0.000644111 -0.000837618 -0.000115777 -0.000988811 0.000225433 0.00165034 -0.000137547 -0.000573399 -0.00174017 0.000387293 -7.00836e-05 0.000541257 0.000123764 -0.000193248 -0.000606177 0.00201946 6.21462e-05 0.000732709 0.00157587 0.00206867
internal_weight=898223 714020 184203 89461 655541 435844 94742 381085 58479 24522 35760 271369 31588 12257 11919 90081 67836 266589 12565 219697 132753 37695 5407 4864 109716 33957 16257 254024 4780 11785 1040 4356 63521 55344 54708 8177 4172 1154 343 7422 22245 95058 15994 11706 4288 10505 3018 612 2406 1892 854 1038 54759 3860 2848 2560 2219 298 4023 1841 1084 944
internal_count=898223 714020 184203 89461 655541 435844 94742 381085 58479 24522 35760 271369 31588 12257 11919 90081 67836 266589 12565 219697 132753 37695 5407 4864 109716 33957 16257 254024 4780 11785 1040 4356 63521 55344 54708 8177 4172 1154 343 7422 22245 95058 15994 11706 4288 10505 3018 612 2406 1892 854 1038 54759 3860 2848 2560 2219 298 4023 1841 1084 944
is_linear=0
shrinkage=0.03


Tree=29
num_leaves=63
num_cat=0
split_feature=2 0 0 11 2 4 1 5 0 5 0 11 7 10 11 4 10 6 1 6 10 8 10 10 8 2 6 5 11 2 6 4 0 10 7 8 2 5 8 11 6 0 7 7 8 10 11 1 1 8 11 1 5 11 2 8 2 7 5 11 11 10
split_gain=34.6928 6.78649 6.6309 4.69485 6.05818 3.85455 3.75253 3.89293 3.31394 3.20228 3.19325 3.16523 3.08183 2.92669 2.80099 2.72123 2.71628 3.05293 2.68028 2.63295 2.54731 2.45791 2.39254 2.31194 2.7182 2.29815 2.39147 2.25688 2.25343 2.46921 2.25072 2.23114 2.2239 2.22104 2.21556 2.21475 2.09753 2.07996 2.10319 1.98473 1.96647 2.17433 2.17802 1.95182 2.54814 2.40141 2.40304 1.98419 1.91508 1.89429 1.91857 1.89269 2.19352 2.04094 2.97171 1.94166 2.12432 2.19558 2.01127 1.88468 1.87901 2.3282
threshold=0.24217986314760512 0.37321428571428578 0.45529953917050697 0.15111561866125764 0.41042780748663105 -0.35504201680672259 0.2573593073593074 0.29705882352941182 0.057983193277310947 -0.29705882352941171 -0.442016806722689 0.10948191593352886 0.29705882352941182 -0.090992647058823525 0.22144396551724141 0.45529953917050697 0.12284482758620692 0.44201680672268912 -0.14611005692599616 -0.47014260249554363 0.23861480075901334 -0.073593073593073585 0.18660714285714289 0.18660714285714289 -0.3461174242424242 0.38403361344537817 0.1815668202764977 0.47100840336134459 0.47100840336134459 -0.21651785714285712 0.40473790322580649 0.29099821746880572 -0.33847248576850092 0.43844696969696978 -0.050055617352614011 -0.47014260249554363 -0.074643493761140808 0.11359447004608299 0.25809822361546503 0.12284482758620692 -0.37298387096774188 -0.16904761904761903 -0.41042780748663094 -0.34122983870967738 -0.090992647058823525 0.10948191593352886 0.36436781609195407 0.19848484848484851 0.43844696969696978 0.41302521008403364 0.48571428571428577 0.40473790322580649 0.42535650623885923 0.41302521008403364 0.47100840336134459 0.47014260249554374 0.48571428571428577 0.48571428571428577 0.43844696969696978 0.47100840336134459 0.06458333333333334 -0.3461174242424242
decision_type=2 2 2 2 2 2 2 2 2 2 2 2 2 2 2 2 2 2 2 2 2 2 2 2 2 2 2 2 2 2 2 2 2 2 2 2 2 2 2 2 2 2 2 2 2 2 2 2 2 2 2 2 2 2 2 2 2 2 2 2 2 2
left_child=1 5 3 4 15 18 7 8 14 19 -11 60 33 -10 21 27 17 -13 36 -5 -16 22 -7 24 25 26 -12 31 -14 -30 -18 37 -6 -3 -22 -25 -1 38 -2 -32 41 42 -8 44 47 -46 -47 -26 -35 50 -37 52 -45 54 -53 -55 58 -58 -57 -38 -4 -62
right_child=2 12 11 9 32 6 40 -9 13 10 23 16 28 -15 20 -17 30 -19 -20 -21 34 -23 -24 35 43 -27 -28 -29 29 -31 39 -33 -34 48 -36 49 59 -39 -40 -41 -42 -43 -44 51 45 46 -48 -49 -50 -51 -52 53 -54 55 -56 56 57 -59 -60 -61 61 -63
leaf_value=5.2083774865687764e-05 -0.00012731375084023349 -1.2477250608559378e-05 -0.00087495663015271351 0.00074977828998263566 -0.00012242708516388721 0.00029773101809995917 -0.0035978179699860018 0.00065127927877755903 0.00025443153125662349 -0.00089046104616389567 -5.9884512052813666e-07 -0.00075213671781693874 -0.00071146706368350532 -3.1723789059947672e-05 0.00018295398528739605 -0.0011183497429249618 -0.00012498147235009312 3.2428466575539125e-05 -0.0013172534305955564 -0.00087033513246008855 8.8620095556161849e-05 0.00019825025260753368 0.00059311838329847673 0.0035457385822923646 -0.00079686507144663074 0.0017669134038325483 0.0027561244757962409 0.00082840196029972861 0.0044031778613434118 9.6796493282178518e-05 0.0028009227528236805 -0.00043867607047636648 -0.00085578056121785051 -0.00073866272021405166 -0.00061684781015828053 -0.00038312798097829662 -0.00025404002214283637 0.00011198980285124053 -0.00071171174294132745 -0.0013681657001174403 9.3674806962469389e-06 -6.005870611447108e-05 -0.00089725807786807956 0.00016629835536473823 -0.0003241349017751448 -0.000171763642991739 0.0057096053439102349 -0.0031838344727220828 -0.0039947710934458138 0.00032023597002802583 -0.0019863340294957506 -0.00010009385992869783 0.0010989653609372021 -3.0479562149193529e-05 -0.0011570643710269832 -0.00017001554551201737 0.0019384134577526508 -0.00094660435444069802 0.0028140158943438477 -0.0018830752932569366 0.00081596361026547992 -0.0023315642450044043
leaf_weight=85927 22181 30449 12931 1040 4406 73130 303 17016 49764 3653 2464 7168 12664 90967 45221 3032 2133 11829 1423 6809 8174 112706 37251 134 906 1519 319 1864 152 553 104 28814 23971 2007 7857 13903 15343 21976 7388 5055 52203 3387 2334 32315 2796 126 123 479 176 3457 705 9427 2440 6004 3208 279 367 668 747 666 244 1566
leaf_count=85927 22181 30449 12931 1040 4406 73130 303 17016 49764 3653 2464 7168 12664 90967 45221 3032 2133 11829 1423 6809 8174 112706 37251 134 906 1519 319 1864 152 553 104 28814 23971 2007 7857 13903 15343 21976 7388 5055 52203 3387 2334 32315 2796 126 123 479 176 3457 705 9427 2440 6004 3208 279 367 668 747 666 244 1566
internal_value=-1.59288e-08 0.000115305 -0.000301447 -0.000232545 -0.000362249 0.000142071 0.000176527 0.000206344 0.000188531 -7.55624e-05 -2.26408e-05 -0.000649925 -0.000235939 6.94649e-05 0.000247462 -0.000235868 -0.000452586 -0.00026363 -2.47128e-05 -0.0006556 6.77652e-05 0.000296799 0.000397422 1.58487e-05 0.000100471 0.000828769 0.000316266 -0.000203313 -0.000619553 0.00103019 -0.00094475 -0.000227254 -0.000741924 -7.8762e-05 -0.000257156 -0.0002826 -6.65653e-06 -0.000109062 -0.000273348 -0.00128359 -4.98608e-05 -0.00056304 -0.00120881 4.8139e-05 -0.000557758 -7.23665e-05 0.00274471 -0.0016241 -0.00100289 -0.000311192 -0.000460631 9.655e-05 0.000231807 -0.000130544 -0.000368527 0.00024229 0.00103654 7.72759e-05 0.00200319 -0.000321924 -0.0010018 -0.00190704
internal_weight=898223 649673 248550 207520 113632 603672 500313 442086 425070 93888 86039 41030 46001 140731 284339 85255 26289 18997 103359 7849 61252 223087 110381 82386 64187 4302 2783 82223 13369 705 7292 80359 28377 32632 16031 18199 101936 51545 29569 5159 58227 6024 2637 59885 4430 3045 249 1385 2183 18065 14608 55455 34755 20700 12635 8065 2061 1035 1026 16009 14741 1810
internal_count=898223 649673 248550 207520 113632 603672 500313 442086 425070 93888 86039 41030 46001 140731 284339 85255 26289 18997 103359 7849 61252 223087 110381 82386 64187 4302 2783 82223 13369 705 7292 80359 28377 32632 16031 18199 101936 51545 29569 5159 58227 6024 2637 59885 4430 3045 249 1385 2183 18065 14608 55455 34755 20700 12635 8065 2061 1035 1026 16009 14741 1810
is_linear=0
shrinkage=0.03


Tree=30
num_leaves=63
num_cat=0
split_feature=2 1 11 2 2 5 5 11 10 8 4 1 9 11 10 11 8 9 2 4 4 11 11 1 8 0 3 10 8 8 1 8 11 3 2 8 9 8 11 4 11 3 9 2 5 10 10 5 11 10 3 5 9 4 0 0 2 4 8 5 11 9
split_gain=32.6722 8.48643 6.42075 5.41405 4.76815 4.16331 3.6103 3.5468 3.37688 3.29962 2.69949 3.09734 2.69624 4.08481 2.54685 2.46086 2.42879 2.41238 2.35151 2.31818 2.2433 2.19617 2.13549 5.63346 4.63 2.93547 2.31408 2.85905 2.49606 2.09629 2.33852 3.72836 2.07146 2.05171 2.01146 2.17834 2.32133 2.00032 2.09122 2.00025 2.00469 2.72492 2.08763 2.00611 1.96633 2.84378 1.96531 1.94175 1.93872 1.80622 1.74081 2.18001 2.40164 1.73917 1.73191 1.72648 1.82098 2.69104 1.72296 1.71961 1.71145 1.71046
threshold=0.3133928571428572 0.38057040998217473 0.15571120689655174 0.44028520499108742 0.022350230414746545 -0.41042780748663094 0.47014260249554374 -0.23861480075901326 0.27772177419354843 -0.3507130124777183 -0.32085561497326193 0.089572192513369023 -0.15669642857142854 -0.44028520499108731 -0.28456439393939387 -0.32085561497326193 0.46824596774193555 0.44201680672268912 -0.34330357142857137 0.29099821746880572 -0.45529953917050686 0.11527514231499054 -0.16190476190476188 0.47100840336134459 0.38057040998217473 0.4781385281385282 0.47014260249554374 0.014718614718614688 0.44201680672268912 -0.21651785714285712 -0.2535714285714285 0.46922348484848492 0.47100840336134459 0.053605313092979119 -0.24642857142857141 -0.35504201680672259 0.28456439393939398 -0.37689393939393934 -0.40767045454545447 -0.030330882352941176 1.0000000180025095e-35 0.38057040998217473 -0.30322580645161284 -0.38057040998217462 0.014495798319327681 -0.02332657200811358 0.038095238095238078 -0.21651785714285712 -0.23030303030303029 0.41042780748663105 0.47014260249554374 0.37689393939393945 -0.40767045454545447 -0.47014260249554363 0.24642857142857147 0.44201680672268912 0.3928571428571429 0.38403361344537817 0.47014260249554374 0.41042780748663105 -0.073593073593073585 -0.442016806722689
decision_type=2 2 2 2 2 2 2 2 2 2 2 2 2 2 2 2 2 2 2 2 2 2 2 2 2 2 2 2 2 2 2 2 2 2 2 2 2 2 2 2 2 2 2 2 2 2 2 2 2 2 2 2 2 2 2 2 2 2 2 2 2 2
left_child=1 4 3 19 5 -1 10 59 9 -4 32 44 13 -5 18 -14 50 55 -3 37 53 -16 24 29 -17 26 27 58 -29 47 31 -31 -6 -9 -23 -36 -37 38 -2 40 41 -35 -43 -44 -12 -46 60 -24 -30 54 -15 -52 -53 -11 -42 -10 57 -57 -26 -7 -25 -22
right_child=2 14 8 12 6 7 -8 33 17 20 11 -13 15 16 21 22 -18 -19 -20 -21 61 34 23 46 25 -27 -28 28 48 30 -32 -33 -34 39 35 36 -38 -39 -40 -41 49 42 43 -45 45 -47 -48 -49 -50 -51 51 52 -54 -55 -56 56 -58 -59 -60 -61 -62 -63
leaf_value=-7.1596313807790446e-05 -0.0038732541949260801 -0.0025476211235052602 0.00073268903684068905 0.0022968086932275084 -0.00028740424129075409 0.0003380906399032442 0.0012644803181815444 0.00020833786663332932 -0.00060967058560175565 -0.00076338274882135557 5.6588355393497659e-05 -7.9451591784436066e-05 -0.0017142783535941844 -0.001476529129517112 -0.00049229769561168798 -0.00090616922803680576 -0.0006855895493502798 0.00018525688644105797 -0.00067710434594937081 -0.00056821547245649738 -0.00075199707798038909 0.0010880031488935461 -0.0023527613476303833 0.0014175260808155269 0.00060133998225363986 0.0038431602981400764 -0.0030618003399947402 -0.00020649505996534943 0.0016407611673681678 0.00025048721652218286 -0.00063448797996483919 0.0061518332184488447 -0.0018418544918948905 -0.00030899235023327387 0.0012667167367631611 2.3345511265608518e-05 -0.0010353249838220321 -0.00014041680485349183 -0.00076702666926193523 0.00014532124095065357 -8.2303374909082838e-05 0.0012582946159447742 -0.0047224357031673521 -0.0015338977891909695 0.0006872847111431933 9.9369777366715097e-05 -0.0024843624910277262 0.0021380613104553347 0.0060025334456846602 -0.00075715299068281148 -0.0051897991856094446 -0.0045984870482236153 -0.0011772630581114926 -0.0033361714576010783 0.00047989371261147423 -0.0029878644528984525 -0.0018929038229573768 0.0013518754019875637 -0.0036161084147170184 0.001628718201139109 -0.0014549909763114472 -0.00010515062123345671
leaf_weight=55292 214 658 3931 278 17591 111493 2026 184686 6889 926 61934 116301 1729 5734 13633 1642 3101 2472 7393 33140 3872 1485 103 231 264 343 131 195 172 623 5577 113 806 12402 990 8800 2364 29020 2116 60085 13971 152 262 552 12974 17249 1714 522 198 2364 255 249 711 317 7621 187 2195 406 129 936 957 73547
leaf_count=55292 214 658 3931 278 17591 111493 2026 184686 6889 926 61934 116301 1729 5734 13633 1642 3101 2472 7393 33140 3872 1485 103 231 264 343 131 195 172 623 5577 113 806 12402 990 8800 2364 29020 2116 60085 13971 152 262 552 12974 17249 1714 522 198 2364 255 249 711 317 7621 187 2195 406 129 936 957 73547
internal_value=-1.55075e-08 9.18837e-05 -0.00035624 -0.000538511 0.000115479 0.0001722 4.00546e-06 0.000206368 -0.000184125 -0.000115429 -7.25713e-06 2.3487e-05 -0.000913561 -0.00128475 -0.000361464 -0.000651683 -0.00138404 -0.000651096 -0.000830277 -0.000393277 -0.000157821 -0.00022304 -0.000509295 -0.0007249 0.000180877 0.0014271 0.00066329 0.00117533 0.00254043 -0.000260562 -0.000424701 0.00116365 -0.000355603 0.00014958 4.6115e-05 -8.1264e-05 -0.000200903 -0.000208337 -0.00105386 3.81763e-05 -0.000134307 -0.000428615 -0.00196249 -0.00256472 0.000153394 0.000351762 -0.00183455 0.0013954 0.00398479 2.99345e-05 -0.00169559 -0.00272732 -0.0020685 -0.00142167 0.00011614 -0.00086474 -0.00149456 -1.93691e-05 -0.000788678 0.00034885 -0.000895724 -0.000137511
internal_weight=898223 714020 184203 89461 678697 449816 228881 394524 94742 82593 226855 208458 24971 10328 35323 14643 10050 12149 8051 64490 78662 27272 12914 9840 3074 1432 1089 958 565 6938 6313 736 18397 282095 13639 12154 11164 31350 2330 97409 37324 13368 966 814 92157 30223 2902 625 370 23956 6949 1215 960 1243 21592 9677 2788 593 393 112429 1188 77419
internal_count=898223 714020 184203 89461 678697 449816 228881 394524 94742 82593 226855 208458 24971 10328 35323 14643 10050 12149 8051 64490 78662 27272 12914 9840 3074 1432 1089 958 565 6938 6313 736 18397 282095 13639 12154 11164 31350 2330 97409 37324 13368 966 814 92157 30223 2902 625 370 23956 6949 1215 960 1243 21592 9677 2788 593 393 112429 1188 77419
is_linear=0
shrinkage=0.03


Tree=31
num_leaves=63
num_cat=0
split_feature=2 3 3 2 4 9 8 7 8 1 4 8 1 5 10 8 5 5 1 5 7 8 8 3 1 10 8 6 10 10 1 9 1 5 8 2 1 5 9 2 10 10 7 6 10 6 1 7 8 10 2 5 8 5 6 8 10 2 2 9 1 7
split_gain=30.7728 6.28592 5.9148 3.69171 3.56145 3.49241 3.11521 2.79169 2.72007 2.60138 2.55538 2.41806 3.09816 2.39853 2.32197 2.28172 2.19478 2.15951 2.06328 2.05477 2.0478 2.77365 2.10154 1.9883 2.01848 1.97763 3.43906 3.17459 3.07398 2.53747 2.1911 2.12275 1.95875 2.22204 2.20888 1.92116 1.89343 1.94564 1.89005 1.88055 1.8688 1.84912 1.83961 2.18923 1.95603 1.84765 1.83334 1.81592 1.79072 3.43439 1.782 1.74956 1.72583 1.72377 1.7003 1.73258 1.697 2.1378 2.64337 1.63133 1.67755 1.60461
threshold=0.24217986314760512 0.36405529953917054 0.436491935483871 0.44028520499108742 -0.442016806722689 -0.015640273704789816 0.046920821114369467 0.30947580645161293 0.38057040998217473 -0.38057040998217462 0.45529953917050697 -0.069047619047619038 0.40767045454545459 -0.14400921658986171 0.43844696969696978 0.41042780748663105 0.43844696969696978 -0.442016806722689 0.42535650623885923 0.42535650623885923 0.1885775862068966 0.46922348484848492 0.44028520499108742 -0.442016806722689 0.20777988614800766 0.11916835699797164 0.48571428571428577 0.436491935483871 -0.38403361344537806 0.44201680672268912 0.47100840336134459 -0.46720430107526878 0.078201368523949225 0.41302521008403364 0.17694497153700192 0.015640273704789823 0.28679653679653683 0.32605042016806729 -0.16190476190476188 0.43844696969696978 0.41042780748663105 -0.3507130124777183 0.48571428571428577 -0.46922348484848481 -0.41302521008403353 0.47014260249554374 -0.442016806722689 0.38057040998217473 0.1885775862068966 0.40767045454545459 -0.45529953917050686 0.18376623376623377 0.27281105990783416 0.47100840336134459 -0.3507130124777183 0.15571120689655174 -0.038095238095238092 -0.46824596774193544 -0.23861480075901326 -0.13095238095238093 0.11359447004608299 0.48571428571428577
decision_type=2 2 2 2 2 2 2 2 2 2 2 2 2 2 2 2 2 2 2 2 2 2 2 2 2 2 2 2 2 2 2 2 2 2 2 2 2 2 2 2 2 2 2 2 2 2 2 2 2 2 2 2 2 2 2 2 2 2 2 2 2 2
left_child=1 4 3 10 9 16 23 14 48 17 13 12 19 39 -3 -9 -5 20 -16 59 21 22 -1 24 -6 26 28 29 31 -27 47 -13 34 -34 -15 -25 37 56 -30 -2 53 61 45 -44 -45 -18 -17 -31 -7 -50 -19 -36 -52 -37 -22 -56 -8 -58 -59 60 -4 -28
right_child=2 7 11 5 6 8 36 15 -10 -11 -12 25 -14 32 18 46 42 50 -20 -21 54 -23 -24 35 -26 27 41 -29 38 30 -32 -33 33 -35 51 40 -38 -39 -40 -41 -42 -43 43 44 -46 -47 -48 -49 49 -51 52 -53 -54 -55 55 -57 57 58 -60 -61 -62 -63
leaf_value=-0.00043610880657010383 -0.00042944170944701375 -1.5896292591995268e-05 -0.0031862513771092837 -0.00087729203035212446 -8.3621547300678117e-05 -0.00010006646574912103 0.00018365039633109229 -0.0008467134472218929 0.00034224749755477446 -0.0013538081053742312 -0.00070668607327438308 -0.0014489776877419922 -0.00055146377416159873 0.00041107990201635328 -0.0007339614546394076 -0.0038618991725181914 -6.3177293640577479e-05 0.00086677995667865982 -0.0040522762337607925 0.002919973995708734 -0.0032216845747436683 0.0036335230035707353 -0.0044710858631879088 0.00026284308284621526 -0.0017166948291185158 -0.00062316904981105743 -0.0021693652469881009 -0.0012853196402623198 -0.0011306072984008388 -0.00062822847848104243 0.0042220696865728023 0.00031872388720988659 -0.00017985829434892281 0.0002066403124863563 -0.00037329425046315963 0.00013683060615693788 -0.0002105030355481916 0.00059050248236434131 -0.00056744781011471414 0.00095423615203079986 -0.00030135163481795102 0.0002687533918643379 0.0030762627202531568 -0.003638011732823489 -0.00083053850978438053 0.0022610495237795586 0.00014010278874378957 0.0032020572703448124 -0.00064062316656301782 -0.0036217722491277307 0.00020006160717500217 0.00072910024231346855 -0.00097609350263870597 0.0018516370855382971 0.0015379790685105628 5.9795432946774053e-05 -0.00089738904044568593 0.00024904026920396773 -7.5438937621467072e-05 0.0009607322667569201 2.9066347380511982e-05 -0.00016200146848151839
leaf_weight=16666 23929 32559 180 16869 9995 5822 75244 9333 6664 1583 6761 726 4471 14990 2163 105 4227 2924 182 331 115 149 116 251039 730 5394 559 8753 9675 432 170 3844 79953 16079 7483 82174 20670 6786 12044 917 9269 6386 114 254 1810 331 3666 149 3794 382 6647 1566 1350 530 986 2577 2341 31817 77957 1739 756 996
leaf_count=16666 23929 32559 180 16869 9995 5822 75244 9333 6664 1583 6761 726 4471 14990 2163 105 4227 2924 182 331 115 149 116 251039 730 5394 559 8753 9675 432 170 3844 79953 16079 7483 82174 20670 6786 12044 917 9269 6386 114 254 1810 331 3666 149 3794 382 6647 1566 1350 530 986 2577 2341 31817 77957 1739 756 996
internal_value=-1.58642e-08 0.000108595 -0.000283907 -0.000204432 0.000134954 -0.000459777 0.000152569 -0.000221756 -0.000127223 -0.000167485 -0.000136641 -0.000553397 -5.07821e-05 -0.000110041 -8.15769e-05 -0.000595103 -0.000694501 -0.000107883 -0.00099312 0.000693847 -0.000288612 -0.000427989 -0.000464264 0.000207292 -0.000194927 -0.000629889 -0.000504292 -0.000918412 -0.000669554 -0.000395662 0.00123705 3.76475e-05 -5.45202e-05 -0.000115144 0.000187657 0.000219869 6.24554e-05 9.15173e-05 -0.000818355 -0.000378337 0.00010257 4.28315e-05 -0.000236674 -0.000953661 -0.00117763 0.000106066 2.76765e-05 0.000357879 -0.000440143 -0.000914126 0.000233166 -0.000182457 1.41376e-06 0.000147842 0.000352928 0.000469175 7.34414e-05 -5.24372e-07 1.86098e-05 0.000417401 -0.000592005 -0.00088455
internal_weight=898223 649673 248550 191945 601665 40267 568552 48008 16662 33113 151678 56605 7477 144917 34904 13104 23605 31530 2345 3006 20609 16931 16782 353737 10725 49128 34230 14898 26289 6145 751 4570 120071 96032 24039 343012 214815 194145 21719 24846 91973 7941 6736 2178 2064 4558 3771 581 9998 4176 10921 9049 7997 82704 3678 3563 187359 112115 109774 2675 936 1555
internal_count=898223 649673 248550 191945 601665 40267 568552 48008 16662 33113 151678 56605 7477 144917 34904 13104 23605 31530 2345 3006 20609 16931 16782 353737 10725 49128 34230 14898 26289 6145 751 4570 120071 96032 24039 343012 214815 194145 21719 24846 91973 7941 6736 2178 2064 4558 3771 581 9998 4176 10921 9049 7997 82704 3678 3563 187359 112115 109774 2675 936 1555
is_linear=0
shrinkage=0.03


Tree=32
num_leaves=63
num_cat=0
split_feature=2 1 11 2 2 4 10 8 11 4 0 10 6 4 10 6 9 11 10 11 8 11 8 11 4 1 8 0 2 4 8 0 11 1 8 0 3 10 8 11 0 11 8 1 8 3 11 11 8 8 10 3 10 6 10 9 11 10 9 11 2 6
split_gain=29.0273 7.6873 6.10184 4.91236 4.22752 3.75885 3.19354 3.02921 2.85743 2.65994 2.74455 2.80079 2.56413 2.94907 2.57468 2.50017 2.46948 3.83894 2.46848 2.31915 2.31218 2.6748 2.2617 2.25197 3.06765 2.14766 2.3949 2.55208 2.25489 2.12085 2.11158 2.54381 2.01159 5.29161 4.33131 2.78833 2.157 2.6861 2.35278 1.99138 1.9843 1.95391 1.95229 2.19543 3.48922 1.93341 1.9172 2.36875 1.91337 1.89635 1.88948 1.88894 2.17431 2.21235 1.8331 2.62528 1.82599 1.81923 1.786 1.78981 2.8598 3.11888
threshold=0.3133928571428572 0.38057040998217473 0.15571120689655174 0.44028520499108742 0.022350230414746545 -0.38057040998217462 0.17156862745098042 -0.3507130124777183 -0.22144396551724135 -0.32085561497326193 0.13046218487394959 -0.10948191593352884 0.32555780933062883 0.45529953917050697 -0.15669642857142854 0.47100840336134459 -0.15669642857142854 -0.44028520499108731 -0.442016806722689 -0.32085561497326193 -0.37298387096774188 -0.40767045454545447 0.46824596774193555 0.32085561497326209 0.38057040998217473 -0.37689393939393934 -0.38057040998217462 -0.44028520499108731 -0.10303030303030301 -0.45529953917050686 0.38403361344537817 -0.47014260249554363 -0.16190476190476188 0.47100840336134459 0.38057040998217473 0.4781385281385282 0.47014260249554374 0.014718614718614688 0.44201680672268912 0.14611005692599624 -0.015640273704789816 0.48571428571428577 -0.21651785714285712 -0.2535714285714285 0.46922348484848492 0.47014260249554374 0.32085561497326209 0.46720430107526889 -0.4226600985221674 0.44201680672268912 -0.32555780933062872 0.053605313092979119 -0.44028520499108731 -0.44028520499108731 -0.014718614718614713 0.38403361344537817 -0.23030303030303029 0.038095238095238078 0.39827586206896559 1.0000000180025095e-35 -0.29222011385199237 0.17156862745098042
decision_type=2 2 2 2 2 2 2 2 2 2 2 2 2 2 2 2 2 2 2 2 2 2 2 2 2 2 2 2 2 2 2 2 2 2 2 2 2 2 2 2 2 2 2 2 2 2 2 2 2 2 2 2 2 2 2 2 2 2 2 2 2 2
left_child=1 4 3 12 5 25 7 -4 -7 41 -11 46 13 20 -15 -8 17 -5 -3 -18 21 -2 -19 24 -20 28 27 -27 30 49 -1 50 34 42 -21 36 37 -36 -39 -22 -26 -6 48 44 -44 -33 -12 -48 -34 -9 -32 52 -10 -54 -42 -56 -40 -35 59 60 61 -53
right_child=2 18 6 16 9 8 15 29 51 10 11 -13 -14 14 -16 -17 19 22 23 32 39 -23 -24 -25 40 26 -28 -29 -30 -31 31 45 33 57 35 -37 -38 38 56 -41 54 -43 43 -45 -46 -47 47 -49 -50 -51 -52 58 53 -55 55 -57 -58 -59 -60 -61 -62 -63
leaf_value=0.00013300272131935251 -0.0036051468195809613 -0.0014861998119009305 0.00079634529981246008 0.0022461099555135091 -0.0002846493010519176 0.00032576561624203732 -0.0003557837333781092 -0.0018526259063484562 -0.000335035739282063 0.0001316526422730797 3.6176404650993147e-05 -0.00020449544744919614 -0.00067978974831543607 -0.0023551558739164516 -0.00048587185655006712 -0.001266388223694147 -0.0016516399852198184 -0.0016228510024844294 0.0002687914728931612 -0.00086342587684648487 -0.000107631968449627 -0.00067985493832663918 -0.00064822433022575037 0.00011820064679446075 -0.0013636463288536499 -0.0050248784492466529 -0.00022256087352776118 -0.0010832481987144459 -0.00057727118576117117 -9.6782632877750324e-05 0.0037697794105675392 -0.00066310441621944354 -0.0021626234578740735 -0.00086332094577100773 -0.00076042886824597637 0.0037480599964548546 -0.0029475561891608363 -0.00020050197311116344 0.0015938453751749419 -0.0018752961956263405 -0.00080921491225677765 -0.002014199013276419 0.00025606712214469623 -0.00060277266587063848 0.0059650448158285333 -0.0047081325318901416 0.0010162465281770212 -0.00042660996707829266 0.0021364537868662384 0.0019886798713398914 0.00026514116306116872 -0.00019300878079292908 -0.00025594631300670796 0.00025568751527167423 5.9436114297597691e-05 -0.0011790856824142046 0.0058269199934886324 -0.0023917781778137093 -0.00030300253620772988 0.00018891993701014063 6.4182872808497734e-05 -0.0015799051679647694
leaf_weight=57494 308 1626 3420 278 17790 115697 17651 997 6386 116480 26775 61787 17944 1072 1738 3206 1729 6949 4526 1642 39695 3152 3101 8945 2630 162 7685 1604 5072 69338 183 4428 113 1188 393 343 131 195 172 581 8167 607 623 5577 113 108 4075 1367 512 130 560 4387 8014 149273 7491 1938 198 1714 12014 53953 20610 2186
leaf_count=57494 308 1626 3420 278 17790 115697 17651 997 6386 116480 26775 61787 17944 1072 1738 3206 1729 6949 4526 1642 39695 3152 3101 8945 2630 162 7685 1604 5072 69338 183 4428 113 1188 393 343 131 195 172 581 8167 607 623 5577 113 108 4075 1367 512 130 560 4387 8014 149273 7491 1938 198 1714 12014 53953 20610 2186
internal_value=-1.59521e-08 8.66056e-05 -0.000335783 -0.00051347 0.000109062 0.000162471 -0.000167997 -7.5453e-05 0.000201975 4.09869e-06 3.43347e-05 -8.62517e-05 -0.000375128 -0.000257666 -0.00119958 -0.00049581 -0.000870721 -0.00122596 -0.00034487 -0.000620097 -0.000197123 -0.000941223 -0.00132222 -0.000289754 -0.000437181 -2.79114e-05 -0.000451573 -0.00144746 3.11117e-05 -0.000117776 8.02769e-05 -0.000493881 -0.000481871 -0.000691128 0.000187978 0.00139333 0.000648906 0.00114326 0.00246642 -0.000133177 -0.000595164 -0.000341821 -0.000241101 -0.000399503 0.00113949 -0.000760431 0.00014052 0.000653797 0.00135697 -0.00140816 0.00113224 0.000146206 0.000207585 0.000229618 -0.000480231 -0.000195223 0.00386871 -0.00176658 3.83582e-05 8.89075e-05 -0.000109598 -0.000654423
internal_weight=898223 714020 184203 89461 678697 449816 94742 73885 372520 228881 210484 94004 64490 46546 2810 20857 24971 10328 35323 14643 43736 3460 10050 33697 24752 77296 9451 1766 67845 70465 62773 5279 12914 9840 3074 1432 1089 958 565 40276 20226 18397 6938 6313 736 4536 32217 5442 625 1127 743 256823 163673 157287 17596 9429 370 2902 93150 81136 27183 6573
internal_count=898223 714020 184203 89461 678697 449816 94742 73885 372520 228881 210484 94004 64490 46546 2810 20857 24971 10328 35323 14643 43736 3460 10050 33697 24752 77296 9451 1766 67845 70465 62773 5279 12914 9840 3074 1432 1089 958 565 40276 20226 18397 6938 6313 736 4536 32217 5442 625 1127 743 256823 163673 157287 17596 9429 370 2902 93150 81136 27183 6573
is_linear=0
shrinkage=0.03


Tree=33
num_leaves=63
num_cat=0
split_feature=2 0 11 2 11 2 5 10 11 8 8 4 10 1 2 9 0 11 5 8 11 11 6 2 10 11 5 1 10 6 4 11 6 4 5 9 11 5 0 9 11 1 11 1 6 8 9 2 11 4 1 1 11 9 2 5 9 5 11 4 8 11
split_gain=27.3118 7.4324 5.74125 4.64978 3.92729 3.57341 3.70665 3.0367 2.92306 2.89431 2.73037 2.54411 2.516 2.4001 2.39367 2.24687 2.22977 2.2009 2.19057 2.18353 3.68416 3.63672 2.47808 2.1763 2.16923 2.20365 2.11213 2.31952 2.09915 2.17016 2.0776 2.0168 2.64119 1.98283 1.86828 1.79576 4.33228 2.35205 1.71766 1.70406 1.97101 2.60784 1.97651 1.70041 1.67472 1.66692 1.66293 2.37504 1.87985 1.65673 1.64383 1.62335 1.62173 1.58768 2.49641 3.21928 2.14831 1.91617 1.8894 1.61913 2.01816 1.58854
threshold=0.3133928571428572 0.37321428571428578 0.15571120689655174 0.41302521008403364 -0.46824596774193544 0.022350230414746545 -0.41042780748663094 0.27772177419354843 -0.47014260249554363 -0.3507130124777183 -1.0000000180025095e-35 -0.29705882352941171 0.40767045454545459 0.078201368523949225 -0.40161290322580639 0.44201680672268912 -0.33847248576850092 0.41042780748663105 -0.16152751423149903 0.015640273704789823 -0.096874999999999975 0.43844696969696978 -0.26166328600405669 -0.19407308377896609 0.31534090909090917 -0.43844696969696967 0.19848484848484851 0.2573593073593074 -0.18857758620689652 0.21198156682027655 0.29099821746880572 0.06458333333333334 -0.47014260249554363 -0.45529953917050686 0.47014260249554374 -0.15669642857142854 -0.46824596774193544 0.40767045454545459 -0.33847248576850092 0.35960591133004927 0.030330882352941183 0.14611005692599624 0.44201680672268912 -0.074643493761140808 -0.43844696969696967 -0.37689393939393934 -0.29361054766734279 0.48571428571428577 -0.17156862745098037 -0.47014260249554363 0.15388257575757577 -0.31339285714285708 -0.33095238095238094 -0.442016806722689 0.47100840336134459 0.4781385281385282 -0.44028520499108731 0.21089931573802548 0.24239631336405534 0.44028520499108742 0.47014260249554374 0.23030303030303031
decision_type=2 2 2 2 2 2 2 2 2 2 2 2 2 2 2 2 2 2 2 2 2 2 2 2 2 2 2 2 2 2 2 2 2 2 2 2 2 2 2 2 2 2 2 2 2 2 2 2 2 2 2 2 2 2 2 2 2 2 2 2 2 2
left_child=1 4 3 30 8 6 -6 9 28 -4 12 31 -3 17 -14 -9 46 -13 43 20 24 22 -21 -22 51 -26 -15 34 29 -1 45 50 38 49 -28 36 -18 -38 -33 44 -41 42 -42 -19 -25 52 47 -5 -49 -11 -7 -8 -2 54 61 58 57 -55 -56 -59 -61 -35
right_child=2 10 7 16 5 11 19 15 -10 33 -12 13 14 26 -16 -17 35 18 -20 21 23 -23 -24 39 25 -27 27 -29 -30 -31 -32 32 -34 53 -36 -37 37 -39 -40 40 41 -43 -44 -45 -46 -47 -48 48 -50 -51 -52 -53 -54 56 55 -57 -58 59 -60 60 -62 -63
leaf_value=0.001292978505735354 -0.0026063157825895089 0.00010203551014398559 0.00069650962219493565 -0.00019306883965775895 -8.5294534102761069e-05 9.6694943397776832e-06 0.00060911682113605492 -0.00081196826137828765 0.0010240607367525871 -0.00068332105433654251 -0.00041424911861863851 0.00011395275986072036 -0.0053903211530261829 -0.00021619766173045394 -0.00071615488314811431 0.00020136147540293119 0.0022115424678834008 0.00029135945982449834 0.0010806895870634399 -0.00027268714319637628 3.5768954142744747e-05 0.00071416568057591865 0.00010531077252243825 -0.00037383897731049423 -0.00055701362398807581 0.00075363436061598877 0.00025814430338570775 -7.8227442163178394e-05 8.1637824443138641e-05 -0.0004242947433818819 -0.00051044210970794732 0.0020232437130063771 -0.00075655636539132345 -0.001893693145155401 0.0022546488645805995 -0.00066901663409256354 -0.0016480275124185547 -0.00080493253253307228 -0.0012631851542613416 -0.00077549226461257547 0.00062981536651187135 -0.0011253652778872162 -0.0019906908020812229 -0.0020962820786264037 0.00039965962042180238 -6.9536813240058648e-05 0.00025916772814720972 -0.0063837338911017054 -0.0016292486041679811 -0.0031942440726671294 -0.0037105255745377183 0.00024598917926327307 -0.00052851844660236898 0.0040491440445025156 0.0008704803884029388 0.00089240325699158811 -0.00010374529057271688 -0.0017877807443695407 -0.0029209972849036227 0.0033795053120702504 -0.0011067223221320529 0.0002118705871090268
leaf_weight=2874 424 22089 3931 811 52775 10470 13546 9677 6773 926 33957 75258 102 44979 2331 2472 338 1209 4183 18030 76511 7968 116212 2672 1233 17995 22278 43412 11828 860 26524 524 9342 382 429 19331 5984 5935 196 2695 4756 1099 273 344 43849 25096 3018 110 233 317 107 60861 1657 196 134 333 72794 174 983 239 144 2040
leaf_count=2874 424 22089 3931 811 52775 10470 13546 9677 6773 926 33957 75258 102 44979 2331 2472 338 1209 4183 18030 76511 7968 116212 2672 1233 17995 22278 43412 11828 860 26524 524 9342 382 429 19331 5984 5935 196 2695 4756 1099 273 344 43849 25096 3018 110 233 317 107 60861 1657 196 134 333 72794 174 983 239 144 2040
internal_value=-1.61269e-08 8.40068e-05 -0.00032571 -0.000498067 0.000112916 9.91245e-05 0.000149816 -0.000162957 0.000503881 -9.78132e-05 -0.000240054 -1.07035e-06 1.16985e-06 3.29369e-05 -0.000914247 -0.000605783 -0.000763106 0.000157132 0.000723537 0.000183561 0.000241618 9.15038e-05 5.45403e-05 0.000139429 0.000385516 0.000669564 -5.76059e-05 5.02814e-05 0.000277433 0.000897455 -0.000321564 -0.00031757 -0.000621599 -0.000137517 0.000295962 -0.000849196 -0.00113329 -0.00122832 0.00112809 0.000282731 -9.95066e-05 0.000197859 0.000487193 -0.000238528 0.000355226 -0.000137211 -0.000111235 -0.00107932 -0.00316814 -0.00132573 -2.83123e-05 0.000312105 -0.000952914 -0.000118422 -0.000710442 -0.00169448 -8.72452e-05 0.00150587 -0.00246578 0.000605278 0.00169429 -0.000120865
internal_weight=898223 714020 184203 89461 655541 633206 420475 94742 22335 82593 58479 212731 24522 192092 2433 12149 35760 80994 5736 367700 225490 142210 134242 131855 93635 19228 111098 66119 15562 3734 53701 20639 10062 78662 22707 31588 12257 11919 720 55344 8823 6128 5029 1553 46521 27177 4172 1154 343 1243 10577 74407 2081 77419 3872 1450 73547 753 1117 557 383 2422
internal_count=898223 714020 184203 89461 655541 633206 420475 94742 22335 82593 58479 212731 24522 192092 2433 12149 35760 80994 5736 367700 225490 142210 134242 131855 93635 19228 111098 66119 15562 3734 53701 20639 10062 78662 22707 31588 12257 11919 720 55344 8823 6128 5029 1553 46521 27177 4172 1154 343 1243 10577 74407 2081 77419 3872 1450 73547 753 1117 557 383 2422
is_linear=0
shrinkage=0.03


Tree=34
num_leaves=63
num_cat=0
split_feature=2 3 3 11 11 2 11 10 9 11 5 8 11 11 11 7 6 10 5 8 11 2 7 10 1 11 5 11 8 2 11 1 3 8 5 11 10 3 7 3 8 1 10 8 6 1 9 8 10 11 11 7 10 11 2 10 1 10 8 5 1 11
split_gain=25.7616 5.44307 5.27859 4.60522 3.33823 3.14594 4.66766 6.06919 3.63967 3.01634 3.00247 2.97133 4.20279 2.57003 4.60524 2.55025 2.50471 2.47713 2.96512 3.55387 2.46065 2.44266 3.75777 2.73553 2.775 2.32191 2.75694 2.25248 2.27886 2.25882 2.20488 2.16709 2.13571 2.33607 2.10084 2.40452 4.21672 2.45131 2.09393 2.56411 2.47107 2.28079 2.08206 2.02695 1.98434 1.92307 1.92171 1.91985 2.02844 2.17622 1.91165 1.88888 1.86898 1.85251 4.16148 2.51973 2.17979 2.06731 1.88924 1.8468 2.73091 1.82897
threshold=0.24217986314760512 0.36405529953917054 0.436491935483871 0.11527514231499054 -0.46824596774193544 0.44028520499108742 0.46720430107526889 -0.47100840336134447 -0.015640273704789816 0.46922348484848492 -0.442016806722689 0.046920821114369467 0.44028520499108742 0.46720430107526889 0.46824596774193555 0.30947580645161293 0.41042780748663105 -0.43649193548387094 0.44201680672268912 0.25378787878787884 -0.32085561497326193 0.48571428571428577 -0.30322580645161284 0.044155844155844122 0.17694497153700192 0.43218390804597706 0.38403361344537817 0.47100840336134459 0.38057040998217473 -0.21651785714285712 -0.47014260249554363 0.47014260249554374 -0.40473790322580638 -0.046920821114369508 -0.26806722689075629 0.25809822361546503 0.29705882352941182 -0.47100840336134447 1.0000000180025095e-35 0.037053571428571415 0.41302521008403364 0.044155844155844122 0.43844696969696978 -0.08342602892102334 -0.26166328600405669 0.42535650623885923 0.23861480075901334 -0.014718614718614713 -0.38057040998217462 0.31534090909090917 -0.24642857142857141 -0.20777988614800755 -0.35504201680672259 0.22570532915360506 -0.32605042016806712 0.17156862745098042 0.078201368523949225 0.12678571428571431 0.34611742424242431 0.41302521008403364 0.10450089126559715 0.23431372549019611
decision_type=2 2 2 2 2 2 2 2 2 2 2 2 2 2 2 2 2 2 2 2 2 2 2 2 2 2 2 2 2 2 2 2 2 2 2 2 2 2 2 2 2 2 2 2 2 2 2 2 2 2 2 2 2 2 2 2 2 2 2 2 2 2
left_child=1 4 5 -4 30 31 8 -8 21 -9 -6 13 44 -12 -15 42 46 -11 38 -20 -10 22 32 24 -24 47 -27 28 -17 -29 51 34 33 -7 -2 37 59 -36 -19 41 -41 -40 -3 -18 -13 -44 -16 -26 49 50 -49 52 -1 56 55 61 -46 -56 -57 60 -37 -55
right_child=2 15 3 -5 10 6 7 9 20 17 11 12 -14 14 16 27 43 18 19 -21 -22 -23 23 -25 25 26 -28 29 -30 -31 -32 -33 -34 -35 35 36 -38 -39 39 40 -42 -43 45 -45 53 -47 -48 48 -50 -51 -52 -53 -54 54 57 58 -58 -59 -60 -61 -62 -63
leaf_value=0.0026352311098753302 -0.00044178225436626866 -1.1872989794784821e-05 -0.00085959258190338491 -0.00030225394792906114 -0.00017088628219076273 0.0034383198008385248 -0.0051230231836226275 0.0054664571350440385 -0.0017648908068808597 0.0029870796739050313 0.00019791616749025373 -0.00023892072233468447 0.00062569926161505239 -0.0050475679133375126 -4.1820661230511219e-05 -0.00095640854908834365 0.005325963907951572 0.00072500582221673917 -0.0020004376888499353 0.0019366707027021887 -9.8197893576727608e-05 -0.0013164838461212169 0.00077162032478955776 -0.0017679053282452335 0.0004793570310887097 -0.00081173046083986451 0.0032156346688222213 0.0044375539070939359 -0.00010810644936595159 0.00020687716365032772 0.00097089508658345508 -0.00075630465454066891 -0.00223761903150626 -0.0011537940745907018 -0.0021188519300654315 0.0006174114261609377 -0.00070100620342358148 -0.00013167740855384366 -0.004868929789760815 -0.00094176125426386761 0.0016700950269635179 -0.0011624285814003427 -0.0006870493129754457 -0.0001410667004838454 0.00017217508500892885 -0.0038905989287466906 -0.00097300564949751381 0.00032316808352003462 -0.00050516736140933231 0.00019170075441210714 -0.0029061709579120696 0.00011164704862269937 0.00062882108213471678 -0.0023395182952200147 -9.4532666271806168e-05 -0.00098216670808554834 -8.3168636296659406e-05 -0.00063299650646696291 0.0011924224667924505 0.00078591822779514508 -3.6217624861923274e-05 0.0011174217335768416
leaf_weight=489 14721 32559 21540 35065 32236 128 177 107 846 316 328412 25819 10375 175 10453 8028 133 1462 242 1372 13569 6199 2050 1132 1211 290 322 145 4419 512 6200 4698 1707 438 561 8315 4661 94922 174 737 583 1031 2163 112 94416 182 2464 197 4576 393 1008 11345 2846 142 15202 1273 44162 11104 500 5135 18665 3807
leaf_count=489 14721 32559 21540 35065 32236 128 177 107 846 316 328412 25819 10375 175 10453 8028 133 1462 242 1372 13569 6199 2050 1132 1211 290 322 145 4419 512 6200 4698 1707 438 561 8315 4661 94922 174 737 583 1031 2163 112 94416 182 2464 197 4576 393 1008 11345 2846 142 15202 1273 44162 11104 500 5135 18665 3807
internal_value=-1.64111e-08 9.93582e-05 -0.000259766 -0.00051435 0.000123887 -0.000184687 -0.000420403 0.000336607 -0.000558206 0.000497848 0.000110488 0.000127023 3.72663e-05 0.000181337 -0.000226892 -0.000208048 -0.000162418 0.00040709 0.000261023 0.00134548 -0.00019613 -0.000823784 -0.000596656 -0.000370482 -0.000212873 -0.000465309 0.00130903 -0.000564885 -0.000655273 0.00114591 0.000496566 -0.000122107 -0.00170837 -0.000111062 -0.000101831 -6.39896e-05 0.00014212 -0.000143375 -0.000178207 -0.000701256 0.0002122 -0.00170123 -7.40679e-05 0.00283634 6.18275e-06 -0.000937235 -0.000219512 -0.000612507 -0.000826714 -0.0017466 -0.00237839 0.000296183 0.000923716 4.32772e-05 -0.00016235 0.000570804 9.08022e-05 -0.000321839 -0.000368589 0.000264505 0.000165241 0.000992555
internal_weight=898223 649673 248550 56605 601665 191945 40267 6201 34066 6024 580785 548549 206800 341749 13337 48008 13162 5917 5601 1614 14415 19651 13452 11179 10047 7997 612 13104 12447 657 20880 151678 2273 566 146980 132259 36776 95483 3987 2525 1320 1205 34904 245 196425 2345 12917 7385 6174 1598 1205 14680 3335 170606 32028 5722 138578 26306 1773 32115 26980 3949
internal_count=898223 649673 248550 56605 601665 191945 40267 6201 34066 6024 580785 548549 206800 341749 13337 48008 13162 5917 5601 1614 14415 19651 13452 11179 10047 7997 612 13104 12447 657 20880 151678 2273 566 146980 132259 36776 95483 3987 2525 1320 1205 34904 245 196425 2345 12917 7385 6174 1598 1205 14680 3335 170606 32028 5722 138578 26306 1773 32115 26980 3949
is_linear=0
shrinkage=0.03


Tree=35
num_leaves=63
num_cat=0
split_feature=2 1 11 2 5 3 5 10 8 9 7 11 7 1 1 7 6 10 8 11 7 11 9 8 2 11 2 7 7 11 2 11 3 9 11 2 8 9 7 8 2 8 6 2 2 8 11 11 9 7 2 10 3 6 2 10 9 5 11 11 11 11
split_gain=24.2978 6.77538 5.17735 4.18528 4.18374 4.83737 3.23417 2.85155 2.67751 2.66733 3.55894 2.61678 2.56271 2.54262 2.45094 2.36002 2.35885 2.3408 2.30308 3.14238 4.34379 2.30079 3.10499 2.611 2.23959 2.13972 2.11076 2.01457 3.06406 2.00591 2.65951 1.9749 1.93884 1.90498 3.4677 1.85003 2.01359 2.11467 1.99809 1.812 1.85162 1.79568 1.85734 1.73743 2.06489 1.6929 2.7883 1.95997 1.69182 1.6803 1.66695 1.68827 1.66179 1.9748 1.72088 3.28652 3.17109 2.97237 2.55024 2.4035 2.33991 2.2815
threshold=0.3133928571428572 0.38057040998217473 0.15571120689655174 0.41302521008403364 0.41302521008403364 0.22301136363636367 -0.35504201680672259 0.17156862745098042 -0.3507130124777183 0.40161290322580651 0.23030303030303031 -0.46720430107526878 -0.38403361344537806 0.086974789915966425 -0.1014705882352941 0.29361054766734285 0.45418719211822667 -0.28456439393939387 0.17694497153700192 0.46720430107526889 0.25378787878787884 0.38403361344537817 0.40473790322580649 0.42266009852216752 -0.34330357142857137 -0.47014260249554363 -0.14928698752228159 -0.4499999999999999 -0.47100840336134447 0.38057040998217473 -0.442016806722689 0.11527514231499054 -0.35504201680672259 -0.14611005692599616 -0.46824596774193544 -0.24642857142857141 -0.35504201680672259 0.28456439393939398 -0.26166328600405669 0.055273833671399604 -0.47014260249554363 0.46720430107526889 0.46922348484848492 0.014495798319327681 -0.46824596774193544 -0.26166328600405669 0.36881720430107534 -0.032291666666666656 -0.060661764705882353 -0.37689393939393934 0.41042780748663105 -0.442016806722689 -0.44028520499108731 0.069047619047619038 0.47100840336134459 -0.43218390804597695 -0.442016806722689 0.4781385281385282 0.44028520499108742 0.32085561497326209 0.29705882352941182 0.39827586206896559
decision_type=2 2 2 2 2 2 2 2 2 2 2 2 2 2 2 2 2 2 2 2 2 2 2 2 2 2 2 2 2 2 2 2 2 2 2 2 2 2 2 2 2 2 2 2 2 2 2 2 2 2 2 2 2 2 2 2 2 2 2 2 2 2
left_child=1 4 3 -2 5 6 12 8 15 10 43 25 14 -13 -1 27 -9 24 19 -14 -21 -20 23 -23 -3 26 -8 28 -4 39 -31 49 45 34 -5 48 -37 -38 -39 -12 -41 42 -36 44 -7 47 -47 -15 -33 -19 -29 -52 53 -10 55 59 57 -56 61 60 -54 -58
right_child=2 17 7 33 -6 9 11 16 52 -11 29 13 18 32 -16 -17 -18 31 21 20 -22 22 -24 -25 -26 -27 -28 50 -30 30 -32 35 -34 -35 41 36 37 38 -40 40 -42 -43 -44 -45 -46 46 -48 -49 -50 -51 51 -53 54 -55 56 -57 58 -59 -60 -61 -62 -63
leaf_value=-0.00025497263643683272 -0.00030343285921134087 -0.002451248432727593 0.0013056141734026721 0.0018231761546974833 0.00067400971980828008 -0.00080856791023439149 0.00081672301617629359 -0.00030273302807658459 -0.00046960911802134645 -0.00045787254731404441 2.6951260022178153e-05 0.00019554256301144095 0.00021455091543200278 7.0871084857401142e-05 -0.0035973684522194612 -0.0023431436695458478 -0.0010998915954451302 -0.0020200870974019561 -0.00028633286179055692 -0.0012105712639050399 0.0044100652347302833 0.00072164627018990446 -0.0035506059674397955 0.0041489588092002323 -0.00062581098176592352 0.0010776491233421776 -2.4666210570924996e-05 0.00063212085707793728 -0.0043802783263883751 0.0042501100328201985 0.00018822099021579566 -0.00016507078245958656 6.3585025365892081e-05 -0.00054085656613538416 -0.0011262776529530581 0.0012359396426878091 3.8943040486993061e-05 0.002869488628428622 -0.0011690965174003213 -0.0031499907095862015 -0.00049394130632403311 -0.00048992222679030036 -0.0024354264009121764 -5.9657572503781993e-05 0.00026261764384835211 -0.00044317196335424128 0.0013213273651427847 -0.0018851932894554954 0.0018966459687866379 -0.00037785594449347569 0.0058175484041249987 0.0017470376798815201 0.0004459941768528953 -0.0026483513432028938 -0.0025361722646318227 -3.9697030914049704e-05 -0.00029003639520623083 0.00078257400131067094 0.00019884120317749718 0.0015182147915758185 -0.0030605467642982566 -0.0013966181288461671
leaf_weight=25481 53701 658 192 384 11250 1689 4512 16680 3675 14545 7222 309579 53378 723 198 207 4177 585 20064 2243 130 1318 131 235 7393 4738 6619 1741 152 150 3700 602 103064 21202 9430 990 8800 115 2249 238 20621 3656 1088 40512 38909 5225 952 1271 883 13048 100 1028 1040 416 992 42731 8639 321 8164 2203 204 2080
leaf_count=25481 53701 658 192 384 11250 1689 4512 16680 3675 14545 7222 309579 53378 723 198 207 4177 585 20064 2243 130 1318 131 235 7393 4738 6619 1741 152 150 3700 602 103064 21202 9430 990 8800 115 2249 238 20621 3656 1088 40512 38909 5225 952 1271 883 13048 100 1028 1040 416 992 42731 8639 321 8164 2203 204 2080
internal_value=-1.6192e-08 7.92351e-05 -0.000307214 -0.000470888 0.000100318 9.06471e-05 0.00012991 -0.000152661 -6.52123e-05 -7.54858e-05 -2.62805e-05 0.000165602 -2.11508e-05 0.00015134 -0.000280884 0.000754416 -0.000462424 -0.00032584 6.49131e-05 0.000167056 -0.000900928 -0.000196926 0.000867849 0.0012426 -0.000775288 0.000543766 0.000316437 0.000954645 -0.00121217 -0.000294559 0.000347539 -0.000193135 2.83177e-05 -0.00072234 -0.000986594 6.21001e-05 -6.00619e-05 -0.000175089 -0.000971504 -0.000382602 -0.000524396 -0.00106284 -0.00126192 7.93365e-05 0.000218034 -0.000416477 -0.000171057 -0.00117627 0.0010613 -0.000448468 0.00121478 0.00211273 -0.000105003 -0.000691751 -6.88285e-05 3.21938e-05 -0.000299805 -0.00172483 -0.000200632 0.000923148 -0.00013103 -0.000504877
internal_weight=898223 714020 184203 89461 678697 667447 539861 94742 73885 127586 113041 436683 103178 420814 25679 3420 20857 35323 77499 55751 2373 21748 1684 1553 8051 15869 11131 3213 344 31931 3850 27272 111235 35760 14558 13639 12154 11164 2364 28081 20859 14174 10518 81110 40598 8171 6177 1994 1485 13633 2869 1128 70465 4091 66374 46178 20196 1313 18883 3447 1244 10719
internal_count=898223 714020 184203 89461 678697 667447 539861 94742 73885 127586 113041 436683 103178 420814 25679 3420 20857 35323 77499 55751 2373 21748 1684 1553 8051 15869 11131 3213 344 31931 3850 27272 111235 35760 14558 13639 12154 11164 2364 28081 20859 14174 10518 81110 40598 8171 6177 1994 1485 13633 2869 1128 70465 4091 66374 46178 20196 1313 18883 3447 1244 10719
is_linear=0
shrinkage=0.03


Tree=36
num_leaves=63
num_cat=0
split_feature=2 0 0 11 2 8 11 11 7 11 11 7 10 4 8 0 0 1 10 8 9 1 10 6 11 9 6 9 8 11 2 10 11 10 4 10 9 2 11 11 7 2 8 2 1 11 10 10 9 8 6 7 11 10 2 10 11 8 2 11 8 11
split_gain=22.9009 5.11368 4.9368 3.57792 4.1538 2.98267 4.23289 3.54357 4.17237 2.88208 2.42372 2.78643 2.67643 2.38854 2.88143 2.85338 2.33734 2.33133 2.29987 2.17588 2.39345 2.26037 2.10707 2.28407 2.07887 2.07223 2.03531 2.14867 2.00079 1.97459 3.84977 3.51237 1.96069 3.79674 1.95497 2.77261 1.95041 1.93987 2.9571 2.90906 2.52346 2.48495 2.66176 2.38405 2.16714 2.13394 1.90763 1.89328 2.33082 3.45773 1.93916 1.91705 1.89322 3.53768 2.76542 2.41742 2.0162 1.84951 1.84223 2.32921 1.86362 1.83608
threshold=0.24217986314760512 0.45529953917050697 0.41926406926406928 0.15111561866125764 0.38403361344537817 0.015640273704789823 0.41302521008403364 0.44201680672268912 0.31534090909090917 -0.43844696969696967 0.27281105990783416 -0.46824596774193544 0.12284482758620692 -0.32085561497326193 -0.3461174242424242 -0.442016806722689 -0.38057040998217462 0.2611408199643494 -0.23431372549019605 -0.13484848484848483 0.33602150537634418 0.17694497153700192 0.18660714285714289 -0.44028520499108731 0.38403361344537817 -0.47100840336134447 -0.39113300492610831 -0.46609195402298847 -0.3461174242424242 0.47100840336134459 -0.38403361344537806 0.29361054766734285 -0.46824596774193544 -1.0000000180025095e-35 0.34611742424242431 -0.4541871921182265 -1.0000000180025095e-35 0.015640273704789823 -0.096874999999999975 0.44028520499108742 -0.40161290322580639 -0.47014260249554363 -0.47014260249554363 -0.10303030303030301 0.29705882352941182 0.41042780748663105 -0.47014260249554363 0.16190476190476191 0.37689393939393945 -0.33095238095238094 0.15571120689655174 -0.33095238095238094 0.22570532915360506 0.23861480075901334 -0.30474095796676437 -0.43649193548387094 0.23431372549019611 0.436491935483871 0.48571428571428577 0.46720430107526889 -0.47014260249554363 -0.10303030303030301
decision_type=2 2 2 2 2 2 2 2 2 2 2 2 2 2 2 2 2 2 2 2 2 2 2 2 2 2 2 2 2 2 2 2 2 2 2 2 2 2 2 2 2 2 2 2 2 2 2 2 2 2 2 2 2 2 2 2 2 2 2 2 2 2
left_child=2 3 5 4 34 7 9 37 19 46 11 -3 -12 14 -5 57 24 52 26 21 -21 -9 23 -17 -11 -8 27 -16 -25 -4 -31 -32 33 -6 -2 -36 -20 38 41 40 -40 42 -1 45 -41 -42 -7 -34 -49 51 -51 -50 -18 54 56 -56 -54 -15 60 -60 -24 -52
right_child=1 10 29 13 32 6 25 8 -10 16 12 -13 -14 15 18 22 17 -19 36 20 -22 -23 58 28 -26 -27 -28 -29 -30 30 31 -33 47 -35 35 -37 -38 -39 39 44 43 -43 -44 -45 -46 -47 -48 48 49 50 61 -53 53 -55 55 -57 -58 -59 59 -61 -62 -63
leaf_value=-0.0032476426428508414 -7.4692490257323395e-05 -0.0047084927702526324 -0.00042594888449164133 0.0013433400737178488 0.001941262613203707 -0.0017845392729045264 -0.0028165524214889635 -0.00037754346717756826 0.0020750003117193127 -0.00035477611421335661 -9.4961481146310878e-05 -0.00073468646441417185 -0.00092233920187035983 -0.00046165887754161049 -0.0028380430412546891 -0.00067494597507463967 9.0384170050998694e-05 -0.0002579223107108254 -0.0020448190770798219 0.00048566166537026043 -0.0018472912996179 -0.0015484734325365392 0.0031587777856831273 0.00081206266870690062 0.0011093622674176325 0.00051192412839979056 -0.00076021001288679849 0.0013597778572667656 0.00010959007700445771 0.0041634432761787962 -0.00059503665790072442 0.0052966618891989829 -0.00071804495549334616 -0.0019813424080096743 -0.0024183014799047378 -0.00035794430915255703 -0.00069850582426536113 6.6120491411050927e-05 -0.00017535985718872971 0.0015974915208702028 0.00013143250789120773 0.0003637303616367739 -0.00021565773784415178 0.00041014427584918451 -0.002787689078929058 -0.00055501880573718173 0.00038728923698036391 6.955398997131028e-05 -0.00064975128851502248 -0.0018993421916056236 -0.0016941445740690875 0.0040424398965983382 -0.0021593936692085973 -0.00067437557963730913 0.0013573550485256236 -0.00023121060360511747 0.00079215118922487519 -0.002094942587463549 -2.8323625619922966e-05 0.0028935547555857871 -0.00035425289071807015 0.00054348529117908911
leaf_weight=286 54847 159 20189 655 720 370 169 11225 669 24548 14155 22034 4682 2677 122 3142 139891 26705 1491 3860 440 1709 136 3896 904 17472 1542 1021 57374 245 925 100 27153 320 605 19641 2765 91347 21860 1691 86613 111772 2834 29343 107 4276 19328 7010 135 1652 557 185 217 8884 910 16081 4703 813 746 365 17143 807
leaf_count=286 54847 159 20189 655 720 370 169 11225 669 24548 14155 22034 4682 2677 122 3142 139891 26705 1491 3860 440 1709 136 3896 904 17472 1542 1021 57374 245 925 100 27153 320 605 19641 2765 91347 21860 1691 86613 111772 2834 29343 107 4276 19328 7010 135 1652 557 185 217 8884 910 16081 4703 813 746 365 17143 807
internal_value=-1.59648e-08 -0.000244919 9.36786e-05 -0.000184411 -0.00029764 0.000108963 3.12178e-05 0.000163925 -0.000247736 -1.41708e-06 -0.000550944 -0.000763367 -0.000300647 -4.73686e-05 -0.000557338 -2.47179e-06 -3.2164e-05 2.72491e-06 -0.000736867 -0.000338016 0.000246567 -0.000532369 3.29494e-05 0.000113812 -0.000302732 0.00047988 -4.9289e-05 0.000909627 0.000154271 -0.000353762 0.000793207 -1.56346e-05 -0.000550825 0.000733563 -0.000167696 -0.000419629 -0.00117053 0.000184975 0.000226929 0.000136309 0.000121131 0.000340419 -0.000494541 0.000175038 0.00133512 9.91317e-05 0.000346406 -0.000586465 -0.000241098 -0.000893701 -0.00120842 0.00206706 4.35062e-05 -0.00016944 3.53118e-05 -0.000146056 0.000661559 -0.000842626 -0.000250268 0.000933348 -0.000326421 -0.00037084
internal_weight=898223 248550 649673 207520 113632 628214 260182 368032 17903 242541 41030 22193 18837 93888 7596 86292 222843 197391 6941 17234 4300 12934 82802 64412 25452 17641 2685 1143 61270 21459 1270 1025 38539 1040 75093 20246 4256 350129 258782 143890 142092 114892 3120 120232 1798 90889 19698 37499 10346 3336 3016 320 170686 30795 21911 16991 4920 3490 18390 1111 17279 1364
internal_count=898223 248550 649673 207520 113632 628214 260182 368032 17903 242541 41030 22193 18837 93888 7596 86292 222843 197391 6941 17234 4300 12934 82802 64412 25452 17641 2685 1143 61270 21459 1270 1025 38539 1040 75093 20246 4256 350129 258782 143890 142092 114892 3120 120232 1798 90889 19698 37499 10346 3336 3016 320 170686 30795 21911 16991 4920 3490 18390 1111 17279 1364
is_linear=0
shrinkage=0.03


Tree=37
num_leaves=63
num_cat=0
split_feature=2 4 11 2 3 4 9 1 7 0 8 11 6 7 8 11 4 8 4 9 11 11 8 7 11 1 8 2 11 11 1 8 0 3 0 4 8 11 11 7 2 8 1 8 8 7 6 11 3 7 8 9 8 0 2 9 0 9 9 9 7 11
split_gain=21.5796 6.20723 4.58927 3.84577 3.48971 4.18405 3.34038 2.97573 2.86276 2.82547 2.48365 2.30882 2.27998 2.27769 2.27568 2.13684 2.11427 3.17271 2.09735 2.02455 3.26528 2.09305 2.00453 2.08461 1.99366 2.32691 1.97233 1.95238 1.90378 1.90325 4.90513 4.09777 2.65328 2.01128 2.48109 1.87877 1.86749 2.36667 1.94214 1.85679 1.84557 1.80353 2.04579 3.28689 1.81209 1.78733 1.76884 1.75061 3.36294 2.11207 1.74978 1.74308 1.95777 2.12158 1.72639 1.96094 1.72566 1.72283 1.68506 2.63563 1.65497 1.635
threshold=0.3133928571428572 0.36405529953917054 0.15571120689655174 0.44028520499108742 0.14611005692599624 -0.35504201680672259 0.35960591133004927 -0.14611005692599616 0.31534090909090917 -0.46922348484848481 -0.3507130124777183 -0.46720430107526878 0.38057040998217473 0.46824596774193555 -0.060661764705882353 -0.47014260249554363 0.45529953917050697 0.43844696969696978 -0.42488479262672801 -0.15669642857142854 -0.44028520499108731 -0.32085561497326193 0.46824596774193555 0.40473790322580649 0.30322580645161296 0.30947580645161293 1.0000000180025095e-35 0.47100840336134459 -0.25378787878787873 -0.16190476190476188 0.47100840336134459 0.38057040998217473 0.4781385281385282 0.47014260249554374 0.44201680672268912 0.23128342245989311 -0.37689393939393934 -0.40767045454545447 0.14611005692599624 0.46922348484848492 -0.14928698752228159 -0.21651785714285712 -0.2535714285714285 0.46922348484848492 -0.41302521008403353 0.43844696969696978 -0.41042780748663094 0.22144396551724141 -0.32085561497326193 0.29049111807732503 0.47014260249554374 -0.38057040998217462 -0.38403361344537806 0.4781385281385282 -0.074643493761140808 -0.442016806722689 0.44201680672268912 -0.046920821114369508 -0.069047619047619038 0.436491935483871 -0.069047619047619038 0.41042780748663105
decision_type=2 2 2 2 2 2 2 2 2 2 2 2 2 2 2 2 2 2 2 2 2 2 2 2 2 2 2 2 2 2 2 2 2 2 2 2 2 2 2 2 2 2 2 2 2 2 2 2 2 2 2 2 2 2 2 2 2 2 2 2 2 2
left_child=1 4 3 12 5 7 8 54 18 -3 -4 15 16 45 -15 40 36 -18 56 20 -5 -21 -22 27 25 -11 47 -24 35 31 41 -23 33 34 -33 -16 37 -2 -38 -30 -7 44 43 46 -31 -14 -43 60 -49 -50 57 52 -26 -54 55 -1 -6 -41 -27 -60 -13 -51
right_child=2 9 10 19 6 11 -8 -9 -10 24 -12 26 13 14 28 -17 17 -19 -20 21 22 29 23 -25 51 58 -28 -29 39 30 -32 32 -34 -35 -36 -37 38 -39 -40 50 -42 42 -44 -45 -46 -47 -48 48 49 61 -52 -53 53 -55 -56 -57 -58 -59 59 -61 -62 -63
leaf_value=-0.00060061483076906624 -0.0033960612317387854 -0.0027118447252888591 0.00053118114423933752 0.0021207332219903468 -0.000565187367555026 0.000777322929326154 -0.0003203131168375092 -0.0013274098039352609 -0.00024587674042609702 0.00038994009384088197 -0.0001789509223265638 0.00035193484811724872 -0.00069033239465257916 0.0042633654856456251 0.0023419122502049759 0.0011043888687464391 -0.001321990250342538 0.0014973264199184054 0.0001119295575570582 -0.0015127504435087779 -0.0014531586844397655 -0.0007726298542634093 0.00022380850565315659 -0.00017136363328411884 0.0030590879660583313 -0.00072253712322620429 8.9414109641679506e-05 -0.0034968668410231257 0.0038337083326241985 -0.001855772489881409 -0.0016404627540825391 0.00044694489691499264 0.0037194859265762153 -0.0027768003326756035 0.0043810365918897469 -0.0018062463941093329 -0.00010412247427156799 -0.00060986753442249209 -0.0018017870618155362 0.00067362406915659175 -3.8073631227889355e-05 -0.0018097600841685505 -0.00052024112361258638 0.0058451622043197088 0.0021712914794407407 -0.0016728467002328649 0.0015089109463672196 -0.00040030495354800611 0.00015380199116274841 0.00066221390681316095 0.0010346169606048421 0.00022318401701840431 -0.00077217663062144283 -0.00450212631535788 -0.00027963952571546263 7.9370162008683034e-05 -0.003440653038211167 -0.0015805747264667094 -0.00010605338039848259 -0.0013099548141919841 0.00015522668866597338 0.0027190450363596408
leaf_weight=4012 300 423 4661 278 1787 4403 27335 1571 26374 3200 90081 100763 7832 108 111 4426 2859 410 128107 1729 6949 1642 195 2544 103 12503 158312 362 126 125 2902 782 343 131 176 807 43828 3114 614 522 5773 226 5577 113 500 2117 397 10607 37403 1303 1010 10137 1148 155 17815 78103 209 732 13418 1863 62293 474
leaf_count=4012 300 423 4661 278 1787 4403 27335 1571 26374 3200 90081 100763 7832 108 111 4426 2859 410 128107 1729 6949 1642 195 2544 103 12503 158312 362 126 125 2902 782 343 131 176 807 43828 3114 614 522 5773 226 5577 113 500 2117 397 10607 37403 1303 1010 10137 1148 155 17815 78103 209 732 13418 1863 62293 474
internal_value=-1.5859e-08 7.4671e-05 -0.000289521 -0.000443619 9.70487e-05 0.000139067 -1.43358e-05 -3.23135e-05 3.91172e-05 -0.000274962 -0.000144009 0.000184161 -0.000321214 -0.00067008 -1.7042e-06 0.000554175 -0.000230003 -0.00096804 9.68916e-05 -0.000759715 -0.00108136 -0.000532793 -0.00117014 -0.00053566 -0.00025066 -0.00037603 0.000169602 -0.00219623 -0.000142197 -0.000401484 -0.00060503 0.00025006 0.00142245 0.000696205 0.00117352 -0.00130267 -0.000179569 -0.000855623 -0.000127617 0.000303899 0.000314778 -0.000171759 -0.000324014 0.00116157 0.0013642 -0.000899544 0.000304056 0.000229245 7.35408e-05 0.00020183 0.000105846 8.58647e-05 -0.000903637 -0.00121899 -1.19402e-05 4.61403e-05 -0.000867848 -0.000642435 -0.000464261 -0.000252904 0.000276787 0.00121208
internal_weight=898223 714020 184203 89461 671070 487258 183812 101501 156477 42950 94742 385757 64490 13365 3416 14602 51125 3269 130103 24971 10328 14643 10050 3101 42527 30984 371155 557 3308 12914 9840 3074 1432 1089 958 918 47856 3414 44442 2390 10176 6938 6313 736 625 9949 623 212843 49787 39180 2264 11543 1406 1303 99930 82115 1996 1254 27784 15281 163056 1777
internal_count=898223 714020 184203 89461 671070 487258 183812 101501 156477 42950 94742 385757 64490 13365 3416 14602 51125 3269 130103 24971 10328 14643 10050 3101 42527 30984 371155 557 3308 12914 9840 3074 1432 1089 958 918 47856 3414 44442 2390 10176 6938 6313 736 625 9949 623 212843 49787 39180 2264 11543 1406 1303 99930 82115 1996 1254 27784 15281 163056 1777
is_linear=0
shrinkage=0.03


Tree=38
num_leaves=63
num_cat=0
split_feature=2 0 3 11 2 11 5 3 5 2 11 7 3 11 2 10 2 10 10 11 7 2 2 5 6 11 7 7 10 10 7 1 11 11 6 5 10 7 6 1 5 5 0 1 6 1 1 11 5 5 11 7 2 6 1 5 1 11 9 10 5 2
split_gain=20.3701 4.70047 4.54179 3.23219 3.70567 2.78232 2.62765 2.60999 2.4436 2.3029 2.24819 2.24181 2.18536 2.01534 2.11252 2.1047 2.07274 1.97855 1.9667 2.79284 4.28487 3.47935 2.99838 2.5943 2.21485 1.96084 1.97822 1.87157 1.86401 1.86075 2.09533 1.82886 2.01834 1.82786 2.05702 1.82352 2.55435 1.80676 1.79573 1.7802 1.68658 1.67659 1.9445 1.62211 1.60834 2.42738 1.58181 2.21556 2.85129 1.96387 1.56399 1.64016 1.72716 1.55917 1.75723 1.76255 2.41033 1.55559 1.55109 2.01574 1.69428 2.23173
threshold=0.24217986314760512 0.45529953917050697 0.36405529953917054 0.15111561866125764 0.44028520499108742 -0.46824596774193544 -0.442016806722689 -0.442016806722689 -0.3106617647058823 0.022350230414746545 -0.32085561497326193 0.30947580645161293 0.23128342245989311 0.47100840336134459 -0.47100840336134447 0.25809822361546503 -0.18660714285714283 -0.18660714285714283 -0.12284482758620689 -0.17156862745098037 0.47100840336134459 0.48571428571428577 0.40767045454545459 0.40473790322580649 0.47857142857142865 -0.29361054766734279 -0.46824596774193544 0.10303030303030304 0.43844696969696978 0.26904761904761915 -0.46824596774193544 0.044155844155844122 0.25809822361546503 0.44028520499108742 -0.05527383367139959 0.3550420168067227 -0.18660714285714283 -0.26568627450980387 0.41042780748663105 0.42535650623885923 0.028991596638655474 -0.44028520499108731 -0.45529953917050686 -0.26806722689075629 -0.47014260249554363 -0.38403361344537806 0.40473790322580649 0.40767045454545459 0.4781385281385282 0.3550420168067227 -0.47014260249554363 0.24642857142857147 -0.29222011385199237 -0.44028520499108731 0.29099821746880572 -0.35504201680672259 -0.16152751423149903 0.42266009852216752 -0.24642857142857141 -0.36436781609195396 0.46922348484848492 0.47014260249554374
decision_type=2 2 2 2 2 2 2 2 2 2 2 2 2 2 2 2 2 2 2 2 2 2 2 2 2 2 2 2 2 2 2 2 2 2 2 2 2 2 2 2 2 2 2 2 2 2 2 2 2 2 2 2 2 2 2 2 2 2 2 2 2 2
left_child=2 3 5 4 12 17 -7 41 44 53 37 28 -2 14 -13 16 -15 38 24 20 21 -20 23 -21 25 -12 -27 -11 -4 30 35 32 -32 34 -34 36 -10 -3 -1 -30 -33 42 -5 -14 45 -9 49 -48 -49 -42 -19 -52 -53 54 55 56 -8 -36 59 60 61 -28
right_child=1 10 11 7 -6 6 9 8 29 27 18 13 43 15 -16 -17 -18 50 19 22 -22 -23 -24 -25 -26 26 58 -29 39 -31 31 40 33 -35 57 -37 -38 -39 -40 -41 46 -43 -44 -45 -46 -47 47 48 -50 -51 51 52 -54 -55 -56 -57 -58 -59 -60 -61 -62 -63
leaf_value=0.00097708662619676702 -8.9935570065502912e-05 0.0020889503841421435 -7.9890993082580985e-06 0.0016025623796937093 -0.00068497667731854588 -0.00016470170517723083 -0.00047481357381224998 0.0030869413185249214 0.00081924667115926937 9.9970412945114335e-05 -0.003655618102842032 -0.0042905274274333532 -0.0018290814621715916 0.0034026865152449446 -0.00057093413879122324 0.0048578029239197832 -0.00077867630600588086 8.7085777937829102e-05 -0.00087228520178192503 -0.00095348614211943821 0.0030815839629711487 0.0035582863507826897 -0.00098239163807494574 0.00039049586657644573 0.00024571846933814145 -0.0039190709464795269 0.0013390950537604349 -0.00011120562308114843 -0.00064285368512007155 -0.00029546433222940827 -0.00019952927007638004 -0.00050205621974611493 0.001512575073265635 5.2684450868562556e-05 0.00016534930205934289 -0.0044923429383197794 -0.001981877197325337 -0.0016030149805128233 -0.0011794467178606034 -0.0037250756456318201 8.0909626395620914e-05 -0.00090551206993086733 -0.0016302094117588834 -0.00035511318425656888 -0.00074509579265177417 -0.0017743569352482787 -0.00034476764830111429 -1.0313920360554207e-05 0.0012533497530330753 0.00060592195011933286 0.0012564505244548958 -0.0034961512697313361 0.00039026746175611899 0.00016616224709253954 -0.0014032483288088727 0.00012134395145014495 -0.0047759962722289653 0.0031210714240482635 2.3048102369707251e-05 -0.0012654359767415599 -0.00092945109321677943 -0.0010837142988876032
leaf_weight=6601 57246 125 32559 538 17291 32236 3812 243 532 96963 171 138 683 144 12309 110 403 11182 1291 2170 428 181 14643 3194 5870 143 1027 61872 2163 12787 2994 4553 3207 2625 2349 127 650 2294 366 182 20868 4570 242 38412 5264 148 13036 7698 2030 9256 2182 136 413 372429 916 12437 120 171 4747 2907 1327 512
leaf_count=6601 57246 125 32559 538 17291 32236 3812 243 532 96963 171 138 683 144 12309 110 403 11182 1291 2170 428 181 14643 3194 5870 143 1027 61872 2163 12787 2994 4553 3207 2625 2349 127 650 2294 366 182 20868 4570 242 38412 5264 148 13036 7698 2030 9256 2182 136 413 372429 916 12437 120 171 4747 2907 1327 512
internal_value=-1.54506e-08 -0.00023099 8.83505e-05 -0.000172978 -0.000280598 0.000110757 9.8524e-05 -4.27254e-05 -3.84002e-06 0.000113993 -0.00052439 -0.000192454 -0.000208015 -0.000527017 -0.000612515 0.00109122 0.000326285 0.000450993 -0.00046878 -0.000655738 0.000443248 -0.000325448 -0.000760122 -0.000153287 -0.000223563 -0.000477825 -0.000426526 1.77095e-05 -6.68371e-05 3.73305e-05 9.80427e-05 0.000120676 0.000468714 0.000708259 0.00100868 -0.00109051 -0.000721508 -0.00141145 0.000863644 -0.000883557 5.19231e-05 -0.000686125 0.000598771 -0.00038091 -0.00060716 0.00124703 9.96225e-05 -8.911e-05 0.000253484 0.000242241 0.000244309 0.000887785 -0.000577095 0.000153235 -0.000125296 -5.37009e-05 -0.000607262 0.000367075 -0.000378683 -0.000708963 -0.000144286 0.000532886
internal_weight=898223 248550 649673 207520 113632 601665 580785 93888 88538 548549 41030 48008 96341 13104 12447 657 547 20880 38611 21907 1900 1472 20007 5364 16704 10834 10663 158835 34904 82883 70096 68787 11346 8352 5727 1309 1182 2419 6967 2345 57441 5350 780 39095 5655 391 52888 22764 9728 30124 13913 2731 549 389714 17285 16369 3932 2520 10520 5773 2866 1539
internal_count=898223 248550 649673 207520 113632 601665 580785 93888 88538 548549 41030 48008 96341 13104 12447 657 547 20880 38611 21907 1900 1472 20007 5364 16704 10834 10663 158835 34904 82883 70096 68787 11346 8352 5727 1309 1182 2419 6967 2345 57441 5350 780 39095 5655 391 52888 22764 9728 30124 13913 2731 549 389714 17285 16369 3932 2520 10520 5773 2866 1539
is_linear=0
shrinkage=0.03


Tree=39
num_leaves=63
num_cat=0
split_feature=2 0 11 2 2 11 2 6 1 10 8 10 3 9 7 7 7 1 0 3 11 11 6 2 6 2 11 7 11 7 8 10 8 8 3 1 7 1 8 10 1 9 10 11 0 1 6 11 9 7 2 10 8 11 11 11 1 3 9 3 8 1
split_gain=19.1811 5.7023 4.14981 3.49142 3.43033 3.252 5.44014 2.5817 3.46236 2.4737 2.3004 2.12622 2.15042 2.10627 2.08838 2.15067 3.10396 3.83511 2.08704 1.95351 2.30516 2.07539 1.9571 1.94344 1.89054 2.25766 4.82451 1.83831 1.8082 1.82735 1.78299 2.37987 2.19547 1.86695 1.82612 1.79176 1.73465 1.72708 1.69902 1.79717 1.64245 1.63992 1.63614 1.6485 1.61254 1.60152 1.9204 1.66898 1.7169 2.24364 2.29133 2.98949 2.23563 2.64275 2.02418 1.86195 1.97945 1.95731 2.52349 1.77239 1.65872 1.59289
threshold=0.3133928571428572 0.41926406926406928 0.15571120689655174 -0.030776515151515135 0.41302521008403364 -0.24642857142857141 -0.47014260249554363 -0.38057040998217462 0.29705882352941182 0.27772177419354843 -0.3507130124777183 0.40473790322580649 -0.35504201680672259 0.44201680672268912 0.29361054766734285 -0.4499999999999999 -0.47014260249554363 -0.14928698752228159 -0.33847248576850092 0.22301136363636367 0.35071301247771841 0.46609195402298859 0.35960591133004927 0.41042780748663105 0.46609195402298859 -0.47100840336134447 0.21198156682027655 0.47014260249554374 0.25378787878787884 -0.15669642857142854 -0.24642857142857141 0.18660714285714289 -0.43844696969696967 0.48571428571428577 -0.46824596774193544 -0.38057040998217462 -0.30322580645161284 -0.38057040998217462 -0.038095238095238092 0.32555780933062883 0.27346041055718479 0.41042780748663105 -0.41302521008403353 0.47014260249554374 0.29705882352941182 -0.43202764976958524 0.25378787878787884 -0.47014260249554363 0.26166328600405681 0.014718614718614688 -0.442016806722689 -0.32555780933062872 0.46922348484848492 0.40767045454545459 -0.13095238095238093 0.34122983870967749 0.38057040998217473 0.47100840336134459 -0.38057040998217462 0.41302521008403364 0.38403361344537817 -0.35504201680672259
decision_type=2 2 2 2 2 2 2 2 2 2 2 2 2 2 2 2 2 2 2 2 2 2 2 2 2 2 2 2 2 2 2 2 2 2 2 2 2 2 2 2 2 2 2 2 2 2 2 2 2 2 2 2 2 2 2 2 2 2 2 2 2 2
left_child=1 3 4 5 -2 6 -1 8 -7 10 14 12 40 -11 15 16 17 -4 -6 38 22 -22 -21 -17 -9 26 -26 -24 -10 -30 31 32 37 -32 -33 36 -36 -8 39 44 41 -5 -25 -44 -14 46 -3 -47 49 -49 51 -51 55 54 -54 59 -57 -58 -59 -52 -60 -23
right_child=2 45 9 11 18 7 30 24 28 13 -12 -13 19 -15 -16 23 -18 -19 -20 20 21 61 27 42 25 -27 -28 -29 29 -31 33 34 -34 -35 35 -37 -38 -39 -40 -41 -42 -43 43 -45 -46 47 -48 48 -50 50 52 -53 53 -55 -56 56 57 58 60 -61 -62 -63
leaf_value=-0.00091480748238285785 -0.00026789102114467339 -1.4253044381107697e-05 0.0044346720012599372 -0.00019951247869513973 -1.6500746471548583e-05 -7.9088081091972993e-05 0.00096362971259649497 0.00014145406113768243 -0.0023712353097918117 -0.00073389348900882063 -0.00011118952126266192 -0.00022423898308302658 0.00016074176737964409 0.00024720276676481459 -0.0021483361581899631 0.00046332348569678235 -0.0056956840958556085 -0.002733192906688111 -0.00073042772737286221 -5.6316698541675154e-05 0.00062004480148926497 -0.003935472043098083 -0.00060701898011776534 0.0048232559578576285 -0.00090849054991897101 -0.00050796075599365386 0.0048984426145938951 0.00078319744757317461 -0.0018518731334228294 0.0013555397506102534 0.00022964970375196006 -0.0023913030144579422 0.0005324437615665575 0.0013969578051369158 0.0034900850460390775 0.00085376157959543282 0.001014486902899938 -0.00047635715468767045 2.9332486999934597e-05 0.00069969112632176816 -0.00098927228752432317 0.0015596555666037425 0.0011299437024368125 0.0045949746973495539 0.0012992954108352315 -0.0033876603939746205 -0.00399788657167649 0.00025155075801754572 -0.0007636667965606424 -0.0018775720222351641 0.00026988235915606631 0.0036802045137111872 -0.00060871488654506425 -0.0020091899829613887 0.0021941452146582449 0.00090250145935630278 -0.0015904565324135456 -0.0032478669590093718 0.0018048423881222911 -0.00096586870803419447 -0.0019408152197272731 -0.00017659701458371845
leaf_weight=3286 53701 203 117 19325 4172 35952 926 245928 922 9677 78662 31576 69167 2472 228 2018 105 155 31588 50543 7355 104 10396 156 306 6549 221 932 328 310 74214 142 15219 1253 489 6769 533 3917 86148 6523 2385 488 1012 140 1137 158 234 7173 5775 129 1200 264 333 262 760 1358 908 141 588 8044 129 3018
leaf_count=3286 53701 203 117 19325 4172 35952 926 245928 922 9677 78662 31576 69167 2472 228 2018 105 155 31588 50543 7355 104 10396 156 306 6549 221 932 328 310 74214 142 15219 1253 489 6769 533 3917 86148 6523 2385 488 1012 140 1137 158 234 7173 5775 129 1200 264 333 262 760 1358 908 141 588 8044 129 3018
internal_value=-1.55999e-08 7.03985e-05 -0.000272958 8.74176e-05 -0.000419492 0.000145138 0.000286737 9.31073e-05 -0.000139146 -0.000134589 -7.57933e-05 8.101e-06 3.65902e-05 -0.000534262 0.000632357 0.000804103 -0.00134082 0.000354993 -0.000647139 6.32162e-05 -6.65143e-05 0.000344978 -0.000136199 0.00104756 0.000127543 -0.000355885 0.00153134 -0.000492581 -0.00152232 -0.00029373 0.000324907 0.000529383 0.000355416 0.000249049 0.000969232 0.00103078 0.00220125 -0.000200884 0.000120806 0.000223376 -0.000245665 -0.000156107 0.00194788 0.00155466 0.000179173 -0.000351921 -0.00215162 -0.000322952 -0.000304936 -0.000180467 -0.000399998 0.00185576 -0.000464729 0.000691753 0.00134043 -0.000591476 4.17035e-05 -0.00062036 0.000406926 -0.000805439 0.00112917 -0.000303033
internal_weight=898223 714020 184203 686361 89461 397264 106748 290516 37512 94742 82593 289097 257521 12149 3931 3703 377 272 35760 235323 72348 10477 61871 3326 253004 7076 527 11328 1560 638 103462 27995 20062 75467 7933 7791 1022 4843 162975 76827 22198 19813 1308 1152 70304 27659 437 27222 27064 21289 14116 393 13723 1355 1093 12368 3124 1766 858 9244 717 3122
internal_count=898223 714020 184203 686361 89461 397264 106748 290516 37512 94742 82593 289097 257521 12149 3931 3703 377 272 35760 235323 72348 10477 61871 3326 253004 7076 527 11328 1560 638 103462 27995 20062 75467 7933 7791 1022 4843 162975 76827 22198 19813 1308 1152 70304 27659 437 27222 27064 21289 14116 393 13723 1355 1093 12368 3124 1766 858 9244 717 3122
is_linear=0
shrinkage=0.03


Tree=40
num_leaves=63
num_cat=0
split_feature=2 0 1 4 11 11 2 0 3 10 1 3 1 11 10 9 3 10 11 8 0 9 11 10 3 4 11 10 11 4 8 8 2 1 9 9 10 3 11 0 3 6 2 2 9 10 8 8 8 10 1 8 6 0 11 1 9 2 8 11 11 6
split_gain=18.0743 4.32301 4.06114 3.28832 3.14642 2.91111 3.33561 2.42633 2.35689 2.27881 2.31601 2.26595 2.12713 2.08359 2.41145 2.02742 2.65306 2.04459 2.88895 1.93817 1.99961 1.84551 1.8337 3.54262 1.81492 2.07679 1.90308 1.79606 2.0333 2.35187 2.02568 2.18918 2.02804 1.89578 1.8424 1.77988 1.73367 1.717 1.92907 3.16014 1.70867 1.68026 1.67968 1.92085 2.77204 2.39013 2.06122 1.84901 1.68603 2.16331 1.90404 1.98563 1.67526 2.15636 1.81155 1.77115 1.65978 1.65343 1.58822 1.64877 1.57733 1.56162
threshold=0.24217986314760512 0.45529953917050697 0.26806722689075635 -0.442016806722689 -0.24642857142857141 0.13484848484848486 0.38403361344537817 -0.47014260249554363 -0.3507130124777183 0.43844696969696978 0.42535650623885923 -0.442016806722689 -0.38057040998217462 0.27281105990783416 0.12284482758620692 0.35960591133004927 0.14611005692599624 0.46824596774193555 0.1815668202764977 -0.23431372549019605 -0.30474095796676437 -0.47100840336134447 -0.46824596774193544 -1.0000000180025095e-35 0.14076246334310852 0.32605042016806729 0.060661764705882366 0.26166328600405681 0.34611742424242431 0.35071301247771841 -0.12678571428571425 0.47100840336134459 0.46922348484848492 0.436491935483871 0.16190476190476191 0.47100840336134459 0.47100840336134459 -0.442016806722689 1.0000000180025095e-35 -0.47100840336134447 0.44028520499108742 0.38057040998217473 -0.47014260249554363 -0.096874999999999975 -0.23431372549019605 0.23030303030303031 0.23431372549019611 -0.4541871921182265 -0.24642857142857141 0.15111561866125764 -0.17394957983193274 -0.37689393939393934 0.44201680672268912 0.47014260249554374 0.32807881773399022 0.11359447004608299 -0.38057040998217462 0.40767045454545459 0.03229166666666667 -0.37298387096774188 -0.38403361344537806 0.46609195402298859
decision_type=2 2 2 2 2 2 2 2 2 2 2 2 2 2 2 2 2 2 2 2 2 2 2 2 2 2 2 2 2 2 2 2 2 2 2 2 2 2 2 2 2 2 2 2 2 2 2 2 2 2 2 2 2 2 2 2 2 2 2 2 2 2
left_child=2 5 3 7 42 6 24 -1 -4 40 -11 -7 -9 -3 52 37 17 18 19 -17 -21 -13 23 -8 25 -2 -27 -23 30 -30 32 34 36 -31 -32 -16 -29 38 39 -6 58 -33 47 48 -45 46 -46 -5 49 50 -44 -52 53 57 56 -55 -54 -15 59 -10 -42 -39
right_child=1 13 8 4 15 11 22 12 9 10 -12 21 -14 14 35 16 -18 -19 -20 20 -22 27 -24 -25 -26 26 -28 28 29 33 31 41 -34 -35 -36 -37 -38 61 -40 -41 60 -43 43 44 45 -47 -48 -49 -50 -51 51 -53 54 55 -56 -57 -58 -59 -60 -61 -62 -63
leaf_value=0.00040074797410804755 0.00010217578618637756 -0.00069591342334110375 -0.00090825271179943343 -0.0041975225826863909 -0.0014664845100853311 -0.0006367087195099676 0.0019092182377136947 -0.00022752331372731668 -0.00053036886966701747 -0.00047190216057478818 -0.002482300117234095 -0.0011852471712059788 -0.00138421460105516 -9.9898272827579062e-05 -0.00098698383223083815 0.00052021729920838215 -0.00040816928883921887 0.0003102183667622676 -0.00054666064287449184 0.00054200303026137738 -0.00028806485850811186 6.7755450862932632e-05 -0.00053454188188035469 -0.0018798687287049246 -0.00029646081521157735 -0.00030151240007853674 -0.0018837982667450235 0.00022692410090729704 -0.0012260946692219451 0.00090803824216209041 -0.0017406496312833042 -0.00034695188056074955 0.0044315464969529482 -0.00078814655631458661 -0.00021496710856090472 0.0017717841831278224 0.0028599343973788132 0.00013608675147814769 -0.00049529846926195647 0.0008285452146268486 -0.002103013872561408 0.003269785775280898 0.00066973412320560865 0.00047428289223211048 2.4733503349201522e-06 0.00030996371173966033 -0.00056763920165994362 -0.00037719784265846098 0.00026938512894257864 0.00099985348400088991 -0.0005349784847820709 0.00048568413684254246 -0.0014510955796690614 -0.0026305987820194067 1.6244283724657757e-05 -6.345647877169877e-05 0.0018301254551185756 -0.0028107174509407738 -0.00014093299870579666 0.00025039008502222322 -0.00031802285455142837 -0.00032875987155461139
leaf_weight=5471 30127 22193 3302 120 677 5447 720 26690 2683 4363 584 1180 1511 313 4462 6485 15864 16448 9272 3372 11575 75647 36140 320 37249 4948 793 1813 3472 1104 815 203 128 1279 5612 220 256 309446 8160 2652 466 267 8604 16366 24977 17181 7397 1983 59878 7265 3271 3605 163 257 8070 3872 907 573 27473 26168 9721 6643
leaf_count=5471 30127 22193 3302 120 677 5447 720 26690 2683 4363 584 1180 1511 313 4462 6485 15864 16448 9272 3372 11575 75647 36140 320 37249 4948 793 1813 3472 1104 815 203 128 1279 5612 220 256 309446 8160 2652 466 267 8604 16366 24977 17181 7397 1983 59878 7265 3271 3605 163 257 8070 3872 907 573 27473 26168 9721 6643
internal_value=-1.52564e-08 -0.000217585 8.32223e-05 0.00011027 0.000128166 -0.000161951 -0.000267444 -0.000177378 -0.000124777 -8.85612e-05 -0.000709686 -4.22716e-05 -0.000289545 -0.000498958 -0.000266888 8.32441e-05 -7.2589e-05 4.03212e-05 -0.000104267 8.71398e-05 -0.00010078 -6.98462e-06 -0.000498797 0.000742659 -0.000149795 2.52116e-06 -0.000520362 8.37499e-06 -0.000292095 -0.000728086 -1.13406e-05 -0.000264056 0.000781762 -2.28412e-06 -0.000408678 -0.000857003 0.000553934 0.000113222 -0.000247021 0.000361518 -4.23528e-05 0.00171024 0.000244636 0.000256557 0.000135778 2.39765e-05 -0.000127803 -0.000597082 0.000352917 0.000572801 0.000372327 1.34855e-07 -7.16516e-05 -0.000512197 0.0001701 -0.000223841 0.00132939 -0.00185425 2.23161e-05 0.000177768 -0.000399875 0.000126316
internal_weight=898223 248550 649673 574913 541241 207520 110297 33672 74760 71458 4947 97223 28201 41030 18837 390594 63016 47152 30704 21432 14947 91776 37180 1040 73117 35868 5741 90596 14949 5855 9094 6897 2197 2383 6427 4682 2069 327578 11489 3329 66511 470 150647 148544 65921 49555 32374 2103 82623 22745 15480 6876 14155 5015 9140 4129 1070 886 56324 28851 10187 316089
internal_count=898223 248550 649673 574913 541241 207520 110297 33672 74760 71458 4947 97223 28201 41030 18837 390594 63016 47152 30704 21432 14947 91776 37180 1040 73117 35868 5741 90596 14949 5855 9094 6897 2197 2383 6427 4682 2069 327578 11489 3329 66511 470 150647 148544 65921 49555 32374 2103 82623 22745 15480 6876 14155 5015 9140 4129 1070 886 56324 28851 10187 316089
is_linear=0
shrinkage=0.03


Tree=41
num_leaves=63
num_cat=0
split_feature=2 4 11 5 3 4 2 0 1 11 8 10 10 8 9 9 11 11 8 1 5 9 9 11 9 8 2 4 8 10 8 11 10 11 1 8 0 3 10 8 11 10 11 3 10 8 1 8 5 3 11 11 3 1 8 9 11 10 2 10 2 4
split_gain=17.0408 5.15936 3.68144 3.51499 3.78015 3.33175 3.16568 2.58679 2.48787 2.3486 2.47867 2.38276 2.24267 2.13948 2.07143 1.91151 3.02425 1.94279 1.86996 1.80714 3.20609 1.98223 2.61269 2.28487 2.88377 2.28533 1.92983 1.77257 1.794 1.76411 2.00821 2.41792 1.73279 1.72564 4.58578 3.78087 2.39472 1.91249 2.49459 2.19496 1.72733 1.71211 2.43586 1.86627 1.6946 1.69172 1.90832 3.09274 1.79274 1.67326 2.18329 1.64569 2.81019 2.3978 1.87385 1.79569 1.71449 3.51545 2.74004 2.44242 1.6336 1.77399
threshold=0.3133928571428572 0.36405529953917054 0.15571120689655174 0.41302521008403364 0.22301136363636367 -0.35504201680672259 0.44028520499108742 -0.46922348484848481 -0.14611005692599616 -0.46720430107526878 1.0000000180025095e-35 -0.18660714285714283 0.17156862745098042 -0.3507130124777183 0.39113300492610842 -0.15669642857142854 -0.44028520499108731 -0.32085561497326193 0.46824596774193555 0.40767045454545459 0.47014260249554374 0.436491935483871 -0.069047619047619038 0.32085561497326209 -0.38057040998217462 -0.41302521008403353 -0.40161290322580639 -0.45529953917050686 0.44201680672268912 0.40767045454545459 -0.37298387096774188 -0.40767045454545447 -0.41302521008403353 -0.16190476190476188 0.47100840336134459 0.38057040998217473 0.4781385281385282 0.47014260249554374 0.014718614718614688 0.44201680672268912 -0.23030303030303029 0.13484848484848486 -0.46824596774193544 0.46824596774193555 0.038095238095238078 -0.21651785714285712 -0.2535714285714285 0.46922348484848492 -0.21651785714285712 0.32085561497326209 -0.24239631336405529 0.44028520499108742 -0.38403361344537806 -0.43649193548387094 0.083426028921023368 0.25378787878787884 0.22570532915360506 0.23861480075901334 -0.29705882352941171 0.46922348484848492 -0.41042780748663094 -0.16190476190476188
decision_type=2 2 2 2 2 2 2 2 2 2 2 2 2 2 2 2 2 2 2 2 2 2 2 2 2 2 2 2 2 2 2 2 2 2 2 2 2 2 2 2 2 2 2 2 2 2 2 2 2 2 2 2 2 2 2 2 2 2 2 2 2 2
left_child=1 3 6 4 5 8 29 -3 -1 11 32 -7 13 -4 -6 16 -8 -17 -18 20 -9 22 23 -21 -25 -26 -24 28 -15 30 31 -2 -11 35 45 -19 37 38 -37 -40 -41 42 -32 -43 -36 48 47 -47 -35 -44 -51 53 -53 55 -54 -12 60 58 -58 -59 61 -55
right_child=2 7 12 -5 14 9 15 19 -10 10 51 -13 -14 27 -16 17 18 33 -20 21 -22 -23 26 24 25 -27 -28 -29 -30 -31 41 -33 -34 34 44 36 -38 -39 39 40 -42 43 49 -45 -46 46 -48 -49 -50 50 -52 52 54 56 -56 -57 57 59 -60 -61 -62 -63
leaf_value=-2.1089273250883642e-05 -0.003403494406453665 -0.0025840852176806607 0.00068326396216382445 0.00067841214857738454 -2.6586689199177745e-05 0.0010203671673812836 0.0020869736413356237 -0.00012086445032904837 -0.0012042283143804218 -0.00011112097677595657 -0.00088594799587687792 0.00024958490508654316 -0.00040166098550845959 -0.0016970136851204858 -0.000411666564951355 -0.0014057128830581387 -0.0013534084001420883 -0.00069707317629284728 -0.00046727259896627043 -0.00093529286124643875 0.0013721056583535715 -0.001538640959157326 0.0021682080327339592 -0.0015080619796237374 -0.0037975047973708978 0.00065858081859280072 -7.7678177587114228e-05 -6.5777266913152202e-05 0.0020388703424923872 -0.00080239717836950975 0.00074808506747257235 -0.00068458440077636589 0.00022022743620760582 -0.0022240606292437473 -0.00065851596217804962 -0.00064792151798063948 0.003593717495914884 -0.0026653306067667224 -0.00011440893813823076 0.0016033600647314694 0.0057210129256074754 0.00018144118865280137 -0.00019790693851641115 -0.00086062069361783177 -0.0021334192113782501 0.00034543371901883381 -0.00044698445019619596 0.0057205091017347416 0.0020911428339028797 -0.0011720804552536111 -0.00036254210677668644 0.0019757092981400291 -0.00077451895922671344 3.4112240454683862e-05 0.00049054783002280117 -0.0044365981404606734 0.00075054538394027977 -0.00096208368757941276 -0.00011345833298109617 0.0001755920260974254 0.00010770789980591016 -0.00097536934291447309
leaf_weight=102141 325 423 3420 8916 109378 5364 278 17492 1624 15168 604 11035 20857 997 14204 1729 6949 1642 3101 7943 1397 1308 355 876 107 2538 10511 69338 130 5416 1902 3046 223419 103 1188 393 343 131 195 172 198 14258 23697 1734 1714 623 5577 113 522 4322 9790 979 1285 3816 5836 162 3994 6553 19083 2292 132560 2657
leaf_count=102141 325 423 3420 8916 109378 5364 278 17492 1624 15168 604 11035 20857 997 14204 1729 6949 1642 3101 7943 1397 1308 355 876 107 2538 10511 69338 130 5416 1902 3046 223419 103 1188 393 343 131 195 172 198 14258 23697 1734 1714 623 5577 113 522 4322 9790 979 1285 3816 5836 162 3994 6553 19083 2292 132560 2657
internal_value=-1.5264e-08 6.6354e-05 -0.000257279 8.67556e-05 7.87879e-05 0.000113124 -0.000395297 -0.000252404 -3.96177e-05 0.000149575 0.000135771 0.000501749 -0.000126952 -4.94006e-05 -7.08491e-05 -0.000682085 -0.000994617 -0.000461596 -0.00108006 -0.000229152 -1.038e-05 -0.000403963 -0.000337432 -0.000653339 -1.7196e-05 0.000476949 -4.1107e-06 -8.49695e-05 -0.00126465 -0.000284241 -0.000236723 -0.000947648 0.000199162 -0.000335094 -0.000528911 0.000285295 0.00141143 0.000721407 0.00118682 0.00246191 0.00381634 -0.000193684 -0.000299228 6.84045e-05 -0.00153007 -0.000109991 -0.000257458 0.00117733 0.00137758 -0.000351932 -0.00061054 5.16633e-05 0.000469509 3.19511e-05 0.000262187 -0.00164167 3.94597e-05 -0.000158809 3.61032e-05 -0.000667292 8.49831e-05 -0.000380341
internal_weight=898223 714020 184203 671070 662154 538572 89461 42950 103765 434807 418408 16399 94742 73885 123582 24971 10328 14643 10050 42527 18889 23638 22330 11464 3521 2645 10866 70465 1127 64490 59074 3371 238587 12914 9840 3074 1432 1089 958 565 370 55703 39711 15992 2902 6938 6313 736 625 37809 14112 179821 8100 171721 7121 766 170955 31922 23077 8845 139033 6473
internal_count=898223 714020 184203 671070 662154 538572 89461 42950 103765 434807 418408 16399 94742 73885 123582 24971 10328 14643 10050 42527 18889 23638 22330 11464 3521 2645 10866 70465 1127 64490 59074 3371 238587 12914 9840 3074 1432 1089 958 565 370 55703 39711 15992 2902 6938 6313 736 625 37809 14112 179821 8100 171721 7121 766 170955 31922 23077 8845 139033 6473
is_linear=0
shrinkage=0.03


Tree=42
num_leaves=63
num_cat=0
split_feature=2 0 0 11 2 11 8 11 11 11 7 0 11 3 11 8 6 9 0 8 2 11 3 2 7 1 3 11 2 6 11 2 9 7 11 3 7 4 8 7 11 11 9 9 4 9 2 11 7 2 0 4 1 11 9 6 3 11 0 3 9 11
split_gain=16.1096 3.94198 3.77868 2.65792 2.959 2.36224 2.466 4.22835 3.05651 4.29369 3.75233 2.32359 2.21736 2.11329 1.99351 2.13365 2.07356 1.9709 2.9667 2.24685 2.17832 1.94947 2.00433 2.21688 1.93957 1.88013 1.96921 1.79533 2.67394 1.91106 1.74542 3.56615 1.7379 2.01995 1.72983 1.71256 1.69586 1.68909 2.14255 1.82305 1.69631 1.85957 2.07968 1.79472 1.67887 1.89063 1.6693 2.44823 2.35223 2.02849 1.69608 2.53087 2.04262 1.65596 1.89696 1.64391 1.63029 2.08759 1.61954 1.59474 1.58815 1.77929
threshold=0.24217986314760512 0.45529953917050697 0.41926406926406928 0.13484848484848486 0.38403361344537817 -0.46824596774193544 0.015640273704789823 0.41302521008403364 0.46720430107526889 0.46824596774193555 0.31534090909090917 -0.38057040998217462 -0.47014260249554363 -0.442016806722689 -0.32085561497326193 -0.016685205784204651 0.47857142857142865 -0.41302521008403353 -0.47100840336134447 0.35071301247771841 -0.40161290322580639 0.38403361344537817 -0.35504201680672259 -0.41042780748663094 -0.20777988614800755 0.2611408199643494 -0.46824596774193544 0.22570532915360506 -0.30474095796676437 0.44201680672268912 0.47100840336134459 -0.40473790322580638 -0.47100840336134447 0.41302521008403364 0.44201680672268912 0.38403361344537817 -0.26568627450980387 0.48571428571428577 0.48571428571428577 0.44201680672268912 0.45418719211822667 -0.15571120689655168 -0.22144396551724135 0.39113300492610842 0.45529953917050697 0.41302521008403364 0.015640273704789823 -0.096874999999999975 -0.41302521008403353 -0.19407308377896609 -0.47014260249554363 -0.38057040998217462 -0.27346041055718467 -0.46824596774193544 0.069047619047619038 -0.37689393939393934 -0.35504201680672259 0.015640273704789823 0.044786096256684456 0.14076246334310852 0.014718614718614688 0.39113300492610842
decision_type=2 2 2 2 2 2 2 2 2 2 2 2 2 2 2 2 2 2 2 2 2 2 2 2 2 2 2 2 2 2 2 2 2 2 2 2 2 2 2 2 2 2 2 2 2 2 2 2 2 2 2 2 2 2 2 2 2 2 2 2 2 2
left_child=2 3 5 4 44 12 8 11 46 -10 -11 21 24 -5 36 -16 -17 20 19 -19 -9 22 -8 -24 -1 26 -13 -28 -29 -30 -4 -32 33 -15 -35 -26 -3 38 60 -40 41 42 -39 -43 59 -46 47 -7 50 -50 52 -52 -49 54 -6 -53 -48 -58 -12 -2 -18 -62
right_child=1 14 30 13 53 6 7 17 9 10 58 25 -14 32 15 16 37 18 -20 -21 -22 -23 23 -25 35 -27 27 28 29 -31 31 -33 -34 34 -36 -37 -38 40 39 -41 -42 43 -44 -45 45 -47 56 48 49 -51 51 55 -54 -55 -56 -57 57 -59 -60 -61 61 -63
leaf_value=0.00083182303703080147 2.6046872640815126e-05 0.0020816697792283125 -0.00038075655944357111 -0.00061200115992171198 0.0014803254834652229 0.0002990095784665071 -0.00025374126577555281 -0.0032878227144696156 -0.0048301178958814438 -0.00032953007771652297 0.0036307448428430544 -0.0034030594803617902 0.0008635463070642155 -0.00029892767162787874 0.00015465130389536119 -0.00069684825028411995 0.00031972879955790673 0.0017766293929216319 0.00047066815018810575 0.0067884519251618682 -6.8635591111546561e-05 0.0010785298856021577 -0.0028563780124416069 -0.0006682295254310614 6.3945424847172564e-05 -0.00022211660062642553 9.0597645811286122e-05 0.00037660491417016692 -0.00024571006629311396 -0.0014699126863116356 0.0043682148088566089 6.4495414970967336e-05 1.1044596973154346e-05 -0.0011179470727186594 -0.0052156106750556597 -0.0027363842771155758 -0.001495015107565278 -0.0012167509939963606 -0.0011078585827061416 0.0014294129698704228 0.00023558634759748609 -0.00077255696019262732 0.0026675427015870811 -0.0033122920814703284 -0.00073275724544745588 -0.0044224180401341382 -0.00038663572640904996 0.0012894837556182189 5.5857077547195496e-05 0.00029870586815872169 -0.0007197246788963695 -0.00035477318371238565 -0.0025576897346680713 -0.0005049648999653942 -0.0014142096476479041 0.0004286079541607392 -5.3244884177680894e-05 0.00025392997358170951 0.00051121541458261995 -0.00025852845938579476 -0.00037534502445535811 -0.0028893760303114525
leaf_weight=3385 35304 125 20189 5447 763 106286 23193 240 184 14173 303 148 6505 805 5027 20457 1721 362 16056 103 880 904 541 1807 11389 27495 147876 6545 22997 1207 206 1064 90596 207 168 199 2294 216 303 1582 2216 5287 289 262 2093 132 7444 1104 75906 52274 7116 4959 139 36140 277 4690 46913 34595 296 35588 899 352
leaf_count=3385 35304 125 20189 5447 763 106286 23193 240 184 14173 303 148 6505 805 5027 20457 1721 362 16056 103 880 904 541 1807 11389 27495 147876 6545 22997 1207 206 1064 90596 207 168 199 2294 216 303 1582 2216 5287 289 262 2093 132 7444 1104 75906 52274 7116 4959 139 36140 277 4690 46913 34595 296 35588 899 352
internal_value=-1.50813e-08 -0.00020542 7.85685e-05 -0.000152295 -0.000253095 9.19406e-05 8.09949e-05 8.83455e-06 0.000131687 -0.000288076 -0.000231177 -2.51116e-05 0.000401129 -3.7938e-05 -0.000474107 -0.000421742 -0.000508022 0.000456615 0.000539186 0.00289896 -0.000760779 -0.000289856 -0.000338329 -0.0011734 0.000200188 8.83165e-06 4.43522e-05 4.72276e-05 -0.000161341 -0.000306817 -0.000312888 0.000765467 -3.86044e-06 -0.00114725 -0.00296269 1.56236e-05 -0.00130941 -0.000213725 0.000230297 0.00102119 -0.000474497 -0.000734411 0.00100702 -0.000893048 -0.000142287 -0.000953538 0.000150075 0.000189449 0.000109791 0.000154897 -0.000211258 -0.00029055 0.000857559 -0.000470996 0.000708759 2.60026e-05 3.83183e-05 7.7133e-05 0.00209263 -0.000116812 -0.000271506 -0.00108447
internal_weight=898223 248550 649673 207520 110297 628214 606736 250354 356382 14956 14772 232713 21478 97223 41030 38611 33584 17641 16521 465 1120 26445 25541 2348 14973 206268 178773 178625 30749 24204 21459 1270 91776 1180 375 11588 2419 13127 4857 1885 8270 6054 505 5549 73117 2225 341426 252474 146188 128180 18008 16765 1243 37180 1040 9649 88952 81508 599 70892 2972 1251
internal_count=898223 248550 649673 207520 110297 628214 606736 250354 356382 14956 14772 232713 21478 97223 41030 38611 33584 17641 16521 465 1120 26445 25541 2348 14973 206268 178773 178625 30749 24204 21459 1270 91776 1180 375 11588 2419 13127 4857 1885 8270 6054 505 5549 73117 2225 341426 252474 146188 128180 18008 16765 1243 37180 1040 9649 88952 81508 599 70892 2972 1251
is_linear=0
shrinkage=0.03


Tree=43
num_leaves=63
num_cat=0
split_feature=2 0 3 11 2 4 1 11 2 9 10 9 11 7 3 0 11 6 2 11 6 3 7 11 9 7 4 7 11 2 1 11 0 11 2 10 2 10 4 4 6 7 1 1 11 10 10 9 10 9 3 0 7 10 10 7 10 10 3 6 1 11
split_gain=15.1578 3.70905 3.59186 2.50082 2.78409 2.40202 2.25628 2.18937 2.0629 2.33649 3.12718 2.02338 2.95156 2.80546 2.62095 2.47581 2.00583 2.74925 4.20802 2.53236 3.06274 1.9884 1.98084 1.91567 2.36257 2.25775 2.1672 2.06512 2.12313 1.89382 1.86255 1.85435 2.78689 1.81893 1.99624 1.99155 1.89195 1.73111 1.89589 1.69611 2.5555 2.15286 2.22211 2.10091 1.84993 2.41875 1.74665 1.71568 1.86064 1.66708 1.65929 2.08547 1.62559 1.6222 1.61425 1.58053 1.57767 2.22563 1.87103 1.65775 1.56711 1.5581
threshold=0.24217986314760512 0.45529953917050697 0.36405529953917054 0.13484848484848486 0.38403361344537817 -0.442016806722689 -0.38057040998217462 -0.24642857142857141 -0.096874999999999975 -0.23431372549019605 0.21198156682027655 0.35960591133004927 0.46720430107526889 0.47100840336134459 -0.442016806722689 -0.28033088235294112 0.30947580645161293 0.47014260249554374 -0.47014260249554363 0.48571428571428577 0.25378787878787884 -0.442016806722689 0.30947580645161293 0.48571428571428577 -0.050055617352614011 -0.46824596774193544 0.47014260249554374 -0.23861480075901326 -0.32085561497326193 -0.47014260249554363 0.14400921658986179 1.0000000180025095e-35 -0.47100840336134447 0.47100840336134459 -0.47100840336134447 0.25809822361546503 -0.18660714285714283 -0.4541871921182265 0.43844696969696978 -0.32085561497326193 -0.47014260249554363 -0.46824596774193544 0.015640273704789823 -0.38403361344537806 0.31534090909090917 0.060661764705882366 -0.18660714285714283 -0.33095238095238094 -0.078201368523949141 -0.18660714285714283 0.096875000000000003 0.10450089126559715 0.33095238095238105 0.43844696969696978 0.45418719211822667 0.3550420168067227 -0.44028520499108731 -0.43844696969696967 0.044155844155844122 0.46609195402298859 0.42535650623885923 -0.46824596774193544
decision_type=2 2 2 2 2 2 2 2 2 2 2 2 2 2 2 2 2 2 2 2 2 2 2 2 2 2 2 2 2 2 2 2 2 2 2 2 2 2 2 2 2 2 2 2 2 2 2 2 2 2 2 2 2 2 2 2 2 2 2 2 2 2
left_child=2 3 5 4 37 6 16 8 29 30 52 14 13 15 31 -13 -1 19 -19 20 -18 -5 53 25 -25 49 -26 -27 -29 -7 -10 32 -9 34 -24 36 -35 38 55 40 43 44 -43 -23 47 46 -46 -41 -49 -3 51 -39 -11 -4 56 -2 58 -58 -16 -59 -55 -6
right_child=1 23 22 21 61 7 -8 11 9 10 -12 12 -14 -15 54 -17 17 18 -20 -21 -22 39 33 24 26 27 -28 28 -30 -31 -32 -33 -34 35 -36 -37 -38 50 -40 41 -42 42 -44 -45 45 -47 -48 48 -50 -51 -52 -53 -54 60 -56 -57 57 59 -60 -61 -62 -63
leaf_value=-0.00024192329039927928 -0.00033248471873005071 -0.0060390305711031968 -5.2953322369984488e-07 -0.00059364449230589033 0.00068749837931369692 -0.00058401443423562911 -0.001257074102913704 -0.0014179223557812864 0.00059998345929815539 -0.00011667306975588282 0.00028280470609857696 0.00035303127515468302 -0.001284740135502497 -0.0017611775125322389 -0.00041503065475785188 -0.00011665739184585162 0.00060457032655128332 0.0078238851453152 0.00039083748244710505 -0.0011895276224536744 -0.0014510679094472993 0.0029579670368746684 -0.0041445462873017933 0.00087090311153360746 -0.0025223637651304795 0.00044623384030458105 -6.5450443964895644e-06 -0.0014413668996239306 -0.00049422103037717992 0.00032869711779682614 -4.0789704583972518e-05 -0.00055859006576460793 0.00067925402753073183 0.0032444732356174239 -0.00052880217837668786 0.0047132903377752047 -0.00075036452246638526 -1.8105489224731852e-05 -0.0037985057396670943 -0.0057762858853068044 -0.00068465667563126194 0.00041991281794268623 -1.4759966078503906e-05 -0.001081018498119919 0.00017341328199725649 0.0020898026087289826 -0.003268176133960213 0.00089869716101222564 -0.0031916297601854672 -0.0013874657956407742 -0.0002383307550314562 0.00090103085912537472 -0.00079238489608283666 -0.00059150263573944778 -0.00091703190598787132 -0.0027063733730297189 0.0010635493205173932 0.00014041702892207033 0.00026884329123561321 -0.00036940580177254577 -0.0034833526668199871 -0.00048981637730593336
leaf_weight=23045 1653 110 32559 5447 1040 2097 1583 714 11998 30037 20295 12649 1776 845 10071 50113 6430 108 185 1037 725 329 138 2047 418 1954 1165 2277 32872 82792 6188 8819 2817 144 12309 110 403 28024 194 114 5426 12405 72103 178 288 265 245 161 262 187 40537 2412 3586 2163 1347 297 2319 308638 5603 5848 182 36140
leaf_count=23045 1653 110 32559 5447 1040 2097 1583 714 11998 30037 20295 12649 1776 845 10071 50113 6430 108 185 1037 725 329 138 2047 418 1954 1165 2277 32872 82792 6188 8819 2817 144 12309 110 403 28024 194 114 5426 12405 72103 178 288 265 245 161 262 187 40537 2412 3586 2163 1347 297 2319 308638 5603 5848 182 36140
internal_value=-1.52745e-08 -0.00019926 7.62114e-05 -0.000147728 -0.000245504 9.61371e-05 -0.00015224 0.000110603 0.00020592 8.79224e-05 -1.12596e-05 7.42431e-05 -7.88153e-05 -4.51245e-05 0.000103152 -2.19926e-05 -9.67327e-05 0.000297583 0.00314796 0.000195263 0.000396103 -3.68021e-05 -0.000173507 -0.000459887 0.000198047 -0.000523749 -0.000672034 -0.000502845 -0.000555618 0.000306144 0.000381963 -0.000326001 0.000254905 -0.000487995 -0.00056922 0.00104936 0.000305294 -0.000138021 -0.000977687 -3.74679e-06 -0.000494271 3.01609e-05 4.90502e-05 0.0015406 -0.00116471 -0.000247769 -0.00141171 -0.00252432 -0.00163634 -0.00312475 -0.000112642 5.47617e-05 -0.000188761 -5.54278e-05 0.000119029 -0.000695248 0.00012323 0.000137766 -0.000170564 0.000130936 -0.000817334 -0.000456867
internal_weight=898223 248550 649673 207520 110297 601665 33113 568552 156993 72104 53918 411559 65383 63607 346176 62762 31530 8485 293 8192 7155 97223 48008 41030 3630 37400 1583 37103 35149 84889 18186 12350 3531 13104 12447 657 547 73117 2144 91776 5933 85843 84508 507 1335 798 533 537 423 297 70973 30436 33623 34904 333826 1950 332479 316805 15674 314486 2345 37180
internal_count=898223 248550 649673 207520 110297 601665 33113 568552 156993 72104 53918 411559 65383 63607 346176 62762 31530 8485 293 8192 7155 97223 48008 41030 3630 37400 1583 37103 35149 84889 18186 12350 3531 13104 12447 657 547 73117 2144 91776 5933 85843 84508 507 1335 798 533 537 423 297 70973 30436 33623 34904 333826 1950 332479 316805 15674 314486 2345 37180
is_linear=0
shrinkage=0.03


Tree=44
num_leaves=63
num_cat=0
split_feature=1 2 11 2 11 10 11 2 11 2 8 0 7 7 3 2 9 10 11 8 3 11 9 11 6 10 8 0 9 10 7 11 3 11 6 10 8 7 8 8 8 9 7 6 11 0 8 10 9 2 2 9 6 2 10 9 8 1 11 7 2 6
split_gain=14.384 6.77925 3.59283 2.83092 3.21671 2.60238 2.40641 2.92625 2.38288 4.2185 2.26951 2.81273 2.22675 3.59254 2.67422 2.21552 4.33872 2.745 2.62719 2.44802 2.66124 2.36691 3.04796 2.65853 2.31164 2.17844 2.40441 2.17829 2.11034 2.76146 2.91952 2.81078 2.2588 2.24257 2.10767 2.07248 2.06056 2.04646 2.10993 2.04 3.56654 2.02399 2.89193 2.01862 2.40491 2.73466 1.97191 1.92771 1.91606 2.38202 2.16999 1.89618 3.95564 2.40098 1.87333 2.29274 2.28731 1.98343 1.86647 1.85668 1.96353 1.94428
threshold=0.40767045454545459 0.11942959001782534 0.44201680672268912 0.47100840336134459 -0.08342602892102334 -0.442016806722689 0.13484848484848486 -0.45529953917050686 -0.24642857142857141 -0.47014260249554363 0.47014260249554374 0.46824596774193555 0.46720430107526889 0.34611742424242431 -0.29099821746880566 0.44028520499108742 -0.14611005692599616 0.40473790322580649 -0.19848484848484846 0.37689393939393945 0.48571428571428577 0.25809822361546503 0.30947580645161293 0.48571428571428577 0.436491935483871 -0.11916835699797161 -0.21651785714285712 -0.35504201680672259 -0.31534090909090901 0.023326572008113614 0.47100840336134459 0.3550420168067227 0.47014260249554374 0.030330882352941183 -0.44028520499108731 -0.30322580645161284 -0.28456439393939387 -0.29705882352941171 -0.47014260249554363 0.3550420168067227 -0.096874999999999975 -0.442016806722689 0.41302521008403364 0.46609195402298859 0.47014260249554374 -0.23861480075901326 0.44201680672268912 0.44201680672268912 0.26904761904761915 0.41042780748663105 0.47100840336134459 0.32555780933062883 0.069047619047619038 0.41042780748663105 0.22570532915360506 0.1566964285714286 0.29361054766734285 -0.015640273704789816 0.46824596774193555 0.48571428571428577 0.48571428571428577 -0.17156862745098037
decision_type=2 2 2 2 2 2 2 2 2 2 2 2 2 2 2 2 2 2 2 2 2 2 2 2 2 2 2 2 2 2 2 2 2 2 2 2 2 2 2 2 2 2 2 2 2 2 2 2 2 2 2 2 2 2 2 2 2 2 2 2 2 2
left_child=1 8 3 6 -5 -6 12 -8 9 -1 25 59 13 14 -2 17 19 21 -18 20 58 24 37 -24 54 26 35 -15 33 32 31 47 -30 -7 -10 -4 -20 38 -23 40 -34 42 -28 -36 -45 -46 51 -31 49 -13 -51 -27 -53 -54 55 56 -3 -58 -17 -12 -61 -62
right_child=2 15 10 4 5 28 7 -9 34 -11 11 48 -14 27 -16 16 18 -19 36 -21 -22 22 23 -25 -26 46 41 -29 29 30 -32 -33 39 -35 43 -37 -38 -39 -40 -41 -42 -43 -44 44 45 -47 -48 -49 -50 50 -52 52 53 -55 -56 -57 57 -59 -60 60 61 -63
leaf_value=-0.00084863386910361135 -0.0019449549572439551 2.8308095943205167e-05 0.00010096145632605139 0.00011754618665449387 0.00067635948042386353 -0.0038242448498721198 0.0037511308282485293 -0.00014983737992665627 -0.00023551421058675423 0.00023389858861835422 0.0023444466639627169 -0.0034455637555220165 -4.9117497568389535e-06 0.0010225040930751277 -0.00026520608626059777 -0.00055851709215514833 -0.0010866652087379734 -0.00036882294589809053 0.0014278548310377598 -0.0014099861949888354 -0.0037340886221044109 0.0018214503030762181 -0.00037442393847037577 -0.0030313323104146743 -0.00052957910138510807 -0.00014977184665029944 0.00099596586618763195 -0.0011062483147691448 -0.00096858042109880169 -0.0015425633025846269 -0.0021431258751124669 0.0010372860432933801 0.0035703239419549774 -0.0013963876139379385 9.428198926291986e-05 -0.0034467458311549502 2.4250169975933099e-05 0.00031121043214511865 -0.00026831940407426839 0.00052845021161994951 -0.0024652566228676102 0.00063275983344171407 -0.0030887136530566091 -0.00043571077008820687 0.0060378789300365105 0.00052492656259734728 -0.0022399650974463596 0.0015994608777646835 0.002186120234488568 0.0019813030975268167 -0.00035154522389688891 0.0022153194397975398 -0.00093195600919883511 -0.0050020902290900792 0.00016340677234197767 -0.00040399709737935394 -0.00087241425282249933 -0.00016740142621223371 0.00091127995402735275 0.0021680203897251715 0.0029600108130147956 -0.0012356733020873708
leaf_weight=3315 894 78668 311 3286 870 390 173 32234 19764 141066 1033 191 7127 450 18197 5679 1804 22406 1021 3877 216 455 4300 367 9618 3891 292 10755 3224 1794 2273 649 106 2786 358506 282 11925 40642 9366 2567 500 4762 333 9677 104 355 596 194 332 424 2305 163 243 282 29691 19110 4651 15756 900 418 121 536
leaf_count=3315 894 78668 311 3286 870 390 173 32234 19764 141066 1033 191 7127 450 18197 5679 1804 22406 1021 3877 216 455 4300 367 9618 3891 292 10755 3224 1794 2273 649 106 2786 358506 282 11925 40642 9366 2567 500 4762 333 9677 104 355 596 194 332 424 2305 163 243 282 29691 19110 4651 15756 900 418 121 536
internal_value=-1.56897e-08 4.3659e-05 -0.000330011 -0.000405837 -0.000734305 -0.000916623 -0.000318153 -0.000128898 0.000104978 0.000209038 7.618e-05 0.000583463 -0.000482034 -0.00059427 -0.000343964 -8.1777e-05 -0.000347815 -5.29997e-05 -1.44367e-05 -0.000808539 -0.000465216 -1.97171e-05 0.000149459 -0.000583961 -7.8937e-05 -0.000167601 0.000222386 -0.00102067 -0.00101235 -0.000820297 -0.00135537 -0.000675804 -0.000409453 -0.00169563 6.62961e-05 -0.00158911 0.000135049 0.000217299 -0.000171326 0.000158787 -0.00140539 0.000422053 -0.00118181 8.24776e-05 -0.000335006 0.00178446 -0.000618209 -0.0012353 3.00708e-05 -0.000215734 1.14984e-05 -0.000406679 -0.0018573 -0.00312355 -4.96234e-05 -0.000103143 -4.51093e-05 -0.000328117 -0.000357343 0.00143676 0.000563165 -0.000459628
internal_weight=898223 793239 104984 88469 18639 15353 69830 32407 532787 144381 16515 5360 37423 30296 19091 260452 25422 235030 14750 10672 6795 212624 55130 4667 157494 11155 5980 11205 14483 11307 4910 2637 6397 3176 388406 593 12946 50463 9821 3173 606 5387 625 368642 10136 459 5175 1988 3252 2920 2729 4579 688 525 147876 118185 99075 20407 6579 2108 1075 657
internal_count=898223 793239 104984 88469 18639 15353 69830 32407 532787 144381 16515 5360 37423 30296 19091 260452 25422 235030 14750 10672 6795 212624 55130 4667 157494 11155 5980 11205 14483 11307 4910 2637 6397 3176 388406 593 12946 50463 9821 3173 606 5387 625 368642 10136 459 5175 1988 3252 2920 2729 4579 688 525 147876 118185 99075 20407 6579 2108 1075 657
is_linear=0
shrinkage=0.03


Tree=45
num_leaves=63
num_cat=0
split_feature=1 2 11 2 11 4 10 11 11 11 2 4 3 8 3 6 11 8 0 4 8 10 8 1 9 9 10 4 6 4 11 11 11 1 11 2 9 11 4 3 8 6 6 1 1 8 6 10 2 6 11 0 10 8 4 11 9 8 0 3 8 9
split_gain=13.5341 6.37868 3.3804 2.66372 3.02666 2.53691 2.44868 2.37366 2.35125 2.26426 2.75425 2.23215 2.37367 2.22624 2.27099 2.26507 3.3784 2.13577 2.64683 2.0885 2.30691 2.04975 2.26268 1.99801 2.41437 1.98585 2.59831 2.13272 2.12897 2.12982 2.11053 1.97422 3.84525 2.85578 2.51675 3.5987 4.44179 2.67753 2.62345 2.49792 2.52111 2.32806 2.17462 2.14257 2.13953 2.00333 3.39141 2.55169 1.97164 1.96565 2.06385 2.09381 1.95042 1.92983 2.05339 1.98823 1.9046 2.47665 1.88541 1.85583 1.85555 1.80315
threshold=0.40767045454545459 0.11942959001782534 0.44201680672268912 0.47100840336134459 -0.08342602892102334 -0.442016806722689 -0.442016806722689 -0.24642857142857141 0.30947580645161293 0.13484848484848486 -0.45529953917050686 0.41302521008403364 0.48571428571428577 -0.030330882352941176 -0.47100840336134447 0.24642857142857147 0.48571428571428577 0.47014260249554374 0.46824596774193555 0.41042780748663105 0.40767045454545459 -0.11916835699797161 -0.21651785714285712 0.2573593073593074 -0.16190476190476188 -0.31534090909090901 0.023326572008113614 0.38057040998217473 0.47100840336134459 0.43844696969696978 0.030330882352941183 -0.46720430107526878 -0.47014260249554363 -0.26806722689075629 0.015640273704789823 0.47014260249554374 -0.14076246334310846 -0.032291666666666656 -0.26806722689075629 0.23128342245989311 -0.43844696969696967 0.47014260249554374 -0.47100840336134447 0.078201368523949225 -0.3106617647058823 -0.27281105990783405 -0.47014260249554363 -0.23030303030303029 -0.34330357142857137 0.22570532915360506 0.27281105990783416 0.014928698752228133 -0.30322580645161284 0.25378787878787884 0.26806722689075635 0.35071301247771841 -0.442016806722689 0.044155844155844122 -0.41042780748663094 0.38057040998217473 0.44201680672268912 0.26904761904761915
decision_type=2 2 2 2 2 2 2 2 2 2 2 2 2 2 2 2 2 2 2 2 2 2 2 2 2 2 2 2 2 2 2 2 2 2 2 2 2 2 2 2 2 2 2 2 2 2 2 2 2 2 2 2 2 2 2 2 2 2 2 2 2 2
left_child=1 5 3 9 -5 8 -6 -7 -1 19 -11 12 31 15 -15 16 48 21 -19 -2 -21 22 52 24 -13 30 28 -28 -27 -30 -8 32 33 -3 35 39 -37 -38 41 -33 -41 45 -40 53 -42 46 -36 -47 -10 50 -29 -52 -4 58 -55 -56 57 -24 -44 -53 -23 -20
right_child=2 11 17 4 6 7 25 -9 13 10 -12 23 -14 14 -16 -17 -18 18 61 20 -22 60 56 -25 -26 26 27 49 29 -31 -32 34 -34 -35 38 36 37 -39 42 40 44 -43 43 -45 -46 47 -48 -49 -50 -51 51 59 -54 54 55 -57 -58 -59 -60 -61 -62 -63
leaf_value=-0.00031267756609818534 -6.9172715639885575e-05 0.0026276465892114708 9.7942301385606134e-05 0.00011402088201145497 0.00065609197735082866 0.00022414346501151931 -0.0037098108983365371 7.8042746732597749e-05 0.00078219525750941317 0.0036392436386888907 -0.00014534239796563231 -0.00039396226049765294 -0.00098325173048398741 0.0026612555921846875 0.00053331958972759215 -0.0022489544068059115 -0.001932061118547231 0.0013937442087860457 -0.00020928019443285841 -0.00077170211453982606 -0.00018344247036376744 -0.00039450368403678749 0.002732064957264811 0.00030712306318757948 0.0034384710048559865 -0.0008441172911230583 -0.0043740313837799917 -0.0012276949400874338 0.0045424856382680337 9.7464776047486893e-05 -0.0013545110155091537 -7.3181762757767812e-05 0.0012577265881897051 -0.00046083669171165779 0.0035184228117984776 -0.0026370948904740469 -0.00081774362230705464 0.0022776124240984253 -0.0011290837461145949 -0.0018238394028046181 -0.0020525295325958346 -0.0038941738820973447 -0.00062026952980886562 -2.4558670264247751e-05 -0.00029970856795131725 8.6158354580788055e-05 6.9248669944467766e-05 -0.0007481176032820868 -0.00062538491489827659 -0.0015427183260680823 -0.0010931680560613216 0.0053271254138932515 -0.0033437088688476795 -0.00018170904091518525 -0.00012370373335945757 0.004642567940161756 0.00061378102260946669 -0.0020621865112940676 0.00047399992400908302 0.00071215042659755919 -0.0021728786984493665 0.0021207335681511881
leaf_weight=23426 8996 292 311 3286 870 138244 390 362556 3109 173 32234 229 2663 546 2587 407 655 2108 2920 19822 8605 4579 119 5042 416 3837 196 673 100 2460 2786 76698 2853 3352 285 1201 1351 308 1393 1046 637 164 1511 76337 35615 5085 2493 9395 1257 3523 202 143 282 9161 156 158 4762 506 22611 173 596 332
leaf_count=23426 8996 292 311 3286 870 138244 390 362556 3109 173 32234 229 2663 546 2587 407 655 2108 2920 19822 8605 4579 119 5042 416 3837 196 673 100 2460 2786 76698 2853 3352 285 1201 1351 308 1393 1046 637 164 1511 76337 35615 5085 2493 9395 1257 3523 202 143 282 9161 156 158 4762 506 22611 173 596 332
internal_value=-1.55719e-08 4.23492e-05 -0.000320113 -0.000393663 -0.000712284 0.000101829 -0.000889133 0.000118374 -0.000157192 -0.000308608 -0.000125027 -7.93246e-05 -9.24471e-05 0.000268258 0.000904894 -9.93024e-05 7.53606e-05 7.38868e-05 0.000565996 -0.000467574 -0.000593646 -0.000162602 0.000215691 0.000508448 0.00207931 -0.000981995 -0.000795689 -0.00131472 -0.000397166 0.000272804 -0.00164481 -8.30335e-05 0.000433097 -0.000212698 -9.66885e-05 -0.00019749 -0.00124837 -0.000242052 -5.19775e-06 -0.000171114 -0.00037249 -0.00034751 4.83748e-05 6.33047e-05 -0.000330564 -0.000313583 0.000424244 -0.000455156 0.000376893 -0.00118662 -0.000132852 0.00128922 -0.0015416 0.000262937 -9.98387e-05 0.00228174 0.000409383 -0.00114645 0.000405432 0.00281079 -0.000599698 2.91721e-05
internal_weight=898223 793239 104984 88469 18639 532787 15353 500800 31987 69830 32407 260452 254765 8561 3133 5428 5021 16515 5360 37423 28427 11155 5980 5687 645 14483 11307 4910 6397 2560 3176 252102 6497 3644 245605 116856 2860 1659 128749 113996 37298 17422 111327 109934 36252 17258 2778 14480 4366 4714 1191 518 593 33597 9475 314 5387 625 24122 316 5175 3252
internal_count=898223 793239 104984 88469 18639 532787 15353 500800 31987 69830 32407 260452 254765 8561 3133 5428 5021 16515 5360 37423 28427 11155 5980 5687 645 14483 11307 4910 6397 2560 3176 252102 6497 3644 245605 116856 2860 1659 128749 113996 37298 17422 111327 109934 36252 17258 2778 14480 4366 4714 1191 518 593 33597 9475 314 5387 625 24122 316 5175 3252
is_linear=0
shrinkage=0.03


Tree=46
num_leaves=63
num_cat=0
split_feature=2 0 11 2 2 11 2 4 7 11 6 1 10 11 4 11 8 11 8 8 1 8 7 7 7 1 2 6 7 4 10 7 8 8 11 11 8 11 7 3 4 7 8 8 4 10 11 2 10 8 11 11 4 8 10 6 2 11 10 3 11 8
split_gain=12.7776 4.25178 2.89114 2.67173 2.55654 2.29739 4.40971 2.29096 2.59446 2.35202 2.27091 3.18435 2.07156 2.01855 2.13901 1.96925 2.08453 1.97334 2.71528 2.17527 2.16354 1.96679 1.93036 1.98613 2.89286 3.49653 1.83294 1.81309 2.4904 2.21285 2.40818 2.194 2.07139 1.90621 2.21651 1.81889 1.75716 1.6804 1.71724 1.58434 1.57691 1.90648 1.56299 1.77094 2.5244 1.77661 2.10778 1.65996 1.55818 1.54416 1.53481 1.52636 1.70142 1.5978 1.71043 1.52365 2.01903 4.30812 1.523 1.51595 1.71859 1.5074
threshold=0.3133928571428572 0.41926406926406928 0.15571120689655174 -0.030776515151515135 0.44028520499108742 -0.24642857142857141 -0.47014260249554363 -0.29705882352941171 0.10303030303030304 0.47100840336134459 -0.38057040998217462 0.29705882352941182 0.27772177419354843 0.41042780748663105 0.436491935483871 0.43844696969696978 0.38403361344537817 0.44028520499108742 0.47100840336134459 0.19331243469174511 0.10450089126559715 -0.3507130124777183 0.29361054766734285 -0.4499999999999999 -0.47014260249554363 -0.14928698752228159 0.41042780748663105 0.32555780933062883 0.46720430107526889 0.45529953917050697 -0.15669642857142854 0.43844696969696978 -0.090992647058823525 -0.37298387096774188 -0.40767045454545447 0.14611005692599624 -0.35960591133004921 0.25378787878787884 -0.15669642857142854 0.47014260249554374 -0.45529953917050686 -0.47014260249554363 0.48571428571428577 0.1815668202764977 -0.18156682027649768 -0.39113300492610831 -0.47100840336134447 -0.28033088235294112 -0.442016806722689 0.43844696969696978 -0.442016806722689 -0.25378787878787873 0.19223484848484854 0.47014260249554374 0.26904761904761915 0.46609195402298859 -0.47100840336134447 0.21198156682027655 0.40161290322580651 0.24642857142857147 0.090992647058823553 0.43844696969696978
decision_type=2 2 2 2 2 2 2 2 2 2 2 2 2 2 2 2 2 2 2 2 2 2 2 2 2 2 2 2 2 2 2 2 2 2 2 2 2 2 2 2 2 2 2 2 2 2 2 2 2 2 2 2 2 2 2 2 2 2 2 2 2 2
left_child=1 3 4 5 27 6 -1 9 39 -5 11 -7 21 14 -10 16 -15 19 20 -17 -19 22 23 24 25 -4 -25 29 31 33 49 58 -30 34 -2 -35 -22 -13 -39 -9 41 -23 43 45 -45 46 -8 -48 -28 -31 -49 52 -34 54 -53 -12 57 -57 -29 -60 -61 -56
right_child=2 -3 12 7 -6 10 42 8 13 -11 55 37 -14 15 -16 17 -18 18 -20 -21 36 40 -24 26 -26 -27 48 28 32 30 -32 -33 51 35 -36 -37 -38 38 -40 -41 -42 -43 -44 44 -46 -47 47 50 -50 -51 -52 53 -54 -55 61 56 -58 -59 59 60 -62 -63
leaf_value=-0.00084012097125326626 -0.0031946383132847949 -0.00030721580985850817 0.004237748119453268 -0.00020124293715076885 -0.00060281869591544482 -8.13173388340633e-05 0.0027779461512835541 0.00010730551740231151 -8.8585720202029558e-05 -0.0016063567159761141 0.0001236968625809092 -0.0022837594139867965 -0.00047303914434315274 0.0016375319694337585 -0.00077908312385033393 0.0004318943023509804 -0.00066495793667465818 0.0011776491543685195 0.0031173520164934228 -0.0026470166502034994 -0.0040387755248901579 0.00041333823361560003 -0.0020721115464131172 0.00043301055068578289 -0.0054989766184556877 -0.0026064062436433649 0.0054574777611927821 -0.00041215792809145277 0.0043152703784125031 -0.0024725776573092449 -0.00027232698460198803 -0.0015226020274188175 0.0026524030052435892 -1.1612593154799229e-05 -0.00053181443223336512 -0.0017009766089589545 -9.0336699763207459e-05 -0.0017914962900043847 0.0013177801457149878 0.0023701243322393956 -6.9189846429152724e-05 -0.0020300337068721304 0.001328744414180593 -0.00025305237661903525 0.00033582628842431742 0.00038388710506287449 0.00031752019147598384 -0.0019095341611352337 0.0015738775483771659 0.0012119855884887764 -0.00033808732099631855 0.00040257858196195178 -0.0013265282178943362 0.0013339324560114325 -0.0031419188648178394 -0.00084368812765813123 -0.00046659977329695338 0.0046437119868130896 -0.0036047246107734059 -0.0015815377497615723 0.0021981256017103218 0.00085031675163656467
leaf_weight=3286 308 27659 117 26170 24971 35952 220 149808 98657 1117 245928 922 12149 1675 4209 375 448 1387 291 458 103 450 228 2018 105 155 100 10764 105 958 1738 2345 107 39695 3152 581 4121 328 310 278 77419 793 1253 12706 13524 68647 3146 673 1208 114 3293 1189 930 1076 268 306 6549 221 258 649 129 124
leaf_count=3286 308 27659 117 26170 24971 35952 220 149808 98657 1117 245928 922 12149 1675 4209 375 448 1387 291 458 103 450 228 2018 105 155 100 10764 105 958 1738 2345 107 39695 3152 581 4121 328 310 278 77419 793 1253 12706 13524 68647 3146 673 1208 114 3293 1189 930 1076 268 306 6549 221 258 649 129 124
internal_value=-1.50999e-08 5.74557e-05 -0.000222786 7.21517e-05 -0.000345096 0.000122644 0.000241659 2.76766e-06 3.00322e-05 -0.000258818 7.89118e-05 -0.000138914 -0.000107293 -7.94257e-05 -0.000116846 0.000355096 0.00115157 0.000103898 0.000296873 -0.0012621 0.000150067 -5.3488e-05 0.000601302 0.000766424 -0.00129481 0.000342326 0.00100038 -0.000245296 -0.00050148 -0.000146525 -0.000962433 -0.00068463 0.000180449 -9.40827e-05 -0.000769706 -3.60241e-05 -0.00018755 -0.0014654 -0.000281021 0.000111513 -8.62173e-05 -0.00114585 0.000276024 0.000263106 5.05705e-05 0.000336477 -0.000107394 -0.000197027 0.00187473 -0.00207998 -0.000605164 6.17832e-05 -0.000913813 0.000442749 -0.000164234 0.000111209 -0.000322783 0.00146192 -0.000517986 -0.00161607 -0.000952815 -0.00188012
internal_weight=898223 714020 184203 686361 89461 397264 106748 289097 261810 27287 290516 37512 94742 111724 102866 8858 2123 6735 5902 833 5611 82593 3931 3703 377 272 3326 64490 17944 46546 2810 14145 3799 43736 3460 40276 4224 1560 638 150086 78662 1243 103462 102209 26230 75979 7332 7112 1308 1072 3966 3694 1037 2657 1581 253004 7076 527 11800 1036 778 392
internal_count=898223 714020 184203 686361 89461 397264 106748 289097 261810 27287 290516 37512 94742 111724 102866 8858 2123 6735 5902 833 5611 82593 3931 3703 377 272 3326 64490 17944 46546 2810 14145 3799 43736 3460 40276 4224 1560 638 150086 78662 1243 103462 102209 26230 75979 7332 7112 1308 1072 3966 3694 1037 2657 1581 253004 7076 527 11800 1036 778 392
is_linear=0
shrinkage=0.03


Tree=47
num_leaves=63
num_cat=0
split_feature=1 2 5 11 2 7 11 5 5 2 11 5 2 11 10 0 8 6 6 10 8 11 10 6 11 7 11 9 8 5 6 11 8 9 10 7 11 6 11 11 5 7 10 2 8 1 5 11 7 11 10 10 8 6 11 9 11 11 7 11 11 9
split_gain=12.1293 5.65944 4.23742 3.10313 2.97239 3.49827 3.02727 2.92681 2.82496 2.49712 2.91339 2.53877 2.75845 2.29835 2.2912 2.1884 3.39377 2.10669 2.24275 2.09343 2.5934 5.83352 2.08268 2.06138 2.27803 2.21298 2.57017 2.26179 1.99748 1.97709 1.94675 1.90054 3.04169 1.87264 2.42438 2.78677 2.67949 2.01321 1.9635 1.85932 1.84884 2.07819 1.82554 1.78766 1.76195 2.58729 2.41418 2.65969 2.63197 2.77315 2.11944 1.82416 1.75265 1.84597 2.24614 1.74602 1.81412 1.73532 2.85065 2.29217 1.79079 2.70544
threshold=0.40767045454545459 0.11942959001782534 0.41302521008403364 0.44201680672268912 0.48571428571428577 -0.14076246334310846 0.32085561497326209 0.4781385281385282 -0.47100840336134447 0.47100840336134459 -0.08342602892102334 0.20777988614800766 0.47014260249554374 -0.24642857142857141 -0.442016806722689 0.38982683982683985 -0.14076246334310846 -0.44028520499108731 0.46609195402298859 0.38403361344537817 -0.10948191593352884 0.32085561497326209 0.3550420168067227 -0.39113300492610831 -0.43218390804597695 0.11916835699797164 -0.17156862745098037 -0.44028520499108731 -0.21198156682027647 0.41042780748663105 -0.17694497153700187 0.030330882352941183 0.35071301247771841 -0.31534090909090901 0.015640273704789823 0.47100840336134459 0.3550420168067227 0.47100840336134459 0.030330882352941183 0.015640273704789823 0.47100840336134459 0.48571428571428577 0.44201680672268912 -0.45529953917050686 0.40767045454545459 0.44870129870129877 0.44028520499108742 0.44028520499108742 0.37689393939393945 0.24239631336405534 0.48571428571428577 0.44201680672268912 -0.20777988614800755 -0.46609195402298847 -0.13095238095238093 -0.17156862745098037 0.090992647058823553 -0.46720430107526878 -0.4499999999999999 -0.47014260249554363 0.28456439393939398 0.32555780933062883
decision_type=2 2 2 2 2 2 2 2 2 2 2 2 2 2 2 2 2 2 2 2 2 2 2 2 2 2 2 2 2 2 2 2 2 2 2 2 2 2 2 2 2 2 2 2 2 2 2 2 2 2 2 2 2 2 2 2 2 2 2 2 2 2
left_child=1 8 15 9 6 -6 28 -5 31 11 -11 12 23 29 40 19 39 -15 -19 57 21 -21 -9 -2 -25 -26 -27 -28 -4 -10 -23 43 -33 38 37 36 42 -35 -16 -17 -12 -42 -36 -1 45 46 47 -13 49 -48 51 -46 53 -47 -55 -29 -57 58 -3 -60 -59 -62
right_child=3 2 4 7 5 -7 -8 22 13 10 14 44 -14 17 33 16 -18 18 -20 20 -22 30 -24 24 25 26 27 55 -30 -31 -32 32 -34 34 35 -37 -38 -39 -40 -41 41 -43 -44 -45 50 52 48 -49 -50 -51 -52 -53 -54 54 -56 56 -58 60 59 -61 61 -63
leaf_value=-0.0018173013813678868 -0.0017250267445723657 0.0052584134330973028 0.0011861269241624723 -0.00019253834773276263 -0.0053864073677164148 -0.00016160417351259148 0.0012016121265239327 0.00082738805487440187 0.00019719475807230508 0.00012868036482377996 -0.00090456838199878397 -0.00043142640125116071 0.0039100638667388058 -0.00024421491736993179 -0.0035807629481530829 -0.00035552842024388264 -0.00055468505368762267 9.5647893587201007e-05 -0.0003668705169285381 0.00040577215392364476 -0.00056717952144723902 -0.0038237898929002591 -0.0016875239163990827 -0.0030001013142256332 0.0018003651405822266 0.0018709439850940275 0.0040699804213363677 -0.0016372982847924027 5.8045925280724277e-05 0.0012947007589018669 -0.00076308928263163793 -0.00022365178251266204 0.0023481377587029405 -0.00081403690463815895 -0.001445917305179113 -0.0020345514239755625 0.0010676113545247464 0.00027280090025714559 -0.0013089814555823547 0.00082561128564836214 0.003401671222423431 -0.00065353661203054617 0.0016110959239304067 -0.00049495464545232801 -0.00010534706929132193 -0.0031526158844644666 5.1506531961265312e-05 -0.0042001078177024342 -0.00065207397591045887 0.001384997579575806 -0.0027401096506808544 0.0018097393763756829 -0.0008792610589261206 -0.0014521300340830914 0.00068114852647477276 -0.0014070673781031242 0.00076394293925488403 -0.00011247523313012154 -0.00016341124372595435 0.0010702454769383207 0.0001533550803822916 -0.00079130310567315657
leaf_weight=1216 442 109 1667 11414 166 373 3933 4786 140399 3286 387 19782 189 18585 390 2072 19308 352590 9694 6552 15486 397 315 167 989 638 103 759 9230 1492 354 4580 454 3829 1800 2275 651 2558 2786 2846 301 182 194 3777 18088 159 4970 169 2871 1955 268 458 13742 582 1865 497 1137 143409 3073 2424 46154 2899
leaf_count=1216 442 109 1667 11414 166 373 3933 4786 140399 3286 387 19782 189 18585 390 2072 19308 352590 9694 6552 15486 397 315 167 989 638 103 759 9230 1492 354 4580 454 3829 1800 2275 651 2558 2786 2846 301 182 194 3777 18088 159 4970 169 2871 1955 268 458 13742 582 1865 497 1137 143409 3073 2424 46154 2899
internal_value=-1.4887e-08 4.0091e-05 -7.45179e-05 -0.000303045 0.000408683 -0.00177772 0.000488263 7.44505e-05 9.61174e-05 -0.000373514 -0.000682009 -0.000291162 0.000365742 0.000105685 -0.000855518 -0.000104821 -0.000375486 6.72901e-05 8.32708e-05 -7.51295e-05 -0.000347418 0.000118601 0.000671785 0.000223383 0.000424483 0.000563888 0.000173241 -0.000261282 0.00023071 0.000208744 -0.002384 -0.000402647 8.7098e-06 -0.000945344 -0.000764428 -0.00126488 -0.000602362 -0.000378783 -0.00158899 0.000328015 0.000639191 0.00187543 -0.00114784 -0.0008173 -0.000340969 -0.000440825 -0.000274189 -0.000463559 0.000111497 0.000428111 -9.63084e-05 -5.79583e-05 -0.000744001 -3.06817e-05 0.000173379 -0.000449331 0.000103148 -4.37994e-05 0.000476448 0.000380687 -5.89555e-05 9.75114e-05
internal_weight=898223 793239 260452 104984 15369 539 14830 16515 532787 88469 18639 69830 4921 522760 15353 245083 24226 380869 362284 220857 22789 7303 5101 4732 4290 4123 3134 2496 10897 141891 751 10027 5034 14483 11307 4920 2645 6387 3176 4918 870 483 1994 4993 64909 46095 29747 19951 9796 6925 18814 18546 16348 2606 2447 2393 1634 198068 5606 5497 192462 49053
internal_count=898223 793239 260452 104984 15369 539 14830 16515 532787 88469 18639 69830 4921 522760 15353 245083 24226 380869 362284 220857 22789 7303 5101 4732 4290 4123 3134 2496 10897 141891 751 10027 5034 14483 11307 4920 2645 6387 3176 4918 870 483 1994 4993 64909 46095 29747 19951 9796 6925 18814 18546 16348 2606 2447 2393 1634 198068 5606 5497 192462 49053
is_linear=0
shrinkage=0.03


Tree=48
num_leaves=63
num_cat=0
split_feature=2 0 2 5 0 7 10 5 8 6 3 10 2 7 10 3 10 9 8 10 3 5 1 6 8 9 1 8 7 8 6 3 5 3 5 10 1 6 8 9 7 2 10 8 10 10 5 9 8 1 5 8 2 8 9 3 1 5 9 6 3 10
split_gain=11.4629 3.88552 2.40161 2.36233 1.88104 2.50333 2.46011 2.415 2.07539 3.14684 2.01625 2.18914 1.90224 1.84509 3.55092 3.27118 2.86643 2.46678 2.42131 1.73174 1.80767 1.79036 1.78924 1.72412 1.6394 1.61577 1.83304 2.91336 2.21717 1.53679 2.04638 2.13994 1.52555 1.5216 1.51534 1.83103 1.51335 1.78374 1.48372 1.46793 2.0324 1.97302 2.66212 2.09003 1.46072 1.45456 2.00264 2.22189 1.64369 1.77903 1.45127 1.82397 1.43939 1.43587 1.43873 1.41494 1.40528 2.00627 1.8777 1.40488 1.40181 1.38376
threshold=0.3133928571428572 0.41926406926406928 -0.030776515151515135 -0.47100840336134447 0.40767045454545459 0.48571428571428577 -0.40767045454545447 0.41302521008403364 0.40767045454545459 0.37689393939393945 -0.3507130124777183 -0.32085561497326193 0.3928571428571429 0.44028520499108742 0.22570532915360506 0.47100840336134459 0.44201680672268912 0.18660714285714289 0.44201680672268912 0.40473790322580649 -0.35504201680672259 0.47100840336134459 0.44870129870129877 0.054433497536945825 -0.44028520499108731 -0.442016806722689 -0.46922348484848481 -0.29705882352941171 -0.47100840336134447 -0.046920821114369508 -0.43218390804597695 0.10948191593352886 -0.41302521008403353 0.3550420168067227 0.47100840336134459 0.48571428571428577 -0.43202764976958524 0.25378787878787884 -0.21651785714285712 0.26166328600405681 0.014718614718614688 -0.442016806722689 -0.32555780933062872 0.46922348484848492 -0.15669642857142854 -0.12284482758620689 0.44870129870129877 -0.17156862745098037 0.40767045454545459 0.46922348484848492 0.38403361344537817 -0.030330882352941176 0.028991596638655474 -0.35960591133004921 0.47014260249554374 0.44201680672268912 0.27346041055718479 -0.14400921658986171 0.41042780748663105 0.13484848484848486 0.23128342245989311 0.29705882352941182
decision_type=2 2 2 2 2 2 2 2 2 2 2 2 2 2 2 2 2 2 2 2 2 2 2 2 2 2 2 2 2 2 2 2 2 2 2 2 2 2 2 2 2 2 2 2 2 2 2 2 2 2 2 2 2 2 2 2 2 2 2 2 2 2
left_child=1 2 3 -1 5 7 -7 -2 9 10 -9 -12 60 16 17 -16 29 33 34 20 56 23 -23 -22 -13 26 27 -5 38 30 -14 -32 -31 -15 35 -18 37 -3 -28 40 52 42 -42 -43 -26 48 -47 -48 49 55 -51 -52 -38 -46 -55 -35 57 58 -4 -50 -6 -41
right_child=4 36 19 25 12 6 -8 8 -10 -11 11 24 13 14 15 -17 18 -19 -20 -21 21 22 -24 -25 44 -27 28 -29 -30 32 31 -33 -34 45 -36 -37 39 -39 -40 61 41 43 -44 -45 53 46 47 -49 59 50 51 -53 -54 54 -56 -57 -58 -59 -60 -61 -62 -63
leaf_value=-0.00035505237592339985 -0.00017276271818223476 1.6137354421730647e-05 -0.00046655508362847839 0.0020376569123568824 0.002048220258141548 -0.0023561467399017817 -0.00050526627273606202 -0.0012098872116104993 0.0006382681854963288 -0.0011881951908445157 0.0011298268039884353 0.002520120826163499 -0.0035977337290042715 0.0019280604643765651 7.7640374458472268e-05 -0.0017348455935344714 0.00091475387893385129 0.0011075328083715583 0.0050154469721019265 -0.00020699700658405082 0.00011975836669971328 0.0011717308168291772 -0.00039416854491417116 -4.4120218317503958e-05 -0.00069324933014390001 0.00014013438924672815 -0.0046577369854372891 -0.0024799047439250364 -4.4730185296063202e-05 -0.0042613599640519721 -0.0041989606629775139 6.2062414000443238e-05 -0.00079423757669895979 -0.001506324066295031 0.0025712392991437101 -0.0030240185835698086 -0.00016151582601678746 -0.0038229923916564498 -0.00030021596961887553 -0.0013784843940768969 -0.0017985043105884239 -0.00054137571320516059 0.003439588484281067 0.00069446415408732786 -0.0017361063597383219 -0.001332760269661286 -0.0013323035746289201 0.00018782960731885675 -0.0025174539736895398 -0.0031503117759883238 0.0029345591323500552 -0.0010626130795504854 0.000686819151593016 0.00040899513194835279 -0.001746536414386156 0.0021254177706419254 -0.00091821749132199918 0.00020764994305751144 0.0019463812454663968 0.00028110250348327784 -0.00011432009745985199 -0.0003781835133761538
leaf_weight=9342 94232 203 11207 160 273 724 5966 898 6338 1796 2139 237 151 302 1408 2464 288 1458 122 31576 123226 2410 902 108785 2102 372538 157 638 14302 114 108 3953 18063 140 204 167 3627 234 127 1804 129 12445 266 1366 323 2079 1168 3331 164 271 110 1387 3572 6120 291 306 2385 8309 297 7498 17508 4013
leaf_count=9342 94232 203 11207 160 273 724 5966 898 6338 1796 2139 237 151 302 1408 2464 288 1458 122 31576 123226 2410 902 108785 2102 372538 157 638 14302 114 108 3953 18063 140 204 167 3627 234 127 1804 129 12445 266 1366 323 2079 1168 3331 164 271 110 1387 3572 6120 291 306 2385 8309 297 7498 17508 4013
internal_value=-1.48448e-08 5.44191e-05 6.84678e-05 0.000116339 -0.000211014 -0.000141864 -0.000705893 -0.000108897 0.000188382 -1.66958e-05 0.00015713 0.000266716 -0.000343926 -0.000447223 -0.000251007 -0.00107591 -0.00063424 -7.5597e-05 0.00115132 2.6847e-06 2.83956e-05 5.28077e-05 0.000745279 4.29193e-05 6.31318e-05 0.000127692 -0.000173593 -0.00157271 -9.69443e-05 -0.000696575 -0.000180192 -5.22629e-05 -0.000816215 -0.000178605 0.000429444 -0.000534367 -0.000294192 -0.00204363 -0.00271702 -0.000266034 -0.000151174 -0.000359264 0.0017287 -0.000419101 -3.04755e-06 -0.000217386 -0.000562966 -0.000207025 1.28241e-05 -0.000706973 -0.00113401 -0.000767137 0.000259448 0.000212468 0.000310897 0.00098459 -0.00023039 -0.00014755 -0.000404096 0.000220881 -8.10043e-05 -0.000688586
internal_weight=898223 714020 686361 397264 184203 121166 6690 114476 20244 13906 12110 11212 63037 45256 22086 3872 23170 18214 781 289097 257521 235323 3312 232011 9073 387922 15384 798 14586 22389 4212 4061 18177 16756 659 455 27659 437 284 27222 21405 14206 395 13811 8836 16454 6578 4499 9876 2214 1768 1497 7199 6734 6411 446 22198 19813 11504 7662 17781 5817
internal_count=898223 714020 686361 397264 184203 121166 6690 114476 20244 13906 12110 11212 63037 45256 22086 3872 23170 18214 781 289097 257521 235323 3312 232011 9073 387922 15384 798 14586 22389 4212 4061 18177 16756 659 455 27659 437 284 27222 21405 14206 395 13811 8836 16454 6578 4499 9876 2214 1768 1497 7199 6734 6411 446 22198 19813 11504 7662 17781 5817
is_linear=0
shrinkage=0.03


Tree=49
num_leaves=63
num_cat=0
split_feature=1 2 5 11 2 7 11 5 5 0 7 8 0 11 9 5 7 9 10 9 8 10 6 11 11 2 11 11 2 8 10 11 9 8 11 8 7 7 11 10 5 8 1 7 6 11 0 11 8 9 2 6 10 8 11 10 2 10 11 8 9 0
split_gain=10.9458 5.03148 3.95059 2.93557 2.79317 3.28939 2.66544 2.64101 2.33343 2.24061 2.16464 2.56004 2.13797 2.12133 2.42937 2.07068 2.90668 2.90255 2.48215 2.0317 2.05815 4.34296 2.71685 2.31353 2.48211 3.28029 4.23509 2.28246 2.15319 2.10076 2.15106 2.02081 2.57555 1.97858 1.94335 1.91069 1.89624 2.49969 2.19315 2.16107 1.8252 2.29625 1.82271 1.80663 3.05031 2.68238 1.99433 2.45805 2.39177 1.79561 1.77597 2.74688 1.75965 2.37839 1.7516 2.41061 2.35375 1.74069 2.3814 2.6435 1.75113 1.7352
threshold=0.40767045454545459 0.10303030303030304 0.41302521008403364 0.46922348484848492 0.48571428571428577 -0.14076246334310846 0.32085561497326209 -0.41042780748663094 0.4781385281385282 -0.030776515151515135 0.096875000000000003 0.30322580645161296 0.44201680672268912 -0.4226600985221674 -0.18660714285714283 0.059714795008912643 0.30947580645161293 0.43844696969696978 0.38403361344537817 -0.23030303030303029 0.40767045454545459 0.087221095334685597 0.436491935483871 -0.4226600985221674 -0.16190476190476188 0.47100840336134459 0.10948191593352886 -0.21198156682027647 0.46922348484848492 -0.32555780933062872 0.030330882352941183 0.48571428571428577 0.19848484848484851 -0.20777988614800755 -0.43844696969696967 0.48571428571428577 -0.44028520499108731 0.038095238095238078 0.17156862745098042 -0.38403361344537806 0.44201680672268912 0.16190476190476191 -0.43202764976958524 0.48571428571428577 -0.32085561497326193 0.35960591133004927 0.22393048128342249 0.10303030303030304 0.48571428571428577 0.20294117647058826 -0.23193277310924368 -0.35960591133004921 0.3550420168067227 -0.10948191593352884 0.28456439393939398 -0.18156682027649768 0.48571428571428577 -0.090992647058823525 0.27772177419354843 -0.4226600985221674 -0.46824596774193544 0.45529953917050697
decision_type=2 2 2 2 2 2 2 2 2 2 2 2 2 2 2 2 2 2 2 2 2 2 2 2 2 2 2 2 2 2 2 2 2 2 2 2 2 2 2 2 2 2 2 2 2 2 2 2 2 2 2 2 2 2 2 2 2 2 2 2 2 2
left_child=1 7 10 19 6 -6 33 -1 -5 -9 11 13 31 14 -3 57 17 -17 -18 36 22 43 54 -23 27 50 -27 -25 -29 -24 -31 42 -33 -4 -16 -28 -2 38 -38 -40 -41 -42 -12 46 -45 49 -22 -48 -49 -46 -26 -52 -44 -54 55 -21 -57 58 59 60 -11 -53
right_child=3 2 4 8 5 -7 -8 9 -10 15 12 -13 -14 -15 34 16 18 -19 -20 20 21 23 29 24 25 26 35 28 -30 30 -32 32 -34 -35 -36 -37 37 -39 39 40 41 -43 52 44 45 -47 47 48 -50 -51 51 61 53 -55 -56 56 -58 -59 -60 -61 -62 -63
leaf_value=-9.8200369545997984e-05 -0.0032785485138583878 0.0012323741851659633 0.0011733223581236085 -0.00014302058711116811 -0.0052231913129398237 -0.00015677363649110263 0.0011364082063068084 0.00017853467509983418 0.00071189420258707062 0.0018483022440294612 -0.0018093040244621297 -0.00035776581404198509 -0.00074970248806879056 -2.2704467277266938e-06 -6.8679064155731913e-05 0.00027861610065656645 -0.0003667520779315369 -0.00038980876865917961 0.00064019033329557344 -0.0010810428295765524 0.0017010598982031336 -0.0038954353718697256 0.0025664629188756789 -2.3605405422518316e-05 0.0036852400997080485 -0.0032857333465604885 0.00023225424739361058 0.00064819733833287071 0.0048661027703082605 -0.00036239258208718109 -0.0013941685053407875 -0.00051675073331105344 -0.0028911244312875232 6.3795189312000614e-05 0.0028863755174828648 -0.0015798522878092674 -0.00045053678657747934 -0.00065807444232214866 0.0022456700781992673 -0.00075393380620812547 0.0031787923957760397 -0.0019793018439097031 -8.1614773884793848e-05 -0.0034031590159124543 0.0003719716944765111 -0.0010788462603520616 -0.00027301455282604777 0.0004759485245240214 0.0022299182961344043 0.0032508442361212347 -0.0043476343664886619 0.00030281613967707218 0.00058258564297516806 -0.00058838721434874622 8.6388288030935691e-05 -0.00018910543024019643 -0.0016320602134346615 -0.00012604140395407426 0.00057519485457929742 7.7320358195878311e-05 -0.0011728476087675501 -0.0007439448275883471
leaf_weight=57759 228 2736 1707 8990 166 373 3998 247082 4222 186 586 17749 5919 124693 3946 72997 14138 6355 2609 3904 1329 173 154 1127 103 800 995 246 195 3126 4350 2027 515 9449 210 1104 2502 23747 686 747 284 106 86106 240 2576 1257 2652 2732 940 210 144 3176 1784 12454 9278 19003 1074 74665 8147 32614 2269 2584
leaf_count=57759 228 2736 1707 8990 166 373 3998 247082 4222 186 586 17749 5919 124693 3946 72997 14138 6355 2609 3904 1329 173 154 1127 103 800 995 246 195 3126 4350 2027 515 9449 210 1104 2502 23747 686 747 284 106 86106 240 2576 1257 2652 2732 940 210 144 3176 1784 12454 9278 19003 1074 74665 8147 32614 2269 2584
internal_value=-1.5126e-08 3.80838e-05 -6.5805e-05 -0.000287881 0.000396361 -0.0017239 0.000471884 9.30334e-05 0.000130207 0.00011699 -9.38392e-05 -1.95701e-05 -0.000195226 2.60502e-05 0.000538366 4.59243e-05 0.000149284 0.00022508 -0.000209853 -0.000348072 -0.000253812 -2.39407e-05 -0.000380766 -0.000464411 -0.000407374 -0.000601154 -0.00142975 0.000692947 0.00252005 -0.000891289 -0.00096285 -0.000163501 -0.000998738 0.000233656 8.12964e-05 -0.000721148 -0.000559465 -0.000537265 0.000126054 0.000917217 0.000114436 0.00177537 -0.000142455 0.000368968 -0.000124382 7.10461e-05 0.000645051 0.000422895 0.000925434 0.000590061 -0.000201097 -0.00026951 -0.000132703 -0.000441635 -0.000263623 -0.000399037 -0.000266372 -3.8337e-05 0.000113191 5.8475e-06 -0.000943295 -0.00016682
internal_weight=898223 793239 274418 104984 15693 539 15154 518821 13212 461062 258725 149334 109391 131585 6892 213980 96099 79352 16747 91772 63472 22583 40889 10647 10474 8906 2899 1568 441 7630 7476 103472 2542 11156 4156 2099 28300 28072 4325 1823 1137 390 100930 11936 4283 4043 7653 6324 3672 2786 6007 5904 100344 14238 33259 23981 20077 117881 43216 35069 2455 5760
internal_count=898223 793239 274418 104984 15693 539 15154 518821 13212 461062 258725 149334 109391 131585 6892 213980 96099 79352 16747 91772 63472 22583 40889 10647 10474 8906 2899 1568 441 7630 7476 103472 2542 11156 4156 2099 28300 28072 4325 1823 1137 390 100930 11936 4283 4043 7653 6324 3672 2786 6007 5904 100344 14238 33259 23981 20077 117881 43216 35069 2455 5760
is_linear=0
shrinkage=0.03


Tree=50
num_leaves=63
num_cat=0
split_feature=1 2 11 2 11 8 7 4 3 10 7 11 7 4 1 2 4 3 9 8 0 10 8 11 2 7 7 4 0 2 0 10 9 1 7 1 7 4 2 7 1 2 9 7 8 9 9 2 2 11 9 11 9 2 10 7 2 0 8 9 1 1
split_gain=10.2989 4.73533 2.76851 2.22541 2.7497 2.27285 3.0339 2.20029 2.55844 2.05301 2.13457 4.31484 2.05121 2.29398 2.07776 2.04702 2.02588 2.08887 1.98168 1.9254 2.52052 1.92419 2.14196 1.92132 2.54374 2.00819 3.28223 2.70049 2.79444 2.72478 2.06539 1.95953 2.39838 1.86428 2.41191 1.85443 1.84621 1.84307 1.82577 2.13483 1.95599 1.81299 1.78405 2.66839 1.78284 1.76186 1.75232 2.23198 2.05666 1.7497 1.9928 2.3129 2.17447 1.72818 1.81999 1.72283 1.84485 1.86297 1.72015 2.98819 1.96938 1.92465
threshold=0.40767045454545459 0.11942959001782534 0.44201680672268912 0.47100840336134459 -0.090992647058823525 -0.064583333333333312 0.436491935483871 -0.35504201680672259 0.053605313092979119 0.046920821114369467 0.47100840336134459 0.3550420168067227 0.32807881773399022 1.0000000180025095e-35 -0.22792207792207791 -0.44028520499108731 0.41302521008403364 0.48571428571428577 -0.016685205784204651 0.47014260249554374 0.46824596774193555 -0.11916835699797161 -0.21651785714285712 0.13484848484848486 -0.45529953917050686 0.46720430107526889 0.34611742424242431 0.45529953917050697 -0.37689393939393934 -0.38057040998217462 -0.35504201680672259 -0.13095238095238093 0.40767045454545459 0.2573593073593074 -0.25809822361546492 0.43844696969696978 -0.34122983870967738 0.436491935483871 -0.15669642857142854 -0.17156862745098037 -0.3461174242424242 -0.061553030303030297 -0.442016806722689 0.41302521008403364 0.46609195402298859 -0.44028520499108731 0.26904761904761915 0.41042780748663105 0.47100840336134459 0.22570532915360506 0.23861480075901334 0.33095238095238105 -0.38403361344537806 -0.11942959001782531 -0.33095238095238094 0.48571428571428577 0.48571428571428577 0.014928698752228133 -0.16190476190476188 0.16190476190476191 0.17694497153700192 -0.41042780748663094
decision_type=2 2 2 2 2 2 2 2 2 2 2 2 2 2 2 2 2 2 2 2 2 2 2 2 2 2 2 2 2 2 2 2 2 2 2 2 2 2 2 2 2 2 2 2 2 2 2 2 2 2 2 2 2 2 2 2 2 2 2 2 2 2
left_child=1 7 3 23 -5 6 -6 38 49 36 11 18 13 -10 15 -15 17 -3 -11 21 55 22 35 25 -25 26 27 29 -29 -2 -28 -30 -33 34 -18 -4 -7 -27 40 -40 -1 -23 43 -24 -43 -44 47 -22 -49 58 51 52 -51 -37 -55 -21 57 -57 59 -9 -61 -60
right_child=2 16 19 4 5 9 -8 8 12 10 -12 -13 -14 14 -16 -17 33 -19 -20 20 46 41 42 24 -26 37 30 28 31 -31 -32 32 -34 -35 -36 53 -38 -39 39 -41 -42 44 45 -45 -46 -47 -48 48 -50 50 -52 -53 -54 54 -56 56 -58 -59 61 60 -62 -63
leaf_value=6.6511597455790001e-05 -0.0040231194102595888 -7.1564599557535395e-05 0.0013731514052396003 0.00016207967669330567 0.0013044183214638264 -0.004478776754679537 -0.0035822674254641722 0.0001877205231004652 -8.2506046755537185e-05 -0.0039386256831992223 -0.0021176290678774569 0.0014944781730878642 -0.00023974131458500474 -0.0018790577219333501 0.00014325286354083562 0.001730734088418207 0.0059918465087833127 -0.00091605183554903456 -0.0010976030738409652 0.0022266639701803543 -0.0033408153383061288 0.0015571890686823812 0.00099376930645428603 0.00351860050573656 -0.00011848147008093503 0.001019609280066088 0.0010607988149559584 -0.005071217243378754 -0.0014811727736015383 -2.3363450478214183e-05 -0.0010119859624707645 7.0615927221331494e-05 -0.0024787592293284109 0.00029759125605754728 0.0011629571988289193 -0.0059199789111585455 -0.0006222429109779135 -0.00019858847959968798 -0.0005857642869323942 0.00010747562729561187 -0.00043248302877258718 -0.00061600702965133815 0.0044868828879795894 -0.0029298017444305152 -0.0039498314832105931 0.00051967204012345447 0.0020825754460534669 0.0019232823291190843 -0.00034783586537314403 -0.00099500371813378134 -0.00027157789861800721 0.00032244196298830083 -1.5029595646183152e-07 0.0011156875175737037 -0.0033061260789230312 -0.0014480997452928314 -0.0004805160739052528 0.0032018867110181122 -0.0010631448209873469 0.00062846643385139995 -0.00039289036188865052 0.0001578187245367865
leaf_weight=74612 154 252102 151 3208 815 112 132 52499 56532 265 2140 556 22591 159 88833 1224 112 2663 1315 1033 191 336 292 173 32234 1387 450 138 1998 13877 10755 2543 381 5042 533 100 10096 5740 10525 6446 7809 4691 102 333 148 4660 332 424 2305 2258 14730 24608 15858 144 198 102 657 316 1172 27575 1810 123546
leaf_count=74612 154 252102 151 3208 815 112 132 52499 56532 265 2140 556 22591 159 88833 1224 112 2663 1315 1033 191 336 292 173 32234 1387 450 138 1998 13877 10755 2543 381 5042 533 100 10096 5740 10525 6446 7809 4691 102 333 148 4660 332 424 2305 2258 14730 24608 15858 144 198 102 657 316 1172 27575 1810 123546
internal_value=-1.49378e-08 3.69412e-05 -0.000279246 -0.000345807 -0.000637036 -0.000803166 0.000620215 8.81896e-05 0.000117385 -0.000896267 -0.0014481 -0.000776648 2.63652e-05 6.7332e-05 0.000161225 0.00131467 -6.78939e-05 -8.03954e-05 -0.00157629 7.73154e-05 0.000544559 -0.000147225 0.000219297 -0.000268065 -9.89575e-05 -0.000414499 -0.000521085 -0.000281837 -0.000875914 -6.75471e-05 -0.000928654 -0.000757283 -0.000262304 0.000492062 0.00200944 -0.00149048 -0.000664991 3.85973e-05 -3.91167e-05 -0.000322464 1.92295e-05 -0.000570722 0.000407751 -0.00109805 -0.000718767 0.000605572 2.07029e-05 -0.000214362 5.59908e-06 0.000175756 2.93145e-05 0.000133057 -0.000124198 -0.00246967 -0.00144649 0.00135232 0.00051084 0.00206645 0.00021648 0.000323312 0.000565544 0.000146337
internal_weight=898223 793239 104984 88469 18639 15431 947 532787 433395 14484 4276 2136 169339 146748 90216 1383 260452 254765 1580 16515 5360 11155 5980 69830 32407 37423 30296 19091 5060 14031 11205 4922 2924 5687 645 593 10208 7127 99392 16971 82421 5175 5387 625 4839 4762 3252 2920 2729 264056 57454 42724 18116 442 342 2108 1075 418 206602 81884 29385 124718
internal_count=898223 793239 104984 88469 18639 15431 947 532787 433395 14484 4276 2136 169339 146748 90216 1383 260452 254765 1580 16515 5360 11155 5980 69830 32407 37423 30296 19091 5060 14031 11205 4922 2924 5687 645 593 10208 7127 99392 16971 82421 5175 5387 625 4839 4762 3252 2920 2729 264056 57454 42724 18116 442 342 2108 1075 418 206602 81884 29385 124718
is_linear=0
shrinkage=0.03


Tree=51
num_leaves=63
num_cat=0
split_feature=2 4 5 3 10 4 0 1 4 0 7 7 10 5 10 10 10 7 3 8 8 6 10 8 4 7 10 2 10 2 10 5 4 7 8 7 8 10 7 3 2 10 8 0 10 1 8 0 10 5 4 10 10 10 2 1 7 2 5 1 7 8
split_gain=9.75138 3.48781 3.26198 2.94134 2.98275 2.65967 2.3743 2.35091 2.30986 1.64083 3.1389 2.97999 2.24198 1.83992 1.82576 1.69858 1.61281 1.84988 2.26297 1.80398 1.6504 1.67683 1.60108 1.59364 1.59857 1.58299 1.57182 1.84551 1.76021 1.69548 2.14038 1.69261 2.87925 1.84547 1.56451 1.52615 1.52475 2.5549 1.95374 1.88748 1.82745 1.59197 1.52621 1.47165 1.47082 1.42631 1.53425 1.42369 1.39492 1.68774 3.43318 2.12071 1.52247 1.44226 1.3748 1.36724 1.35572 1.34791 2.03674 2.61657 1.49341 1.95552
threshold=0.3133928571428572 0.36405529953917054 0.41302521008403364 0.14611005692599624 -0.11916835699797161 -0.35504201680672259 -0.46922348484848481 -0.089572192513368967 -0.45529953917050686 0.23861480075901334 0.48571428571428577 -0.46824596774193544 -0.47100840336134447 0.43844696969696978 -0.32555780933062872 0.15111561866125764 -0.47014260249554363 -0.060661764705882353 -0.47100840336134447 0.32085561497326209 -0.44028520499108731 -0.37689393939393934 -0.22144396551724135 0.47014260249554374 -0.18156682027649768 -0.21651785714285712 -0.44028520499108731 0.47100840336134459 -0.442016806722689 0.48571428571428577 -0.47100840336134447 0.46922348484848492 0.47014260249554374 0.31534090909090917 -0.27772177419354832 0.11527514231499054 0.46824596774193555 -0.35960591133004921 0.44028520499108742 -0.35504201680672259 0.47100840336134459 -0.32555780933062872 -0.044155844155844164 0.13046218487394959 0.42266009852216752 0.11596638655462189 -0.14611005692599616 -0.47100840336134447 0.436491935483871 0.47100840336134459 0.44028520499108742 0.11527514231499054 0.21198156682027655 0.32807881773399022 -0.46824596774193544 0.26806722689075635 -0.044155844155844164 -0.44028520499108731 -0.47014260249554363 -0.41302521008403353 0.20777988614800766 0.1815668202764977
decision_type=2 2 2 2 2 2 2 2 2 2 2 2 2 2 2 2 2 2 2 2 2 2 2 2 2 2 2 2 2 2 2 2 2 2 2 2 2 2 2 2 2 2 2 2 2 2 2 2 2 2 2 2 2 2 2 2 2 2 2 2 2 2
left_child=1 2 3 5 8 7 -3 57 -5 10 12 14 -2 -14 -11 22 -7 18 25 20 44 45 -12 -21 -25 -18 27 28 31 30 -29 32 33 -13 -6 -30 37 38 42 40 -39 -38 -15 -17 -20 -22 -47 -24 49 -8 56 -52 -53 -54 -19 -4 -51 58 -1 60 61 -60
right_child=9 6 55 4 34 16 48 -9 -10 11 15 26 13 36 -16 43 17 54 19 23 21 -23 47 24 -26 -27 -28 29 35 -31 -32 -33 -34 -35 -36 -37 41 39 -40 -41 -42 -43 -44 -45 -46 46 -48 -49 -50 50 51 52 53 -55 -56 -57 -58 -59 59 -61 -62 -63
leaf_value=-0.00034134372798201275 -0.0014463860268612192 -0.0024457508501785374 0.0010471330125387112 -0.0016229583868968963 9.119369415423273e-05 -0.00035530017311711772 -0.00022506748694843331 -0.0014234450359391845 0.00014436645757919168 -0.0038358226273811878 -0.0012108499058693454 0.0010079211420625078 -8.119820084388844e-05 0.0003681647051832572 -0.0010997998980076416 -0.0025501492758506846 -0.0017748074345399799 -0.00063624021951126696 -0.00010933855246719488 -0.0004320480130364713 0.00015723414092133392 0.00031853944694554471 0.0027393727890146829 -0.0010861686236338219 0.0035215366762337994 0.00055674340834702791 -0.00028391710765351453 -0.004143916230354627 -0.00040894958758565209 0.00012525846045376114 -0.0004465174083343106 -0.00090184319676444961 0.0040126682981395812 -0.0010293725512819946 -0.00018753318889467972 0.0028649610618618317 -0.00085278740515616245 -0.0022606916172265182 -0.00089499353185504044 0.00019688400106567747 0.0010256724332360205 0.0018429845447732603 0.0033609138970602391 0.00045873274966220254 0.000867713474597682 -0.0008418683605035083 0.0002781085641687317 -0.00020349426586630618 -0.00085213478996522447 -0.00025262053191791103 -0.00055676276747631517 0.0024268330952087677 -0.00095173755539376497 0.0015520351918377471 8.7480565985679571e-05 0.00030043382758547299 0.0019714245277079917 -8.4772180016018281e-05 0.00059215315971629032 -0.00018407285479695386 0.0012305072356156854 -0.00058988465020024243
leaf_weight=5324 1017 423 4017 672 22437 5973 34118 1091 60347 288 1752 1290 67120 223 919 774 861 2390 16974 5245 23956 123710 161 106 185 376 96701 225 172 1161 375 751 218 579 94282 499 242 570 204 5327 207 1051 492 180 1509 2893 1776 1705 2679 307 2934 406 454 379 197017 4899 1250 76826 8151 6050 2514 1489
leaf_count=5324 1017 423 4017 672 22437 5973 34118 1091 60347 288 1752 1290 67120 223 919 774 861 2390 16974 5245 23956 123710 161 106 185 376 96701 225 172 1161 375 751 218 579 94282 499 242 570 204 5327 207 1051 492 180 1509 2893 1776 1705 2679 307 2934 406 454 379 197017 4899 1250 76826 8151 6050 2514 1489
internal_value=-1.51771e-08 5.01908e-05 6.6965e-05 5.92894e-05 -4.50943e-05 9.75891e-05 -0.000211893 -3.89926e-05 0.000124877 -0.000194626 -9.35855e-05 -0.000273971 -4.7918e-05 -2.90455e-05 -0.00175527 -0.000857061 0.000133768 0.000141518 0.000211935 0.000220907 0.00023818 0.000270662 -0.000559824 -0.000312035 0.00184516 -0.00106623 -0.00025642 0.000248083 0.00064573 -0.000544191 -0.00183763 0.000318696 0.000758125 0.000376572 -0.000133953 0.00202639 0.000391848 0.000217456 0.00169122 -4.6711e-06 -0.00138498 0.00133817 0.00242933 -0.00198255 -2.95269e-05 6.37424e-05 -0.000415882 5.175e-05 -0.000189616 -0.000145055 0.000331321 -0.000117308 0.000922947 0.000187929 7.88032e-05 0.00063693 0.00153302 -2.39275e-05 0.000174744 0.000325691 0.000579435 0.000409533
internal_weight=898223 714020 671070 662154 177738 484416 42950 101445 61019 184203 81025 103178 76453 75436 1207 4572 382971 376998 177591 176354 170818 152335 3618 5536 291 1237 101971 5270 3509 1761 600 2838 2087 1869 116719 671 8316 7023 919 6104 777 1293 715 954 18483 28625 4669 1866 42527 39848 5730 4173 1239 833 199407 8916 1557 100354 23528 18204 12154 9640
internal_count=898223 714020 671070 662154 177738 484416 42950 101445 61019 184203 81025 103178 76453 75436 1207 4572 382971 376998 177591 176354 170818 152335 3618 5536 291 1237 101971 5270 3509 1761 600 2838 2087 1869 116719 671 8316 7023 919 6104 777 1293 715 954 18483 28625 4669 1866 42527 39848 5730 4173 1239 833 199407 8916 1557 100354 23528 18204 12154 9640
is_linear=0
shrinkage=0.03


Tree=52
num_leaves=63
num_cat=0
split_feature=0 11 8 1 5 11 8 0 7 4 3 1 5 4 11 7 3 8 1 5 4 11 6 9 1 3 0 11 8 8 5 11 4 1 7 5 0 6 11 1 6 9 1 3 8 0 11 3 8 7 4 3 11 7 11 9 8 8 3 11 4 8
split_gain=9.25143 3.05759 3.05677 2.77832 5.07702 2.66458 2.56463 2.41131 2.34159 2.16499 2.12701 2.01168 3.79174 2.99613 3.13448 2.56006 2.33269 2.47409 2.06443 2.30817 2.05176 1.96937 1.88379 1.87451 1.81466 1.77543 1.75982 2.59288 1.74988 1.7349 1.73366 3.27316 2.56132 1.89566 1.78737 1.85291 1.75172 1.69678 1.65801 3.72755 2.77859 2.68597 1.78212 1.64854 1.61938 3.7058 1.88489 1.61694 1.6169 1.77886 1.59132 1.61369 1.57696 1.7067 1.57068 2.83324 1.5504 1.82175 1.52708 1.51954 1.68083 1.99325
threshold=0.37689393939393945 -0.46824596774193544 -1.0000000180025095e-35 0.1566964285714286 0.1566964285714286 -0.47014260249554363 0.20777988614800766 -0.41302521008403353 -0.30322580645161284 -0.47100840336134447 0.44201680672268912 0.022350230414746545 0.014495798319327681 -0.26806722689075629 0.060661764705882366 0.073593073593073613 0.21198156682027655 -0.16190476190476188 -0.16421568627450978 -0.029857397504456314 -0.47100840336134447 0.47100840336134459 -0.47014260249554363 0.37689393939393945 -0.40767045454545447 0.41042780748663105 -0.44028520499108731 0.069047619047619038 -0.46922348484848481 -0.47014260249554363 0.41302521008403364 0.25378787878787884 0.44028520499108742 0.436491935483871 -0.26166328600405669 0.47100840336134459 -0.3693074003795066 -0.46922348484848481 0.37689393939393945 -0.46824596774193544 0.43844696969696978 0.32555780933062883 -0.43844696969696967 0.37689393939393945 0.46922348484848492 -0.38057040998217462 0.40767045454545459 0.36405529953917054 0.33602150537634418 -0.32807881773399011 0.37298387096774199 -0.43844696969696967 -0.32085561497326193 -0.15571120689655168 0.47014260249554374 0.35071301247771841 -0.39827586206896548 -0.35504201680672259 -0.42488479262672801 -0.32807881773399011 0.23128342245989311 -0.015640273704789816
decision_type=2 2 2 2 2 2 2 2 2 2 2 2 2 2 2 2 2 2 2 2 2 2 2 2 2 2 2 2 2 2 2 2 2 2 2 2 2 2 2 2 2 2 2 2 2 2 2 2 2 2 2 2 2 2 2 2 2 2 2 2 2 2
left_child=1 5 23 4 6 -1 11 -5 43 -4 30 13 -13 14 16 22 17 20 -15 26 58 25 -16 -2 28 -11 27 -20 29 -22 37 32 -32 36 35 -34 -33 -9 42 40 -40 47 -10 44 -8 -46 -47 -41 -23 -50 54 -52 53 -27 -39 -56 -17 -58 -3 -6 61 -61
right_child=2 3 9 7 59 -7 8 10 38 21 -12 12 -14 18 15 56 -18 -19 19 -21 24 48 -24 -25 -26 52 -28 -29 -30 -31 31 33 34 -35 -36 -37 -38 50 39 41 -42 -43 -44 -45 45 46 -48 -49 49 -51 51 -53 -54 -55 55 -57 57 -59 -60 60 -62 -63
leaf_value=0.00015112864829914356 7.5486642323136386e-05 0.00047498964633892426 -0.0039616045234154677 -0.00054842553868315912 0.00081939390590195075 0.00081973637751382993 -0.00053079934234345316 -0.00084726762856323409 -0.00052708693765963393 -0.00014395713691600051 0.0013033735869251396 -0.00042925738556277561 8.9282421624135036e-05 0.00030864119324870828 0.00044783234314543758 0.0025439318134973929 -0.00077953268963439678 -1.358873432472312e-05 0.00028689073404982476 0.00029017188198105528 0.0009088795783713684 -0.00050210666887872931 -0.00026529207177722499 -0.00058432818645759823 0.00023629762580751353 0.00099807419264551765 2.0620859595676668e-05 -0.0023945487218562721 0.00057185229751300607 0.0033546804760596111 0.00018190101641731032 -0.0027906249221837653 0.0026341013183182409 0.0002084608206561759 -0.00066268590465877019 -0.00097939633170179233 0.0010354413394556351 -1.7539215238740188e-05 0.0016719059325654858 0.00035624466728165444 0.0070755134543610942 -0.00099441544067076161 -4.14597605249232e-05 -0.0035946998752604256 0.0031774726163795483 0.00028231696189138773 -0.0040584259050055627 0.0039402026776831755 -0.0025668162647319039 0.0004872956547218824 0.0029535533262443911 -0.00031124067631391054 -0.000401567712929897 -0.0011113512709696534 -0.00037074367788113977 -0.0032135439998094029 -0.0023691865572003376 0.00031891935180898665 -0.0016238624130790237 0.0004739600219995356 0.00079168051047887012 1.211047526981991e-05
leaf_weight=16323 32815 503 146 8834 5880 7990 11513 2602 7452 24269 1051 19549 36177 71813 3549 272 2442 36245 630 37939 698 2613 54774 4393 24938 372 69485 668 9803 417 11862 109 310 6956 6783 216 5289 136239 419 7699 107 1455 77748 150 349 315 125 114 176 5683 136 25310 56229 4668 4230 340 232 8681 819 15520 5442 18357
leaf_count=16323 32815 503 146 8834 5880 7990 11513 2602 7452 24269 1051 19549 36177 71813 3549 272 2442 36245 630 37939 698 2613 54774 4393 24938 372 69485 668 9803 417 11862 109 310 6956 6783 216 5289 136239 419 7699 107 1455 77748 150 349 315 125 114 176 5683 136 25310 56229 4668 4230 340 232 8681 819 15520 5442 18357
internal_value=-1.48377e-08 3.98339e-05 -0.000232637 2.89941e-05 6.54667e-05 0.000370878 3.72422e-05 -6.33339e-05 -9.21533e-05 -0.000323609 -4.20572e-05 7.38646e-05 -9.26288e-05 0.000102509 1.23342e-07 -0.000148576 0.000132443 0.000162785 0.000183818 0.000101368 0.000334728 -0.000317917 -0.000221891 -2.42867e-06 0.000377528 -0.000361129 1.68626e-07 -0.00109386 0.000700064 0.00182577 -4.91205e-05 0.0001551 -9.02928e-05 0.000535878 -0.000532009 0.00115119 0.00095768 -8.72484e-05 -4.14458e-05 0.000328197 0.00278246 0.000188622 -8.39407e-05 -0.000478957 -0.000440678 0.000873375 -0.000957255 0.000409036 0.000118371 0.00039513 -7.53486e-05 -0.000293676 -0.000447148 -0.000955488 -3.58922e-05 -0.0005829 0.000316931 0.000248692 -0.000825527 0.000369616 0.000302334 0.000223704
internal_weight=898223 766859 131364 742546 532279 24313 487080 210267 107446 94156 201433 379634 55726 323908 143373 67508 75865 73423 180535 108722 37178 94010 58323 37208 35856 85538 70783 1298 10918 1115 200382 31525 19171 12354 7309 526 5398 168857 94994 9794 526 9268 85200 12452 12302 789 440 7813 8472 5859 166255 25446 61269 5040 140809 4570 9185 8913 1322 45199 39319 33877
internal_count=898223 766859 131364 742546 532279 24313 487080 210267 107446 94156 201433 379634 55726 323908 143373 67508 75865 73423 180535 108722 37178 94010 58323 37208 35856 85538 70783 1298 10918 1115 200382 31525 19171 12354 7309 526 5398 168857 94994 9794 526 9268 85200 12452 12302 789 440 7813 8472 5859 166255 25446 61269 5040 140809 4570 9185 8913 1322 45199 39319 33877
is_linear=0
shrinkage=0.03


Tree=53
num_leaves=63
num_cat=0
split_feature=1 2 11 4 11 3 9 8 10 2 11 10 7 9 10 7 11 8 8 11 3 4 2 7 0 8 0 2 8 10 2 1 3 7 8 10 10 10 8 0 11 1 7 10 3 7 11 11 2 7 7 4 0 2 0 10 9 1 4 1 8 11
split_gain=8.80499 4.19381 2.51001 2.47504 2.66664 4.11168 2.64876 2.50591 3.15323 2.03482 2.60377 2.17155 2.80098 2.12076 2.13707 2.56871 2.36512 2.09387 2.37967 2.56459 1.96616 1.87055 1.8733 1.79253 2.96765 1.78256 2.37734 1.86338 3.56072 2.88458 2.81187 2.65676 2.31521 2.2805 2.09968 1.93861 3.3716 2.48746 1.78155 2.64174 2.30602 1.83447 1.81493 2.09304 1.77292 1.79824 1.90371 1.76783 2.39751 1.94033 3.03922 2.50786 2.60224 2.55498 1.97011 1.84393 2.23973 1.76111 1.75915 1.92291 3.77488 2.36477
threshold=0.40767045454545459 0.022350230414746545 0.44201680672268912 -0.26806722689075629 0.35071301247771841 0.22301136363636367 0.33602150537634418 0.44201680672268912 0.38403361344537817 0.47100840336134459 -0.08342602892102334 -0.41302521008403353 0.48571428571428577 -0.27772177419354832 0.015640273704789823 0.47100840336134459 0.3550420168067227 0.37689393939393945 -0.073593073593073585 0.38057040998217473 0.25378787878787884 -0.41302521008403353 -0.159453781512605 0.41302521008403364 -0.29099821746880566 0.47014260249554374 0.46824596774193555 0.48571428571428577 0.35960591133004927 0.090992647058823553 0.35071301247771841 0.47014260249554374 0.48571428571428577 0.44028520499108742 0.26568627450980398 -0.15111561866125756 0.083426028921023368 -0.41302521008403353 -0.20294117647058821 0.4781385281385282 0.073593073593073613 -0.20777988614800755 0.47014260249554374 0.014718614718614688 0.40767045454545459 -0.046920821114369508 0.23030303030303031 0.13484848484848486 -0.45529953917050686 0.46720430107526889 0.34611742424242431 0.45529953917050697 -0.37689393939393934 -0.38057040998217462 -0.35504201680672259 -0.13095238095238093 0.40767045454545459 0.44870129870129877 0.24239631336405534 0.10948191593352886 0.3550420168067227 0.40473790322580649
decision_type=2 2 2 2 2 2 2 2 2 2 2 2 2 2 2 2 2 2 2 2 2 2 2 2 2 2 2 2 2 2 2 2 2 2 2 2 2 2 2 2 2 2 2 2 2 2 2 2 2 2 2 2 2 2 2 2 2 2 2 2 2 2
left_child=1 21 9 -3 5 -5 23 -8 -9 47 -11 12 -12 -13 17 16 -16 18 -15 -20 -19 22 -1 58 -25 27 -27 29 -29 -4 32 33 -31 -30 -32 37 -37 -33 40 42 -7 -42 44 -44 -40 46 -46 49 -49 50 51 53 -53 -2 -52 -54 -57 -18 59 60 -6 -62
right_child=2 3 25 4 6 38 7 8 -10 10 11 13 -14 14 15 -17 57 20 19 -21 -22 -23 -24 24 -26 26 -28 28 31 30 34 35 -34 -35 -36 36 -38 -39 39 -41 41 -43 43 -45 45 -47 -48 48 -50 -51 54 52 55 -55 -56 56 -58 -59 -60 -61 61 -63
leaf_value=-9.5460539310447918e-06 -0.0038860861938446755 -0.00026566860549454826 -3.34638476646553e-05 3.8102427505443801e-05 0.00058812185905949134 -0.00020305076396110664 -0.00070216609318579908 -0.00086983888531145495 0.0041719752727606514 0.00016633556655872042 0.0012284419841077456 -0.0015377782014993297 -0.0015456627176522657 0.0012719959280410858 -0.0010095486526541081 -0.0018761123360672594 -0.0014193117771618313 -0.0013050634979158437 -0.00099540812900254837 -0.0041129665237824228 0.00041235492060087182 0.00011613183923983216 -0.00056950408441008545 -0.0020915083831960653 4.2270526255493718e-05 0.0013153635518910042 2.2126056702572496e-05 -0.00057564540227139464 0.0012937050241538706 -0.0005564425761795318 -0.00066669134209541348 -3.4474472290046673e-05 0.0040812912533900372 -0.0037111679661719901 -0.0031095850551479355 -0.0013117298497251368 0.0036755561732334662 0.0045894611049152444 -0.00018829080701288607 -0.0014025798975240891 0.0034749883934855463 0.00040576147869523296 0.0017415354637874375 -0.00017019710559645744 0.00032352917142954225 -0.00070043991121860173 -0.0012967656142258504 0.0034270063059902269 -0.00010398220570392718 5.7670269705352861e-05 0.0010583333055008133 -0.0048831905337492765 -0.0014224835822749297 -1.2962529346125537e-05 -0.00096605066765373404 8.1593929456707782e-05 -0.0023820156743689026 0.0020540156409820454 0.00057834130950296136 -0.00018219026282714689 0.00078855966635181323 -0.001448266167460515
leaf_weight=45983 154 40407 6310 160419 11909 11979 4299 222 223 3286 1004 3354 485 293 1976 2246 182 734 1042 307 3264 399838 6088 711 3331 2108 3252 1315 203 678 521 137 112 136 809 270 221 443 52782 1833 179 6698 872 1258 3375 13683 808 173 32234 7127 450 138 1998 13877 10755 2543 381 466 15417 8859 598 1468
leaf_count=45983 154 40407 6310 160419 11909 11979 4299 222 223 3286 1004 3354 485 293 1976 2246 182 734 1042 307 3264 399838 6088 711 3331 2108 3252 1315 203 678 521 137 112 136 809 270 221 443 52782 1833 179 6698 872 1258 3375 13683 808 173 32234 7127 450 138 1998 13877 10755 2543 381 466 15417 8859 598 1468
internal_value=-1.43032e-08 3.41564e-05 -0.0002582 -4.52145e-05 -1.56118e-05 -5.40513e-05 0.000191865 -0.000480246 0.00166042 -0.000321578 -0.000600056 -0.000764087 0.000324424 -0.000881008 -0.00067129 -0.0011316 -0.000493861 -0.000273696 -0.00117531 -0.00170741 9.68035e-05 9.41058e-05 -7.50245e-05 0.000267266 -0.000333492 8.1307e-05 0.000530886 -0.000134745 0.0005471 -0.00035519 -0.00131231 0.00159387 0.000105387 -0.000719159 -0.00215385 0.00232599 0.000935965 0.00349908 -0.000212215 -0.000278058 4.83187e-05 0.000486143 -0.000249717 0.000612896 -0.000275732 -0.000534039 1.03134e-05 -0.000247239 -8.50274e-05 -0.000387702 -0.000492472 -0.000262251 -0.000834749 -5.57467e-05 -0.000884663 -0.000720272 -0.000240121 0.0010778 0.000330755 0.000163572 0.000382754 -0.000800753
internal_weight=898223 793239 104984 341330 300923 253886 47037 4744 445 88469 18639 15353 1489 13864 10510 4870 2624 5640 1642 1349 3998 451909 52071 42293 4042 16515 5360 11155 2725 8430 2120 1410 790 339 1330 1071 491 580 93467 74611 18856 6877 72778 2130 70648 17866 4183 69830 32407 37423 30296 19091 5060 14031 11205 4922 2924 648 38251 22834 13975 2066
internal_count=898223 793239 104984 341330 300923 253886 47037 4744 445 88469 18639 15353 1489 13864 10510 4870 2624 5640 1642 1349 3998 451909 52071 42293 4042 16515 5360 11155 2725 8430 2120 1410 790 339 1330 1071 491 580 93467 74611 18856 6877 72778 2130 70648 17866 4183 69830 32407 37423 30296 19091 5060 14031 11205 4922 2924 648 38251 22834 13975 2066
is_linear=0
shrinkage=0.03


Tree=54
num_leaves=63
num_cat=0
split_feature=2 0 11 11 10 2 8 11 11 7 9 0 8 10 5 11 2 6 5 2 11 10 11 0 11 7 10 8 6 0 9 8 4 11 2 10 8 7 11 8 8 8 7 10 10 10 10 8 11 8 6 10 8 2 6 6 10 7 8 10 11 7
split_gain=8.36959 3.06294 2.4598 2.03804 2.26448 1.91647 1.88785 3.3627 2.65838 4.34075 2.51182 2.26858 1.97816 2.17466 2.13024 1.86962 2.03597 2.06715 1.82284 1.7464 2.2029 2.85556 1.74061 1.73012 1.70996 1.70965 1.95513 2.52945 2.26633 1.70458 1.64224 2.06615 1.86417 1.62621 1.99371 1.68177 3.83483 2.04605 1.67796 1.60312 2.76564 1.59226 1.53725 3.23073 2.84638 2.22694 1.81833 1.64901 1.68881 1.61801 1.58552 1.53405 1.85506 1.60386 1.53453 1.52588 1.69301 1.83157 1.51697 1.4947 1.7196 1.49444
threshold=0.3133928571428572 0.41926406926406928 0.13484848484848486 -0.46824596774193544 -0.18660714285714283 0.41302521008403364 0.015640273704789823 0.41302521008403364 0.44201680672268912 0.31534090909090917 -0.47100840336134447 -0.38057040998217462 -0.14076246334310846 0.33602150537634418 0.037053571428571415 0.44028520499108742 -0.092329545454545428 -0.442016806722689 -0.47100840336134447 0.015640273704789823 0.41042780748663105 -0.4541871921182265 0.38403361344537817 -0.33847248576850092 -0.47014260249554363 -0.18156682027649768 0.1566964285714286 -0.38057040998217462 -0.015640273704789816 -0.47014260249554363 0.069047619047619038 0.47014260249554374 -0.45529953917050686 -0.096874999999999975 -0.19407308377896609 0.22144396551724141 -0.15571120689655168 -0.46824596774193544 -0.39113300492610831 -0.47100840336134447 -0.46824596774193544 -0.3507130124777183 -0.12678571428571425 -0.29705882352941171 -0.47100840336134447 0.43218390804597706 0.078201368523949225 0.38057040998217473 0.14611005692599624 0.38403361344537817 -0.29705882352941171 0.31534090909090917 0.30947580645161293 -0.32085561497326193 0.37689393939393945 -0.38057040998217462 -0.44028520499108731 -0.4499999999999999 -0.35504201680672259 0.41042780748663105 0.030330882352941183 0.29705882352941182
decision_type=2 2 2 2 2 2 2 2 2 2 2 2 2 2 2 2 2 2 2 2 2 2 2 2 2 2 2 2 2 2 2 2 2 2 2 2 2 2 2 2 2 2 2 2 2 2 2 2 2 2 2 2 2 2 2 2 2 2 2 2 2 2
left_child=1 3 5 4 -1 -2 8 11 15 12 -9 22 25 14 -14 18 17 -17 -5 20 33 -22 42 -7 30 55 27 28 -27 -12 -6 32 -32 35 -35 37 -37 -20 -38 -23 -41 61 43 44 -8 46 47 -45 -49 -46 -47 52 53 -26 -54 -10 -57 -58 -18 -36 -61 -4
right_child=2 -3 41 6 24 23 7 10 9 -11 29 -13 13 -15 -16 16 58 -19 19 -21 21 39 -24 -25 51 26 -28 -29 -30 -31 31 -33 -34 34 59 36 38 -39 -40 40 -42 -43 -44 45 49 50 -48 48 -50 -51 -52 -53 54 -55 -56 56 57 -59 -60 60 -62 -63
leaf_value=0.00075023917277254181 -0.00018225311174347564 -0.00026301887653674478 0.0005855785437692833 -0.0004466890243412275 -0.00047609894810343446 0.00011515493606642849 0.002727476652204359 -0.0028234566006244779 -0.00085904536226150238 0.0019474979841255491 0.0017366465782736673 -7.8362447562978868e-06 -0.00011949336598515015 -0.0018037147481450972 0.0012400105359369057 -0.0022178133417973698 -0.0021746875354846985 0.0019750821010727348 -0.00071195620930150833 1.4977103190339544e-05 -0.0044982814097248415 -0.0033294711261681329 0.00094348494608169483 -0.00054874181624022043 -0.00032236501244470772 -0.0013938140174433841 -4.9823802967447701e-05 -0.0008745180185571013 -0.0043810519779066519 0.00033654320499284412 -0.0033309077711695494 0.0021399136357208911 0.00017896103742713791 8.6820141417843529e-06 0.00030503401073097669 0.00068603492596569558 -0.00089253694910457074 0.0002122329935395558 0.00014525283320802112 0.0031573229998170028 -0.00032725245364641751 -0.00010492037578744594 -0.00018011537234025754 -0.00022503249608006649 -0.0015724134472973009 0.003420532330187462 -0.001040628065713889 0.00025564415698371283 0.0045824185820917285 -0.0040676606722042652 -0.00016581571486588761 -0.0010506367709915362 -0.0020573024110111266 0.0017056821113157351 0.0019582157416582167 -0.0019300215324527393 0.0021778595481303075 -5.6156700075820036e-06 0.00054747253227218923 -0.00087614730504874231 0.00016787482928369728 -0.0017042020845773925
leaf_weight=7846 51912 27659 4521 5302 4712 3999 127 220 2686 774 814 232756 2906 457 1612 114 241 1350 2222 110902 147 151 990 30281 431 528 1472 2644 404 19733 138 481 6739 79299 46668 20487 1671 71509 8688 211 6204 93219 18488 3079 1922 234 2770 204 134 266 210 373 287 1882 121 377 371 4901 771 2147 4188 271
leaf_count=7846 51912 27659 4521 5302 4712 3999 127 220 2686 774 814 232756 2906 457 1612 114 241 1350 2222 110902 147 151 990 30281 431 528 1472 2644 404 19733 138 481 6739 79299 46668 20487 1671 71509 8688 211 6204 93219 18488 3079 1922 234 2770 204 134 266 210 373 287 1882 121 377 371 4901 771 2147 4188 271
internal_value=-1.42265e-08 4.64988e-05 -0.000180311 5.89722e-05 0.000336531 -0.000297213 4.93438e-05 -9.51907e-06 9.28572e-05 -0.000251781 0.000357893 -3.87341e-05 -0.000344607 0.000166131 0.000365738 0.000111059 0.000932443 0.0016473 0.000105404 0.000113662 0.000158591 -0.000377282 -0.000291739 -0.000471293 0.000122439 -0.000534467 -0.000970122 -0.00134883 -0.00269202 0.000392092 -3.88712e-05 0.000241152 0.000108055 0.000173779 0.000103893 0.000262191 0.000448188 0.000184372 -2.2222e-05 -0.00028435 -0.000212165 -7.75031e-05 -0.000336346 -0.00065916 -0.00162379 -0.000322197 -0.000469562 -6.45598e-06 0.00197945 -0.00187749 0.00172773 0.000751534 0.000998875 0.0013278 -0.00086455 -0.000270534 9.39604e-06 0.000148423 -0.000102296 0.000246338 -0.000186038 0.000455757
internal_weight=898223 714020 184203 686361 23010 86192 663351 281947 381404 19132 20767 261180 18358 4975 4518 362272 2476 1464 359796 354494 243592 6713 28424 34280 15164 13383 5048 3576 932 20547 12070 7358 6877 236879 132302 104577 30846 73731 10359 6566 6415 98011 27434 8946 2315 6631 6187 3417 338 2188 444 3094 2721 2313 408 8335 5649 5272 1012 53003 6335 4792
internal_count=898223 714020 184203 686361 23010 86192 663351 281947 381404 19132 20767 261180 18358 4975 4518 362272 2476 1464 359796 354494 243592 6713 28424 34280 15164 13383 5048 3576 932 20547 12070 7358 6877 236879 132302 104577 30846 73731 10359 6566 6415 98011 27434 8946 2315 6631 6187 3417 338 2188 444 3094 2721 2313 408 8335 5649 5272 1012 53003 6335 4792
is_linear=0
shrinkage=0.03


Tree=55
num_leaves=63
num_cat=0
split_feature=0 8 11 11 6 3 10 8 11 7 8 4 5 11 10 4 7 4 10 3 11 3 11 11 10 0 9 6 10 6 8 9 5 4 0 8 11 10 9 8 3 8 11 4 5 5 5 10 8 11 8 5 0 10 5 10 10 7 5 10 4 0
split_gain=7.91629 2.74009 2.73736 2.40878 2.25897 2.26765 3.34026 2.23706 2.23329 2.62182 2.44248 2.26732 2.22982 2.14041 2.13294 2.04143 1.99495 2.38762 1.95267 1.87582 1.80132 2.22419 1.84112 2.15122 2.5166 2.09493 2.05827 2.0229 2.29395 1.7678 2.20559 1.76595 1.74935 1.91865 1.74996 1.72657 1.71363 1.83523 1.69008 1.78639 1.66786 1.65818 1.89909 1.59215 1.60603 1.58137 1.57801 1.54004 1.53717 1.53357 2.41008 1.90468 1.81206 1.52618 1.81238 1.50907 1.50088 2.3852 1.49609 1.47401 2.09342 1.46755
threshold=0.37689393939393945 -1.0000000180025095e-35 -0.46824596774193544 -0.47014260249554363 -0.38057040998217462 0.13246753246753248 0.43440860215053767 -0.30947580645161282 0.3550420168067227 -0.41042780748663094 0.16190476190476191 -0.30947580645161282 -0.47100840336134447 0.44201680672268912 -0.41302521008403353 -0.47100840336134447 0.10948191593352886 -0.32605042016806712 0.40767045454545459 0.30322580645161296 -0.25378787878787873 0.20142602495543679 -0.12284482758620689 0.12678571428571431 -0.12284482758620689 0.44028520499108742 -0.46824596774193544 0.32555780933062883 -0.38403361344537806 0.3550420168067227 0.41042780748663105 -0.26568627450980387 0.44028520499108742 -0.39447004608294928 0.44201680672268912 -0.35960591133004921 0.046920821114369467 0.24642857142857147 0.32555780933062883 0.44028520499108742 -0.45529953917050686 -0.16190476190476188 -0.030330882352941176 0.46922348484848492 0.47014260249554374 -0.22792207792207791 -0.18660714285714283 -0.05527383367139959 -0.31534090909090901 0.24642857142857147 -0.47100840336134447 0.014495798319327681 -0.44028520499108731 -0.19848484848484846 0.46922348484848492 -0.064583333333333312 -0.18857758620689652 -0.20777988614800755 1.0000000180025095e-35 -0.46824596774193544 -0.32085561497326193 0.41302521008403364
decision_type=2 2 2 2 2 2 2 2 2 2 2 2 2 2 2 2 2 2 2 2 2 2 2 2 2 2 2 2 2 2 2 2 2 2 2 2 2 2 2 2 2 2 2 2 2 2 2 2 2 2 2 2 2 2 2 2 2 2 2 2 2 2
left_child=2 18 3 56 7 12 8 13 29 11 43 48 -6 -4 35 -3 17 36 -2 38 21 -17 -22 25 26 -24 -25 28 -28 -7 -31 -26 33 -33 55 59 41 49 -12 -40 45 46 58 44 47 -37 -16 -11 -10 50 -38 -52 -51 54 -29 -34 57 -1 -43 -14 -61 -30
right_child=1 15 4 -5 5 6 -8 -9 9 10 19 -13 14 -15 16 20 -18 -19 -20 -21 22 -23 23 24 31 -27 27 53 61 30 -32 32 34 -35 -36 40 37 -39 39 -41 -42 42 -44 -45 -46 -47 -48 -49 -50 52 51 -53 -54 -55 -56 -57 -58 -59 -60 60 -62 -63
leaf_value=0.0017726426221039834 7.1821623989206445e-05 -0.0038339801315142182 0.00016345336687882502 0.00077684549074243819 -0.00041394084603031586 -3.7414208748567039e-06 -0.00047073620393516902 -0.00022071243566004238 0.0027874098724259117 0.00026300071984086134 0.00033760222756775137 0.0024644998797833427 -1.1492374654529673e-05 -0.00081139915089138313 0.00044316482878163042 0.0020026344934136586 2.1294647231111808e-05 0.00020805185863575967 -0.00068111532107647751 0.00096745601613527313 0.00015943918529088627 -0.00069258397779947039 -0.00022683012324586758 -0.0011990727690899415 -0.0013910920283990778 -0.00083641905846881196 0.00071338770137280749 0.0004715037761290077 1.1499294381046726e-07 -0.00045308881261045628 0.00018028838393522125 0.0025096327658094518 -0.0013055519194042841 -0.00056363191785355703 -0.00026389771114867865 -0.00041750882008055606 0.0037177886039139489 -0.00058654546126689984 -0.0021697150151423314 0.00156032767424461 -2.0607188936559443e-05 -0.00015532605146841071 0.00064879167652383957 -0.0016333750579355551 0.0025012709780347516 -0.0029064638642230839 -0.00093876562626779038 -0.00037256968568528855 -0.0014198546614497898 0.00098209658449788305 -0.00032310088455686232 -0.00354545409932533 2.2834331569744949e-05 0.00086567263432408257 -0.0002777762262679797 0.0007825502722939295 -2.2550665036238168e-05 0.00016912957725765987 -0.0031276134234042713 0.00011861585895358158 -0.0018977866892448596 -0.0010816236066114688
leaf_weight=1188 33796 146 28544 7990 7989 128633 14912 59810 106 6759 6849 847 1370 2181 14833 281 150669 203984 3412 4653 9032 12184 9406 1131 1459 11018 1420 6561 1848 18093 6810 184 349 15773 9069 685 130 7055 483 151 23699 14813 2933 571 223 345 782 6967 289 2071 9574 167 12254 3347 5213 2836 12331 2804 153 673 1486 2899
leaf_count=1188 33796 146 28544 7990 7989 128633 14912 59810 106 6759 6849 847 1370 2181 14833 281 150669 203984 3412 4653 9032 12184 9406 1131 1459 11018 1420 6561 1848 18093 6810 184 349 15773 9069 685 130 7055 483 151 23699 14813 2933 571 223 345 782 6967 289 2071 9574 167 12254 3347 5213 2836 12331 2804 153 673 1486 2899
internal_value=-1.42337e-08 -0.000215197 3.68471e-05 0.000350076 2.65907e-05 4.6089e-05 -3.91412e-05 -0.00011383 -3.66617e-06 0.000243247 0.000180439 0.00159002 8.28146e-05 9.42298e-05 9.16804e-05 -0.000301327 0.000108678 0.000157667 2.76032e-06 0.000494533 -0.0002958 -0.00063167 -0.000244452 -0.000294761 -0.000192436 -0.000555706 4.74501e-05 0.000113729 -0.000344159 -4.85324e-05 -0.000279885 -0.000373693 -0.000321028 -0.000528039 -5.14403e-05 -0.000160595 -1.02627e-06 -0.000160829 0.000200375 -0.00128027 -7.19951e-05 0.000147986 -4.91116e-05 -8.21009e-05 -1.84872e-05 -0.0012532 0.000373902 -5.96038e-05 -0.000286629 -3.66805e-05 -0.000324382 -0.000378703 0.000161576 0.000300486 0.000139761 0.000553406 0.000141141 0.000646652 -0.000185919 -0.000781251 -0.00126947 -0.000660593
internal_weight=898223 131364 766859 24313 742546 652011 196346 90535 181434 27898 26656 1242 455665 30725 447676 94156 419418 268749 37208 12136 94010 12465 81545 72513 52089 20424 22419 21288 6167 153536 24903 29670 28211 15957 12254 28258 64765 31251 7483 634 24729 33514 17899 14520 13949 1030 15615 13726 395 24196 9871 9741 14325 15121 11774 3185 16323 3992 14966 3529 2159 4747
internal_count=898223 131364 766859 24313 742546 652011 196346 90535 181434 27898 26656 1242 455665 30725 447676 94156 419418 268749 37208 12136 94010 12465 81545 72513 52089 20424 22419 21288 6167 153536 24903 29670 28211 15957 12254 28258 64765 31251 7483 634 24729 33514 17899 14520 13949 1030 15615 13726 395 24196 9871 9741 14325 15121 11774 3185 16323 3992 14966 3529 2159 4747
is_linear=0
shrinkage=0.03


Tree=56
num_leaves=63
num_cat=0
split_feature=1 5 3 8 7 11 2 11 5 1 7 8 3 11 2 3 11 5 2 6 1 11 7 3 11 1 5 2 6 7 4 4 4 4 4 11 5 1 2 11 7 8 8 7 2 1 8 2 7 5 5 2 2 7 5 3 11 1 7 11 11 4
split_gain=7.69339 3.71103 3.25466 2.46231 2.90346 2.48831 3.3715 2.44425 2.62959 3.3723 2.5742 3.87989 2.41296 2.33119 2.32291 2.2381 2.21288 2.03394 2.12699 2.12868 2.19796 2.17771 3.33509 2.00046 1.99573 1.93447 2.64767 2.03042 1.87794 1.86705 1.82921 1.8274 1.81164 1.80559 2.39815 1.8683 1.77678 1.72843 1.72497 1.72322 1.69185 1.68483 1.66366 1.65837 1.6567 1.65085 1.98514 2.45361 1.61628 1.57974 2.20587 1.90053 2.49689 1.60315 1.5744 1.53727 1.52144 1.50808 1.50529 1.5021 1.70307 1.86242
threshold=0.29099821746880572 0.38057040998217473 0.23861480075901334 0.23861480075901334 -0.12678571428571425 -0.3507130124777183 -0.47014260249554363 0.24642857142857147 0.38057040998217473 0.46824596774193555 0.31534090909090917 0.38057040998217473 -0.29099821746880566 0.38057040998217473 0.48571428571428577 0.42488479262672812 0.23431372549019611 -0.26806722689075629 -1.0000000180025095e-35 -0.38057040998217462 -0.029857397504456314 0.46720430107526889 0.24642857142857147 -0.39447004608294928 0.48571428571428577 -0.10450089126559715 -0.057983193277310933 -0.41042780748663094 -0.47014260249554363 -0.27772177419354832 -0.078201368523949141 -0.44028520499108731 -0.24239631336405529 0.48571428571428577 0.47100840336134459 -0.26568627450980387 -0.25735930735930729 0.38057040998217473 0.48571428571428577 0.46922348484848492 0.12678571428571431 -0.37689393939393934 0.30322580645161296 -0.38057040998217462 0.072478991596638634 -0.30151515151515146 -0.27281105990783405 0.18376623376623377 -0.47100840336134447 -0.47014260249554363 -0.29705882352941171 -0.46824596774193544 -0.32085561497326193 -0.38403361344537806 0.30151515151515157 -0.23861480075901326 0.26568627450980398 -0.44028520499108731 0.32807881773399022 -0.078201368523949141 0.030330882352941183 0.19223484848484854
decision_type=2 2 2 2 2 2 2 2 2 2 2 2 2 2 2 2 2 2 2 2 2 2 2 2 2 2 2 2 2 2 2 2 2 2 2 2 2 2 2 2 2 2 2 2 2 2 2 2 2 2 2 2 2 2 2 2 2 2 2 2 2 2
left_child=1 2 3 5 16 6 -1 10 37 41 12 15 43 31 48 -12 23 18 19 20 -7 -21 29 -5 44 32 27 -27 45 -23 -3 -4 36 34 35 -17 -19 -9 57 -31 59 -10 -16 -2 -11 46 47 -20 -14 -18 51 -51 53 -53 -50 -30 -39 -34 -33 -28 61 -61
right_child=7 30 13 4 -6 17 -8 8 9 24 11 -13 14 -15 42 33 49 25 28 21 -22 22 -24 -25 -26 26 40 -29 55 39 -32 58 38 -35 -36 -37 -38 56 -40 -41 -42 -43 -44 -45 -46 -47 -48 -49 54 50 -52 52 -54 -55 -56 -57 -58 -59 -60 60 -62 -63
leaf_value=-0.0012090126617252802 -0.0028149641685781663 -0.0010753808513601969 -0.0012761965719083306 -0.0012633997036170196 1.5481582424902272e-05 -0.00022490015961684068 0.0002913078163805171 -4.9571818402206535e-05 0.0015932987131257249 0.00090047661987543981 -0.00047766120637846975 -0.00014225247986305215 -0.0027317627125401233 0.00024550699920813907 -0.00038763169734462902 -0.002138245235122961 0.0016251392349639958 0.00056001152236237765 -0.0002331358427576468 0.00013198295060395181 -0.0032085271118829643 -7.9275646619984325e-05 0.0031306986740884789 -0.00040066493195826464 0.00044240711165632879 -0.0012574668160978302 0.00034461928040922736 -0.00012902563646584081 -0.00057804270358624587 -0.004743879312130537 0.00062452591737085356 -0.0001009837618855237 -0.0027618227849840575 -0.0020247581566604214 0.00077026282019079632 -0.00078807551380902664 -5.2408836465003128e-05 0.00088406872145112302 0.0036749268712537074 -0.0011724460589763121 -5.9158365566820493e-05 0.00032450635927944405 -0.0022520913940083298 -0.00066111689407015158 -0.00033489442727529134 -0.0010142675476749342 0.00052737542024256694 0.0051861327077661248 0.00018896823524013805 -0.0041171739221317694 0.00038162969011345355 -0.00053926343918733657 -0.0009320673619713513 0.0031314612695390559 -0.00013862071098615929 -0.00010111144178735777 -0.00058183483255755115 0.00031177212593848347 -0.00044333848926537809 -2.2726119182319906e-05 0.0001814788753646939 -0.00089183031531196299
leaf_weight=1374 355 596 1314 3058 93993 18001 68787 17452 985 1032 20297 27268 201 14271 1054 1158 534 5021 117 77990 224 1821 206 11569 4375 1497 33420 34169 12149 129 12513 80639 143 1462 723 4532 28232 671 136 1916 35684 21116 728 3359 18035 382 928 209 18563 139 4056 188 2262 247 45728 12181 12354 65093 13492 10682 44613 2800
leaf_count=1374 355 596 1314 3058 93993 18001 68787 17452 985 1032 20297 27268 201 14271 1054 1158 534 5021 117 77990 224 1821 206 11569 4375 1497 33420 34169 12149 129 12513 80639 143 1462 723 4532 28232 671 136 1916 35684 21116 728 3359 18035 382 928 209 18563 139 4056 188 2262 247 45728 12181 12354 65093 13492 10682 44613 2800
internal_value=-1.40268e-08 4.71948e-05 3.76074e-05 6.62261e-05 -5.72055e-05 9.75072e-05 0.000261909 -0.000163301 -2.90716e-05 0.000115264 -0.000244655 -0.000397355 -0.000123691 -0.000112103 -8.19845e-05 -0.000644258 -0.000366995 6.77585e-05 -3.11251e-05 3.15316e-05 -0.000261745 9.66674e-05 -0.00057959 -0.000581107 -0.000135392 0.000115502 5.20039e-05 -0.000176423 -0.000273113 -0.000778051 0.000547164 -0.000165575 0.000220357 -0.00107353 -0.000856393 -0.00106318 4.0077e-05 -0.000244755 0.000312059 -0.00139994 0.000116055 0.000381124 -0.00115015 -0.000867693 -0.000267986 0.000710474 0.00123626 0.00324642 -5.24521e-05 5.47637e-05 -6.71289e-05 -0.000708844 -0.000531722 0.00154743 -4.40332e-05 -0.000339277 -0.000506255 0.000304992 -0.000150058 0.000184375 9.2187e-05 -0.000203278
internal_weight=898223 696775 683666 573950 116046 457904 70161 201448 76020 45543 125428 55440 69988 109716 66274 28172 22053 387743 126253 100287 18225 82062 4072 14627 23442 261490 162865 35666 25966 3866 13109 95445 98625 7875 6413 5690 33253 30477 65372 2045 127199 22101 1782 3714 19067 1636 1254 326 64492 7426 6892 2836 2697 435 64291 24330 13025 65236 94131 91515 58095 13482
internal_count=898223 696775 683666 573950 116046 457904 70161 201448 76020 45543 125428 55440 69988 109716 66274 28172 22053 387743 126253 100287 18225 82062 4072 14627 23442 261490 162865 35666 25966 3866 13109 95445 98625 7875 6413 5690 33253 30477 65372 2045 127199 22101 1782 3714 19067 1636 1254 326 64492 7426 6892 2836 2697 435 64291 24330 13025 65236 94131 91515 58095 13482
is_linear=0
shrinkage=0.03


Tree=57
num_leaves=63
num_cat=0
split_feature=0 8 11 11 6 8 3 10 5 11 7 5 4 9 11 10 10 7 8 5 8 11 8 9 4 9 11 11 5 8 6 0 4 8 6 8 0 5 8 10 8 4 3 7 9 5 10 5 9 4 3 5 8 7 5 8 11 10 4 10 5 11
split_gain=7.12067 2.54053 2.52128 2.2644 2.04015 2.06929 2.0455 3.13738 2.08857 2.03477 2.46229 2.36841 2.12756 2.06286 2.01472 1.99892 1.86003 1.81826 2.9985 2.36548 2.79981 2.02813 2.30203 1.83267 1.86584 1.73172 1.77869 1.72133 1.70557 1.70293 1.68318 1.64428 1.64103 1.63335 1.61845 2.07281 1.61348 1.6027 1.73325 1.61642 1.80909 3.33158 1.58624 1.8116 1.56704 1.56455 2.51557 2.70232 1.73842 1.80268 1.55966 1.48516 1.47848 1.49129 1.47292 1.98251 1.46619 2.01179 2.25922 3.09696 2.17078 1.45041
threshold=0.37689393939393945 0.014718614718614688 -0.46824596774193544 -0.47014260249554363 -0.38057040998217462 -0.30947580645161282 0.13246753246753248 0.43440860215053767 -0.47100840336134447 0.3550420168067227 -0.41042780748663094 0.47014260249554374 -0.30947580645161282 -0.31534090909090901 0.44201680672268912 -0.41302521008403353 0.40767045454545459 -0.044155844155844164 0.23861480075901334 -0.38403361344537806 0.47014260249554374 0.46720430107526889 0.3550420168067227 0.21651785714285718 0.35071301247771841 0.32555780933062883 0.47100840336134459 0.47100840336134459 0.39858260019550346 -0.44028520499108731 0.13095238095238096 0.20777988614800766 0.47014260249554374 -0.35960591133004921 0.3550420168067227 0.41042780748663105 0.2611408199643494 -0.046920821114369508 0.17694497153700192 -0.26166328600405669 0.35071301247771841 0.47014260249554374 0.436491935483871 -0.47014260249554363 0.050055617352613997 0.44028520499108742 -0.38403361344537806 0.436491935483871 -0.37689393939393934 0.44028520499108742 -0.45529953917050686 -0.22792207792207791 0.16190476190476191 0.48571428571428577 0.061553030303030283 -0.43844696969696967 0.48571428571428577 -0.442016806722689 0.48571428571428577 -0.38403361344537806 0.47014260249554374 0.078201368523949225
decision_type=2 2 2 2 2 2 2 2 2 2 2 2 2 2 2 2 2 2 2 2 2 2 2 2 2 2 2 2 2 2 2 2 2 2 2 2 2 2 2 2 2 2 2 2 2 2 2 2 2 2 2 2 2 2 2 2 2 2 2 2 2 2
left_child=2 16 3 -1 5 14 8 9 -6 34 12 25 -11 -13 -4 33 -2 18 29 -20 21 -21 -23 -19 -25 52 28 42 -27 30 -17 -26 36 -10 54 -36 -15 38 -29 40 41 -39 44 -44 -3 46 47 -45 -47 -50 51 -35 -12 -54 55 -8 -42 -58 59 -59 -60 -18
right_child=1 27 4 -5 6 -7 7 -9 15 10 11 13 -14 32 -16 17 61 23 19 20 -22 22 -24 24 31 26 -28 37 -30 -31 -32 -33 -34 50 35 -37 -38 39 -40 -41 56 -43 43 45 -46 48 -48 -49 49 -51 -52 -53 53 -55 -56 -57 57 58 60 -61 -62 -63
leaf_value=0.00013298197795946903 6.3287175390610163e-05 -0.00034781364481594211 0.00015892239534744926 0.00074933961354074774 -0.00040225099450113069 -0.00021114049356620721 -0.00096233492824865027 -0.00045559747896872338 -0.00076079736924712107 -0.0002799791948531162 -4.2887589241472772e-05 -0.0007206172219305757 0.002385003554931554 0.0043078425185234803 -0.00078687402060049517 -0.00016091086469496819 -0.0012007836018623045 0.00010460987027852221 -0.0009313954440061088 -0.00020757674945129937 0.0022097599222207025 0.0028143501018460552 -0.0007692330933992236 -4.2150587017471153e-05 -0.00083537124943895962 -0.00062996570813994644 -0.0024225190319067968 0.0015386457240258876 0.0022832890323749399 0.00023764293021910269 0.0012073631297037201 0.002677082677386821 0.00074411941352381589 -0.00040333098148267462 -0.00043503370364328907 0.0001789831272748778 0.001506444475383186 0.0013409044562761193 -0.0028103632953550132 -8.6428387489642254e-05 5.9222341014095871e-05 -0.0024818676076619503 -0.0031039151167006865 0.00055152564924543842 7.2380173009043108e-05 -0.00091054766415278544 -0.00068814216280079692 -0.0033287342986215787 0.00050544139023269493 -0.0002714196071425995 -2.1259801326484389e-05 -0.0028153854242298549 0.00053341765355805837 -0.0012454242224914931 7.3655723857630193e-05 -9.112428171729602e-05 -0.00091305952013782075 0.0046487011272944761 0.0072638466454497197 -0.00048697237967437984 0.0027373245973873576 1.6600408230192272e-05
leaf_weight=16323 35683 18646 28544 7990 7989 59810 2482 14912 3529 395 12826 430 847 307 2181 15088 1966 154436 3302 12275 481 428 258 68988 3711 1536 439 111 204 159474 854 123 916 685 18093 6810 468 466 314 5321 552 365 227 2437 13973 3185 23083 172 3134 18867 23699 345 9086 444 81997 44154 192 147 122 369 437 1595
leaf_count=16323 35683 18646 28544 7990 7989 59810 2482 14912 3529 395 12826 430 847 307 2181 15088 1966 154436 3302 12275 481 428 258 68988 3711 1536 439 111 204 159474 854 123 916 685 18093 6810 468 466 314 5321 552 365 227 2437 13973 3185 23083 172 3134 18867 23699 345 9086 444 81997 44154 192 147 122 369 437 1595
internal_value=-1.42051e-08 -0.000204097 3.49458e-05 0.000335559 2.51024e-05 -0.000108344 4.36323e-05 -3.73153e-05 7.85126e-05 -2.93456e-06 0.000232749 0.000171882 0.0015379 0.00113342 9.1762e-05 8.7093e-05 -1.96477e-06 0.000103548 0.000171476 -0.000212086 -3.53331e-05 -0.000118816 0.00146743 4.61094e-05 -7.79543e-05 8.87163e-05 -0.000718391 -0.000290207 -0.000287296 0.000208089 -8.75424e-05 -0.000722018 0.00160502 -0.000157128 -4.57603e-05 -0.000267124 0.00262028 0.000119291 -0.00167356 0.000215081 0.000820293 -0.000339136 -0.000331273 -0.000435597 -0.000167819 -0.000423631 -0.000588344 0.00029454 -0.000255592 -0.000160739 -7.09529e-05 -0.0012132 0.000167412 0.00045042 -2.90318e-06 -0.00013751 0.00134987 0.00191168 0.00241657 0.000982259 0.00373643 -0.000655656
internal_weight=898223 131364 766859 24313 742546 90535 652011 196346 455665 181434 27898 26656 1242 2121 30725 447676 39244 419418 192160 16744 13442 12961 686 227258 72822 24535 2179 92120 1740 175416 15942 3834 1691 28258 153536 24903 775 8396 425 7971 2650 831 83724 51105 32619 50878 25692 2609 25186 22001 24729 1030 22356 9530 128633 46636 1819 1267 1075 516 559 3561
internal_count=898223 131364 766859 24313 742546 90535 652011 196346 455665 181434 27898 26656 1242 2121 30725 447676 39244 419418 192160 16744 13442 12961 686 227258 72822 24535 2179 92120 1740 175416 15942 3834 1691 28258 153536 24903 775 8396 425 7971 2650 831 83724 51105 32619 50878 25692 2609 25186 22001 24729 1030 22356 9530 128633 46636 1819 1267 1075 516 559 3561
is_linear=0
shrinkage=0.03


Tree=58
num_leaves=63
num_cat=0
split_feature=2 4 0 11 11 11 8 11 8 6 0 4 11 10 6 11 11 9 0 8 10 4 11 1 8 6 2 2 9 0 10 2 6 9 1 8 0 6 10 8 10 11 11 10 0 3 8 11 8 3 8 8 9 10 11 6 8 6 2 4 0 9
split_gain=7.13031 2.7154 2.18313 2.16532 1.78811 2.43774 1.8739 2.32754 2.49584 2.81571 1.97172 2.39524 1.89555 1.84373 1.9348 1.79967 1.75409 2.17004 2.34675 4.86616 1.85676 1.71616 2.56559 3.03293 1.70936 1.68599 2.00371 1.817 3.48807 1.82427 1.77999 1.67602 1.66589 1.97862 1.63979 1.63013 1.61739 1.6039 3.01301 2.21268 2.52758 2.14776 2.09668 1.89036 1.93717 1.73055 1.94385 1.83922 2.58336 1.72663 1.59645 1.58756 1.54743 2.14172 2.15342 1.93647 1.90322 1.52029 1.52974 1.51983 1.69777 1.51677
threshold=0.3133928571428572 0.36405529953917054 -0.46922348484848481 0.13484848484848486 -0.46824596774193544 -0.47014260249554363 -1.0000000180025095e-35 0.44201680672268912 -0.26568627450980387 0.29705882352941182 0.4781385281385282 -0.32085561497326193 0.44028520499108742 -0.18857758620689652 0.21198156682027655 0.38403361344537817 0.41302521008403364 -0.47100840336134447 -0.3507130124777183 0.44201680672268912 -0.26568627450980387 -0.45529953917050686 0.38403361344537817 -0.47100840336134447 0.35960591133004927 -0.12284482758620689 -0.45529953917050686 -0.40161290322580639 -0.33095238095238094 -0.20777988614800755 -0.16190476190476188 0.41302521008403364 -0.38403361344537806 -0.27281105990783405 0.436491935483871 0.33602150537634418 -0.33847248576850092 0.23431372549019611 0.11527514231499054 0.26166328600405681 -0.37689393939393934 -0.25809822361546492 0.40767045454545459 0.48571428571428577 -0.32605042016806712 -0.47100840336134447 0.35071301247771841 -0.14611005692599616 0.15571120689655174 -0.32085561497326193 0.47014260249554374 -0.37298387096774188 -0.225705329153605 -0.46922348484848481 -0.26568627450980387 -0.12678571428571425 0.41302521008403364 0.37689393939393945 0.046920821114369467 -1.0000000180025095e-35 -0.45529953917050686 0.069047619047619038
decision_type=2 2 2 2 2 2 2 2 2 2 2 2 2 2 2 2 2 2 2 2 2 2 2 2 2 2 2 2 2 2 2 2 2 2 2 2 2 2 2 2 2 2 2 2 2 2 2 2 2 2 2 2 2 2 2 2 2 2 2 2 2 2
left_child=1 4 -3 31 5 13 7 12 25 -10 16 -12 34 14 -1 -13 21 -18 19 24 -21 22 52 -24 -19 27 30 28 29 -9 -27 -2 33 -20 -6 -35 -33 38 45 42 57 49 -39 -43 -45 46 -23 48 -47 -40 -46 -36 53 54 -8 56 -55 -41 -59 60 -26 -15
right_child=3 2 -4 -5 6 -7 10 8 9 -11 11 15 -14 61 -16 -17 17 18 32 20 -22 37 23 -25 59 26 -28 -29 -30 -31 -32 36 -34 35 51 -37 -38 39 41 40 -42 43 -44 44 50 47 -48 -49 -50 -51 -52 -53 -54 55 -56 -57 -58 58 -60 -61 -62 -63
leaf_value=0.0010702233286753653 -0.0001686025432956028 -0.0023303659070850976 -0.00016697067427785803 -6.9969718269928351e-05 0.00010423350824196227 0.00078969087247944385 -0.0027606338702630953 0.0016511766972097078 -6.9859611742664795e-05 0.0016128516496772733 -0.0041246272936327063 -0.001207301654644643 0.00096509141167090912 -0.00049051042769759088 -0.00050554966205428303 0.00165126817231765 -0.0029011668434482394 0.00090170000191583941 -0.0037601456343987253 0.0077586851245723659 0.0028702632386342318 -0.0016419175061483861 0.0056394167410829489 1.2205869283118262e-05 0.00098350348110908437 -0.006761616632405632 -0.00092372019777126166 -0.0006398426565296534 -0.00018913867297073978 0.0060717270187270519 -0.0014109286813437938 0.00012811478144925787 0.00020909346285614595 0.00034647494493204818 0.0046795984662200947 -0.0033140412480604613 -0.00051378562145172081 -0.00024212287898240509 -0.00051056324481131002 0.00012625983213176894 -3.8663898673483e-05 -0.00024585346442858563 -0.0020165455614216243 0.0021809174329121936 0.00028583831965940649 0.00029300622016009817 0.0015431500099072771 0.00027864949482272219 -0.0001951168445297209 0.00030425666834298895 -0.0033979136175945946 0.00074068113521207123 -0.00025337359034926382 -0.0019348509131872594 0.0023529580488841056 -0.00069270522163526554 -0.0059501926889643066 0.001865726416375993 0.00025568224958349148 0.0022229608961829273 -0.0031365393657925658 0.00020081694123443079
leaf_weight=2892 51912 423 42527 98011 334732 6902 100 290 7739 1011 204 957 2330 4678 925 249 192 3141 198 105 212 890 132 245 133 102 3089 4001 1477 118 124 3999 15488 561 132 135 30281 42108 2755 2020 44451 50286 607 491 3702 16988 213 56512 22926 15528 108 301 5861 953 278 1406 119 1408 853 106 275 7331
leaf_count=2892 51912 423 42527 98011 334732 6902 100 290 7739 1011 204 957 2330 4678 925 249 192 3141 198 105 212 890 132 245 133 102 3089 4001 1477 118 124 3999 15488 561 132 135 30281 42108 2755 2020 44451 50286 607 491 3702 16988 213 56512 22926 15528 108 301 5861 953 278 1406 119 1408 853 106 275 7331
internal_value=-1.34838e-08 4.29181e-05 -0.000188331 -0.000166427 5.77188e-05 0.000319264 4.85497e-05 9.48476e-05 -0.000238012 0.000124728 -7.63555e-06 -0.00112638 0.000112553 0.000114065 0.000688323 -0.00061622 -2.22001e-06 0.000265019 0.000295027 0.000949129 0.00450876 -2.24863e-05 -0.000427607 0.00199218 0.000639251 -0.000582947 -0.00112398 -0.000278099 0.000489651 0.00294139 -0.00384499 -0.000276109 0.000136385 -0.00112208 0.000106623 -0.000367275 -0.000438902 -8.41472e-06 4.59777e-05 -0.000109767 2.83924e-05 -9.99636e-05 -0.000267385 -0.000194221 0.000409367 0.000155019 -0.00102601 0.000168539 1.26378e-05 0.000181453 0.000180553 0.00194948 -0.000532477 -0.00110495 0.000996441 -0.00142578 -0.00238571 0.000724505 0.00125869 -0.000963182 -0.00179437 -6.8502e-05
internal_weight=898223 714020 42950 184203 671070 22728 648342 355446 17951 8750 292896 1410 337495 15826 3817 1206 291486 20546 20354 3972 317 270940 9094 377 3655 9201 3315 5886 1885 408 226 86192 16382 894 335165 696 34280 261846 170399 91447 48732 72870 42715 54587 4301 97529 1103 96426 39914 18283 3810 433 8717 2856 378 2478 1072 4281 2261 514 408 12009
internal_count=898223 714020 42950 184203 671070 22728 648342 355446 17951 8750 292896 1410 337495 15826 3817 1206 291486 20546 20354 3972 317 270940 9094 377 3655 9201 3315 5886 1885 408 226 86192 16382 894 335165 696 34280 261846 170399 91447 48732 72870 42715 54587 4301 97529 1103 96426 39914 18283 3810 433 8717 2856 378 2478 1072 4281 2261 514 408 12009
is_linear=0
shrinkage=0.03


Tree=59
num_leaves=63
num_cat=0
split_feature=2 1 5 9 7 3 11 11 11 10 4 11 11 10 10 6 7 5 2 11 3 5 6 4 10 7 10 5 11 7 2 11 9 7 1 1 5 11 10 10 10 4 9 3 1 9 2 10 4 4 2 11 5 11 4 2 10 9 10 10 9 5
split_gain=6.74836 2.05269 4.2199 1.96074 2.12471 1.92865 2.56841 2.09891 1.95701 4.65527 2.76603 2.06911 3.31918 2.33714 2.88033 1.89388 2.15389 1.89376 2.14034 1.85718 2.41495 1.97329 2.51571 1.79358 1.78985 1.78289 2.03787 1.75557 2.02852 1.85841 2.61446 2.36307 1.74364 1.73397 1.7934 2.14823 2.48666 1.72747 2.50327 1.70504 1.68996 1.71686 1.67177 1.65399 1.64479 1.65082 2.06602 2.33238 1.64319 1.6395 1.63635 1.63566 2.34967 2.16616 1.86024 1.71079 2.05772 1.6939 1.59977 1.59446 1.71152 1.59325
threshold=0.24217986314760512 0.2573593073593074 0.23193277310924373 0.436491935483871 0.21198156682027655 0.2611408199643494 0.38057040998217473 0.43218390804597706 0.22144396551724141 0.24642857142857147 -0.442016806722689 0.33095238095238105 0.38403361344537817 -0.47014260249554363 -0.29705882352941171 -0.32807881773399011 0.40767045454545459 -0.33847248576850092 0.086974789915966425 0.13484848484848486 0.42488479262672812 -0.29705882352941171 -0.47014260249554363 -0.42488479262672801 -0.47100840336134447 -0.28456439393939387 0.16190476190476191 -0.13435828877005343 0.41302521008403364 0.31534090909090917 -0.29222011385199237 0.46824596774193555 -0.47100840336134447 -0.46824596774193544 0.436491935483871 0.42535650623885923 0.42535650623885923 0.37689393939393945 0.436491935483871 -0.27281105990783405 -0.20777988614800755 -0.40767045454545447 -0.26568627450980387 -0.47014260249554363 -0.014495798319327733 -0.08342602892102334 -0.442016806722689 -0.35504201680672259 -0.32085561497326193 -0.26114081996434929 -0.46824596774193544 -0.25378787878787873 0.47100840336134459 -0.090992647058823525 0.23861480075901334 0.47100840336134459 0.10303030303030304 -0.31534090909090901 -0.193312434691745 0.15571120689655174 0.17156862745098042 0.3550420168067227
decision_type=2 2 2 2 2 2 2 2 2 2 2 2 2 2 2 2 2 2 2 2 2 2 2 2 2 2 2 2 2 2 2 2 2 2 2 2 2 2 2 2 2 2 2 2 2 2 2 2 2 2 2 2 2 2 2 2 2 2 2 2 2 2
left_child=1 2 5 -4 -5 8 23 -8 10 11 -1 15 17 -14 -15 25 32 18 -13 20 -2 22 -21 39 -24 50 43 29 -29 -16 -31 -32 -17 -23 35 61 -37 38 -11 -7 41 -18 -20 -27 45 46 47 -34 -3 -22 -10 52 54 -53 -51 -55 57 -57 -52 60 -36 -35
right_child=19 48 3 4 -6 6 7 -9 9 37 -12 12 13 14 27 16 40 -19 42 21 49 33 24 -25 -26 26 -28 28 -30 30 31 -33 44 34 59 36 -38 -39 -40 -41 -42 -43 -44 -45 -46 -47 -48 -49 -50 51 58 53 -54 55 -56 56 -58 -59 -60 -61 -62 -63
leaf_value=-0.00023678735322224642 -0.00015198730009689267 -0.0038384473680385519 0.00042830177763165863 -0.00086192101624972496 0.00075689422177003499 -0.0031499544984585235 0.0011553768930543775 2.1697909913527306e-05 0.00055754386347721353 -0.00084874085964165924 0.00012123204128759121 0.00025194752305491788 -0.0016559045608323119 0.00057341380233127319 -0.0003571680450398913 -0.0024046768897355558 0.0052993486664371977 0.00080933665047690608 0.00097160565720584525 0.00086008367652363343 -0.0033690716164439158 -0.00090979693608896691 -0.0040659062505160335 -0.00017425588159153654 -0.00062827381219410455 -0.0019794262897810094 -0.0021272488425760953 -0.00048576394287688812 0.00048676572270991536 0.0023948718318143373 -0.0025789190146178953 0.0019527230678720335 0.0031704491098046212 -1.1299048292408712e-05 -0.00011595991501287487 -0.00094682053157032044 0.0045823829714208841 -8.127694735079262e-05 -5.3167152727207841e-05 -0.0006063818846028747 0.00035889265171966812 0.0014193024650904472 -0.003589528584416257 0.00077684325606210819 -0.00042517503318032597 0.0003976668911678817 -0.00033032195093466685 0.00014839487054619293 -8.3153631537534191e-05 0.00054770397781338871 -0.0016857369242093336 0.0001462990208916777 0.00015094538669277251 -0.00035995299879446003 -0.0014692578793197865 -0.0019355288344052779 -0.0024881494673471781 -1.1121821664230911e-05 -0.0005532520411559909 -0.00050052345864291261 0.00077779088696335616 0.00030413911983504454
leaf_weight=20584 103055 104 37264 2232 1083 343 2336 3961 660 10785 343678 4014 721 7834 15159 280 146 9808 103 1075 176 1925 138 44308 7163 218 307 2619 7332 536 255 173 328 51001 29346 115 199 9818 5313 766 822 344 239 1863 6875 9400 8173 763 83542 460 1967 5832 1421 8476 3869 627 814 1195 2617 9514 2063 20086
leaf_count=20584 103055 104 37264 2232 1083 343 2336 3961 660 10785 343678 4014 721 7834 15159 280 146 9808 103 1075 176 1925 138 44308 7163 218 307 2619 7332 536 255 173 328 51001 29346 115 199 9818 5313 766 822 344 239 1863 6875 9400 8173 763 83542 460 1967 5832 1421 8476 3869 627 814 1195 2617 9514 2063 20086
internal_value=-1.31617e-08 5.08482e-05 7.13475e-05 0.000366103 -0.00033299 4.85836e-05 -0.000125374 0.000442376 6.75734e-05 -4.36522e-05 0.000101 6.53012e-05 0.000191309 3.3059e-05 6.902e-05 -0.000111563 5.88533e-06 0.00057818 5.76382e-05 -0.000132957 -0.00021388 -4.9855e-05 -0.00049429 -0.000204099 -0.000693798 -0.000529026 0.000150418 -8.25426e-05 0.000230783 -0.000275927 0.00100064 -0.000746922 -5.43901e-05 -1.72678e-05 -1.96378e-06 8.87876e-05 0.00256078 -0.000394919 -0.000586189 -0.00139521 0.00119119 0.00258384 -0.00221703 0.000487292 -2.85293e-05 0.000117593 -0.000166606 0.00105902 -8.78686e-05 -0.000492756 -0.0008384 -0.000470302 -0.000907476 -0.000321901 -0.00125486 -0.000567621 -0.00123499 -0.000674061 -0.00103946 -0.000160302 -5.72339e-05 7.78327e-05
internal_weight=898223 649673 566027 40579 3315 525448 51714 6297 473734 109472 364262 83556 48793 34629 33908 34763 27131 14164 4356 248550 125925 122625 8376 45417 7301 7632 2388 26074 9951 16123 964 428 25819 114249 112324 71401 314 25916 16098 1109 1312 490 342 2081 25539 18664 9264 1091 83646 22870 5244 22694 5750 16944 4329 11112 2636 1822 4584 40923 31409 71087
internal_count=898223 649673 566027 40579 3315 525448 51714 6297 473734 109472 364262 83556 48793 34629 33908 34763 27131 14164 4356 248550 125925 122625 8376 45417 7301 7632 2388 26074 9951 16123 964 428 25819 114249 112324 71401 314 25916 16098 1109 1312 490 342 2081 25539 18664 9264 1091 83646 22870 5244 22694 5750 16944 4329 11112 2636 1822 4584 40923 31409 71087
is_linear=0
shrinkage=0.03


Tree=60
num_leaves=63
num_cat=0
split_feature=2 3 11 10 2 3 11 9 11 11 10 6 9 0 4 5 3 4 5 3 5 4 11 2 7 11 2 3 11 9 0 7 2 10 0 0 5 7 9 11 2 11 2 10 3 4 9 7 10 10 7 5 2 4 3 5 5 11 10 10 7 5
split_gain=6.39966 2.75566 2.1562 2.45431 2.59491 2.4437 2.13455 2.08649 2.26767 3.15354 2.97462 3.8161 2.02586 1.9789 2.07775 2.5176 1.88985 1.85679 1.88676 1.78465 2.89029 1.80573 1.73574 4.28633 4.16261 2.63411 2.18534 1.9479 1.71768 1.70556 1.70455 1.88561 1.70541 1.93502 1.68224 1.62767 1.62533 2.23205 1.61176 1.68434 2.1803 3.64588 2.64145 2.04262 1.68605 2.64253 1.56653 1.68288 1.5454 1.53618 1.53275 1.52309 2.75008 2.43217 1.91175 1.64021 1.65117 1.51586 1.48447 2.00459 2.23428 1.66222
threshold=0.3928571428571429 0.27281105990783416 0.35071301247771841 -0.11527514231499052 -0.44028520499108731 0.45529953917050697 -0.46720430107526878 -0.14611005692599616 -0.46824596774193544 -0.030330882352941176 -0.12284482758620689 0.22570532915360506 0.31534090909090917 0.38982683982683985 -0.39447004608294928 -0.40473790322580638 0.44201680672268912 -0.11527514231499052 -0.26806722689075629 -0.35504201680672259 0.4781385281385282 0.21198156682027655 0.060661764705882366 -0.47100840336134447 0.23431372549019611 0.32807881773399022 -0.47100840336134447 -0.37298387096774188 -0.47014260249554363 -0.15669642857142854 -0.47014260249554363 -0.29705882352941171 -0.18660714285714283 -0.32085561497326193 0.015640273704789823 0.37119815668202771 -0.27346041055718467 -0.46922348484848481 -0.47014260249554363 0.41302521008403364 -0.014928698752228157 0.40161290322580651 -0.32085561497326193 -0.46922348484848481 0.47014260249554374 0.43844696969696978 0.3550420168067227 0.22570532915360506 -0.18660714285714283 -0.24642857142857141 0.087221095334685597 0.46922348484848492 0.47100840336134459 -0.39447004608294928 0.3336405529953918 0.44028520499108742 -0.19848484848484846 0.27772177419354843 -0.34122983870967738 -0.090992647058823525 -0.25809822361546492 0.096875000000000003
decision_type=2 2 2 2 2 2 2 2 2 2 2 2 2 2 2 2 2 2 2 2 2 2 2 2 2 2 2 2 2 2 2 2 2 2 2 2 2 2 2 2 2 2 2 2 2 2 2 2 2 2 2 2 2 2 2 2 2 2 2 2 2 2
left_child=1 6 5 38 -5 17 48 8 -2 51 -11 29 -7 16 -15 -16 -9 -3 -19 20 21 22 26 24 -24 -25 -8 -28 -20 -12 -27 32 -32 -34 57 -21 37 -35 50 40 41 -40 -43 -41 45 -42 -33 -48 -1 -26 -4 52 54 -54 -10 56 -55 -30 61 60 -60 -23
right_child=7 2 3 4 -6 12 19 13 9 10 11 -13 -14 14 15 -17 -18 18 28 35 -22 58 23 25 49 30 27 -29 34 -31 31 46 33 36 -36 -37 -38 -39 39 43 44 42 -44 -45 -46 -47 47 -49 -50 -51 -52 -53 53 55 -56 -57 -58 -59 59 -61 -62 -63
leaf_value=0.00068849855931073646 0.0014598727334695859 -0.00047652895655217654 0.00068838778023072394 0.0020258172847190874 -0.00017207008269500132 -0.00031867536870859483 -0.00080983929686680015 1.9686264779619695e-05 -0.00039723340976521431 -0.00012337174883104006 0.00017813218233481506 -0.0014938877266003855 -0.0011676768933869845 0.0035115463656984502 -0.0047686708228368508 -0.0003005983728932026 0.0020760872879672532 0.0012767007878186831 -0.001050094415129836 6.4732128114243474e-05 -0.004174554009450139 -0.0038147547279421073 0.00045469606826502833 -0.00043340628436488033 0.0056945363096892829 0.00068403986269023891 0.00021573295691243921 -0.00037249018345540972 0.0015539771821400942 -0.0027719048969447615 -9.4722267802170338e-05 0.00032193857858479099 0.00040867270193035331 -0.00028899574736109272 -5.6557616257159154e-05 0.00076301982306054006 -0.00040815082685214527 -0.0030288655207692094 -0.00094538318944871144 0.0025923422066280355 0.0015180521703369036 0.0050046764181986931 0.00044091596238131662 0.00012684348680269575 0.0028058284824912247 -0.00097076416626867758 -0.00027280177423911995 -0.0034744993955113882 0.00016311257433559518 0.0021552908849226285 -0.0028884830358533223 -0.00022419552480322375 -0.0054707362026319862 0.0012363999631376035 -0.0015190346587442001 0.0014413338927393355 -0.0024030110795484898 -0.0013531335607385793 -0.0020172804969747524 -0.00073271604276762073 0.00080281999951071408 -0.00095203392222995584
leaf_weight=7706 597 9903 192 499 14609 14289 2273 34188 4061 27341 2641 3570 3073 127 113 26043 406 961 1546 512521 153 219 2687 25269 179 3053 40759 5785 991 188 4287 8112 611 388 93235 3021 743 863 1056 316 2164 185 296 6582 629 466 583 197 14557 291 244 2561 177 123 2061 131 1214 192 292 3779 1845 1080
leaf_count=7706 597 9903 192 499 14609 14289 2273 34188 4061 27341 2641 3570 3073 127 113 26043 406 961 1546 512521 153 219 2687 25269 179 3053 40759 5785 991 188 4287 8112 611 388 93235 3021 743 863 1056 316 2164 185 296 6582 629 466 583 197 14557 291 244 2561 177 123 2061 131 1214 192 292 3779 1845 1080
internal_value=-1.32895e-08 2.92062e-05 -8.58989e-05 0.00015582 -9.93471e-05 -0.000138915 5.63877e-05 -0.000219467 -0.00037519 -0.000400083 -0.000259659 -0.000841865 -0.000469004 -0.000105209 -0.000301436 -0.000320083 4.38798e-05 -8.5264e-05 -4.52833e-05 4.60071e-05 -6.77099e-05 -6.15866e-05 -2.72117e-05 -0.0001568 0.000910888 -0.000233242 9.82521e-05 0.000142616 -5.8535e-05 -1.88215e-05 3.52794e-05 -9.02416e-05 -0.000462656 -0.00106789 -4.22883e-05 6.88255e-05 -0.00152031 -0.00218 0.000473615 0.000540423 0.000972162 4.06709e-05 0.00220295 0.000240148 0.00141132 0.00107687 0.000198428 -0.00108485 0.00034499 0.00351244 -0.00131538 -0.000858755 -0.00106793 -0.00215667 -0.000775079 -0.00175363 -0.00206752 0.00108141 -0.000519279 -0.000317513 0.000416718 -0.00143723
internal_weight=898223 792681 151428 27238 15108 124190 641253 105542 44665 44068 33740 6399 17362 60877 26283 26156 34594 106828 96925 618990 103448 103295 96080 47263 3157 44106 48817 46544 95964 2829 18837 15784 6892 2605 94418 515542 1994 1251 12130 11694 4796 1537 481 6898 3259 2630 8892 780 22263 470 436 10328 7767 1645 6122 1468 1337 1183 7215 5916 2137 1299
internal_count=898223 792681 151428 27238 15108 124190 641253 105542 44665 44068 33740 6399 17362 60877 26283 26156 34594 106828 96925 618990 103448 103295 96080 47263 3157 44106 48817 46544 95964 2829 18837 15784 6892 2605 94418 515542 1994 1251 12130 11694 4796 1537 481 6898 3259 2630 8892 780 22263 470 436 10328 7767 1645 6122 1468 1337 1183 7215 5916 2137 1299
is_linear=0
shrinkage=0.03


Tree=61
num_leaves=63
num_cat=0
split_feature=1 5 2 2 7 3 5 1 5 7 8 1 4 8 1 5 7 5 4 9 10 9 5 9 2 7 1 0 0 8 9 2 10 7 5 7 2 2 8 3 7 7 10 9 9 1 8 7 8 4 8 4 1 7 10 9 8 5 0 5 10 7
split_gain=6.14217 4.00746 4.12801 2.69545 3.0781 2.12984 2.20995 2.0567 3.0772 3.30417 2.143 1.91307 1.88606 1.75841 2.39645 1.92305 1.83223 1.63874 1.6242 1.53615 1.51857 2.63814 2.14935 1.55628 3.41521 1.8893 2.43255 1.55997 1.51225 1.62936 1.49021 1.49235 1.39969 1.35288 2.33141 1.75988 2.12075 1.67691 1.40256 1.55749 1.7254 1.73939 1.3899 1.37629 1.35044 1.44464 3.38297 1.54302 1.72469 1.34673 1.3443 3.17121 2.22262 1.92842 1.68117 2.79003 1.88868 2.79246 1.78172 1.69626 1.46355 1.46141
threshold=0.40767045454545459 0.41302521008403364 -0.030776515151515135 0.48571428571428577 -0.14076246334310846 0.22301136363636367 -0.26806722689075629 0.089572192513369023 0.092329545454545484 -0.3507130124777183 0.22570532915360506 0.32085561497326209 0.26806722689075635 0.40767045454545459 0.44870129870129877 0.44028520499108742 0.37689393939393945 -0.47100840336134447 0.35071301247771841 0.38403361344537817 0.12284482758620692 -0.24239631336405529 -0.11942959001782531 0.23861480075901334 0.38403361344537817 0.32085561497326209 0.44201680672268912 0.4781385281385282 -0.41042780748663094 0.11527514231499054 -0.33602150537634407 0.29099821746880572 0.31534090909090917 -0.46824596774193544 -0.44028520499108731 -0.442016806722689 0.43844696969696978 0.12678571428571431 -0.20777988614800755 0.45529953917050697 -0.17156862745098037 0.47014260249554374 -0.43218390804597695 0.21198156682027655 -0.442016806722689 -0.46922348484848481 -0.29705882352941171 -0.47100840336134447 -0.21651785714285712 0.32605042016806729 0.023326572008113614 0.46922348484848492 0.47100840336134459 -0.39113300492610831 0.30322580645161296 0.06458333333333334 0.27772177419354843 0.4781385281385282 0.18376623376623377 0.44028520499108742 0.015640273704789823 0.48571428571428577
decision_type=2 2 2 2 2 2 2 2 2 2 2 2 2 2 2 2 2 2 2 2 2 2 2 2 2 2 2 2 2 2 2 2 2 2 2 2 2 2 2 2 2 2 2 2 2 2 2 2 2 2 2 2 2 2 2 2 2 2 2 2 2 2
left_child=1 2 17 -3 -5 6 -4 10 9 -9 -8 -11 30 14 15 19 -17 -1 -10 -2 21 22 -15 24 32 -25 27 -27 29 -16 31 -12 -22 34 -7 36 -35 -36 42 -40 43 -42 -37 -41 45 46 -19 48 -47 -39 51 -30 -53 -54 55 58 57 -56 -52 60 -60 -57
right_child=13 3 5 4 -6 33 7 8 18 11 12 -13 -14 20 28 16 -18 44 -20 -21 23 -23 -24 25 -26 26 -28 -29 50 -31 -32 -33 -34 35 37 38 -38 49 39 40 41 -43 -44 -45 -46 47 -48 -49 -50 -51 54 52 53 -55 56 61 -58 -59 59 -61 -62 -63
leaf_value=-0.00030753428822774266 -0.00023580354045306214 0.00048548703449996766 -0.00019893065690657923 -0.0050461971971435017 -0.0001452138068224179 -0.0045547364567205106 0.00020086388088253051 -0.0017375677183003087 7.0936771497972793e-05 -0.0003780276801684164 0.00092405874623498511 0.00060988857857602341 0.0025642495317250427 0.0040128787006072416 -0.0034271565464607206 0.00041251609773590133 -0.00040524680627393781 0.0025052149723149958 -0.0003268493767653909 -0.0010999722860239852 0.0002103082623468267 0.00030255284521544504 -0.00031880211214960517 0.0015067538185962355 -0.0010893261135193047 -0.00089089006459420615 0.00022921243521833168 -0.0041187848596600813 0.00086501389623715294 -0.00078758491591827918 -0.00021673444181750909 -0.00032809359041940684 0.0028051268630053688 0.00039845147015065042 0.0011954990097636309 0.0010731395511368717 0.0039540247927204921 -0.0013741135652681022 -0.00017273277229399494 0.00084361663592551217 -0.00097179183528450157 0.0010580509753453863 6.4758415285284757e-07 -0.0014346897398297607 0.00010545382208191535 -0.0043585508118267171 -0.0023805250695211055 -6.9761707098466271e-05 0.00038504112939365576 0.0016122178677685361 0.00010005134550060565 -0.0012708241578801265 -0.0027294844077259766 3.4433864019744444e-05 -0.0015866518714707999 -2.3588429092628398e-05 -0.0023825368191128116 0.0017824863941119662 -0.0012248932728621419 -0.00066836179318765653 -0.0030059341184703694 0.0018537517230439368
leaf_weight=9364 24923 21036 44443 166 373 147 82236 1506 72978 17825 2207 1957 235 103 326 8048 3554 158 10576 1999 1004 16597 11898 660 4458 1338 3531 149 1992 593 23426 1399 229 670 360 1146 194 1372 83046 1071 5752 406 20971 306 372526 159 646 14311 121 150 1803 2233 239 4257 723 3114 1000 318 2296 6669 507 423
leaf_count=9364 24923 21036 44443 166 373 147 82236 1506 72978 17825 2207 1957 235 103 326 8048 3554 158 10576 1999 1004 16597 11898 660 4458 1338 3531 149 1992 593 23426 1399 229 670 360 1146 194 1372 83046 1071 5752 406 20971 306 372526 159 646 14311 121 150 1803 2233 239 4257 723 3114 1000 318 2296 6669 507 423
internal_value=-1.32039e-08 2.85266e-05 1.72514e-05 0.000431784 -0.00166116 -5.42267e-05 -6.40437e-06 3.35154e-05 -6.14563e-05 -0.000383441 0.000124444 -0.000280269 -0.000106032 -0.000215653 -0.000311914 -0.000160868 0.000162 8.46082e-05 2.0583e-05 -0.000300008 -5.90537e-05 5.75435e-05 -0.000281294 -0.000352326 -0.000702875 -9.11592e-07 -0.00019947 -0.00121688 -0.00053154 -0.00172664 -0.00012934 0.000438312 0.000694116 -0.000161291 -0.000928935 -0.000147568 0.00120046 -0.000643461 -0.000157913 -0.000210209 -0.000623167 -0.000837813 5.62651e-05 0.000336653 9.40748e-05 -0.000181261 -0.00141847 -0.000112995 -0.00231457 -0.00107893 -0.000488528 -0.000186139 -0.000497396 -0.000113066 -0.000644987 -0.000533691 -0.00145203 -0.00055674 -0.000764285 -0.000928805 -0.001548 0.000201389
internal_weight=898223 793239 771664 21575 539 374379 258788 214345 104842 21288 109503 19782 27267 104984 65017 38524 11602 397285 83554 26922 39967 28598 12001 11369 5691 5678 5018 1487 26493 919 27032 3606 1233 115591 2029 113562 864 1882 112698 90581 7535 6158 22117 1377 387921 15395 804 14591 280 1522 25574 8721 6729 4496 16853 14812 2041 1041 11275 9472 2803 3537
internal_count=898223 793239 771664 21575 539 374379 258788 214345 104842 21288 109503 19782 27267 104984 65017 38524 11602 397285 83554 26922 39967 28598 12001 11369 5691 5678 5018 1487 26493 919 27032 3606 1233 115591 2029 113562 864 1882 112698 90581 7535 6158 22117 1377 387921 15395 804 14591 280 1522 25574 8721 6729 4496 16853 14812 2041 1041 11275 9472 2803 3537
is_linear=0
shrinkage=0.03


Tree=62
num_leaves=63
num_cat=0
split_feature=2 0 3 11 11 11 11 8 10 6 5 2 11 11 11 8 1 3 9 5 11 6 6 11 2 11 11 8 2 2 2 9 2 11 11 11 2 10 5 5 1 9 11 11 9 5 1 5 1 6 8 8 10 8 11 0 5 11 8 10 8 2
split_gain=5.78899 2.31068 2.02899 3.24305 1.86849 2.27709 2.41015 2.08488 2.10486 2.44277 2.42453 3.18986 2.5846 2.17078 1.86014 2.04943 1.81765 1.77585 1.74241 1.69553 1.86037 1.80383 1.76295 2.67483 2.22462 2.0625 1.72259 2.78342 1.58739 1.58456 1.55422 1.55411 1.83006 1.55252 1.55176 1.55258 1.90846 1.49844 1.57931 1.52414 1.5687 1.48079 2.13727 2.64326 2.39389 2.17355 2.36522 2.47022 2.73551 2.65299 2.52459 2.10578 2.3912 1.8956 1.78553 1.89844 1.78446 1.74376 3.35283 3.26079 2.40887 2.96299
threshold=0.11942959001782534 0.40473790322580649 0.44201680672268912 -0.10948191593352884 -0.25378787878787873 -0.090992647058823525 -0.096874999999999975 -0.14076246334310846 -0.15111561866125756 0.32807881773399022 0.42535650623885923 0.47014260249554374 0.30322580645161296 -0.044155844155844164 0.48571428571428577 0.1885775862068966 0.43844696969696978 0.32605042016806729 -0.23030303030303029 -0.47100840336134447 -0.24642857142857141 -0.44028520499108731 0.44201680672268912 0.47014260249554374 -0.38057040998217462 0.46720430107526889 0.030330882352941183 0.35071301247771841 -0.45529953917050686 -0.47014260249554363 -0.45529953917050686 -0.442016806722689 0.29099821746880572 -0.21198156682027647 0.41302521008403364 0.33602150537634418 -0.37321428571428567 -0.442016806722689 0.47100840336134459 0.29705882352941182 0.44201680672268912 0.3550420168067227 0.28456439393939398 0.27772177419354843 -0.47100840336134447 -0.26806722689075629 0.059714795008912643 0.33602150537634418 0.44870129870129877 0.47857142857142865 0.16190476190476191 0.38403361344537817 -0.47014260249554363 0.30947580645161293 0.32085561497326209 -1.0000000180025095e-35 0.47014260249554374 0.26904761904761915 0.44201680672268912 0.3550420168067227 -0.046920821114369508 0.46922348484848492
decision_type=2 2 2 2 2 2 2 2 2 2 2 2 2 2 2 2 2 2 2 2 2 2 2 2 2 2 2 2 2 2 2 2 2 2 2 2 2 2 2 2 2 2 2 2 2 2 2 2 2 2 2 2 2 2 2 2 2 2 2 2 2 2
left_child=19 2 41 -4 17 6 -6 -7 9 14 -10 -12 18 -11 -9 -16 -17 -3 -13 26 29 33 -23 25 -25 34 28 -28 -1 -21 -29 32 -15 -22 35 -24 -37 -19 39 40 -39 42 43 -2 -44 54 51 49 56 -48 -50 52 -47 -45 -46 -56 -49 60 -59 -60 61 -43
right_child=1 4 3 -5 5 7 -8 8 10 13 11 12 -14 31 15 16 -18 37 -20 20 21 22 23 24 -26 -27 27 30 -30 -31 -32 -33 -34 -35 -36 36 -38 38 -40 -41 -42 57 44 53 45 46 47 48 50 -51 -52 -53 -54 -55 55 -57 -58 58 59 -61 -62 -63
leaf_value=-0.0016621248069919122 -8.0969513104046736e-05 0.00096739987679757169 -0.0019243089693833746 0.0016059063328876717 0.00019152974905248425 0.00022125005353389711 0.0037659461228001989 -0.00075854691441576698 -0.00072631539740613724 -0.0016023468929467005 0.00012322617429465509 -0.0032752629976545897 -0.0002509532869136776 -0.0039507638803070837 -0.0019915835803840307 -0.00011015131364803056 0.0049179188515931652 -0.0023692338772053926 -0.0011061769417251349 -0.00055863804416421208 0.0010305684416893842 6.2107614504264795e-05 -0.00030113399937684059 0.0046126525265709406 0.00060646270927445026 -0.0033943691738941104 -0.00015572102893891268 0.0048056742588058112 -0.0004160830252016256 0.00017494308520047037 0.0010708164352485363 0.00027906437495605181 -0.00039973697664884425 -0.00030694343878077046 0.0010040133294668559 0.00047169265149458621 -0.0021044231935141845 -0.00041503485905125379 0.00021492848608806639 -0.0011082860471422909 0.002408605874437655 0.00014532032543019039 -0.0014125088903647438 -0.001285441034158698 0.00082481189923877941 0.0037928413944866724 -0.00014532463494264288 0.00044852059353881764 -0.0013957279302389454 0.0030856389551258694 0.00013266325869551617 -0.00036392254759624708 0.00064163433978925758 -0.0057802359688035937 -0.00020861532347585165 -0.0013510537596753993 0.0014955674308255737 -0.00090724367894433821 -0.001660474468671029 0.0028694317826658431 -0.00035671185759280223 0.0036484089492492978
leaf_weight=1216 170786 599 282 1360 9124 7592 172 5282 15899 637 10380 385 4609 145 111 110 156 468 2463 2700 815 358052 10630 158 581 201 4581 149 3777 140653 305 13928 1243 18260 729 356 944 2146 1632 5066 192 10283 909 379 1033 220 23241 11699 1254 230 4323 1949 11331 108 4882 1788 1674 5905 213 431 17276 221
leaf_count=1216 170786 599 282 1360 9124 7592 172 5282 15899 637 10380 385 4609 145 111 110 156 468 2463 2700 815 358052 10630 158 581 201 4581 149 3777 140653 305 13928 1243 18260 729 356 944 2146 1632 5066 192 10283 909 379 1033 220 23241 11699 1254 230 4323 1949 11331 108 4882 1788 1674 5905 213 431 17276 221
internal_value=-1.33816e-08 -9.44193e-05 -5.22381e-05 0.000998819 -0.000233645 -0.000180194 0.000258064 -0.000244926 -0.000308873 -7.77249e-05 -0.000456945 -0.000216816 -0.0006901 0.000112242 -0.000613176 0.00142018 0.00284602 -0.000615762 -0.00140045 6.1428e-05 6.86849e-05 3.47702e-05 4.93737e-05 -0.000285882 0.00146807 -0.00038678 -0.000325033 6.65225e-05 -0.000719817 0.000161123 0.00230444 0.000183652 -0.000773279 -0.000249746 -0.000338761 -0.00042089 -0.00139914 -0.000715634 -0.000629736 -0.000815922 -0.000182223 -5.86306e-05 -3.18303e-05 -8.72698e-05 0.000115307 0.000137157 0.000202237 9.21671e-05 0.000346935 -0.000113533 -0.000211187 0.000548076 0.000701975 -0.00229204 -0.000335261 -0.000515021 0.000579689 -0.000242715 -0.000683042 0.00137093 -0.00013889 0.000219364
internal_weight=898223 354116 271777 1642 82339 72236 9296 62940 55348 21612 33736 17837 7457 15953 5659 377 266 10103 2848 544107 534079 390726 371651 13599 739 12860 10028 5035 4993 143353 454 15316 1388 19075 12659 11930 1300 9504 9036 7404 2338 270135 235806 171273 64533 63624 55921 42421 18950 23471 5577 13500 11551 487 7703 6670 13373 34329 6549 644 27780 10504
internal_count=898223 354116 271777 1642 82339 72236 9296 62940 55348 21612 33736 17837 7457 15953 5659 377 266 10103 2848 544107 534079 390726 371651 13599 739 12860 10028 5035 4993 143353 454 15316 1388 19075 12659 11930 1300 9504 9036 7404 2338 270135 235806 171273 64533 63624 55921 42421 18950 23471 5577 13500 11551 487 7703 6670 13373 34329 6549 644 27780 10504
is_linear=0
shrinkage=0.03


Tree=63
num_leaves=63
num_cat=0
split_feature=1 2 4 11 3 11 10 2 6 11 9 11 4 6 11 3 7 9 10 11 2 6 11 2 7 7 11 10 2 6 1 7 10 11 2 11 1 10 7 10 1 7 10 2 9 3 2 2 11 10 2 7 9 9 2 0 11 7 2 6 7 11
split_gain=5.62375 2.92132 2.39175 2.43427 3.22342 2.38996 2.73406 2.46529 2.36538 2.16219 2.04106 2.25443 2.62665 2.03567 1.99712 1.84142 1.8542 1.79709 1.77765 1.71751 3.34037 1.71814 2.74329 1.88861 1.71711 2.12706 1.92674 1.97024 1.73963 1.58835 2.05888 1.6036 1.57402 1.72522 1.55453 1.54637 2.00208 1.76554 1.56594 1.52021 2.62034 1.73322 1.53809 1.53721 1.53546 1.51633 1.52534 1.4872 1.47497 1.47043 1.46863 1.56638 1.44805 1.42693 1.46539 1.43661 1.42446 1.42346 1.41836 1.40799 1.39052 1.38172
threshold=0.40767045454545459 -0.030776515151515135 -0.26806722689075629 0.35071301247771841 0.22301136363636367 0.46720430107526889 -0.46824596774193544 0.45529953917050697 -0.46922348484848481 0.44028520499108742 0.24642857142857147 0.47014260249554374 0.3550420168067227 -0.47100840336134447 0.46922348484848492 0.44201680672268912 0.23030303030303031 -0.23030303030303029 -0.47100840336134447 -0.24642857142857141 -0.47014260249554363 0.46609195402298859 0.47014260249554374 -0.38057040998217462 -0.44028520499108731 0.038095238095238078 0.17156862745098042 -0.38403361344537806 0.066964285714285712 -0.38057040998217462 0.29705882352941182 -0.41042780748663094 -0.25378787878787873 0.030330882352941183 0.21320346320346326 0.48571428571428577 -0.47014260249554363 -0.12284482758620689 -0.19848484848484846 0.35960591133004927 0.47100840336134459 0.32555780933062883 -0.4226600985221674 0.13246753246753248 -0.47100840336134447 0.48571428571428577 0.47014260249554374 0.18933823529411767 0.47100840336134459 -0.26568627450980387 0.014495798319327681 0.48571428571428577 -0.38057040998217462 0.37298387096774199 0.38057040998217473 -0.21651785714285712 -0.29705882352941171 -0.23861480075901326 0.2611408199643494 0.060661764705882366 -0.064583333333333312 0.48571428571428577
decision_type=2 2 2 2 2 2 2 2 2 2 2 2 2 2 2 2 2 2 2 2 2 2 2 2 2 2 2 2 2 2 2 2 2 2 2 2 2 2 2 2 2 2 2 2 2 2 2 2 2 2 2 2 2 2 2 2 2 2 2 2 2 2
left_child=1 19 35 4 13 6 9 15 48 52 -10 -12 57 34 17 -8 -17 24 61 20 -1 29 -23 -24 -2 26 32 28 -28 30 -21 -32 33 47 -4 -3 -37 -38 -39 41 -41 42 -20 49 -43 -6 -47 -26 -7 -44 51 -27 -5 54 55 56 -19 -13 -40 -35 -15 -16
right_child=14 2 3 5 45 8 7 -9 10 -11 11 12 -14 60 18 16 -18 53 39 21 -22 22 23 -25 25 50 27 -29 -30 -31 31 -33 -34 59 -36 36 37 38 58 40 -42 44 43 -45 -46 46 -48 -49 -50 -51 -52 -53 -54 -55 -56 -57 -58 -59 -60 -61 -62 -63
leaf_value=-0.00075036606363000679 -0.0030422137710153971 -0.00019748192245459801 0.00017604459461142616 0.0018540534784875779 -0.00015431062869413774 -0.0041816610266786 0.00029600171633663199 -0.00060732037257502688 0.00010884697108387149 -0.0016254746015183627 -0.0028493709152112635 0.0010242374088736943 0.0020946220689105053 0.0001453762620312357 -0.00052003620506279702 0.0020703445275563658 0.00022299861235249642 0.002249773926529594 0.0024060725550433355 -8.4636654127407955e-05 0.00021686215082008457 -0.0005146897058567869 0.0051361627222615341 0.00055672325037305916 0.001269864680432308 -0.0011921155313350577 -0.00080412426368067303 0.00015317067217673273 0.0029486465655954946 8.6188695204534736e-05 -0.0034030306056086869 -0.00074723353345273482 0.00074276337526550152 -0.001396900020314778 -0.0017907984638404742 0.0016952161830849945 -0.00050715017965487436 -0.0036060433050076803 0.0013699436428949987 0.00067204983210793548 -0.0035784172383137047 -0.0026527713080669972 -0.0014645424978031465 -0.0008935359406866386 0.00050163486054026355 -0.00063649847133040243 -0.0029530302346811614 -0.00097839857436431621 -0.001024310299815534 0.0019752601801401042 -0.00048534037442881912 -0.0049522878641598952 0.0049695231160148973 -0.0005472285413047317 -0.00024254062585941569 0.00013168958571133376 -0.0011409819670551425 -0.0013197825780586689 -0.0031902271611616013 -0.0052866786150488907 -2.098093536979098e-05 -0.0047331436221366343
leaf_weight=3315 228 45922 580 466 100678 176 30636 2595 12667 119 418 282 312 75124 180 1088 888 121 167 36266 104003 7457 125 228 365 1324 139 1137 547 248121 270 839 792 266 959 199 770 464 138 268 253 140 161 2232 9336 2074 291 957 542 361 22316 107 189 7804 32813 21430 1304 1328 109 122 113601 114
leaf_count=3315 228 45922 580 466 100678 176 30636 2595 12667 119 418 282 312 75124 180 1088 888 121 167 36266 104003 7457 125 228 365 1324 139 1137 547 248121 270 839 792 266 959 199 770 464 138 268 253 140 161 2232 9336 2074 291 957 542 361 22316 107 189 7804 32813 21430 1304 1328 109 122 113601 114
internal_value=-1.29206e-08 2.72959e-05 -3.08599e-05 -3.35599e-06 -3.6814e-05 0.000186434 0.000321268 0.00028246 -0.000122083 0.00208387 -4.15464e-05 -0.000855362 -0.000420445 3.63757e-05 -0.000206351 0.000353278 0.00124069 -0.000255998 0.000138492 8.42891e-05 0.000186978 4.67155e-05 -0.000392256 0.00218827 -0.00045481 -0.000433688 0.000178186 0.000919731 0.00218818 5.87253e-05 -0.000123593 -0.0013963 -0.000362268 -0.000874208 -0.00104993 -0.000230201 -0.0011239 -0.00150359 -0.0025805 0.000191062 -0.0013949 0.000257821 -0.000380992 -0.000550809 0.000454756 -0.000171954 -0.000922662 -0.00035717 -0.001803 0.000913553 -0.00054513 -0.00147654 0.00275923 -0.000167349 -0.000114085 7.03417e-05 -0.000851689 -0.000908834 -0.000647189 -0.00263042 4.52397e-05 -0.0021642
internal_weight=898223 793239 392615 345013 293307 51706 35981 35207 15725 774 15007 2340 1922 190264 104984 32612 1976 91772 13212 400624 107318 293306 7810 353 28300 28072 4325 1823 686 285496 37375 1109 2502 1710 1539 47602 1680 1481 711 12918 521 12397 2921 2754 9476 103043 2365 1322 718 522 23747 1431 655 63472 55668 22855 1425 1610 247 388 188725 294
internal_count=898223 793239 392615 345013 293307 51706 35981 35207 15725 774 15007 2340 1922 190264 104984 32612 1976 91772 13212 400624 107318 293306 7810 353 28300 28072 4325 1823 686 285496 37375 1109 2502 1710 1539 47602 1680 1481 711 12918 521 12397 2921 2754 9476 103043 2365 1322 718 522 23747 1431 655 63472 55668 22855 1425 1610 247 388 188725 294
is_linear=0
shrinkage=0.03


Tree=64
num_leaves=63
num_cat=0
split_feature=1 2 4 7 6 2 4 3 2 11 11 2 8 6 11 2 8 0 2 8 10 2 1 7 10 10 10 3 8 8 0 2 11 10 2 8 10 4 11 2 8 7 2 6 7 11 11 6 3 0 11 7 2 1 8 4 7 2 6 3 4 10
split_gain=5.29165 2.7487 2.25045 2.32449 2.99957 2.11942 2.06332 1.96168 2.14503 1.88234 1.616 3.143 1.62015 1.61644 2.58212 1.77791 1.6146 2.17031 1.79739 3.22808 2.65381 2.56949 2.47917 2.15638 1.74746 3.2004 2.27382 1.72066 1.64027 1.63438 1.72375 1.61139 2.50802 2.03781 3.75534 1.75175 2.21707 2.06556 2.51627 1.76822 1.71613 2.53026 1.67649 2.07797 1.88202 2.62374 2.18979 1.81351 1.59069 1.70965 1.58734 2.20272 1.58646 1.58429 1.67383 1.58397 1.57636 1.73951 1.86584 1.73043 1.67288 1.72902
threshold=0.40767045454545459 -0.030776515151515135 -0.26806722689075629 0.096875000000000003 -0.47100840336134447 0.21320346320346326 0.41042780748663105 0.48571428571428577 0.3928571428571429 0.44201680672268912 -0.24642857142857141 -0.47014260249554363 0.48571428571428577 0.46609195402298859 0.47014260249554374 -0.38057040998217462 0.47014260249554374 0.46824596774193555 0.48571428571428577 0.35960591133004927 0.090992647058823553 0.36239495798319332 0.47014260249554374 0.44028520499108742 -0.15111561866125756 0.083426028921023368 -0.41302521008403353 0.2611408199643494 0.38403361344537817 0.42266009852216752 0.47100840336134459 0.47100840336134459 -0.08342602892102334 -0.47100840336134447 0.48571428571428577 0.40767045454545459 0.48571428571428577 0.45529953917050697 0.25809822361546503 0.46824596774193555 -0.064583333333333312 0.436491935483871 0.44028520499108742 0.37298387096774199 0.45418719211822667 0.40767045454545459 -0.32085561497326193 -0.14076246334310846 0.48571428571428577 0.44028520499108742 0.44028520499108742 0.35071301247771841 0.066964285714285712 0.10450089126559715 -0.46922348484848481 0.46824596774193555 0.48571428571428577 0.48571428571428577 -0.17156862745098037 0.078201368523949225 0.43844696969696978 0.087221095334685597
decision_type=2 2 2 2 2 2 2 2 2 2 2 2 2 2 2 2 2 2 2 2 2 2 2 2 2 2 2 2 2 2 2 2 2 2 2 2 2 2 2 2 2 2 2 2 2 2 2 2 2 2 2 2 2 2 2 2 2 2 2 2 2 2
left_child=1 10 -3 4 5 -4 7 53 -9 31 11 -1 -13 -12 -15 -16 18 56 20 27 29 48 23 -21 26 -26 -24 -20 -23 30 -11 35 -33 34 -34 37 39 50 55 42 41 -35 43 -37 -45 46 -46 -44 49 -22 -2 -52 -32 -6 -55 -39 60 59 -59 -58 61 -18
right_child=9 2 3 -5 6 -7 -8 8 -10 16 13 12 -14 14 15 -17 17 -19 19 22 21 28 24 -25 25 -27 -28 -29 -30 -31 52 32 33 40 -36 36 -38 38 -40 -41 -42 -43 47 44 45 -47 -48 -49 -50 -51 51 -53 -54 54 -56 -57 57 58 -60 -61 -62 -63
leaf_value=-0.00072786187097602243 -0.00012873100954866168 -0.00022329748936769799 0.00024111230585091903 -8.8335699836759358e-05 0.00016161079017247874 -0.0018086850067199 0.00091155030516341061 -1.1255753874720158e-05 -0.0024116448512568334 -0.00017981779248238527 5.696310299613229e-05 0.00019717360574347562 0.0012740478398870398 -0.00049925107844252541 0.0049833007613536507 0.00054009448295646223 -0.0023615758405970545 3.5605800159583586e-05 0.0013239052317370154 0.0012773755137972971 0.00037753651181019799 -0.001321041850572384 -3.064153652698935e-06 -0.0035893526110444625 -0.0012480635819372434 0.0036109990402867363 0.0044180681762038534 -0.0011517823191099495 -0.003613260984132408 -0.0013109795465278474 -0.0012808251917017857 0.00024928232575400534 -0.0015820350428637033 0.0011893081044891097 0.0056062112687978631 0.00066088125709831615 -0.0026396730930633456 -0.0039401803357077061 -3.3613089232241155e-05 0.00069215399741888895 -0.00079062508285069461 -0.0033135796823887194 -0.0029872129168892138 -0.00060828298843163128 -0.0016817155414085661 -0.0020557861319853228 0.00076550828788669889 -0.00043332754985750882 0.0031062791115116506 -0.0027426179259130105 -0.0041081356694788167 0.00079214361421491974 0.00137150736311148 -0.00076041075687924699 7.585225074400472e-06 -0.00078272465241329672 -0.0012250680475595539 0.0028538293369805255 -0.0012564018192667223 0.0031348784488637919 0.0027854147627714215 0.0026411958855319896
leaf_weight=3315 33442 47602 699 157269 94921 1293 2649 762 597 3916 285496 102731 1272 7457 125 228 133 3252 340 203 542 796 137 136 270 221 443 975 435 773 237 3286 132 787 128 4162 271 144 5425 3559 14176 130 271 4193 363 388 3434 3137 125 222 208 136 1384 2633 84190 10697 111 121 536 307 785 115
leaf_count=3315 33442 47602 699 157269 94921 1293 2649 762 597 3916 285496 102731 1272 7457 125 228 133 3252 340 203 542 796 137 136 270 221 443 975 435 773 237 3286 132 787 128 4162 271 144 5425 3559 14176 130 271 4193 363 388 3434 3137 125 222 208 136 1384 2633 84190 10697 111 121 536 307 785 115
internal_value=-1.35013e-08 2.64767e-05 -2.99348e-05 -3.25568e-06 6.80141e-05 -0.00108964 8.04346e-05 6.84057e-05 -0.00106673 -0.000200167 8.17604e-05 0.000181369 0.000210356 4.53142e-05 -0.000380468 0.0021231 9.38405e-05 0.000521713 -0.000111781 0.000557877 -0.000328289 -0.00124633 0.00155454 -0.000679873 0.00226177 0.000941904 0.00337556 -0.000511161 -0.00213332 -1.97026e-05 0.000160772 -0.000255051 -0.000502866 -0.000663853 0.00196471 -0.000188898 5.01319e-05 -0.00028335 -0.000561093 8.76333e-05 -0.000709262 0.000548035 -4.73082e-05 0.000113052 -0.000159143 0.000290892 0.000531168 -0.000637226 -1.70902e-05 -0.000531505 -0.00014962 -0.00217414 0.00098317 7.68995e-05 -1.57136e-05 -0.000825024 0.00127126 0.00046637 -0.000496232 0.00197693 0.0021076 -4.04516e-05
internal_weight=898223 793239 392615 345013 187744 1992 185752 183103 1359 104984 400624 107318 104003 293306 7810 353 16515 5360 11155 2725 8430 2120 1410 339 1071 491 580 1315 1231 6310 5537 88469 18639 15353 260 69830 19778 50052 16266 19507 15093 917 15948 12540 8378 4185 3797 3408 889 764 33786 344 1621 181744 86823 10841 2108 1075 657 418 1033 248
internal_count=898223 793239 392615 345013 187744 1992 185752 183103 1359 104984 400624 107318 104003 293306 7810 353 16515 5360 11155 2725 8430 2120 1410 339 1071 491 580 1315 1231 6310 5537 88469 18639 15353 260 69830 19778 50052 16266 19507 15093 917 15948 12540 8378 4185 3797 3408 889 764 33786 344 1621 181744 86823 10841 2108 1075 657 418 1033 248
is_linear=0
shrinkage=0.03


Tree=65
num_leaves=63
num_cat=0
split_feature=2 2 10 9 11 11 10 6 1 4 11 5 11 5 4 10 11 7 7 0 11 9 7 7 1 2 10 5 1 10 11 0 2 10 0 1 10 5 7 0 1 5 11 6 5 7 9 11 1 0 7 2 0 6 10 0 9 0 9 1 6 11
split_gain=5.01247 2.02632 2.1601 1.96515 2.14107 2.92036 2.69253 3.47903 1.95222 1.92309 2.97365 2.75446 2.59317 2.8023 2.5997 2.10027 3.27904 2.03766 2.10033 2.16651 2.05577 1.96799 1.96491 2.97193 1.99138 1.94124 2.34401 1.93248 1.78455 2.36957 2.46474 2.57183 2.40404 2.01044 2.06757 1.76875 1.75303 1.71129 1.70548 1.69008 2.18282 3.23625 1.70741 1.67347 1.65925 1.63383 1.62799 1.61028 1.59517 1.56197 1.55626 1.54566 1.8813 1.53564 1.53263 1.52492 1.52256 1.50394 1.46769 1.631 1.82993 1.78599
threshold=0.3928571428571429 -0.030776515151515135 0.40473790322580649 -0.14611005692599616 -0.46824596774193544 -0.030330882352941176 -0.12284482758620689 0.22570532915360506 -0.23861480075901326 -0.26806722689075629 0.35071301247771841 -0.442016806722689 0.46720430107526889 -0.17694497153700187 0.46824596774193555 0.26568627450980398 0.24239631336405534 0.096875000000000003 0.46922348484848492 0.37689393939393945 -0.12678571428571425 -0.14611005692599616 0.48571428571428577 0.43440860215053767 0.44201680672268912 0.32605042016806729 -0.29705882352941171 0.38403361344537817 0.37689393939393945 -0.20294117647058821 0.26166328600405681 -0.38403361344537806 -0.34330357142857137 0.24642857142857147 0.436491935483871 0.13435828877005349 -0.46824596774193544 0.35071301247771841 -0.41302521008403353 0.38982683982683985 -0.28033088235294112 -0.35504201680672259 0.13484848484848486 -0.47100840336134447 0.41042780748663105 -0.442016806722689 -0.47014260249554363 0.48571428571428577 0.4781385281385282 0.18376623376623377 -0.43844696969696967 0.29705882352941182 -0.13435828877005343 0.20294117647058826 0.37689393939393945 0.47100840336134459 -0.13095238095238093 -0.442016806722689 -0.442016806722689 -0.46922348484848481 -0.030330882352941176 0.14611005692599624
decision_type=2 2 2 2 2 2 2 2 2 2 2 2 2 2 2 2 2 2 2 2 2 2 2 2 2 2 2 2 2 2 2 2 2 2 2 2 2 2 2 2 2 2 2 2 2 2 2 2 2 2 2 2 2 2 2 2 2 2 2 2 2 2
left_child=1 28 9 4 -2 -6 -7 8 50 47 11 -11 13 57 36 17 22 43 19 56 -20 25 23 -17 54 45 -27 -18 44 32 31 -31 -30 -33 53 -23 46 -38 -10 42 -41 -42 -5 51 58 -14 -15 -3 -45 -49 -8 52 -13 -35 -24 -37 -19 -12 59 -1 -61 -62
right_child=3 2 -4 39 5 6 7 -9 38 10 12 15 21 14 -16 16 27 18 20 -21 -22 35 24 -25 -26 26 -28 -29 29 30 -32 33 -34 34 -36 55 37 -39 -40 40 41 -43 -44 48 -46 -47 -48 49 -50 -51 -52 -53 -54 -55 -56 -57 -58 -59 -60 60 61 -63
leaf_value=-0.0012767316782905992 0.0014377368379981542 -0.00017025737800765542 -0.00023281801072406685 -0.00017806657319988998 -0.00081093498110739479 -0.00010475168719627753 0.00034471316673708233 -0.0014108878513968454 0.0032528049463871867 0.0024339101638320214 -0.0034913245754814221 -0.0018168537452326577 -0.0036726361805590512 -0.00075169793624167247 -0.00055049888987457806 0.00030870860817585618 -0.00087396210553043123 3.951456402357779e-05 -0.00027942391928033561 -0.00045842379331628751 0.00075161763737256586 0.00021467851231600279 -0.00026318882285979026 -0.00090399419276945988 0.005111894283562581 1.4108701624160302e-05 0.0023098535605362972 0.00063869155936308617 -0.0022590963380848096 -0.0045139938413494207 0.00078310573044732576 0.00016453812174363374 -0.00046559955573776562 -0.0014771758392490458 -0.0034989656895282675 -0.00087634492346272571 0.00037276597137854428 0.00090831141629626739 5.3888511032526744e-05 0.0024920431484770234 -0.0043577542423137595 -0.00026426026237377331 0.0002454769972359105 4.7671042119587242e-05 0.00077381574990880505 8.4575699299053135e-05 0.0029785559050163868 -0.00084683202120256547 -0.0018891145538691488 -0.0039504840849292318 -0.0042886785515724177 -0.0031368817259073809 0.0017076282800898249 0.0013142325580869428 0.0035178342024757576 0.00079987130405700338 -0.00023029988715333422 -0.0003529066386760638 8.8532500873415428e-05 -0.00039578851786900825 0.00061282407375582706 -0.00054488980202197521
leaf_weight=1184 597 35003 39768 15604 10328 27341 109 3570 159 412 144 338 106 135 2053 34501 3758 33156 2890 20867 4373 2847 288 1919 140 763 841 952 952 135 2307 2479 2289 553 299 4880 19545 7405 2400 255 174 25854 18990 115286 3096 3929 472 970 383 171 161 276 227 260 144 542 43540 2638 378804 8732 4261 1668
leaf_count=1184 597 35003 39768 15604 10328 27341 109 3570 159 412 144 338 106 135 2053 34501 3758 33156 2890 20867 4373 2847 288 1919 140 763 841 952 952 135 2307 2479 2289 553 299 4880 19545 7405 2400 255 174 25854 18990 115286 3096 3929 472 970 383 171 161 276 227 260 144 542 43540 2638 378804 8732 4261 1668
internal_value=-1.33512e-08 2.58461e-05 -2.34292e-05 -0.000194231 -0.000345359 -0.000369547 -0.000234416 -0.000788327 -2.47787e-06 6.45208e-07 2.4809e-05 -1.41588e-05 0.000246534 0.000393646 0.000479178 -1.80024e-05 0.000177293 -5.47987e-05 -0.000150762 -0.000187402 0.000341377 -9.60974e-05 0.000272219 0.000244787 0.00201536 0.000336008 0.00121849 -0.000568149 7.25358e-05 -0.000338826 1.2683e-05 -0.000464416 -0.000992949 -0.000310962 -0.0013702 -0.000390774 0.000555906 0.000519945 0.000253842 -8.33465e-05 -0.000264689 -0.000291792 5.44334e-05 3.15416e-05 8.21282e-05 -1.50123e-05 0.00214906 -0.000206431 4.12417e-05 -0.00131502 -0.00242379 -0.00130106 -0.000400308 -0.000583957 0.00100237 -0.000708669 -0.000113659 -0.000516551 7.67e-05 -0.000206166 -0.000119628 0.000287089
internal_weight=898223 792681 385662 105542 44665 44068 33740 6399 2829 345894 309750 263450 46300 32392 29610 263038 41702 221336 104826 97563 7263 13908 36992 36420 572 5639 1604 4710 407019 9274 6033 3726 3241 3591 1112 8269 27557 26950 2559 60877 26283 26028 34594 116510 397745 4035 607 36144 115669 1141 270 841 565 813 432 5422 76696 2782 394649 15845 14661 5929
internal_count=898223 792681 385662 105542 44665 44068 33740 6399 2829 345894 309750 263450 46300 32392 29610 263038 41702 221336 104826 97563 7263 13908 36992 36420 572 5639 1604 4710 407019 9274 6033 3726 3241 3591 1112 8269 27557 26950 2559 60877 26283 26028 34594 116510 397745 4035 607 36144 115669 1141 270 841 565 813 432 5422 76696 2782 394649 15845 14661 5929
is_linear=0
shrinkage=0.03


Tree=66
num_leaves=63
num_cat=0
split_feature=1 5 3 10 1 5 10 4 4 9 5 9 9 10 6 5 2 10 3 4 8 2 9 10 1 8 6 1 6 2 8 0 10 4 10 10 8 1 2 0 5 8 10 10 10 8 8 6 1 0 8 9 4 3 3 10 10 2 2 6 8 6
split_gain=4.75171 3.30866 2.40754 2.64155 2.47481 1.97756 1.95277 3.75867 1.69309 1.52145 1.56695 1.70571 1.51882 1.4303 1.42904 1.93547 1.70318 1.82576 1.72393 1.44023 1.36259 1.73916 1.7213 2.33312 1.74857 1.71169 1.53729 3.57907 1.59484 2.27243 2.49111 1.89698 1.36205 1.91636 1.35298 1.35255 2.26623 1.351 1.34767 1.48198 1.58526 1.33899 1.33513 1.8397 2.15203 2.33693 1.8597 1.67375 1.32612 1.30407 1.47378 2.62894 1.53479 1.36853 1.28008 1.26471 1.297 3.02409 2.02975 1.60502 2.20477 1.61382
threshold=0.29099821746880572 0.38057040998217473 0.14611005692599624 -0.11916835699797161 -0.46922348484848481 -0.35504201680672259 -0.38057040998217462 -0.47014260249554363 -0.078201368523949141 0.43844696969696978 0.1566964285714286 0.436491935483871 -0.41302521008403353 0.47100840336134459 -0.39827586206896548 0.33602150537634418 0.38057040998217473 0.436491935483871 0.45529953917050697 0.14611005692599624 0.17694497153700192 -0.46824596774193544 -0.46922348484848481 -0.23861480075901326 -0.37689393939393934 -0.47014260249554363 -0.35960591133004921 -0.11942959001782531 -0.47014260249554363 0.096875000000000003 -0.29705882352941171 -0.23861480075901326 -0.4541871921182265 0.39447004608294933 -0.40161290322580639 -0.38403361344537806 0.44201680672268912 0.21089931573802548 -0.47100840336134447 -0.47014260249554363 -0.442016806722689 -0.38403361344537806 -0.41302521008403353 -0.43649193548387094 -0.44028520499108731 0.43844696969696978 -0.3461174242424242 -0.37689393939393934 0.3133928571428572 -0.47014260249554363 0.44201680672268912 0.1815668202764977 -0.45529953917050686 -0.42488479262672801 -0.14076246334310846 -0.43649193548387094 -0.28456439393939387 0.48571428571428577 0.46824596774193555 0.40473790322580649 0.47014260249554374 -0.4499999999999999
decision_type=2 2 2 2 2 2 2 2 2 2 2 2 2 2 2 2 2 2 2 2 2 2 2 2 2 2 2 2 2 2 2 2 2 2 2 2 2 2 2 2 2 2 2 2 2 2 2 2 2 2 2 2 2 2 2 2 2 2 2 2 2 2
left_child=1 2 5 4 12 20 7 -7 -3 10 11 13 -4 -5 15 -2 17 18 19 -16 21 22 -1 24 25 -24 27 28 29 31 41 -23 33 -21 42 36 37 -10 -27 -40 -41 -31 43 44 45 -9 47 -46 -18 50 -22 52 -52 -51 -35 -6 58 59 -57 61 -61 -58
right_child=14 8 3 9 55 6 -8 34 35 -11 -12 -13 -14 -15 16 -17 48 -19 -20 32 49 26 23 -25 -26 38 -28 -29 -30 30 -32 -33 -34 54 -36 -37 -38 -39 39 40 -42 -43 -44 -45 46 -47 -48 -49 -50 53 51 -53 -54 -55 -56 56 57 -59 -60 60 -62 -63
leaf_value=-0.0016106917941579011 -0.00087674062066067052 -0.0010518225309574724 -0.004288540104099986 -0.0002025690186252254 0.0004484928169067156 0.0032519968857193798 0.00011323369320601599 -0.00024575628769032753 -0.0012312030926767967 -0.0004438547522985727 4.058483034392671e-05 0.0026789657381342969 -0.00093468377324486132 -0.002070968154506542 0.00070711420454209128 -0.00010791014582500358 -0.00091486871822969197 -0.00049324622875351171 -0.00031418723559502245 -8.5181153752558682e-05 2.3137538939658718e-05 -0.00054255896227447587 -0.0013144727722484322 0.00015998178341725737 -0.0010849856086590558 0.00085923411799089056 3.1578614618218524e-05 -0.0032249857155545575 -0.00037615109152530938 0.0023183126565580847 0.00070204664881582833 0.0023063193160601822 4.7456855920597901e-05 -0.0049688705523294628 -0.00051417100339901372 0.00067147068992705978 -0.0039241225577771313 0.0012822475171506823 0.0056223156265411021 0.00083990745356942993 0.0030529432476839365 0.0068873136324211232 0.00031968561009776826 -0.00070777583788479595 0.0014758721752305257 0.0015899337532815992 0.000943823056034874 -0.0019307630717355223 -0.00019236612637932426 -0.00075421110002597922 0.0043715439547116425 -0.0013865730610730892 0.00043820700711674158 -0.00019309569889044268 -0.0014004500992335154 -5.4103530711065901e-05 -0.0021911897629292472 0.0031098216365176698 -0.0016119338258691514 -0.00079998958528131655 0.0017976344061148611 0.00026583176864112493
leaf_weight=379 5264 596 146 61104 8674 296 362851 16306 355 14231 37559 183 707 370 2894 6694 2355 7201 13558 1683 2030 1608 189 7189 276 1066 53543 368 12727 135 631 241 83523 103 6974 11593 147 418 110 563 605 102 6806 4442 187 648 2967 419 77462 4875 268 169 134 19792 711 23187 242 316 777 2576 331 24367
leaf_count=379 5264 596 146 61104 8674 296 362851 16306 355 14231 37559 183 707 370 2894 6694 2355 7201 13558 1683 2030 1608 189 7189 276 1066 53543 368 12727 135 631 241 83523 103 6974 11593 147 418 110 563 605 102 6806 4442 187 648 2967 419 77462 4875 268 169 134 19792 711 23187 242 316 777 2576 331 24367
internal_value=-1.3512e-08 3.70878e-05 2.80351e-05 -6.80302e-05 9.06048e-05 6.10268e-05 9.15413e-05 -0.000110048 0.000509174 -0.000153779 -0.000112168 -0.000205219 -0.00151308 -0.000213848 -0.00012834 -0.0004464 -0.000108267 -3.15377e-05 9.12331e-07 4.89631e-05 -5.35865e-05 9.02124e-06 0.000371226 0.00044651 0.00117949 0.00142657 -4.5177e-05 -0.000305074 -0.000235294 0.000424404 0.00168973 -0.000170188 2.68127e-05 -0.000663462 -0.000135813 0.000583604 -0.000523145 0.000127847 0.00164805 0.00230482 0.00198785 0.00430539 -5.27574e-05 -0.000154286 -3.44832e-05 -0.000175505 0.00063453 -0.000878841 -0.000213695 -0.000236646 0.000402144 0.00174718 0.00306477 -0.000304016 -0.00185753 0.000113251 5.71027e-05 0.000196399 -0.000104679 0.000162829 -0.0005037 0.000241582
internal_weight=898223 696775 683666 174770 61323 508896 401896 39045 13109 113447 99216 61657 853 61474 201448 11958 189490 109673 102472 88914 107000 79732 10377 9998 2809 2533 69355 15812 15444 2717 868 1849 86020 2497 38749 12513 920 773 2344 1278 1168 237 31775 24969 20527 16954 3573 606 79817 27268 2601 571 402 24667 814 60470 51796 27832 23964 27516 2907 24609
internal_count=898223 696775 683666 174770 61323 508896 401896 39045 13109 113447 99216 61657 853 61474 201448 11958 189490 109673 102472 88914 107000 79732 10377 9998 2809 2533 69355 15812 15444 2717 868 1849 86020 2497 38749 12513 920 773 2344 1278 1168 237 31775 24969 20527 16954 3573 606 79817 27268 2601 571 402 24667 814 60470 51796 27832 23964 27516 2907 24609
is_linear=0
shrinkage=0.03


Tree=67
num_leaves=63
num_cat=0
split_feature=1 5 8 7 11 5 5 11 5 1 10 7 8 10 10 11 10 8 6 8 11 8 11 6 1 4 11 0 9 4 0 1 7 11 5 1 10 11 0 4 11 0 7 11 11 1 9 8 7 1 11 6 1 7 11 9 11 10 10 8 9 4
split_gain=4.47099 3.11298 2.11605 1.97909 2.13299 2.45587 2.7336 1.90065 2.50479 2.62519 2.1323 1.97574 3.74705 2.64206 1.8411 1.84058 1.91818 2.5672 2.05951 2.07181 2.21788 2.17104 2.63772 1.94749 1.90161 2.18981 2.20711 2.259 2.22915 2.09083 2.05439 1.79577 1.77868 1.75975 1.75159 1.72168 1.72012 1.96911 1.7349 1.73444 1.78341 1.71349 1.70761 1.66466 1.62243 3.46214 2.89622 1.79498 1.62014 1.61728 1.61692 3.03496 1.87461 1.61504 1.61392 2.50101 2.68282 2.41422 2.06353 3.44259 1.67978 1.60193
threshold=0.29099821746880572 0.38057040998217473 0.20777988614800766 -0.24264069264069263 0.12678571428571431 0.20777988614800766 -0.47014260249554363 0.24642857142857147 0.38057040998217473 0.46824596774193555 -0.46824596774193544 0.31534090909090917 0.38057040998217473 -0.16190476190476188 -0.073593073593073585 -0.078201368523949141 0.23861480075901334 -0.32807881773399011 0.34611742424242431 -0.43844696969696967 -0.4226600985221674 -0.21651785714285712 -0.43844696969696967 -0.46720430107526878 0.11596638655462189 -0.24239631336405529 0.016685205784204685 -0.086974789915966369 -0.38057040998217462 -0.15669642857142854 -0.45529953917050686 0.4781385281385282 0.44028520499108742 -0.073593073593073585 0.072478991596638634 -0.38057040998217462 -0.12284482758620689 0.19331243469174511 0.19848484848484851 0.31534090909090917 0.32807881773399022 0.086974789915966425 -0.46922348484848481 -0.35504201680672259 0.37689393939393945 -0.46824596774193544 0.32555780933062883 0.436491935483871 -0.4499999999999999 0.38057040998217473 -0.073593073593073585 -0.38057040998217462 -0.38403361344537806 0.21198156682027655 0.48571428571428577 -0.38057040998217462 0.37298387096774199 -0.442016806722689 -0.34122983870967738 0.35071301247771841 -0.44028520499108731 0.48571428571428577
decision_type=2 2 2 2 2 2 2 2 2 2 2 2 2 2 2 2 2 2 2 2 2 2 2 2 2 2 2 2 2 2 2 2 2 2 2 2 2 2 2 2 2 2 2 2 2 2 2 2 2 2 2 2 2 2 2 2 2 2 2 2 2 2
left_child=1 2 15 4 -4 6 -6 11 10 -10 32 13 61 -2 -7 16 18 -18 19 35 21 22 -21 48 25 50 27 -27 34 -26 -31 -15 -9 -32 -28 41 39 38 -38 40 -30 -1 43 -22 -5 47 -47 -46 -19 -12 51 52 -17 -37 55 56 -11 60 59 -59 -56 -13
right_child=7 -3 3 44 5 14 -8 8 9 54 49 12 -14 31 -16 24 17 23 -20 20 42 -23 -24 -25 29 26 28 -29 36 30 33 -33 -34 -35 -36 53 37 -39 -40 -41 -42 -43 -44 -45 45 46 -48 -49 -50 -51 -52 -53 -54 -55 57 -57 -58 58 -60 -61 -62 -63
leaf_value=0.00072610886661876812 -0.00034737900521578173 0.00049388943611957824 -0.00063190831411122502 -6.2359435975011847e-05 0.0015899259424367066 0.00018994037759684828 -0.00032107851603486629 0.0018904297801364718 0.00036931073647377517 -0.0023121593441219664 -6.9440351343264729e-05 -0.00050330734141892605 -7.931348806055515e-05 7.5971648869058102e-05 0.0029178268076645126 0.007109729607354451 0.00063347350429007233 0.004184934719912492 -0.00033191040255277165 0.00063881160085862867 -0.002410772106876331 0.00018556365152161129 0.0026630097005937532 0.00013718603747949295 -0.0013570328881937286 0.00020033271404748686 -0.00045478534088922237 -0.00034274438879761408 0.00028580205538715524 -0.0019491803708325066 -0.0013871295590073167 -0.00098340080854306447 -0.0015007211333490649 -7.9156959607079697e-05 0.00053687711616568336 -0.00037972451062673589 0.00046755287860779837 2.3370012336287467e-05 -0.00018005102323650072 -0.0019139146332592038 0.00081032592951439035 -0.0032081779739154236 9.4017423095917545e-05 -0.00034987907063145391 0.0016562573297414927 0.00034743551362023152 -0.00078137106317351828 0.0057652358947629769 0.00092154801083183348 -0.00051810323175669783 -7.1489351975017714e-05 0.0003278810630799155 0.0016739966308001342 -0.0036941340324467171 9.77353491755419e-05 -6.6496088225334639e-05 -0.00033954062747684885 -0.00078754931059387692 0.00029957759799133444 0.0035558602036051628 -0.0047070389241153903 -0.0013110064994019308
leaf_weight=1954 23757 13109 10803 128645 730 473 8592 715 22101 972 17017 25755 27268 44744 420 102 13285 172 10832 7369 419 14932 628 47381 1250 12178 7498 15883 16347 545 940 1487 172 57159 2038 10634 21996 39372 4481 276 9072 104 115683 2206 394 13438 2412 126 661 12573 100827 1146 130 133 128 16381 1714 250 3388 476 133 2417
leaf_count=1954 23757 13109 10803 128645 730 473 8592 715 22101 972 17017 25755 27268 44744 420 102 13285 172 10832 7369 419 14932 628 47381 1250 12178 7498 15883 16347 545 940 1487 172 57159 2038 10634 21996 39372 4481 276 9072 104 115683 2206 394 13438 2412 126 661 12573 100827 1146 130 133 128 16381 1714 250 3388 476 133 2417
internal_value=-1.29622e-08 3.59758e-05 2.71948e-05 -6.59964e-05 -0.000338051 -2.7247e-05 -0.000171274 -0.000124492 -6.12614e-06 0.000134743 -0.00021663 -0.00019623 -0.000330008 -9.02567e-05 0.00147476 5.70863e-05 0.000121249 0.000264236 6.79185e-05 9.60321e-05 0.000129184 0.000399219 0.000798084 0.000162485 7.21e-06 4.62148e-05 0.000128325 -0.000107059 0.00019367 -0.000143448 -0.000117557 4.18769e-05 0.0012319 -0.000100343 -0.000242817 -0.000269039 0.000239141 0.000157903 0.000357949 0.000447316 0.000473028 0.00052583 7.68463e-05 -0.00067963 -2.65636e-05 0.000254728 0.000175619 0.00266105 0.00159959 -0.000260091 -5.75353e-05 0.000962781 0.0040841 -0.000421005 -8.64129e-05 -0.000205653 -0.00105398 0.000433182 0.000610872 0.00206117 -0.0023593 -0.000572647
internal_weight=898223 696775 683666 166033 21018 10215 9322 201448 76020 45543 30477 125428 55440 69988 893 517633 226393 61499 164894 154062 141237 22929 7997 48214 291240 231346 129141 28061 101080 59894 58644 46231 887 58099 9536 12825 91544 65849 26477 25695 25419 2058 118308 2625 145015 16370 15850 520 833 29590 102205 1378 232 10767 23442 19067 2686 4375 4114 726 261 28172
internal_count=898223 696775 683666 166033 21018 10215 9322 201448 76020 45543 30477 125428 55440 69988 893 517633 226393 61499 164894 154062 141237 22929 7997 48214 291240 231346 129141 28061 101080 59894 58644 46231 887 58099 9536 12825 91544 65849 26477 25695 25419 2058 118308 2625 145015 16370 15850 520 833 29590 102205 1378 232 10767 23442 19067 2686 4375 4114 726 261 28172
is_linear=0
shrinkage=0.03


Tree=68
num_leaves=63
num_cat=0
split_feature=2 3 10 11 7 3 5 10 9 5 1 5 6 2 9 11 11 10 6 1 7 3 11 5 7 5 5 7 0 1 5 3 2 11 6 11 11 9 7 10 3 5 1 5 2 5 3 7 9 2 11 7 10 7 10 2 10 2 9 7 6 2
split_gain=4.3497 2.03554 3.58593 2.14005 2.72426 2.03559 2.67598 2.03051 2.23272 2.00332 1.91302 2.32606 3.22548 2.46301 1.81758 2.01221 2.72088 2.53264 3.25807 1.84307 1.78603 1.74645 1.70753 2.02718 2.57458 1.6886 1.63419 1.602 1.55842 2.04904 3.03863 1.70958 1.52372 1.96008 1.86323 1.65968 1.51435 1.84552 1.71603 1.48982 2.91277 1.69794 1.48275 1.47577 2.55922 1.94441 1.72863 1.46505 1.45872 1.43571 2.49959 2.6904 1.92019 2.58886 1.74328 1.5771 1.54606 1.88857 1.91973 1.51889 1.50227 1.41835
threshold=0.3928571428571429 0.14611005692599624 0.436491935483871 0.35071301247771841 0.31534090909090917 -0.35504201680672259 0.4781385281385282 -0.05527383367139959 -0.47014260249554363 0.47100840336134459 -0.12310606060606059 -0.3507130124777183 -0.43844696969696967 -0.3461174242424242 -0.14611005692599616 -0.46824596774193544 -0.030330882352941176 -0.12284482758620689 0.22570532915360506 -0.23861480075901326 -0.46133004926108367 0.44201680672268912 1.0000000180025095e-35 -0.16152751423149903 0.44201680672268912 -0.41042780748663094 -0.17694497153700187 -0.41302521008403353 0.38982683982683985 -0.28033088235294112 -0.35504201680672259 0.44201680672268912 -0.43844696969696967 0.45418719211822667 -0.35504201680672259 0.050055617352613997 0.47100840336134459 0.20294117647058826 0.038095238095238078 0.38057040998217473 0.47100840336134459 0.015640273704789823 -0.18660714285714283 0.46922348484848492 0.47100840336134459 0.44028520499108742 0.30322580645161296 -0.43844696969696967 -0.4541871921182265 -0.44028520499108731 0.48571428571428577 -0.442016806722689 0.030330882352941183 -0.47014260249554363 0.16190476190476191 -0.442016806722689 -0.060661764705882353 -0.46824596774193544 -0.46720430107526878 0.44028520499108742 -0.39113300492610831 -0.030776515151515135
decision_type=2 2 2 2 2 2 2 2 2 2 2 2 2 2 2 2 2 2 2 2 2 2 2 2 2 2 2 2 2 2 2 2 2 2 2 2 2 2 2 2 2 2 2 2 2 2 2 2 2 2 2 2 2 2 2 2 2 2 2 2 2 2
left_child=1 5 3 4 20 6 10 8 -5 21 25 12 -12 -13 15 -2 43 -18 19 47 -3 -6 -23 -24 -25 49 -9 -21 31 -30 -31 -16 33 42 -35 -34 -15 38 -38 -28 41 -41 -27 44 46 -46 -17 -19 -48 50 55 -52 -51 -54 -55 56 57 58 60 -56 -1 -22
right_child=14 2 -4 7 9 -7 -8 26 -10 -11 11 13 -14 36 28 16 17 18 -20 27 61 22 23 24 -26 32 39 -29 29 30 -32 -33 35 34 -36 -37 37 -39 -40 40 -42 -43 -44 -45 45 -47 48 -49 -50 52 51 -53 53 54 59 -57 -58 -59 -60 -61 -62 -63
leaf_value=-0.0037899015168659385 0.0014023261633974167 -0.00072824787590663282 -0.00043134297736144929 -0.0013624471859824043 -0.00023005320687121696 8.7364983636348302e-05 -0.0039484272876156952 -0.00079496643296995235 0.00045471595865321547 0.0004168920180522539 -0.0058237288879143109 -0.0010819960322381739 -0.00097584227896186585 -0.0001741732222526493 3.4997902418038764e-05 -0.00030469763063680936 -9.3537440094492745e-05 0.00033744102233851495 -0.001358972334511386 0.0031595765780657527 0.00014349179555991955 -0.0012687074745722355 -0.0040219588845502585 -0.00074296590713845327 0.0009903631085012262 0.00046680015344475524 -4.9169650426897835e-06 5.923033992158664e-05 0.0024224843149158915 -0.0042145560869680989 -0.00024801242613999171 0.0019908618384197638 0.00022430716635058847 0.0039270635566208507 0.00047652610476345129 -0.00015675216133956518 0.00018408623932076519 -0.0020146435625281664 0.0029882409524682719 -0.0020603010676144146 0.0056102116186267283 0.0011824934829410502 -0.0014151290130170451 -0.00015118145109657298 -0.0023353240296577729 0.0014655246184371539 0.0012608253674070461 -0.0041580871838420904 -0.001559946493592928 -0.00055381674446971021 -0.0056560070061480953 -0.00029171064131062579 0.0018433525061273932 0.00055996098817801682 -0.00027749391982540499 0.0016359824060822245 -0.00026712570394197638 -0.00058372275562774392 0.0010582714009821077 -0.0024433544973148096 0.00020575482354063209 -4.6375650400064639e-05
leaf_weight=131 597 2916 19903 627 35027 423740 158 2228 19686 3656 148 2698 726 20509 34188 3798 27341 109 3570 159 54909 3139 127 2366 1143 7417 16012 2400 255 174 25854 406 22619 281 282 18866 379 147 407 176 116 812 396 2561 1514 131 178 161 2146 11709 135 221 654 2457 5751 659 4696 1110 3290 306 236 99710
leaf_count=131 597 2916 19903 627 35027 423740 158 2228 19686 3656 148 2698 726 20509 34188 3798 27341 109 3570 159 54909 3139 127 2366 1143 7417 16012 2400 255 174 25854 406 22619 281 282 18866 379 147 407 176 116 812 396 2561 1514 131 178 161 2146 11709 135 221 654 2457 5751 659 4696 1110 3290 306 236 99710
internal_value=-1.23254e-08 2.40769e-05 -4.42345e-05 -1.24808e-05 -5.18598e-05 5.79091e-05 -5.94124e-05 0.000189085 0.000398561 -0.000256449 -5.3591e-05 -0.000282982 -0.00180248 -0.000227895 -0.000180935 -0.000326277 -0.000349726 -0.000219292 -0.000756506 3.97621e-06 7.17724e-06 -0.000315348 -0.000756224 -0.000313565 -0.000178241 1.70624e-05 -3.08931e-05 0.000253025 -7.4295e-05 -0.000248431 -0.00027469 5.80091e-05 0.000125538 0.000494593 0.00220264 5.10144e-05 -0.00012038 0.00106101 0.00163806 6.86074e-05 0.00113402 0.000603331 0.000371246 -0.000775773 -0.000981672 -0.00203194 -0.000699177 -0.00234868 -0.00134345 -0.000155435 0.000131104 -0.00233607 -0.000299247 2.59052e-05 -0.000113901 0.000218098 0.000119195 0.000499738 0.000828668 -0.000387299 -0.00122691 2.10514e-05
internal_weight=898223 792681 262553 242650 202993 530128 106388 39657 20313 45458 106230 25014 874 24140 105542 44665 44068 33740 6399 2829 157535 41802 6775 3636 3509 81216 19344 2559 60877 26283 26028 34594 49861 8376 563 41485 21442 933 786 17116 1104 988 7813 10328 7767 1645 6122 270 2324 31355 10478 356 20877 9168 8514 10122 9463 4767 3657 6057 367 154619
internal_count=898223 792681 262553 242650 202993 530128 106388 39657 20313 45458 106230 25014 874 24140 105542 44665 44068 33740 6399 2829 157535 41802 6775 3636 3509 81216 19344 2559 60877 26283 26028 34594 49861 8376 563 41485 21442 933 786 17116 1104 988 7813 10328 7767 1645 6122 270 2324 31355 10478 356 20877 9168 8514 10122 9463 4767 3657 6057 367 154619
is_linear=0
shrinkage=0.03


Tree=69
num_leaves=63
num_cat=0
split_feature=2 0 3 11 11 4 11 11 2 9 11 2 4 5 5 11 2 6 10 6 10 3 5 5 11 11 11 11 10 5 5 1 2 9 5 2 10 11 3 11 6 1 5 1 1 4 1 2 2 9 10 6 4 10 3 11 10 2 4 9 1 2
split_gain=4.13312 1.59616 1.86289 3.0024 1.69142 2.6292 2.23662 2.26975 1.77849 1.85128 1.74977 1.78912 1.56051 1.71176 1.52644 1.61779 1.70237 2.03693 1.49968 1.71444 2.05865 3.14624 2.54472 2.5534 1.83541 1.83092 1.48626 2.16651 1.63539 2.9694 1.5818 1.4837 1.45476 1.45262 1.51754 1.39182 3.59415 1.70852 1.3808 1.8634 2.81785 1.8242 1.69926 3.20779 2.24612 1.57636 1.82304 2.88737 1.56755 2.03321 1.88814 1.45072 1.54538 1.44458 1.37414 3.1957 1.59077 2.20533 1.70064 1.55776 1.75334 1.51167
threshold=0.11942959001782534 0.40473790322580649 0.44201680672268912 -0.10948191593352884 -0.25378787878787873 0.24239631336405534 -0.090992647058823525 -0.096874999999999975 0.48571428571428577 0.044155844155844122 0.11527514231499054 0.47100840336134459 0.40767045454545459 0.41302521008403364 -0.47100840336134447 0.030330882352941183 -0.45529953917050686 0.41042780748663105 0.3550420168067227 0.47857142857142865 -0.44028520499108731 0.38403361344537817 0.16190476190476191 0.46922348484848492 0.41042780748663105 0.47014260249554374 0.37689393939393945 0.38403361344537817 -0.12284482758620689 0.44870129870129877 0.47100840336134459 -0.14928698752228159 -0.45529953917050686 0.023326572008113614 0.072478991596638634 0.45529953917050697 0.41042780748663105 0.37689393939393945 0.053605313092979119 0.060661764705882366 -0.38057040998217462 -0.47100840336134447 -0.35504201680672259 -0.13435828877005343 -0.16152751423149903 -0.030330882352941176 -0.23861480075901326 -0.46922348484848481 -0.40161290322580639 -0.23030303030303029 0.22570532915360506 0.44201680672268912 -0.442016806722689 -0.442016806722689 -0.38057040998217462 0.36881720430107534 -0.37298387096774188 -0.442016806722689 -0.3507130124777183 0.21651785714285718 -0.47014260249554363 -0.47100840336134447
decision_type=2 2 2 2 2 2 2 2 2 2 2 2 2 2 2 2 2 2 2 2 2 2 2 2 2 2 2 2 2 2 2 2 2 2 2 2 2 2 2 2 2 2 2 2 2 2 2 2 2 2 2 2 2 2 2 2 2 2 2 2 2 2
left_child=12 2 -2 -4 5 -3 7 31 -7 -10 11 -8 13 14 15 32 17 -17 19 20 21 -12 -23 -24 -25 -26 33 -28 30 -30 -29 -6 -1 34 -21 -20 -37 -38 39 -16 41 -41 43 48 -44 51 47 -47 49 -43 -51 -40 -53 -42 55 61 57 58 -56 60 -57 -55
right_child=1 4 3 -5 6 8 10 -9 9 -11 18 -13 -14 -15 38 16 -18 -19 35 26 -22 22 23 24 25 -27 27 28 29 -31 -32 -33 -34 -35 -36 36 37 -39 45 40 53 42 44 -45 -46 46 -48 -49 -50 50 -52 52 -54 54 56 59 -58 -59 -60 -61 -62 -63
leaf_value=-0.0015969927170743432 -5.0849342107092174e-05 0.00055428120345357614 -0.0018501901192970692 0.0015465205841783119 -0.0033728954434285269 -0.00089176305467735884 -0.00034001376232348153 0.0036938940477898143 -0.00013312886749818271 0.0037144069122720738 0.0052034033303800268 -0.0011999527374989805 -0.00027659480939659555 0.00058563860963335441 0.00015209595530199586 0.000479262937285389 -0.00028862844122952923 0.0037217392945214922 -0.00030302066134691992 -0.0032529368072909373 -0.00023624939440637267 -0.0025822424767497141 0.0018502220669494741 -0.0017046005119577894 0.0039761186861142052 -0.0006564313261364789 -0.0022598871275258713 0.0014811260441873601 -0.0018841975388407218 0.00021065637561894782 5.6196745188272256e-05 0.0002657749693300588 -0.00040413348461363128 0.0014710402759050742 0.00043628596042538312 -0.0033410677827861121 0.0011694884803706957 -0.0017098675300601383 -9.7966777922817028e-05 0.0011869679107706665 -0.00050433909047693012 0.00092695350880166475 0.00019222169304260628 -0.0053970488493259132 -0.00055537855891917291 -0.0035233954573356493 4.5707470214728504e-05 0.0014356352773149373 -0.0010437305662638373 -0.0012057961607230181 0.00090204151372422507 -0.0034919229929077501 -0.00061918836095374704 0.0009688081998128576 0.0042099773310619645 0.0027181415185022718 0.00010642687448962798 0.00044665018097024274 0.00054271085139857053 -0.0005102256458393321 0.00053781642283919529 -0.00046276104826895124
leaf_weight=1216 270135 1605 282 1360 101 7872 12393 172 480 146 132 2641 12710 5512 209286 1278 3556 201 3057 103 30785 222 962 448 131 183 369 1140 853 2122 1819 9023 3777 1430 2863 540 410 337 59714 719 3802 1060 7640 129 6867 113 108420 1454 3873 1558 506 180 2463 699 259 360 82882 5463 203 1183 4140 12884
leaf_count=1216 270135 1605 282 1360 101 7872 12393 172 480 146 132 2641 12710 5512 209286 1278 3556 201 3057 103 30785 222 962 448 131 183 369 1140 853 2122 1819 9023 3777 1430 2863 540 410 337 59714 719 3802 1060 7640 129 6867 113 108420 1454 3873 1558 506 180 2463 699 259 360 82882 5463 203 1183 4140 12884
internal_value=-1.26562e-08 -7.97821e-05 -4.47241e-05 0.000962392 -0.000195497 -0.000559055 -0.000144642 0.000289702 -0.000769369 0.000768713 -0.000208796 -0.000491148 5.1903e-05 5.97606e-05 5.42475e-05 -0.000312318 6.714e-05 0.000922141 -0.00012018 -6.71675e-05 -0.000174553 0.000739141 0.000433807 0.000823457 -0.000473527 0.00128274 0.000262662 -3.26454e-05 0.000106211 -0.000390417 0.000605487 0.000225131 -0.000694905 0.000685985 0.000307117 -0.000651653 -0.00147888 -0.000130047 6.1374e-05 9.61394e-05 8.89174e-06 -0.000298617 -0.000348045 -0.000727379 -0.000161675 -7.92e-06 6.0396e-05 0.00107601 -0.000640528 -0.000140481 -0.000688863 -0.000128417 -0.000816081 7.03324e-05 9.05538e-05 -0.000139112 0.000140379 0.000615222 0.00260326 0.00045817 0.000712808 -0.000389025
internal_weight=898223 354116 271777 1642 82339 10103 72236 9296 8498 626 62940 15034 544107 531397 525885 10028 5035 1479 47906 43562 32863 2078 1946 1724 762 314 10699 6303 5934 2975 2959 9124 4993 4396 2966 4344 1287 747 515857 343513 134227 22352 21633 7126 14507 172344 109987 1567 6997 3124 2064 62357 2643 111875 108073 19266 88807 5925 462 5683 4500 13583
internal_count=898223 354116 271777 1642 82339 10103 72236 9296 8498 626 62940 15034 544107 531397 525885 10028 5035 1479 47906 43562 32863 2078 1946 1724 762 314 10699 6303 5934 2975 2959 9124 4993 4396 2966 4344 1287 747 515857 343513 134227 22352 21633 7126 14507 172344 109987 1567 6997 3124 2064 62357 2643 111875 108073 19266 88807 5925 462 5683 4500 13583
is_linear=0
shrinkage=0.03


Tree=70
num_leaves=63
num_cat=0
split_feature=2 3 9 7 8 11 2 4 3 7 7 3 5 5 1 8 11 11 3 9 9 2 9 2 11 7 4 9 11 11 8 4 2 0 7 11 0 5 9 5 0 2 0 8 11 8 5 4 9 11 2 9 2 9 11 11 1 11 2 0 1 5
split_gain=3.9533 1.81403 3.39226 2.10131 2.06199 2.40458 2.77425 2.27963 2.13623 1.99101 1.95118 1.88729 2.52001 1.78413 1.77963 2.7901 3.36523 2.88676 2.2525 2.18501 2.07209 1.93974 1.77694 2.14456 2.18277 1.75672 1.76997 1.72972 1.90544 2.53819 1.68694 3.91662 2.05871 2.16342 1.71943 1.66056 1.61178 1.63693 1.91238 1.58539 1.57353 1.57202 1.90277 1.56952 1.53147 1.49591 1.47834 1.75411 2.61875 1.46022 1.90351 1.91223 2.17913 1.78524 1.6877 2.30973 1.54135 1.51329 1.44589 1.41757 2.28011 2.22739
threshold=0.3928571428571429 0.13246753246753248 0.37298387096774199 0.31534090909090917 0.41042780748663105 0.38057040998217473 -0.442016806722689 -0.47014260249554363 0.44201680672268912 0.38403361344537817 0.48571428571428577 -0.35504201680672259 0.4781385281385282 0.44028520499108742 -0.12310606060606059 -0.26166328600405669 1.0000000180025095e-35 0.47100840336134459 -0.47100840336134447 0.19331243469174511 0.46824596774193555 -0.32085561497326193 -0.27281105990783405 -0.41302521008403353 0.43440860215053767 -0.47100840336134447 0.022770398481973434 -0.14611005692599616 -0.46824596774193544 -0.030330882352941176 0.46824596774193555 0.41042780748663105 0.48571428571428577 0.1642156862745098 0.48571428571428577 -0.090992647058823525 -0.3461174242424242 -0.41042780748663094 -0.4541871921182265 -0.32605042016806712 -1.0000000180025095e-35 -0.3507130124777183 -0.41302521008403353 -0.13095238095238093 0.38403361344537817 1.0000000180025095e-35 0.47100840336134459 0.46824596774193555 0.12678571428571431 0.44201680672268912 -0.44028520499108731 -0.24239631336405529 0.096875000000000003 -0.24642857142857141 0.14611005692599624 0.31534090909090917 -0.44028520499108731 0.40161290322580651 0.32085561497326209 0.436491935483871 -0.29705882352941171 -0.35504201680672259
decision_type=2 2 2 2 2 2 2 2 2 2 2 2 2 2 2 2 2 2 2 2 2 2 2 2 2 2 2 2 2 2 2 2 2 2 2 2 2 2 2 2 2 2 2 2 2 2 2 2 2 2 2 2 2 2 2 2 2 2 2 2 2 2
left_child=1 11 3 22 5 8 -7 -6 -5 13 -8 12 14 -10 36 16 20 21 -18 -19 -16 -17 23 24 44 26 -25 28 -2 30 34 32 33 -32 -30 -33 37 38 41 45 -20 -1 -43 49 -3 -23 -24 -48 -49 50 53 52 -52 56 -53 -56 -40 -55 -11 -29 -61 -62
right_child=27 2 -4 4 7 6 10 -9 9 58 -12 -13 -14 -15 15 17 18 19 40 -21 -22 39 46 25 -26 -27 -28 59 29 -31 31 35 -34 -35 -36 -37 -38 -39 43 -41 -42 42 -44 -45 -46 -47 47 48 -50 -51 51 54 -54 57 55 -57 -58 -59 -60 60 61 -63
leaf_value=-0.0020338605603958805 0.0013678337801419148 -0.00058157593551934187 -0.00030606451640562062 -0.00027576613907250415 -0.0043095726019684935 0.0051511219166472406 5.4059482509945368e-05 0.00014604994222427168 -0.00083718027627243698 -0.0018911148355953027 0.0024962978449404364 8.4627684742231261e-05 -0.003830990203621112 0.0009730967478582391 -0.00020628392793003015 -0.0010724791417757332 -0.0041747603716656362 0.0022685211699987238 -0.0011038207806159262 -0.001757183313108215 0.0037686675130070425 0.00020965867323445594 -1.5499815097736436e-05 -2.2095948618521792e-05 -0.00318051624392891 0.0002920353275471082 -0.005176991749124356 4.1642588003265468e-05 -0.00085049671837899752 -0.00021111934655492116 0.00091277190298431465 0.0012524420331533992 -0.0050761818876400447 -0.0032195425949969585 -0.0028012526234054156 -0.00086246999984018356 -0.00039723599348298394 0.00017440417364170235 0.0027574389940913965 -7.1097563758875253e-06 -0.0046949939687099106 0.0020182638613101965 -0.0022785556780835314 -0.00026673056792268871 0.0027540315951067786 -0.0027102676087536804 0.0011367178075242618 -0.0010323806570132115 0.0016425843426053511 -0.00075240976717880258 -0.0011905181930783244 0.00072977378809789962 0.0023184406389265273 0.00025878287865209449 -0.0012738395249501124 0.00061774066754772281 0.00019837333596913425 0.0028957769610002833 -0.00057099014169873874 0.0031620458427591828 -0.0039917621226210525 -0.00026122477491903406
leaf_weight=814 597 1641 37196 26362 103 102 5523 16427 1473 2032 310 414746 158 733 2450 1936 252 723 3077 145 123 267 135630 138 279 38471 105 38567 7570 33740 236 1266 155 219 429 453 7663 44461 669 15543 113 230 154 15438 133 385 2183 1044 480 1332 1596 3263 176 2577 1161 1161 310 211 1182 173 144 21993
leaf_count=814 597 1641 37196 26362 103 102 5523 16427 1473 2032 310 414746 158 733 2450 1936 252 723 3077 145 123 267 135630 138 279 38471 105 38567 7570 33740 236 1266 155 219 429 453 7663 44461 669 15543 113 230 154 15438 133 385 2183 1044 480 1332 1596 3263 176 2577 1161 1161 310 211 1182 173 144 21993
internal_value=-1.23079e-08 2.29531e-05 -3.99172e-05 2.32659e-06 -0.000161356 -0.0002838 0.000270475 0.000118028 -0.000387311 -0.000929694 0.00018426 5.57129e-05 -5.70091e-05 -0.000235501 -5.13599e-05 -0.000272609 -0.000835653 -9.43169e-05 -0.00144903 0.00159478 -1.48746e-05 -0.000175264 5.16281e-05 0.000225836 -0.000718818 0.000275949 -0.00226161 -0.000172494 -0.00031428 -0.000337099 -0.000748594 -3.80146e-05 -0.00210124 -0.00107889 -0.000955456 0.000694932 1.67859e-05 5.99249e-05 -0.000115033 -6.79482e-05 -0.00123246 -0.0012882 0.000293618 -6.46026e-05 -0.000330089 -0.00151604 6.57262e-07 0.00059165 -0.000189347 0.000185917 0.00029833 1.74913e-05 -0.000840888 0.000846663 0.000289938 -0.000328191 0.00194814 0.000459321 -0.00140595 -6.84634e-05 -0.000258796 -0.000285671
internal_weight=898223 792681 271547 234351 54247 37717 5935 16530 31782 5420 5833 521134 106388 2206 106230 25014 6015 18999 3442 868 2573 18131 180104 40767 2053 38714 243 105542 44665 44068 10328 2329 610 455 7999 1719 81216 73553 29092 16195 3190 1198 384 27894 1774 652 139337 3707 1524 12456 11124 7357 1772 3767 5585 2322 979 2788 3214 60877 22310 22137
internal_count=898223 792681 271547 234351 54247 37717 5935 16530 31782 5420 5833 521134 106388 2206 106230 25014 6015 18999 3442 868 2573 18131 180104 40767 2053 38714 243 105542 44665 44068 10328 2329 610 455 7999 1719 81216 73553 29092 16195 3190 1198 384 27894 1774 652 139337 3707 1524 12456 11124 7357 1772 3767 5585 2322 979 2788 3214 60877 22310 22137
is_linear=0
shrinkage=0.03


Tree=71
num_leaves=63
num_cat=0
split_feature=2 4 7 11 10 11 11 0 5 3 8 3 6 8 5 4 0 7 7 5 3 8 10 10 11 10 4 11 11 10 11 10 4 3 2 5 7 2 11 11 10 8 8 0 2 7 6 11 11 10 7 8 5 10 10 8 0 6 8 10 7 11
split_gain=3.76452 1.44151 1.63315 1.64046 2.05823 1.64009 2.17841 2.22332 1.60652 1.54113 1.87716 1.48854 1.60965 1.69019 2.12348 1.68785 1.43871 2.99333 2.20251 2.79904 1.80701 3.06914 1.77598 3.81754 2.09854 1.48567 1.48474 1.49502 1.71954 1.42923 1.42395 2.95429 3.34023 2.42456 1.99718 1.72471 3.69497 1.86071 3.17489 2.47223 2.68413 2.25378 1.71468 1.71941 1.6506 3.37831 3.26862 1.72176 1.56379 1.49269 1.47137 2.36699 2.33543 2.22063 2.32707 1.84058 1.46573 1.41965 2.17468 2.2869 2.71355 2.04683
threshold=0.11942959001782534 0.40767045454545459 -0.47014260249554363 0.46922348484848492 -0.37298387096774188 -0.050055617352614011 0.25378787878787884 -0.21651785714285712 0.41302521008403364 0.41302521008403364 0.11916835699797164 0.3550420168067227 -0.18857758620689652 -0.14076246334310846 0.47014260249554374 0.41302521008403364 0.24642857142857147 -0.46824596774193544 0.48571428571428577 0.44028520499108742 -0.38403361344537806 0.44201680672268912 0.43844696969696978 0.44028520499108742 -0.4226600985221674 0.069047619047619038 0.053605313092979119 0.46609195402298859 0.44028520499108742 -0.37689393939393934 0.35071301247771841 -0.44028520499108731 0.47100840336134459 0.096875000000000003 0.24217986314760512 -0.13435828877005343 -0.44028520499108731 0.38057040998217473 0.47014260249554374 0.43844696969696978 0.12284482758620692 -0.14076246334310846 0.47014260249554374 0.45529953917050697 0.47014260249554374 0.47014260249554374 0.41302521008403364 0.13095238095238096 0.34122983870967749 0.35960591133004927 0.48571428571428577 0.29361054766734285 0.42535650623885923 -0.24642857142857141 -0.12284482758620689 0.47100840336134459 0.40473790322580649 0.46720430107526889 0.30322580645161296 0.23431372549019611 0.11527514231499054 -0.16190476190476188
decision_type=2 2 2 2 2 2 2 2 2 2 2 2 2 2 2 2 2 2 2 2 2 2 2 2 2 2 2 2 2 2 2 2 2 2 2 2 2 2 2 2 2 2 2 2 2 2 2 2 2 2 2 2 2 2 2 2 2 2 2 2 2 2
left_child=1 8 -3 5 -5 9 7 -7 -1 10 -4 29 -13 -14 15 -15 18 25 19 -2 21 -21 30 -24 -25 -18 -26 28 -28 -8 44 32 34 -33 -32 36 -35 39 50 40 -37 -42 49 -44 45 46 48 -48 -19 -40 52 -52 -39 -53 -55 56 -54 58 59 -46 -61 -59
right_child=16 2 3 4 -6 6 11 -9 -10 -11 -12 12 13 14 -16 -17 17 22 -20 20 -22 -23 23 24 26 -27 27 -29 -30 -31 31 33 -34 35 -36 37 -38 38 42 -41 41 -43 43 -45 57 -47 47 -49 -50 -51 51 53 55 54 -56 -57 -58 61 -60 60 -62 -63
leaf_value=5.1745065867365246e-05 -3.2237386752178084e-05 -0.0033168804290919351 0.0004838572571032821 -0.0021819561740793062 0.0014509633066706179 -0.003227814804699157 -0.0016587377062666389 -0.00083763372599487615 0.00056654186819888284 0.0011199407262682609 -0.0012237572210020877 0.0014578460508110282 0.00076571730785595304 0.00025263560911840987 0.00037283341249609033 -0.0026769314846505632 -0.0021110407103783254 -5.8317647371208897e-05 -0.00060618954203564882 -0.0016159201431811586 0.00060073527329008796 0.0025807999229994672 -0.0024064907805286524 -0.004448229494335299 -0.0015999882497587186 -0.00029400499795997854 -0.00012815171440741161 -0.0025594950287556898 0.0034518187412872865 0.00088965202375835628 -0.00089997736050683103 -0.0019309998110103874 -0.0001681162621694761 0.0040023144475755191 0.0025569089254629911 0.0011512133886539516 -0.0013987667324459124 -0.00065420934114657843 8.5400477590785891e-05 -9.2080113274308701e-05 0.0019843786837767342 -0.00075602312459718899 0.0019341205143369028 0.00043845900073843453 -0.00051163363285751417 0.00052598864876636953 -0.00074758067526257868 -0.00011830384534923404 -0.0012230633975665332 -0.0033435786760244997 0.002130149126127892 -0.0026399901319295164 0.0010220537049047251 0.00087578717144023847 -0.0012717150874341273 0.0014101400792104455 -0.00035888038960819803 0.0011992077882125697 -0.0011866109393829098 0.0036277753093452484 -0.00063975387893381555 -0.0003531463292129736
leaf_weight=525885 180275 155 1394 165 910 388 226 3536 5512 1128 990 298 426 222 447 869 1029 70166 5639 769 9425 196 891 109 691 668 6609 222 122 1556 173 584 1064 123 1129 4572 1417 5191 4872 5708 333 1411 987 2310 2740 6845 11515 5928 1052 116 210 699 902 612 1753 996 2956 890 4299 285 252 5381
leaf_count=525885 180275 155 1394 165 910 388 226 3536 5512 1128 990 298 426 222 447 869 1029 70166 5639 769 9425 196 891 109 691 668 6609 222 122 1556 173 584 1064 123 1129 4572 1417 5191 4872 5708 333 1411 987 2310 2740 6845 11515 5928 1052 116 210 699 902 612 1753 996 2956 890 4299 285 252 5381
internal_value=-1.27248e-08 4.95339e-05 -0.00026619 -0.000228266 0.000891843 -0.000333223 -0.000571261 -0.00107473 5.70859e-05 0.000206846 -0.000225477 -8.25838e-05 -0.00059333 -0.000905141 -0.00136814 -0.00208113 -7.61422e-05 -0.000143584 -2.19243e-05 -4.6413e-06 0.00047413 -0.00076174 -0.000129957 -0.000547873 -0.000333992 -0.00139638 -0.000274751 -0.000142835 -6.27613e-05 0.000565707 -0.000105457 5.24359e-05 0.00107886 -1.55193e-05 0.00209725 1.63432e-05 -0.000965064 6.13142e-05 -0.000105168 0.000360423 0.000769317 -0.000231932 0.000355919 0.000886655 -0.000160495 -0.000116112 -0.00016569 -0.00053374 -7.55397e-05 5.00257e-06 -0.00039199 -0.000944202 -0.000211929 -0.00115554 -0.000715863 0.000261095 -3.5837e-05 -0.000466585 -0.000742923 -0.000160678 0.00162767 -0.000132675
internal_weight=898223 544107 12710 12555 1075 11480 7968 3924 531397 3512 2384 4044 2262 1964 1538 1091 354116 157812 196304 190665 10390 965 156115 8644 7753 1697 7644 6953 6731 1782 147471 38118 2366 35752 1302 35168 1540 33628 21604 12024 6316 1744 8285 3297 109353 95506 88661 17443 71218 4988 13319 3274 10045 3064 2365 4854 3858 13847 7576 3277 537 6271
internal_count=898223 544107 12710 12555 1075 11480 7968 3924 531397 3512 2384 4044 2262 1964 1538 1091 354116 157812 196304 190665 10390 965 156115 8644 7753 1697 7644 6953 6731 1782 147471 38118 2366 35752 1302 35168 1540 33628 21604 12024 6316 1744 8285 3297 109353 95506 88661 17443 71218 4988 13319 3274 10045 3064 2365 4854 3858 13847 7576 3277 537 6271
is_linear=0
shrinkage=0.03


Tree=72
num_leaves=63
num_cat=0
split_feature=2 3 11 8 2 8 2 11 2 9 5 9 11 2 6 11 8 11 9 9 10 6 11 11 3 3 11 1 8 9 5 8 8 11 8 11 10 11 1 8 6 1 10 9 10 6 11 9 3 11 5 8 11 10 11 0 11 1 2 5 11 2
split_gain=3.57092 1.67321 1.64981 2.14161 2.38288 1.77751 1.832 2.71019 1.70765 1.63301 1.62832 1.74524 1.66349 1.6023 1.59692 1.57643 1.72279 2.05277 1.44935 1.79758 1.788 3.22937 3.49225 1.65034 1.56942 1.41718 1.98147 2.38575 1.40571 1.9967 1.89315 1.52161 2.27797 1.70127 1.39221 1.36236 3.37079 1.90724 1.89824 1.65923 1.59552 1.38555 1.35989 1.48223 2.17465 1.99333 1.50719 1.39599 2.12034 1.6014 1.53061 1.3492 4.78014 2.64946 2.36614 2.12158 2.931 2.22308 2.70433 2.50277 2.32581 2.13077
threshold=0.3133928571428572 0.45529953917050697 0.35071301247771841 0.46922348484848492 -0.442016806722689 0.41302521008403364 -0.44028520499108731 0.47100840336134459 -0.33095238095238094 0.44201680672268912 -1.0000000180025095e-35 0.38403361344537817 -0.32085561497326193 -0.11359447004608293 0.40161290322580651 0.13484848484848486 -0.40473790322580638 -0.40767045454545447 0.37689393939393945 0.47014260249554374 0.29361054766734285 0.37689393939393945 -0.060661764705882353 -0.4226600985221674 -0.27772177419354832 0.47100840336134459 0.40473790322580649 0.43844696969696978 -0.47014260249554363 -0.32555780933062872 0.057983193277310947 -0.46824596774193544 -0.442016806722689 0.24642857142857147 -0.32085561497326193 -0.46824596774193544 -0.014718614718614713 -0.46922348484848481 -0.30151515151515146 0.37689393939393945 0.30947580645161293 0.21966911764705885 0.28456439393939398 0.44201680672268912 0.48571428571428577 0.45418719211822667 0.14611005692599624 0.1885775862068966 0.17156862745098042 0.21651785714285718 0.44028520499108742 -0.27772177419354832 0.44201680672268912 -0.16190476190476188 -0.47014260249554363 -0.27346041055718467 0.35960591133004927 -0.46824596774193544 -0.46922348484848481 -0.46922348484848481 -0.37298387096774188 -0.044155844155844164
decision_type=2 2 2 2 2 2 2 2 2 2 2 2 2 2 2 2 2 2 2 2 2 2 2 2 2 2 2 2 2 2 2 2 2 2 2 2 2 2 2 2 2 2 2 2 2 2 2 2 2 2 2 2 2 2 2 2 2 2 2 2 2 2
left_child=1 51 3 4 -3 6 7 -4 -7 13 -5 12 -12 -8 -10 16 17 -2 20 -20 35 22 23 -22 -24 26 -15 -28 29 -17 -31 33 -33 -30 -21 36 37 38 -18 -38 41 -39 47 46 -45 -46 -44 -34 -49 -50 -51 52 53 54 -1 57 -57 58 -56 -60 -59 -58
right_child=15 2 5 10 -6 8 9 -9 14 -11 11 -13 -14 25 -16 28 18 -19 19 34 21 -23 24 -25 -26 -27 27 -29 31 30 -32 32 42 -35 -36 -37 39 40 -40 -41 -42 -43 43 44 45 -47 -48 48 49 50 -52 -53 -54 -55 55 56 61 60 59 -61 -62 -63
leaf_value=0.0014002009051214544 -0.0033073794722934106 0.0016691041006603935 0.00061912634128314108 -0.0027309178837629801 -0.00066851066403346079 -0.0044678563843278778 -0.00077385414758453274 0.0066759103952118981 0.0023349315287944459 0.0038189684533230634 -0.001460767553878888 -0.0023734174829109435 0.0023204731416978665 0.0020559126844857524 -0.0013059620943507121 -0.0021810798675155722 0.0045954373203181097 -0.00065526764218408788 -0.00082995819346551043 0.0028294138462041261 -0.0015940713312125345 -0.00066008903531248903 -0.0023904507421136189 0.0016133523063626178 0.00011415992624862956 0.001179259103225591 -5.266491610998824e-05 -0.0047126653227930098 0.0010594205959025052 -0.00061867792852396191 0.0037436057571648162 0.0021095307739395028 -4.7735918740118654e-05 -0.0034875218480884878 -5.2333455208398647e-05 -0.00021655599554604957 -0.0003358357454485753 -0.0013212925951817248 0.00033700513533440089 -0.003501011708027261 0.0052532737046590084 0.0031238250169433246 0.0016734147960363666 0.00095249788046455593 -0.00031352127723429084 -0.0044095424979552628 -0.00056737114136573281 -0.00027167246245185544 0.0016513180127026622 1.8653676422067446e-05 0.0010738328890848379 1.4163993339133281e-05 -0.00056164617739169656 0.00023680768434030611 0.0023097631528962294 -1.3460897661273508e-05 0.0016036158934221219 0.00051673960985833517 -0.0014907618774762424 0.0017399799255328387 -0.00066144805204942144 -0.0001265068659474055
leaf_weight=1022 288 407 185 101 10348 114 1053 103 139 114 123 104 681 187 480 105 100 2895 6087 161 152 2093 259 2626 1680 1446 294 148 108 128 295 442 74491 232 2198 65115 492 100 1405 213 160 168 277 1643 741 124 9634 3402 1183 3183 2023 533458 8952 105268 587 32350 1824 1750 581 342 10872 987
leaf_count=1022 288 407 185 101 10348 114 1053 103 139 114 123 104 681 187 480 105 100 2895 6087 161 152 2093 259 2626 1680 1446 294 148 108 128 295 442 74491 232 2198 65115 492 100 1405 213 160 168 277 1643 741 124 9634 3402 1183 3183 2023 533458 8952 105268 587 32350 1824 1750 581 342 10872 987
internal_value=-1.27539e-08 3.0369e-05 -0.00027269 -0.000455908 -0.000579902 0.0002329 0.000512084 0.00280087 -0.00111046 0.00030796 0.000865015 0.00126757 0.0017409 0.000178822 -0.000485931 -0.00011778 -0.000211366 -0.000896196 -0.000185096 -0.000557535 -0.000142901 0.000320444 0.000755568 0.00143735 -0.000221451 0.000662416 -0.000525733 -0.00162014 -3.54781e-05 0.00150681 0.00242523 -4.3847e-05 -3.68243e-05 -0.00204433 0.000145459 -0.000189477 0.000478756 0.00112628 0.000622821 -0.00129573 0.00289103 0.00146645 -4.66566e-05 -0.000339721 0.00031171 -0.00090511 -0.000504581 -3.4699e-06 0.000333281 0.000655398 0.000428813 3.73281e-05 0.00011243 0.000151219 -2.78488e-05 -5.74846e-05 6.72924e-05 -0.000367918 0.00071961 -0.000293085 -0.000498068 0.000996305
internal_weight=898223 714020 16027 11764 10755 4263 3530 288 733 3242 1009 908 804 3128 619 184203 86192 3183 83009 8446 74563 6810 4717 2778 1939 2075 629 442 98011 528 423 97483 97143 340 2359 67753 2638 1933 1505 705 428 268 96701 12419 2508 865 9911 84282 9791 6389 5206 697993 164535 155583 50315 49293 35161 14132 1510 923 12622 2811
internal_count=898223 714020 16027 11764 10755 4263 3530 288 733 3242 1009 908 804 3128 619 184203 86192 3183 83009 8446 74563 6810 4717 2778 1939 2075 629 442 98011 528 423 97483 97143 340 2359 67753 2638 1933 1505 705 428 268 96701 12419 2508 865 9911 84282 9791 6389 5206 697993 164535 155583 50315 49293 35161 14132 1510 923 12622 2811
is_linear=0
shrinkage=0.03


Tree=73
num_leaves=63
num_cat=0
split_feature=1 5 2 2 7 11 9 10 3 11 5 7 3 6 11 10 2 2 10 6 9 10 3 2 1 10 11 2 4 6 10 11 7 4 9 3 6 6 6 10 5 11 11 4 7 11 11 9 3 7 10 11 10 11 5 11 9 7 2 7 7 4
split_gain=3.45685 3.51582 2.63086 2.42152 2.89188 1.66873 1.79462 2.07005 1.79621 1.57396 2.84989 4.3545 2.54327 1.90323 1.56473 3.00266 2.11486 4.25253 2.1048 1.95297 1.76371 1.80021 1.43134 1.36763 2.06582 2.57291 2.83667 1.90255 1.83685 1.76979 2.90639 1.70387 3.63119 3.29182 1.99289 1.9445 1.89716 2.8044 1.89427 2.84202 3.33878 1.71982 1.64055 1.69064 1.49619 1.48856 1.47371 2.0289 1.45115 1.38859 1.37536 2.07798 1.552 1.72575 1.36325 1.92579 2.3271 2.88496 2.56398 1.8665 1.86008 1.68844
threshold=0.40767045454545459 0.41302521008403364 -0.030776515151515135 0.48571428571428577 -0.14076246334310846 0.48571428571428577 0.22570532915360506 0.11916835699797164 -0.41042780748663094 0.38057040998217473 -0.17961876832844573 -0.47014260249554363 0.22301136363636367 -0.46922348484848481 0.48571428571428577 -0.47100840336134447 0.47014260249554374 0.47100840336134459 0.17156862745098042 0.47857142857142865 0.32085561497326209 0.32555780933062883 0.45529953917050697 -0.38057040998217462 -0.16421568627450978 -0.442016806722689 -0.442016806722689 -0.3673020527859237 -0.30322580645161284 0.44201680672268912 -0.36436781609195396 0.35071301247771841 0.32807881773399022 -0.47014260249554363 -0.090992647058823525 0.3336405529953918 0.060661764705882366 0.34611742424242431 -0.46824596774193544 -0.015640273704789816 -0.32605042016806712 0.015640273704789823 0.25809822361546503 -0.44028520499108731 -0.3507130124777183 -0.15111561866125756 0.46824596774193555 -0.17694497153700187 -0.47100840336134447 0.48571428571428577 0.43844696969696978 -0.4226600985221674 0.48571428571428577 -0.087221095334685597 -0.47014260249554363 1.0000000180025095e-35 -0.11916835699797161 0.47100840336134459 -0.45529953917050686 -0.47100840336134447 -0.21651785714285712 -0.45529953917050686
decision_type=2 2 2 2 2 2 2 2 2 2 2 2 2 2 2 2 2 2 2 2 2 2 2 2 2 2 2 2 2 2 2 2 2 2 2 2 2 2 2 2 2 2 2 2 2 2 2 2 2 2 2 2 2 2 2 2 2 2 2 2 2 2
left_child=1 2 23 -3 -5 9 7 -7 -9 12 11 -11 -4 -12 -2 -16 18 -18 -17 -20 21 -19 -14 24 25 26 -1 44 -26 -29 -31 35 36 -34 -35 50 38 -38 39 46 -41 45 43 -32 -25 -37 47 -33 -30 -44 54 -52 -53 -54 55 59 58 -58 60 -27 -57 -60
right_child=14 3 5 4 -6 6 -8 8 -10 10 13 -13 22 -15 15 16 17 20 19 -21 -22 -23 -24 27 28 31 -28 29 48 30 42 32 33 34 -36 41 37 -39 -40 40 -42 -43 49 -45 -46 -47 -48 -49 -50 -51 51 52 53 -55 -56 56 57 -59 61 -61 -62 -63
leaf_value=-0.0035063885340932757 -0.00019299066414490141 0.00045001282377501192 -2.7385609545761848e-06 -0.0048656693023133146 -0.00011532981025337062 -0.00048350431465739036 -0.0014456946725735186 0.0040942392857295689 0.00047286297512828698 0.0015039710371323475 -0.0010438354231190187 -0.00057835379268006935 -0.0001529243555558705 0.00033031415883587751 -0.0045402466167250403 0.00012227522905415114 0.0044444055532450585 0.0004762161032359125 -0.0027561422218416775 0.0018370600450126563 0.0029451426499757889 -0.0034565845901508713 -0.0005960681553090337 -0.00031580716358260344 -0.0019424873760297983 0.0024900269510673002 -0.00047380157344947848 9.4855104822679154e-05 -0.0027419432254873538 0.0014186607373039269 -0.0025178850648403797 0.00093416116608154042 0.0064307257321403691 0.0034240199863431612 0.00015832933956054878 -0.00098912739242567574 -0.0010339491351669542 0.0013756105377239925 0.00063401671898967199 -0.0041456023519140638 0.0018769686558516695 -0.00014312933745049331 -0.0010916898569752964 -0.00018975675001962176 0.0006899852217189242 -0.0038657317728112181 0.0020948317555950511 -0.0032549562461180498 -0.00022847482308181792 -0.0040545607632342376 -0.0018188235999767521 0.0011441471601226188 0.0013298413923012336 -0.0010351684132271098 5.1010710754638482e-05 0.0046881332562907652 -0.00091073861247042021 0.0039916588326629537 -0.0015798177187734273 -0.0011058179468289343 0.0007382214185408251 0.0020737219272793975
leaf_weight=299 97879 21036 228284 166 373 5752 1406 144 825 1024 936 7646 92813 28491 114 2314 266 3491 459 101 253 107 7058 1607 598 135 3727 285406 208 762 294 278 143 277 426 390 1885 564 7743 320 111 831 1380 5807 7738 277 298 165 19141 158 305 2715 441 746 46728 254 1411 116 290 2939 186 186
leaf_count=299 97879 21036 228284 166 373 5752 1406 144 825 1024 936 7646 92813 28491 114 2314 266 3491 459 101 253 107 7058 1607 598 135 3727 285406 208 762 294 278 143 277 426 390 1885 564 7743 320 111 831 1380 5807 7738 277 298 165 19141 158 305 2715 441 746 46728 254 1411 116 290 2939 186 186
internal_value=-1.20217e-08 2.13987e-05 1.08377e-05 0.000399111 -0.00158463 -4.62248e-05 -0.000471388 -0.000267383 0.00101469 -3.67893e-05 0.000145733 -0.000332269 -5.79796e-05 0.000286572 -0.000161786 0.000268062 0.000347108 0.000782991 -0.000277349 -0.00192593 0.000528998 0.000358332 -0.000184247 6.46101e-05 -3.52778e-05 3.75974e-05 -0.000699838 9.56268e-05 -0.0003063 8.22223e-05 -0.000346911 7.99231e-05 0.000401988 0.00229694 0.00144813 1.20588e-05 0.000260727 -0.000478697 0.000463882 -0.000659723 -0.00259379 -0.00105437 -0.000523191 -0.000302341 0.00051701 -0.00218776 0.000467201 -0.000629936 -0.000255635 -0.0013985 4.03756e-05 0.000562135 0.000748661 -0.000156129 -1.64874e-06 -0.000447593 0.000181114 -0.000535955 0.00137577 -0.000947142 0.00302386 -0.00015082
internal_weight=898223 793239 771664 21575 539 374379 8127 6721 969 366252 38097 8670 328155 29427 104984 7105 6991 4117 2874 560 3851 3598 99871 397285 94133 74186 4026 303152 19947 293807 8401 70160 12210 846 703 57950 11364 2449 8915 1172 431 1498 7639 6101 9345 667 741 443 19349 1538 56452 4207 3902 1187 52245 5517 2443 1527 916 3074 440 476
internal_count=898223 793239 771664 21575 539 374379 8127 6721 969 366252 38097 8670 328155 29427 104984 7105 6991 4117 2874 560 3851 3598 99871 397285 94133 74186 4026 303152 19947 293807 8401 70160 12210 846 703 57950 11364 2449 8915 1172 431 1498 7639 6101 9345 667 741 443 19349 1538 56452 4207 3902 1187 52245 5517 2443 1527 916 3074 440 476
is_linear=0
shrinkage=0.03


Tree=74
num_leaves=63
num_cat=0
split_feature=2 9 3 10 7 8 4 4 5 9 3 5 8 10 10 10 10 2 7 4 10 10 2 0 7 6 5 10 6 5 8 8 10 2 5 4 5 8 2 4 8 7 6 5 9 2 0 4 4 6 8 2 10 6 9 8 8 4 7 0 8 7
split_gain=3.29273 1.63602 1.54101 3.27985 1.7984 2.13767 2.28083 1.99588 1.92015 1.85486 1.73917 2.34481 1.53317 1.48697 2.68894 2.33764 1.47421 1.44332 1.87683 1.43093 2.28449 1.71909 1.40871 1.39608 1.58129 1.4178 1.39374 2.61425 2.05347 1.37161 1.38444 1.35784 1.35702 1.35538 1.45672 1.3523 1.33654 1.3288 1.30831 1.29525 1.78687 1.6384 1.38443 1.29376 1.75788 1.50755 1.6951 1.46602 1.47753 1.41711 1.34472 1.37549 3.01856 2.19965 2.00417 1.92819 1.90467 1.42603 1.32541 1.28931 2.07138 2.34839
threshold=0.3928571428571429 -0.14611005692599616 0.13246753246753248 0.436491935483871 0.31534090909090917 0.41042780748663105 -0.47014260249554363 -0.12678571428571425 -0.43202764976958524 -0.27281105990783405 -0.35504201680672259 0.4781385281385282 0.40161290322580651 -0.44028520499108731 -0.43649193548387094 -0.43440860215053761 -0.41302521008403353 -0.47014260249554363 -0.47100840336134447 -1.0000000180025095e-35 -0.38403361344537806 -0.02332657200811358 0.13246753246753248 -0.3461174242424242 -0.3461174242424242 0.47100840336134459 0.44028520499108742 -0.442016806722689 0.45418719211822667 -0.41042780748663094 -0.3461174242424242 0.46609195402298859 0.11527514231499054 0.037053571428571415 0.29705882352941182 0.28456439393939398 -0.092329545454545428 -0.3461174242424242 0.26806722689075635 -0.24239631336405529 0.43218390804597706 0.40767045454545459 0.47100840336134459 -0.41042780748663094 -0.4541871921182265 -0.3507130124777183 -0.44028520499108731 -0.47014260249554363 -0.47100840336134447 -0.47014260249554363 -0.13095238095238093 -0.46922348484848481 0.030330882352941183 -0.41302521008403353 -0.24642857142857141 -0.38057040998217462 -0.38403361344537806 -0.44028520499108731 -0.47014260249554363 0.38982683982683985 0.40767045454545459 0.48571428571428577
decision_type=2 2 2 2 2 2 2 2 2 2 2 2 2 2 2 2 2 2 2 2 2 2 2 2 2 2 2 2 2 2 2 2 2 2 2 2 2 2 2 2 2 2 2 2 2 2 2 2 2 2 2 2 2 2 2 2 2 2 2 2 2 2
left_child=2 -2 10 4 7 8 -7 12 -6 17 11 19 -4 -12 29 -16 -8 -9 -19 23 36 31 -11 43 -25 -26 28 38 -10 -15 -31 -22 -29 34 35 -30 -21 -20 -28 40 41 -17 -43 44 45 -1 -47 48 49 -45 51 54 53 56 57 -54 -53 -46 -57 60 -3 -62
right_child=1 59 3 -5 5 6 16 9 26 22 13 -13 -14 14 15 39 -18 18 37 20 21 -23 -24 24 25 -27 27 32 33 30 -32 -33 -34 -35 -36 -37 -38 -39 -40 -41 -42 42 -44 47 50 46 -48 -49 -50 -51 -52 52 55 -55 -56 58 -58 -59 -60 -61 61 -63
leaf_value=-0.0019793789730697909 -0.00029531718971969662 -8.3939361462136112e-05 -0.00014615200084531409 -0.00040021345502103269 0.0023792532609287096 -0.0042658007910193986 -0.00091010836065303204 -0.0019666811828012308 -0.00026854281732011185 0.00011587393193446354 -0.00019292850864912188 -0.0036974887920648981 -0.0012194246224034447 0.0031954786214958624 -0.0026766167860762875 5.1805178797386161e-06 0.00021946885133499873 -0.0031041962791183222 0.00075519779704537966 -0.0036002238206111078 9.1351462960587699e-05 -0.00049191891282771819 -8.2879296256552822e-05 -0.00099611826910263193 -6.7151512180816918e-05 -0.002911820423873199 -0.0055458157592093438 -9.6404477608124091e-05 -0.001729077139682412 -0.00059615035036063573 0.0010345793542701383 0.002387273814384265 0.0008138684304545555 -0.00059126933452011013 -1.6457998560371931e-05 -0.0045661342777785349 -0.0010262520457893773 0.00022661218288798189 -0.0011132558742538094 0.00012043328505278123 -0.00060510679370561426 0.00098987782602937197 -0.00092196412737108476 0.0029775700647881407 0.0026851709495718554 0.0025887118130732967 -0.0014191894091011301 0.0001001908644998601 0.0024630911289188527 -0.00010329626913429873 -0.00026117347432485648 -0.0026113113289665982 0.0014408903896534167 -0.00010527912240352573 0.00024358493690165167 0.0024719458680886488 -0.0004965566642695686 -0.0001532731806794398 -9.8616100422316925e-05 -0.0002146403682971045 0.00066877154762327688 -0.00044992670326842707
leaf_weight=813 44665 24594 27726 20671 243 105 1109 256 28119 70579 17353 158 1251 221 275 108732 16456 145 5020 204 6099 7524 58860 2471 7664 160 100 4273 1064 563 2775 240 2249 3586 382 176 1607 29028 149 277721 4217 2495 394 160 621 165 221 49581 464 812 15522 698 1498 3712 2305 194 850 214 2431 26283 7849 2151
leaf_count=813 44665 24594 27726 20671 243 105 1109 256 28119 70579 17353 158 1251 221 275 108732 16456 145 5020 204 6099 7524 58860 2471 7664 160 100 4273 1064 563 2775 240 2249 3586 382 176 1607 29028 149 277721 4217 2495 394 160 621 165 221 49581 464 812 15522 698 1498 3712 2305 194 850 214 2431 26283 7849 2151
internal_value=-1.1823e-08 -0.000157425 2.09472e-05 -3.69991e-05 -7.07046e-06 -0.000153525 0.000121635 3.69815e-05 -0.000274049 7.75619e-05 5.11413e-05 -5.70669e-05 -0.000192528 7.88983e-05 9.07686e-05 8.3349e-05 0.000148103 0.000273194 0.00029002 -5.16176e-05 -0.00031626 -0.000185308 2.54946e-05 -5.80868e-06 -0.000334686 -0.000125689 -0.000290187 0.000102194 -0.000369908 0.000911562 0.000759438 0.00017864 0.000217564 -0.00091704 -0.00163646 -0.00213511 -0.00131802 0.000304566 -0.00290846 8.52843e-05 1.01444e-06 2.39187e-05 0.000728913 3.63797e-05 -0.000122705 -0.00124712 0.000296295 0.000127571 0.0010722 0.000406381 -7.45901e-05 0.000156678 -2.52225e-05 -0.000501573 0.000700073 0.000582466 -0.00145118 0.0019584 9.22297e-05 -5.62515e-05 6.4088e-05 0.000428119
internal_weight=898223 105542 792681 271547 250876 58011 17670 192865 40341 163888 521134 106388 28977 414746 397393 393834 17565 34449 34193 106230 15674 13863 129439 90556 10295 7824 40098 6771 33327 3559 3338 6339 6522 5208 1622 1240 1811 34048 249 393559 115838 111621 2889 80261 29244 1199 386 51017 1436 972 28045 12523 9383 5260 3140 4123 1548 835 2625 60877 34594 10000
internal_count=898223 105542 792681 271547 250876 58011 17670 192865 40341 163888 521134 106388 28977 414746 397393 393834 17565 34449 34193 106230 15674 13863 129439 90556 10295 7824 40098 6771 33327 3559 3338 6339 6522 5208 1622 1240 1811 34048 249 393559 115838 111621 2889 80261 29244 1199 386 51017 1436 972 28045 12523 9383 5260 3140 4123 1548 835 2625 60877 34594 10000
is_linear=0
shrinkage=0.03


Tree=75
num_leaves=63
num_cat=0
split_feature=4 11 5 4 8 6 5 8 11 11 8 6 6 7 10 10 11 8 8 4 1 5 2 10 10 8 4 2 0 5 5 10 7 2 2 10 2 0 6 8 11 8 0 10 2 1 8 5 11 1 10 4 7 0 10 8 8 2 7 1 6 4
split_gain=3.13519 2.25703 2.04096 1.94177 2.77944 2.80892 1.92059 2.09597 2.17517 2.10321 2.19747 2.6528 2.02898 1.89107 1.85866 1.85212 3.04482 2.24804 3.01655 2.55385 2.11778 2.61269 2.01653 1.83267 1.83024 2.14207 1.84036 1.82625 1.7017 2.51484 1.84841 1.7994 1.662 1.65366 1.79509 1.63199 1.62677 1.62078 2.59072 1.61609 1.74224 1.59804 1.54836 2.76125 2.3903 1.53805 1.5365 1.53298 1.51839 1.49301 1.48654 1.69211 1.46138 1.45054 1.58912 1.73056 1.5907 1.67361 1.83594 1.67293 1.79417 1.44169
threshold=0.37689393939393945 0.44201680672268912 0.4781385281385282 0.46824596774193555 0.24239631336405534 -0.41042780748663094 0.41302521008403364 -1.0000000180025095e-35 -0.43649193548387094 0.44201680672268912 -0.26568627450980387 0.1815668202764977 -1.0000000180025095e-35 -0.35960591133004921 -0.11916835699797161 -0.11916835699797161 -0.14611005692599616 0.23861480075901334 0.48571428571428577 0.24239631336405534 0.11359447004608299 0.044155844155844122 0.38403361344537817 0.3550420168067227 -0.43649193548387094 0.44028520499108742 -0.20777988614800755 0.48571428571428577 0.11942959001782534 -0.37689393939393934 -0.46824596774193544 0.090992647058823553 -0.3507130124777183 -0.32605042016806712 -0.46824596774193544 0.33602150537634418 -0.47014260249554363 0.4781385281385282 0.35071301247771841 0.46720430107526889 0.48571428571428577 0.25378787878787884 0.4781385281385282 -0.015640273704789816 0.47100840336134459 -0.10948191593352884 0.46824596774193555 -0.22792207792207791 0.47100840336134459 0.17394957983193279 -0.41042780748663094 -0.27281105990783405 0.40161290322580651 -0.17694497153700187 0.30947580645161293 0.48571428571428577 0.38403361344537817 -0.40161290322580639 0.46922348484848492 -0.44028520499108731 0.43844696969696978 0.073593073593073613
decision_type=2 2 2 2 2 2 2 2 2 2 2 2 2 2 2 2 2 2 2 2 2 2 2 2 2 2 2 2 2 2 2 2 2 2 2 2 2 2 2 2 2 2 2 2 2 2 2 2 2 2 2 2 2 2 2 2 2 2 2 2 2 2
left_child=6 -2 3 -3 5 -5 7 9 -9 -1 12 35 -11 37 48 16 17 36 24 -20 61 22 -22 -4 25 -19 -27 42 29 31 -30 41 -14 34 -31 -12 -15 -10 45 -29 -41 -17 46 44 -44 -39 52 -16 -13 -50 51 -38 -6 54 55 -33 -56 59 -59 60 -58 -18
right_child=1 2 23 4 27 -7 -8 8 13 10 11 14 32 15 47 28 20 18 19 -21 21 -23 -24 -25 -26 26 -28 39 30 33 -32 53 -34 -35 -36 -37 50 38 -40 40 -42 -43 43 -45 -46 -47 -48 -49 49 -51 -52 -53 -54 -55 56 -57 57 58 -60 -61 -62 -63
leaf_value=8.0833626030293919e-05 -0.00018636710437092889 0.0002812336371110965 0.00081507432433549493 -0.0057598052132618793 0.00084073381758561084 -0.0011555197548997447 0.00038015150585268045 0.00023569517598919063 -0.00027615066702839922 -0.0003070705734408129 -4.1459176636830099e-05 0.00078932100775234982 0.00061138806147833483 -0.0021290304035763256 -0.0014233252538320121 -0.00033101332735971942 0.00025012700239010211 -0.00015814513824011033 0.0019539378878677552 -0.0019740913949594274 -0.00031351598291968152 0.00010091388767409267 -0.0018134578503144856 -0.0015423857844406128 -0.00065565178085087998 0.004891488823364645 0.00068850034638479182 0.0015487167562697217 0.002114669610339316 -0.00062618218992140508 -0.00021042083304023484 -5.4930583678690169e-05 -0.0016240380010843561 -1.2055301554286635e-05 0.00044939823449335274 -0.001555269110446137 0.0008752839993462128 -0.0068104481168752796 0.0015671513607615933 -0.0015738330002589946 0.00085379630750954429 -0.0013088770820729584 0.0011760565993269008 -0.0045154971608325194 -0.0038867634488269683 -0.0018122631005086478 0.0010896184930206613 0.00091347846627487885 0.0044843975313482746 0.00094943381945145186 0.00022462569770047001 -0.00078381145113937958 -0.0014691367469739146 0.00041153420747342138 -0.00042850903089174222 0.0030181463701668878 -0.0041608806943168016 0.00019461205680370205 -0.0040860441327713161 -0.0052836977679833093 0.00074055711607593042 0.00077608631069390381
leaf_weight=373285 112571 7952 4901 130 349 1343 13330 24799 25285 7563 7156 455 349 299 352 3376 36522 1952 784 183 2940 23008 1111 315 13088 148 254 903 308 1566 74947 4640 2083 96638 12842 703 687 106 101 458 632 2713 273 229 120 117 586 888 301 168 15397 2826 834 3211 3581 170 127 446 112 188 141 5381
leaf_count=373285 112571 7952 4901 130 349 1343 13330 24799 25285 7563 7156 455 349 299 352 3376 36522 1952 784 183 2940 23008 1111 315 13088 148 254 903 308 1566 74947 4640 2083 96638 12842 703 687 106 101 458 632 2713 273 229 120 117 586 888 301 168 15397 2826 834 3211 3581 170 127 446 112 188 141 5381
internal_value=-1.22736e-08 -0.000135291 0.00016692 -2.40614e-05 -0.000438535 -0.0015655 2.32093e-05 1.68925e-05 -3.54129e-05 6.47681e-05 -0.000234802 7.90791e-05 -0.000549539 -5.54712e-05 0.00100892 -3.49765e-05 6.77595e-05 -0.000157479 -0.000415337 0.00120931 0.000184093 -2.27897e-05 -0.000725226 0.000672436 -0.000517146 0.000252884 0.00224417 -5.96091e-05 -8.73854e-05 -2.15598e-05 -0.000200877 -0.000343356 -0.00130313 3.26473e-05 0.000332458 -0.000177053 6.28026e-05 -0.00030322 -0.00240836 0.000610884 -0.000166761 -0.000766851 -0.000618516 -0.00190469 -0.000375784 -0.00420788 -0.000165461 0.000249515 0.00202667 0.00322286 9.757e-05 -0.000459203 -0.000787561 -0.000138915 -0.000326869 5.42861e-05 -0.000725784 -0.00177417 -0.00067036 -0.00312046 -0.00158897 0.000317685
internal_weight=898223 131596 19025 13809 5857 1473 766627 753297 359994 393303 20018 10023 9995 335195 2164 309586 104580 35618 16409 967 68962 27059 4051 5216 15442 2354 402 4384 205006 129751 75255 18705 2432 111046 14408 7859 19209 25609 324 1993 1090 6089 2391 622 393 223 1769 1240 924 469 18910 3513 1183 12616 9405 4810 4595 1014 558 456 268 41903
internal_count=898223 131596 19025 13809 5857 1473 766627 753297 359994 393303 20018 10023 9995 335195 2164 309586 104580 35618 16409 967 68962 27059 4051 5216 15442 2354 402 4384 205006 129751 75255 18705 2432 111046 14408 7859 19209 25609 324 1993 1090 6089 2391 622 393 223 1769 1240 924 469 18910 3513 1183 12616 9405 4810 4595 1014 558 456 268 41903
is_linear=0
shrinkage=0.03


Tree=76
num_leaves=63
num_cat=0
split_feature=1 11 11 10 7 7 10 10 11 10 10 4 10 9 9 8 11 7 7 10 8 9 3 6 11 8 10 8 8 7 0 6 10 11 6 10 3 4 9 8 8 10 7 8 11 11 11 7 11 10 1 9 11 10 4 11 8 8 4 11 7 1
split_gain=2.95978 1.97574 2.8525 1.66506 2.25792 1.5855 2.87238 2.18359 1.64761 2.86194 2.00017 1.90423 2.02564 2.34251 1.87677 3.61039 1.73735 1.81678 1.61983 2.58667 2.47788 2.23573 2.02601 1.80492 2.78738 1.63403 1.60282 1.56036 1.55179 2.02084 2.56866 2.71557 1.64475 1.92518 1.75432 1.75142 1.94522 1.66893 1.81301 1.99297 1.66642 1.66258 4.2613 3.48201 2.57128 2.85813 2.63259 2.86496 1.95222 1.64504 1.58398 1.58224 1.5443 2.27782 1.53842 1.50935 2.32354 1.50867 1.48704 2.24515 2.94455 2.12223
threshold=0.29099821746880572 -0.46824596774193544 -0.47014260249554363 -0.18857758620689652 -0.20777988614800755 -0.41042780748663094 0.087221095334685597 -0.39113300492610831 0.24239631336405534 0.15571120689655174 0.1566964285714286 0.1566964285714286 0.046920821114369467 0.078201368523949225 -0.33095238095238094 -0.43844696969696967 -0.13095238095238093 0.19848484848484851 0.20294117647058826 -0.18857758620689652 0.39827586206896559 -0.35504201680672259 0.45529953917050697 -0.40161290322580639 -0.32085561497326193 0.046920821114369467 -0.38057040998217462 -0.43218390804597695 -1.0000000180025095e-35 -0.35960591133004921 0.4781385281385282 0.32807881773399022 0.33602150537634418 0.34611742424242431 0.32807881773399022 0.12678571428571431 -0.47100840336134447 -0.42488479262672801 -0.225705329153605 0.45418719211822667 0.26166328600405681 0.48571428571428577 0.47100840336134459 0.48571428571428577 0.32807881773399022 0.47014260249554374 0.46824596774193555 -0.21198156682027647 0.41302521008403364 -0.3461174242424242 -0.41302521008403353 0.3550420168067227 0.24239631336405534 -0.44028520499108731 -0.26806722689075629 -0.30947580645161282 -0.38403361344537806 -0.46922348484848481 -0.35504201680672259 0.48571428571428577 -0.46922348484848481 -0.3673020527859237
decision_type=2 2 2 2 2 2 2 2 2 2 2 2 2 2 2 2 2 2 2 2 2 2 2 2 2 2 2 2 2 2 2 2 2 2 2 2 2 2 2 2 2 2 2 2 2 2 2 2 2 2 2 2 2 2 2 2 2 2 2 2 2 2
left_child=1 2 3 4 -1 6 7 -2 11 14 -11 12 13 26 15 -10 17 -14 19 25 22 -21 23 24 -20 57 -7 -16 58 30 -30 -32 33 34 37 40 -37 38 -31 -40 52 43 -43 44 -34 46 47 -46 -45 -42 -51 -47 -36 -54 -28 -25 -57 -13 59 61 -61 -3
right_child=5 28 -4 -5 -6 8 -8 -9 9 10 -12 18 16 -15 27 -17 -18 -19 20 21 -22 -23 -24 55 -26 -27 54 -29 29 32 31 -33 41 -35 35 36 -38 -39 39 -41 49 42 -44 48 45 51 -48 -49 -50 50 -52 -53 53 -55 -56 56 -58 -59 -60 60 -62 -63
leaf_value=0.001697598320623449 0.00054963770290222867 5.7018116988160433e-05 0.00078292176383485768 -0.00010448318503320028 0.0001235142484591354 -0.00089759741522224112 0.00029507265033575336 -0.0017939691774860817 0.003250023956227146 -0.0039808346387739712 -0.00027497476774928406 -0.0023310963016835032 -0.0014103972594028302 0.0040553971522322464 -0.0011296815094647887 -0.00026122990712695713 -0.0014344705192303887 0.0027663035795508278 0.0019968979099701128 0.0014616243276075198 -3.5056925571053582e-05 6.1860932157317407e-05 -0.00086225796471581088 -0.0006868217503341801 -0.0017850511835165817 -0.00078882362234607335 -0.0019261188599921297 0.00023865118536176147 -0.00025108620502937718 -0.0010645613579131931 -0.0050108751918228603 0.0010152036255907896 -0.0002001696094121974 0.00022716896822585263 -0.00045047148668174181 0.0034792292445861533 7.5899970189419565e-05 5.9295990812864691e-05 8.2497474598882268e-05 -0.0022278688385324176 0.00041055637907943333 0.00036170132066573097 -0.0033159657955711365 0.00093206722987530018 -0.003490736610490641 0.0021909536909650801 -0.0049387120408408173 -0.00082575606227789798 0.0048352005328376624 -0.0011960510757194137 -0.00016490808748685211 -0.00046459667563462107 -0.0058392131637486789 -0.001167127278227888 0.0015156221161065221 0.0023115081594772386 -0.00020878143524149725 -5.7807690810151816e-05 9.1213020291662999e-05 -0.0035345801297240582 -0.00051116985653952844 -0.00035949127300752807
leaf_weight=1193 439 48713 7497 11831 2620 409 1575 1924 268 131 18913 270 156 216 762 13028 667 232 200 1061 25801 31129 7277 6455 1383 5395 127 44233 25332 2464 203 100 38321 36713 10629 152 12497 149782 4858 360 4059 7985 293 1098 416 333 175 2817 128 1500 12565 510 100 1359 1362 332 29079 8624 294081 358 1509 14224
leaf_count=1193 439 48713 7497 11831 2620 409 1575 1924 268 131 18913 270 156 216 762 13028 667 232 200 1061 25801 31129 7277 6455 1383 5395 127 44233 25332 2464 203 100 38321 36713 10629 152 12497 149782 4858 360 4059 7985 293 1098 416 333 175 2817 128 1500 12565 510 100 1359 1362 332 29079 8624 294081 358 1509 14224
internal_value=-1.27388e-08 2.92688e-05 0.000301822 7.12316e-05 0.000616325 -0.000101292 -0.000697262 -0.00135852 -8.94063e-05 1.86058e-05 -0.000300674 -0.000158914 0.000566608 0.00110225 0.00012292 -0.000190216 -0.000506733 0.0010877 -0.000178569 -4.10679e-05 -0.000269183 0.000108042 -0.000404239 -0.000315217 -0.00130627 -0.000376964 0.00076421 0.000215454 1.99055e-05 -2.87152e-05 -0.000283993 -0.00302527 -6.07944e-06 2.74595e-05 -9.14166e-06 -0.000179303 0.000117069 3.71764e-05 -0.000394058 -7.72955e-05 -0.000303386 -0.000158739 0.000231145 -0.000232432 -0.000277837 -0.000977766 -0.00136457 -0.00116964 0.00134318 -0.000121415 -0.000274954 0.000585746 -0.00057619 -0.00149113 0.00122097 -0.00027144 -0.000180254 -0.000127073 6.25467e-05 -6.75405e-05 -0.0010925 -3.71188e-05
internal_weight=898223 696775 23141 15644 3813 201448 3938 2363 197510 77335 19044 120175 3169 2114 58291 13296 1055 388 117006 46479 70527 32190 44726 37449 1583 14289 1898 44995 673634 314749 25635 303 289114 237038 200325 42861 12649 157464 7682 5218 30212 52076 8278 43798 42572 4251 3408 3233 1226 18124 14065 843 12088 1459 1489 35866 29411 8894 358885 64804 1867 62937
internal_count=898223 696775 23141 15644 3813 201448 3938 2363 197510 77335 19044 120175 3169 2114 58291 13296 1055 388 117006 46479 70527 32190 44726 37449 1583 14289 1898 44995 673634 314749 25635 303 289114 237038 200325 42861 12649 157464 7682 5218 30212 52076 8278 43798 42572 4251 3408 3233 1226 18124 14065 843 12088 1459 1489 35866 29411 8894 358885 64804 1867 62937
is_linear=0
shrinkage=0.03


Tree=77
num_leaves=63
num_cat=0
split_feature=2 9 11 11 9 11 9 7 3 7 1 11 6 11 4 11 11 11 5 7 2 6 11 0 0 7 2 5 1 11 9 5 2 9 2 7 11 4 2 2 11 0 9 6 1 2 6 11 9 7 5 7 6 3 11 9 5 1 0 4 1 1
split_gain=2.9191 1.54382 1.69965 2.42517 1.43922 3.79626 2.28133 2.37373 2.25457 1.86421 1.84616 2.83955 1.8412 1.88492 2.06394 1.83226 1.82201 2.02928 1.77512 3.36526 3.973 3.9131 3.59923 2.65823 1.75907 1.73911 1.89594 2.2331 3.17991 2.62557 1.74023 1.72933 2.39214 2.04933 1.73536 1.72357 2.21667 1.67236 1.65747 1.55968 1.55484 1.53933 1.5367 2.2998 1.52685 1.46607 1.66984 1.52493 1.91206 4.08094 1.95449 2.2445 1.93436 3.12397 1.72582 1.46067 1.44317 3.09853 1.66118 1.73708 1.41911 1.41376
threshold=0.3928571428571429 -0.14611005692599616 -0.44028520499108731 -0.030330882352941176 0.35960591133004927 0.22144396551724141 0.45418719211822667 0.48571428571428577 0.42488479262672812 -0.16190476190476188 -0.47100840336134447 -0.23861480075901326 -0.44028520499108731 0.35071301247771841 -0.442016806722689 0.46720430107526889 0.42266009852216752 0.44028520499108742 -0.14928698752228159 0.30322580645161296 -0.44028520499108731 -0.11527514231499052 0.46824596774193555 0.21320346320346326 -0.12678571428571425 0.35071301247771841 0.13246753246753248 0.20777988614800766 0.20294117647058826 0.22570532915360506 -0.38403361344537806 -0.16152751423149903 0.13246753246753248 -0.38057040998217462 -0.44028520499108731 0.47014260249554374 0.28456439393939398 -0.46922348484848481 0.38403361344537817 -0.12678571428571425 0.41042780748663105 0.44201680672268912 0.16190476190476191 -0.38403361344537806 0.32605042016806729 -0.46824596774193544 -0.43440860215053761 -0.28456439393939387 -0.090992647058823525 0.47100840336134459 -0.47014260249554363 0.11527514231499054 0.46922348484848492 -0.47014260249554363 0.038095238095238078 -0.47014260249554363 -0.26806722689075629 -0.44028520499108731 -0.442016806722689 -0.044155844155844164 -0.46114369501466274 -0.32605042016806712
decision_type=2 2 2 2 2 2 2 2 2 2 2 2 2 2 2 2 2 2 2 2 2 2 2 2 2 2 2 2 2 2 2 2 2 2 2 2 2 2 2 2 2 2 2 2 2 2 2 2 2 2 2 2 2 2 2 2 2 2 2 2 2 2
left_child=4 2 -2 -4 12 8 7 15 9 24 11 -11 44 14 45 38 40 -18 19 21 -21 -15 -22 -24 -6 26 27 29 -29 -16 -31 -27 34 -34 -33 36 -35 -12 -7 41 -8 -10 60 -44 56 47 -47 -14 52 50 51 -50 -49 -54 -55 -46 57 -1 -59 -60 -20 -36
right_child=1 -3 3 -5 5 6 16 -9 39 10 37 -13 13 18 25 -17 17 -19 42 20 22 -23 23 -25 -26 31 -28 28 -30 30 -32 32 33 35 61 -37 -38 -39 -40 -41 -42 -43 43 -45 55 46 -48 48 49 -51 -52 -53 53 54 -56 -57 -58 58 59 -61 -62 -63
leaf_value=0.00018594337296256444 0.0011096278184308664 -4.9945340495855703e-05 -0.0007133386520557282 -0.00018445448433659318 0.00049572063311936743 -0.00050136558581586948 -0.00013852973125631042 -0.003677747412880844 -0.00051316303681897156 -0.0041624453113655799 0.0016502801006158384 0.00069474867826900251 -0.00089341481339837278 0.00022327199043906348 9.7381959472443575e-05 -0.001450360037090378 0.0027643900326879268 0.00018264313229363844 0.0038268488959542339 0.0036917256394949026 -0.00031605979215394302 -0.00046589912484807885 0.0034131519940089092 -0.0013840252294109879 1.9503109569177132e-05 0.00019618384165361079 -3.8834842858748752e-05 0.00060882174710661318 0.00010546281740242294 -0.00080292810058658914 -0.00010722530402471836 -0.0018769981271706201 -0.00072094936037248047 -0.00012188283811009379 0.0018255576512328426 0.00063363225181874193 0.00093478845869091184 -5.8907322026827191e-05 0.0028410450622646344 -0.00047675576566249997 -0.002732573794032377 -0.0038035129696903321 -0.0020531415960969904 5.3056495254204293e-05 0.0022313667775776523 -0.0027371464596461564 -0.00037401703543958408 0.0013668745837625152 -0.0030307538248503544 0.003929802725294247 2.7684888590426583e-05 0.0006984119448896018 0.0031484261197748322 0.00022758020188760113 -0.0046157618107117082 -0.0010290972875198938 6.4650537150745906e-05 -0.0015923817871806047 -0.00042653632808994376 -0.0036695089169284877 0.0003352623207592988 -0.00039114883640170285
leaf_weight=5237 775 60877 10150 33740 13022 12397 7372 228 240 242 519 195 1030 15937 251873 1966 406 839 104 424 1445 13865 494 131 15047 13428 131942 17336 32415 3596 32244 704 3177 19303 261 4312 1968 56055 134 2847 213 274 484 12290 129 273 15203 1957 489 192 1364 206 117 110 165 2566 15835 1703 5264 152 48573 22387
leaf_count=5237 775 60877 10150 33740 13022 12397 7372 228 240 242 519 195 1030 15937 251873 1966 406 839 104 424 1445 13865 494 131 15047 13428 131942 17336 32415 3596 32244 704 3177 19303 261 4312 1968 56055 134 2847 213 274 484 12290 129 273 15203 1957 489 192 1364 206 117 110 165 2566 15835 1703 5264 152 48573 22387
internal_value=-1.30266e-08 -0.000148227 -0.000282177 -0.000306778 1.97211e-05 -7.99354e-05 -0.000418368 -0.000646982 1.0205e-05 4.03144e-05 -5.82205e-05 -0.00199841 3.61181e-05 4.68752e-05 2.58953e-05 -0.000599065 -3.70993e-05 0.00102611 0.000171314 -8.75835e-06 0.00104961 -9.73609e-05 0.000506903 0.00240706 0.000240444 3.7376e-05 5.7588e-05 9.52875e-05 0.00028087 6.3196e-05 -0.000177049 -0.000107384 -0.000185608 -2.45294e-06 -0.000411169 8.67975e-05 -2.40799e-05 -4.31986e-05 -0.0004654 -0.000751766 -0.000211726 -0.00227114 0.000265951 -2.69007e-05 -0.00019019 -0.000265078 -0.000415877 0.000149446 0.0003831 -0.000241677 -0.000632383 -0.001926 0.000981659 -0.000940053 -0.00268462 -0.000872261 -0.000124957 -0.000367937 -0.000775361 -0.000518211 0.000342801 -0.000365524
internal_weight=898223 105542 44665 43890 792681 111996 23555 14725 88441 85080 57011 437 680685 649799 556052 14497 8830 1245 93747 32296 2494 29802 2070 625 28069 534946 469406 337464 49751 287713 35840 65540 52112 28760 23352 25583 21271 56574 12531 3361 7585 514 61451 12774 30886 21106 15476 5630 4600 2251 2059 695 2349 392 275 2695 28191 12356 7119 5416 48677 22648
internal_count=898223 105542 44665 43890 792681 111996 23555 14725 88441 85080 57011 437 680685 649799 556052 14497 8830 1245 93747 32296 2494 29802 2070 625 28069 534946 469406 337464 49751 287713 35840 65540 52112 28760 23352 25583 21271 56574 12531 3361 7585 514 61451 12774 30886 21106 15476 5630 4600 2251 2059 695 2349 392 275 2695 28191 12356 7119 5416 48677 22648
is_linear=0
shrinkage=0.03


Tree=78
num_leaves=63
num_cat=0
split_feature=1 5 1 5 4 3 9 9 1 8 6 8 5 7 5 11 9 10 10 11 4 11 1 11 1 5 10 8 1 5 7 11 9 10 3 11 11 11 6 6 10 10 7 11 7 11 5 8 7 4 9 8 9 8 3 10 4 8 9 6 10 9
split_gain=2.73673 3.26474 1.96636 2.80782 2.6445 3.40581 1.97201 1.93053 1.81856 1.90676 2.29297 1.76149 1.74376 2.71677 2.47453 2.15707 1.67946 1.63535 1.92657 1.61979 1.60023 1.54554 2.39701 1.49505 1.56749 1.90161 1.88774 1.48727 1.85416 1.67744 1.62731 1.59342 2.23564 2.79228 2.24569 2.21578 2.01769 2.16277 1.7982 1.78348 1.72563 1.88105 1.71111 1.62441 2.21549 2.6434 2.66323 2.29178 1.95408 1.66013 1.61304 1.96828 1.60119 2.81482 2.26239 1.59796 1.56165 1.65896 1.72636 1.79988 1.60249 1.51831
threshold=0.40767045454545459 0.41302521008403364 0.10948191593352886 0.061553030303030283 -0.20142602495543668 -0.27772177419354832 -0.20777988614800755 -0.17156862745098037 -0.014928698752228157 0.38403361344537817 0.046920821114369467 0.19331243469174511 0.11942959001782534 -0.3507130124777183 0.072478991596638634 -0.32555780933062872 -0.032291666666666656 -0.39827586206896548 -0.47100840336134447 -0.073593073593073585 -0.41302521008403353 -0.044155844155844164 -0.43844696969696967 -1.0000000180025095e-35 -0.46824596774193544 -0.24642857142857141 -0.40767045454545447 0.40767045454545459 0.44870129870129877 0.44028520499108742 0.37689393939393945 0.47100840336134459 -0.32085561497326193 0.11916835699797164 -0.45529953917050686 -0.4226600985221674 -0.16190476190476188 -0.20777988614800755 0.43844696969696978 -0.46922348484848481 0.37689393939393945 0.22570532915360506 0.29049111807732503 0.39113300492610842 0.48571428571428577 0.44201680672268912 0.36730205278592382 0.48571428571428577 0.47100840336134459 0.47014260249554374 0.28456439393939398 0.45418719211822667 -0.050055617352614011 0.47014260249554374 -0.014718614718614713 -0.47100840336134447 0.48571428571428577 0.47100840336134459 -0.3507130124777183 0.41042780748663105 -0.35960591133004921 0.038095238095238078
decision_type=2 2 2 2 2 2 2 2 2 2 2 2 2 2 2 2 2 2 2 2 2 2 2 2 2 2 2 2 2 2 2 2 2 2 2 2 2 2 2 2 2 2 2 2 2 2 2 2 2 2 2 2 2 2 2 2 2 2 2 2 2 2
left_child=1 2 3 8 5 -5 -6 -7 9 -1 21 -8 13 14 15 -4 -9 18 19 -12 -10 22 -11 -23 26 -26 -25 28 29 -2 -31 32 39 43 -35 -36 37 40 42 -29 41 -37 -38 61 47 46 -46 48 49 -45 52 -52 55 -54 -55 -33 60 -58 -59 -60 -57 -34
right_child=27 -3 12 4 6 7 11 16 20 10 17 -13 -14 -15 -16 -17 -18 -19 -20 -21 -22 23 -24 24 25 -27 -28 31 -30 30 -32 50 33 34 35 36 38 -39 -40 -41 -42 -43 -44 44 45 -47 -48 -49 -50 -51 51 -53 53 54 -56 56 57 58 59 -61 -62 -63
leaf_value=5.4063582313137719e-05 -0.00022957444168493477 0.00038301297616317797 -0.0041936844476149412 0.00038759792205419249 0.00050847052337412606 -0.0024380297992249761 0.00026205233717026651 0.0010967605996234535 -0.0030527006658951383 -0.0025896588839155214 0.00058334485886800565 -0.00010935483164804628 -2.0855308482374528e-05 -0.00015713141330332591 0.00022083344609965765 -0.0012127006911235067 -0.0011476125437009737 -0.00010158761606459042 0.0013115916131794378 -0.0044189667825524411 -0.00012955225018100082 0.0015916677183885751 -0.00068766583612539295 -0.0022646975644576035 -0.0012831765836797159 1.6973064832671639e-05 0.0016217419014904449 0.0030844802660632783 -0.0004256670079772647 0.00043800951109524479 -0.00033267188113223758 -0.0023868393832424156 0.00024412123296421221 -0.0045595398367551544 -0.0038532595998997119 0.0010630375310994073 0.0016844984392851254 0.0026524050795243793 -0.00077820500050395541 -0.0006204378368918509 0.0021951631195381181 -0.0019092681883973585 -0.0001806950977828688 -0.0014105541399962308 -0.0067159711051841871 0.00023631281421857811 -0.0015796040328250906 0.0021974526166228031 0.0028962132968681767 0.00072959252965311872 -0.0011813767785664464 0.0032272548871568997 -0.0020737694666454389 0.0046339711339346001 3.8085444193927915e-05 0.0020212910729697194 0.0027446300247253945 0.0026589039828906827 0.0032253218024476046 -0.00054761799306567312 -0.00049547608829810766 0.00097488346862616843
leaf_weight=364003 26922 21575 239 2197 19299 804 40811 381 168 736 132 15997 185314 46511 1080 2465 1400 17075 1403 103 63272 365 3132 138 2009 2040 590 118 26493 8048 3554 141 10376 112 155 334 530 402 5106 6822 256 447 2660 812 101 765 845 481 165 544 121 363 600 104 1177 294 592 320 135 696 997 3396
leaf_count=364003 26922 21575 239 2197 19299 804 40811 381 168 736 132 15997 185314 46511 1080 2465 1400 17075 1403 103 63272 365 3132 138 2009 2040 590 118 26493 8048 3554 141 10376 112 155 334 530 402 5106 6822 256 447 2660 812 101 765 845 481 165 544 121 363 600 104 1177 294 592 320 135 696 997 3396
internal_value=-1.28875e-08 1.90376e-05 8.86072e-06 4.06097e-05 0.000203479 -0.000480769 0.000246477 -0.00121866 1.16654e-05 3.57973e-05 -0.000204032 0.000157465 -6.33741e-05 -0.000220033 -0.000992941 -0.00147764 -0.00066714 -1.47068e-05 0.000890474 -0.00161859 -0.000137341 -0.0005972 -0.00105015 -0.000256336 -0.000397841 -0.000628282 0.000882931 -0.000143954 -0.000232483 -9.96221e-05 0.000201921 6.4952e-08 -7.59261e-05 4.55547e-05 -0.000354209 -0.000306129 -0.000249262 0.00078739 -0.00042915 -0.000557008 6.25456e-05 -0.000638407 0.000129627 0.00027424 -0.000282598 -0.00107498 -0.0021345 0.000394803 -0.000176335 -0.000552065 0.000472222 0.00212493 0.000313622 -0.000379864 0.000414533 0.000724462 0.000869794 0.00145529 0.000790332 6.84544e-05 7.87893e-05 0.000424376
internal_weight=898223 793239 771664 536055 80889 4782 76107 2585 455166 391726 27723 56808 235609 50295 3784 2704 1781 18713 1638 235 63440 9010 3868 5142 4777 4049 728 104984 65017 38524 11602 39967 34427 27487 10002 9890 9735 1439 8296 6940 1037 781 3190 17485 3713 1711 946 2002 1521 1356 5540 484 5056 1881 1281 3175 3034 1743 1151 831 1291 13772
internal_count=898223 793239 771664 536055 80889 4782 76107 2585 455166 391726 27723 56808 235609 50295 3784 2704 1781 18713 1638 235 63440 9010 3868 5142 4777 4049 728 104984 65017 38524 11602 39967 34427 27487 10002 9890 9735 1439 8296 6940 1037 781 3190 17485 3713 1711 946 2002 1521 1356 5540 484 5056 1881 1281 3175 3034 1743 1151 831 1291 13772
is_linear=0
shrinkage=0.03


Tree=79
num_leaves=63
num_cat=0
split_feature=2 5 8 7 11 8 7 2 11 8 11 5 8 3 8 6 11 0 1 3 11 4 0 7 7 7 0 4 7 5 0 11 2 8 11 1 0 8 11 7 0 1 2 11 11 2 11 0 7 5 1 1 0 7 11 3 11 0 8 4 3 11
split_gain=2.67441 1.2145 1.433 1.83275 1.66001 2.1316 1.43337 1.41757 1.35317 1.46215 1.63041 1.44485 1.54115 1.52439 2.37104 1.37271 1.3993 1.32027 1.31941 2.39263 1.30929 2.61214 1.4093 1.29745 1.26032 1.95626 1.25515 1.20747 1.7135 1.52653 1.47596 1.74557 1.43463 1.192 3.1907 1.745 1.28167 2.74211 1.75281 1.50256 2.3403 1.19702 1.83661 1.99635 1.73896 1.70383 3.78697 2.11365 1.99327 2.88356 2.55804 2.41139 1.65328 1.57768 1.5776 1.73619 1.40809 1.39388 1.5306 1.32468 1.2038 1.20305
threshold=0.11942959001782534 -0.47100840336134447 -0.39113300492610831 -0.47014260249554363 0.030330882352941183 0.35071301247771841 0.48571428571428577 -0.45529953917050686 -0.24642857142857141 0.48571428571428577 -0.32085561497326193 0.24264069264069268 -0.096874999999999975 -0.015640273704789816 -0.4541871921182265 -0.44028520499108731 -0.21198156682027647 -0.18660714285714283 0.26806722689075635 0.42488479262672812 -0.38403361344537806 0.20142602495543679 -0.29705882352941171 0.20294117647058826 0.47100840336134459 0.30947580645161293 0.41042780748663105 -0.3507130124777183 -0.442016806722689 -0.46824596774193544 -0.47014260249554363 -0.35504201680672259 -0.46824596774193544 0.015640273704789823 0.43844696969696978 0.46922348484848492 -0.47100840336134447 0.41302521008403364 -0.090992647058823525 0.48571428571428577 -0.43844696969696967 -0.46114369501466274 -0.25735930735930729 0.23030303030303031 0.38403361344537817 -0.38057040998217462 0.11916835699797164 0.436491935483871 0.16190476190476191 0.30151515151515157 -0.29705882352941171 -0.442016806722689 -0.39858260019550334 -0.32085561497326193 0.39113300492610842 0.34611742424242431 0.32085561497326209 0.32085561497326209 0.23861480075901334 0.21198156682027655 -0.21198156682027647 0.17156862745098042
decision_type=2 2 2 2 2 2 2 2 2 2 2 2 2 2 2 2 2 2 2 2 2 2 2 2 2 2 2 2 2 2 2 2 2 2 2 2 2 2 2 2 2 2 2 2 2 2 2 2 2 2 2 2 2 2 2 2 2 2 2 2 2 2
left_child=1 2 -1 -4 6 17 -5 -7 9 11 -11 12 13 -3 -15 16 -10 -6 19 20 21 -13 -22 -21 25 -12 27 28 32 -29 31 -30 -14 -17 35 36 37 38 -35 41 -41 44 45 -44 -38 46 47 52 50 51 60 -50 -43 57 55 59 -51 58 -52 -55 61 -48
right_child=-2 8 3 4 5 7 -8 -9 15 10 24 18 26 14 -16 33 -18 -19 -20 23 22 -23 -24 -25 -26 -27 -28 29 30 -31 -32 -33 -34 34 -36 -37 39 -39 -40 40 -42 42 43 -45 -46 -47 48 -49 49 56 53 -53 -54 54 -56 -57 -58 -59 -60 -61 -62 -63
leaf_value=-0.0011752568032094965 -6.4179763740813658e-05 0.00031762698944777962 0.0010256535612777845 -0.00058031018237280957 -0.00039382255724079035 0.004525959947984666 -0.0032879835103401841 0.00090060810741077321 0.00098625964565144373 0.00037544538002202586 0.0048100039876416457 0.0018924841565594107 -0.0042434597300912086 -0.0011624708047294451 8.393233417969029e-05 7.5441590501528424e-05 -0.00028353403581235444 0.0012736329659077761 0.00010207867997133801 0.004413824894809691 -0.0018038869780709142 0.00015237004387579119 0.00036222960382613963 0.0003173009929072001 0.0046544440401843391 2.7370981999563172e-05 -0.0011643393875661234 0.003319785194471478 -0.00027824891988434446 5.2653983567290492e-05 -0.00026942683626365665 0.0033258964185903911 -0.00088019459887988508 -0.0040527519334801502 0.00044029787829993476 -0.0011357476006547945 -0.00075919884060632792 0.0019023193085132921 -0.0010343867375745394 0.0015550743968389066 -0.0011281332648662059 -0.0012915615514026584 -2.3316946726900121e-05 -0.0003604790870772918 0.001854255977098258 0.00029729507292227552 -0.00069257018610699331 -0.0031831140803478771 0.0048676224738228484 0.0017627612478442161 -0.001641987390200316 0.00052391080498467597 -0.00023334719495964818 -0.00065166114873765435 0.0020782709430963932 -0.0031748626849783411 0.0061141188644752318 0.00056613780785343029 -0.0059374222076820343 0.0023727817426516906 -0.00016979738529385985 0.001611923933057957
leaf_weight=1400 354116 36159 1062 4060 2377 149 183 277 815 1155 108 1557 166 1477 19448 223525 18260 520 6947 229 290 1548 3805 100 155 262 837 128 256 57516 10619 228 363 219 11738 1381 3353 236 819 336 2222 1611 65119 20870 245 24594 246 255 119 135 178 2788 7566 1040 206 219 134 103 129 148 941 1176
leaf_count=1400 354116 36159 1062 4060 2377 149 183 277 815 1155 108 1557 166 1477 19448 223525 18260 520 6947 229 290 1548 3805 100 155 262 837 128 256 57516 10619 228 363 219 11738 1381 3353 236 819 336 2222 1611 65119 20870 245 24594 246 255 119 135 178 2788 7566 1040 206 219 134 103 129 148 941 1176
internal_value=-1.27714e-08 4.17485e-05 -0.00028533 -0.000140809 -0.000304653 0.000197448 -0.000697839 0.00217626 4.78903e-05 0.000126726 0.0010063 0.000116289 8.39672e-05 0.000199696 -4.09691e-06 1.89659e-05 -0.000229232 -9.41847e-05 0.000400269 0.000675359 0.000560787 0.00102528 0.000208426 0.00317342 0.00239084 0.00143258 -1.02577e-05 3.70267e-06 -0.0002751 5.99662e-05 -0.000195532 0.00142293 -0.0019416 3.17053e-05 -3.42937e-05 -7.51416e-05 -6.42842e-05 -0.00101094 -0.0016745 -5.52584e-05 -0.000775217 -4.12129e-05 -2.59915e-05 -0.000105151 -0.000580774 0.000137681 -9.33188e-05 -0.000494287 0.000406804 0.000979051 -7.701e-06 0.000703336 -0.000419235 -0.000790516 -0.000367474 -0.000726779 0.00394497 -0.00244988 -0.00346033 -0.0002732 0.00066253 0.00121305
internal_weight=898223 544107 10028 8628 7566 3323 4243 426 534079 143353 1680 141673 127197 57084 20925 390726 19075 2897 14476 7529 7200 3105 4095 329 525 370 70113 69276 11632 57644 11103 484 529 371651 148126 136388 135007 1274 1038 133733 2558 131175 127577 85989 3598 41588 16994 9432 7562 3176 4386 2907 9177 2023 1613 1407 269 410 307 1188 2363 1422
internal_count=898223 544107 10028 8628 7566 3323 4243 426 534079 143353 1680 141673 127197 57084 20925 390726 19075 2897 14476 7529 7200 3105 4095 329 525 370 70113 69276 11632 57644 11103 484 529 371651 148126 136388 135007 1274 1038 133733 2558 131175 127577 85989 3598 41588 16994 9432 7562 3176 4386 2907 9177 2023 1613 1407 269 410 307 1188 2363 1422
is_linear=0
shrinkage=0.03


Tree=80
num_leaves=63
num_cat=0
split_feature=2 9 11 11 10 6 1 7 11 11 11 10 5 2 5 0 2 6 9 11 9 7 3 7 11 11 11 1 11 6 11 10 11 9 7 6 7 10 2 0 6 0 10 2 7 2 1 10 2 6 10 11 2 7 5 11 3 1 5 1 3 5
split_gain=2.5832 1.44072 1.59778 2.27016 2.32873 3.01845 1.72441 1.58206 1.46873 2.59995 1.75535 1.41979 1.38571 2.40918 1.62841 1.56421 2.03818 1.61738 1.34997 3.55618 2.15441 2.21504 2.10351 1.74356 1.73772 1.69993 1.91326 1.69309 2.65052 1.66187 1.76144 2.65128 1.77699 1.68338 1.87793 1.66354 1.68453 1.90322 2.45367 1.81609 1.66219 1.64853 1.61061 2.56418 2.60466 1.7439 2.20625 1.58613 2.0478 2.48573 2.20554 1.8078 1.565 1.52813 2.54511 2.03275 1.77955 1.6473 3.17121 2.1115 2.0239 2.06253
threshold=0.3928571428571429 -0.14611005692599616 -0.44028520499108731 -0.030330882352941176 -0.12284482758620689 0.22570532915360506 -0.26114081996434929 -0.43844696969696967 0.33095238095238105 0.17694497153700192 0.47100840336134459 0.023326572008113614 0.46922348484848492 0.47100840336134459 0.43844696969696978 -0.22393048128342244 0.46922348484848492 -0.38403361344537806 0.35960591133004927 0.22144396551724141 0.45418719211822667 0.48571428571428577 0.42488479262672812 -0.16190476190476188 0.46720430107526889 0.42266009852216752 0.44028520499108742 -0.47100840336134447 -0.23861480075901326 -0.44028520499108731 0.35071301247771841 -0.11916835699797161 0.36436781609195407 -0.47014260249554363 0.057983193277310947 0.3550420168067227 0.48571428571428577 0.13484848484848486 -0.45529953917050686 0.46922348484848492 -0.225705329153605 -0.12678571428571425 -0.36436781609195396 -0.47014260249554363 0.35071301247771841 0.14076246334310852 -0.46114369501466274 0.44201680672268912 -0.3673020527859237 -0.090992647058823525 0.43440860215053767 0.41042780748663105 0.38403361344537817 -0.41302521008403353 -0.32085561497326193 -0.43844696969696967 0.15165441176470593 -0.1014705882352941 -0.015640273704789816 0.31623376623376631 0.45529953917050697 0.47100840336134459
decision_type=2 2 2 2 2 2 2 2 2 2 2 2 2 2 2 2 2 2 2 2 2 2 2 2 2 2 2 2 2 2 2 2 2 2 2 2 2 2 2 2 2 2 2 2 2 2 2 2 2 2 2 2 2 2 2 2 2 2 2 2 2 2
left_child=18 2 -2 12 -5 6 7 -6 9 -8 -10 -12 13 15 -15 16 -4 -18 29 22 21 24 23 41 52 47 -27 28 -25 -1 35 33 -33 34 -32 53 42 -38 -39 -40 -34 -20 43 44 -37 46 -45 48 50 -50 -22 -49 -21 54 55 -31 -57 -55 59 -59 61 -60
right_child=1 -3 3 4 5 -7 8 -9 10 -11 11 -13 -14 14 -16 -17 17 -19 19 20 25 -23 -24 27 -26 26 -28 -29 -30 30 31 32 40 -35 -36 36 37 38 39 -41 -42 -43 -44 45 -46 -47 -48 51 49 -51 -52 -53 -54 57 -56 56 -58 58 60 -61 -62 -63
leaf_value=-0.00018057208369471397 0.0010806120239311022 -4.449472861942922e-05 -0.00033845004978476064 -5.3756167516507005e-05 0.00049529336001201765 -0.0012693628909197731 -0.00034364605736367704 -0.004288454876118339 -0.001299131266786469 0.0021477414939167702 -0.00013789589446969329 0.0043099804488149025 -7.9582292891253959e-05 -0.0023204127891372139 0.00028460675293800748 -0.00086061263423765195 -0.0002343296340145802 0.0042995523481223962 0.00047903263559539267 -0.00048617399626754091 0.0042525516337181832 -0.0035553955536042885 -0.00072672295427721482 -0.0040057245263668854 -0.0014104388556113868 0.0026798184456776238 0.00017296693491620577 -4.2545355376618236e-05 0.00068695345031078521 0.0011751579093490262 0.00029718898066832643 0.00048840198475592943 0.00027988984336323902 0.00037935135858818648 -0.0017968011806510202 -0.00056741598658987039 3.4950506055920146e-05 0.005404036638401449 0.00045196178620291572 0.0034786339929061276 -0.00014655564137921925 1.802172410222783e-05 -0.00020217096884357814 -0.0022452651057055617 0.0055620584551943466 -0.00038337299503270525 0.00070128306753638504 9.5456858359126699e-05 -0.0032967151676957774 -0.00054800239126347205 -0.0016907498413172449 -0.0032286374384286002 0.0027616627996580466 0.00012580448998887763 7.3630510984737133e-05 -0.00049543861959556231 -0.0018692278264882793 -0.0002190416740521212 6.5371641647978356e-05 0.0008866614061337852 -0.00047853339935722861 0.0007527120076806956
leaf_weight=30886 775 60877 966 27341 106 3570 768 149 788 739 179 100 2542 1373 256 4718 117 178 13022 12397 123 228 3361 242 1966 406 839 56574 195 602 876 6417 10798 40442 687 102 2898 124 1006 216 34527 15047 58785 241 159 3158 4172 5923 461 826 102 150 134 186231 15442 9723 929 55738 204885 1598 6038 4005
leaf_count=30886 775 60877 966 27341 106 3570 768 149 788 739 179 100 2542 1373 256 4718 117 178 13022 12397 123 228 3361 242 1966 406 839 56574 195 602 876 6417 10798 40442 687 102 2898 124 1006 216 34527 15047 58785 241 159 3158 4172 5923 461 826 102 150 134 186231 15442 9723 929 55738 204885 1598 6038 4005
internal_value=-1.17912e-08 -0.000139437 -0.000268838 -0.00029269 -0.000174341 -0.000689473 4.24966e-05 -0.00230575 0.000275937 0.00087869 -0.000575401 0.00146602 -0.000686043 -0.000888638 -0.00191111 -0.00060979 0.000328596 0.00250665 1.85523e-05 -7.79647e-05 -0.000405521 -0.000627684 9.27883e-06 3.8362e-05 -0.000581397 -3.50097e-05 0.000991957 -5.6931e-05 -0.00191495 3.44327e-05 4.46525e-05 0.000164946 2.11975e-05 0.000342012 -0.000623762 2.43715e-05 -0.000111407 0.000468037 0.00139977 0.000989361 -4.49575e-05 0.000231907 -0.000148328 0.000255778 0.00317361 0.000154784 0.000539896 -0.000203684 -0.00107278 -0.00153438 0.0015627 1.28354e-05 -0.000451226 4.42017e-05 -0.000176437 -0.000519539 -0.000615416 5.70488e-05 1.00191e-05 -0.00018821 6.29009e-05 7.85534e-05
internal_weight=898223 105542 44665 43890 33740 6399 2829 255 2574 1507 1067 279 10150 7608 1629 5979 1261 295 792681 111996 23555 14725 88441 85080 14497 8830 1245 57011 437 680685 649799 93747 51742 42005 1563 556052 70861 4244 1346 1222 45325 28069 66617 7832 261 7571 4413 7585 1512 1287 225 6073 12531 485191 26696 11254 10652 458495 272264 57336 214928 208890
internal_count=898223 105542 44665 43890 33740 6399 2829 255 2574 1507 1067 279 10150 7608 1629 5979 1261 295 792681 111996 23555 14725 88441 85080 14497 8830 1245 57011 437 680685 649799 93747 51742 42005 1563 556052 70861 4244 1346 1222 45325 28069 66617 7832 261 7571 4413 7585 1512 1287 225 6073 12531 485191 26696 11254 10652 458495 272264 57336 214928 208890
is_linear=0
shrinkage=0.03


Tree=81
num_leaves=63
num_cat=0
split_feature=4 11 9 2 7 10 2 2 11 4 11 10 8 1 6 8 9 7 10 9 8 10 11 3 2 7 11 8 8 11 11 10 11 11 2 1 10 2 9 7 6 10 2 8 10 9 9 10 7 2 3 4 3 8 10 9 3 11 10 7 3 8
split_gain=2.45513 1.98364 1.71767 1.74593 2.77749 2.37439 2.1231 1.62962 2.73355 1.61 1.97749 1.70314 1.60294 1.5393 1.95697 1.4966 1.95463 1.66735 1.64404 1.49365 1.82699 1.47208 3.37769 1.94393 1.61165 1.83824 1.66593 1.51705 2.23587 1.7072 1.62632 1.84534 1.46681 2.40738 1.5843 1.6224 1.45898 1.59937 1.4291 1.42467 2.40726 1.42779 1.38346 2.30046 1.37925 1.73753 1.34954 1.34552 1.34492 1.57638 1.34165 1.33461 1.49559 1.30791 1.86031 1.67446 1.30795 1.28051 1.27574 1.83697 1.27028 1.22305
threshold=0.37689393939393945 0.44201680672268912 -0.31534090909090901 -0.29222011385199237 0.38057040998217473 -0.20294117647058821 -0.13435828877005343 0.44028520499108742 -0.030330882352941176 -0.43844696969696967 -0.060661764705882353 -0.23861480075901326 -0.046920821114369508 0.13435828877005349 0.060661764705882366 0.35960591133004927 0.41302521008403364 -0.073593073593073585 -0.442016806722689 0.38057040998217473 0.41302521008403364 -0.32085561497326193 0.48571428571428577 0.45529953917050697 0.48571428571428577 0.47014260249554374 0.48571428571428577 0.47014260249554374 0.46609195402298859 0.45418719211822667 0.47100840336134459 -1.0000000180025095e-35 -0.46824596774193544 -0.47014260249554363 -0.14928698752228159 -0.26806722689075629 0.10303030303030304 0.46922348484848492 -0.39113300492610831 0.32085561497326209 0.46720430107526889 -0.30322580645161284 0.46922348484848492 0.48571428571428577 0.023326572008113614 0.25378787878787884 1.0000000180025095e-35 0.023326572008113614 -0.20777988614800755 -0.3673020527859237 0.32085561497326209 0.39447004608294933 0.38403361344537817 -0.28456439393939387 0.47014260249554374 0.45418719211822667 -0.20142602495543668 0.060661764705882366 0.32085561497326209 0.26904761904761915 0.44201680672268912 0.25378787878787884
decision_type=2 2 2 2 2 2 2 2 2 2 2 2 2 2 2 2 2 2 2 2 2 2 2 2 2 2 2 2 2 2 2 2 2 2 2 2 2 2 2 2 2 2 2 2 2 2 2 2 2 2 2 2 2 2 2 2 2 2 2 2 2 2
left_child=7 2 -2 4 5 12 -5 32 9 11 -11 -9 -4 14 -8 -3 17 47 38 20 -7 22 -20 27 25 46 -27 28 29 -23 36 -32 33 34 48 -36 37 -29 -19 53 -41 -42 -24 50 -43 -46 -25 -17 -1 58 -44 -31 -53 56 55 -55 -10 -6 -50 -60 -58 -12
right_child=1 15 3 6 57 19 13 8 39 10 61 -13 -14 -15 -16 16 -18 18 21 -21 -22 23 42 24 -26 26 -28 30 -30 51 31 -33 -34 -35 35 -37 -38 -39 -40 40 41 44 43 -45 45 -47 -48 -49 49 -51 -52 52 -54 54 -56 -57 60 -59 59 -61 -62 -63
leaf_value=0.0011721441035518101 -0.00040146824817760736 -0.00012260954284646399 -0.003939356546603389 -0.0009571471845138431 0.00059597400383944133 0.00076977533018397271 0.0028601760014833584 -0.0039435303457032297 0.0025181540625132115 -0.00044404193576093022 -0.00075049094231652964 -0.00074707941675659407 -5.726204874232558e-05 -0.00011459743227723495 -0.00050225410357909684 0.0008946066167387929 0.0032684759449730164 -0.00012288000155896158 -0.00013305748547010347 -0.0018683886085671152 0.0048409144375088763 0.0025267075147702356 0.00045086370470623176 -0.00072858336138327095 0.00028697930097498525 0.0010242168841029975 -0.0014596444890243795 0.0035906919798984818 -0.0034196300867275569 0.0020558569599178774 0.00068570377152279386 0.0030123506342145914 2.0494798605888353e-05 0.00068786950253178357 0.00089131119213565081 -0.00033557845975291104 -0.0019329484029073421 -0.00041068980054692004 -0.0032517179031299349 -0.00089688920320595727 -0.0017606366739170785 0.0034518233150208789 0.0015972565214794417 0.00077182973955279663 -0.002496879162887732 0.0029769505326760616 -0.0033473844032023887 0.0054062834728364519 -0.0001864192099923717 0.00049013056392165858 0.0055770459190988154 0.00040013785446827761 -0.0017319467544125442 9.5245344012775877e-06 -0.0033947138022957044 0.0033328670677324028 -2.5347140692069397e-05 0.0040012554393337452 -0.0039506935323033541 0.0007151366028169138 0.0033221305667971951 -0.0039653493734420134
leaf_weight=1565 22592 8820 181 2705 151 1113 351 284 369 4757 190 318 202 84428 279 142 210 354 870 169 108 283 215 333 2029 526 450 146 149 236 577 656 719092 7894 1093 8562 218 231 208 3084 115 252 103 221 107 100 379 102 1119 3826 304 791 472 12134 142 137 797 292 214 117 116 243
leaf_count=1565 22592 8820 181 2705 151 1113 351 284 369 4757 190 318 202 84428 279 142 210 354 870 169 108 283 215 333 2029 526 450 146 149 236 577 656 719092 7894 1093 8562 218 231 208 3084 115 252 103 221 107 100 379 102 1119 3826 304 791 472 12134 142 137 797 292 214 117 116 243
internal_value=-1.12674e-08 -0.000119723 -0.000167605 -0.000108883 0.000722567 0.00019108 -0.000129885 2.0538e-05 -0.000227358 -0.000791622 -0.000621006 -0.00225908 -0.00189736 -0.000103566 0.00137266 0.000163595 0.000410943 0.000350584 0.000289137 0.000767479 0.00113354 0.000385516 0.0011785 0.000203684 -0.000282766 -0.000967371 -0.000121328 0.000684645 9.81247e-05 0.000394011 0.00130382 0.001925 2.82554e-05 0.000257053 5.08602e-05 -0.00019661 1.54966e-05 0.00114432 -0.0012846 -3.89861e-05 -0.000564858 0.00121754 0.00253062 0.00324079 0.00196591 0.000149082 -0.00212532 0.002795 0.000400103 0.000170917 0.00457626 -1.00424e-05 -0.000397391 0.000101508 7.25566e-06 4.68967e-05 0.00101339 0.0028445 -0.000671125 -0.00230426 0.000403132 -0.00255965
internal_weight=898223 131596 112571 89979 2216 1773 87763 766627 23145 5792 5190 602 383 85058 630 19025 10205 9995 9751 1390 1221 9189 1713 7476 3717 1688 976 3759 1931 1782 1828 1233 743482 24390 16496 9655 595 377 562 17353 3658 574 843 628 459 207 712 244 6841 5276 407 1499 1263 13695 12413 12271 1282 443 1450 331 913 433
internal_count=898223 131596 112571 89979 2216 1773 87763 766627 23145 5792 5190 602 383 85058 630 19025 10205 9995 9751 1390 1221 9189 1713 7476 3717 1688 976 3759 1931 1782 1828 1233 743482 24390 16496 9655 595 377 562 17353 3658 574 843 628 459 207 712 244 6841 5276 407 1499 1263 13695 12413 12271 1282 443 1450 331 913 433
is_linear=0
shrinkage=0.03


Tree=82
num_leaves=63
num_cat=0
split_feature=3 2 11 4 5 8 6 7 11 6 7 6 7 9 11 2 2 11 9 5 11 2 11 8 2 11 9 11 8 8 9 6 6 8 11 0 5 4 2 8 6 7 7 11 6 2 7 6 0 11 11 4 8 9 11 8 5 11 8 11 3 8
split_gain=2.36379 1.67096 1.63496 1.55316 2.09045 2.12061 1.60702 1.87914 1.78492 1.78019 1.53488 2.70382 1.65208 2.75398 2.34997 3.05958 1.9955 1.8519 2.40042 2.16153 2.09072 1.82641 1.66471 1.55282 2.06548 1.56044 2.04772 1.5792 1.53063 1.48602 1.45231 1.44252 1.43754 2.2399 1.78405 1.63968 1.39108 2.40373 2.29019 1.73827 1.72329 2.12604 1.79553 1.65497 1.76805 1.71691 1.84628 1.61129 1.58466 1.52847 1.52254 1.37471 1.37431 1.35043 1.56283 1.61187 1.74235 1.54118 1.32129 1.31181 1.30984 1.9065
threshold=0.436491935483871 -0.030776515151515135 -0.47014260249554363 -0.26806722689075629 -0.41042780748663094 0.28456439393939398 -0.47100840336134447 0.096875000000000003 0.3550420168067227 0.32555780933062883 -0.47014260249554363 -0.15111561866125756 -0.069047619047619038 0.38403361344537817 0.47100840336134459 -0.38057040998217462 -0.47100840336134447 0.42266009852216752 -0.43844696969696967 -0.074643493761140808 0.40161290322580651 -0.442016806722689 -0.442016806722689 0.48571428571428577 0.47100840336134459 -0.14076246334310846 0.11527514231499054 -0.19848484848484846 -0.47014260249554363 -0.26568627450980387 -0.3461174242424242 -0.12678571428571425 -0.47014260249554363 -0.17694497153700187 0.48571428571428577 -0.33847248576850092 0.44870129870129877 0.46824596774193555 0.47100840336134459 0.11916835699797164 0.47100840336134459 0.47100840336134459 0.48571428571428577 0.23861480075901334 -0.35960591133004921 0.46824596774193555 0.47100840336134459 -0.29705882352941171 0.27346041055718479 0.41302521008403364 0.44201680672268912 -0.47100840336134447 0.29705882352941182 -0.37689393939393934 -0.014718614718614713 0.46922348484848492 0.41302521008403364 0.016685205784204685 0.32555780933062883 0.34611742424242431 0.22301136363636367 -0.23861480075901326
decision_type=2 2 2 2 2 2 2 2 2 2 2 2 2 2 2 2 2 2 2 2 2 2 2 2 2 2 2 2 2 2 2 2 2 2 2 2 2 2 2 2 2 2 2 2 2 2 2 2 2 2 2 2 2 2 2 2 2 2 2 2 2 2
left_child=1 -1 -2 32 5 -5 -6 8 9 -8 11 -4 13 17 16 -16 -14 20 -19 -20 22 -18 -12 29 -25 27 30 -26 -10 -23 -27 -22 33 35 -34 -3 38 -38 -9 50 42 -42 -40 44 -41 46 48 -44 49 -45 -39 52 -35 54 -31 57 -57 -56 60 -7 61 -36
right_child=2 3 10 4 6 59 7 36 28 -11 12 -13 14 -15 15 -17 21 18 19 -21 31 23 -24 24 25 26 -28 -29 -30 53 -32 -33 34 51 58 -37 37 39 40 43 41 -43 47 45 -46 -47 -48 -49 -50 -51 -52 -53 -54 -55 55 56 -58 -59 -60 -61 -62 -63
leaf_value=5.9308104374152796e-05 -0.0025005189259405761 0.0025979929741043089 -0.002759277204385431 0.0015955396470416926 -0.0006733111129913911 0.00010513803455248755 4.6028305277791002e-05 -7.4635970260368881e-05 0.0021126281797831641 -0.00046243172494664516 0.0036871913233302782 0.0011931032241508774 -0.003751500228191821 -0.0011507841960115475 0.0054881622401230477 0.00025242677220389386 0.0016088927055228572 0.0033912269347274558 -0.0032376820031398286 -0.000384684813849493 0.0047027884556210446 0.00037814608293126786 0.00031977650443375981 0.00051929049053980175 -0.00012727616951196342 -0.0012561434565731072 -0.0016398855220980883 0.0031279920330650394 0.00026860385074935667 -0.0015848892511502136 0.00016926948288016689 0.0012797665470923752 -0.0001976948435310311 0.00013039032680547385 -0.0029311119417774157 -0.0001802002959776988 0.00057691461766894376 -0.00067912586398763972 -0.00050938520895272828 0.0016867264789747238 0.0033173950224421743 -0.00031246726120506146 -0.0034206304744752148 0.0029784280445724455 -0.00066914051721376371 0.00092552636974397662 -0.0015871206329146762 -0.0010803602127344453 -0.00062300787085757374 -0.00033537110496711518 -0.0033933095388062949 -0.00048353029734806238 0.0034864151030833033 -0.00031832881399876378 0.0027024740570333675 0.00098038527161060343 -0.0031139808026591585 -0.00037599021335765607 -0.0029484750965053622 -0.003804473664529402 -0.0037480965434542285 0.00028364840074711025
leaf_weight=396690 266 601 497 1358 3267 318 155159 159508 411 6454 133 226 146 1285 101 6626 470 127 287 1407 157 2463 9507 4823 341 842 1118 220 24335 1679 2715 375 42515 304 211 280 7712 1309 5884 315 214 447 367 311 3096 2571 632 950 588 209 216 1675 171 39427 153 125 366 2952 327 101 118 765
leaf_count=396690 266 601 497 1358 3267 318 155159 159508 411 6454 133 226 146 1285 101 6626 470 127 287 1407 157 2463 9507 4823 341 842 1118 220 24335 1679 2715 375 42515 304 211 280 7712 1309 5884 315 214 447 367 311 3096 2571 632 950 588 209 216 1675 171 39427 153 125 366 2952 327 101 118 765
internal_value=-1.03682e-08 1.50851e-05 -0.000156909 -2.64168e-05 -6.08503e-06 0.00102015 -1.09643e-05 -5.12501e-06 6.20514e-05 2.57203e-05 -0.000148943 -0.00152388 -0.000136153 0.000168599 -0.000198826 0.000331841 -0.000260549 0.00031005 -0.000570808 -0.000869669 0.000467783 -0.00025165 0.000366613 -0.00026696 7.14304e-05 -0.000341124 -0.000520578 0.00115259 0.000299315 -0.000339129 -0.000168407 0.00229687 -0.000189066 0.000442741 -0.000232661 0.00171582 -7.30412e-05 0.000185856 -9.92753e-05 -0.000140315 -0.000599096 0.000865943 -0.000733678 4.25189e-05 -0.00045115 0.000433139 -0.000294519 -0.00173461 0.000443544 0.00164845 -0.00106553 -7.94813e-05 0.00134335 -0.000378657 -0.000829423 -0.000476347 -0.00207175 -0.000223477 -0.00127795 -0.000844089 -0.000776388 -0.000413635
internal_weight=898223 819389 78834 422699 375732 1777 373955 370688 186359 161613 78568 723 77845 13278 64567 6727 57840 11993 1821 1694 10172 57694 9640 57224 10059 5236 4675 561 24746 47165 3557 532 46967 3031 43936 881 184329 16959 167370 9247 7862 661 7201 7722 3411 4311 1740 1317 1108 520 1525 2150 475 44702 5275 3596 491 3105 1421 419 1094 976
internal_count=898223 819389 78834 422699 375732 1777 373955 370688 186359 161613 78568 723 77845 13278 64567 6727 57840 11993 1821 1694 10172 57694 9640 57224 10059 5236 4675 561 24746 47165 3557 532 46967 3031 43936 881 184329 16959 167370 9247 7862 661 7201 7722 3411 4311 1740 1317 1108 520 1525 2150 475 44702 5275 3596 491 3105 1421 419 1094 976
is_linear=0
shrinkage=0.03


Tree=83
num_leaves=63
num_cat=0
split_feature=3 11 9 8 8 7 10 1 7 10 8 10 11 7 11 10 11 10 0 11 5 9 8 7 8 10 11 7 8 11 1 10 5 7 7 5 10 1 7 5 0 11 4 11 11 5 10 11 10 10 7 8 11 8 10 11 7 11 5 11 10 11
split_gain=2.224 1.53872 1.45528 2.22441 2.87431 1.92852 1.76146 1.55019 1.37963 3.60875 1.82073 2.26046 2.06036 1.6356 3.24558 3.48778 2.53382 2.37125 1.91317 1.64977 1.84067 1.63372 1.74686 1.42164 1.41154 2.18018 1.3677 1.8358 1.67221 1.55637 1.89316 1.37848 1.49167 1.33453 1.87315 2.51182 1.58259 1.42334 1.37182 1.30587 1.36104 1.40968 1.37697 1.36941 1.9449 2.00977 1.32182 1.30803 1.49272 1.29382 1.28741 1.61745 1.28619 2.65902 1.87576 1.82799 1.38229 1.58976 1.2841 1.27036 1.26643 1.25348
threshold=0.436491935483871 -0.47014260249554363 0.34122983870967749 -0.060661764705882353 -0.43649193548387094 -0.47014260249554363 -0.16190476190476188 0.43844696969696978 0.45418719211822667 -0.38403361344537806 0.37689393939393945 -0.26568627450980387 -0.044155844155844164 -0.069047619047619038 0.21651785714285718 -0.22144396551724135 0.30322580645161296 0.023326572008113614 0.47014260249554374 0.47014260249554374 0.29705882352941182 -0.46609195402298847 0.46922348484848492 0.069047619047619038 0.23861480075901334 0.19848484848484851 -0.46824596774193544 -0.442016806722689 -0.35504201680672259 -0.47014260249554363 0.44028520499108742 0.31534090909090917 0.46922348484848492 0.060661764705882366 0.436491935483871 0.41302521008403364 0.038095238095238078 0.39858260019550346 0.41302521008403364 -0.17394957983193274 0.43844696969696978 0.060661764705882366 0.44201680672268912 0.32807881773399022 0.30322580645161296 0.44870129870129877 0.23030303030303031 0.41302521008403364 0.33095238095238105 0.22570532915360506 -0.442016806722689 -0.44028520499108731 0.44201680672268912 -0.23030303030303029 -0.37298387096774188 0.43844696969696978 0.14611005692599624 0.38057040998217473 -0.35504201680672259 0.14611005692599624 -0.014718614718614713 0.087221095334685597
decision_type=2 2 2 2 2 2 2 2 2 2 2 2 2 2 2 2 2 2 2 2 2 2 2 2 2 2 2 2 2 2 2 2 2 2 2 2 2 2 2 2 2 2 2 2 2 2 2 2 2 2 2 2 2 2 2 2 2 2 2 2 2 2
left_child=26 -2 3 4 50 -5 52 -8 9 21 11 12 -10 14 15 -11 18 19 -16 -18 -21 23 -23 -7 49 -26 27 28 -1 -29 31 32 -31 61 35 -35 -36 -38 -37 -12 41 -41 -43 44 -42 -46 -45 48 -48 -19 -3 -52 55 -54 -55 56 57 -6 -30 -24 -44 -4
right_child=1 2 33 5 6 8 7 -9 10 13 39 -13 -14 -15 16 -17 17 24 -20 20 -22 22 59 -25 25 -27 -28 29 58 30 -32 -33 -34 34 36 38 37 -39 -40 40 43 42 60 46 45 -47 47 -49 -50 -51 51 -53 53 54 -56 -57 -58 -59 -60 -61 -62 -63
leaf_value=0.00018509158993974332 -0.0024257843329059743 -0.0034927907360370381 -0.0017326565970633501 -0.0025587825253071475 1.0520434419902084e-05 0.0013407861449993036 0.001018093298746334 6.0413308282122112e-05 -0.0048085570867251919 -0.0010904908419184492 -0.0025094803206714015 -5.766415048792702e-05 -0.0011743448303870696 -0.0004856368539527977 -0.0010471398339194076 0.0013995153165226146 -0.00025713531125802545 -0.0013601750813407498 -0.0045760969053516695 -0.0010807275953494122 -0.0058642839174717666 0.0010310799150932901 -0.0025485402832730736 -0.0015811828317090753 0.0049424274128435529 -0.00037403583720974299 7.7058351743835034e-06 2.5798729881318483e-05 0.0058499931965768333 0.0006191853017431466 -0.0024978560060876739 -0.0011377314405254966 0.003367991538150338 -0.00054088532151202779 0.0027473218771583824 0.00068872308907293785 0.00046860481776057466 -0.0013855684319348746 0.0034494844282356401 -0.00071277239487606411 0.00029778563189267822 0.0048979678186793427 -1.0789788098304303e-05 -2.3506317862073734e-05 0.0056540516494118735 0.0010327807878493332 -0.0044858750380869757 -0.00037755415451213778 4.1985258109646271e-05 0.0025953585239934973 -1.0869636224163516e-05 -0.0026419796773867366 -0.00072662395404459628 0.00026585237816746887 0.0046641418052132469 -0.0037856729790967489 -0.00088430766522478279 0.0022571772191586205 0.0017162225109876583 0.00045344659704603759 0.0036001405232843563 -0.00042103829051972339
leaf_weight=243 266 176 1298 304 2483 207 4666 2257 165 667 162 2196 919 26417 351 2092 806 217 228 200 113 3234 223 536 176 114 794032 16499 124 7587 181 392 181 2227 102 1630 455 2046 179 190 7635 135 230 6860 121 279 189 486 100 112 772 288 348 144 221 125 1410 319 150 292 140 1326
leaf_count=243 266 176 1298 304 2483 207 4666 2257 165 667 162 2196 919 26417 351 2092 806 217 228 200 113 3234 223 536 176 114 794032 16499 124 7587 181 392 181 2227 102 1630 455 2046 179 190 7635 135 230 6860 121 279 189 486 100 112 772 288 348 144 221 125 1410 319 150 292 140 1326
internal_value=-1.00686e-08 -0.000152199 -0.00014447 -9.72641e-05 0.000252973 -0.000179738 0.000395184 0.000705929 -0.000166729 -0.000277406 3.43499e-05 -0.000611187 -0.00173144 -0.00039087 0.000102326 0.000797369 -0.000725293 -0.00015222 -0.00244227 -0.000976128 -0.00282087 0.000517988 0.000772675 -0.000766414 0.00133638 0.0028584 1.46323e-05 0.000231519 0.00199915 0.00019465 0.000528604 0.000596033 0.00068366 -0.000497616 -0.000271156 0.000133545 -0.000898464 -0.00104819 0.000963654 0.000162494 0.000189097 0.00148723 0.00231473 0.00013143 0.000404786 0.00244133 -0.000156263 -0.00132983 -0.0029244 -9.82623e-06 -0.00112381 -0.000727554 -3.08705e-05 0.00114901 0.00293439 -0.000225063 -0.000118521 0.00026701 0.00360145 -0.000848863 0.00136153 -0.00107026
internal_weight=898223 78834 78568 69305 13209 56096 11973 6923 55792 35985 19807 3280 1084 31493 5076 2759 2317 1738 579 1119 313 4492 3749 743 619 290 819389 25357 517 24840 8341 8160 7768 9263 6639 4036 2603 2501 1809 16527 16365 695 505 15670 8035 400 7635 775 289 329 1236 1060 5050 713 365 4337 4212 2802 274 515 370 2624
internal_count=898223 78834 78568 69305 13209 56096 11973 6923 55792 35985 19807 3280 1084 31493 5076 2759 2317 1738 579 1119 313 4492 3749 743 619 290 819389 25357 517 24840 8341 8160 7768 9263 6639 4036 2603 2501 1809 16527 16365 695 505 15670 8035 400 7635 775 289 329 1236 1060 5050 713 365 4337 4212 2802 274 515 370 2624
is_linear=0
shrinkage=0.03


Tree=84
num_leaves=63
num_cat=0
split_feature=2 9 8 8 1 9 6 7 2 6 10 8 0 5 0 7 1 0 10 4 4 2 7 5 8 0 10 10 10 9 1 8 8 0 2 6 7 10 2 6 2 8 2 8 1 6 10 8 10 10 8 5 9 7 8 10 8 7 8 1 7 2
split_gain=2.17507 1.3659 1.59248 1.49415 1.40412 1.25281 1.40611 1.3353 2.35971 1.50866 1.98574 1.2466 1.15655 1.14301 2.33898 2.02198 2.09228 1.86783 1.6071 2.59345 1.93233 1.56964 1.96063 1.91276 1.54551 1.58421 1.63008 2.05451 1.5302 2.1984 1.94972 2.00172 2.01379 1.4779 4.00709 2.78378 1.68913 1.46694 1.53939 1.41814 1.72895 1.4141 1.39745 1.38624 1.37339 1.3337 1.32608 1.27361 1.25809 1.23855 1.30066 1.22947 2.66362 1.88249 1.54412 1.24905 1.25513 1.22435 3.09344 2.49999 2.88014 1.6822
threshold=0.11942959001782534 0.3550420168067227 -0.38057040998217462 -0.37689393939393934 0.32085561497326209 -0.46720430107526878 -0.47100840336134447 0.41302521008403364 0.48571428571428577 0.38057040998217473 -0.47100840336134447 -0.46824596774193544 -0.14611005692599616 -0.35504201680672259 0.47014260249554374 -0.38403361344537806 -0.074643493761140808 -0.030776515151515135 -0.38057040998217462 -0.47014260249554363 0.43844696969696978 -0.41042780748663094 0.3550420168067227 0.44028520499108742 -0.13484848484848483 0.1642156862745098 -0.08342602892102334 -0.40767045454545447 -0.16190476190476188 -0.23030303030303029 -0.47014260249554363 0.48571428571428577 0.24642857142857147 -0.45529953917050686 -0.45529953917050686 0.32807881773399022 0.44201680672268912 -0.073593073593073585 -0.40161290322580639 -0.21198156682027647 -0.40767045454545447 0.1815668202764977 -0.23193277310924368 0.48571428571428577 0.38403361344537817 0.47857142857142865 -0.35504201680672259 -0.32807881773399011 -0.37689393939393934 -0.41042780748663094 -0.17694497153700187 0.14928698752228167 0.43844696969696978 -0.442016806722689 -0.46609195402298847 0.35071301247771841 -0.46922348484848481 -0.014718614718614713 0.47014260249554374 0.19848484848484851 -0.25378787878787873 -0.46824596774193544
decision_type=2 2 2 2 2 2 2 2 2 2 2 2 2 2 2 2 2 2 2 2 2 2 2 2 2 2 2 2 2 2 2 2 2 2 2 2 2 2 2 2 2 2 2 2 2 2 2 2 2 2 2 2 2 2 2 2 2 2 2 2 2 2
left_child=13 5 4 -4 12 6 -2 8 11 10 -9 -8 -3 14 15 16 -1 18 19 -15 -21 23 37 -19 25 26 27 49 29 30 33 32 -32 34 35 -26 -35 38 -23 40 -29 -16 -24 47 -25 -40 -45 -44 -20 50 -17 53 55 -39 -55 -53 -57 58 59 -50 -61 -59
right_child=1 2 3 -5 -6 -7 7 9 -10 -11 -12 -13 -14 17 41 24 -18 21 48 20 -22 22 42 44 28 -27 -28 39 -30 -31 31 -33 -34 36 -36 -37 -38 51 45 -41 -42 -43 43 46 -46 -47 -48 -49 57 -51 -52 52 -54 54 -56 56 -58 61 -60 60 -62 -63
leaf_value=-0.0002688085295656532 0.0020712024902884599 0.0011074395425990516 -0.0024630167537590736 -0.00025192157359712775 0.0016506097161277332 -2.5156734430383165e-05 -0.0026616021026863962 -0.0054465879003430234 -0.0027263412704857295 -0.00047458496151610215 -0.0014446931083334565 -7.7438705839066909e-05 -0.00033598736415245525 0.0031596874558637742 -0.0009927293554549139 0.00015205755131272625 -0.0040282901463536682 -0.0003842606638162661 0.00096942504148881726 -0.00013358748527632101 -0.0033171443510100762 0.0014118728282174651 0.00019870738431662001 0.0044606375035743792 -0.0012548175147649916 0.0011123512843999009 0.00033461346628714755 0.00097413845838532757 -0.00020148305897225248 0.00066015543193324693 0.00032026750264665488 0.0029635432264834751 -0.00073117102497226457 -0.0014973323580391282 -0.0030573679443570115 0.004936502990571575 -0.0055727473812160686 0.00089587993991513122 0.00013121388442244864 -0.00063581157515086152 -0.00037249564937078455 -0.0057341031353035478 0.0015689809726672651 0.0035802249718690287 0.00062102338797278493 0.0020693763760233352 0.00026522785240351777 -0.00048686976782455938 0.00022815370436974925 0.0028456063419723234 0.0023014699699199811 0.00013037766702221837 -0.00052702940652388046 -0.0009103812281181364 -8.6791433678341885e-05 -0.0026364799612534364 0.00067450514388446472 -0.00083369028820482361 0.0035328126066657469 -0.0013913036603647446 0.0001441225653501253 7.5360418248860672e-05
leaf_weight=23405 207 715 276 39505 675 301465 171 138 330 1165 573 7244 1652 213 130 1875 133 12883 1657 21126 172 866 4878 114 109 1606 16592 1358 30713 5280 5064 207 2423 581 212 161 108 1712 70353 5528 2327 100 275 119 311 320 1146 15769 105526 211 292 29789 5063 2107 72985 104 5627 1871 250 1875 2656 85925
leaf_count=23405 207 715 276 39505 675 301465 171 138 330 1165 573 7244 1652 213 130 1875 133 12883 1657 21126 172 866 4878 114 109 1606 16592 1358 30713 5280 5064 207 2423 581 212 161 108 1712 70353 5528 2327 100 275 119 311 320 1146 15769 105526 211 292 29789 5063 2107 72985 104 5627 1871 250 1875 2656 85925
internal_value=-9.90004e-09 -5.78774e-05 -0.000216732 -0.000267324 0.000444743 -3.6024e-05 -0.00036933 -0.000422049 -0.000248032 -0.00113996 -0.00222799 -0.000137384 0.000100312 3.76515e-05 -5.48798e-05 -4.77854e-05 -0.000290221 5.80838e-05 0.000119934 -0.000126441 -0.000159452 -2.89856e-06 1.7022e-05 -0.000318888 2.86634e-05 0.000196171 0.000143925 -0.000129042 -8.25758e-05 0.000175603 -0.000113039 6.05865e-05 -2.00592e-05 -0.00125291 2.1665e-05 0.00244164 -0.0021433 4.83528e-05 0.000155435 -0.000331964 0.000123897 -0.0030701 -0.000249755 -0.000376144 0.001659 0.000140019 0.000579655 -0.000451536 0.000146465 0.00065694 0.000442616 -1.69067e-05 0.000116656 -8.74813e-05 -0.000109912 0.000208419 0.000613971 0.000139577 0.000206113 0.000198525 -0.000491428 5.59786e-05
internal_weight=898223 354116 42823 39781 3042 311293 9828 9621 7745 1876 711 7415 2367 544107 98415 98185 23538 445692 221271 21511 21298 224421 211113 13308 74647 29789 28183 11591 44858 14145 8865 7694 7487 1171 482 270 689 188926 71539 9213 3685 230 22187 17309 425 70673 1265 16044 199760 2378 2167 117387 40583 76804 75092 35520 5731 198103 110307 110057 4531 87796
internal_count=898223 354116 42823 39781 3042 311293 9828 9621 7745 1876 711 7415 2367 544107 98415 98185 23538 445692 221271 21511 21298 224421 211113 13308 74647 29789 28183 11591 44858 14145 8865 7694 7487 1171 482 270 689 188926 71539 9213 3685 230 22187 17309 425 70673 1265 16044 199760 2378 2167 117387 40583 76804 75092 35520 5731 198103 110307 110057 4531 87796
is_linear=0
shrinkage=0.03


Tree=85
num_leaves=63
num_cat=0
split_feature=2 9 11 11 10 6 5 9 11 11 4 2 5 2 4 3 9 5 5 6 2 11 10 11 11 5 1 1 1 1 11 11 9 6 11 7 7 7 11 2 10 5 10 9 11 11 5 2 10 1 7 9 7 11 11 10 10 11 11 10 9 10
split_gain=2.10388 1.31505 1.49324 1.92162 2.21961 2.82964 1.64186 1.59325 1.37606 1.90368 1.40485 1.38978 1.2838 2.10024 2.09665 1.49244 1.39502 1.37947 1.51062 1.24623 1.41634 2.13053 1.74927 1.24552 1.22421 2.19491 3.28761 2.86288 1.9953 1.89777 2.71712 1.9051 1.87161 1.91594 1.84597 1.83985 2.20036 1.84265 1.79712 2.13375 1.62275 1.60952 1.56522 1.65302 1.55857 2.41715 1.36448 2.19291 1.71917 2.09315 1.85547 1.88635 1.69679 1.70238 1.64727 1.35696 1.59795 2.42519 2.03714 1.99912 1.52789 1.37729
threshold=0.3928571428571429 -0.14611005692599616 -0.46824596774193544 -0.030330882352941176 -0.12284482758620689 0.22570532915360506 0.46922348484848492 -0.15669642857142854 0.33095238095238105 0.31534090909090917 0.28456439393939398 0.48571428571428577 0.46922348484848492 0.47100840336134459 -0.39447004608294928 0.30322580645161296 -0.4541871921182265 0.44028520499108742 -0.19848484848484846 0.47857142857142865 0.43844696969696978 0.42266009852216752 -0.3507130124777183 0.44201680672268912 0.24642857142857147 0.47014260249554374 0.47014260249554374 0.37321428571428578 0.47100840336134459 0.47100840336134459 -0.073593073593073585 1.0000000180025095e-35 -0.044155844155844164 0.46609195402298859 -0.38403361344537806 0.46824596774193555 0.32085561497326209 -0.44028520499108731 0.27772177419354843 0.47100840336134459 0.29705882352941182 0.35071301247771841 -0.064583333333333312 0.069047619047619038 0.21651785714285718 0.23431372549019611 -0.16152751423149903 0.47100840336134459 -0.17156862745098037 0.34611742424242431 -0.25809822361546492 0.26904761904761915 0.038095238095238078 -0.25378787878787873 0.1815668202764977 0.12678571428571431 0.46720430107526889 0.47100840336134459 0.46922348484848492 0.3550420168067227 0.28456439393939398 -0.18156682027649768
decision_type=2 2 2 2 2 2 2 2 2 2 2 2 2 2 2 2 2 2 2 2 2 2 2 2 2 2 2 2 2 2 2 2 2 2 2 2 2 2 2 2 2 2 2 2 2 2 2 2 2 2 2 2 2 2 2 2 2 2 2 2 2 2
left_child=-1 2 -2 12 19 6 7 8 9 11 23 -6 13 15 -15 -4 -17 18 -16 20 21 22 -5 -10 29 27 32 -26 40 35 34 -32 -27 -34 -31 36 37 -3 39 -29 -28 -40 43 -36 -33 -46 47 52 -48 54 51 -51 -39 -54 -50 61 57 58 -57 60 -59 -30
right_child=1 24 3 4 5 -7 -8 -9 10 -11 -12 -13 -14 14 17 16 -18 -19 -20 -21 -22 -23 -24 -25 25 26 28 38 55 30 31 44 33 -35 42 -37 -38 46 41 -41 -42 -43 -44 -45 45 -47 48 -49 49 50 -52 -53 53 -55 -56 56 -58 59 -60 -61 -62 -63
leaf_value=1.6743665453527547e-05 0.0012396242602925511 -0.0009908567273820227 -0.00019733905544516689 0.0013114017924172562 -0.00021361357871991105 -0.0012244294030806745 0.0016547338374501314 -0.0030673884896953636 -0.001241095609037512 0.0043779419279518254 -0.00213896094502986 0.0026614053416709428 -4.5196717412514166e-05 -0.0048475919813545567 0.0014736111254915745 0.0013838447831888479 -0.0013742361208785769 0.0015319695593312974 -0.0020060988464550814 0.00043695023005348101 -0.00025653963871564316 -0.0007874455290327279 6.9314541145739717e-05 0.0019524116957923623 0.00031335258115765556 0.0041589119588566386 -0.00067951168965014888 0.0019892644368156394 -0.00022227332673390351 -0.0021690125522778971 -0.0023946064919774961 -0.00048898759426657483 0.0021231151669277516 -0.00056686097302729576 0.00095368348784363418 0.00061699515113062587 -0.0006003746549564609 -0.00012152647425344447 -0.0011409557303233215 -0.0012217594510657364 -0.0049052141064927328 -0.00027413195632880932 4.0564710362651033e-05 0.0048326072964900687 -0.0051798214103084403 -0.00085344679540131556 -0.00087474366667253357 0.002625749594455102 -0.00043119375740246346 0.00074991246040223699 0.00038698452343771396 0.0041505696815648113 0.0048409578281247293 0.00072723804798035824 0.00093397535583642768 -0.00069013841605255631 0.0023553075733214199 0.0010265280882272448 -0.004646687391663234 -0.0020596066991836852 0.004679559992744462 0.0011078656644090015
leaf_weight=792681 597 1420 3798 1853 1009 3570 474 170 236 107 452 177 2561 177 123 178 2146 131 1214 4142 17830 1246 2270 204 9470 257 360 556 944 254 786 2942 804 338 380 3301 6672 1512 2767 279 105 6355 1453 133 171 360 1692 472 5236 357 4604 249 132 285 937 1515 212 450 126 145 133 2713
leaf_count=792681 597 1420 3798 1853 1009 3570 474 170 236 107 452 177 2561 177 123 178 2146 131 1214 4142 17830 1246 2270 204 9470 257 360 556 944 254 786 2942 804 338 380 3301 6672 1512 2767 279 105 6355 1453 133 171 360 1692 472 5236 357 4604 249 132 285 937 1515 212 450 126 145 133 2713
internal_value=-9.78333e-09 -0.000125837 -0.000249464 -0.000269665 -0.000160051 -0.00066297 4.57345e-05 -0.00027868 -6.04055e-05 0.000564759 -0.000966231 0.000217338 -0.000627708 -0.000819748 -0.00177116 -0.000563852 -0.00116248 -0.00139718 -0.00168511 -4.23256e-05 -0.000127912 0.000299219 0.000627728 0.0002406 -3.51295e-05 0.000112937 0.000527707 -6.00606e-05 0.000251502 -0.000157359 -0.000618189 -0.00106166 0.00184996 0.00132716 0.000232691 -4.62189e-05 -0.000139133 4.30302e-05 -0.000415206 0.000916181 -0.00164218 -0.000537164 0.000543927 0.00196678 -0.000759388 -0.0022538 0.000137952 0.000795149 1.72179e-05 0.000149867 0.000592626 0.00215175 0.000346097 0.00203789 -0.000223857 0.000392903 -0.000133763 -0.000357408 -0.000996577 0.00108275 0.00186648 0.000764543
internal_weight=898223 105542 44665 44068 33740 6399 2829 2355 2185 1293 892 1186 10328 7767 1645 6122 2324 1468 1337 27341 23199 5369 4123 440 60877 27529 8102 19427 6703 33348 6479 4259 1399 1142 2220 26869 23568 16896 9957 835 465 9122 1966 513 3473 531 15476 2401 13075 11383 5210 606 1929 417 6173 6238 2581 2369 1641 728 583 3657
internal_count=898223 105542 44665 44068 33740 6399 2829 2355 2185 1293 892 1186 10328 7767 1645 6122 2324 1468 1337 27341 23199 5369 4123 440 60877 27529 8102 19427 6703 33348 6479 4259 1399 1142 2220 26869 23568 16896 9957 835 465 9122 1966 513 3473 531 15476 2401 13075 11383 5210 606 1929 417 6173 6238 2581 2369 1641 728 583 3657
is_linear=0
shrinkage=0.03


Tree=86
num_leaves=63
num_cat=0
split_feature=2 7 4 6 11 10 2 11 10 9 8 10 11 6 3 7 10 11 9 2 6 3 6 11 6 9 4 11 0 3 11 10 8 4 11 9 3 3 11 10 11 0 11 7 11 2 8 4 11 0 6 4 10 10 11 8 7 11 8 2 3 8
split_gain=2.03062 1.44216 2.10935 2.92666 2.19891 2.90659 2.00297 1.82178 2.53002 2.24981 1.72762 1.70337 1.59094 3.20165 2.55537 1.72839 1.58835 3.15678 1.76482 2.04298 1.81643 1.52162 1.58716 1.72317 1.53176 2.69675 1.834 1.83238 1.76774 1.65531 1.50635 1.50074 1.46818 1.40155 1.3623 1.82159 2.27343 3.01725 3.32122 2.27952 2.47636 1.71833 1.51904 1.49433 1.35667 2.70566 1.4963 1.33153 2.41683 1.30696 1.83717 1.92559 1.63497 1.51827 3.82968 1.48846 1.6882 1.45412 1.29347 1.28186 1.33702 2.12622
threshold=-0.030776515151515135 0.096875000000000003 -0.26114081996434929 -0.47100840336134447 -0.47100840336134447 -0.16190476190476188 0.18376623376623377 0.3550420168067227 -0.442016806722689 -0.29705882352941171 0.46609195402298859 0.1815668202764977 0.46720430107526889 -0.46922348484848481 -0.33364055299539169 -0.18660714285714283 -0.38403361344537806 0.47100840336134459 -0.31534090909090901 0.22301136363636367 -0.14076246334310846 0.47014260249554374 -0.030330882352941176 0.44201680672268912 -0.32807881773399011 -0.3507130124777183 0.29099821746880572 0.41302521008403364 -0.11942959001782531 -0.29705882352941171 0.36436781609195407 -0.32085561497326193 0.29049111807732503 0.41042780748663105 0.12284482758620692 -0.442016806722689 -0.45529953917050686 -0.47014260249554363 0.30947580645161293 0.12284482758620692 0.18660714285714289 0.46824596774193555 0.29361054766734285 0.48571428571428577 -0.24642857142857141 -0.47014260249554363 0.48571428571428577 0.29099821746880572 0.40767045454545459 -0.44028520499108731 -0.19848484848484846 -0.46824596774193544 0.023326572008113614 0.35071301247771841 0.30322580645161296 -0.060661764705882353 -0.15111561866125756 0.29705882352941182 -0.014718614718614713 0.38057040998217473 0.38057040998217473 0.43844696969696978
decision_type=2 2 2 2 2 2 2 2 2 2 2 2 2 2 2 2 2 2 2 2 2 2 2 2 2 2 2 2 2 2 2 2 2 2 2 2 2 2 2 2 2 2 2 2 2 2 2 2 2 2 2 2 2 2 2 2 2 2 2 2 2 2
left_child=44 2 4 6 5 -2 -4 32 9 47 12 -7 21 -14 15 -15 17 -16 19 -18 -21 22 24 30 25 26 27 29 -27 -10 -24 -30 -5 -12 -3 -36 37 42 -39 -38 -41 -42 -37 -40 45 -1 -47 -9 -49 50 52 -52 -6 -51 -55 -56 -57 -53 -54 -34 61 -61
right_child=1 34 3 7 49 11 -8 8 10 -11 33 -13 13 14 16 -17 18 -19 -20 20 -22 -23 23 -25 -26 28 -28 -29 31 -31 -32 -33 59 -35 35 36 39 38 43 40 41 -43 -44 -45 -46 46 -48 48 -50 53 51 57 58 54 55 56 -58 -59 -60 60 -62 -63
leaf_value=-0.0007021302175297964 0.0056701711755185961 -0.00015691868149390764 0.00044532089800943984 5.3744698720208861e-05 6.6062694349921275e-05 -0.0023431386849003246 -0.0015603982129680641 0.0013011955057827794 0.0036432360501288817 -0.001641610055968096 -0.0020754163100412397 0.0028049314172769136 -0.0034193337745630583 0.0034843267046726577 0.00087068286237972938 0.0003584828856608413 -0.00048995944185560483 -0.0036964948457729034 -0.00019625476444504872 0.00040967935692010955 0.0040314040716641162 0.0015854314457276514 0.0011143761154110714 0.0014885434627048965 0.00085322310950108101 -0.00025241100174366773 -0.0048530107188549743 -0.0035751681023089396 0.0043209416614472867 -0.0012600034570816575 -0.00032440024787674818 0.00088619517479923172 -6.3628230683830363e-05 0.0012541886157595326 -0.00061518568038210664 -0.0017676613953817714 0.00012977098578077144 0.00018943745555461886 -0.0032032688229072883 0.00033709424139656736 -0.0001728976213006244 -0.0007544579954856306 0.00032343805167244069 -0.0073345833933827547 1.6615398381478372e-05 0.00015475057957731064 0.0011852114913502353 1.225053668632859e-05 0.005105875240025432 -0.00019717388787206914 -0.0032579605902742512 -0.00091312498272126609 0.002204639623730153 -0.0004199882486704565 -0.0013308296056105996 -0.0054597065274485908 -0.0009294246050662228 0.0029335749789709802 0.00043944484163564018 -0.00071054609496371435 -0.0013144718332860474 0.0010550294990943432
leaf_weight=3322 132 133989 613 156839 3219 121 1661 611 101 160 494 109 250 302 243 336 355 308 5894 219 289 954 743 634 6818 1637 137 141 124 157 5469 1377 10900 147 4377 428 69398 228 291 7150 23578 5672 1152 109 298964 103450 1283 121 272 31044 255 406 701 3827 307 260 104 112 800 2585 1740 804
leaf_count=3322 132 133989 613 156839 3219 121 1661 611 101 160 494 109 250 302 243 336 355 308 5894 219 289 954 743 634 6818 1637 137 141 124 157 5469 1377 10900 147 4377 428 69398 228 291 7150 23578 5672 1152 109 298964 103450 1283 121 272 31044 255 406 701 3827 307 260 104 112 800 2585 1740 804
internal_value=-9.1955e-09 -4.10692e-05 1.04963e-05 5.02187e-05 -0.000184706 0.00213998 -0.00101976 6.23191e-05 0.000285474 0.00165445 0.000226678 9.81798e-05 0.000263939 -8.33932e-05 2.19805e-05 0.00184125 -0.000137075 -0.00168437 -1.06704e-05 0.00125557 0.00247394 0.000419562 0.000355324 -2.16777e-08 0.000587164 9.33294e-05 -0.00187125 -0.000837861 0.000429387 0.000666137 -0.000152161 0.00117263 2.57943e-05 -0.00131108 -9.23123e-05 -1.52844e-05 9.03242e-06 -0.000943495 -0.00270076 2.89204e-05 -0.000163354 -0.000285693 -0.000243771 -0.00434454 4.95434e-05 0.000140647 0.000167385 0.00218083 0.00354162 -0.000205265 0.000225371 -0.00112944 0.000447442 -0.000271824 -0.000786882 -0.0028757 -0.00417143 -7.73563e-05 0.00126475 -0.000247678 -0.000638727 -0.000291497
internal_weight=898223 491204 244832 203435 41397 362 2274 201161 28293 1164 27129 230 26488 8196 7946 638 7308 551 6757 863 508 18292 17338 6846 10492 3674 536 399 3138 258 6212 1501 172868 641 246372 112383 108006 2208 628 105798 36400 29250 1580 400 407019 108055 104733 1004 393 41035 5493 773 4720 35542 4498 671 364 518 1501 16029 5129 3389
internal_count=898223 491204 244832 203435 41397 362 2274 201161 28293 1164 27129 230 26488 8196 7946 638 7308 551 6757 863 508 18292 17338 6846 10492 3674 536 399 3138 258 6212 1501 172868 641 246372 112383 108006 2208 628 105798 36400 29250 1580 400 407019 108055 104733 1004 393 41035 5493 773 4720 35542 4498 671 364 518 1501 16029 5129 3389
is_linear=0
shrinkage=0.03


Tree=87
num_leaves=63
num_cat=0
split_feature=0 8 4 10 2 9 6 10 2 2 3 9 6 2 10 10 7 2 9 5 9 2 10 4 2 8 9 7 10 6 6 4 2 7 4 10 9 9 10 9 7 6 2 4 10 6 8 2 0 5 5 8 4 5 8 7 8 7 5 8 8 8
split_gain=1.97458 1.41749 1.44512 1.38412 2.47164 1.23823 1.20021 1.90685 3.10646 1.66036 1.62923 1.83579 1.73574 1.59054 1.48238 1.46369 2.37657 2.69466 2.35422 2.34894 1.7274 2.09324 1.68007 1.47796 1.48624 1.45181 1.42212 2.0897 1.88353 1.65745 1.65674 1.93797 1.69349 1.64618 1.66353 1.63415 1.55534 1.44639 1.41309 1.4117 1.84802 1.48955 1.46621 1.39299 1.38501 1.50833 1.31443 1.29127 1.26665 1.28257 1.87899 1.28092 1.26363 1.22838 1.22425 1.39585 1.20707 1.75237 1.1799 1.17796 1.15655 1.32208
threshold=0.37689393939393945 0.014718614718614688 -0.47100840336134447 0.40767045454545459 -0.40161290322580639 -0.47014260249554363 0.47857142857142865 -0.40767045454545447 -0.47100840336134447 -0.45529953917050686 0.45529953917050697 0.13095238095238096 -0.43218390804597695 -0.28033088235294112 0.44201680672268912 0.31534090909090917 0.35960591133004927 0.41302521008403364 0.25378787878787884 0.3133928571428572 0.23861480075901334 0.44201680672268912 0.11527514231499054 0.48571428571428577 0.46922348484848492 0.24239631336405534 0.31534090909090917 0.43844696969696978 -0.38057040998217462 0.43844696969696978 0.32085561497326209 -0.10948191593352884 0.47014260249554374 0.38403361344537817 0.47014260249554374 0.27772177419354843 -0.26568627450980387 -0.33095238095238094 0.15111561866125764 -0.43218390804597695 -0.15669642857142854 0.078201368523949225 0.46922348484848492 0.1815668202764977 -0.05527383367139959 0.050055617352613997 0.23861480075901334 -0.13435828877005343 0.44201680672268912 0.46922348484848492 0.32605042016806729 0.40767045454545459 0.36405529953917054 -0.092329545454545428 0.41302521008403364 0.26904761904761915 0.46922348484848492 0.39827586206896559 -0.13961038961038957 0.21198156682027655 0.3550420168067227 0.45418719211822667
decision_type=2 2 2 2 2 2 2 2 2 2 2 2 2 2 2 2 2 2 2 2 2 2 2 2 2 2 2 2 2 2 2 2 2 2 2 2 2 2 2 2 2 2 2 2 2 2 2 2 2 2 2 2 2 2 2 2 2 2 2 2 2 2
left_child=5 3 -3 -2 -5 -1 7 13 -9 -8 11 12 -10 53 26 20 -17 18 -18 -19 22 -22 23 24 58 -24 27 28 -12 37 44 -32 33 -33 46 43 -34 -29 -27 40 59 42 -41 -28 -30 -46 -35 -39 51 50 52 -43 -50 -4 55 -38 57 -25 -11 -15 -51 -62
right_child=1 2 6 4 -6 -7 9 8 10 15 14 -13 -14 39 -16 16 17 19 -20 -21 21 -23 25 56 -26 38 35 29 30 -31 31 32 36 34 -36 -37 54 47 -40 41 -42 48 -44 -45 45 -47 -48 -49 49 60 -52 -53 -54 -55 -56 -57 -58 -59 -60 -61 61 -63
leaf_value=-0.00026220070563950319 9.9793094464944762e-05 -0.0031748055294156074 0.0010542064234379301 -0.0049895992396502857 -0.00038053964954121026 2.357949271205152e-05 -0.0036210382908836683 0.0033156434596142803 0.0022106377588929456 -0.0024618321651289857 0.0012251384215785038 8.4966627421038409e-05 -0.00034137590423672726 -0.00013999791762658525 0.00067664726498992199 -0.0035349342081845907 0.0045646432200644876 0.003047595157228205 0.00030140847297023153 -0.0015579245794538285 -6.3302344317856248e-05 0.0022647584950537128 0.0022049663732887229 0.0021955643806154646 0.001301980487988263 -0.0022347581995658234 -0.0056116647660584733 -0.0013526742460559153 -0.0016452067640493851 -0.00029181139629092076 0.0022195595426225587 1.7632414066709271e-05 -0.00323511820132227 -0.0037365517689162014 0.00050720537745862875 -0.00069016732211305888 3.5117829618183704e-05 0.0043803702340023043 -0.00042545049838105812 0.0002595025398323752 -0.00053467977645456572 0.00093139228717387329 -0.0030025265184447686 -0.0018355309672188013 0.00026786398363030304 -0.0012269091016953099 -0.0012029028164196908 0.00088326067757432908 0.001660871134398687 -0.00087162785691076092 0.0030357177038945809 -0.00090838956202493409 -0.0019119302450276131 -0.0028305459194071588 0.00013422025840052149 -0.0027934163561641251 0.00017823654468760426 -0.0010070519747231604 0.00034936991001428093 0.0041068705056483551 0.0030132784027802318 -6.0110399594292224e-05
leaf_weight=13896 35683 143 103 107 3454 752963 109 216 241 139 456 15989 27356 104 956 227 140 108 674 1172 647 750 145 168 1780 523 100 247 2556 5254 236 4112 331 231 410 1841 246 101 1505 444 1976 990 171 701 979 1599 906 1411 265 314 718 518 133 249 549 433 4755 1711 3345 134 246 257
leaf_count=13896 35683 143 103 107 3454 752963 109 216 241 139 456 15989 27356 104 956 227 140 108 674 1172 647 750 145 168 1780 523 100 247 2556 5254 236 4112 331 231 410 1841 246 101 1505 444 1976 990 171 701 979 1599 906 1411 265 314 718 518 133 249 549 433 4755 1711 3345 134 246 257
internal_value=-9.12896e-09 -0.000107478 -0.000171799 4.35056e-05 -0.000520393 1.84006e-05 -0.000167095 -0.000220363 -0.000268051 5.3375e-05 -0.000279613 -0.000170818 -0.00031901 0.000265401 -0.000480059 7.60918e-05 -0.000626252 -0.0003094 0.00103934 -0.00116726 0.000181513 0.00118728 8.15816e-05 0.000221685 0.000596992 -0.000685288 -0.000528803 -0.000442578 -0.000667095 -2.49459e-05 -0.000735733 -0.000450007 -0.000537586 -0.000296277 -0.00113014 -0.00118298 -0.00141276 0.000771874 -0.000892923 0.000375657 -0.000233559 0.000708179 -0.000650902 -0.00231337 -0.00115041 -0.000659383 -0.00172049 0.0011196 0.000951202 0.0014594 0.00212021 0.000299242 0.000465146 -0.00169405 -0.000919323 -0.0017701 -7.61612e-05 -0.000719693 0.000236538 0.00225828 0.000555267 0.00144597
internal_weight=898223 131364 92120 39244 3561 766859 91977 74079 67457 17898 67241 43586 27597 6622 23655 17789 2321 2094 814 1280 15468 1397 14071 11898 5264 2173 22699 20057 13044 7013 12588 7454 7218 5659 1547 2642 1559 1759 2028 6270 2214 4056 615 801 5134 2578 1137 1512 3441 1933 1116 1508 398 352 1228 679 6634 1879 3484 238 817 503
internal_count=898223 131364 92120 39244 3561 766859 91977 74079 67457 17898 67241 43586 27597 6622 23655 17789 2321 2094 814 1280 15468 1397 14071 11898 5264 2173 22699 20057 13044 7013 12588 7454 7218 5659 1547 2642 1559 1759 2028 6270 2214 4056 615 801 5134 2578 1137 1512 3441 1933 1116 1508 398 352 1228 679 6634 1879 3484 238 817 503
is_linear=0
shrinkage=0.03


Tree=88
num_leaves=63
num_cat=0
split_feature=1 5 4 0 2 9 8 5 9 5 9 7 9 6 9 1 7 9 4 7 7 3 5 9 5 1 4 1 9 4 9 8 2 7 3 5 8 6 3 8 8 6 5 2 6 8 8 8 4 0 9 6 8 0 9 0 7 4 8 7 2 9
split_gain=1.90608 3.773 1.82886 1.81589 1.62995 2.28471 3.04269 2.41154 1.97253 1.62683 1.48687 1.47889 2.25238 1.52388 1.45636 1.3821 1.4115 1.291 1.20926 1.37157 1.30188 1.50593 1.4714 1.30155 1.19728 3.30526 2.0899 1.5805 1.54893 1.94703 1.84991 1.83872 1.3586 1.35644 1.27555 1.22776 1.19345 1.20249 1.39188 1.16838 1.1672 1.16089 1.16069 1.21415 1.35785 1.57019 1.45802 1.14527 1.12616 2.50279 1.11417 1.57842 1.23504 1.41645 2.11923 1.47866 1.72218 1.48252 1.67616 1.12627 1.11312 1.73238
threshold=0.14928698752228167 0.1566964285714286 -0.34122983870967738 0.057983193277310947 0.4320276497695853 -0.16190476190476188 0.40767045454545459 0.35071301247771841 -0.060661764705882353 -0.35504201680672259 -0.46720430107526878 -0.47100840336134447 -0.18660714285714283 -0.27281105990783405 0.47100840336134459 -0.41302521008403353 -0.21651785714285712 -0.3461174242424242 -0.45529953917050686 0.47100840336134459 -0.37298387096774188 0.41042780748663105 -0.32085561497326193 -0.18660714285714283 0.44028520499108742 0.46824596774193555 0.37689393939393945 0.31623376623376631 0.3550420168067227 0.436491935483871 -0.32807881773399011 -0.3461174242424242 -0.41302521008403353 -0.38403361344537806 -0.45529953917050686 0.436491935483871 0.40161290322580651 -0.24642857142857141 -0.15669642857142854 -0.4226600985221674 0.22570532915360506 0.41042780748663105 0.47100840336134459 0.037053571428571415 0.35071301247771841 -0.032291666666666656 0.48571428571428577 -0.35504201680672259 -0.17156862745098037 -0.442016806722689 -0.27772177419354832 -0.46922348484848481 0.19331243469174511 0.436491935483871 -1.0000000180025095e-35 -0.35504201680672259 0.44028520499108742 0.2611408199643494 0.29705882352941182 1.0000000180025095e-35 0.47014260249554374 0.023326572008113614
decision_type=2 2 2 2 2 2 2 2 2 2 2 2 2 2 2 2 2 2 2 2 2 2 2 2 2 2 2 2 2 2 2 2 2 2 2 2 2 2 2 2 2 2 2 2 2 2 2 2 2 2 2 2 2 2 2 2 2 2 2 2 2 2
left_child=1 3 40 9 48 7 8 -6 -7 10 15 12 39 -14 -11 -1 -17 -9 19 20 23 22 -22 -5 26 27 -13 -26 30 -30 31 33 -33 -28 -29 41 37 38 -27 -4 -2 -34 -36 -44 46 -46 -45 -39 49 -3 51 -50 -52 55 -55 56 -54 -57 59 -59 61 -40
right_child=2 4 11 18 5 6 -8 17 -10 14 -12 24 13 -15 -16 16 -18 -19 -20 -21 21 -23 -24 -25 25 36 28 34 29 -31 -32 32 35 -35 42 -37 -38 47 60 -41 -42 -43 43 44 45 -47 -48 -49 50 -51 52 -53 53 54 -56 57 -58 58 -60 -61 -62 -63
leaf_value=-0.0012348184933877562 -0.0026697454744825122 0.0018289378054251663 -0.0055579486018261653 -0.0025410697083881263 -0.00075080742919841426 0.0021921820695778088 0.0022242932269759944 -0.0066777920294727117 -0.0014151817713105126 6.7177123214792154e-05 -3.8282867172819504e-05 -2.9201074747071041e-05 -0.0010037630983906519 0.0023474623748846071 0.00043030068439327778 -0.00095179095760722788 0.00083866791779245735 -0.002217459044580285 -7.1750532195124283e-05 -0.0037814978886672179 0.00018525116676833763 0.0032405205241714911 -0.0034472847594358763 -0.00045461555664859263 0.00088320012040537729 -0.00076553376461638289 -0.0019107852794436944 -0.002539216962037608 -0.00029529646787437473 -0.0013784544423239126 -9.3125373411001217e-05 -0.0034363742622546848 -0.00064952231081099384 0.0013696834149582548 8.2061423652128325e-05 -0.0015277347768027454 3.1575719989554774e-05 0.00094325900080799365 -0.00064283571475699764 -0.0019093183929962106 0.00051411644096525618 7.3422999729125821e-05 -0.0006900331884986744 0.00087975138796924247 -0.0018318989904833986 0.0003888334488133116 0.0038643194895748999 -0.00045537233473403238 -0.0018939532327434817 -0.00060986380581865333 0.00039924413344355551 0.0007346785115161581 -0.00059164104051813546 -0.0039300093529396687 9.5262155163942306e-05 6.8289479764711556e-05 -0.00466800653779844 -0.0029047449964622989 0.0019725604480078504 0.00073348977410256171 0.0022391625783794856 0.0016326670458419435
leaf_weight=1835 387 444 116 453 731 167 478 106 726 267538 97873 190604 461 165 10323 765 820 132 138022 127 838 125 113 662 3699 718 134 149 4517 2231 49775 149 7738 712 15969 1074 20783 546 669 249 141 2695 701 4044 309 3789 152 14415 210 2542 25709 8119 781 199 286 8852 105 118 793 214 380 546
leaf_count=1835 387 444 116 453 731 167 478 106 726 267538 97873 190604 461 165 10323 765 820 132 138022 127 838 125 113 662 3699 718 134 149 4517 2231 49775 149 7738 712 15969 1074 20783 546 669 249 141 2695 701 4044 309 3789 152 14415 210 2542 25709 8119 781 199 286 8852 105 118 793 214 380 546
internal_value=-9.23458e-09 3.31368e-05 -5.76284e-05 9.0257e-06 0.000280127 -0.000493016 0.000295106 -0.00160725 -0.000738871 4.31496e-05 -5.9772e-05 -5.47812e-05 -0.00121136 -0.000118118 8.06693e-05 -0.000674555 -2.5552e-05 -0.00422362 -8.31658e-05 -0.000762547 -0.00058591 0.000158534 -0.000249543 -0.00130381 -5.1267e-05 6.19315e-05 -8.04221e-05 0.000304331 -0.00022186 -0.000653558 -0.000175074 -0.000501307 -0.000599337 0.00084844 0.000219036 -0.000562306 -0.000121587 -0.000305853 0.000330627 -0.0030809 -0.00182015 -0.000462786 0.0002356 0.000508139 0.000609479 0.000220978 0.000988762 -0.00040427 0.000317537 -0.000246738 0.000354666 0.000668183 0.000284183 2.34983e-05 -0.00156103 9.43799e-05 -0.00107945 0.000198719 0.00122402 -0.000564458 0.000824242 0.000380238
internal_weight=898223 570206 328017 519494 50712 2340 1371 969 893 379154 101293 327489 991 626 277861 3420 1585 238 140340 2318 2191 1076 951 1115 326498 66869 259629 28812 69025 6748 62277 12502 11656 846 25113 11507 38057 17274 2313 365 528 10433 24964 8995 8294 4098 4196 14961 48372 2986 45386 8329 37057 11348 485 10863 886 9977 1125 332 1595 1215
internal_count=898223 570206 328017 519494 50712 2340 1371 969 893 379154 101293 327489 991 626 277861 3420 1585 238 140340 2318 2191 1076 951 1115 326498 66869 259629 28812 69025 6748 62277 12502 11656 846 25113 11507 38057 17274 2313 365 528 10433 24964 8995 8294 4098 4196 14961 48372 2986 45386 8329 37057 11348 485 10863 886 9977 1125 332 1595 1215
is_linear=0
shrinkage=0.03


Tree=89
num_leaves=63
num_cat=0
split_feature=2 4 1 5 10 9 2 1 6 5 9 8 5 5 11 6 1 4 11 4 11 2 10 4 11 3 5 10 2 6 10 10 11 11 2 8 1 2 11 11 11 8 2 4 11 4 5 11 9 10 8 5 2 11 9 9 1 6 11 11 10 2
split_gain=1.84421 1.27268 2.19475 2.34449 2.0141 2.5255 2.06479 1.78167 1.77166 1.61199 1.58674 1.52633 1.6731 2.27924 1.98451 2.09927 1.8178 1.60703 1.5247 1.83945 2.45724 2.1315 2.1697 1.84177 1.67556 1.59814 1.64816 1.64088 1.55593 1.51649 2.1226 1.49435 2.0426 1.80885 1.5486 2.54307 2.87971 2.63178 1.93403 1.75629 1.83938 1.44704 1.68253 1.62309 1.68629 1.40614 1.35752 1.33585 1.41869 1.33004 1.79717 1.60358 2.63506 3.35656 2.39099 2.22815 2.22356 1.96356 2.02409 1.86166 2.29112 2.89479
threshold=-0.030776515151515135 -0.26806722689075629 0.078201368523949225 0.086974789915966425 -0.25809822361546492 -0.41302521008403353 0.47100840336134459 0.31623376623376631 -0.47100840336134447 -0.41302521008403353 -0.17156862745098037 0.21198156682027655 -0.41042780748663094 -0.17394957983193274 0.35071301247771841 0.29049111807732503 -0.096874999999999975 0.066964285714285712 0.38403361344537817 0.27281105990783416 0.37689393939393945 0.47100840336134459 0.17156862745098042 0.43844696969696978 -0.25378787878787873 0.42488479262672812 0.47100840336134459 -0.40767045454545447 0.17694497153700192 0.44201680672268912 -0.15571120689655168 0.26904761904761915 0.32807881773399022 0.48571428571428577 0.38403361344537817 -0.26568627450980387 0.41926406926406928 0.48571428571428577 0.073593073593073613 -0.18660714285714283 0.014718614718614688 0.35960591133004927 0.41302521008403364 0.16190476190476191 0.44028520499108742 -0.13246753246753243 0.028991596638655474 -0.32085561497326193 -0.014718614718614713 -0.40473790322580638 0.48571428571428577 0.47014260249554374 0.436491935483871 0.46609195402298859 0.19848484848484851 -0.33095238095238094 0.436491935483871 0.46824596774193555 0.48571428571428577 0.43844696969696978 -0.18660714285714283 0.44028520499108742
decision_type=2 2 2 2 2 2 2 2 2 2 2 2 2 2 2 2 2 2 2 2 2 2 2 2 2 2 2 2 2 2 2 2 2 2 2 2 2 2 2 2 2 2 2 2 2 2 2 2 2 2 2 2 2 2 2 2 2 2 2 2 2 2
left_child=-1 -2 8 4 6 -6 9 -7 -3 -4 -8 12 -10 16 -15 -16 -14 -13 19 45 24 22 -22 -24 25 -21 28 -28 -27 30 -29 32 34 41 38 -36 39 -38 46 -37 -41 43 -43 -34 -45 -5 -9 -31 -49 50 -20 52 53 -51 -55 57 -53 -54 -59 -57 -61 -62
right_child=1 2 3 18 5 7 10 31 11 -11 -12 17 13 14 15 -17 -18 -19 49 20 21 -23 23 -25 -26 26 27 29 -30 47 -32 -33 33 -35 35 36 37 -39 -40 40 -42 42 -44 44 -46 -47 -48 48 -50 51 -52 56 55 54 -56 59 -58 58 -60 60 61 -63
leaf_value=4.7213256676075519e-05 -0.00018642955262274046 -0.0010397685156006316 0.003192263928187244 0.0017953610236695022 0.0019986127867674484 -0.00033240484523753265 -0.0028915250313406135 0.0012535516876840519 0.0014719553364137448 -0.00060379417643634541 0.001125167228397913 -0.00018106858325294236 2.1086228655239499e-05 0.00016281625923651247 0.00048760490443880541 0.002022813777575027 -0.00063450454767387081 0.00032379308065667357 0.00081449214904323467 -0.00020092779897906598 -0.00016164734670519277 -0.0027273518331459115 -0.00073447288947755293 -0.0039065908315860341 -6.3942152258587159e-05 0.00025450870323834638 -0.0025511176839110349 0.0016926864679134201 -0.0012653110678741523 0.00047255805672573873 -0.0015621230683275772 -0.00076774185268976597 -0.0026617035402280343 0.0022867759230154518 -0.0032091579649707281 0.0018238485669856196 0.0033988901996556704 -0.00097231719562591151 0.0025658478873972147 -0.0040452456739812825 -0.00034957158480632746 -0.0056436727011653903 -0.0010546189201718042 0.0012401386825568093 -0.0017456573790547495 3.218452121241687e-05 -0.0011232221972693151 0.0012513166870034877 0.0060321257055244021 0.00045375681633164734 -0.0009750798237550517 0.0014994645266987452 -0.0024535842020626452 -5.4149105476021261e-05 -0.0012827745166534737 -0.00098722592523612339 0.00021445906310734245 -0.0013948310886122066 0.0038424407060046002 0.00091323854390086264 -0.0033412948296185105 -0.00017355062975144171
leaf_weight=407019 47673 1259 101 408 475 21695 576 826 857 7904 104 27933 16302 63786 7929 891 4965 7120 4158 20780 2202 506 381 290 111882 716 185 278 3943 365 509 1071 204 189 177 200 433 173 798 170 417 107 217 557 244 86698 292 125 101 12462 574 1382 834 6463 1828 2452 9803 193 100 1732 277 3932
leaf_count=407019 47673 1259 101 408 475 21695 576 826 857 7904 104 27933 16302 63786 7929 891 4965 7120 4158 20780 2202 506 381 290 111882 716 185 278 3943 365 509 1071 204 189 177 200 433 173 798 170 417 107 217 557 244 86698 292 125 101 12462 574 1382 834 6463 1828 2452 9803 193 100 1732 277 3932
internal_value=-1.01374e-08 -3.91402e-05 -2.33084e-05 -6.65238e-05 -0.000290984 -0.000168118 -0.000690496 -0.000205251 7.9745e-05 -0.000555506 -0.00227646 9.06131e-05 0.000153196 0.000141141 0.000221144 0.000642904 -0.000131991 -7.85143e-05 -3.64411e-05 -6.81085e-05 -0.000134586 -0.000933806 -0.000617083 -0.00210921 -0.000115135 -0.000327238 -0.000748985 9.39692e-05 -0.00103174 0.000450671 -0.000411705 0.000248822 0.000466506 -0.000451793 0.0008664 0.00016769 0.00059876 0.00215146 0.00143855 -0.000598051 -0.00142493 -0.000842678 -0.00258284 -0.00027966 0.000329565 4.04637e-05 0.000632335 0.0015978 0.00340503 0.00012081 0.000597254 6.6416e-05 -4.69966e-05 0.000142573 -0.000325159 -0.000460218 0.000373352 -0.0017121 0.000399623 -0.000291932 -4.8489e-06 -0.000382768
internal_weight=898223 491204 443531 312489 36930 28245 8685 27770 131042 8005 680 129783 94730 93873 72606 8820 21267 35053 275559 229369 142263 3379 2873 671 138884 27002 6222 1563 4659 1378 787 6075 5004 1518 3486 1570 1393 606 1916 787 587 1329 324 1005 801 87106 1118 591 226 46190 4732 41458 30273 20753 8291 9520 11185 1127 293 8393 5941 4209
internal_count=898223 491204 443531 312489 36930 28245 8685 27770 131042 8005 680 129783 94730 93873 72606 8820 21267 35053 275559 229369 142263 3379 2873 671 138884 27002 6222 1563 4659 1378 787 6075 5004 1518 3486 1570 1393 606 1916 787 587 1329 324 1005 801 87106 1118 591 226 46190 4732 41458 30273 20753 8291 9520 11185 1127 293 8393 5941 4209
is_linear=0
shrinkage=0.03


Tree=90
num_leaves=63
num_cat=0
split_feature=3 11 1 5 11 7 5 8 1 11 7 7 7 8 11 2 9 7 2 2 9 4 10 11 2 8 3 7 5 11 7 3 8 7 2 4 3 7 3 3 2 11 2 10 5 5 7 4 9 2 10 4 7 11 11 5 1 8 7 10 8 7
split_gain=1.75901 2.09235 1.71595 3.02196 2.26249 2.22471 1.95415 1.92023 2.46415 2.29857 2.34698 1.77585 1.70105 2.18902 1.86678 2.40124 2.17785 2.2633 1.65979 1.65277 1.64544 2.22815 1.71665 1.66604 1.95292 1.62606 2.39116 1.72497 1.5109 1.62888 1.99541 2.01505 1.84927 1.49194 2.38741 1.86479 1.48975 1.46871 2.31506 2.30912 3.52813 1.70068 1.44438 1.44232 1.75079 1.43044 1.54149 1.42336 1.41637 1.58706 1.49631 1.40008 2.16013 1.63077 1.56923 1.73304 1.99611 2.17319 1.76936 1.716 1.58758 3.65566
threshold=0.23128342245989311 0.38403361344537817 0.436491935483871 0.38057040998217473 0.43218390804597706 0.47014260249554374 -0.092329545454545428 0.38057040998217473 0.44028520499108742 0.43844696969696978 0.46922348484848492 -0.39827586206896548 -0.46133004926108367 -0.26568627450980387 0.37689393939393945 0.38403361344537817 -0.38057040998217462 0.48571428571428577 0.45529953917050697 -0.35504201680672259 0.014718614718614688 -0.442016806722689 -0.15669642857142854 -0.32085561497326193 -0.21089931573802537 0.17156862745098042 0.45529953917050697 -0.27281105990783405 -0.44028520499108731 0.1885775862068966 -0.46922348484848481 0.47014260249554374 -0.14076246334310846 0.060661764705882366 -0.40161290322580639 0.436491935483871 0.43844696969696978 0.48571428571428577 -0.47014260249554363 -0.45529953917050686 0.18933823529411767 0.30947580645161293 0.46922348484848492 0.069047619047619038 -1.0000000180025095e-35 -0.014495798319327733 0.1885775862068966 -0.26114081996434929 0.25378787878787884 -0.47100840336134447 -0.24642857142857141 -0.10948191593352884 -0.442016806722689 -0.073593073593073585 0.35071301247771841 0.35071301247771841 0.47014260249554374 0.32807881773399022 0.46824596774193555 0.32085561497326209 0.40161290322580651 0.30947580645161293
decision_type=2 2 2 2 2 2 2 2 2 2 2 2 2 2 2 2 2 2 2 2 2 2 2 2 2 2 2 2 2 2 2 2 2 2 2 2 2 2 2 2 2 2 2 2 2 2 2 2 2 2 2 2 2 2 2 2 2 2 2 2 2 2
left_child=37 12 4 7 11 6 19 8 -4 10 -9 43 28 20 51 -16 -17 -18 -7 -6 21 -14 -22 24 -23 26 -13 -27 -2 30 31 32 -30 35 -35 42 -10 -1 48 40 -40 -42 -24 44 -3 -26 -47 -8 49 -39 -51 -15 53 -53 60 56 57 59 -57 -56 61 -54
right_child=1 2 3 -5 5 18 47 9 36 -11 -12 25 13 14 15 16 17 -19 -20 -21 22 23 33 -25 45 27 -28 -29 29 -31 -32 -33 -34 34 -36 -37 -38 38 39 -41 41 -43 -44 -45 -46 46 -48 -49 -50 50 -52 52 54 -55 55 58 -58 -59 -60 -61 -62 -63
leaf_value=3.1783487746927872e-05 -0.0033281573697051497 0.0028014916315542656 0.0018035575219193919 4.0017109466646203e-05 0.00069361356118073072 0.00093199460589734869 0.0027814093334370053 0.00037986494383209797 -0.0010289062101402464 0.00073901590277326238 -0.0054446355717846012 -8.6908259690753211e-05 -0.0040304814670144495 -0.00041743123281886229 -0.00022654842498288528 0.0014792244618504562 -0.0014732349003762021 -0.0044548212228934982 0.0043157337820273105 -0.0011006478682880122 -0.0014599580062898561 0.001460802663304322 -0.00010356273476384136 0.00054051729798411548 -0.0024668922986843269 0.0041318298368623442 0.0020741160709460958 0.00087702117469980342 -0.0012539946051591442 0.00041153650794819734 -0.0033538233891503245 -0.0036509607706008656 0.00089502817853096656 0.0045646973698973085 0.00040781525917688385 -0.0016221938516582481 -0.0032839033161768125 0.0040849151087126558 0.0008252878506116721 -0.00037340333123049075 -0.0028061663182279138 -0.007389269491464321 0.0029754707369812686 0.0045094423978448974 -0.00087362624233236952 -6.8889560336098576e-05 -0.0033276589158812526 0.00011095751465010124 -0.0022039909935602457 -0.0011009956279719646 0.002029443319086598 0.0050680596758380589 -6.9460458428495376e-05 0.00077722994670848032 0.00050356113296790603 0.0012994058475213561 0.0033856142995619147 -0.0021028308852202586 -0.0002069899925845675 -0.0022112451515043613 5.7792663105080541e-05 -0.00044153432834393135
leaf_weight=634908 199 288 141 15443 584 693 181 121 436 706 127 3989 102 13242 2541 164 958 301 160 2201 769 453 10129 12241 347 152 520 3528 843 918 303 185 628 129 2869 738 671 174 195 7675 241 105 138 173 195 1512 142 13830 100 223 355 120 86445 235 1381 2271 128 540 1015 246 35100 32776
leaf_count=634908 199 288 141 15443 584 693 181 121 436 706 127 3989 102 13242 2541 164 958 301 160 2201 769 453 10129 12241 347 152 520 3528 843 918 303 185 628 129 2869 738 671 174 195 7675 241 105 138 173 195 1512 142 13830 100 223 355 120 86445 235 1381 2271 128 540 1015 246 35100 32776
internal_value=-1.01199e-08 -6.68245e-05 0.000120941 -0.000108261 0.000273588 7.7317e-05 1.36972e-06 -0.00114771 -0.00192179 -0.000134121 -0.00261273 0.000665167 -0.00010627 -9.58633e-05 -0.000135682 -0.00077932 -0.00176553 -0.00218904 0.001571 -0.000724287 0.000143114 0.000366706 -8.08657e-05 0.0003975 -0.000315829 0.000544692 0.000162716 0.00101254 -0.000806457 -0.000630937 -0.00111941 -0.000708797 -0.000336548 -5.03148e-06 0.000588143 -0.000166664 -0.00239749 2.63688e-05 -0.00035271 -0.0005071 -0.00239963 -0.00421428 -6.18913e-05 0.00216597 0.00131901 -0.000718563 -0.000350505 0.000145652 0.00113495 0.0015813 0.000821863 -0.000120973 -9.64738e-05 0.00223781 -0.00010167 0.000392477 -0.000240045 -0.000455668 0.00083418 9.19803e-05 -0.000119543 -0.000171753
internal_weight=898223 254247 44139 17645 26494 17649 16796 2202 1248 954 248 8845 210108 207032 177463 3964 1423 1259 853 2785 29569 14797 14772 14695 2454 8189 4509 3680 3076 2877 1959 1656 1471 14003 2998 11005 1107 643976 9068 8216 541 346 10267 656 483 2001 1654 14011 852 752 578 173499 160257 355 159902 5581 2295 2167 3286 1627 154321 119221
internal_count=898223 254247 44139 17645 26494 17649 16796 2202 1248 954 248 8845 210108 207032 177463 3964 1423 1259 853 2785 29569 14797 14772 14695 2454 8189 4509 3680 3076 2877 1959 1656 1471 14003 2998 11005 1107 643976 9068 8216 541 346 10267 656 483 2001 1654 14011 852 752 578 173499 160257 355 159902 5581 2295 2167 3286 1627 154321 119221
is_linear=0
shrinkage=0.03


Tree=91
num_leaves=63
num_cat=0
split_feature=3 11 8 8 9 8 6 1 7 10 6 5 10 5 5 8 11 11 7 6 0 0 11 7 8 11 1 10 5 5 1 9 8 6 5 9 9 7 10 10 7 7 1 10 8 10 3 3 8 9 6 1 9 11 11 11 7 7 8 5 3 1
split_gain=1.67776 1.43381 1.38431 1.75384 2.404 1.69716 1.66805 1.56178 1.50658 1.87003 1.92074 1.43488 2.73105 1.9834 2.26862 1.42024 1.50275 1.40894 2.04585 1.50383 1.38575 1.36922 1.24863 1.72471 1.564 1.47326 1.74723 1.30001 1.3979 1.24227 1.22994 2.91031 1.28134 1.21704 1.19707 1.15607 1.34915 1.3588 1.15203 1.16307 1.83605 1.31436 1.46163 1.31104 1.36988 1.14948 1.56081 1.114 1.16607 1.28751 1.23235 1.10603 1.08269 1.29941 1.20106 1.06489 1.06372 1.0583 1.35093 1.1114 1.04866 1.79768
threshold=0.436491935483871 -0.47014260249554363 -0.43649193548387094 -0.015640273704789816 0.38403361344537817 -0.073593073593073585 -0.29705882352941171 -0.47100840336134447 -0.073593073593073585 -0.44028520499108731 0.34611742424242431 0.44028520499108742 -0.38403361344537806 0.436491935483871 0.12678571428571431 -0.44028520499108731 0.24642857142857147 0.47100840336134459 0.3550420168067227 0.34611742424242431 0.4781385281385282 0.44028520499108742 -0.46824596774193544 -0.442016806722689 -0.35504201680672259 -0.47014260249554363 0.44028520499108742 0.31534090909090917 0.46922348484848492 0.24264069264069268 -0.3507130124777183 -0.43844696969696967 -0.43844696969696967 -0.38057040998217462 -0.35504201680672259 0.48571428571428577 0.47014260249554374 0.14076246334310852 0.48571428571428577 -0.18857758620689652 -0.060661764705882353 0.41042780748663105 -0.46114369501466274 0.32085561497326209 0.44028520499108742 -0.41042780748663094 0.48571428571428577 -0.41302521008403353 0.44201680672268912 -0.15111561866125756 0.26166328600405681 0.37689393939393945 -0.47014260249554363 0.29705882352941182 -0.442016806722689 -0.015640273704789816 -0.41042780748663094 0.20294117647058826 0.21198156682027655 0.24264069264069268 0.1815668202764977 0.17394957983193279
decision_type=2 2 2 2 2 2 2 2 2 2 2 2 2 2 2 2 2 2 2 2 2 2 2 2 2 2 2 2 2 2 2 2 2 2 2 2 2 2 2 2 2 2 2 2 2 2 2 2 2 2 2 2 2 2 2 2 2 2 2 2 2 2
left_child=22 -2 6 4 8 35 -3 -5 9 -4 -11 12 13 14 45 16 -8 -10 19 -19 -20 -13 23 24 -1 38 27 28 30 -18 31 -27 -32 -33 -26 36 37 -6 39 40 -25 42 -41 -43 -45 46 -9 -42 49 57 -51 -34 53 54 -24 -12 -23 59 -59 -49 -55 -62
right_child=1 2 3 7 5 -7 15 11 17 10 55 21 -14 -15 -16 -17 29 18 20 -21 -22 56 52 25 34 26 -28 -29 -30 -31 32 33 51 -35 -36 -37 -38 -39 -40 41 47 43 -44 44 -46 -47 -48 48 -50 50 -52 -53 -54 60 -56 -57 -58 58 -60 -61 61 -63
leaf_value=0.00017887057857583161 -0.0023269063755451294 -0.0025117110482694464 -0.001390635039278608 -0.003704006250502657 -0.002124071625580442 0.001543835754892917 -0.00082285204253395444 -0.00059093073995254285 -5.2029621495511115e-05 0.00061624246115307636 2.9501127801946737e-05 0.00058279606058364195 -0.00041633671197978465 -0.002424850190050629 0.0011200745951137712 -0.0022748582322333457 -0.00029388111910190094 0.0018900510634014768 0.0062100111921187312 -0.0020424390158564586 0.0014194293128969395 -0.002770593899505255 -0.0019436682626390112 0.0011399629547198351 0.0056538715861178934 -0.0040410183967604226 -0.0023983575400620045 -0.0011097947941677119 0.0032575829636430622 0.0035531603146783924 -0.0010352506863719392 0.0032607632703179294 0.00097153154551728204 -8.0434975027707765e-05 0.0016625656475565884 -0.0030833259719372304 0.0015401332828881484 0.00025348209717242611 0.0020876170583027922 -0.0029549478411685084 0.0029363784930751756 0.00020227044047971393 -0.00019952961729001196 0.00054801042018414934 0.0049166901088328607 0.0012525767621239005 -0.0044225582550279797 0.00019299374315043805 -0.0028664837074846182 -0.00031442838281427865 -0.0034408925104732835 -0.00053329450860634185 1.0839714639197702e-05 -0.00046710955761399453 -5.6359399167922999e-05 0.0030639992866991158 -8.1133253733677878e-05 0.0024444900556208141 -0.00031525661196668651 -0.0024791178896107751 -0.0041819648657985065 -0.00091224916888990181
leaf_weight=243 266 469 366 112 641 217 428 372 8093 4642 133 2980 27405 195 2397 253 131 188 106 162 112 132 311 1811 124 161 181 392 181 177 340 110 5655 845 150 265 174 326 238 175 100 595 11171 128 130 173 128 686 146 320 175 476 779697 2115 11109 478 27313 368 281 175 202 598
leaf_count=243 266 469 366 112 641 217 428 372 8093 4642 133 2980 27405 195 2397 253 131 188 106 162 112 132 311 1811 124 161 181 392 181 177 340 110 5655 845 150 265 174 326 238 175 100 595 11171 128 130 173 128 686 146 320 175 476 779697 2115 11109 478 27313 368 281 175 202 598
internal_value=-9.98266e-09 -0.000132194 -0.000124734 -0.000107411 0.000173268 -0.000920474 -0.0010402 -0.00018034 0.000297633 0.000680153 0.000824671 -0.00017382 -0.000318621 0.000501436 0.000688036 -0.000340553 0.000326549 4.9416e-05 0.00149239 6.92367e-05 0.00376651 -2.78462e-05 1.27077e-05 0.000219939 0.00193325 0.000184203 0.000509118 0.000573896 0.000658992 0.00192126 0.000596578 -0.000322962 0.000755189 0.000307423 0.00348284 -0.00130164 -0.000885501 -0.0013231 1.99224e-05 -1.04674e-05 0.000429156 -0.000156876 -0.000242286 0.000978142 0.00275977 -0.000850117 -0.0015787 -0.000142962 -0.000287419 -9.82812e-05 -0.00142445 0.000854632 6.0896e-06 -0.000252257 -0.000107922 0.00240459 -9.4169e-05 0.000337112 0.00125095 -0.000352364 -0.000817483 -0.00174204
internal_weight=898223 78834 78568 77110 15903 1623 1458 61207 14280 5619 5253 61095 30670 3265 3070 989 736 8661 568 350 218 30425 819389 25357 517 24840 8341 8160 7768 308 7587 1116 6471 955 274 1406 1141 967 16499 16261 4062 12199 11346 853 258 673 500 2251 2151 2005 495 6131 794032 14335 11420 611 27445 1510 649 861 2915 800
internal_count=898223 78834 78568 77110 15903 1623 1458 61207 14280 5619 5253 61095 30670 3265 3070 989 736 8661 568 350 218 30425 819389 25357 517 24840 8341 8160 7768 308 7587 1116 6471 955 274 1406 1141 967 16499 16261 4062 12199 11346 853 258 673 500 2251 2151 2005 495 6131 794032 14335 11420 611 27445 1510 649 861 2915 800
is_linear=0
shrinkage=0.03


Tree=92
num_leaves=63
num_cat=0
split_feature=2 9 7 7 8 1 11 11 11 11 8 2 11 8 2 2 8 9 0 8 8 7 4 11 2 3 11 11 5 5 8 5 5 9 7 7 9 11 9 3 7 1 9 4 9 8 8 1 3 5 2 8 2 9 5 8 1 0 3 0 7 8
split_gain=1.67579 1.26583 1.62952 2.30975 3.7415 2.13969 2.06501 1.93842 2.14141 2.2526 1.84363 2.49579 1.70487 1.55958 1.44817 1.39476 1.40428 1.33289 1.25989 1.76872 1.27819 1.22446 1.86793 2.03307 1.86277 1.54118 1.67042 1.95479 2.46036 1.68645 1.61978 2.06883 1.86906 1.3574 1.3881 1.35044 1.47824 1.33805 1.2842 1.35783 1.26991 1.25178 1.24578 2.59003 1.57617 2.81391 2.66548 2.08735 1.52983 1.57989 1.5161 1.67563 1.40166 1.29634 1.2433 1.23539 1.2335 1.38914 1.23283 1.21965 1.58948 1.58024
threshold=-0.030776515151515135 -0.35504201680672259 -1.0000000180025095e-35 0.41302521008403364 0.43844696969696978 0.41042780748663105 0.29361054766734285 0.20294117647058826 -0.13095238095238093 0.015640273704789823 -0.13095238095238093 -0.37321428571428567 -0.25809822361546492 0.41302521008403364 -0.43202764976958524 -0.13435828877005343 0.19331243469174511 -0.44028520499108731 0.074643493761140836 -0.14611005692599616 -0.35960591133004921 0.096875000000000003 -0.26114081996434929 -0.47100840336134447 0.12678571428571431 -0.47100840336134447 0.3550420168067227 0.47014260249554374 0.4781385281385282 0.44201680672268912 0.29049111807732503 0.4781385281385282 -0.41042780748663094 0.16190476190476191 -0.442016806722689 -0.47100840336134447 -0.27281105990783405 0.24239631336405534 0.060661764705882366 0.46824596774193555 -0.21651785714285712 -0.43844696969696967 -0.43844696969696967 0.28456439393939398 0.15111561866125764 0.41302521008403364 0.29705882352941182 0.41302521008403364 -0.32605042016806712 -0.044786096256684498 0.47014260249554374 0.38057040998217473 0.48571428571428577 -0.21651785714285712 -0.014495798319327733 -0.442016806722689 -0.18660714285714283 -0.46922348484848481 0.17156862745098042 -0.44028520499108731 -0.46922348484848481 -0.27281105990783405
decision_type=2 2 2 2 2 2 2 2 2 2 2 2 2 2 2 2 2 2 2 2 2 2 2 2 2 2 2 2 2 2 2 2 2 2 2 2 2 2 2 2 2 2 2 2 2 2 2 2 2 2 2 2 2 2 2 2 2 2 2 2 2 2
left_child=1 2 10 5 15 18 -7 8 12 -10 14 13 -6 -12 -1 16 -5 -9 20 -20 -4 22 23 24 -2 40 30 29 42 33 32 38 37 -28 -35 36 -34 -27 -32 -40 -24 -23 43 -29 45 47 54 48 49 -44 51 -48 -47 -51 -46 -50 57 -37 -57 60 61 -25
right_child=21 -3 3 4 7 6 -8 17 9 -11 11 -13 -14 -15 -16 -17 -18 -19 19 -21 -22 41 25 59 -26 26 27 28 -30 -31 31 -33 35 34 -36 56 -38 -39 39 -41 -42 -43 44 -45 46 52 50 -49 55 53 -52 -53 -54 -55 -56 58 -58 -59 -60 -61 -62 -63
leaf_value=0.00052109513482879446 7.7707817385606648e-05 6.5161127869162275e-05 -0.0012805829623398059 -0.00081800852392223617 6.9206072692180876e-05 -8.6411151569336654e-06 -0.0041988769353514437 0.00083203605591894729 -0.0049804619951464698 0.0001673682792239008 -0.0010151733603910404 -0.00022058401370985447 0.0039888629006414574 -0.0040134920836054936 -0.00016773115019981044 0.00024633952305775205 -0.0029579170552737097 0.0057035838834503111 0.0015567152851965959 0.00033307848196923633 0.00017898642609480509 -0.0012185180826019414 -0.0022709813216972457 0.0032598835916303279 0.004390003796245814 0.0021646951592992989 0.00048173580262934863 -0.0003117233479571167 0.00351340400114168 0.001417994076856191 -0.0004504105353766846 -0.0024354540167602912 -0.0033480316005880012 0.0021946730272307913 -0.00018992964078491737 0.0028496348041181382 -0.00048661257483286917 -0.0010299815959772284 0.00019861541685944428 -0.0016900514891288806 -2.8468987264994921e-05 -8.0494801323736592e-05 -0.00088037647074088452 0.0047211470298237929 0.0010082001189717683 -0.0049065834238917238 0.0036908068456318523 -0.0023695998863472291 0.0026808571797871101 0.00053163778497742448 0.0054238453814798981 -0.00097026105510345634 -0.00094711121536143457 0.0043794871132474301 -0.00089436815538402562 -0.0010871719422512539 2.2991308417516953e-05 0.00029686398125426254 4.8593121422663218e-05 -0.00025755458891913016 -7.7206451524435346e-05 0.00062541874264737684
leaf_weight=3336 196 355432 565 440 321 239 189 101 127 190 3788 8164 144 162 15533 264 744 101 1451 3973 11755 872 468 248 166 603 15037 280 159 1390 8966 386 199 229 4906 194 869 146 6390 361 441 245500 183 136 481 196 138 449 110 146 118 138 137 171 861 1768 143759 11946 1674 35542 4083 1162
leaf_count=3336 196 355432 565 440 321 239 189 101 127 190 3788 8164 144 162 15533 264 744 101 1451 3973 11755 872 468 248 166 603 15037 280 159 1390 8966 386 199 229 4906 194 869 146 6390 361 441 245500 183 136 481 196 138 449 110 146 118 138 137 171 861 1768 143759 11946 1674 35542 4083 1162
internal_value=-9.95472e-09 4.50056e-05 -9.38637e-05 0.000112893 -0.000755174 0.000229104 -0.00186448 0.000671849 -6.20986e-06 -0.00190419 -0.000231358 -0.000520162 0.00128899 -0.00113913 -4.59269e-05 -0.00172471 -0.00216404 0.00328391 0.000279705 0.000660646 0.000111952 -3.73105e-05 1.02037e-05 -0.000173488 0.00206182 4.75838e-05 5.31185e-05 0.000265121 -0.000164914 0.000407622 1.81041e-05 -0.000268492 4.73675e-05 0.000337934 -8.31795e-05 4.02285e-05 -0.00102241 0.00154142 -0.000215121 9.73863e-05 -0.00118426 -8.45276e-05 -0.000249123 0.00134101 -0.000349996 -0.000628423 0.000425216 -0.00043117 -0.000215841 0.00133619 0.00259138 0.00136518 -0.00328532 0.00261454 -0.000212206 -0.000434629 4.75147e-05 0.000337889 -0.000534944 -0.000193257 0.000222745 0.00109077
internal_weight=898223 407019 51587 20604 2432 18172 428 984 782 317 30983 12114 465 3950 18869 1448 1184 202 17744 5424 12320 491204 244832 41397 362 203435 202526 28707 7145 21562 173819 16103 157716 20172 5135 156967 1068 749 15717 6751 909 246372 6986 416 6570 4834 1736 4501 4052 500 394 276 333 317 1342 3552 155899 12140 3442 41035 5493 1410
internal_count=898223 407019 51587 20604 2432 18172 428 984 782 317 30983 12114 465 3950 18869 1448 1184 202 17744 5424 12320 491204 244832 41397 362 203435 202526 28707 7145 21562 173819 16103 157716 20172 5135 156967 1068 749 15717 6751 909 246372 6986 416 6570 4834 1736 4501 4052 500 394 276 333 317 1342 3552 155899 12140 3442 41035 5493 1410
is_linear=0
shrinkage=0.03


Tree=93
num_leaves=63
num_cat=0
split_feature=2 11 2 5 8 8 10 8 4 10 11 6 11 3 10 9 6 2 2 11 10 11 11 9 11 5 10 4 8 3 8 10 5 9 5 10 5 4 4 0 3 2 10 9 10 8 8 11 4 11 3 11 11 10 11 11 6 3 8 6 3 5
split_gain=1.57669 1.2556 2.53855 1.46604 1.32597 1.41465 1.57278 1.56254 1.99511 1.45383 1.35327 2.1577 1.33938 1.30466 1.20734 1.28423 1.47221 1.52116 1.23224 2.73755 5.98692 2.34442 1.98567 2.66435 2.01016 3.49258 2.7631 2.63372 2.4456 2.17751 1.90822 1.8735 1.90785 1.83223 1.78463 2.44758 1.74107 1.92703 1.72813 2.97845 1.56094 3.18307 2.07329 1.51535 2.00942 3.38296 3.15166 2.53795 2.29372 2.26857 2.1851 1.93734 4.24091 1.80225 2.05511 1.99039 1.98045 2.00534 1.80151 2.24011 2.04591 2.55593
threshold=-0.030776515151515135 -0.24642857142857141 -0.47014260249554363 0.24264069264069268 0.48571428571428577 -0.24642857142857141 0.1566964285714286 -0.43844696969696967 -0.34122983870967738 -0.40473790322580638 -0.3507130124777183 0.35071301247771841 -0.25809822361546492 -0.46824596774193544 0.40767045454545459 0.47014260249554374 -0.442016806722689 0.2611408199643494 0.44028520499108742 0.46720430107526889 -0.47100840336134447 0.46922348484848492 0.48571428571428577 0.22570532915360506 0.35071301247771841 -0.17694497153700187 -0.46824596774193544 0.46922348484848492 -0.46824596774193544 0.47100840336134459 -0.38057040998217462 -0.46824596774193544 0.4781385281385282 -0.47014260249554363 0.44028520499108742 -0.050055617352614011 0.14611005692599624 0.44201680672268912 -0.38403361344537806 -0.30474095796676437 0.27281105990783416 0.4320276497695853 0.096875000000000003 1.0000000180025095e-35 0.087221095334685597 0.34122983870967749 0.29705882352941182 0.39827586206896559 -0.37298387096774188 0.27281105990783416 0.46824596774193555 -0.16190476190476188 -0.21651785714285712 0.046920821114369467 -0.442016806722689 -0.19848484848484846 -0.442016806722689 0.34611742424242431 -0.064583333333333312 0.46609195402298859 -0.41302521008403353 0.41302521008403364
decision_type=2 2 2 2 2 2 2 2 2 2 2 2 2 2 2 2 2 2 2 2 2 2 2 2 2 2 2 2 2 2 2 2 2 2 2 2 2 2 2 2 2 2 2 2 2 2 2 2 2 2 2 2 2 2 2 2 2 2 2 2 2 2
left_child=1 2 -1 4 5 6 7 8 9 -4 11 -6 13 -8 18 -16 17 -17 22 43 -21 -22 24 30 40 28 33 29 -26 -28 -24 -23 -33 -27 35 -31 -25 -38 -32 -40 41 -2 -42 53 45 49 -46 -47 -48 -45 -49 52 -50 54 -20 56 -56 -58 60 -60 -57 -62
right_child=14 -3 3 -5 10 -7 12 -9 -10 -11 -12 -13 -14 -15 15 16 -18 -19 19 20 21 31 23 36 25 26 27 -29 -30 34 38 32 -34 -35 -36 -37 37 -39 39 -41 42 -43 -44 44 46 47 48 50 51 -51 -52 -53 -54 -55 55 58 57 -59 59 -61 61 -63
leaf_value=-0.00068503532093027049 9.516241292196315e-06 1.1977183494817681e-05 0.0029634769904162339 0.00056306072175774395 -0.0021974491258690046 4.2886292991567046e-05 -0.0021438508153940206 0.00029975755316169115 -0.00075117178427204186 0.00020910262149402084 0.0022878365086398842 0.0014816364970465655 0.0024043165577378699 0.00060942367943102814 -0.0003090886813470105 0.00016301591829120544 -2.62152275858507e-05 0.0034247281172924862 0.0019737433131695199 -0.003798153569884393 0.00360875793484662 0.0036327989293127565 -0.0022431285622569568 -0.00043838111925929369 0.0024399521784053521 -0.00048396983642219436 0.00027867731011980789 -0.00048811964108984432 -0.00044347730849050057 0.0018813511906961046 -0.0017083414503127766 3.582327537227333e-05 0.00090254326201140195 0.0024215898109357817 0.0029069561818734621 -0.00077368228726580623 -0.0034199583747695625 0.00013577084972746876 0.0017130123006673641 -0.00021790978552729489 -0.00022866904921493939 0.00091034813387708515 6.7074257602381173e-05 -0.00087620040725009112 0.00033360890848725731 0.0012706482897701205 0.0020714600447887563 0.00090616234319920708 -0.0010383052025003294 0.00070134143681327692 -0.0021528397128675824 -0.00099744815701550298 0.0030604773163965516 -0.00098312683267774334 -0.0035282857717555973 0.003103708867021205 -7.5820798269705847e-05 -0.0015543389743216463 -0.00049087283807617719 0.00013349191446960674 -0.00039920956779459544 0.0016209991831905694
leaf_weight=3322 222998 298964 206 7440 218 69540 157 13698 3154 1035 511 415 368 7991 27957 294 15857 228 360 316 198 151 396 589 272 252 37131 3920 8759 745 553 8122 3180 863 484 537 596 178 829 5373 59358 3586 33303 2365 4631 3483 262 436 627 1255 404 5692 355 3629 252 247 1749 1563 16821 7467 1751 830
leaf_count=3322 222998 298964 206 7440 218 69540 157 13698 3154 1035 511 415 368 7991 27957 294 15857 228 360 316 198 151 396 589 272 252 37131 3920 8759 745 553 8122 3180 863 484 537 596 178 829 5373 59358 3586 33303 2365 4631 3483 262 436 627 1255 404 5692 355 3629 252 247 1749 1563 16821 7467 1751 830
internal_value=-9.25332e-09 4.3655e-05 0.000131299 0.000157199 0.000126157 0.00011407 0.000300093 0.000141843 -0.00035029 0.000668333 0.00114104 0.000213122 0.000636254 0.000556116 -3.61901e-05 -0.000185508 2.54354e-05 0.0015915 -2.13751e-05 -0.000140892 0.000269744 0.000380391 -6.10252e-07 -0.000453582 9.75234e-06 0.000180917 0.000291372 0.000252956 -0.000356372 0.000327651 -0.000221783 0.000324268 0.000279747 0.00176506 0.0013566 0.000769483 -0.00166866 -0.00260311 -0.00010297 4.04245e-05 -1.86445e-05 2.37771e-05 -0.000122377 -0.000231596 -2.00964e-05 0.000347284 -0.000272383 0.000913745 -0.000676979 -0.000329248 -0.000565882 -0.000785168 0.00044504 -0.000350613 -0.000276634 -0.000303104 -0.000969517 -0.000773822 -0.000215481 -0.000298923 0.000501009 0.000250827
internal_weight=898223 407019 108055 104733 97293 96149 26609 18093 4395 1241 1144 633 8516 8148 491204 44336 16379 522 446868 66146 11967 11651 380722 8514 372208 52963 43932 42817 9031 38897 7151 11453 11302 1115 1766 1282 1363 774 6755 6202 319245 226584 92661 54179 19510 7943 11567 4323 6936 3620 840 6674 982 34669 31040 30680 3564 3312 27116 24288 2828 2581
internal_count=898223 407019 108055 104733 97293 96149 26609 18093 4395 1241 1144 633 8516 8148 491204 44336 16379 522 446868 66146 11967 11651 380722 8514 372208 52963 43932 42817 9031 38897 7151 11453 11302 1115 1766 1282 1363 774 6755 6202 319245 226584 92661 54179 19510 7943 11567 4323 6936 3620 840 6674 982 34669 31040 30680 3564 3312 27116 24288 2828 2581
is_linear=0
shrinkage=0.03


Tree=94
num_leaves=63
num_cat=0
split_feature=1 5 4 3 1 4 7 11 8 11 9 10 6 9 9 8 7 6 8 5 6 7 7 7 11 5 6 7 10 10 9 8 4 8 4 8 8 5 9 8 11 3 11 7 11 8 11 10 11 8 10 6 10 8 7 1 10 4 11 4 9 6
split_gain=1.54088 2.63264 2.63364 2.49858 1.67019 2.31022 2.03612 1.89128 1.76265 3.41489 1.73547 2.09494 1.76083 1.63576 1.5872 1.48573 1.49189 1.53674 1.47143 1.46781 3.6435 2.06969 1.81994 1.89849 1.68613 1.52565 1.46014 1.45222 1.44385 1.56888 1.41692 1.41115 1.80631 1.4103 1.51367 3.59058 1.4058 1.62339 1.38308 2.12436 1.87791 2.97034 1.84072 2.79134 1.90665 2.2985 1.77555 2.46124 1.76493 2.67483 2.23747 1.82785 1.72686 2.0473 3.54264 2.02495 2.00499 1.78823 1.87979 1.72239 2.26714 1.94897
threshold=0.10948191593352886 0.061553030303030283 -0.20142602495543668 -0.29705882352941171 -0.10450089126559715 -0.24239631336405529 0.35071301247771841 -0.43844696969696967 -0.31534090909090901 -0.40767045454545447 0.1566964285714286 -0.038095238095238092 0.073593073593073613 -0.17156862745098037 -0.032291666666666656 -0.37689393939393934 0.11916835699797164 -0.030330882352941176 0.46922348484848492 -0.14611005692599616 -0.26166328600405669 -0.47014260249554363 -0.4499999999999999 -0.44028520499108731 0.47014260249554374 -0.3898268398268398 -0.47014260249554363 -0.35504201680672259 0.41042780748663105 0.43440860215053767 -0.20777988614800755 -0.014718614718614713 -0.13246753246753243 0.19331243469174511 0.2611408199643494 0.29361054766734285 -0.37689393939393934 -0.34330357142857137 0.19848484848484851 0.42266009852216752 0.29049111807732503 -0.47100840336134447 0.27281105990783416 -0.23861480075901326 0.29049111807732503 -0.23861480075901326 0.39113300492610842 -0.47100840336134447 0.38403361344537817 0.12678571428571431 -0.27281105990783405 -0.13095238095238093 -0.18660714285714283 0.30322580645161296 -0.47100840336134447 -0.41042780748663094 0.044155844155844122 -0.44028520499108731 0.47100840336134459 -0.45529953917050686 -0.26904761904761904 -0.44028520499108731
decision_type=2 2 2 2 2 2 2 2 2 2 2 2 2 2 2 2 2 2 2 2 2 2 2 2 2 2 2 2 2 2 2 2 2 2 2 2 2 2 2 2 2 2 2 2 2 2 2 2 2 2 2 2 2 2 2 2 2 2 2 2 2 2
left_child=1 4 3 -3 5 8 -7 -8 9 27 15 -12 26 -5 -15 -11 -17 -18 19 20 21 -6 -23 -24 25 -22 -13 -1 -14 -30 -4 32 -26 -32 -35 -36 37 -25 42 40 -40 -42 59 46 -45 -46 48 -48 -44 50 -50 -51 55 54 -54 -49 -56 58 -58 60 -10 -61
right_child=-2 2 30 13 18 6 7 -9 38 10 11 12 28 14 -16 16 17 -19 -20 -21 24 22 23 36 31 -27 -28 -29 29 -31 33 -33 -34 34 35 -37 -38 -39 39 -41 41 -43 43 44 45 -47 47 52 49 51 -52 -53 53 -55 56 -57 57 -59 -60 61 -62 -63
leaf_value=0.00023226855160211958 -4.80624870674995e-05 0.00028073375282897816 0.00044951014659472651 -0.0021586664695511558 -0.0035545789870058105 0.00018265296674049207 0.001207327930097749 -0.00046784258811898499 -0.0010339657136390029 -0.00020968979559842502 -0.0010345458736248344 0.0016157360073220655 0.0015891794787047178 0.0010709286490478041 -0.0010340681514328283 0.00033567702675726247 0.0014804295757069037 -0.0023032681715521326 0.00060856690014356347 -5.039305385176022e-05 0.00098062524959762203 0.002716041338973723 -0.0035068558160110557 -0.0042400412051325758 -0.0056911608712621646 -0.00013296493891783569 0.00018900404126459295 0.0014417612242007868 -0.0032239030615004347 0.00064775675717428148 0.00024928138286305865 -0.00014188049850363493 -0.0011810303054545809 -0.00015502605273223975 -0.0017939861181186557 0.0019406476013597098 -0.00052190830790545522 -0.0012215959549637784 -6.6086642421087888e-05 -0.00096850108259432784 0.0024609286051969774 -0.00070573069251125169 8.9792978872740864e-05 0.0020891841866420026 -0.0008476576779552291 0.000577964297135574 -0.0037364555989900967 0.00079330708823865872 0.0028009446143628432 0.0053451927560315693 -0.0013422376693191696 0.00049990833332797262 0.0025110080425781761 -0.0026908965822326071 -0.0014680663110702259 -0.00062795496446578405 -0.0035361462099950548 0.0010257099163916055 0.0011563263932475819 -0.00069055002287942151 -0.0001047836398269737 8.7235419779281022e-06
leaf_weight=1415 359913 2173 19760 865 266 106567 663 7017 3702 20845 969 681 1757 408 1523 8861 129 377 2675 100478 1177 125 245 189 132 18436 12101 2425 117 466 41616 300 202 15609 314 876 3805 1040 39288 3028 276 7118 5391 669 1122 10879 193 1984 187 211 311 105 313 442 1754 1653 192 718 127 3775 6533 71735
leaf_count=1415 359913 2173 19760 865 266 106567 663 7017 3702 20845 969 681 1757 408 1523 8861 129 377 2675 100478 1177 125 245 189 132 18436 12101 2425 117 466 41616 300 202 15609 314 876 3805 1040 39288 3028 276 7118 5391 669 1122 10879 193 1984 187 211 311 105 313 442 1754 1653 192 718 127 3775 6533 71735
internal_value=-8.37031e-09 3.21205e-05 0.000187347 -0.000482294 3.76531e-06 3.99196e-05 0.000148653 -0.00032309 -1.87192e-05 0.000136679 6.53724e-05 0.000317028 0.000403698 -0.00107519 -0.00058898 -6.86659e-05 0.000245153 -0.00133763 -8.75782e-05 -0.000102316 -0.000303607 -0.000975703 -0.000848129 -0.000933022 -0.000115353 -6.60904e-05 0.000265138 0.000996252 0.00116013 -0.000133421 0.000229917 -0.00163682 -0.00297514 0.000155629 -7.63759e-05 0.000954528 -0.000807085 -0.00168885 -6.69066e-05 -0.000198598 -0.000148639 -0.00058721 -8.45362e-06 0.000211351 0.000531614 0.00044462 -8.74473e-05 -0.000402039 0.000286519 0.00158769 0.000216031 0.00374186 -0.000311939 -0.000782929 -0.000510461 0.000147355 -0.000850085 0.000195587 -0.00167021 -7.57488e-05 -0.000440937 -2.62442e-05
internal_weight=898223 538310 83144 4969 455166 326096 114247 7680 211849 50143 46303 16091 15122 2796 1931 30212 9367 506 129070 126395 25917 5670 5404 5279 20247 19613 12782 3840 2340 583 78175 634 334 58415 16799 1190 5034 1229 161706 49710 46682 7394 111996 26251 12670 12001 13581 7376 6205 814 498 316 7183 3546 3104 3637 2791 1037 319 85745 10235 75510
internal_count=898223 538310 83144 4969 455166 326096 114247 7680 211849 50143 46303 16091 15122 2796 1931 30212 9367 506 129070 126395 25917 5670 5404 5279 20247 19613 12782 3840 2340 583 78175 634 334 58415 16799 1190 5034 1229 161706 49710 46682 7394 111996 26251 12670 12001 13581 7376 6205 814 498 316 7183 3546 3104 3637 2791 1037 319 85745 10235 75510
is_linear=0
shrinkage=0.03


Tree=95
num_leaves=63
num_cat=0
split_feature=3 11 8 8 9 8 6 5 10 5 5 2 11 7 11 7 6 9 6 11 10 8 11 0 0 10 5 10 7 11 7 8 11 2 10 10 3 2 7 7 6 7 10 2 10 9 9 9 7 8 9 2 8 3 9 6 0 6 3 2 7 7
split_gain=1.47136 1.3533 1.32148 1.60085 2.25217 1.59988 1.57071 1.42913 2.22002 2.17352 2.35842 1.50357 1.42431 1.40611 1.55986 1.98052 1.46039 1.4243 1.91299 2.42108 1.61404 1.33551 1.40454 1.30553 1.28917 1.19194 1.16915 1.16572 1.16474 1.11809 1.61027 1.46842 1.38713 1.38334 1.31643 1.28634 1.36493 1.26342 1.35708 1.29107 1.34398 1.2454 1.21287 1.95415 1.16171 1.13989 1.08868 1.26801 1.28378 1.08333 1.04645 2.62446 2.14021 1.14777 1.03913 1.25489 1.03857 1.03438 1.18118 1.02591 2.33041 1.47329
threshold=0.436491935483871 -0.47014260249554363 -0.43649193548387094 -0.015640273704789816 0.38403361344537817 -0.073593073593073585 -0.29705882352941171 0.44028520499108742 -0.38403361344537806 0.12678571428571431 0.436491935483871 -0.34330357142857137 0.21198156682027655 0.12678571428571431 0.47100840336134459 0.3550420168067227 0.32085561497326209 -0.19848484848484846 0.44201680672268912 0.073593073593073613 -0.3461174242424242 -0.44028520499108731 0.24642857142857147 0.4781385281385282 0.44028520499108742 -0.47100840336134447 0.24264069264069268 -0.38403361344537806 0.30947580645161293 -0.46824596774193544 -0.442016806722689 -0.35504201680672259 -0.47014260249554363 -0.14928698752228159 -0.47100840336134447 -0.18660714285714283 -0.41302521008403353 -0.3673020527859237 -0.23861480075901326 0.29361054766734285 0.32807881773399022 0.41042780748663105 0.32085561497326209 -0.442016806722689 0.31534090909090917 0.023326572008113614 0.48571428571428577 0.47014260249554374 0.14076246334310852 0.29361054766734285 -0.442016806722689 0.47014260249554374 0.20294117647058826 0.47014260249554374 -0.38403361344537806 -0.29705882352941171 0.43844696969696978 0.21198156682027655 -0.26806722689075629 -0.32085561497326193 0.31534090909090917 0.40473790322580649
decision_type=2 2 2 2 2 2 2 2 2 2 2 2 2 2 2 2 2 2 2 2 2 2 2 2 2 2 2 2 2 2 2 2 2 2 2 2 2 2 2 2 2 2 2 2 2 2 2 2 2 2 2 2 2 2 2 2 2 2 2 2 2 2
left_child=29 -2 6 4 13 46 -3 8 9 12 11 -11 28 16 17 -16 25 18 -15 -20 -19 22 -8 -17 -9 -4 -24 -21 -5 30 31 -1 33 34 -32 36 -36 38 -37 42 -41 -39 -40 -44 56 -33 47 48 -6 -14 51 52 -13 -52 -38 -56 59 58 -57 60 -34 -61
right_child=1 2 3 7 5 -7 21 24 -10 10 -12 50 49 14 15 23 -18 20 19 27 -22 -23 26 -25 -26 -27 -28 -29 -30 -31 32 45 44 -35 35 37 54 41 39 40 -42 -43 43 -45 -46 -47 -48 -49 -50 -51 53 -53 -54 -55 55 57 -58 -59 -60 61 -62 -63
leaf_value=0.0001636086022347731 -0.0022559976392802312 -0.0024389275361664906 -0.0027554438416211103 0.0017103186186770316 -0.0020591481341418723 0.0015025274912530873 -0.00079637396425314875 0.00056890027548430193 -0.00040174676155865221 -0.0024498118597414127 -0.0023425847223760292 -0.0015338424557843539 -0.0041596977906128083 -0.0014626545730886159 -0.00039125079181783482 0.0060274549804096959 0.0013469097687230736 -0.0031128279750489373 0.0039371568164819652 0.0017127647880162741 0.00027128323924594059 -0.0022077856777789522 -0.00029235234293578698 0.0013775888886467544 -8.7872487497136993e-05 0.00039220754755049235 0.0034396963100712789 -0.0021430823816821821 -0.0021384945734994202 5.6385787721507737e-06 -0.0029409097978431316 0.004860182296901638 0.0004879673070752686 -0.00021407191164433219 0.0043781345779378266 0.0018017882960192468 0.0021392964460334716 0.00031073628431764765 -0.00089102637906846363 0.0033464697493882094 -0.00087463252172206656 0.0025180341935327573 -0.0064225951202196187 -0.00088709341560116431 -0.0010973468547556629 0.0008598082612017886 -0.0029891670225065592 0.0014951998491971089 0.00025182751915871524 -0.00093386537342082028 0.00077651396067426816 -0.0039717580076601162 0.0029530822641049498 0.0023009171108575267 -0.0026380463242782529 -0.00072010709187884069 -0.0020716655266799287 -0.0010937172390475141 0.0021734089596043508 0.00062961264239297561 -0.0026101804812957981 0.0022387354389233963
leaf_weight=243 266 469 109 212 641 217 428 2981 27475 103 195 157 160 1363 216 106 1600 131 147 110 3247 253 131 112 27452 6946 177 193 105 794032 107 171 1078 9764 110 180 429 3558 650 110 174 245 105 126 395 103 265 174 326 226 843 113 242 943 110 176 131 204 451 5904 273 560
leaf_count=243 266 469 109 212 641 217 428 2981 27475 103 195 157 160 1363 216 106 1600 131 147 110 3247 253 131 112 27452 6946 177 193 105 794032 107 171 1078 9764 110 180 429 3558 650 110 174 245 105 126 395 103 265 174 326 226 843 113 242 943 110 176 131 204 451 5904 273 560
internal_value=-8.584e-09 -0.000123795 -0.000116548 -9.96229e-05 0.000168534 -0.000890107 -0.001011 -0.000169298 -0.000313452 0.00042179 0.000822483 0.00108041 -0.00105693 0.000288909 -8.03527e-05 0.0016453 0.000528878 -0.000224917 -0.000902978 0.000791703 0.000139164 -0.000332067 0.000314832 0.00365573 -2.35231e-05 0.000343193 0.00185655 -0.00074224 0.000432759 1.19012e-05 0.000208001 0.0018635 0.000173471 1.40655e-05 0.000344788 0.000398267 0.00117742 0.000174083 -0.000615894 -0.000990666 0.000766307 0.000453561 -0.00155727 -0.00342007 0.000488745 0.00336499 -0.00126019 -0.000856362 -0.0012806 -0.00227829 0.00123963 4.3804e-05 0.00118813 0.00158223 0.000917421 0.000358691 0.000567719 0.000758065 0.00136134 0.000612221 -0.000139551 0.000769342
internal_weight=898223 78834 78568 77110 15903 1623 1458 61207 30774 3299 2596 2401 703 14280 5625 434 8655 5191 1813 450 3378 989 736 218 30433 7055 308 303 317 819389 25357 517 24840 16499 6735 6628 1480 5148 1345 1165 284 3803 881 231 8341 274 1406 1141 967 386 2298 512 399 1786 1370 941 7946 831 627 7815 1351 6464
internal_count=898223 78834 78568 77110 15903 1623 1458 61207 30774 3299 2596 2401 703 14280 5625 434 8655 5191 1813 450 3378 989 736 218 30433 7055 308 303 317 819389 25357 517 24840 16499 6735 6628 1480 5148 1345 1165 284 3803 881 231 8341 274 1406 1141 967 386 2298 512 399 1786 1370 941 7946 831 627 7815 1351 6464
is_linear=0
shrinkage=0.03


Tree=96
num_leaves=63
num_cat=0
split_feature=1 4 2 5 7 11 10 1 10 1 5 7 11 3 2 11 4 11 10 2 7 11 1 5 7 4 3 4 4 6 2 3 6 3 3 2 9 3 5 1 11 3 5 2 9 9 7 11 10 11 5 1 10 1 5 3 11 2 10 9 2 6
split_gain=1.43119 2.81614 3.71321 1.60744 4.27336 1.73848 1.63142 2.15523 1.80537 1.53431 2.66038 2.04046 1.74427 1.66464 1.46053 1.65017 1.45424 1.45239 3.16979 2.8028 2.65032 1.36101 1.35874 1.4235 1.61643 1.88488 1.39512 1.39179 1.33147 1.43455 1.4682 1.41068 1.31918 1.31031 1.28556 1.26273 1.43141 1.27939 1.32196 1.2567 2.48325 2.06756 1.25605 2.3864 1.24195 1.23154 1.20796 1.53046 1.20266 1.14858 2.20135 1.51183 1.94824 1.70251 1.20246 1.61605 1.65311 2.62022 2.2174 2.20824 1.83892 1.71604
threshold=0.083179723502304195 0.073593073593073613 -0.47014260249554363 0.072478991596638634 -0.3507130124777183 -0.32555780933062872 -0.23861480075901326 0.2611408199643494 0.1815668202764977 0.2834821428571429 0.38057040998217473 0.44201680672268912 0.38403361344537817 -0.47100840336134447 0.3928571428571429 0.48571428571428577 0.1566964285714286 0.37689393939393945 0.17156862745098042 0.47100840336134459 0.46922348484848492 0.12678571428571431 -0.23861480075901326 -0.3507130124777183 -0.38403361344537806 0.31534090909090917 0.48571428571428577 0.23861480075901334 -0.32085561497326193 -0.44028520499108731 0.089572192513369023 0.35071301247771841 -0.38057040998217462 0.10948191593352886 0.3550420168067227 0.47100840336134459 -0.17156862745098037 0.46922348484848492 -0.13961038961038957 0.35071301247771841 0.32085561497326209 0.32085561497326209 -0.26114081996434929 0.14928698752228167 0.32085561497326209 -0.014718614718614713 -0.3507130124777183 0.46922348484848492 -0.15111561866125756 -0.4226600985221674 0.17694497153700192 -0.074643493761140808 -0.47014260249554363 -0.41302521008403353 -0.35504201680672259 -0.030330882352941176 1.0000000180025095e-35 -0.41042780748663094 -0.12678571428571425 -0.35504201680672259 0.47014260249554374 0.16190476190476191
decision_type=2 2 2 2 2 2 2 2 2 2 2 2 2 2 2 2 2 2 2 2 2 2 2 2 2 2 2 2 2 2 2 2 2 2 2 2 2 2 2 2 2 2 2 2 2 2 2 2 2 2 2 2 2 2 2 2 2 2 2 2 2 2
left_child=1 49 16 4 5 -2 35 42 14 10 -5 -12 13 21 39 32 -3 -15 19 -19 44 -11 23 -4 -25 33 27 46 -7 -30 45 -32 -16 -26 -13 -6 37 38 -37 -9 48 -42 43 -8 -20 -31 47 -24 -41 50 51 52 53 -1 -51 -56 57 61 59 -58 -59 -57
right_child=3 2 22 9 6 28 7 8 -10 12 11 34 -14 17 15 -17 -18 18 20 -21 -22 -23 26 24 25 -27 -28 -29 29 30 31 -33 -34 -35 -36 36 -38 -39 -40 40 41 -43 -44 -45 -46 -47 -48 -49 -50 54 -52 -53 -54 -55 55 56 58 60 -60 -61 -62 -63
leaf_value=-0.0045345751179902017 -0.0032111071130949192 -0.00066224038799451328 0.0042211186716037737 2.1676354927587463e-05 -0.00035206756981043534 -0.0041058661233065487 0.0015038653579044826 0.00057986875420681743 -0.00026739686907523272 -0.00015551536698299256 0.00066536977782450768 -0.0022423464446686783 0.00010356802389687753 -9.7379511415000941e-05 -0.00222116154982649 0.0035863037223673681 -0.0051921067734415462 0.0001588773517025493 -0.0026307801656898053 -0.002436241888343558 -0.0056403233138296533 -0.0028238968609586215 -0.00050830823627399696 0.0030637769128958256 -1.6488763274368984e-05 -0.0018923328208808427 -0.0016894626966570145 0.00076050939240645307 -0.0019838182006311628 0.0011003805751229245 -0.0017468133273364236 0.0006417137499856487 0.00010627952571334818 0.0019515325986416783 0.0010921968536910741 0.00078161464647409759 0.0013562012070627964 -0.0053642895042567565 -0.0027207661138180963 0.00061201803395952267 0.0013494287432986312 -0.0026696347033915418 -0.00022945469292588714 -0.00055705993047221723 -0.00010137099569857669 -0.00083438861150764599 0.00027450602380991058 0.0023790013451836004 0.0030114607454110546 -8.7890200546214821e-05 0.001790687282728942 -0.00020742354279669768 0.00030324163867726151 -0.00056932311726297401 8.1690071377421361e-05 -0.00049226333927893757 -0.00017969532207749183 -9.8456955760244799e-05 -7.0796321942895782e-05 0.00048438523603635056 -0.0022635640515617918 -0.0018659204581137115
leaf_weight=128 344 111 122 128958 11011 117 1091 2632 2711 321 8499 363 39951 154677 250 109 150 2551 377 438 169 370 2962 258 603 247 324 4786 778 670 995 286 1728 614 145 140 114 101 312 244 319 179 22180 941 325 529 27050 174 827 105853 748 8179 23997 400 201814 2645 6264 64652 42793 16058 354 1185
leaf_count=128 344 111 122 128958 11011 117 1091 2632 2711 321 8499 363 39951 154677 250 109 150 2551 377 438 169 370 2962 258 603 247 324 4786 778 670 995 286 1728 614 145 140 114 101 312 244 319 179 22180 941 325 529 27050 174 827 105853 748 8179 23997 400 201814 2645 6264 64652 42793 16058 354 1185
internal_value=-8.57365e-09 3.28461e-05 0.000283483 -4.36559e-05 -0.000204937 -0.00118205 -0.00012396 -1.67106e-05 0.000379674 -2.04025e-05 5.6494e-05 0.000554939 -7.36663e-05 -0.000118136 0.00065865 9.93255e-06 -0.00327549 -0.000111726 -0.000686452 -0.000222092 -0.00227791 -0.00158633 0.000308581 0.00110225 0.000878963 0.000492106 0.000267087 0.000285261 -0.000974352 -0.000860669 -0.000507668 -0.00121346 -0.00018886 0.000977203 -0.00129028 -0.000428937 -0.00169549 -0.0023259 -0.00163663 0.000980845 0.00165269 -9.76294e-05 -0.000164047 0.000549666 -0.00146157 0.000246775 0.000209887 -0.000347399 0.00246589 1.31135e-05 0.000182598 0.000145764 0.000263554 -0.00153735 2.74972e-07 2.807e-05 -5.27153e-05 -0.000155216 5.56437e-05 0.000298031 -0.000110282 -0.000917648
internal_weight=898223 512471 37401 385752 48608 3719 44889 33211 8999 337144 137965 9007 199179 159228 6288 2087 261 158537 3860 2989 871 691 37140 1844 1722 1464 35296 34972 3375 3258 2480 1281 1978 1217 508 11678 667 553 452 4201 1569 498 24212 2032 702 1199 30186 3136 1071 475070 33452 32704 24525 528 441618 335765 133951 68836 65115 22322 65006 3830
internal_count=898223 512471 37401 385752 48608 3719 44889 33211 8999 337144 137965 9007 199179 159228 6288 2087 261 158537 3860 2989 871 691 37140 1844 1722 1464 35296 34972 3375 3258 2480 1281 1978 1217 508 11678 667 553 452 4201 1569 498 24212 2032 702 1199 30186 3136 1071 475070 33452 32704 24525 528 441618 335765 133951 68836 65115 22322 65006 3830
is_linear=0
shrinkage=0.03


Tree=97
num_leaves=63
num_cat=0
split_feature=2 9 6 8 8 7 2 11 8 0 4 1 7 8 11 11 2 11 2 7 8 2 4 3 11 11 2 2 7 3 6 2 4 7 6 2 11 8 11 6 3 6 7 8 2 8 8 4 4 3 6 1 8 11 8 3 8 7 8 2 8 3
split_gain=1.39304 1.17262 1.63489 3.37026 1.63305 3.03599 2.00885 1.87424 3.34888 2.22808 1.86755 1.85638 1.44193 1.39844 1.88658 2.05705 1.86031 1.48446 1.80937 1.39195 1.38343 1.8199 1.28914 1.2121 1.34761 1.18533 2.61973 1.96647 1.6959 1.31676 1.17893 1.17255 1.11474 1.89797 2.40306 1.67329 1.50801 2.78924 1.49583 2.42507 2.82043 1.43302 1.27745 2.92049 1.2312 1.48333 1.68423 1.57347 1.45869 1.21493 1.16159 2.35446 2.08172 1.88323 1.19942 1.41996 1.76617 1.99023 1.13504 1.11503 1.11334 2.32757
threshold=-0.030776515151515135 -0.35504201680672259 -0.29705882352941171 0.45418719211822667 0.46824596774193555 0.41302521008403364 -0.47100840336134447 0.14611005692599624 -0.44028520499108731 0.13046218487394959 -1.0000000180025095e-35 0.41042780748663105 0.073593073593073613 -0.10303030303030301 0.41042780748663105 0.36881720430107534 -0.46824596774193544 0.35071301247771841 -0.43649193548387094 -0.38403361344537806 0.35071301247771841 -0.3507130124777183 -0.41042780748663094 -0.19223484848484845 -0.050055617352614011 0.35960591133004927 -0.45529953917050686 -0.47014260249554363 -0.4226600985221674 0.3550420168067227 -0.23030303030303029 -0.10303030303030301 -0.26806722689075629 -0.069047619047619038 -0.47100840336134447 0.18376623376623377 0.38057040998217473 -0.47014260249554363 0.46720430107526889 -0.46922348484848481 -0.30322580645161284 0.10303030303030304 -0.38057040998217462 -0.032291666666666656 0.48571428571428577 0.38057040998217473 0.24642857142857147 0.32605042016806729 0.037053571428571415 0.46922348484848492 -0.47014260249554363 -0.43202764976958524 -0.27281105990783405 0.48571428571428577 0.32555780933062883 0.22301136363636367 -0.23861480075901326 -0.10948191593352884 0.41302521008403364 0.47014260249554374 -0.4541871921182265 -0.096874999999999975
decision_type=2 2 2 2 2 2 2 2 2 2 2 2 2 2 2 2 2 2 2 2 2 2 2 2 2 2 2 2 2 2 2 2 2 2 2 2 2 2 2 2 2 2 2 2 2 2 2 2 2 2 2 2 2 2 2 2 2 2 2 2 2 2
left_child=1 2 3 13 5 7 -6 10 9 30 12 25 20 17 15 -15 -16 23 -19 22 -4 -22 -18 24 -1 26 -10 -27 -29 -30 -9 -14 50 34 35 -34 41 -38 49 -40 -41 -36 43 -43 45 46 -42 -48 -47 -39 51 52 -2 -52 55 56 -55 -58 -56 -51 61 -3
right_child=32 60 4 -5 6 -7 -8 8 11 -11 -12 -13 31 14 16 -17 19 18 -20 -21 21 -23 -24 -25 -26 27 -28 28 29 -31 -32 -33 33 -35 36 -37 37 38 39 40 44 42 -44 -45 -46 48 47 -49 -50 59 53 -53 -54 54 58 -57 57 -59 -60 -61 -62 -63
leaf_value=0.00057519737332662206 0.0038454979127782282 0.00010361233392131627 -0.00012784194204219827 -0.0051641305826092493 -0.0020748540631029756 -0.0013201017247119803 0.0015778038109672456 0.0028389099313765121 0.0014857532077779372 0.0043244060072780508 0.00059436480969208389 -0.0027180832163017665 0.0005430605355980679 -0.00069628116968689668 -0.0059011818023605479 0.0021939178424398016 0.0024069940772251754 0.0020659341308763794 1.3115651823688337e-06 -0.0030630295369883241 -0.0048993127224957788 -0.00027481689404567077 -0.0020657804545062856 -0.00076432852795393501 -0.00049576579921573776 -0.0028272988742694782 -0.00078817676931857534 0.003143491158952265 0.00031037340632111924 -0.0015415416253225893 -0.00041934144804659098 -0.00079875399960226124 0.00045008295695285016 -6.0673159656257168e-05 9.9245742701663248e-05 -0.0014697451561173811 0.0029302384350739885 0.00044324788761318686 -0.0030933784989883068 0.0019961376741640456 -0.00041676101138553745 8.2949065945328281e-05 -0.00011219928782714237 -0.0026574947263388574 0.0012566963551899439 -0.0050824019306829936 0.00043438481290338258 0.0041291124281554441 -0.00074826221132868933 0.0026118741867885665 -0.00017449086294363668 -0.00036767087725411414 0.00077373624811912509 -0.0027845003105423254 -0.0043627556931521549 -0.0035154127737985468 -0.00051240854538163211 0.0031516248156143309 -0.0009863324929028749 -0.00018360904917038605 7.1382457296779669e-05 -0.00067752497703823719
leaf_weight=2057 239 8920 11262 130 155 1564 1036 144 494 208 6898 309 5242 3648 107 235 114 566 1171 255 127 191 116 2987 2174 198 5795 171 2861 392 321 659 562 306605 98905 1492 371 9035 229 598 3770 856 18552 591 485 111 419 137 187 446 43130 1666 1155 211 189 147 594 171 171 180 340932 5580
leaf_count=2057 239 8920 11262 130 155 1564 1036 144 494 208 6898 309 5242 3648 107 235 114 566 1171 255 127 191 116 2987 2174 198 5795 171 2861 392 321 659 562 306605 98905 1492 371 9035 229 598 3770 856 18552 591 485 111 419 137 187 446 43130 1666 1155 211 189 147 594 171 171 180 340932 5580
internal_value=-9.34339e-09 4.10332e-05 -9.26253e-05 -0.000375433 8.22794e-06 -2.71361e-05 0.0011011 3.02312e-05 -0.000296907 0.00175136 0.000176409 -0.000431946 1.14591e-05 -0.000328698 -0.000761689 -0.000520846 -0.00233787 -0.000112263 0.000674869 -0.00154121 -0.000183038 -0.00213128 0.000151983 -0.000301752 2.4921e-05 -0.000360403 -0.000609352 7.19047e-05 0.000240334 8.68048e-05 0.000593592 0.000393102 -3.40178e-05 -1.9201e-05 7.36634e-05 -0.000944493 8.91761e-05 0.000362905 0.000301653 -7.31489e-05 4.8562e-05 5.24134e-05 -0.000179189 -0.0010374 -0.000179745 -0.000330648 -0.000189357 0.00135056 -0.00237426 0.000531925 -0.000171865 0.000393483 0.00130277 -0.00021065 -0.00126144 -0.000777045 -0.000361431 0.000309656 -0.00276613 0.00180905 6.04325e-05 -0.000197017
internal_weight=898223 407019 51587 13560 38027 36836 1191 35272 10893 673 24379 10220 17481 13430 4475 3883 592 8955 1737 485 11580 318 230 7218 4231 9911 6289 3622 3424 3253 465 5901 491204 443531 136926 2054 134872 15968 15597 5936 5707 118904 19999 1447 5109 4624 4326 556 298 9661 47673 3060 1394 44613 1483 1123 976 765 360 626 355432 14500
internal_count=898223 407019 51587 13560 38027 36836 1191 35272 10893 673 24379 10220 17481 13430 4475 3883 592 8955 1737 485 11580 318 230 7218 4231 9911 6289 3622 3424 3253 465 5901 491204 443531 136926 2054 134872 15968 15597 5936 5707 118904 19999 1447 5109 4624 4326 556 298 9661 47673 3060 1394 44613 1483 1123 976 765 360 626 355432 14500
is_linear=0
shrinkage=0.03


Tree=98
num_leaves=63
num_cat=0
split_feature=3 11 1 5 11 7 5 8 1 11 7 7 8 0 7 7 8 11 2 9 7 9 1 10 11 2 2 7 7 2 3 5 11 2 9 1 10 5 9 7 3 3 2 11 9 2 11 10 5 1 2 3 7 8 7 9 10 11 10 0 3 2
split_gain=1.35875 1.80203 1.58263 2.77557 2.04565 2.12755 1.86184 1.81579 2.30556 2.15269 2.19343 1.65942 1.57411 3.1161 1.61935 1.54583 1.94837 1.71803 2.15285 2.04083 2.05027 1.52779 2.04548 1.6149 1.56057 1.87074 1.52663 1.4221 1.41119 2.24219 1.5454 1.4103 1.48058 1.40122 1.45094 1.78169 1.35796 1.66922 1.3565 1.30597 2.22738 2.16834 3.29231 1.6087 1.3398 1.49208 1.47707 1.94104 1.38783 1.29104 1.28183 1.27582 1.27348 1.26191 2.55749 1.93945 1.69879 2.27283 1.91921 2.43136 1.60108 2.01711
threshold=0.23128342245989311 0.38403361344537817 0.436491935483871 0.38057040998217473 0.43218390804597706 0.47100840336134459 -0.092329545454545428 0.38057040998217473 0.44028520499108742 0.43844696969696978 0.46922348484848492 -0.39827586206896548 0.17156862745098042 0.45529953917050697 -0.27281105990783405 -0.46133004926108367 -0.26568627450980387 0.37689393939393945 0.38403361344537817 -0.38057040998217462 0.48571428571428577 0.014718614718614688 -0.44028520499108731 -0.15669642857142854 -0.32085561497326193 0.22301136363636367 -0.35504201680672259 0.44201680672268912 0.060661764705882366 -0.40161290322580639 0.48571428571428577 -0.37689393939393934 0.32807881773399022 0.47014260249554374 0.39827586206896559 -0.13961038961038957 0.069047619047619038 -1.0000000180025095e-35 0.16190476190476191 0.48571428571428577 -0.47014260249554363 -0.45529953917050686 0.18933823529411767 0.30947580645161293 0.25378787878787884 -0.47100840336134447 0.47100840336134459 -0.24642857142857141 0.29705882352941182 -0.40767045454545447 0.44028520499108742 0.47100840336134459 -0.442016806722689 0.40767045454545459 0.30947580645161293 0.087221095334685597 -0.38057040998217462 0.11916835699797164 0.11527514231499054 0.14611005692599624 0.48571428571428577 0.096875000000000003
decision_type=2 2 2 2 2 2 2 2 2 2 2 2 2 2 2 2 2 2 2 2 2 2 2 2 2 2 2 2 2 2 2 2 2 2 2 2 2 2 2 2 2 2 2 2 2 2 2 2 2 2 2 2 2 2 2 2 2 2 2 2 2 2
left_child=39 15 4 7 11 6 26 8 -4 10 -9 36 13 -13 -14 31 21 52 -19 -20 -21 22 -17 -23 25 -24 38 -10 30 -30 33 49 -33 34 35 -25 37 -3 -6 -1 44 42 -42 -44 45 -41 47 -47 -49 -2 -11 -29 -18 54 -54 -56 -55 -58 -59 -60 -57 -62
right_child=1 2 3 -5 5 -7 -8 9 27 50 -12 12 14 -15 -16 16 17 18 19 20 -22 23 24 28 -26 -27 -28 51 29 -31 -32 32 -34 -35 -36 -37 -38 -39 -40 40 41 -43 43 -45 -46 46 -48 48 -50 -51 -52 -53 53 56 55 60 57 58 59 -61 61 -63
leaf_value=2.8280406832249591e-05 -0.0013182543681880101 0.0027110106787631436 0.0017499421843209526 3.7506597689439767e-05 0.0013436936219586642 0.0017158929738747119 0.00014878581387036264 0.00037912238370169137 -0.0029132827601957645 -0.001901671514328983 -0.0052515366720763262 -0.00012929914627635614 0.0040005973275458687 0.0024324526758055945 0.00084701085032332232 -0.0036835464789952053 0.0013245859223299846 -0.00021704435547125495 0.0014666411144955251 -0.0014029510053371421 -0.004240754190338961 -0.001413379172375728 0.00020871484909719 0.0012056959455969134 0.00052464134965514908 -0.0016423175419477047 -0.0010606616066794899 0.00208698645778085 0.0044283827752089845 0.00039990843869962739 -0.0024493610044459464 -0.00072640438403239827 0.0016925507337076677 0.0029676686972445829 -0.00076267353820016917 -0.00011743553014184921 0.0043590969336921642 -0.00087739802000103321 -0.0023782066799867608 0.0039866146991295471 0.0007956296016078452 -0.00035617006179850517 -0.0027032787576683386 -0.0071603972053776912 -0.0021225974226536434 -0.0024650721907472379 0.0040993647113004147 0.0037434582648399684 -0.00028848120591423493 -0.0049004728223942225 0.0013485238417076111 -0.0021377972318760807 -7.760311125691443e-05 -0.00054441500300254659 -0.00056163360993131809 -2.3128575090875508e-05 -9.0501198721299148e-05 0.00069762913073500655 0.0044369542826495833 -0.00013247645444630055 -0.0040345431208729486 -0.00064323051577253694
leaf_weight=634908 333 288 141 15443 479 683 14176 121 844 134 127 4032 152 477 3528 111 555 2541 164 958 301 769 1771 1053 12236 679 2204 109 129 2869 258 2368 251 131 2571 6992 173 195 107 174 195 7675 241 105 100 168 101 139 170 124 572 154 99026 4007 20753 14013 20427 8214 106 5100 183 1115
leaf_count=634908 333 288 141 15443 479 683 14176 121 844 134 127 4032 152 477 3528 111 555 2541 164 958 301 769 1771 1053 12236 679 2204 109 129 2869 258 2368 251 131 2571 6992 173 195 107 174 195 7675 241 105 100 168 101 139 170 124 572 154 99026 4007 20753 14013 20427 8214 106 5100 183 1115
internal_value=-9.68782e-09 -5.87322e-05 0.000115521 -0.000104598 0.000262118 7.54887e-05 9.3537e-06 -0.00110077 -0.0018535 -0.000115147 -0.00251383 0.00063446 0.000518003 0.000142184 0.000978319 -9.53392e-05 -8.54184e-05 -0.000122985 -0.000740446 -0.00167426 -0.00208424 0.000140041 0.00035549 -7.57833e-05 0.000386267 -0.000304746 -0.000698901 -0.00231364 -2.23113e-06 0.000574667 -0.000159429 -0.000762816 -0.000494019 -0.000104232 -0.000142415 5.58758e-05 0.00208523 0.00126345 0.000661204 2.31745e-05 -0.000334287 -0.000485726 -0.00231965 -0.00407261 0.00112493 0.00155903 0.000822611 0.000121667 0.00153146 -0.00229881 0.000729814 -0.000385568 -0.000108874 -0.000113481 -0.000156378 -0.000372673 3.96048e-05 0.000108758 0.000412042 -3.86035e-05 -0.000116531 -0.0011241
internal_weight=898223 254247 44139 17645 26494 17649 16966 2202 1248 954 248 8845 8189 4509 3680 210108 207032 177463 3964 1423 1259 29569 14797 14772 14686 2450 2790 1107 14003 2998 11005 3076 2619 10747 10616 8045 656 483 586 643976 9068 8216 541 346 852 752 578 477 309 457 706 263 173499 172944 135090 36064 37854 33847 13420 5206 15311 1298
internal_count=898223 254247 44139 17645 26494 17649 16966 2202 1248 954 248 8845 8189 4509 3680 210108 207032 177463 3964 1423 1259 29569 14797 14772 14686 2450 2790 1107 14003 2998 11005 3076 2619 10747 10616 8045 656 483 586 643976 9068 8216 541 346 852 752 578 477 309 457 706 263 173499 172944 135090 36064 37854 33847 13420 5206 15311 1298
is_linear=0
shrinkage=0.03


Tree=99
num_leaves=63
num_cat=0
split_feature=2 9 9 3 10 8 6 3 5 4 9 4 3 3 1 9 5 1 1 3 5 8 5 10 8 5 1 8 5 9 8 3 10 6 10 4 5 8 0 10 5 5 5 2 8 9 1 6 4 6 5 1 5 9 2 0 9 4 6 3 8 1
split_gain=1.29758 1.18277 1.1035 1.87106 1.85323 1.5057 1.43294 1.3569 1.33278 2.152 2.8337 1.58225 1.51609 1.4192 1.30454 1.41225 1.31217 3.62302 2.32719 1.39724 1.28365 1.28202 1.20442 1.14807 1.14142 2.40856 2.40713 1.8642 2.27131 1.9551 1.77309 1.74948 1.96151 1.65028 1.58661 2.23199 2.27881 2.06157 1.85642 1.767 1.65527 1.59904 1.58485 1.5688 2.55985 2.39306 1.50285 1.44503 1.99595 1.37242 1.35752 1.3386 1.68958 1.4085 2.302 1.37057 1.32877 1.32288 1.59279 1.30875 1.62975 1.99428
threshold=0.3928571428571429 -0.14611005692599616 0.35960591133004927 0.13246753246753248 0.46824596774193555 0.48571428571428577 -0.44028520499108731 -0.47014260249554363 0.47100840336134459 0.44028520499108742 0.12284482758620692 0.41302521008403364 -0.015640273704789816 0.28456439393939398 0.32605042016806729 -0.47014260249554363 -0.32085561497326193 -0.16152751423149903 -0.44028520499108731 -0.442016806722689 -0.3673020527859237 0.48571428571428577 -0.3673020527859237 0.23861480075901334 -0.43844696969696967 0.23193277310924373 -0.3898268398268398 -0.27772177419354832 -0.442016806722689 0.26904761904761915 -0.44028520499108731 -0.20142602495543668 -0.13095238095238093 0.14611005692599624 -0.11916835699797161 0.37689393939393945 0.014495798319327681 0.47100840336134459 0.47100840336134459 -0.47014260249554363 -0.3507130124777183 0.46824596774193555 0.38057040998217473 -0.28456439393939387 0.1885775862068966 0.096875000000000003 0.11596638655462189 -0.25378787878787873 -0.30322580645161284 -0.10948191593352884 -0.47100840336134447 -0.1014705882352941 -0.3898268398268398 0.014718614718614688 -0.38403361344537806 0.2611408199643494 -0.064583333333333312 0.12678571428571431 0.030330882352941183 0.13246753246753248 0.41042780748663105 0.46824596774193555
decision_type=2 2 2 2 2 2 2 2 2 2 2 2 2 2 2 2 2 2 2 2 2 2 2 2 2 2 2 2 2 2 2 2 2 2 2 2 2 2 2 2 2 2 2 2 2 2 2 2 2 2 2 2 2 2 2 2 2 2 2 2 2 2
left_child=2 -2 6 4 5 -4 14 -6 24 11 21 13 -12 -10 16 -16 17 18 20 -20 -1 -11 -19 -17 25 26 30 28 47 42 31 32 50 -27 35 36 38 41 39 -29 -40 56 -30 44 -38 -46 -45 -26 -49 -32 -8 53 -53 57 -55 -56 -37 -41 -59 -36 -61 -62
right_child=1 -3 3 -5 7 -7 8 -9 9 10 12 -13 -14 -15 15 23 -18 22 19 -21 -22 -23 -24 -25 27 33 -28 34 29 -31 49 -33 -34 -35 59 37 43 -39 40 51 -42 -43 -44 46 45 -47 -48 48 -50 -51 -52 52 -54 54 55 -57 -58 58 -60 60 61 -63
leaf_value=5.2173283169040215e-05 -0.0002160716005355037 -1.2802406257019113e-05 -0.00010662951207562454 -0.00024670130872935468 0.0020261197799367921 0.0015083914253062433 -0.002344069597699369 0.00020235170786792105 0.0012666644255278233 -0.00043793087031294151 -0.0024369138882208903 0.0017583551269754031 0.0012976585767134035 -2.2979054642218997e-05 0.0022490166437167387 -0.0012188823099438262 4.5073526211783051e-05 -0.0051200172872102644 -0.0016062486189449717 -0.00044499697541814645 0.0019816518274736548 0.0011721264532591658 -0.0016166639482365786 0.00057816774778068067 0.000143630128563043 0.00031489115927104192 -0.0003449439386674522 -0.00051683343894344796 0.00011235586991344456 0.00055646404759032524 0.00098242221608373288 -0.00089004670387547095 0.0012161379122164148 0.002153927311008429 2.0373732172609426e-05 -0.00018389189440496591 0.00020985785133812213 -0.0016162409788863133 -0.0051830051765583531 7.5059835091827382e-05 -0.00093252004769124044 -0.001061746628505733 0.00074549478943541697 0.00048333426092201769 -0.0011735570863648974 0.0033950057205381903 0.00018587429885796373 -0.0011427140329732252 0.0019186191015836335 0.0039505264478089707 0.00011097996906116178 0.0015287833779824604 -0.00014564615136436807 0.0015394309941546287 0.00035821224464242666 -0.0016514623290708253 0.00056809029868843503 0.0040219572097799205 -0.00038487300555977994 -0.00015276350723609659 0.00012393402348921971 0.0018571355526590205
leaf_weight=4753 44665 60877 50032 37569 372 524 242 23499 1311 5066 103 1290 1673 1852 129 2192 17755 175 1240 3757 331 487 180 374 1958 3898 25827 5026 82823 11464 574 1103 1631 494 188993 13910 5049 916 100 64240 453 1604 3717 22412 2339 107 48082 2605 206 185 1222 552 28200 1576 5328 323 2493 166 132 95507 11932 628
leaf_count=4753 44665 60877 50032 37569 372 524 242 23499 1311 5066 103 1290 1673 1852 129 2192 17755 175 1240 3757 331 487 180 374 1958 3898 25827 5026 82823 11464 574 1103 1631 494 188993 13910 5049 916 100 64240 453 1604 3717 22412 2339 107 48082 2605 206 185 1222 552 28200 1576 5328 323 2493 166 132 95507 11932 628
internal_value=-9.58293e-09 -9.88264e-05 1.31476e-05 -7.41149e-05 1.30048e-05 -8.98607e-05 2.75053e-05 0.000230857 3.69951e-05 0.00035315 3.70864e-05 0.00087322 0.00107982 0.000511784 -0.000172142 -0.000802605 -0.000111845 -0.000378792 -0.000273727 -0.000733424 0.000178159 -0.000296543 -0.0033532 -0.000956835 3.11563e-05 -0.000134955 -0.000228724 4.08492e-05 0.000157219 0.000188331 0.000376752 0.000135329 0.000500923 0.000522184 1.69329e-05 8.15736e-05 0.000113467 -0.000228678 2.29695e-05 3.2061e-05 -0.00170911 -0.000158008 0.000139558 0.000236578 -0.000176051 -0.0009724 0.000280451 -0.000482052 -0.000917766 0.00171012 -0.000296164 5.95114e-05 -0.000113447 0.000128806 0.000525944 0.000243071 -6.95747e-05 8.43273e-05 0.00207518 -2.72422e-05 -0.000110515 0.000210735
internal_weight=898223 105542 792681 111996 74427 50556 680685 23871 649799 11782 7329 4453 1776 3163 30886 2695 28191 10436 10081 4997 5084 5553 355 2566 638017 35176 30784 602841 102773 98004 4957 4198 3095 4392 500068 203008 184085 18923 106096 105543 553 18007 86540 77989 7495 2446 70494 4769 2811 759 1464 100517 28752 71765 7227 5651 16403 64538 298 297060 108067 12560
internal_count=898223 105542 792681 111996 74427 50556 680685 23871 649799 11782 7329 4453 1776 3163 30886 2695 28191 10436 10081 4997 5084 5553 355 2566 638017 35176 30784 602841 102773 98004 4957 4198 3095 4392 500068 203008 184085 18923 106096 105543 553 18007 86540 77989 7495 2446 70494 4769 2811 759 1464 100517 28752 71765 7227 5651 16403 64538 298 297060 108067 12560
is_linear=0
shrinkage=0.03


Tree=100
num_leaves=63
num_cat=0
split_feature=2 11 2 5 10 3 6 4 5 10 11 11 10 11 7 11 6 2 6 1 11 7 5 1 4 4 6 2 11 5 6 11 2 11 11 6 7 7 11 7 10 6 5 6 2 4 5 5 1 1 2 5 2 1 3 11 7 11 11 0 7 7
split_gain=1.24795 1.11141 2.31396 1.37436 1.08829 1.14609 2.10158 2.94279 2.58158 1.76738 1.69432 2.1169 1.45878 1.24776 1.53208 1.45844 1.22293 1.20126 1.08548 2.15419 1.71145 1.36699 1.36547 2.28076 1.69511 1.31201 1.26269 1.29804 1.67655 1.42048 1.18457 3.64467 2.17266 1.79913 1.15551 1.13876 1.07999 1.1306 1.07949 1.04206 1.42828 1.03204 1.2949 1.58328 1.22724 1.3055 1.67285 1.13351 1.68019 1.52645 1.73575 1.48653 2.73996 2.18411 1.44779 1.43367 1.62609 1.29553 1.66708 2.19222 1.31617 1.2933
threshold=-0.030776515151515135 -0.24642857142857141 -0.47014260249554363 0.24264069264069268 0.40767045454545459 -0.442016806722689 -0.20294117647058821 -0.46922348484848481 -0.44028520499108731 -0.24642857142857141 0.055273833671399604 -0.18156682027649768 -0.4541871921182265 0.41302521008403364 -0.47014260249554363 0.35071301247771841 -0.38403361344537806 0.29705882352941182 -0.38057040998217462 0.29705882352941182 0.25378787878787884 -0.15669642857142854 -0.32605042016806712 -0.44028520499108731 -0.030330882352941176 -0.45529953917050686 -0.40767045454545447 -0.17694497153700187 0.073593073593073613 -0.442016806722689 0.46609195402298859 0.47014260249554374 -0.38057040998217462 0.46720430107526889 0.32807881773399022 0.47857142857142865 0.32807881773399022 -0.13095238095238093 0.38403361344537817 0.47100840336134459 -0.35960591133004921 0.054433497536945825 -0.29705882352941171 -0.47100840336134447 0.21320346320346326 -0.27281105990783405 0.35071301247771841 0.44028520499108742 0.14611005692599624 0.46922348484848492 0.46824596774193555 0.086974789915966425 0.47014260249554374 0.34611742424242431 -1.0000000180025095e-35 0.48571428571428577 0.48571428571428577 0.090992647058823553 0.29705882352941182 0.063508064516129073 -0.10303030303030301 -0.44028520499108731
decision_type=2 2 2 2 2 2 2 2 2 2 2 2 2 2 2 2 2 2 2 2 2 2 2 2 2 2 2 2 2 2 2 2 2 2 2 2 2 2 2 2 2 2 2 2 2 2 2 2 2 2 2 2 2 2 2 2 2 2 2 2 2 2
left_child=1 2 -1 -4 5 6 8 9 12 -8 11 17 -2 15 -15 16 -14 -10 19 22 -21 -22 23 26 25 -25 27 29 -29 -3 -20 33 -33 36 -28 -34 37 -32 -23 -9 -41 42 -7 44 -44 -46 -47 48 -45 61 -51 52 53 -50 -54 -52 -57 -55 -59 -60 -61 -49
right_child=4 18 3 -5 -6 41 7 39 10 -11 -12 -13 13 14 -16 -17 -18 -19 30 20 21 38 -24 24 -26 -27 34 28 -30 -31 31 32 35 -35 -36 -37 -38 -39 -40 40 -42 -43 43 47 45 46 -48 49 51 50 55 -53 54 57 -56 56 -58 58 59 60 -62 -63
leaf_value=-0.00065809152556279616 -0.0021477581635862587 9.0255713396498013e-05 0.00011596785132057718 0.00053898960565233864 -0.00017396262908532964 -0.00017485359382336251 -0.0067183439101954207 -0.00032407265502433865 0.00024304554185046901 -0.0021664839428699304 -0.00060562980423151949 0.00097571705560747346 0.0018069485167260047 0.0052223923131019517 0.0012888840174890078 -0.001643316711151502 -0.00058401305364913514 -0.0014166730404327884 4.2582586866445095e-05 -0.0019212717199171983 -0.001192250825009519 0.0031455713687292123 6.0532411459155473e-05 -0.0024866674297074403 -0.0040987164621418782 -0.00051437030218708265 -0.0015491352878132393 0.0013003659124604075 -0.0025588707494634119 0.0011895318418686019 -0.0013663566628356468 0.0052373768067887879 -0.00084066153743756031 -0.0035568548513980336 0.00057750613206650973 0.0028434650771542573 -0.00062777778966012412 0.00043510732691881749 -0.00029515660452429193 -0.0049061661975667156 -0.0010350053461925573 -5.3651086984199674e-05 0.00040497803222743492 0.00014522333775359887 0.0014380144212463516 -0.0020154434104506678 0.00013257823051727874 -0.0019110942441905134 -0.0004693184747803223 -0.00046636997858412281 0.00031642116940992988 2.9837024481248098e-06 -0.001052853154976662 -0.00021993887962809013 -0.0038982334497850383 0.00077346066785384971 0.0052832550994263818 0.0031558986657283044 0.0026738619403618626 0.0013856966427856071 -0.0029004528768233613 0.00072457409736884418
leaf_weight=3322 124 3324 97293 7440 44336 22660 106 2090 824 278 5730 1719 753 138 251 193 258 748 252422 1065 411 161 21701 315 125 7764 694 153 296 1551 373 150 166 165 343 137 5543 1939 166 106 437 227226 654 88394 162 1109 462 171 7366 3252 2293 70332 381 647 279 188 116 347 220 101 175 6578
leaf_count=3322 124 3324 97293 7440 44336 22660 106 2090 824 278 5730 1719 753 138 251 193 258 748 252422 1065 411 161 21701 315 125 7764 694 153 296 1551 373 150 166 165 343 137 5543 1939 166 106 437 227226 654 88394 162 1109 462 171 7366 3252 2293 70332 381 647 279 188 116 347 220 101 175 6578
internal_value=-8.97789e-09 3.88374e-05 0.000121296 0.000146023 -3.21977e-05 -1.81321e-05 -0.000287717 -0.000987157 -9.11248e-05 -0.00343717 -0.000294082 0.000248377 0.000974748 0.001219 0.00269413 0.000740561 0.00119682 -0.000547092 9.03397e-06 -0.000140612 -0.00115243 -4.18348e-05 -9.02776e-05 -0.000314964 -0.000645498 -0.000591568 0.00011137 0.000297939 -0.00124384 0.000440167 3.08703e-05 -0.000318019 0.00229703 -0.000465995 -0.000845845 0.000828973 -0.000400625 0.000144008 0.00140333 -0.000628674 -0.00179833 -9.56989e-06 3.90801e-05 6.55385e-05 -0.000701885 -0.00111959 -0.00138407 7.56719e-05 5.5118e-05 0.000350136 -4.5994e-06 -4.46317e-05 -0.000396516 -0.000257418 -0.00225975 0.000573593 0.00250598 0.00078975 0.00156403 0.000446247 -0.00133263 0.000657521
internal_weight=898223 407019 108055 104733 491204 446868 13755 3017 10738 384 9021 3291 1717 1593 389 1204 1011 1572 298964 38069 1803 738 36266 14565 8204 8079 6361 5324 449 4875 260895 8473 453 8020 1037 303 7855 2312 327 2633 543 433113 205887 183227 2387 1733 1571 180840 168242 12598 5849 79848 9516 8856 660 2597 304 1490 843 496 276 6749
internal_count=898223 407019 108055 104733 491204 446868 13755 3017 10738 384 9021 3291 1717 1593 389 1204 1011 1572 298964 38069 1803 738 36266 14565 8204 8079 6361 5324 449 4875 260895 8473 453 8020 1037 303 7855 2312 327 2633 543 433113 205887 183227 2387 1733 1571 180840 168242 12598 5849 79848 9516 8856 660 2597 304 1490 843 496 276 6749
is_linear=0
shrinkage=0.03


end of trees

feature_importances:
ls_divergence=1055
oi_zscore=685
taker_cvd_24h=670
ret_48h=611
oi_chg_24h=527
mom_z_24h=495
taker_cvd_12h=474
ret_24h=401
oi_chg_12h=363
residual_12h=333
residual_24h=328
ret_12h=320

parameters:
[boosting: gbdt]
[objective: regression]
[metric: l2]
[tree_learner: serial]
[device_type: cpu]
[data_sample_strategy: bagging]
[data: ]
[valid: ]
[num_iterations: 500]
[learning_rate: 0.03]
[num_leaves: 63]
[num_threads: -1]
[seed: 13]
[deterministic: 0]
[force_col_wise: 0]
[force_row_wise: 0]
[histogram_pool_size: -1]
[max_depth: -1]
[min_data_in_leaf: 100]
[min_sum_hessian_in_leaf: 0.001]
[bagging_fraction: 0.8]
[pos_bagging_fraction: 1]
[neg_bagging_fraction: 1]
[bagging_freq: 0]
[bagging_seed: 16376]
[bagging_by_query: 0]
[feature_fraction: 0.8]
[feature_fraction_bynode: 1]
[feature_fraction_seed: 20348]
[extra_trees: 0]
[extra_seed: 30076]
[early_stopping_round: 0]
[early_stopping_min_delta: 0]
[first_metric_only: 0]
[max_delta_step: 0]
[lambda_l1: 0]
[lambda_l2: 1]
[linear_lambda: 0]
[min_gain_to_split: 0]
[drop_rate: 0.1]
[max_drop: 50]
[skip_drop: 0.5]
[xgboost_dart_mode: 0]
[uniform_drop: 0]
[drop_seed: 24096]
[top_rate: 0.2]
[other_rate: 0.1]
[min_data_per_group: 100]
[max_cat_threshold: 32]
[cat_l2: 10]
[cat_smooth: 10]
[max_cat_to_onehot: 4]
[top_k: 20]
[monotone_constraints: ]
[monotone_constraints_method: basic]
[monotone_penalty: 0]
[feature_contri: ]
[forcedsplits_filename: ]
[refit_decay_rate: 0.9]
[cegb_tradeoff: 1]
[cegb_penalty_split: 0]
[cegb_penalty_feature_lazy: ]
[cegb_penalty_feature_coupled: ]
[path_smooth: 0]
[interaction_constraints: ]
[verbosity: -1]
[saved_feature_importance_type: 0]
[use_quantized_grad: 0]
[num_grad_quant_bins: 4]
[quant_train_renew_leaf: 0]
[stochastic_rounding: 1]
[linear_tree: 0]
[max_bin: 255]
[max_bin_by_feature: ]
[min_data_in_bin: 3]
[bin_construct_sample_cnt: 200000]
[data_random_seed: 81]
[is_enable_sparse: 1]
[enable_bundle: 1]
[use_missing: 1]
[zero_as_missing: 0]
[feature_pre_filter: 1]
[pre_partition: 0]
[two_round: 0]
[header: 0]
[label_column: ]
[weight_column: ]
[group_column: ]
[ignore_column: ]
[categorical_feature: ]
[forcedbins_filename: ]
[precise_float_parser: 0]
[parser_config_file: ]
[objective_seed: 11872]
[num_class: 1]
[is_unbalance: 0]
[scale_pos_weight: 1]
[sigmoid: 1]
[boost_from_average: 1]
[reg_sqrt: 0]
[alpha: 0.9]
[fair_c: 1]
[poisson_max_delta_step: 0.7]
[tweedie_variance_power: 1.5]
[lambdarank_truncation_level: 30]
[lambdarank_norm: 1]
[label_gain: ]
[lambdarank_position_bias_regularization: 0]
[eval_at: ]
[multi_error_top_k: 1]
[auc_mu_weights: ]
[num_machines: 1]
[local_listen_port: 12400]
[time_out: 120]
[machine_list_filename: ]
[machines: ]
[gpu_platform_id: -1]
[gpu_device_id: -1]
[gpu_use_dp: 0]
[num_gpu: 1]

end of parameters

pandas_categorical:[]
