tree
version=v4
num_class=1
num_tree_per_iteration=1
label_index=0
max_feature_idx=11
objective=regression
feature_names=ret_12h ret_24h ret_48h residual_12h residual_24h mom_z_24h oi_chg_12h oi_chg_24h oi_zscore taker_cvd_12h taker_cvd_24h ls_divergence
feature_infos=[-0.47142857142857142:0.5] [-0.47142857142857142:0.5] [-0.47142857142857142:0.5] [-0.47142857142857142:0.5] [-0.47142857142857142:0.5] [-0.47142857142857142:0.5] [-0.47142857142857142:0.5] [-0.47142857142857142:0.5] [-0.47142857142857142:0.5] [-0.47142857142857142:0.5] [-0.47142857142857142:0.5] [-0.47142857142857142:0.5]
tree_sizes=5987 6272 6278 6276 6254 6256 6289 6249 6233 6239 6238 6190 6213 6256 6250 6237 6224 6237 6256 6226 6217 6245 6233 6212 6231 6263 6226 6288 6217 6278 6215 6246 6221 6230 6249 6230 6201 6230 6217 6209 6179 6231 6168 6167 6207 6199 6149 6184 6242 6180 6155 6196 6169 6217 6166 6227 6148 6122 6167 6199 6167 6254

Tree=0
num_leaves=63
num_cat=0
split_feature=2 1 3 11 2 11 4 3 9 11 4 10 5 11 10 3 3 8 5 5 6 3 11 5 2 2 8 11 9 2 5 6 8 6 4 10 11 6 8 11 11 11 8 9 1 8 8 11 3 3 11 3 11 8 10 11 2 10 4 9 8 10
split_gain=167.463 29.4623 29.2953 16.3269 15.7765 16.1254 15.6289 13.8992 8.68209 8.29183 7.11756 7.0613 6.89649 5.90338 7.23782 5.84822 5.80523 5.73415 5.63712 5.11585 4.74532 4.71648 4.35726 4.31788 4.16797 4.14178 4.01535 3.95939 3.64587 3.6405 3.66556 3.60477 3.77396 3.5928 3.5598 3.49667 3.38989 3.33362 3.54949 4.04265 3.99615 3.29459 3.28751 3.18264 3.16606 3.00344 2.99048 2.98323 2.9632 2.9364 2.82955 2.77868 2.75627 2.68151 2.57036 2.5337 2.98427 4.4613 2.52801 2.49641 2.48326 2.47548
threshold=0.24217986314760512 0.30151515151515157 0.436491935483871 0.14076246334310852 0.44028520499108742 0.18660714285714289 -0.41302521008403353 0.14611005692599624 0.37298387096774199 -0.31534090909090901 0.45529953917050697 0.24239631336405534 0.41042780748663105 0.15111561866125764 0.28456439393939398 0.43844696969696978 0.23128342245989311 -0.3461174242424242 -0.21089931573802537 0.45529953917050697 0.37298387096774199 -0.3507130124777183 0.40161290322580651 -0.45529953917050686 -0.44028520499108731 0.41926406926406928 -0.073593073593073585 -0.02332657200811358 -0.12284482758620689 0.037053571428571415 -0.059714795008912656 0.30947580645161293 -0.014718614718614713 -0.26166328600405669 0.34122983870967749 0.40473790322580649 0.23861480075901334 -0.44028520499108731 0.015640273704789823 0.47014260249554374 0.26904761904761915 -0.18660714285714283 0.23861480075901334 -0.47100840336134447 -0.37321428571428567 -0.36436781609195396 -0.41302521008403353 -0.16190476190476188 0.48571428571428577 -0.29099821746880566 -0.26568627450980387 -0.46922348484848481 -0.014718614718614713 0.44201680672268912 -0.15669642857142854 -0.090992647058823525 0.48571428571428577 0.37298387096774199 0.47014260249554374 -0.41302521008403353 0.014718614718614688 -0.17156862745098037
decision_type=2 2 2 2 2 2 2 2 2 2 2 2 2 2 2 2 2 2 2 2 2 2 2 2 2 2 2 2 2 2 2 2 2 2 2 2 2 2 2 2 2 2 2 2 2 2 2 2 2 2 2 2 2 2 2 2 2 2 2 2 2 2
left_child=1 6 4 25 10 28 23 9 12 26 13 -5 31 16 18 21 34 -7 -15 43 48 -3 -21 -1 44 50 -8 45 -6 37 -31 -9 59 -28 42 -23 -16 47 40 -40 61 -10 -2 -19 -25 -26 -42 -11 -13 53 -4 -20 54 -30 -12 56 57 -27 -55 -33 -52 -39
right_child=2 15 3 11 5 17 7 8 41 29 52 20 -14 14 36 -17 -18 19 51 22 -22 35 -24 24 27 55 33 -29 49 30 -32 32 -34 -35 -36 -37 -38 38 39 -41 46 -43 -44 -45 -46 -47 -48 -49 -50 -51 60 -53 -54 58 -56 -57 -58 -59 -60 -61 -62 -63
leaf_value=0.014260592517114246 0.014780573047658667 0.013212036611976924 0.012521601656869583 0.014143740302266571 0.012603932905770228 0.016757400033130872 0.015721994012690411 0.015043331430364031 0.014933341873123706 0.015803860538549194 0.011288345806422444 0.014916088270174953 0.016324849740237644 0.014074430528751816 0.014820897263010162 0.013741884002355244 0.014000456769575773 0.011029212440389244 0.013312342859285294 0.014094522522162926 0.012396927720165533 0.014689143220137301 0.015931616341816446 0.015423831095424098 0.016199373695307481 0.01214382208423773 0.014626503318959016 0.01430210720699349 0.013899643202124261 0.014737025716850241 0.015162533674306951 0.017402665039169485 0.014423527399495824 0.015412711765656636 0.013969093389598859 0.013735205884534406 0.013546041230252857 0.015201743692646808 0.015059451375777534 0.01631324187139491 0.014393168487216711 0.014110688821262929 0.01423121546899927 0.014022105253917306 0.013168417625473184 0.014832528422111408 0.015175751222442713 0.014499976171757937 0.011906352535862412 0.013206392260314243 0.01434043136066405 0.015029634744122548 0.013902348989532137 0.017843970799341091 0.013417403850606089 0.012052082884750206 0.014092914298847065 0.016131747256775731 0.012817850537965664 0.015079049037714164 0.013244082334801684 0.015519553322494344
leaf_weight=19338 32732 2344 3298 27693 7840 820 39487 91304 6084 1899 826 1383 3395 7008 2690 10995 31441 325 865 2156 3897 35720 2518 10431 1703 3007 6030 15688 1556 31408 43395 441 19180 39470 9154 3828 6211 30851 81760 2381 5227 15652 13995 16959 591 9588 27573 9354 373 7634 2560 40821 4596 337 1339 5813 1503 275 122 7119 6803 77437
leaf_count=19338 32732 2344 3298 27693 7840 820 39487 91304 6084 1899 826 1383 3395 7008 2690 10995 31441 325 865 2156 3897 35720 2518 10431 1703 3007 6030 15688 1556 31408 43395 441 19180 39470 9154 3828 6211 30851 81760 2381 5227 15652 13995 16959 591 9588 27573 9354 373 7634 2560 40821 4596 337 1339 5813 1503 275 122 7119 6803 77437
internal_value=0.0147829 0.0150363 0.0141206 0.0135209 0.0142975 0.0137697 0.0150964 0.0151465 0.0148931 0.015238 0.0144377 0.0139465 0.014992 0.0144821 0.0147178 0.0143576 0.0143266 0.0142957 0.0148616 0.0142037 0.0129803 0.0145193 0.0150842 0.0146255 0.0148112 0.0129108 0.0155006 0.0146104 0.0130845 0.0151663 0.0149839 0.0149536 0.0146473 0.0153085 0.01451 0.0145968 0.0139313 0.015224 0.0152492 0.0150949 0.0153411 0.0143409 0.014616 0.0139656 0.0153028 0.0150388 0.015051 0.0147201 0.0142755 0.0134752 0.0132773 0.014994 0.0134863 0.0144941 0.0126039 0.0124732 0.0129852 0.0124783 0.0165067 0.0152149 0.0135438 0.015429
internal_weight=898223 649673 248550 56605 191945 40267 596786 539447 143175 396272 151678 33346 121439 144917 57595 52887 87322 22778 48694 21958 5653 41892 4674 57339 38001 23259 84987 26979 17489 311285 74803 118044 26740 45500 55881 39548 8901 236482 225229 84141 141088 21736 46727 17284 11022 11291 32800 11253 1756 9649 12661 41686 6761 2015 2165 10598 4785 3282 459 7560 9363 108288
internal_count=898223 649673 248550 56605 191945 40267 596786 539447 143175 396272 151678 33346 121439 144917 57595 52887 87322 22778 48694 21958 5653 41892 4674 57339 38001 23259 84987 26979 17489 311285 74803 118044 26740 45500 55881 39548 8901 236482 225229 84141 141088 21736 46727 17284 11022 11291 32800 11253 1756 9649 12661 41686 6761 2015 2165 10598 4785 3282 459 7560 9363 108288
is_linear=0
shrinkage=1


Tree=1
num_leaves=63
num_cat=0
split_feature=1 0 11 4 1 4 8 10 11 0 9 3 0 8 6 8 11 10 9 0 7 11 11 4 1 4 8 10 3 8 11 11 0 11 3 7 11 11 11 3 7 4 3 4 1 9 7 7 9 11 8 3 3 10 4 8 7 10 11 7 11 7
split_gain=144.196 27.4697 19.6227 15.7913 15.0118 10.9517 10.4007 8.0277 7.64976 7.536 6.21944 6.16265 5.29675 4.93136 4.14263 3.92046 3.78109 3.65381 3.62266 3.78462 3.5038 3.58269 3.47918 3.47623 3.30116 3.39454 3.30088 3.22824 3.16806 3.06005 2.8401 2.65674 2.65608 3.99347 4.05129 2.60518 2.824 2.54929 2.91688 2.50646 2.47666 2.46864 2.41329 2.40706 2.39443 2.38726 2.35317 2.30329 2.2895 2.24669 2.23121 2.17772 2.1523 2.13538 2.1025 2.38816 3.66021 2.07701 2.07473 2.93331 2.07462 2.07384
threshold=0.37689393939393945 0.25357142857142861 0.23861480075901334 -0.38057040998217462 0.1566964285714286 0.45529953917050697 0.1566964285714286 0.15571120689655174 -0.30322580645161284 0.42037815126050426 0.37689393939393945 0.42488479262672812 0.47014260249554374 -0.014718614718614713 -0.40767045454545447 -0.32555780933062872 0.38057040998217473 -0.16190476190476188 -0.30947580645161282 0.40473790322580649 0.20294117647058826 0.40161290322580651 -0.30947580645161282 -0.47014260249554363 -0.37689393939393934 -0.442016806722689 0.43218390804597706 -0.41042780748663094 -0.29099821746880566 0.38403361344537817 0.41302521008403364 -0.46720430107526878 -0.044786096256684498 0.17156862745098042 -0.38057040998217462 -0.4499999999999999 0.3550420168067227 -0.37689393939393934 0.44028520499108742 -0.35504201680672259 -0.46824596774193544 0.32605042016806729 0.47014260249554374 -0.442016806722689 0.45529953917050697 0.23861480075901334 -0.44028520499108731 0.31534090909090917 0.32085561497326209 0.48571428571428577 -0.3507130124777183 -0.39447004608294928 0.21651785714285718 0.37298387096774199 0.12678571428571431 -0.10948191593352884 0.43844696969696978 0.3550420168067227 -0.24642857142857141 0.38403361344537817 0.32807881773399022 0.19331243469174511
decision_type=2 2 2 2 2 2 2 2 2 2 2 2 2 2 2 2 2 2 2 2 2 2 2 2 2 2 2 2 2 2 2 2 2 2 2 2 2 2 2 2 2 2 2 2 2 2 2 2 2 2 2 2 2 2 2 2 2 2 2 2 2 2
left_child=1 3 5 24 6 11 8 18 -5 10 20 17 -9 16 -8 -14 48 41 30 39 35 52 -13 -15 25 50 44 -21 -6 58 -4 53 33 -10 49 36 -3 -16 45 -20 42 -2 -25 -26 -7 -39 -45 -24 -11 -35 51 -1 -22 -30 -29 -56 -57 -31 -27 -60 -47 -52
right_child=2 9 7 4 28 26 14 12 32 13 -12 22 15 23 37 -17 -18 -19 19 27 21 -23 47 40 43 29 -28 54 31 57 -32 -33 -34 34 -36 -37 -38 38 -40 -41 -42 -43 -44 46 -46 60 -48 -49 -50 -51 61 -53 -54 -55 55 56 -58 -59 59 -61 -62 -63
leaf_value=0.00070123236579556418 -0.00014813575841700265 -0.0016525705299092624 -0.0011650085853145452 0.00077482017876034101 -0.00041139173630543979 -0.0011175594909857603 -0.00057642712829217237 -0.00074900099229655622 0.00059645435679305957 -0.00017820864366169213 -0.00067501947425993537 -0.0026302175677958544 0.0033818955929615555 -0.0059127559280050751 0.00052495610273561887 -0.0021918598518550019 0.0012237719010699635 -0.00056910186013843056 -0.00085117879036596448 0.0015137068005007333 0.00040416231018999154 0.0005633560271154324 -0.00086651229696584357 -0.00080208739446055509 -0.0016872040814713497 0.00058228922096138303 -0.0013536116264189178 -0.0045531278093909819 0.0011003921856435153 -0.00045254071347806469 -0.00026159556573915723 3.1686300182248912e-05 0.00027630600521602198 -0.00040713661945993539 0.00039660587918513552 0.00012044336611110034 0.00092180653542348826 0.00019350005663180614 0.00080524308931763291 0.00038490719791940594 -0.00094329794358849126 -0.0013741839292626993 -0.0059303192273470083 -0.0018571096619065938 -0.0022343481164947706 -6.0663495179482425e-05 -0.00027648477406093169 -0.0017230599695309521 -0.0016089057302103918 0.0013785874291157795 -0.00051684859120220512 -0.00036961498116498632 -0.00047374467261628245 -0.0025463655558479858 0.00052524377376412818 -0.0011496319920579268 -0.00020690680014566801 -0.0026164128036193371 2.7093063670871428e-05 0.0017440007152581213 -0.00095984396792275382 0.00012549151884539398
leaf_weight=3743 1716 1470 6662 62900 14765 2026 6706 9378 96214 5629 15937 2193 116 130 17382 4041 1510 23837 1680 739 2763 3974 5285 154 1563 9429 9866 114 2959 2865 5911 95315 91780 9032 42954 65487 518 60114 5409 12132 14271 10669 178 933 11866 25038 9181 6080 1225 681 22797 3144 27736 151 1881 6449 8716 463 31259 921 2543 5643
leaf_count=3743 1716 1470 6662 62900 14765 2026 6706 9378 96214 5629 15937 2193 116 130 17382 4041 1510 23837 1680 739 2763 3974 5285 154 1563 9429 9866 114 2959 2865 5911 95315 91780 9032 42954 65487 518 60114 5409 12132 14271 10669 178 933 11866 25038 9181 6080 1225 681 22797 3144 27736 151 1881 6449 8716 463 31259 921 2543 5643
internal_value=-8.82254e-10 0.000157315 -0.000918411 0.000242532 0.000305062 -0.00124354 0.000387567 -0.00050488 0.000480242 -0.000220999 -0.000123909 -0.000990582 -0.00114426 -0.000716507 0.000147509 -0.00203555 -0.000134694 -0.000786328 -0.000309438 -0.000138574 -3.77515e-05 -0.000283803 -0.00153618 -0.00104677 -0.000120609 -5.20398e-05 -0.00177349 -0.000426463 -1.62809e-06 0.000120942 -0.000740338 5.98452e-05 0.000403247 0.000481499 0.000271488 8.79584e-05 -0.000981656 0.000191454 0.000129186 0.000234507 -0.00100305 -0.00120433 -0.00356111 -0.000591883 -0.00207157 8.74779e-05 -0.000422464 -0.00132486 -0.000434111 -0.000281807 -0.000272075 0.000212395 -0.000394202 0.000922569 -0.0005101 -0.000482796 -0.000607855 -0.00075428 0.000190961 7.62841e-05 -0.000143601 -0.000389397
internal_weight=898223 766866 131357 625884 533943 73538 420753 57819 303561 140982 117885 49780 13535 23097 117192 4157 8364 36222 44284 31711 101948 34473 13558 14733 91941 80264 23758 17899 113190 44937 12573 98425 240661 148881 52667 67475 1988 110486 93104 13812 14603 12385 332 11677 13892 87695 10114 11365 6854 9713 35327 6887 30499 3110 17160 17046 15165 3328 41609 32180 27581 28440
internal_count=898223 766866 131357 625884 533943 73538 420753 57819 303561 140982 117885 49780 13535 23097 117192 4157 8364 36222 44284 31711 101948 34473 13558 14733 91941 80264 23758 17899 113190 44937 12573 98425 240661 148881 52667 67475 1988 110486 93104 13812 14603 12385 332 11677 13892 87695 10114 11365 6854 9713 35327 6887 30499 3110 17160 17046 15165 3328 41609 32180 27581 28440
is_linear=0
shrinkage=0.03


Tree=2
num_leaves=63
num_cat=0
split_feature=2 0 1 5 11 0 2 11 11 2 11 10 10 5 10 3 3 8 5 7 1 11 3 7 2 2 10 10 10 8 2 11 11 2 6 1 8 10 6 0 6 7 7 11 8 11 7 5 0 8 6 5 5 3 11 10 7 10 8 11 8 10
split_gain=151.708 28.419 26.0563 13.4034 12.7331 12.4832 11.6775 13.1746 8.09456 7.99763 6.29169 6.15033 6.04051 5.84562 6.14464 5.73139 5.27668 5.00353 5.1724 4.89938 4.86009 4.39607 4.27607 3.74697 3.74471 3.85823 3.6562 3.63342 3.54132 3.45187 3.4394 5.14148 3.35526 3.28389 3.26517 3.34901 3.22261 3.12434 3.09224 3.04344 3.03962 3.03737 3.02458 3.00591 2.83378 2.80096 3.71795 2.79241 2.68699 2.7533 2.73864 2.68134 3.06221 2.81536 2.60136 2.58253 2.47592 2.46137 2.45911 3.94268 2.54691 2.43717
threshold=0.24217986314760512 0.40767045454545459 0.30151515151515157 -0.442016806722689 0.14076246334310852 0.13961038961038966 0.44028520499108742 0.1885775862068966 -0.24642857142857141 0.41302521008403364 0.15111561866125764 0.34122983870967749 0.18660714285714289 0.41042780748663105 -0.073593073593073585 -0.44028520499108731 0.44028520499108742 -0.3461174242424242 0.46922348484848492 0.44028520499108742 0.29705882352941182 0.40767045454545459 -0.3507130124777183 0.22144396551724141 -0.066964285714285712 -0.47014260249554363 -0.41042780748663094 0.44201680672268912 -0.26568627450980387 0.015640273704789823 0.40473790322580649 0.47100840336134459 0.41302521008403364 0.32085561497326209 -0.44028520499108731 -0.46824596774193544 0.24239631336405534 0.43218390804597706 0.41302521008403364 -0.3898268398268398 0.40473790322580649 0.32807881773399022 -0.32555780933062872 0.46609195402298859 -0.43844696969696967 -0.090992647058823525 0.47100840336134459 -0.30151515151515146 -0.33095238095238094 0.44201680672268912 -0.090992647058823525 0.47100840336134459 0.096875000000000003 0.38403361344537817 -0.24239631336405529 -0.43844696969696967 -0.43844696969696967 -0.32555780933062872 -0.096874999999999975 -0.46609195402298847 0.48571428571428577 -0.44028520499108731
decision_type=2 2 2 2 2 2 2 2 2 2 2 2 2 2 2 2 2 2 2 2 2 2 2 2 2 2 2 2 2 2 2 2 2 2 2 2 2 2 2 2 2 2 2 2 2 2 2 2 2 2 2 2 2 2 2 2 2 2 2 2 2 2
left_child=2 6 3 55 9 8 10 28 24 38 20 26 15 14 23 -12 22 -9 19 -19 33 -20 -4 -7 25 -5 51 -24 -8 34 -28 -32 -31 -2 35 44 -21 41 -3 -38 -13 54 -17 -14 -10 46 -11 -37 49 -30 -51 52 -6 -54 -16 -1 -46 -41 -27 -60 -61 -36
right_child=1 4 16 5 11 13 7 17 29 45 12 40 43 -15 37 42 -18 18 21 36 -22 -23 27 -25 -26 58 30 -29 48 32 31 -33 -34 -35 61 47 39 -39 -40 57 -42 -43 -44 -45 56 -47 -48 -49 -50 50 -52 -53 53 -55 -56 -57 -58 -59 59 60 -62 -63
leaf_value=-0.0012434664506191576 -7.737923328750824e-05 -0.00085407413427884859 -0.0015033078684684024 -0.00058561735170395445 -0.002046605749801993 0.00044956311324865301 -0.0022715497858735033 0.0020505613841884348 0.0061565746218866478 -0.0020559177404757922 -0.0012469639058568715 -0.00095684657117563058 -0.00045741978361207408 0.0013280435207651271 0.00037827597900825155 -0.00043010564546447166 -0.0010395558642628889 -0.00044243509482551531 -0.00060041309425479499 -0.0043017465761780865 -0.00076901121567194634 0.0014150372459908738 -0.00012027932475362877 -0.00014184086712471848 0.00040038597094400636 0.00097345083538609369 -0.0003028449994971171 -0.0013935984103880575 -0.00095662390126600278 0.00015351311446538027 -0.0012011851908001793 -0.00010988473917357481 0.00072262441099929108 -0.00054725713175351218 -8.7633433534183941e-05 -0.00086460124638797957 -0.0030613904668627635 -0.00055375971770563344 -0.0017048198965566525 -0.0025702984373668237 -0.0026498331569405945 -0.00050148482121827563 0.00031176365540468994 -0.0019115637471871015 -0.00049202095012636465 -0.0025060006459707049 -0.00038367651436233035 0.0001375498683341951 -0.001506848406022479 0.0029682629093235663 -0.0014664369135991566 -0.00074968117204674109 0.0054909232364099645 0.00096043727107716589 -6.1997736064697321e-05 -0.00021153491155968628 0.0045652833854500207 -0.00038141536047761772 0.0013715396440668946 0.00046772837933134595 0.0022975838156464477 0.00046929513094612048
leaf_weight=2345 28971 11122 2344 1891 288 41081 4519 720 127 5079 2602 1683 11881 3347 16299 5772 9448 11928 1815 381 30388 2100 38969 12598 42618 34046 10018 2126 1632 105644 18204 4940 10225 24884 7384 3555 757 11729 5880 604 2209 10395 34528 1433 287 7595 1566 8445 8882 372 188 1592 131 1923 46630 31364 124 1963 5491 33359 698 167104
leaf_count=2345 28971 11122 2344 1891 288 41081 4519 720 127 5079 2602 1683 11881 3347 16299 5772 9448 11928 1815 381 30388 2100 38969 12598 42618 34046 10018 2126 1632 105644 18204 4940 10225 24884 7384 3555 757 11729 5880 604 2209 10395 34528 1433 287 7595 1566 8445 8882 372 188 1592 131 1923 46630 31364 124 1963 5491 33359 698 167104
internal_value=-2.03633e-09 -0.00063034 0.000241151 0.00029771 -0.00113154 0.000332496 -0.000425018 -0.000908191 0.000414555 -0.00158777 -0.000301652 -0.000783752 -5.58586e-05 8.93443e-05 5.94505e-05 0.000117382 -0.000397056 -0.000403801 -0.000494301 -0.000738502 -0.000465669 0.000480757 -0.000257291 0.000310766 0.000625221 0.000752153 -0.000664683 -0.000186185 -0.00156374 0.000332411 -0.000767262 -0.000968266 0.000203741 -0.000294495 0.000412126 -5.54889e-05 -0.00169129 -9.91624e-05 -0.00114838 -0.00139088 -0.00191818 -2.64378e-05 0.000205501 -0.000614063 0.00225788 -0.00211227 -0.00166194 -0.000159385 -0.00127472 -0.000333863 0.00147951 0.000199993 0.000845589 0.00125191 5.20401e-05 -0.000283357 0.00104116 -0.000897247 0.000786534 0.000625602 0.000505298 0.000445727
internal_weight=898223 248550 649673 596786 72230 563077 176320 35861 420998 31242 140459 40988 56216 142079 138732 42902 52887 20268 19548 15633 84243 3915 43439 53679 118103 75485 37096 41095 15593 302895 33162 23144 115869 53855 187026 12538 3705 85053 17002 3324 3892 73324 40300 13314 538 14240 6645 12000 11074 2192 560 3934 2342 2054 62929 33709 411 2567 73594 39548 34057 174488
internal_count=898223 248550 649673 596786 72230 563077 176320 35861 420998 31242 140459 40988 56216 142079 138732 42902 52887 20268 19548 15633 84243 3915 43439 53679 118103 75485 37096 41095 15593 302895 33162 23144 115869 53855 187026 12538 3705 85053 17002 3324 3892 73324 40300 13314 538 14240 6645 12000 11074 2192 560 3934 2342 2054 62929 33709 411 2567 73594 39548 34057 174488
is_linear=0
shrinkage=0.03


Tree=3
num_leaves=63
num_cat=0
split_feature=2 0 1 4 11 3 2 11 2 11 5 4 10 11 5 10 3 10 8 5 7 3 11 11 3 8 5 2 10 10 10 2 5 10 2 11 7 7 7 4 8 8 11 11 11 0 11 8 7 11 7 11 1 7 3 5 5 0 8 11 11 8
split_gain=142.743 26.7399 24.5166 13.5422 11.9375 11.7569 11.0086 12.3208 7.63716 6.98099 6.58368 6.0892 5.85357 5.76841 6.79505 5.69243 4.96485 4.73997 4.71504 4.77292 4.65789 4.53623 4.2723 4.23757 4.02347 3.55769 3.51221 3.72667 3.42569 3.41879 3.3472 3.33906 3.49408 3.29582 3.22841 4.82928 3.19529 3.18642 3.17111 3.09587 3.02234 2.96151 2.94864 2.91118 2.87706 2.8471 2.80877 2.7802 2.68283 2.64099 3.46614 2.63733 2.61204 2.61047 2.6058 2.53126 3.06505 2.51613 2.5926 2.48144 2.47832 3.65052
threshold=0.24217986314760512 0.40473790322580649 0.30151515151515157 -0.41302521008403353 0.14076246334310852 0.14611005692599624 0.44028520499108742 0.1885775862068966 0.41302521008403364 -0.31534090909090901 0.41042780748663105 0.45529953917050697 0.34122983870967749 0.15571120689655174 -0.21089931573802537 -0.073593073593073585 0.44028520499108742 0.28456439393939398 -0.3461174242424242 0.46922348484848492 0.44028520499108742 0.23128342245989311 0.48571428571428577 0.40767045454545459 -0.3507130124777183 -0.073593073593073585 -0.45529953917050686 -0.44028520499108731 -0.41042780748663094 0.44201680672268912 -0.26568627450980387 0.037053571428571415 -0.059714795008912656 0.43218390804597706 0.40473790322580649 0.47100840336134459 0.21198156682027655 0.32807881773399022 0.25378787878787884 0.34122983870967749 0.24239631336405534 0.23861480075901334 -0.02332657200811358 -0.26568627450980387 0.46720430107526889 -0.3898268398268398 0.47100840336134459 -0.36436781609195396 0.46720430107526889 -0.090992647058823525 0.47100840336134459 0.44028520499108742 -0.37321428571428567 0.43844696969696978 -0.46922348484848481 0.46922348484848492 0.096875000000000003 -0.33095238095238094 0.40767045454545459 -0.29049111807732492 0.22570532915360506 0.015640273704789823
decision_type=2 2 2 2 2 2 2 2 2 2 2 2 2 2 2 2 2 2 2 2 2 2 2 2 2 2 2 2 2 2 2 2 2 2 2 2 2 2 2 2 2 2 2 2 2 2 2 2 2 2 2 2 2 2 2 2 2 2 2 2 2 2
left_child=2 6 3 22 8 9 11 30 43 25 15 13 28 21 -15 38 24 54 -9 20 -20 39 26 -21 -4 -5 -1 46 55 -26 -8 48 -33 37 -30 -36 -24 -17 -7 41 -22 -2 47 53 -19 -42 52 -29 60 50 -10 -40 -28 -3 -16 56 -6 58 -32 -60 61 -11
right_child=1 4 16 5 12 10 7 18 49 31 -12 -13 -14 14 17 33 -18 44 19 23 40 -23 36 -25 29 -27 27 42 34 -31 57 32 -34 -35 35 -37 -38 -39 51 -41 45 -43 -44 -45 -46 -47 -48 -49 -50 -51 -52 -53 -54 -55 -56 -57 -58 -59 59 -61 -62 -63
leaf_value=-0.00043806600452732012 -1.2824690886376594e-06 -0.0014116976595875861 -0.0014582280162771517 0.00086889860351152385 -0.0019854200813374692 0.00042810794799981894 -0.0022034183748016714 0.0019891297976788644 -0.0019946767632732019 0.00058842413609885651 0.0013188713739225007 -0.0012416384491215399 -0.0018666836056268788 -0.0008229343355503232 -0.0013623305931364353 7.0141895294475469e-05 -0.0010083725139127769 -0.00038453537603341494 -0.00042712392115070737 -0.00060705103484389226 -0.0041730318941707424 -0.00073765621893198468 -0.0019288595776885801 0.0013726066715766217 -0.0001166709924148481 0.0004796982804499543 0.00058214343405608776 0.0013561553031191374 -0.00029422285974100237 -0.0013518102160308177 -0.0011612657990309081 -6.1949387129140891e-05 0.00035348564860405757 -0.00054739973782255702 -0.001164157271591335 -0.00010658860834942803 0.0035454304715933495 -0.00050055763872272402 -0.00026526271595549297 -0.00076313670951653329 -0.0029696699759387225 -0.00052404733082240878 -0.00040318596868226713 -0.00086553661640142011 -0.0024549022757146656 -0.00087639507144436006 0.0039334678828884129 4.108931599060567e-05 -0.00042367436580327582 -0.0024337353426046229 -0.0003804821331750088 0.0018102689192748763 -0.001522262766294276 -0.0032473291810067809 0.00030325270101449141 -0.00063761260768741869 0.0013367772892425415 -0.0014589447448288715 -0.0033582313547684053 0.0015397466781663068 0.00026490030005850087 0.00029731774561086408
leaf_weight=18737 32554 3907 2344 39487 288 42559 4519 720 5080 106539 3894 5828 3897 7846 864 64064 9448 6412 11921 1812 381 25904 1645 2100 38969 45500 9890 1703 10031 2126 1321 31408 43395 11831 18217 4940 101 10207 10038 9094 757 13924 14901 12269 666 2566 214 9588 3431 7597 1567 582 560 849 37318 1798 1852 8880 105 766 65557 60955
leaf_count=18737 32554 3907 2344 39487 288 42559 4519 720 5080 106539 3894 5828 3897 7846 864 64064 9448 6412 11921 1812 381 25904 1645 2100 38969 45500 9890 1703 10031 2126 1321 31408 43395 11831 18217 4940 101 10207 10038 9094 757 13924 14901 12269 666 2566 214 9588 3431 7597 1567 582 560 849 37318 1798 1852 8880 105 766 65557 60955
internal_value=-2.46028e-09 -0.000611432 0.000233917 0.000288779 -0.0010973 0.000335371 -0.000412148 -0.000881366 -0.00153887 0.000419555 0.000102369 -0.000292347 -0.000760702 -0.000251229 -7.95261e-06 6.83491e-05 -0.000385146 0.000133343 -0.000393403 -0.000481304 -0.000715921 -0.000409794 -0.000149554 0.000455728 -0.000249574 0.000660538 -0.000103647 6.63728e-05 -0.000644564 -0.000180601 -0.0015153 0.00035376 0.000179056 -8.23768e-05 -0.000743828 -0.000938564 -0.00161034 -8.29454e-06 0.000312386 -0.000256956 -0.00164502 -0.000157902 -0.000126117 -0.00110991 -0.000579665 -0.00135401 0.000539117 0.000239541 0.00040902 -0.00205146 -0.00161425 -0.000151359 0.000469237 -0.00173999 0.000265528 0.000191977 0.000888959 -0.00123427 -0.00032384 0.000946116 0.000421281 0.000482486
internal_weight=898223 248550 649673 596786 72292 539447 176258 35848 31269 396272 143175 140410 41023 134582 53106 139281 52887 45260 20257 19537 15625 81476 57339 3912 43439 84987 55593 36856 37126 41095 15591 311285 74803 86102 33188 23157 1746 74271 53179 55572 3704 46478 26192 17025 7078 3323 10664 11291 236482 14244 6647 10620 10450 4756 38182 3938 2140 11072 2192 871 233051 167494
internal_count=898223 248550 649673 596786 72292 539447 176258 35848 31269 396272 143175 140410 41023 134582 53106 139281 52887 45260 20257 19537 15625 81476 57339 3912 43439 84987 55593 36856 37126 41095 15591 311285 74803 86102 33188 23157 1746 74271 53179 55572 3704 46478 26192 17025 7078 3323 10664 11291 236482 14244 6647 10620 10450 4756 38182 3938 2140 11072 2192 871 233051 167494
is_linear=0
shrinkage=0.03


Tree=4
num_leaves=63
num_cat=0
split_feature=1 0 11 4 1 8 4 0 11 10 10 6 0 8 5 7 8 6 7 1 10 8 11 4 1 5 10 5 11 5 6 0 0 6 7 10 5 0 11 3 8 7 0 6 6 11 11 11 11 10 7 7 11 8 11 1 3 10 4 11 7 11
split_gain=121.761 25.2603 18.0315 13.7967 13.2179 9.01407 7.60544 6.65282 6.54479 6.24585 5.13386 4.78957 4.72739 4.62168 4.14198 4.04634 4.0293 3.72105 3.70065 3.65745 3.39717 3.34328 3.31636 3.30623 3.22033 4.23848 3.19454 3.08464 3.08378 2.97749 2.96415 2.6311 2.54793 3.40389 3.55675 2.53278 2.47574 2.38091 3.60548 3.73707 2.37937 3.74063 2.3558 2.35056 2.31423 2.30421 2.30175 2.73455 2.66107 3.3455 2.33989 2.28465 2.26748 2.25114 3.08722 3.23397 3.74849 2.8392 2.23764 2.41313 2.20996 2.39276
threshold=0.38057040998217473 0.25357142857142861 0.23861480075901334 -0.38057040998217462 0.1566964285714286 0.1566964285714286 0.45529953917050697 0.42037815126050426 -0.30322580645161284 0.15571120689655174 0.436491935483871 0.29049111807732503 0.46922348484848492 -0.014718614718614713 0.35071301247771841 0.47014260249554374 -0.32555780933062872 -0.40767045454545447 0.20294117647058826 0.436491935483871 -0.17156862745098037 0.43218390804597706 0.38057040998217473 -0.47014260249554363 -0.37689393939393934 -0.45529953917050686 -0.46720430107526878 0.47014260249554374 0.39827586206896559 0.38057040998217473 -0.090992647058823525 -0.41302521008403353 0.48571428571428577 0.31534090909090917 -0.4226600985221674 0.43844696969696978 0.47100840336134459 -0.044786096256684498 0.17156862745098042 -0.38057040998217462 0.38403361344537817 0.38403361344537817 -0.41926406926406917 -0.43844696969696967 0.40473790322580649 -0.46720430107526878 0.45418719211822667 -0.24642857142857141 -0.13095238095238093 0.17156862745098042 -0.40767045454545447 -0.30322580645161284 0.11916835699797164 -0.193312434691745 -0.032291666666666656 -0.45529953917050686 -0.41302521008403353 -0.18156682027649768 0.2611408199643494 0.23431372549019611 -0.4499999999999999 0.3550420168067227
decision_type=2 2 2 2 2 2 2 2 2 2 2 2 2 2 2 2 2 2 2 2 2 2 2 2 2 2 2 2 2 2 2 2 2 2 2 2 2 2 2 2 2 2 2 2 2 2 2 2 2 2 2 2 2 2 2 2 2 2 2 2 2 2
left_child=1 3 6 24 5 8 11 10 -5 14 18 20 29 22 -4 -13 -14 -7 60 -16 36 -8 35 -15 25 26 30 31 -20 -11 -1 -6 -25 34 -34 -9 -2 38 -10 -40 41 53 -31 -44 -18 -33 47 -19 -49 50 -50 -26 -35 54 -27 56 -56 -58 59 -51 61 -3
right_child=2 7 9 4 27 17 21 13 37 12 -12 15 16 23 19 -17 44 46 28 -21 -22 -23 -24 32 51 40 -28 -29 -30 42 -32 45 33 52 -36 -37 -38 -39 39 -41 -42 -43 43 -45 -46 -47 -48 48 49 58 -52 -53 -54 -55 55 -57 57 -59 -60 -61 -62 -63
leaf_value=-0.003377820153623856 -0.0013298769609801366 -0.0014658128321548556 -0.00090979485152332094 0.00071644704138324616 -0.00069526970842157042 -0.00055189767437071669 -0.0019457941434207788 -0.00022193404890851588 0.0005560719214932568 -0.0015549362460964041 -0.00080858940541142391 -0.0015229888394350842 0.0028750435104769358 -0.0057165480787729848 0.0003902657324399501 -0.00030695852781422307 -0.00081469635148028927 0.00037361371818541578 -0.00040225519622008409 -0.00033354123226280276 -0.00044413229489482771 -0.0012214357081956999 0.0011350489888303809 -0.00074785916671927534 -0.0012059824678068484 0.00078844139334375966 -0.00032731862984713452 0.0013319078282815503 0.00044360567356249806 -0.0040346823924393331 -6.2205298581829994e-06 0.00078057176479883817 -0.0070554482146580784 -0.0022131145550359282 -0.0023249072611138699 -0.0022991254692165796 0.00066261615547157191 0.00025257018330148134 -0.00028410844869395096 0.00036746361584964851 -0.00055105050240043254 0.001480022112936648 0.0029019794558211459 -0.00029485148919776037 -0.0023815674050229807 -1.4907137903803367e-05 0.00088596682015047636 -0.0003202551901566397 -0.0011559083501849691 1.5985423716623884e-05 0.00035704900601416352 -0.0003007844476991428 -0.00012337925500916243 -7.4759971511212224e-05 0.0023843729611916012 -0.0001534004558622029 0.0021494211646545568 -0.0011118212531703452 0.00222949751770685 -0.00066538876921038478 8.3820770301043255e-05 0.00083697801449008984
leaf_weight=605 7828 1621 8177 62900 4982 6706 13772 6778 96214 2240 9137 15922 158 130 8289 2914 1136 33552 34353 25954 16147 9840 1569 12860 3650 8139 20960 1536 4372 145 383 3380 172 795 840 572 604 91780 9713 42954 4878 1813 214 5566 3366 106784 3960 14319 944 15905 34830 8029 1132 29918 1061 11385 347 775 350 6626 71701 541
leaf_count=605 7828 1621 8177 62900 4982 6706 13772 6778 96214 2240 9137 15922 158 130 8289 2914 1136 33552 34353 25954 16147 9840 1569 12860 3650 8139 20960 1536 4372 145 383 3380 172 795 840 572 604 91780 9713 42954 4878 1813 214 5566 3366 106784 3960 14319 944 15905 34830 8029 1132 29918 1061 11385 347 775 350 6626 71701 541
internal_value=-3.3707e-09 0.00013865 -0.000879905 0.000221253 0.000279349 0.000357697 -0.00121065 -0.000216042 0.000443973 -0.000478608 -0.000124722 -0.000974938 -0.00105872 -0.000663375 -0.0003032 -0.00133489 -0.00182105 0.000134213 -6.92161e-05 -0.000158327 -0.000699047 -0.00164399 -0.000116577 -0.000969514 -0.000118338 -5.06087e-05 -0.000405954 -3.17212e-06 -0.00030675 -0.000623462 -0.00207214 -2.09929e-05 -0.000930094 -0.00172696 -0.00313508 -0.000383878 -0.00118709 0.000372756 0.000446844 0.000247296 8.31347e-05 0.000141034 -0.000271106 -0.00017601 -0.00198646 9.50624e-06 0.000175862 0.000149456 4.63895e-05 0.0001359 0.000317094 -0.000583762 -0.000986218 9.39833e-05 0.000326549 4.94371e-05 0.00110688 -0.000102204 -0.000147396 -0.000184416 5.53207e-05 -0.000889462
internal_weight=898223 775951 122272 629378 537435 420753 67027 146573 303561 55245 121725 43415 12825 24848 42420 18836 4660 117192 112588 34243 24579 23612 8919 15929 91943 80264 21948 116682 38725 8165 988 115146 15799 2939 1012 7350 8432 240661 148881 52667 58316 53438 5925 5780 4502 110164 110486 106526 72974 58655 35774 11679 1927 51625 21707 13568 2183 1122 22881 22531 73863 2162
internal_count=898223 775951 122272 629378 537435 420753 67027 146573 303561 55245 121725 43415 12825 24848 42420 18836 4660 117192 112588 34243 24579 23612 8919 15929 91943 80264 21948 116682 38725 8165 988 115146 15799 2939 1012 7350 8432 240661 148881 52667 58316 53438 5925 5780 4502 110164 110486 106526 72974 58655 35774 11679 1927 51625 21707 13568 2183 1122 22881 22531 73863 2162
is_linear=0
shrinkage=0.03


Tree=5
num_leaves=63
num_cat=0
split_feature=2 0 1 4 11 3 2 11 9 2 11 11 9 7 4 3 8 3 11 9 3 11 9 8 6 3 11 9 2 11 9 2 0 7 11 0 6 3 8 6 11 11 8 8 11 11 8 1 4 4 1 11 7 9 7 8 11 2 2 9 6 8
split_gain=129.368 23.5949 21.7057 12.1958 10.807 10.4554 10.0461 11.4182 7.14517 7.04677 6.19819 5.71063 8.31441 5.55491 5.42693 4.51447 4.42653 4.17579 4.00158 3.92096 3.83999 3.78095 3.36188 3.24451 3.33778 3.20919 4.19403 3.17097 3.13044 3.47509 3.37492 3.0962 3.09537 3.00536 2.98285 2.97644 2.93413 2.87672 2.86106 2.83627 2.69553 2.68931 2.69085 2.68658 3.59866 3.34308 2.79668 2.57944 2.55633 2.54463 2.51304 2.47388 3.24769 2.77476 2.46565 2.45737 2.44607 2.40788 2.38395 2.84099 2.59703 2.34274
threshold=0.24217986314760512 0.40473790322580649 0.30151515151515157 -0.41302521008403353 0.14076246334310852 0.14611005692599624 0.44028520499108742 0.1885775862068966 0.37298387096774199 0.41302521008403364 -0.31534090909090901 0.25809822361546503 0.34611742424242431 0.20777988614800766 0.34611742424242431 0.43844696969696978 -0.3461174242424242 -0.442016806722689 0.48571428571428577 -0.47100840336134447 -0.3507130124777183 0.46720430107526889 -0.096874999999999975 -0.073593073593073585 -0.26166328600405669 0.28456439393939398 0.46824596774193555 -0.14611005692599616 0.3928571428571429 0.48571428571428577 -0.046920821114369508 0.037053571428571415 -0.33095238095238094 0.21198156682027655 -0.18660714285714283 0.44201680672268912 -0.44028520499108731 0.23128342245989311 0.46922348484848492 0.41302521008403364 -0.16190476190476188 0.37689393939393945 -0.10303030303030301 0.015640273704789823 0.47014260249554374 0.26904761904761915 -0.41302521008403353 -0.014928698752228157 0.45529953917050697 -0.29705882352941171 0.45529953917050697 -0.090992647058823525 0.47100840336134459 0.34611742424242431 0.30947580645161293 0.25809822361546503 -0.29049111807732492 -0.46824596774193544 -0.33602150537634407 -0.46922348484848481 0.10948191593352886 0.044155844155844122
decision_type=2 2 2 2 2 2 2 2 2 2 2 2 2 2 2 2 2 2 2 2 2 2 2 2 2 2 2 2 2 2 2 2 2 2 2 2 2 2 2 2 2 2 2 2 2 2 2 2 2 2 2 2 2 2 2 2 2 2 2 2 2 2
left_child=2 6 3 18 9 10 11 22 13 39 23 14 17 -7 37 20 -9 50 35 -18 -4 54 -8 -5 -25 -21 27 -27 -6 -30 -31 36 38 -20 -10 41 40 55 -24 -3 -12 61 58 45 57 -38 -47 -40 -16 -33 -13 52 53 -11 -14 -2 -55 -45 59 -43 -61 -1
right_child=1 4 15 5 28 8 7 16 34 51 31 12 21 -15 48 -17 19 -19 33 25 -22 -23 32 24 -26 26 -28 -29 29 30 -32 49 -34 -35 -36 -37 43 -39 47 -41 -42 42 -44 44 -46 46 -48 -49 -50 -51 -52 -53 -54 56 -56 -57 -58 -59 -60 60 -62 -63
leaf_value=2.73164736958016e-06 -3.694027658628079e-05 -0.0007649154986705272 -0.001397325556830509 0.00082395952310420945 -0.00032099326858862974 0.00031192928375598801 -0.0019141116057358536 0.0019351140311731853 0.00016153906616194245 -0.0021256639210433803 0.00094656943354914946 -0.00088114291195967793 -0.0014160411470921631 -0.00014495951639996753 -0.00065488971441288494 -0.00090080708383022097 -0.0034325973110516431 0.0002441585483817446 -0.0018643217503959153 -0.00062480255131222822 -0.00014785488786568285 -0.0035679068961651361 -0.00049129748145249335 -0.00020507126614901586 0.00055271410559849246 -0.0013409313575214691 0.0016792186760884776 0.0004847712666789033 -0.0010291697360636357 0.00064782755528577647 -0.0010581782184579821 -0.00033147243458473184 -0.0013152197857394562 0.0034447622603243763 -0.00062122528617672185 -0.002653334618643892 0.00057313254414221649 -0.00058672213671381922 0.0061676170825958254 -0.0015791194734516563 -0.00029284909107145444 -0.0037147258922562631 0.0010638832119274524 -0.00066304731904452728 0.0014280200295997149 -0.00040877233362722064 0.00034802443363058879 0.00063588053450915213 -0.001526147584362584 0.00022901633964050367 -0.0052878088538061765 -0.0023209776104955926 -0.00033363594202567083 -0.0029682670053619666 0.00041249802861653923 -0.00048871488674891714 0.0016313544977051408 0.00027426614813066681 -0.00097756741942907322 0.00091627713400701974 -0.0019662110461898447 -0.00043215821210174066
leaf_weight=28681 40082 11137 2344 39487 12442 88621 7447 720 6084 4588 1899 1936 2398 32818 22952 10995 390 34025 1645 14271 39548 563 1222 6030 39470 1474 1362 2040 24342 2385 1854 8185 6596 101 15652 406 108288 19072 119 5888 9354 141 3425 2545 2381 5227 27573 207 3492 66618 123 7597 1567 148 917 14850 344 79215 1610 2782 312 18236
leaf_count=28681 40082 11137 2344 39487 12442 88621 7447 720 6084 4588 1899 1936 2398 32818 22952 10995 390 34025 1645 14271 39548 563 1222 6030 39470 1474 1362 2040 24342 2385 1854 8185 6596 101 15652 406 108288 19072 119 5888 9354 141 3425 2545 2381 5227 27573 207 3492 66618 123 7597 1567 148 917 14850 344 79215 1610 2782 312 18236
internal_value=-4.17665e-09 -0.000582084 0.000222687 0.000274308 -0.00103849 0.000318523 -0.000394886 -0.000843122 9.87966e-05 -0.00145862 0.000397911 -0.000280442 2.28854e-05 0.000188458 -0.000401115 -0.000359808 -0.000373373 0.000164758 -0.000141665 -0.000458543 -0.000217799 -0.00129691 -0.00145339 0.000624981 0.000452284 -0.000397789 0.000266623 -0.000281211 -0.000718224 -0.00089113 -9.83972e-05 0.000335914 -0.00103192 -0.00155541 -0.000402129 -9.7236e-05 0.000389127 -0.000269294 0.000175288 -0.00104658 -8.36255e-05 -7.83836e-05 0.000420395 0.000412747 0.000278573 0.000492762 0.000227413 0.00266782 -0.000769995 0.000167684 -0.00114683 -0.001951 -0.00152787 -0.00189611 -0.000910256 -0.000159077 0.000244514 0.000245082 -3.46217e-05 0.000434822 0.000625065 -0.00016631
internal_weight=898223 248550 649673 596786 72292 539447 176258 35848 143175 31269 396272 140410 39962 121439 100448 52887 20257 36084 57339 19537 41892 3878 15591 84987 45500 19147 4876 3514 41023 28581 4239 311285 8144 1746 21736 55593 236482 74004 1548 17025 11253 55187 8270 225229 84141 141088 32800 326 26444 74803 2059 14244 6647 5080 3315 54932 492 81760 4845 3235 3094 46917
internal_count=898223 248550 649673 596786 72292 539447 176258 35848 143175 31269 396272 140410 39962 121439 100448 52887 20257 36084 57339 19537 41892 3878 15591 84987 45500 19147 4876 3514 41023 28581 4239 311285 8144 1746 21736 55593 236482 74004 1548 17025 11253 55187 8270 225229 84141 141088 32800 326 26444 74803 2059 14244 6647 5080 3315 54932 492 81760 4845 3235 3094 46917
is_linear=0
shrinkage=0.03


Tree=6
num_leaves=63
num_cat=0
split_feature=2 2 1 11 4 11 3 8 9 10 1 3 9 1 4 11 9 3 1 2 3 2 9 11 11 10 11 2 8 11 9 11 7 1 8 11 3 8 7 3 4 7 2 11 6 11 4 4 6 8 11 10 11 2 2 7 11 11 10 3 6 9
split_gain=121.724 20.9203 20.4965 19.0249 12.1042 8.98391 7.1305 6.88638 6.44872 6.24761 6.16839 5.96065 5.91294 5.33758 4.67707 5.44204 7.17685 5.36857 4.5408 4.25442 4.10892 4.02522 3.96784 3.70674 3.58837 3.11511 3.30219 3.10225 3.07754 4.35888 2.92135 2.9949 3.49112 3.40134 2.9073 4.40821 3.20063 2.82427 2.81757 2.81533 2.80335 2.65721 2.64609 2.6949 3.10811 2.5549 2.55397 2.54915 2.46371 2.65503 2.9355 2.92448 2.607 2.60596 3.04235 2.90068 2.57961 2.57523 2.46113 2.3859 2.38433 2.37589
threshold=0.24217986314760512 0.3928571428571429 0.26806722689075635 0.1566964285714286 -0.41302521008403353 -0.24642857142857141 0.14611005692599624 -0.28456439393939387 0.35960591133004927 0.25378787878787884 0.436491935483871 0.38403361344537817 0.44201680672268912 0.38057040998217473 -0.32605042016806712 0.28456439393939398 0.30322580645161296 0.24642857142857147 0.4781385281385282 0.44028520499108742 0.47100840336134459 -0.037053571428571429 -0.23431372549019605 0.48571428571428577 0.13484848484848486 -0.43649193548387094 0.24642857142857147 -0.47014260249554363 -0.090992647058823525 -0.46922348484848481 -0.442016806722689 0.44201680672268912 0.47014260249554374 0.38057040998217473 0.44201680672268912 -0.23030303030303029 -0.16190476190476188 -0.3507130124777183 0.21198156682027655 -0.38057040998217462 0.436491935483871 0.10303030303030304 -0.16190476190476188 0.47014260249554374 0.096875000000000003 -0.47014260249554363 0.36405529953917054 0.32605042016806729 -0.44028520499108731 0.015640273704789823 0.44028520499108742 -1.0000000180025095e-35 -0.14611005692599616 -0.46824596774193544 -0.26806722689075629 0.47100840336134459 0.23030303030303031 -0.16190476190476188 -0.44028520499108731 -0.38403361344537806 0.35960591133004927 0.43844696969696978
decision_type=2 2 2 2 2 2 2 2 2 2 2 2 2 2 2 2 2 2 2 2 2 2 2 2 2 2 2 2 2 2 2 2 2 2 2 2 2 2 2 2 2 2 2 2 2 2 2 2 2 2 2 2 2 2 2 2 2 2 2 2 2 2
left_child=2 10 4 11 23 21 48 18 41 30 14 19 20 -4 37 17 -17 47 -5 -3 -11 27 -23 42 40 -15 46 -6 -29 45 -9 33 -33 -32 -21 -36 -37 -2 -25 -35 -12 -8 43 -1 -45 -30 -27 -16 57 58 51 52 -51 -53 55 -55 -56 -7 -50 -48 -19 -61
right_child=1 3 13 7 5 6 8 9 -10 12 24 -13 -14 25 15 16 -18 60 -20 34 -22 22 -24 38 -26 26 -28 28 29 -31 31 32 -34 39 35 36 -38 -39 -40 -41 -42 -43 -44 44 -46 -47 59 -49 49 50 -52 53 -54 54 56 -57 -58 -59 -60 61 -62 -63
leaf_value=-2.7141283249006962e-05 0.00051762975704621231 -0.000693307856190348 -7.4926586432580902e-05 0.0011301537062758957 -0.00061344615057011196 0.001117629745165811 0.00026357966863359251 -0.0014565221887959218 -0.00053337512704951468 -0.0013054429139328541 -0.00010963163429627208 -0.0017916932100000308 0.00053614270400251869 -0.0019176152069446644 -3.4155810488470833e-05 0.00033925614617200632 -0.0010860410911495341 -0.00044821602087292929 -0.0028836402053934681 -0.0016685335463547297 -0.002997727648331588 0.00076446132304241196 0.00015886216107611177 -0.0017983584338586553 -0.00043041556624544308 9.9723491488689435e-05 -5.3259102009892645e-05 0.00085506642949949904 0.00091337489411368793 0.00039812151756108164 -0.00021061371707744965 -0.00046717246502144888 0.00046775350996627353 -0.0023205659168069022 -0.0027999132600319983 0.0013579307051571335 -0.0009315747797342301 -0.0011215804596297493 0.0033424325407866171 -0.00075753376003995893 -0.0015455710877784359 -9.2155865460077438e-05 -0.00051264018889588935 0.00084152312235780526 0.0055113959710024266 0.002347551736202149 -0.0034945085427554494 -0.00057972319954736125 -0.00014696257643275534 -0.00011891636144560835 0.00087698975730610606 -0.0013536959349304725 0.0004970493734936807 0.00053131490922238419 7.4097972013781292e-05 -0.002164960542731415 -0.00049010611090001045 -0.00021628281617275158 0.00044305651770646672 -0.00079120020688112404 -0.00098851273302483678 -0.0024714494961043886
leaf_weight=43653 1077 13190 50379 3016 1742 1459 50609 2695 15719 4682 1480 17344 1180 1548 43782 24760 3647 25029 276 10992 1784 12995 38832 1642 8659 2365 8375 41570 5012 43607 12361 8895 6031 1096 638 941 1318 7744 101 19103 7067 30159 10923 856 150 1439 329 9354 6637 7645 5821 1175 32351 13423 31741 368 9468 12080 153736 10951 10409 813
leaf_count=43653 1077 13190 50379 3016 1742 1459 50609 2695 15719 4682 1480 17344 1180 1548 43782 24760 3647 25029 276 10992 1784 12995 38832 1642 8659 2365 8375 41570 5012 43607 12361 8895 6031 1096 638 941 1318 7744 101 19103 7067 30159 10923 856 150 1439 329 9354 6637 7645 5821 1175 32351 13423 31741 368 9468 12080 153736 10951 10409 813
internal_value=-4.98962e-09 -0.000564625 0.000216006 -0.000885004 0.00027677 0.000322581 0.000244535 -0.000541602 2.25488e-05 -0.000617583 -0.000328176 -0.00135745 -0.00141639 -0.000251274 -0.000255306 -0.000205071 0.000156239 -0.000320949 0.000792865 -0.00107926 -0.00177274 0.000522743 0.000310721 -0.000136854 -0.000860921 -0.000615647 -0.000527298 0.000640426 0.000664271 0.000505813 -0.000495844 -0.000441293 -8.94002e-05 -0.000602598 -0.00144571 -0.000599973 2.23113e-05 -0.000921405 -0.00149872 -0.000842455 -0.00129697 0.000130748 -9.41205e-05 8.25303e-06 0.00154261 0.00123361 -0.000801869 -0.000130206 0.000322167 0.000342531 0.000222857 0.000183256 0.000379311 4.3662e-05 7.35387e-05 0.000459216 -5.55398e-05 -7.24648e-05 0.000418638 -0.000978185 -0.000606938 -0.000907521
internal_weight=898223 248550 649673 105542 574913 517588 372391 61119 96487 57827 143008 44423 7646 74760 125802 116981 28407 88574 3292 27079 6466 145197 51827 57325 17206 24381 22833 93370 91628 50058 50181 47486 14926 32560 13889 2897 2259 8821 1743 20199 8547 80768 55582 44659 1006 6451 14458 53136 275904 262365 101992 96171 39996 56175 55000 13791 41209 13539 160373 12093 35438 11764
internal_count=898223 248550 649673 105542 574913 517588 372391 61119 96487 57827 143008 44423 7646 74760 125802 116981 28407 88574 3292 27079 6466 145197 51827 57325 17206 24381 22833 93370 91628 50058 50181 47486 14926 32560 13889 2897 2259 8821 1743 20199 8547 80768 55582 44659 1006 6451 14458 53136 275904 262365 101992 96171 39996 56175 55000 13791 41209 13539 160373 12093 35438 11764
is_linear=0
shrinkage=0.03


Tree=7
num_leaves=63
num_cat=0
split_feature=2 0 0 5 11 1 2 11 11 2 7 11 9 10 4 5 7 9 5 9 9 5 11 2 2 9 0 10 11 10 9 8 4 2 11 1 8 11 2 4 0 8 2 2 7 8 11 8 10 0 11 8 11 2 9 8 11 7 2 0 1 5
split_gain=114.531 21.2403 19.6118 10.4093 9.53343 9.11142 8.86655 10.2874 8.09831 6.18836 5.30708 5.12074 7.51448 5.07779 4.74941 4.24818 5.07969 4.21329 4.05677 4.00882 3.77679 3.76591 3.69747 3.69267 3.94904 3.71209 3.65932 3.90999 3.55535 3.21128 3.14974 3.04522 3.00491 3.45918 4.42217 3.46074 3.35995 2.98584 3.11261 2.93192 2.87786 2.7663 2.76102 2.74433 4.19713 3.61199 2.96064 3.45715 2.8159 2.72141 2.69502 2.66957 4.33238 2.64004 2.62402 2.58973 2.57146 6.43802 2.6879 2.52068 2.43025 2.3902
threshold=0.24217986314760512 0.40767045454545459 0.37321428571428578 -0.442016806722689 0.14076246334310852 0.2573593073593074 0.44028520499108742 0.1885775862068966 -0.24642857142857141 0.41302521008403364 0.29705882352941182 0.25809822361546503 0.34611742424242431 0.34122983870967749 0.34611742424242431 0.46922348484848492 0.44028520499108742 0.44201680672268912 -0.20777988614800755 0.32085561497326209 -0.442016806722689 0.41042780748663105 0.40767045454545459 -0.037053571428571429 -0.47014260249554363 -0.23431372549019605 0.11596638655462189 -0.11527514231499052 0.46720430107526889 -0.41042780748663094 -0.096874999999999975 -0.3461174242424242 -0.32605042016806712 -0.44028520499108731 0.046920821114369467 -0.43649193548387094 0.015640273704789823 0.47100840336134459 -0.21651785714285712 0.47100840336134459 -0.33095238095238094 0.24239631336405534 0.47100840336134459 0.40473790322580649 0.43844696969696978 -0.064583333333333312 0.44201680672268912 -0.014718614718614713 0.11527514231499054 -0.3898268398268398 -0.26568627450980387 -0.096874999999999975 -0.46922348484848481 -0.46922348484848481 -0.10303030303030301 0.46922348484848492 0.37689393939393945 0.49285714285714294 0.44201680672268912 -0.41302521008403353 -0.014928698752228157 0.46922348484848492
decision_type=2 2 2 2 2 2 2 2 2 2 2 2 2 2 2 2 2 2 2 2 2 2 2 2 2 2 2 2 2 2 2 2 2 2 2 2 2 2 2 2 2 2 2 2 2 2 2 2 2 2 2 2 2 2 2 2 2 2 2 2 2 2
left_child=2 6 3 -1 9 8 11 30 23 50 19 14 18 29 -2 16 31 42 -13 -4 -18 26 -17 24 -5 -25 32 -28 -14 61 -8 -9 33 35 54 -10 -34 -12 -39 -20 55 -22 -15 -31 45 -45 47 -46 56 -43 -3 -26 -53 -38 -35 -32 -49 58 -58 -7 -57 -6
right_child=1 4 10 5 13 59 7 15 21 -11 37 12 28 17 -16 22 20 -19 39 -21 41 -23 -24 25 51 -27 27 -29 -30 43 40 -33 36 34 -36 -37 53 38 -40 -41 -42 49 -44 44 46 -47 -48 48 -50 -51 -52 52 -54 -55 -56 60 57 -59 -60 -61 -62 -63
leaf_value=-0.0002595091447500841 -0.00025362019854685796 -0.0015955833924232593 -3.1212809619516426e-05 -0.00066558178826368484 0.00091673815642850367 -0.0011910820401277455 -0.0018164519339015984 0.0017403571629270077 0.0011834415971180988 -0.0018371284809561186 -0.0009967724810449833 -0.00061336517002603746 -0.00085508864221460392 -0.0017621791888151684 -0.00072190622096305354 -0.00044477599562438026 -0.0047929490740742471 -0.00011790509433804336 0.00035292998150316144 -0.00091790910231408923 -0.0037151204841592085 0.0013570731721530285 0.0013861258325778181 0.00076023926944655265 0.00083371605808554492 0.00015510760999732699 0.00036019276748898833 -6.9590729219968429e-05 -0.0034320341674809124 -0.00025315798326317401 -0.00043279231829275179 -0.00038069880963235379 0.00044469738366049229 -0.00010174794734602742 -0.00021030270595955399 0.00014892870657176404 -0.0010919444430653204 0.0047951677916388885 -3.9552688226665893e-05 -0.001073254092154595 -0.00123570345806127 -0.0026229690521663174 -0.0039036796277636013 -0.00012470812357607034 -0.0049733529759183777 -0.0015697110010332539 0.00010135889189954604 1.5386533792358105e-05 -0.0018125312126507332 -0.00047560369673307109 -0.00075386343211315723 0.0012392739988153435 0.00040238266698372396 0.00022289119954001037 0.00057876887579354631 0.0059698706588242204 -0.0020962003727629784 -0.0026825094348751008 0.0015185429184979313 -3.5641572761143865e-05 0.0006005935424064563 -0.00056732965167615877
leaf_weight=33426 74021 4753 27109 2078 2136 1751 7447 641 4993 14240 12664 5228 3318 2078 26460 1860 294 1080 29513 5523 366 2751 2127 12147 41799 36648 28427 57756 563 10018 1222 11928 131291 7855 31808 6976 1397 152 553 1356 6598 684 734 1914 177 8347 4819 3942 1734 2368 12249 6379 43716 81461 14535 119 249 1249 713 56478 207 1798
leaf_count=33426 74021 4753 27109 2078 2136 1751 7447 641 4993 14240 12664 5228 3318 2078 26460 1860 294 1080 29513 5523 366 2751 2127 12147 41799 36648 28427 57756 563 10018 1222 11928 131291 7855 31808 6976 1397 152 553 1356 6598 684 734 1914 177 8347 4819 3942 1734 2368 12249 6379 43716 81461 14535 119 249 1249 713 56478 207 1798
internal_value=-5.51466e-09 -0.000547689 0.000209526 0.000255027 -0.000980984 0.000285187 -0.000370183 -0.000791206 0.000325627 -0.00137576 -0.000387572 -0.000262686 2.44873e-05 -0.000680052 -0.000376941 -0.000345498 -0.000560426 -0.00171082 0.000159363 -0.000181311 -0.00153536 0.000251439 0.000532083 0.000517504 0.000627447 0.000305761 0.000243136 7.21736e-05 -0.0012297 -0.000571864 -0.00137048 -0.000272398 0.000295698 0.00011899 1.70508e-05 0.00058055 0.000350296 -0.000890978 0.00100814 0.000290248 -0.000962613 -0.00125384 -0.00232235 -0.000668 -0.000847548 -0.00130021 -0.000486939 -0.000838472 -0.000745058 -0.000957563 -0.000989251 0.000656694 0.000508973 0.00020071 0.000340032 0.000201422 -0.000443984 -0.00126263 0.000581713 -7.04066e-05 0.00257281 0.000238486
internal_weight=898223 248550 649673 603672 72230 570246 176320 35861 512017 31242 46001 140459 39978 40988 100481 20268 16281 3892 36097 32632 3712 369250 3987 142767 93972 48795 366499 86183 3881 37096 15593 12569 280316 66167 54198 11969 214149 13369 705 30869 8146 3418 2812 33162 23144 10261 12883 8064 7887 3052 17002 91894 50095 82858 22390 1548 6153 2211 962 58229 326 3934
internal_count=898223 248550 649673 603672 72230 570246 176320 35861 512017 31242 46001 140459 39978 40988 100481 20268 16281 3892 36097 32632 3712 369250 3987 142767 93972 48795 366499 86183 3881 37096 15593 12569 280316 66167 54198 11969 214149 13369 705 30869 8146 3418 2812 33162 23144 10261 12883 8064 7887 3052 17002 91894 50095 82858 22390 1548 6153 2211 962 58229 326 3934
is_linear=0
shrinkage=0.03


Tree=8
num_leaves=63
num_cat=0
split_feature=2 0 0 5 11 2 2 11 11 2 7 11 5 10 4 7 10 5 7 7 11 3 10 11 10 10 8 3 2 8 11 11 2 0 8 7 8 1 11 10 2 11 8 11 0 3 11 10 4 8 11 8 1 11 11 1 8 10 3 2 7 7
split_gain=107.763 19.9854 18.4527 9.79413 8.96977 8.59537 8.34266 9.67907 8.00349 5.82598 4.9933 4.87719 5.20278 4.77799 4.74439 4.35671 4.2664 3.99731 4.78023 3.51265 3.47905 3.23498 3.19884 3.17997 3.02159 2.92723 2.86548 2.85702 2.84716 2.88343 3.96787 2.80997 2.92983 2.80853 2.72823 2.61 2.60642 2.59674 4.0245 4.02856 2.58227 4.044 2.47901 2.47775 2.45639 2.43669 2.40825 3.60129 2.3571 2.36624 2.35489 2.34642 2.34393 2.34041 3.5953 2.56164 2.31948 2.46036 2.26319 2.25838 2.31803 2.94857
threshold=0.24217986314760512 0.40767045454545459 0.37321428571428578 -0.442016806722689 0.14076246334310852 0.022350230414746545 0.44028520499108742 0.1885775862068966 -0.23861480075901326 0.3928571428571429 0.29705882352941182 0.15111561866125764 -0.21089931573802537 0.34122983870967749 0.34611742424242431 0.10303030303030304 0.18660714285714289 0.46922348484848492 0.44028520499108742 0.46720430107526889 0.40767045454545459 0.23128342245989311 0.43844696969696978 0.48571428571428577 -0.41042780748663094 -0.26568627450980387 -0.3461174242424242 0.42488479262672812 -0.47014260249554363 -0.096874999999999975 -0.46922348484848481 0.47100840336134459 -0.21651785714285712 -0.44028520499108731 0.014718614718614688 -0.40473790322580638 0.23861480075901334 0.40767045454545459 0.20777988614800766 -0.33095238095238094 0.40473790322580649 0.47100840336134459 0.24239631336405534 -0.46720430107526878 -0.41926406926406917 0.39447004608294933 -0.38403361344537806 -0.26568627450980387 -0.442016806722689 0.33602150537634418 -0.47014260249554363 0.48571428571428577 0.44201680672268912 -0.090992647058823525 -0.24239631336405529 0.47100840336134459 0.27772177419354843 0.44028520499108742 -0.29099821746880566 0.48571428571428577 0.47100840336134459 0.32807881773399022
decision_type=2 2 2 2 2 2 2 2 2 2 2 2 2 2 2 2 2 2 2 2 2 2 2 2 2 2 2 2 2 2 2 2 2 2 2 2 2 2 2 2 2 2 2 2 2 2 2 2 2 2 2 2 2 2 2 2 2 2 2 2 2 2
left_child=2 6 3 48 9 8 11 25 28 27 22 14 -13 24 21 43 33 18 26 37 -19 36 -4 -18 45 -8 -9 -3 46 -30 50 -12 -33 52 -29 -11 -2 -10 58 -40 -26 -42 -20 -7 -44 -6 -5 -48 -1 -50 -31 -32 -14 54 59 -55 -15 -58 -39 60 61 -37
right_child=1 4 10 5 13 15 7 17 19 35 31 12 16 56 -16 -17 23 20 42 -21 -22 -23 -24 -25 40 -27 -28 34 29 30 51 32 -34 -35 -36 53 -38 38 39 -41 41 -43 44 -45 -46 -47 47 -49 49 -51 -52 -53 -54 55 -56 -57 57 -59 -60 -61 -62 -63
leaf_value=-0.00044477203997010087 7.3085173722947966e-06 -0.00033741122544721908 -9.6320893361520163e-05 -0.001631544971699246 0.0029337374375437097 0.001007551418819929 -0.0019728631381238228 0.0016882277515098869 0.00028981068415864845 -0.0041598443905520553 -0.00096687168289982285 -0.00075367083204333041 -0.00059127026730458067 -0.00072746940291307824 -0.00078114575420817878 -9.9411790189074303e-05 -0.00030590852320151919 -0.00043143991936795903 -0.0037561250469612334 -0.00050562049620079847 0.0013445614668362532 -0.00063351168039683502 -0.0012849194587221601 -0.0025413880039834098 -0.00024556398830276007 -0.0010666152884263374 -0.00036927881462672861 -0.00040454564460052814 0.00074818279933004303 0.00079151474772315889 0.00032832970444775206 0.004652252878044166 -3.8368314333520207e-05 0.00029145111060265635 -0.0015397630797203909 -0.0016229647688846256 -0.00048326984782875163 -0.004593192861127895 -0.0028167145902555971 0.0011386330671380453 -0.0010287060434075856 -6.0868465664862119e-05 -0.0029322971261089075 0.00018898100215139542 -0.00083417200730337253 2.5099267458094901e-05 0.0026743123836874983 -0.00072870281708686531 0.00022774397844709744 -0.0010652162336616373 0.0020280074595734002 0.001755629048020052 -0.0042215318473536973 -0.0015489220499114538 -0.00063053594350967099 -0.0026053121085594911 -0.0029561452286295843 -0.00095692876227772338 -0.0012563825100345794 -0.00038243899561527222 -9.9451482251046812e-06 -0.0035242968651372337
leaf_weight=21059 32546 5267 30449 961 278 3445 4519 641 280855 384 12664 7870 1333 1487 21723 64089 11062 1860 388 5209 2127 16061 2183 603 10018 11074 11928 2679 51463 5891 53923 152 553 35167 6604 1555 13913 216 281 1300 18204 4940 616 97278 2708 3656 409 881 10926 1441 1813 1056 181 4775 3845 3651 1537 868 1176 715 372 1395
leaf_count=21059 32546 5267 30449 961 278 3445 4519 641 280855 384 12664 7870 1333 1487 21723 64089 11062 1860 388 5209 2127 16061 2183 603 10018 11074 11928 2679 51463 5891 53923 152 553 35167 6604 1555 13913 216 281 1300 18204 4940 616 97278 2708 3656 409 881 10926 1441 1813 1056 181 4775 3845 3651 1537 868 1176 715 372 1395
internal_value=-6.26819e-09 -0.000531262 0.000203241 0.000247376 -0.000951563 0.000276632 -0.00035908 -0.000767475 0.000350892 -0.00133449 -0.000375943 -0.000254807 -3.83999e-05 -0.000659663 -0.000399214 9.39526e-05 7.80486e-05 -0.000335147 -0.000543632 0.000266305 0.000516128 -0.000266499 -0.000175872 -0.000421675 -0.000554717 -0.00132936 -0.000264223 -0.000895595 0.000560934 0.000581771 0.000445137 -0.00086424 0.0009781 0.000236974 -0.00121223 -0.00171698 -0.000139611 0.000280474 -0.000601357 0.000434291 -0.000647971 -0.000822136 -0.0014894 0.000216988 -0.00122376 0.000231334 -0.000495468 0.000351473 -0.000251724 7.70146e-05 0.00108273 0.000355776 -0.00102777 -0.00165921 -0.00128731 -0.00200691 -0.00165954 -0.0022353 -0.00177709 -0.00191253 -0.00224164 -0.00252296
internal_weight=898223 248550 649673 603672 72230 570246 176320 35861 405434 31242 46001 140459 56216 40988 84243 164812 48346 20268 16281 289037 3987 62520 32632 11665 37096 15593 12569 14550 116397 114146 62683 13369 705 36681 9283 16692 46459 283828 2973 1581 33162 23144 3712 100723 3324 3934 2251 1290 33426 12367 7704 54979 1514 16308 7882 8426 3892 2405 1392 4037 3322 2950
internal_count=898223 248550 649673 603672 72230 570246 176320 35861 405434 31242 46001 140459 56216 40988 84243 164812 48346 20268 16281 289037 3987 62520 32632 11665 37096 15593 12569 14550 116397 114146 62683 13369 705 36681 9283 16692 46459 283828 2973 1581 33162 23144 3712 100723 3324 3934 2251 1290 33426 12367 7704 54979 1514 16308 7882 8426 3892 2405 1392 4037 3322 2950
is_linear=0
shrinkage=0.03


Tree=9
num_leaves=63
num_cat=0
split_feature=2 1 11 2 2 5 11 10 8 5 3 3 0 3 3 0 11 5 11 6 1 10 7 10 1 5 7 7 5 5 11 10 5 10 3 8 5 11 3 7 8 11 11 7 7 7 1 8 5 11 11 10 8 11 11 5 10 8 11 10 5 8
split_gain=101.463 24.6368 14.6359 14.4112 11.8993 10.2133 7.83307 6.83517 6.15581 4.72019 5.88264 4.54039 4.14861 3.83383 3.6347 4.39117 3.58589 3.33133 3.86186 3.3195 3.31928 3.16055 3.8668 3.11684 2.89265 2.85535 3.45201 3.1094 2.84334 2.83938 3.00458 2.8358 2.91595 2.74928 2.68205 2.63291 2.78085 3.05397 2.63105 2.58824 2.57776 5.42451 2.52891 2.51898 2.67977 3.21464 4.13153 2.4869 2.42476 2.40034 3.87634 2.39223 2.36098 4.38699 3.84022 2.34954 2.34299 2.329 2.73592 2.51315 2.32787 3.13568
threshold=0.3133928571428572 0.38057040998217473 0.15571120689655174 0.41302521008403364 0.022350230414746545 -0.41042780748663094 -0.23861480075901326 0.26568627450980398 -0.3507130124777183 0.41302521008403364 0.22301136363636367 0.053605313092979119 -0.33095238095238094 0.47014260249554374 -0.442016806722689 0.40767045454545459 0.11527514231499054 -0.29705882352941171 0.32555780933062883 -0.44028520499108731 0.4320276497695853 -0.38403361344537806 0.43844696969696978 -0.3461174242424242 0.089572192513369023 -0.20777988614800755 -0.46922348484848481 0.49285714285714294 0.052764976958525341 -0.47100840336134447 -0.4226600985221674 -0.11916835699797161 0.44028520499108742 -0.087221095334685597 -0.37298387096774188 0.48571428571428577 0.46922348484848492 0.35071301247771841 0.44028520499108742 -0.3461174242424242 -0.10303030303030301 0.060661764705882366 -0.17156862745098037 0.29361054766734285 -0.4499999999999999 -0.47014260249554363 -0.14928698752228159 -0.060661764705882353 -0.015640273704789816 -0.46922348484848481 -0.46824596774193544 -0.35960591133004921 -0.064583333333333312 -0.46922348484848481 -0.47014260249554363 0.074643493761140836 0.10948191593352886 0.17694497153700192 0.36881720430107534 0.37298387096774199 0.32605042016806729 -0.35504201680672259
decision_type=2 2 2 2 2 2 2 2 2 2 2 2 2 2 2 2 2 2 2 2 2 2 2 2 2 2 2 2 2 2 2 2 2 2 2 2 2 2 2 2 2 2 2 2 2 2 2 2 2 2 2 2 2 2 2 2 2 2 2 2 2 2
left_child=1 4 3 20 5 29 52 8 43 10 17 19 -5 -9 -10 25 -3 18 -6 -8 -2 28 47 34 48 -16 -27 -28 -17 -1 49 -13 -33 -12 -18 36 37 -30 -25 40 41 -32 -42 44 45 46 -4 -23 -19 -31 -51 -29 -7 54 -54 -26 -50 -41 -59 -60 -40 -62
right_child=2 16 7 12 9 6 11 13 14 -11 33 31 -14 -15 15 21 23 24 -20 -21 -22 22 -24 38 55 26 27 51 35 30 39 32 -34 -35 -36 -37 -38 -39 60 57 42 -43 -44 -45 -46 -47 -48 -49 56 50 -52 -53 53 -55 -56 -57 -58 58 59 -61 61 -63
leaf_value=-0.00055770288806442699 -0.00048953316412845942 -0.00091818352194967937 0.0046755882042149701 -0.00048028098508398604 -5.7225855033346021e-05 0.00069913748603502631 -0.0001668018227929926 -0.00073778267720237846 -0.0012055921365601388 0.00077314979567129588 1.1331728381686585e-05 0.00032734510078515327 -0.0014869819928864567 -0.0019938880121588456 -0.00075326459996349091 -0.0027738967393091071 -0.0049726814309688054 0.00013699579324839251 -0.0010981511422478803 0.00037968435249476393 -0.0011340568664476821 -0.00012328782467378965 -0.00031696615625055916 0.00012996490459562008 -0.00037993627965712313 -0.002334229187861944 0.00012225984787565724 -0.0027461168245508281 6.4499880662378004e-05 6.831734992444938e-06 0.00075403975818500205 -4.0854577223517342e-05 0.0017105767468274908 -0.00039516426971487764 -0.00098038336352694469 -0.0012379577087834335 -0.00019313231206340671 0.0025781960496848175 -0.0024168636002753563 0.00029948235905056451 -0.0022664305085530459 -0.00065139777316846259 -0.00058570183126800809 -0.002151736768428236 0.0013668030855552322 -0.0057369011789321443 -0.0028135288303590142 -0.0012377409403762241 0.00071362947351732682 0.0059031305476774229 0.0011785928308962646 -0.00049914489979930731 0.00073899053951705465 0.00032662840287498265 0.0023914866144319532 9.2188069357865499e-05 0.00018019588778510738 -0.00048784010001606457 0.0019245503857732353 -0.0026837008722659741 0.0026911149608182172 -0.00068672281921025981
leaf_weight=9647 45147 17347 116 4172 17396 54345 10613 10444 3988 7365 24031 31855 31588 2766 5043 270 159 42766 3932 174073 8554 2170 13186 10339 11618 558 34662 509 734 1472 4010 64688 866 39732 2864 723 1503 1067 635 19005 1037 6439 3606 228 3276 105 152 10635 17490 173 1547 2607 5463 50974 1647 51691 12860 7475 758 123 264 3715
leaf_count=9647 45147 17347 116 4172 17396 54345 10613 10444 3988 7365 24031 31855 31588 2766 5043 270 159 42766 3932 174073 8554 2170 13186 10339 11618 558 34662 509 734 1472 4010 64688 866 39732 2864 723 1503 1067 635 19005 1037 6439 3606 228 3276 105 152 10635 17490 173 1547 2607 5463 50974 1647 51691 12860 7475 758 123 264 3715
internal_value=-7.34108e-09 0.000161941 -0.000627759 -0.000902951 0.000202143 0.000291748 0.000345264 -0.0003679 -0.000265325 2.60444e-05 1.20114e-06 0.000260872 -0.00136955 -0.00100093 -0.000323574 -0.00027581 -0.000610494 9.94891e-05 -0.000249172 0.00034828 -0.000592218 -0.000552995 -0.000677597 -0.000313536 0.000153998 -8.2266e-05 6.0195e-06 4.0647e-05 0.000200661 -9.0101e-05 8.73601e-06 9.51456e-05 -1.76916e-05 -0.000241966 -0.00119194 0.000400737 0.000759591 0.00155434 -0.000135884 -5.80135e-05 -0.0003734 -0.000112014 -0.000961495 0.000901168 0.00109246 -0.00131427 0.00043336 -0.0010489 0.00028254 0.000896232 0.00165695 -0.000866952 0.000557006 0.000424015 0.00112207 5.54266e-06 0.000487615 0.000115957 -0.00030144 0.00127886 -0.000731493 -0.000461989
internal_weight=898223 714020 184203 89461 678697 449816 394524 94742 81532 228881 221516 282095 35760 13210 77655 73667 35323 157753 21328 184686 53701 30288 25991 17976 136425 43379 38336 37778 4297 55292 45645 97409 65554 63763 3023 4027 3304 1801 14953 42453 15092 10449 4643 3877 3649 373 268 12805 73116 3192 1720 3116 112429 58084 7110 63309 30350 27361 8356 881 4614 3979
internal_count=898223 714020 184203 89461 678697 449816 394524 94742 81532 228881 221516 282095 35760 13210 77655 73667 35323 157753 21328 184686 53701 30288 25991 17976 136425 43379 38336 37778 4297 55292 45645 97409 65554 63763 3023 4027 3304 1801 14953 42453 15092 10449 4643 3877 3649 373 268 12805 73116 3192 1720 3116 112429 58084 7110 63309 30350 27361 8356 881 4614 3979
is_linear=0
shrinkage=0.03


Tree=10
num_leaves=63
num_cat=0
split_feature=1 3 11 4 8 1 5 7 9 4 11 5 1 10 6 7 7 1 1 6 11 8 3 7 10 11 3 9 7 8 11 8 5 1 10 6 10 11 5 11 9 8 1 8 7 5 1 11 11 7 8 11 1 10 3 5 6 10 1 8 10 11
split_gain=86.7495 18.3974 13.2729 11.553 9.02391 7.17175 6.38094 6.60669 7.5908 5.82806 5.50246 5.29342 5.18948 4.35689 4.03148 3.89672 3.86605 3.73706 3.68292 3.61618 3.56791 3.43659 3.38617 3.29758 3.11549 2.97132 2.80805 2.71351 2.59499 2.47149 2.78718 2.94885 2.45377 2.82331 2.6995 2.91621 2.43771 2.4246 2.35134 3.14677 2.75157 3.24008 2.6933 2.62875 2.34561 2.31218 2.25749 2.25156 2.62821 2.23269 2.20309 2.50527 3.55748 3.19197 2.1431 2.12116 2.01653 2.00775 2.40128 2.18167 1.97702 1.966
threshold=0.38057040998217473 0.22301136363636367 0.23861480075901334 -0.38057040998217462 0.23431372549019611 0.10948191593352886 0.38057040998217473 0.31534090909090917 0.34122983870967749 0.45529953917050697 -0.30322580645161284 0.35071301247771841 0.436491935483871 0.15111561866125764 0.29049111807732503 -0.46133004926108367 0.47014260249554374 -0.14611005692599616 0.2573593073593074 -0.193312434691745 0.37298387096774199 0.39827586206896559 -0.35504201680672259 -0.442016806722689 -0.15669642857142854 -0.43440860215053761 0.39447004608294933 -0.442016806722689 0.073593073593073613 0.44028520499108742 0.1885775862068966 -0.044155844155844164 -0.45529953917050686 -0.37689393939393934 -0.46720430107526878 -0.10948191593352884 0.32807881773399022 -0.078201368523949141 -0.26806722689075629 0.25378787878787884 -0.19848484848484846 -0.193312434691745 -0.442016806722689 -0.43440860215053761 -0.47014260249554363 0.1566964285714286 0.41926406926406928 0.41302521008403364 0.43844696969696978 -0.096874999999999975 -0.193312434691745 -0.032291666666666656 -0.45529953917050686 -0.28456439393939387 -0.44028520499108731 0.47100840336134459 -0.46922348484848481 -0.02332657200811358 -0.26114081996434929 -0.4226600985221674 -0.43649193548387094 0.28456439393939398
decision_type=2 2 2 2 2 2 2 2 2 2 2 2 2 2 2 2 2 2 2 2 2 2 2 2 2 2 2 2 2 2 2 2 2 2 2 2 2 2 2 2 2 2 2 2 2 2 2 2 2 2 2 2 2 2 2 2 2 2 2 2 2 2
left_child=1 3 9 17 5 10 7 8 15 14 45 -4 46 27 24 29 -16 32 -8 -6 26 -11 -7 -17 55 -21 -9 28 -14 30 -3 -32 34 50 35 -1 -27 -10 39 40 -12 57 -40 -41 -33 -5 -13 -30 -49 61 51 -34 53 -53 -55 -2 -24 58 -42 -60 -25 -15
right_child=2 6 11 4 19 22 18 20 37 21 38 12 13 49 16 23 -18 -19 -20 25 -22 -23 56 60 -26 36 -28 -29 47 -31 31 44 33 -35 -36 -37 -38 -39 42 43 41 -43 -44 -45 -46 -47 -48 48 -50 -51 -52 52 -54 54 -56 -57 -58 -59 59 -61 -62 -63
leaf_value=-0.0031978409651297426 -0.0011435484435118716 -0.0017705532451672743 -0.0010094800502320896 0.00059172407830687256 -0.00033270325983591917 -0.0005193624671815983 0.0011071898589444266 -0.00056967253934468178 -0.00023651774410229475 -0.0017488928127554761 -0.00010659680748475841 0.00023179164059848459 0.0015308036273024204 -0.0022108603608443069 -0.0013342306436394346 0.0017050765202888719 -0.00014566421819835627 -0.001645593771540057 0.00012697054273267197 0.00066124421793283634 0.00019401896908630077 -0.0010238028692433941 -0.0009786391150673002 0.00051440081532209189 -0.00031171403357180982 0.00012778659386386166 -0.0012891123304199733 -0.00017798488833265874 -0.0031084416261530183 -0.0052155096326395867 0.0013646245696456046 -0.0026177118062884709 0.00073572373671182325 -0.00046701640097148345 -0.00029028035507233234 7.2017237679034045e-05 -0.00027541362622916056 -0.00090645542296789239 -0.0023686991192218097 -0.0012239788168610017 0.00062715643146248978 0.00015556321510395001 0.00038179235984926643 -5.4885735755191148e-05 0.0016039434436314448 0.0013834919785937012 0.0030133291432239309 0.003584453359362669 -0.0014671966102072446 -0.0012261997675173302 -6.3347628238657008e-05 0.0033033570779061184 -0.00014282470005044616 0.0019419592372492693 -0.00027876354606045284 0.00063285879294235038 0.00016044861511698647 0.00095993773787662439 -0.0034560625297133107 -0.00028880294840077025 -4.0840326370018144e-05 0.0016648104817806077
leaf_weight=604 8284 1550 10364 60466 21989 7578 4590 18147 7858 12438 11668 11061 231 158 15922 1022 2914 1412 13879 7670 4079 11174 1421 6147 15643 64744 6681 24225 703 124 739 434 8119 9963 21582 413 17048 12755 320 1971 3163 18085 180056 14164 162 3512 268 107 654 7020 36233 493 11371 626 1039 652 85516 11142 248 916 94252 454
leaf_count=604 8284 1550 10364 60466 21989 7578 4590 18147 7858 12438 11668 11061 231 158 15922 1022 2914 1412 13879 7670 4079 11174 1421 6147 15643 64744 6681 24225 703 124 739 434 8119 9963 21582 413 17048 12755 320 1971 3163 18085 180056 14164 162 3512 268 107 654 7020 36233 493 11371 626 1039 652 85516 11142 248 916 94252 454
internal_value=-7.77352e-09 0.000117026 -0.000742709 0.000195103 0.000250715 0.000317198 -0.000156274 -0.000219487 -0.000124992 -0.00102647 0.00038781 -0.000398413 -0.000257285 -0.000444733 -0.000820137 -2.11431e-05 -0.00115037 -0.000114685 0.000370626 1.19718e-05 -0.000628223 -0.00140581 8.8802e-05 1.04268e-05 -0.000567026 9.66927e-05 -0.000763312 -0.000259209 -0.00141927 -0.00108489 -0.000905602 9.92218e-05 -9.07662e-05 -5.78707e-07 -0.000361504 -0.0018712 4.37448e-05 -0.000651088 0.00032233 0.000161902 0.000290232 0.000428223 0.0003769 -0.000197765 -0.00146945 0.000635208 0.000297852 -0.00188549 -0.00075314 -0.0010747 7.97154e-05 0.000319157 6.91316e-05 0.00118553 0.000556839 -0.00101388 0.000141819 0.000746963 0.000198459 -0.000966002 -6.84051e-06 0.000662254
internal_weight=898223 775951 122272 603532 511677 400226 172419 153950 125043 67027 305711 55245 44881 33552 43415 104430 18836 91855 18469 111451 28907 23612 94515 101421 24579 89462 24828 25920 1695 3009 2885 1335 90443 67844 22599 1017 81792 20613 241733 61357 45222 33554 180376 16135 596 63978 11329 1464 761 7632 57881 21648 13529 2158 1665 8936 86937 15469 4327 1164 100399 612
internal_count=898223 775951 122272 603532 511677 400226 172419 153950 125043 67027 305711 55245 44881 33552 43415 104430 18836 91855 18469 111451 28907 23612 94515 101421 24579 89462 24828 25920 1695 3009 2885 1335 90443 67844 22599 1017 81792 20613 241733 61357 45222 33554 180376 16135 596 63978 11329 1464 761 7632 57881 21648 13529 2158 1665 8936 86937 15469 4327 1164 100399 612
is_linear=0
shrinkage=0.03


Tree=11
num_leaves=63
num_cat=0
split_feature=2 0 0 5 11 2 2 11 11 2 10 7 11 9 4 7 5 7 6 9 9 9 5 11 11 7 9 10 4 5 2 8 4 11 2 0 2 8 11 8 8 2 2 11 11 8 0 11 7 8 9 11 10 7 8 11 11 11 10 9 11 10
split_gain=92.3296 16.9801 15.9188 8.3861 7.78692 7.36865 7.24267 8.47484 6.78298 5.0055 4.46602 4.43022 4.38247 6.76702 3.99301 3.94217 3.73099 4.43032 3.71554 3.53298 3.48904 3.47568 3.40469 3.34538 3.26787 3.13134 2.87875 2.77101 2.81808 2.73003 2.65629 2.60978 2.59729 2.593 2.75466 2.59143 2.58472 2.46066 3.45524 2.44519 2.44392 2.40822 2.55754 2.3939 2.48537 2.37549 2.36919 2.35773 3.24086 2.60639 2.91454 2.50628 3.67223 2.32274 2.31167 2.29755 2.28005 2.27991 3.39353 2.27434 2.26195 3.27179
threshold=0.24217986314760512 0.40473790322580649 0.37321428571428578 -0.442016806722689 0.13484848484848486 0.022350230414746545 0.44028520499108742 0.1885775862068966 -0.23861480075901326 0.3928571428571429 0.34122983870967749 0.29705882352941182 0.25809822361546503 0.34611742424242431 0.45529953917050697 0.10303030303030304 0.46922348484848492 0.44028520499108742 -0.44028520499108731 0.32085561497326209 0.44201680672268912 -0.442016806722689 -0.23861480075901326 0.40767045454545459 0.46720430107526889 0.46720430107526889 -0.096874999999999975 -0.44028520499108731 0.46922348484848492 0.16190476190476191 -0.47014260249554363 -0.28456439393939387 0.47100840336134459 0.47100840336134459 -0.21651785714285712 -0.33095238095238094 0.47100840336134459 -0.096874999999999975 -0.46922348484848481 0.24239631336405534 0.46922348484848492 0.34330357142857149 0.436491935483871 0.14076246334310852 -0.31534090909090901 0.014718614718614688 -0.3898268398268398 -0.090992647058823525 0.47100840336134459 0.46922348484848492 -0.26568627450980387 -0.23030303030303029 0.27772177419354843 0.31534090909090917 -0.090992647058823525 0.27772177419354843 -0.46720430107526878 -0.38403361344537806 -0.26568627450980387 0.38403361344537817 0.40767045454545459 -0.21651785714285712
decision_type=2 2 2 2 2 2 2 2 2 2 2 2 2 2 2 2 2 2 2 2 2 2 2 2 2 2 2 2 2 2 2 2 2 2 2 2 2 2 2 2 2 2 2 2 2 2 2 2 2 2 2 2 2 2 2 2 2 2 2 2 2 2
left_child=2 6 3 -1 9 8 12 26 30 45 27 19 14 22 41 56 17 31 -10 54 36 -19 -14 -18 53 -20 -8 28 29 -6 57 -9 -24 -13 -35 40 -12 -32 -39 -23 -28 -2 -43 44 -44 -3 -41 48 51 50 -50 -11 -53 -15 -4 -31 -7 -5 -59 -38 -27 -62
right_child=1 4 11 5 10 15 7 16 18 47 20 33 13 24 -16 -17 23 21 25 -21 -22 39 32 -25 -26 60 35 -29 -30 55 37 -33 -34 34 -36 -37 59 38 -40 46 -42 42 43 -45 -46 -47 -48 -49 49 -51 -52 52 -54 -55 -56 -57 -58 58 -60 -61 61 -63
leaf_value=-0.00023271673432491449 -0.00017791713694507489 -0.00025041754896969914 0.00028877415419884629 -0.0016074501357885922 -0.0015532611967159474 0.00096244890936594254 -0.001665613705609962 0.0012854482752386663 -0.00022823392364037685 -0.0020793170908539999 -0.0015887533154131637 -0.00090836025512964959 -0.00059814850515261414 -0.0012892307626870107 -0.0013380220970159909 -9.6889842281267356e-05 -0.0004163702227880996 -0.0045458046639716976 0.00028539493519872154 -0.00085287670904963869 -0.00013838726427953536 -0.003464706235182058 0.0003282303502165367 0.00132592881527507 -0.0032719834691329682 -0.0006819963813101597 -0.00036093323448203039 -0.0005788152098918926 -0.00041343917555477437 -0.00010443017318458027 0.00069216395690188844 -0.00036363761474388377 -0.0010126177858428671 0.0045226205264528594 -2.5632114629547768e-05 -0.0011085279814001812 -0.0025802793257299651 0.00100719349267695 0.00032882568702363745 -0.0024259446375870762 0.002558848025915939 -0.00055600858893135017 0.0013239912715119386 0.0019065512107415334 -0.00059908536737747638 -0.0010889308389834965 -0.0004222742631779781 -0.0019600396805579253 -0.0051558909920806232 0.00068926744318126884 -0.00026178512226687658 -0.0014130571421865571 0.0013155002788635497 0.00049028579199016293 -0.0002686238557014033 0.0033541003689771965 0.00017721484467525807 0.0025768630206244201 -0.00072652481310227939 -0.0062604808971007293 0.005216020944945771 -1.387694529796726e-05
leaf_weight=33426 56075 4369 12069 961 195 3445 7447 932 14080 3534 2132 12664 4666 2406 3492 64089 1857 294 269812 5523 1109 366 30060 2127 563 4583 1222 35230 1405 241 51463 11630 1358 152 553 6596 525 7704 54979 684 326 37139 825 659 2258 10006 2367 8219 164 1194 326 2269 551 909 15040 610 97278 409 881 213 144 418
leaf_count=33426 56075 4369 12069 961 195 3445 7447 932 14080 3534 2132 12664 4666 2406 3492 64089 1857 294 269812 5523 1109 366 30060 2127 563 4583 1222 35230 1405 241 51463 11630 1358 152 553 6596 525 7704 54979 684 326 37139 825 659 2258 10006 2367 8219 164 1194 326 2269 551 909 15040 610 97278 409 881 213 144 418
internal_value=-8.03926e-09 -0.000491752 0.000188122 0.000229116 -0.000878931 0.000256187 -0.000332947 -0.000713537 0.000324945 -0.00124204 -0.000611922 -0.000349828 -0.000235775 2.99479e-05 -0.000341488 8.70454e-05 -0.000308839 -0.000510288 0.000247074 -0.000161375 -0.00156769 -0.00142087 0.000157939 0.000513917 -0.00116072 0.000271414 -0.0012393 -0.000510957 0.000464253 0.00164245 0.000518309 -0.000241196 0.000270244 -0.00080977 0.000960001 -0.000849311 -0.00211974 0.000538435 0.000412215 -0.00115075 0.000255211 -0.000305583 -0.00048069 0.000266793 -8.42143e-05 -0.000834116 -0.000872122 -0.00160266 -0.00123703 -6.68553e-05 -0.00190698 -0.00154711 -0.000879647 -0.000801272 -2.04673e-05 0.00237568 0.000204081 -0.000502064 0.000322013 -0.00364949 -0.000461672 0.00133305
internal_weight=898223 248550 649673 603672 72292 570246 176258 35848 405434 30632 41660 46001 140410 39962 100448 164812 20257 16273 289037 32632 3979 3711 36084 3984 3878 274957 15591 37681 2451 1046 116397 12562 31418 13369 705 8144 2870 114146 62683 3417 1548 96956 40881 3742 3083 14375 3051 16257 8038 1684 490 6354 2820 3315 27109 851 100723 2251 1290 738 5145 562
internal_count=898223 248550 649673 603672 72292 570246 176258 35848 405434 30632 41660 46001 140410 39962 100448 164812 20257 16273 289037 32632 3979 3711 36084 3984 3878 274957 15591 37681 2451 1046 116397 12562 31418 13369 705 8144 2870 114146 62683 3417 1548 96956 40881 3742 3083 14375 3051 16257 8038 1684 490 6354 2820 3315 27109 851 100723 2251 1290 738 5145 562
is_linear=0
shrinkage=0.03


Tree=12
num_leaves=63
num_cat=0
split_feature=2 0 1 5 0 11 2 11 9 7 2 11 10 11 9 3 5 7 5 3 11 9 3 9 5 2 11 0 11 10 1 9 10 3 7 5 1 0 2 11 11 7 11 2 5 1 9 11 2 10 6 9 2 2 7 7 11 7 9 11 6 10
split_gain=86.8742 15.977 15.4588 8.35191 8.33712 7.36155 6.79851 8.03382 5.41337 4.95428 4.60237 4.36962 4.14666 4.10665 6.34502 3.59195 3.59129 4.1246 3.51827 3.42511 3.41933 3.30027 3.29477 3.28042 3.22779 3.17869 3.07987 3.0652 3.06156 3.04679 2.8265 2.68858 2.60827 3.06162 2.51416 3.00237 2.68212 2.45193 2.44792 2.41838 2.31627 2.30368 2.28384 2.2769 2.24315 2.21358 2.14081 2.13133 3.52552 4.2327 3.74258 2.85515 2.69715 2.37222 2.18371 2.11533 2.11489 2.78366 2.51787 2.10778 2.09684 2.07327
threshold=0.24217986314760512 0.40767045454545459 0.30151515151515157 -0.41042780748663094 0.13435828877005349 0.13484848484848486 0.44028520499108742 0.1885775862068966 0.31534090909090917 0.23030303030303031 0.41302521008403364 -0.31534090909090901 0.34122983870967749 0.25809822361546503 0.34611742424242431 0.44028520499108742 0.46922348484848492 0.44028520499108742 0.41042780748663105 -0.442016806722689 -0.078201368523949141 0.44201680672268912 -0.3507130124777183 -0.442016806722689 0.47100840336134459 -0.47100840336134447 0.46720430107526889 0.41302521008403364 0.40767045454545459 0.44201680672268912 0.41042780748663105 -0.096874999999999975 -0.44028520499108731 0.38403361344537817 -0.38057040998217462 -0.47100840336134447 -0.159453781512605 -0.33095238095238094 0.47100840336134459 -0.26568627450980387 0.34611742424242431 0.43844696969696978 0.48571428571428577 0.32085561497326209 -0.11359447004608293 0.44201680672268912 0.38403361344537817 0.47100840336134459 0.47014260249554374 -0.090992647058823525 -0.015640273704789816 -0.27281105990783405 0.32605042016806729 0.47100840336134459 -0.39827586206896548 0.47100840336134459 -0.090992647058823525 0.47100840336134459 0.29705882352941182 0.43844696969696978 0.43844696969696978 0.29705882352941182
decision_type=2 2 2 2 2 2 2 2 2 2 2 2 2 2 2 2 2 2 2 2 2 2 2 2 2 2 2 2 2 2 2 2 2 2 2 2 2 2 2 2 2 2 2 2 2 2 2 2 2 2 2 2 2 2 2 2 2 2 2 2 2 2
left_child=2 6 3 34 11 10 13 31 9 18 39 25 32 30 19 22 17 -9 -6 45 27 38 -4 -19 -13 -5 44 -10 -18 -24 43 -8 33 -7 36 -36 42 -33 -14 41 -11 -3 -1 -2 -16 -15 -40 48 -34 50 -50 53 -49 -52 -51 -43 57 58 -12 -25 -41 -21
right_child=1 5 15 4 8 12 7 16 20 40 56 24 21 14 26 -17 28 23 -20 61 -22 -23 29 59 -26 -27 -28 -29 -30 -31 -32 37 47 -35 35 -37 -38 -39 46 60 -42 55 -44 -45 -46 -47 -48 52 49 54 51 -53 -54 -55 -56 -57 -58 -59 -60 -61 -62 -63
leaf_value=-0.00029804031253831593 -0.00012400810529262387 -0.0011349833358202019 -0.0012875240684547986 -0.0013232039706322228 0.00025217921046696173 0.005103189288022782 -0.0016156519607288579 -0.00023592144291097636 0.00021058071608730217 -0.0002886992559517624 -0.0018217242047523987 0.00028130870577793737 -0.0015344366061999018 -0.00074987425882512299 -0.0023148965675886556 -0.00083919910304648497 -0.00037987295827692722 -0.0044098927923557109 0.001621922303140423 0.00027886171441259417 -0.00053885538057533294 -0.00012402048309915592 -7.1020344340926942e-05 -0.0017749038323283627 0.0029320795294504771 0.00055079509216790468 -0.0031739980472930448 -0.0016910544189330655 0.0012861695541248348 -0.0012370237071001088 -0.00078743701946623742 0.00024759730630932438 -0.0004240078961592898 0.00020872671051108585 -0.00056134988057860683 0.00012919523244022194 -0.0047422271802119434 -0.0010788912753623009 -0.0025030180287260576 -0.00037252215227858684 0.00049387931233158423 -0.0039027347037295154 -0.0019787391855679601 -0.00042649967004842001 -0.0003802461150170626 -0.0044250114206224678 -0.0060735441048011601 -0.002385562925867243 -0.0035351505886203746 0.0017332065042753059 0.0020057258973611171 0.00026288986980697404 9.5740835784472136e-05 -0.0014915695243461829 -0.001877577558425261 -0.00070969099982551515 -0.0019653659483769496 -0.00011751877348281647 0.00016837713929278194 -0.00027489518882115526 -0.0012246970741827475 -0.0007762445136187203
leaf_weight=17650 44648 3904 2344 822 84820 120 7447 12569 12370 24203 4422 307047 2128 1900 677 9448 1860 294 1721 32271 18515 1108 38969 1906 413 80730 563 812 2127 2126 10897 1548 18482 2331 6720 36119 126 6598 525 8169 3960 571 758 44936 2641 159 213 421 351 155 191 2977 5998 1934 4691 278 7227 1566 657 1512 3811 1767
leaf_count=17650 44648 3904 2344 822 84820 120 7447 12569 12370 24203 4422 307047 2128 1900 677 9448 1860 294 1721 32271 18515 1108 38969 1906 413 80730 563 812 2127 2126 10897 1548 18482 2331 6720 36119 126 6598 525 8169 3960 571 758 44936 2641 159 213 421 351 155 191 2977 5998 1934 4691 278 7227 1566 657 1512 3811 1767
internal_value=-8.59697e-09 -0.000477004 0.000182479 0.000226043 0.00026404 -0.0008528 -0.000323054 -0.000691722 7.10676e-05 0.000166964 -0.00120601 0.000336663 -0.00059308 -0.000228924 2.82465e-05 -0.000309099 -0.000297848 -0.000495462 0.000279437 0.000152183 -0.000275954 -0.00151464 -0.000193786 -0.00137398 0.000284879 0.00053189 -0.00112423 9.33222e-05 0.000509033 -0.000131371 -0.000331243 -0.00120363 -0.000495773 0.000450341 -0.000105438 2.08613e-05 -0.000397347 -0.000826817 -0.00205202 -0.000870953 -0.000178647 -0.00144352 -0.000367351 -0.000275743 -0.000775568 -0.00103569 -0.00354036 -0.000561663 -0.000671903 -0.00111668 -0.000543193 -0.000336704 -6.73455e-05 -0.00117643 -0.00176175 -0.00285926 -0.00161007 -0.00122342 -0.00156431 -0.00111163 -0.00064369 0.000224067
internal_weight=898223 248550 649673 596786 535413 72230 176320 35861 146401 114704 30605 389012 41625 140459 39978 52887 20268 16281 86541 36097 31697 3974 43439 3712 307460 81552 3881 13182 3987 41095 100481 15593 37651 2451 61373 42839 18534 8146 2866 16733 28163 4753 18408 89584 3318 2059 738 35200 28781 10299 5453 5102 6419 2125 4846 849 13872 6645 5079 3418 11980 34038
internal_count=898223 248550 649673 596786 535413 72230 176320 35861 146401 114704 30605 389012 41625 140459 39978 52887 20268 16281 86541 36097 31697 3974 43439 3712 307460 81552 3881 13182 3987 41095 100481 15593 37651 2451 61373 42839 18534 8146 2866 16733 28163 4753 18408 89584 3318 2059 738 35200 28781 10299 5453 5102 6419 2125 4846 849 13872 6645 5079 3418 11980 34038
is_linear=0
shrinkage=0.03


Tree=13
num_leaves=63
num_cat=0
split_feature=4 3 11 4 8 0 11 0 9 8 3 10 5 6 4 7 8 11 6 6 7 11 11 4 7 5 11 11 11 9 11 5 10 10 9 3 11 7 11 6 8 8 8 5 11 7 9 6 8 11 7 5 9 10 0 4 5 11 11 8 8 5
split_gain=68.3352 15.902 12.0886 10.076 8.47522 5.74452 5.23375 4.70732 4.67743 5.102 5.87283 4.35026 3.95224 3.58496 3.40614 3.31619 4.19456 3.50994 3.25148 3.0819 2.85383 2.84395 2.77608 2.72354 2.68138 3.3475 2.51063 2.46903 2.7803 3.07542 2.95005 2.40488 2.69499 2.36432 2.24613 2.42804 2.18457 2.17838 2.62544 2.79493 2.73611 2.91405 2.45621 2.32115 2.15278 3.49987 2.14725 2.13184 2.0998 2.06318 2.04977 2.03204 2.02024 2.01425 1.97275 2.05836 1.91438 3.09027 4.08264 3.66481 2.3714 1.9084
threshold=0.37689393939393945 0.23128342245989311 0.24239631336405534 -0.38057040998217462 0.23431372549019611 0.4320276497695853 -0.30322580645161284 0.40767045454545459 0.40161290322580651 -0.096874999999999975 0.41042780748663105 0.15571120689655174 0.38057040998217473 -0.44028520499108731 0.45529953917050697 0.49285714285714294 0.47014260249554374 0.41042780748663105 -0.032291666666666656 -0.38403361344537806 0.10948191593352886 -0.016685205784204651 -0.43440860215053761 -0.47100840336134447 0.23431372549019611 0.38057040998217473 0.17694497153700192 -0.32085561497326193 -0.060661764705882353 -0.29705882352941171 0.10948191593352886 0.47100840336134459 0.015640273704789823 -0.44028520499108731 -0.35960591133004921 -0.35504201680672259 0.21198156682027655 -0.38403361344537806 -0.43844696969696967 -0.47014260249554363 0.29705882352941182 0.46922348484848492 -0.47100840336134447 -0.47100840336134447 1.0000000180025095e-35 -0.4499999999999999 0.23861480075901334 0.44028520499108742 -0.02332657200811358 0.38403361344537817 -0.3507130124777183 -0.029857397504456314 -0.10948191593352884 0.22570532915360506 -0.046920821114369508 -0.26806722689075629 0.46922348484848492 0.30947580645161293 0.47100840336134459 0.41042780748663105 0.47014260249554374 -0.43649193548387094
decision_type=2 2 2 2 2 2 2 2 2 2 2 2 2 2 2 2 2 2 2 2 2 2 2 2 2 2 2 2 2 2 2 2 2 2 2 2 2 2 2 2 2 2 2 2 2 2 2 2 2 2 2 2 2 2 2 2 2 2 2 2 2 2
left_child=1 3 5 37 6 14 -5 12 9 44 24 51 -4 21 31 16 34 53 -13 -6 33 -8 -21 -12 -11 -26 -27 -7 29 -29 -30 32 36 52 -14 -36 -2 38 -1 -40 -41 -42 -39 -44 45 -3 61 -33 -22 -25 -16 -9 -15 -18 -35 -56 -17 -58 59 -59 -60 -24
right_child=2 8 7 4 19 27 13 11 -10 10 23 18 15 20 50 56 17 -19 -20 22 48 -23 46 49 25 26 -28 28 30 -31 -32 47 -34 54 35 -37 -38 42 39 40 41 -43 43 -45 -46 -47 -48 -49 -50 -51 -52 -53 -54 -55 55 -57 57 58 60 -61 -62 -63
leaf_value=0.0012688259266937772 -0.00094493058188153684 -0.0022146172658045762 -0.00054519994191032438 0.00050666727026590322 -0.0005915877684650934 -0.0019839307368873208 0.0003686850863323119 -0.0027118689163562358 -0.0006376158507588243 4.2143578396858836e-05 -0.0050124398677144199 0.0008602813122739161 -0.00072229953042014512 -5.5247338580679662e-05 0.00094035600041757748 -0.0018325843616088734 -0.00042601594712138861 0.0030340706162370239 -0.0013995465911629617 0.00055246949622204228 0.00027945680549076873 -0.00044991646921511877 -0.0012017988584510904 -0.00080394026479286011 -0.00045988165952912634 -0.00017187711414997237 0.0014271842202066595 -0.0017737101620452981 -0.0017402297769690998 -0.00040260663942135908 -0.00091649659535483167 0.00062992073800090178 -0.00031957718121593379 0.00041553236976255801 -0.0012384370287947342 0.00050419887939688157 0.00054729799402795714 0.0019359600999528956 0.00035243400726492395 -0.00039801635196790502 -0.0019623453782736198 0.0010836488680561651 -0.00058462961478790616 2.9961172957432298e-05 0.00033038765502609718 -5.3341039492273599e-06 -0.00022226562158136722 -0.0018729495764590609 -3.5281942994348782e-05 -4.0835100578897185e-05 -0.0012458233718907984 -0.00033067735008283613 -0.0022730801512060878 0.0030921179571721169 -0.00015794622203123303 0.00028328020502486862 0.0027817424548871434 0.0024587534379679711 -0.00094207243239109826 -0.002468021623176741 0.0031859079314377702 0.00010636636121047694
leaf_weight=899 16577 664 8539 82257 7428 3393 5685 326 16590 42816 129 627 1909 9272 401 921 650 943 6582 8744 34373 11636 1018 16441 24571 2043 1556 1868 8461 6942 7287 2404 15212 122942 770 10802 932 576 4046 21927 1880 332 6132 56308 25936 21833 28885 350 42870 3956 9872 23784 384 188 10713 85102 273 159 210 906 308 66683
leaf_count=899 16577 664 8539 82257 7428 3393 5685 326 16590 42816 129 627 1909 9272 401 921 650 943 6582 8744 34373 11636 1018 16441 24571 2043 1556 1868 8461 6942 7287 2404 15212 122942 770 10802 932 576 4046 21927 1880 332 6132 56308 25936 21833 28885 350 42870 3956 9872 23784 384 188 10713 85102 273 159 210 906 308 66683
internal_value=-1.00467e-08 0.000108403 -0.000631578 0.000177612 0.000229021 -0.000886427 0.000293032 -0.000307163 -0.000161338 -0.000104872 -0.00023665 -0.000556351 -1.35148e-05 0.000238621 -0.000679372 0.000238182 0.000411693 0.00177959 -0.00120291 -1.0254e-06 0.000262414 -0.000181234 4.0627e-05 -0.000683567 -0.000107413 -0.00033472 0.000519669 -0.00122528 -0.00112039 -0.000693492 -0.00135915 -0.000540044 -0.000611703 0.000315721 0.000230858 0.000388147 -0.000865473 -0.000111521 -0.000326277 -0.000377199 -0.000499504 -0.00150489 -1.23998e-05 -3.04039e-05 0.000144115 -7.06367e-05 -5.71571e-06 0.000311272 0.000104778 -0.000655945 -0.0011604 -0.000362985 -0.000143672 0.000366 0.000335999 0.000233946 -0.000715217 -0.000160059 -0.00066883 -0.00173086 0.00151381 8.66784e-05
internal_weight=898223 766627 131596 610092 517992 73699 405234 57897 156535 139945 91512 31319 26578 322977 45748 18039 15262 1781 7209 112758 305656 17321 105330 20526 70986 28170 3599 27951 24558 8810 15748 35475 32721 228413 13481 11572 17509 92100 29084 28185 24139 2212 63016 62440 48433 22497 96586 2754 77243 20397 10273 24110 9656 838 218757 95815 2777 1856 1583 1065 518 67701
internal_count=898223 766627 131596 610092 517992 73699 405234 57897 156535 139945 91512 31319 26578 322977 45748 18039 15262 1781 7209 112758 305656 17321 105330 20526 70986 28170 3599 27951 24558 8810 15748 35475 32721 228413 13481 11572 17509 92100 29084 28185 24139 2212 63016 62440 48433 22497 96586 2754 77243 20397 10273 24110 9656 838 218757 95815 2777 1856 1583 1065 518 67701
is_linear=0
shrinkage=0.03


Tree=14
num_leaves=63
num_cat=0
split_feature=2 1 2 11 4 3 5 10 10 9 1 4 11 9 3 3 3 11 5 3 2 11 3 4 11 5 2 2 10 11 9 5 1 10 3 10 3 7 6 10 1 5 1 11 11 10 10 11 6 7 10 11 7 10 2 11 1 5 10 7 11 7
split_gain=78.9835 13.9401 13.8976 12.755 8.72729 6.80186 5.51513 4.65415 4.53907 5.1578 4.02866 4.18736 3.98646 5.52629 3.8383 3.78414 3.74522 3.66493 4.17039 3.65976 3.59986 3.92029 3.40615 3.01915 3.43055 2.86086 2.85308 2.80794 2.80714 3.02379 2.80546 2.73723 3.45314 2.69088 2.51263 2.46966 2.4351 2.35165 3.31514 2.34605 2.33846 3.32181 4.55256 2.83236 2.26461 7.34221 2.4889 4.17462 2.92913 3.65989 2.65121 2.62815 2.56136 2.27387 2.91761 2.80307 2.25626 2.24593 2.24217 2.23779 2.19757 2.1933
threshold=0.24217986314760512 0.26806722689075635 0.3928571428571429 0.1566964285714286 -0.38057040998217462 0.14611005692599624 0.38057040998217473 -0.073593073593073585 0.24642857142857147 0.44201680672268912 0.436491935483871 -0.32605042016806712 0.28456439393939398 0.30322580645161296 0.43844696969696978 0.14076246334310852 0.38403361344537817 0.22144396551724141 0.20777988614800766 -0.3507130124777183 -0.14928698752228159 0.47100840336134459 0.47100840336134459 0.38403361344537817 -0.13484848484848483 0.3550420168067227 0.44028520499108742 0.11942959001782534 0.24642857142857147 0.48571428571428577 -0.14611005692599616 -0.45529953917050686 -0.37321428571428567 0.44201680672268912 -0.47100840336134447 -0.38403361344537806 0.436491935483871 0.47100840336134459 0.43844696969696978 0.436491935483871 0.34611742424242431 0.47014260249554374 0.47014260249554374 0.25378787878787884 0.46922348484848492 -0.47100840336134447 -0.39827586206896548 0.33095238095238105 0.22570532915360506 0.49285714285714294 -0.050055617352614011 0.32085561497326209 0.46922348484848492 -1.0000000180025095e-35 0.48571428571428577 0.41042780748663105 0.015640273704789823 -0.19407308377896609 -0.014718614718614713 0.23431372549019611 0.47100840336134459 -0.32555780933062872
decision_type=2 2 2 2 2 2 2 2 2 2 2 2 2 2 2 2 2 2 2 2 2 2 2 2 2 2 2 2 2 2 2 2 2 2 2 2 2 2 2 2 2 2 2 2 2 2 2 2 2 2 2 2 2 2 2 2 2 2 2 2 2 2
left_child=1 4 10 16 20 17 7 59 30 22 11 -2 15 25 19 34 26 27 28 -3 31 -22 61 -12 -25 56 -4 -6 -19 -30 44 -1 36 -21 -13 -8 -33 38 39 -17 -32 -42 -43 -44 46 -46 51 48 50 58 -48 52 -5 54 -49 -56 -14 -15 -50 -7 -61 -10
right_child=2 14 3 8 5 6 35 -9 9 -11 23 12 13 57 -16 37 -18 18 -20 33 21 -23 -24 24 -26 -27 -28 -29 29 -31 40 32 -34 -35 -36 -37 -38 -39 -40 -41 41 42 43 -45 45 -47 47 53 49 -51 -52 -53 -54 -55 55 -57 -58 -59 -60 60 -62 -63
leaf_value=-0.00027857116585542979 -0.00083348114441566862 -0.0010864237321847718 -0.00056621940883335028 -0.00038394447361224789 0.00042525166791879517 0.00039044133338249245 -0.00169944588195246 -9.6740941464727913e-05 0.00061558953731070726 0.00065791237263783831 0.00075049735011355537 -0.0022860629165404895 0.00066395149078713172 -0.0031658745709745605 -0.00068936815997192968 -0.00031414004179305147 -0.001447008118978625 0.00019635676231527719 0.00082303979953737513 -1.0264317099670579e-05 -0.00034373929501304977 -0.0025428224497209707 -0.0025243244828913915 -0.0016035457718938338 -0.00056114278410014087 0.00084576830344762586 -0.0011823692876765076 0.00013860594056268577 -0.00032469414220678735 0.0014952784001594948 0.00029160821295156594 0.00027804121055765522 -0.00046210339402612282 -0.00088394647403734349 -1.6810887914136008e-05 0.0013170792277772819 -0.0019477109042708852 0.00088414224663606615 -0.001179641648639988 -0.0011629537641898826 -0.0006445231709177392 0.0018653726891850202 -0.0019191033797870509 9.4268642698450123e-05 -0.0042992663162657544 0.00014184725807763531 -0.00012460901994430768 -0.00081578991975651968 -0.0012502469961117597 0.00043377873634736021 0.0021505657282384709 0.00046817678458915428 -0.003072842668164657 -0.003015876290023659 -0.0033147419507098073 -0.001141433183972043 -8.7128060675318323e-05 -0.00068774164474870079 -0.0038164158277475919 -0.00018253715569880577 0.0028359858513608374 -0.0012533591601812169
leaf_weight=17646 8821 3302 13190 1400 248074 36970 259 76376 647 1279 1212 443 4956 365 12575 38392 17344 52828 7658 55519 16681 762 1832 3695 12299 6659 13889 35111 17136 862 8622 43020 7015 3364 40142 4075 446 1185 5240 3172 10671 1214 716 5114 352 6581 3082 4793 2260 1146 541 2811 412 705 993 1158 13145 3282 354 9773 221 4436
leaf_count=17646 8821 3302 13190 1400 248074 36970 259 76376 647 1279 1212 443 4956 365 12575 38392 17344 52828 7658 55519 16681 762 1832 3695 12299 6659 13889 35111 17136 862 8622 43020 7015 3364 40142 4075 446 1185 5240 3172 10671 1214 716 5114 352 6581 3082 4793 2260 1146 541 2811 412 705 993 1158 13145 3282 354 9773 221 4436
internal_value=-1.02171e-08 0.000173993 -0.000454827 -0.000715954 0.000224105 0.000272983 8.47327e-05 4.77675e-05 -0.000434775 -0.00109179 -0.000262109 -0.000203218 -0.000155687 0.000153551 -0.000211371 -0.000254864 -0.00110279 0.000339437 0.000158032 -0.000114701 -5.54103e-05 -0.000439947 -0.00141546 -0.000692649 -0.000802048 0.000314149 -0.000882279 0.000389712 8.61179e-05 -0.00023745 -0.000333035 4.30502e-05 0.000155479 -6.01922e-05 -4.16363e-05 0.00113646 0.000255159 -0.000435189 -0.000468611 -0.000378945 -0.00011357 -0.000310778 0.000194835 -0.000153286 -0.000550416 -8.4223e-05 -0.000714846 -0.000902051 -0.000393101 -0.000979551 0.000215628 -0.000106072 -0.000996685 -0.00139319 -0.00122803 -0.00214581 0.000118541 -0.000936559 -0.0015991 0.000282774 -0.000115511 -0.00101539
internal_weight=898223 649673 248550 105542 574913 489343 127674 123340 61119 8194 143008 125802 116981 28407 74760 88574 44423 361669 78484 62185 85570 17443 6915 17206 15994 24760 27079 283185 70826 17998 52925 68127 50481 58883 40585 4334 43466 47989 46804 41564 26337 17715 7044 5830 26588 6933 19655 15032 7383 3760 3623 4623 1812 7649 6944 2151 18101 3647 2614 46964 9994 5083
internal_count=898223 649673 248550 105542 574913 489343 127674 123340 61119 8194 143008 125802 116981 28407 74760 88574 44423 361669 78484 62185 85570 17443 6915 17206 15994 24760 27079 283185 70826 17998 52925 68127 50481 58883 40585 4334 43466 47989 46804 41564 26337 17715 7044 5830 26588 6933 19655 15032 7383 3760 3623 4623 1812 7649 6944 2151 18101 3647 2614 46964 9994 5083
is_linear=0
shrinkage=0.03


Tree=15
num_leaves=63
num_cat=0
split_feature=2 1 11 2 2 5 11 8 4 7 0 3 4 3 0 11 11 6 5 5 7 5 0 3 5 2 1 5 2 11 6 3 11 3 7 6 5 11 11 11 7 8 11 11 2 8 11 11 8 2 2 1 11 1 1 5 8 11 11 8 2 8
split_gain=74.371 18.2236 11.1842 10.7754 9.48192 7.79743 6.08056 5.52581 4.68942 4.6217 3.90212 3.88236 3.83274 3.52567 3.45566 2.99786 2.96718 2.75632 2.59457 2.55802 3.1886 2.49133 2.41198 3.33028 2.82959 2.90433 2.39719 2.36003 2.38704 2.37264 2.33491 2.28327 2.36717 2.2506 2.24141 2.19462 2.18571 2.69242 2.27656 3.65238 2.17589 2.3355 4.98934 2.4072 2.14374 2.08519 2.58711 2.0767 3.44617 2.34955 2.02719 1.96477 1.926 2.10316 1.94962 1.91467 2.06541 3.41196 3.25185 2.25339 1.96199 1.91461
threshold=0.3133928571428572 0.38057040998217473 0.15571120689655174 0.41302521008403364 0.022350230414746545 -0.41042780748663094 -0.23861480075901326 -0.3507130124777183 -0.32605042016806712 0.096875000000000003 0.46824596774193555 -0.442016806722689 0.29099821746880572 0.053605313092979119 -0.33095238095238094 0.11527514231499054 0.47100840336134459 -0.44028520499108731 0.41926406926406928 -0.20777988614800755 -0.47014260249554363 0.41302521008403364 -0.21651785714285712 0.44028520499108742 -0.029857397504456314 -0.442016806722689 0.40767045454545459 0.41926406926406928 0.47100840336134459 0.41302521008403364 0.46720430107526889 0.42488479262672812 0.35071301247771841 0.24642857142857147 -0.43844696969696967 0.49285714285714294 -0.47100840336134447 -0.4226600985221674 -0.46922348484848481 -0.46824596774193544 -0.3461174242424242 -0.10303030303030301 0.060661764705882366 -0.17156862745098037 -0.26806722689075629 0.17694497153700192 0.36881720430107534 0.023326572008113614 0.35071301247771841 -0.45529953917050686 -0.42488479262672801 -0.442016806722689 0.46720430107526889 -0.44028520499108731 0.12678571428571431 0.41042780748663105 -0.096874999999999975 -0.46922348484848481 -0.47014260249554363 0.48571428571428577 -0.14928698752228159 0.42266009852216752
decision_type=2 2 2 2 2 2 2 2 2 2 2 2 2 2 2 2 2 2 2 2 2 2 2 2 2 2 2 2 2 2 2 2 2 2 2 2 2 2 2 2 2 2 2 2 2 2 2 2 2 2 2 2 2 2 2 2 2 2 2 2 2 2
left_child=1 4 3 12 5 36 55 -4 16 21 11 -9 -2 17 -5 34 -6 52 31 61 -21 33 -17 -24 -25 -26 -22 28 -28 -30 -15 -11 -33 -10 -3 -12 47 38 44 -40 41 42 -39 50 -38 -42 -47 49 -49 -1 -43 -48 54 -54 -8 56 60 58 -58 -59 -7 -13
right_child=2 15 7 14 8 6 13 10 9 18 35 19 -14 30 -16 22 -18 -19 -20 20 26 -23 23 24 25 -27 27 -29 29 -31 -32 32 -34 -35 -36 -37 37 40 39 -41 45 43 -44 -45 -46 46 51 48 -50 -51 -52 -53 53 -55 -56 -57 57 59 -60 -61 -62 -63
leaf_value=-0.0020805488750785263 -0.00025893339108158924 -0.0033312943433426393 0.00069682155344331107 -0.00036990527766779323 -0.00037030190367354877 0.00076076738910781463 -0.00014959327071814633 -0.0011200183367539999 0.00022711023949868321 -0.00010543820418574375 -0.00095506350039270603 -0.00058319178875493414 -0.00076587195543277803 0.00010815151936768399 -0.0012886673335104858 -0.0014494643331342638 -0.0022653260615437018 0.00033124962088995424 0.00068441405785705492 -0.0023254624368356691 6.0644974656868848e-05 0.0010672943494643261 0.0001545390249651299 -0.0056929404343314029 0.0031765679930837428 -0.00077231153862552333 -0.00039319894776240804 -8.0364176892429095e-05 -0.002267807486342247 -0.00053254416563953337 -0.00067522214720328586 -0.0011754676489934297 0.00069046380690590016 -8.4801281621154419e-05 -0.00076090176923898991 -0.00034892449592237643 -0.00075277110648106968 0.00073330282461347475 0.0057089099115872725 0.0011229341471605653 0.0002762545927619846 -0.0039315080509423131 -0.00061458303131998397 -0.00053923618009534284 0.0017658901846987175 -0.00047360531416288309 0.0027429940739756814 -0.00030240940057133691 0.0025106882334979207 -0.00054878514590633669 -0.001173509724785411 -9.3244121237199279e-05 0.0048815934318278374 0.00058612744470276743 -0.0015321423472601284 0.0018370665620359927 0.00061800592560173819 0.00024747252890692438 0.0021103793466377484 0.0016690988215769585 0.00037268473992184946 -0.0022642388728646825
leaf_weight=1203 27177 310 4661 4172 16861 31755 8580 4315 91076 82760 13148 5503 26524 93856 31588 1400 777 174073 3580 587 32984 2761 10880 101 172 5423 7131 13792 1454 1385 3553 3328 749 26989 17037 9097 1044 4010 173 1547 19005 377 6439 3606 428 7475 415 4426 429 3589 660 466 115 891 1027 936 5738 52682 1704 1022 18592 685
leaf_count=1203 27177 310 4661 4172 16861 31755 8580 4315 91076 82760 13148 5503 26524 93856 31588 1400 777 174073 3580 587 32984 2761 10880 101 172 5423 7131 13792 1454 1385 3553 3328 749 26989 17037 9097 1044 4010 173 1547 19005 377 6439 3606 428 7475 415 4426 429 3589 660 466 115 891 1027 936 5738 52682 1704 1022 18592 685
internal_value=-1.10922e-08 0.00013864 -0.000537459 -0.000778022 0.000173217 0.000253203 0.000299963 -0.0003103 1.60195e-05 5.52585e-05 -0.000362418 -0.000249343 -0.00050933 0.000225609 -0.00118149 -0.000525693 -0.000453906 0.000302633 -0.000106954 -0.000190181 -0.00012763 0.000176646 -0.000254175 -0.000153141 -0.000740767 -0.00065037 -0.000104854 -0.000334576 -0.000686196 -0.00142175 7.95713e-05 -0.000139587 -0.000832586 0.000155809 -0.000807025 -0.000707212 -8.04409e-05 6.27598e-06 0.000846406 0.00158725 -5.6911e-05 -0.000346085 -9.72858e-05 -0.000905862 -1.97413e-05 0.000102601 -0.000292346 -0.000490702 -5.33712e-05 -0.000933678 -0.002179 0.00124438 -0.000166724 0.00108152 -0.000297534 0.000486521 0.000475167 0.00035799 0.000959953 0.000274557 0.000617468 -0.000769616
internal_weight=898223 714020 184203 89461 678697 449816 394524 94742 228881 211243 90081 67836 53701 282095 35760 35323 17638 184686 90417 63521 57333 120826 17976 16576 5696 5595 56746 23762 9970 2839 97409 86837 4077 118065 17347 22245 55292 45645 3192 1720 42453 15092 10449 4643 1472 27361 8356 9647 4855 4792 1037 881 10613 1006 9607 112429 111493 61146 7442 53704 50347 6188
internal_count=898223 714020 184203 89461 678697 449816 394524 94742 228881 211243 90081 67836 53701 282095 35760 35323 17638 184686 90417 63521 57333 120826 17976 16576 5696 5595 56746 23762 9970 2839 97409 86837 4077 118065 17347 22245 55292 45645 3192 1720 42453 15092 10449 4643 1472 27361 8356 9647 4855 4792 1037 881 10613 1006 9607 112429 111493 61146 7442 53704 50347 6188
is_linear=0
shrinkage=0.03


Tree=16
num_leaves=63
num_cat=0
split_feature=2 0 1 5 0 11 2 11 5 9 7 2 11 11 5 8 5 0 3 7 9 11 11 0 2 9 8 9 2 11 5 9 3 5 3 8 1 9 5 0 8 1 8 2 7 8 11 9 8 1 11 7 6 8 11 11 11 8 1 8 11 7
split_gain=70.1223 12.6551 12.554 7.07221 6.29272 5.91353 5.56403 6.63209 5.15652 4.8684 4.17234 3.90798 3.86912 3.55176 4.16637 3.20128 3.38241 3.1515 3.30089 3.11547 3.02173 2.92953 2.9096 2.9917 2.90307 2.73064 2.59849 2.53326 2.42429 2.67521 2.96666 2.98997 2.37183 2.35241 2.35149 2.32812 2.28359 5.0709 3.01495 2.21364 2.30969 2.25396 2.18637 2.13367 2.13295 2.62868 2.87485 2.98721 2.69294 2.54628 2.50709 4.98577 2.09819 2.47953 2.4029 2.16865 2.06864 2.52197 2.04842 2.61715 2.02028 2.91462
threshold=0.24217986314760512 0.40473790322580649 0.2834821428571429 -0.41042780748663094 0.13435828877005349 0.13484848484848486 0.44028520499108742 0.1885775862068966 0.38057040998217473 0.31534090909090917 0.23030303030303031 0.3928571428571429 -0.28456439393939387 0.15111561866125764 -0.21089931573802537 -0.3461174242424242 0.46922348484848492 0.42037815126050426 -0.3507130124777183 0.44028520499108742 -0.442016806722689 0.40767045454545459 -0.078201368523949141 0.41302521008403364 0.32085561497326209 0.42266009852216752 0.13484848484848486 -0.096874999999999975 0.3928571428571429 0.48571428571428577 -0.046920821114369508 -0.050055617352614011 -0.45529953917050686 0.47100840336134459 0.42488479262672812 0.014718614718614688 -0.26806722689075629 -0.13095238095238093 -0.35504201680672259 -0.33095238095238094 0.46922348484848492 -0.014928698752228157 0.03229166666666667 -0.47100840336134447 -0.38057040998217462 0.17694497153700192 0.36881720430107534 0.37298387096774199 0.42266009852216752 -0.159453781512605 0.46720430107526889 0.19331243469174511 0.3550420168067227 -0.37298387096774188 -0.40767045454545447 0.14611005692599624 0.48571428571428577 -0.030330882352941176 0.1014705882352941 0.16190476190476191 -0.090992647058823525 0.47100840336134459
decision_type=2 2 2 2 2 2 2 2 2 2 2 2 2 2 2 2 2 2 2 2 2 2 2 2 2 2 2 2 2 2 2 2 2 2 2 2 2 2 2 2 2 2 2 2 2 2 2 2 2 2 2 2 2 2 2 2 2 2 2 2 2 2
left_child=2 6 3 44 12 11 13 27 9 10 -6 34 43 24 -15 -9 19 18 -4 -17 -21 -18 23 -11 -2 42 -22 -8 -7 36 -31 -32 -16 -14 -3 -36 37 -30 -38 40 -29 -42 -20 -5 49 50 -47 48 -48 56 -46 -52 53 54 -26 -55 -1 -58 -34 -60 61 -13
right_child=1 5 17 4 8 28 7 15 -10 22 -12 60 33 14 32 16 21 -19 25 20 26 -23 -24 -25 52 -27 -28 39 29 30 31 -33 58 -35 35 -37 38 -39 -40 -41 41 -43 -44 -45 45 46 47 -49 -50 -51 51 -53 -54 55 -56 -57 57 -59 59 -61 -62 -63
leaf_value=-0.00026954344567025723 -0.00014626968746899523 -0.00020899747838008735 -0.0011014384165873661 -0.00094602844137932341 0.00023812664714903091 -0.00018324675603411186 -0.0014900497765824386 0.0016961205312039252 0.0011008340848991619 0.00016442109129311851 -0.0002106670227713109 -0.0013535087585441112 0.00024958685493797815 -0.00066162551502370413 -0.0013060961044806636 -0.00030079156405999198 -0.0004343467838964612 -0.00065485990977052111 0.00018750309919455383 -0.0042156591413694674 -0.0045954677900358959 0.0012116746214542692 -0.00056268398499221314 -0.0018799330226328403 -0.0041355891458229321 -0.00086080837662635328 -0.00085157184136243401 -0.00030253350152158138 -0.0030452489196280135 -0.0044466108762874056 0.00087690170770508998 -0.00075188732783705895 0.00046265294308063423 0.0026562648008913413 -0.0002563847922852055 -0.0013115825172308289 -0.0053184784458838955 0.0053483402718266012 -0.00080559758993904176 -0.00096390372359737603 0.0058075332209700722 0.00063630133474204661 -0.00021623423633757819 0.00048826551780597408 0.00023631810406657037 -0.00047495435607167641 0.00089442107922642648 -0.0032630795414115709 0.0048686693557688301 -0.0045981389981159197 -0.0016403687210115165 0.004971588665170462 -0.00099971056023245549 -0.00031419473598557149 -0.0010040077170595568 -0.0022481288405152844 -0.0030956061064533079 0.00056721368497785396 -0.00025510328121770707 0.00025834490355667331 -0.0017286782192475411 5.0193815804376803e-05
leaf_weight=17650 40440 5199 2954 942 79533 12635 7447 720 4232 11352 24351 6354 289424 7870 1081 11921 1812 12444 24578 293 175 2100 16802 682 241 3658 3236 1222 108 129 2292 1818 11504 365 2644 6532 133 159 24386 6596 119 207 23722 93293 28390 11882 881 127 185 126 1231 111 6422 34081 2505 529 504 254 17814 17923 8219 1684
leaf_count=17650 40440 5199 2954 942 79533 12635 7447 720 4232 11352 24351 6354 289424 7870 1081 11921 1812 12444 24578 293 175 2100 16802 682 241 3658 3236 1222 108 129 2292 1818 11504 365 2644 6532 133 159 24386 6596 119 207 23722 93293 28390 11882 881 127 185 126 1231 111 6422 34081 2505 529 504 254 17814 17923 8219 1684
internal_value=-1.10028e-08 -0.000428556 0.000163941 0.000208792 0.000244667 -0.000762808 -0.00029146 -0.000625042 7.00732e-05 3.71976e-05 0.000132926 -0.00107923 0.000306931 -0.000206289 -2.15706e-05 -0.000267036 -0.000339468 -0.000223811 -0.000126118 -0.000536976 -0.00129683 0.000449338 -0.000307664 4.84153e-05 -0.000329536 -7.06477e-05 -0.00104494 -0.00109014 -0.000530124 -0.000681113 1.53286e-05 0.000156422 8.26839e-05 0.000252627 -0.000718802 -0.0010076 -0.000800217 0.00195449 -0.000830293 -0.000724324 0.000296486 0.00253595 -1.07883e-05 0.000473918 -9.58924e-05 2.05122e-05 -0.000333979 0.00106933 0.00158805 -0.000364732 0.00017641 -0.00109018 -0.000498821 -0.000412687 -0.00128025 -0.000343818 -0.000335507 -0.00186909 0.00011449 2.40386e-06 -0.00139788 -0.00105946
internal_weight=898223 248550 649673 582317 520976 72292 176258 35848 136952 132720 103884 30632 384024 140410 56192 20257 19537 67356 54912 15625 3704 3912 28836 12034 84218 51958 3411 15591 41660 29025 4239 4110 48322 289789 14375 9176 24786 267 24519 8144 1548 326 48300 94235 61341 42807 13075 1193 1066 18534 29732 1342 43778 37356 2746 34610 18408 758 47241 35737 16257 8038
internal_count=898223 248550 649673 582317 520976 72292 176258 35848 136952 132720 103884 30632 384024 140410 56192 20257 19537 67356 54912 15625 3704 3912 28836 12034 84218 51958 3411 15591 41660 29025 4239 4110 48322 289789 14375 9176 24786 267 24519 8144 1548 326 48300 94235 61341 42807 13075 1193 1066 18534 29732 1342 43778 37356 2746 34610 18408 758 47241 35737 16257 8038
is_linear=0
shrinkage=0.03


Tree=17
num_leaves=63
num_cat=0
split_feature=2 0 0 4 1 11 2 11 5 2 11 7 4 5 11 9 2 2 9 9 11 8 7 5 1 5 4 8 2 11 5 9 5 1 7 9 11 2 9 6 0 11 11 7 1 5 11 7 8 9 11 9 2 7 7 0 11 9 0 11 11 0
split_gain=65.9788 11.9355 11.9073 6.27573 6.41397 5.56949 5.23522 6.23985 4.49307 4.51527 3.92358 3.69571 3.65153 3.54252 4.39274 4.66871 3.35766 3.19009 3.15755 2.9953 2.95321 2.90369 2.89112 2.80905 3.57495 2.76511 2.65236 2.59857 2.50851 2.62279 2.79262 2.81335 2.47842 3.56091 2.47078 2.41021 2.38754 2.56149 2.38552 2.36254 2.33494 2.27839 2.26859 2.25459 2.16934 2.61854 2.13671 2.74239 2.44461 2.72323 2.29319 2.87337 2.23309 2.67932 2.19352 2.13666 2.12933 2.30479 2.10909 2.33521 2.64843 2.28994
threshold=0.24217986314760512 0.37321428571428578 0.40473790322580649 -0.38057040998217462 0.2573593073593074 0.11527514231499054 0.44028520499108742 0.1885775862068966 0.29705882352941182 0.015640273704789823 -0.22144396551724135 0.29705882352941182 0.45529953917050697 -0.26806722689075629 0.25809822361546503 0.34611742424242431 0.3928571428571429 -0.14928698752228159 -0.11527514231499052 0.39113300492610842 0.47100840336134459 -0.3507130124777183 0.46720430107526889 0.3550420168067227 0.078201368523949225 0.46922348484848492 0.29099821746880572 -0.28456439393939387 0.3928571428571429 0.48571428571428577 -0.046920821114369508 -0.050055617352614011 -0.45529953917050686 -0.37321428571428567 0.10303030303030304 -0.47100840336134447 0.47100840336134459 -0.21651785714285712 -0.12284482758620689 -0.37298387096774188 -0.16904761904761903 0.46720430107526889 0.44028520499108742 -0.41042780748663094 -0.38057040998217462 -0.35504201680672259 -0.090992647058823525 0.47100840336134459 0.46922348484848492 -0.26568627450980387 -0.23030303030303029 0.37298387096774199 0.48571428571428577 0.32807881773399022 -0.3507130124777183 1.0000000180025095e-35 -0.15111561866125756 -0.10303030303030301 0.037053571428571415 0.22570532915360506 0.48571428571428577 -0.43649193548387094
decision_type=2 2 2 2 2 2 2 2 2 2 2 2 2 2 2 2 2 2 2 2 2 2 2 2 2 2 2 2 2 2 2 2 2 2 2 2 2 2 2 2 2 2 2 2 2 2 2 2 2 2 2 2 2 2 2 2 2 2 2 2 2 2
left_child=1 3 6 17 8 16 12 38 9 10 -5 19 13 -2 26 23 -4 32 21 -3 -19 -9 58 24 -16 27 -15 55 -7 44 -31 -32 -1 -34 -11 -23 -13 -38 -8 40 43 42 -17 -6 -30 -46 47 50 49 -49 52 54 53 -18 -52 -20 -50 -58 59 -12 61 -61
right_child=2 11 5 4 39 28 7 18 -10 34 22 36 -14 14 15 41 46 20 25 -21 -22 35 -24 -25 -26 -27 -28 -29 29 30 31 -33 33 -35 -36 -37 37 -39 -40 -41 -42 -43 -44 -45 45 -47 -48 48 56 -51 51 -53 -54 -55 -56 -57 57 -59 -60 60 -62 -63
leaf_value=-0.00025918105641962704 -0.00061317715903389457 -3.9024600255408324e-05 -0.00071946425838387957 0.00046144435790863273 -0.0037254138428301975 -0.00018154246520308775 -0.0014704635553587548 0.0023397551461433368 0.00074878521786136975 0.00019225819086505008 0.00039686456587139702 -0.00082147854054424809 -0.00093521993996761681 -9.7196381571537736e-05 0.00064150882501899068 -0.00080195690893855674 -0.0012786404056762957 -0.00032692001496629076 0.0041007027827307894 -0.00099843099684266399 -0.0022655846784489938 -0.0030249093401381543 -0.00067401541565261262 0.00077230941541248186 -0.0001648817887837039 0.0011538045743105722 -0.00043828992146958712 -0.00026483990275366138 0.0028315830960353784 -0.0043142386723596313 0.00085060611465109966 -0.0007293431529900189 0.00025812047274698704 -0.00047758851487178858 -9.7100103518254016e-05 -0.00062149582861835678 0.0044067392089203296 2.0770733935801757e-05 -0.00072388650796026519 1.7271413451571171e-06 -0.00010433552310605119 -0.0028222021151193951 0.0025440364850005514 -0.00097775431715270813 -0.004674532591219944 -0.00078765429022165014 -0.0017363600668041158 -0.0048739251132885169 0.0015405420492063102 -0.00014354558601770379 -0.004738232667176899 0.0024168160979705297 0.00017743714768312819 -0.0030491864994828615 -0.00076694708108408869 0.00030408315476603231 0.0012153086900361814 -0.0038949867342068234 0.00011504642050887412 -0.00065039148770041429 0.00099558426413207481 0.00014614673478607163
leaf_weight=17495 14384 29380 13692 104784 303 13318 6964 287 17054 78129 100988 12664 5828 53964 7634 2627 1649 16448 226 3252 738 390 3080 8145 14058 1886 33104 7599 147 129 2292 1818 42707 6873 40235 9545 152 553 8627 52210 3387 471 195 2335 156 25378 7324 164 878 326 131 246 440 1445 2443 324 159 157 69485 3528 3057 40836
leaf_count=17495 14384 29380 13692 104784 303 13318 6964 287 17054 78129 100988 12664 5828 53964 7634 2627 1649 16448 226 3252 738 390 3080 8145 14058 1886 33104 7599 147 129 2292 1818 42707 6873 40235 9545 152 553 8627 52210 3387 471 195 2335 156 25378 7324 164 878 326 131 246 440 1445 2443 324 159 157 69485 3528 3057 40836
internal_value=-1.16876e-08 0.000159023 -0.000415703 0.000194519 0.000233478 -0.000739929 -0.000282719 -0.000606294 0.00027094 0.000252589 0.000310249 -0.000306786 -0.000200103 -0.000168262 -0.000115015 0.000178989 -0.00106116 -4.56379e-05 -0.000259036 -0.000134664 -0.000410297 -0.000630117 0.000238551 0.000297308 0.000118925 0.000118985 -0.000226887 -0.000120625 -0.000524058 -0.000676508 1.48381e-05 0.000151731 4.78e-05 0.000156126 9.38978e-05 -0.000716137 -0.000726873 0.0009713 -0.00105743 -6.3189e-05 -0.00062563 -0.000892833 -0.00056993 -0.00129464 -0.00079062 -0.000811583 -0.00136564 -0.00102768 4.8689e-05 -0.00173348 -0.00131291 -0.000674552 -0.00182196 -0.00210626 -0.000970822 0.00186876 0.000780902 -0.00132794 0.000251454 0.000315318 0.000141653 8.27896e-05
internal_weight=898223 649673 248550 603672 519411 72292 176258 35848 461176 444122 325758 46001 140410 134582 120198 33130 29054 84261 20257 32632 17186 10222 220974 29837 21692 10035 87068 8149 43238 29920 4239 4110 67075 49580 118364 9935 13369 705 15591 58235 6025 3293 2822 2638 25681 25534 15362 8038 1684 490 6354 2820 3534 3094 2574 550 1194 316 217894 148409 47421 44364
internal_count=898223 649673 248550 603672 519411 72292 176258 35848 461176 444122 325758 46001 140410 134582 120198 33130 29054 84261 20257 32632 17186 10222 220974 29837 21692 10035 87068 8149 43238 29920 4239 4110 67075 49580 118364 9935 13369 705 15591 58235 6025 3293 2822 2638 25681 25534 15362 8038 1684 490 6354 2820 3534 3094 2574 550 1194 316 217894 148409 47421 44364
is_linear=0
shrinkage=0.03


Tree=18
num_leaves=63
num_cat=0
split_feature=2 1 2 5 0 5 3 7 2 3 10 9 7 10 10 6 7 5 1 8 2 8 5 10 6 10 7 7 0 9 9 10 6 10 9 0 1 7 10 10 5 2 0 3 5 5 9 8 8 3 9 1 5 7 7 10 8 10 8 5 5 7
split_gain=62.1073 15.8556 8.14905 6.69641 6.68777 4.15555 3.90481 3.53734 3.512 3.49364 3.38139 3.37208 4.0577 3.20368 3.1193 4.77641 3.0047 2.68834 3.17811 2.46466 3.03415 3.484 2.66384 2.42717 2.39909 2.28046 2.42479 2.18087 2.15504 2.11875 2.11866 2.60688 2.09015 2.22479 2.06551 2.41959 2.0655 2.0538 2.05232 2.9752 2.05017 2.03179 1.97243 2.66315 2.22067 1.96755 1.9648 1.91515 2.27144 1.89301 1.86233 1.85091 2.39697 1.84875 1.84239 1.83583 1.79067 1.77656 1.77453 1.93853 1.77407 1.97765
threshold=0.3133928571428572 0.38057040998217473 0.022350230414746545 -0.41042780748663094 0.40767045454545459 0.41302521008403364 0.22301136363636367 0.49285714285714294 0.3928571428571429 0.14611005692599624 -0.442016806722689 0.33602150537634418 0.31534090909090917 -0.40767045454545447 -0.090992647058823525 0.41302521008403364 -0.46824596774193544 -0.15388257575757572 0.089572192513369023 0.46824596774193555 0.44028520499108742 -0.26904761904761904 0.32605042016806729 -0.34122983870967738 -0.13095238095238093 -0.087221095334685597 0.47014260249554374 -0.43844696969696967 0.38982683982683985 -0.24642857142857141 -0.11527514231499052 0.38403361344537817 -0.44028520499108731 -0.47014260249554363 -0.46720430107526878 -0.32605042016806712 0.46922348484848492 -0.30322580645161284 -0.43844696969696967 -0.18156682027649768 0.41042780748663105 0.47014260249554374 -0.21651785714285712 0.44028520499108742 -0.029857397504456314 -0.47100840336134447 0.40473790322580649 0.015640273704789823 -0.44028520499108731 0.38057040998217473 0.25378787878787884 0.16190476190476191 0.38057040998217473 0.40767045454545459 -0.38403361344537806 0.10303030303030304 0.40767045454545459 -0.38403361344537806 0.38403361344537817 -0.3898268398268398 -0.41302521008403353 0.27346041055718479
decision_type=2 2 2 2 2 2 2 2 2 2 2 2 2 2 2 2 2 2 2 2 2 2 2 2 2 2 2 2 2 2 2 2 2 2 2 2 2 2 2 2 2 2 2 2 2 2 2 2 2 2 2 2 2 2 2 2 2 2 2 2 2 2
left_child=1 2 3 34 7 6 17 19 -6 32 53 12 40 -9 15 16 -10 -4 55 20 46 36 38 24 -24 26 -8 -18 -13 -16 37 49 -5 -34 35 -1 41 -23 -21 -40 -11 -22 -12 -44 -45 -36 -2 48 -35 -32 -17 58 -53 -3 56 -19 -47 -29 59 -39 -31 -62
right_child=4 10 5 9 8 -7 25 13 14 11 42 28 -14 -15 29 50 27 18 -20 22 21 30 23 -25 -26 -27 -28 57 -30 60 31 -33 33 47 45 -37 -38 51 39 -41 -42 -43 43 44 -46 54 -48 -49 -50 -51 -52 52 -54 -55 -56 -57 -58 -59 -60 -61 61 -63
leaf_value=-0.0018436516677501924 -0.00022505012285533229 -0.0013193592869013976 -0.00012688225954078129 -3.0772858930730424e-05 -0.00038449583905703571 0.00071421137424470583 -1.4153105101134355e-05 -0.0029145542219762913 -0.0046769458750631054 0.00026692588070944927 -0.0012525455770633267 -0.00013986914564209838 -0.00030812292023061385 -0.00080224806339504538 -0.0022089779942625499 -0.00029647545512165947 0.0022115398657713402 0.00047783545024303011 2.0788180367594689e-06 0.0018734499761750073 8.7294469577629501e-05 -0.0017959106085197385 -0.0041065857258466322 0.0009251813612244185 -5.2832154739293575e-05 -0.00034773742806008253 0.0025012618776926372 -0.00038918508407130413 -0.0011832801647057062 -0.0050151069891998671 -0.0004541051865270855 -0.0017798555068693413 -0.00031343585236682885 7.9993043722617762e-05 -0.00043813699146081503 0.00036926708789818813 -0.0018254678255673312 -0.0031221462726654086 -0.0018120692470708633 -3.2363838852486675e-05 0.0013183371936941626 0.0020733129069921948 -0.00018215856782327362 -0.0046054398610463568 -0.00072944412498722792 -0.00023066337267506023 -0.00078450513028719055 0.00025590804735959764 0.00045188014568847625 0.00089972709367558466 0.0036961609180489515 -0.0015705189456887531 -0.0004646633222930613 -0.0038423448642921662 0.00015752435972696686 0.00011670310455617476 -0.0029046741740211194 -0.0014106925008584886 -0.0014077820285995739 0.00082245860349451346 -0.00056802724011476154 -0.0012050355605960821
leaf_weight=1226 72433 1299 44728 14040 17781 7365 23682 724 214 63852 2425 15205 11881 5966 1509 13067 176 29255 61423 329 1225 2504 163 4090 661 39732 349 2044 2017 100 10487 1243 4556 16323 9286 697 301 121 1230 2699 1713 745 21810 134 9328 11268 6127 108359 156578 1019 105 3816 3282 327 32586 22347 229 6131 614 1387 6070 15840
leaf_count=1226 72433 1299 44728 14040 17781 7365 23682 724 214 63852 2425 15205 11881 5966 1509 13067 176 29255 61423 329 1225 2504 163 4090 661 39732 349 2044 2017 100 10487 1243 4556 16323 9286 697 301 121 1230 2699 1713 745 21810 134 9328 11268 6127 108359 156578 1019 105 3816 3282 327 32586 22347 229 6131 614 1387 6070 15840
internal_value=-1.22368e-08 0.000126693 0.000158944 0.000233097 -0.000491153 1.32142e-05 -1.00958e-05 -0.000360765 -0.000741768 0.00027643 -0.000492977 0.000117545 0.000201977 -0.00103125 -0.000882127 -0.000623006 -0.00117445 6.99824e-05 0.000147889 -0.000321573 -0.000362655 -0.00063865 0.000150077 0.000625933 -0.000858733 -0.000208211 2.24806e-05 -0.00108415 -0.000262133 -0.00112158 -0.000742956 -0.000475221 0.000326591 0.000344145 -7.60958e-05 -0.00104179 0.000485221 -0.00103403 -0.000399108 -0.000589832 0.000294416 0.000839023 -0.000428466 -0.000364525 -0.000784817 -4.12807e-05 -0.000268692 0.000354798 0.000416772 -0.000334139 -0.00026437 -0.000826947 -0.00105933 -0.0018288 4.23243e-05 0.000321447 -0.000284173 -0.00115536 -4.95126e-05 0.000504089 -0.00104693 -0.00102859
internal_weight=898223 714020 678697 449816 184203 228881 221516 121166 63037 394524 35323 94668 77446 6690 45256 21737 8565 157753 113025 114476 105304 26744 9172 4914 824 63763 24031 8351 17222 23519 24473 12749 299856 285816 55292 1923 2271 11724 4258 3929 65565 1970 33697 31272 9462 53369 78560 281260 172901 11506 13172 9220 7098 1626 44083 51602 11497 8175 2122 1508 22010 21910
internal_count=898223 714020 678697 449816 184203 228881 221516 121166 63037 394524 35323 94668 77446 6690 45256 21737 8565 157753 113025 114476 105304 26744 9172 4914 824 63763 24031 8351 17222 23519 24473 12749 299856 285816 55292 1923 2271 11724 4258 3929 65565 1970 33697 31272 9462 53369 78560 281260 172901 11506 13172 9220 7098 1626 44083 51602 11497 8175 2122 1508 22010 21910
is_linear=0
shrinkage=0.03


Tree=19
num_leaves=63
num_cat=0
split_feature=1 3 11 4 8 5 1 7 10 5 1 4 11 10 8 1 6 7 11 7 7 6 10 3 1 11 8 5 7 11 6 8 10 0 5 1 5 5 11 8 11 7 8 7 11 10 11 8 10 7 5 5 1 10 11 8 10 4 4 8 8 7
split_gain=52.6177 11.4724 9.18755 7.78979 6.78867 5.80021 5.37721 4.90681 5.38274 4.65726 4.09396 3.90297 3.71211 3.55557 3.51945 3.13426 3.111 3.68249 3.07078 2.92773 3.10042 2.85727 2.78093 2.77968 2.74247 2.53218 2.51711 2.45705 2.41443 3.52723 2.89153 2.60615 2.246 2.22662 2.19981 2.16061 2.14656 2.13813 2.13176 1.97343 1.99285 1.95116 1.9473 2.68461 2.01214 2.51768 1.9437 1.94171 1.88896 1.87254 2.38019 1.84179 2.85739 1.83772 1.8337 1.83024 1.82653 1.95021 1.82424 1.81703 2.06697 2.31928
threshold=0.38057040998217473 0.22301136363636367 0.23861480075901334 -0.35504201680672259 0.23431372549019611 0.38057040998217473 0.10948191593352886 0.31534090909090917 0.41042780748663105 0.35071301247771841 0.436491935483871 0.45529953917050697 -0.30947580645161282 0.15111561866125764 0.39827586206896559 -0.083179723502304112 0.29049111807732503 0.45418719211822667 0.37298387096774199 -0.46133004926108367 -0.442016806722689 -0.193312434691745 -0.17156862745098037 -0.35504201680672259 0.2573593073593074 -0.43440860215053761 0.48571428571428577 0.36038961038961043 -0.35504201680672259 -0.43844696969696967 -0.47014260249554363 0.26904761904761915 -0.43649193548387094 0.33602150537634418 0.47100840336134459 0.41926406926406928 0.1566964285714286 -0.47014260249554363 0.43844696969696978 0.44028520499108742 0.1885775862068966 -0.096874999999999975 -0.044155844155844164 -0.47014260249554363 0.32085561497326209 -0.073593073593073585 0.26904761904761915 0.46922348484848492 -0.26568627450980387 0.31534090909090917 -0.11942959001782531 0.066964285714285712 0.022350230414746545 0.18660714285714289 0.28456439393939398 -0.37689393939393934 -0.090992647058823525 0.29099821746880572 0.46824596774193555 -0.47100840336134447 -0.47014260249554363 -0.20777988614800755
decision_type=2 2 2 2 2 2 2 2 2 2 2 2 2 2 2 2 2 2 2 2 2 2 2 2 2 2 2 2 2 2 2 2 2 2 2 2 2 2 2 2 2 2 2 2 2 2 2 2 2 2 2 2 2 2 2 2 2 2 2 2 2 2
left_child=1 3 11 15 6 7 12 8 19 53 35 16 36 55 58 28 22 49 33 39 -21 -6 34 -8 -7 -23 -19 32 29 -1 -31 -32 -22 -9 -2 -11 -5 -30 46 40 -3 54 48 44 -44 -46 -17 -33 -42 -18 -51 52 -14 -4 -15 -12 57 -20 -13 -39 61 -61
right_child=2 5 9 4 21 24 23 18 -10 10 13 14 51 41 -16 38 17 26 56 20 27 25 -24 -25 -26 -27 -28 -29 37 30 31 47 -34 -35 -36 -37 -38 59 -40 -41 42 -43 43 -45 45 -47 -48 -49 -50 50 -52 -53 -54 -55 -56 -57 -58 -59 -60 60 -62 -63
leaf_value=0.0012556626105123087 -0.00099949547397648435 -0.0014701201565568024 -0.0006819280429534927 0.00049214203638975166 -0.0003196792369616382 0.0010132712339250294 -0.00048571634217457001 -0.00038129305497202763 -0.00072954793272610239 0.00026882278192397706 0.0014599063412954875 -0.0047297323055054043 0.00027151186126268302 -0.002046555996310177 -0.00073842523548089511 -0.0017159501162793481 -0.00066276221224896375 -0.00055583189690154328 0.0017980509114657386 0.0015721488167153199 0.00055471623937229956 0.00060198314257671687 -0.00019271400742227072 0.00011469834393807151 0.00016740516847555623 2.0458263176099236e-05 0.001215540106212606 -0.0009291203944506184 -0.00040984679890741229 0.00041088518675800174 -0.0003053342240165676 -0.0014410048667059211 -4.2510313334423049e-05 -0.00094956521665919816 0.00087844448431716334 0.0029900383364173779 0.0012588239688362389 0.0018452169099405105 -0.0047926706659559204 -0.0044804850772230164 0.0031082990204502258 -0.0010368296462408969 -0.0056208749296143643 0.0020045737917374433 -0.0028588712717129783 0.0027346216625748917 0.000974788349099981 0.0007647872215431347 1.1597875634144092e-06 0.0020350285005318039 -0.001437689166325487 0.00046335597487532189 -0.00012744013088662618 -0.0017366542975321257 0.0016965715878407707 -0.00019777150114314867 -0.00032741581185708688 -0.00022659238377153605 -0.001431433083517985 -0.00046483956704341779 0.00010788039501352572 -0.0049426011947162497
leaf_weight=1361 7828 1693 8565 57085 21060 4590 7541 12542 11248 11061 613 152 173118 158 11174 988 4909 2757 1026 1095 6004 7365 16147 86884 13879 79182 977 2676 8106 4549 29755 3020 100769 12286 604 268 3487 536 153 134 265 7020 124 173 238 103 319 407 521 180 10013 37850 17820 1799 454 25307 2319 734 12286 336 62460 150
leaf_count=1361 7828 1693 8565 57085 21060 4590 7541 12542 11248 11061 613 152 173118 158 11174 988 4909 2757 1026 1095 6004 7365 16147 86884 13879 79182 977 2676 8106 4549 29755 3020 100769 12286 604 268 3487 536 153 134 265 7020 124 173 238 103 319 407 521 180 10013 37850 17820 1799 454 25307 2319 734 12286 336 62460 150
internal_value=-1.31923e-08 9.11338e-05 -0.000578438 0.000152789 0.000204277 -0.000124684 0.000263321 -0.000184952 -0.000103516 -0.000291989 -0.000159615 -0.000814527 0.000327468 -0.000326107 -0.00112496 -7.28249e-05 -0.000645674 -0.000935766 -0.000537201 -4.16306e-05 -1.5531e-05 -6.30631e-06 -0.000423333 6.67432e-05 0.000377667 6.99514e-05 -9.21516e-05 -3.14294e-05 -5.46023e-05 -0.000244213 -0.000298347 -0.000395587 -8.92252e-06 -0.000662526 -0.000864887 0.000333454 0.000536298 4.89403e-05 -0.00145326 -0.000928819 -0.000774745 -0.000895198 5.2442e-05 -0.00117791 -0.00236369 -0.00116629 -0.00105898 -0.00117889 0.00105135 -0.00114433 -0.00137617 0.000272178 0.000234278 -0.000865159 0.000728446 -0.000158513 0.0002256 0.000954033 -0.00147212 0.000107528 9.27023e-05 -0.00185418
internal_weight=898223 775951 122272 603532 491392 172419 383785 153950 125043 55245 44881 67027 289360 33552 23612 112140 43415 18836 28907 113795 110544 107607 24579 94425 18469 86547 3734 109449 110680 39092 37731 33182 106773 24828 8432 11329 60572 71588 1460 3251 3117 7632 1424 638 465 341 1307 3427 786 15102 10193 228788 190938 10364 612 25920 4079 1760 12438 63482 62946 486
internal_count=898223 775951 122272 603532 491392 172419 383785 153950 125043 55245 44881 67027 289360 33552 23612 112140 43415 18836 28907 113795 110544 107607 24579 94425 18469 86547 3734 109449 110680 39092 37731 33182 106773 24828 8432 11329 60572 71588 1460 3251 3117 7632 1424 638 465 341 1307 3427 786 15102 10193 228788 190938 10364 612 25920 4079 1760 12438 63482 62946 486
is_linear=0
shrinkage=0.03


Tree=20
num_leaves=63
num_cat=0
split_feature=2 0 0 11 2 4 2 11 3 11 10 5 10 8 4 10 9 8 0 2 6 9 2 4 6 8 11 11 11 6 8 9 8 9 9 11 2 3 11 10 5 3 8 8 11 10 0 5 9 9 9 11 6 0 10 8 2 11 9 10 8 8
split_gain=56.4533 10.2076 10.1638 6.27416 9.55703 5.46546 5.00462 4.99986 4.35854 4.14967 4.5834 3.97788 3.46046 3.34261 3.2577 2.84444 2.79172 3.45865 2.7354 2.56016 2.58351 2.46976 3.40783 2.45165 2.43787 2.67773 4.21331 2.56769 3.62205 3.33842 2.74699 2.41293 2.39338 3.32222 2.36318 2.36281 2.28979 2.2362 3.11627 2.42866 2.22645 2.29481 2.21424 2.21219 3.38611 2.20999 2.20478 2.59617 2.19939 2.16773 2.15995 2.1274 2.12626 2.2382 2.12092 2.09761 2.03304 2.94257 2.01851 1.99246 1.95194 1.94888
threshold=0.24217986314760512 0.37321428571428578 0.44870129870129877 0.15111561866125764 0.41042780748663105 -0.442016806722689 0.022350230414746545 -0.24642857142857141 -0.442016806722689 0.27281105990783416 0.12284482758620692 -0.30763757115749518 0.26904761904761915 -0.3461174242424242 0.29099821746880572 0.40161290322580651 0.31534090909090917 -0.096874999999999975 -0.33095238095238094 0.38403361344537817 0.1815668202764977 -0.29705882352941171 0.48571428571428577 -0.43649193548387094 -0.44028520499108731 0.015640273704789823 0.43844696969696978 0.44201680672268912 0.44028520499108742 0.41302521008403364 -0.47100840336134447 -0.47100840336134447 0.41302521008403364 0.12678571428571431 0.47100840336134459 -0.17156862745098037 -0.47014260249554363 0.45529953917050697 0.37298387096774199 0.34611742424242431 0.11359447004608299 0.20777988614800766 0.25809822361546503 -0.044155844155844164 0.30322580645161296 0.35071301247771841 -0.47014260249554363 -0.41302521008403353 0.34611742424242431 -0.35504201680672259 0.33602150537634418 0.41042780748663105 0.44201680672268912 0.47014260249554374 -0.442016806722689 -0.29049111807732492 -0.16190476190476188 0.47014260249554374 0.35960591133004927 -0.4541871921182265 -0.41302521008403353 -0.096874999999999975
decision_type=2 2 2 2 2 2 2 2 2 2 2 2 2 2 2 2 2 2 2 2 2 2 2 2 2 2 2 2 2 2 2 2 2 2 2 2 2 2 2 2 2 2 2 2 2 2 2 2 2 2 2 2 2 2 2 2 2 2 2 2 2 2
left_child=1 5 3 4 14 46 7 36 -5 -4 52 -10 13 19 40 -8 17 -3 21 20 49 22 -6 -19 -9 27 -27 28 51 30 -29 -15 43 -34 45 -24 60 -18 -39 -40 42 -42 -2 44 -14 -12 47 -1 -46 -13 -32 -26 53 -11 -21 -50 -48 -58 -28 -16 -7 -38
right_child=2 16 9 8 18 6 15 24 11 10 34 12 32 31 59 -17 37 23 -20 54 -22 -23 35 -25 25 26 58 29 -30 -31 50 -33 33 -35 -36 -37 61 38 39 -41 41 -43 -44 -45 48 -47 56 -49 55 -51 -52 -53 -54 -55 -56 -57 57 -59 -60 -61 -62 -63
leaf_value=2.8127621038021509e-05 -0.00016142733264485978 0.00021776027707850454 -0.0010938861390045289 -0.00094918423918693583 -0.00038891971770267859 -0.0030712650387526527 0.00010681546118776616 -0.00019882188567199805 -0.00083725585294246066 -0.0020819440617531257 -0.0010349149970407764 -0.0018178111575663436 0.00078019399150910495 -0.0014260509461459453 -0.0018951887311098568 -0.00028648934032200751 -0.00051238599809836933 -0.0025168360260920796 -0.001052323239337798 0.0055134073316696142 0.002749468373030659 0.00018869989344737185 -0.0075751188867302106 -0.00034251131914852536 0.00032163057679924253 4.0223717701771783e-05 0.00093702482726310519 -0.0035316477347373003 0.0018519613869306334 0.0045178713777309486 3.9643558319064498e-06 3.4780159749186043e-05 -0.0031645836274161237 0.00074624274881707924 0.0017276337322867496 -0.0022058880936728551 0.0005866740568245323 -0.0022664248687297179 -0.0018942616303291376 0.0030399436416104434 0.00034332405583385733 -0.00027710763577745864 -0.00076105869349408009 -0.00096841643146815487 0.00021333466628555622 -0.0025223243484562264 -0.00017747558143335732 0.0016602776336407036 -0.0042162546130809159 0.00039729725745128421 -0.0013374166997354474 -0.00027947733123519198 5.3105454389308895e-05 -0.00042155396769225789 0.001465569008480164 -0.0010410224729829253 -0.00064144668882611664 -0.0034756424167855025 -0.00059893093453752431 -0.00048166670109834009 -0.00022145722440582177 0.0003335979958010094
leaf_weight=4376 22181 13192 22195 5350 835 244 146249 13633 5655 887 3213 481 1949 1033 922 18660 6414 475 23970 125 348 3234 109 24010 155604 98334 6905 221 1366 134 8935 64260 214 2155 220 228 49419 1549 162 199 12969 9150 7388 7023 621 1249 22266 1096 287 2270 1228 5485 9140 4129 1578 538 5012 352 866 32644 1849 61438
leaf_count=4376 22181 13192 22195 5350 835 244 146249 13633 5655 887 3213 481 1949 1033 922 18660 6414 475 23970 125 348 3234 109 24010 155604 98334 6905 221 1366 134 8935 64260 214 2155 220 228 49419 1549 162 199 12969 9150 7388 7023 621 1249 22266 1096 287 2270 1228 5485 9140 4129 1578 538 5012 352 866 32644 1849 61438
internal_value=-1.33844e-08 0.000147094 -0.000384529 -0.000299219 -0.000449162 0.00017992 0.000201662 0.000258311 -0.000117743 -0.000815947 -0.000488437 -6.74913e-05 -1.49612e-05 6.78346e-05 -0.000290428 6.23103e-05 -0.00028368 -0.000173819 -0.000926044 0.00083166 0.000317949 -0.000238962 -0.0014182 -0.000384793 0.000192885 0.000212021 9.3371e-05 0.000284802 0.000314213 -0.000169443 -0.00023036 1.16469e-05 -0.000468796 0.000391778 -0.00130201 -0.0039598 0.00042786 -0.000780864 -0.0016817 0.000826586 -0.000140981 8.66682e-05 -0.00031127 -0.000664505 -3.57244e-05 -0.00145174 -0.000194843 0.000355278 -0.00113524 9.47569e-06 -0.000158231 0.000301162 -0.00021928 -0.000715524 0.00176574 -0.00214939 -0.000303801 -0.000828047 0.000765803 -0.000520549 -0.000554993 0.000446421
internal_weight=898223 649673 248550 207517 113630 603672 570570 405661 93887 41033 18838 88537 82882 70095 85254 164909 46001 37677 28376 4802 3099 4406 1172 24485 292711 279078 106105 172973 162455 10518 10384 65293 12787 2369 4682 337 112950 8324 1910 361 51688 22119 29569 10418 3395 4462 33102 5472 1446 2751 10163 161089 14156 5016 1703 825 27630 5364 7771 33566 2093 110857
internal_count=898223 649673 248550 207517 113630 603672 570570 405661 93887 41033 18838 88537 82882 70095 85254 164909 46001 37677 28376 4802 3099 4406 1172 24485 292711 279078 106105 172973 162455 10518 10384 65293 12787 2369 4682 337 112950 8324 1910 361 51688 22119 29569 10418 3395 4462 33102 5472 1446 2751 10163 161089 14156 5016 1703 825 27630 5364 7771 33566 2093 110857
is_linear=0
shrinkage=0.03


Tree=21
num_leaves=63
num_cat=0
split_feature=2 1 11 2 2 4 10 8 11 4 7 7 10 11 4 8 11 3 11 6 3 10 3 11 8 11 6 10 5 10 7 7 7 1 5 5 10 2 11 11 8 11 11 2 10 4 8 8 10 1 11 3 11 7 7 10 11 11 11 5 7 8
split_gain=53.2313 13.5553 8.80907 8.13142 7.01801 5.96463 4.8686 4.55892 4.17119 4.00485 3.87725 3.37444 3.16255 2.96247 2.93982 2.82888 3.35852 2.75199 2.59764 2.57288 2.82996 2.53401 2.75845 2.75323 2.68302 4.91342 2.51234 2.41285 2.65122 2.34983 2.26163 2.51572 3.04544 3.81785 2.25428 2.21449 2.18052 2.17044 2.05779 2.73042 2.05542 2.49475 3.48867 2.29471 2.3817 2.19583 2.12207 2.0405 1.99632 2.40703 2.07019 1.98758 2.60836 2.48905 2.19116 2.44594 1.9987 1.98744 1.96191 2.54855 2.54542 2.05362
threshold=0.3133928571428572 0.38057040998217473 0.15571120689655174 0.41302521008403364 0.022350230414746545 -0.41302521008403353 0.26568627450980398 -0.3507130124777183 -0.22144396551724135 -0.32605042016806712 0.096875000000000003 0.46720430107526889 -0.442016806722689 0.11527514231499054 0.29099821746880572 0.46922348484848492 0.40767045454545459 -0.442016806722689 0.48571428571428577 -0.44028520499108731 0.053605313092979119 -0.35504201680672259 -0.30947580645161282 -0.38057040998217462 0.43844696969696978 -0.23030303030303029 0.45418719211822667 -0.11916835699797161 0.44028520499108742 -0.44028520499108731 0.29361054766734285 -0.4499999999999999 -0.47014260249554363 -0.14928698752228159 0.41926406926406928 0.41302521008403364 0.48571428571428577 -0.16190476190476188 -0.17156862745098037 -0.16190476190476188 -0.090992647058823525 -0.46922348484848481 -0.47014260249554363 -0.11596638655462184 0.40767045454545459 -0.17694497153700187 -0.46609195402298847 0.48571428571428577 0.44201680672268912 0.078201368523949225 0.44028520499108742 0.39447004608294933 0.47100840336134459 -0.4499999999999999 0.49285714285714294 -0.35960591133004921 0.23030303030303031 -0.14611005692599616 0.28456439393939398 -0.014928698752228157 -0.4226600985221674 -0.23861480075901326
decision_type=2 2 2 2 2 2 2 2 2 2 2 2 2 2 2 2 2 2 2 2 2 2 2 2 2 2 2 2 2 2 2 2 2 2 2 2 2 2 2 2 2 2 2 2 2 2 2 2 2 2 2 2 2 2 2 2 2 2 2 2 2 2
left_child=1 4 3 14 5 37 7 30 40 18 35 19 -3 -14 -2 16 57 -9 -6 -10 29 23 24 -5 -23 -26 -8 58 -29 -21 31 32 33 -4 48 -11 -17 -1 -25 -40 43 42 -42 44 46 -44 -7 -43 49 50 -12 53 -53 56 -55 -56 -19 -13 59 -22 61 -60
right_child=2 12 6 21 9 8 26 17 11 10 34 15 13 -15 -16 36 -18 51 -20 20 27 22 -24 38 25 -27 -28 28 -30 -31 -32 -33 -34 -35 -36 -37 -38 -39 39 -41 41 47 45 -45 -46 -47 -48 -49 -50 -51 -52 52 -54 54 55 -57 -58 -59 60 -61 -62 -63
leaf_value=-1.5522707977179443e-05 -0.00021549592351082105 -0.0017475404586680652 0.0044659607233002016 0.00021515544965316396 -0.0003552523079883569 -0.00020468654632633957 -0.0005798094071831955 -0.00098414016733876773 -0.00023249303672616682 0.00013966816096850702 9.0409910508985544e-05 -0.0024804554041230049 -0.00067890991640323021 -0.00011626610800192191 -0.00065947265497129392 -0.0014443099474115537 0.0025478639964643186 -0.0039811619015213528 -0.0023968627533026373 -0.00025784644449386999 -0.00023408426711853908 -0.00062434275097661461 -0.0010201971010734153 -0.0028190928189710208 -0.0024777546886314934 0.0024204008003186534 -0.0016123368287319086 -4.0116855871554733e-05 0.0017290944560977432 0.00031990251449802513 -0.0020554164122570488 0.0012843933698951627 -0.0056179157460771742 -0.0027332278537363103 0.00063720482544866476 0.00099901935538228293 -0.0059621094044830115 -0.00061825785013564112 0.0033778996031512232 -0.0016078716732000195 0.00044848569208544103 0.00019927879034485464 0.00062565413047660349 0.00023600138970760292 0.0014112037094420702 0.0027814614303935501 0.00065518100865856899 0.001498254456951403 -0.00067705276521373031 -0.00020271773758331045 0.0013857893509395449 -0.00050602861622231282 0.00018187015816414817 5.9300413941613555e-05 -0.0026381566306853737 -0.00039214329798546542 -0.00080817054167170725 -0.00018984038821118673 0.0045439928313439236 0.00043902600940901113 0.00055420611270100176 0.00079793110505902559
leaf_weight=45982 27177 1626 116 653 17059 2803 10556 3988 11617 118065 24094 391 16590 17107 26524 1163 367 207 579 6595 8874 2850 26455 1421 245 735 2654 60696 771 160768 228 3276 105 152 3580 2761 104 6088 101 3300 6106 58596 692 16199 3467 1105 32861 1108 5631 55949 1163 23809 6266 38875 519 2717 1274 2617 267 11784 8535 260
leaf_count=45982 27177 1626 116 653 17059 2803 10556 3988 11617 118065 24094 391 16590 17107 26524 1163 367 207 579 6595 8874 2850 26455 1421 245 735 2654 60696 771 160768 228 3276 105 152 3580 2761 104 6088 101 3300 6106 58596 692 16199 3467 1105 32861 1108 5631 55949 1163 23809 6266 38875 519 2717 1274 2617 267 11784 8535 260
internal_value=-1.39765e-08 0.000117288 -0.000454707 -0.000668203 0.000147109 0.000215923 -0.000253106 -0.000166536 0.000255449 1.18693e-05 4.81313e-05 0.000190469 -0.000455671 -0.000393284 -0.000434793 -0.000611442 -0.000157502 -0.000216665 -0.000422404 0.000204249 0.000223874 -0.00101869 -0.000911261 -0.00161269 -0.000158735 0.00119458 -0.000787359 8.94094e-05 -1.78973e-05 0.000297135 0.000837313 0.00101857 -0.00131328 0.000387857 -0.000100444 0.000159313 -0.00181956 -8.60047e-05 -0.00186021 -0.00145886 0.000400701 0.000289721 0.000790584 0.000536298 0.000660602 0.0019521 0.000587596 0.00022341 -0.000130861 -9.29793e-05 0.00015011 -0.000175104 -0.000362707 -4.56684e-05 -3.14219e-06 -0.00075307 -0.00125405 -0.000488315 0.000311335 0.000149883 0.000679328 0.00270085
internal_weight=898223 714020 184203 89461 678697 449816 94742 81532 397746 228881 211243 274809 35323 33697 53701 4642 3375 77655 17638 270167 258550 35760 30285 5475 3830 980 13210 91187 61467 167363 3877 3649 373 268 90417 120826 1267 52070 4822 3401 122937 67607 7903 55330 39131 1797 35664 59704 86837 81206 25257 73667 30075 43592 42111 3236 1481 3008 29720 20658 9062 527
internal_count=898223 714020 184203 89461 678697 449816 94742 81532 397746 228881 211243 274809 35323 33697 53701 4642 3375 77655 17638 270167 258550 35760 30285 5475 3830 980 13210 91187 61467 167363 3877 3649 373 268 90417 120826 1267 52070 4822 3401 122937 67607 7903 55330 39131 1797 35664 59704 86837 81206 25257 73667 30075 43592 42111 3236 1481 3008 29720 20658 9062 527
is_linear=0
shrinkage=0.03


Tree=22
num_leaves=63
num_cat=0
split_feature=2 1 2 11 4 3 8 9 1 10 9 7 9 11 11 8 4 1 11 9 3 2 11 1 11 11 10 3 3 10 11 2 8 4 11 8 2 8 8 7 3 9 10 6 6 11 10 1 8 3 11 9 2 9 7 11 10 7 6 3 6 6
split_gain=50.1082 9.45554 8.9419 8.70742 6.11461 4.72582 4.4823 3.86768 3.78932 3.74861 4.93505 3.70884 3.24512 6.37915 2.99952 3.26094 2.86159 3.42705 3.09821 4.72234 2.93226 2.83041 3.12771 2.82718 4.16612 5.33535 2.7753 2.75801 2.98123 2.72698 2.72579 2.84212 2.70489 2.67138 2.91086 2.59128 2.55456 2.65152 2.50294 2.47684 2.40876 2.32083 2.80135 3.1593 2.82816 2.41298 2.30833 2.28671 2.32107 2.69973 2.7022 3.99543 3.53042 3.92046 2.42634 4.11749 2.41322 2.28205 2.79043 2.27482 2.27354 2.21547
threshold=0.24217986314760512 0.26806722689075635 0.3928571428571429 0.1566964285714286 -0.38057040998217462 0.14611005692599624 -0.28456439393939387 0.33602150537634418 0.4781385281385282 0.25378787878787884 0.44201680672268912 0.20777988614800766 -0.14611005692599616 -0.46824596774193544 0.22144396551724141 -0.073593073593073585 -0.32605042016806712 0.436491935483871 0.28456439393939398 0.30322580645161296 0.14076246334310852 -0.14928698752228159 0.47100840336134459 0.45529953917050697 -0.14611005692599616 -0.32085561497326193 0.18660714285714289 0.43844696969696978 -0.3507130124777183 0.24642857142857147 0.48571428571428577 -0.13246753246753243 -0.32807881773399011 0.38403361344537817 -0.13484848484848483 -0.38403361344537806 0.44028520499108742 0.46824596774193555 -0.3507130124777183 0.40473790322580649 0.47100840336134459 -0.14611005692599616 -0.12284482758620689 0.22570532915360506 0.46824596774193555 0.34122983870967749 0.44201680672268912 -0.37321428571428567 0.38403361344537817 0.47014260249554374 0.21198156682027655 0.37689393939393945 -0.45529953917050686 -0.35504201680672259 0.23030303030303031 0.47014260249554374 -0.17694497153700187 0.47100840336134459 0.43844696969696978 -0.47100840336134447 0.46922348484848492 0.47100840336134459
decision_type=2 2 2 2 2 2 2 2 2 2 2 2 2 2 2 2 2 2 2 2 2 2 2 2 2 2 2 2 2 2 2 2 2 2 2 2 2 2 2 2 2 2 2 2 2 2 2 2 2 2 2 2 2 2 2 2 2 2 2 2 2 2
left_child=1 4 16 12 21 14 8 11 -5 41 40 -7 13 -4 15 26 38 18 20 -20 59 47 -23 -14 25 -25 -6 28 -3 35 -31 -32 -28 -19 -35 -16 -15 -38 -2 -39 -11 42 44 45 -8 -44 -30 48 54 50 -50 52 -52 -54 -1 61 -55 58 -22 -18 -27 -56
right_child=2 27 3 6 5 7 9 -9 -10 10 -12 -13 23 36 29 -17 17 33 19 -21 57 22 -24 24 -26 60 32 -29 46 30 31 -33 -34 34 -36 -37 37 39 -40 -41 -42 -43 43 -45 -46 -47 -48 -49 49 -51 51 -53 53 56 55 -57 -58 -59 -60 -61 -62 -63
leaf_value=7.6834806768894464e-05 0.00062363499930893039 -0.00097388465190570645 0.001842842272900973 0.0010453102028520492 0.0003293581519499404 0.0002487544224762569 -0.00057841606944884002 -0.00027995910724250397 -0.0026213509891693234 -0.00098724857111487591 0.00076415387976671754 -0.00016150947436336345 -0.00048463509910022962 -0.00085559706199096048 -0.00026977781317931085 0.0002217148280463446 -0.0021504401700961329 0.0007900484262192577 0.00030594187466446467 -0.00085021775812438847 -0.00031196165753151619 -0.00030915188823506105 -0.0022733962112641542 -0.0021928787889243448 -0.0016780880069032277 -5.9210298014667872e-05 0.00090370458254295178 -0.00058398731502308228 -1.4174504641448395e-06 -0.00027272224870748764 0.0026971067863022602 -0.00062459063379288434 0.00043499430044891473 -0.001409723234906282 -0.00044953445108527907 0.00029656010623653847 -0.0019192703563648387 -0.0026487760573195721 -0.0009194131440728898 -0.00048968208590786043 -0.0022829453773238204 -0.00010056576705980543 0.0010769012566953292 -0.0018588444362013564 0.00020323175557630075 -0.0011559399323569643 -0.00081061642868841301 -0.00045872600164099329 -0.0007934186112175688 -0.0051856380030769131 0.0035528101273383018 -0.0044561758293243849 -0.0044821232565454318 0.0046043527895323396 0.00075293110444545161 0.0057729191646379019 -6.0295046835114628e-05 0.00093834321160433541 -0.0010465599628946085 8.7537140431570068e-06 0.0021844188375694231 -0.0010930699048481915
leaf_weight=48588 1077 3302 597 3016 91862 77041 15160 23928 276 4682 1180 26705 18939 6789 8501 144233 443 1210 24760 3647 41564 16681 762 827 4988 1173 17844 12575 55519 18787 576 387 29246 3695 12299 50233 7282 584 7746 2623 1784 24867 747 2621 5744 1042 3364 7560 3882 108 422 114 136 138 6039 139 354 1185 5240 40142 621 647
leaf_count=48588 1077 3302 597 3016 91862 77041 15160 23928 276 4682 1180 26705 18939 6789 8501 144233 443 1210 24760 3647 41564 16681 762 827 4988 1173 17844 12575 55519 18787 576 387 29246 3695 12299 50233 7282 584 7746 2623 1784 24867 747 2621 5744 1042 3364 7560 3882 108 422 114 136 138 6039 139 354 1185 5240 40142 621 647
internal_value=-1.40634e-08 0.000138579 -0.000362276 -0.000571733 0.000179851 0.000220764 -0.000339414 6.38506e-05 0.000737196 -0.000400715 -0.00101947 0.000143149 -0.000891353 -0.00120385 0.000276156 0.000321639 -0.000207691 -0.000173276 -0.000115132 0.000157485 -0.000202565 -5.41132e-05 -0.000395086 -0.00068091 -0.00116932 -0.000200804 0.000425358 -0.000178802 -9.68572e-05 0.000112043 -0.000192902 0.00136296 0.00061262 -0.000568606 -0.000671436 0.000214587 -0.00130922 -0.00160272 -0.000731008 -0.00088356 -0.00134504 -0.000306418 -0.000508624 -0.00119565 -0.000363635 -0.000223533 -4.76602e-05 3.31927e-05 9.46008e-05 -0.000514287 -0.000413298 0.000854015 0.00143424 7.23277e-06 0.000151242 0.000680868 0.00125477 -0.000361301 -0.000394225 -1.48671e-05 0.000718215 0.000574158
internal_weight=898223 649673 248550 105542 574913 489343 61119 127674 3292 57827 7646 103746 44423 17875 361669 283185 143008 134185 116981 28407 88574 85570 17443 26548 7609 2621 138952 74760 62185 78484 19750 963 47090 17204 15994 58734 17278 10489 8823 3207 6466 50181 25314 4410 20904 1789 58883 68127 60567 5154 5046 1164 1050 628 55413 6825 492 47989 46804 40585 1794 6686
internal_count=898223 649673 248550 105542 574913 489343 61119 127674 3292 57827 7646 103746 44423 17875 361669 283185 143008 134185 116981 28407 88574 85570 17443 26548 7609 2621 138952 74760 62185 78484 19750 963 47090 17204 15994 58734 17278 10489 8823 3207 6466 50181 25314 4410 20904 1789 58883 68127 60567 5154 5046 1164 1050 628 55413 6825 492 47989 46804 40585 1794 6686
is_linear=0
shrinkage=0.03


Tree=23
num_leaves=63
num_cat=0
split_feature=2 1 11 2 2 5 11 10 5 4 7 9 11 9 10 11 6 4 0 11 4 7 0 0 7 10 7 2 11 10 5 1 11 5 10 7 2 4 10 5 5 10 7 6 0 9 9 0 11 6 7 2 7 1 11 1 1 11 4 0 0 5
split_gain=47.2461 12.2236 7.87016 7.18003 6.35957 5.51831 4.41225 4.36207 3.82484 3.39402 3.74168 3.35495 5.44565 3.05939 2.97569 2.76529 2.76205 2.68454 2.50746 2.36754 2.27463 2.80093 2.25681 2.10221 3.17605 2.67058 2.87927 2.40854 2.36705 3.27776 2.36124 2.63974 2.54301 2.3595 2.13867 2.0615 2.04912 2.21638 2.12132 1.98949 2.82435 1.97594 2.34096 1.9452 2.31836 3.20564 1.93066 2.27557 2.23565 2.35073 1.88766 1.84464 1.83808 1.83318 1.97728 2.0182 1.82998 1.81792 1.81646 1.81328 1.96371 2.7008
threshold=0.3133928571428572 0.38057040998217473 0.15571120689655174 0.41302521008403364 0.022350230414746545 -0.41042780748663094 -0.23861480075901326 0.26568627450980398 0.47014260249554374 -0.32605042016806712 0.096875000000000003 -0.14611005692599616 -0.46824596774193544 0.44201680672268912 -0.442016806722689 0.11527514231499054 0.46609195402298859 0.29099821746880572 -0.27207792207792203 0.47100840336134459 -0.45529953917050686 -0.47014260249554363 0.44201680672268912 0.40767045454545459 0.49285714285714294 -0.38403361344537806 0.43844696969696978 0.40473790322580649 0.44201680672268912 0.12284482758620692 0.3550420168067227 0.436491935483871 0.25809822361546503 0.44028520499108742 -0.21651785714285712 0.43218390804597706 0.3928571428571429 0.38403361344537817 0.3550420168067227 0.052764976958525341 0.46922348484848492 0.25378787878787884 -0.46922348484848481 -0.44028520499108731 -0.074643493761140808 0.39827586206896559 -0.46720430107526878 -0.32085561497326193 -0.4226600985221674 0.47100840336134459 -0.442016806722689 0.43097722960151807 -0.39827586206896548 0.29099821746880572 0.46720430107526889 -0.44028520499108731 -0.47014260249554363 0.35071301247771841 0.44201680672268912 -0.21651785714285712 0.44201680672268912 -0.029857397504456314
decision_type=2 2 2 2 2 2 2 2 2 2 2 2 2 2 2 2 2 2 2 2 2 2 2 2 2 2 2 2 2 2 2 2 2 2 2 2 2 2 2 2 2 2 2 2 2 2 2 2 2 2 2 2 2 2 2 2 2 2 2 2 2 2
left_child=1 4 3 17 5 46 -7 20 9 19 -11 12 -5 22 -3 52 43 -2 41 -6 21 -4 -9 24 30 39 27 -27 34 -30 35 50 -33 -34 -26 -22 37 -24 -38 -25 57 42 -13 53 -45 -46 47 -1 49 56 -32 -44 -16 54 -8 -56 -48 -41 -53 -17 -61 -62
right_child=2 14 7 11 8 6 16 13 -10 10 -12 18 -14 -15 15 59 -18 -19 -20 -21 23 -23 36 25 28 26 -28 -29 29 -31 31 32 33 -35 -36 -37 38 -39 -40 40 -42 -43 51 44 45 -47 48 -49 -50 -51 -52 58 -54 -55 55 -57 -58 -59 -60 60 61 -63
leaf_value=-0.0017615862457860463 -0.0002012911055861395 -0.0016867127807177809 0.00042495984628923838 0.0022109272349708979 -0.00032647296934371778 0.00040257557419523315 -0.00021368731830207548 -0.00068240176220012963 0.0013074628292217027 0.00014142220043137358 -0.00011515764612986617 -0.0027656761258500469 -0.0014057607004106217 0.0002051086854268689 -0.0024368625498549321 -0.0011748994596804765 -0.00041891773163639696 -0.00062555302440030626 -0.00084602089972426965 -0.0020192168668253423 -2.6588256060190338e-05 -0.0024482471069579613 -0.0026678360311620649 -0.002140810126024816 -0.0025172837634286111 -0.00017813130592262972 -0.00012611618256967903 -0.0010296268043367279 0.00074797988025644365 -0.0035156069243592871 -0.0029347487179934976 -0.0012165814582430876 -0.00073398843593760696 0.00063788373797403703 -0.0006736187516096897 -0.00097078496589537836 -0.001196459034265413 0.00099381189989548261 -0.0029576948905354222 0.00021022416840947279 -0.00026845571965754749 -0.0014060863595149568 -0.0014338555305556549 0.00030185012567622354 0.00018070166525832655 -0.0002601171034427455 -0.00085200240191537883 0.00040579017475563694 -9.5845053103239106e-05 -0.0027907753353073957 0.00078076193713270872 0.001714901178384025 -0.00059321177418642467 -0.0019396964110846696 0.0047385178984052714 0.00066514348697494408 0.0011063226388972108 0.0020193674762571919 -0.000582383692585349 0.0002134189798226717 -0.0047718334110597007 -0.00039086047316289556
leaf_weight=1256 27177 1626 482 384 16861 112429 11059 7575 2026 120137 89080 177 14174 2484 501 1316 6756 26524 18399 777 28194 831 218 269 967 4461 13203 9067 1147 188 124 1395 1619 3717 1367 2246 1289 463 1181 833 2068 601 280 131024 114635 17055 499 667 49650 168 8104 1343 16089 504 123 939 3052 1250 402 10733 129 4929
leaf_count=1256 27177 1626 482 384 16861 112429 11059 7575 2026 120137 89080 177 14174 2484 501 1316 6756 26524 18399 777 28194 831 218 269 967 4461 13203 9067 1147 188 124 1395 1619 3717 1367 2246 1289 463 1181 833 2068 601 280 131024 114635 17055 499 667 49650 168 8104 1343 16089 504 123 939 3052 1250 402 10733 129 4929
internal_value=-1.43242e-08 0.000110497 -0.000428383 -0.000630181 0.000138814 0.000204321 0.000243658 -0.000237828 1.00755e-05 -1.51689e-06 3.21761e-05 -0.000959531 -0.00131022 -0.000743527 -0.00043359 -0.000373075 0.00018032 -0.00041085 -0.000718687 -0.000401153 -0.000155886 -0.00139398 -0.000963217 -0.000135604 -1.32374e-05 -0.000328345 -0.000441296 -0.000748871 -0.000862128 0.000145383 5.53847e-05 0.000364002 -7.66128e-05 0.000221583 -0.00143822 -9.62849e-05 -0.00163787 -0.000180539 -0.00203943 0.000354694 0.000516888 0.000117139 0.000533329 0.000195025 0.000212505 0.00012361 -7.63585e-05 -0.00101 -4.26989e-05 0.000666656 0.000724418 0.000822909 -0.000649032 -0.000168709 -9.49159e-05 0.00114093 0.000830969 0.00129633 0.00118564 -0.000105435 -1.62387e-05 -0.000503515
internal_weight=898223 714020 184203 89461 678697 449816 394524 94742 228881 226855 209217 35760 14558 13210 35323 33697 282095 53701 21202 17638 81532 1313 10726 80219 49068 31151 26731 13528 3669 1335 45399 14959 6731 5336 2334 30440 3151 681 2470 4420 4151 2803 2202 275339 262714 131690 55292 1923 53369 3719 8228 2025 16590 12625 12121 1062 3551 2083 1745 17107 15791 5058
internal_count=898223 714020 184203 89461 678697 449816 394524 94742 228881 226855 209217 35760 14558 13210 35323 33697 282095 53701 21202 17638 81532 1313 10726 80219 49068 31151 26731 13528 3669 1335 45399 14959 6731 5336 2334 30440 3151 681 2470 4420 4151 2803 2202 275339 262714 131690 55292 1923 53369 3719 8228 2025 16590 12625 12121 1062 3551 2083 1745 17107 15791 5058
is_linear=0
shrinkage=0.03


Tree=24
num_leaves=63
num_cat=0
split_feature=2 0 0 11 2 4 11 3 2 11 10 10 7 8 4 8 11 7 4 10 9 3 6 11 6 9 11 0 2 7 11 10 8 11 2 8 9 8 9 11 8 2 2 3 9 2 11 10 0 11 6 11 11 7 6 0 4 2 9 10 8 8
split_gain=44.4896 8.72117 8.6101 5.03472 7.35118 4.60205 4.22198 3.78187 3.50718 3.47075 3.91891 3.21125 3.13982 3.05546 3.25408 3.05512 5.65709 2.97068 2.90823 2.90091 2.88194 2.86104 2.8189 2.69261 2.58736 2.48891 2.47897 2.40431 2.31028 2.26572 2.57961 2.18895 2.3409 2.1726 2.38999 2.15392 2.13758 2.12475 3.08427 2.37522 3.18783 2.37359 2.24225 2.46046 2.12073 3.20912 2.18438 2.07971 2.07933 2.07825 2.07565 1.93831 5.08467 3.50361 1.92482 2.10056 1.87928 1.85583 2.08784 1.85343 1.8481 1.83384
threshold=0.24217986314760512 0.37321428571428578 0.44870129870129877 0.15111561866125764 0.41042780748663105 -0.442016806722689 -0.24642857142857141 -0.442016806722689 -0.037053571428571429 0.27281105990783416 0.12284482758620692 0.26904761904761915 -0.46824596774193544 -0.3461174242424242 -0.32085561497326193 0.03229166666666667 0.44028520499108742 0.29705882352941182 0.45529953917050697 0.12678571428571431 -0.23431372549019605 -0.47100840336134447 -0.44028520499108731 0.23431372549019611 0.44201680672268912 0.40473790322580649 0.23030303030303031 -0.33095238095238094 -0.47014260249554363 -0.47100840336134447 0.32807881773399022 0.18660714285714289 0.29361054766734285 0.47100840336134459 -0.21651785714285712 0.35071301247771841 0.47100840336134459 0.41302521008403364 0.12678571428571431 0.34611742424242431 -0.12678571428571425 0.46922348484848492 0.44201680672268912 -0.20142602495543668 -0.29705882352941171 0.48571428571428577 -0.17156862745098037 0.47100840336134459 -0.47014260249554363 -0.14611005692599616 -0.050055617352614011 0.46720430107526889 0.46824596774193555 0.31534090909090917 0.44201680672268912 0.47014260249554374 0.41042780748663105 0.38403361344537817 -0.35504201680672259 0.35071301247771841 -1.0000000180025095e-35 -0.41302521008403353
decision_type=2 2 2 2 2 2 2 2 2 2 2 2 2 2 2 2 2 2 2 2 2 2 2 2 2 2 2 2 2 2 2 2 2 2 2 2 2 2 2 2 2 2 2 2 2 2 2 2 2 2 2 2 2 2 2 2 2 2 2 2 2 2
left_child=1 5 3 4 18 48 8 -5 28 12 54 13 -4 57 23 22 19 25 -2 21 -10 35 -8 -15 49 60 50 44 61 30 -16 32 -22 -19 -35 -17 59 39 -39 40 41 47 -42 -44 45 -6 -47 -13 -1 -23 -21 -24 -53 -54 55 -11 -51 58 -9 -12 -3 -7
right_child=2 17 9 7 27 6 15 11 20 10 36 37 -14 14 29 16 -18 33 -20 26 31 24 51 -25 -26 -27 -28 -29 -30 -31 -32 -33 -34 34 -36 -37 -38 38 -40 -41 42 -43 43 -45 -46 46 -48 -49 -50 56 -52 52 53 -55 -56 -57 -58 -59 -60 -61 -62 -63
leaf_value=0.00035127010271918444 -0.0002242919807285224 0.00019025195557647998 -0.0051806995527731488 -0.00087476654411303395 -0.00026533250058483125 -0.0030032001112098327 -0.0002127469267367463 -0.0013260380739811809 0.00049039632619438903 -0.0019859174919799219 -0.00095189439460732555 5.9647392495565373e-05 -0.00096217517572708589 -0.0023563291695455767 -0.005752849198555148 -0.0026076264148877253 0.00069715587621488025 -0.00073447958693371822 -0.0011702475010613846 -0.00036423642150438065 -3.7243950480620258e-05 -0.0001754062222111909 0.00023938540616705436 -0.00046118989725126285 -0.00063798556964539247 -0.0009055324326000219 -0.00050177726602328751 -0.00093379547737874023 0.00044298127332148237 3.9118400619999191e-05 -0.00059549251995322846 0.00026751883536329363 -0.00078552321893977917 0.0042941134532584859 5.7442580969224175e-05 0.0010915711795771743 0.0016901024809840442 -0.003071886042397554 0.00064960551286055192 -0.0012021616014885562 -0.00045809745865816708 0.0048489416670054195 0.0017897097753813941 -0.0030933874605975692 0.00022501758932675072 -0.0072062138567720955 -0.0020444497388409344 0.0030229729672143122 -0.00028878266205811662 0.00025189644607113813 5.6772526207262318e-05 -0.0050496922507064735 -0.00018751091577371193 0.0023676476463566575 6.9122158351310857e-05 -0.00037741178524236199 -0.00076133709009796626 0.0014853119722843576 0.0006431932916914733 -0.0023140428223928904 -0.00028732278479640647 -0.00024092825610080312
leaf_weight=5472 82222 16057 159 5350 835 244 14367 584 14788 887 3213 1640 22036 824 126 587 10612 12664 3032 14923 21700 14227 226956 3709 3909 3216 15367 23970 97007 64706 280 17317 4551 152 553 186 220 219 2253 4336 4141 116 110 576 3234 109 228 244 27630 62654 35872 187 11072 504 9140 4129 1691 1851 2822 1249 13359 1849
leaf_count=5472 82222 16057 159 5350 835 244 14367 584 14788 887 3213 1640 22036 824 126 587 10612 12664 3032 14923 21700 14227 226956 3709 3909 3216 15367 23970 97007 64706 280 17317 4551 152 553 186 220 219 2253 4336 4141 116 110 576 3234 109 228 244 27630 62654 35872 187 11072 504 9140 4129 1691 1851 2822 1249 13359 1849
internal_value=-1.51615e-08 0.000130577 -0.000341363 -0.000262845 -0.000397163 0.000160919 0.000180871 -0.000100279 0.000313055 -0.00073844 -0.000438919 -5.34698e-05 -0.000992628 2.36186e-05 -2.90282e-05 0.000130489 2.7891e-05 -0.000267598 -0.000257948 -1.96467e-05 0.000128544 9.81926e-05 0.000195362 -0.000806128 0.000115227 -0.00011328 -0.000167927 -0.000815405 0.000421703 2.50839e-05 -0.00220625 5.71412e-06 -0.000166994 -0.00064423 0.000975669 -0.00171726 -0.00119121 -0.000476915 0.000318801 -0.000653136 -0.00030431 0.000702567 -0.000721555 -0.00230892 -0.000171261 -0.00126401 -0.00373036 0.000444833 -0.00018297 0.000152708 -6.69199e-05 0.000219924 -0.000155558 -7.60686e-05 -0.000190037 -0.00066219 0.000225257 0.000720959 0.000305255 -0.00133362 -2.66365e-05 -0.000564232
internal_weight=898223 649673 248550 207517 113630 603672 570570 93887 157456 41033 18838 88537 22195 74902 69645 413114 160028 46001 85254 149416 58356 83254 253086 4533 82481 32632 66162 28376 99100 65112 406 43568 26251 13369 705 773 4682 13635 2472 11163 6827 2000 4827 686 4406 1172 337 1884 33102 78572 50795 238719 11763 11576 14156 5016 64345 5257 3406 4462 29416 2093
internal_count=898223 649673 248550 207517 113630 603672 570570 93887 157456 41033 18838 88537 22195 74902 69645 413114 160028 46001 85254 149416 58356 83254 253086 4533 82481 32632 66162 28376 99100 65112 406 43568 26251 13369 705 773 4682 13635 2472 11163 6827 2000 4827 686 4406 1172 337 1884 33102 78572 50795 238719 11763 11576 14156 5016 64345 5257 3406 4462 29416 2093
is_linear=0
shrinkage=0.03


Tree=25
num_leaves=63
num_cat=0
split_feature=2 0 2 5 0 8 4 2 7 10 7 10 2 10 6 7 8 4 2 8 4 10 3 4 7 3 7 3 9 10 8 9 8 8 10 4 10 6 0 10 10 0 10 10 6 4 4 5 10 4 9 6 9 0 7 4 5 7 7 10 10 2
split_gain=42.0544 10.7545 5.35672 5.13218 4.78788 3.21996 3.21808 2.93278 2.92645 2.85957 2.85047 2.81423 2.56791 2.50996 4.17368 2.71355 2.40737 2.73295 2.30613 2.94687 2.2992 2.27569 2.12247 2.05226 2.03232 2.00465 2.00342 1.9526 1.93956 2.66958 2.07759 1.93278 1.93153 2.65225 3.44973 3.37834 2.04409 1.96308 1.91105 1.90091 1.88487 2.37931 2.35054 1.85725 1.78874 2.0066 1.78606 3.04073 1.78556 1.77998 1.74913 1.73093 1.7288 2.31073 1.71492 2.32671 1.69829 1.79527 2.40083 4.35315 4.06345 2.624
threshold=0.3133928571428572 0.37321428571428578 0.022350230414746545 -0.41042780748663094 0.40767045454545459 -1.0000000180025095e-35 -0.32085561497326193 0.3928571428571429 0.49285714285714294 0.40767045454545459 0.10303030303030304 -0.40767045454545447 -0.3898268398268398 -0.090992647058823525 0.41302521008403364 -0.46824596774193544 0.46824596774193555 -0.066964285714285712 0.44028520499108742 -0.26904761904761904 0.40767045454545459 0.44201680672268912 0.42488479262672812 0.48571428571428577 -0.046920821114369508 0.44201680672268912 -0.43844696969696967 0.46922348484848492 -0.11527514231499052 0.32085561497326209 0.39113300492610842 -0.24642857142857141 -0.28456439393939387 -0.37689393939393934 0.15571120689655174 -0.41042780748663094 0.32807881773399022 -0.38057040998217462 -0.35504201680672259 -0.25378787878787873 -0.073593073593073585 -0.030776515151515135 0.48571428571428577 -0.47014260249554363 0.24642857142857147 -0.30947580645161282 0.436491935483871 0.47100840336134459 -0.47100840336134447 -0.42488479262672801 0.25378787878787884 -0.47014260249554363 -0.46720430107526878 -0.32085561497326193 -0.30322580645161284 0.14076246334310852 -0.41302521008403353 0.27346041055718479 0.46720430107526889 0.22570532915360506 0.44201680672268912 0.47100840336134459
decision_type=2 2 2 2 2 2 2 2 2 2 2 2 2 2 2 2 2 2 2 2 2 2 2 2 2 2 2 2 2 2 2 2 2 2 2 2 2 2 2 2 2 2 2 2 2 2 2 2 2 2 2 2 2 2 2 2 2 2 2 2 2 2
left_child=1 2 3 52 8 9 51 -6 16 -3 25 -10 -11 14 15 -9 18 -18 44 -20 32 46 -7 28 -25 -8 -17 -14 54 -30 -31 -15 33 34 -5 36 -36 -34 -38 -19 43 42 -42 -39 -2 -46 47 -12 -47 -24 -16 -4 53 -1 -21 -56 -33 -58 60 -60 -59 -61
right_child=4 5 6 20 7 22 10 13 11 12 21 -13 27 31 50 26 17 39 19 23 -22 -23 49 24 -26 -27 -28 -29 29 30 -32 56 37 -35 35 -37 38 40 -40 -41 41 -43 -44 -45 45 48 -48 -49 -50 -51 -52 -53 -54 -55 55 -57 57 58 59 61 -62 -63
leaf_value=-0.0017093593153766655 -0.00013928225472819661 8.3927411051463224e-05 0.00081380789061174781 5.0751999662501008e-05 -0.00028973555368100984 -0.00024740905597215625 0.00014246437310756462 -0.0043558779395900145 -0.0026687804378440669 -0.0056357279571804027 -3.0965199651935961e-05 -0.00068906785174502284 -0.00033945937630490148 -0.0019977850635009447 -0.00020792424472954773 0.0022168674840891763 -0.00096843211992343227 -0.00033957302208990306 0.00049419027205512781 -0.0016881328123934914 -0.00040861249339308982 -0.00067549157678568742 -0.0031156393923764962 0.0039791658225426961 8.8393008189919167e-05 0.0027949501532161651 -0.0010099813132312973 -0.0024518132298743081 -0.00024071380600182007 -0.001880320226670805 0.00059108969824388615 -0.0047701529225352961 -7.5170614220519864e-05 0.00054108726384428756 0.00032780671092405095 0.00062643312622702235 -0.00071737801046110688 -0.00030921943140185229 -0.0044683692146853943 0.00072289475551497759 0.00023726387887142763 3.8394743134446237e-05 0.00098932358499962216 0.00036146750575759393 -0.0021880145664194689 -0.0036916713829108529 -0.00072869471439000408 0.0017174895609633005 -0.00039311651731828895 -0.00068098786182304476 0.0036614251399483036 -0.00043983453760583008 -3.9690764849743416e-05 0.00049878428979168951 5.2434056040438979e-05 -0.001086346358095311 -0.00043126426926150816 -0.0016322691917668921 -0.00018955786806847992 -0.00069779019321849795 0.001203365327545964 -0.002436096643484906
leaf_weight=1256 60721 22089 1052 35996 17781 17700 116936 214 724 102 74972 5966 1830 1509 13067 176 1488 2076 2271 2490 4871 5410 274 131 1428 256 8175 501 9954 1676 374 100 20562 42254 399 19095 249 3871 240 5608 85283 71981 3911 92373 598 148 3245 905 17093 15983 105 16921 52858 645 2178 6242 6070 6744 5479 1521 487 1609
leaf_count=1256 60721 22089 1052 35996 17781 17700 116936 214 724 102 74972 5966 1830 1509 13067 176 1488 2076 2271 2490 4871 5410 274 131 1428 256 8175 501 9954 1676 374 100 20562 42254 399 19095 249 3871 240 5608 85283 71981 3911 92373 598 148 3245 905 17093 15983 105 16921 52858 645 2178 6242 6070 6744 5479 1521 487 1609
internal_value=-1.58493e-08 0.000104247 0.000139021 0.000199907 -0.000404164 -0.000285567 1.82331e-05 -0.000616213 -0.00029384 -2.36058e-05 5.25057e-05 -0.000903682 -0.000999524 -0.000744476 -0.000512042 -0.00102752 -0.000258193 0.000207939 -0.000298795 -0.00053941 0.00023893 -8.02756e-05 -0.000474736 -0.000635341 0.000417669 0.000148282 -0.000941717 -0.000794323 -0.000706999 -0.00044381 -0.00142937 -0.000959268 0.000247315 0.000361665 0.000226227 0.000542297 -0.00126558 0.000206905 -0.00256372 0.000435839 0.000229437 0.000166705 0.000270251 0.000334489 -0.000216877 -0.000480976 -3.95694e-05 -1.00887e-05 -0.000421644 -0.000722211 -0.000176804 -0.000366415 -7.16666e-05 -0.000960279 -0.000996512 -0.000791807 -0.00088798 -0.000870045 -0.00103815 -0.000699527 -0.00144115 -0.00159187
internal_weight=898223 714020 655541 435844 184203 58479 219697 63037 121166 24522 201724 6690 2433 45256 21737 8565 114476 9172 105304 26744 381085 84532 33957 24473 1559 117192 8351 2331 22914 12004 2050 23519 376214 98233 55979 19983 888 277981 489 7684 257419 161175 89194 96244 78560 17839 79122 75877 17241 16257 13172 17973 54759 1901 10910 8420 22010 21910 15840 8609 7231 3130
internal_count=898223 714020 655541 435844 184203 58479 219697 63037 121166 24522 201724 6690 2433 45256 21737 8565 114476 9172 105304 26744 381085 84532 33957 24473 1559 117192 8351 2331 22914 12004 2050 23519 376214 98233 55979 19983 888 277981 489 7684 257419 161175 89194 96244 78560 17839 79122 75877 17241 16257 13172 17973 54759 1901 10910 8420 22010 21910 15840 8609 7231 3130
is_linear=0
shrinkage=0.03


Tree=26
num_leaves=63
num_cat=0
split_feature=2 1 5 3 4 0 3 9 8 3 2 7 2 7 9 2 8 4 2 8 7 9 7 9 2 9 2 2 0 3 8 9 8 6 3 4 4 7 1 2 0 6 8 9 8 9 7 7 8 1 7 7 8 6 4 1 5 5 1 9 8 7
split_gain=39.5694 10.7815 5.9699 5.10528 5.65421 4.505 3.56298 3.4197 3.31366 3.29771 2.96413 2.88443 2.75954 2.75361 2.38888 2.35824 2.2651 2.57151 2.16979 2.77274 2.15177 2.32182 2.13753 2.1204 2.37374 2.08622 2.57884 2.09976 2.19844 2.02286 2.0849 1.97505 2.0891 2.09288 2.16514 1.93127 1.91645 1.91312 1.88125 1.87865 1.87154 2.65759 5.29003 1.82496 1.91394 2.37292 2.3093 2.35016 2.08306 1.8135 1.81177 1.77906 1.75994 2.28902 1.7116 1.70053 3.6736 2.30548 1.8843 1.70006 1.69504 2.07317
threshold=0.3133928571428572 0.30151515151515157 0.41042780748663105 0.22301136363636367 -0.35504201680672259 0.40767045454545459 0.42488479262672812 0.38403361344537817 -0.030330882352941176 -0.3507130124777183 -0.074643493761140808 0.33095238095238105 0.3928571428571429 0.49285714285714294 -0.39827586206896548 0.044155844155844122 0.46824596774193555 -0.066964285714285712 0.44028520499108742 -0.26904761904761904 0.44028520499108742 0.3550420168067227 0.1566964285714286 -0.25809822361546492 -0.46824596774193544 -0.014718614718614713 -0.45529953917050686 -0.24642857142857141 -0.43202764976958524 0.47014260249554374 0.44028520499108742 0.44201680672268912 -0.046920821114369508 -0.43218390804597695 0.10948191593352886 0.48571428571428577 0.32085561497326209 -0.046920821114369508 0.46922348484848492 0.47014260249554374 -0.47014260249554363 0.38057040998217473 -0.18660714285714283 -0.11527514231499052 0.38057040998217473 0.38057040998217473 0.3550420168067227 -0.44028520499108731 -1.0000000180025095e-35 0.4781385281385282 -0.47014260249554363 0.18660714285714289 0.26904761904761915 -0.39113300492610831 -1.0000000180025095e-35 0.022350230414746545 0.043487394957983157 -0.029857397504456314 0.16190476190476191 0.40473790322580649 0.38403361344537817 -0.32085561497326193
decision_type=2 2 2 2 2 2 2 2 2 2 2 2 2 2 2 2 2 2 2 2 2 2 2 2 2 2 2 2 2 2 2 2 2 2 2 2 2 2 2 2 2 2 2 2 2 2 2 2 2 2 2 2 2 2 2 2 2 2 2 2 2 2
left_child=1 2 3 4 10 13 9 11 55 -3 23 15 -7 16 22 54 18 -18 59 38 31 -22 -8 24 40 -10 -27 28 -28 -23 49 32 33 -14 -35 43 -11 -37 39 -20 41 42 -1 60 45 46 47 -45 -47 -31 -16 -9 -42 -54 -5 57 -57 -6 -58 -2 61 -21
right_child=5 6 -4 7 8 12 14 51 25 36 -12 -13 20 -15 50 -17 17 -19 19 35 21 29 -24 -25 -26 26 27 -29 -30 30 -32 -33 -34 34 -36 37 -38 -39 -40 -41 52 -43 -44 44 -46 48 -48 -49 -50 -51 -52 -53 53 -55 -56 56 58 -59 -60 -61 -62 -63
leaf_value=0.0038192594564326341 -0.00016977884297630206 -0.0010739647902024837 0.000992249827692137 -1.597629198747327e-05 0.00029313373769434859 -0.00028104397343421054 -0.0004092079332414349 -0.00073847334806934528 0.00024095386891980481 0.00023242617905521782 -0.00036581279717046573 -0.00042006316286546979 -0.0037949816103012585 -0.00087658622266366967 -0.0041647684355037374 -0.00011119960874656046 -0.00093939867142955045 0.0004227654306927985 9.4165847622326064e-05 -0.0015779041817497602 -0.00042982477669332541 4.8874150747477232e-05 -0.0027604781486144725 0.00013390987297106196 -0.00038052903329113569 -0.0012704027805765085 -0.00098359406920367183 -9.4954488575531797e-06 0.00036654404032509836 -0.0024230928139111615 -0.0015722796399788637 0.00059380163761214855 -0.0011141409529715754 -0.0044142963721015309 -0.00012831858163341381 0.0038606952133969485 -0.00018012748448409036 8.574307005413927e-05 -0.0017258649114286141 0.0020038806539050421 0.0004435364828846811 0.0044389021494115385 -0.0015213946944137137 -0.0016449733969814125 0.00020536486459829341 0.00034927973711244647 -0.0015843539634312288 2.3375155207727463e-07 -0.0027312777488604531 -0.0073440555620172447 -0.00049304911217145676 -2.1519502218256262e-05 -0.004661284879497859 -0.00042068000965919536 0.00035839761220478518 -0.00018848400845248353 0.00048582991495805969 0.00057807009466529196 0.00011297783151265703 -0.00069017604350319478 -0.0016063776733405677 -0.00047138868651531453
leaf_weight=283 72433 3168 7323 17936 123530 17781 587 9205 85287 13445 19162 12318 154 6690 121 35631 1488 7684 1225 2031 20675 423 855 63510 16513 1326 1137 86724 23519 151 714 746 18200 108 3962 131 41141 1428 301 745 2817 224 404 910 3144 261 1385 5495 809 123 14336 4708 137 676 28383 18491 25564 32225 23334 6127 2778 6101
leaf_count=283 72433 3168 7323 17936 123530 17781 587 9205 85287 13445 19162 12318 154 6690 121 35631 1488 7684 1225 2031 20675 423 855 63510 16513 1326 1137 86724 23519 151 714 746 18200 108 3962 131 41141 1428 301 745 2817 224 404 910 3144 261 1385 5495 809 123 14336 4708 137 676 28383 18491 25564 32225 23334 6127 2778 6101
internal_value=-1.65064e-08 0.000101119 0.000140654 0.000130801 0.00016948 -0.000392042 -0.000242614 -5.68538e-05 0.000218347 -0.000133131 -2.89249e-05 7.94714e-06 -0.000597732 -0.000285028 -0.000640285 7.22862e-05 -0.000250449 0.000201699 -0.000289833 -0.000523228 -0.000722149 -0.000510232 -0.00180429 4.74165e-05 -0.000213487 0.000129009 4.4296e-05 5.9959e-05 0.000304246 -0.00168727 -0.00242988 -0.000924121 -0.000974644 -0.000373469 -0.000243106 -0.000616281 -7.85096e-05 0.000405217 0.000479371 0.000817018 0.000393898 0.00160884 0.000680966 -0.000685795 -0.0004305 -0.000656136 -0.000474034 -0.000233732 -0.00198023 -0.00465081 -0.000524066 -0.000495883 8.86335e-05 -0.00114012 0.000213432 0.000297614 0.000171704 0.000352089 0.000307912 -0.000210374 -0.000966624 -0.000747905
internal_weight=898223 714020 640367 633044 524863 184203 73653 108181 421137 57754 103726 94268 63037 121166 15899 81950 114476 9172 105304 26744 45256 22086 1442 84564 21054 197993 112706 111380 24656 1411 988 23170 22424 4224 4070 24473 54586 1559 2271 1970 4541 911 687 22914 12004 8860 7790 6405 1070 274 14457 13913 3630 813 46319 223144 67389 155755 48898 78560 10910 8132
internal_count=898223 714020 640367 633044 524863 184203 73653 108181 421137 57754 103726 94268 63037 121166 15899 81950 114476 9172 105304 26744 45256 22086 1442 84564 21054 197993 112706 111380 24656 1411 988 23170 22424 4224 4070 24473 54586 1559 2271 1970 4541 911 687 22914 12004 8860 7790 6405 1070 274 14457 13913 3630 813 46319 223144 67389 155755 48898 78560 10910 8132
is_linear=0
shrinkage=0.03


Tree=27
num_leaves=63
num_cat=0
split_feature=2 1 0 4 5 11 2 11 5 0 3 10 11 10 7 4 10 7 10 1 3 7 7 0 1 5 0 2 9 2 5 4 3 10 5 9 7 10 10 11 7 9 11 10 7 11 10 9 11 5 7 5 9 2 11 11 3 5 10 7 9 7
split_gain=37.318 7.56321 7.35859 4.98116 4.96047 4.87709 6.41687 4.47913 3.61197 3.60551 3.26769 3.6543 3.25867 3.5466 2.88939 2.67066 2.58185 2.53304 2.53053 2.92028 2.47911 2.73138 2.45281 2.36985 2.31849 2.34667 2.27544 2.2108 3.04288 2.37029 2.16045 2.35243 2.26133 2.24138 2.2004 2.12813 2.40485 2.11091 2.72162 2.0523 2.03386 1.99232 1.96494 3.00252 2.43765 2.63453 2.23472 2.21588 2.17874 2.13819 2.08654 2.17222 1.94774 2.9864 2.05509 1.94413 1.93831 2.08044 1.86986 2.06689 1.86696 2.04508
threshold=0.24217986314760512 0.26806722689075635 0.44870129870129877 -0.442016806722689 0.41042780748663105 0.15111561866125764 0.41042780748663105 -0.24642857142857141 -0.29705882352941171 -0.442016806722689 0.14611005692599624 -0.11916835699797161 0.27281105990783416 0.12284482758620692 -0.46824596774193544 0.45529953917050697 0.18660714285714289 -0.47014260249554363 0.43844696969696978 0.4320276497695853 -0.3507130124777183 0.30947580645161293 -0.4499999999999999 0.47014260249554374 -0.38057040998217462 -0.442016806722689 -0.33095238095238094 -0.096874999999999975 -0.23431372549019605 -0.47014260249554363 0.47100840336134459 0.34611742424242431 0.23128342245989311 -0.4541871921182265 0.11359447004608299 -0.47100840336134447 0.41302521008403364 -0.44028520499108731 -0.43844696969696967 0.38057040998217473 0.31534090909090917 0.47100840336134459 0.22144396551724141 0.24642857142857147 -0.044155844155844164 -0.015640273704789816 0.46824596774193555 -0.15669642857142854 0.47014260249554374 -0.23193277310924368 0.39827586206896559 -0.40767045454545447 -0.29705882352941171 0.48571428571428577 -0.17156862745098037 -0.030330882352941176 0.41302521008403364 -1.0000000180025095e-35 0.23030303030303031 0.33095238095238105 0.35960591133004927 -0.26904761904761904
decision_type=2 2 2 2 2 2 2 2 2 2 2 2 2 2 2 2 2 2 2 2 2 2 2 2 2 2 2 2 2 2 2 2 2 2 2 2 2 2 2 2 2 2 2 2 2 2 2 2 2 2 2 2 2 2 2 2 2 2 2 2 2 2
left_child=1 3 5 23 7 6 15 27 17 -10 37 -12 14 -14 -4 30 35 39 20 -20 -3 -22 -19 24 25 -1 52 29 -29 -5 31 32 34 40 -2 36 -11 -9 -39 -7 -33 -15 44 -44 47 -46 48 49 -45 -40 51 -50 53 -8 -55 -23 -57 -58 59 -30 61 -13
right_child=2 18 12 4 -6 8 26 10 9 16 11 60 13 41 -16 -17 -18 22 19 -21 21 55 -24 -25 -26 -27 -28 28 58 -31 -32 33 -34 -35 -36 -37 -38 38 42 -41 -42 -43 43 46 45 -47 -48 -49 50 -51 -52 -53 -54 54 -56 56 57 -59 -60 -61 -62 -63
leaf_value=-0.00031115198006277775 -0.00020256748391344888 -0.00093678358041008648 -0.0049435688435041803 -0.00058357498199856364 0.0011730951576013487 -0.00072126684226685948 -0.00022026464449320852 -0.00022909689544443261 -0.00094599090724365115 -0.0002054209434456465 0.00022927940135000438 0.00032457631958263637 -0.00015274587621187124 -0.0012426625807325012 -0.00089681726064995144 -0.0011164308251811271 -0.00029833978480077461 -0.0032149373928434216 -0.00054805104585724273 -0.0027818120314696353 4.5557552872506732e-05 -0.00076542745046253192 -0.00078979914072800487 -0.0034867225484613669 -0.0012966868971557475 0.00022857729910811397 -0.00087819001590446724 0.00053480698661855744 5.1389525943796199e-06 0.00043642177612282767 0.0007994984330817927 -0.0010020223375711891 -0.00042158110665275111 -0.00046313929671194586 0.00023608909631699622 0.00012909294155040744 -0.0031991468030245522 0.0013580835910460348 -0.00020569082563434905 0.0016434133282452596 -0.0048477460336024784 0.0016764302500860758 0.00016045182412972276 -0.00050586916956126785 -3.9467238042710306e-05 0.00028527458109478982 0.00036114368073177972 0.00041795859894298154 -0.0026137614879466124 0.0003264645852949193 0.0047657391329360473 0.00070305969476623913 0.00024338388649553891 -0.0069340623948215083 -0.0019279130379868648 0.00011404558367996948 -0.0047268233184253666 -0.00057758206017639673 0.00031532500110913598 -0.00080540219939927854 -0.00045178299405514589 -0.00016905000760447235
leaf_weight=20745 24773 3169 159 2102 4475 638 835 11667 3653 718 31411 9351 14156 4462 22036 3032 18199 399 4484 596 47055 7266 6129 195 1588 11144 23970 16202 28899 82297 1864 332 18014 19437 17605 63105 363 1761 11694 683 197 220 65101 16001 46986 43114 4421 72728 199 16219 100 1594 3234 109 228 8289 111 3790 16953 3138 15547 39281
leaf_count=20745 24773 3169 159 2102 4475 638 835 11667 3653 718 31411 9351 14156 4462 22036 3032 18199 399 4484 596 47055 7266 6129 195 1588 11144 23970 16202 28899 82297 1864 332 18014 19437 17605 63105 363 1761 11694 683 197 220 65101 16001 46986 43114 4421 72728 199 16219 100 1594 3234 109 228 8289 111 3790 16953 3138 15547 39281
internal_value=-1.71993e-08 0.000119587 -0.000312645 0.000156499 0.000178524 -0.000240057 -0.000372256 0.00017023 -8.00563e-05 -2.38506e-05 0.000116363 -3.58547e-05 -0.000679731 -0.000389508 -0.000926029 -0.000242188 1.70486e-05 -0.000696081 -0.000164264 -0.000810618 -0.000117131 -7.80639e-05 -0.000938497 -0.000197532 -0.000178269 -0.000122536 -0.000763017 0.00030965 0.000178422 0.000411012 -0.000209936 -0.000233361 -0.000140026 -0.000515652 -2.03361e-05 0.000106476 -0.00121274 0.000166264 0.000182743 0.000501668 -0.00244062 -0.00110517 0.000175297 5.75147e-05 0.000229276 0.000115927 -0.000242784 0.000330751 -0.000392006 0.000103522 0.000570205 0.000333683 -0.000136382 -0.00118361 -0.00356284 -0.000377034 -0.000145483 -0.000696827 6.05495e-05 -7.42756e-05 -0.00016562 -7.41304e-05
internal_weight=898223 649673 248550 574913 541241 207517 113630 536766 93887 86038 387175 95590 41033 18838 22195 85254 82385 7849 74760 5080 69680 66511 6528 33672 33477 31889 28376 149591 65192 84399 82222 80358 60392 19966 42378 64186 1081 291585 279918 1321 529 4682 278157 87416 190741 90100 22315 100641 17894 27913 1893 1793 4406 1172 337 19456 12190 3901 48990 32037 64179 48632
internal_count=898223 649673 248550 574913 541241 207517 113630 536766 93887 86038 387175 95590 41033 18838 22195 85254 82385 7849 74760 5080 69680 66511 6528 33672 33477 31889 28376 149591 65192 84399 82222 80358 60392 19966 42378 64186 1081 291585 279918 1321 529 4682 278157 87416 190741 90100 22315 100641 17894 27913 1893 1793 4406 1172 337 19456 12190 3901 48990 32037 64179 48632
is_linear=0
shrinkage=0.03


Tree=28
num_leaves=63
num_cat=0
split_feature=2 1 11 2 2 5 8 11 5 8 6 4 7 8 6 7 8 11 4 5 11 8 4 1 8 0 3 5 11 11 5 7 1 11 5 8 6 2 8 0 11 11 7 11 3 5 11 6 5 8 1 8 4 4 0 6 3 4 1 11 2 1
split_gain=35.1841 9.67297 6.73527 5.69256 4.96188 4.46315 3.74786 3.61417 3.43672 2.74217 2.73349 3.03904 2.59478 2.58539 2.42253 2.3794 2.37351 2.7529 2.25437 3.48209 3.26649 2.79252 2.14018 2.57285 2.13668 2.09376 2.6462 2.062 2.0487 2.00057 1.97818 2.36612 2.15265 1.96722 1.91891 1.87444 1.84638 1.80853 1.80642 2.90819 3.98402 3.43063 3.16055 3.25999 2.81982 2.19316 2.63789 2.16532 1.79167 1.73056 1.73039 1.82722 1.72561 1.93602 1.71561 1.71244 2.02977 1.78171 2.04572 1.70224 2.13196 2.00548
threshold=0.3133928571428572 0.38057040998217473 0.15571120689655174 0.44028520499108742 0.022350230414746545 -0.41042780748663094 -0.3507130124777183 -0.23861480075901326 0.41302521008403364 0.22144396551724141 0.32555780933062883 0.45529953917050697 0.46720430107526889 0.43844696969696978 0.46609195402298859 0.43844696969696978 -0.37298387096774188 -0.40767045454545447 0.38057040998217473 -0.17694497153700187 0.23861480075901334 -0.37689393939393934 -0.32605042016806712 0.089572192513369023 -0.090992647058823525 0.46824596774193555 -0.442016806722689 0.38403361344537817 0.044155844155844122 0.14611005692599624 -0.13435828877005343 -0.46922348484848481 0.13435828877005349 0.19331243469174511 0.061553030303030283 0.47100840336134459 0.49285714285714294 0.022350230414746545 0.46720430107526889 0.22393048128342249 -0.23861480075901326 -0.15111561866125756 0.46824596774193555 -0.22144396551724135 -0.078201368523949141 -0.19848484848484846 -0.14076246334310846 0.32807881773399022 0.29705882352941182 0.48571428571428577 -0.19407308377896609 -0.18660714285714283 -0.38057040998217462 0.12132352941176473 -0.3898268398268398 -0.44028520499108731 0.053605313092979119 -0.030330882352941176 -0.014928698752228157 0.46720430107526889 -0.21651785714285712 -0.44028520499108731
decision_type=2 2 2 2 2 2 2 2 2 2 2 2 2 2 2 2 2 2 2 2 2 2 2 2 2 2 2 2 2 2 2 2 2 2 2 2 2 2 2 2 2 2 2 2 2 2 2 2 2 2 2 2 2 2 2 2 2 2 2 2 2 2
left_child=1 4 3 10 5 -1 -4 48 9 22 11 16 15 -13 55 -12 17 -2 21 -20 37 -3 28 34 -14 26 -8 -26 -6 -18 33 -32 -33 -28 -24 -35 52 54 -5 40 44 42 -41 -44 -40 -42 -47 -43 -7 -48 51 -30 -27 -54 -21 59 -57 -58 -59 -9 61 -61
right_child=2 18 6 38 8 7 25 14 -10 -11 12 13 24 -15 -16 -17 29 -19 19 20 -22 -23 23 -25 27 36 30 -29 50 -31 31 32 -34 35 -36 -37 -38 -39 39 41 45 47 43 -45 -46 46 49 -49 -50 -51 -52 -53 53 -55 -56 56 57 58 -60 60 -62 -63
leaf_value=-7.4021357306535001e-05 -0.0036811606293641374 0.0019519917075200501 0.0006360152852577421 -0.0011037738041972871 6.0204457037659971e-05 0.00033129429513688606 -0.00087231396605456815 -0.00027933625593740949 0.00064431506804776459 -0.00019290750540077066 -0.00073538226245898469 -0.0015540053715308629 0.0041736101704860492 0.001411060492159654 -0.00040474557595848655 -0.0017816603300549647 -0.00013430784592348809 -0.00071344100508429495 -0.0053253715225745606 -0.0046330670882123058 -6.5219107356018295e-05 -9.2684733920872408e-05 0.00013029532123199242 -3.6952768508144019e-05 -0.0010418762175745226 0.0031713630193296598 -0.0019981229861312185 0.00041435978925236642 7.0095001979878825e-05 -0.0019060484394121321 -0.0018581418602108175 0.00043006723085305961 -9.7965890581010428e-05 -0.00029021783411874982 0.00051049735479633364 -0.0026340303536521912 -0.00016028037350785833 -0.00055294017382922069 -0.0046011146833694989 -0.0015899632358071017 0.0044343732943525538 -0.0034714042337914163 -0.0001736825692916839 0.0030554822925176494 0.00070733949141867927 0.0033462000156732953 0.0013061609803081816 -0.0011538205663341348 0.0009027784897418196 -0.0011986385116381853 -0.0022575790432028237 -0.00096990004249905288 -0.0024970849003304232 -0.00067019939383514864 -0.0011465335178323563 0.00024775896317220762 -9.5273975180228311e-05 0.00059477041247780593 9.9147047148845745e-05 0.0056365855465378241 -0.00090925537958813976 0.0012275937617819217
leaf_weight=55292 308 672 4661 17745 6657 107254 4315 11513 7365 57373 11800 2515 105 295 6756 2345 39695 3152 133 130 10804 5631 56038 79445 1422 101 755 2272 2614 581 636 8167 46541 7102 15184 320 9097 13629 206 593 167 408 717 462 159 281 497 3242 5175 494 572 3633 544 12503 4324 170876 35060 8885 47893 108 370 634
leaf_count=55292 308 672 4661 17745 6657 107254 4315 11513 7365 57373 11800 2515 105 295 6756 2345 39695 3152 133 130 10804 5631 56038 79445 1422 101 755 2272 2614 581 636 8167 46541 7102 15184 320 9097 13629 206 593 167 408 717 462 159 281 497 3242 5175 494 572 3633 544 12503 4324 170876 35060 8885 47893 108 370 634
internal_value=-1.79904e-08 9.53486e-05 -0.000369683 -0.000556365 0.000120539 0.000178401 -0.000193403 0.000213778 6.82383e-06 -1.43744e-05 -0.000407442 -0.000286162 -0.000722004 -0.00124233 0.000156454 -0.000908951 -0.000224701 -0.000978607 -0.000388655 -0.000500347 -0.000477948 0.000125585 4.80292e-05 8.0427e-05 -2.58809e-05 -0.000236325 -0.000153497 -0.000146346 -0.00031417 -0.000159913 -0.000104655 -4.02995e-05 -1.91329e-05 -0.000540171 0.000211358 -0.000391613 -0.00048889 -0.000724522 -0.000940941 -0.000540973 0.00050221 -0.000888087 0.000194893 0.00109321 -0.00229305 0.00121232 0.000786151 -0.00141376 0.000357607 5.76029e-05 -0.000679606 -0.000534782 -0.000716222 -0.000746558 -0.00124931 0.000170225 0.000186627 7.28806e-05 0.000176715 -0.000171052 0.000949305 0.00187606
internal_weight=898223 714020 184203 89461 678697 449816 94742 394524 228881 221516 64490 46546 17944 2810 282095 14145 43736 3460 35323 29020 28887 6303 164143 150667 3799 90081 67836 3694 13476 40276 63521 55344 54708 8177 71222 7422 22245 18083 24971 7226 1804 5422 1772 1179 365 1439 1272 3650 112429 991 6819 6247 13148 13047 4454 275339 262714 91838 56778 12625 1112 742
internal_count=898223 714020 184203 89461 678697 449816 94742 394524 228881 221516 64490 46546 17944 2810 282095 14145 43736 3460 35323 29020 28887 6303 164143 150667 3799 90081 67836 3694 13476 40276 63521 55344 54708 8177 71222 7422 22245 18083 24971 7226 1804 5422 1772 1179 365 1439 1272 3650 112429 991 6819 6247 13148 13047 4454 275339 262714 91838 56778 12625 1112 742
is_linear=0
shrinkage=0.03


Tree=29
num_leaves=63
num_cat=0
split_feature=1 8 3 11 11 5 11 11 1 11 3 7 10 0 9 11 11 1 8 7 7 10 3 5 9 6 8 6 5 1 7 1 9 6 9 11 11 10 7 0 0 5 6 7 0 6 0 11 11 8 11 11 6 8 8 10 11 8 11 0 1 1
split_gain=30.6053 7.51291 6.97852 6.24578 5.01585 4.42063 3.63881 3.58426 3.55871 3.4304 3.40906 3.31623 3.01357 2.93387 2.81825 2.7811 2.7587 2.71675 3.08018 2.79638 3.89535 3.4719 2.57033 2.5181 2.51653 2.75185 2.69175 3.1908 2.46697 2.93407 2.409 2.89478 2.68675 2.6608 2.36727 3.10556 2.70015 2.52658 2.36685 2.35181 2.25823 2.24265 2.23784 2.19389 2.18537 2.17781 2.25915 2.17498 2.12442 2.09964 2.51374 2.07142 2.7834 2.40835 2.06412 2.83525 2.33546 2.81706 2.23314 2.17568 2.05865 2.02327
threshold=0.38057040998217473 -1.0000000180025095e-35 0.38403361344537817 0.25378787878787884 -0.46824596774193544 0.35071301247771841 0.38403361344537817 -0.47014260249554363 0.436491935483871 0.44201680672268912 0.22301136363636367 -0.35504201680672259 0.33602150537634418 0.48571428571428577 0.40161290322580651 -0.073593073593073585 0.34611742424242431 0.45529953917050697 0.39827586206896559 0.47100840336134459 0.31534090909090917 -0.16190476190476188 0.47014260249554374 -0.38057040998217462 0.33602150537634418 -0.46922348484848481 -0.27281105990783405 0.014718614718614688 -0.26806722689075629 0.028991596638655474 -0.38057040998217462 -0.015640273704789816 -0.16190476190476188 -0.47014260249554363 -0.442016806722689 0.41302521008403364 0.43844696969696978 0.15111561866125764 -0.064583333333333312 -0.18376623376623374 0.37321428571428578 0.41042780748663105 0.19848484848484851 -0.46922348484848481 -0.47100840336134447 0.33602150537634418 -0.41042780748663094 0.23030303030303031 0.40767045454545459 0.41302521008403364 0.19331243469174511 1.0000000180025095e-35 -0.43844696969696967 -0.24642857142857141 -0.16190476190476188 0.18660714285714289 -0.4226600985221674 -0.43844696969696967 -0.43844696969696967 -0.35504201680672259 -0.41926406926406917 0.41926406926406928
decision_type=2 2 2 2 2 2 2 2 2 2 2 2 2 2 2 2 2 2 2 2 2 2 2 2 2 2 2 2 2 2 2 2 2 2 2 2 2 2 2 2 2 2 2 2 2 2 2 2 2 2 2 2 2 2 2 2 2 2 2 2 2 2
left_child=1 9 4 17 7 -5 13 -3 61 10 15 -6 16 -4 41 54 45 19 -19 20 21 -2 -22 -9 25 -11 27 -27 30 -30 31 33 -32 -17 35 -10 -37 -36 -39 -31 -8 51 43 -28 -34 46 -13 -14 -42 50 -21 -12 -53 -54 55 56 57 59 -59 -1 -50 -7
right_child=3 2 6 5 11 8 40 23 34 24 14 12 47 -15 -16 28 -18 18 -20 49 22 -23 -24 -25 -26 26 42 -29 29 39 32 -33 44 -35 37 36 -38 38 -40 -41 48 -43 -44 -45 -46 -47 -48 -49 60 -51 -52 52 53 -55 -56 -57 -58 58 -60 -61 -62 -63
leaf_value=0.0018041575915002099 -0.00079113127851158092 0.00027531825972779475 -0.00051377971834840671 -0.00076735038600997992 -0.00033250690659630778 0.00034116421434215218 0.0016202242513012343 -0.00059370128337821171 -0.0027340664839835866 -0.0014683704790183004 -0.00015627591108155774 -0.00031068001196640917 -9.0606664199599149e-05 -0.0016860670458647504 -0.000541986123649177 0.00077722756075717509 0.00029389001619561678 -0.0011809396414262786 -0.0005189271942466694 -8.2827431638491522e-05 -0.00073497068731191674 -1.9571956716788365e-05 -0.0017600533370339532 0.0017187905396911886 -0.0012501483552637405 -7.2718117212912801e-05 0.0022623438105878638 -0.0014638590083972066 0.00035169827124508873 -0.00035171065040165097 -0.00026291342152159989 -0.0036695019777949994 -0.0013273164831372893 -0.00039655799619347316 -1.2245197554727848e-05 0.0039528656480944755 -0.00079755123824386406 0.0011573335257815166 -0.00081269360721662059 0.00015627121101145612 0.0017739826034179546 0.00085582747812893616 0.0012596851663595971 -2.615003012472649e-05 0.000336322487729454 -0.00017712309705359249 9.7922217247040455e-05 -0.00056760823279021673 -0.0041926253591021839 0.0010238471218121971 -0.0043900374847996443 -0.0014386478949053312 0.0005482416530168861 -2.66446553708569e-06 0.00015914260860860086 0.00063966783307681306 0.00021065179175020025 0.00077603772266204092 0.0025726116661812328 -0.00084794143055337741 -0.00013989507088078894 0.0029761818174937507
leaf_weight=339 8114 8486 23348 9932 26409 10502 888 490 761 1253 30129 13197 44022 2093 7896 1952 38965 13711 11747 946 15176 14862 2575 3115 1930 6061 398 1964 63931 10729 11676 227 731 15800 23533 125 740 597 6696 34822 523 3027 1887 6842 24387 40998 157625 10692 115 1848 139 907 13118 15675 48696 30209 55717 8374 672 1536 4100 268
leaf_count=339 8114 8486 23348 9932 26409 10502 888 490 761 1253 30129 13197 44022 2093 7896 1952 38965 13711 11747 946 15176 14862 2575 3115 1930 6061 398 1964 63931 10729 11676 227 731 15800 23533 125 740 597 6696 34822 523 3027 1887 6842 24387 40998 157625 10692 115 1848 139 907 13118 15675 48696 30209 55717 8374 672 1536 4100 268
internal_value=-1.80335e-08 6.94964e-05 -2.70118e-05 -0.000441161 1.18771e-05 -0.000196656 -0.000457608 0.000612047 -6.55009e-05 0.000159789 0.000180075 -9.98809e-06 1.78932e-05 -0.000610285 -7.81437e-06 0.000222985 6.19037e-05 -0.000629188 -0.000875502 -0.000485546 -0.000549977 -0.000292072 -0.000883762 0.00140439 -0.00021984 -0.000111736 -1.25508e-05 -0.000413319 0.000138373 0.000220607 -2.60002e-05 -0.000310608 0.000113075 -0.000267453 -0.000222321 -0.0013376 -0.000107303 -0.000163451 -0.000651292 3.6617e-05 0.000232787 5.92961e-05 0.000339835 9.9949e-05 0.000287855 1.92279e-05 6.63537e-05 -0.000183829 -2.75348e-05 0.000409015 -0.000638161 1.89826e-05 0.000196772 0.000248337 0.000318474 0.000398586 0.000289289 0.000690424 0.000909769 -0.000367736 -0.000251436 0.000407004
internal_weight=898223 775951 375066 122272 343999 53154 31067 12091 43222 400885 380550 331908 305499 25441 70752 309798 250785 69118 25458 43660 40727 22976 17751 3605 20335 18405 17152 8025 164255 109482 54773 17979 36794 17752 32452 1626 865 30826 7293 45551 5626 62856 9127 7240 25118 211820 170822 54714 4738 2933 1085 59829 29700 28793 145543 96847 66638 10921 9046 1875 4215 10770
internal_count=898223 775951 375066 122272 343999 53154 31067 12091 43222 400885 380550 331908 305499 25441 70752 309798 250785 69118 25458 43660 40727 22976 17751 3605 20335 18405 17152 8025 164255 109482 54773 17979 36794 17752 32452 1626 865 30826 7293 45551 5626 62856 9127 7240 25118 211820 170822 54714 4738 2933 1085 59829 29700 28793 145543 96847 66638 10921 9046 1875 4215 10770
is_linear=0
shrinkage=0.03


Tree=30
num_leaves=63
num_cat=0
split_feature=2 1 0 4 11 2 0 10 3 11 10 8 10 4 1 11 11 10 1 7 11 10 3 4 4 0 8 11 2 11 1 9 7 2 9 2 11 9 1 8 9 2 11 11 3 2 2 7 11 10 9 8 4 10 11 10 9 8 11 8 10 10
split_gain=31.9609 6.53492 6.25736 4.60611 4.28424 5.52889 3.32409 3.12711 3.11084 2.89444 2.8372 2.81952 2.74763 2.67286 2.34109 2.42813 2.29905 2.2965 2.81747 2.36493 2.64204 3.03211 2.32031 2.26581 2.19948 2.11594 2.08961 2.15269 3.18504 2.27292 2.61373 2.00932 2.37182 1.99158 2.07292 1.93751 1.99815 1.97781 1.89154 1.88825 1.82926 2.80266 1.90288 1.8239 1.80927 1.8936 1.8105 1.80891 1.9045 2.49908 3.00803 2.39899 1.90391 1.75132 2.40333 3.2614 1.75138 2.38756 1.74264 1.70262 2.68252 1.68847
threshold=0.24217986314760512 0.2573593073593074 0.44870129870129877 -0.35504201680672259 0.15111561866125764 0.41042780748663105 0.057983193277310947 -0.10948191593352884 -0.442016806722689 0.10948191593352886 0.18660714285714289 -0.3461174242424242 0.23861480075901334 -0.32085561497326193 -0.14611005692599616 0.43440860215053767 0.23431372549019611 0.43844696969696978 0.4320276497695853 0.30947580645161293 0.25378787878787884 -0.41302521008403353 -0.30947580645161282 0.45529953917050697 0.24239631336405534 -0.33095238095238094 0.015640273704789823 0.17156862745098042 -0.3283482142857142 0.48571428571428577 -0.043487394957983198 -0.47100840336134447 0.41302521008403364 0.38403361344537817 -0.35504201680672259 -0.074643493761140808 0.47100840336134459 -0.442016806722689 -0.43844696969696967 -0.15111561866125756 -0.29705882352941171 0.48571428571428577 -0.17156862745098037 0.44201680672268912 0.15165441176470593 -0.41042780748663094 0.15945378151260506 -0.44028520499108731 0.06458333333333334 -0.3461174242424242 -0.33095238095238094 0.038095238095238078 0.46922348484848492 0.27281105990783416 -0.46824596774193544 -1.0000000180025095e-35 0.37689393939393945 -0.32085561497326193 -0.030330882352941176 0.23030303030303031 1.0000000180025095e-35 -0.4541871921182265
decision_type=2 2 2 2 2 2 2 2 2 2 2 2 2 2 2 2 2 2 2 2 2 2 2 2 2 2 2 2 2 2 2 2 2 2 2 2 2 2 2 2 2 2 2 2 2 2 2 2 2 2 2 2 2 2 2 2 2 2 2 2 2 2
left_child=1 3 4 14 5 23 26 -8 -6 47 11 33 -11 16 35 -16 -13 19 -19 22 -21 -22 -3 61 -9 40 27 -5 29 30 -29 32 -15 34 -10 37 -37 -1 -28 -14 41 -7 -43 -34 -23 -46 -47 -4 -49 50 -50 52 -51 54 55 -27 -55 -58 -56 -18 -61 -2
right_child=2 17 9 6 8 25 7 24 10 12 -12 13 39 31 15 -17 59 18 -20 20 21 44 -24 -25 -26 53 38 28 -30 -31 -32 -33 43 -35 -36 36 -38 -39 -40 -41 -42 42 -44 -45 45 46 -48 48 49 51 -52 -53 -54 56 58 -57 57 -59 -60 60 -62 -63
leaf_value=-0.00059034063342855967 -0.00099246241585914286 -0.00078910145665531887 -0.0045734250779881427 0.00037737288417716676 -0.00077486483954997771 -0.00018643002399955274 0.00026338735732910626 -4.8929200917208853e-05 -0.0012930961151380474 -0.00029864581366868381 -0.00034952876951464882 -0.0022209977916056579 0.00083704709605949136 -0.00017884513315428714 -0.00080609327838399741 -0.0048115319134299887 -0.00097457296388843559 -0.00048839615589713981 -0.002664124077424669 -0.00058334526865704299 -0.0022150515274899805 0.0010192078807538909 5.8316675301919231e-05 -0.0010308292387732315 0.00044238797428026956 0.0024129344018292611 -0.0012480112766131025 -0.00018367034890017569 0.00028088496684015434 0.0013956439013017509 -0.0014153426905054803 8.2161346884273504e-05 -0.001260870015796154 0.0016036157397454698 0.00068901495648877864 -0.00024553814251032256 -0.0018918884128291634 7.3205650089355992e-05 0.00016019118190090304 -0.0013001905103353386 0.00026327203730768282 -0.0066684648139846755 -0.0018513143322543407 -0.005518365285796932 0.0028071019735965712 -0.00054970316825817271 0.0007359117365267593 -0.00080549486108008367 -0.0019265535578597336 0.0018733447782543241 0.0048126651437154838 -0.0028923805868499267 -0.0028420319328245919 0.00035396788311033595 -0.0012260309751552692 -0.0029512173506043796 0.0021221066031040033 -0.0012561407977139027 -0.00064685338977645934 0.0010661588443683914 -0.0019470401023275008 -0.00017266074817771357
leaf_weight=4249 2326 3078 123 129530 5350 835 56813 103111 584 21732 19499 755 408 657 1319 151 1965 5223 596 14976 472 2035 52358 3032 8908 399 864 9130 36212 678 1867 59038 201 1658 2522 15593 692 82938 113972 4150 3234 109 228 165 200 3304 1404 12827 137 195 104 1231 126 2086 11499 136 210 1754 7886 1148 345 79896
leaf_count=4249 2326 3078 123 129530 5350 835 56813 103111 584 21732 19499 755 408 657 1319 151 1965 5223 596 14976 472 2035 52358 3032 8908 399 864 9130 36212 678 1867 59038 201 1658 2522 15593 692 82938 113972 4150 3234 109 228 165 200 3304 1404 12827 137 195 104 1231 126 2086 11499 136 210 1754 7886 1148 345 79896
internal_value=-1.77791e-08 0.00011067 -0.000289337 0.000147246 -0.000222401 -0.000346305 0.000188073 8.20938e-05 -7.24399e-05 -0.000627843 -2.99864e-05 6.02685e-05 -0.000439132 8.06776e-06 -3.21388e-05 -0.00122053 -0.000722293 -0.000136838 -0.00071166 -9.38505e-05 -0.000354053 0.000109062 1.12517e-05 -0.000225571 -9.85497e-06 -0.000709022 0.000249296 0.000313834 0.000141964 -0.00028891 -0.000392885 5.93104e-05 -0.00125823 0.000764391 0.000316036 -1.5244e-05 -0.000315609 4.08618e-05 0.000149585 -0.00110874 -0.000104754 -0.00111964 -0.0034245 -0.00319004 0.000267356 -4.45275e-05 -0.000166238 -0.000964304 -0.00093363 -0.00184934 0.000989527 -0.00229052 1.93712e-05 -0.000820085 -0.000935708 0.00104637 -0.000251304 -0.000894027 -0.000990462 -0.000394527 0.000369037 -0.000195864
internal_weight=898223 649673 248550 566027 207517 113630 461085 168832 93887 41033 88537 69038 26290 64274 104942 1470 4213 83646 5819 77827 22391 7415 55436 85254 112019 28376 292253 177417 47887 11675 10997 60061 1023 4764 3106 103472 16285 87187 114836 4558 4406 1172 337 366 6943 4908 4708 14743 14620 1793 241 1552 321 23970 19920 535 4050 1964 19385 3458 1493 82222
internal_count=898223 649673 248550 566027 207517 113630 461085 168832 93887 41033 88537 69038 26290 64274 104942 1470 4213 83646 5819 77827 22391 7415 55436 85254 112019 28376 292253 177417 47887 11675 10997 60061 1023 4764 3106 103472 16285 87187 114836 4558 4406 1172 337 366 6943 4908 4708 14743 14620 1793 241 1552 321 23970 19920 535 4050 1964 19385 3458 1493 82222
is_linear=0
shrinkage=0.03


Tree=31
num_leaves=63
num_cat=0
split_feature=2 1 5 3 4 0 9 3 6 7 1 7 2 0 5 2 2 9 9 8 6 3 8 8 4 7 7 9 9 2 3 8 8 6 3 9 9 1 0 6 7 2 8 7 1 5 1 8 2 2 1 5 6 0 5 8 9 9 2 0 8 8
split_gain=30.1835 8.27288 5.2586 4.19337 4.85003 3.41977 3.39264 3.03435 3.11769 2.74516 2.71404 2.5058 2.4856 2.41608 2.34148 2.31802 2.23549 3.59411 2.22005 2.16608 3.22416 2.24363 2.15866 2.16942 1.97703 1.95477 1.94271 2.08079 1.88911 1.88315 1.87038 1.94027 1.87038 1.95894 2.03165 1.83916 1.83637 1.81708 3.24785 2.05112 1.89115 1.81244 1.75721 1.72471 1.71146 1.70318 1.67762 1.63294 1.78727 1.61319 3.12657 2.37556 1.93685 1.60991 1.57338 1.81069 1.54124 1.51718 1.50526 1.63283 1.47217 2.06667
threshold=0.3133928571428572 0.30151515151515157 0.41042780748663105 0.14611005692599624 -0.35504201680672259 0.40767045454545459 0.38403361344537817 0.42488479262672812 -0.38403361344537806 0.33602150537634418 -0.14611005692599616 0.49285714285714294 0.3928571428571429 -0.16904761904761903 0.41302521008403364 0.11359447004608299 0.44028520499108742 -0.015640273704789816 -0.39827586206896548 0.40767045454545459 0.37689393939393945 -0.3507130124777183 0.40767045454545459 -0.26568627450980387 0.32085561497326209 0.1566964285714286 0.44028520499108742 0.3550420168067227 0.44201680672268912 -0.074643493761140808 0.47014260249554374 0.44028520499108742 -0.046920821114369508 -0.43218390804597695 0.10948191593352886 -0.442016806722689 0.38057040998217473 -0.41926406926406917 0.44201680672268912 0.22570532915360506 0.20294117647058826 0.014495798319327681 -0.44028520499108731 -0.47014260249554363 0.4781385281385282 -0.47100840336134447 -0.3461174242424242 -0.073593073593073585 -0.46824596774193544 -0.3283482142857142 -0.12310606060606059 -0.086974789915966369 -0.28456439393939387 -0.46824596774193544 1.0000000180025095e-35 -0.43844696969696967 -0.38057040998217462 0.40473790322580649 -0.044786096256684498 -1.0000000180025095e-35 0.46922348484848492 0.014718614718614688
decision_type=2 2 2 2 2 2 2 2 2 2 2 2 2 2 2 2 2 2 2 2 2 2 2 2 2 2 2 2 2 2 2 2 2 2 2 2 2 2 2 2 2 2 2 2 2 2 2 2 2 2 2 2 2 2 2 2 2 2 2 2 2 2
left_child=1 2 3 4 10 11 9 8 13 37 29 14 -7 -3 16 47 57 -18 25 20 21 -16 23 -19 -10 -9 28 -28 32 35 -29 44 33 -14 -35 -1 -25 38 40 -40 -5 54 -23 -20 -32 -37 -47 49 -49 50 52 -52 -6 -26 55 56 -39 -2 59 -15 61 -45
right_child=5 7 -4 6 15 12 -8 18 24 -11 -12 -13 26 58 19 -17 17 22 43 -21 -22 42 -24 36 53 -27 27 30 -30 -31 31 -33 -34 34 -36 45 -38 41 39 -41 -42 -43 -44 60 -46 46 -48 48 -50 -51 51 -53 -54 -55 -56 -57 -58 -59 -60 -61 -62 -63
leaf_value=-0.00057256836377691427 -0.00015465415418356918 -0.0016557809165264825 0.00092219720146644642 -0.00064639273938836377 -5.4217072182154635e-05 -0.00022106362257642056 -0.00037623911867971997 -0.00036782512955049203 0.00026886697257775399 -0.00032816318379684409 -0.0012827863055637012 -0.00081348039393734867 -0.0036223933768498038 0.0012189336762205162 -0.0013990275876804279 5.5528128038966122e-05 -0.00085114269956218232 0.0010058741046481269 -0.0040198474473579493 0.00053615163323458771 -0.0013187635065392998 0.0025227148530488509 0.0006535579690654926 -0.00034852464214310476 -0.0028656452629425354 -0.0026162775733429835 -0.00036222633619189718 0.00011666791498083632 0.00065286987692110207 -0.0002859533470583902 -0.0022459729573050648 -0.0014395202586241717 -0.0010130094389659335 -0.0042266307221223605 -7.4908463936951229e-05 -0.00033316911280464504 -0.0018041754043649531 0.0013390298366494891 -0.0013271439941784386 -0.007404468313843878 0.0027926635368006121 -2.5646829348682311e-05 9.8932918241664272e-05 -7.4897229542881093e-05 -0.0070250020157020055 0.00018131408704580437 -0.00031434526545838395 -0.00057825821130280306 0.00018881875560665005 0.00036807278653479817 -0.0010018812287847774 -1.3365490883953505e-06 0.00050041447069807603 -0.00014003676562189348 0.00034358831421303209 0.000112694404523788 -0.0010820043761805846 -0.00067170988750174868 0.00026088299393040135 -0.0020511086069124307 0.00050782376976712842 -0.00084619459275401859
leaf_weight=4005 65300 1978 7323 2013 8552 17781 20851 587 13294 16558 1521 6690 154 176 898 71912 13518 915 121 6338 1796 275 2549 5502 195 855 20675 423 746 17810 151 714 18200 108 3962 7829 908 269 100 100 154 55467 10937 5239 123 63438 6804 2785 145842 116635 3109 6817 16794 39818 35102 26655 1922 5540 1676 617 1343 7754
leaf_count=4005 65300 1978 7323 2013 8552 17781 20851 587 13294 16558 1521 6690 154 176 898 71912 13518 915 121 6338 1796 275 2549 5502 195 855 20675 423 746 17810 151 714 18200 108 3962 7829 908 269 100 100 154 55467 10937 5239 123 63438 6804 2785 145842 116635 3109 6817 16794 39818 35102 26655 1922 5540 1676 617 1343 7754
internal_value=-1.86119e-08 8.83113e-05 0.000122943 0.000113696 0.000158449 -0.000342407 -1.95175e-05 -0.000212789 -0.000111754 3.42509e-05 -2.54879e-05 -0.000249169 -0.000521618 -0.000874803 -0.000216184 0.00020853 -0.00027907 -0.000533346 -0.000579775 7.65384e-05 -0.000132965 4.29916e-05 -9.82251e-05 -0.000359889 -4.80829e-05 -0.00170188 -0.000639698 -0.000438342 -0.000831605 -6.32989e-06 -0.0015526 -0.00226668 -0.000881018 -0.000312198 -0.000186088 5.43495e-05 -0.000554972 8.35286e-05 -0.000739386 -0.00438753 -0.000400817 9.98462e-05 0.000158601 -0.000467742 -0.00440905 8.65169e-05 0.000133298 0.00024514 0.000174441 0.000314311 0.000136529 -0.000314794 0.000313281 -0.000153391 0.000208695 4.45393e-05 -0.000784287 -0.000195099 -0.000248718 -0.00132473 -0.000437482 -0.000535224
internal_weight=898223 714020 640367 633044 473853 184203 159191 73653 57754 138340 101407 121166 63037 4447 114476 372446 94232 23392 15899 20244 13906 12110 9874 7325 53307 1442 45256 22086 23170 99886 1411 988 22424 4224 4070 82076 6410 121782 2367 200 2167 119415 11212 14457 274 78071 70242 300534 148627 151907 35272 9926 25346 40013 63948 28846 2191 70840 2469 793 14336 12993
internal_count=898223 714020 640367 633044 473853 184203 159191 73653 57754 138340 101407 121166 63037 4447 114476 372446 94232 23392 15899 20244 13906 12110 9874 7325 53307 1442 45256 22086 23170 99886 1411 988 22424 4224 4070 82076 6410 121782 2367 200 2167 119415 11212 14457 274 78071 70242 300534 148627 151907 35272 9926 25346 40013 63948 28846 2191 70840 2469 793 14336 12993
is_linear=0
shrinkage=0.03


Tree=32
num_leaves=63
num_cat=0
split_feature=2 0 11 2 11 2 5 10 9 11 8 11 9 3 8 4 1 11 8 10 2 11 5 11 1 11 8 3 4 10 5 1 8 11 11 2 10 11 4 4 10 8 11 1 3 9 11 1 11 0 5 1 0 9 2 5 9 11 5 10 2 8
split_gain=28.4 7.81918 5.89483 4.79128 4.26076 3.88737 3.87133 3.34031 3.17437 4.66502 3.15932 3.005 2.83554 2.80612 2.63568 2.6007 2.39288 2.37439 2.33298 2.37474 2.45517 2.15378 2.28848 2.14996 2.1467 7.59331 2.55953 3.65728 2.09865 2.08884 2.08721 2.52255 2.05469 3.86513 3.73621 2.26116 2.13683 2.19928 2.093 2.05166 2.0072 1.95366 1.97512 1.88887 1.86435 1.8621 1.99666 2.58597 1.90131 1.84032 1.83444 1.83094 2.51743 1.82842 2.65094 3.32961 2.30084 1.95589 1.90786 1.80087 1.78919 1.77414
threshold=0.3133928571428572 0.37321428571428578 0.15571120689655174 0.44028520499108742 -0.46824596774193544 0.022350230414746545 -0.41042780748663094 0.27772177419354843 -0.15669642857142854 -0.44028520499108731 -0.3507130124777183 -0.47014260249554363 0.44201680672268912 0.29099821746880572 0.46824596774193555 -0.29705882352941171 0.078201368523949225 -0.32085561497326193 -1.0000000180025095e-35 0.40767045454545459 -0.3673020527859237 0.41042780748663105 -0.159453781512605 0.47100840336134459 0.47100840336134459 -0.16190476190476188 0.43844696969696978 0.066964285714285712 -0.45529953917050686 -0.18857758620689652 0.19848484848484851 0.2573593073593074 0.015640273704789823 -0.096874999999999975 0.43844696969696978 -0.18933823529411761 0.32085561497326209 -0.43844696969696967 0.41042780748663105 0.29099821746880572 0.038095238095238078 -0.37689393939393934 -0.40767045454545447 -0.28679653679653672 0.46922348484848492 0.35960591133004927 0.030330882352941183 0.14611005692599624 0.44201680672268912 0.48571428571428577 0.47014260249554374 -0.43649193548387094 0.44870129870129877 -0.442016806722689 0.47100840336134459 0.4781385281385282 -0.44028520499108731 0.24239631336405534 0.21320346320346326 -0.442016806722689 0.40473790322580649 0.44201680672268912
decision_type=2 2 2 2 2 2 2 2 2 2 2 2 2 2 2 2 2 2 2 2 2 2 2 2 2 2 2 2 2 2 2 2 2 2 2 2 2 2 2 2 2 2 2 2 2 2 2 2 2 2 2 2 2 2 2 2 2 2 2 2 2 2
left_child=1 4 3 39 11 6 -6 10 9 -5 59 29 49 -3 -11 23 21 -10 19 -15 -21 -17 -23 -7 26 -26 -19 -28 -12 61 -18 50 33 36 38 -35 43 -38 -34 41 -27 42 -2 -8 -22 -37 -47 48 -48 -9 -32 52 -20 54 -30 57 58 -56 -55 -4 -51 -1
right_child=2 13 7 8 5 15 32 12 17 14 28 -13 -14 18 -16 16 30 24 51 20 44 22 -24 -25 25 40 27 -29 53 -31 31 -33 34 35 -36 45 37 -39 -40 -41 -42 -43 -44 -45 -46 46 47 -49 -50 60 -52 -53 -54 56 55 -57 -58 -59 -60 -61 -62 -63
leaf_value=0.0010402178100115506 -0.0037718079797923565 0.00067057221538540756 0.0032110852985228087 0.002564980132124757 -8.6457480833650879e-05 -0.00025885021764590599 0.00059224045801297396 -0.00069468659344183844 -0.0016192165216576708 -0.0016930037210358135 -0.0013628036168429577 0.0010499594034306138 0.00027505991496777935 3.981033861402278e-05 -0.00064091628591995682 0.00011212120033041103 -0.0002172323214909941 -0.00050253551970013896 -0.00022575934169369495 -0.0048193647694133685 -0.00025500181970185851 -0.00026817099609939045 0.0010801930655274551 -0.0017727502905660732 0.0015764748726678473 -0.0008057916165784847 0.0023850020407330556 -0.00010772981200803453 -0.0001484956653062286 9.7622427676652808e-05 0.00026640322598403603 -8.6345166214351799e-05 7.4814354423828169e-05 3.4293698696387251e-05 0.00073012707766824413 0.00036180620290858408 -0.0005621263186344511 0.00076722716535443619 -0.00099549611351349983 -0.00053473494535468693 -0.0024111094642077567 -0.00012905239795307235 -0.00075301684646359758 0.00023757315437625246 -0.002346290588954031 -0.00079391314461572503 0.00061375341907723383 -0.0011319086387330157 -0.001956411853108052 0.00093205050575112644 0.0022447510247205404 -0.00043166479730154174 -0.0049071442921959545 0.0040992330599736882 0.00084022773057222363 0.00086084432706158771 -0.00010435637086529004 -0.0030176377779074443 0.00066266022946795714 0.00056460073680984367 -0.0022945798115455544 -0.0024029466514143027
leaf_weight=3595 214 2854 246 278 52775 19758 17668 8301 1729 6949 1243 6773 2472 20699 3101 75258 44979 6649 219 139 1719 1553 4183 881 781 1188 743 1839 2422 11828 22278 43412 132578 76511 7968 46521 1197 17278 1664 33140 1714 29020 2116 57492 493 2695 4756 1099 273 177 429 32161 195 196 134 333 72794 983 557 3685 1199 139
leaf_count=3595 214 2854 246 278 52775 19758 17668 8301 1729 6949 1243 6773 2472 20699 3101 75258 44979 6649 219 139 1719 1553 4183 881 781 1188 743 1839 2422 11828 22278 43412 132578 76511 7968 46521 1197 17278 1664 33140 1714 29020 2116 57492 493 2695 4756 1099 273 177 429 32161 195 196 134 333 72794 983 557 3685 1199 139
internal_value=-1.94969e-08 8.5661e-05 -0.000332139 -0.000506786 0.000115313 0.000100948 0.000153819 -0.000167223 -0.000859606 -0.00126236 -9.89005e-05 0.000522538 -0.000631659 -0.000246725 -0.00136847 -3.55583e-06 3.08275e-05 -0.000575473 -0.000293801 -6.28306e-05 -0.000966149 0.000154836 0.000715146 -0.000323556 -0.000435616 -0.00104787 -0.000191252 0.000610228 -0.000140382 0.000292938 -5.9579e-05 4.767e-05 0.000188306 0.000244624 9.90057e-05 0.000139955 0.000392014 0.000681072 6.154e-05 -0.000370159 -0.00175444 -0.000196176 -0.00103178 0.000320952 -0.000721948 0.000286025 -0.000113545 0.000185751 0.00047387 -0.000863286 0.000303877 -0.000457228 -0.00243727 -0.000120738 -0.000756057 -0.00177009 -8.72805e-05 -0.00255449 0.00156142 0.000730991 -0.00187915 0.000911435
internal_weight=898223 714020 184203 89461 655541 633206 420475 94742 24971 10328 82593 22335 12149 58479 10050 212731 192092 14643 55625 23050 2351 80994 5736 20639 12914 3683 9231 2582 78662 15562 111098 66119 367700 225490 142210 131855 93635 18475 134242 64490 2902 31350 2330 75160 2212 55344 8823 6128 5029 9677 22707 32575 414 77419 3872 1450 73547 1117 753 3931 1376 3734
internal_count=898223 714020 184203 89461 655541 633206 420475 94742 24971 10328 82593 22335 12149 58479 10050 212731 192092 14643 55625 23050 2351 80994 5736 20639 12914 3683 9231 2582 78662 15562 111098 66119 367700 225490 142210 131855 93635 18475 134242 64490 2902 31350 2330 75160 2212 55344 8823 6128 5029 9677 22707 32575 414 77419 3872 1450 73547 1117 753 3931 1376 3734
is_linear=0
shrinkage=0.03


Tree=33
num_leaves=63
num_cat=0
split_feature=2 3 0 11 2 11 5 5 0 8 11 11 10 5 11 11 6 1 2 11 1 5 11 6 10 7 7 11 7 8 8 10 7 0 10 1 11 2 7 10 7 10 8 6 8 2 11 6 1 7 8 2 10 11 5 1 3 10 6 7 10 8
split_gain=26.7392 5.68449 5.44793 3.90482 4.74629 3.62291 3.1926 3.04301 3.35826 2.94211 4.25722 2.6009 2.48447 2.48401 2.42992 4.29514 2.40121 2.39908 2.37182 2.27455 2.27356 2.25439 2.1936 2.18185 2.17528 2.05025 2.49502 2.18857 2.04682 2.66292 2.03404 2.00582 2.23705 1.98667 1.95875 2.09456 1.93692 1.904 1.89977 1.86723 1.86484 1.97302 2.04769 1.85885 1.85153 1.84653 3.05526 2.44277 2.82518 3.05595 3.10355 2.31875 2.23848 2.20412 2.05322 1.93226 1.9888 1.86479 1.8189 1.97591 1.91986 3.22922
threshold=0.24217986314760512 0.36405529953917054 0.44870129870129877 0.15111561866125764 0.41042780748663105 -0.46824596774193544 -0.442016806722689 -0.21089931573802537 -0.442016806722689 0.046920821114369467 0.44028520499108742 0.10948191593352886 -0.12284482758620689 -0.29705882352941171 0.46720430107526889 0.46824596774193555 0.41042780748663105 0.1014705882352941 0.47014260249554374 -0.47014260249554363 -0.41926406926406917 0.41042780748663105 0.47100840336134459 -0.26166328600405669 0.35071301247771841 -0.47014260249554363 -0.4499999999999999 0.38057040998217473 0.30947580645161293 0.41042780748663105 -0.08342602892102334 -0.4541871921182265 0.3550420168067227 -0.33095238095238094 0.43844696969696978 0.4320276497695853 0.47100840336134459 -0.030776515151515135 -0.20777988614800755 -0.35504201680672259 -0.46922348484848481 0.26166328600405681 0.41302521008403364 0.31534090909090917 0.48571428571428577 0.015640273704789823 -0.096874999999999975 -0.43844696969696967 -0.46824596774193544 -0.43844696969696967 -0.38403361344537806 -0.19407308377896609 0.31534090909090917 -0.43844696969696967 -0.32085561497326193 -0.13961038961038957 -0.43649193548387094 0.41042780748663105 0.49285714285714294 0.24642857142857147 -0.41042780748663094 0.48571428571428577
decision_type=2 2 2 2 2 2 2 2 2 2 2 2 2 2 2 2 2 2 2 2 2 2 2 2 2 2 2 2 2 2 2 2 2 2 2 2 2 2 2 2 2 2 2 2 2 2 2 2 2 2 2 2 2 2 2 2 2 2 2 2 2 2
left_child=1 5 3 4 31 19 -7 25 44 14 23 -4 13 -13 45 -16 -17 -10 21 38 -3 -14 -20 -11 -24 27 -27 -5 34 36 -18 32 -2 43 -22 -36 -30 -25 39 -1 -19 -42 -43 -6 -9 46 52 48 49 50 -48 -49 -8 -54 -50 -56 -57 -53 60 -60 61 -15
right_child=2 20 11 7 33 6 9 8 17 10 -12 12 18 58 15 16 30 40 22 -21 28 -23 24 37 -26 26 -28 -29 29 -31 -32 -33 -34 -35 35 -37 -38 -39 -40 -41 41 42 -44 -45 -46 -47 47 51 54 -51 -52 57 53 -55 55 56 -58 -59 59 -61 -62 -63
leaf_value=0.0026510782249946603 -0.00064124524938281499 -0.0017470203298572079 -0.00089944913622674123 -0.00068476276883904798 8.4469508427002058e-05 -0.00017781516441397083 0.00029447829427224479 -0.00072708441073665152 0.00039119556238426139 -0.00024822865536293278 0.00063229896021847049 -0.0046515752307473204 -0.00096845322635641178 0.00097797940710520254 -0.0048690620356666679 -0.00020715503032432713 0.0052788739298373008 -0.0019195974265028639 -0.0014034082567071723 0.00099629959058371124 -3.0114574518616301e-06 8.5207683222294643e-05 0.00020611746173935668 0.00013305934820180792 -0.0032880757578945194 -0.002812354969244668 -0.00057216590182420529 0.0015480593437555304 -0.00087635381123527976 0.00017899019879414959 -0.00019723312822129347 -0.00018362544711431154 -0.0030455574733075173 -0.00076416861698489109 -0.00064262162999746686 -0.0039883591115596846 0.0011440682331245817 -6.9960411034963825e-05 0.00012594083833761155 0.00064558488855404332 5.1905864330895598e-05 -0.00061863600237440741 0.00042046664088833755 -0.0025118220958260775 -0.0034075567420512672 8.1576703619780976e-05 0.0047061100191870715 7.638001883147632e-05 -0.0011100658026567617 0.0057461591145146059 -0.0015904143328085174 0.00040064082922768919 -0.00052090805687858219 0.00071985727981971044 0.00038677979689373179 -0.0022572081397077381 -0.00031126654762390541 -0.00015274531162256865 0.0036692888456078747 0.00031419316037992065 -0.00059971192170398294 -0.003501392319565639
leaf_weight=489 2022 853 14743 754 4143 32236 82408 3072 14588 25819 10375 105 2926 1530 175 12917 133 468 4932 6200 31963 4865 1538 98858 178 469 9366 828 8793 3647 112 82812 420 23970 2122 182 448 71748 11345 2846 53782 8152 2158 263 250 87571 102 74053 2725 136 222 46960 1377 19910 3284 564 2896 6204 163 4315 5579 159
leaf_count=489 2022 853 14743 754 4143 32236 82408 3072 14588 25819 10375 105 2926 1530 175 12917 133 468 4932 6200 31963 4865 1538 98858 178 469 9366 828 8793 3647 112 82812 420 23970 2122 182 448 71748 11345 2846 53782 8152 2158 263 250 87571 102 74053 2725 136 222 46960 1377 19910 3284 564 2896 6204 163 4315 5579 159
internal_value=-1.94497e-08 0.000101223 -0.000264652 -0.000202194 -0.000320484 0.00012629 0.000112331 -5.90278e-05 4.52201e-06 0.000129382 4.00675e-05 -0.000580505 -0.00040162 -7.96975e-05 0.000183428 -0.000213518 -0.000151253 4.37474e-05 -0.000665818 0.000514534 -0.000212926 -0.00031058 -0.00108202 8.78326e-06 -0.000158038 -0.000518036 -0.000679268 0.000484109 -0.000185139 -0.00050741 0.00278489 -0.000208621 -0.00105584 -0.000656552 -6.39201e-05 -0.000908527 -0.000778291 4.76799e-05 0.00031101 0.00094035 -3.4767e-05 -2.09742e-05 -0.00040112 -7.10414e-05 -0.00092977 0.000199549 0.000242444 0.000149531 -0.000303649 0.00198978 0.000400206 0.000184903 0.000365327 0.000639575 -0.000415262 -0.000134394 -0.000629027 0.000336061 -3.8436e-05 0.000437111 -0.000331453 0.000554476
internal_weight=898223 649673 248550 207517 113630 601665 580785 93887 82470 548549 206800 41033 26290 11851 341749 13337 13162 79148 14439 20880 48008 7791 6648 196425 1716 11417 9835 1582 47155 12888 245 85254 2442 28376 34267 2304 9241 170606 14680 3335 64560 64092 10310 4406 3322 328412 240841 137146 9929 460 324 127217 103695 21287 9469 6744 3460 53164 11746 4478 7268 1689
internal_count=898223 649673 248550 207517 113630 601665 580785 93887 82470 548549 206800 41033 26290 11851 341749 13337 13162 79148 14439 20880 48008 7791 6648 196425 1716 11417 9835 1582 47155 12888 245 85254 2442 28376 34267 2304 9241 170606 14680 3335 64560 64092 10310 4406 3322 328412 240841 137146 9929 460 324 127217 103695 21287 9469 6744 3460 53164 11746 4478 7268 1689
is_linear=0
shrinkage=0.03


Tree=34
num_leaves=63
num_cat=0
split_feature=2 1 11 2 5 3 4 11 8 9 11 11 8 9 7 9 2 1 8 11 9 7 2 11 2 1 11 8 3 2 11 0 1 7 9 4 8 11 4 8 8 2 8 7 11 3 2 11 7 11 2 9 7 1 2 9 11 8 5 8 2 11
split_gain=25.2661 7.27339 5.23293 4.30931 3.89525 4.64234 3.78359 3.12447 3.07344 2.99439 4.39199 2.87506 2.68607 2.64325 2.88896 2.62396 2.92579 2.5553 2.49616 2.23507 2.11803 2.08315 2.01438 2.01309 2.64214 2.00266 7.14526 2.414 3.41285 1.98318 1.94081 2.6183 1.9857 2.42077 2.10378 1.88452 1.842 1.85847 1.8174 1.80517 1.80028 1.94658 1.79748 1.79609 1.77123 2.37465 2.15091 1.8792 2.60808 1.76151 2.79239 2.05077 1.88535 1.85549 1.73004 1.79124 2.39296 2.29656 2.50613 2.13408 1.78369 4.04045
threshold=0.3133928571428572 0.38057040998217473 0.15571120689655174 0.44028520499108742 0.41302521008403364 0.22301136363636367 -0.35504201680672259 -0.46720430107526878 -0.3507130124777183 -0.15669642857142854 -0.44028520499108731 -0.47014260249554363 -0.030330882352941176 0.40161290322580651 0.23030303030303031 -0.22144396551724135 -0.34122983870967738 -0.14611005692599616 0.46824596774193555 -0.32085561497326193 0.33602150537634418 0.40473790322580649 -0.14928698752228159 0.38057040998217473 -0.442016806722689 0.47100840336134459 -0.16190476190476188 0.43844696969696978 0.066964285714285712 0.47100840336134459 0.44028520499108742 -0.3507130124777183 -0.43649193548387094 0.29705882352941182 0.20294117647058826 0.29099821746880572 -0.37689393939393934 -0.40767045454545447 0.40767045454545459 0.42266009852216752 0.055273833671399604 -0.47014260249554363 -0.30322580645161284 0.096875000000000003 -0.087221095334685597 -0.35504201680672259 -0.10303030303030301 0.016685205784204685 -0.14076246334310846 0.22570532915360506 -0.3283482142857142 0.15571120689655174 -0.30322580645161284 0.23193277310924373 -0.074643493761140808 -0.25809822361546492 0.35071301247771841 -0.47100840336134447 -0.27346041055718467 -0.23030303030303029 -0.46824596774193544 0.12284482758620692
decision_type=2 2 2 2 2 2 2 2 2 2 2 2 2 2 2 2 2 2 2 2 2 2 2 2 2 2 2 2 2 2 2 2 2 2 2 2 2 2 2 2 2 2 2 2 2 2 2 2 2 2 2 2 2 2 2 2 2 2 2 2 2 2
left_child=1 4 3 35 5 6 17 11 -4 10 -5 22 44 14 -7 16 -3 54 -12 -11 -17 29 -8 40 -25 27 -27 -21 -29 -20 32 39 33 34 -14 36 37 -2 -22 -32 -16 -42 -18 -30 46 -46 -9 48 -47 53 52 -52 -51 -34 55 56 60 -58 -59 -60 61 -1
right_child=2 15 8 9 -6 13 7 12 -10 19 18 -13 30 -15 23 20 42 -19 21 25 38 -23 -24 24 -26 26 -28 28 43 -31 31 -33 49 -35 -36 -37 -38 -39 -40 -41 41 -43 -44 -45 45 47 -48 -49 -50 50 51 -53 -54 -55 -56 -57 57 58 59 -61 -62 -63
leaf_value=-0.00051659771105659288 -0.0036507554811230579 -0.0024602090974918706 0.00059319430999155934 0.0025100227043402543 0.00065619866231508167 7.4698920138781312e-05 0.0007889345077975252 0.00045915031696518844 -0.0001967673461439878 -0.0015491312305212764 -0.0016223858543246417 0.0011904062468517627 0.00017202379928344739 -0.00045009811844255395 5.7851842177693494e-05 -3.4146120041164103e-05 0.00047484773624344151 -0.0012165437595952687 0.00018073382863432775 -0.00046707168240922928 8.5015774984546045e-05 -0.00023434128717459649 -1.2627568212155866e-05 0.0042708902033847685 0.00022226548172151671 0.0015535846747220684 -0.0016775520011372846 0.0023280338840767135 -0.0023752039336394025 -0.0035693925981648451 0.001265378500057226 0.00026316565013565537 0.00013975231317178556 -0.0056921183656175765 -0.0034892664187646002 -0.00050598592531925235 -0.00011633435462465522 -0.00072248346408788184 -0.0011817822958149805 0.0046605403486985504 -0.0031837482990236233 -0.00046048224766039253 -0.00073977797556166764 0.00030261986027698573 -0.00019839173239070848 0.0002610234652837314 0.00017805105410678706 0.00026712266594296593 -0.00036491321562472318 -0.00097119264547018247 -4.9854056158753667e-05 -0.00056165258763631216 0.00077902307022560907 -0.00020294753589663152 -0.00027573971703115954 0.00012528423586605206 -0.0037678626465640261 0.00031864980715141917 0.0055219652898362073 0.0011355088434784259 -0.00050844734224577564 0.0016218496722734106
leaf_weight=2197 214 811 4661 278 11250 81110 4823 50054 90081 1729 6949 4838 534 14545 7222 19969 1253 1610 195 6649 1543 2544 6798 150 3700 781 2902 743 262 362 1483 7347 137220 103 191 33140 29020 2116 3001 155 238 20621 8746 1577 15349 12728 47988 84200 11317 639 19241 11117 4123 15862 18401 62938 111 3423 157 273 13396 1245
leaf_count=2197 214 811 4661 278 11250 81110 4823 50054 90081 1729 6949 4838 534 14545 7222 19969 1253 1610 195 6649 1543 2544 6798 150 3700 781 2902 743 262 362 1483 7347 137220 103 191 33140 29020 2116 3001 155 238 20621 8746 1577 15349 12728 47988 84200 11317 639 19241 11117 4123 15862 18401 62938 111 3423 157 273 13396 1245
internal_value=-1.95419e-08 8.07955e-05 -0.000313279 -0.000477829 0.000102639 9.3308e-05 0.000131771 0.000170508 -0.000157898 -0.000812434 -0.0012036 0.000575962 0.000154605 -6.94415e-05 -2.04588e-05 -0.000338903 -0.000728246 -3.10589e-05 -0.00130656 -0.000536475 -0.000167184 -0.000598538 0.00032008 -0.00026217 0.000381072 -0.000400785 -0.000992136 -0.000164765 0.000613594 -0.00225854 7.43056e-05 0.000505075 5.38276e-05 -0.0014112 -0.000796014 -0.000348257 -0.000181511 -0.000992883 -0.000751693 0.0015893 -0.000350371 -0.000491706 -0.000587538 -7.99698e-05 0.000226345 0.000150808 0.000321566 0.000200326 -3.35823e-05 6.02805e-05 -0.000131335 -0.000237285 0.000544012 0.000104241 -1.23609e-05 4.55165e-05 -0.000195821 0.000467253 0.000590207 0.00274617 -0.000351941 0.000257143
internal_weight=898223 714020 184203 89461 678697 667447 539861 436110 94742 24971 10328 16459 419651 127586 113041 35323 10810 103751 10050 14643 24513 3101 11621 31931 3850 12914 3683 9231 2582 557 198015 8985 189030 828 725 64490 31350 2330 4544 1638 28081 20859 9999 1839 221636 123594 98042 108245 24045 188202 35120 30358 4762 153082 102141 83740 20802 3964 3853 430 16838 3442
internal_count=898223 714020 184203 89461 678697 667447 539861 436110 94742 24971 10328 16459 419651 127586 113041 35323 10810 103751 10050 14643 24513 3101 11621 31931 3850 12914 3683 9231 2582 557 198015 8985 189030 828 725 64490 31350 2330 4544 1638 28081 20859 9999 1839 221636 123594 98042 108245 24045 188202 35120 30358 4762 153082 102141 83740 20802 3964 3853 430 16838 3442
is_linear=0
shrinkage=0.03


Tree=35
num_leaves=63
num_cat=0
split_feature=2 0 0 11 2 11 8 11 11 11 6 5 0 5 6 0 11 10 6 8 11 10 9 3 3 0 5 9 2 11 6 2 11 10 8 8 2 6 11 2 10 11 11 2 10 4 11 8 5 9 3 2 8 9 11 11 10 2 4 11 10 11
split_gain=23.7787 5.25362 5.01235 3.5237 4.23077 3.19876 3.04743 4.52465 3.29155 3.99347 3.31766 2.87972 2.85161 2.7531 2.60807 2.56333 2.51445 2.45749 3.08067 2.98075 2.32645 3.96148 2.33911 2.19947 2.1908 2.48962 2.14673 2.11034 2.10357 3.03438 2.56772 2.25306 2.07062 2.06036 2.29794 2.20394 2.14455 2.40866 2.0493 3.94765 3.45562 2.04419 3.06353 4.63849 2.44971 2.03689 1.98296 2.08065 2.02126 1.98121 1.94887 2.19315 1.947 3.41938 2.01532 1.89672 1.88675 1.8617 1.85862 2.24705 1.8544 2.54007
threshold=0.24217986314760512 0.42037815126050426 0.44870129870129877 0.15111561866125764 0.38403361344537817 -0.46824596774193544 0.015640273704789823 0.41302521008403364 0.46720430107526889 0.46824596774193555 0.41042780748663105 -0.29705882352941171 -0.442016806722689 -0.47100840336134447 -0.47014260249554363 -0.38057040998217462 -0.47014260249554363 0.11916835699797164 0.46720430107526889 0.21651785714285718 -0.46824596774193544 -1.0000000180025095e-35 0.044155844155844122 0.41042780748663105 0.096875000000000003 0.10450089126559715 -0.38403361344537806 -0.47100840336134447 0.015640273704789823 -0.096874999999999975 -0.43844696969696967 -0.18933823529411761 0.38403361344537817 0.18660714285714289 -0.3461174242424242 -0.47014260249554363 0.38403361344537817 0.1815668202764977 0.47100840336134459 -0.38403361344537806 0.29361054766734285 -0.3507130124777183 -0.16190476190476188 0.48571428571428577 0.37689393939393945 0.41042780748663105 0.15571120689655174 0.48571428571428577 0.47100840336134459 -0.073593073593073585 -0.35504201680672259 -0.41042780748663094 0.41302521008403364 0.14611005692599624 0.48571428571428577 -0.090992647058823525 -0.442016806722689 -0.37689393939393934 0.37689393939393945 0.060661764705882366 -0.32085561497326193 -0.44028520499108731
decision_type=2 2 2 2 2 2 2 2 2 2 2 2 2 2 2 2 2 2 2 2 2 2 2 2 2 2 2 2 2 2 2 2 2 2 2 2 2 2 2 2 2 2 2 2 2 2 2 2 2 2 2 2 2 2 2 2 2 2 2 2 2 2
left_child=1 5 3 4 24 16 8 15 13 -10 26 14 -13 -7 -5 32 -1 18 -4 -19 21 -6 -22 -20 25 58 -11 -9 29 -15 -31 -32 50 34 36 -35 37 -14 -3 -40 -41 -21 43 44 -43 -17 47 -25 -49 -39 60 -52 54 -54 -37 -50 -38 -47 -2 -60 61 -8
right_child=2 38 17 11 20 6 7 27 9 10 -12 12 33 28 -16 45 -18 19 23 41 22 -23 -24 46 -26 -27 -28 -29 -30 30 31 -33 -34 35 -36 52 56 49 39 40 -42 42 -44 -45 -46 57 -48 48 55 -51 51 -53 53 -55 -56 -57 -58 -59 59 -61 -62 -63
leaf_value=0.00025703065201872021 1.5940987778276315e-05 -0.00043965991137609098 -0.00073127560544854686 0.00079498457934731555 0.0020750548347864923 -0.00049576589771904342 -0.0049387360149278081 -0.0028451326143489599 -0.0046611414013927599 -0.0010076364919075849 0.0028914888072843997 -0.00082356194057348921 -3.0647159169515892e-05 0.0003524489017448196 -0.00081743414020068995 3.3442299755697283e-05 0.0009634373514915385 -0.00017518295705214079 0.0029620961826699582 -0.0037676166468094486 -0.00079378607576361879 -0.0019318316636768075 -0.00031195688324747571 -0.001152453124300645 -0.00031156615932285237 0.00090684106890307305 -0.00010449704873552192 0.00051380844741171969 5.9271046878851409e-05 -0.00029676586308686911 7.4363116418978264e-05 0.00032710631294871221 0.0011153489817570617 0.0035701218803878875 6.4663292432383715e-05 -0.00034944735564191497 0.0051910995523349974 0.00050153240528615084 0.0042151580783879247 -0.00059141135725805476 0.0052524940678757605 -0.0016845462437477389 -0.0013232591743190271 0.0044665871016964639 0.0023394792748655637 0.001768962611742711 8.1503415686229438e-05 -0.0011363130665880308 0.0023645156657861846 0.005233408420729075 -0.0028422582611773244 -0.00066584915502585515 -0.0016075340236068789 0.00081426263458425868 -0.0019925624642503996 -0.00013432499709452482 0.0013683636483352161 -0.00073451049497203326 -0.00041799500631640389 -0.0026923252957125588 -0.00012915482550448888 -0.00068330056570607407
leaf_weight=14973 26782 20189 13497 1040 720 5436 129 169 184 2983 300 3653 2464 104577 6809 201412 6505 3547 206 271 22134 320 15364 2934 42819 2594 11489 17472 88548 11177 78301 53387 904 134 59884 13903 126 169 245 925 100 523 7524 206 183 283 10337 688 475 150 541 1807 644 2813 705 642 1393 4573 2432 465 18656 4408
leaf_count=14973 26782 20189 13497 1040 720 5436 129 169 184 2983 300 3653 2464 104577 6809 201412 6505 3547 206 271 22134 320 15364 2934 42819 2594 11489 17472 88548 11177 78301 53387 904 134 59884 13903 126 169 245 925 100 523 7524 206 183 283 10337 688 475 150 541 1807 644 2813 705 642 1393 4573 2432 465 18656 4408
internal_value=-1.93093e-08 9.54543e-05 -0.000249572 -0.000189664 -0.000302033 0.000111222 9.84845e-05 1.8267e-05 0.000154836 -0.000280767 -0.000225893 -5.36637e-05 -3.47783e-06 0.000173918 -0.000603713 -1.68484e-05 0.000471014 -0.000552536 -0.000401016 -0.000908325 -0.000557557 0.000841495 -0.00059638 -0.000109304 -0.00017089 1.57586e-05 -0.000290711 0.00048147 0.000184755 0.000229659 0.000139775 0.000176828 -0.000294915 3.28947e-05 0.000112781 -0.000248847 0.000782414 0.000287342 -0.000366121 0.000802348 -1.67105e-05 -0.00120693 -0.00112424 0.000517355 -0.000639658 1.88029e-05 -0.000151466 -0.000659542 0.000141871 0.00273595 -0.000344872 -0.00116831 -0.000277371 0.000362775 -0.000428877 0.000929462 0.00168866 -0.000588278 -6.21515e-05 -0.000783853 -0.000261462 -0.000805357
internal_weight=898223 649673 248550 207517 113630 628214 606736 250354 356382 14956 14772 93887 86038 341426 7849 232713 21478 41033 28779 12254 38538 1040 37498 15282 75092 32273 14472 17641 335990 247442 142865 131688 26445 82385 64186 18199 4302 2783 21459 1270 1025 8707 8436 912 706 206268 15076 4739 1805 319 25541 2348 18065 3457 14608 1117 1519 4856 29679 2897 23193 4537
internal_count=898223 649673 248550 207517 113630 628214 606736 250354 356382 14956 14772 93887 86038 341426 7849 232713 21478 41033 28779 12254 38538 1040 37498 15282 75092 32273 14472 17641 335990 247442 142865 131688 26445 82385 64186 18199 4302 2783 21459 1270 1025 8707 8436 912 706 206268 15076 4739 1805 319 25541 2348 18065 3457 14608 1117 1519 4856 29679 2897 23193 4537
is_linear=0
shrinkage=0.03


Tree=36
num_leaves=63
num_cat=0
split_feature=2 1 5 3 4 10 4 3 3 6 1 9 3 2 10 9 7 10 2 3 10 7 5 10 7 10 5 5 8 10 2 9 8 1 6 9 2 2 7 2 9 10 5 2 9 6 10 1 10 1 6 8 7 3 5 6 7 3 10 4 8 6
split_gain=22.4808 6.60221 4.77963 3.53642 3.93242 3.00201 2.74195 2.53453 2.50142 2.90404 2.43003 2.07207 1.93904 2.01775 1.90941 1.86871 1.86767 3.07032 1.82997 1.82631 2.65405 1.80678 1.76708 1.75297 1.72614 1.69435 2.3474 2.70906 1.87985 5.56448 3.83585 2.43192 2.05675 3.27986 2.34021 2.24503 1.78022 1.64536 1.63844 1.6188 1.72109 1.64271 1.59277 2.33874 3.70713 2.49466 1.83357 1.71912 2.15687 2.15833 2.4335 2.02832 3.02894 1.65191 1.63358 1.66968 1.62851 1.70265 1.582 1.55073 1.54768 3.12491
threshold=0.3133928571428572 0.30151515151515157 0.41042780748663105 0.14611005692599624 -0.35504201680672259 -0.11916835699797161 -0.45529953917050686 0.436491935483871 0.42488479262672812 -0.38403361344537806 -0.089572192513368967 -0.39827586206896548 -0.12678571428571425 -0.074643493761140808 0.40473790322580649 0.43844696969696978 0.49285714285714294 -0.39113300492610831 0.11359447004608299 0.22301136363636367 0.15111561866125764 0.1566964285714286 0.19848484848484851 0.47100840336134459 0.18660714285714289 -0.38403361344537806 0.12678571428571431 0.41926406926406928 0.48571428571428577 0.12678571428571431 0.47014260249554374 -0.16190476190476188 -0.064583333333333312 0.43844696969696978 0.14611005692599624 -0.032291666666666656 0.38057040998217473 0.47100840336134459 -0.47014260249554363 -0.074643493761140808 -0.442016806722689 -0.35504201680672259 0.41302521008403364 0.44028520499108742 -0.015640273704789816 0.49285714285714294 0.38403361344537817 0.38057040998217473 -0.41302521008403353 0.436491935483871 0.1815668202764977 0.38403361344537817 -0.29049111807732492 0.42488479262672812 1.0000000180025095e-35 0.37298387096774199 -0.32555780933062872 -0.18156682027649768 -0.02332657200811358 0.29705882352941182 0.40767045454545459 0.37689393939393945
decision_type=2 2 2 2 2 2 2 2 2 2 2 2 2 2 2 2 2 2 2 2 2 2 2 2 2 2 2 2 2 2 2 2 2 2 2 2 2 2 2 2 2 2 2 2 2 2 2 2 2 2 2 2 2 2 2 2 2 2 2 2 2 2
left_child=1 2 3 4 10 6 -5 16 9 12 39 21 -3 -14 59 22 42 -18 -6 20 -19 -10 23 -7 -17 26 37 -28 31 -30 -31 36 33 34 -33 -35 -27 -9 -13 40 -1 -41 43 46 47 -46 -2 51 49 -49 -51 52 58 60 55 -48 -50 -58 -45 -11 61 -44
right_child=7 8 -4 5 18 15 -8 25 11 14 -12 38 13 -15 -16 24 17 19 -20 -21 -22 -23 -24 -25 -26 28 27 -29 29 30 -32 32 -34 35 -36 -37 -38 -39 -40 41 -42 -43 53 44 45 -47 54 48 56 50 -52 -53 -54 -55 -56 -57 57 -59 -60 -61 -62 -63
leaf_value=-0.00055963699937811549 -0.0001243872984351021 -0.0014695179517515557 0.00086913552862095185 -0.0017463185403990512 0.00021705607849973593 -0.00014167435270419677 0.00018052703567819918 -0.00070342623988505111 -0.00032751870705099886 0.00040810516613461173 -0.0014584805488182142 -0.0038798338054492308 -0.001650328182445996 0.00034740730122811379 -0.00059785638324741765 -0.00068202656231019544 -0.002392184448657895 -0.00045064932956778502 4.8583433621937259e-05 0.000117681202889938 -0.0022709867813799555 -0.002489128899858464 0.0001355407321510251 -0.0020907837745697908 4.3670781167182068e-05 -0.00022950844564834062 0.0011037165252196959 -0.00030768965273576484 0.00031733101985782222 -2.4907355634163002e-05 -0.0021183422823671328 -3.4897341498293438e-05 -0.00059657394124709435 0.0012715865420678972 0.0021013369327890627 -0.0012519246473962698 -0.0012136469935553763 -0.0047706643499586046 -0.00038825441788460467 0.00040558294492023308 7.630876422647361e-05 -0.00039051857489633975 2.1140075526028371e-05 -0.0008264033250177399 -0.00012680361363268203 0.004240801640041026 -0.0011695258968406289 -0.0017096933560979948 -0.0048104512294496063 -0.00022942135784480915 0.0046648258087268061 -0.0012545147213999508 0.00016977850885565386 0.0037554687395129562 -0.00037180086248233217 -0.0044927690956741576 -0.00039762036894474217 -0.0018792769014407357 -0.0030540309398583024 -5.5925157523499077e-05 0.00035735438851008597 -0.0010949335641211248
leaf_weight=4026 69997 2203 7323 672 300534 64051 53768 230 587 7712 1054 121 633 1611 4996 9128 841 3032 71912 2788 945 855 26797 417 4358 2052 1820 3732 6681 1399 1802 894 20255 403 953 1479 8545 146 14336 2753 78320 15254 13919 2722 10754 118 1487 285 136 227 152 3035 4392 105 4622 149 962 2549 320 40599 7581 2694
leaf_count=4026 69997 2203 7323 672 300534 64051 53768 230 587 7712 1054 121 633 1611 4996 9128 841 3032 71912 2788 945 855 26797 417 4358 2052 1820 3732 6681 1399 1802 894 20255 403 953 1479 8545 146 14336 2753 78320 15254 13919 2722 10754 118 1487 285 136 227 152 3035 4392 105 4622 149 962 2549 320 40599 7581 2694
internal_value=-1.84634e-08 7.62121e-05 0.00010715 9.83341e-05 0.000139432 -2.40001e-05 0.000156711 -0.000295507 -0.000192772 -0.000101038 -2.61928e-05 -0.000525976 -0.000837479 -0.000216609 -3.95876e-05 -0.000117918 -0.000227215 -0.000683736 0.000184528 -0.000471026 -0.000883653 -0.00161003 -6.92071e-05 -0.000154314 -0.000447532 -0.000476846 -4.2449e-07 0.000155099 -0.000540364 -0.000175436 -0.0012037 -0.000644639 -0.000477377 0.000170058 0.00106788 -0.000711167 -0.00102312 -0.00229119 -0.000417744 -1.11352e-05 4.52102e-05 -0.000268791 -0.000199697 -0.000251738 -0.000499524 -7.90138e-05 -0.000168378 -0.00080882 -0.001313 0.000259305 0.00174055 -0.000601099 -0.000334204 1.85582e-05 -0.00066033 -0.00147475 -0.00159926 -0.00147354 -0.00106166 1.8156e-05 2.18578e-06 -0.0001599
internal_weight=898223 714020 640367 633044 473853 159191 54440 184203 73653 57754 101407 15899 4447 2244 53307 104751 133812 7606 372446 6765 3977 1442 91265 64468 13486 50391 5928 5552 44463 9882 3201 34581 23984 3729 1847 1882 10597 376 14457 100353 82346 18007 126206 101907 25652 10872 76255 14780 4311 664 379 10469 7434 24299 6258 1636 3647 3511 3042 48311 24194 16613
internal_count=898223 714020 640367 633044 473853 159191 54440 184203 73653 57754 101407 15899 4447 2244 53307 104751 133812 7606 372446 6765 3977 1442 91265 64468 13486 50391 5928 5552 44463 9882 3201 34581 23984 3729 1847 1882 10597 376 14457 100353 82346 18007 126206 101907 25652 10872 76255 14780 4311 664 379 10469 7434 24299 6258 1636 3647 3511 3042 48311 24194 16613
is_linear=0
shrinkage=0.03


Tree=37
num_leaves=63
num_cat=0
split_feature=2 1 11 2 5 3 4 10 11 10 8 11 11 11 0 5 4 2 8 6 1 11 2 6 4 10 5 8 11 8 10 4 2 8 11 5 3 2 6 10 11 1 11 11 2 2 0 2 10 0 11 8 1 6 3 2 11 11 2 10 10 2
split_gain=21.1525 6.24878 4.69216 3.80141 3.56737 4.07722 3.25732 2.86707 2.80454 2.63244 2.62864 2.59339 2.4975 2.87954 2.82963 2.80833 2.57728 2.45479 2.39046 2.33226 2.29363 2.14577 2.16942 2.1098 2.45612 2.52408 2.31571 2.26217 2.31877 2.09753 2.14252 1.91464 1.88393 1.88362 1.87873 1.91825 1.85948 1.78731 2.24839 1.77813 3.80242 2.57895 2.09949 1.94957 1.85504 2.94412 1.73973 1.71135 1.70454 2.16606 2.69168 2.63978 2.076 2.15663 3.08204 1.94769 1.67144 1.63902 1.60414 2.60672 2.49179 3.62212
threshold=0.3133928571428572 0.38057040998217473 0.15571120689655174 0.44028520499108742 0.41302521008403364 0.22301136363636367 -0.35504201680672259 0.17156862745098042 -0.46720430107526878 -0.28456439393939387 -0.3507130124777183 -0.47014260249554363 0.38057040998217473 0.46720430107526889 0.42037815126050426 0.38057040998217473 -0.442016806722689 -0.34122983870967738 -0.030330882352941176 0.47100840336134459 -0.14611005692599616 0.11527514231499054 -0.24642857142857141 0.32555780933062883 0.45529953917050697 -0.15669642857142854 0.47100840336134459 -0.37298387096774188 -0.40767045454545447 -0.35504201680672259 0.18660714285714289 -0.45529953917050686 -0.14928698752228159 0.44201680672268912 0.14611005692599624 0.47014260249554374 0.44028520499108742 0.044155844155844122 0.44201680672268912 0.20294117647058826 0.19848484848484851 -0.41926406926406917 0.47014260249554374 0.43844696969696978 -0.442016806722689 -0.35504201680672259 -0.3507130124777183 0.14928698752228167 -0.35504201680672259 -0.33095238095238094 -0.19848484848484846 0.43844696969696978 -0.046920821114369508 -0.078201368523949141 -0.45529953917050686 0.48571428571428577 0.44028520499108742 0.46824596774193555 0.47100840336134459 -0.43218390804597695 -0.46720430107526878 0.48571428571428577
decision_type=2 2 2 2 2 2 2 2 2 2 2 2 2 2 2 2 2 2 2 2 2 2 2 2 2 2 2 2 2 2 2 2 2 2 2 2 2 2 2 2 2 2 2 2 2 2 2 2 2 2 2 2 2 2 2 2 2 2 2 2 2 2
left_child=1 4 3 23 5 6 20 10 11 17 -4 32 14 -14 15 37 -16 -3 -10 -9 -1 -11 -23 24 26 -26 27 28 -2 -24 36 33 -8 -12 35 -29 -31 38 -7 43 41 -41 57 -20 -45 -46 -47 -44 -5 50 55 -52 -53 54 -54 -50 -22 -42 59 -33 61 -60
right_child=2 9 7 48 -6 12 8 19 18 21 31 -13 13 -15 16 -17 -18 -19 39 -21 56 22 29 -25 25 -27 -28 34 -30 30 -32 58 -34 -35 -36 -37 -38 -39 -40 40 42 -43 47 44 45 46 -48 -49 49 -51 51 52 53 -55 -56 -57 -58 -59 60 -61 -62 -63
leaf_value=-1.2079192933724653e-05 -0.0034285031791602937 -0.0025463374403050265 0.00076028720770042674 -0.001321898013044236 0.00062392114126276661 7.0610625250883041e-05 0.00075176124841670755 -0.00031487680599723842 0.00020984071163476859 -0.00044051238047802024 -0.0017603155464505054 0.0011249349668443411 0.00063146894527432989 -0.0002264698356084055 -0.003750735966966966 0.00073715276977109933 -0.00048818604783752869 -0.00063522314945560921 0.00010267625558699252 -0.0011943675667505757 -0.00085768942484272797 0.0011737068068942125 0.0012821335100071216 -0.00059711909445946479 -0.0022179507725573304 -0.00036722822447703444 0.0012565574308882072 -8.8837544477605841e-05 -0.00068941205307862226 0.00046077111667485701 -0.0007415679660736377 0.00079974045530548489 -2.3411076036760594e-05 0.0020678054019879866 -0.0018324309325706413 -0.0031509994937553745 -0.00056161785851387928 -0.00023183051835927644 -0.00086482901116120511 -0.0036385903990491342 -0.00055079278351282649 7.3266856075471606e-05 0.0011159891649915191 -0.0023594938768749874 0.0025751687721175631 0.001553986892586397 0.00026584522926487858 -0.0013679210861853974 -0.00026525372536285335 -0.00075767734775629891 1.2402310982146158e-05 0.0055927851322834206 0.0068013717276543106 -0.0016124446464153672 0.00035885251584305273 -0.0036997833135579382 -0.0043233371118124387 -0.0029653445809272789 -0.0042875152687712973 -3.8060689075055193e-05 -0.00022004136451616137 -0.00033522358751162832
leaf_weight=102141 305 658 3420 4028 11250 49017 4823 17651 221636 13633 997 4838 9077 5751 221 3796 11930 7393 122325 3206 1474 1485 990 17944 1072 1738 1015 38589 3070 5069 3756 3614 6798 130 573 184 2339 45368 2426 168 13272 52963 1175 185 666 1136 5552 316 442 18545 1172 145 111 139 166 223 136 257 337 44319 20522 546
leaf_count=102141 305 658 3420 4028 11250 49017 4823 17651 221636 13633 997 4838 9077 5751 221 3796 11930 7393 122325 3206 1474 1485 990 17944 1072 1738 1015 38589 3070 5069 3756 3614 6798 130 573 184 2339 45368 2426 168 13272 52963 1175 185 666 1136 5552 316 442 18545 1172 145 111 139 166 223 136 257 337 44319 20522 546
internal_value=-1.90785e-08 7.39251e-05 -0.000286645 -0.000442461 9.41719e-05 8.5242e-05 0.000121288 -0.000139512 0.00015723 -0.00031509 -5.1826e-05 0.000541366 -6.72803e-05 0.000298727 -0.000115413 -6.31828e-05 -0.000547828 -0.000791713 0.000142163 -0.000450117 -2.9794e-05 -0.000174362 9.16844e-05 -0.000320764 -0.000214216 -0.00107381 -0.000158965 -0.000192624 -0.000937887 -4.06049e-05 -0.000158007 -9.12519e-05 0.000298341 -0.0013173 -0.000128675 -0.00010345 0.00013793 -9.45716e-05 2.64803e-05 6.64113e-05 -5.76854e-05 6.14617e-05 -0.000479127 0.000131536 0.000599721 0.000674474 0.000484844 0.000588989 -0.000756729 -0.000647971 0.000200407 0.000822972 0.00251332 0.00142911 0.00295569 -0.00142081 -0.00115294 -0.000596876 -7.13054e-05 2.51223e-05 -0.000287231 -0.00184677
internal_weight=898223 714020 184203 89461 678697 667447 539861 94742 436110 35323 73885 16459 127586 14828 112758 100607 12151 8051 419651 20857 103751 27272 13639 64490 46546 2810 43736 42721 3375 12154 11164 70465 11621 1127 39346 38773 7408 96811 51443 198015 68151 53131 15020 129864 7539 7354 6688 1491 24971 20943 2398 1733 561 416 277 665 1610 13529 69338 47933 21405 883
internal_count=898223 714020 184203 89461 678697 667447 539861 94742 436110 35323 73885 16459 127586 14828 112758 100607 12151 8051 419651 20857 103751 27272 13639 64490 46546 2810 43736 42721 3375 12154 11164 70465 11621 1127 39346 38773 7408 96811 51443 198015 68151 53131 15020 129864 7539 7354 6688 1491 24971 20943 2398 1733 561 416 277 665 1610 13529 69338 47933 21405 883
is_linear=0
shrinkage=0.03


Tree=38
num_leaves=63
num_cat=0
split_feature=2 1 5 3 11 4 11 10 3 11 5 8 8 10 2 8 7 2 11 10 11 10 5 8 11 11 11 11 11 6 11 4 5 7 4 11 2 11 4 10 1 6 7 11 10 3 5 11 7 11 6 10 11 5 8 1 5 7 10 7 7 3
split_gain=19.9786 4.6847 4.40258 4.27254 3.95554 2.8503 2.97338 5.26578 3.93277 3.28145 3.37618 2.90482 2.64098 2.96006 2.61181 2.81658 4.70661 2.48879 4.68252 6.12526 2.97193 2.47051 2.96129 4.00054 2.39246 2.36971 2.33199 2.3291 2.77966 2.60564 2.13203 2.09239 2.50775 2.07394 2.63887 2.06557 1.98994 1.97865 2.94847 1.94159 2.38739 1.92469 1.92072 2.41415 2.82015 2.08194 2.06727 1.86942 1.86267 1.86081 2.12547 2.06534 2.51169 1.96779 1.84237 1.78173 1.77331 1.77257 1.75258 2.35777 2.2011 2.16229
threshold=0.24217986314760512 0.2573593073593074 0.23193277310924373 0.436491935483871 0.11527514231499054 -0.442016806722689 0.22144396551724141 0.24642857142857147 0.046920821114369467 0.33095238095238105 -0.28348214285714279 -0.36436781609195396 -0.13095238095238093 0.073593073593073613 -0.10948191593352884 0.29361054766734285 0.44028520499108742 0.44028520499108742 0.46720430107526889 -0.47100840336134447 0.46922348484848492 -0.43649193548387094 0.44028520499108742 0.25378787878787884 0.38057040998217473 0.35071301247771841 0.41042780748663105 0.30947580645161293 0.48571428571428577 0.32807881773399022 -0.20777988614800755 0.45529953917050697 -0.14400921658986171 1.0000000180025095e-35 0.066964285714285712 0.47100840336134459 0.43844696969696978 -0.38403361344537806 0.20142602495543679 0.43844696969696978 0.4320276497695853 0.40161290322580651 0.30947580645161293 0.25378787878787884 -0.442016806722689 -0.30947580645161282 0.41042780748663105 0.37298387096774199 0.47014260249554374 0.13484848484848486 0.3550420168067227 0.1815668202764977 0.46609195402298859 0.47100840336134459 0.40767045454545459 -0.41042780748663094 0.41042780748663105 -0.40767045454545447 -0.25378787878787873 0.49285714285714294 -0.30322580645161284 0.14076246334310852
decision_type=2 2 2 2 2 2 2 2 2 2 2 2 2 2 2 2 2 2 2 2 2 2 2 2 2 2 2 2 2 2 2 2 2 2 2 2 2 2 2 2 2 2 2 2 2 2 2 2 2 2 2 2 2 2 2 2 2 2 2 2 2 2
left_child=1 2 5 17 -5 27 8 9 12 -8 11 25 13 30 15 26 -17 31 58 -20 -21 -22 33 -24 41 -11 -13 -1 -29 -30 -7 32 36 -23 -35 48 -2 38 -4 42 -41 47 45 -44 46 -3 -45 -12 -25 50 53 -51 -53 -34 -37 -27 -39 -14 59 60 -19 -62
right_child=3 39 37 4 -6 6 7 -9 -10 10 24 14 57 -15 -16 16 -18 18 19 20 21 22 23 35 -26 55 -28 28 29 -31 -32 -33 49 34 -36 54 -38 56 -40 40 -42 -43 43 44 -46 -47 -48 -49 -50 51 -52 52 -54 -55 -56 -57 -58 -59 -60 -61 61 -63
leaf_value=-0.00032431049184915539 -0.00040839395255658608 -0.00074594933268612559 0.001806483065000528 -0.00077777035716782396 -0.0002612395880851192 0.00038796905160499973 -0.00012400319167113591 -0.00038340284637920931 1.0434906736718253e-05 -0.0036395183429569719 0.00069353518893548901 0.00079160346315194268 -0.00035581419211413626 0.00049853046679968675 -0.00063284734466269559 0.0028815587916812481 -0.0037193176185454442 -0.0015364676365011523 -0.0050974809556017017 0.0054812562463080715 0.0030357738595444134 0.00074428798615033256 -0.0020609752394375389 0.0026293657875087642 0.00027538862684707842 0.00041109966004102363 -0.00027116815989329345 0.00044349823015668068 -0.0015375236519361239 0.0034549070434708113 3.5635809369881764e-05 -0.00062138146819316746 -7.4971209929129077e-05 -0.0032732895285101427 -0.00030782931461903246 0.00025785494664039716 0.0010149504267610609 0.00027657248349620438 0.00024799317038096802 -0.00044509148030513908 -0.0024478845527698637 -0.0010737523993487809 -0.00053621665998295214 -0.00067021992722792281 0.00024214727830394967 5.6759855368375891e-05 -0.0058883238241782985 0.0017389452997272536 -0.0025261483229460971 0.00023277043959740891 -0.0004897963025024811 -6.8463681087565739e-05 -0.0014551322322265792 0.0011305080148761709 0.0030880773448884818 -0.0011316223861718329 0.00097503563488194733 0.00015702207683603267 -0.00036052294447783367 -0.0019649917156220331 6.6680930059020486e-05 -0.0009489059258363698
leaf_weight=24495 23929 3078 2171 21540 35065 27508 35519 27464 119010 259 5944 3333 6336 50490 3115 741 111 2001 177 107 316 1456 263 104 25122 970 4197 7865 1093 102 35282 6761 57725 309 2099 265 917 32573 2199 5223 596 439 14976 167 7133 52358 115 2078 157 36328 11851 11616 1307 1244 948 2202 3636 141773 23091 1412 3956 3606
leaf_count=24495 23929 3078 2171 21540 35065 27508 35519 27464 119010 259 5944 3333 6336 50490 3115 741 111 2001 177 107 316 1456 263 104 25122 970 4197 7865 1093 102 35282 6761 57725 309 2099 265 917 32573 2199 5223 596 439 14976 167 7133 52358 115 2078 157 36328 11851 11616 1307 1244 948 2202 3636 141773 23091 1412 3956 3606
internal_value=-1.93199e-08 8.74934e-05 0.000118462 -0.000228764 -0.000457806 9.52103e-05 0.00011346 -2.27804e-05 0.000153391 9.5087e-05 0.000255501 -0.000119875 0.000218479 0.000327515 0.000108753 0.000384396 0.00201823 -0.000161217 -0.000370873 0.000387336 0.000549313 0.000459215 0.000313334 0.00134179 0.000422358 -0.000885799 0.000199289 -0.000172307 0.000238645 -0.00110886 0.000189995 -0.000105556 -8.14864e-05 -0.00014922 -0.000689565 0.00194992 -0.000355823 0.00041953 0.00102248 -0.000122067 -0.000650609 0.000858648 -8.25406e-05 -0.000317036 0.000125652 1.2178e-05 -0.00281146 0.000964519 -0.000469649 -2.47161e-05 -0.000123203 0.000116902 -0.00020881 -4.95219e-05 0.00247049 -0.000659876 0.000346735 0.000135081 -0.000508897 -0.000821008 -0.000651909 -0.000417671
internal_weight=898223 649673 566027 248550 56605 525448 491893 111494 380399 84030 48511 14928 261389 113280 11497 8382 852 191945 40267 6201 6024 5917 5601 1737 33583 3431 7530 33555 9060 1195 62790 151678 144917 3864 2408 1474 24846 40579 4370 83646 5819 8461 77827 22391 7415 55436 282 8022 261 120071 70820 49251 12923 58969 1213 3172 36209 148109 34066 10975 9563 7562
internal_count=898223 649673 566027 248550 56605 525448 491893 111494 380399 84030 48511 14928 261389 113280 11497 8382 852 191945 40267 6201 6024 5917 5601 1737 33583 3431 7530 33555 9060 1195 62790 151678 144917 3864 2408 1474 24846 40579 4370 83646 5819 8461 77827 22391 7415 55436 282 8022 261 120071 70820 49251 12923 58969 1213 3172 36209 148109 34066 10975 9563 7562
is_linear=0
shrinkage=0.03


Tree=39
num_leaves=63
num_cat=0
split_feature=2 4 11 2 11 11 2 5 0 9 11 11 11 1 0 11 5 6 9 9 1 2 11 5 11 3 5 2 11 0 1 7 9 0 6 6 0 5 7 11 11 1 3 3 9 3 3 0 3 7 11 11 1 9 7 9 7 5 1 6 4 7
split_gain=18.8209 5.69514 4.23804 3.49298 3.24888 3.32404 2.90052 3.14892 2.72094 2.40401 4.36208 2.18793 2.06286 2.27405 2.04839 2.00502 3.54991 2.18649 2.00299 2.15819 2.51828 2.32033 2.42249 1.98863 1.94043 2.8342 1.83832 2.45123 3.33679 2.55919 2.10573 2.71579 1.7693 1.71978 1.71438 2.16311 1.71228 2.02453 2.4072 1.81969 1.85107 2.69422 2.91662 2.1955 1.72477 1.69458 1.67702 2.04234 2.52042 1.99683 2.27726 1.91228 2.29333 2.1085 2.39104 1.73915 1.87021 1.98222 1.82711 1.67671 1.64661 1.85318
threshold=0.3133928571428572 0.36405529953917054 0.15571120689655174 0.41302521008403364 -0.46824596774193544 -0.47014260249554363 0.044155844155844122 -0.41042780748663094 -0.46922348484848481 -0.14611005692599616 -0.46824596774193544 0.48571428571428577 0.30322580645161296 0.10450089126559715 0.32605042016806729 0.37689393939393945 -0.17961876832844573 -0.02290640394088669 0.436491935483871 -0.069047619047619038 0.38982683982683985 -0.35504201680672259 0.12678571428571431 0.47014260249554374 0.18660714285714289 -0.34122983870967738 0.40767045454545459 0.47100840336134459 0.038095238095238078 -0.33095238095238094 0.014495798319327681 0.46922348484848492 -0.38057040998217462 0.48571428571428577 -0.43844696969696967 0.24239631336405534 -0.030776515151515135 0.059714795008912643 0.46922348484848492 0.48571428571428577 0.22570532915360506 -0.43649193548387094 -0.46824596774193544 -0.38057040998217462 0.43844696969696978 0.45529953917050697 -0.442016806722689 0.40767045454545459 0.44201680672268912 -0.4499999999999999 0.20294117647058826 0.47100840336134459 -0.38057040998217462 -0.046920821114369508 -0.29361054766734279 -0.442016806722689 -0.47014260249554363 -0.38057040998217462 -0.41926406926406917 0.057983193277310947 0.29099821746880572 0.47014260249554374
decision_type=2 2 2 2 2 2 2 2 2 2 2 2 2 2 2 2 2 2 2 2 2 2 2 2 2 2 2 2 2 2 2 2 2 2 2 2 2 2 2 2 2 2 2 2 2 2 2 2 2 2 2 2 2 2 2 2 2 2 2 2 2 2
left_child=1 4 3 60 5 14 7 -6 -3 10 -5 15 13 -10 -1 17 -17 24 19 20 -15 22 -21 -18 -8 -26 27 29 -29 -12 -30 -32 33 -14 -31 -36 39 -38 44 40 -9 42 -42 -43 -39 -19 59 48 49 50 -48 52 -49 -53 -55 -52 58 -58 -57 -4 -2 -62
right_child=2 8 46 9 6 -7 11 36 12 -11 26 -13 32 18 -16 16 23 45 -20 21 -22 -23 -24 -25 25 -27 -28 28 30 34 31 -33 -34 -35 35 -37 37 38 -40 -41 41 43 -44 -45 -46 -47 47 51 -50 -51 55 53 -54 54 -56 56 57 -59 -60 -61 61 -63
leaf_value=0.00028673607921849163 -0.00010137232767962354 -0.0026565492566661768 -0.00049916927821639962 0.0022061778033793263 -9.3322206233487724e-05 0.0009930420199304481 0.00015432255267281108 0.00024393169780489353 0.0013966992978897549 -0.00044432898588281578 0.00038034521844291228 -0.00077012180285500559 -0.0005066620649131216 -0.00013510887865700376 -0.0012050646628285551 -0.00046017009550562102 0.0004680447027119581 -0.00011121750337093057 -0.0013231147290146419 9.7671162517880034e-05 -0.00096145575241752927 -0.00015988458877805566 0.0043344059688361167 0.0036580959827707182 -0.0010340979271504891 -2.3405111665862978e-05 -0.0006585829142224445 -0.0029942761957601751 0.0019727279289415288 -0.0038380780814146398 -0.0029082480483040873 0.0021802098632178967 0.00023934002208233384 -0.0037254077633294986 -0.0006536193902172689 -0.0020500403162585909 -4.6655907285643976e-06 0.00027409368642049547 -0.0010152967988556669 0.00086820847582005922 0.0024718143536290515 -0.00042928186019860863 0.0003708534988426319 8.103151515614908e-05 -0.00025958683433745982 -0.0009664061755003399 -0.0039927671751568347 0.0033560568204491722 0.0018394673329257 2.8301548305309222e-05 -0.0044270191147075134 0.00061608545945613367 -0.00040057163161479135 -0.0043231626215514121 -0.00025069990919001213 0.0020445134434493857 -0.0049257911341264848 -0.00065110251311741865 -0.00049879917764970145 -0.0024035460488605544 -0.00051186185691410116 0.00037012884385072015
leaf_weight=14950 27177 423 4042 384 53959 6902 65186 165164 642 21202 984 3398 1237 5732 876 4430 14898 95359 2002 281 7885 14229 213 177 3053 13694 6489 1492 216 228 360 127 10137 169 2690 1588 102378 63854 1428 3682 773 9565 2569 36686 5958 2131 197 146 672 51144 100 4035 29281 135 2829 353 144 300 901 463 24172 2352
leaf_count=14950 27177 423 4042 384 53959 6902 65186 165164 642 21202 984 3398 1237 5732 876 4430 14898 95359 2002 281 7885 14229 213 177 3053 13694 6489 1492 216 228 360 127 10137 169 2690 1588 102378 63854 1428 3682 773 9565 2569 36686 5958 2131 197 146 672 51144 100 4035 29281 135 2829 353 144 300 901 463 24172 2352
internal_value=-1.91773e-08 6.97306e-05 -0.000270387 -0.000418471 9.11654e-05 0.000443711 7.8806e-05 0.000121543 -0.00026517 -0.000648187 -0.00094503 -1.5406e-05 -0.000241322 -0.000368849 0.000204091 -2.51043e-06 0.000286349 -3.39137e-05 -0.000406251 -0.000341437 -0.000613645 -8.96531e-05 0.00192951 0.00050574 8.03227e-05 -0.000207706 -0.00103055 -0.00134451 -0.0021918 -0.00100541 -0.000486831 -0.00157953 0.000100993 -0.000895925 -0.00130804 -0.00117233 0.000151115 8.0791e-05 0.000203598 0.00020701 0.000195669 3.49351e-05 0.000857397 -2.45115e-05 0.000228544 -0.00012992 -0.000130555 -0.000102349 1.50778e-05 -8.02775e-06 -0.000938917 -0.000275815 -0.00038182 0.00016987 -0.000437582 -0.000602284 -0.000374562 -0.00204544 0.0002182 -0.000695381 -0.000265491 -0.000433641
internal_weight=898223 714020 184203 89461 671070 22728 648342 446016 42950 35760 14558 202326 42527 30984 15826 198928 19505 179423 30342 28340 13617 14723 494 15075 81933 16747 14174 7685 2195 5490 703 487 11543 1406 4506 4278 392057 173618 71240 218439 214757 49593 3342 46251 69812 97490 94742 90237 53811 53139 1995 36426 29427 6999 2964 1798 1698 444 1254 4505 53701 26524
internal_count=898223 714020 184203 89461 671070 22728 648342 446016 42950 35760 14558 202326 42527 30984 15826 198928 19505 179423 30342 28340 13617 14723 494 15075 81933 16747 14174 7685 2195 5490 703 487 11543 1406 4506 4278 392057 173618 71240 218439 214757 49593 3342 46251 69812 97490 94742 90237 53811 53139 1995 36426 29427 6999 2964 1798 1698 444 1254 4505 53701 26524
is_linear=0
shrinkage=0.03


Tree=40
num_leaves=63
num_cat=0
split_feature=2 0 11 2 2 11 2 6 1 10 9 8 9 11 5 1 10 8 3 8 8 8 5 6 11 11 2 5 6 11 1 10 11 11 9 2 5 9 11 1 6 1 3 2 5 11 9 8 10 10 5 1 11 11 11 8 0 9 10 10 11 8
split_gain=17.709 5.49072 3.98751 3.45033 3.28664 3.04645 5.49325 2.72942 3.347 2.6957 2.66189 2.4875 2.26205 4.10478 2.25438 2.9543 2.07284 1.99674 1.91735 1.91864 1.90993 2.00934 2.08758 1.87759 1.93275 2.79061 2.08092 2.99832 1.86202 2.45263 2.60342 1.78736 2.18444 1.77199 1.73487 2.35876 3.10247 2.1624 1.83249 1.69613 1.90603 1.69234 2.55139 1.67854 1.67258 2.23497 1.65773 1.90483 2.32322 1.62207 1.58362 1.56929 3.27175 2.67722 2.43817 1.9834 5.00894 2.88305 1.86037 1.695 3.09423 2.22606
threshold=0.3133928571428572 0.42037815126050426 0.15571120689655174 -0.030776515151515135 0.41302521008403364 -0.24642857142857141 -0.47014260249554363 -0.38057040998217462 0.29705882352941182 0.27772177419354843 0.44201680672268912 -0.3507130124777183 -0.14611005692599616 -0.46824596774193544 -0.3507130124777183 -0.046920821114369508 0.40473790322580649 0.46720430107526889 -0.35504201680672259 0.055273833671399604 0.48571428571428577 0.1815668202764977 -0.40767045454545447 0.23431372549019611 0.13484848484848486 0.038095238095238078 0.47014260249554374 0.44028520499108742 0.46609195402298859 0.47014260249554374 -0.30151515151515146 -0.39113300492610831 -0.47100840336134447 0.25378787878787884 -0.442016806722689 0.47100840336134459 0.4781385281385282 -0.44028520499108731 0.24239631336405534 -0.41926406926406917 0.25378787878787884 -0.36150568181818177 -0.41302521008403353 -0.27772177419354832 -0.40473790322580638 -0.442016806722689 0.26166328600405681 -0.11527514231499052 0.38403361344537817 -0.442016806722689 0.23193277310924373 0.47100840336134459 -0.073593073593073585 -0.35960591133004921 1.0000000180025095e-35 0.40767045454545459 0.2573593073593074 0.37298387096774199 0.40473790322580649 0.090992647058823553 -0.17156862745098037 0.29705882352941182
decision_type=2 2 2 2 2 2 2 2 2 2 2 2 2 2 2 2 2 2 2 2 2 2 2 2 2 2 2 2 2 2 2 2 2 2 2 2 2 2 2 2 2 2 2 2 2 2 2 2 2 2 2 2 2 2 2 2 2 2 2 2 2 2
left_child=1 3 4 5 -2 6 -1 8 14 11 -11 49 13 -6 15 41 18 23 -5 -20 21 31 -23 24 25 26 -15 -28 -9 -30 -31 32 -8 -10 35 -13 38 50 -37 40 -3 -7 -43 -34 -45 -46 47 -41 -49 -4 -36 55 53 -53 -54 -14 57 -57 -58 -55 -61 -62
right_child=2 39 9 16 12 7 20 28 33 10 -12 34 51 17 -16 -17 -18 -19 19 -21 -22 22 -24 -25 -26 -27 27 -29 29 30 -32 -33 43 -35 37 36 -38 -39 -40 46 -42 42 -44 44 45 -47 -48 48 -50 -51 -52 52 54 59 -56 56 58 -59 -60 60 61 -63
leaf_value=-0.00092862450708183016 -0.0002575268222055016 -6.9228120367316627e-05 0.0030248610588612585 -0.0002329008764062969 0.0021401643969009738 -0.00020320530963230504 0.0028731129761696774 0.00014057232885667463 -0.0023477556438001503 -0.00076828866355023949 0.0003346328337310695 -0.00014961773157216567 -0.00051303083139528664 -0.0007268420084406128 9.061668260189134e-05 -0.0053916940713556096 -0.00022391424997189458 -0.00039556366261223015 0.00013582523814874875 -3.6456344638303496e-05 0.0014808371345750413 -0.00055290944657257718 0.00019025539665668722 -0.0017310033998621745 -0.0033272268023348478 0.00032483023328068569 -0.0027193733774529302 0.00071623608336209292 -0.0004639523657620662 0.0059244415487638728 -5.4755940652232925e-05 0.00042855178168463753 0.00036193788893625647 -0.00029115178460458038 0.0036624406257178633 0.00082605254749278372 0.00087970339826971833 -8.6159666677069384e-05 -0.002856138216963869 0.00024491528945962815 -0.0040382096433536482 -0.0028178767301922317 -0.00051764125008559318 0.0015652018129613304 -0.0023776106680780647 -0.00040745132821690995 -0.00076600210519890894 -0.00041438315524088237 0.0033133961103923959 0.00051321363816243847 0.00065076044422259774 -0.0026960865240884956 -0.0030680232150216129 0.0014264211804384148 -0.0010376777560388664 0.0018217616205718937 -0.00079622688961784914 -0.0014866803716794079 0.001716463603134944 0.0011953658371109187 0.0014215564811839011 -0.0033303626050393501
leaf_weight=3286 53701 203 246 22198 384 10626 220 245928 922 9677 2472 2479 11463 3305 22931 105 31576 3656 130060 105263 1253 4016 22214 3907 282 1526 1217 281 6808 112 156 68647 3146 638 219 138 333 73940 1001 6267 234 581 1709 305 624 3037 5817 14987 151 3685 552 291 753 801 1817 1726 2799 274 292 509 117 360
leaf_count=3286 53701 203 246 22198 384 10626 220 245928 922 9677 2472 2479 11463 3305 22931 105 31576 3656 130060 105263 1253 4016 22214 3907 282 1526 1217 281 6808 112 156 68647 3146 638 219 138 333 73940 1001 6267 234 581 1709 305 624 3037 5817 14987 151 3685 552 291 753 801 1817 1726 2799 274 292 509 117 360
internal_value=-1.93181e-08 6.76387e-05 -0.000262279 8.43391e-05 -0.000405919 0.000141719 0.00027877 9.13594e-05 -0.000147446 -0.000126642 -0.000543864 -6.52655e-05 -0.000628747 -0.000916692 -8.83968e-05 -0.000403636 5.49059e-06 -0.000999653 3.36199e-05 5.87616e-05 0.000317126 0.000302845 7.64548e-05 -0.00120957 -0.000901202 -0.000792597 -0.00114762 -0.00207486 0.000126767 -0.000353001 0.00245675 0.000380999 -6.42187e-05 -0.00150738 -0.000102073 -0.000714641 -0.00166545 -6.96692e-05 -0.00240967 -0.000346772 -0.00219886 -0.000362672 -0.00110221 -0.000155472 -0.000565892 -0.000743813 -0.00031696 -0.000194899 -0.000376983 0.000671121 0.00150985 -0.000431 -0.000918033 -3.27793e-05 -0.00163352 -0.000294204 0.000198514 0.00136799 -0.00055838 0.000402186 -0.000430477 -0.00216426
internal_weight=898223 714020 184203 686361 89461 397264 106748 290516 37512 94742 12149 82593 35760 14558 35952 13021 289097 14174 257521 235323 103462 102209 26230 10518 6611 6329 4803 1498 253004 7076 268 75979 7332 1560 78662 3951 1472 74711 1139 27659 437 12916 2290 7112 3966 3661 27222 21405 15138 3931 771 21202 4648 2078 2570 16554 5091 2000 3091 1787 986 477
internal_count=898223 714020 184203 686361 89461 397264 106748 290516 37512 94742 12149 82593 35760 14558 35952 13021 289097 14174 257521 235323 103462 102209 26230 10518 6611 6329 4803 1498 253004 7076 268 75979 7332 1560 78662 3951 1472 74711 1139 27659 437 12916 2290 7112 3966 3661 27222 21405 15138 3931 771 21202 4648 2078 2570 16554 5091 2000 3091 1787 986 477
is_linear=0
shrinkage=0.03


Tree=41
num_leaves=63
num_cat=0
split_feature=2 1 5 0 5 0 10 9 10 6 8 7 8 7 5 6 1 8 4 5 7 6 1 5 5 0 10 8 2 10 10 9 4 2 1 9 10 8 2 10 1 7 1 8 5 6 9 2 10 4 7 2 2 0 1 2 1 5 10 1 2 10
split_gain=16.716 4.10137 4.14875 3.85874 2.58133 2.59105 3.15607 2.1692 2.09767 2.82952 2.69154 2.07978 2.03249 2.02178 2.00545 2.51575 2.7978 2.58802 2.47378 2.2807 2.61086 2.27651 2.19012 2.46696 2.39198 2.1126 2.07241 2.0679 1.98559 1.93003 1.8929 1.88394 1.763 1.86841 2.00594 1.79114 1.75296 2.5922 1.91126 1.73772 2.20334 1.74496 1.72988 1.87657 1.73882 1.82582 1.7213 1.71534 1.71196 1.68143 1.67131 3.46486 1.64958 1.61086 1.87595 1.79223 1.59696 1.58175 2.20169 2.11617 2.24205 1.5708
threshold=0.24217986314760512 0.2573593073593074 0.23193277310924373 0.44870129870129877 -0.47100840336134447 0.13961038961038966 -0.11916835699797161 0.436491935483871 0.11916835699797164 0.44201680672268912 0.21651785714285718 -0.46824596774193544 -0.32555780933062872 0.21198156682027655 -0.29705882352941171 -0.47100840336134447 0.078201368523949225 0.21198156682027655 0.13246753246753248 0.043487394957983157 -0.35960591133004921 -0.47014260249554363 0.40767045454545459 0.44201680672268912 0.44028520499108742 -0.11942959001782531 -0.25809822361546492 -0.13095238095238093 0.47100840336134459 0.44028520499108742 -0.47100840336134447 0.087221095334685597 -0.35504201680672259 -0.44028520499108731 -0.3507130124777183 -0.27772177419354832 0.34122983870967749 0.44028520499108742 0.44028520499108742 0.43844696969696978 0.4320276497695853 0.30947580645161293 0.46824596774193555 0.20294117647058826 0.47100840336134459 -0.23030303030303029 -0.41302521008403353 -0.074643493761140808 -0.4541871921182265 -0.45529953917050686 0.44201680672268912 0.44201680672268912 0.47014260249554374 -0.066964285714285712 0.43844696969696978 0.46824596774193555 0.10948191593352886 0.014495798319327681 0.12284482758620692 -0.1014705882352941 -0.41042780748663094 -0.47014260249554363
decision_type=2 2 2 2 2 2 2 2 2 2 2 2 2 2 2 2 2 2 2 2 2 2 2 2 2 2 2 2 2 2 2 2 2 2 2 2 2 2 2 2 2 2 2 2 2 2 2 2 2 2 2 2 2 2 2 2 2 2 2 2 2 2
left_child=1 2 4 14 -1 32 49 -4 9 11 -10 -5 31 -9 21 48 17 -17 -19 20 -18 25 23 -21 28 27 -22 -2 -24 36 -23 -13 33 34 -6 -35 -12 -38 -39 41 -41 -3 44 -44 45 -26 -28 -37 -16 -7 51 -31 -52 -48 -55 -56 57 59 -59 61 -61 -34
right_child=3 39 7 8 5 6 -8 13 10 -11 29 12 -14 -15 15 16 19 18 -20 22 26 30 24 -25 42 -27 46 -29 -30 50 -32 -33 56 35 -36 47 37 38 -40 40 -42 -43 43 -45 -46 -47 53 -49 -50 -51 52 -53 -54 54 55 -57 -58 58 -60 60 -62 -63
leaf_value=-0.0003788603854842345 0.0029210201120980447 1.1624781665676185e-05 0.00046668804714241003 -0.003530109580949898 0.00034613915343807401 -0.0013913917416767624 -0.00015573354456995187 -0.00085001293900525325 -0.00010713904492896057 -7.7335135346981429e-05 -0.00098457086506151216 0.0014618427082275351 -0.00072825553238857683 0.00072910920053770301 0.0025604080093150905 0.00029279720895991184 -0.0023052151773061292 -0.00032821839830251426 0.00099947945947609818 -9.164959973662236e-05 -0.0011564412621036708 -0.0031962161522611364 -0.00038248861286476312 0.00057648557478623505 0.0011620256965248687 -0.002416044754904958 0.0033204423911742135 0.00031274885394067491 -0.0010832954855955527 -0.00068892435576975799 -0.00054264735070910851 -0.0025621282100368142 -0.00053584390706298737 -0.0003562646997063686 -0.00093762711274629701 0.00010424299945767277 -0.0032630654714358043 0.00072176098026920197 -0.0019258128411436576 -0.00041863911653957644 -0.0023426775186499299 -0.00030216558954705854 -0.00086537114536644531 -9.1185533263591734e-05 0.00074565459353171336 -0.00028245139536093428 0.00038551844208136924 -0.0003158735059288189 -0.0012159537693971975 0.000215235804376336 0.00059891658389267142 0.0044235276038855752 -0.0026767740532480221 -0.00070756705721974835 0.0029113990384228954 -0.0010853900972076437 -3.3464868943730409e-05 0.0004881545193563938 0.00011000884553202766 -0.00081279796613407875 4.4269568890531389e-05 0.00021937678846949208
leaf_weight=10515 371 55436 37264 225 18358 595 69112 2232 3547 16438 5685 674 11319 1083 112 25051 738 13631 1391 81244 2857 245 21182 5297 916 183 121 1035 4393 293 14841 123 2516 14725 1164 42345 857 362 758 5223 596 22391 3853 10482 3569 5578 2364 11023 2502 35932 281 200 271 5137 260 164 33489 32599 24104 2871 63114 162986
leaf_count=10515 371 55436 37264 225 18358 595 69112 2232 3547 16438 5685 674 11319 1083 112 25051 738 13631 1391 81244 2857 245 21182 5297 916 183 121 1035 4393 293 14841 123 2516 14725 1164 42345 857 362 758 5223 596 22391 3853 10482 3569 5578 2364 11023 2502 35932 281 200 271 5137 260 164 33489 32599 24104 2871 63114 162986
internal_value=-1.90951e-08 8.00298e-05 0.000109006 -0.000209255 8.64348e-05 9.59369e-05 -3.65242e-05 0.000401267 -0.000475078 -0.000335091 -0.000803787 -0.000678384 -0.000625139 -0.000334054 -0.000156691 -0.000129122 -0.000116282 0.000106108 -0.000205219 -0.000176435 -0.000579498 -0.000472186 -0.00014206 -5.07482e-05 -0.000300187 0.000607594 -0.000462487 0.00100258 -0.000502903 -0.00108754 -0.000585951 0.000838396 0.000130125 1.08218e-05 0.00026955 -6.33576e-05 -0.00125247 -0.00202194 -0.0010702 -0.00011605 -0.000616074 -7.86561e-05 -8.76786e-05 -0.000299319 0.000213808 -7.85556e-05 -0.000215962 1.74649e-05 -0.00105323 0.000189028 0.000121795 0.00138985 -0.00101119 -0.000270369 -0.000549208 0.00136655 0.000162619 0.000185405 0.000327413 0.000150619 6.9669e-06 0.000207893
internal_weight=898223 649673 566027 248550 525448 514933 105639 40579 41033 28779 12254 12341 12116 3315 207517 190842 188228 40073 15022 148155 11641 16675 136514 86541 49973 1589 10903 1406 25575 8707 15086 797 409294 87615 19522 68093 7662 1977 1120 83646 5819 77827 24398 14335 10063 6494 8046 53368 2614 36527 1045 493 552 7925 5561 424 321679 288190 56703 231487 65985 165502
internal_count=898223 649673 566027 248550 525448 514933 105639 40579 41033 28779 12254 12341 12116 3315 207517 190842 188228 40073 15022 148155 11641 16675 136514 86541 49973 1589 10903 1406 25575 8707 15086 797 409294 87615 19522 68093 7662 1977 1120 83646 5819 77827 24398 14335 10063 6494 8046 53368 2614 36527 1045 493 552 7925 5561 424 321679 288190 56703 231487 65985 165502
is_linear=0
shrinkage=0.03


Tree=42
num_leaves=63
num_cat=0
split_feature=2 0 11 2 11 10 9 2 5 10 9 11 4 11 6 11 11 9 7 11 11 5 2 11 0 1 7 0 4 9 1 6 7 5 1 6 6 6 11 1 4 7 10 11 9 2 7 10 1 4 7 10 1 4 5 5 10 6 10 0 10 7
split_gain=15.7299 5.02047 3.78414 3.01636 2.96039 2.505 2.47541 2.45087 2.65211 2.2484 2.13731 3.86184 2.00438 1.95441 2.48189 1.94461 1.85753 1.79931 1.78194 1.73888 1.68932 1.68105 2.20856 3.02043 2.39298 1.95516 2.56316 1.67943 1.66519 2.26683 1.87795 2.82157 1.80244 1.695 1.63198 1.61466 1.96636 1.60463 1.70949 1.74252 1.59611 2.43732 1.57624 1.75613 1.56172 1.53743 1.99074 1.53638 1.69721 1.5312 1.74272 1.52229 1.51511 1.50693 3.25584 1.4937 1.5143 2.66321 1.50953 1.49163 1.81362 2.14609
threshold=0.3133928571428572 0.37321428571428578 0.15571120689655174 0.41302521008403364 -0.46824596774193544 0.27772177419354843 0.44201680672268912 0.022350230414746545 -0.41042780748663094 -0.18660714285714283 -0.14611005692599616 -0.46824596774193544 -0.29705882352941171 0.41042780748663105 -0.43844696969696967 0.47100840336134459 -0.47014260249554363 0.31534090909090917 0.10303030303030304 0.46609195402298859 0.45418719211822667 0.40767045454545459 0.47100840336134459 0.038095238095238078 -0.33095238095238094 0.014495798319327681 0.46922348484848492 -0.41042780748663094 0.36405529953917054 -0.34122983870967738 -0.41926406926406917 0.25378787878787884 0.1566964285714286 0.47100840336134459 0.35071301247771841 -0.43844696969696967 0.24239631336405534 -0.4499999999999999 0.06458333333333334 0.15388257575757577 -0.45529953917050686 -0.47014260249554363 0.11527514231499054 0.29361054766734285 0.069047619047619038 -0.33602150537634407 0.30947580645161293 0.44201680672268912 0.078201368523949225 0.29099821746880572 0.47014260249554374 -0.38403361344537806 -0.45529953917050686 -0.39447004608294928 -0.24642857142857141 0.11596638655462189 0.38057040998217473 0.26904761904761915 0.36436781609195407 -0.27207792207792203 0.25378787878787884 -0.46922348484848481
decision_type=2 2 2 2 2 2 2 2 2 2 2 2 2 2 2 2 2 2 2 2 2 2 2 2 2 2 2 2 2 2 2 2 2 2 2 2 2 2 2 2 2 2 2 2 2 2 2 2 2 2 2 2 2 2 2 2 2 2 2 2 2 2
left_child=1 4 3 49 9 40 -7 8 -6 34 11 -5 15 18 -15 37 44 28 -14 20 -16 22 24 53 -13 -25 -27 -21 30 32 31 -3 -30 -31 -1 -26 -37 -9 39 -39 41 51 -35 -44 -11 46 -18 48 -20 55 -51 -4 -46 -24 -55 56 58 -58 -2 60 61 -12
right_child=2 17 5 10 7 6 -8 12 -10 16 59 21 13 14 19 -17 45 -19 47 27 -22 -23 23 25 35 26 -28 -29 29 33 -32 -33 -34 42 -36 36 -38 38 -40 -41 -42 -43 43 -45 52 -47 -48 -49 -50 50 -52 -53 -54 54 -56 -57 57 -59 -60 -61 -62 -63
leaf_value=0.00092462750914259128 -0.00021872851621079293 0.00033095907210304107 -0.0026424637175553921 0.0020845276653742441 -8.1360011713919135e-05 -0.00073367285366638985 0.00032991222066142335 0.00073926920718464756 0.00014605738378836255 -0.0003865746878292663 -0.0025239479656362636 0.0004006722844631274 7.6304058018408701e-05 -0.0012192222732806484 0.00071154701460894208 -0.0016666184973474956 0.00031420239938065271 -0.00055675042480171069 0.00014993031692439566 0.0024031202090748897 0.0045447999785122057 -0.00060525504242101296 -0.0052030850434004183 0.0019266141433491959 -0.0036872236082492005 -0.0027871507072822549 0.0021561261037277291 -1.5193831197839686e-05 -0.00015438699243725879 -0.00036855757873284847 3.5212825560563197e-05 -0.0035805100288147243 -0.0016656098284379159 2.9200348879150563e-05 -0.001686839756581026 -0.0006057032623913005 -0.0019370898245615489 3.4232557794636211e-06 -0.00061928124204344546 -0.0038817659986338446 -3.9039548351336015e-05 -0.0020669859337270153 0.0028117642881512477 -0.00029710599380450731 -0.0025131956569525043 0.0012271870581730534 -0.0042726420182553886 -0.00061814634792234369 -0.00017512790072975052 -0.000482963739419317 0.00037233352418271056 0.0014630648531458507 0.00038659678520241812 0.0020846617249988537 -0.0029449453014624666 0.00016785140835751412 -0.00053435024718655579 -0.0036564228198571629 0.0026423284005639806 -0.00050658465024845765 -0.0012231370754548861 0.00091215558451510971
leaf_weight=7332 13771 340 102 384 52775 9677 2472 1434 367700 4624 177 984 102871 846 7300 881 491 10575 20496 269 104 6489 207 216 228 360 127 6042 1125 10526 31126 323 1927 1828 221 2690 1588 9874 8346 104 81267 839 454 255 165 2362 102 5112 49052 24172 2352 385 7038 128 1157 11765 1163 311 167 18399 601 2025
leaf_count=7332 13771 340 102 384 52775 9677 2472 1434 367700 4624 177 984 102871 846 7300 881 491 10575 20496 269 104 6489 207 216 228 360 127 6042 1125 10526 31126 323 1927 1828 221 2690 1588 9874 8346 104 81267 839 454 255 165 2362 102 5112 49052 24172 2352 385 7038 128 1157 11765 1163 311 167 18399 601 2025
internal_value=-1.90229e-08 6.37466e-05 -0.00024719 -0.00038712 8.75062e-05 -0.000115058 -0.000517252 7.55324e-05 0.000117513 0.000426948 -0.000600589 -0.000880481 -7.44567e-06 2.27395e-05 0.000356857 -0.000288373 0.000211764 -0.000202592 -4.66653e-06 0.000454158 0.000765997 -0.00096095 -0.00126117 -0.00206542 -0.0009393 -0.000443327 -0.00149626 8.82488e-05 -0.0001244 -0.000372812 1.53638e-06 -0.00157715 -0.00110879 -0.000200789 0.000848003 -0.00123194 -0.00110025 -0.000226837 -0.000302479 -3.74567e-05 -5.58923e-05 -0.00108794 0.000495154 0.00169478 4.36385e-05 0.000884421 -0.000480631 -0.000116232 -7.93315e-05 -0.00024496 -0.00040711 0.000599527 0.000319831 -0.00282891 -0.00244271 -8.66975e-05 -0.00028101 -0.00119511 -0.000184261 -0.000408372 0.000236247 0.000634936
internal_weight=898223 714020 184203 89461 655541 94742 12149 633206 420475 22335 35760 14558 212731 192092 14561 20639 14782 58479 177531 13715 7404 14174 7685 2195 5490 703 487 6311 47904 16115 31789 663 3052 13063 7553 4506 4278 19758 18324 9978 82593 1326 2537 709 11827 2955 593 74660 69548 53701 26524 487 7203 1492 1285 27177 15412 1474 13938 21202 2803 2202
internal_count=898223 714020 184203 89461 655541 94742 12149 633206 420475 22335 35760 14558 212731 192092 14561 20639 14782 58479 177531 13715 7404 14174 7685 2195 5490 703 487 6311 47904 16115 31789 663 3052 13063 7553 4506 4278 19758 18324 9978 82593 1326 2537 709 11827 2955 593 74660 69548 53701 26524 487 7203 1492 1285 27177 15412 1474 13938 21202 2803 2202
is_linear=0
shrinkage=0.03


Tree=43
num_leaves=63
num_cat=0
split_feature=1 2 11 2 11 4 11 11 2 8 7 11 4 3 8 0 11 6 11 11 1 11 2 4 9 2 6 6 1 7 7 7 4 0 2 0 8 7 6 4 1 7 9 2 2 8 4 11 2 8 1 8 3 7 9 4 0 0 0 9 9 1
split_gain=14.8391 6.91801 4.13338 2.94651 2.89674 2.66153 2.77117 2.5904 3.00023 2.45734 2.95009 2.31748 2.3072 2.44788 2.27739 3.22865 2.17974 2.59989 2.12863 3.92683 3.06476 2.70243 3.94766 2.65343 2.49976 4.25012 2.31385 2.23456 2.15864 2.10113 2.10018 3.31748 2.81093 2.91762 2.69202 2.11614 2.03044 3.40666 2.37272 2.00424 2.00117 2.45685 1.99358 2.36124 2.13062 1.99077 1.9943 1.99399 1.93833 3.47612 2.72564 2.46836 2.32199 2.28226 2.26355 2.1356 2.93982 1.91769 1.90564 1.90269 1.86191 1.85755
threshold=0.40767045454545459 0.11942959001782534 0.44201680672268912 0.47100840336134459 -0.08342602892102334 -0.442016806722689 -0.24642857142857141 0.13484848484848486 -0.45529953917050686 -0.064583333333333312 0.436491935483871 0.30947580645161293 0.41302521008403364 0.48571428571428577 0.47014260249554374 0.46824596774193555 0.48571428571428577 0.32807881773399022 -0.46720430107526878 -0.47014260249554363 -0.26806722689075629 0.015640273704789823 0.38403361344537817 -0.26806722689075629 -0.14611005692599616 0.47014260249554374 0.47014260249554374 -0.47100840336134447 0.078201368523949225 0.49285714285714294 0.46720430107526889 0.34611742424242431 0.45529953917050697 -0.37689393939393934 -0.38057040998217462 -0.35504201680672259 -0.27281105990783405 -0.47014260249554363 -0.47014260249554363 0.34611742424242431 0.2573593073593074 -0.25809822361546492 0.26904761904761915 0.41042780748663105 0.47100840336134459 0.25378787878787884 0.26806722689075635 0.35071301247771841 0.48571428571428577 0.35960591133004927 0.47014260249554374 0.41302521008403364 0.47100840336134459 0.44028520499108742 -0.015640273704789816 0.47100840336134459 0.43844696969696978 -0.41042780748663094 0.31623376623376631 -0.41302521008403353 0.10948191593352886 -0.38403361344537806
decision_type=2 2 2 2 2 2 2 2 2 2 2 2 2 2 2 2 2 2 2 2 2 2 2 2 2 2 2 2 2 2 2 2 2 2 2 2 2 2 2 2 2 2 2 2 2 2 2 2 2 2 2 2 2 2 2 2 2 2 2 2 2 2
left_child=1 5 3 7 -5 11 -7 30 -9 10 -6 -1 13 18 48 -16 -13 -18 19 20 -3 22 39 26 25 61 36 -25 45 -8 31 32 34 -34 -2 -33 37 -23 -39 -20 41 -14 43 -17 -45 57 -47 -48 51 -50 53 52 55 -51 -53 56 -4 -29 -57 -60 -40 -24
right_child=2 12 14 4 9 6 29 8 -10 -11 -12 16 40 -15 15 42 17 -19 21 -21 -22 23 24 27 -26 -27 -28 28 -30 -31 -32 35 33 -35 -36 -37 -38 38 60 -41 -42 -43 -44 44 -46 46 47 -49 49 50 -52 54 -54 -55 -56 58 -58 -59 59 -61 -62 -63
leaf_value=-0.00031338703261146489 -0.0040786590900031786 0.0027395928045516236 0.00040846890998732995 5.6757302725291516e-05 0.0012317766834924818 0.00023751403999939529 8.5581730537486359e-05 0.0037980596565818092 -0.00015191431989699763 -0.0010217910463193489 -0.0036033820646645667 0.00044929089371198054 0.0061067672415051309 -0.0010003354085317885 0.0015228527324328994 -0.0034506796786445194 -0.0014212652097170752 0.0036250066399426744 -8.2502725727037795e-05 0.0012831109386609847 -0.00045989369968796719 0.002848591257013719 0.0011640126253107356 -0.0011452259239335639 -0.00034544718295276007 -0.0026985626224949478 -0.0038856162923621008 -0.00062585285438520558 -2.4707426219472848e-05 -0.00080008828005220225 -3.3731548037118927e-05 0.00099797809449930015 -0.0052585397867097273 -0.00085043242803007463 -0.00010300560394063303 -0.0011002002301222407 -0.0004584934415048324 0.0042725687501952046 -0.00088013493838948816 -0.00050050843988808037 0.00031371422123432224 0.0012328323369762033 0.0022149878007418533 0.0019431380896555149 -0.00036845408183852076 -0.00018527767996562146 -0.00016619205807045007 0.0046067173205280917 -0.000557633835020352 0.0012569720851367012 0.002327509300310665 -0.00053106494957193783 0.00075801223807858014 -0.0037498991117820338 -0.0028979426826282757 -0.0026236974469719646 -0.0015472262721009824 0.00047774434858413817 -0.0041213347039183203 0.00030585002209609989 0.00093343171772246488 -0.00088951569574958144
leaf_weight=23426 154 292 2708 3286 813 138244 360130 173 32234 14409 131 7439 112 2663 2108 191 1022 100 87699 2853 3352 439 431 1393 10991 1201 164 1511 76337 2426 7127 450 138 4922 13877 10755 14480 109 1444 11700 5042 533 332 424 2305 9161 156 158 1315 203 1071 927 1923 136 598 669 928 22611 102 575 786 4834
leaf_count=23426 154 292 2708 3286 813 138244 360130 173 32234 14409 131 7439 112 2663 2108 191 1022 100 87699 2853 3352 439 431 1393 10991 1201 164 1511 76337 2426 7127 450 138 4922 13877 10755 14480 109 1444 11700 5042 533 332 424 2305 9161 156 158 1315 203 1071 927 1923 136 598 669 928 22611 102 575 786 4834
internal_value=-1.93471e-08 4.4341e-05 -0.000335195 -0.000416525 -0.000751632 0.000106285 0.00012323 -0.000327068 -0.000130711 -0.000924644 0.000557693 -0.000159023 -8.23723e-05 -9.57136e-05 0.000100481 0.000608643 0.000263361 -0.000968681 -8.6154e-05 0.000449781 -0.000202832 -0.000100333 -0.000204786 -5.52718e-06 -0.000620849 -0.00108886 -0.00034979 4.83505e-05 6.34849e-05 7.96532e-05 -0.000497099 -0.000606099 -0.000365563 -0.000971669 -0.000146929 -0.00101585 -0.000315966 0.000426836 -2.87187e-05 -0.00013171 0.0005152 0.0020873 1.57513e-05 -0.000234972 -8.7258e-06 0.000263865 -0.000104595 0.00224246 -0.000143724 0.000551698 0.00158595 -0.000368558 -0.000127226 -0.000756806 -0.00146048 -0.000469002 -9.09626e-05 0.000408592 -0.00148939 -0.000366265 -0.000240782 -0.000721222
internal_weight=898223 793239 104984 88469 18639 532787 500800 69830 32407 15353 944 31987 260452 254765 16515 5360 8561 1122 252102 6497 3644 245605 116856 128749 17457 6466 17422 111327 109934 362556 37423 30296 19091 5060 14031 11205 17258 2778 2339 99399 5687 645 3252 2920 2729 33597 9475 314 11155 2725 1410 8430 6905 339 1525 4982 3636 24122 1346 677 2230 5265
internal_count=898223 793239 104984 88469 18639 532787 500800 69830 32407 15353 944 31987 260452 254765 16515 5360 8561 1122 252102 6497 3644 245605 116856 128749 17457 6466 17422 111327 109934 362556 37423 30296 19091 5060 14031 11205 17258 2778 2339 99399 5687 645 3252 2920 2729 33597 9475 314 11155 2725 1410 8430 6905 339 1525 4982 3636 24122 1346 677 2230 5265
is_linear=0
shrinkage=0.03


Tree=44
num_leaves=63
num_cat=0
split_feature=2 3 0 11 2 11 5 0 5 8 11 11 11 6 11 1 6 8 10 11 2 6 10 6 10 8 5 1 11 10 3 0 10 11 2 1 10 8 5 8 4 4 10 10 6 8 8 8 11 8 5 1 5 8 6 1 0 11 6 2 4 11
split_gain=13.9659 3.70129 3.42291 2.6026 2.7349 2.41978 2.34969 2.72347 2.17331 2.1203 3.5451 2.08123 3.81931 2.12839 2.04075 2.00988 1.98718 1.97138 2.28743 3.28837 4.22172 2.61702 1.90969 2.90552 2.34593 1.90838 1.8866 1.87489 1.86407 3.59025 1.86038 2.37817 1.84161 1.83427 1.90427 1.88139 1.81122 2.06552 2.14949 2.16781 1.94286 1.76617 1.74726 1.74211 1.77809 1.71897 1.70497 1.69774 1.69526 1.67699 1.67398 2.56472 2.13625 1.99901 3.42649 1.95137 1.83636 1.65992 1.79097 3.40128 1.65811 1.64914
threshold=0.24217986314760512 0.36405529953917054 0.44870129870129877 0.15111561866125764 0.38403361344537817 -0.46824596774193544 -0.21089931573802537 -0.442016806722689 -0.442016806722689 0.046920821114369467 0.44028520499108742 0.46720430107526889 0.46824596774193555 0.41042780748663105 -0.32085561497326193 0.1014705882352941 -0.26166328600405669 -0.016685205784204651 -0.12284482758620689 -0.17156862745098037 0.46922348484848492 0.32807881773399022 -0.24239631336405529 -0.47100840336134447 -0.47100840336134447 -0.08342602892102334 0.4781385281385282 -0.41926406926406917 -0.46824596774193544 -1.0000000180025095e-35 0.096875000000000003 0.10450089126559715 0.16190476190476191 0.32807881773399022 0.47014260249554374 0.21966911764705885 0.38403361344537817 -0.30322580645161284 0.34122983870967749 0.3550420168067227 0.44201680672268912 -0.23861480075901326 -0.47100840336134447 -0.18660714285714283 0.41042780748663105 -0.37689393939393934 0.48571428571428577 -0.47100840336134447 -0.47014260249554363 -0.40473790322580638 0.3550420168067227 0.436491935483871 0.44028520499108742 0.16190476190476191 -0.18156682027649768 0.41926406926406928 0.30474095796676443 0.10948191593352886 0.43844696969696978 0.48571428571428577 0.27281105990783416 0.19848484848484851
decision_type=2 2 2 2 2 2 2 2 2 2 2 2 2 2 2 2 2 2 2 2 2 2 2 2 2 2 2 2 2 2 2 2 2 2 2 2 2 2 2 2 2 2 2 2 2 2 2 2 2 2 2 2 2 2 2 2 2 2 2 2 2 2
left_child=1 5 3 4 30 43 22 46 -7 11 16 -10 -13 47 -4 -9 60 -16 21 20 26 -19 23 -5 -25 -15 -20 45 29 -6 31 42 49 34 35 -24 40 -38 -39 -40 -34 -32 -2 44 -1 -3 -8 -14 -29 -30 61 55 -53 54 -54 -52 -56 58 59 -21 -11 -17
right_child=2 27 14 6 28 8 7 15 9 10 -12 12 13 25 17 50 -18 18 19 57 -22 -23 33 24 -26 -27 -28 48 32 -31 41 -33 36 -35 -36 -37 37 38 39 -41 -42 -43 -44 -45 -46 -47 -48 -49 -50 -51 51 52 53 -55 56 -57 -58 -59 -60 -61 -62 -63
leaf_value=0.00091077129320910673 -0.0023035193359626847 0.0018263013418844162 -0.0012865824857088357 0.0027101722191632881 0.0019828611397823505 -0.00015742127520335588 -0.00061594479735839166 0.00038430316009396658 0.00015683715611892671 -0.0001723332625553537 0.00056064932150518161 -0.0046155480978301387 -0.0028262151409166008 0.0050133447121453491 0.00016533566466604582 0.00039804248333779468 2.8788519187707257e-05 -0.0011213858322646725 -0.0012769834169283714 0.00011200738724080126 0.0025115313155349255 -1.8543513631593212e-05 -0.0001834808566547068 -0.0033723237615441949 5.0524798288849594e-05 -0.00029010169059697503 0.0021376609085283797 -0.002071077242586592 -0.0019461667510318088 -0.0018316718872645262 -0.0014001616969252391 0.00091001086747554316 0.00034590426922258955 -0.0011161017391237548 -0.0021409611788465442 0.0022581375560544029 0.0013354417648677882 -0.0019696825798018835 -0.0012405336881150554 0.0012449723753909412 -0.00088777318742656235 -0.00022989176730102103 -1.3666736170705751e-05 0.00021673187627319093 -0.0012350776597227183 -0.0021049822612220727 -0.0031880303355586899 -0.00017396854482901536 -0.00013822037076834979 -0.00056672192504801915 0.00037567506972338447 -0.00066658520348377424 0.0010340302255301722 0.00031318584110777599 -0.0024976039236395188 0.0035341181656282938 -0.00061588052589739743 -0.00063122912762722755 -0.0017235812443007154 -0.0036015184236215954 -0.00096478616540859462 -0.00024638707388518539
leaf_weight=6601 302 115 2420 354 720 32236 3072 14588 328412 23172 10375 175 220 133 5028 4110 170606 2294 781 1367 634 12398 2730 190 3190 112 178 411 817 320 1193 2594 6017 4242 395 316 365 1239 772 533 1419 41626 29377 13913 366 738 250 12697 46744 26336 16212 4623 847 9085 686 177 1459 12630 3039 264 2647 27361
leaf_count=6601 302 115 2420 354 720 32236 3072 14588 328412 23172 10375 175 220 133 5028 4110 170606 2294 781 1367 634 12398 2730 190 3190 112 178 411 817 320 1193 2594 6017 4242 395 316 365 1239 772 533 1419 41626 29377 13913 366 738 250 12697 46744 26336 16212 4623 847 9085 686 177 1459 12630 3039 264 2647 27361
internal_value=-1.89251e-08 7.31495e-05 -0.00019127 -0.000141763 -0.000238335 9.33764e-05 -2.48821e-05 3.09605e-05 8.19685e-05 9.60368e-05 2.02155e-05 0.000141918 -0.000225444 -0.000166728 -0.000441631 6.62843e-05 -8.33245e-06 -0.000388644 -0.000471582 -0.000689905 0.000614092 -0.000190805 -0.000428225 0.000128306 -0.000142824 0.00259759 -0.000641625 -0.000180344 -0.000443779 0.000808527 -0.000132895 3.9103e-05 -0.000478532 -0.000698685 -0.000183927 7.0477e-05 -0.000137902 -0.000772423 -0.00107525 -0.000225205 0.000110396 -0.000262529 -3.70441e-05 0.000410672 0.000797882 -0.00157346 -0.00081041 -0.000219356 -0.000155111 -0.000608298 -5.58019e-06 0.000143398 -0.000118248 9.16894e-05 -0.000580749 0.00041 -0.00121856 -0.000810006 -0.00129327 -0.000490917 -0.000253611 -0.000162217
internal_weight=898223 649673 248550 207517 113630 601665 93887 82470 580785 548549 206800 341749 13337 13162 41033 79148 196425 38613 33585 18893 1593 14692 11417 3734 3380 245 959 48008 38538 1040 75092 32273 37498 7683 3441 3046 10345 2909 2544 1305 7436 42819 29679 20880 6967 853 3322 12917 47155 27153 64560 33089 16700 12077 2992 16389 2145 17300 4670 1631 25819 31471
internal_count=898223 649673 248550 207517 113630 601665 93887 82470 580785 548549 206800 341749 13337 13162 41033 79148 196425 38613 33585 18893 1593 14692 11417 3734 3380 245 959 48008 38538 1040 75092 32273 37498 7683 3441 3046 10345 2909 2544 1305 7436 42819 29679 20880 6967 853 3322 12917 47155 27153 64560 33089 16700 12077 2992 16389 2145 17300 4670 1631 25819 31471
is_linear=0
shrinkage=0.03


Tree=45
num_leaves=63
num_cat=0
split_feature=1 2 5 11 5 2 11 2 5 2 11 5 11 10 3 8 6 6 10 8 9 10 3 11 2 6 11 8 8 10 8 11 11 8 2 2 9 5 2 8 5 10 1 8 9 11 0 3 11 11 5 9 3 1 9 8 9 8 11 5 2 10
split_gain=13.3485 6.22155 4.02126 3.83768 3.15397 2.94956 3.06657 2.72352 2.74452 2.78805 2.71398 2.6771 2.64925 2.55227 2.38511 2.73342 2.34276 2.44651 2.22414 2.18153 2.15842 2.73136 2.39718 2.21964 2.14806 2.0862 2.30778 2.05391 3.57729 2.05021 2.92614 5.10066 1.95597 2.85794 2.77473 2.06419 1.95048 1.93479 1.88798 1.98302 2.48484 2.05676 2.14954 2.65784 1.95848 1.88535 3.17319 2.27795 1.80859 2.67396 1.83801 1.8 1.79144 1.87161 1.78827 2.20754 1.95178 1.99108 2.00619 2.47966 2.00727 1.91789
threshold=0.40767045454545459 0.1014705882352941 0.41302521008403364 0.44201680672268912 0.4781385281385282 0.48571428571428577 0.32085561497326209 0.47100840336134459 0.20777988614800766 0.47014260249554374 -0.08342602892102334 -0.47100840336134447 -0.24642857142857141 -0.442016806722689 0.45529953917050697 -0.096874999999999975 -0.44028520499108731 0.46609195402298859 0.3550420168067227 -0.20777988614800755 -0.31534090909090901 0.023326572008113614 0.47014260249554374 0.030330882352941183 -0.47014260249554363 -0.39113300492610831 -0.43218390804597695 0.3550420168067227 -0.096874999999999975 0.38403361344537817 -0.10948191593352884 0.30322580645161296 0.030330882352941183 -0.15111561866125756 -0.45529953917050686 -0.45529953917050686 0.46922348484848492 0.47100840336134459 -0.096874999999999975 -0.24642857142857141 0.1566964285714286 0.1566964285714286 -0.16904761904761903 -0.37689393939393934 0.35071301247771841 -0.25378787878787873 0.37689393939393945 -0.47100840336134447 -0.46720430107526878 -0.47014260249554363 -0.32605042016806712 -0.46609195402298847 -0.46824596774193544 -0.38057040998217462 0.436491935483871 -0.41042780748663094 -0.38403361344537806 0.40767045454545459 0.28456439393939398 0.36038961038961043 0.44028520499108742 0.044155844155844122
decision_type=2 2 2 2 2 2 2 2 2 2 2 2 2 2 2 2 2 2 2 2 2 2 2 2 2 2 2 2 2 2 2 2 2 2 2 2 2 2 2 2 2 2 2 2 2 2 2 2 2 2 2 2 2 2 2 2 2 2 2 2 2 2
left_child=1 11 14 7 -5 6 19 8 9 25 -9 32 24 37 29 -16 -14 -18 -6 -4 23 22 -22 -15 -13 -2 -27 28 -24 48 31 -31 35 34 -34 -1 -23 -12 39 41 -41 42 -26 -44 -40 46 -10 -47 49 50 -3 -28 -43 -54 56 -56 -49 58 61 60 -60 -58
right_child=3 2 5 4 18 -7 -8 10 45 -11 13 12 16 20 15 -17 17 -19 -20 -21 21 36 27 -25 38 26 51 -29 -30 30 -32 -33 33 -35 -36 -37 -38 -39 44 40 -42 52 43 -45 -46 47 -48 54 -50 -51 -52 -53 53 -55 55 -57 57 -59 59 -61 -62 -63
leaf_value=-0.0018774528055885713 -0.0017304983653147067 0.0026708630402747955 0.0012015830330982524 -0.00017526904235521464 0.00088276678695111993 -0.001785989528877609 0.0011831977920008314 6.4012859373428928e-05 -0.00011197303304607543 0.0039360152223196464 -0.00088766794379310885 -0.00061395111194398734 -0.00026045063585769008 -0.0037894158253846378 0.00045675036790400177 -0.00090759394370861608 0.00010119767482358563 -0.00038906929196624586 -0.0017161732732209293 3.6545740587115732e-05 -0.0009539147872050011 -0.0014709296444387588 0.0036209766012311817 -0.0013740322264380663 0.0006715671864024721 -0.0030149627019584709 0.0043944213043950082 0.00057837066567142784 -0.0024235777660685351 0.00039093803441005897 -0.00055544576897783183 -0.0019586803099804475 0.00081570655757299279 0.00076405156679771084 -0.0013217809649179112 -0.0004565541561369357 0.0010267147938255222 0.0019562522539977667 8.8112459530051624e-06 0.00016911658443459357 0.00076059479995752748 -0.0023746147547015579 -0.00061900555294989708 0.0005261861620136565 0.00054777177936389152 -0.003180727207643569 -0.0012117391861522894 -0.0007652113964050414 -7.0868551460144503e-05 0.0011138978840443527 -0.00030069012354263049 0.00046931759799950529 0.0022571875708202885 0.00084378504168665348 0.0027942111161114139 -0.0011759698421671104 -0.00072621846383946666 0.0001229541120917978 -0.00050920816386214654 0.00026243213745529758 -0.0031805513449266404 -0.00016974168554265907
leaf_weight=1216 442 198 1707 11414 4786 539 3998 3286 4082 189 387 2693 18253 390 1680 6185 343019 9411 315 9449 3224 4611 106 2786 9267 167 107 2567 500 7386 17725 936 788 2467 1779 3777 299 483 40513 56382 7209 141 3465 3849 7136 244 5601 5686 218527 2899 3196 4016 969 6480 131 2825 11804 13974 1404 8288 308 10562
leaf_count=1216 442 198 1707 11414 4786 539 3998 3286 4082 189 387 2693 18253 390 1680 6185 343019 9411 315 9449 3224 4611 106 2786 9267 167 107 2567 500 7386 17725 936 788 2467 1779 3777 299 483 40513 56382 7209 141 3465 3849 7136 244 5601 5686 218527 2899 3196 4016 969 6480 131 2825 11804 13974 1404 8288 308 10562
internal_value=-1.90562e-08 4.20542e-05 -7.3467e-05 -0.000317914 0.000101889 0.000392815 0.000470424 -0.000396281 -0.000310276 0.000372727 -0.000718459 0.000103159 0.000112726 -0.000885924 -0.00010175 -0.000616143 7.09409e-05 8.81049e-05 0.000721971 0.000214902 -0.00098073 -0.000786505 -0.000377913 -0.00167173 0.000224879 0.000229605 0.000431912 0.000207463 -0.00136206 -8.56208e-05 -0.000337579 0.000126466 -0.000382252 3.50549e-05 -0.000665568 -0.000802908 -0.00131865 0.000691631 0.000241566 0.000324105 0.00023618 0.000555406 0.000368136 -1.63577e-05 8.95367e-05 -0.000362062 -0.000748177 -0.000294351 -5.64283e-05 0.000444947 -0.000126599 0.000572223 0.000964411 0.00102793 -0.000281484 -0.000999139 -0.00024069 -0.000176315 -0.000305525 4.77024e-05 -0.000991376 -0.00046345
internal_weight=898223 793239 274425 104984 16515 15693 15154 88469 69830 4921 18639 518814 508787 15353 258732 7865 370683 352430 5101 11156 14483 11307 6397 3176 138104 4732 4290 3173 606 250867 26047 8322 10027 5034 2567 4993 4910 870 135411 87762 63591 24171 16581 7314 47649 64909 9683 55226 224820 6293 3394 4123 7590 7449 54982 2956 52026 46340 32366 10000 1712 22366
internal_count=898223 793239 274425 104984 16515 15693 15154 88469 69830 4921 18639 518814 508787 15353 258732 7865 370683 352430 5101 11156 14483 11307 6397 3176 138104 4732 4290 3173 606 250867 26047 8322 10027 5034 2567 4993 4910 870 135411 87762 63591 24171 16581 7314 47649 64909 9683 55226 224820 6293 3394 4123 7590 7449 54982 2956 52026 46340 32366 10000 1712 22366
is_linear=0
shrinkage=0.03


Tree=46
num_leaves=63
num_cat=0
split_feature=1 2 5 11 5 2 7 11 2 5 2 5 11 5 11 10 0 10 7 8 10 10 2 8 9 8 10 7 10 11 7 10 11 9 3 7 10 0 11 8 2 11 9 9 9 8 0 7 10 10 0 2 5 5 2 11 0 3 8 11 5 2
split_gain=12.5598 5.85631 3.7634 3.61089 2.96754 2.77378 3.43222 3.0776 2.56262 2.58252 2.62418 2.5632 2.58236 2.49334 2.62906 2.46981 2.22694 2.43895 2.71855 2.30748 2.10736 2.09297 2.01444 2.00313 1.9366 3.95635 2.72479 2.55336 3.19579 2.11416 2.62819 2.01646 1.91891 3.59886 2.25916 2.05225 2.03747 1.91567 1.84044 2.78586 1.94232 1.83374 1.83008 2.20186 1.81829 1.77459 2.35191 2.30077 2.33697 2.05126 2.89215 2.04719 1.94866 1.96638 1.8263 1.77393 2.98569 2.14391 1.76653 2.37267 2.76466 1.7598
threshold=0.40767045454545459 0.11942959001782534 0.41302521008403364 0.44201680672268912 0.4781385281385282 0.48571428571428577 -0.14076246334310846 0.32085561497326209 0.47100840336134459 0.20777988614800766 0.47014260249554374 0.35071301247771841 -0.08342602892102334 -0.47100840336134447 -0.24642857142857141 -0.47100840336134447 0.2573593073593074 0.43844696969696978 -0.46824596774193544 0.24239631336405534 0.44028520499108742 0.3550420168067227 -0.47014260249554363 0.26904761904761915 -0.31534090909090901 0.46922348484848492 0.015640273704789823 0.47014260249554374 0.46824596774193555 0.3550420168067227 0.43440860215053767 -0.41302521008403353 0.3550420168067227 0.32555780933062883 -0.14076246334310846 -1.0000000180025095e-35 -0.442016806722689 1.0000000180025095e-35 0.030330882352941183 0.35071301247771841 -0.45529953917050686 -0.43218390804597695 -0.44028520499108731 -0.18857758620689652 -0.12678571428571425 0.47014260249554374 0.46824596774193555 0.49285714285714294 0.055273833671399604 -0.18660714285714283 0.44028520499108742 0.36038961038961043 0.3550420168067227 0.45529953917050697 0.41042780748663105 -0.25378787878787873 0.37689393939393945 -0.47100840336134447 0.47100840336134459 0.43844696969696978 0.4781385281385282 -0.096874999999999975
decision_type=2 2 2 2 2 2 2 2 2 2 2 2 2 2 2 2 2 2 2 2 2 2 2 2 2 2 2 2 2 2 2 2 2 2 2 2 2 2 2 2 2 2 2 2 2 2 2 2 2 2 2 2 2 2 2 2 2 2 2 2 2 2
left_child=1 13 16 8 45 7 -7 23 9 10 41 -10 -13 38 22 -14 19 18 -18 -3 -19 -6 -15 -4 25 37 31 28 29 44 -31 -26 34 36 35 -20 -34 -17 40 -40 -1 -2 -43 -44 -28 49 47 48 -47 52 51 -51 -5 -54 -48 56 -11 -57 59 60 -33 -24
right_child=3 2 5 4 21 6 -8 -9 11 55 -12 12 15 14 -16 24 17 20 32 -21 -22 -23 61 -25 26 -27 27 -29 -30 30 -32 58 33 -35 -36 -37 -38 -39 39 -41 -42 42 43 -45 -46 46 54 -49 -50 50 -52 -53 53 -55 -56 57 -58 -59 -60 -61 -62 -63
leaf_value=-0.0018211755097037121 -0.0028460690277193248 3.004630524181593e-05 0.00053614816834881955 -0.0010060290491887332 0.00085628930167359722 -0.0053069598222162551 -0.00013179839304978285 0.0011757088284506667 -0.001553597697752076 -0.00010861466597157048 0.0038185562127710953 0.00026996681879570649 0.0023522816894211524 -0.00059553940583864141 6.5709313781571097e-05 0.0021873090735899229 -0.0015379735047542221 -0.002626665670802838 -0.00048992674898069638 -0.00021206903243146824 -0.00066061141132227937 -0.0016648510082173927 0.000314383027075354 -0.00029063142630505003 0.0026617097469499788 -0.0024973067858017782 -0.0051170889176428321 -0.0018611995579860614 0.0035152527362625032 -0.0007090879756455811 0.0040284953757836117 -0.00025103846548751461 0.0021681142829886816 -0.0016354533930336525 -0.0002548546124056995 0.0045248589842470689 0.00022243207509086796 -0.00079598006842934949 -0.00018837564996200946 0.0022728861218144357 -0.00044286115271268724 0.0030649047937703218 -0.00080306582767954496 0.00065572006695987541 -0.0010120401966710014 0.001133841978489423 -0.0036351069330455774 -7.4333083191839263e-05 0.004452408592843825 0.00087480026340885377 -0.0016674631249191663 -0.00080676353402084843 0.0010659254187519076 -0.00060037900138247221 -2.4843832504230248e-05 -0.0030856948162687999 -0.0011753934950106744 -0.00027304151494412989 0.00034515873694597108 0.0030173004638091041 -0.0022340262249074838 9.3386223608317033e-05
leaf_weight=1216 168 117255 6424 1009 4786 166 373 3933 2689 4082 189 2827 229 2693 380869 226 1327 550 129 50764 4497 315 87762 4473 221 1568 104 2191 172 285 166 1807 505 926 57610 169 11351 1321 4580 454 3777 210 1348 3006 1310 508 140 590 306 1048 1998 1719 1958 944 1194 244 5601 54982 2408 142 973 51436
leaf_count=1216 168 117255 6424 1009 4786 166 373 3933 2689 4082 189 2827 229 2693 380869 226 1327 550 129 50764 4497 315 87762 4473 221 1568 104 2191 172 285 166 1807 505 926 57610 169 11351 1321 4580 454 3777 210 1348 3006 1310 508 140 590 306 1048 1998 1719 1958 944 1194 244 5601 54982 2408 142 973 51436
internal_value=-1.87324e-08 4.07926e-05 -7.57926e-05 -0.000308379 9.88304e-05 0.00037958 -0.00173251 0.000456456 -0.000384395 -0.00030097 0.00036157 -0.000696911 -0.000552394 9.77851e-05 0.000106774 -0.000729557 -0.00010435 -0.000237877 -0.000193192 -4.31054e-05 -0.000875341 0.000700307 0.000216998 0.000196776 -0.000784469 -0.00143583 -0.00057686 -0.00115056 -0.000385663 -0.000747117 0.00103973 -0.000139762 -0.000167926 0.000164754 -0.00024136 0.00235965 0.000305483 -0.000359022 -0.00037079 3.40048e-05 -0.000778835 0.000222718 0.000336278 0.000203999 -0.00131737 -0.000170011 0.000495745 0.00135237 0.00238529 -0.000380146 -0.000797991 -0.000169786 0.000129013 0.000523868 -0.000406171 -0.000351204 -0.000725736 -0.000285524 -0.000256398 -0.000752085 -0.000945638 0.000232722
internal_weight=898223 793239 260452 104984 16515 15369 539 14830 88469 69830 4921 18639 15950 532787 522760 13123 245083 77064 72017 168019 5047 5101 141891 10897 12894 3115 9779 4228 2037 1865 451 5551 70690 12782 57908 298 11856 1547 10027 5034 4993 4732 4564 4354 1414 11414 2738 1404 814 8676 4765 2767 3911 2902 1334 64909 9683 55226 5330 2922 2780 139198
internal_count=898223 793239 260452 104984 16515 15369 539 14830 88469 69830 4921 18639 15950 532787 522760 13123 245083 77064 72017 168019 5047 5101 141891 10897 12894 3115 9779 4228 2037 1865 451 5551 70690 12782 57908 298 11856 1547 10027 5034 4993 4732 4564 4354 1414 11414 2738 1404 814 8676 4765 2767 3911 2902 1334 64909 9683 55226 5330 2922 2780 139198
is_linear=0
shrinkage=0.03


Tree=47
num_leaves=63
num_cat=0
split_feature=2 0 2 6 1 4 1 0 7 10 8 4 6 8 2 8 9 2 1 10 6 7 7 9 4 7 7 4 1 6 10 9 9 4 10 10 6 10 10 9 8 8 4 1 9 1 6 9 7 2 10 8 2 3 7 10 1 2 3 3 0 1
split_gain=11.9111 4.21 2.52563 2.13685 2.61515 1.94829 2.53678 1.79822 1.98461 2.25081 2.05069 2.17113 1.90964 2.17611 1.86384 1.7562 2.21528 1.92654 1.85821 1.71998 3.2384 2.31087 1.89708 1.75105 1.94561 1.69512 1.68754 1.6403 1.97425 1.974 1.83729 1.74284 1.62638 1.60951 1.59682 1.4991 2.85194 1.48786 1.60551 1.46402 1.51963 1.46179 1.45496 2.33169 2.34418 1.45284 1.68892 1.46102 1.91782 2.11722 2.91197 2.28807 1.47377 1.43718 1.42691 3.02421 2.19544 1.69418 4.3077 2.51841 1.52946 1.42065
threshold=0.3133928571428572 0.42037815126050426 -0.030776515151515135 -0.38057040998217462 0.29099821746880572 -0.29705882352941171 0.078201368523949225 0.40767045454545459 0.49285714285714294 -0.40767045454545447 0.46824596774193555 -0.066964285714285712 0.25378787878787884 0.29049111807732503 0.3928571428571429 -0.30947580645161282 -0.41302521008403353 -0.31623376623376614 -0.45529953917050686 -0.090992647058823525 0.41302521008403364 -0.46824596774193544 -0.43844696969696967 -0.14611005692599616 -0.37298387096774188 -0.35960591133004921 -0.25378787878787873 -0.3507130124777183 0.34611742424242431 0.37689393939393945 -0.15111561866125756 -0.096874999999999975 0.25378787878787884 -0.44028520499108731 -0.25378787878787873 -0.46922348484848481 -0.4226600985221674 -0.38403361344537806 -0.23030303030303029 -0.30322580645161284 0.23030303030303031 0.40767045454545459 0.39447004608294933 0.3550420168067227 -0.31534090909090901 -0.41926406926406917 0.25378787878787884 0.26166328600405681 0.014718614718614688 -0.442016806722689 -0.32555780933062872 0.46922348484848492 0.022350230414746545 0.10948191593352886 -0.41302521008403353 0.073593073593073613 -0.43649193548387094 -0.46824596774193544 -0.37298387096774188 -0.33364055299539169 -0.47100840336134447 -0.022350230414746538
decision_type=2 2 2 2 2 2 2 2 2 2 2 2 2 2 2 2 2 2 2 2 2 2 2 2 2 2 2 2 2 2 2 2 2 2 2 2 2 2 2 2 2 2 2 2 2 2 2 2 2 2 2 2 2 2 2 2 2 2 2 2 2 2
left_child=1 2 3 4 15 61 39 8 10 -10 12 -12 25 27 -9 54 17 18 -17 20 21 -16 -23 -21 -25 42 -6 30 -29 -30 -14 -31 -22 -19 -13 36 -20 -24 -39 41 -41 -7 -2 -44 -45 46 -3 48 52 50 -50 -51 -47 -26 55 57 -56 59 -59 -1 -58 -4
right_child=7 45 5 -5 26 6 -8 14 9 -11 11 34 13 -15 19 16 -18 33 35 23 32 22 37 24 53 -27 -28 28 29 31 -32 -33 -34 -35 -36 -37 -38 38 -40 40 -42 -43 43 44 -46 47 -48 -49 49 51 -52 -53 -54 -55 56 -57 60 58 -60 -61 -62 -63
leaf_value=0.0015792782481998527 -0.00046288702564172056 -1.7078733688001248e-05 -0.00020039361608580961 0.00014453274461469752 -0.0021040706822113698 0.00032308622257061828 -5.3193319312539162e-05 -8.4801689033238577e-05 -0.0022281825570004249 -0.00045779962150994746 -0.00073646553661727422 -0.00019553788123687874 -0.0060822664720804566 -9.6101957036710372e-05 -0.0037801925713131421 -0.0037160388353449808 -9.9545024260532666e-05 0.0030363534065582201 0.0039941689430270343 -0.0012588853413268407 1.0347320641939931e-05 0.0024433518768588111 4.6793692678023545e-06 0.0033550562511663884 -0.0032105972382705655 -2.800218377246811e-05 -0.00029063202399651818 -0.00027806197245582178 -0.00056788980441844323 -0.0027717663421250216 -0.0011155166976312375 -0.0010225036210672483 0.0037414199976637114 -0.00054483925714590806 0.0007782807870347166 -0.0018332445953714504 -0.0025283607280934635 -0.00139279863705848 -0.0004206328389451809 0.00015246262561768235 -0.00013855715824955483 0.0015320240081984702 0.0051391532463843335 -0.0038389635456592907 0.0011078137771586157 -0.00019229977916497912 -0.0037529437245721825 -0.00070137340044542761 -0.0018934016968481817 -0.0005572867306517606 0.0035849419090729414 0.00073577793717184042 0.00066610217820547242 -0.00051752480170518152 0.0016500678802027794 0.0005834417299514184 -0.0019583646561448431 -0.0019684110683298047 -4.7347806169791661e-05 -0.0014907194026087022 0.00033704046524491224 -0.0014653323045482483
leaf_weight=708 13105 203 26464 350717 903 16268 149452 17781 724 5966 1488 2076 104 10953 214 346 22587 126 126 3362 13067 176 2044 115 179 68889 945 6382 2905 901 187 1192 105 1020 5608 726 114 3211 2920 74523 20615 952 101 104 481 3627 234 5817 129 12445 266 1366 3572 19863 1168 3632 268 1713 2714 363 9088 823
leaf_count=708 13105 203 26464 350717 903 16268 149452 17781 724 5966 1488 2076 104 10953 214 346 22587 126 126 3362 13067 176 2044 115 179 68889 945 6382 2905 901 187 1192 105 1020 5608 726 114 3211 2920 74523 20615 952 101 104 481 3627 234 5817 129 12445 266 1366 3572 19863 1168 3632 268 1713 2714 363 9088 823
internal_value=-1.83138e-08 5.54696e-05 7.00932e-05 0.000119185 -7.17996e-05 2.63297e-06 2.77759e-05 -0.000215103 -0.000147493 -0.000649697 -0.000118139 0.000312073 -0.000155613 -0.000399832 -0.000345056 -2.60651e-05 -0.000192642 -0.00104774 -0.00183224 -0.000447305 -0.00025491 -0.00070897 -0.000629825 -0.000625105 -0.000519339 -8.87822e-05 -0.0011774 -0.000684843 -0.000627813 -0.00107427 -0.00290533 -0.00177649 4.03712e-05 -0.000148792 0.000515191 -0.00115436 0.000898332 -0.000696278 -0.000929931 0.000135476 8.94021e-05 0.000390007 -0.000392367 0.000953521 0.000223336 -0.000307406 -0.00202152 -0.000279815 -0.000165226 -0.000367364 0.00179555 -0.00042935 0.000233655 -0.000541736 0.000186203 -8.82352e-05 0.000424275 -0.000531973 -0.000790968 0.000538327 0.000271087 -0.000238598
internal_weight=898223 714020 686361 397264 46547 289097 261810 184203 121166 6690 114476 9172 105304 22624 63037 44699 25045 2458 1312 45256 21737 8565 8351 23519 20157 82680 1848 11671 11380 4998 291 2093 13172 1146 7684 966 240 8175 6131 112358 95138 17220 13791 686 585 27659 437 27222 21405 14206 395 13811 7199 20042 19654 9130 10524 5498 4427 1071 9356 27287
internal_count=898223 714020 686361 397264 46547 289097 261810 184203 121166 6690 114476 9172 105304 22624 63037 44699 25045 2458 1312 45256 21737 8565 8351 23519 20157 82680 1848 11671 11380 4998 291 2093 13172 1146 7684 966 240 8175 6131 112358 95138 17220 13791 686 585 27659 437 27222 21405 14206 395 13811 7199 20042 19654 9130 10524 5498 4427 1071 9356 27287
is_linear=0
shrinkage=0.03


Tree=48
num_leaves=63
num_cat=0
split_feature=1 2 5 11 4 3 5 1 11 9 11 4 7 5 6 11 7 9 11 9 11 11 8 6 3 6 3 8 9 6 1 7 9 2 8 11 7 9 8 1 6 9 2 6 6 8 7 3 3 4 9 3 7 1 7 11 11 11 8 11 9 8
split_gain=11.2432 3.76213 3.79547 3.39585 3.21697 3.07789 2.38599 3.589 2.40617 2.61639 2.89728 2.30714 2.22143 2.19551 2.2881 2.11394 2.0295 2.29903 1.82939 3.71943 2.23165 3.02297 2.30533 2.29564 2.13288 2.10452 2.08821 2.2987 2.0805 1.9396 1.82842 1.95342 1.81536 2.13097 1.78949 1.78052 1.73561 2.40004 2.05775 1.7335 1.73267 1.85339 1.66434 1.64036 1.6127 1.60593 3.15385 2.87262 1.78686 1.56779 1.54846 1.5389 1.53207 1.52404 1.52224 1.51994 1.68762 1.51964 1.70245 1.51759 1.51121 1.53137
threshold=0.29099821746880572 0.27346041055718479 0.32605042016806729 0.24642857142857147 0.37689393939393945 0.23861480075901334 0.38057040998217473 0.46824596774193555 0.48571428571428577 -0.38057040998217462 0.37298387096774199 -0.35504201680672259 -0.47100840336134447 -0.29099821746880566 -0.47100840336134447 0.38057040998217473 0.34122983870967749 0.41302521008403364 0.22144396551724141 0.23861480075901334 0.33095238095238105 0.38057040998217473 0.15111561866125764 -0.032291666666666656 -0.32085561497326193 -0.38403361344537806 -0.44028520499108731 0.32085561497326209 -0.47100840336134447 0.44201680672268912 -0.23861480075901326 -0.28456439393939387 0.27281105990783416 0.41042780748663105 -0.37689393939393934 0.43218390804597706 -0.050055617352614011 -0.30322580645161284 0.23861480075901334 0.30474095796676443 -0.47014260249554363 -0.17694497153700187 0.014495798319327681 -0.13095238095238093 -0.47100840336134447 0.39827586206896559 0.31534090909090917 -0.29099821746880566 -0.34122983870967738 0.35071301247771841 -0.442016806722689 0.16190476190476191 -0.46824596774193544 -0.35504201680672259 0.090992647058823553 0.43844696969696978 0.41302521008403364 0.44028520499108742 -0.46922348484848481 -0.46922348484848481 -0.10303030303030301 0.35071301247771841
decision_type=2 2 2 2 2 2 2 2 2 2 2 2 2 2 2 2 2 2 2 2 2 2 2 2 2 2 2 2 2 2 2 2 2 2 2 2 2 2 2 2 2 2 2 2 2 2 2 2 2 2 2 2 2 2 2 2 2 2 2 2 2 2
left_child=1 2 5 4 12 11 32 34 9 10 -9 30 -2 40 -15 16 17 -7 36 20 26 24 29 -24 -22 -21 -20 28 -28 57 -1 -32 33 44 -8 -17 38 -38 -13 -6 41 -3 -11 -40 -5 46 47 -41 -47 50 -37 -27 -16 -43 -12 56 -56 58 -23 -42 -49 -62
right_child=3 13 -4 6 39 15 7 8 -10 42 54 18 -14 14 52 35 -18 -19 19 25 21 22 23 -25 -26 51 27 -29 -30 -31 31 -33 -34 -35 -36 49 37 -39 43 45 59 53 -44 -45 -46 48 -48 60 -50 -51 -52 -53 -54 -55 55 -57 -58 -59 -60 -61 61 -63
leaf_value=-6.9208553601129306e-06 -0.0044548590842553165 0.0019078641775633735 0.00049204682849669345 -0.0026898520158415589 0.0012346128965859287 -3.3033797239744667e-05 0.0016218124622076821 -0.0024810807700492063 0.00047414558933301293 0.0012296751245769091 0.0022040963869036758 0.00026426435185879774 -0.00010756299087032593 -0.0013231632708434892 -0.0008522050983802861 0.00084699483400612111 -0.00056115501990337022 -0.00062879951713928103 -0.0013831577415450121 -0.0011852720298915294 -0.00025122869550297383 0.0015509668039382402 0.0012373881469572756 0.00011386502810861699 0.00094728215476116908 -0.00012793692540990023 -0.002330619648913491 -0.00087615669688907477 9.6956467731454992e-05 0.0037785954574443897 -0.0019426588620268766 -0.00028875763252296125 -0.00083358402882121858 -0.00053397870558574885 0.00031421050566132232 -0.0027140665927076158 0.00036312585147608544 4.7496954561413035e-05 -0.00060852276261788108 -0.0017174976898082167 0.0023355887667127666 0.00038252055457641562 -0.0002291654904405591 0.00018566024720018329 6.7659178029973315e-05 0.00088707882346428398 -0.0008294540361583931 -0.00053450550495771768 -0.00029017889477739593 0.0028953592158093046 1.1872484918125452e-05 -0.00091437759434146457 -1.6392752411600043e-05 -0.0025495937649042013 -0.00064748980815355212 -0.001559535171451682 0.0026335665901505044 0.00018991554762593058 -0.0004123467122783793 -0.00063353314202808193 -2.7425703697989246e-05 -0.0013638512980917517
leaf_weight=99375 105 534 19753 192 562 57523 985 972 4375 736 176 142293 53080 1274 2032 3594 9600 6486 1059 2276 1612 414 2896 3763 7804 18232 321 2584 23990 118 870 2454 4079 8824 21116 193 25597 141749 4489 1300 156 644 15645 4889 17382 1227 19455 11900 21074 163 5638 2552 67780 211 467 870 201 10419 9441 11997 15915 810
leaf_count=99375 105 534 19753 192 562 57523 985 972 4375 736 176 142293 53080 1274 2032 3594 9600 6486 1059 2276 1612 414 2896 3763 7804 18232 321 2584 23990 118 870 2454 4079 8824 21116 193 25597 141749 4489 1300 156 644 15645 4889 17382 1227 19455 11900 21074 163 5638 2552 67780 211 467 870 201 10419 9441 11997 15915 810
internal_value=-1.84723e-08 5.70516e-05 8.29708e-05 -0.000197414 -0.000293305 6.93296e-05 -3.9198e-05 9.82903e-05 -0.000160293 -0.000305885 -0.00117356 9.69706e-05 -0.000116229 -0.000130431 -6.37343e-05 -9.98426e-05 -0.000154421 -9.34113e-05 0.000129068 7.53435e-06 0.00012457 0.000279161 0.000118 0.000602598 0.000742095 -0.000319411 -7.71021e-05 -2.56262e-05 6.48085e-05 -4.02664e-05 -3.00752e-05 -0.000722092 -0.000244649 -0.000153619 0.000372559 0.000319137 0.000162395 9.5777e-05 0.000235896 -0.000423664 -0.000480508 0.000522963 -0.000163549 -0.000194518 3.73814e-05 -0.000436682 -0.000532109 -0.000338776 -0.000225369 2.54528e-06 -7.88032e-05 -0.000224541 -4.07324e-05 -0.00034321 -0.000431064 -0.000733853 0.000342235 -6.26785e-05 -0.000329721 -0.000595231 -0.000276104 -9.22271e-05
internal_weight=898223 696775 612147 201448 125428 592394 76020 45543 23442 19067 2686 509197 53185 84628 71086 83197 73609 64009 406498 87481 64421 36467 27051 6659 9416 23060 27954 26895 24311 20392 102699 3324 30477 26398 22101 9588 319017 167346 151671 72243 13542 1389 16381 9378 17574 71681 49380 29925 22301 5994 5831 20784 69812 855 1714 1538 668 20274 9855 12153 28625 16725
internal_count=898223 696775 612147 201448 125428 592394 76020 45543 23442 19067 2686 509197 53185 84628 71086 83197 73609 64009 406498 87481 64421 36467 27051 6659 9416 23060 27954 26895 24311 20392 102699 3324 30477 26398 22101 9588 319017 167346 151671 72243 13542 1389 16381 9378 17574 71681 49380 29925 22301 5994 5831 20784 69812 855 1714 1538 668 20274 9855 12153 28625 16725
is_linear=0
shrinkage=0.03


Tree=49
num_leaves=63
num_cat=0
split_feature=1 2 5 11 5 2 11 3 11 9 5 1 10 2 1 2 5 2 11 10 5 11 6 6 8 2 2 10 8 10 3 1 8 9 10 6 11 5 1 3 9 10 3 11 8 8 8 11 8 2 11 9 11 9 11 8 8 2 10 5 8 8
split_gain=10.6577 5.01296 4.00856 3.25475 2.79666 2.66152 2.82681 2.61252 3.1283 2.85023 2.44004 2.90754 3.26941 2.89408 2.46573 2.35363 2.44896 2.48373 2.41874 2.30809 2.22823 2.21144 2.59928 2.44631 2.23751 2.17205 2.14078 2.4523 2.36016 2.36743 2.14006 2.06191 1.99665 2.05112 1.97042 1.95281 2.05391 1.9048 2.84341 2.62684 1.89926 2.40454 2.2358 2.08486 1.86411 3.34313 1.80695 1.78355 3.01362 1.84594 1.74724 2.9776 2.08692 1.7388 1.73727 1.69925 1.68907 2.35115 1.84063 1.77721 1.6738 1.66856
threshold=0.40767045454545459 0.022350230414746545 0.41302521008403364 0.44201680672268912 0.4781385281385282 0.48571428571428577 0.32085561497326209 0.22301136363636367 0.3550420168067227 0.24642857142857147 -0.096874999999999975 -0.043487394957983198 -0.33095238095238094 0.38057040998217473 0.089572192513369023 0.47100840336134459 0.20777988614800766 0.47014260249554374 -0.08342602892102334 -0.442016806722689 -0.47100840336134447 -0.22144396551724135 0.46609195402298859 -0.38057040998217462 0.48571428571428577 -0.47014260249554363 0.48571428571428577 -0.47100840336134447 0.46609195402298859 -0.46824596774193544 0.45529953917050697 0.29705882352941182 0.26904761904761915 -0.4226600985221674 0.3550420168067227 -0.39827586206896548 -0.43218390804597695 -0.3507130124777183 -0.36150568181818177 -0.41302521008403353 -0.31534090909090901 0.023326572008113614 0.47014260249554374 0.030330882352941183 0.3550420168067227 -0.096874999999999975 -0.17694497153700187 0.023326572008113614 0.35071301247771841 -0.45529953917050686 0.36881720430107534 -0.016685205784204651 0.41302521008403364 0.46922348484848492 0.47014260249554374 0.41302521008403364 -0.096874999999999975 -0.14928698752228159 0.40767045454545459 0.36038961038961043 0.21651785714285718 0.47014260249554374
decision_type=2 2 2 2 2 2 2 2 2 2 2 2 2 2 2 2 2 2 2 2 2 2 2 2 2 2 2 2 2 2 2 2 2 2 2 2 2 2 2 2 2 2 2 2 2 2 2 2 2 2 2 2 2 2 2 2 2 2 2 2 2 2
left_child=1 20 7 15 61 6 55 10 30 -10 11 32 13 -13 -12 16 17 35 -17 26 47 24 23 31 25 -22 -20 -28 29 -29 -9 37 33 60 -6 -2 -37 38 -23 -40 43 42 50 -21 45 -44 -32 49 -49 -1 -42 -52 -53 -43 -24 -4 57 58 -27 -58 -3 -5
right_child=3 2 5 4 34 -7 -8 8 9 -11 14 12 -14 -15 -16 18 -18 -19 19 40 21 22 54 -25 -26 56 27 28 -30 -31 46 -33 -34 -35 -36 36 -38 -39 39 -41 41 53 44 -45 -46 -47 -48 48 -50 -51 51 52 -54 -55 -56 -57 59 -59 -60 -61 -62 -63
leaf_value=-0.0017749623065478667 -0.0016745172525048 0.00062609808356186875 0.00039309759078188421 -0.00036221166769777042 0.00083778322209858305 -0.0016767707324308705 0.0011232593385435718 -0.00022685640967882323 0.00035422935550192164 -0.00066264336740067464 0.00022131433318878639 -0.00099191026864673521 -0.00033569725092807658 -0.0035206430055977449 -3.669974164320223e-05 8.2937878619582752e-05 -0.0003252084876257757 0.0037320970891925849 -0.0011966511631321939 -0.0036044688713814245 -0.00059472805157972832 -0.00017711137445354378 -0.00056216868492630538 0.00011537212988969323 0.0013564433524019021 0.00041816117606317382 0.0054655887013257938 -0.0004091002354964126 -0.0017454571549278047 0.0058024785111698762 0.00030535116482270202 -0.001323074706054466 -0.0003843841281813737 -2.039084354244842e-05 -0.001608441007659086 -0.002823554471085247 0.00056051522686368261 4.6398902634785328e-05 -0.0030231699210425465 -0.00075523695708909629 -0.00048207807543463254 -0.0013648780719660628 0.0035486344942196367 -0.0012637003642950253 0.00058022929774855685 -0.0022946242784208501 -0.0010279111785979004 -0.00017554201086315043 0.0024550929016094901 -0.00041729202585609064 -0.00309739148964928 -0.0018991300322647605 0.0041429108560159062 0.00099330335024860688 0.0015650895666761981 -0.00053630228795849104 9.9805920609018635e-05 8.6042927012429764e-05 0.0011635430578319696 0.0011629252780983035 0.0036885176863717404 0.00048710980748544521
leaf_weight=1203 437 2666 10255 8676 4786 539 4327 81408 14088 3010 53082 1812 12094 525 89605 3286 64909 189 334 390 3007 9043 7610 264122 1528 33862 128 106 188 114 1106 1287 13490 45732 315 167 4128 24763 617 1798 2391 4611 106 2786 2567 500 5282 4426 429 3589 629 104 100 299 361 2139 68648 20903 3269 1444 170 2738
leaf_count=1203 437 2666 10255 8676 4786 539 4327 81408 14088 3010 53082 1812 12094 525 89605 3286 64909 189 334 390 3007 9043 7610 264122 1528 33862 128 106 188 114 1106 1287 13490 45732 315 167 4128 24763 617 1798 2391 4611 106 2786 2567 500 5282 4426 429 3589 629 104 100 299 361 2139 68648 20903 3269 1444 170 2738
internal_value=-1.824e-08 3.7576e-05 -4.92009e-05 -0.000284071 0.000102536 0.000396265 0.000463186 -7.29276e-05 -0.000196054 0.000175187 -1.40008e-05 -0.000150715 -0.000534261 -0.00156125 5.92868e-05 -0.000356241 -0.00027629 0.000368889 -0.000655742 -0.000813836 0.000103119 0.000112958 6.90449e-05 8.31763e-05 0.00021544 0.000202134 0.000686341 0.00185974 0.000717897 0.00282132 -0.000268353 -0.000143536 -6.15176e-05 2.81662e-05 0.000686437 0.000233799 0.000428308 -0.000101589 -0.000421397 -0.00133567 -0.000903994 -0.000721804 -0.00033844 -0.00155218 0.000226883 -0.00126837 -0.000797062 -0.000347903 5.73652e-05 -0.000758425 -0.000894717 -0.00207714 0.00106842 -0.0012211 -0.000465643 0.000232668 0.00022084 0.000340547 0.000483814 0.000121724 0.000810906 -0.000158451
internal_weight=898223 793239 341330 104984 16515 17260 16721 324070 104894 17098 219176 76489 14431 2337 142687 88469 69830 4921 18639 15353 451909 442262 309601 301630 132661 131133 870 536 408 220 87796 37508 62058 48568 5101 4732 4295 36221 11458 2415 14483 11307 6397 3176 3173 606 6388 9647 4855 4792 3224 833 204 4910 7971 12394 128126 58034 37131 70092 2836 11414
internal_count=898223 793239 341330 104984 16515 17260 16721 324070 104894 17098 219176 76489 14431 2337 142687 88469 69830 4921 18639 15353 451909 442262 309601 301630 132661 131133 870 536 408 220 87796 37508 62058 48568 5101 4732 4295 36221 11458 2415 14483 11307 6397 3176 3173 606 6388 9647 4855 4792 3224 833 204 4910 7971 12394 128126 58034 37131 70092 2836 11414
is_linear=0
shrinkage=0.03


Tree=50
num_leaves=63
num_cat=0
split_feature=1 8 3 11 11 5 9 11 7 11 1 11 11 4 4 3 10 1 9 8 11 10 8 5 10 4 8 1 10 10 11 7 1 11 7 1 11 8 4 9 9 6 8 3 5 8 8 6 10 11 8 8 5 10 8 11 10 11 6 11 1 11
split_gain=10.0318 3.45275 3.6519 3.15797 3.13014 3.86812 2.86719 3.47119 3.08236 2.77531 2.76179 2.65116 2.47245 2.38552 2.3351 2.27394 2.49481 2.21638 2.1841 2.51837 2.15563 2.12309 2.10697 2.61295 2.34643 2.47917 2.27282 2.10861 2.498 2.77226 2.27177 2.70719 2.43667 2.05542 2.30263 2.02889 1.96183 1.95822 1.90696 1.87609 1.78263 2.56876 2.40891 2.16495 2.5756 2.15716 1.90641 2.3851 1.80781 1.80784 1.74996 1.95611 1.7489 2.19827 1.78199 1.74308 1.72996 1.71876 1.70476 2.02219 2.32444 2.18323
threshold=0.38057040998217473 -1.0000000180025095e-35 0.38403361344537817 -0.46824596774193544 0.25378787878787884 0.35071301247771841 -0.36436781609195396 0.41302521008403364 0.096875000000000003 0.38403361344537817 0.436491935483871 -0.47014260249554363 0.44201680672268912 0.32605042016806729 -0.23861480075901326 -0.41302521008403353 0.33602150537634418 -0.47014260249554363 0.24642857142857147 -0.16190476190476188 0.24642857142857147 -0.38057040998217462 0.46922348484848492 0.29099821746880572 0.16190476190476191 -0.45529953917050686 0.35960591133004927 -0.47100840336134447 -0.30322580645161284 -0.10948191593352884 0.38403361344537817 0.32807881773399022 -0.3507130124777183 0.40767045454545459 -0.46922348484848481 0.41926406926406928 0.23030303030303031 0.44201680672268912 -0.20142602495543668 0.18660714285714289 0.069047619047619038 0.43844696969696978 0.47014260249554374 0.066964285714285712 0.066964285714285712 -0.15111561866125756 -0.090992647058823525 0.27207792207792214 0.1815668202764977 -0.28456439393939387 0.39113300492610842 0.044155844155844122 0.44028520499108742 -0.16190476190476188 -0.3507130124777183 -0.31534090909090901 -0.37298387096774188 0.1885775862068966 0.23431372549019611 0.41302521008403364 -0.26114081996434929 0.48571428571428577
decision_type=2 2 2 2 2 2 2 2 2 2 2 2 2 2 2 2 2 2 2 2 2 2 2 2 2 2 2 2 2 2 2 2 2 2 2 2 2 2 2 2 2 2 2 2 2 2 2 2 2 2 2 2 2 2 2 2 2 2 2 2 2 2
left_child=1 12 3 11 13 -6 7 -7 21 17 35 -3 -1 -2 -13 20 58 -4 19 -14 -5 -9 26 24 25 -24 39 -28 -29 -30 31 -31 -32 -11 -35 -8 -18 -38 -21 -22 50 43 45 55 -45 -43 -46 -48 49 -47 51 -15 53 -12 -54 -42 -36 -50 -17 -60 -61 -62
right_child=4 2 9 15 5 6 10 8 -10 33 52 14 18 40 -16 16 36 -19 -20 38 22 -23 23 -25 -26 -27 27 28 29 30 32 -33 -34 34 56 -37 37 -39 -40 -41 41 42 -44 44 46 48 47 -49 57 -51 -52 -53 54 -55 -56 -57 -58 -59 59 60 61 -63
leaf_value=0.00011821426316849969 0.00033792031504154652 0.00018911328885794389 -0.0043930050813549646 -0.00045317875790772984 -0.0006133314547646946 -0.0012700637818795712 0.00051101081038028816 0.0043074014899972821 -0.00021803832253064538 0.0018834852855830529 0.00031931266645083282 -7.6439331938913765e-05 -0.00032123877973427682 -0.00039218222632867822 0.0016314239621859458 0.00010364275277394018 -8.5590033318411221e-05 -0.00045046616527506718 -0.00091226455547933254 -0.00024447297486828785 0.00045314825310117365 -0.0001090973485433669 0.0066214190939219977 -0.0028055675187618426 -0.0007686047845632787 0.0019239157240182551 0.0028189074267284011 -0.0034394375567183273 0.0013130758097587496 0.0023055245960733432 -0.0053581299031076066 -0.0036281051606472047 -0.00095769397568573329 -0.0035610584242671143 0.0016082207557371047 0.0032137237554271105 -0.00066282558717625328 0.00077835134111883158 0.00094532350821205 -0.00083906575831931755 0.0010874082508168237 0.0015984571693284236 -9.5882888370729984e-06 0.0035408831939387781 -0.00050124921543088943 0.0018178555383292405 0.000691396728331369 -0.00020824914910743953 -0.0015167770400152545 -0.00095629271032880801 -0.00027454487015888244 -0.00091387002575721039 0.0019038338467338722 -0.00085188112678389531 7.8943177673134607e-05 -0.00096257378138667367 -4.7460977624044804e-05 -0.0039639396546888601 -0.00010799690175848913 0.0018484030110324933 0.0005402851127339984 -0.00087570833921834666
leaf_weight=380550 3870 8486 128 19143 9932 3071 9210 249 2609 627 2208 995 11833 11168 2610 168372 43536 25313 3423 1998 5559 161 151 100 156 306 119 375 423 202 216 104 238 152 656 256 9814 928 3081 1235 424 241 2667 194 3860 255 5752 4920 2341 1214 13466 15380 492 4156 20810 3076 4191 290 74490 912 4257 1272
leaf_count=380550 3870 8486 128 19143 9932 3071 9210 249 2609 627 2208 995 11833 11168 2610 168372 43536 25313 3423 1998 5559 161 151 100 156 306 119 375 423 202 216 104 238 152 656 256 9814 928 3081 1235 424 241 2667 194 3860 255 5752 4920 2341 1214 13466 15380 492 4156 20810 3076 4191 290 74490 912 4257 1272
internal_value=-1.77248e-08 3.97808e-05 -2.56441e-05 2.48813e-06 -0.000252581 -7.9491e-05 4.31917e-05 -0.000560095 0.000162284 -0.000337137 0.000142149 0.000478706 0.000100992 -0.00038569 0.00116015 -1.48613e-05 9.12543e-06 -0.000470474 -0.0002213 -8.14021e-05 -0.000271919 0.00257707 0.000105905 0.00167096 0.0024046 0.00348711 -2.60067e-05 -0.00101475 -0.00130918 -0.000631578 -0.00171423 0.000283617 -0.00305847 0.000265796 6.25605e-05 0.000584435 -0.000175185 -0.000538262 0.00047732 0.000218163 -0.000428614 -0.00023114 -0.000719229 -4.34372e-05 0.000115975 -0.00115511 7.00123e-05 0.000276662 -0.00131732 -0.000473826 -0.000553138 -0.000694434 -9.19621e-06 -0.000445547 0.000121179 -0.000713993 0.000176907 -0.00178792 4.92539e-05 -6.38987e-05 0.000446034 0.000214423
internal_weight=898223 775951 375066 343999 122272 53154 43222 6090 3019 31067 37132 12091 400885 69118 3605 331908 303581 25441 20335 16912 28327 410 9184 713 613 457 8471 1677 1558 1183 760 306 454 5626 4999 9466 54278 10742 5079 6794 65248 25234 7008 18226 14726 4341 14532 10672 4100 1469 40014 26548 27666 6364 21302 3500 4847 2631 249303 80931 6441 5529
internal_count=898223 775951 375066 343999 122272 53154 43222 6090 3019 31067 37132 12091 400885 69118 3605 331908 303581 25441 20335 16912 28327 410 9184 713 613 457 8471 1677 1558 1183 760 306 454 5626 4999 9466 54278 10742 5079 6794 65248 25234 7008 18226 14726 4341 14532 10672 4100 1469 40014 26548 27666 6364 21302 3500 4847 2631 249303 80931 6441 5529
is_linear=0
shrinkage=0.03


Tree=51
num_leaves=63
num_cat=0
split_feature=2 0 11 2 8 11 10 8 11 9 11 7 11 0 10 9 9 11 11 8 11 7 10 0 9 2 11 7 2 0 4 1 10 11 10 1 1 2 7 4 7 2 6 4 11 8 0 7 10 0 7 10 8 11 10 11 7 6 8 7 9 9
split_gain=9.72225 3.58892 2.94966 2.29739 2.19934 2.19058 2.21144 2.08777 3.22313 2.58212 2.57649 4.53428 3.39783 2.36679 2.04986 2.43994 2.04655 3.42672 2.12331 2.08566 1.85733 1.83234 1.85403 1.78806 4.56252 1.68162 1.97829 2.2153 2.02309 1.75105 2.22909 1.98788 1.71956 1.64174 1.63739 1.62558 1.6173 1.59106 2.07728 1.58609 1.61275 1.56314 1.5572 1.55508 5.03191 2.32975 3.33263 2.00306 2.42845 1.81826 1.55575 1.55494 2.09407 2.35133 1.58897 2.26992 2.54024 1.62523 2.22236 1.8416 1.55454 2.06503
threshold=0.3133928571428572 0.42037815126050426 0.15571120689655174 0.44028520499108742 -0.3507130124777183 -0.46824596774193544 -0.18660714285714283 0.015640273704789823 0.41302521008403364 -0.47100840336134447 0.46720430107526889 0.31534090909090917 0.46824596774193555 -0.38057040998217462 0.28456439393939398 0.44201680672268912 -0.15669642857142854 -0.44028520499108731 -0.32085561497326193 0.46824596774193555 0.38403361344537817 0.40473790322580649 -0.37689393939393934 -0.47100840336134447 -0.33095238095238094 0.015640273704789823 -0.096874999999999975 -0.41302521008403353 -0.10303030303030301 -0.47014260249554363 -0.38057040998217462 -0.27346041055718467 0.29361054766734285 -0.47014260249554363 -0.442016806722689 0.35071301247771841 0.45529953917050697 -0.33602150537634407 0.30947580645161293 -0.45529953917050686 -0.47014260249554363 -0.45529953917050686 -0.37689393939393934 0.47100840336134459 -0.16190476190476188 0.43844696969696978 -0.029857397504456314 0.47014260249554374 0.28456439393939398 0.057983193277310947 0.096875000000000003 0.40767045454545459 -0.37298387096774188 -0.40767045454545447 0.13484848484848486 -0.46824596774193544 0.47014260249554374 0.41302521008403364 0.47100840336134459 -0.43844696969696967 -0.442016806722689 -0.44028520499108731
decision_type=2 2 2 2 2 2 2 2 2 2 2 2 2 2 2 2 2 2 2 2 2 2 2 2 2 2 2 2 2 2 2 2 2 2 2 2 2 2 2 2 2 2 2 2 2 2 2 2 2 2 2 2 2 2 2 2 2 2 2 2 2 2
left_child=1 5 3 51 34 6 -1 10 13 -10 25 12 -12 20 39 -16 17 -5 -18 -19 -9 22 -21 24 -11 26 -7 29 -29 31 -31 32 41 -8 -4 37 -15 38 -35 40 -6 -28 -32 45 49 -20 -47 -46 -49 -45 -48 52 53 -2 55 56 -54 59 -59 -56 -41 -62
right_child=2 -3 4 16 14 7 33 8 9 23 11 -13 -14 36 15 -17 18 19 43 21 -22 -23 -24 -25 -26 -27 27 28 -30 30 42 -33 -34 35 -36 -37 -38 -39 -40 60 -42 -43 -44 44 47 46 50 48 -50 -51 -52 -53 54 -55 57 -57 -58 58 -60 -61 61 -63
leaf_value=0.00076020982719256312 -0.0033263930250344901 -0.00028492715046530464 0.0029348266823217271 0.0023944812726670052 0.00031523557536783077 0.00025718371972362989 -1.8258092638975003e-05 -0.00034137191664506322 -0.0028741140457974297 -0.0031401063991905818 -0.0044233947843816636 0.0021145462513134572 -0.00033259539736494676 1.5565680324014245e-06 -0.00070858221942030519 0.00038731452638895379 -0.0013210461365058262 -0.001265199676551871 -0.00029199677382395613 -0.0042741187037427146 0.00098067192141496214 1.2037603066564484e-05 -0.00063191606486641242 0.00033743539367181127 0.0033182319422776344 1.948424861445604e-05 0.0025583454916898447 6.3785556856115052e-05 0.00034262648009153251 -0.00070781253940746373 -0.00037854790497505981 -0.0025076785041019322 0.004557971149042714 0.00032652873519065057 0.00042460085143523467 -0.0027446194336466167 -0.0009159801496428316 0.0012393332460537711 -0.0042996702928377204 -0.00062498214268260396 -0.0019321509471347327 1.2131921488817336e-05 0.00038389385571980481 -0.0021987628386929054 -0.00044668637775244885 0.0026503703936177313 -0.0019854905282823757 -0.0013836447315252495 -0.004213610547477333 0.0020857389929504798 0.00048631699092445879 -0.00070973780128645982 0.0005121214136379372 -0.00064521697753291236 -0.0013724559961154825 -0.00028726838422382786 0.0053568965396210907 -0.001004591170402407 0.00099291357473936721 0.00033418215633818104 0.0015535957623685065 -2.4503642447167289e-05
leaf_weight=7846 325 27659 246 278 450 106286 12070 27434 220 123 184 683 15000 231015 9060 2290 1729 6949 6757 191 990 2544 366 19945 479 113063 324 97345 30835 7116 4959 139 127 496 4415 114 1741 2379 105 3872 793 653 4690 103 1308 636 264 1167 356 629 1694 5416 1800 3046 595 37809 102 2147 653 12597 753 72863
leaf_count=7846 325 27659 246 278 450 106286 12070 27434 220 123 184 683 15000 231015 9060 2290 1729 6949 6757 191 990 2544 366 19945 479 113063 324 97345 30835 7116 4959 139 127 496 4415 114 1741 2379 105 3872 793 653 4690 103 1308 636 264 1167 356 629 1694 5416 1800 3046 595 37809 102 2147 653 12597 753 72863
internal_value=-1.71349e-08 5.01138e-05 -0.000194337 -0.000317878 -7.76809e-05 6.36157e-05 0.000351374 5.36336e-05 -8.26767e-06 0.000351439 9.9393e-05 -0.000274845 -0.000382456 -3.687e-05 -0.000110562 -0.000487457 -0.000562189 -0.000885564 -0.000334062 -0.000976524 -0.000295293 -0.000329435 -0.00188628 0.000386114 0.00199565 0.000115638 0.000158698 8.70927e-05 0.000130866 -0.000224472 -0.000305037 0.000861529 0.00128762 0.000139803 0.000557688 0.00075622 -5.31045e-06 0.000891021 -0.000487509 -5.62228e-05 -0.00111894 0.000858279 -7.95353e-06 -0.000201827 -0.000735052 1.40334e-06 0.000765487 -0.00130829 -0.00204748 0.00148069 0.000152196 -0.000223272 -0.00017866 -0.00090462 -0.000134712 -0.00023639 0.000774614 0.000117773 -0.000538556 0.000257109 -3.91614e-05 -8.34077e-06
internal_weight=898223 714020 184203 89461 94742 686361 23010 663351 281947 20767 381404 15867 15184 261180 90081 11350 24971 10328 14643 10050 28424 3101 557 20547 602 365537 252474 146188 128180 18008 16765 1243 1104 15164 4661 3094 232756 2980 601 78731 1243 977 9649 12914 3563 9351 2594 2831 1523 732 1958 64490 59074 3371 55703 39711 1902 15992 2800 13192 77488 73616
internal_count=898223 714020 184203 89461 94742 686361 23010 663351 281947 20767 381404 15867 15184 261180 90081 11350 24971 10328 14643 10050 28424 3101 557 20547 602 365537 252474 146188 128180 18008 16765 1243 1104 15164 4661 3094 232756 2980 601 78731 1243 977 9649 12914 3563 9351 2594 2831 1523 732 1958 64490 59074 3371 55703 39711 1902 15992 2800 13192 77488 73616
is_linear=0
shrinkage=0.03


Tree=52
num_leaves=63
num_cat=0
split_feature=2 4 11 5 3 4 2 10 8 7 11 10 6 9 7 11 2 8 3 7 4 9 11 8 2 6 10 11 10 8 9 10 5 2 3 11 11 2 10 11 9 2 5 9 11 9 2 8 11 5 8 11 8 7 8 8 11 4 8 2 11 2
split_gain=9.14775 3.35271 2.77543 2.59389 2.62832 2.17773 2.17051 2.11217 2.03686 2.07509 1.8709 2.07079 1.83189 1.78074 2.02846 1.93806 1.79494 1.76458 1.74911 1.72552 2.73066 1.72079 3.22071 1.7656 1.69978 1.6869 1.67871 1.66933 2.09228 2.71209 1.64218 2.19066 2.52649 2.22066 2.13407 2.05064 1.8964 1.62291 1.60453 1.60015 1.58412 2.03466 2.77519 1.74307 1.70886 1.54317 3.03585 2.12268 2.11947 1.52792 1.51014 4.01444 2.91787 1.60261 1.62115 1.66761 1.82432 1.50273 1.8882 1.49394 1.81896 1.49006
threshold=0.3133928571428572 0.36405529953917054 0.15571120689655174 0.41302521008403364 0.22301136363636367 -0.35504201680672259 0.41302521008403364 0.17156862745098042 -0.3507130124777183 0.29361054766734285 -0.46720430107526878 -0.18660714285714283 0.47100840336134459 0.39113300492610842 0.23030303030303031 0.48571428571428577 -0.46824596774193544 1.0000000180025095e-35 -0.46922348484848481 -0.4499999999999999 -0.090992647058823525 -0.14611005692599616 -0.46824596774193544 0.46720430107526889 -0.15669642857142854 0.46922348484848492 -0.41302521008403353 0.30322580645161296 -0.41302521008403353 -0.33095238095238094 0.436491935483871 0.060661764705882366 0.47100840336134459 -0.3507130124777183 0.45529953917050697 0.15571120689655174 0.18660714285714289 0.41042780748663105 -0.442016806722689 0.35071301247771841 -0.442016806722689 0.47100840336134459 0.4781385281385282 -0.44028520499108731 0.24239631336405534 0.44201680672268912 0.48571428571428577 0.47100840336134459 0.24239631336405534 0.23193277310924373 0.45418719211822667 0.11527514231499054 0.47014260249554374 0.29361054766734285 0.34611742424242431 0.16190476190476191 -0.35960591133004921 0.44028520499108742 0.47014260249554374 -0.15669642857142854 0.06458333333333334 -0.20294117647058821
decision_type=2 2 2 2 2 2 2 2 2 2 2 2 2 2 2 2 2 2 2 2 2 2 2 2 2 2 2 2 2 2 2 2 2 2 2 2 2 2 2 2 2 2 2 2 2 2 2 2 2 2 2 2 2 2 2 2 2 2 2 2 2 2
left_child=1 3 6 4 5 59 -2 8 9 19 11 -7 45 14 15 16 -6 26 -3 20 -4 22 -8 25 -18 -24 -12 30 29 -29 31 50 33 35 -35 -33 -36 -21 -39 -26 41 -10 44 49 -43 -9 47 48 -47 -42 53 52 -52 -20 55 56 -55 -51 -59 -1 -61 -31
right_child=2 18 7 -5 13 10 21 12 40 -11 17 -13 -14 -15 -16 -17 24 -19 27 37 -22 -23 23 -25 39 -27 -28 28 -30 61 -32 32 -34 34 36 -37 -38 38 -40 -41 43 42 -44 -45 -46 46 -48 -49 -50 57 51 -53 -54 54 -56 -57 -58 58 -60 60 -62 -63
leaf_value=2.6876410071323982e-05 -0.00018775463233878362 -0.0022135056964675032 0.0013441934849090992 0.000573313107057554 -0.0009207252406022115 0.00091411001726171722 0.001967110995893433 -0.0003283544159264698 -9.3122542178623863e-05 -0.0021897835502302488 -0.00014792403119103016 0.00019556310152479733 -0.0010015394578912619 -0.0003825621015586651 -0.0002320463368027932 -0.00096202636061987667 0.00032744066199751624 3.3026666619766073e-05 -0.00031332191762046776 0.00056842092546584852 -0.0040075198225485442 -0.00031695817396614129 -0.00088221916795500337 -0.00024605568303647153 -5.0293645093887008e-05 -0.0021296796482561486 0.00017821211017130984 0.0032604595092642638 0.00023958496017728156 -0.0047592575614188986 -0.0011276281462043838 0.00039593742142658977 0.0012141273990192239 6.8998759709328201e-06 -0.00063205701632510912 0.0050365250177205872 -0.0031424361230781837 0.0056409258295846455 0.0016728102932779155 0.00045150264777644002 0.0035351387591058894 0.00091612408178851751 0.00091905605695633723 -1.6769578372350306e-05 -0.0026397127239383175 0.0013677967062844859 0.0039592029331764426 0.0041542115068862601 -0.00077363375959590053 -0.001770686148391927 0.0025542929903100025 0.0031653996317991921 -0.0016944067840483615 -0.003334773981611569 -0.00017570251833924101 -0.0019634468248422967 -0.00044584431967696126 0.0032902700975991966 -0.0011018907391256323 2.3994249428681142e-06 -0.00051400861601452773 -0.0012564700794344744
leaf_weight=79126 53701 387 187 8916 1588 5364 384 15436 2460 207 15168 11035 3206 14204 30763 1649 20991 179821 10560 1741 157 21202 9430 3656 47893 1088 223419 107 10585 128 2038 219 1518 8146 1156 140 353 100 1028 6494 219 138 329 65779 998 615 208 112 1280 169 193 369 581 217 1754 1751 2022 232 141 13044 11595 726
leaf_count=79126 53701 387 187 8916 1588 5364 384 15436 2460 207 15168 11035 3206 14204 30763 1649 20991 179821 10560 1741 157 21202 9430 3656 47893 1088 223419 107 10585 128 2038 219 1518 8146 1156 140 353 100 1028 6494 219 138 329 65779 998 615 208 112 1280 169 193 369 581 217 1754 1751 2022 232 141 13044 11595 726
internal_value=-1.7085e-08 4.86102e-05 -0.000188509 6.50563e-05 5.82117e-05 8.68427e-05 -0.000308345 -7.53497e-05 -8.86847e-08 0.000714788 0.000116313 0.000430636 -0.000341946 -6.65623e-05 -2.55229e-05 5.52941e-05 7.71025e-05 0.000103992 -0.000208347 0.00090254 -0.00110284 -0.000489427 -0.000740567 -0.000814057 9.81358e-05 -0.00101145 0.000157478 -0.000190064 0.000117864 -0.00122169 -0.00030469 -0.000246778 7.40498e-05 -9.8876e-05 -0.000185118 0.0022146 -0.001221 0.00114329 0.00202928 9.62981e-06 -3.47947e-05 -0.000620382 -0.00150508 -2.43828e-07 -0.00220733 -0.000222092 0.000518248 0.000159843 -7.83028e-05 0.00142635 -0.000458829 0.000594918 -0.000633048 -0.000532734 -0.000935986 -0.00127008 -0.000727198 0.000569333 0.00163146 -3.66449e-05 -0.000240631 -0.00178643
internal_weight=898223 714020 184203 671070 662154 538572 89461 94742 73885 3420 434807 16399 20857 123582 109378 78615 76966 418408 42950 3213 344 35760 14558 14174 75378 10518 238587 42563 11546 961 31017 28979 11532 10014 9655 359 1509 2869 1128 54387 70465 3925 1465 66540 1136 17651 2215 2007 1895 761 17447 1143 774 16304 5744 3990 2239 542 373 103765 24639 854
internal_count=898223 714020 184203 671070 662154 538572 89461 94742 73885 3420 434807 16399 20857 123582 109378 78615 76966 418408 42950 3213 344 35760 14558 14174 75378 10518 238587 42563 11546 961 31017 28979 11532 10014 9655 359 1509 2869 1128 54387 70465 3925 1465 66540 1136 17651 2215 2007 1895 761 17447 1143 774 16304 5744 3990 2239 542 373 103765 24639 854
is_linear=0
shrinkage=0.03


Tree=53
num_leaves=63
num_cat=0
split_feature=1 5 2 11 10 5 1 7 8 10 2 3 7 5 11 10 2 8 3 1 7 11 8 5 11 7 1 5 10 2 4 5 11 10 7 7 10 4 4 11 4 8 7 10 1 6 8 7 10 8 10 5 10 6 11 8 2 11 6 8 2 8
split_gain=8.69777 3.38312 3.44648 2.80487 2.74845 2.71272 4.12558 2.60376 3.47415 2.61929 2.59372 2.89051 2.49061 2.41678 2.39256 3.07807 2.8275 2.67051 2.39168 2.37583 2.33669 2.29162 2.21752 2.17242 2.16707 2.03951 2.01839 2.00725 1.95038 1.92645 1.88268 1.8545 2.50003 3.22309 2.06213 2.4543 1.84202 1.81172 1.79626 2.37871 1.82127 1.79526 1.9439 2.16672 2.01518 1.79405 1.77359 1.74582 1.8764 1.71109 1.78541 1.69399 2.03107 1.80071 1.68824 2.91663 1.72534 1.67778 2.40731 2.28359 2.44307 2.35706
threshold=0.29099821746880572 0.38057040998217473 0.037053571428571415 0.24642857142857147 0.15571120689655174 -0.096874999999999975 -0.074643493761140808 0.31534090909090917 0.38057040998217473 -0.16190476190476188 0.47100840336134459 -0.442016806722689 -0.38403361344537806 -0.40767045454545447 0.44201680672268912 -0.47100840336134447 0.48571428571428577 -0.064583333333333312 0.42488479262672812 0.078201368523949225 -0.13095238095238093 -0.08342602892102334 -0.31534090909090901 0.043487394957983157 0.29049111807732503 -0.47014260249554363 0.4781385281385282 -0.47100840336134447 -0.3507130124777183 -0.42488479262672801 -0.078201368523949141 -0.29705882352941171 0.32555780933062883 0.37689393939393945 -0.47014260249554363 -0.4499999999999999 0.1566964285714286 0.32085561497326209 0.48571428571428577 -0.26568627450980387 0.47100840336134459 0.22144396551724141 -0.10948191593352884 -0.30322580645161284 0.029857397504456321 -0.39113300492610831 0.48571428571428577 -0.46720430107526878 0.3550420168067227 0.40161290322580651 -0.17156862745098037 0.29705882352941182 -0.30322580645161284 0.49285714285714294 0.023326572008113614 0.35071301247771841 -0.45529953917050686 -0.18660714285714283 0.46609195402298859 -0.13095238095238093 -0.11359447004608293 0.48571428571428577
decision_type=2 2 2 2 2 2 2 2 2 2 2 2 2 2 2 2 2 2 2 2 2 2 2 2 2 2 2 2 2 2 2 2 2 2 2 2 2 2 2 2 2 2 2 2 2 2 2 2 2 2 2 2 2 2 2 2 2 2 2 2 2 2
left_child=1 2 27 7 10 6 22 9 18 37 11 -5 -8 21 17 16 -16 -12 -9 24 -19 -14 25 -21 41 -4 -11 54 -15 -6 -3 32 -24 34 45 -36 -31 -2 39 -20 -41 -7 44 -44 49 -34 -13 -26 -49 -43 -51 -48 53 -53 56 -56 -1 59 -59 60 -29 -61
right_child=3 30 5 4 29 19 12 8 -10 26 14 46 13 28 15 -17 -18 20 38 23 -22 -23 31 -25 47 -27 -28 57 -30 36 -32 -33 33 -35 35 -37 -38 -39 -40 40 -42 42 43 -45 -46 -47 51 48 -50 50 -52 52 -54 -55 55 -57 -58 58 -60 61 -62 -63
leaf_value=-0.0017180247171098356 2.0578741477425688e-05 -0.0011185252102180829 0.0016960747297227008 -0.0014141520680002262 0.0030625076118755983 0.00018391297856668428 -0.0017786071891324527 -0.000475779573781707 -0.0001729608698187505 2.8584526845938796e-05 0.0014823471889715864 0.00018194726596507311 0.0028736273599187121 -0.0013407092582116507 -0.0065182136816497984 0.00024850279684441267 -0.00039525882969467549 -0.0034663316228437007 -0.0020448814841836933 -0.00047144562021356228 -0.00066668921488425908 -0.00014551167526893023 -0.00017912160507957729 -1.9747373399812886e-05 -0.0012422890809338381 0.00019661018200032109 -0.0010945360537795985 0.00044859815554961261 -0.00042623339886360413 -0.0038786965902241422 0.00060603475910917936 1.0540913723912036e-05 0.001539971292219233 -0.0037607614493360927 -0.0038673411551835234 -0.00081624678210671388 -0.00034836290577432345 -0.00056022913058276875 -0.0020405281047184949 -0.00079888898490249808 0.00092878627544268962 -0.0018215803624777223 0.00096483695766937756 -0.00021814613765345264 0.00065986823076627835 -0.0011786571721703835 -0.0016580810880457812 0.00068631120577460915 -0.00053837268004553037 -0.0016666674509052764 0.0016656284714763117 -0.0022845061033237267 0.0016846052269791625 0.0014309559268260901 -0.00017041847643145652 0.002420314795804093 -0.00040545539494513583 7.2864169916299956e-05 -0.00049978929138490529 6.3993320443848806e-05 1.5956258361179169e-05 0.0012225047210583163
leaf_weight=1203 6753 596 889 982 147 36837 1429 20297 27268 44744 504 38771 360 2462 116 7044 162 278 1257 10720 7055 606 19377 90258 496 9876 1487 42485 14220 133 12513 29491 601 332 251 4092 18327 17004 1462 4532 624 1654 1646 9050 575 342 197 11798 1244 276 302 247 1835 222 4425 428 3589 274060 6769 83677 16236 1610
leaf_count=1203 6753 596 889 982 147 36837 1429 20297 27268 44744 504 38771 360 2462 116 7044 162 278 1257 10720 7055 606 19377 90258 496 9876 1487 42485 14220 133 12513 29491 601 332 251 4092 18327 17004 1462 4532 624 1654 1646 9050 575 342 197 11798 1244 276 302 247 1835 222 4425 428 3589 274060 6769 83677 16236 1610
internal_value=-1.63736e-08 5.01796e-05 4.10255e-05 -0.000173635 -2.98443e-05 -4.79176e-05 -0.000186315 -0.000260784 -0.000414359 -0.000139127 7.2848e-05 0.000193623 -0.000574378 -0.000476774 -0.000263789 0.000126129 -0.00296437 -0.000628053 -0.000647996 2.28766e-05 -0.000773284 0.000981441 -7.2852e-05 -6.77046e-05 0.000166066 0.000320586 -7.56305e-06 9.20361e-05 -0.000561268 -0.000346694 0.000527548 -0.000150589 -0.000340696 -0.00089785 -0.00071736 -0.000993432 -0.000374007 -0.000395139 -0.00109175 -0.000875169 -0.000589659 7.54458e-05 -0.000220451 -3.60245e-05 -0.000922939 0.000553796 0.00023191 0.000502998 0.000569463 -0.00133081 7.4298e-05 0.00100607 0.00123448 -0.000526499 -0.000335895 5.85173e-05 -0.000735257 0.000101752 5.90594e-05 0.000185006 0.000328978 8.58771e-05
internal_weight=898223 696775 683666 201448 76020 249184 84328 125428 55440 69988 57413 42254 19077 17648 15159 7322 278 7837 28172 164856 7333 966 65251 100978 63878 10765 46231 434482 16682 18607 13109 54486 24995 5618 5286 4343 18460 23757 7875 6413 5156 50340 13503 10696 2807 943 41272 13538 13042 2232 578 2501 2304 469 9645 4853 4792 424837 280829 144008 58721 85287
internal_count=898223 696775 683666 201448 76020 249184 84328 125428 55440 69988 57413 42254 19077 17648 15159 7322 278 7837 28172 164856 7333 966 65251 100978 63878 10765 46231 434482 16682 18607 13109 54486 24995 5618 5286 4343 18460 23757 7875 6413 5156 50340 13503 10696 2807 943 41272 13538 13042 2232 578 2501 2304 469 9645 4853 4792 424837 280829 144008 58721 85287
is_linear=0
shrinkage=0.03


Tree=54
num_leaves=63
num_cat=0
split_feature=0 2 8 5 4 10 2 11 11 10 10 2 2 4 4 11 2 11 7 0 10 2 10 11 9 2 1 4 11 10 9 7 11 10 11 2 10 10 10 0 2 9 11 2 11 5 1 5 11 8 0 2 2 7 10 1 0 5 7 2 8 7
split_gain=8.54724 3.70761 2.92338 2.20549 2.05845 2.02627 2.33689 1.97497 1.77295 1.76804 1.72421 3.42152 2.4514 1.93784 2.46378 2.08965 3.82722 1.83506 2.6537 2.23533 2.46936 2.41872 2.79044 2.24065 2.21951 1.99217 2.19031 1.96418 2.22551 2.41479 2.19266 1.91547 1.89014 2.4209 2.10844 1.83885 1.82401 1.79266 1.79896 1.72502 1.70302 2.34105 2.32746 1.81422 1.71997 2.2268 2.2431 2.67603 2.38963 2.27123 2.2198 2.11022 2.09216 1.69878 1.86521 1.68562 1.65132 1.64613 1.64212 1.622 1.60568 2.26583
threshold=0.37689393939393945 0.11359447004608299 -1.0000000180025095e-35 -0.41042780748663094 -0.47100840336134447 0.40767045454545459 -0.3898268398268398 -0.23861480075901326 -0.25378787878787873 0.40473790322580649 -0.38403361344537806 -0.47100840336134447 -0.3283482142857142 0.45529953917050697 0.47014260249554374 0.35071301247771841 0.44201680672268912 -0.12284482758620689 0.42266009852216752 0.44028520499108742 -0.12284482758620689 0.3928571428571429 0.34122983870967749 0.30947580645161293 0.23861480075901334 0.46824596774193555 -0.074643493761140808 0.47014260249554374 0.46824596774193555 0.087221095334685597 -0.23030303030303029 -0.38057040998217462 0.1566964285714286 -0.19848484848484846 0.47014260249554374 -0.3507130124777183 0.44201680672268912 -0.044155844155844164 -0.19848484848484846 0.48571428571428577 0.44028520499108742 -0.11916835699797161 -0.29705882352941171 0.47014260249554374 0.25809822361546503 -0.21089931573802537 0.1014705882352941 0.26806722689075635 0.46609195402298859 0.47014260249554374 -0.41042780748663094 0.436491935483871 0.436491935483871 -0.26166328600405669 0.22570532915360506 0.44028520499108742 0.47100840336134459 -0.089572192513368967 0.30947580645161293 0.41042780748663105 -0.15669642857142854 0.31534090909090917
decision_type=2 2 2 2 2 2 2 2 2 2 2 2 2 2 2 2 2 2 2 2 2 2 2 2 2 2 2 2 2 2 2 2 2 2 2 2 2 2 2 2 2 2 2 2 2 2 2 2 2 2 2 2 2 2 2 2 2 2 2 2 2 2
left_child=1 3 5 -1 -4 -2 -7 -5 -6 40 12 -12 57 15 -15 16 -14 35 25 -20 32 23 24 -22 -23 31 -27 28 30 -30 -28 39 55 -34 -35 -13 -29 38 -32 -19 44 60 43 58 52 -46 -47 53 50 51 -49 -50 59 -48 -55 -21 -17 -10 -43 -3 61 -42
right_child=2 9 4 7 8 6 -8 -9 10 -11 11 17 13 14 -16 56 -18 18 19 20 21 22 -24 -25 -26 26 27 36 29 -31 37 -33 33 34 -36 -37 -38 -39 -40 -41 41 42 -44 -45 45 46 47 48 49 -51 -52 -53 -54 54 -56 -57 -58 -59 -60 -61 -62 -63
leaf_value=-8.9753628233292868e-05 7.1869427767099099e-05 -4.7081123583842709e-05 -0.0038599251600799664 0.00020607832316276199 -0.00064023953078249653 -0.0051455301504799173 -0.00055647120316622864 6.7593781003846774e-05 0.00078029199682835794 -0.00030845382789619017 0.003576388641479699 -0.002639868821814315 0.00073870908251679899 -0.0028726825890350973 -3.6790930788967432e-05 0.00087976630441034614 -0.0018606398733431889 -0.0011468055275943507 0.0003720845135977377 0.001450773189053609 0.00088489897385281551 -0.00078304345738206536 -0.0019662399077041443 -0.00083745862260174535 0.00054023922906538166 0.0012910428221188381 -0.0032772740508929766 -0.000610527919069554 -0.001155197659443699 0.0025314377662253931 -0.0020228045240177519 -0.00038367719822994685 2.7792716146958034e-05 0.0020537810132447943 -0.0004714320985374797 0.00018487023623321819 0.0032858588009778609 -0.0020225473004443825 0.00074391679490354507 -0.0044301273167672512 0.00077902816175558979 -0.0012636366004491566 0.00011715530586474544 -0.0027754545428432423 -0.00028478221777847551 0.00055270881068113643 -0.0011471693338608426 -0.0012376500715182389 -0.00043271359537443746 0.0021443151248732228 0.00058705341652321298 -0.0041010975214138285 0.00066139414478355823 5.7295859414963836e-05 -0.0010125285099922582 -0.0011472353647674139 0.002989669931892952 -0.0036790714333592742 0.0021881751361702171 -0.00055514213725665472 -0.00059402275321167688 -0.0034691365812791557
leaf_weight=57403 33796 141974 146 130454 12465 102 3310 320110 107 22463 203 212 2505 300 3283 1034 639 922 6055 266 1753 6608 1496 1109 1378 355 757 2103 540 226 348 31063 4195 1166 399 7906 113 1640 536 170 1390 425 14920 452 8898 13797 1610 627 3052 295 13509 147 3632 9606 1730 1423 493 242 174 5889 14180 122
leaf_count=57403 33796 141974 146 130454 12465 102 3310 320110 107 22463 203 212 2505 300 3283 1034 639 922 6055 266 1753 6608 1496 1109 1378 355 757 2103 540 226 348 31063 4195 1166 399 7906 113 1640 536 170 1390 425 14920 452 8898 13797 1610 627 3052 295 13509 147 3632 9606 1730 1423 493 242 174 5889 14180 122
internal_value=-1.67775e-08 3.82854e-05 -0.000223611 8.53779e-05 -0.000312575 1.51859e-06 -0.000695126 0.00010769 -0.000307025 -5.41139e-05 -0.000256082 -0.000303457 0.000145584 0.000249831 -0.000274972 0.000652365 0.000209983 -0.000314334 -0.000367741 -0.000132277 -0.00028658 -0.000546867 -0.00077756 0.000217441 -0.000554669 -0.000524705 -0.00099869 -0.00112866 -0.00152173 -6.56135e-05 -0.00186156 -0.000427124 0.000144765 0.000403542 0.00141008 0.000110787 -0.000410448 -0.00143583 -0.0003463 -0.00166153 -2.99479e-05 -0.000234699 2.10002e-05 -0.00134283 1.71369e-06 0.000148337 0.000235193 9.19054e-05 0.000332399 -0.000370049 0.000506037 -0.000602512 -4.98448e-05 -0.000235602 -0.000106046 -0.00073746 0.00156247 -0.00231355 -0.000258964 -6.73195e-05 -0.000494928 0.000434187
internal_weight=898223 766859 131364 507967 94156 37208 3412 450564 94010 258892 81545 72942 8603 8254 3583 4671 3144 72739 64621 25848 19793 12344 9482 2862 7986 38773 6618 6263 4047 766 3281 32155 7449 5760 1565 8118 2216 2524 884 1092 236429 31663 15971 1051 204766 53271 44373 30576 17630 3494 14136 3199 151495 12946 11336 1689 1527 349 599 147863 15692 1512
internal_count=898223 766859 131364 507967 94156 37208 3412 450564 94010 258892 81545 72942 8603 8254 3583 4671 3144 72739 64621 25848 19793 12344 9482 2862 7986 38773 6618 6263 4047 766 3281 32155 7449 5760 1565 8118 2216 2524 884 1092 236429 31663 15971 1051 204766 53271 44373 30576 17630 3494 14136 3199 151495 12946 11336 1689 1527 349 599 147863 15692 1512
is_linear=0
shrinkage=0.03


Tree=55
num_leaves=63
num_cat=0
split_feature=0 2 8 5 11 6 1 6 8 4 10 2 3 10 8 10 4 6 11 2 8 5 10 10 3 6 1 5 8 6 11 5 10 10 11 10 2 8 2 0 2 2 5 8 2 11 11 10 6 4 10 3 1 1 2 8 11 6 8 3 10 10
split_gain=8.04235 3.48855 2.7506 2.07545 2.08928 2.05179 3.73563 1.96335 2.11276 1.93767 1.90678 2.20025 1.79394 1.77126 3.21939 1.81991 1.77052 1.76768 1.70025 2.63973 3.13464 2.58223 2.53903 1.66354 2.10219 2.24412 2.1743 2.15351 2.40325 2.18284 2.04455 2.13811 2.36722 1.96465 2.14643 2.62962 1.81596 1.81411 1.80087 2.56717 1.91199 1.84907 1.73152 1.69692 1.59848 2.42403 2.36626 3.02666 3.22791 3.22306 2.99768 2.68276 2.2817 2.22955 2.05497 2.0993 1.92806 1.77539 2.16941 2.04528 1.77203 5.21598
threshold=0.37689393939393945 0.11359447004608299 -1.0000000180025095e-35 -0.35504201680672259 -0.23861480075901326 -0.38403361344537806 -0.13046218487394953 0.47100840336134459 0.46824596774193555 -0.47100840336134447 0.40767045454545459 -0.3898268398268398 0.053605313092979119 -0.44028520499108731 0.47014260249554374 -0.43844696969696967 -0.15669642857142854 0.47014260249554374 0.47100840336134459 -0.12678571428571425 0.33602150537634418 -0.043487394957983198 -0.26166328600405669 0.40473790322580649 -0.442016806722689 0.090992647058823553 -0.46824596774193544 -0.44028520499108731 -0.18660714285714283 -0.3507130124777183 0.25809822361546503 0.47014260249554374 0.29705882352941182 0.27772177419354843 -0.46720430107526878 -0.014718614718614713 0.44028520499108742 -0.3507130124777183 0.44028520499108742 -0.32605042016806712 0.436491935483871 0.41302521008403364 0.066964285714285712 0.46824596774193555 0.47014260249554374 -0.25378787878787873 -0.16190476190476188 -0.090992647058823525 0.47100840336134459 0.48571428571428577 0.023326572008113614 0.47014260249554374 0.38403361344537817 0.4781385281385282 0.47100840336134459 0.26166328600405681 -0.090992647058823525 -0.15669642857142854 0.29705882352941182 0.28456439393939398 -0.44028520499108731 -0.442016806722689
decision_type=2 2 2 2 2 2 2 2 2 2 2 2 2 2 2 2 2 2 2 2 2 2 2 2 2 2 2 2 2 2 2 2 2 2 2 2 2 2 2 2 2 2 2 2 2 2 2 2 2 2 2 2 2 2 2 2 2 2 2 2 2 2
left_child=1 3 10 5 7 6 -1 17 -9 -4 -2 -12 13 14 -6 -15 -14 -5 44 -20 -21 -22 -23 24 25 27 -27 28 -3 -30 33 32 36 34 35 -26 -32 -35 40 43 41 -36 -43 -40 45 57 50 48 53 52 -46 -51 -50 -48 -53 -56 -57 58 -11 -59 61 -47
right_child=2 23 9 4 12 -7 -8 8 -10 18 11 -13 16 15 -16 -17 -18 -19 19 20 21 22 -24 -25 30 26 -28 -29 29 -31 31 -33 -34 37 38 -37 -38 -39 39 -41 -42 42 -44 -45 46 60 47 -49 49 51 -52 54 -54 -55 55 56 -58 59 -60 -61 -62 -63
leaf_value=-0.00029758213517159376 6.9713409920216791e-05 0.0031260630872398712 -0.0037449151756508009 0.00021170236850327054 -0.00040613238187055164 1.8728987555281625e-05 -0.0040463289895589331 0.00063153316914775774 0.0033835615670954923 0.0018703603483343789 -0.0049926629993449715 -0.00053978210267757439 -0.00029876913997612672 0.0013337949486911776 0.0044680730634999851 0.00013550316491496393 2.6312687855126737e-05 -0.0020494376349093867 0.0024926967548800807 -0.00093371132979049791 -0.0036271415603950511 0.0013996010344381284 3.0015633647693163e-05 -0.00029920062488289343 0.00092105415932875953 -0.0058498045232679161 -0.0012951909794181365 -0.00048050657851493513 0.00084182852201189994 -0.0021246012303613353 0.00022369772886033355 0.00075404463662735884 -0.00057913100883190687 0.0010221065381277278 -9.4210170244824444e-05 -0.00045139942235582989 -0.00021727919327624315 0.00010823011561846078 2.9646514851683727e-05 -0.00066443594131021717 0.00065948404074395119 -0.0017934432823676616 -0.00033435884076093964 0.0020644899843217583 -0.00048369840014933979 -4.240457857171778e-05 -0.0014087081045588243 -0.0011372633909230686 -0.0024492860043141165 -0.0030532548427060651 0.0021012477527031542 0.0037623566567299349 0.0020326046475545902 -2.3748539287155416e-05 0.0039217996509284328 0.003456544437335412 -0.00054986504144548969 0.0013492974801363202 -0.0017243822295999814 -0.00084507558561135523 -0.00022591364357683704 0.003640522944659792
leaf_weight=15498 33796 303 146 117416 7420 81297 242 897 348 497 102 3310 18309 1147 123 179523 85436 311 397 2345 141 1793 3796 22463 3780 104 942 8557 958 290 44329 4649 4453 2172 115089 1881 10370 19484 1755 10577 2944 1087 2239 466 1108 1945 2679 7645 112 276 634 127 1086 1716 108 113 2093 396 216 10393 53974 420
leaf_count=15498 33796 303 146 117416 7420 81297 242 897 348 497 102 3310 18309 1147 123 179523 85436 311 397 2345 141 1793 3796 22463 3780 104 942 8557 958 290 44329 4649 4453 2172 115089 1881 10370 19484 1755 10577 2944 1087 2239 466 1108 1945 2679 7645 112 276 634 127 1086 1716 108 113 2093 396 216 10393 53974 420
internal_value=-1.72463e-08 3.71365e-05 -0.000216907 8.28166e-05 0.000112284 -4.19717e-05 -0.000355472 0.000218251 0.00140287 -0.000303202 1.4685e-06 -0.000674323 6.91022e-05 0.000124313 -0.000326069 0.000143118 -3.10603e-05 0.000205712 -0.000297817 0.000107566 -9.99099e-06 0.000368138 0.000469562 -5.24916e-05 -2.90507e-05 -0.000431053 -0.00175319 -0.000294074 0.000734135 0.000151365 -9.14468e-06 0.000134635 8.5941e-05 -6.59548e-05 -0.000107138 0.000465025 0.000140094 0.000199931 -0.000131285 -0.000469742 -9.55891e-05 -0.000114367 -0.000811611 0.000457325 -0.000337969 -0.000271725 -0.000591883 -0.000706507 -0.000310132 0.000316294 0.000457757 -0.000255359 0.0016119 -0.000868088 6.21157e-05 -0.000142503 -0.000343168 -0.00066859 0.00078046 -0.000764416 -0.000190691 0.000612908
internal_weight=898223 766859 131364 507967 410930 97037 15740 118972 1245 94156 37208 3412 291958 188213 7543 180670 103745 117727 94010 8472 8075 5730 5589 258892 236429 11154 1046 10108 1551 1248 225275 63801 59152 161474 139818 5661 54699 21656 134157 12798 121359 118415 3326 2221 85538 67841 17697 15955 8310 3915 1742 2717 1198 4395 2441 2314 2206 11502 713 10789 56339 2365
internal_count=898223 766859 131364 507967 410930 97037 15740 118972 1245 94156 37208 3412 291958 188213 7543 180670 103745 117727 94010 8472 8075 5730 5589 258892 236429 11154 1046 10108 1551 1248 225275 63801 59152 161474 139818 5661 54699 21656 134157 12798 121359 118415 3326 2221 85538 67841 17697 15955 8310 3915 1742 2717 1198 4395 2441 2314 2206 11502 713 10789 56339 2365
is_linear=0
shrinkage=0.03


Tree=56
num_leaves=63
num_cat=0
split_feature=1 2 11 4 7 4 3 2 10 9 8 10 11 11 2 11 11 2 7 7 11 10 11 2 8 1 2 2 10 2 8 1 4 8 8 10 7 11 9 11 11 7 0 10 11 10 10 11 8 3 11 11 8 11 11 9 0 11 10 11 2 7
split_gain=7.60303 3.59349 2.62748 2.56468 2.8302 2.3508 2.23083 2.23785 1.94678 1.93022 2.01656 4.2384 2.25375 2.41554 2.97411 4.22163 2.23335 2.21876 1.93903 2.47734 2.15735 2.13987 1.9123 4.02004 1.89701 1.84514 1.81986 1.79975 1.74543 2.06215 1.74489 1.73413 1.82928 1.80016 1.72302 1.71409 1.72477 2.81968 1.9516 1.81703 1.7977 2.07105 1.66686 1.65823 1.9111 1.62025 2.13877 1.60836 2.84456 2.51136 1.86374 2.57323 1.61318 3.07578 3.47391 2.81731 2.48059 3.95615 2.36083 2.14307 1.90418 1.7256
threshold=0.40767045454545459 -0.030776515151515135 0.46922348484848492 -0.26806722689075629 0.096875000000000003 0.41042780748663105 0.48571428571428577 0.3928571428571429 -0.47100840336134447 -0.23030303030303029 0.40767045454545459 0.087221095334685597 -0.4226600985221674 -0.16190476190476188 0.47100840336134459 0.10948191593352886 -0.21198156682027647 0.46922348484848492 -0.44028520499108731 0.038095238095238078 0.17156862745098042 -0.38403361344537806 -0.24642857142857141 -0.47014260249554363 0.48571428571428577 0.45529953917050697 0.066964285714285712 -0.23193277310924368 -0.10303030303030301 0.45529953917050697 0.48571428571428577 0.10948191593352886 -0.046920821114369508 0.29049111807732503 -0.44028520499108731 0.073593073593073613 0.49285714285714294 0.35960591133004927 0.20294117647058826 0.3550420168067227 0.36436781609195407 0.44201680672268912 0.22393048128342249 -0.11916835699797161 0.34122983870967749 0.37689393939393945 0.22570532915360506 0.13484848484848486 -0.23861480075901326 0.38403361344537817 0.046920821114369467 0.069047619047619038 0.32807881773399022 0.41042780748663105 0.43844696969696978 0.22570532915360506 -0.14928698752228159 0.39113300492610842 0.43440860215053767 0.46922348484848492 0.3928571428571429 0.47100840336134459
decision_type=2 2 2 2 2 2 2 2 2 2 2 2 2 2 2 2 2 2 2 2 2 2 2 2 2 2 2 2 2 2 2 2 2 2 2 2 2 2 2 2 2 2 2 2 2 2 2 2 2 2 2 2 2 2 2 2 2 2 2 2 2 2
left_child=1 22 9 -3 5 6 31 43 -4 18 25 35 -13 16 27 -16 45 -18 -2 20 -20 26 23 -1 -17 34 -22 -15 29 -7 -25 33 -33 -5 -11 36 40 38 39 -38 42 -42 -12 44 -8 46 -14 49 -49 -6 -51 -52 53 -50 -55 61 57 58 -54 -57 -59 -56
right_child=2 3 8 4 47 28 7 -9 -10 10 11 12 13 14 15 24 17 -19 19 -21 21 -23 -24 30 -26 -27 -28 -29 -30 -31 -32 32 -34 -35 -36 -37 37 -39 -40 -41 41 -43 -44 -45 -46 -47 -48 48 52 50 51 -53 56 54 55 59 -58 60 -60 -61 -62 -63
leaf_value=-0.00082499074952063246 -0.0032524629838405123 -0.00023918565058227945 -0.0022541369195648673 0.0001976005587644372 -0.00011360292555307093 0.00057679212875129642 -5.5122717477520726e-05 -0.0025078332220273445 0.00021061925144554545 0.0015026188631877284 0.0014693726114391205 -0.0037989842519164079 0.00091395623411194213 0.0037456877214404249 -0.0031894606045597277 0.00032086689838975126 0.0006364369560278168 0.0049179659045731402 -0.0003920206180814837 -0.00060074589364570092 -0.00077434238801444221 0.00016564772900738974 5.5299996919305137e-05 0.00022240545954630163 -0.0014846771590335808 -0.00058700841606112758 0.003064241259725064 -0.0002354333738354363 0.00161874128702252 -0.0031232501210119862 0.0013399696731040047 -0.00095699280691265956 -8.5858704157237483e-06 -0.00022951605947249857 -0.00020885831508667479 0.0026730629736207165 5.3115442216919769e-06 -0.001312796296417287 0.0031666533982913406 0.0039947704863995664 0.00046898643862226076 0.0026272604113371663 0.00014778529576270393 -0.0012913209955773448 0.0047809898524348617 0.0021350203439677979 -0.0020496481026096394 0.00082010990851667906 -0.0003243249575304259 -0.00072298392522338213 0.0029957342989639277 -0.00014967524993215358 -1.6155151896717532e-05 0.0014737701744321631 0.00025008641758847081 0.00012742323294295677 0.00034216070008346536 -0.00076552632788929795 0.003550345044317733 -0.0022597926486847236 -0.002903841218062917 0.0038480241971499312
leaf_weight=3315 228 47602 294 89703 86613 992 226 604 12918 540 1044 173 431 103 800 995 246 195 2502 23747 139 1137 293306 102731 1104 15618 547 5904 1532 156 1272 1871 82263 9856 24731 293 2586 1271 209 106 825 777 4825 433 108 252 444 3806 24955 10698 269 1759 2500 1887 4885 610 16700 868 178 759 660 122
leaf_count=3315 228 47602 294 89703 86613 992 226 604 12918 540 1044 173 431 103 800 995 246 195 2502 23747 139 1137 293306 102731 1104 15618 547 5904 1532 156 1272 1871 82263 9856 24731 293 2586 1271 209 106 825 777 4825 433 108 252 444 3806 24955 10698 269 1759 2500 1887 4885 610 16700 868 178 759 660 122
internal_value=-1.67618e-08 3.17361e-05 -0.000239934 -3.27642e-05 -4.28334e-06 7.43578e-05 6.15803e-05 -0.00114363 0.000155606 -0.000296879 -0.000205004 2.25314e-05 -0.000412606 -0.000356316 -0.000547482 -0.00133646 0.000729138 0.00253647 -0.000502924 -0.000480477 0.00017986 0.00096453 9.4947e-05 0.000203303 -0.00062904 -0.000330669 0.00228646 -0.000166558 0.000956335 7.17183e-05 0.000236086 7.05816e-05 -2.9688e-05 0.000155316 -0.000172229 0.000410679 0.000353521 -0.000135082 0.000381178 0.000163825 0.000626351 0.00151678 0.000383085 -6.74717e-05 0.00151825 2.02977e-05 -0.000590484 -9.81631e-05 2.74685e-05 -0.000171425 -0.000564924 0.000268812 -2.82842e-05 -0.000158215 0.000343432 8.72548e-06 0.000178163 -0.00047292 0.000222138 -0.00119678 -0.00169044 0.000338504
internal_weight=898223 793239 104984 392615 345013 187744 185064 1371 13212 91772 63472 22583 10647 10474 8906 2899 1568 441 28300 28072 4325 1823 400624 107318 2099 40889 686 6007 2680 1148 104003 183693 84134 99559 25271 11936 11643 4172 2901 2692 7471 1602 5869 767 334 1127 875 157269 57930 99339 12726 2028 54124 33218 8263 6376 20906 4206 2678 1369 1528 5007
internal_count=898223 793239 104984 392615 345013 187744 185064 1371 13212 91772 63472 22583 10647 10474 8906 2899 1568 441 28300 28072 4325 1823 400624 107318 2099 40889 686 6007 2680 1148 104003 183693 84134 99559 25271 11936 11643 4172 2901 2692 7471 1602 5869 767 334 1127 875 157269 57930 99339 12726 2028 54124 33218 8263 6376 20906 4206 2678 1369 1528 5007
is_linear=0
shrinkage=0.03


Tree=57
num_leaves=63
num_cat=0
split_feature=0 2 3 11 4 1 5 7 1 2 11 1 5 5 1 2 3 11 5 11 1 5 1 11 9 11 7 2 7 5 10 11 10 10 7 10 9 11 4 11 9 2 9 1 11 2 9 2 9 1 9 7 2 9 7 5 1 5 10 5 4 11
split_gain=7.23253 3.5451 2.20304 3.15872 1.75214 2.63453 2.4887 3.16394 1.99539 1.96134 1.94963 2.65602 1.95204 1.93222 1.92984 2.3297 3.0543 2.7104 1.75173 1.66102 1.76022 1.62973 2.44611 1.91341 1.6731 1.62601 2.26484 2.737 1.60591 1.59227 2.39518 1.58811 1.90873 2.2038 1.57845 2.12129 1.99979 1.72992 1.56383 1.52432 2.28912 1.50655 1.47695 1.47274 1.46827 2.854 2.74153 2.9867 1.84395 1.84352 2.0827 1.4603 1.43589 2.30297 1.75434 2.17687 1.7139 1.63736 1.68847 1.63336 1.61852 1.44056
threshold=0.40767045454545459 0.022350230414746545 0.44201680672268912 0.014718614718614688 -0.26806722689075629 0.078201368523949225 0.028991596638655474 -0.35504201680672259 0.2611408199643494 0.47100840336134459 0.40767045454545459 0.41042780748663105 0.47100840336134459 0.47014260249554374 0.2573593073593074 0.47014260249554374 -0.32085561497326193 0.46609195402298859 -0.47100840336134447 -0.32085561497326193 0.2611408199643494 -0.11359447004608293 -0.1014705882352941 0.29049111807732503 0.34611742424242431 0.023326572008113614 0.21198156682027655 -0.45529953917050686 0.49285714285714294 -0.41302521008403353 -0.073593073593073585 -0.47100840336134447 -0.16190476190476188 0.1566964285714286 -0.46824596774193544 0.038095238095238078 -0.3461174242424242 0.20294117647058826 0.073593073593073613 0.48571428571428577 -0.090992647058823525 -0.13246753246753243 0.014718614718614688 0.2573593073593074 0.46609195402298859 0.44028520499108742 0.19331243469174511 0.47014260249554374 0.30322580645161296 0.24264069264069268 0.41302521008403364 -0.46609195402298847 0.3928571428571429 0.33602150537634418 -0.44028520499108731 -0.3898268398268398 -0.35504201680672259 0.38057040998217473 0.1815668202764977 1.0000000180025095e-35 0.42488479262672812 0.48571428571428577
decision_type=2 2 2 2 2 2 2 2 2 2 2 2 2 2 2 2 2 2 2 2 2 2 2 2 2 2 2 2 2 2 2 2 2 2 2 2 2 2 2 2 2 2 2 2 2 2 2 2 2 2 2 2 2 2 2 2 2 2 2 2 2 2
left_child=1 18 4 -4 31 21 7 42 -9 -10 11 12 -8 44 -15 16 -16 -18 25 20 -2 22 -6 -23 51 28 39 -28 -1 30 -24 32 -3 -34 35 36 -21 -38 -22 41 -41 -27 43 -7 45 49 -46 -48 -49 50 -12 -25 53 56 59 -56 -36 60 -59 -54 -55 -57
right_child=19 2 3 -5 5 6 10 8 9 -11 13 -13 -14 14 15 -17 17 -19 -20 34 38 23 29 24 -26 26 27 -29 -30 -31 -32 -33 33 -35 52 -37 37 -39 -40 40 -42 -43 -44 -45 46 -47 47 48 -50 -51 -52 -53 54 57 55 61 -58 58 -60 -61 -62 -63
leaf_value=-0.00059489919768646125 7.5471365575356035e-05 0.0047130437691761985 -0.0010307154556982877 0.0017363144155705757 0.00010719871830565875 -0.0019293624735913333 -4.8272289807115109e-05 -0.00052728621398212831 0.00034161641314870133 -0.0015154422117439747 -0.000282960246863618 -0.00035986310140547509 0.00082598003372147931 0.0046872876705411131 -0.0042481711185834506 0.0016173887578818196 0.0015424934118892656 -0.00099838061416674014 9.6300678951551837e-05 0.00014144743718663702 0.0024299037489219615 0.00010909371303199523 0.0048327772496486428 -0.0013705813420601771 -0.00041250928880946758 0.00018312654630709088 0.0042068557245206212 0.00015906114511917693 -0.0034535192072128306 -0.00049170325105326077 -0.00055787945908131241 -0.00025256678034135904 -0.002648076762479907 0.0033070450883287078 -0.0013146187434348324 0.00031814169722876125 -0.0052844339555365516 -0.0018627567427077641 -0.00094599104296476258 -0.0044138773552426219 0.00097346792701913528 -0.0017371076095734983 -0.00068522138380786989 -0.0050130879478887296 6.6187024531417975e-05 -0.00064592643983522034 -0.0017878044854132695 -0.00039368549300553766 0.004780410826738391 0.00088638192582834443 0.0030222206340049921 0.0006839446838688857 0.0050684409699113409 -0.0007757880920447038 -0.0038775864852321966 -0.00037383154334730506 3.0855155174240362e-05 -0.0027844338034535006 0.00016465746694410162 0.00026314994149808106 -0.0033100375037048027 0.00021537456005494117
leaf_weight=4603 2359 126 509 1366 24154 498 136302 12077 5096 568 2542 26782 2337 115 140 1464 816 702 432948 236 125 53185 127 319 1569 3491 247 382 183 10768 176 38951 120 103 868 491 212 359 6391 176 118 410 522 194 7601 2123 1455 151 104 5785 183 11659 102 4495 154 37827 43742 185 2882 167 238 4143
leaf_count=4603 2359 126 509 1366 24154 498 136302 12077 5096 568 2542 26782 2337 115 140 1464 816 702 432948 236 125 53185 127 319 1569 3491 247 382 183 10768 176 38951 120 103 868 491 212 359 6391 176 118 410 522 194 7601 2123 1455 151 104 5785 183 11659 102 4495 154 37827 43742 185 2882 167 238 4143
internal_value=-1.56661e-08 3.09526e-05 -4.02926e-05 0.000985009 -4.58067e-05 -2.18476e-05 -8.31916e-05 -0.000410862 -0.000309414 0.000155151 -5.02578e-05 -8.63654e-05 -3.35294e-05 0.0002074 0.000887141 0.000745705 -2.44946e-05 0.000367581 8.74081e-05 -0.000234024 -0.000626689 0.000103032 -6.20541e-05 0.000190173 0.000508457 -0.000313186 7.55096e-05 0.00175273 -0.000704901 -0.000431295 0.00171004 -0.000234496 0.00177735 0.000104979 -0.000197755 -0.00123643 -0.0021815 -0.00314017 -0.000880866 -0.000176331 -0.00225564 -1.90859e-05 -0.00189191 -0.00279986 9.70365e-05 0.000337895 -0.000178027 -0.00126297 0.00172696 0.000583378 -5.99704e-05 0.000629118 -0.000183521 -7.8513e-05 -0.000313336 -0.000328779 4.64669e-06 -0.000554062 -1.40799e-05 0.00209725 -0.000903896 -0.000315665
internal_weight=898223 793247 350689 1875 348814 309514 207557 18955 17741 5664 188602 165421 138639 23181 3237 3122 1658 1518 442558 104976 8875 101957 35225 66732 13547 9610 4824 629 4786 11071 303 39300 349 223 96101 1298 807 571 6516 4195 294 3901 1214 692 19944 10633 9311 1710 255 8510 2725 11978 94803 52410 42393 42124 44610 7800 3067 269 4733 41970
internal_count=898223 793247 350689 1875 348814 309514 207557 18955 17741 5664 188602 165421 138639 23181 3237 3122 1658 1518 442558 104976 8875 101957 35225 66732 13547 9610 4824 629 4786 11071 303 39300 349 223 96101 1298 807 571 6516 4195 294 3901 1214 692 19944 10633 9311 1710 255 8510 2725 11978 94803 52410 42393 42124 44610 7800 3067 269 4733 41970
is_linear=0
shrinkage=0.03


Tree=58
num_leaves=63
num_cat=0
split_feature=0 2 9 5 10 2 6 3 9 7 10 7 6 6 5 2 9 9 10 9 2 9 7 6 2 9 10 0 9 3 9 6 5 1 1 4 7 5 1 1 4 3 4 1 9 1 3 6 10 9 6 10 10 0 2 5 3 10 7 5 6 0
split_gain=6.83227 2.97954 1.77424 1.59417 1.69217 1.98996 2.0343 1.57855 1.90053 2.3004 2.23838 2.95336 1.79799 1.65592 2.81495 2.16515 3.54035 1.56897 1.55537 3.4299 1.53988 1.40586 1.39938 2.04264 1.65961 1.53774 1.39374 1.54928 1.77834 1.37244 1.35294 1.54006 1.70304 3.25515 1.66866 1.54242 1.28068 2.57618 3.00229 2.25318 2.20659 1.92681 1.37882 1.6554 1.40148 1.31991 1.27587 2.07258 1.99031 1.82102 1.38644 1.93791 1.71885 1.64171 1.47821 1.35813 1.44659 1.33186 1.81221 1.29364 2.30871 1.29343
threshold=0.37689393939393945 0.23861480075901334 -0.47100840336134447 -0.442016806722689 -0.43844696969696967 -0.3283482142857142 -0.10948191593352884 0.436491935483871 0.34122983870967749 -0.073593073593073585 0.038095238095238078 -0.46824596774193544 -0.17694497153700187 0.49285714285714294 -0.21651785714285712 -0.442016806722689 -0.26568627450980387 -0.33095238095238094 -0.38057040998217462 -0.37689393939393934 0.18376623376623377 -0.24642857142857141 0.41302521008403364 0.44028520499108742 0.38403361344537817 -0.442016806722689 -0.40161290322580639 -0.29099821746880566 -0.37298387096774188 0.47014260249554374 0.35960591133004927 -0.44028520499108731 -0.35504201680672259 -0.159453781512605 0.32605042016806729 -0.47014260249554363 0.10948191593352886 0.066964285714285712 -0.10948191593352884 0.13435828877005349 -0.39447004608294928 0.44201680672268912 -0.24239631336405529 -0.21651785714285712 -0.47100840336134447 0.37689393939393945 -0.442016806722689 0.37298387096774199 -0.060661764705882353 0.45418719211822667 -0.44028520499108731 0.44201680672268912 0.40767045454545459 0.1642156862745098 0.48571428571428577 -0.29705882352941171 -0.13246753246753243 0.1815668202764977 0.49285714285714294 -0.44028520499108731 -0.23861480075901326 -0.32085561497326193
decision_type=2 2 2 2 2 2 2 2 2 2 2 2 2 2 2 2 2 2 2 2 2 2 2 2 2 2 2 2 2 2 2 2 2 2 2 2 2 2 2 2 2 2 2 2 2 2 2 2 2 2 2 2 2 2 2 2 2 2 2 2 2 2
left_child=1 3 -3 4 5 6 -1 -2 9 10 11 12 17 15 -15 16 -11 -9 19 22 -14 -20 23 -17 -24 -25 27 28 -6 -21 31 32 33 -5 35 -34 37 38 42 40 -39 -41 43 -33 -44 -40 47 49 -49 59 51 61 55 -54 -55 -52 57 -57 -59 60 -4 -48
right_child=7 2 46 30 26 -7 -8 8 -10 13 -12 -13 20 14 -16 18 -18 -19 21 29 -22 -23 24 25 -26 -27 -28 -29 -30 -31 -32 36 34 -35 -36 -37 -38 39 45 41 -42 -43 44 -45 -46 -47 50 48 -50 -51 52 -53 53 54 -56 56 -58 58 -60 -61 -62 -63
leaf_value=-0.0025465476734055558 -7.8395982108680307e-05 -0.00098569079524699239 0.001084320684147378 -0.00053722566530684716 0.0016390634494606552 0.00039856301766629854 -0.00041059329851956167 -0.00036443559304539082 -0.00069909176924956259 -0.0019533677121749281 0.00080298123024384453 5.4993998577763156e-05 0.0027721435836825224 -0.0040507727750362108 2.3991903349971316e-07 -0.00063793477517043885 0.0035054020213670673 -0.0045800874094902109 -0.00087523121390595 5.9872489772021678e-05 -0.002087998266930559 -0.00040923928874042094 -0.0035276822434583059 -0.00038625834992022387 -0.00083113745768059744 0.003415003933727608 -0.00011747671961564418 0.0026385182978916227 -0.0011620227620630275 0.0014853072846721974 -3.3770881339617549e-05 0.00012890049825022343 0.0024648805095600864 -0.0050247111180735538 -0.0011009219061293267 2.5740834319062897e-05 3.7533065730067861e-05 -0.0023401987272833554 -8.1340760973809591e-05 0.00012753839770770443 0.00046506587989655267 0.0030283531172039069 -0.0012437394296740019 -0.00035542691925787462 0.000296287996873515 0.0023353161869625392 -5.856393660973301e-05 -0.0045337709203656564 0.00012812980049609269 0.0032274030403323193 -0.00032574854329981838 0.0019256782290800144 -6.5410625617411458e-05 -0.00089160127675059076 0.0025380559553590939 0.00031567486646472256 -2.582579522063814e-05 -8.319026742307058e-05 -0.002762356487020284 -0.00052876689115030173 -0.0024896577502410244 -0.00080746194299435587
leaf_weight=821 55532 1920 1035 3998 405 715 785 112 8964 163 3402 6864 100 155 14848 1537 307 274 7388 1077 139 27585 269 167 863 223 29944 341 409 1395 84738 88577 236 150 1193 15073 156483 253 69538 46609 39636 206 536 6841 55594 203 3549 208 136 127 10358 307 6179 4620 115 23563 93200 5510 236 7321 192 4999
leaf_count=821 55532 1920 1035 3998 405 715 785 112 8964 163 3402 6864 100 155 14848 1537 307 274 7388 1077 139 27585 269 167 863 223 29944 341 409 1395 84738 88577 236 150 1193 15073 156483 253 69538 46609 39636 206 536 6841 55594 203 3549 208 136 127 10358 307 6179 4620 115 23563 93200 5510 236 7321 192 4999
internal_value=-1.54754e-08 3.42292e-05 -7.93344e-05 6.5021e-05 -0.000136353 -0.000917579 -0.00150342 -0.000199923 -0.000288916 -0.00023392 0.000164987 -0.0001249 -0.00209751 -0.000311534 -4.18794e-05 -0.000410266 0.00161213 -0.003361 -0.000433773 3.36913e-05 -5.13886e-05 -0.000507702 -0.000637795 -0.000145785 -0.00147447 0.00179046 -7.80205e-05 0.000944121 0.000231939 0.00086455 7.68309e-05 9.615e-05 -0.000157348 -0.000700674 -2.07421e-05 6.35006e-05 0.000107421 0.000142928 8.86177e-05 0.000281539 0.000447215 0.000140367 0.000163579 9.41733e-05 0.00028156 -7.4273e-05 -6.85634e-05 -0.000415263 -0.00269566 -0.000324536 -4.80749e-05 -0.000412387 -2.56354e-05 -0.000387532 -0.000807786 4.09431e-06 3.19846e-05 0.000215811 -0.000193691 -0.000377679 0.000523495 -0.000496574
internal_weight=898223 766859 163575 603284 33420 2321 1606 131364 75832 66868 10891 7489 625 55977 15003 40974 470 386 40504 5531 239 34973 3059 1927 1132 390 31099 1155 814 2472 569864 485126 20650 4148 16502 15309 464476 307993 221289 86704 39889 46815 151548 95418 56130 69741 161655 9019 344 8675 152636 8855 143781 10914 4735 132867 122509 29309 5746 8548 1227 8548
internal_count=898223 766859 163575 603284 33420 2321 1606 131364 75832 66868 10891 7489 625 55977 15003 40974 470 386 40504 5531 239 34973 3059 1927 1132 390 31099 1155 814 2472 569864 485126 20650 4148 16502 15309 464476 307993 221289 86704 39889 46815 151548 95418 56130 69741 161655 9019 344 8675 152636 8855 143781 10914 4735 132867 122509 29309 5746 8548 1227 8548
is_linear=0
shrinkage=0.03


Tree=59
num_leaves=63
num_cat=0
split_feature=1 5 3 11 10 2 3 7 10 7 4 10 10 11 11 10 2 5 7 10 11 1 4 10 4 1 5 2 2 4 6 1 7 0 2 2 7 3 11 5 4 11 1 11 2 7 2 7 4 7 10 1 0 7 2 10 5 2 5 7 11 10
split_gain=6.49474 3.17879 2.92562 2.37611 2.41513 2.19399 2.54349 2.18805 2.46062 2.25864 2.73515 2.64455 2.2583 2.06741 2.0637 2.81491 2.65136 1.98695 1.82973 2.45909 1.80684 1.80577 1.7692 1.96864 1.75026 1.67717 4.83114 2.32555 2.54175 1.89173 2.0823 1.9821 1.8227 1.66647 1.65596 1.64882 5.29844 1.97339 1.79795 1.7797 1.62853 1.61904 1.70649 1.60228 4.61241 5.66589 3.46545 2.0037 1.94615 1.86818 3.46728 3.31221 1.71694 1.57328 1.70576 4.04847 2.23769 1.57246 2.7598 1.54724 2.76709 2.40667
threshold=0.29099821746880572 0.38057040998217473 0.23861480075901334 0.24642857142857147 0.15571120689655174 0.47100840336134459 -0.44028520499108731 0.31534090909090917 -0.16190476190476188 0.45418719211822667 0.47100840336134459 -0.40767045454545447 0.38403361344537817 0.38057040998217473 0.44201680672268912 -0.47100840336134447 0.48571428571428577 -0.35504201680672259 -0.064583333333333312 0.1566964285714286 -0.46609195402298847 0.4781385281385282 -0.44028520499108731 -0.27281105990783405 -0.078201368523949141 -0.1014705882352941 -0.057983193277310933 0.35071301247771841 -0.41042780748663094 -0.24239631336405529 0.20294117647058826 -0.25735930735930729 -0.47014260249554363 0.44201680672268912 0.48571428571428577 0.46922348484848492 0.436491935483871 -0.15165441176470584 0.48571428571428577 0.4781385281385282 0.32085561497326209 0.26568627450980398 0.32085561497326209 0.060661764705882366 -0.47100840336134447 0.1566964285714286 -0.47100840336134447 0.46824596774193555 -0.015640273704789816 -0.32085561497326193 -0.25809822361546492 -0.41302521008403353 -0.41926406926406917 -0.40473790322580638 0.436491935483871 -0.43440860215053761 0.43844696969696978 0.44028520499108742 0.4781385281385282 0.49285714285714294 0.35960591133004927 -0.41302521008403353
decision_type=2 2 2 2 2 2 2 2 2 2 2 2 2 2 2 2 2 2 2 2 2 2 2 2 2 2 2 2 2 2 2 2 2 2 2 2 2 2 2 2 2 2 2 2 2 2 2 2 2 2 2 2 2 2 2 2 2 2 2 2 2 2
left_child=1 2 17 7 5 6 -5 8 40 -9 11 -11 57 22 59 16 -16 43 -6 -20 -13 -10 23 33 -3 29 27 28 -27 31 -31 -19 -30 -4 -14 41 37 -37 39 -38 -2 42 -8 46 45 -45 -1 49 -48 50 51 -46 -53 -43 -55 -56 -57 58 -12 61 -61 -7
right_child=3 24 13 4 18 14 35 9 21 10 12 20 34 -15 15 -17 -18 25 19 -21 -22 -23 -24 -25 -26 26 -28 -29 32 30 -32 -33 -34 -35 -36 36 38 -39 -40 -41 -42 53 -44 44 47 -47 48 -49 -50 -51 -52 52 -54 54 55 56 -58 -59 -60 60 -62 -63
leaf_value=-0.0009031939307804712 2.7270122576703302e-05 -0.0010810369032612959 -0.0018325539297694639 -0.0012106975557140737 0.00041056117600639288 0.0013904023231245618 -0.0011558407323752017 -0.00050615508042434177 4.2973851153796976e-05 -0.0014378025571564648 -0.00059782718203896582 0.0029784937746831905 -0.0013649005875112892 0.00022931669836227193 -0.0062657038010179231 0.00024810662174103631 -0.00033686189243764233 0.0001271733630335978 -0.0051031261217771183 -0.00040691843147736906 0.00029282392386383168 -0.0010193461480195118 -0.00014254277789793444 -0.00046043825235101397 0.00058176423522343147 -0.0011147738600918407 0.00010895821951737056 -0.00090533123143548546 -0.0021750103821244651 0.00030429602427209645 -2.6154093911785572e-05 -0.00019698926759763262 -9.2445043760375748e-05 -0.0061874158387986294 -0.0052124494372808427 0.002671178627919899 0.00088204562168032888 -0.00078566670125560694 0.0043429815376632257 0.0031359092579451579 -0.00052339111851090942 -0.0011897239165716584 0.0013539923339473056 0.00034107904785284944 0.00062145441751780409 0.0036170417805095967 8.7097929490430001e-05 -0.0016748121177762203 0.0018427381120239956 -5.0936520517084501e-05 -0.00069071371597903162 -0.0026965942082413127 -0.00043654414057536117 0.00024701282031311839 0.0023396183307201209 -0.0011948686332206612 6.6643419845599034e-05 -0.00062033023982355456 0.0018906563457062409 -0.0001618264397834387 -0.0019614578834277669 -0.00051092982278905675
leaf_weight=3243 6753 596 309 1135 2679 702 283 37011 44744 799 973 230 344 14271 116 7044 162 80570 100 15828 9419 1487 94131 899 12513 2355 194411 3939 380 86762 21394 21507 52162 106 142 166 966 1351 257 468 17004 798 1730 2962 4315 565 56870 881 573 24193 14733 364 1771 29570 468 2570 2492 5841 681 1486 1593 4056
leaf_count=3243 6753 596 309 1135 2679 702 283 37011 44744 799 973 230 344 14271 116 7044 162 80570 100 15828 9419 1487 94131 899 12513 2355 194411 3939 380 86762 21394 21507 52162 106 142 166 966 1351 257 468 17004 798 1730 2962 4315 565 56870 881 573 24193 14733 364 1771 29570 468 2570 2492 5841 681 1486 1593 4056
internal_value=-1.54813e-08 4.33601e-05 3.44868e-05 -0.000150044 -1.76987e-05 7.85654e-05 0.000189644 -0.000230256 -0.000118733 -0.000371038 -9.96693e-05 0.000219752 -0.000517802 -0.000107454 -0.000231047 0.000131082 -0.00282436 6.16203e-05 -0.000314715 -0.000436721 0.000357143 8.78348e-06 -0.00015781 -0.0012506 0.000506088 8.88714e-05 3.68749e-05 -0.000201307 -0.000150776 0.000151506 0.000238931 5.8873e-05 -0.000107548 -0.00295708 -0.00249748 0.000228326 0.000881282 -0.000405886 0.00203556 0.00161929 -0.000366869 0.000173052 0.00100075 -5.27121e-05 -0.000178855 0.000866741 5.07706e-05 -0.000258596 0.000104642 -0.000231063 -0.000436773 0.000143293 -0.000822946 0.000126612 0.000156572 -0.00032699 -0.000573941 -0.000389118 0.000427277 -0.000569353 -0.00109325 -0.000230172
internal_weight=898223 696775 683666 201448 76020 57413 42254 125428 69988 55440 18429 10448 7981 109716 15159 7322 278 573950 18607 15928 9649 46231 95445 1314 13109 463480 253247 58836 54897 210233 108156 102077 52542 415 486 41119 3208 1517 1691 1434 23757 37911 2013 110470 49784 3527 60686 46257 57443 45376 21183 6450 2135 35898 35100 5530 5062 7495 1654 7837 3079 4758
internal_count=898223 696775 683666 201448 76020 57413 42254 125428 69988 55440 18429 10448 7981 109716 15159 7322 278 573950 18607 15928 9649 46231 95445 1314 13109 463480 253247 58836 54897 210233 108156 102077 52542 415 486 41119 3208 1517 1691 1434 23757 37911 2013 110470 49784 3527 60686 46257 57443 45376 21183 6450 2135 35898 35100 5530 5062 7495 1654 7837 3079 4758
is_linear=0
shrinkage=0.03


Tree=60
num_leaves=63
num_cat=0
split_feature=1 5 3 11 8 3 11 5 11 5 9 8 10 6 11 11 6 0 11 8 10 0 6 8 6 9 3 6 11 8 11 10 8 10 5 6 5 10 3 10 8 9 10 9 8 6 5 4 6 11 4 10 10 11 10 11 3 11 11 11 8 10
split_gain=6.17149 3.56385 3.52341 2.83382 2.47762 2.46296 2.28083 2.28027 2.26614 2.1367 1.79529 1.96541 3.90016 2.41248 2.12485 2.27877 2.12977 2.50108 2.099 2.05568 2.1342 1.74329 2.11577 2.69272 2.56645 2.47312 1.85841 1.71785 3.23748 3.09396 2.55571 2.30032 2.00486 1.62217 1.95298 2.18717 1.6509 1.89119 1.69819 1.60684 1.60381 1.60105 2.67417 1.5738 1.78753 2.17115 1.98732 1.82234 1.59058 1.56794 1.76722 1.52908 1.9538 1.52311 2.26244 1.84215 1.52248 1.63773 1.51002 1.50124 2.86256 2.50067
threshold=0.40767045454545459 0.41302521008403364 0.22301136363636367 0.38057040998217473 0.23861480075901334 0.48571428571428577 -0.3507130124777183 -0.38403361344537806 0.46922348484848492 0.4781385281385282 -0.23030303030303029 0.40767045454545459 0.087221095334685597 0.436491935483871 -0.4226600985221674 -0.16190476190476188 -0.36436781609195396 0.44870129870129877 -0.20777988614800755 -0.32555780933062872 0.030330882352941183 0.43844696969696978 -0.44028520499108731 0.1815668202764977 -0.47014260249554363 -0.47100840336134447 -0.10948191593352884 -0.25809822361546492 0.17156862745098042 0.35960591133004927 0.436491935483871 -0.3507130124777183 0.47014260249554374 -0.18857758620689652 0.47100840336134459 0.47014260249554374 0.32085561497326209 -0.41042780748663094 0.46922348484848492 0.073593073593073613 0.47014260249554374 0.18660714285714289 0.47014260249554374 0.40161290322580651 -0.26904761904761904 -0.225705329153605 -0.29705882352941171 -0.44028520499108731 0.35960591133004927 -0.16190476190476188 -0.35504201680672259 0.37689393939393945 0.22570532915360506 0.28456439393939398 -0.18156682027649768 0.27772177419354843 -0.41042780748663094 0.35071301247771841 0.014718614718614688 0.44201680672268912 -0.14076246334310846 -0.47100840336134447
decision_type=2 2 2 2 2 2 2 2 2 2 2 2 2 2 2 2 2 2 2 2 2 2 2 2 2 2 2 2 2 2 2 2 2 2 2 2 2 2 2 2 2 2 2 2 2 2 2 2 2 2 2 2 2 2 2 2 2 2 2 2 2 2
left_child=1 2 4 5 6 43 -1 -6 10 21 -2 13 39 53 -14 18 -17 -18 51 -15 -21 22 23 -10 -25 -24 -27 28 31 41 -31 -9 -33 34 35 36 -23 -38 -39 -13 -28 -30 -43 44 45 46 -4 -47 -46 50 -45 52 -16 54 -12 -56 -3 -58 -49 -8 -61 -62
right_child=8 56 3 -5 7 -7 59 27 9 -11 11 12 14 19 15 16 17 -19 -20 20 -22 33 25 24 -26 26 40 -29 29 30 -32 32 -34 -35 -36 -37 37 38 -40 -41 -42 42 -44 49 48 47 -48 58 -50 -51 -52 -53 -54 -55 55 -57 57 -59 -60 60 61 -63
leaf_value=0.00023889696507864964 -0.00046776673143919664 -0.0012392332758659743 -0.0021584607889728567 0.0002080869870758935 -0.00037859227077882511 -0.00097234320752219926 6.9895164585558148e-05 -0.0016966610871685024 -0.0054962539929533146 0.00070779122059595604 -0.00098110800227329945 0.00036117515850478458 -0.0036613314999026599 0.0026347078712236497 0.00089307074592416655 -0.003037614688071 0.00011599351582063573 -0.00090716262788775003 0.0024989269809934551 -0.00025832585583738496 -0.0012860016584654319 -0.0033032290068831269 -0.0038347127246831001 0.0024340777061757088 -0.0035057479001419697 0.0017839620633593655 -5.1273500414231966e-05 3.7825692542395316e-05 0.0010188587649378471 9.6619560239930949e-05 -0.0016998169813443984 -0.00055033368380393043 0.0016376196545421738 -0.0010550371178036527 -0.001700581967790457 0.0018101765084138606 0.0029927332348968277 0.0019553755597270864 -0.0020008943608098768 0.0026069945763298832 0.0016865347186023727 -0.0010717063545598647 0.0037457818924158345 -0.0037087028322064066 -8.7070288162279931e-05 -0.0027677025295347636 -0.00016458374096397214 9.5944649956198496e-05 -0.00036783480994675099 -0.00059921026477554402 0.00013878620440163639 0.0021081782491480113 -0.0019329352034287183 0.00013225511844618687 -0.00016823030281922841 -0.0036845333919756939 0.00030758042876460857 0.00094750788632382845 0.00068040355084355848 -0.00049367964948071044 -0.0030459505070368166 0.00023658550107926113
leaf_weight=71987 28300 492 483 22838 18025 3214 380603 1574 122 4222 3904 11643 173 154 434 288 4110 4508 437 3126 4350 150 115 151 114 934 2632 90947 3330 2059 1089 7840 395 2437 416 719 160 140 317 293 583 763 119 109 80884 168 6389 8674 23417 11536 4621 252 445 9278 19943 134 16478 4605 7349 12256 212 10783
leaf_count=71987 28300 492 483 22838 18025 3214 380603 1574 122 4222 3904 11643 173 154 434 288 4110 4508 437 3126 4350 150 115 151 114 934 2632 90947 3330 2059 1089 7840 395 2437 416 719 160 140 317 293 583 763 119 109 80884 168 6389 8674 23417 11536 4621 252 445 9278 19943 134 16478 4605 7349 12256 212 10783
internal_value=-1.57539e-08 2.85921e-05 1.79592e-05 -0.000102784 5.19934e-05 -0.000151133 8.33294e-05 -6.62149e-05 -0.000216169 0.000151166 -0.000269054 -0.000180449 4.41811e-05 -0.00030451 -0.000373234 -0.00031858 -0.000504257 -0.000419254 0.000735689 -0.000785585 -0.000856383 -0.000110292 0.000293184 -0.00182789 -0.000124741 0.000486075 0.000606732 -1.41326e-05 -0.00028935 0.00018622 -0.000525171 -0.000646168 -0.0004452 -0.000542749 0.000113847 0.000622591 -0.000491581 0.000196203 -0.000787285 0.000416518 0.000264283 0.000717904 -0.000418222 -0.00013275 -9.72597e-05 0.000141743 -0.000305017 0.00033137 -0.000150109 -0.000410621 4.9358e-05 5.27966e-05 -0.000538186 -0.000194126 -0.0003204 -0.000191882 0.000408875 0.000447393 0.000364034 5.55989e-05 -0.000178414 0.000173022
internal_weight=898223 793239 771664 169682 601982 146844 475841 126141 104984 13212 91772 63472 22583 40889 10647 10474 8906 8618 1568 7630 7476 8990 4651 387 265 4264 4149 108116 17169 7360 3148 9809 8235 4339 1902 1486 767 617 457 11936 3215 4212 882 143630 127364 23063 6872 16191 104301 16266 4730 1131 879 33259 23981 20077 21575 21083 16023 403854 23251 10995
internal_count=898223 793239 771664 169682 601982 146844 475841 126141 104984 13212 91772 63472 22583 40889 10647 10474 8906 8618 1568 7630 7476 8990 4651 387 265 4264 4149 108116 17169 7360 3148 9809 8235 4339 1902 1486 767 617 457 11936 3215 4212 882 143630 127364 23063 6872 16191 104301 16266 4730 1131 879 33259 23981 20077 21575 21083 16023 403854 23251 10995
is_linear=0
shrinkage=0.03


Tree=61
num_leaves=63
num_cat=0
split_feature=1 5 3 8 11 11 10 9 5 8 4 6 6 11 9 6 11 8 11 8 10 9 10 10 4 5 5 11 9 8 1 8 4 1 1 10 0 1 4 4 5 1 5 1 10 8 6 3 9 10 11 0 5 6 8 8 8 6 4 10 0 10
split_gain=5.85948 2.91867 2.6044 2.22713 2.20164 2.1424 2.23083 2.2491 2.07746 2.03528 1.91988 1.84812 1.88413 1.83684 1.76743 1.69209 2.48815 3.22384 2.09865 2.17332 1.69656 1.68275 1.67774 1.66403 1.63094 1.63043 1.58064 2.00891 2.76149 2.31024 2.14621 2.00132 2.40437 2.00933 1.92653 2.11406 1.86066 1.81954 2.05063 2.04271 1.56712 1.56351 1.55108 1.51605 1.48152 2.36909 2.296 1.88256 1.8371 1.79944 1.69146 1.58823 1.65191 2.06847 1.47686 3.42864 1.76953 1.5304 1.45605 3.13039 1.99465 1.44181
threshold=0.29099821746880572 0.38057040998217473 0.23861480075901334 0.23861480075901334 -0.3507130124777183 0.24642857142857147 0.15571120689655174 -0.33095238095238094 -0.38403361344537806 -0.43844696969696967 0.37689393939393945 -0.41042780748663094 -0.014718614718614713 0.38057040998217473 0.41302521008403364 -0.18660714285714283 0.17156862745098042 0.35960591133004927 0.44028520499108742 0.47014260249554374 -0.43218390804597695 0.27281105990783416 0.48571428571428577 0.1566964285714286 -0.078201368523949141 0.12678571428571431 -0.26806722689075629 0.11527514231499054 -0.21198156682027647 -0.44028520499108731 -0.17961876832844573 -0.18660714285714283 -0.47100840336134447 -0.47014260249554363 -0.26114081996434929 0.023326572008113614 -0.31623376623376614 -0.16421568627450978 -0.24239631336405529 -0.14611005692599616 -0.25735930735930729 -0.41926406926406917 0.35071301247771841 0.30474095796676443 -1.0000000180025095e-35 0.40473790322580649 0.43844696969696978 -0.33364055299539169 0.48571428571428577 -0.25378787878787873 0.19848484848484851 -0.028991596638655467 0.23193277310924373 -0.25809822361546492 -0.46922348484848481 -0.41042780748663094 -0.47100840336134447 -0.41302521008403353 -0.42488479262672801 -0.27281105990783405 0.44870129870129877 -0.35504201680672259
decision_type=2 2 2 2 2 2 2 2 2 2 2 2 2 2 2 2 2 2 2 2 2 2 2 2 2 2 2 2 2 2 2 2 2 2 2 2 2 2 2 2 2 2 2 2 2 2 2 2 2 2 2 2 2 2 2 2 2 2 2 2 2 2
left_child=1 2 3 4 -1 10 7 9 -5 -7 11 -2 -13 14 58 16 61 21 -19 -20 25 -18 -23 -8 -3 -17 27 28 54 30 -29 32 -30 -33 36 -36 -34 38 40 -39 -28 -40 -9 -12 45 -45 48 49 51 -47 -48 -46 53 -53 56 -56 -6 -57 59 60 -4 -10
right_child=5 24 13 8 26 6 23 42 15 -11 43 12 -14 -15 -16 20 17 18 19 -21 -22 22 -24 -25 -26 -27 37 29 31 -31 -32 33 34 -35 35 -37 -38 39 41 -41 -42 -43 -44 44 46 47 50 -49 -50 -51 -52 52 -54 -55 55 57 -58 -59 -60 -61 -62 -63
leaf_value=0.00024267387438538785 -0.00086035498687843577 -0.0010474959851316311 -0.0019365410911412933 -0.0003552360963454475 -0.00079000719695545315 0.0020885854349993863 -0.003633438486956866 -8.2873832126945844e-05 -0.0013256911416709655 -0.00033022381646971447 0.0012313621111675686 0.00022370625659551253 -0.00016802920221364265 0.00021619550493158838 -0.00053450748361908817 0.00032596121841604029 0.00092199666421292664 -8.1318228029735729e-05 -0.0025850884719899664 0.00099248794307492719 2.732908719128357e-05 -0.0012822341818720822 0.0028987366828657135 -0.00027813254292710226 0.00055762669262065276 0.0018118304840198174 0.00054503106120608281 -0.00053664964817799223 -0.0012012761070207623 -8.9812294310574203e-05 -0.0026310667851682456 0.0010288059384588445 0.00094429806694821628 -4.1464099060987618e-05 -0.0010187495356637393 0.00037433041296358171 0.00032645455344795039 -0.00022895695038002616 -0.0020262444774363591 8.812243630376259e-05 -3.9796799913622174e-05 0.00039276394871210542 0.00029829219466766157 -0.0006275827963108004 -0.00056172680801911811 -0.00011524727344420729 -0.00045041831920626462 -0.00021536859854408652 -0.0013652030219265469 0.0027356172915782096 -0.0017501693654769113 -0.0024259164348528115 5.3825270427764336e-05 0.0018724846492174348 -0.0016106582124145279 -0.0010063558932509387 0.002034645336605322 -5.589040114176196e-05 -8.8794178650441016e-05 -8.8175519766572219e-05 -0.0064681413036918167 -0.00038901896160774925
leaf_weight=70161 2609 596 382 18011 317 320 133 14068 1729 12719 562 16308 34268 14271 9610 2636 3853 2213 698 195 74917 597 100 18474 12513 888 4887 6054 809 51099 474 1681 7907 25712 1490 2862 9856 20478 241 170746 26373 38765 30306 25246 3711 403 8376 11134 907 393 1009 114 19569 819 1611 1708 536 14137 84294 1046 113 10209
leaf_count=70161 2609 596 382 18011 317 320 133 14068 1729 12719 562 16308 34268 14271 9610 2636 3853 2213 698 195 74917 597 100 18474 12513 888 4887 6054 809 51099 474 1681 7907 25712 1490 2862 9856 20478 241 170746 26373 38765 30306 25246 3711 403 8376 11134 907 393 1009 114 19569 819 1611 1708 536 14137 84294 1046 113 10209
internal_value=-1.60877e-08 4.11836e-05 3.26811e-05 5.82818e-05 8.80316e-05 -0.000142519 -1.68506e-05 7.56676e-05 -5.91074e-05 -0.000270706 -0.000218683 -8.1888e-05 -4.1714e-05 -0.000101241 -0.000148706 -4.69958e-06 -0.000254067 0.000168066 -0.000576919 -0.00180363 5.75931e-05 0.000676636 -0.000679088 -0.00030231 0.000484576 0.000700788 6.0049e-05 -2.71219e-05 8.2538e-05 -0.000157711 -0.000689106 0.000197332 0.000404148 2.42493e-05 0.000462928 -0.000102745 0.000601518 0.000102137 0.000232685 5.41657e-05 5.16462e-05 0.000377766 0.000177451 -0.000319389 -0.000331564 -0.000462959 -0.000189988 -0.000114563 -4.04011e-05 0.00129394 -0.000590329 9.27925e-06 0.000112658 0.00134524 -0.000232935 -0.000292514 0.000985225 -0.000158402 -0.000105507 -0.00101906 -0.00298198 -0.000524778
internal_weight=898223 696775 683666 573950 457904 201448 76020 57413 116046 13039 125428 53185 50576 109716 95445 98035 19594 7656 3106 893 78441 4550 697 18607 13109 3524 387743 126253 68626 57627 6528 50317 22924 27393 22115 4352 17763 261490 70266 191224 31260 39006 44374 72243 71681 37176 34505 11930 25120 796 9385 24213 20502 933 18309 17456 853 15845 85835 1541 495 11938
internal_count=898223 696775 683666 573950 457904 201448 76020 57413 116046 13039 125428 53185 50576 109716 95445 98035 19594 7656 3106 893 78441 4550 697 18607 13109 3524 387743 126253 68626 57627 6528 50317 22924 27393 22115 4352 17763 261490 70266 191224 31260 39006 44374 72243 71681 37176 34505 11930 25120 796 9385 24213 20502 933 18309 17456 853 15845 85835 1541 495 11938
is_linear=0
shrinkage=0.03


end of trees

feature_importances:
ls_divergence=688
taker_cvd_24h=404
oi_zscore=401
ret_48h=394
oi_chg_24h=318
mom_z_24h=305
taker_cvd_12h=272
ret_24h=266
residual_12h=212
oi_chg_12h=200
residual_24h=197
ret_12h=187

parameters:
[boosting: gbdt]
[objective: regression]
[metric: l2]
[tree_learner: serial]
[device_type: cpu]
[data_sample_strategy: bagging]
[data: ]
[valid: ]
[num_iterations: 500]
[learning_rate: 0.03]
[num_leaves: 63]
[num_threads: -1]
[seed: 99]
[deterministic: 0]
[force_col_wise: 0]
[force_row_wise: 0]
[histogram_pool_size: -1]
[max_depth: -1]
[min_data_in_leaf: 100]
[min_sum_hessian_in_leaf: 0.001]
[bagging_fraction: 0.8]
[pos_bagging_fraction: 1]
[neg_bagging_fraction: 1]
[bagging_freq: 0]
[bagging_seed: 23235]
[bagging_by_query: 0]
[feature_fraction: 0.8]
[feature_fraction_bynode: 1]
[feature_fraction_seed: 25409]
[extra_trees: 0]
[extra_seed: 7327]
[early_stopping_round: 0]
[early_stopping_min_delta: 0]
[first_metric_only: 0]
[max_delta_step: 0]
[lambda_l1: 0]
[lambda_l2: 1]
[linear_lambda: 0]
[min_gain_to_split: 0]
[drop_rate: 0.1]
[max_drop: 50]
[skip_drop: 0.5]
[xgboost_dart_mode: 0]
[uniform_drop: 0]
[drop_seed: 20319]
[top_rate: 0.2]
[other_rate: 0.1]
[min_data_per_group: 100]
[max_cat_threshold: 32]
[cat_l2: 10]
[cat_smooth: 10]
[max_cat_to_onehot: 4]
[top_k: 20]
[monotone_constraints: ]
[monotone_constraints_method: basic]
[monotone_penalty: 0]
[feature_contri: ]
[forcedsplits_filename: ]
[refit_decay_rate: 0.9]
[cegb_tradeoff: 1]
[cegb_penalty_split: 0]
[cegb_penalty_feature_lazy: ]
[cegb_penalty_feature_coupled: ]
[path_smooth: 0]
[interaction_constraints: ]
[verbosity: -1]
[saved_feature_importance_type: 0]
[use_quantized_grad: 0]
[num_grad_quant_bins: 4]
[quant_train_renew_leaf: 0]
[stochastic_rounding: 1]
[linear_tree: 0]
[max_bin: 255]
[max_bin_by_feature: ]
[min_data_in_bin: 3]
[bin_construct_sample_cnt: 200000]
[data_random_seed: 361]
[is_enable_sparse: 1]
[enable_bundle: 1]
[use_missing: 1]
[zero_as_missing: 0]
[feature_pre_filter: 1]
[pre_partition: 0]
[two_round: 0]
[header: 0]
[label_column: ]
[weight_column: ]
[group_column: ]
[ignore_column: ]
[categorical_feature: ]
[forcedbins_filename: ]
[precise_float_parser: 0]
[parser_config_file: ]
[objective_seed: 14190]
[num_class: 1]
[is_unbalance: 0]
[scale_pos_weight: 1]
[sigmoid: 1]
[boost_from_average: 1]
[reg_sqrt: 0]
[alpha: 0.9]
[fair_c: 1]
[poisson_max_delta_step: 0.7]
[tweedie_variance_power: 1.5]
[lambdarank_truncation_level: 30]
[lambdarank_norm: 1]
[label_gain: ]
[lambdarank_position_bias_regularization: 0]
[eval_at: ]
[multi_error_top_k: 1]
[auc_mu_weights: ]
[num_machines: 1]
[local_listen_port: 12400]
[time_out: 120]
[machine_list_filename: ]
[machines: ]
[gpu_platform_id: -1]
[gpu_device_id: -1]
[gpu_use_dp: 0]
[num_gpu: 1]

end of parameters

pandas_categorical:[]
